25.1240 	EXP 	Created window1 = Window(allowGUI=True, allowStencil=False, autoLog=True, backendConf=UNKNOWN, backgroundFit=<method-wrapper '__getattribute__' of attributeSetter object at 0x000002BA7B930370>, backgroundImage=<method-wrapper '__getattribute__' of attributeSetter object at 0x000002BA7B930310>, bitsMode=UNKNOWN, blendMode='avg', bpc=(8, 8, 8), color=array([0, 0, 0]), colorSpace='rgb', depthBits=8, fullscr=<method-wrapper '__getattribute__' of attributeSetter object at 0x000002BA7B930160>, gamma=None, gammaErrorPolicy='raise', lms=UNKNOWN, monitor=<psychopy.monitors.calibTools.Monitor object at 0x000002BA7BB5DBB0>, multiSample=False, name='window1', numSamples=2, pos=(0, 0), screen=0, size=array([1920, 1080]), stencilBits=0, stereo=False, title='PsychoPy', units='height', useFBO=True, useRetina=False, viewOri=0.0, viewPos=None, viewScale=None, waitBlanking=True, winType='pyglet')
25.1241 	EXP 	window1: mouseVisible = True
25.1241 	EXP 	window1: backgroundImage = ''
25.1241 	EXP 	window1: backgroundFit = 'none'
25.1248 	EXP 	window1: Attempting to measure frame rate of screen (0) ...
25.1249 	EXP 	window1: recordFrameIntervals = False
25.2905 	EXP 	window1: recordFrameIntervals = True
25.4740 	EXP 	Screen (0) actual frame rate measured at 59.97Hz
25.4740 	EXP 	window1: recordFrameIntervals = False
25.4740 	EXP 	window1: mouseVisible = True
25.5631 	EXP 	2024_RDpaindiscrimination_maintask: status = STARTED
25.5633 	EXP 	window1: mouseVisible = True
25.5950 	EXP 	Created text_5 = TextStim(__class__=<class 'psychopy.visual.text.TextStim'>, alignHoriz=method-wrapper(...), alignText='center', alignVert=method-wrapper(...), anchorHoriz='center', anchorVert='center', antialias=True, autoDraw=False, autoLog=True, bold=False, color=array([1., 1., 1.]), colorSpace='rgb', contrast=1.0, depth=0.0, draggable=False, flipHoriz=False, flipVert=False, font='Open Sans', fontFiles=[], height=0.05, italic=False, languageStyle='LTR', name='text_5', opacity=1.0, ori=0.0, pos=array([0., 0.]), rgb=UNKNOWN, text=str(...), units='height', win=Window(...), wrapWidth=1)
25.8698 	EXP 	window1: mouseVisible = True
25.8709 	EXP 	Created polygon = ShapeStim(__class__=<class 'psychopy.visual.shape.ShapeStim'>, anchor=('center', 'center'), autoDraw=False, autoLog=True, closeShape=True, color=method-wrapper(...), colorSpace='rgb', contrast=None, depth=-1.0, draggable=False, fillColor=array([ 1.    ,  0.5059, -1.    ]), fillColorSpace='rgb', fillRGB=array([ 1.    ,  0.5059, -1.    ]), interpolate=True, lineColor=array([ 1.    ,  0.5059, -1.    ]), lineColorSpace='rgb', lineRGB=array([ 1.    ,  0.5059, -1.    ]), lineWidth=1.0, name='polygon', opacity=1.0, ori=0.0, pos=array([0., 0.]), size=array([0.5, 0.5]), units='height', vertices=ndarray(...), win=Window(...), windingRule=None)
25.8709 	EXP 	window1: mouseVisible = True
25.8714 	EXP 	Created polygon_2 = Rect(__class__=<class 'psychopy.visual.rect.Rect'>, anchor=('center', 'center'), autoDraw=False, autoLog=True, closeShape=True, color=method-wrapper(...), colorSpace='rgb', contrast=None, depth=-2.0, draggable=False, fillColor=array([-1.  ,  0.38,  0.88]), fillColorSpace='rgb', fillRGB=array([-1.  ,  0.38,  0.88]), interpolate=True, lineColor=array([-1.  ,  0.38,  0.88]), lineColorSpace='rgb', lineRGB=array([-1.  ,  0.38,  0.88]), lineWidth=1.0, name='polygon_2', opacity=1.0, ori=0.0, pos=array([0., 0.]), size=array([0.5, 0.5]), units='height', vertices=ndarray(...), win=Window(...))
25.8715 	EXP 	window1: mouseVisible = True
25.8723 	EXP 	Created polygon_1_black = ShapeStim(__class__=<class 'psychopy.visual.shape.ShapeStim'>, anchor=('center', 'center'), autoDraw=False, autoLog=True, closeShape=True, color=method-wrapper(...), colorSpace='rgb', contrast=None, depth=-1.0, draggable=False, fillColor=array([-0.5, -0.5, -0.5]), fillColorSpace='rgb', fillRGB=array([-0.5, -0.5, -0.5]), interpolate=True, lineColor=array([-0.5, -0.5, -0.5]), lineColorSpace='rgb', lineRGB=array([-0.5, -0.5, -0.5]), lineWidth=1.0, name='polygon_1_black', opacity=1.0, ori=0.0, pos=array([ 0.   , -0.025]), size=array([0.4, 0.4]), units='height', vertices=ndarray(...), win=Window(...), windingRule=None)
25.8723 	EXP 	window1: mouseVisible = True
25.8728 	EXP 	Created polygon_2_black = Rect(__class__=<class 'psychopy.visual.rect.Rect'>, anchor=('center', 'center'), autoDraw=False, autoLog=True, closeShape=True, color=method-wrapper(...), colorSpace='rgb', contrast=None, depth=-2.0, draggable=False, fillColor=array([-0.5, -0.5, -0.5]), fillColorSpace='rgb', fillRGB=array([-0.5, -0.5, -0.5]), interpolate=True, lineColor=array([-0.5, -0.5, -0.5]), lineColorSpace='rgb', lineRGB=array([-0.5, -0.5, -0.5]), lineWidth=1.0, name='polygon_2_black', opacity=1.0, ori=0.0, pos=array([0., 0.]), size=array([0.4, 0.4]), units='height', vertices=ndarray(...), win=Window(...))
25.8908 	EXP 	window1: mouseVisible = True
25.8997 	EXP 	Created text_4 = TextStim(__class__=<class 'psychopy.visual.text.TextStim'>, alignHoriz=method-wrapper(...), alignText='center', alignVert=method-wrapper(...), anchorHoriz='center', anchorVert='center', antialias=True, autoDraw=False, autoLog=True, bold=False, color=array([1., 1., 1.]), colorSpace='rgb', contrast=1.0, depth=0.0, draggable=False, flipHoriz=False, flipVert=False, font='Open Sans', fontFiles=[], height=0.05, italic=False, languageStyle='LTR', name='text_4', opacity=1.0, ori=0.0, pos=array([0., 0.]), rgb=UNKNOWN, text=str(...), units='height', win=Window(...), wrapWidth=1)
25.8998 	EXP 	window1: mouseVisible = True
25.9057 	EXP 	Created text_7 = TextStim(__class__=<class 'psychopy.visual.text.TextStim'>, alignHoriz=method-wrapper(...), alignText='center', alignVert=method-wrapper(...), anchorHoriz='center', anchorVert='center', antialias=True, autoDraw=False, autoLog=True, bold=False, color=array([1., 1., 1.]), colorSpace='rgb', contrast=1.0, depth=0.0, draggable=False, flipHoriz=False, flipVert=False, font='Open Sans', fontFiles=[], height=0.05, italic=False, languageStyle='LTR', name='text_7', opacity=1.0, ori=0.0, pos=array([0., 0.]), rgb=UNKNOWN, text=str(...), units='height', win=Window(...), wrapWidth=1)
25.9058 	EXP 	window1: mouseVisible = True
25.9065 	EXP 	Created text_2 = TextStim(__class__=<class 'psychopy.visual.text.TextStim'>, alignHoriz=method-wrapper(...), alignText='center', alignVert=method-wrapper(...), anchorHoriz='center', anchorVert='center', antialias=True, autoDraw=False, autoLog=True, bold=False, color=array([1., 1., 1.]), colorSpace='rgb', contrast=1.0, depth=-1.0, draggable=False, flipHoriz=False, flipVert=False, font='Open Sans', fontFiles=[], height=0.02, italic=False, languageStyle='LTR', name='text_2', opacity=1.0, ori=0.0, pos=array([-0.7 , -0.45]), rgb=UNKNOWN, text='', units='height', win=Window(...), wrapWidth=1)
25.9066 	EXP 	window1: mouseVisible = True
25.9096 	EXP 	Created croix = TextStim(__class__=<class 'psychopy.visual.text.TextStim'>, alignHoriz=method-wrapper(...), alignText='center', alignVert=method-wrapper(...), anchorHoriz='center', anchorVert='center', antialias=True, autoDraw=False, autoLog=True, bold=False, color=array([1., 1., 1.]), colorSpace='rgb', contrast=1.0, depth=-2.0, draggable=False, flipHoriz=False, flipVert=False, font='Open Sans', fontFiles=[], height=0.2, italic=False, languageStyle='LTR', name='croix', opacity=1.0, ori=0.0, pos=array([0., 0.]), rgb=UNKNOWN, text='+', units='height', win=Window(...), wrapWidth=1)
25.9097 	EXP 	window1: mouseVisible = True
25.9102 	EXP 	Created thermode_locali = TextStim(__class__=<class 'psychopy.visual.text.TextStim'>, alignHoriz=method-wrapper(...), alignText='center', alignVert=method-wrapper(...), anchorHoriz='center', anchorVert='center', antialias=True, autoDraw=False, autoLog=True, bold=False, color=array([1., 1., 1.]), colorSpace='rgb', contrast=1.0, depth=-1.0, draggable=False, flipHoriz=False, flipVert=False, font='Open Sans', fontFiles=[], height=0.02, italic=False, languageStyle='LTR', name='thermode_locali', opacity=1.0, ori=0.0, pos=array([-0.7 , -0.45]), rgb=UNKNOWN, text='', units='height', win=Window(...), wrapWidth=1)
25.9103 	EXP 	window1: mouseVisible = False
25.9118 	EXP 	window1: mouseVisible = True
25.9120 	EXP 	window1: mouseVisible = True
25.9144 	ERROR 	RatingScale: custom marker has no draw() method
25.9144 	EXP 	window1: mouseVisible = True
25.9148 	EXP 	window1: mouseVisible = True
25.9206 	EXP 	Created ratingScale = RatingScale(__class__=type(...), acceptKeys=['return'], acceptPreText=UNKNOWN, acceptSize=UNKNOWN, acceptText=UNKNOWN, autoLog=True, choices=False, colorSpace='rgb', depth=0, disappear=False, flipVert=False, high=1000, kwargs=UNKNOWN, labels=[], leftKeys=['left'], lineColor=(255, 255, 255), low=0, marker=ShapeStim(...), markerColor=(255, 255, 255), markerExpansion=UNKNOWN, markerStart=0.5, maxTime=0.0, minTime=0.4, mouseOnly=False, name='ratingScale', noMouse=False, pos=[0.0, 0.0], precision=100, respKeys=[], rightKeys=['right'], scale=None, self=UNKNOWN, showAccept=False, showValue=False, singleClick=False, size=0.6, skipKeys=['tab'], stretch=2.0, textColor=(255, 255, 255), textFont='Helvetica Bold', textSize=0.144, tickHeight=1, tickMarks=100.0, win=Window(...))
25.9206 	EXP 	window1: mouseVisible = True
25.9307 	EXP 	Created main_text = TextStim(__class__=<class 'psychopy.visual.text.TextStim'>, alignHoriz=method-wrapper(...), alignText='center', alignVert=method-wrapper(...), anchorHoriz='center', anchorVert='center', antialias=True, autoDraw=False, autoLog=True, bold=False, color=array([1., 1., 1.]), colorSpace='rgb', contrast=1.0, depth=-2.0, draggable=False, flipHoriz=False, flipVert=False, font='Arial', fontFiles=[], height=0.07, italic=False, languageStyle='LTR', name='main_text', opacity=1.0, ori=0, pos=array([0. , 0.4]), rgb=UNKNOWN, text=str(...), units='height', win=Window(...), wrapWidth=1)
25.9308 	EXP 	window1: mouseVisible = True
25.9359 	EXP 	Created confirm_text = TextStim(__class__=<class 'psychopy.visual.text.TextStim'>, alignHoriz=method-wrapper(...), alignText='center', alignVert=method-wrapper(...), anchorHoriz='center', anchorVert='center', antialias=True, autoDraw=False, autoLog=True, bold=False, color=array([1., 1., 1.]), colorSpace='rgb', contrast=1.0, depth=-3.0, draggable=False, flipHoriz=False, flipVert=False, font='Arial', fontFiles=[], height=0.05, italic=False, languageStyle='LTR', name='confirm_text', opacity=1.0, ori=0, pos=array([ 0. , -0.2]), rgb=UNKNOWN, text='Appuyer sur le bouton du haut pour poursuivre.', units='height', win=Window(...), wrapWidth=1)
25.9359 	EXP 	window1: mouseVisible = True
25.9427 	EXP 	Created text = TextStim(__class__=<class 'psychopy.visual.text.TextStim'>, alignHoriz=method-wrapper(...), alignText='center', alignVert=method-wrapper(...), anchorHoriz='center', anchorVert='center', antialias=True, autoDraw=False, autoLog=True, bold=False, color=array([1., 1., 1.]), colorSpace='rgb', contrast=1.0, depth=0.0, draggable=False, flipHoriz=False, flipVert=False, font='Open Sans', fontFiles=[], height=0.05, italic=False, languageStyle='LTR', name='text', opacity=1.0, ori=0.0, pos=array([0., 0.]), rgb=UNKNOWN, text=str(...), units='height', win=Window(...), wrapWidth=1)
25.9427 	EXP 	window1: mouseVisible = True
25.9465 	EXP 	Created text_7 = TextStim(__class__=<class 'psychopy.visual.text.TextStim'>, alignHoriz=method-wrapper(...), alignText='center', alignVert=method-wrapper(...), anchorHoriz='center', anchorVert='center', antialias=True, autoDraw=False, autoLog=True, bold=False, color=array([1., 1., 1.]), colorSpace='rgb', contrast=1.0, depth=0.0, draggable=False, flipHoriz=False, flipVert=False, font='Open Sans', fontFiles=[], height=0.05, italic=False, languageStyle='LTR', name='text_7', opacity=1.0, ori=0.0, pos=array([0., 0.]), rgb=UNKNOWN, text=str(...), units='height', win=Window(...), wrapWidth=1)
25.9466 	EXP 	window1: mouseVisible = True
25.9472 	EXP 	Created text_eva = TextStim(__class__=<class 'psychopy.visual.text.TextStim'>, alignHoriz=method-wrapper(...), alignText='center', alignVert=method-wrapper(...), anchorHoriz='center', anchorVert='center', antialias=True, autoDraw=False, autoLog=True, bold=False, color=array([1., 1., 1.]), colorSpace='rgb', contrast=1.0, depth=-1.0, draggable=False, flipHoriz=False, flipVert=False, font='Open Sans', fontFiles=[], height=0.02, italic=False, languageStyle='LTR', name='text_eva', opacity=1.0, ori=0.0, pos=array([-0.7 , -0.45]), rgb=UNKNOWN, text='', units='height', win=Window(...), wrapWidth=1)
25.9473 	EXP 	window1: mouseVisible = True
25.9492 	EXP 	Created croix_2 = TextStim(__class__=<class 'psychopy.visual.text.TextStim'>, alignHoriz=method-wrapper(...), alignText='center', alignVert=method-wrapper(...), anchorHoriz='center', anchorVert='center', antialias=True, autoDraw=False, autoLog=True, bold=False, color=array([1., 1., 1.]), colorSpace='rgb', contrast=1.0, depth=-2.0, draggable=False, flipHoriz=False, flipVert=False, font='Open Sans', fontFiles=[], height=0.2, italic=False, languageStyle='LTR', name='croix_2', opacity=1.0, ori=0.0, pos=array([0., 0.]), rgb=UNKNOWN, text='+', units='height', win=Window(...), wrapWidth=1)
25.9492 	EXP 	window1: mouseVisible = True
25.9497 	EXP 	Created thermode_locali_EVA = TextStim(__class__=<class 'psychopy.visual.text.TextStim'>, alignHoriz=method-wrapper(...), alignText='center', alignVert=method-wrapper(...), anchorHoriz='center', anchorVert='center', antialias=True, autoDraw=False, autoLog=True, bold=False, color=array([1., 1., 1.]), colorSpace='rgb', contrast=1.0, depth=-1.0, draggable=False, flipHoriz=False, flipVert=False, font='Open Sans', fontFiles=[], height=0.02, italic=False, languageStyle='LTR', name='thermode_locali_EVA', opacity=1.0, ori=0.0, pos=array([-0.7 , -0.45]), rgb=UNKNOWN, text='', units='height', win=Window(...), wrapWidth=1)
25.9497 	EXP 	window1: mouseVisible = False
25.9499 	EXP 	window1: mouseVisible = True
25.9501 	EXP 	window1: mouseVisible = True
25.9516 	ERROR 	RatingScale: custom marker has no draw() method
25.9517 	EXP 	window1: mouseVisible = True
25.9520 	EXP 	window1: mouseVisible = True
25.9557 	EXP 	Created ratingScale = RatingScale(__class__=type(...), acceptKeys=['return'], acceptPreText=UNKNOWN, acceptSize=UNKNOWN, acceptText=UNKNOWN, autoLog=True, choices=False, colorSpace='rgb', depth=0, disappear=False, flipVert=False, high=1000, kwargs=UNKNOWN, labels=[], leftKeys=['left'], lineColor=(255, 255, 255), low=0, marker=ShapeStim(...), markerColor=(255, 255, 255), markerExpansion=UNKNOWN, markerStart=0.5, maxTime=0.0, minTime=0.4, mouseOnly=False, name='ratingScale', noMouse=False, pos=[0.0, 0.0], precision=100, respKeys=[], rightKeys=['right'], scale=None, self=UNKNOWN, showAccept=False, showValue=False, singleClick=False, size=0.6, skipKeys=['tab'], stretch=2.0, textColor=(255, 255, 255), textFont='Helvetica Bold', textSize=0.144, tickHeight=1, tickMarks=100.0, win=Window(...))
25.9558 	EXP 	window1: mouseVisible = True
25.9611 	EXP 	Created main_text = TextStim(__class__=<class 'psychopy.visual.text.TextStim'>, alignHoriz=method-wrapper(...), alignText='center', alignVert=method-wrapper(...), anchorHoriz='center', anchorVert='center', antialias=True, autoDraw=False, autoLog=True, bold=False, color=array([1., 1., 1.]), colorSpace='rgb', contrast=1.0, depth=-2.0, draggable=False, flipHoriz=False, flipVert=False, font='Arial', fontFiles=[], height=0.07, italic=False, languageStyle='LTR', name='main_text', opacity=1.0, ori=0, pos=array([0. , 0.4]), rgb=UNKNOWN, text=str(...), units='height', win=Window(...), wrapWidth=1)
25.9612 	EXP 	window1: mouseVisible = True
25.9646 	EXP 	Created confirm_text = TextStim(__class__=<class 'psychopy.visual.text.TextStim'>, alignHoriz=method-wrapper(...), alignText='center', alignVert=method-wrapper(...), anchorHoriz='center', anchorVert='center', antialias=True, autoDraw=False, autoLog=True, bold=False, color=array([1., 1., 1.]), colorSpace='rgb', contrast=1.0, depth=-3.0, draggable=False, flipHoriz=False, flipVert=False, font='Arial', fontFiles=[], height=0.05, italic=False, languageStyle='LTR', name='confirm_text', opacity=1.0, ori=0, pos=array([ 0. , -0.2]), rgb=UNKNOWN, text='Appuyer sur le bouton du haut pour poursuivre.', units='height', win=Window(...), wrapWidth=1)
25.9647 	EXP 	window1: mouseVisible = True
25.9721 	EXP 	Created text_8 = TextStim(__class__=<class 'psychopy.visual.text.TextStim'>, alignHoriz=method-wrapper(...), alignText='center', alignVert=method-wrapper(...), anchorHoriz='center', anchorVert='center', antialias=True, autoDraw=False, autoLog=True, bold=False, color=array([1., 1., 1.]), colorSpace='rgb', contrast=1.0, depth=0.0, draggable=False, flipHoriz=False, flipVert=False, font='Open Sans', fontFiles=[], height=0.05, italic=False, languageStyle='LTR', name='text_8', opacity=1.0, ori=0.0, pos=array([0., 0.]), rgb=UNKNOWN, text=str(...), units='height', win=Window(...), wrapWidth=1)
25.9722 	EXP 	window1: mouseVisible = True
25.9726 	EXP 	Created text_pic = TextStim(__class__=<class 'psychopy.visual.text.TextStim'>, alignHoriz=method-wrapper(...), alignText='center', alignVert=method-wrapper(...), anchorHoriz='center', anchorVert='center', antialias=True, autoDraw=False, autoLog=True, bold=False, color=array([1., 1., 1.]), colorSpace='rgb', contrast=1.0, depth=-1.0, draggable=False, flipHoriz=False, flipVert=False, font='Open Sans', fontFiles=[], height=0.02, italic=False, languageStyle='LTR', name='text_pic', opacity=1.0, ori=0.0, pos=array([-0.7 , -0.45]), rgb=UNKNOWN, text='', units='height', win=Window(...), wrapWidth=1)
25.9727 	EXP 	window1: mouseVisible = True
25.9745 	EXP 	Created croix_3 = TextStim(__class__=<class 'psychopy.visual.text.TextStim'>, alignHoriz=method-wrapper(...), alignText='center', alignVert=method-wrapper(...), anchorHoriz='center', anchorVert='center', antialias=True, autoDraw=False, autoLog=True, bold=False, color=array([1., 1., 1.]), colorSpace='rgb', contrast=1.0, depth=-2.0, draggable=False, flipHoriz=False, flipVert=False, font='Open Sans', fontFiles=[], height=0.2, italic=False, languageStyle='LTR', name='croix_3', opacity=1.0, ori=0.0, pos=array([0., 0.]), rgb=UNKNOWN, text='+', units='height', win=Window(...), wrapWidth=1)
25.9745 	EXP 	window1: mouseVisible = True
25.9750 	EXP 	Created thermode_locali_pic = TextStim(__class__=<class 'psychopy.visual.text.TextStim'>, alignHoriz=method-wrapper(...), alignText='center', alignVert=method-wrapper(...), anchorHoriz='center', anchorVert='center', antialias=True, autoDraw=False, autoLog=True, bold=False, color=array([1., 1., 1.]), colorSpace='rgb', contrast=1.0, depth=-1.0, draggable=False, flipHoriz=False, flipVert=False, font='Open Sans', fontFiles=[], height=0.02, italic=False, languageStyle='LTR', name='thermode_locali_pic', opacity=1.0, ori=0.0, pos=array([-0.7 , -0.45]), rgb=UNKNOWN, text='', units='height', win=Window(...), wrapWidth=1)
25.9751 	EXP 	window1: mouseVisible = True
25.9758 	EXP 	Created responsel = TextStim(__class__=<class 'psychopy.visual.text.TextStim'>, alignHoriz=method-wrapper(...), alignText='center', alignVert=method-wrapper(...), anchorHoriz='center', anchorVert='center', antialias=True, autoDraw=False, autoLog=True, bold=False, color=array([1., 1., 1.]), colorSpace='rgb', contrast=1.0, depth=-3.0, draggable=False, flipHoriz=False, flipVert=False, font='Open Sans', fontFiles=[], height=0.08, italic=False, languageStyle='LTR', name='responsel', opacity=1.0, ori=0.0, pos=array([0., 0.]), rgb=UNKNOWN, text='', units='height', win=Window(...), wrapWidth=1)
25.9759 	EXP 	window1: mouseVisible = True
25.9798 	EXP 	Created percu_or = TextStim(__class__=<class 'psychopy.visual.text.TextStim'>, alignHoriz=method-wrapper(...), alignText='center', alignVert=method-wrapper(...), anchorHoriz='center', anchorVert='center', antialias=True, autoDraw=False, autoLog=True, bold=False, color=array([1., 1., 1.]), colorSpace='rgb', contrast=1.0, depth=-4.0, draggable=False, flipHoriz=False, flipVert=False, font='Open Sans', fontFiles=[], height=0.05, italic=False, languageStyle='LTR', name='percu_or', opacity=1.0, ori=0.0, pos=array([0. , 0.3]), rgb=UNKNOWN, text='Avez-vous perçu un changement?', units='height', win=Window(...), wrapWidth=1)
25.9798 	EXP 	window1: mouseVisible = True
25.9823 	EXP 	Created responser = TextStim(__class__=<class 'psychopy.visual.text.TextStim'>, alignHoriz=method-wrapper(...), alignText='center', alignVert=method-wrapper(...), anchorHoriz='center', anchorVert='center', antialias=True, autoDraw=False, autoLog=True, bold=False, color=array([1., 1., 1.]), colorSpace='rgb', contrast=1.0, depth=-5.0, draggable=False, flipHoriz=False, flipVert=False, font='Open Sans', fontFiles=[], height=0.08, italic=False, languageStyle='LTR', name='responser', opacity=1.0, ori=0.0, pos=array([0., 0.]), rgb=UNKNOWN, text='              NON', units='height', win=Window(...), wrapWidth=1)
25.9824 	EXP 	window1: mouseVisible = True
25.9829 	EXP 	Created text_3 = TextStim(__class__=<class 'psychopy.visual.text.TextStim'>, alignHoriz=method-wrapper(...), alignText='center', alignVert=method-wrapper(...), anchorHoriz='center', anchorVert='center', antialias=True, autoDraw=False, autoLog=True, bold=False, color=array([1., 1., 1.]), colorSpace='rgb', contrast=1.0, depth=-1.0, draggable=False, flipHoriz=False, flipVert=False, font='Open Sans', fontFiles=[], height=0.05, italic=False, languageStyle='LTR', name='text_3', opacity=1.0, ori=0.0, pos=array([0., 0.]), rgb=UNKNOWN, text='', units='height', win=Window(...), wrapWidth=1)
25.9829 	EXP 	window1: mouseVisible = True
25.9858 	EXP 	Created text_6 = TextStim(__class__=<class 'psychopy.visual.text.TextStim'>, alignHoriz=method-wrapper(...), alignText='center', alignVert=method-wrapper(...), anchorHoriz='center', anchorVert='center', antialias=True, autoDraw=False, autoLog=True, bold=False, color=array([1., 1., 1.]), colorSpace='rgb', contrast=1.0, depth=0.0, draggable=False, flipHoriz=False, flipVert=False, font='Open Sans', fontFiles=[], height=0.05, italic=False, languageStyle='LTR', name='text_6', opacity=1.0, ori=0.0, pos=array([0., 0.]), rgb=UNKNOWN, text='Merci pour votre participation', units='height', win=Window(...), wrapWidth=1)
0.0201 	EXP 	ratingScale: flipVert = False
0.0201 	EXP 	ratingScale: autoLog = True
0.0201 	EXP 	ratingScale: flipVert = False
0.0201 	EXP 	ratingScale: autoLog = True
0.0202 	EXP 	window1: mouseVisible = False
0.0214 	EXP 	text_5: autoDraw = True
160.6902 	EXP 	Created sequence: random, trialTypes=1, nReps=2, seed=None
160.6903 	EXP 	New trial (rep=0, index=0): None
160.6908 	DATA 	Keypress: p
160.7065 	EXP 	text_5: autoDraw = False
160.7065 	EXP 	text_4: autoDraw = True
161.0737 	DATA 	Keypress: p
161.0898 	EXP 	text_4: autoDraw = False
161.0898 	EXP 	text_7: autoDraw = True
185.5571 	EXP 	Created sequence: sequential, trialTypes=1, nReps=16, seed=None
185.5572 	EXP 	New trial (rep=0, index=0): None
185.5610 	DATA 	Keypress: p
185.5610 	DATA 	Keypress: o
185.5735 	EXP 	text_7: autoDraw = False
185.5735 	EXP 	text_2: autoDraw = True
185.5735 	EXP 	croix: autoDraw = True
190.5735 	EXP 	text_2: autoDraw = False
190.5735 	EXP 	croix: autoDraw = False
190.5735 	EXP 	text_2: autoDraw = False
190.5735 	EXP 	croix: autoDraw = False
190.5735 	EXP 	thermode_locali: autoDraw = True
202.5575 	EXP 	window1: mouseVisible = True
202.5583 	EXP 	Created unnamed Rect = Rect(__class__=<class 'psychopy.visual.rect.Rect'>, anchor=('center', 'center'), autoDraw=False, autoLog=True, closeShape=True, color=method-wrapper(...), colorSpace='rgb', contrast=None, depth=0, draggable=False, fillColor=array([1, 1, 1]), fillColorSpace='rgb', fillRGB=array([1, 1, 1]), interpolate=True, lineColor=array([1., 1., 1.]), lineColorSpace='rgb', lineRGB=array([1, 1, 1]), lineWidth=1.5, name='unnamed Rect', opacity=1.0, ori=0.0, pos=array([0., 0.]), size=array([0.01, 0.1 ]), units='norm', vertices=ndarray(...), win=Window(...))
202.5584 	EXP 	window1: mouseVisible = True
202.5585 	EXP 	window1: mouseVisible = True
202.5590 	EXP 	window1: mouseVisible = True
202.5618 	EXP 	window1: mouseVisible = True
202.5644 	EXP 	window1: mouseVisible = True
202.5646 	EXP 	window1: mouseVisible = True
202.5648 	EXP 	window1: mouseVisible = True
202.5649 	EXP 	window1: mouseVisible = True
202.5651 	EXP 	window1: mouseVisible = True
202.5652 	EXP 	window1: mouseVisible = True
202.5654 	EXP 	window1: mouseVisible = True
202.5655 	EXP 	window1: mouseVisible = True
202.5657 	EXP 	window1: mouseVisible = True
202.5659 	EXP 	window1: mouseVisible = True
202.5660 	EXP 	window1: mouseVisible = True
202.5661 	EXP 	window1: mouseVisible = True
202.5663 	EXP 	window1: mouseVisible = True
202.5664 	EXP 	window1: mouseVisible = True
202.5666 	EXP 	window1: mouseVisible = True
202.5667 	EXP 	window1: mouseVisible = True
202.5668 	EXP 	window1: mouseVisible = True
202.5670 	EXP 	window1: mouseVisible = True
202.5671 	EXP 	window1: mouseVisible = True
202.5672 	EXP 	window1: mouseVisible = True
202.5673 	EXP 	window1: mouseVisible = True
202.5675 	EXP 	window1: mouseVisible = True
202.5676 	EXP 	window1: mouseVisible = True
202.5677 	EXP 	window1: mouseVisible = True
202.5679 	EXP 	window1: mouseVisible = True
202.5680 	EXP 	window1: mouseVisible = True
202.5681 	EXP 	window1: mouseVisible = True
202.5682 	EXP 	window1: mouseVisible = True
202.5684 	EXP 	window1: mouseVisible = True
202.5685 	EXP 	window1: mouseVisible = True
202.5686 	EXP 	window1: mouseVisible = True
202.5688 	EXP 	window1: mouseVisible = True
202.5689 	EXP 	window1: mouseVisible = True
202.5690 	EXP 	window1: mouseVisible = True
202.5691 	EXP 	window1: mouseVisible = True
202.5693 	EXP 	window1: mouseVisible = True
202.5694 	EXP 	window1: mouseVisible = True
202.5695 	EXP 	window1: mouseVisible = True
202.5697 	EXP 	window1: mouseVisible = True
202.5698 	EXP 	window1: mouseVisible = True
202.5699 	EXP 	window1: mouseVisible = True
202.5701 	EXP 	window1: mouseVisible = True
202.5702 	EXP 	window1: mouseVisible = True
202.5703 	EXP 	window1: mouseVisible = True
202.5705 	EXP 	window1: mouseVisible = True
202.5706 	EXP 	window1: mouseVisible = True
202.5707 	EXP 	window1: mouseVisible = True
202.5709 	EXP 	window1: mouseVisible = True
202.5710 	EXP 	window1: mouseVisible = True
202.5711 	EXP 	window1: mouseVisible = True
202.5713 	EXP 	window1: mouseVisible = True
202.5714 	EXP 	window1: mouseVisible = True
202.5715 	EXP 	window1: mouseVisible = True
202.5716 	EXP 	window1: mouseVisible = True
202.5718 	EXP 	window1: mouseVisible = True
202.5719 	EXP 	window1: mouseVisible = True
202.5720 	EXP 	window1: mouseVisible = True
202.5722 	EXP 	window1: mouseVisible = True
202.5723 	EXP 	window1: mouseVisible = True
202.5724 	EXP 	window1: mouseVisible = True
202.5725 	EXP 	window1: mouseVisible = True
202.5727 	EXP 	window1: mouseVisible = True
202.5728 	EXP 	window1: mouseVisible = True
202.5729 	EXP 	window1: mouseVisible = True
202.5730 	EXP 	window1: mouseVisible = True
202.5732 	EXP 	window1: mouseVisible = True
202.5733 	EXP 	window1: mouseVisible = True
202.5734 	EXP 	window1: mouseVisible = True
202.5736 	EXP 	window1: mouseVisible = True
202.5737 	EXP 	window1: mouseVisible = True
202.5738 	EXP 	window1: mouseVisible = True
202.5739 	EXP 	window1: mouseVisible = True
202.5741 	EXP 	window1: mouseVisible = True
202.5742 	EXP 	window1: mouseVisible = True
202.5744 	EXP 	window1: mouseVisible = True
202.5745 	EXP 	window1: mouseVisible = True
202.5746 	EXP 	window1: mouseVisible = True
202.5748 	EXP 	window1: mouseVisible = True
202.5749 	EXP 	window1: mouseVisible = True
202.5750 	EXP 	window1: mouseVisible = True
202.5751 	EXP 	window1: mouseVisible = True
202.5753 	EXP 	window1: mouseVisible = True
202.5754 	EXP 	window1: mouseVisible = True
202.5755 	EXP 	window1: mouseVisible = True
202.5757 	EXP 	window1: mouseVisible = True
202.5758 	EXP 	window1: mouseVisible = True
202.5759 	EXP 	window1: mouseVisible = True
202.5760 	EXP 	window1: mouseVisible = True
202.5762 	EXP 	window1: mouseVisible = True
202.5763 	EXP 	window1: mouseVisible = True
202.5764 	EXP 	window1: mouseVisible = True
202.5765 	EXP 	window1: mouseVisible = True
202.5767 	EXP 	window1: mouseVisible = True
202.5768 	EXP 	window1: mouseVisible = True
202.5769 	EXP 	window1: mouseVisible = True
202.5770 	EXP 	window1: mouseVisible = True
202.5772 	EXP 	window1: mouseVisible = True
202.5773 	EXP 	window1: mouseVisible = True
202.5774 	EXP 	window1: mouseVisible = True
202.5776 	EXP 	window1: mouseVisible = True
202.5811 	EXP 	Created ratingScale = RatingScale(__class__=type(...), acceptKeys=['return'], acceptPreText=UNKNOWN, acceptSize=UNKNOWN, acceptText=UNKNOWN, autoLog=True, choices=False, colorSpace='rgb', depth=0, disappear=False, flipVert=False, high=100, kwargs=UNKNOWN, labels=list(...), leftKeys=['left'], lineColor=(255, 255, 255), low=0, marker=Rect(...), markerColor=(255, 255, 255), markerExpansion=UNKNOWN, markerStart=0.5, maxTime=0.0, minTime=0.4, mouseOnly=False, name='ratingScale', noMouse=False, pos=[0.0, 0.0], precision=100, respKeys=[], rightKeys=['right'], scale=None, self=UNKNOWN, showAccept=False, showValue=False, singleClick=False, size=0.6, skipKeys=['tab'], stretch=2.0, textColor='white', textFont='Helvetica Bold', textSize=0.144, tickHeight=0, tickMarks=10.0, win=Window(...))
202.5812 	EXP 	RatingScale ratingScale: reset()
202.5830 	EXP 	window1: mouseVisible = False
202.5903 	EXP 	thermode_locali: autoDraw = False
202.5903 	EXP 	ratingScale: flipVert = False
202.5903 	EXP 	ratingScale: autoLog = True
202.5919 	EXP 	window1: mouseVisible = False
202.6084 	EXP 	window1: mouseVisible = False
202.6251 	EXP 	window1: mouseVisible = False
202.6419 	EXP 	window1: mouseVisible = False
202.6585 	EXP 	window1: mouseVisible = False
202.6751 	EXP 	window1: mouseVisible = False
202.6918 	EXP 	window1: mouseVisible = False
202.7085 	EXP 	window1: mouseVisible = False
202.7251 	EXP 	window1: mouseVisible = False
202.7418 	EXP 	window1: mouseVisible = False
202.7585 	EXP 	window1: mouseVisible = False
202.7751 	EXP 	window1: mouseVisible = False
202.7918 	EXP 	window1: mouseVisible = False
202.8085 	EXP 	window1: mouseVisible = False
202.8251 	EXP 	window1: mouseVisible = False
202.8418 	EXP 	window1: mouseVisible = False
202.8585 	EXP 	window1: mouseVisible = False
202.8751 	EXP 	window1: mouseVisible = False
202.8923 	EXP 	window1: mouseVisible = False
202.9085 	EXP 	window1: mouseVisible = False
202.9253 	EXP 	window1: mouseVisible = False
202.9418 	EXP 	window1: mouseVisible = False
202.9585 	EXP 	window1: mouseVisible = False
202.9751 	EXP 	window1: mouseVisible = False
202.9920 	EXP 	window1: mouseVisible = False
203.0091 	EXP 	window1: mouseVisible = False
203.0252 	EXP 	window1: mouseVisible = False
203.0418 	EXP 	window1: mouseVisible = False
203.0585 	EXP 	window1: mouseVisible = False
203.0751 	EXP 	window1: mouseVisible = False
203.0918 	EXP 	window1: mouseVisible = False
203.1085 	EXP 	window1: mouseVisible = False
203.1253 	EXP 	window1: mouseVisible = False
203.1418 	EXP 	window1: mouseVisible = False
203.1585 	EXP 	window1: mouseVisible = False
203.1751 	EXP 	window1: mouseVisible = False
203.1918 	EXP 	window1: mouseVisible = False
203.2085 	EXP 	window1: mouseVisible = False
203.2251 	EXP 	window1: mouseVisible = False
203.2418 	EXP 	window1: mouseVisible = False
203.2585 	EXP 	window1: mouseVisible = False
203.2751 	EXP 	window1: mouseVisible = False
203.2919 	EXP 	window1: mouseVisible = False
203.3086 	EXP 	window1: mouseVisible = False
203.3251 	EXP 	window1: mouseVisible = False
203.3418 	EXP 	window1: mouseVisible = False
203.3581 	DATA 	Keypress: n
203.3586 	EXP 	window1: mouseVisible = False
203.3751 	EXP 	window1: mouseVisible = False
203.3918 	EXP 	window1: mouseVisible = False
203.4085 	EXP 	window1: mouseVisible = False
203.4251 	EXP 	window1: mouseVisible = False
203.4418 	EXP 	window1: mouseVisible = False
203.4585 	EXP 	window1: mouseVisible = False
203.4751 	EXP 	window1: mouseVisible = False
203.4918 	EXP 	window1: mouseVisible = False
203.5085 	EXP 	window1: mouseVisible = False
203.5251 	EXP 	window1: mouseVisible = False
203.5418 	EXP 	window1: mouseVisible = False
203.5585 	EXP 	window1: mouseVisible = False
203.5751 	EXP 	window1: mouseVisible = False
203.5918 	EXP 	window1: mouseVisible = False
203.6085 	EXP 	window1: mouseVisible = False
203.6251 	EXP 	window1: mouseVisible = False
203.6418 	EXP 	window1: mouseVisible = False
203.6585 	EXP 	window1: mouseVisible = False
203.6751 	EXP 	window1: mouseVisible = False
203.6918 	EXP 	window1: mouseVisible = False
203.7085 	EXP 	window1: mouseVisible = False
203.7251 	EXP 	window1: mouseVisible = False
203.7418 	EXP 	window1: mouseVisible = False
203.7584 	EXP 	window1: mouseVisible = False
203.7751 	EXP 	window1: mouseVisible = False
203.7918 	EXP 	window1: mouseVisible = False
203.8085 	EXP 	window1: mouseVisible = False
203.8251 	EXP 	window1: mouseVisible = False
203.8418 	EXP 	window1: mouseVisible = False
203.8586 	EXP 	window1: mouseVisible = False
203.8752 	EXP 	window1: mouseVisible = False
203.8919 	EXP 	window1: mouseVisible = False
203.9085 	EXP 	window1: mouseVisible = False
203.9252 	EXP 	window1: mouseVisible = False
203.9418 	EXP 	window1: mouseVisible = False
203.9585 	EXP 	window1: mouseVisible = False
203.9751 	EXP 	window1: mouseVisible = False
203.9918 	EXP 	window1: mouseVisible = False
204.0085 	EXP 	window1: mouseVisible = False
204.0252 	EXP 	window1: mouseVisible = False
204.0419 	EXP 	window1: mouseVisible = False
204.0585 	EXP 	window1: mouseVisible = False
204.0752 	EXP 	window1: mouseVisible = False
204.0919 	EXP 	window1: mouseVisible = False
204.1098 	EXP 	window1: mouseVisible = False
204.1253 	EXP 	window1: mouseVisible = False
204.1420 	EXP 	window1: mouseVisible = False
204.1587 	EXP 	window1: mouseVisible = False
204.1752 	EXP 	window1: mouseVisible = False
204.1919 	EXP 	window1: mouseVisible = False
204.2086 	EXP 	window1: mouseVisible = False
204.2252 	EXP 	window1: mouseVisible = False
204.2419 	EXP 	window1: mouseVisible = False
204.2586 	EXP 	window1: mouseVisible = False
204.2752 	EXP 	window1: mouseVisible = False
204.2918 	EXP 	window1: mouseVisible = False
204.3085 	EXP 	window1: mouseVisible = False
204.3251 	EXP 	window1: mouseVisible = False
204.3420 	EXP 	window1: mouseVisible = False
204.3585 	EXP 	window1: mouseVisible = False
204.3751 	EXP 	window1: mouseVisible = False
204.3918 	EXP 	window1: mouseVisible = False
204.4080 	DATA 	Keypress: n
204.4085 	EXP 	window1: mouseVisible = False
204.4251 	EXP 	window1: mouseVisible = False
204.4418 	EXP 	window1: mouseVisible = False
204.4585 	EXP 	window1: mouseVisible = False
204.4751 	EXP 	window1: mouseVisible = False
204.4918 	EXP 	window1: mouseVisible = False
204.5085 	EXP 	window1: mouseVisible = False
204.5252 	EXP 	window1: mouseVisible = False
204.5419 	EXP 	window1: mouseVisible = False
204.5585 	EXP 	window1: mouseVisible = False
204.5752 	EXP 	window1: mouseVisible = False
204.5918 	EXP 	window1: mouseVisible = False
204.6085 	EXP 	window1: mouseVisible = False
204.6247 	DATA 	Keypress: n
204.6253 	EXP 	window1: mouseVisible = False
204.6420 	EXP 	window1: mouseVisible = False
204.6586 	EXP 	window1: mouseVisible = False
204.6763 	EXP 	window1: mouseVisible = False
204.6920 	EXP 	window1: mouseVisible = False
204.7085 	EXP 	window1: mouseVisible = False
204.7252 	EXP 	window1: mouseVisible = False
204.7418 	EXP 	window1: mouseVisible = False
204.7589 	EXP 	window1: mouseVisible = False
204.7753 	EXP 	window1: mouseVisible = False
204.7919 	EXP 	window1: mouseVisible = False
204.8085 	EXP 	window1: mouseVisible = False
204.8252 	EXP 	window1: mouseVisible = False
204.8419 	EXP 	window1: mouseVisible = False
204.8585 	EXP 	window1: mouseVisible = False
204.8752 	EXP 	window1: mouseVisible = False
204.8918 	EXP 	window1: mouseVisible = False
204.9086 	EXP 	window1: mouseVisible = False
204.9252 	EXP 	window1: mouseVisible = False
204.9418 	EXP 	window1: mouseVisible = False
204.9585 	EXP 	window1: mouseVisible = False
204.9751 	EXP 	window1: mouseVisible = False
204.9918 	EXP 	window1: mouseVisible = False
205.0085 	EXP 	window1: mouseVisible = False
205.0252 	EXP 	window1: mouseVisible = False
205.0419 	EXP 	window1: mouseVisible = False
205.0585 	EXP 	window1: mouseVisible = False
205.0752 	EXP 	window1: mouseVisible = False
205.0918 	EXP 	window1: mouseVisible = False
205.1087 	EXP 	window1: mouseVisible = False
205.1254 	EXP 	window1: mouseVisible = False
205.1418 	EXP 	window1: mouseVisible = False
205.1585 	EXP 	window1: mouseVisible = False
205.1751 	EXP 	window1: mouseVisible = False
205.1918 	EXP 	window1: mouseVisible = False
205.2085 	EXP 	window1: mouseVisible = False
205.2252 	EXP 	window1: mouseVisible = False
205.2418 	EXP 	window1: mouseVisible = False
205.2585 	EXP 	window1: mouseVisible = False
205.2752 	EXP 	window1: mouseVisible = False
205.2918 	EXP 	window1: mouseVisible = False
205.3085 	EXP 	window1: mouseVisible = False
205.3252 	EXP 	window1: mouseVisible = False
205.3418 	EXP 	window1: mouseVisible = False
205.3584 	EXP 	window1: mouseVisible = False
205.3752 	EXP 	window1: mouseVisible = False
205.3918 	EXP 	window1: mouseVisible = False
205.4085 	EXP 	window1: mouseVisible = False
205.4251 	EXP 	window1: mouseVisible = False
205.4419 	EXP 	window1: mouseVisible = False
205.4585 	EXP 	window1: mouseVisible = False
205.4751 	EXP 	window1: mouseVisible = False
205.4918 	EXP 	window1: mouseVisible = False
205.5085 	EXP 	window1: mouseVisible = False
205.5251 	EXP 	window1: mouseVisible = False
205.5419 	EXP 	window1: mouseVisible = False
205.5585 	EXP 	window1: mouseVisible = False
205.5752 	EXP 	window1: mouseVisible = False
205.5919 	EXP 	window1: mouseVisible = False
205.6085 	EXP 	window1: mouseVisible = False
205.6252 	EXP 	window1: mouseVisible = False
205.6420 	EXP 	window1: mouseVisible = False
205.6585 	EXP 	window1: mouseVisible = False
205.6752 	EXP 	window1: mouseVisible = False
205.6918 	EXP 	window1: mouseVisible = False
205.7085 	EXP 	window1: mouseVisible = False
205.7252 	EXP 	window1: mouseVisible = False
205.7419 	EXP 	window1: mouseVisible = False
205.7585 	EXP 	window1: mouseVisible = False
205.7752 	EXP 	window1: mouseVisible = False
205.7918 	EXP 	window1: mouseVisible = False
205.8085 	EXP 	window1: mouseVisible = False
205.8252 	EXP 	window1: mouseVisible = False
205.8419 	EXP 	window1: mouseVisible = False
205.8585 	EXP 	window1: mouseVisible = False
205.8752 	EXP 	window1: mouseVisible = False
205.8918 	EXP 	window1: mouseVisible = False
205.9085 	EXP 	window1: mouseVisible = False
205.9251 	EXP 	window1: mouseVisible = False
205.9419 	EXP 	window1: mouseVisible = False
205.9591 	DATA 	Keypress: space
206.0601 	EXP 	New trial (rep=1, index=0): None
206.0737 	EXP 	main_text: autoDraw = True
206.0737 	EXP 	confirm_text: autoDraw = True
206.0737 	EXP 	ratingScale: autoDraw = False
206.0737 	EXP 	main_text: autoDraw = False
206.0737 	EXP 	confirm_text: autoDraw = False
206.0737 	EXP 	text_2: autoDraw = True
206.0737 	EXP 	croix: autoDraw = True
211.0737 	EXP 	text_2: autoDraw = False
211.0737 	EXP 	croix: autoDraw = False
211.0737 	EXP 	text_2: autoDraw = False
211.0737 	EXP 	croix: autoDraw = False
211.0737 	EXP 	thermode_locali: autoDraw = True
223.0577 	EXP 	window1: mouseVisible = True
223.0585 	EXP 	Created unnamed Rect = Rect(__class__=<class 'psychopy.visual.rect.Rect'>, anchor=('center', 'center'), autoDraw=False, autoLog=True, closeShape=True, color=method-wrapper(...), colorSpace='rgb', contrast=None, depth=0, draggable=False, fillColor=array([1, 1, 1]), fillColorSpace='rgb', fillRGB=array([1, 1, 1]), interpolate=True, lineColor=array([1., 1., 1.]), lineColorSpace='rgb', lineRGB=array([1, 1, 1]), lineWidth=1.5, name='unnamed Rect', opacity=1.0, ori=0.0, pos=array([0., 0.]), size=array([0.01, 0.1 ]), units='norm', vertices=ndarray(...), win=Window(...))
223.0586 	EXP 	window1: mouseVisible = True
223.0587 	EXP 	window1: mouseVisible = True
223.0592 	EXP 	window1: mouseVisible = True
223.0603 	EXP 	window1: mouseVisible = True
223.0614 	EXP 	window1: mouseVisible = True
223.0616 	EXP 	window1: mouseVisible = True
223.0618 	EXP 	window1: mouseVisible = True
223.0619 	EXP 	window1: mouseVisible = True
223.0621 	EXP 	window1: mouseVisible = True
223.0623 	EXP 	window1: mouseVisible = True
223.0626 	EXP 	window1: mouseVisible = True
223.0628 	EXP 	window1: mouseVisible = True
223.0630 	EXP 	window1: mouseVisible = True
223.0633 	EXP 	window1: mouseVisible = True
223.0635 	EXP 	window1: mouseVisible = True
223.0636 	EXP 	window1: mouseVisible = True
223.0638 	EXP 	window1: mouseVisible = True
223.0640 	EXP 	window1: mouseVisible = True
223.0642 	EXP 	window1: mouseVisible = True
223.0644 	EXP 	window1: mouseVisible = True
223.0645 	EXP 	window1: mouseVisible = True
223.0646 	EXP 	window1: mouseVisible = True
223.0648 	EXP 	window1: mouseVisible = True
223.0649 	EXP 	window1: mouseVisible = True
223.0650 	EXP 	window1: mouseVisible = True
223.0652 	EXP 	window1: mouseVisible = True
223.0653 	EXP 	window1: mouseVisible = True
223.0654 	EXP 	window1: mouseVisible = True
223.0656 	EXP 	window1: mouseVisible = True
223.0657 	EXP 	window1: mouseVisible = True
223.0658 	EXP 	window1: mouseVisible = True
223.0659 	EXP 	window1: mouseVisible = True
223.0661 	EXP 	window1: mouseVisible = True
223.0662 	EXP 	window1: mouseVisible = True
223.0663 	EXP 	window1: mouseVisible = True
223.0665 	EXP 	window1: mouseVisible = True
223.0666 	EXP 	window1: mouseVisible = True
223.0668 	EXP 	window1: mouseVisible = True
223.0669 	EXP 	window1: mouseVisible = True
223.0670 	EXP 	window1: mouseVisible = True
223.0672 	EXP 	window1: mouseVisible = True
223.0673 	EXP 	window1: mouseVisible = True
223.0675 	EXP 	window1: mouseVisible = True
223.0676 	EXP 	window1: mouseVisible = True
223.0678 	EXP 	window1: mouseVisible = True
223.0679 	EXP 	window1: mouseVisible = True
223.0680 	EXP 	window1: mouseVisible = True
223.0682 	EXP 	window1: mouseVisible = True
223.0683 	EXP 	window1: mouseVisible = True
223.0684 	EXP 	window1: mouseVisible = True
223.0686 	EXP 	window1: mouseVisible = True
223.0687 	EXP 	window1: mouseVisible = True
223.0688 	EXP 	window1: mouseVisible = True
223.0689 	EXP 	window1: mouseVisible = True
223.0691 	EXP 	window1: mouseVisible = True
223.0692 	EXP 	window1: mouseVisible = True
223.0693 	EXP 	window1: mouseVisible = True
223.0695 	EXP 	window1: mouseVisible = True
223.0696 	EXP 	window1: mouseVisible = True
223.0697 	EXP 	window1: mouseVisible = True
223.0698 	EXP 	window1: mouseVisible = True
223.0700 	EXP 	window1: mouseVisible = True
223.0701 	EXP 	window1: mouseVisible = True
223.0702 	EXP 	window1: mouseVisible = True
223.0704 	EXP 	window1: mouseVisible = True
223.0705 	EXP 	window1: mouseVisible = True
223.0706 	EXP 	window1: mouseVisible = True
223.0708 	EXP 	window1: mouseVisible = True
223.0709 	EXP 	window1: mouseVisible = True
223.0710 	EXP 	window1: mouseVisible = True
223.0712 	EXP 	window1: mouseVisible = True
223.0713 	EXP 	window1: mouseVisible = True
223.0714 	EXP 	window1: mouseVisible = True
223.0715 	EXP 	window1: mouseVisible = True
223.0717 	EXP 	window1: mouseVisible = True
223.0718 	EXP 	window1: mouseVisible = True
223.0719 	EXP 	window1: mouseVisible = True
223.0721 	EXP 	window1: mouseVisible = True
223.0722 	EXP 	window1: mouseVisible = True
223.0723 	EXP 	window1: mouseVisible = True
223.0724 	EXP 	window1: mouseVisible = True
223.0726 	EXP 	window1: mouseVisible = True
223.0727 	EXP 	window1: mouseVisible = True
223.0728 	EXP 	window1: mouseVisible = True
223.0730 	EXP 	window1: mouseVisible = True
223.0731 	EXP 	window1: mouseVisible = True
223.0732 	EXP 	window1: mouseVisible = True
223.0733 	EXP 	window1: mouseVisible = True
223.0735 	EXP 	window1: mouseVisible = True
223.0736 	EXP 	window1: mouseVisible = True
223.0737 	EXP 	window1: mouseVisible = True
223.0738 	EXP 	window1: mouseVisible = True
223.0740 	EXP 	window1: mouseVisible = True
223.0741 	EXP 	window1: mouseVisible = True
223.0742 	EXP 	window1: mouseVisible = True
223.0743 	EXP 	window1: mouseVisible = True
223.0745 	EXP 	window1: mouseVisible = True
223.0746 	EXP 	window1: mouseVisible = True
223.0748 	EXP 	window1: mouseVisible = True
223.0749 	EXP 	window1: mouseVisible = True
223.0750 	EXP 	window1: mouseVisible = True
223.0751 	EXP 	window1: mouseVisible = True
223.0753 	EXP 	window1: mouseVisible = True
223.0754 	EXP 	window1: mouseVisible = True
223.0775 	EXP 	Created ratingScale = RatingScale(__class__=type(...), acceptKeys=['return'], acceptPreText=UNKNOWN, acceptSize=UNKNOWN, acceptText=UNKNOWN, autoLog=True, choices=False, colorSpace='rgb', depth=0, disappear=False, flipVert=False, high=100, kwargs=UNKNOWN, labels=list(...), leftKeys=['left'], lineColor=(255, 255, 255), low=0, marker=Rect(...), markerColor=(255, 255, 255), markerExpansion=UNKNOWN, markerStart=0.5, maxTime=0.0, minTime=0.4, mouseOnly=False, name='ratingScale', noMouse=False, pos=[0.0, 0.0], precision=100, respKeys=[], rightKeys=['right'], scale=None, self=UNKNOWN, showAccept=False, showValue=False, singleClick=False, size=0.6, skipKeys=['tab'], stretch=2.0, textColor='white', textFont='Helvetica Bold', textSize=0.144, tickHeight=0, tickMarks=10.0, win=Window(...))
223.0775 	EXP 	RatingScale ratingScale: reset()
223.0795 	EXP 	window1: mouseVisible = False
223.0905 	EXP 	thermode_locali: autoDraw = False
223.0905 	EXP 	thermode_locali: autoDraw = False
223.0905 	EXP 	ratingScale: flipVert = False
223.0905 	EXP 	ratingScale: autoLog = True
223.0920 	EXP 	window1: mouseVisible = False
223.1086 	EXP 	window1: mouseVisible = False
223.1253 	EXP 	window1: mouseVisible = False
223.1421 	EXP 	window1: mouseVisible = False
223.1588 	EXP 	window1: mouseVisible = False
223.1756 	EXP 	window1: mouseVisible = False
223.1919 	EXP 	window1: mouseVisible = False
223.2086 	EXP 	window1: mouseVisible = False
223.2254 	EXP 	window1: mouseVisible = False
223.2419 	EXP 	window1: mouseVisible = False
223.2586 	EXP 	window1: mouseVisible = False
223.2755 	EXP 	window1: mouseVisible = False
223.2919 	EXP 	window1: mouseVisible = False
223.3086 	EXP 	window1: mouseVisible = False
223.3253 	EXP 	window1: mouseVisible = False
223.3419 	EXP 	window1: mouseVisible = False
223.3586 	EXP 	window1: mouseVisible = False
223.3752 	EXP 	window1: mouseVisible = False
223.3919 	EXP 	window1: mouseVisible = False
223.4086 	EXP 	window1: mouseVisible = False
223.4253 	EXP 	window1: mouseVisible = False
223.4419 	EXP 	window1: mouseVisible = False
223.4587 	EXP 	window1: mouseVisible = False
223.4752 	EXP 	window1: mouseVisible = False
223.4919 	EXP 	window1: mouseVisible = False
223.5086 	EXP 	window1: mouseVisible = False
223.5253 	EXP 	window1: mouseVisible = False
223.5416 	DATA 	Keypress: n
223.5421 	EXP 	window1: mouseVisible = False
223.5586 	EXP 	window1: mouseVisible = False
223.5753 	EXP 	window1: mouseVisible = False
223.5919 	EXP 	window1: mouseVisible = False
223.6086 	EXP 	window1: mouseVisible = False
223.6253 	EXP 	window1: mouseVisible = False
223.6419 	EXP 	window1: mouseVisible = False
223.6587 	EXP 	window1: mouseVisible = False
223.6752 	EXP 	window1: mouseVisible = False
223.6919 	EXP 	window1: mouseVisible = False
223.7086 	EXP 	window1: mouseVisible = False
223.7253 	EXP 	window1: mouseVisible = False
223.7419 	EXP 	window1: mouseVisible = False
223.7586 	EXP 	window1: mouseVisible = False
223.7752 	EXP 	window1: mouseVisible = False
223.7921 	EXP 	window1: mouseVisible = False
223.8086 	EXP 	window1: mouseVisible = False
223.8253 	EXP 	window1: mouseVisible = False
223.8419 	EXP 	window1: mouseVisible = False
223.8586 	EXP 	window1: mouseVisible = False
223.8753 	EXP 	window1: mouseVisible = False
223.8919 	EXP 	window1: mouseVisible = False
223.9086 	EXP 	window1: mouseVisible = False
223.9254 	EXP 	window1: mouseVisible = False
223.9420 	EXP 	window1: mouseVisible = False
223.9586 	EXP 	window1: mouseVisible = False
223.9753 	EXP 	window1: mouseVisible = False
223.9920 	EXP 	window1: mouseVisible = False
224.0086 	EXP 	window1: mouseVisible = False
224.0253 	EXP 	window1: mouseVisible = False
224.0421 	EXP 	window1: mouseVisible = False
224.0585 	EXP 	window1: mouseVisible = False
224.0753 	EXP 	window1: mouseVisible = False
224.0920 	EXP 	window1: mouseVisible = False
224.1086 	EXP 	window1: mouseVisible = False
224.1252 	EXP 	window1: mouseVisible = False
224.1421 	EXP 	window1: mouseVisible = False
224.1585 	EXP 	window1: mouseVisible = False
224.1753 	EXP 	window1: mouseVisible = False
224.1921 	EXP 	window1: mouseVisible = False
224.2086 	EXP 	window1: mouseVisible = False
224.2253 	EXP 	window1: mouseVisible = False
224.2420 	EXP 	window1: mouseVisible = False
224.2588 	EXP 	window1: mouseVisible = False
224.2755 	EXP 	window1: mouseVisible = False
224.2920 	EXP 	window1: mouseVisible = False
224.3087 	EXP 	window1: mouseVisible = False
224.3253 	EXP 	window1: mouseVisible = False
224.3420 	EXP 	window1: mouseVisible = False
224.3586 	EXP 	window1: mouseVisible = False
224.3753 	EXP 	window1: mouseVisible = False
224.3919 	EXP 	window1: mouseVisible = False
224.4086 	EXP 	window1: mouseVisible = False
224.4253 	EXP 	window1: mouseVisible = False
224.4420 	EXP 	window1: mouseVisible = False
224.4585 	EXP 	window1: mouseVisible = False
224.4753 	EXP 	window1: mouseVisible = False
224.4920 	EXP 	window1: mouseVisible = False
224.5086 	EXP 	window1: mouseVisible = False
224.5254 	EXP 	window1: mouseVisible = False
224.5420 	EXP 	window1: mouseVisible = False
224.5586 	EXP 	window1: mouseVisible = False
224.5754 	EXP 	window1: mouseVisible = False
224.5919 	EXP 	window1: mouseVisible = False
224.6086 	EXP 	window1: mouseVisible = False
224.6256 	EXP 	window1: mouseVisible = False
224.6422 	EXP 	window1: mouseVisible = False
224.6588 	EXP 	window1: mouseVisible = False
224.6755 	EXP 	window1: mouseVisible = False
224.6922 	EXP 	window1: mouseVisible = False
224.7086 	EXP 	window1: mouseVisible = False
224.7253 	EXP 	window1: mouseVisible = False
224.7422 	EXP 	window1: mouseVisible = False
224.7586 	EXP 	window1: mouseVisible = False
224.7753 	EXP 	window1: mouseVisible = False
224.7920 	EXP 	window1: mouseVisible = False
224.8086 	EXP 	window1: mouseVisible = False
224.8253 	EXP 	window1: mouseVisible = False
224.8422 	EXP 	window1: mouseVisible = False
224.8586 	EXP 	window1: mouseVisible = False
224.8753 	EXP 	window1: mouseVisible = False
224.8920 	EXP 	window1: mouseVisible = False
224.9086 	EXP 	window1: mouseVisible = False
224.9254 	EXP 	window1: mouseVisible = False
224.9420 	EXP 	window1: mouseVisible = False
224.9586 	EXP 	window1: mouseVisible = False
224.9753 	EXP 	window1: mouseVisible = False
224.9919 	EXP 	window1: mouseVisible = False
225.0086 	EXP 	window1: mouseVisible = False
225.0256 	EXP 	window1: mouseVisible = False
225.0420 	EXP 	window1: mouseVisible = False
225.0587 	EXP 	window1: mouseVisible = False
225.0753 	EXP 	window1: mouseVisible = False
225.0921 	EXP 	window1: mouseVisible = False
225.1087 	EXP 	window1: mouseVisible = False
225.1253 	EXP 	window1: mouseVisible = False
225.1421 	EXP 	window1: mouseVisible = False
225.1586 	EXP 	window1: mouseVisible = False
225.1753 	EXP 	window1: mouseVisible = False
225.1920 	EXP 	window1: mouseVisible = False
225.2087 	EXP 	window1: mouseVisible = False
225.2252 	EXP 	window1: mouseVisible = False
225.2420 	EXP 	window1: mouseVisible = False
225.2586 	EXP 	window1: mouseVisible = False
225.2753 	EXP 	window1: mouseVisible = False
225.2920 	EXP 	window1: mouseVisible = False
225.3086 	EXP 	window1: mouseVisible = False
225.3252 	EXP 	window1: mouseVisible = False
225.3421 	EXP 	window1: mouseVisible = False
225.3586 	EXP 	window1: mouseVisible = False
225.3753 	EXP 	window1: mouseVisible = False
225.3919 	EXP 	window1: mouseVisible = False
225.4085 	EXP 	window1: mouseVisible = False
225.4252 	EXP 	window1: mouseVisible = False
225.4420 	EXP 	window1: mouseVisible = False
225.4586 	EXP 	window1: mouseVisible = False
225.4752 	EXP 	window1: mouseVisible = False
225.4919 	EXP 	window1: mouseVisible = False
225.5086 	EXP 	window1: mouseVisible = False
225.5252 	EXP 	window1: mouseVisible = False
225.5419 	EXP 	window1: mouseVisible = False
225.5586 	EXP 	window1: mouseVisible = False
225.5753 	EXP 	window1: mouseVisible = False
225.5920 	EXP 	window1: mouseVisible = False
225.6086 	EXP 	window1: mouseVisible = False
225.6253 	EXP 	window1: mouseVisible = False
225.6420 	EXP 	window1: mouseVisible = False
225.6586 	EXP 	window1: mouseVisible = False
225.6753 	EXP 	window1: mouseVisible = False
225.6919 	EXP 	window1: mouseVisible = False
225.7086 	EXP 	window1: mouseVisible = False
225.7252 	EXP 	window1: mouseVisible = False
225.7419 	EXP 	window1: mouseVisible = False
225.7588 	EXP 	window1: mouseVisible = False
225.7753 	EXP 	window1: mouseVisible = False
225.7919 	EXP 	window1: mouseVisible = False
225.8086 	EXP 	window1: mouseVisible = False
225.8253 	EXP 	window1: mouseVisible = False
225.8421 	EXP 	window1: mouseVisible = False
225.8586 	EXP 	window1: mouseVisible = False
225.8753 	EXP 	window1: mouseVisible = False
225.8919 	EXP 	window1: mouseVisible = False
225.9086 	EXP 	window1: mouseVisible = False
225.9253 	EXP 	window1: mouseVisible = False
225.9423 	DATA 	Keypress: space
226.0423 	EXP 	New trial (rep=2, index=0): None
226.0573 	EXP 	main_text: autoDraw = True
226.0573 	EXP 	confirm_text: autoDraw = True
226.0573 	EXP 	ratingScale: autoDraw = False
226.0573 	EXP 	main_text: autoDraw = False
226.0573 	EXP 	confirm_text: autoDraw = False
226.0573 	EXP 	text_2: autoDraw = True
226.0573 	EXP 	croix: autoDraw = True
231.0573 	EXP 	text_2: autoDraw = False
231.0573 	EXP 	croix: autoDraw = False
231.0573 	EXP 	text_2: autoDraw = False
231.0573 	EXP 	croix: autoDraw = False
231.0573 	EXP 	thermode_locali: autoDraw = True
243.0414 	EXP 	window1: mouseVisible = True
243.0422 	EXP 	Created unnamed Rect = Rect(__class__=<class 'psychopy.visual.rect.Rect'>, anchor=('center', 'center'), autoDraw=False, autoLog=True, closeShape=True, color=method-wrapper(...), colorSpace='rgb', contrast=None, depth=0, draggable=False, fillColor=array([1, 1, 1]), fillColorSpace='rgb', fillRGB=array([1, 1, 1]), interpolate=True, lineColor=array([1., 1., 1.]), lineColorSpace='rgb', lineRGB=array([1, 1, 1]), lineWidth=1.5, name='unnamed Rect', opacity=1.0, ori=0.0, pos=array([0., 0.]), size=array([0.01, 0.1 ]), units='norm', vertices=ndarray(...), win=Window(...))
243.0423 	EXP 	window1: mouseVisible = True
243.0424 	EXP 	window1: mouseVisible = True
243.0429 	EXP 	window1: mouseVisible = True
243.0440 	EXP 	window1: mouseVisible = True
243.0452 	EXP 	window1: mouseVisible = True
243.0453 	EXP 	window1: mouseVisible = True
243.0455 	EXP 	window1: mouseVisible = True
243.0457 	EXP 	window1: mouseVisible = True
243.0458 	EXP 	window1: mouseVisible = True
243.0459 	EXP 	window1: mouseVisible = True
243.0461 	EXP 	window1: mouseVisible = True
243.0462 	EXP 	window1: mouseVisible = True
243.0463 	EXP 	window1: mouseVisible = True
243.0465 	EXP 	window1: mouseVisible = True
243.0466 	EXP 	window1: mouseVisible = True
243.0467 	EXP 	window1: mouseVisible = True
243.0469 	EXP 	window1: mouseVisible = True
243.0471 	EXP 	window1: mouseVisible = True
243.0473 	EXP 	window1: mouseVisible = True
243.0476 	EXP 	window1: mouseVisible = True
243.0477 	EXP 	window1: mouseVisible = True
243.0479 	EXP 	window1: mouseVisible = True
243.0480 	EXP 	window1: mouseVisible = True
243.0481 	EXP 	window1: mouseVisible = True
243.0483 	EXP 	window1: mouseVisible = True
243.0484 	EXP 	window1: mouseVisible = True
243.0485 	EXP 	window1: mouseVisible = True
243.0487 	EXP 	window1: mouseVisible = True
243.0488 	EXP 	window1: mouseVisible = True
243.0489 	EXP 	window1: mouseVisible = True
243.0491 	EXP 	window1: mouseVisible = True
243.0492 	EXP 	window1: mouseVisible = True
243.0493 	EXP 	window1: mouseVisible = True
243.0494 	EXP 	window1: mouseVisible = True
243.0496 	EXP 	window1: mouseVisible = True
243.0498 	EXP 	window1: mouseVisible = True
243.0499 	EXP 	window1: mouseVisible = True
243.0500 	EXP 	window1: mouseVisible = True
243.0501 	EXP 	window1: mouseVisible = True
243.0503 	EXP 	window1: mouseVisible = True
243.0504 	EXP 	window1: mouseVisible = True
243.0505 	EXP 	window1: mouseVisible = True
243.0507 	EXP 	window1: mouseVisible = True
243.0508 	EXP 	window1: mouseVisible = True
243.0509 	EXP 	window1: mouseVisible = True
243.0511 	EXP 	window1: mouseVisible = True
243.0512 	EXP 	window1: mouseVisible = True
243.0513 	EXP 	window1: mouseVisible = True
243.0514 	EXP 	window1: mouseVisible = True
243.0516 	EXP 	window1: mouseVisible = True
243.0517 	EXP 	window1: mouseVisible = True
243.0519 	EXP 	window1: mouseVisible = True
243.0520 	EXP 	window1: mouseVisible = True
243.0521 	EXP 	window1: mouseVisible = True
243.0522 	EXP 	window1: mouseVisible = True
243.0524 	EXP 	window1: mouseVisible = True
243.0525 	EXP 	window1: mouseVisible = True
243.0526 	EXP 	window1: mouseVisible = True
243.0528 	EXP 	window1: mouseVisible = True
243.0529 	EXP 	window1: mouseVisible = True
243.0530 	EXP 	window1: mouseVisible = True
243.0531 	EXP 	window1: mouseVisible = True
243.0533 	EXP 	window1: mouseVisible = True
243.0534 	EXP 	window1: mouseVisible = True
243.0535 	EXP 	window1: mouseVisible = True
243.0537 	EXP 	window1: mouseVisible = True
243.0538 	EXP 	window1: mouseVisible = True
243.0540 	EXP 	window1: mouseVisible = True
243.0541 	EXP 	window1: mouseVisible = True
243.0542 	EXP 	window1: mouseVisible = True
243.0544 	EXP 	window1: mouseVisible = True
243.0545 	EXP 	window1: mouseVisible = True
243.0546 	EXP 	window1: mouseVisible = True
243.0547 	EXP 	window1: mouseVisible = True
243.0549 	EXP 	window1: mouseVisible = True
243.0550 	EXP 	window1: mouseVisible = True
243.0551 	EXP 	window1: mouseVisible = True
243.0553 	EXP 	window1: mouseVisible = True
243.0554 	EXP 	window1: mouseVisible = True
243.0555 	EXP 	window1: mouseVisible = True
243.0556 	EXP 	window1: mouseVisible = True
243.0558 	EXP 	window1: mouseVisible = True
243.0559 	EXP 	window1: mouseVisible = True
243.0560 	EXP 	window1: mouseVisible = True
243.0562 	EXP 	window1: mouseVisible = True
243.0563 	EXP 	window1: mouseVisible = True
243.0564 	EXP 	window1: mouseVisible = True
243.0565 	EXP 	window1: mouseVisible = True
243.0567 	EXP 	window1: mouseVisible = True
243.0568 	EXP 	window1: mouseVisible = True
243.0569 	EXP 	window1: mouseVisible = True
243.0570 	EXP 	window1: mouseVisible = True
243.0572 	EXP 	window1: mouseVisible = True
243.0573 	EXP 	window1: mouseVisible = True
243.0574 	EXP 	window1: mouseVisible = True
243.0576 	EXP 	window1: mouseVisible = True
243.0577 	EXP 	window1: mouseVisible = True
243.0578 	EXP 	window1: mouseVisible = True
243.0580 	EXP 	window1: mouseVisible = True
243.0581 	EXP 	window1: mouseVisible = True
243.0582 	EXP 	window1: mouseVisible = True
243.0583 	EXP 	window1: mouseVisible = True
243.0585 	EXP 	window1: mouseVisible = True
243.0586 	EXP 	window1: mouseVisible = True
243.0607 	EXP 	Created ratingScale = RatingScale(__class__=type(...), acceptKeys=['return'], acceptPreText=UNKNOWN, acceptSize=UNKNOWN, acceptText=UNKNOWN, autoLog=True, choices=False, colorSpace='rgb', depth=0, disappear=False, flipVert=False, high=100, kwargs=UNKNOWN, labels=list(...), leftKeys=['left'], lineColor=(255, 255, 255), low=0, marker=Rect(...), markerColor=(255, 255, 255), markerExpansion=UNKNOWN, markerStart=0.5, maxTime=0.0, minTime=0.4, mouseOnly=False, name='ratingScale', noMouse=False, pos=[0.0, 0.0], precision=100, respKeys=[], rightKeys=['right'], scale=None, self=UNKNOWN, showAccept=False, showValue=False, singleClick=False, size=0.6, skipKeys=['tab'], stretch=2.0, textColor='white', textFont='Helvetica Bold', textSize=0.144, tickHeight=0, tickMarks=10.0, win=Window(...))
243.0607 	EXP 	RatingScale ratingScale: reset()
243.0627 	EXP 	window1: mouseVisible = False
243.0742 	EXP 	thermode_locali: autoDraw = False
243.0742 	EXP 	thermode_locali: autoDraw = False
243.0742 	EXP 	ratingScale: flipVert = False
243.0742 	EXP 	ratingScale: autoLog = True
243.0756 	EXP 	window1: mouseVisible = False
243.0923 	EXP 	window1: mouseVisible = False
243.1089 	EXP 	window1: mouseVisible = False
243.1256 	EXP 	window1: mouseVisible = False
243.1425 	EXP 	window1: mouseVisible = False
243.1590 	EXP 	window1: mouseVisible = False
243.1756 	EXP 	window1: mouseVisible = False
243.1922 	EXP 	window1: mouseVisible = False
243.2089 	EXP 	window1: mouseVisible = False
243.2257 	EXP 	window1: mouseVisible = False
243.2423 	EXP 	window1: mouseVisible = False
243.2590 	EXP 	window1: mouseVisible = False
243.2755 	EXP 	window1: mouseVisible = False
243.2922 	EXP 	window1: mouseVisible = False
243.3089 	EXP 	window1: mouseVisible = False
243.3256 	EXP 	window1: mouseVisible = False
243.3422 	EXP 	window1: mouseVisible = False
243.3589 	EXP 	window1: mouseVisible = False
243.3756 	EXP 	window1: mouseVisible = False
243.3923 	EXP 	window1: mouseVisible = False
243.4089 	EXP 	window1: mouseVisible = False
243.4258 	EXP 	window1: mouseVisible = False
243.4424 	EXP 	window1: mouseVisible = False
243.4426 	DATA 	Keypress: n
243.4589 	EXP 	window1: mouseVisible = False
243.4755 	EXP 	window1: mouseVisible = False
243.4922 	EXP 	window1: mouseVisible = False
243.5091 	EXP 	window1: mouseVisible = False
243.5256 	EXP 	window1: mouseVisible = False
243.5422 	EXP 	window1: mouseVisible = False
243.5588 	EXP 	window1: mouseVisible = False
243.5755 	EXP 	window1: mouseVisible = False
243.5934 	EXP 	window1: mouseVisible = False
243.6089 	EXP 	window1: mouseVisible = False
243.6256 	EXP 	window1: mouseVisible = False
243.6423 	EXP 	window1: mouseVisible = False
243.6590 	EXP 	window1: mouseVisible = False
243.6756 	EXP 	window1: mouseVisible = False
243.6923 	EXP 	window1: mouseVisible = False
243.7089 	EXP 	window1: mouseVisible = False
243.7259 	EXP 	window1: mouseVisible = False
243.7423 	EXP 	window1: mouseVisible = False
243.7589 	EXP 	window1: mouseVisible = False
243.7756 	EXP 	window1: mouseVisible = False
243.7922 	EXP 	window1: mouseVisible = False
243.8089 	EXP 	window1: mouseVisible = False
243.8256 	EXP 	window1: mouseVisible = False
243.8422 	EXP 	window1: mouseVisible = False
243.8589 	EXP 	window1: mouseVisible = False
243.8755 	EXP 	window1: mouseVisible = False
243.8923 	EXP 	window1: mouseVisible = False
243.9089 	EXP 	window1: mouseVisible = False
243.9256 	EXP 	window1: mouseVisible = False
243.9425 	EXP 	window1: mouseVisible = False
243.9589 	EXP 	window1: mouseVisible = False
243.9756 	EXP 	window1: mouseVisible = False
243.9923 	EXP 	window1: mouseVisible = False
244.0090 	EXP 	window1: mouseVisible = False
244.0257 	EXP 	window1: mouseVisible = False
244.0423 	EXP 	window1: mouseVisible = False
244.0590 	EXP 	window1: mouseVisible = False
244.0756 	EXP 	window1: mouseVisible = False
244.0924 	EXP 	window1: mouseVisible = False
244.1090 	EXP 	window1: mouseVisible = False
244.1257 	EXP 	window1: mouseVisible = False
244.1424 	EXP 	window1: mouseVisible = False
244.1590 	EXP 	window1: mouseVisible = False
244.1756 	EXP 	window1: mouseVisible = False
244.1923 	EXP 	window1: mouseVisible = False
244.2089 	EXP 	window1: mouseVisible = False
244.2256 	EXP 	window1: mouseVisible = False
244.2423 	EXP 	window1: mouseVisible = False
244.2590 	EXP 	window1: mouseVisible = False
244.2755 	EXP 	window1: mouseVisible = False
244.2924 	EXP 	window1: mouseVisible = False
244.3091 	EXP 	window1: mouseVisible = False
244.3256 	EXP 	window1: mouseVisible = False
244.3424 	EXP 	window1: mouseVisible = False
244.3589 	EXP 	window1: mouseVisible = False
244.3757 	EXP 	window1: mouseVisible = False
244.3923 	EXP 	window1: mouseVisible = False
244.4090 	EXP 	window1: mouseVisible = False
244.4256 	EXP 	window1: mouseVisible = False
244.4423 	EXP 	window1: mouseVisible = False
244.4590 	EXP 	window1: mouseVisible = False
244.4756 	EXP 	window1: mouseVisible = False
244.4923 	EXP 	window1: mouseVisible = False
244.5089 	EXP 	window1: mouseVisible = False
244.5257 	EXP 	window1: mouseVisible = False
244.5423 	EXP 	window1: mouseVisible = False
244.5590 	EXP 	window1: mouseVisible = False
244.5756 	EXP 	window1: mouseVisible = False
244.5924 	EXP 	window1: mouseVisible = False
244.6101 	EXP 	window1: mouseVisible = False
244.6257 	EXP 	window1: mouseVisible = False
244.6426 	EXP 	window1: mouseVisible = False
244.6591 	EXP 	window1: mouseVisible = False
244.6758 	EXP 	window1: mouseVisible = False
244.6927 	EXP 	window1: mouseVisible = False
244.7092 	EXP 	window1: mouseVisible = False
244.7256 	EXP 	window1: mouseVisible = False
244.7425 	EXP 	window1: mouseVisible = False
244.7590 	EXP 	window1: mouseVisible = False
244.7759 	EXP 	window1: mouseVisible = False
244.7923 	EXP 	window1: mouseVisible = False
244.8090 	EXP 	window1: mouseVisible = False
244.8256 	EXP 	window1: mouseVisible = False
244.8423 	EXP 	window1: mouseVisible = False
244.8589 	EXP 	window1: mouseVisible = False
244.8760 	EXP 	window1: mouseVisible = False
244.8924 	EXP 	window1: mouseVisible = False
244.9090 	EXP 	window1: mouseVisible = False
244.9256 	EXP 	window1: mouseVisible = False
244.9423 	EXP 	window1: mouseVisible = False
244.9589 	EXP 	window1: mouseVisible = False
244.9756 	EXP 	window1: mouseVisible = False
244.9922 	EXP 	window1: mouseVisible = False
245.0089 	EXP 	window1: mouseVisible = False
245.0256 	EXP 	window1: mouseVisible = False
245.0422 	EXP 	window1: mouseVisible = False
245.0589 	EXP 	window1: mouseVisible = False
245.0756 	EXP 	window1: mouseVisible = False
245.0922 	EXP 	window1: mouseVisible = False
245.1089 	EXP 	window1: mouseVisible = False
245.1256 	EXP 	window1: mouseVisible = False
245.1422 	EXP 	window1: mouseVisible = False
245.1589 	EXP 	window1: mouseVisible = False
245.1756 	EXP 	window1: mouseVisible = False
245.1923 	EXP 	window1: mouseVisible = False
245.2089 	EXP 	window1: mouseVisible = False
245.2256 	EXP 	window1: mouseVisible = False
245.2423 	EXP 	window1: mouseVisible = False
245.2590 	EXP 	window1: mouseVisible = False
245.2756 	EXP 	window1: mouseVisible = False
245.2923 	EXP 	window1: mouseVisible = False
245.3090 	EXP 	window1: mouseVisible = False
245.3256 	EXP 	window1: mouseVisible = False
245.3422 	EXP 	window1: mouseVisible = False
245.3589 	EXP 	window1: mouseVisible = False
245.3756 	EXP 	window1: mouseVisible = False
245.3922 	EXP 	window1: mouseVisible = False
245.4090 	EXP 	window1: mouseVisible = False
245.4256 	EXP 	window1: mouseVisible = False
245.4423 	EXP 	window1: mouseVisible = False
245.4590 	EXP 	window1: mouseVisible = False
245.4756 	EXP 	window1: mouseVisible = False
245.4922 	EXP 	window1: mouseVisible = False
245.5089 	EXP 	window1: mouseVisible = False
245.5256 	EXP 	window1: mouseVisible = False
245.5424 	EXP 	window1: mouseVisible = False
245.5589 	EXP 	window1: mouseVisible = False
245.5756 	EXP 	window1: mouseVisible = False
245.5923 	EXP 	window1: mouseVisible = False
245.6089 	EXP 	window1: mouseVisible = False
245.6256 	EXP 	window1: mouseVisible = False
245.6423 	EXP 	window1: mouseVisible = False
245.6590 	EXP 	window1: mouseVisible = False
245.6756 	EXP 	window1: mouseVisible = False
245.6923 	EXP 	window1: mouseVisible = False
245.7089 	EXP 	window1: mouseVisible = False
245.7256 	EXP 	window1: mouseVisible = False
245.7424 	EXP 	window1: mouseVisible = False
245.7589 	EXP 	window1: mouseVisible = False
245.7756 	EXP 	window1: mouseVisible = False
245.7923 	EXP 	window1: mouseVisible = False
245.8090 	EXP 	window1: mouseVisible = False
245.8256 	EXP 	window1: mouseVisible = False
245.8419 	DATA 	Keypress: n
245.8425 	EXP 	window1: mouseVisible = False
245.8590 	EXP 	window1: mouseVisible = False
245.8756 	EXP 	window1: mouseVisible = False
245.8922 	EXP 	window1: mouseVisible = False
245.9089 	EXP 	window1: mouseVisible = False
245.9256 	EXP 	window1: mouseVisible = False
245.9423 	EXP 	window1: mouseVisible = False
245.9589 	EXP 	window1: mouseVisible = False
245.9757 	EXP 	window1: mouseVisible = False
245.9923 	EXP 	window1: mouseVisible = False
246.0089 	EXP 	window1: mouseVisible = False
246.0256 	EXP 	window1: mouseVisible = False
246.0423 	EXP 	window1: mouseVisible = False
246.0589 	EXP 	window1: mouseVisible = False
246.0756 	EXP 	window1: mouseVisible = False
246.0923 	EXP 	window1: mouseVisible = False
246.1089 	EXP 	window1: mouseVisible = False
246.1256 	EXP 	window1: mouseVisible = False
246.1422 	EXP 	window1: mouseVisible = False
246.1590 	EXP 	window1: mouseVisible = False
246.1756 	EXP 	window1: mouseVisible = False
246.1923 	EXP 	window1: mouseVisible = False
246.2090 	EXP 	window1: mouseVisible = False
246.2256 	EXP 	window1: mouseVisible = False
246.2423 	EXP 	window1: mouseVisible = False
246.2589 	EXP 	window1: mouseVisible = False
246.2756 	EXP 	window1: mouseVisible = False
246.2923 	EXP 	window1: mouseVisible = False
246.3089 	EXP 	window1: mouseVisible = False
246.3256 	EXP 	window1: mouseVisible = False
246.3423 	EXP 	window1: mouseVisible = False
246.3589 	EXP 	window1: mouseVisible = False
246.3756 	EXP 	window1: mouseVisible = False
246.3922 	DATA 	Keypress: space
246.4931 	EXP 	New trial (rep=3, index=0): None
246.5075 	EXP 	main_text: autoDraw = True
246.5075 	EXP 	confirm_text: autoDraw = True
246.5075 	EXP 	ratingScale: autoDraw = False
246.5075 	EXP 	main_text: autoDraw = False
246.5075 	EXP 	confirm_text: autoDraw = False
246.5075 	EXP 	text_2: autoDraw = True
246.5075 	EXP 	croix: autoDraw = True
251.5076 	EXP 	text_2: autoDraw = False
251.5076 	EXP 	croix: autoDraw = False
251.5076 	EXP 	text_2: autoDraw = False
251.5076 	EXP 	croix: autoDraw = False
251.5076 	EXP 	thermode_locali: autoDraw = True
263.4914 	EXP 	window1: mouseVisible = True
263.4924 	EXP 	Created unnamed Rect = Rect(__class__=<class 'psychopy.visual.rect.Rect'>, anchor=('center', 'center'), autoDraw=False, autoLog=True, closeShape=True, color=method-wrapper(...), colorSpace='rgb', contrast=None, depth=0, draggable=False, fillColor=array([1, 1, 1]), fillColorSpace='rgb', fillRGB=array([1, 1, 1]), interpolate=True, lineColor=array([1., 1., 1.]), lineColorSpace='rgb', lineRGB=array([1, 1, 1]), lineWidth=1.5, name='unnamed Rect', opacity=1.0, ori=0.0, pos=array([0., 0.]), size=array([0.01, 0.1 ]), units='norm', vertices=ndarray(...), win=Window(...))
263.4925 	EXP 	window1: mouseVisible = True
263.4926 	EXP 	window1: mouseVisible = True
263.4931 	EXP 	window1: mouseVisible = True
263.4942 	EXP 	window1: mouseVisible = True
263.4953 	EXP 	window1: mouseVisible = True
263.4954 	EXP 	window1: mouseVisible = True
263.4956 	EXP 	window1: mouseVisible = True
263.4957 	EXP 	window1: mouseVisible = True
263.4959 	EXP 	window1: mouseVisible = True
263.4960 	EXP 	window1: mouseVisible = True
263.4961 	EXP 	window1: mouseVisible = True
263.4963 	EXP 	window1: mouseVisible = True
263.4964 	EXP 	window1: mouseVisible = True
263.4965 	EXP 	window1: mouseVisible = True
263.4967 	EXP 	window1: mouseVisible = True
263.4968 	EXP 	window1: mouseVisible = True
263.4969 	EXP 	window1: mouseVisible = True
263.4970 	EXP 	window1: mouseVisible = True
263.4972 	EXP 	window1: mouseVisible = True
263.4974 	EXP 	window1: mouseVisible = True
263.4975 	EXP 	window1: mouseVisible = True
263.4977 	EXP 	window1: mouseVisible = True
263.4978 	EXP 	window1: mouseVisible = True
263.4979 	EXP 	window1: mouseVisible = True
263.4981 	EXP 	window1: mouseVisible = True
263.4982 	EXP 	window1: mouseVisible = True
263.4983 	EXP 	window1: mouseVisible = True
263.4985 	EXP 	window1: mouseVisible = True
263.4986 	EXP 	window1: mouseVisible = True
263.4987 	EXP 	window1: mouseVisible = True
263.4988 	EXP 	window1: mouseVisible = True
263.4990 	EXP 	window1: mouseVisible = True
263.4991 	EXP 	window1: mouseVisible = True
263.4992 	EXP 	window1: mouseVisible = True
263.4994 	EXP 	window1: mouseVisible = True
263.4995 	EXP 	window1: mouseVisible = True
263.4996 	EXP 	window1: mouseVisible = True
263.4997 	EXP 	window1: mouseVisible = True
263.4999 	EXP 	window1: mouseVisible = True
263.5000 	EXP 	window1: mouseVisible = True
263.5005 	EXP 	window1: mouseVisible = True
263.5007 	EXP 	window1: mouseVisible = True
263.5009 	EXP 	window1: mouseVisible = True
263.5010 	EXP 	window1: mouseVisible = True
263.5011 	EXP 	window1: mouseVisible = True
263.5013 	EXP 	window1: mouseVisible = True
263.5014 	EXP 	window1: mouseVisible = True
263.5016 	EXP 	window1: mouseVisible = True
263.5017 	EXP 	window1: mouseVisible = True
263.5018 	EXP 	window1: mouseVisible = True
263.5019 	EXP 	window1: mouseVisible = True
263.5024 	EXP 	window1: mouseVisible = True
263.5025 	EXP 	window1: mouseVisible = True
263.5027 	EXP 	window1: mouseVisible = True
263.5028 	EXP 	window1: mouseVisible = True
263.5030 	EXP 	window1: mouseVisible = True
263.5031 	EXP 	window1: mouseVisible = True
263.5032 	EXP 	window1: mouseVisible = True
263.5034 	EXP 	window1: mouseVisible = True
263.5035 	EXP 	window1: mouseVisible = True
263.5036 	EXP 	window1: mouseVisible = True
263.5038 	EXP 	window1: mouseVisible = True
263.5039 	EXP 	window1: mouseVisible = True
263.5040 	EXP 	window1: mouseVisible = True
263.5042 	EXP 	window1: mouseVisible = True
263.5043 	EXP 	window1: mouseVisible = True
263.5044 	EXP 	window1: mouseVisible = True
263.5045 	EXP 	window1: mouseVisible = True
263.5047 	EXP 	window1: mouseVisible = True
263.5048 	EXP 	window1: mouseVisible = True
263.5050 	EXP 	window1: mouseVisible = True
263.5051 	EXP 	window1: mouseVisible = True
263.5052 	EXP 	window1: mouseVisible = True
263.5053 	EXP 	window1: mouseVisible = True
263.5055 	EXP 	window1: mouseVisible = True
263.5056 	EXP 	window1: mouseVisible = True
263.5057 	EXP 	window1: mouseVisible = True
263.5059 	EXP 	window1: mouseVisible = True
263.5060 	EXP 	window1: mouseVisible = True
263.5061 	EXP 	window1: mouseVisible = True
263.5063 	EXP 	window1: mouseVisible = True
263.5064 	EXP 	window1: mouseVisible = True
263.5065 	EXP 	window1: mouseVisible = True
263.5067 	EXP 	window1: mouseVisible = True
263.5068 	EXP 	window1: mouseVisible = True
263.5069 	EXP 	window1: mouseVisible = True
263.5071 	EXP 	window1: mouseVisible = True
263.5072 	EXP 	window1: mouseVisible = True
263.5073 	EXP 	window1: mouseVisible = True
263.5074 	EXP 	window1: mouseVisible = True
263.5076 	EXP 	window1: mouseVisible = True
263.5077 	EXP 	window1: mouseVisible = True
263.5078 	EXP 	window1: mouseVisible = True
263.5080 	EXP 	window1: mouseVisible = True
263.5081 	EXP 	window1: mouseVisible = True
263.5082 	EXP 	window1: mouseVisible = True
263.5083 	EXP 	window1: mouseVisible = True
263.5085 	EXP 	window1: mouseVisible = True
263.5086 	EXP 	window1: mouseVisible = True
263.5087 	EXP 	window1: mouseVisible = True
263.5089 	EXP 	window1: mouseVisible = True
263.5090 	EXP 	window1: mouseVisible = True
263.5091 	EXP 	window1: mouseVisible = True
263.5092 	EXP 	window1: mouseVisible = True
263.5114 	EXP 	Created ratingScale = RatingScale(__class__=type(...), acceptKeys=['return'], acceptPreText=UNKNOWN, acceptSize=UNKNOWN, acceptText=UNKNOWN, autoLog=True, choices=False, colorSpace='rgb', depth=0, disappear=False, flipVert=False, high=100, kwargs=UNKNOWN, labels=list(...), leftKeys=['left'], lineColor=(255, 255, 255), low=0, marker=Rect(...), markerColor=(255, 255, 255), markerExpansion=UNKNOWN, markerStart=0.5, maxTime=0.0, minTime=0.4, mouseOnly=False, name='ratingScale', noMouse=False, pos=[0.0, 0.0], precision=100, respKeys=[], rightKeys=['right'], scale=None, self=UNKNOWN, showAccept=False, showValue=False, singleClick=False, size=0.6, skipKeys=['tab'], stretch=2.0, textColor='white', textFont='Helvetica Bold', textSize=0.144, tickHeight=0, tickMarks=10.0, win=Window(...))
263.5114 	EXP 	RatingScale ratingScale: reset()
263.5133 	EXP 	window1: mouseVisible = False
263.5244 	EXP 	thermode_locali: autoDraw = False
263.5244 	EXP 	thermode_locali: autoDraw = False
263.5244 	EXP 	ratingScale: flipVert = False
263.5244 	EXP 	ratingScale: autoLog = True
263.5259 	EXP 	window1: mouseVisible = False
263.5424 	EXP 	window1: mouseVisible = False
263.5590 	EXP 	window1: mouseVisible = False
263.5759 	EXP 	window1: mouseVisible = False
263.5924 	EXP 	window1: mouseVisible = False
263.6091 	EXP 	window1: mouseVisible = False
263.6257 	EXP 	window1: mouseVisible = False
263.6425 	EXP 	window1: mouseVisible = False
263.6590 	EXP 	window1: mouseVisible = False
263.6758 	EXP 	window1: mouseVisible = False
263.6924 	EXP 	window1: mouseVisible = False
263.7091 	EXP 	window1: mouseVisible = False
263.7259 	EXP 	window1: mouseVisible = False
263.7425 	EXP 	window1: mouseVisible = False
263.7591 	EXP 	window1: mouseVisible = False
263.7757 	EXP 	window1: mouseVisible = False
263.7924 	EXP 	window1: mouseVisible = False
263.8091 	EXP 	window1: mouseVisible = False
263.8259 	EXP 	window1: mouseVisible = False
263.8424 	EXP 	window1: mouseVisible = False
263.8591 	EXP 	window1: mouseVisible = False
263.8757 	EXP 	window1: mouseVisible = False
263.8924 	EXP 	window1: mouseVisible = False
263.9091 	EXP 	window1: mouseVisible = False
263.9259 	EXP 	window1: mouseVisible = False
263.9424 	EXP 	window1: mouseVisible = False
263.9606 	EXP 	window1: mouseVisible = False
263.9759 	EXP 	window1: mouseVisible = False
263.9925 	EXP 	window1: mouseVisible = False
264.0087 	DATA 	Keypress: m
264.0093 	EXP 	window1: mouseVisible = False
264.0258 	EXP 	window1: mouseVisible = False
264.0424 	EXP 	window1: mouseVisible = False
264.0591 	EXP 	window1: mouseVisible = False
264.0757 	EXP 	window1: mouseVisible = False
264.0927 	EXP 	window1: mouseVisible = False
264.1092 	EXP 	window1: mouseVisible = False
264.1258 	EXP 	window1: mouseVisible = False
264.1425 	EXP 	window1: mouseVisible = False
264.1592 	EXP 	window1: mouseVisible = False
264.1759 	EXP 	window1: mouseVisible = False
264.1926 	EXP 	window1: mouseVisible = False
264.2092 	EXP 	window1: mouseVisible = False
264.2259 	EXP 	window1: mouseVisible = False
264.2425 	EXP 	window1: mouseVisible = False
264.2592 	EXP 	window1: mouseVisible = False
264.2758 	EXP 	window1: mouseVisible = False
264.2925 	EXP 	window1: mouseVisible = False
264.3092 	EXP 	window1: mouseVisible = False
264.3258 	EXP 	window1: mouseVisible = False
264.3424 	EXP 	window1: mouseVisible = False
264.3592 	EXP 	window1: mouseVisible = False
264.3758 	EXP 	window1: mouseVisible = False
264.3925 	EXP 	window1: mouseVisible = False
264.4091 	EXP 	window1: mouseVisible = False
264.4258 	EXP 	window1: mouseVisible = False
264.4426 	EXP 	window1: mouseVisible = False
264.4592 	EXP 	window1: mouseVisible = False
264.4758 	EXP 	window1: mouseVisible = False
264.4925 	EXP 	window1: mouseVisible = False
264.5092 	EXP 	window1: mouseVisible = False
264.5259 	EXP 	window1: mouseVisible = False
264.5424 	EXP 	window1: mouseVisible = False
264.5592 	EXP 	window1: mouseVisible = False
264.5758 	EXP 	window1: mouseVisible = False
264.5925 	EXP 	window1: mouseVisible = False
264.6091 	EXP 	window1: mouseVisible = False
264.6259 	EXP 	window1: mouseVisible = False
264.6425 	EXP 	window1: mouseVisible = False
264.6592 	EXP 	window1: mouseVisible = False
264.6758 	EXP 	window1: mouseVisible = False
264.6926 	EXP 	window1: mouseVisible = False
264.7095 	EXP 	window1: mouseVisible = False
264.7258 	EXP 	window1: mouseVisible = False
264.7426 	EXP 	window1: mouseVisible = False
264.7592 	EXP 	window1: mouseVisible = False
264.7760 	EXP 	window1: mouseVisible = False
264.7925 	EXP 	window1: mouseVisible = False
264.8093 	EXP 	window1: mouseVisible = False
264.8258 	EXP 	window1: mouseVisible = False
264.8425 	EXP 	window1: mouseVisible = False
264.8592 	EXP 	window1: mouseVisible = False
264.8758 	EXP 	window1: mouseVisible = False
264.8926 	EXP 	window1: mouseVisible = False
264.9092 	EXP 	window1: mouseVisible = False
264.9258 	EXP 	window1: mouseVisible = False
264.9425 	EXP 	window1: mouseVisible = False
264.9591 	EXP 	window1: mouseVisible = False
264.9758 	EXP 	window1: mouseVisible = False
264.9925 	EXP 	window1: mouseVisible = False
265.0094 	EXP 	window1: mouseVisible = False
265.0258 	EXP 	window1: mouseVisible = False
265.0425 	EXP 	window1: mouseVisible = False
265.0593 	EXP 	window1: mouseVisible = False
265.0760 	EXP 	window1: mouseVisible = False
265.0925 	EXP 	window1: mouseVisible = False
265.1093 	EXP 	window1: mouseVisible = False
265.1258 	EXP 	window1: mouseVisible = False
265.1426 	EXP 	window1: mouseVisible = False
265.1593 	EXP 	window1: mouseVisible = False
265.1759 	EXP 	window1: mouseVisible = False
265.1924 	EXP 	window1: mouseVisible = False
265.2091 	EXP 	window1: mouseVisible = False
265.2257 	EXP 	window1: mouseVisible = False
265.2425 	EXP 	window1: mouseVisible = False
265.2592 	EXP 	window1: mouseVisible = False
265.2757 	EXP 	window1: mouseVisible = False
265.2925 	EXP 	window1: mouseVisible = False
265.3092 	EXP 	window1: mouseVisible = False
265.3261 	EXP 	window1: mouseVisible = False
265.3425 	EXP 	window1: mouseVisible = False
265.3591 	EXP 	window1: mouseVisible = False
265.3758 	EXP 	window1: mouseVisible = False
265.3924 	EXP 	window1: mouseVisible = False
265.4092 	EXP 	window1: mouseVisible = False
265.4257 	EXP 	window1: mouseVisible = False
265.4425 	EXP 	window1: mouseVisible = False
265.4591 	EXP 	window1: mouseVisible = False
265.4758 	EXP 	window1: mouseVisible = False
265.4924 	EXP 	window1: mouseVisible = False
265.5092 	EXP 	window1: mouseVisible = False
265.5258 	EXP 	window1: mouseVisible = False
265.5425 	EXP 	window1: mouseVisible = False
265.5591 	EXP 	window1: mouseVisible = False
265.5758 	EXP 	window1: mouseVisible = False
265.5927 	EXP 	window1: mouseVisible = False
265.6093 	EXP 	window1: mouseVisible = False
265.6259 	EXP 	window1: mouseVisible = False
265.6425 	EXP 	window1: mouseVisible = False
265.6592 	EXP 	window1: mouseVisible = False
265.6758 	EXP 	window1: mouseVisible = False
265.6925 	EXP 	window1: mouseVisible = False
265.7092 	EXP 	window1: mouseVisible = False
265.7258 	EXP 	window1: mouseVisible = False
265.7425 	EXP 	window1: mouseVisible = False
265.7592 	EXP 	window1: mouseVisible = False
265.7758 	EXP 	window1: mouseVisible = False
265.7926 	EXP 	window1: mouseVisible = False
265.8092 	EXP 	window1: mouseVisible = False
265.8259 	EXP 	window1: mouseVisible = False
265.8425 	EXP 	window1: mouseVisible = False
265.8592 	EXP 	window1: mouseVisible = False
265.8759 	EXP 	window1: mouseVisible = False
265.8925 	EXP 	window1: mouseVisible = False
265.9092 	EXP 	window1: mouseVisible = False
265.9258 	EXP 	window1: mouseVisible = False
265.9425 	EXP 	window1: mouseVisible = False
265.9592 	EXP 	window1: mouseVisible = False
265.9758 	EXP 	window1: mouseVisible = False
265.9926 	EXP 	window1: mouseVisible = False
266.0092 	EXP 	window1: mouseVisible = False
266.0258 	EXP 	window1: mouseVisible = False
266.0425 	EXP 	window1: mouseVisible = False
266.0594 	DATA 	Keypress: space
266.1594 	EXP 	New trial (rep=4, index=0): None
266.1744 	EXP 	main_text: autoDraw = True
266.1744 	EXP 	confirm_text: autoDraw = True
266.1744 	EXP 	ratingScale: autoDraw = False
266.1744 	EXP 	main_text: autoDraw = False
266.1744 	EXP 	confirm_text: autoDraw = False
266.1744 	EXP 	text_2: autoDraw = True
266.1744 	EXP 	croix: autoDraw = True
271.1745 	EXP 	text_2: autoDraw = False
271.1745 	EXP 	croix: autoDraw = False
271.1745 	EXP 	text_2: autoDraw = False
271.1745 	EXP 	croix: autoDraw = False
271.1745 	EXP 	thermode_locali: autoDraw = True
283.1584 	EXP 	window1: mouseVisible = True
283.1592 	EXP 	Created unnamed Rect = Rect(__class__=<class 'psychopy.visual.rect.Rect'>, anchor=('center', 'center'), autoDraw=False, autoLog=True, closeShape=True, color=method-wrapper(...), colorSpace='rgb', contrast=None, depth=0, draggable=False, fillColor=array([1, 1, 1]), fillColorSpace='rgb', fillRGB=array([1, 1, 1]), interpolate=True, lineColor=array([1., 1., 1.]), lineColorSpace='rgb', lineRGB=array([1, 1, 1]), lineWidth=1.5, name='unnamed Rect', opacity=1.0, ori=0.0, pos=array([0., 0.]), size=array([0.01, 0.1 ]), units='norm', vertices=ndarray(...), win=Window(...))
283.1593 	EXP 	window1: mouseVisible = True
283.1595 	EXP 	window1: mouseVisible = True
283.1600 	EXP 	window1: mouseVisible = True
283.1615 	EXP 	window1: mouseVisible = True
283.1627 	EXP 	window1: mouseVisible = True
283.1629 	EXP 	window1: mouseVisible = True
283.1630 	EXP 	window1: mouseVisible = True
283.1632 	EXP 	window1: mouseVisible = True
283.1633 	EXP 	window1: mouseVisible = True
283.1635 	EXP 	window1: mouseVisible = True
283.1637 	EXP 	window1: mouseVisible = True
283.1638 	EXP 	window1: mouseVisible = True
283.1640 	EXP 	window1: mouseVisible = True
283.1641 	EXP 	window1: mouseVisible = True
283.1642 	EXP 	window1: mouseVisible = True
283.1644 	EXP 	window1: mouseVisible = True
283.1645 	EXP 	window1: mouseVisible = True
283.1646 	EXP 	window1: mouseVisible = True
283.1648 	EXP 	window1: mouseVisible = True
283.1649 	EXP 	window1: mouseVisible = True
283.1650 	EXP 	window1: mouseVisible = True
283.1652 	EXP 	window1: mouseVisible = True
283.1653 	EXP 	window1: mouseVisible = True
283.1654 	EXP 	window1: mouseVisible = True
283.1655 	EXP 	window1: mouseVisible = True
283.1657 	EXP 	window1: mouseVisible = True
283.1658 	EXP 	window1: mouseVisible = True
283.1659 	EXP 	window1: mouseVisible = True
283.1661 	EXP 	window1: mouseVisible = True
283.1662 	EXP 	window1: mouseVisible = True
283.1663 	EXP 	window1: mouseVisible = True
283.1664 	EXP 	window1: mouseVisible = True
283.1666 	EXP 	window1: mouseVisible = True
283.1667 	EXP 	window1: mouseVisible = True
283.1668 	EXP 	window1: mouseVisible = True
283.1670 	EXP 	window1: mouseVisible = True
283.1671 	EXP 	window1: mouseVisible = True
283.1672 	EXP 	window1: mouseVisible = True
283.1673 	EXP 	window1: mouseVisible = True
283.1675 	EXP 	window1: mouseVisible = True
283.1676 	EXP 	window1: mouseVisible = True
283.1677 	EXP 	window1: mouseVisible = True
283.1678 	EXP 	window1: mouseVisible = True
283.1680 	EXP 	window1: mouseVisible = True
283.1681 	EXP 	window1: mouseVisible = True
283.1683 	EXP 	window1: mouseVisible = True
283.1684 	EXP 	window1: mouseVisible = True
283.1685 	EXP 	window1: mouseVisible = True
283.1686 	EXP 	window1: mouseVisible = True
283.1688 	EXP 	window1: mouseVisible = True
283.1689 	EXP 	window1: mouseVisible = True
283.1690 	EXP 	window1: mouseVisible = True
283.1692 	EXP 	window1: mouseVisible = True
283.1693 	EXP 	window1: mouseVisible = True
283.1694 	EXP 	window1: mouseVisible = True
283.1695 	EXP 	window1: mouseVisible = True
283.1697 	EXP 	window1: mouseVisible = True
283.1698 	EXP 	window1: mouseVisible = True
283.1699 	EXP 	window1: mouseVisible = True
283.1700 	EXP 	window1: mouseVisible = True
283.1702 	EXP 	window1: mouseVisible = True
283.1703 	EXP 	window1: mouseVisible = True
283.1704 	EXP 	window1: mouseVisible = True
283.1705 	EXP 	window1: mouseVisible = True
283.1707 	EXP 	window1: mouseVisible = True
283.1708 	EXP 	window1: mouseVisible = True
283.1709 	EXP 	window1: mouseVisible = True
283.1711 	EXP 	window1: mouseVisible = True
283.1712 	EXP 	window1: mouseVisible = True
283.1713 	EXP 	window1: mouseVisible = True
283.1714 	EXP 	window1: mouseVisible = True
283.1716 	EXP 	window1: mouseVisible = True
283.1717 	EXP 	window1: mouseVisible = True
283.1718 	EXP 	window1: mouseVisible = True
283.1720 	EXP 	window1: mouseVisible = True
283.1721 	EXP 	window1: mouseVisible = True
283.1722 	EXP 	window1: mouseVisible = True
283.1723 	EXP 	window1: mouseVisible = True
283.1725 	EXP 	window1: mouseVisible = True
283.1726 	EXP 	window1: mouseVisible = True
283.1727 	EXP 	window1: mouseVisible = True
283.1728 	EXP 	window1: mouseVisible = True
283.1730 	EXP 	window1: mouseVisible = True
283.1731 	EXP 	window1: mouseVisible = True
283.1733 	EXP 	window1: mouseVisible = True
283.1734 	EXP 	window1: mouseVisible = True
283.1735 	EXP 	window1: mouseVisible = True
283.1737 	EXP 	window1: mouseVisible = True
283.1738 	EXP 	window1: mouseVisible = True
283.1739 	EXP 	window1: mouseVisible = True
283.1740 	EXP 	window1: mouseVisible = True
283.1742 	EXP 	window1: mouseVisible = True
283.1743 	EXP 	window1: mouseVisible = True
283.1744 	EXP 	window1: mouseVisible = True
283.1746 	EXP 	window1: mouseVisible = True
283.1747 	EXP 	window1: mouseVisible = True
283.1748 	EXP 	window1: mouseVisible = True
283.1749 	EXP 	window1: mouseVisible = True
283.1751 	EXP 	window1: mouseVisible = True
283.1752 	EXP 	window1: mouseVisible = True
283.1753 	EXP 	window1: mouseVisible = True
283.1754 	EXP 	window1: mouseVisible = True
283.1756 	EXP 	window1: mouseVisible = True
283.1757 	EXP 	window1: mouseVisible = True
283.1780 	EXP 	Created ratingScale = RatingScale(__class__=type(...), acceptKeys=['return'], acceptPreText=UNKNOWN, acceptSize=UNKNOWN, acceptText=UNKNOWN, autoLog=True, choices=False, colorSpace='rgb', depth=0, disappear=False, flipVert=False, high=100, kwargs=UNKNOWN, labels=list(...), leftKeys=['left'], lineColor=(255, 255, 255), low=0, marker=Rect(...), markerColor=(255, 255, 255), markerExpansion=UNKNOWN, markerStart=0.5, maxTime=0.0, minTime=0.4, mouseOnly=False, name='ratingScale', noMouse=False, pos=[0.0, 0.0], precision=100, respKeys=[], rightKeys=['right'], scale=None, self=UNKNOWN, showAccept=False, showValue=False, singleClick=False, size=0.6, skipKeys=['tab'], stretch=2.0, textColor='white', textFont='Helvetica Bold', textSize=0.144, tickHeight=0, tickMarks=10.0, win=Window(...))
283.1780 	EXP 	RatingScale ratingScale: reset()
283.1800 	EXP 	window1: mouseVisible = False
283.1912 	EXP 	thermode_locali: autoDraw = False
283.1912 	EXP 	thermode_locali: autoDraw = False
283.1912 	EXP 	ratingScale: flipVert = False
283.1912 	EXP 	ratingScale: autoLog = True
283.1926 	EXP 	window1: mouseVisible = False
283.2093 	EXP 	window1: mouseVisible = False
283.2263 	EXP 	window1: mouseVisible = False
283.2426 	EXP 	window1: mouseVisible = False
283.2593 	EXP 	window1: mouseVisible = False
283.2759 	EXP 	window1: mouseVisible = False
283.2927 	EXP 	window1: mouseVisible = False
283.3098 	EXP 	window1: mouseVisible = False
283.3259 	EXP 	window1: mouseVisible = False
283.3426 	EXP 	window1: mouseVisible = False
283.3592 	EXP 	window1: mouseVisible = False
283.3759 	EXP 	window1: mouseVisible = False
283.3927 	EXP 	window1: mouseVisible = False
283.4093 	EXP 	window1: mouseVisible = False
283.4259 	EXP 	window1: mouseVisible = False
283.4426 	EXP 	window1: mouseVisible = False
283.4592 	EXP 	window1: mouseVisible = False
283.4759 	EXP 	window1: mouseVisible = False
283.4926 	EXP 	window1: mouseVisible = False
283.5092 	EXP 	window1: mouseVisible = False
283.5259 	EXP 	window1: mouseVisible = False
283.5427 	EXP 	window1: mouseVisible = False
283.5590 	DATA 	Keypress: n
283.5595 	EXP 	window1: mouseVisible = False
283.5759 	EXP 	window1: mouseVisible = False
283.5926 	EXP 	window1: mouseVisible = False
283.6092 	EXP 	window1: mouseVisible = False
283.6260 	EXP 	window1: mouseVisible = False
283.6426 	EXP 	window1: mouseVisible = False
283.6592 	EXP 	window1: mouseVisible = False
283.6759 	EXP 	window1: mouseVisible = False
283.6926 	EXP 	window1: mouseVisible = False
283.7109 	EXP 	window1: mouseVisible = False
283.7260 	EXP 	window1: mouseVisible = False
283.7428 	EXP 	window1: mouseVisible = False
283.7593 	EXP 	window1: mouseVisible = False
283.7760 	EXP 	window1: mouseVisible = False
283.7926 	EXP 	window1: mouseVisible = False
283.8093 	EXP 	window1: mouseVisible = False
283.8260 	EXP 	window1: mouseVisible = False
283.8426 	EXP 	window1: mouseVisible = False
283.8593 	EXP 	window1: mouseVisible = False
283.8760 	EXP 	window1: mouseVisible = False
283.8926 	EXP 	window1: mouseVisible = False
283.9093 	EXP 	window1: mouseVisible = False
283.9259 	EXP 	window1: mouseVisible = False
283.9426 	EXP 	window1: mouseVisible = False
283.9593 	EXP 	window1: mouseVisible = False
283.9760 	EXP 	window1: mouseVisible = False
283.9926 	EXP 	window1: mouseVisible = False
284.0093 	EXP 	window1: mouseVisible = False
284.0260 	EXP 	window1: mouseVisible = False
284.0426 	EXP 	window1: mouseVisible = False
284.0595 	EXP 	window1: mouseVisible = False
284.0760 	EXP 	window1: mouseVisible = False
284.0927 	EXP 	window1: mouseVisible = False
284.1093 	EXP 	window1: mouseVisible = False
284.1260 	EXP 	window1: mouseVisible = False
284.1426 	EXP 	window1: mouseVisible = False
284.1594 	EXP 	window1: mouseVisible = False
284.1760 	EXP 	window1: mouseVisible = False
284.1927 	EXP 	window1: mouseVisible = False
284.2093 	EXP 	window1: mouseVisible = False
284.2260 	EXP 	window1: mouseVisible = False
284.2426 	EXP 	window1: mouseVisible = False
284.2594 	EXP 	window1: mouseVisible = False
284.2760 	EXP 	window1: mouseVisible = False
284.2927 	EXP 	window1: mouseVisible = False
284.3102 	EXP 	window1: mouseVisible = False
284.3260 	EXP 	window1: mouseVisible = False
284.3428 	EXP 	window1: mouseVisible = False
284.3594 	EXP 	window1: mouseVisible = False
284.3760 	EXP 	window1: mouseVisible = False
284.3932 	EXP 	window1: mouseVisible = False
284.4095 	EXP 	window1: mouseVisible = False
284.4260 	EXP 	window1: mouseVisible = False
284.4426 	EXP 	window1: mouseVisible = False
284.4593 	EXP 	window1: mouseVisible = False
284.4760 	EXP 	window1: mouseVisible = False
284.4926 	EXP 	window1: mouseVisible = False
284.5093 	EXP 	window1: mouseVisible = False
284.5259 	EXP 	window1: mouseVisible = False
284.5427 	EXP 	window1: mouseVisible = False
284.5593 	EXP 	window1: mouseVisible = False
284.5759 	EXP 	window1: mouseVisible = False
284.5926 	EXP 	window1: mouseVisible = False
284.6093 	EXP 	window1: mouseVisible = False
284.6255 	DATA 	Keypress: n
284.6261 	EXP 	window1: mouseVisible = False
284.6426 	EXP 	window1: mouseVisible = False
284.6594 	EXP 	window1: mouseVisible = False
284.6760 	EXP 	window1: mouseVisible = False
284.6926 	EXP 	window1: mouseVisible = False
284.7093 	EXP 	window1: mouseVisible = False
284.7260 	EXP 	window1: mouseVisible = False
284.7428 	EXP 	window1: mouseVisible = False
284.7596 	EXP 	window1: mouseVisible = False
284.7762 	EXP 	window1: mouseVisible = False
284.7927 	EXP 	window1: mouseVisible = False
284.8095 	EXP 	window1: mouseVisible = False
284.8260 	EXP 	window1: mouseVisible = False
284.8427 	EXP 	window1: mouseVisible = False
284.8594 	EXP 	window1: mouseVisible = False
284.8760 	EXP 	window1: mouseVisible = False
284.8926 	EXP 	window1: mouseVisible = False
284.9089 	DATA 	Keypress: n
284.9095 	EXP 	window1: mouseVisible = False
284.9260 	EXP 	window1: mouseVisible = False
284.9427 	EXP 	window1: mouseVisible = False
284.9593 	EXP 	window1: mouseVisible = False
284.9760 	EXP 	window1: mouseVisible = False
284.9926 	EXP 	window1: mouseVisible = False
285.0093 	EXP 	window1: mouseVisible = False
285.0260 	EXP 	window1: mouseVisible = False
285.0427 	EXP 	window1: mouseVisible = False
285.0594 	EXP 	window1: mouseVisible = False
285.0760 	EXP 	window1: mouseVisible = False
285.0927 	EXP 	window1: mouseVisible = False
285.1093 	EXP 	window1: mouseVisible = False
285.1259 	EXP 	window1: mouseVisible = False
285.1426 	EXP 	window1: mouseVisible = False
285.1593 	EXP 	window1: mouseVisible = False
285.1755 	DATA 	Keypress: n
285.1763 	EXP 	window1: mouseVisible = False
285.1927 	EXP 	window1: mouseVisible = False
285.2094 	EXP 	window1: mouseVisible = False
285.2262 	EXP 	window1: mouseVisible = False
285.2427 	EXP 	window1: mouseVisible = False
285.2593 	EXP 	window1: mouseVisible = False
285.2761 	EXP 	window1: mouseVisible = False
285.2926 	EXP 	window1: mouseVisible = False
285.3101 	EXP 	window1: mouseVisible = False
285.3260 	EXP 	window1: mouseVisible = False
285.3427 	EXP 	window1: mouseVisible = False
285.3594 	EXP 	window1: mouseVisible = False
285.3760 	EXP 	window1: mouseVisible = False
285.3926 	EXP 	window1: mouseVisible = False
285.4093 	EXP 	window1: mouseVisible = False
285.4260 	EXP 	window1: mouseVisible = False
285.4428 	EXP 	window1: mouseVisible = False
285.4594 	EXP 	window1: mouseVisible = False
285.4760 	EXP 	window1: mouseVisible = False
285.4927 	EXP 	window1: mouseVisible = False
285.5094 	EXP 	window1: mouseVisible = False
285.5260 	EXP 	window1: mouseVisible = False
285.5426 	EXP 	window1: mouseVisible = False
285.5594 	EXP 	window1: mouseVisible = False
285.5760 	EXP 	window1: mouseVisible = False
285.5927 	EXP 	window1: mouseVisible = False
285.6094 	EXP 	window1: mouseVisible = False
285.6260 	EXP 	window1: mouseVisible = False
285.6426 	EXP 	window1: mouseVisible = False
285.6593 	EXP 	window1: mouseVisible = False
285.6760 	EXP 	window1: mouseVisible = False
285.6926 	EXP 	window1: mouseVisible = False
285.7094 	EXP 	window1: mouseVisible = False
285.7260 	EXP 	window1: mouseVisible = False
285.7428 	EXP 	window1: mouseVisible = False
285.7594 	EXP 	window1: mouseVisible = False
285.7760 	EXP 	window1: mouseVisible = False
285.7927 	EXP 	window1: mouseVisible = False
285.8093 	EXP 	window1: mouseVisible = False
285.8260 	EXP 	window1: mouseVisible = False
285.8427 	EXP 	window1: mouseVisible = False
285.8593 	EXP 	window1: mouseVisible = False
285.8760 	EXP 	window1: mouseVisible = False
285.8926 	EXP 	window1: mouseVisible = False
285.9093 	EXP 	window1: mouseVisible = False
285.9260 	EXP 	window1: mouseVisible = False
285.9427 	EXP 	window1: mouseVisible = False
285.9593 	EXP 	window1: mouseVisible = False
285.9760 	EXP 	window1: mouseVisible = False
285.9927 	EXP 	window1: mouseVisible = False
286.0093 	EXP 	window1: mouseVisible = False
286.0260 	EXP 	window1: mouseVisible = False
286.0427 	EXP 	window1: mouseVisible = False
286.0593 	EXP 	window1: mouseVisible = False
286.0760 	EXP 	window1: mouseVisible = False
286.0927 	EXP 	window1: mouseVisible = False
286.1093 	EXP 	window1: mouseVisible = False
286.1262 	EXP 	window1: mouseVisible = False
286.1427 	EXP 	window1: mouseVisible = False
286.1593 	EXP 	window1: mouseVisible = False
286.1760 	EXP 	window1: mouseVisible = False
286.1926 	EXP 	window1: mouseVisible = False
286.2093 	EXP 	window1: mouseVisible = False
286.2259 	DATA 	Keypress: space
286.3277 	EXP 	New trial (rep=5, index=0): None
286.3412 	EXP 	main_text: autoDraw = True
286.3412 	EXP 	confirm_text: autoDraw = True
286.3412 	EXP 	ratingScale: autoDraw = False
286.3412 	EXP 	main_text: autoDraw = False
286.3412 	EXP 	confirm_text: autoDraw = False
286.3412 	EXP 	text_2: autoDraw = True
286.3412 	EXP 	croix: autoDraw = True
291.3414 	EXP 	text_2: autoDraw = False
291.3414 	EXP 	croix: autoDraw = False
291.3414 	EXP 	text_2: autoDraw = False
291.3414 	EXP 	croix: autoDraw = False
291.3414 	EXP 	thermode_locali: autoDraw = True
303.3254 	EXP 	window1: mouseVisible = True
303.3262 	EXP 	Created unnamed Rect = Rect(__class__=<class 'psychopy.visual.rect.Rect'>, anchor=('center', 'center'), autoDraw=False, autoLog=True, closeShape=True, color=method-wrapper(...), colorSpace='rgb', contrast=None, depth=0, draggable=False, fillColor=array([1, 1, 1]), fillColorSpace='rgb', fillRGB=array([1, 1, 1]), interpolate=True, lineColor=array([1., 1., 1.]), lineColorSpace='rgb', lineRGB=array([1, 1, 1]), lineWidth=1.5, name='unnamed Rect', opacity=1.0, ori=0.0, pos=array([0., 0.]), size=array([0.01, 0.1 ]), units='norm', vertices=ndarray(...), win=Window(...))
303.3263 	EXP 	window1: mouseVisible = True
303.3264 	EXP 	window1: mouseVisible = True
303.3269 	EXP 	window1: mouseVisible = True
303.3281 	EXP 	window1: mouseVisible = True
303.3292 	EXP 	window1: mouseVisible = True
303.3294 	EXP 	window1: mouseVisible = True
303.3295 	EXP 	window1: mouseVisible = True
303.3297 	EXP 	window1: mouseVisible = True
303.3299 	EXP 	window1: mouseVisible = True
303.3301 	EXP 	window1: mouseVisible = True
303.3303 	EXP 	window1: mouseVisible = True
303.3305 	EXP 	window1: mouseVisible = True
303.3307 	EXP 	window1: mouseVisible = True
303.3309 	EXP 	window1: mouseVisible = True
303.3311 	EXP 	window1: mouseVisible = True
303.3313 	EXP 	window1: mouseVisible = True
303.3315 	EXP 	window1: mouseVisible = True
303.3317 	EXP 	window1: mouseVisible = True
303.3319 	EXP 	window1: mouseVisible = True
303.3321 	EXP 	window1: mouseVisible = True
303.3323 	EXP 	window1: mouseVisible = True
303.3325 	EXP 	window1: mouseVisible = True
303.3326 	EXP 	window1: mouseVisible = True
303.3327 	EXP 	window1: mouseVisible = True
303.3329 	EXP 	window1: mouseVisible = True
303.3330 	EXP 	window1: mouseVisible = True
303.3331 	EXP 	window1: mouseVisible = True
303.3333 	EXP 	window1: mouseVisible = True
303.3334 	EXP 	window1: mouseVisible = True
303.3335 	EXP 	window1: mouseVisible = True
303.3337 	EXP 	window1: mouseVisible = True
303.3338 	EXP 	window1: mouseVisible = True
303.3339 	EXP 	window1: mouseVisible = True
303.3341 	EXP 	window1: mouseVisible = True
303.3342 	EXP 	window1: mouseVisible = True
303.3343 	EXP 	window1: mouseVisible = True
303.3345 	EXP 	window1: mouseVisible = True
303.3346 	EXP 	window1: mouseVisible = True
303.3347 	EXP 	window1: mouseVisible = True
303.3348 	EXP 	window1: mouseVisible = True
303.3350 	EXP 	window1: mouseVisible = True
303.3351 	EXP 	window1: mouseVisible = True
303.3352 	EXP 	window1: mouseVisible = True
303.3354 	EXP 	window1: mouseVisible = True
303.3355 	EXP 	window1: mouseVisible = True
303.3356 	EXP 	window1: mouseVisible = True
303.3357 	EXP 	window1: mouseVisible = True
303.3359 	EXP 	window1: mouseVisible = True
303.3360 	EXP 	window1: mouseVisible = True
303.3361 	EXP 	window1: mouseVisible = True
303.3362 	EXP 	window1: mouseVisible = True
303.3364 	EXP 	window1: mouseVisible = True
303.3365 	EXP 	window1: mouseVisible = True
303.3367 	EXP 	window1: mouseVisible = True
303.3368 	EXP 	window1: mouseVisible = True
303.3369 	EXP 	window1: mouseVisible = True
303.3370 	EXP 	window1: mouseVisible = True
303.3372 	EXP 	window1: mouseVisible = True
303.3373 	EXP 	window1: mouseVisible = True
303.3374 	EXP 	window1: mouseVisible = True
303.3376 	EXP 	window1: mouseVisible = True
303.3377 	EXP 	window1: mouseVisible = True
303.3378 	EXP 	window1: mouseVisible = True
303.3380 	EXP 	window1: mouseVisible = True
303.3381 	EXP 	window1: mouseVisible = True
303.3382 	EXP 	window1: mouseVisible = True
303.3384 	EXP 	window1: mouseVisible = True
303.3385 	EXP 	window1: mouseVisible = True
303.3386 	EXP 	window1: mouseVisible = True
303.3387 	EXP 	window1: mouseVisible = True
303.3389 	EXP 	window1: mouseVisible = True
303.3390 	EXP 	window1: mouseVisible = True
303.3391 	EXP 	window1: mouseVisible = True
303.3392 	EXP 	window1: mouseVisible = True
303.3394 	EXP 	window1: mouseVisible = True
303.3395 	EXP 	window1: mouseVisible = True
303.3396 	EXP 	window1: mouseVisible = True
303.3397 	EXP 	window1: mouseVisible = True
303.3399 	EXP 	window1: mouseVisible = True
303.3400 	EXP 	window1: mouseVisible = True
303.3401 	EXP 	window1: mouseVisible = True
303.3402 	EXP 	window1: mouseVisible = True
303.3404 	EXP 	window1: mouseVisible = True
303.3405 	EXP 	window1: mouseVisible = True
303.3406 	EXP 	window1: mouseVisible = True
303.3407 	EXP 	window1: mouseVisible = True
303.3409 	EXP 	window1: mouseVisible = True
303.3410 	EXP 	window1: mouseVisible = True
303.3411 	EXP 	window1: mouseVisible = True
303.3412 	EXP 	window1: mouseVisible = True
303.3414 	EXP 	window1: mouseVisible = True
303.3415 	EXP 	window1: mouseVisible = True
303.3417 	EXP 	window1: mouseVisible = True
303.3418 	EXP 	window1: mouseVisible = True
303.3419 	EXP 	window1: mouseVisible = True
303.3421 	EXP 	window1: mouseVisible = True
303.3422 	EXP 	window1: mouseVisible = True
303.3423 	EXP 	window1: mouseVisible = True
303.3425 	EXP 	window1: mouseVisible = True
303.3426 	EXP 	window1: mouseVisible = True
303.3427 	EXP 	window1: mouseVisible = True
303.3428 	EXP 	window1: mouseVisible = True
303.3430 	EXP 	window1: mouseVisible = True
303.3431 	EXP 	window1: mouseVisible = True
303.3451 	EXP 	Created ratingScale = RatingScale(__class__=type(...), acceptKeys=['return'], acceptPreText=UNKNOWN, acceptSize=UNKNOWN, acceptText=UNKNOWN, autoLog=True, choices=False, colorSpace='rgb', depth=0, disappear=False, flipVert=False, high=100, kwargs=UNKNOWN, labels=list(...), leftKeys=['left'], lineColor=(255, 255, 255), low=0, marker=Rect(...), markerColor=(255, 255, 255), markerExpansion=UNKNOWN, markerStart=0.5, maxTime=0.0, minTime=0.4, mouseOnly=False, name='ratingScale', noMouse=False, pos=[0.0, 0.0], precision=100, respKeys=[], rightKeys=['right'], scale=None, self=UNKNOWN, showAccept=False, showValue=False, singleClick=False, size=0.6, skipKeys=['tab'], stretch=2.0, textColor='white', textFont='Helvetica Bold', textSize=0.144, tickHeight=0, tickMarks=10.0, win=Window(...))
303.3452 	EXP 	RatingScale ratingScale: reset()
303.3472 	EXP 	window1: mouseVisible = False
303.3582 	EXP 	thermode_locali: autoDraw = False
303.3582 	EXP 	thermode_locali: autoDraw = False
303.3582 	EXP 	ratingScale: flipVert = False
303.3582 	EXP 	ratingScale: autoLog = True
303.3597 	EXP 	window1: mouseVisible = False
303.3763 	EXP 	window1: mouseVisible = False
303.3930 	EXP 	window1: mouseVisible = False
303.4096 	EXP 	window1: mouseVisible = False
303.4263 	EXP 	window1: mouseVisible = False
303.4434 	EXP 	window1: mouseVisible = False
303.4596 	EXP 	window1: mouseVisible = False
303.4763 	EXP 	window1: mouseVisible = False
303.4929 	EXP 	window1: mouseVisible = False
303.5096 	EXP 	window1: mouseVisible = False
303.5263 	EXP 	window1: mouseVisible = False
303.5434 	EXP 	window1: mouseVisible = False
303.5597 	EXP 	window1: mouseVisible = False
303.5763 	EXP 	window1: mouseVisible = False
303.5929 	EXP 	window1: mouseVisible = False
303.6096 	EXP 	window1: mouseVisible = False
303.6263 	EXP 	window1: mouseVisible = False
303.6430 	EXP 	window1: mouseVisible = False
303.6596 	EXP 	window1: mouseVisible = False
303.6763 	EXP 	window1: mouseVisible = False
303.6929 	EXP 	window1: mouseVisible = False
303.7096 	EXP 	window1: mouseVisible = False
303.7263 	EXP 	window1: mouseVisible = False
303.7430 	EXP 	window1: mouseVisible = False
303.7596 	EXP 	window1: mouseVisible = False
303.7764 	EXP 	window1: mouseVisible = False
303.7930 	EXP 	window1: mouseVisible = False
303.8096 	EXP 	window1: mouseVisible = False
303.8259 	DATA 	Keypress: n
303.8265 	EXP 	window1: mouseVisible = False
303.8429 	EXP 	window1: mouseVisible = False
303.8596 	EXP 	window1: mouseVisible = False
303.8762 	EXP 	window1: mouseVisible = False
303.8930 	EXP 	window1: mouseVisible = False
303.9096 	EXP 	window1: mouseVisible = False
303.9262 	EXP 	window1: mouseVisible = False
303.9431 	EXP 	window1: mouseVisible = False
303.9596 	EXP 	window1: mouseVisible = False
303.9763 	EXP 	window1: mouseVisible = False
303.9931 	EXP 	window1: mouseVisible = False
304.0096 	EXP 	window1: mouseVisible = False
304.0268 	EXP 	window1: mouseVisible = False
304.0431 	EXP 	window1: mouseVisible = False
304.0598 	EXP 	window1: mouseVisible = False
304.0764 	EXP 	window1: mouseVisible = False
304.0930 	EXP 	window1: mouseVisible = False
304.1098 	EXP 	window1: mouseVisible = False
304.1262 	EXP 	window1: mouseVisible = False
304.1431 	EXP 	window1: mouseVisible = False
304.1597 	EXP 	window1: mouseVisible = False
304.1763 	EXP 	window1: mouseVisible = False
304.1930 	EXP 	window1: mouseVisible = False
304.2096 	EXP 	window1: mouseVisible = False
304.2263 	EXP 	window1: mouseVisible = False
304.2430 	EXP 	window1: mouseVisible = False
304.2596 	EXP 	window1: mouseVisible = False
304.2762 	EXP 	window1: mouseVisible = False
304.2931 	EXP 	window1: mouseVisible = False
304.3101 	EXP 	window1: mouseVisible = False
304.3263 	EXP 	window1: mouseVisible = False
304.3430 	EXP 	window1: mouseVisible = False
304.3596 	EXP 	window1: mouseVisible = False
304.3763 	EXP 	window1: mouseVisible = False
304.3930 	EXP 	window1: mouseVisible = False
304.4097 	EXP 	window1: mouseVisible = False
304.4263 	EXP 	window1: mouseVisible = False
304.4430 	EXP 	window1: mouseVisible = False
304.4596 	EXP 	window1: mouseVisible = False
304.4762 	EXP 	window1: mouseVisible = False
304.4929 	EXP 	window1: mouseVisible = False
304.5096 	EXP 	window1: mouseVisible = False
304.5263 	EXP 	window1: mouseVisible = False
304.5429 	EXP 	window1: mouseVisible = False
304.5597 	EXP 	window1: mouseVisible = False
304.5763 	EXP 	window1: mouseVisible = False
304.5930 	EXP 	window1: mouseVisible = False
304.6096 	EXP 	window1: mouseVisible = False
304.6263 	EXP 	window1: mouseVisible = False
304.6431 	EXP 	window1: mouseVisible = False
304.6596 	EXP 	window1: mouseVisible = False
304.6763 	EXP 	window1: mouseVisible = False
304.6930 	EXP 	window1: mouseVisible = False
304.7096 	EXP 	window1: mouseVisible = False
304.7263 	EXP 	window1: mouseVisible = False
304.7430 	EXP 	window1: mouseVisible = False
304.7594 	DATA 	Keypress: m
304.7599 	EXP 	window1: mouseVisible = False
304.7763 	EXP 	window1: mouseVisible = False
304.7930 	EXP 	window1: mouseVisible = False
304.8096 	EXP 	window1: mouseVisible = False
304.8263 	EXP 	window1: mouseVisible = False
304.8429 	EXP 	window1: mouseVisible = False
304.8596 	EXP 	window1: mouseVisible = False
304.8764 	EXP 	window1: mouseVisible = False
304.8931 	EXP 	window1: mouseVisible = False
304.9098 	EXP 	window1: mouseVisible = False
304.9266 	EXP 	window1: mouseVisible = False
304.9432 	EXP 	window1: mouseVisible = False
304.9598 	EXP 	window1: mouseVisible = False
304.9764 	EXP 	window1: mouseVisible = False
304.9941 	EXP 	window1: mouseVisible = False
305.0098 	EXP 	window1: mouseVisible = False
305.0263 	EXP 	window1: mouseVisible = False
305.0431 	EXP 	window1: mouseVisible = False
305.0597 	EXP 	window1: mouseVisible = False
305.0763 	EXP 	window1: mouseVisible = False
305.0929 	EXP 	window1: mouseVisible = False
305.1097 	EXP 	window1: mouseVisible = False
305.1263 	EXP 	window1: mouseVisible = False
305.1430 	EXP 	window1: mouseVisible = False
305.1596 	EXP 	window1: mouseVisible = False
305.1763 	EXP 	window1: mouseVisible = False
305.1931 	EXP 	window1: mouseVisible = False
305.2096 	EXP 	window1: mouseVisible = False
305.2263 	EXP 	window1: mouseVisible = False
305.2430 	EXP 	window1: mouseVisible = False
305.2596 	EXP 	window1: mouseVisible = False
305.2763 	EXP 	window1: mouseVisible = False
305.2929 	EXP 	window1: mouseVisible = False
305.3100 	EXP 	window1: mouseVisible = False
305.3263 	EXP 	window1: mouseVisible = False
305.3430 	EXP 	window1: mouseVisible = False
305.3596 	EXP 	window1: mouseVisible = False
305.3770 	EXP 	window1: mouseVisible = False
305.3930 	EXP 	window1: mouseVisible = False
305.4096 	EXP 	window1: mouseVisible = False
305.4263 	EXP 	window1: mouseVisible = False
305.4430 	EXP 	window1: mouseVisible = False
305.4596 	EXP 	window1: mouseVisible = False
305.4763 	EXP 	window1: mouseVisible = False
305.4929 	EXP 	window1: mouseVisible = False
305.5096 	EXP 	window1: mouseVisible = False
305.5263 	EXP 	window1: mouseVisible = False
305.5430 	EXP 	window1: mouseVisible = False
305.5596 	EXP 	window1: mouseVisible = False
305.5763 	EXP 	window1: mouseVisible = False
305.5932 	EXP 	window1: mouseVisible = False
305.6096 	EXP 	window1: mouseVisible = False
305.6264 	EXP 	window1: mouseVisible = False
305.6429 	EXP 	window1: mouseVisible = False
305.6597 	EXP 	window1: mouseVisible = False
305.6763 	EXP 	window1: mouseVisible = False
305.6930 	EXP 	window1: mouseVisible = False
305.7097 	EXP 	window1: mouseVisible = False
305.7263 	EXP 	window1: mouseVisible = False
305.7431 	EXP 	window1: mouseVisible = False
305.7593 	DATA 	Keypress: n
305.7598 	EXP 	window1: mouseVisible = False
305.7767 	EXP 	window1: mouseVisible = False
305.7930 	EXP 	window1: mouseVisible = False
305.8097 	EXP 	window1: mouseVisible = False
305.8263 	EXP 	window1: mouseVisible = False
305.8431 	EXP 	window1: mouseVisible = False
305.8597 	EXP 	window1: mouseVisible = False
305.8763 	EXP 	window1: mouseVisible = False
305.8929 	EXP 	window1: mouseVisible = False
305.9097 	EXP 	window1: mouseVisible = False
305.9263 	EXP 	window1: mouseVisible = False
305.9430 	EXP 	window1: mouseVisible = False
305.9596 	EXP 	window1: mouseVisible = False
305.9763 	EXP 	window1: mouseVisible = False
305.9930 	EXP 	window1: mouseVisible = False
306.0096 	EXP 	window1: mouseVisible = False
306.0263 	EXP 	window1: mouseVisible = False
306.0430 	EXP 	window1: mouseVisible = False
306.0596 	EXP 	window1: mouseVisible = False
306.0763 	EXP 	window1: mouseVisible = False
306.0930 	EXP 	window1: mouseVisible = False
306.1097 	EXP 	window1: mouseVisible = False
306.1263 	EXP 	window1: mouseVisible = False
306.1431 	DATA 	Keypress: space
306.2441 	EXP 	New trial (rep=6, index=0): None
306.2582 	EXP 	main_text: autoDraw = True
306.2582 	EXP 	confirm_text: autoDraw = True
306.2582 	EXP 	ratingScale: autoDraw = False
306.2582 	EXP 	main_text: autoDraw = False
306.2582 	EXP 	confirm_text: autoDraw = False
306.2582 	EXP 	text_2: autoDraw = True
306.2582 	EXP 	croix: autoDraw = True
311.2583 	EXP 	text_2: autoDraw = False
311.2583 	EXP 	croix: autoDraw = False
311.2583 	EXP 	text_2: autoDraw = False
311.2583 	EXP 	croix: autoDraw = False
311.2583 	EXP 	thermode_locali: autoDraw = True
323.2423 	EXP 	window1: mouseVisible = True
323.2431 	EXP 	Created unnamed Rect = Rect(__class__=<class 'psychopy.visual.rect.Rect'>, anchor=('center', 'center'), autoDraw=False, autoLog=True, closeShape=True, color=method-wrapper(...), colorSpace='rgb', contrast=None, depth=0, draggable=False, fillColor=array([1, 1, 1]), fillColorSpace='rgb', fillRGB=array([1, 1, 1]), interpolate=True, lineColor=array([1., 1., 1.]), lineColorSpace='rgb', lineRGB=array([1, 1, 1]), lineWidth=1.5, name='unnamed Rect', opacity=1.0, ori=0.0, pos=array([0., 0.]), size=array([0.01, 0.1 ]), units='norm', vertices=ndarray(...), win=Window(...))
323.2432 	EXP 	window1: mouseVisible = True
323.2433 	EXP 	window1: mouseVisible = True
323.2438 	EXP 	window1: mouseVisible = True
323.2450 	EXP 	window1: mouseVisible = True
323.2465 	EXP 	window1: mouseVisible = True
323.2467 	EXP 	window1: mouseVisible = True
323.2468 	EXP 	window1: mouseVisible = True
323.2470 	EXP 	window1: mouseVisible = True
323.2471 	EXP 	window1: mouseVisible = True
323.2472 	EXP 	window1: mouseVisible = True
323.2474 	EXP 	window1: mouseVisible = True
323.2475 	EXP 	window1: mouseVisible = True
323.2476 	EXP 	window1: mouseVisible = True
323.2478 	EXP 	window1: mouseVisible = True
323.2479 	EXP 	window1: mouseVisible = True
323.2480 	EXP 	window1: mouseVisible = True
323.2482 	EXP 	window1: mouseVisible = True
323.2483 	EXP 	window1: mouseVisible = True
323.2484 	EXP 	window1: mouseVisible = True
323.2485 	EXP 	window1: mouseVisible = True
323.2487 	EXP 	window1: mouseVisible = True
323.2488 	EXP 	window1: mouseVisible = True
323.2489 	EXP 	window1: mouseVisible = True
323.2491 	EXP 	window1: mouseVisible = True
323.2492 	EXP 	window1: mouseVisible = True
323.2493 	EXP 	window1: mouseVisible = True
323.2495 	EXP 	window1: mouseVisible = True
323.2496 	EXP 	window1: mouseVisible = True
323.2497 	EXP 	window1: mouseVisible = True
323.2498 	EXP 	window1: mouseVisible = True
323.2500 	EXP 	window1: mouseVisible = True
323.2501 	EXP 	window1: mouseVisible = True
323.2502 	EXP 	window1: mouseVisible = True
323.2504 	EXP 	window1: mouseVisible = True
323.2506 	EXP 	window1: mouseVisible = True
323.2507 	EXP 	window1: mouseVisible = True
323.2508 	EXP 	window1: mouseVisible = True
323.2510 	EXP 	window1: mouseVisible = True
323.2511 	EXP 	window1: mouseVisible = True
323.2512 	EXP 	window1: mouseVisible = True
323.2514 	EXP 	window1: mouseVisible = True
323.2515 	EXP 	window1: mouseVisible = True
323.2516 	EXP 	window1: mouseVisible = True
323.2518 	EXP 	window1: mouseVisible = True
323.2519 	EXP 	window1: mouseVisible = True
323.2520 	EXP 	window1: mouseVisible = True
323.2521 	EXP 	window1: mouseVisible = True
323.2523 	EXP 	window1: mouseVisible = True
323.2524 	EXP 	window1: mouseVisible = True
323.2525 	EXP 	window1: mouseVisible = True
323.2527 	EXP 	window1: mouseVisible = True
323.2528 	EXP 	window1: mouseVisible = True
323.2529 	EXP 	window1: mouseVisible = True
323.2530 	EXP 	window1: mouseVisible = True
323.2532 	EXP 	window1: mouseVisible = True
323.2533 	EXP 	window1: mouseVisible = True
323.2534 	EXP 	window1: mouseVisible = True
323.2536 	EXP 	window1: mouseVisible = True
323.2537 	EXP 	window1: mouseVisible = True
323.2538 	EXP 	window1: mouseVisible = True
323.2540 	EXP 	window1: mouseVisible = True
323.2541 	EXP 	window1: mouseVisible = True
323.2542 	EXP 	window1: mouseVisible = True
323.2543 	EXP 	window1: mouseVisible = True
323.2545 	EXP 	window1: mouseVisible = True
323.2546 	EXP 	window1: mouseVisible = True
323.2548 	EXP 	window1: mouseVisible = True
323.2549 	EXP 	window1: mouseVisible = True
323.2550 	EXP 	window1: mouseVisible = True
323.2552 	EXP 	window1: mouseVisible = True
323.2553 	EXP 	window1: mouseVisible = True
323.2554 	EXP 	window1: mouseVisible = True
323.2556 	EXP 	window1: mouseVisible = True
323.2557 	EXP 	window1: mouseVisible = True
323.2558 	EXP 	window1: mouseVisible = True
323.2560 	EXP 	window1: mouseVisible = True
323.2561 	EXP 	window1: mouseVisible = True
323.2562 	EXP 	window1: mouseVisible = True
323.2564 	EXP 	window1: mouseVisible = True
323.2565 	EXP 	window1: mouseVisible = True
323.2566 	EXP 	window1: mouseVisible = True
323.2567 	EXP 	window1: mouseVisible = True
323.2569 	EXP 	window1: mouseVisible = True
323.2570 	EXP 	window1: mouseVisible = True
323.2571 	EXP 	window1: mouseVisible = True
323.2572 	EXP 	window1: mouseVisible = True
323.2574 	EXP 	window1: mouseVisible = True
323.2575 	EXP 	window1: mouseVisible = True
323.2576 	EXP 	window1: mouseVisible = True
323.2578 	EXP 	window1: mouseVisible = True
323.2579 	EXP 	window1: mouseVisible = True
323.2580 	EXP 	window1: mouseVisible = True
323.2581 	EXP 	window1: mouseVisible = True
323.2583 	EXP 	window1: mouseVisible = True
323.2584 	EXP 	window1: mouseVisible = True
323.2585 	EXP 	window1: mouseVisible = True
323.2587 	EXP 	window1: mouseVisible = True
323.2588 	EXP 	window1: mouseVisible = True
323.2589 	EXP 	window1: mouseVisible = True
323.2591 	EXP 	window1: mouseVisible = True
323.2592 	EXP 	window1: mouseVisible = True
323.2593 	EXP 	window1: mouseVisible = True
323.2594 	EXP 	window1: mouseVisible = True
323.2596 	EXP 	window1: mouseVisible = True
323.2616 	EXP 	Created ratingScale = RatingScale(__class__=type(...), acceptKeys=['return'], acceptPreText=UNKNOWN, acceptSize=UNKNOWN, acceptText=UNKNOWN, autoLog=True, choices=False, colorSpace='rgb', depth=0, disappear=False, flipVert=False, high=100, kwargs=UNKNOWN, labels=list(...), leftKeys=['left'], lineColor=(255, 255, 255), low=0, marker=Rect(...), markerColor=(255, 255, 255), markerExpansion=UNKNOWN, markerStart=0.5, maxTime=0.0, minTime=0.4, mouseOnly=False, name='ratingScale', noMouse=False, pos=[0.0, 0.0], precision=100, respKeys=[], rightKeys=['right'], scale=None, self=UNKNOWN, showAccept=False, showValue=False, singleClick=False, size=0.6, skipKeys=['tab'], stretch=2.0, textColor='white', textFont='Helvetica Bold', textSize=0.144, tickHeight=0, tickMarks=10.0, win=Window(...))
323.2616 	EXP 	RatingScale ratingScale: reset()
323.2637 	EXP 	window1: mouseVisible = False
323.2750 	EXP 	thermode_locali: autoDraw = False
323.2750 	EXP 	thermode_locali: autoDraw = False
323.2750 	EXP 	ratingScale: flipVert = False
323.2750 	EXP 	ratingScale: autoLog = True
323.2765 	EXP 	window1: mouseVisible = False
323.2931 	EXP 	window1: mouseVisible = False
323.3098 	EXP 	window1: mouseVisible = False
323.3265 	EXP 	window1: mouseVisible = False
323.3431 	EXP 	window1: mouseVisible = False
323.3598 	EXP 	window1: mouseVisible = False
323.3764 	EXP 	window1: mouseVisible = False
323.3931 	EXP 	window1: mouseVisible = False
323.4098 	EXP 	window1: mouseVisible = False
323.4264 	EXP 	window1: mouseVisible = False
323.4431 	EXP 	window1: mouseVisible = False
323.4598 	EXP 	window1: mouseVisible = False
323.4765 	EXP 	window1: mouseVisible = False
323.4932 	EXP 	window1: mouseVisible = False
323.5098 	EXP 	window1: mouseVisible = False
323.5267 	EXP 	window1: mouseVisible = False
323.5431 	EXP 	window1: mouseVisible = False
323.5597 	EXP 	window1: mouseVisible = False
323.5764 	EXP 	window1: mouseVisible = False
323.5931 	EXP 	window1: mouseVisible = False
323.6094 	DATA 	Keypress: n
323.6099 	EXP 	window1: mouseVisible = False
323.6265 	EXP 	window1: mouseVisible = False
323.6431 	EXP 	window1: mouseVisible = False
323.6598 	EXP 	window1: mouseVisible = False
323.6765 	EXP 	window1: mouseVisible = False
323.6933 	EXP 	window1: mouseVisible = False
323.7098 	EXP 	window1: mouseVisible = False
323.7265 	EXP 	window1: mouseVisible = False
323.7435 	EXP 	window1: mouseVisible = False
323.7599 	EXP 	window1: mouseVisible = False
323.7765 	EXP 	window1: mouseVisible = False
323.7939 	EXP 	window1: mouseVisible = False
323.8100 	EXP 	window1: mouseVisible = False
323.8267 	EXP 	window1: mouseVisible = False
323.8446 	EXP 	window1: mouseVisible = False
323.8600 	EXP 	window1: mouseVisible = False
323.8761 	DATA 	Keypress: n
323.8766 	EXP 	window1: mouseVisible = False
323.8932 	EXP 	window1: mouseVisible = False
323.9099 	EXP 	window1: mouseVisible = False
323.9265 	EXP 	window1: mouseVisible = False
323.9432 	EXP 	window1: mouseVisible = False
323.9598 	EXP 	window1: mouseVisible = False
323.9765 	EXP 	window1: mouseVisible = False
323.9932 	EXP 	window1: mouseVisible = False
324.0099 	EXP 	window1: mouseVisible = False
324.0267 	EXP 	window1: mouseVisible = False
324.0432 	EXP 	window1: mouseVisible = False
324.0593 	DATA 	Keypress: n
324.0599 	EXP 	window1: mouseVisible = False
324.0766 	EXP 	window1: mouseVisible = False
324.0931 	EXP 	window1: mouseVisible = False
324.1100 	EXP 	window1: mouseVisible = False
324.1268 	EXP 	window1: mouseVisible = False
324.1431 	EXP 	window1: mouseVisible = False
324.1598 	EXP 	window1: mouseVisible = False
324.1765 	EXP 	window1: mouseVisible = False
324.1932 	EXP 	window1: mouseVisible = False
324.2101 	EXP 	window1: mouseVisible = False
324.2265 	EXP 	window1: mouseVisible = False
324.2431 	EXP 	window1: mouseVisible = False
324.2598 	EXP 	window1: mouseVisible = False
324.2765 	EXP 	window1: mouseVisible = False
324.2932 	EXP 	window1: mouseVisible = False
324.3099 	EXP 	window1: mouseVisible = False
324.3266 	EXP 	window1: mouseVisible = False
324.3433 	EXP 	window1: mouseVisible = False
324.3599 	EXP 	window1: mouseVisible = False
324.3765 	EXP 	window1: mouseVisible = False
324.3932 	EXP 	window1: mouseVisible = False
324.4100 	EXP 	window1: mouseVisible = False
324.4267 	EXP 	window1: mouseVisible = False
324.4428 	DATA 	Keypress: n
324.4433 	EXP 	window1: mouseVisible = False
324.4598 	EXP 	window1: mouseVisible = False
324.4765 	EXP 	window1: mouseVisible = False
324.4932 	EXP 	window1: mouseVisible = False
324.5100 	EXP 	window1: mouseVisible = False
324.5266 	EXP 	window1: mouseVisible = False
324.5433 	EXP 	window1: mouseVisible = False
324.5600 	EXP 	window1: mouseVisible = False
324.5766 	EXP 	window1: mouseVisible = False
324.5932 	EXP 	window1: mouseVisible = False
324.6099 	EXP 	window1: mouseVisible = False
324.6265 	EXP 	window1: mouseVisible = False
324.6433 	EXP 	window1: mouseVisible = False
324.6599 	EXP 	window1: mouseVisible = False
324.6765 	EXP 	window1: mouseVisible = False
324.6934 	EXP 	window1: mouseVisible = False
324.7099 	EXP 	window1: mouseVisible = False
324.7266 	EXP 	window1: mouseVisible = False
324.7433 	EXP 	window1: mouseVisible = False
324.7599 	EXP 	window1: mouseVisible = False
324.7765 	EXP 	window1: mouseVisible = False
324.7933 	EXP 	window1: mouseVisible = False
324.8101 	EXP 	window1: mouseVisible = False
324.8265 	EXP 	window1: mouseVisible = False
324.8432 	EXP 	window1: mouseVisible = False
324.8599 	EXP 	window1: mouseVisible = False
324.8765 	EXP 	window1: mouseVisible = False
324.8933 	EXP 	window1: mouseVisible = False
324.9098 	EXP 	window1: mouseVisible = False
324.9265 	EXP 	window1: mouseVisible = False
324.9428 	DATA 	Keypress: space
325.0450 	EXP 	New trial (rep=7, index=0): None
325.0584 	EXP 	main_text: autoDraw = True
325.0584 	EXP 	confirm_text: autoDraw = True
325.0584 	EXP 	ratingScale: autoDraw = False
325.0584 	EXP 	main_text: autoDraw = False
325.0584 	EXP 	confirm_text: autoDraw = False
325.0584 	EXP 	text_2: autoDraw = True
325.0584 	EXP 	croix: autoDraw = True
330.0585 	EXP 	text_2: autoDraw = False
330.0585 	EXP 	croix: autoDraw = False
330.0585 	EXP 	text_2: autoDraw = False
330.0585 	EXP 	croix: autoDraw = False
330.0585 	EXP 	thermode_locali: autoDraw = True
342.0425 	EXP 	window1: mouseVisible = True
342.0434 	EXP 	Created unnamed Rect = Rect(__class__=<class 'psychopy.visual.rect.Rect'>, anchor=('center', 'center'), autoDraw=False, autoLog=True, closeShape=True, color=method-wrapper(...), colorSpace='rgb', contrast=None, depth=0, draggable=False, fillColor=array([1, 1, 1]), fillColorSpace='rgb', fillRGB=array([1, 1, 1]), interpolate=True, lineColor=array([1., 1., 1.]), lineColorSpace='rgb', lineRGB=array([1, 1, 1]), lineWidth=1.5, name='unnamed Rect', opacity=1.0, ori=0.0, pos=array([0., 0.]), size=array([0.01, 0.1 ]), units='norm', vertices=ndarray(...), win=Window(...))
342.0434 	EXP 	window1: mouseVisible = True
342.0436 	EXP 	window1: mouseVisible = True
342.0440 	EXP 	window1: mouseVisible = True
342.0452 	EXP 	window1: mouseVisible = True
342.0463 	EXP 	window1: mouseVisible = True
342.0465 	EXP 	window1: mouseVisible = True
342.0466 	EXP 	window1: mouseVisible = True
342.0468 	EXP 	window1: mouseVisible = True
342.0469 	EXP 	window1: mouseVisible = True
342.0471 	EXP 	window1: mouseVisible = True
342.0472 	EXP 	window1: mouseVisible = True
342.0473 	EXP 	window1: mouseVisible = True
342.0475 	EXP 	window1: mouseVisible = True
342.0476 	EXP 	window1: mouseVisible = True
342.0477 	EXP 	window1: mouseVisible = True
342.0478 	EXP 	window1: mouseVisible = True
342.0480 	EXP 	window1: mouseVisible = True
342.0481 	EXP 	window1: mouseVisible = True
342.0482 	EXP 	window1: mouseVisible = True
342.0484 	EXP 	window1: mouseVisible = True
342.0485 	EXP 	window1: mouseVisible = True
342.0486 	EXP 	window1: mouseVisible = True
342.0487 	EXP 	window1: mouseVisible = True
342.0489 	EXP 	window1: mouseVisible = True
342.0490 	EXP 	window1: mouseVisible = True
342.0491 	EXP 	window1: mouseVisible = True
342.0492 	EXP 	window1: mouseVisible = True
342.0494 	EXP 	window1: mouseVisible = True
342.0495 	EXP 	window1: mouseVisible = True
342.0496 	EXP 	window1: mouseVisible = True
342.0498 	EXP 	window1: mouseVisible = True
342.0500 	EXP 	window1: mouseVisible = True
342.0501 	EXP 	window1: mouseVisible = True
342.0502 	EXP 	window1: mouseVisible = True
342.0504 	EXP 	window1: mouseVisible = True
342.0505 	EXP 	window1: mouseVisible = True
342.0506 	EXP 	window1: mouseVisible = True
342.0508 	EXP 	window1: mouseVisible = True
342.0509 	EXP 	window1: mouseVisible = True
342.0510 	EXP 	window1: mouseVisible = True
342.0511 	EXP 	window1: mouseVisible = True
342.0513 	EXP 	window1: mouseVisible = True
342.0514 	EXP 	window1: mouseVisible = True
342.0515 	EXP 	window1: mouseVisible = True
342.0517 	EXP 	window1: mouseVisible = True
342.0518 	EXP 	window1: mouseVisible = True
342.0519 	EXP 	window1: mouseVisible = True
342.0520 	EXP 	window1: mouseVisible = True
342.0522 	EXP 	window1: mouseVisible = True
342.0523 	EXP 	window1: mouseVisible = True
342.0524 	EXP 	window1: mouseVisible = True
342.0525 	EXP 	window1: mouseVisible = True
342.0527 	EXP 	window1: mouseVisible = True
342.0528 	EXP 	window1: mouseVisible = True
342.0529 	EXP 	window1: mouseVisible = True
342.0530 	EXP 	window1: mouseVisible = True
342.0532 	EXP 	window1: mouseVisible = True
342.0533 	EXP 	window1: mouseVisible = True
342.0535 	EXP 	window1: mouseVisible = True
342.0536 	EXP 	window1: mouseVisible = True
342.0537 	EXP 	window1: mouseVisible = True
342.0542 	EXP 	window1: mouseVisible = True
342.0543 	EXP 	window1: mouseVisible = True
342.0545 	EXP 	window1: mouseVisible = True
342.0546 	EXP 	window1: mouseVisible = True
342.0548 	EXP 	window1: mouseVisible = True
342.0550 	EXP 	window1: mouseVisible = True
342.0553 	EXP 	window1: mouseVisible = True
342.0555 	EXP 	window1: mouseVisible = True
342.0557 	EXP 	window1: mouseVisible = True
342.0559 	EXP 	window1: mouseVisible = True
342.0561 	EXP 	window1: mouseVisible = True
342.0562 	EXP 	window1: mouseVisible = True
342.0564 	EXP 	window1: mouseVisible = True
342.0566 	EXP 	window1: mouseVisible = True
342.0568 	EXP 	window1: mouseVisible = True
342.0570 	EXP 	window1: mouseVisible = True
342.0571 	EXP 	window1: mouseVisible = True
342.0573 	EXP 	window1: mouseVisible = True
342.0574 	EXP 	window1: mouseVisible = True
342.0575 	EXP 	window1: mouseVisible = True
342.0576 	EXP 	window1: mouseVisible = True
342.0578 	EXP 	window1: mouseVisible = True
342.0579 	EXP 	window1: mouseVisible = True
342.0580 	EXP 	window1: mouseVisible = True
342.0582 	EXP 	window1: mouseVisible = True
342.0583 	EXP 	window1: mouseVisible = True
342.0584 	EXP 	window1: mouseVisible = True
342.0585 	EXP 	window1: mouseVisible = True
342.0587 	EXP 	window1: mouseVisible = True
342.0588 	EXP 	window1: mouseVisible = True
342.0589 	EXP 	window1: mouseVisible = True
342.0591 	EXP 	window1: mouseVisible = True
342.0592 	EXP 	window1: mouseVisible = True
342.0594 	EXP 	window1: mouseVisible = True
342.0595 	EXP 	window1: mouseVisible = True
342.0596 	EXP 	window1: mouseVisible = True
342.0598 	EXP 	window1: mouseVisible = True
342.0599 	EXP 	window1: mouseVisible = True
342.0600 	EXP 	window1: mouseVisible = True
342.0601 	EXP 	window1: mouseVisible = True
342.0603 	EXP 	window1: mouseVisible = True
342.0604 	EXP 	window1: mouseVisible = True
342.0605 	EXP 	window1: mouseVisible = True
342.0626 	EXP 	Created ratingScale = RatingScale(__class__=type(...), acceptKeys=['return'], acceptPreText=UNKNOWN, acceptSize=UNKNOWN, acceptText=UNKNOWN, autoLog=True, choices=False, colorSpace='rgb', depth=0, disappear=False, flipVert=False, high=100, kwargs=UNKNOWN, labels=list(...), leftKeys=['left'], lineColor=(255, 255, 255), low=0, marker=Rect(...), markerColor=(255, 255, 255), markerExpansion=UNKNOWN, markerStart=0.5, maxTime=0.0, minTime=0.4, mouseOnly=False, name='ratingScale', noMouse=False, pos=[0.0, 0.0], precision=100, respKeys=[], rightKeys=['right'], scale=None, self=UNKNOWN, showAccept=False, showValue=False, singleClick=False, size=0.6, skipKeys=['tab'], stretch=2.0, textColor='white', textFont='Helvetica Bold', textSize=0.144, tickHeight=0, tickMarks=10.0, win=Window(...))
342.0627 	EXP 	RatingScale ratingScale: reset()
342.0646 	EXP 	window1: mouseVisible = False
342.0753 	EXP 	thermode_locali: autoDraw = False
342.0753 	EXP 	thermode_locali: autoDraw = False
342.0753 	EXP 	ratingScale: flipVert = False
342.0753 	EXP 	ratingScale: autoLog = True
342.0769 	EXP 	window1: mouseVisible = False
342.0934 	EXP 	window1: mouseVisible = False
342.1101 	EXP 	window1: mouseVisible = False
342.1270 	EXP 	window1: mouseVisible = False
342.1436 	EXP 	window1: mouseVisible = False
342.1602 	EXP 	window1: mouseVisible = False
342.1767 	EXP 	window1: mouseVisible = False
342.1934 	EXP 	window1: mouseVisible = False
342.2101 	EXP 	window1: mouseVisible = False
342.2267 	EXP 	window1: mouseVisible = False
342.2434 	EXP 	window1: mouseVisible = False
342.2600 	EXP 	window1: mouseVisible = False
342.2768 	EXP 	window1: mouseVisible = False
342.2934 	EXP 	window1: mouseVisible = False
342.3100 	EXP 	window1: mouseVisible = False
342.3267 	EXP 	window1: mouseVisible = False
342.3436 	EXP 	window1: mouseVisible = False
342.3601 	EXP 	window1: mouseVisible = False
342.3767 	EXP 	window1: mouseVisible = False
342.3933 	EXP 	window1: mouseVisible = False
342.4100 	EXP 	window1: mouseVisible = False
342.4267 	EXP 	window1: mouseVisible = False
342.4434 	EXP 	window1: mouseVisible = False
342.4600 	EXP 	window1: mouseVisible = False
342.4767 	EXP 	window1: mouseVisible = False
342.4937 	EXP 	window1: mouseVisible = False
342.5101 	EXP 	window1: mouseVisible = False
342.5269 	EXP 	window1: mouseVisible = False
342.5438 	EXP 	window1: mouseVisible = False
342.5601 	EXP 	window1: mouseVisible = False
342.5769 	EXP 	window1: mouseVisible = False
342.5934 	EXP 	window1: mouseVisible = False
342.6101 	EXP 	window1: mouseVisible = False
342.6268 	EXP 	window1: mouseVisible = False
342.6437 	EXP 	window1: mouseVisible = False
342.6601 	EXP 	window1: mouseVisible = False
342.6764 	DATA 	Keypress: n
342.6769 	EXP 	window1: mouseVisible = False
342.6934 	EXP 	window1: mouseVisible = False
342.7101 	EXP 	window1: mouseVisible = False
342.7269 	EXP 	window1: mouseVisible = False
342.7434 	EXP 	window1: mouseVisible = False
342.7601 	EXP 	window1: mouseVisible = False
342.7767 	EXP 	window1: mouseVisible = False
342.7934 	EXP 	window1: mouseVisible = False
342.8101 	EXP 	window1: mouseVisible = False
342.8267 	EXP 	window1: mouseVisible = False
342.8434 	EXP 	window1: mouseVisible = False
342.8601 	EXP 	window1: mouseVisible = False
342.8769 	EXP 	window1: mouseVisible = False
342.8934 	EXP 	window1: mouseVisible = False
342.9100 	EXP 	window1: mouseVisible = False
342.9267 	EXP 	window1: mouseVisible = False
342.9434 	EXP 	window1: mouseVisible = False
342.9601 	EXP 	window1: mouseVisible = False
342.9767 	EXP 	window1: mouseVisible = False
342.9934 	EXP 	window1: mouseVisible = False
343.0101 	EXP 	window1: mouseVisible = False
343.0267 	EXP 	window1: mouseVisible = False
343.0431 	DATA 	Keypress: m
343.0440 	EXP 	window1: mouseVisible = False
343.0600 	EXP 	window1: mouseVisible = False
343.0766 	EXP 	window1: mouseVisible = False
343.0933 	EXP 	window1: mouseVisible = False
343.1101 	EXP 	window1: mouseVisible = False
343.1267 	EXP 	window1: mouseVisible = False
343.1434 	EXP 	window1: mouseVisible = False
343.1600 	EXP 	window1: mouseVisible = False
343.1767 	EXP 	window1: mouseVisible = False
343.1934 	EXP 	window1: mouseVisible = False
343.2100 	EXP 	window1: mouseVisible = False
343.2269 	EXP 	window1: mouseVisible = False
343.2435 	EXP 	window1: mouseVisible = False
343.2602 	EXP 	window1: mouseVisible = False
343.2767 	EXP 	window1: mouseVisible = False
343.2930 	DATA 	Keypress: m
343.2935 	EXP 	window1: mouseVisible = False
343.3101 	EXP 	window1: mouseVisible = False
343.3269 	EXP 	window1: mouseVisible = False
343.3435 	EXP 	window1: mouseVisible = False
343.3601 	EXP 	window1: mouseVisible = False
343.3767 	EXP 	window1: mouseVisible = False
343.3934 	EXP 	window1: mouseVisible = False
343.4101 	EXP 	window1: mouseVisible = False
343.4268 	EXP 	window1: mouseVisible = False
343.4435 	EXP 	window1: mouseVisible = False
343.4601 	EXP 	window1: mouseVisible = False
343.4768 	EXP 	window1: mouseVisible = False
343.4934 	EXP 	window1: mouseVisible = False
343.5101 	EXP 	window1: mouseVisible = False
343.5267 	EXP 	window1: mouseVisible = False
343.5434 	EXP 	window1: mouseVisible = False
343.5601 	EXP 	window1: mouseVisible = False
343.5769 	EXP 	window1: mouseVisible = False
343.5934 	EXP 	window1: mouseVisible = False
343.6101 	EXP 	window1: mouseVisible = False
343.6274 	EXP 	window1: mouseVisible = False
343.6435 	EXP 	window1: mouseVisible = False
343.6605 	EXP 	window1: mouseVisible = False
343.6769 	EXP 	window1: mouseVisible = False
343.6934 	EXP 	window1: mouseVisible = False
343.7103 	EXP 	window1: mouseVisible = False
343.7269 	EXP 	window1: mouseVisible = False
343.7436 	EXP 	window1: mouseVisible = False
343.7602 	EXP 	window1: mouseVisible = False
343.7769 	EXP 	window1: mouseVisible = False
343.7936 	EXP 	window1: mouseVisible = False
343.8102 	EXP 	window1: mouseVisible = False
343.8269 	EXP 	window1: mouseVisible = False
343.8434 	EXP 	window1: mouseVisible = False
343.8601 	EXP 	window1: mouseVisible = False
343.8768 	EXP 	window1: mouseVisible = False
343.8934 	EXP 	window1: mouseVisible = False
343.9101 	EXP 	window1: mouseVisible = False
343.9268 	EXP 	window1: mouseVisible = False
343.9434 	EXP 	window1: mouseVisible = False
343.9601 	EXP 	window1: mouseVisible = False
343.9767 	EXP 	window1: mouseVisible = False
343.9934 	EXP 	window1: mouseVisible = False
344.0101 	EXP 	window1: mouseVisible = False
344.0267 	EXP 	window1: mouseVisible = False
344.0434 	EXP 	window1: mouseVisible = False
344.0601 	EXP 	window1: mouseVisible = False
344.0768 	EXP 	window1: mouseVisible = False
344.0934 	EXP 	window1: mouseVisible = False
344.1101 	EXP 	window1: mouseVisible = False
344.1268 	EXP 	window1: mouseVisible = False
344.1435 	EXP 	window1: mouseVisible = False
344.1601 	EXP 	window1: mouseVisible = False
344.1767 	EXP 	window1: mouseVisible = False
344.1935 	EXP 	window1: mouseVisible = False
344.2101 	EXP 	window1: mouseVisible = False
344.2268 	EXP 	window1: mouseVisible = False
344.2434 	EXP 	window1: mouseVisible = False
344.2601 	EXP 	window1: mouseVisible = False
344.2768 	EXP 	window1: mouseVisible = False
344.2934 	EXP 	window1: mouseVisible = False
344.3101 	EXP 	window1: mouseVisible = False
344.3268 	EXP 	window1: mouseVisible = False
344.3434 	EXP 	window1: mouseVisible = False
344.3601 	EXP 	window1: mouseVisible = False
344.3767 	EXP 	window1: mouseVisible = False
344.3936 	EXP 	window1: mouseVisible = False
344.4102 	EXP 	window1: mouseVisible = False
344.4268 	EXP 	window1: mouseVisible = False
344.4436 	EXP 	window1: mouseVisible = False
344.4601 	EXP 	window1: mouseVisible = False
344.4768 	EXP 	window1: mouseVisible = False
344.4934 	EXP 	window1: mouseVisible = False
344.5101 	EXP 	window1: mouseVisible = False
344.5268 	EXP 	window1: mouseVisible = False
344.5436 	EXP 	window1: mouseVisible = False
344.5603 	EXP 	window1: mouseVisible = False
344.5768 	EXP 	window1: mouseVisible = False
344.5936 	EXP 	window1: mouseVisible = False
344.6103 	EXP 	window1: mouseVisible = False
344.6268 	EXP 	window1: mouseVisible = False
344.6434 	EXP 	window1: mouseVisible = False
344.6601 	EXP 	window1: mouseVisible = False
344.6768 	EXP 	window1: mouseVisible = False
344.6934 	EXP 	window1: mouseVisible = False
344.7097 	DATA 	Keypress: n
344.7102 	EXP 	window1: mouseVisible = False
344.7270 	EXP 	window1: mouseVisible = False
344.7434 	EXP 	window1: mouseVisible = False
344.7601 	EXP 	window1: mouseVisible = False
344.7768 	EXP 	window1: mouseVisible = False
344.7934 	EXP 	window1: mouseVisible = False
344.8100 	EXP 	window1: mouseVisible = False
344.8268 	EXP 	window1: mouseVisible = False
344.8434 	EXP 	window1: mouseVisible = False
344.8602 	EXP 	window1: mouseVisible = False
344.8769 	EXP 	window1: mouseVisible = False
344.8935 	EXP 	window1: mouseVisible = False
344.9101 	EXP 	window1: mouseVisible = False
344.9267 	EXP 	window1: mouseVisible = False
344.9434 	EXP 	window1: mouseVisible = False
344.9601 	EXP 	window1: mouseVisible = False
344.9768 	EXP 	window1: mouseVisible = False
344.9934 	EXP 	window1: mouseVisible = False
345.0101 	EXP 	window1: mouseVisible = False
345.0267 	EXP 	window1: mouseVisible = False
345.0434 	EXP 	window1: mouseVisible = False
345.0599 	DATA 	Keypress: m
345.0604 	EXP 	window1: mouseVisible = False
345.0768 	EXP 	window1: mouseVisible = False
345.0934 	EXP 	window1: mouseVisible = False
345.1101 	EXP 	window1: mouseVisible = False
345.1271 	EXP 	window1: mouseVisible = False
345.1434 	EXP 	window1: mouseVisible = False
345.1601 	EXP 	window1: mouseVisible = False
345.1768 	EXP 	window1: mouseVisible = False
345.1934 	EXP 	window1: mouseVisible = False
345.2101 	EXP 	window1: mouseVisible = False
345.2268 	EXP 	window1: mouseVisible = False
345.2434 	EXP 	window1: mouseVisible = False
345.2602 	EXP 	window1: mouseVisible = False
345.2768 	EXP 	window1: mouseVisible = False
345.2934 	EXP 	window1: mouseVisible = False
345.3101 	EXP 	window1: mouseVisible = False
345.3267 	EXP 	window1: mouseVisible = False
345.3434 	EXP 	window1: mouseVisible = False
345.3601 	EXP 	window1: mouseVisible = False
345.3768 	EXP 	window1: mouseVisible = False
345.3935 	EXP 	window1: mouseVisible = False
345.4102 	EXP 	window1: mouseVisible = False
345.4269 	EXP 	window1: mouseVisible = False
345.4435 	EXP 	window1: mouseVisible = False
345.4601 	EXP 	window1: mouseVisible = False
345.4768 	EXP 	window1: mouseVisible = False
345.4934 	EXP 	window1: mouseVisible = False
345.5101 	EXP 	window1: mouseVisible = False
345.5267 	EXP 	window1: mouseVisible = False
345.5436 	EXP 	window1: mouseVisible = False
345.5601 	EXP 	window1: mouseVisible = False
345.5768 	EXP 	window1: mouseVisible = False
345.5935 	EXP 	window1: mouseVisible = False
345.6102 	EXP 	window1: mouseVisible = False
345.6267 	EXP 	window1: mouseVisible = False
345.6434 	EXP 	window1: mouseVisible = False
345.6601 	EXP 	window1: mouseVisible = False
345.6768 	EXP 	window1: mouseVisible = False
345.6934 	EXP 	window1: mouseVisible = False
345.7102 	EXP 	window1: mouseVisible = False
345.7270 	EXP 	window1: mouseVisible = False
345.7435 	EXP 	window1: mouseVisible = False
345.7601 	EXP 	window1: mouseVisible = False
345.7770 	EXP 	window1: mouseVisible = False
345.7935 	EXP 	window1: mouseVisible = False
345.8101 	EXP 	window1: mouseVisible = False
345.8268 	EXP 	window1: mouseVisible = False
345.8436 	EXP 	window1: mouseVisible = False
345.8602 	EXP 	window1: mouseVisible = False
345.8768 	EXP 	window1: mouseVisible = False
345.8934 	EXP 	window1: mouseVisible = False
345.9103 	DATA 	Keypress: space
346.0113 	EXP 	New trial (rep=8, index=0): None
346.0253 	EXP 	main_text: autoDraw = True
346.0253 	EXP 	confirm_text: autoDraw = True
346.0253 	EXP 	ratingScale: autoDraw = False
346.0253 	EXP 	main_text: autoDraw = False
346.0253 	EXP 	confirm_text: autoDraw = False
346.0253 	EXP 	text_2: autoDraw = True
346.0253 	EXP 	croix: autoDraw = True
351.0253 	EXP 	text_2: autoDraw = False
351.0253 	EXP 	croix: autoDraw = False
351.0253 	EXP 	text_2: autoDraw = False
351.0253 	EXP 	croix: autoDraw = False
351.0253 	EXP 	thermode_locali: autoDraw = True
363.0093 	EXP 	window1: mouseVisible = True
363.0102 	EXP 	Created unnamed Rect = Rect(__class__=<class 'psychopy.visual.rect.Rect'>, anchor=('center', 'center'), autoDraw=False, autoLog=True, closeShape=True, color=method-wrapper(...), colorSpace='rgb', contrast=None, depth=0, draggable=False, fillColor=array([1, 1, 1]), fillColorSpace='rgb', fillRGB=array([1, 1, 1]), interpolate=True, lineColor=array([1., 1., 1.]), lineColorSpace='rgb', lineRGB=array([1, 1, 1]), lineWidth=1.5, name='unnamed Rect', opacity=1.0, ori=0.0, pos=array([0., 0.]), size=array([0.01, 0.1 ]), units='norm', vertices=ndarray(...), win=Window(...))
363.0103 	EXP 	window1: mouseVisible = True
363.0104 	EXP 	window1: mouseVisible = True
363.0110 	EXP 	window1: mouseVisible = True
363.0125 	EXP 	window1: mouseVisible = True
363.0136 	EXP 	window1: mouseVisible = True
363.0138 	EXP 	window1: mouseVisible = True
363.0139 	EXP 	window1: mouseVisible = True
363.0141 	EXP 	window1: mouseVisible = True
363.0143 	EXP 	window1: mouseVisible = True
363.0144 	EXP 	window1: mouseVisible = True
363.0146 	EXP 	window1: mouseVisible = True
363.0147 	EXP 	window1: mouseVisible = True
363.0148 	EXP 	window1: mouseVisible = True
363.0150 	EXP 	window1: mouseVisible = True
363.0151 	EXP 	window1: mouseVisible = True
363.0152 	EXP 	window1: mouseVisible = True
363.0153 	EXP 	window1: mouseVisible = True
363.0155 	EXP 	window1: mouseVisible = True
363.0156 	EXP 	window1: mouseVisible = True
363.0157 	EXP 	window1: mouseVisible = True
363.0159 	EXP 	window1: mouseVisible = True
363.0160 	EXP 	window1: mouseVisible = True
363.0161 	EXP 	window1: mouseVisible = True
363.0162 	EXP 	window1: mouseVisible = True
363.0164 	EXP 	window1: mouseVisible = True
363.0165 	EXP 	window1: mouseVisible = True
363.0166 	EXP 	window1: mouseVisible = True
363.0168 	EXP 	window1: mouseVisible = True
363.0169 	EXP 	window1: mouseVisible = True
363.0170 	EXP 	window1: mouseVisible = True
363.0171 	EXP 	window1: mouseVisible = True
363.0173 	EXP 	window1: mouseVisible = True
363.0174 	EXP 	window1: mouseVisible = True
363.0175 	EXP 	window1: mouseVisible = True
363.0176 	EXP 	window1: mouseVisible = True
363.0178 	EXP 	window1: mouseVisible = True
363.0179 	EXP 	window1: mouseVisible = True
363.0180 	EXP 	window1: mouseVisible = True
363.0182 	EXP 	window1: mouseVisible = True
363.0183 	EXP 	window1: mouseVisible = True
363.0184 	EXP 	window1: mouseVisible = True
363.0186 	EXP 	window1: mouseVisible = True
363.0187 	EXP 	window1: mouseVisible = True
363.0188 	EXP 	window1: mouseVisible = True
363.0190 	EXP 	window1: mouseVisible = True
363.0191 	EXP 	window1: mouseVisible = True
363.0192 	EXP 	window1: mouseVisible = True
363.0194 	EXP 	window1: mouseVisible = True
363.0195 	EXP 	window1: mouseVisible = True
363.0196 	EXP 	window1: mouseVisible = True
363.0197 	EXP 	window1: mouseVisible = True
363.0199 	EXP 	window1: mouseVisible = True
363.0200 	EXP 	window1: mouseVisible = True
363.0201 	EXP 	window1: mouseVisible = True
363.0203 	EXP 	window1: mouseVisible = True
363.0204 	EXP 	window1: mouseVisible = True
363.0205 	EXP 	window1: mouseVisible = True
363.0206 	EXP 	window1: mouseVisible = True
363.0208 	EXP 	window1: mouseVisible = True
363.0209 	EXP 	window1: mouseVisible = True
363.0210 	EXP 	window1: mouseVisible = True
363.0211 	EXP 	window1: mouseVisible = True
363.0213 	EXP 	window1: mouseVisible = True
363.0214 	EXP 	window1: mouseVisible = True
363.0215 	EXP 	window1: mouseVisible = True
363.0217 	EXP 	window1: mouseVisible = True
363.0218 	EXP 	window1: mouseVisible = True
363.0219 	EXP 	window1: mouseVisible = True
363.0221 	EXP 	window1: mouseVisible = True
363.0222 	EXP 	window1: mouseVisible = True
363.0223 	EXP 	window1: mouseVisible = True
363.0224 	EXP 	window1: mouseVisible = True
363.0226 	EXP 	window1: mouseVisible = True
363.0227 	EXP 	window1: mouseVisible = True
363.0228 	EXP 	window1: mouseVisible = True
363.0230 	EXP 	window1: mouseVisible = True
363.0231 	EXP 	window1: mouseVisible = True
363.0232 	EXP 	window1: mouseVisible = True
363.0234 	EXP 	window1: mouseVisible = True
363.0235 	EXP 	window1: mouseVisible = True
363.0236 	EXP 	window1: mouseVisible = True
363.0237 	EXP 	window1: mouseVisible = True
363.0239 	EXP 	window1: mouseVisible = True
363.0240 	EXP 	window1: mouseVisible = True
363.0241 	EXP 	window1: mouseVisible = True
363.0242 	EXP 	window1: mouseVisible = True
363.0244 	EXP 	window1: mouseVisible = True
363.0245 	EXP 	window1: mouseVisible = True
363.0246 	EXP 	window1: mouseVisible = True
363.0247 	EXP 	window1: mouseVisible = True
363.0249 	EXP 	window1: mouseVisible = True
363.0250 	EXP 	window1: mouseVisible = True
363.0251 	EXP 	window1: mouseVisible = True
363.0252 	EXP 	window1: mouseVisible = True
363.0254 	EXP 	window1: mouseVisible = True
363.0255 	EXP 	window1: mouseVisible = True
363.0256 	EXP 	window1: mouseVisible = True
363.0258 	EXP 	window1: mouseVisible = True
363.0259 	EXP 	window1: mouseVisible = True
363.0260 	EXP 	window1: mouseVisible = True
363.0262 	EXP 	window1: mouseVisible = True
363.0263 	EXP 	window1: mouseVisible = True
363.0267 	EXP 	window1: mouseVisible = True
363.0268 	EXP 	window1: mouseVisible = True
363.0289 	EXP 	Created ratingScale = RatingScale(__class__=type(...), acceptKeys=['return'], acceptPreText=UNKNOWN, acceptSize=UNKNOWN, acceptText=UNKNOWN, autoLog=True, choices=False, colorSpace='rgb', depth=0, disappear=False, flipVert=False, high=100, kwargs=UNKNOWN, labels=list(...), leftKeys=['left'], lineColor=(255, 255, 255), low=0, marker=Rect(...), markerColor=(255, 255, 255), markerExpansion=UNKNOWN, markerStart=0.5, maxTime=0.0, minTime=0.4, mouseOnly=False, name='ratingScale', noMouse=False, pos=[0.0, 0.0], precision=100, respKeys=[], rightKeys=['right'], scale=None, self=UNKNOWN, showAccept=False, showValue=False, singleClick=False, size=0.6, skipKeys=['tab'], stretch=2.0, textColor='white', textFont='Helvetica Bold', textSize=0.144, tickHeight=0, tickMarks=10.0, win=Window(...))
363.0289 	EXP 	RatingScale ratingScale: reset()
363.0310 	EXP 	window1: mouseVisible = False
363.0421 	EXP 	thermode_locali: autoDraw = False
363.0421 	EXP 	thermode_locali: autoDraw = False
363.0421 	EXP 	ratingScale: flipVert = False
363.0421 	EXP 	ratingScale: autoLog = True
363.0436 	EXP 	window1: mouseVisible = False
363.0602 	EXP 	window1: mouseVisible = False
363.0769 	EXP 	window1: mouseVisible = False
363.0937 	EXP 	window1: mouseVisible = False
363.1103 	EXP 	window1: mouseVisible = False
363.1269 	EXP 	window1: mouseVisible = False
363.1435 	EXP 	window1: mouseVisible = False
363.1602 	EXP 	window1: mouseVisible = False
363.1769 	EXP 	window1: mouseVisible = False
363.1935 	EXP 	window1: mouseVisible = False
363.2102 	EXP 	window1: mouseVisible = False
363.2269 	EXP 	window1: mouseVisible = False
363.2435 	EXP 	window1: mouseVisible = False
363.2602 	EXP 	window1: mouseVisible = False
363.2769 	EXP 	window1: mouseVisible = False
363.2936 	EXP 	window1: mouseVisible = False
363.3102 	EXP 	window1: mouseVisible = False
363.3269 	EXP 	window1: mouseVisible = False
363.3436 	EXP 	window1: mouseVisible = False
363.3602 	EXP 	window1: mouseVisible = False
363.3769 	EXP 	window1: mouseVisible = False
363.3935 	EXP 	window1: mouseVisible = False
363.4098 	DATA 	Keypress: n
363.4104 	EXP 	window1: mouseVisible = False
363.4269 	EXP 	window1: mouseVisible = False
363.4435 	EXP 	window1: mouseVisible = False
363.4602 	EXP 	window1: mouseVisible = False
363.4769 	EXP 	window1: mouseVisible = False
363.4935 	EXP 	window1: mouseVisible = False
363.5102 	EXP 	window1: mouseVisible = False
363.5270 	EXP 	window1: mouseVisible = False
363.5435 	EXP 	window1: mouseVisible = False
363.5626 	EXP 	window1: mouseVisible = False
363.5777 	EXP 	window1: mouseVisible = False
363.5936 	EXP 	window1: mouseVisible = False
363.6102 	EXP 	window1: mouseVisible = False
363.6269 	EXP 	window1: mouseVisible = False
363.6436 	EXP 	window1: mouseVisible = False
363.6602 	EXP 	window1: mouseVisible = False
363.6769 	EXP 	window1: mouseVisible = False
363.6936 	EXP 	window1: mouseVisible = False
363.7102 	EXP 	window1: mouseVisible = False
363.7269 	EXP 	window1: mouseVisible = False
363.7435 	EXP 	window1: mouseVisible = False
363.7602 	EXP 	window1: mouseVisible = False
363.7769 	EXP 	window1: mouseVisible = False
363.7935 	EXP 	window1: mouseVisible = False
363.8102 	EXP 	window1: mouseVisible = False
363.8270 	EXP 	window1: mouseVisible = False
363.8436 	EXP 	window1: mouseVisible = False
363.8602 	EXP 	window1: mouseVisible = False
363.8769 	EXP 	window1: mouseVisible = False
363.8936 	EXP 	window1: mouseVisible = False
363.9103 	EXP 	window1: mouseVisible = False
363.9270 	EXP 	window1: mouseVisible = False
363.9436 	EXP 	window1: mouseVisible = False
363.9602 	EXP 	window1: mouseVisible = False
363.9769 	EXP 	window1: mouseVisible = False
363.9936 	EXP 	window1: mouseVisible = False
364.0103 	EXP 	window1: mouseVisible = False
364.0269 	EXP 	window1: mouseVisible = False
364.0436 	EXP 	window1: mouseVisible = False
364.0603 	EXP 	window1: mouseVisible = False
364.0769 	EXP 	window1: mouseVisible = False
364.0936 	EXP 	window1: mouseVisible = False
364.1103 	EXP 	window1: mouseVisible = False
364.1270 	EXP 	window1: mouseVisible = False
364.1438 	EXP 	window1: mouseVisible = False
364.1604 	EXP 	window1: mouseVisible = False
364.1770 	EXP 	window1: mouseVisible = False
364.1936 	EXP 	window1: mouseVisible = False
364.2103 	EXP 	window1: mouseVisible = False
364.2270 	EXP 	window1: mouseVisible = False
364.2437 	EXP 	window1: mouseVisible = False
364.2602 	EXP 	window1: mouseVisible = False
364.2785 	EXP 	window1: mouseVisible = False
364.2938 	EXP 	window1: mouseVisible = False
364.3104 	EXP 	window1: mouseVisible = False
364.3270 	EXP 	window1: mouseVisible = False
364.3437 	EXP 	window1: mouseVisible = False
364.3603 	EXP 	window1: mouseVisible = False
364.3771 	EXP 	window1: mouseVisible = False
364.4364 	EXP 	window1: mouseVisible = False
364.4440 	EXP 	window1: mouseVisible = False
364.4604 	EXP 	window1: mouseVisible = False
364.4771 	EXP 	window1: mouseVisible = False
364.4936 	EXP 	window1: mouseVisible = False
364.5104 	EXP 	window1: mouseVisible = False
364.5270 	EXP 	window1: mouseVisible = False
364.5438 	EXP 	window1: mouseVisible = False
364.5603 	EXP 	window1: mouseVisible = False
364.5771 	EXP 	window1: mouseVisible = False
364.5938 	EXP 	window1: mouseVisible = False
364.6104 	EXP 	window1: mouseVisible = False
364.6273 	EXP 	window1: mouseVisible = False
364.6439 	EXP 	window1: mouseVisible = False
364.6605 	EXP 	window1: mouseVisible = False
364.6772 	EXP 	window1: mouseVisible = False
364.6936 	EXP 	window1: mouseVisible = False
364.7105 	EXP 	window1: mouseVisible = False
364.7270 	EXP 	window1: mouseVisible = False
364.7439 	EXP 	window1: mouseVisible = False
364.7605 	EXP 	window1: mouseVisible = False
364.7772 	EXP 	window1: mouseVisible = False
364.7936 	EXP 	window1: mouseVisible = False
364.8104 	EXP 	window1: mouseVisible = False
364.8269 	EXP 	window1: mouseVisible = False
364.8437 	EXP 	window1: mouseVisible = False
364.8603 	EXP 	window1: mouseVisible = False
364.8771 	EXP 	window1: mouseVisible = False
364.8937 	EXP 	window1: mouseVisible = False
364.9104 	EXP 	window1: mouseVisible = False
364.9270 	EXP 	window1: mouseVisible = False
364.9437 	EXP 	window1: mouseVisible = False
364.9603 	EXP 	window1: mouseVisible = False
364.9771 	EXP 	window1: mouseVisible = False
364.9939 	EXP 	window1: mouseVisible = False
365.0104 	EXP 	window1: mouseVisible = False
365.0270 	EXP 	window1: mouseVisible = False
365.0437 	EXP 	window1: mouseVisible = False
365.0605 	EXP 	window1: mouseVisible = False
365.0771 	EXP 	window1: mouseVisible = False
365.0938 	EXP 	window1: mouseVisible = False
365.1103 	EXP 	window1: mouseVisible = False
365.1271 	EXP 	window1: mouseVisible = False
365.1437 	EXP 	window1: mouseVisible = False
365.1603 	EXP 	window1: mouseVisible = False
365.1771 	EXP 	window1: mouseVisible = False
365.1937 	EXP 	window1: mouseVisible = False
365.2105 	EXP 	window1: mouseVisible = False
365.2271 	EXP 	window1: mouseVisible = False
365.2437 	EXP 	window1: mouseVisible = False
365.2604 	EXP 	window1: mouseVisible = False
365.2771 	EXP 	window1: mouseVisible = False
365.2937 	EXP 	window1: mouseVisible = False
365.3104 	EXP 	window1: mouseVisible = False
365.3270 	EXP 	window1: mouseVisible = False
365.3438 	EXP 	window1: mouseVisible = False
365.3603 	EXP 	window1: mouseVisible = False
365.3771 	EXP 	window1: mouseVisible = False
365.3938 	EXP 	window1: mouseVisible = False
365.4103 	EXP 	window1: mouseVisible = False
365.4271 	EXP 	window1: mouseVisible = False
365.4445 	EXP 	window1: mouseVisible = False
365.4605 	EXP 	window1: mouseVisible = False
365.4770 	EXP 	window1: mouseVisible = False
365.4937 	EXP 	window1: mouseVisible = False
365.5103 	EXP 	window1: mouseVisible = False
365.5271 	EXP 	window1: mouseVisible = False
365.5437 	EXP 	window1: mouseVisible = False
365.5604 	EXP 	window1: mouseVisible = False
365.5770 	EXP 	window1: mouseVisible = False
365.5937 	EXP 	window1: mouseVisible = False
365.6104 	EXP 	window1: mouseVisible = False
365.6270 	EXP 	window1: mouseVisible = False
365.6437 	EXP 	window1: mouseVisible = False
365.6604 	EXP 	window1: mouseVisible = False
365.6771 	EXP 	window1: mouseVisible = False
365.6937 	EXP 	window1: mouseVisible = False
365.7105 	EXP 	window1: mouseVisible = False
365.7272 	EXP 	window1: mouseVisible = False
365.7437 	EXP 	window1: mouseVisible = False
365.7604 	EXP 	window1: mouseVisible = False
365.7770 	EXP 	window1: mouseVisible = False
365.7937 	EXP 	window1: mouseVisible = False
365.8104 	EXP 	window1: mouseVisible = False
365.8271 	EXP 	window1: mouseVisible = False
365.8437 	EXP 	window1: mouseVisible = False
365.8604 	EXP 	window1: mouseVisible = False
365.8770 	EXP 	window1: mouseVisible = False
365.8937 	EXP 	window1: mouseVisible = False
365.9103 	EXP 	window1: mouseVisible = False
365.9272 	EXP 	window1: mouseVisible = False
365.9437 	EXP 	window1: mouseVisible = False
365.9604 	EXP 	window1: mouseVisible = False
365.9771 	EXP 	window1: mouseVisible = False
365.9938 	EXP 	window1: mouseVisible = False
366.0103 	EXP 	window1: mouseVisible = False
366.0271 	EXP 	window1: mouseVisible = False
366.0438 	EXP 	window1: mouseVisible = False
366.0604 	EXP 	window1: mouseVisible = False
366.0770 	EXP 	window1: mouseVisible = False
366.0937 	EXP 	window1: mouseVisible = False
366.1103 	EXP 	window1: mouseVisible = False
366.1270 	EXP 	window1: mouseVisible = False
366.1437 	EXP 	window1: mouseVisible = False
366.1603 	EXP 	window1: mouseVisible = False
366.1772 	EXP 	window1: mouseVisible = False
366.1937 	EXP 	window1: mouseVisible = False
366.2104 	EXP 	window1: mouseVisible = False
366.2270 	EXP 	window1: mouseVisible = False
366.2437 	EXP 	window1: mouseVisible = False
366.2603 	EXP 	window1: mouseVisible = False
366.2770 	EXP 	window1: mouseVisible = False
366.2936 	EXP 	window1: mouseVisible = False
366.3103 	EXP 	window1: mouseVisible = False
366.3270 	EXP 	window1: mouseVisible = False
366.3437 	EXP 	window1: mouseVisible = False
366.3603 	EXP 	window1: mouseVisible = False
366.3772 	EXP 	window1: mouseVisible = False
366.3937 	EXP 	window1: mouseVisible = False
366.4100 	DATA 	Keypress: n
366.4105 	EXP 	window1: mouseVisible = False
366.4270 	EXP 	window1: mouseVisible = False
366.4437 	EXP 	window1: mouseVisible = False
366.4604 	EXP 	window1: mouseVisible = False
366.4770 	EXP 	window1: mouseVisible = False
366.4948 	EXP 	window1: mouseVisible = False
366.5104 	EXP 	window1: mouseVisible = False
366.5271 	EXP 	window1: mouseVisible = False
366.5437 	EXP 	window1: mouseVisible = False
366.5606 	EXP 	window1: mouseVisible = False
366.5772 	EXP 	window1: mouseVisible = False
366.5937 	EXP 	window1: mouseVisible = False
366.6105 	EXP 	window1: mouseVisible = False
366.6272 	EXP 	window1: mouseVisible = False
366.6437 	EXP 	window1: mouseVisible = False
366.6605 	EXP 	window1: mouseVisible = False
366.6770 	EXP 	window1: mouseVisible = False
366.6937 	EXP 	window1: mouseVisible = False
366.7104 	EXP 	window1: mouseVisible = False
366.7270 	EXP 	window1: mouseVisible = False
366.7437 	EXP 	window1: mouseVisible = False
366.7604 	EXP 	window1: mouseVisible = False
366.7770 	EXP 	window1: mouseVisible = False
366.7938 	EXP 	window1: mouseVisible = False
366.8105 	EXP 	window1: mouseVisible = False
366.8270 	EXP 	window1: mouseVisible = False
366.8437 	EXP 	window1: mouseVisible = False
366.8604 	EXP 	window1: mouseVisible = False
366.8771 	EXP 	window1: mouseVisible = False
366.8936 	EXP 	window1: mouseVisible = False
366.9103 	EXP 	window1: mouseVisible = False
366.9270 	EXP 	window1: mouseVisible = False
366.9437 	EXP 	window1: mouseVisible = False
366.9610 	DATA 	Keypress: space
367.0616 	EXP 	New trial (rep=9, index=0): None
367.0756 	EXP 	main_text: autoDraw = True
367.0756 	EXP 	confirm_text: autoDraw = True
367.0756 	EXP 	ratingScale: autoDraw = False
367.0756 	EXP 	main_text: autoDraw = False
367.0756 	EXP 	confirm_text: autoDraw = False
367.0756 	EXP 	text_2: autoDraw = True
367.0756 	EXP 	croix: autoDraw = True
372.0756 	EXP 	text_2: autoDraw = False
372.0756 	EXP 	croix: autoDraw = False
372.0756 	EXP 	text_2: autoDraw = False
372.0756 	EXP 	croix: autoDraw = False
372.0756 	EXP 	thermode_locali: autoDraw = True
384.0619 	EXP 	window1: mouseVisible = True
384.0628 	EXP 	Created unnamed Rect = Rect(__class__=<class 'psychopy.visual.rect.Rect'>, anchor=('center', 'center'), autoDraw=False, autoLog=True, closeShape=True, color=method-wrapper(...), colorSpace='rgb', contrast=None, depth=0, draggable=False, fillColor=array([1, 1, 1]), fillColorSpace='rgb', fillRGB=array([1, 1, 1]), interpolate=True, lineColor=array([1., 1., 1.]), lineColorSpace='rgb', lineRGB=array([1, 1, 1]), lineWidth=1.5, name='unnamed Rect', opacity=1.0, ori=0.0, pos=array([0., 0.]), size=array([0.01, 0.1 ]), units='norm', vertices=ndarray(...), win=Window(...))
384.0628 	EXP 	window1: mouseVisible = True
384.0630 	EXP 	window1: mouseVisible = True
384.0634 	EXP 	window1: mouseVisible = True
384.0646 	EXP 	window1: mouseVisible = True
384.0658 	EXP 	window1: mouseVisible = True
384.0659 	EXP 	window1: mouseVisible = True
384.0661 	EXP 	window1: mouseVisible = True
384.0662 	EXP 	window1: mouseVisible = True
384.0664 	EXP 	window1: mouseVisible = True
384.0665 	EXP 	window1: mouseVisible = True
384.0666 	EXP 	window1: mouseVisible = True
384.0668 	EXP 	window1: mouseVisible = True
384.0670 	EXP 	window1: mouseVisible = True
384.0672 	EXP 	window1: mouseVisible = True
384.0674 	EXP 	window1: mouseVisible = True
384.0675 	EXP 	window1: mouseVisible = True
384.0677 	EXP 	window1: mouseVisible = True
384.0678 	EXP 	window1: mouseVisible = True
384.0679 	EXP 	window1: mouseVisible = True
384.0681 	EXP 	window1: mouseVisible = True
384.0682 	EXP 	window1: mouseVisible = True
384.0683 	EXP 	window1: mouseVisible = True
384.0685 	EXP 	window1: mouseVisible = True
384.0686 	EXP 	window1: mouseVisible = True
384.0687 	EXP 	window1: mouseVisible = True
384.0688 	EXP 	window1: mouseVisible = True
384.0690 	EXP 	window1: mouseVisible = True
384.0691 	EXP 	window1: mouseVisible = True
384.0692 	EXP 	window1: mouseVisible = True
384.0693 	EXP 	window1: mouseVisible = True
384.0695 	EXP 	window1: mouseVisible = True
384.0697 	EXP 	window1: mouseVisible = True
384.0698 	EXP 	window1: mouseVisible = True
384.0700 	EXP 	window1: mouseVisible = True
384.0701 	EXP 	window1: mouseVisible = True
384.0702 	EXP 	window1: mouseVisible = True
384.0704 	EXP 	window1: mouseVisible = True
384.0705 	EXP 	window1: mouseVisible = True
384.0706 	EXP 	window1: mouseVisible = True
384.0708 	EXP 	window1: mouseVisible = True
384.0709 	EXP 	window1: mouseVisible = True
384.0710 	EXP 	window1: mouseVisible = True
384.0712 	EXP 	window1: mouseVisible = True
384.0713 	EXP 	window1: mouseVisible = True
384.0714 	EXP 	window1: mouseVisible = True
384.0715 	EXP 	window1: mouseVisible = True
384.0717 	EXP 	window1: mouseVisible = True
384.0718 	EXP 	window1: mouseVisible = True
384.0719 	EXP 	window1: mouseVisible = True
384.0721 	EXP 	window1: mouseVisible = True
384.0722 	EXP 	window1: mouseVisible = True
384.0723 	EXP 	window1: mouseVisible = True
384.0724 	EXP 	window1: mouseVisible = True
384.0726 	EXP 	window1: mouseVisible = True
384.0727 	EXP 	window1: mouseVisible = True
384.0728 	EXP 	window1: mouseVisible = True
384.0730 	EXP 	window1: mouseVisible = True
384.0731 	EXP 	window1: mouseVisible = True
384.0732 	EXP 	window1: mouseVisible = True
384.0733 	EXP 	window1: mouseVisible = True
384.0735 	EXP 	window1: mouseVisible = True
384.0736 	EXP 	window1: mouseVisible = True
384.0737 	EXP 	window1: mouseVisible = True
384.0739 	EXP 	window1: mouseVisible = True
384.0740 	EXP 	window1: mouseVisible = True
384.0741 	EXP 	window1: mouseVisible = True
384.0743 	EXP 	window1: mouseVisible = True
384.0744 	EXP 	window1: mouseVisible = True
384.0745 	EXP 	window1: mouseVisible = True
384.0746 	EXP 	window1: mouseVisible = True
384.0748 	EXP 	window1: mouseVisible = True
384.0749 	EXP 	window1: mouseVisible = True
384.0750 	EXP 	window1: mouseVisible = True
384.0751 	EXP 	window1: mouseVisible = True
384.0753 	EXP 	window1: mouseVisible = True
384.0754 	EXP 	window1: mouseVisible = True
384.0755 	EXP 	window1: mouseVisible = True
384.0756 	EXP 	window1: mouseVisible = True
384.0758 	EXP 	window1: mouseVisible = True
384.0759 	EXP 	window1: mouseVisible = True
384.0760 	EXP 	window1: mouseVisible = True
384.0761 	EXP 	window1: mouseVisible = True
384.0763 	EXP 	window1: mouseVisible = True
384.0764 	EXP 	window1: mouseVisible = True
384.0765 	EXP 	window1: mouseVisible = True
384.0766 	EXP 	window1: mouseVisible = True
384.0768 	EXP 	window1: mouseVisible = True
384.0769 	EXP 	window1: mouseVisible = True
384.0770 	EXP 	window1: mouseVisible = True
384.0771 	EXP 	window1: mouseVisible = True
384.0773 	EXP 	window1: mouseVisible = True
384.0774 	EXP 	window1: mouseVisible = True
384.0776 	EXP 	window1: mouseVisible = True
384.0777 	EXP 	window1: mouseVisible = True
384.0778 	EXP 	window1: mouseVisible = True
384.0780 	EXP 	window1: mouseVisible = True
384.0781 	EXP 	window1: mouseVisible = True
384.0782 	EXP 	window1: mouseVisible = True
384.0783 	EXP 	window1: mouseVisible = True
384.0785 	EXP 	window1: mouseVisible = True
384.0786 	EXP 	window1: mouseVisible = True
384.0787 	EXP 	window1: mouseVisible = True
384.0789 	EXP 	window1: mouseVisible = True
384.0790 	EXP 	window1: mouseVisible = True
384.0811 	EXP 	Created ratingScale = RatingScale(__class__=type(...), acceptKeys=['return'], acceptPreText=UNKNOWN, acceptSize=UNKNOWN, acceptText=UNKNOWN, autoLog=True, choices=False, colorSpace='rgb', depth=0, disappear=False, flipVert=False, high=100, kwargs=UNKNOWN, labels=list(...), leftKeys=['left'], lineColor=(255, 255, 255), low=0, marker=Rect(...), markerColor=(255, 255, 255), markerExpansion=UNKNOWN, markerStart=0.5, maxTime=0.0, minTime=0.4, mouseOnly=False, name='ratingScale', noMouse=False, pos=[0.0, 0.0], precision=100, respKeys=[], rightKeys=['right'], scale=None, self=UNKNOWN, showAccept=False, showValue=False, singleClick=False, size=0.6, skipKeys=['tab'], stretch=2.0, textColor='white', textFont='Helvetica Bold', textSize=0.144, tickHeight=0, tickMarks=10.0, win=Window(...))
384.0811 	EXP 	RatingScale ratingScale: reset()
384.0831 	EXP 	window1: mouseVisible = False
384.0923 	EXP 	thermode_locali: autoDraw = False
384.0923 	EXP 	ratingScale: flipVert = False
384.0923 	EXP 	ratingScale: autoLog = True
384.0938 	EXP 	window1: mouseVisible = False
384.1104 	EXP 	window1: mouseVisible = False
384.1272 	EXP 	window1: mouseVisible = False
384.1438 	EXP 	window1: mouseVisible = False
384.1605 	EXP 	window1: mouseVisible = False
384.1771 	EXP 	window1: mouseVisible = False
384.1938 	EXP 	window1: mouseVisible = False
384.2104 	EXP 	window1: mouseVisible = False
384.2271 	EXP 	window1: mouseVisible = False
384.2438 	EXP 	window1: mouseVisible = False
384.2604 	EXP 	window1: mouseVisible = False
384.2771 	EXP 	window1: mouseVisible = False
384.2937 	EXP 	window1: mouseVisible = False
384.3105 	EXP 	window1: mouseVisible = False
384.3273 	EXP 	window1: mouseVisible = False
384.3439 	EXP 	window1: mouseVisible = False
384.3604 	EXP 	window1: mouseVisible = False
384.3771 	EXP 	window1: mouseVisible = False
384.3938 	EXP 	window1: mouseVisible = False
384.4105 	EXP 	window1: mouseVisible = False
384.4272 	EXP 	window1: mouseVisible = False
384.4438 	EXP 	window1: mouseVisible = False
384.4605 	EXP 	window1: mouseVisible = False
384.4771 	EXP 	window1: mouseVisible = False
384.4938 	EXP 	window1: mouseVisible = False
384.5109 	EXP 	window1: mouseVisible = False
384.5271 	EXP 	window1: mouseVisible = False
384.5437 	EXP 	window1: mouseVisible = False
384.5604 	EXP 	window1: mouseVisible = False
384.5771 	EXP 	window1: mouseVisible = False
384.5939 	EXP 	window1: mouseVisible = False
384.6122 	EXP 	window1: mouseVisible = False
384.6272 	EXP 	window1: mouseVisible = False
384.6438 	EXP 	window1: mouseVisible = False
384.6604 	EXP 	window1: mouseVisible = False
384.6771 	EXP 	window1: mouseVisible = False
384.6939 	EXP 	window1: mouseVisible = False
384.7102 	DATA 	Keypress: n
384.7108 	EXP 	window1: mouseVisible = False
384.7273 	EXP 	window1: mouseVisible = False
384.7438 	EXP 	window1: mouseVisible = False
384.7605 	EXP 	window1: mouseVisible = False
384.7771 	EXP 	window1: mouseVisible = False
384.7938 	EXP 	window1: mouseVisible = False
384.8105 	EXP 	window1: mouseVisible = False
384.8272 	EXP 	window1: mouseVisible = False
384.8439 	EXP 	window1: mouseVisible = False
384.8605 	EXP 	window1: mouseVisible = False
384.8772 	EXP 	window1: mouseVisible = False
384.8939 	EXP 	window1: mouseVisible = False
384.9106 	EXP 	window1: mouseVisible = False
384.9272 	EXP 	window1: mouseVisible = False
384.9439 	EXP 	window1: mouseVisible = False
384.9605 	EXP 	window1: mouseVisible = False
384.9772 	EXP 	window1: mouseVisible = False
384.9939 	EXP 	window1: mouseVisible = False
385.0106 	EXP 	window1: mouseVisible = False
385.0272 	EXP 	window1: mouseVisible = False
385.0439 	EXP 	window1: mouseVisible = False
385.0606 	EXP 	window1: mouseVisible = False
385.0772 	EXP 	window1: mouseVisible = False
385.0938 	EXP 	window1: mouseVisible = False
385.1105 	EXP 	window1: mouseVisible = False
385.1272 	EXP 	window1: mouseVisible = False
385.1439 	EXP 	window1: mouseVisible = False
385.1605 	EXP 	window1: mouseVisible = False
385.1772 	EXP 	window1: mouseVisible = False
385.1939 	EXP 	window1: mouseVisible = False
385.2105 	EXP 	window1: mouseVisible = False
385.2273 	EXP 	window1: mouseVisible = False
385.2440 	EXP 	window1: mouseVisible = False
385.2606 	EXP 	window1: mouseVisible = False
385.2772 	EXP 	window1: mouseVisible = False
385.2940 	EXP 	window1: mouseVisible = False
385.3109 	EXP 	window1: mouseVisible = False
385.3273 	EXP 	window1: mouseVisible = False
385.3438 	EXP 	window1: mouseVisible = False
385.3606 	EXP 	window1: mouseVisible = False
385.3771 	EXP 	window1: mouseVisible = False
385.3938 	EXP 	window1: mouseVisible = False
385.4105 	EXP 	window1: mouseVisible = False
385.4276 	EXP 	window1: mouseVisible = False
385.4438 	EXP 	window1: mouseVisible = False
385.4604 	EXP 	window1: mouseVisible = False
385.4771 	EXP 	window1: mouseVisible = False
385.4938 	EXP 	window1: mouseVisible = False
385.5104 	EXP 	window1: mouseVisible = False
385.5271 	EXP 	window1: mouseVisible = False
385.5438 	EXP 	window1: mouseVisible = False
385.5605 	EXP 	window1: mouseVisible = False
385.5772 	EXP 	window1: mouseVisible = False
385.5938 	EXP 	window1: mouseVisible = False
385.6104 	EXP 	window1: mouseVisible = False
385.6273 	EXP 	window1: mouseVisible = False
385.6440 	EXP 	window1: mouseVisible = False
385.6606 	EXP 	window1: mouseVisible = False
385.6773 	EXP 	window1: mouseVisible = False
385.6940 	EXP 	window1: mouseVisible = False
385.7107 	EXP 	window1: mouseVisible = False
385.7271 	EXP 	window1: mouseVisible = False
385.7439 	EXP 	window1: mouseVisible = False
385.7605 	EXP 	window1: mouseVisible = False
385.7771 	EXP 	window1: mouseVisible = False
385.7938 	EXP 	window1: mouseVisible = False
385.8104 	EXP 	window1: mouseVisible = False
385.8274 	EXP 	window1: mouseVisible = False
385.8438 	EXP 	window1: mouseVisible = False
385.8604 	EXP 	window1: mouseVisible = False
385.8771 	EXP 	window1: mouseVisible = False
385.8938 	EXP 	window1: mouseVisible = False
385.9104 	EXP 	window1: mouseVisible = False
385.9272 	EXP 	window1: mouseVisible = False
385.9438 	EXP 	window1: mouseVisible = False
385.9605 	EXP 	window1: mouseVisible = False
385.9771 	EXP 	window1: mouseVisible = False
385.9939 	EXP 	window1: mouseVisible = False
386.0105 	EXP 	window1: mouseVisible = False
386.0272 	EXP 	window1: mouseVisible = False
386.0438 	EXP 	window1: mouseVisible = False
386.0604 	EXP 	window1: mouseVisible = False
386.0771 	EXP 	window1: mouseVisible = False
386.0938 	EXP 	window1: mouseVisible = False
386.1104 	EXP 	window1: mouseVisible = False
386.1278 	EXP 	window1: mouseVisible = False
386.1438 	EXP 	window1: mouseVisible = False
386.1601 	DATA 	Keypress: m
386.1606 	EXP 	window1: mouseVisible = False
386.1771 	EXP 	window1: mouseVisible = False
386.1938 	EXP 	window1: mouseVisible = False
386.2104 	EXP 	window1: mouseVisible = False
386.2271 	EXP 	window1: mouseVisible = False
386.2438 	EXP 	window1: mouseVisible = False
386.2604 	EXP 	window1: mouseVisible = False
386.2771 	EXP 	window1: mouseVisible = False
386.2938 	EXP 	window1: mouseVisible = False
386.3104 	EXP 	window1: mouseVisible = False
386.3271 	EXP 	window1: mouseVisible = False
386.3438 	EXP 	window1: mouseVisible = False
386.3604 	EXP 	window1: mouseVisible = False
386.3772 	EXP 	window1: mouseVisible = False
386.3938 	EXP 	window1: mouseVisible = False
386.4105 	EXP 	window1: mouseVisible = False
386.4271 	EXP 	window1: mouseVisible = False
386.4438 	EXP 	window1: mouseVisible = False
386.4604 	EXP 	window1: mouseVisible = False
386.4771 	EXP 	window1: mouseVisible = False
386.4940 	EXP 	window1: mouseVisible = False
386.5105 	EXP 	window1: mouseVisible = False
386.5271 	EXP 	window1: mouseVisible = False
386.5439 	EXP 	window1: mouseVisible = False
386.5605 	EXP 	window1: mouseVisible = False
386.5767 	DATA 	Keypress: m
386.5772 	EXP 	window1: mouseVisible = False
386.5938 	EXP 	window1: mouseVisible = False
386.6105 	EXP 	window1: mouseVisible = False
386.6271 	EXP 	window1: mouseVisible = False
386.6438 	EXP 	window1: mouseVisible = False
386.6605 	EXP 	window1: mouseVisible = False
386.6771 	EXP 	window1: mouseVisible = False
386.6938 	EXP 	window1: mouseVisible = False
386.7105 	EXP 	window1: mouseVisible = False
386.7271 	EXP 	window1: mouseVisible = False
386.7438 	EXP 	window1: mouseVisible = False
386.7605 	EXP 	window1: mouseVisible = False
386.7771 	EXP 	window1: mouseVisible = False
386.7938 	EXP 	window1: mouseVisible = False
386.8106 	EXP 	window1: mouseVisible = False
386.8272 	EXP 	window1: mouseVisible = False
386.8439 	EXP 	window1: mouseVisible = False
386.8605 	EXP 	window1: mouseVisible = False
386.8771 	EXP 	window1: mouseVisible = False
386.8939 	EXP 	window1: mouseVisible = False
386.9105 	EXP 	window1: mouseVisible = False
386.9273 	EXP 	window1: mouseVisible = False
386.9444 	EXP 	window1: mouseVisible = False
386.9606 	EXP 	window1: mouseVisible = False
386.9772 	EXP 	window1: mouseVisible = False
386.9940 	EXP 	window1: mouseVisible = False
387.0107 	EXP 	window1: mouseVisible = False
387.0273 	EXP 	window1: mouseVisible = False
387.0440 	EXP 	window1: mouseVisible = False
387.0607 	EXP 	window1: mouseVisible = False
387.0771 	EXP 	window1: mouseVisible = False
387.0949 	EXP 	window1: mouseVisible = False
387.1106 	EXP 	window1: mouseVisible = False
387.1272 	EXP 	window1: mouseVisible = False
387.1438 	EXP 	window1: mouseVisible = False
387.1605 	EXP 	window1: mouseVisible = False
387.1773 	EXP 	window1: mouseVisible = False
387.1938 	EXP 	window1: mouseVisible = False
387.2107 	EXP 	window1: mouseVisible = False
387.2269 	DATA 	Keypress: space
387.3270 	EXP 	New trial (rep=10, index=0): None
387.3425 	EXP 	main_text: autoDraw = True
387.3425 	EXP 	confirm_text: autoDraw = True
387.3425 	EXP 	ratingScale: autoDraw = False
387.3425 	EXP 	main_text: autoDraw = False
387.3425 	EXP 	confirm_text: autoDraw = False
387.3425 	EXP 	text_2: autoDraw = True
387.3425 	EXP 	croix: autoDraw = True
392.3424 	EXP 	text_2: autoDraw = False
392.3424 	EXP 	croix: autoDraw = False
392.3424 	EXP 	text_2: autoDraw = False
392.3424 	EXP 	croix: autoDraw = False
392.3424 	EXP 	thermode_locali: autoDraw = True
404.3265 	EXP 	window1: mouseVisible = True
404.3275 	EXP 	Created unnamed Rect = Rect(__class__=<class 'psychopy.visual.rect.Rect'>, anchor=('center', 'center'), autoDraw=False, autoLog=True, closeShape=True, color=method-wrapper(...), colorSpace='rgb', contrast=None, depth=0, draggable=False, fillColor=array([1, 1, 1]), fillColorSpace='rgb', fillRGB=array([1, 1, 1]), interpolate=True, lineColor=array([1., 1., 1.]), lineColorSpace='rgb', lineRGB=array([1, 1, 1]), lineWidth=1.5, name='unnamed Rect', opacity=1.0, ori=0.0, pos=array([0., 0.]), size=array([0.01, 0.1 ]), units='norm', vertices=ndarray(...), win=Window(...))
404.3275 	EXP 	window1: mouseVisible = True
404.3276 	EXP 	window1: mouseVisible = True
404.3281 	EXP 	window1: mouseVisible = True
404.3296 	EXP 	window1: mouseVisible = True
404.3309 	EXP 	window1: mouseVisible = True
404.3311 	EXP 	window1: mouseVisible = True
404.3312 	EXP 	window1: mouseVisible = True
404.3314 	EXP 	window1: mouseVisible = True
404.3315 	EXP 	window1: mouseVisible = True
404.3316 	EXP 	window1: mouseVisible = True
404.3318 	EXP 	window1: mouseVisible = True
404.3319 	EXP 	window1: mouseVisible = True
404.3320 	EXP 	window1: mouseVisible = True
404.3322 	EXP 	window1: mouseVisible = True
404.3323 	EXP 	window1: mouseVisible = True
404.3324 	EXP 	window1: mouseVisible = True
404.3325 	EXP 	window1: mouseVisible = True
404.3327 	EXP 	window1: mouseVisible = True
404.3328 	EXP 	window1: mouseVisible = True
404.3330 	EXP 	window1: mouseVisible = True
404.3332 	EXP 	window1: mouseVisible = True
404.3333 	EXP 	window1: mouseVisible = True
404.3334 	EXP 	window1: mouseVisible = True
404.3336 	EXP 	window1: mouseVisible = True
404.3337 	EXP 	window1: mouseVisible = True
404.3338 	EXP 	window1: mouseVisible = True
404.3340 	EXP 	window1: mouseVisible = True
404.3341 	EXP 	window1: mouseVisible = True
404.3342 	EXP 	window1: mouseVisible = True
404.3343 	EXP 	window1: mouseVisible = True
404.3345 	EXP 	window1: mouseVisible = True
404.3346 	EXP 	window1: mouseVisible = True
404.3347 	EXP 	window1: mouseVisible = True
404.3348 	EXP 	window1: mouseVisible = True
404.3350 	EXP 	window1: mouseVisible = True
404.3351 	EXP 	window1: mouseVisible = True
404.3352 	EXP 	window1: mouseVisible = True
404.3354 	EXP 	window1: mouseVisible = True
404.3355 	EXP 	window1: mouseVisible = True
404.3356 	EXP 	window1: mouseVisible = True
404.3357 	EXP 	window1: mouseVisible = True
404.3359 	EXP 	window1: mouseVisible = True
404.3360 	EXP 	window1: mouseVisible = True
404.3361 	EXP 	window1: mouseVisible = True
404.3362 	EXP 	window1: mouseVisible = True
404.3364 	EXP 	window1: mouseVisible = True
404.3365 	EXP 	window1: mouseVisible = True
404.3366 	EXP 	window1: mouseVisible = True
404.3367 	EXP 	window1: mouseVisible = True
404.3369 	EXP 	window1: mouseVisible = True
404.3370 	EXP 	window1: mouseVisible = True
404.3372 	EXP 	window1: mouseVisible = True
404.3373 	EXP 	window1: mouseVisible = True
404.3374 	EXP 	window1: mouseVisible = True
404.3375 	EXP 	window1: mouseVisible = True
404.3377 	EXP 	window1: mouseVisible = True
404.3378 	EXP 	window1: mouseVisible = True
404.3379 	EXP 	window1: mouseVisible = True
404.3381 	EXP 	window1: mouseVisible = True
404.3382 	EXP 	window1: mouseVisible = True
404.3383 	EXP 	window1: mouseVisible = True
404.3384 	EXP 	window1: mouseVisible = True
404.3386 	EXP 	window1: mouseVisible = True
404.3387 	EXP 	window1: mouseVisible = True
404.3388 	EXP 	window1: mouseVisible = True
404.3389 	EXP 	window1: mouseVisible = True
404.3391 	EXP 	window1: mouseVisible = True
404.3392 	EXP 	window1: mouseVisible = True
404.3393 	EXP 	window1: mouseVisible = True
404.3394 	EXP 	window1: mouseVisible = True
404.3396 	EXP 	window1: mouseVisible = True
404.3397 	EXP 	window1: mouseVisible = True
404.3398 	EXP 	window1: mouseVisible = True
404.3399 	EXP 	window1: mouseVisible = True
404.3401 	EXP 	window1: mouseVisible = True
404.3402 	EXP 	window1: mouseVisible = True
404.3403 	EXP 	window1: mouseVisible = True
404.3404 	EXP 	window1: mouseVisible = True
404.3406 	EXP 	window1: mouseVisible = True
404.3407 	EXP 	window1: mouseVisible = True
404.3408 	EXP 	window1: mouseVisible = True
404.3410 	EXP 	window1: mouseVisible = True
404.3411 	EXP 	window1: mouseVisible = True
404.3413 	EXP 	window1: mouseVisible = True
404.3414 	EXP 	window1: mouseVisible = True
404.3415 	EXP 	window1: mouseVisible = True
404.3416 	EXP 	window1: mouseVisible = True
404.3418 	EXP 	window1: mouseVisible = True
404.3419 	EXP 	window1: mouseVisible = True
404.3420 	EXP 	window1: mouseVisible = True
404.3421 	EXP 	window1: mouseVisible = True
404.3423 	EXP 	window1: mouseVisible = True
404.3424 	EXP 	window1: mouseVisible = True
404.3425 	EXP 	window1: mouseVisible = True
404.3426 	EXP 	window1: mouseVisible = True
404.3428 	EXP 	window1: mouseVisible = True
404.3429 	EXP 	window1: mouseVisible = True
404.3430 	EXP 	window1: mouseVisible = True
404.3431 	EXP 	window1: mouseVisible = True
404.3433 	EXP 	window1: mouseVisible = True
404.3434 	EXP 	window1: mouseVisible = True
404.3435 	EXP 	window1: mouseVisible = True
404.3436 	EXP 	window1: mouseVisible = True
404.3438 	EXP 	window1: mouseVisible = True
404.3458 	EXP 	Created ratingScale = RatingScale(__class__=type(...), acceptKeys=['return'], acceptPreText=UNKNOWN, acceptSize=UNKNOWN, acceptText=UNKNOWN, autoLog=True, choices=False, colorSpace='rgb', depth=0, disappear=False, flipVert=False, high=100, kwargs=UNKNOWN, labels=list(...), leftKeys=['left'], lineColor=(255, 255, 255), low=0, marker=Rect(...), markerColor=(255, 255, 255), markerExpansion=UNKNOWN, markerStart=0.5, maxTime=0.0, minTime=0.4, mouseOnly=False, name='ratingScale', noMouse=False, pos=[0.0, 0.0], precision=100, respKeys=[], rightKeys=['right'], scale=None, self=UNKNOWN, showAccept=False, showValue=False, singleClick=False, size=0.6, skipKeys=['tab'], stretch=2.0, textColor='white', textFont='Helvetica Bold', textSize=0.144, tickHeight=0, tickMarks=10.0, win=Window(...))
404.3459 	EXP 	RatingScale ratingScale: reset()
404.3479 	EXP 	window1: mouseVisible = False
404.3593 	EXP 	thermode_locali: autoDraw = False
404.3593 	EXP 	thermode_locali: autoDraw = False
404.3593 	EXP 	ratingScale: flipVert = False
404.3593 	EXP 	ratingScale: autoLog = True
404.3609 	EXP 	window1: mouseVisible = False
404.3775 	EXP 	window1: mouseVisible = False
404.3941 	EXP 	window1: mouseVisible = False
404.4107 	EXP 	window1: mouseVisible = False
404.4275 	EXP 	window1: mouseVisible = False
404.4441 	EXP 	window1: mouseVisible = False
404.4608 	EXP 	window1: mouseVisible = False
404.4774 	EXP 	window1: mouseVisible = False
404.4940 	EXP 	window1: mouseVisible = False
404.5107 	EXP 	window1: mouseVisible = False
404.5275 	EXP 	window1: mouseVisible = False
404.5441 	EXP 	window1: mouseVisible = False
404.5608 	EXP 	window1: mouseVisible = False
404.5774 	EXP 	window1: mouseVisible = False
404.5941 	EXP 	window1: mouseVisible = False
404.6108 	EXP 	window1: mouseVisible = False
404.6275 	EXP 	window1: mouseVisible = False
404.6441 	EXP 	window1: mouseVisible = False
404.6608 	EXP 	window1: mouseVisible = False
404.6774 	EXP 	window1: mouseVisible = False
404.6941 	EXP 	window1: mouseVisible = False
404.7108 	EXP 	window1: mouseVisible = False
404.7274 	EXP 	window1: mouseVisible = False
404.7441 	EXP 	window1: mouseVisible = False
404.7608 	EXP 	window1: mouseVisible = False
404.7778 	EXP 	window1: mouseVisible = False
404.7941 	EXP 	window1: mouseVisible = False
404.8108 	EXP 	window1: mouseVisible = False
404.8275 	EXP 	window1: mouseVisible = False
404.8441 	EXP 	window1: mouseVisible = False
404.8608 	EXP 	window1: mouseVisible = False
404.8793 	EXP 	window1: mouseVisible = False
404.8943 	EXP 	window1: mouseVisible = False
404.9108 	EXP 	window1: mouseVisible = False
404.9274 	EXP 	window1: mouseVisible = False
404.9438 	DATA 	Keypress: n
404.9443 	EXP 	window1: mouseVisible = False
404.9608 	EXP 	window1: mouseVisible = False
404.9775 	EXP 	window1: mouseVisible = False
404.9941 	EXP 	window1: mouseVisible = False
405.0108 	EXP 	window1: mouseVisible = False
405.0274 	EXP 	window1: mouseVisible = False
405.0441 	EXP 	window1: mouseVisible = False
405.0608 	EXP 	window1: mouseVisible = False
405.0775 	EXP 	window1: mouseVisible = False
405.0941 	EXP 	window1: mouseVisible = False
405.1108 	EXP 	window1: mouseVisible = False
405.1275 	EXP 	window1: mouseVisible = False
405.1443 	EXP 	window1: mouseVisible = False
405.1608 	EXP 	window1: mouseVisible = False
405.1775 	EXP 	window1: mouseVisible = False
405.1941 	EXP 	window1: mouseVisible = False
405.2107 	EXP 	window1: mouseVisible = False
405.2274 	EXP 	window1: mouseVisible = False
405.2441 	EXP 	window1: mouseVisible = False
405.2609 	EXP 	window1: mouseVisible = False
405.2774 	EXP 	window1: mouseVisible = False
405.2941 	EXP 	window1: mouseVisible = False
405.3108 	EXP 	window1: mouseVisible = False
405.3274 	EXP 	window1: mouseVisible = False
405.3441 	EXP 	window1: mouseVisible = False
405.3608 	EXP 	window1: mouseVisible = False
405.3770 	DATA 	Keypress: m
405.3776 	EXP 	window1: mouseVisible = False
405.3941 	EXP 	window1: mouseVisible = False
405.4108 	EXP 	window1: mouseVisible = False
405.4274 	EXP 	window1: mouseVisible = False
405.4441 	EXP 	window1: mouseVisible = False
405.4608 	EXP 	window1: mouseVisible = False
405.4775 	EXP 	window1: mouseVisible = False
405.4941 	EXP 	window1: mouseVisible = False
405.5108 	EXP 	window1: mouseVisible = False
405.5275 	EXP 	window1: mouseVisible = False
405.5441 	EXP 	window1: mouseVisible = False
405.5608 	EXP 	window1: mouseVisible = False
405.5774 	EXP 	window1: mouseVisible = False
405.5941 	EXP 	window1: mouseVisible = False
405.6107 	EXP 	window1: mouseVisible = False
405.6274 	EXP 	window1: mouseVisible = False
405.6441 	EXP 	window1: mouseVisible = False
405.6608 	EXP 	window1: mouseVisible = False
405.6775 	EXP 	window1: mouseVisible = False
405.6941 	EXP 	window1: mouseVisible = False
405.7108 	EXP 	window1: mouseVisible = False
405.7275 	EXP 	window1: mouseVisible = False
405.7441 	EXP 	window1: mouseVisible = False
405.7608 	EXP 	window1: mouseVisible = False
405.7775 	EXP 	window1: mouseVisible = False
405.7941 	EXP 	window1: mouseVisible = False
405.8108 	EXP 	window1: mouseVisible = False
405.8275 	EXP 	window1: mouseVisible = False
405.8441 	EXP 	window1: mouseVisible = False
405.8608 	EXP 	window1: mouseVisible = False
405.8780 	EXP 	window1: mouseVisible = False
405.8942 	EXP 	window1: mouseVisible = False
405.9109 	EXP 	window1: mouseVisible = False
405.9276 	EXP 	window1: mouseVisible = False
405.9442 	EXP 	window1: mouseVisible = False
405.9609 	EXP 	window1: mouseVisible = False
405.9775 	EXP 	window1: mouseVisible = False
405.9942 	EXP 	window1: mouseVisible = False
406.0108 	EXP 	window1: mouseVisible = False
406.0275 	EXP 	window1: mouseVisible = False
406.0441 	EXP 	window1: mouseVisible = False
406.0608 	EXP 	window1: mouseVisible = False
406.0775 	EXP 	window1: mouseVisible = False
406.0937 	DATA 	Keypress: m
406.0942 	EXP 	window1: mouseVisible = False
406.1109 	EXP 	window1: mouseVisible = False
406.1275 	EXP 	window1: mouseVisible = False
406.1442 	EXP 	window1: mouseVisible = False
406.1613 	EXP 	window1: mouseVisible = False
406.1774 	EXP 	window1: mouseVisible = False
406.1940 	EXP 	window1: mouseVisible = False
406.2107 	EXP 	window1: mouseVisible = False
406.2274 	EXP 	window1: mouseVisible = False
406.2440 	EXP 	window1: mouseVisible = False
406.2608 	EXP 	window1: mouseVisible = False
406.2774 	EXP 	window1: mouseVisible = False
406.2940 	EXP 	window1: mouseVisible = False
406.3107 	EXP 	window1: mouseVisible = False
406.3274 	EXP 	window1: mouseVisible = False
406.3440 	EXP 	window1: mouseVisible = False
406.3608 	EXP 	window1: mouseVisible = False
406.3774 	EXP 	window1: mouseVisible = False
406.3941 	EXP 	window1: mouseVisible = False
406.4108 	EXP 	window1: mouseVisible = False
406.4276 	EXP 	window1: mouseVisible = False
406.4442 	EXP 	window1: mouseVisible = False
406.4604 	DATA 	Keypress: m
406.4609 	EXP 	window1: mouseVisible = False
406.4775 	EXP 	window1: mouseVisible = False
406.4941 	EXP 	window1: mouseVisible = False
406.5108 	EXP 	window1: mouseVisible = False
406.5275 	EXP 	window1: mouseVisible = False
406.5441 	EXP 	window1: mouseVisible = False
406.5609 	EXP 	window1: mouseVisible = False
406.5775 	EXP 	window1: mouseVisible = False
406.5942 	EXP 	window1: mouseVisible = False
406.6109 	EXP 	window1: mouseVisible = False
406.6276 	EXP 	window1: mouseVisible = False
406.6443 	EXP 	window1: mouseVisible = False
406.6608 	EXP 	window1: mouseVisible = False
406.6775 	EXP 	window1: mouseVisible = False
406.6941 	EXP 	window1: mouseVisible = False
406.7108 	EXP 	window1: mouseVisible = False
406.7275 	EXP 	window1: mouseVisible = False
406.7442 	EXP 	window1: mouseVisible = False
406.7608 	EXP 	window1: mouseVisible = False
406.7775 	EXP 	window1: mouseVisible = False
406.7942 	EXP 	window1: mouseVisible = False
406.8108 	EXP 	window1: mouseVisible = False
406.8275 	EXP 	window1: mouseVisible = False
406.8441 	EXP 	window1: mouseVisible = False
406.8608 	EXP 	window1: mouseVisible = False
406.8775 	EXP 	window1: mouseVisible = False
406.8941 	EXP 	window1: mouseVisible = False
406.9107 	EXP 	window1: mouseVisible = False
406.9275 	EXP 	window1: mouseVisible = False
406.9441 	EXP 	window1: mouseVisible = False
406.9608 	EXP 	window1: mouseVisible = False
406.9780 	DATA 	Keypress: space
407.0787 	EXP 	New trial (rep=11, index=0): None
407.0927 	EXP 	main_text: autoDraw = True
407.0927 	EXP 	confirm_text: autoDraw = True
407.0927 	EXP 	ratingScale: autoDraw = False
407.0927 	EXP 	main_text: autoDraw = False
407.0927 	EXP 	confirm_text: autoDraw = False
407.0927 	EXP 	text_2: autoDraw = True
407.0927 	EXP 	croix: autoDraw = True
412.0929 	EXP 	text_2: autoDraw = False
412.0929 	EXP 	croix: autoDraw = False
412.0929 	EXP 	text_2: autoDraw = False
412.0929 	EXP 	croix: autoDraw = False
412.0929 	EXP 	thermode_locali: autoDraw = True
424.0768 	EXP 	window1: mouseVisible = True
424.0776 	EXP 	Created unnamed Rect = Rect(__class__=<class 'psychopy.visual.rect.Rect'>, anchor=('center', 'center'), autoDraw=False, autoLog=True, closeShape=True, color=method-wrapper(...), colorSpace='rgb', contrast=None, depth=0, draggable=False, fillColor=array([1, 1, 1]), fillColorSpace='rgb', fillRGB=array([1, 1, 1]), interpolate=True, lineColor=array([1., 1., 1.]), lineColorSpace='rgb', lineRGB=array([1, 1, 1]), lineWidth=1.5, name='unnamed Rect', opacity=1.0, ori=0.0, pos=array([0., 0.]), size=array([0.01, 0.1 ]), units='norm', vertices=ndarray(...), win=Window(...))
424.0777 	EXP 	window1: mouseVisible = True
424.0778 	EXP 	window1: mouseVisible = True
424.0783 	EXP 	window1: mouseVisible = True
424.0794 	EXP 	window1: mouseVisible = True
424.0811 	EXP 	window1: mouseVisible = True
424.0812 	EXP 	window1: mouseVisible = True
424.0814 	EXP 	window1: mouseVisible = True
424.0816 	EXP 	window1: mouseVisible = True
424.0818 	EXP 	window1: mouseVisible = True
424.0819 	EXP 	window1: mouseVisible = True
424.0821 	EXP 	window1: mouseVisible = True
424.0822 	EXP 	window1: mouseVisible = True
424.0823 	EXP 	window1: mouseVisible = True
424.0825 	EXP 	window1: mouseVisible = True
424.0826 	EXP 	window1: mouseVisible = True
424.0827 	EXP 	window1: mouseVisible = True
424.0829 	EXP 	window1: mouseVisible = True
424.0830 	EXP 	window1: mouseVisible = True
424.0831 	EXP 	window1: mouseVisible = True
424.0832 	EXP 	window1: mouseVisible = True
424.0834 	EXP 	window1: mouseVisible = True
424.0836 	EXP 	window1: mouseVisible = True
424.0838 	EXP 	window1: mouseVisible = True
424.0840 	EXP 	window1: mouseVisible = True
424.0841 	EXP 	window1: mouseVisible = True
424.0843 	EXP 	window1: mouseVisible = True
424.0844 	EXP 	window1: mouseVisible = True
424.0845 	EXP 	window1: mouseVisible = True
424.0847 	EXP 	window1: mouseVisible = True
424.0848 	EXP 	window1: mouseVisible = True
424.0849 	EXP 	window1: mouseVisible = True
424.0850 	EXP 	window1: mouseVisible = True
424.0852 	EXP 	window1: mouseVisible = True
424.0853 	EXP 	window1: mouseVisible = True
424.0854 	EXP 	window1: mouseVisible = True
424.0856 	EXP 	window1: mouseVisible = True
424.0857 	EXP 	window1: mouseVisible = True
424.0859 	EXP 	window1: mouseVisible = True
424.0860 	EXP 	window1: mouseVisible = True
424.0861 	EXP 	window1: mouseVisible = True
424.0863 	EXP 	window1: mouseVisible = True
424.0864 	EXP 	window1: mouseVisible = True
424.0865 	EXP 	window1: mouseVisible = True
424.0867 	EXP 	window1: mouseVisible = True
424.0868 	EXP 	window1: mouseVisible = True
424.0869 	EXP 	window1: mouseVisible = True
424.0870 	EXP 	window1: mouseVisible = True
424.0872 	EXP 	window1: mouseVisible = True
424.0873 	EXP 	window1: mouseVisible = True
424.0874 	EXP 	window1: mouseVisible = True
424.0875 	EXP 	window1: mouseVisible = True
424.0877 	EXP 	window1: mouseVisible = True
424.0878 	EXP 	window1: mouseVisible = True
424.0879 	EXP 	window1: mouseVisible = True
424.0880 	EXP 	window1: mouseVisible = True
424.0882 	EXP 	window1: mouseVisible = True
424.0883 	EXP 	window1: mouseVisible = True
424.0884 	EXP 	window1: mouseVisible = True
424.0885 	EXP 	window1: mouseVisible = True
424.0887 	EXP 	window1: mouseVisible = True
424.0888 	EXP 	window1: mouseVisible = True
424.0889 	EXP 	window1: mouseVisible = True
424.0891 	EXP 	window1: mouseVisible = True
424.0892 	EXP 	window1: mouseVisible = True
424.0893 	EXP 	window1: mouseVisible = True
424.0894 	EXP 	window1: mouseVisible = True
424.0896 	EXP 	window1: mouseVisible = True
424.0897 	EXP 	window1: mouseVisible = True
424.0899 	EXP 	window1: mouseVisible = True
424.0900 	EXP 	window1: mouseVisible = True
424.0901 	EXP 	window1: mouseVisible = True
424.0902 	EXP 	window1: mouseVisible = True
424.0904 	EXP 	window1: mouseVisible = True
424.0905 	EXP 	window1: mouseVisible = True
424.0906 	EXP 	window1: mouseVisible = True
424.0907 	EXP 	window1: mouseVisible = True
424.0909 	EXP 	window1: mouseVisible = True
424.0910 	EXP 	window1: mouseVisible = True
424.0911 	EXP 	window1: mouseVisible = True
424.0913 	EXP 	window1: mouseVisible = True
424.0914 	EXP 	window1: mouseVisible = True
424.0915 	EXP 	window1: mouseVisible = True
424.0916 	EXP 	window1: mouseVisible = True
424.0918 	EXP 	window1: mouseVisible = True
424.0919 	EXP 	window1: mouseVisible = True
424.0920 	EXP 	window1: mouseVisible = True
424.0921 	EXP 	window1: mouseVisible = True
424.0923 	EXP 	window1: mouseVisible = True
424.0924 	EXP 	window1: mouseVisible = True
424.0925 	EXP 	window1: mouseVisible = True
424.0926 	EXP 	window1: mouseVisible = True
424.0928 	EXP 	window1: mouseVisible = True
424.0929 	EXP 	window1: mouseVisible = True
424.0930 	EXP 	window1: mouseVisible = True
424.0931 	EXP 	window1: mouseVisible = True
424.0933 	EXP 	window1: mouseVisible = True
424.0934 	EXP 	window1: mouseVisible = True
424.0935 	EXP 	window1: mouseVisible = True
424.0937 	EXP 	window1: mouseVisible = True
424.0938 	EXP 	window1: mouseVisible = True
424.0939 	EXP 	window1: mouseVisible = True
424.0940 	EXP 	window1: mouseVisible = True
424.0942 	EXP 	window1: mouseVisible = True
424.0943 	EXP 	window1: mouseVisible = True
424.0963 	EXP 	Created ratingScale = RatingScale(__class__=type(...), acceptKeys=['return'], acceptPreText=UNKNOWN, acceptSize=UNKNOWN, acceptText=UNKNOWN, autoLog=True, choices=False, colorSpace='rgb', depth=0, disappear=False, flipVert=False, high=100, kwargs=UNKNOWN, labels=list(...), leftKeys=['left'], lineColor=(255, 255, 255), low=0, marker=Rect(...), markerColor=(255, 255, 255), markerExpansion=UNKNOWN, markerStart=0.5, maxTime=0.0, minTime=0.4, mouseOnly=False, name='ratingScale', noMouse=False, pos=[0.0, 0.0], precision=100, respKeys=[], rightKeys=['right'], scale=None, self=UNKNOWN, showAccept=False, showValue=False, singleClick=False, size=0.6, skipKeys=['tab'], stretch=2.0, textColor='white', textFont='Helvetica Bold', textSize=0.144, tickHeight=0, tickMarks=10.0, win=Window(...))
424.0964 	EXP 	RatingScale ratingScale: reset()
424.0984 	EXP 	window1: mouseVisible = False
424.1095 	EXP 	thermode_locali: autoDraw = False
424.1095 	EXP 	thermode_locali: autoDraw = False
424.1095 	EXP 	ratingScale: flipVert = False
424.1095 	EXP 	ratingScale: autoLog = True
424.1110 	EXP 	window1: mouseVisible = False
424.1277 	EXP 	window1: mouseVisible = False
424.1444 	EXP 	window1: mouseVisible = False
424.1610 	EXP 	window1: mouseVisible = False
424.1776 	EXP 	window1: mouseVisible = False
424.1942 	EXP 	window1: mouseVisible = False
424.2110 	EXP 	window1: mouseVisible = False
424.2275 	EXP 	window1: mouseVisible = False
424.2443 	EXP 	window1: mouseVisible = False
424.2610 	EXP 	window1: mouseVisible = False
424.2776 	EXP 	window1: mouseVisible = False
424.2942 	EXP 	window1: mouseVisible = False
424.3109 	EXP 	window1: mouseVisible = False
424.3276 	EXP 	window1: mouseVisible = False
424.3442 	EXP 	window1: mouseVisible = False
424.3610 	EXP 	window1: mouseVisible = False
424.3775 	EXP 	window1: mouseVisible = False
424.3942 	EXP 	window1: mouseVisible = False
424.4110 	EXP 	window1: mouseVisible = False
424.4277 	EXP 	window1: mouseVisible = False
424.4443 	EXP 	window1: mouseVisible = False
424.4609 	EXP 	window1: mouseVisible = False
424.4776 	EXP 	window1: mouseVisible = False
424.4943 	EXP 	window1: mouseVisible = False
424.5109 	EXP 	window1: mouseVisible = False
424.5276 	EXP 	window1: mouseVisible = False
424.5443 	EXP 	window1: mouseVisible = False
424.5609 	EXP 	window1: mouseVisible = False
424.5776 	EXP 	window1: mouseVisible = False
424.5939 	DATA 	Keypress: n
424.5944 	EXP 	window1: mouseVisible = False
424.6111 	EXP 	window1: mouseVisible = False
424.6276 	EXP 	window1: mouseVisible = False
424.6443 	EXP 	window1: mouseVisible = False
424.6609 	EXP 	window1: mouseVisible = False
424.6776 	EXP 	window1: mouseVisible = False
424.6943 	EXP 	window1: mouseVisible = False
424.7109 	EXP 	window1: mouseVisible = False
424.7276 	EXP 	window1: mouseVisible = False
424.7443 	EXP 	window1: mouseVisible = False
424.7610 	EXP 	window1: mouseVisible = False
424.7776 	EXP 	window1: mouseVisible = False
424.7943 	EXP 	window1: mouseVisible = False
424.8109 	EXP 	window1: mouseVisible = False
424.8276 	EXP 	window1: mouseVisible = False
424.8443 	EXP 	window1: mouseVisible = False
424.8609 	EXP 	window1: mouseVisible = False
424.8776 	EXP 	window1: mouseVisible = False
424.8943 	EXP 	window1: mouseVisible = False
424.9109 	EXP 	window1: mouseVisible = False
424.9276 	EXP 	window1: mouseVisible = False
424.9443 	EXP 	window1: mouseVisible = False
424.9609 	EXP 	window1: mouseVisible = False
424.9776 	EXP 	window1: mouseVisible = False
424.9943 	EXP 	window1: mouseVisible = False
425.0110 	EXP 	window1: mouseVisible = False
425.0276 	EXP 	window1: mouseVisible = False
425.0443 	EXP 	window1: mouseVisible = False
425.0609 	EXP 	window1: mouseVisible = False
425.0776 	EXP 	window1: mouseVisible = False
425.0944 	EXP 	window1: mouseVisible = False
425.1110 	EXP 	window1: mouseVisible = False
425.1277 	EXP 	window1: mouseVisible = False
425.1444 	EXP 	window1: mouseVisible = False
425.1609 	EXP 	window1: mouseVisible = False
425.1776 	EXP 	window1: mouseVisible = False
425.1944 	EXP 	window1: mouseVisible = False
425.2109 	EXP 	window1: mouseVisible = False
425.2277 	EXP 	window1: mouseVisible = False
425.2443 	EXP 	window1: mouseVisible = False
425.2609 	EXP 	window1: mouseVisible = False
425.2776 	EXP 	window1: mouseVisible = False
425.2943 	EXP 	window1: mouseVisible = False
425.3109 	EXP 	window1: mouseVisible = False
425.3276 	EXP 	window1: mouseVisible = False
425.3443 	EXP 	window1: mouseVisible = False
425.3609 	EXP 	window1: mouseVisible = False
425.3776 	EXP 	window1: mouseVisible = False
425.3944 	EXP 	window1: mouseVisible = False
425.4107 	DATA 	Keypress: n
425.4113 	EXP 	window1: mouseVisible = False
425.4277 	EXP 	window1: mouseVisible = False
425.4443 	EXP 	window1: mouseVisible = False
425.4611 	EXP 	window1: mouseVisible = False
425.4777 	EXP 	window1: mouseVisible = False
425.4943 	EXP 	window1: mouseVisible = False
425.5110 	EXP 	window1: mouseVisible = False
425.5276 	EXP 	window1: mouseVisible = False
425.5443 	EXP 	window1: mouseVisible = False
425.5610 	EXP 	window1: mouseVisible = False
425.5776 	EXP 	window1: mouseVisible = False
425.5944 	EXP 	window1: mouseVisible = False
425.6110 	EXP 	window1: mouseVisible = False
425.6288 	EXP 	window1: mouseVisible = False
425.6443 	EXP 	window1: mouseVisible = False
425.6613 	EXP 	window1: mouseVisible = False
425.6778 	EXP 	window1: mouseVisible = False
425.6944 	EXP 	window1: mouseVisible = False
425.7111 	EXP 	window1: mouseVisible = False
425.7278 	EXP 	window1: mouseVisible = False
425.7445 	EXP 	window1: mouseVisible = False
425.7611 	EXP 	window1: mouseVisible = False
425.7777 	EXP 	window1: mouseVisible = False
425.7943 	EXP 	window1: mouseVisible = False
425.8109 	EXP 	window1: mouseVisible = False
425.8276 	EXP 	window1: mouseVisible = False
425.8443 	EXP 	window1: mouseVisible = False
425.8610 	EXP 	window1: mouseVisible = False
425.8776 	EXP 	window1: mouseVisible = False
425.8943 	EXP 	window1: mouseVisible = False
425.9110 	EXP 	window1: mouseVisible = False
425.9276 	EXP 	window1: mouseVisible = False
425.9443 	EXP 	window1: mouseVisible = False
425.9610 	EXP 	window1: mouseVisible = False
425.9776 	EXP 	window1: mouseVisible = False
425.9942 	EXP 	window1: mouseVisible = False
426.0110 	EXP 	window1: mouseVisible = False
426.0276 	EXP 	window1: mouseVisible = False
426.0443 	EXP 	window1: mouseVisible = False
426.0609 	EXP 	window1: mouseVisible = False
426.0776 	EXP 	window1: mouseVisible = False
426.0943 	EXP 	window1: mouseVisible = False
426.1110 	EXP 	window1: mouseVisible = False
426.1277 	EXP 	window1: mouseVisible = False
426.1443 	EXP 	window1: mouseVisible = False
426.1609 	EXP 	window1: mouseVisible = False
426.1776 	EXP 	window1: mouseVisible = False
426.1943 	EXP 	window1: mouseVisible = False
426.2110 	EXP 	window1: mouseVisible = False
426.2277 	EXP 	window1: mouseVisible = False
426.2443 	EXP 	window1: mouseVisible = False
426.2610 	EXP 	window1: mouseVisible = False
426.2776 	EXP 	window1: mouseVisible = False
426.2944 	EXP 	window1: mouseVisible = False
426.3110 	EXP 	window1: mouseVisible = False
426.3278 	EXP 	window1: mouseVisible = False
426.3443 	EXP 	window1: mouseVisible = False
426.3610 	EXP 	window1: mouseVisible = False
426.3776 	EXP 	window1: mouseVisible = False
426.3943 	EXP 	window1: mouseVisible = False
426.4110 	EXP 	window1: mouseVisible = False
426.4277 	EXP 	window1: mouseVisible = False
426.4443 	EXP 	window1: mouseVisible = False
426.4610 	EXP 	window1: mouseVisible = False
426.4776 	EXP 	window1: mouseVisible = False
426.4943 	EXP 	window1: mouseVisible = False
426.5110 	EXP 	window1: mouseVisible = False
426.5276 	EXP 	window1: mouseVisible = False
426.5443 	EXP 	window1: mouseVisible = False
426.5606 	DATA 	Keypress: space
426.6629 	EXP 	New trial (rep=12, index=0): None
426.6762 	EXP 	main_text: autoDraw = True
426.6762 	EXP 	confirm_text: autoDraw = True
426.6762 	EXP 	ratingScale: autoDraw = False
426.6762 	EXP 	main_text: autoDraw = False
426.6762 	EXP 	confirm_text: autoDraw = False
426.6762 	EXP 	text_2: autoDraw = True
426.6762 	EXP 	croix: autoDraw = True
431.6763 	EXP 	text_2: autoDraw = False
431.6763 	EXP 	croix: autoDraw = False
431.6763 	EXP 	text_2: autoDraw = False
431.6763 	EXP 	croix: autoDraw = False
431.6763 	EXP 	thermode_locali: autoDraw = True
443.6603 	EXP 	window1: mouseVisible = True
443.6611 	EXP 	Created unnamed Rect = Rect(__class__=<class 'psychopy.visual.rect.Rect'>, anchor=('center', 'center'), autoDraw=False, autoLog=True, closeShape=True, color=method-wrapper(...), colorSpace='rgb', contrast=None, depth=0, draggable=False, fillColor=array([1, 1, 1]), fillColorSpace='rgb', fillRGB=array([1, 1, 1]), interpolate=True, lineColor=array([1., 1., 1.]), lineColorSpace='rgb', lineRGB=array([1, 1, 1]), lineWidth=1.5, name='unnamed Rect', opacity=1.0, ori=0.0, pos=array([0., 0.]), size=array([0.01, 0.1 ]), units='norm', vertices=ndarray(...), win=Window(...))
443.6612 	EXP 	window1: mouseVisible = True
443.6613 	EXP 	window1: mouseVisible = True
443.6618 	EXP 	window1: mouseVisible = True
443.6632 	EXP 	window1: mouseVisible = True
443.6648 	EXP 	window1: mouseVisible = True
443.6650 	EXP 	window1: mouseVisible = True
443.6652 	EXP 	window1: mouseVisible = True
443.6653 	EXP 	window1: mouseVisible = True
443.6654 	EXP 	window1: mouseVisible = True
443.6656 	EXP 	window1: mouseVisible = True
443.6657 	EXP 	window1: mouseVisible = True
443.6658 	EXP 	window1: mouseVisible = True
443.6660 	EXP 	window1: mouseVisible = True
443.6661 	EXP 	window1: mouseVisible = True
443.6662 	EXP 	window1: mouseVisible = True
443.6664 	EXP 	window1: mouseVisible = True
443.6665 	EXP 	window1: mouseVisible = True
443.6666 	EXP 	window1: mouseVisible = True
443.6667 	EXP 	window1: mouseVisible = True
443.6669 	EXP 	window1: mouseVisible = True
443.6670 	EXP 	window1: mouseVisible = True
443.6671 	EXP 	window1: mouseVisible = True
443.6672 	EXP 	window1: mouseVisible = True
443.6674 	EXP 	window1: mouseVisible = True
443.6675 	EXP 	window1: mouseVisible = True
443.6676 	EXP 	window1: mouseVisible = True
443.6678 	EXP 	window1: mouseVisible = True
443.6679 	EXP 	window1: mouseVisible = True
443.6680 	EXP 	window1: mouseVisible = True
443.6681 	EXP 	window1: mouseVisible = True
443.6683 	EXP 	window1: mouseVisible = True
443.6684 	EXP 	window1: mouseVisible = True
443.6685 	EXP 	window1: mouseVisible = True
443.6686 	EXP 	window1: mouseVisible = True
443.6688 	EXP 	window1: mouseVisible = True
443.6689 	EXP 	window1: mouseVisible = True
443.6690 	EXP 	window1: mouseVisible = True
443.6692 	EXP 	window1: mouseVisible = True
443.6693 	EXP 	window1: mouseVisible = True
443.6695 	EXP 	window1: mouseVisible = True
443.6696 	EXP 	window1: mouseVisible = True
443.6697 	EXP 	window1: mouseVisible = True
443.6699 	EXP 	window1: mouseVisible = True
443.6700 	EXP 	window1: mouseVisible = True
443.6701 	EXP 	window1: mouseVisible = True
443.6702 	EXP 	window1: mouseVisible = True
443.6704 	EXP 	window1: mouseVisible = True
443.6705 	EXP 	window1: mouseVisible = True
443.6706 	EXP 	window1: mouseVisible = True
443.6707 	EXP 	window1: mouseVisible = True
443.6709 	EXP 	window1: mouseVisible = True
443.6710 	EXP 	window1: mouseVisible = True
443.6711 	EXP 	window1: mouseVisible = True
443.6713 	EXP 	window1: mouseVisible = True
443.6714 	EXP 	window1: mouseVisible = True
443.6715 	EXP 	window1: mouseVisible = True
443.6716 	EXP 	window1: mouseVisible = True
443.6717 	EXP 	window1: mouseVisible = True
443.6719 	EXP 	window1: mouseVisible = True
443.6720 	EXP 	window1: mouseVisible = True
443.6722 	EXP 	window1: mouseVisible = True
443.6723 	EXP 	window1: mouseVisible = True
443.6724 	EXP 	window1: mouseVisible = True
443.6725 	EXP 	window1: mouseVisible = True
443.6727 	EXP 	window1: mouseVisible = True
443.6728 	EXP 	window1: mouseVisible = True
443.6729 	EXP 	window1: mouseVisible = True
443.6731 	EXP 	window1: mouseVisible = True
443.6732 	EXP 	window1: mouseVisible = True
443.6733 	EXP 	window1: mouseVisible = True
443.6735 	EXP 	window1: mouseVisible = True
443.6736 	EXP 	window1: mouseVisible = True
443.6737 	EXP 	window1: mouseVisible = True
443.6738 	EXP 	window1: mouseVisible = True
443.6740 	EXP 	window1: mouseVisible = True
443.6741 	EXP 	window1: mouseVisible = True
443.6742 	EXP 	window1: mouseVisible = True
443.6743 	EXP 	window1: mouseVisible = True
443.6745 	EXP 	window1: mouseVisible = True
443.6746 	EXP 	window1: mouseVisible = True
443.6747 	EXP 	window1: mouseVisible = True
443.6748 	EXP 	window1: mouseVisible = True
443.6750 	EXP 	window1: mouseVisible = True
443.6751 	EXP 	window1: mouseVisible = True
443.6752 	EXP 	window1: mouseVisible = True
443.6753 	EXP 	window1: mouseVisible = True
443.6755 	EXP 	window1: mouseVisible = True
443.6756 	EXP 	window1: mouseVisible = True
443.6757 	EXP 	window1: mouseVisible = True
443.6758 	EXP 	window1: mouseVisible = True
443.6760 	EXP 	window1: mouseVisible = True
443.6761 	EXP 	window1: mouseVisible = True
443.6762 	EXP 	window1: mouseVisible = True
443.6764 	EXP 	window1: mouseVisible = True
443.6765 	EXP 	window1: mouseVisible = True
443.6766 	EXP 	window1: mouseVisible = True
443.6767 	EXP 	window1: mouseVisible = True
443.6769 	EXP 	window1: mouseVisible = True
443.6770 	EXP 	window1: mouseVisible = True
443.6772 	EXP 	window1: mouseVisible = True
443.6773 	EXP 	window1: mouseVisible = True
443.6774 	EXP 	window1: mouseVisible = True
443.6775 	EXP 	window1: mouseVisible = True
443.6777 	EXP 	window1: mouseVisible = True
443.6797 	EXP 	Created ratingScale = RatingScale(__class__=type(...), acceptKeys=['return'], acceptPreText=UNKNOWN, acceptSize=UNKNOWN, acceptText=UNKNOWN, autoLog=True, choices=False, colorSpace='rgb', depth=0, disappear=False, flipVert=False, high=100, kwargs=UNKNOWN, labels=list(...), leftKeys=['left'], lineColor=(255, 255, 255), low=0, marker=Rect(...), markerColor=(255, 255, 255), markerExpansion=UNKNOWN, markerStart=0.5, maxTime=0.0, minTime=0.4, mouseOnly=False, name='ratingScale', noMouse=False, pos=[0.0, 0.0], precision=100, respKeys=[], rightKeys=['right'], scale=None, self=UNKNOWN, showAccept=False, showValue=False, singleClick=False, size=0.6, skipKeys=['tab'], stretch=2.0, textColor='white', textFont='Helvetica Bold', textSize=0.144, tickHeight=0, tickMarks=10.0, win=Window(...))
443.6797 	EXP 	RatingScale ratingScale: reset()
443.6818 	EXP 	window1: mouseVisible = False
443.6931 	EXP 	thermode_locali: autoDraw = False
443.6931 	EXP 	thermode_locali: autoDraw = False
443.6931 	EXP 	ratingScale: flipVert = False
443.6931 	EXP 	ratingScale: autoLog = True
443.6946 	EXP 	window1: mouseVisible = False
443.7112 	EXP 	window1: mouseVisible = False
443.7280 	EXP 	window1: mouseVisible = False
443.7446 	EXP 	window1: mouseVisible = False
443.7612 	EXP 	window1: mouseVisible = False
443.7779 	EXP 	window1: mouseVisible = False
443.7946 	EXP 	window1: mouseVisible = False
443.8113 	EXP 	window1: mouseVisible = False
443.8279 	EXP 	window1: mouseVisible = False
443.8446 	EXP 	window1: mouseVisible = False
443.8614 	EXP 	window1: mouseVisible = False
443.8780 	EXP 	window1: mouseVisible = False
443.8946 	EXP 	window1: mouseVisible = False
443.9113 	EXP 	window1: mouseVisible = False
443.9279 	EXP 	window1: mouseVisible = False
443.9448 	EXP 	window1: mouseVisible = False
443.9613 	EXP 	window1: mouseVisible = False
443.9779 	EXP 	window1: mouseVisible = False
443.9946 	EXP 	window1: mouseVisible = False
444.0112 	EXP 	window1: mouseVisible = False
444.0279 	EXP 	window1: mouseVisible = False
444.0446 	EXP 	window1: mouseVisible = False
444.0613 	EXP 	window1: mouseVisible = False
444.0779 	EXP 	window1: mouseVisible = False
444.0946 	EXP 	window1: mouseVisible = False
444.1121 	EXP 	window1: mouseVisible = False
444.1279 	EXP 	window1: mouseVisible = False
444.1446 	EXP 	window1: mouseVisible = False
444.1612 	EXP 	window1: mouseVisible = False
444.1779 	EXP 	window1: mouseVisible = False
444.1947 	EXP 	window1: mouseVisible = False
444.2112 	EXP 	window1: mouseVisible = False
444.2279 	EXP 	window1: mouseVisible = False
444.2446 	EXP 	window1: mouseVisible = False
444.2612 	EXP 	window1: mouseVisible = False
444.2779 	EXP 	window1: mouseVisible = False
444.2947 	EXP 	window1: mouseVisible = False
444.3112 	EXP 	window1: mouseVisible = False
444.3278 	EXP 	window1: mouseVisible = False
444.3446 	EXP 	window1: mouseVisible = False
444.3613 	EXP 	window1: mouseVisible = False
444.3779 	EXP 	window1: mouseVisible = False
444.3946 	EXP 	window1: mouseVisible = False
444.4113 	EXP 	window1: mouseVisible = False
444.4280 	EXP 	window1: mouseVisible = False
444.4446 	EXP 	window1: mouseVisible = False
444.4613 	EXP 	window1: mouseVisible = False
444.4779 	EXP 	window1: mouseVisible = False
444.4946 	EXP 	window1: mouseVisible = False
444.5112 	EXP 	window1: mouseVisible = False
444.5279 	EXP 	window1: mouseVisible = False
444.5445 	EXP 	window1: mouseVisible = False
444.5612 	EXP 	window1: mouseVisible = False
444.5779 	EXP 	window1: mouseVisible = False
444.5946 	EXP 	window1: mouseVisible = False
444.6113 	EXP 	window1: mouseVisible = False
444.6279 	EXP 	window1: mouseVisible = False
444.6446 	EXP 	window1: mouseVisible = False
444.6612 	EXP 	window1: mouseVisible = False
444.6779 	EXP 	window1: mouseVisible = False
444.6946 	EXP 	window1: mouseVisible = False
444.7112 	EXP 	window1: mouseVisible = False
444.7279 	EXP 	window1: mouseVisible = False
444.7446 	EXP 	window1: mouseVisible = False
444.7613 	EXP 	window1: mouseVisible = False
444.7779 	EXP 	window1: mouseVisible = False
444.7946 	EXP 	window1: mouseVisible = False
444.8112 	EXP 	window1: mouseVisible = False
444.8284 	EXP 	window1: mouseVisible = False
444.8447 	EXP 	window1: mouseVisible = False
444.8613 	EXP 	window1: mouseVisible = False
444.8779 	EXP 	window1: mouseVisible = False
444.8946 	EXP 	window1: mouseVisible = False
444.9113 	EXP 	window1: mouseVisible = False
444.9280 	EXP 	window1: mouseVisible = False
444.9447 	EXP 	window1: mouseVisible = False
444.9614 	EXP 	window1: mouseVisible = False
444.9779 	EXP 	window1: mouseVisible = False
444.9947 	EXP 	window1: mouseVisible = False
445.0112 	EXP 	window1: mouseVisible = False
445.0279 	EXP 	window1: mouseVisible = False
445.0446 	EXP 	window1: mouseVisible = False
445.0613 	EXP 	window1: mouseVisible = False
445.0779 	EXP 	window1: mouseVisible = False
445.0946 	EXP 	window1: mouseVisible = False
445.1112 	EXP 	window1: mouseVisible = False
445.1279 	EXP 	window1: mouseVisible = False
445.1442 	DATA 	Keypress: m
445.1448 	EXP 	window1: mouseVisible = False
445.1613 	EXP 	window1: mouseVisible = False
445.1779 	EXP 	window1: mouseVisible = False
445.1946 	EXP 	window1: mouseVisible = False
445.2113 	EXP 	window1: mouseVisible = False
445.2279 	EXP 	window1: mouseVisible = False
445.2448 	EXP 	window1: mouseVisible = False
445.2614 	EXP 	window1: mouseVisible = False
445.2781 	EXP 	window1: mouseVisible = False
445.2949 	EXP 	window1: mouseVisible = False
445.3114 	EXP 	window1: mouseVisible = False
445.3280 	EXP 	window1: mouseVisible = False
445.3446 	EXP 	window1: mouseVisible = False
445.3612 	EXP 	window1: mouseVisible = False
445.3780 	EXP 	window1: mouseVisible = False
445.3946 	EXP 	window1: mouseVisible = False
445.4112 	EXP 	window1: mouseVisible = False
445.4279 	EXP 	window1: mouseVisible = False
445.4446 	EXP 	window1: mouseVisible = False
445.4613 	EXP 	window1: mouseVisible = False
445.4779 	EXP 	window1: mouseVisible = False
445.4946 	EXP 	window1: mouseVisible = False
445.5112 	EXP 	window1: mouseVisible = False
445.5279 	EXP 	window1: mouseVisible = False
445.5442 	DATA 	Keypress: m
445.5448 	EXP 	window1: mouseVisible = False
445.5613 	EXP 	window1: mouseVisible = False
445.5781 	EXP 	window1: mouseVisible = False
445.5947 	EXP 	window1: mouseVisible = False
445.6113 	EXP 	window1: mouseVisible = False
445.6281 	EXP 	window1: mouseVisible = False
445.6445 	EXP 	window1: mouseVisible = False
445.6612 	EXP 	window1: mouseVisible = False
445.6781 	EXP 	window1: mouseVisible = False
445.6947 	EXP 	window1: mouseVisible = False
445.7112 	EXP 	window1: mouseVisible = False
445.7279 	EXP 	window1: mouseVisible = False
445.7446 	EXP 	window1: mouseVisible = False
445.7612 	EXP 	window1: mouseVisible = False
445.7779 	EXP 	window1: mouseVisible = False
445.7946 	EXP 	window1: mouseVisible = False
445.8112 	EXP 	window1: mouseVisible = False
445.8281 	EXP 	window1: mouseVisible = False
445.8446 	EXP 	window1: mouseVisible = False
445.8613 	EXP 	window1: mouseVisible = False
445.8775 	DATA 	Keypress: m
445.8781 	EXP 	window1: mouseVisible = False
445.8946 	EXP 	window1: mouseVisible = False
445.9113 	EXP 	window1: mouseVisible = False
445.9280 	EXP 	window1: mouseVisible = False
445.9445 	EXP 	window1: mouseVisible = False
445.9613 	EXP 	window1: mouseVisible = False
445.9779 	EXP 	window1: mouseVisible = False
445.9946 	EXP 	window1: mouseVisible = False
446.0113 	EXP 	window1: mouseVisible = False
446.0281 	EXP 	window1: mouseVisible = False
446.0446 	EXP 	window1: mouseVisible = False
446.0613 	EXP 	window1: mouseVisible = False
446.0779 	EXP 	window1: mouseVisible = False
446.0946 	EXP 	window1: mouseVisible = False
446.1113 	EXP 	window1: mouseVisible = False
446.1279 	EXP 	window1: mouseVisible = False
446.1448 	EXP 	window1: mouseVisible = False
446.1612 	EXP 	window1: mouseVisible = False
446.1781 	EXP 	window1: mouseVisible = False
446.1946 	EXP 	window1: mouseVisible = False
446.2113 	EXP 	window1: mouseVisible = False
446.2280 	EXP 	window1: mouseVisible = False
446.2451 	EXP 	window1: mouseVisible = False
446.2612 	EXP 	window1: mouseVisible = False
446.2780 	EXP 	window1: mouseVisible = False
446.2945 	EXP 	window1: mouseVisible = False
446.3112 	EXP 	window1: mouseVisible = False
446.3279 	EXP 	window1: mouseVisible = False
446.3445 	EXP 	window1: mouseVisible = False
446.3612 	EXP 	window1: mouseVisible = False
446.3789 	EXP 	window1: mouseVisible = False
446.3946 	EXP 	window1: mouseVisible = False
446.4112 	EXP 	window1: mouseVisible = False
446.4278 	EXP 	window1: mouseVisible = False
446.4447 	EXP 	window1: mouseVisible = False
446.4611 	EXP 	window1: mouseVisible = False
446.4780 	EXP 	window1: mouseVisible = False
446.4945 	EXP 	window1: mouseVisible = False
446.5112 	EXP 	window1: mouseVisible = False
446.5278 	EXP 	window1: mouseVisible = False
446.5445 	EXP 	window1: mouseVisible = False
446.5611 	EXP 	window1: mouseVisible = False
446.5778 	EXP 	window1: mouseVisible = False
446.5945 	EXP 	window1: mouseVisible = False
446.6111 	EXP 	window1: mouseVisible = False
446.6278 	EXP 	window1: mouseVisible = False
446.6448 	EXP 	window1: mouseVisible = False
446.6612 	EXP 	window1: mouseVisible = False
446.6774 	DATA 	Keypress: n
446.6780 	EXP 	window1: mouseVisible = False
446.6945 	EXP 	window1: mouseVisible = False
446.7112 	EXP 	window1: mouseVisible = False
446.7278 	EXP 	window1: mouseVisible = False
446.7450 	EXP 	window1: mouseVisible = False
446.7612 	EXP 	window1: mouseVisible = False
446.7779 	EXP 	window1: mouseVisible = False
446.7945 	EXP 	window1: mouseVisible = False
446.8112 	EXP 	window1: mouseVisible = False
446.8278 	EXP 	window1: mouseVisible = False
446.8445 	EXP 	window1: mouseVisible = False
446.8611 	EXP 	window1: mouseVisible = False
446.8778 	EXP 	window1: mouseVisible = False
446.8946 	EXP 	window1: mouseVisible = False
446.9111 	EXP 	window1: mouseVisible = False
446.9279 	EXP 	window1: mouseVisible = False
446.9445 	EXP 	window1: mouseVisible = False
446.9611 	EXP 	window1: mouseVisible = False
446.9778 	EXP 	window1: mouseVisible = False
446.9945 	EXP 	window1: mouseVisible = False
447.0111 	EXP 	window1: mouseVisible = False
447.0280 	EXP 	window1: mouseVisible = False
447.0448 	EXP 	window1: mouseVisible = False
447.0612 	EXP 	window1: mouseVisible = False
447.0778 	EXP 	window1: mouseVisible = False
447.0945 	EXP 	window1: mouseVisible = False
447.1112 	EXP 	window1: mouseVisible = False
447.1279 	EXP 	window1: mouseVisible = False
447.1448 	EXP 	window1: mouseVisible = False
447.1612 	EXP 	window1: mouseVisible = False
447.1785 	EXP 	window1: mouseVisible = False
447.1945 	EXP 	window1: mouseVisible = False
447.2112 	EXP 	window1: mouseVisible = False
447.2278 	EXP 	window1: mouseVisible = False
447.2448 	EXP 	window1: mouseVisible = False
447.2612 	EXP 	window1: mouseVisible = False
447.2786 	DATA 	Keypress: space
447.3787 	EXP 	New trial (rep=13, index=0): None
447.3931 	EXP 	main_text: autoDraw = True
447.3931 	EXP 	confirm_text: autoDraw = True
447.3931 	EXP 	ratingScale: autoDraw = False
447.3931 	EXP 	main_text: autoDraw = False
447.3931 	EXP 	confirm_text: autoDraw = False
447.3931 	EXP 	text_2: autoDraw = True
447.3931 	EXP 	croix: autoDraw = True
452.3931 	EXP 	text_2: autoDraw = False
452.3931 	EXP 	croix: autoDraw = False
452.3931 	EXP 	text_2: autoDraw = False
452.3931 	EXP 	croix: autoDraw = False
452.3931 	EXP 	thermode_locali: autoDraw = True
464.3772 	EXP 	window1: mouseVisible = True
464.3781 	EXP 	Created unnamed Rect = Rect(__class__=<class 'psychopy.visual.rect.Rect'>, anchor=('center', 'center'), autoDraw=False, autoLog=True, closeShape=True, color=method-wrapper(...), colorSpace='rgb', contrast=None, depth=0, draggable=False, fillColor=array([1, 1, 1]), fillColorSpace='rgb', fillRGB=array([1, 1, 1]), interpolate=True, lineColor=array([1., 1., 1.]), lineColorSpace='rgb', lineRGB=array([1, 1, 1]), lineWidth=1.5, name='unnamed Rect', opacity=1.0, ori=0.0, pos=array([0., 0.]), size=array([0.01, 0.1 ]), units='norm', vertices=ndarray(...), win=Window(...))
464.3782 	EXP 	window1: mouseVisible = True
464.3783 	EXP 	window1: mouseVisible = True
464.3789 	EXP 	window1: mouseVisible = True
464.3804 	EXP 	window1: mouseVisible = True
464.3815 	EXP 	window1: mouseVisible = True
464.3817 	EXP 	window1: mouseVisible = True
464.3818 	EXP 	window1: mouseVisible = True
464.3820 	EXP 	window1: mouseVisible = True
464.3821 	EXP 	window1: mouseVisible = True
464.3822 	EXP 	window1: mouseVisible = True
464.3824 	EXP 	window1: mouseVisible = True
464.3825 	EXP 	window1: mouseVisible = True
464.3826 	EXP 	window1: mouseVisible = True
464.3828 	EXP 	window1: mouseVisible = True
464.3829 	EXP 	window1: mouseVisible = True
464.3830 	EXP 	window1: mouseVisible = True
464.3832 	EXP 	window1: mouseVisible = True
464.3833 	EXP 	window1: mouseVisible = True
464.3834 	EXP 	window1: mouseVisible = True
464.3835 	EXP 	window1: mouseVisible = True
464.3837 	EXP 	window1: mouseVisible = True
464.3838 	EXP 	window1: mouseVisible = True
464.3839 	EXP 	window1: mouseVisible = True
464.3840 	EXP 	window1: mouseVisible = True
464.3842 	EXP 	window1: mouseVisible = True
464.3843 	EXP 	window1: mouseVisible = True
464.3844 	EXP 	window1: mouseVisible = True
464.3846 	EXP 	window1: mouseVisible = True
464.3847 	EXP 	window1: mouseVisible = True
464.3848 	EXP 	window1: mouseVisible = True
464.3849 	EXP 	window1: mouseVisible = True
464.3851 	EXP 	window1: mouseVisible = True
464.3852 	EXP 	window1: mouseVisible = True
464.3853 	EXP 	window1: mouseVisible = True
464.3856 	EXP 	window1: mouseVisible = True
464.3858 	EXP 	window1: mouseVisible = True
464.3860 	EXP 	window1: mouseVisible = True
464.3862 	EXP 	window1: mouseVisible = True
464.3864 	EXP 	window1: mouseVisible = True
464.3867 	EXP 	window1: mouseVisible = True
464.3895 	EXP 	window1: mouseVisible = True
464.3898 	EXP 	window1: mouseVisible = True
464.3900 	EXP 	window1: mouseVisible = True
464.3902 	EXP 	window1: mouseVisible = True
464.3903 	EXP 	window1: mouseVisible = True
464.3905 	EXP 	window1: mouseVisible = True
464.3906 	EXP 	window1: mouseVisible = True
464.3907 	EXP 	window1: mouseVisible = True
464.3909 	EXP 	window1: mouseVisible = True
464.3910 	EXP 	window1: mouseVisible = True
464.3911 	EXP 	window1: mouseVisible = True
464.3912 	EXP 	window1: mouseVisible = True
464.3914 	EXP 	window1: mouseVisible = True
464.3915 	EXP 	window1: mouseVisible = True
464.3916 	EXP 	window1: mouseVisible = True
464.3917 	EXP 	window1: mouseVisible = True
464.3919 	EXP 	window1: mouseVisible = True
464.3920 	EXP 	window1: mouseVisible = True
464.3921 	EXP 	window1: mouseVisible = True
464.3922 	EXP 	window1: mouseVisible = True
464.3924 	EXP 	window1: mouseVisible = True
464.3925 	EXP 	window1: mouseVisible = True
464.3926 	EXP 	window1: mouseVisible = True
464.3928 	EXP 	window1: mouseVisible = True
464.3929 	EXP 	window1: mouseVisible = True
464.3930 	EXP 	window1: mouseVisible = True
464.3931 	EXP 	window1: mouseVisible = True
464.3933 	EXP 	window1: mouseVisible = True
464.3934 	EXP 	window1: mouseVisible = True
464.3936 	EXP 	window1: mouseVisible = True
464.3937 	EXP 	window1: mouseVisible = True
464.3938 	EXP 	window1: mouseVisible = True
464.3939 	EXP 	window1: mouseVisible = True
464.3941 	EXP 	window1: mouseVisible = True
464.3942 	EXP 	window1: mouseVisible = True
464.3943 	EXP 	window1: mouseVisible = True
464.3945 	EXP 	window1: mouseVisible = True
464.3946 	EXP 	window1: mouseVisible = True
464.3947 	EXP 	window1: mouseVisible = True
464.3948 	EXP 	window1: mouseVisible = True
464.3950 	EXP 	window1: mouseVisible = True
464.3951 	EXP 	window1: mouseVisible = True
464.3952 	EXP 	window1: mouseVisible = True
464.3953 	EXP 	window1: mouseVisible = True
464.3955 	EXP 	window1: mouseVisible = True
464.3956 	EXP 	window1: mouseVisible = True
464.3957 	EXP 	window1: mouseVisible = True
464.3958 	EXP 	window1: mouseVisible = True
464.3960 	EXP 	window1: mouseVisible = True
464.3961 	EXP 	window1: mouseVisible = True
464.3962 	EXP 	window1: mouseVisible = True
464.3963 	EXP 	window1: mouseVisible = True
464.3965 	EXP 	window1: mouseVisible = True
464.3966 	EXP 	window1: mouseVisible = True
464.3967 	EXP 	window1: mouseVisible = True
464.3968 	EXP 	window1: mouseVisible = True
464.3970 	EXP 	window1: mouseVisible = True
464.3971 	EXP 	window1: mouseVisible = True
464.3972 	EXP 	window1: mouseVisible = True
464.3974 	EXP 	window1: mouseVisible = True
464.3975 	EXP 	window1: mouseVisible = True
464.3976 	EXP 	window1: mouseVisible = True
464.3977 	EXP 	window1: mouseVisible = True
464.3979 	EXP 	window1: mouseVisible = True
464.3999 	EXP 	Created ratingScale = RatingScale(__class__=type(...), acceptKeys=['return'], acceptPreText=UNKNOWN, acceptSize=UNKNOWN, acceptText=UNKNOWN, autoLog=True, choices=False, colorSpace='rgb', depth=0, disappear=False, flipVert=False, high=100, kwargs=UNKNOWN, labels=list(...), leftKeys=['left'], lineColor=(255, 255, 255), low=0, marker=Rect(...), markerColor=(255, 255, 255), markerExpansion=UNKNOWN, markerStart=0.5, maxTime=0.0, minTime=0.4, mouseOnly=False, name='ratingScale', noMouse=False, pos=[0.0, 0.0], precision=100, respKeys=[], rightKeys=['right'], scale=None, self=UNKNOWN, showAccept=False, showValue=False, singleClick=False, size=0.6, skipKeys=['tab'], stretch=2.0, textColor='white', textFont='Helvetica Bold', textSize=0.144, tickHeight=0, tickMarks=10.0, win=Window(...))
464.3999 	EXP 	RatingScale ratingScale: reset()
464.4020 	EXP 	window1: mouseVisible = False
464.4100 	EXP 	thermode_locali: autoDraw = False
464.4100 	EXP 	thermode_locali: autoDraw = False
464.4100 	EXP 	ratingScale: flipVert = False
464.4100 	EXP 	ratingScale: autoLog = True
464.4115 	EXP 	window1: mouseVisible = False
464.4281 	EXP 	window1: mouseVisible = False
464.4448 	EXP 	window1: mouseVisible = False
464.4615 	EXP 	window1: mouseVisible = False
464.4781 	EXP 	window1: mouseVisible = False
464.4948 	EXP 	window1: mouseVisible = False
464.5115 	EXP 	window1: mouseVisible = False
464.5281 	EXP 	window1: mouseVisible = False
464.5448 	EXP 	window1: mouseVisible = False
464.5615 	EXP 	window1: mouseVisible = False
464.5781 	EXP 	window1: mouseVisible = False
464.5947 	EXP 	window1: mouseVisible = False
464.6114 	EXP 	window1: mouseVisible = False
464.6292 	EXP 	window1: mouseVisible = False
464.6449 	EXP 	window1: mouseVisible = False
464.6615 	EXP 	window1: mouseVisible = False
464.6782 	EXP 	window1: mouseVisible = False
464.6948 	EXP 	window1: mouseVisible = False
464.7115 	EXP 	window1: mouseVisible = False
464.7281 	EXP 	window1: mouseVisible = False
464.7448 	EXP 	window1: mouseVisible = False
464.7615 	EXP 	window1: mouseVisible = False
464.7781 	EXP 	window1: mouseVisible = False
464.7948 	EXP 	window1: mouseVisible = False
464.8114 	EXP 	window1: mouseVisible = False
464.8281 	EXP 	window1: mouseVisible = False
464.8448 	EXP 	window1: mouseVisible = False
464.8615 	EXP 	window1: mouseVisible = False
464.8781 	EXP 	window1: mouseVisible = False
464.8944 	DATA 	Keypress: m
464.8950 	EXP 	window1: mouseVisible = False
464.9115 	EXP 	window1: mouseVisible = False
464.9292 	EXP 	window1: mouseVisible = False
464.9448 	EXP 	window1: mouseVisible = False
464.9615 	EXP 	window1: mouseVisible = False
464.9782 	EXP 	window1: mouseVisible = False
464.9948 	EXP 	window1: mouseVisible = False
465.0115 	EXP 	window1: mouseVisible = False
465.0281 	EXP 	window1: mouseVisible = False
465.0448 	EXP 	window1: mouseVisible = False
465.0615 	EXP 	window1: mouseVisible = False
465.0782 	EXP 	window1: mouseVisible = False
465.0948 	EXP 	window1: mouseVisible = False
465.1115 	EXP 	window1: mouseVisible = False
465.1282 	EXP 	window1: mouseVisible = False
465.1448 	EXP 	window1: mouseVisible = False
465.1614 	EXP 	window1: mouseVisible = False
465.1782 	EXP 	window1: mouseVisible = False
465.1948 	EXP 	window1: mouseVisible = False
465.2115 	EXP 	window1: mouseVisible = False
465.2283 	EXP 	window1: mouseVisible = False
465.2448 	EXP 	window1: mouseVisible = False
465.2619 	EXP 	window1: mouseVisible = False
465.2781 	EXP 	window1: mouseVisible = False
465.2948 	EXP 	window1: mouseVisible = False
465.3115 	EXP 	window1: mouseVisible = False
465.3282 	EXP 	window1: mouseVisible = False
465.3448 	EXP 	window1: mouseVisible = False
465.3615 	EXP 	window1: mouseVisible = False
465.3782 	EXP 	window1: mouseVisible = False
465.3948 	EXP 	window1: mouseVisible = False
465.4116 	EXP 	window1: mouseVisible = False
465.4282 	EXP 	window1: mouseVisible = False
465.4449 	EXP 	window1: mouseVisible = False
465.4615 	EXP 	window1: mouseVisible = False
465.4782 	EXP 	window1: mouseVisible = False
465.4948 	EXP 	window1: mouseVisible = False
465.5117 	EXP 	window1: mouseVisible = False
465.5282 	EXP 	window1: mouseVisible = False
465.5449 	EXP 	window1: mouseVisible = False
465.5615 	EXP 	window1: mouseVisible = False
465.5783 	EXP 	window1: mouseVisible = False
465.5949 	EXP 	window1: mouseVisible = False
465.6115 	EXP 	window1: mouseVisible = False
465.6282 	EXP 	window1: mouseVisible = False
465.6449 	EXP 	window1: mouseVisible = False
465.6616 	EXP 	window1: mouseVisible = False
465.6782 	EXP 	window1: mouseVisible = False
465.6949 	EXP 	window1: mouseVisible = False
465.7115 	EXP 	window1: mouseVisible = False
465.7284 	EXP 	window1: mouseVisible = False
465.7449 	EXP 	window1: mouseVisible = False
465.7616 	EXP 	window1: mouseVisible = False
465.7782 	EXP 	window1: mouseVisible = False
465.7949 	EXP 	window1: mouseVisible = False
465.8116 	EXP 	window1: mouseVisible = False
465.8282 	EXP 	window1: mouseVisible = False
465.8449 	EXP 	window1: mouseVisible = False
465.8615 	EXP 	window1: mouseVisible = False
465.8783 	EXP 	window1: mouseVisible = False
465.8948 	EXP 	window1: mouseVisible = False
465.9116 	EXP 	window1: mouseVisible = False
465.9282 	EXP 	window1: mouseVisible = False
465.9452 	EXP 	window1: mouseVisible = False
465.9621 	EXP 	window1: mouseVisible = False
465.9783 	EXP 	window1: mouseVisible = False
465.9950 	EXP 	window1: mouseVisible = False
466.0116 	EXP 	window1: mouseVisible = False
466.0283 	EXP 	window1: mouseVisible = False
466.0450 	EXP 	window1: mouseVisible = False
466.0616 	EXP 	window1: mouseVisible = False
466.0782 	EXP 	window1: mouseVisible = False
466.0949 	EXP 	window1: mouseVisible = False
466.1115 	EXP 	window1: mouseVisible = False
466.1283 	EXP 	window1: mouseVisible = False
466.1448 	EXP 	window1: mouseVisible = False
466.1616 	EXP 	window1: mouseVisible = False
466.1782 	EXP 	window1: mouseVisible = False
466.1949 	EXP 	window1: mouseVisible = False
466.2116 	EXP 	window1: mouseVisible = False
466.2282 	EXP 	window1: mouseVisible = False
466.2449 	EXP 	window1: mouseVisible = False
466.2616 	EXP 	window1: mouseVisible = False
466.2782 	EXP 	window1: mouseVisible = False
466.2949 	EXP 	window1: mouseVisible = False
466.3115 	EXP 	window1: mouseVisible = False
466.3284 	EXP 	window1: mouseVisible = False
466.3448 	EXP 	window1: mouseVisible = False
466.3616 	EXP 	window1: mouseVisible = False
466.3781 	EXP 	window1: mouseVisible = False
466.3949 	EXP 	window1: mouseVisible = False
466.4115 	EXP 	window1: mouseVisible = False
466.4282 	EXP 	window1: mouseVisible = False
466.4448 	EXP 	window1: mouseVisible = False
466.4615 	EXP 	window1: mouseVisible = False
466.4782 	EXP 	window1: mouseVisible = False
466.4949 	EXP 	window1: mouseVisible = False
466.5115 	EXP 	window1: mouseVisible = False
466.5282 	EXP 	window1: mouseVisible = False
466.5449 	EXP 	window1: mouseVisible = False
466.5615 	EXP 	window1: mouseVisible = False
466.5782 	EXP 	window1: mouseVisible = False
466.5949 	EXP 	window1: mouseVisible = False
466.6115 	EXP 	window1: mouseVisible = False
466.6283 	EXP 	window1: mouseVisible = False
466.6449 	EXP 	window1: mouseVisible = False
466.6615 	EXP 	window1: mouseVisible = False
466.6783 	EXP 	window1: mouseVisible = False
466.6949 	EXP 	window1: mouseVisible = False
466.7116 	EXP 	window1: mouseVisible = False
466.7282 	EXP 	window1: mouseVisible = False
466.7448 	EXP 	window1: mouseVisible = False
466.7616 	EXP 	window1: mouseVisible = False
466.7782 	EXP 	window1: mouseVisible = False
466.7948 	EXP 	window1: mouseVisible = False
466.8115 	EXP 	window1: mouseVisible = False
466.8282 	EXP 	window1: mouseVisible = False
466.8448 	EXP 	window1: mouseVisible = False
466.8616 	EXP 	window1: mouseVisible = False
466.8783 	EXP 	window1: mouseVisible = False
466.8948 	EXP 	window1: mouseVisible = False
466.9111 	DATA 	Keypress: m
466.9116 	EXP 	window1: mouseVisible = False
466.9283 	EXP 	window1: mouseVisible = False
466.9449 	EXP 	window1: mouseVisible = False
466.9615 	EXP 	window1: mouseVisible = False
466.9782 	EXP 	window1: mouseVisible = False
466.9949 	EXP 	window1: mouseVisible = False
467.0115 	EXP 	window1: mouseVisible = False
467.0283 	EXP 	window1: mouseVisible = False
467.0449 	EXP 	window1: mouseVisible = False
467.0614 	EXP 	window1: mouseVisible = False
467.0782 	EXP 	window1: mouseVisible = False
467.0949 	EXP 	window1: mouseVisible = False
467.1116 	EXP 	window1: mouseVisible = False
467.1282 	EXP 	window1: mouseVisible = False
467.1449 	EXP 	window1: mouseVisible = False
467.1616 	EXP 	window1: mouseVisible = False
467.1782 	EXP 	window1: mouseVisible = False
467.1949 	EXP 	window1: mouseVisible = False
467.2115 	EXP 	window1: mouseVisible = False
467.2282 	EXP 	window1: mouseVisible = False
467.2448 	EXP 	window1: mouseVisible = False
467.2618 	EXP 	window1: mouseVisible = False
467.2782 	EXP 	window1: mouseVisible = False
467.2949 	EXP 	window1: mouseVisible = False
467.3115 	EXP 	window1: mouseVisible = False
467.3281 	EXP 	window1: mouseVisible = False
467.3448 	EXP 	window1: mouseVisible = False
467.3615 	EXP 	window1: mouseVisible = False
467.3782 	EXP 	window1: mouseVisible = False
467.3949 	EXP 	window1: mouseVisible = False
467.4115 	EXP 	window1: mouseVisible = False
467.4282 	EXP 	window1: mouseVisible = False
467.4449 	EXP 	window1: mouseVisible = False
467.4614 	DATA 	Keypress: space
467.5634 	EXP 	New trial (rep=14, index=0): None
467.5767 	EXP 	main_text: autoDraw = True
467.5767 	EXP 	confirm_text: autoDraw = True
467.5767 	EXP 	ratingScale: autoDraw = False
467.5767 	EXP 	main_text: autoDraw = False
467.5767 	EXP 	confirm_text: autoDraw = False
467.5767 	EXP 	text_2: autoDraw = True
467.5767 	EXP 	croix: autoDraw = True
472.5768 	EXP 	text_2: autoDraw = False
472.5768 	EXP 	croix: autoDraw = False
472.5768 	EXP 	text_2: autoDraw = False
472.5768 	EXP 	croix: autoDraw = False
472.5768 	EXP 	thermode_locali: autoDraw = True
484.5606 	EXP 	window1: mouseVisible = True
484.5615 	EXP 	Created unnamed Rect = Rect(__class__=<class 'psychopy.visual.rect.Rect'>, anchor=('center', 'center'), autoDraw=False, autoLog=True, closeShape=True, color=method-wrapper(...), colorSpace='rgb', contrast=None, depth=0, draggable=False, fillColor=array([1, 1, 1]), fillColorSpace='rgb', fillRGB=array([1, 1, 1]), interpolate=True, lineColor=array([1., 1., 1.]), lineColorSpace='rgb', lineRGB=array([1, 1, 1]), lineWidth=1.5, name='unnamed Rect', opacity=1.0, ori=0.0, pos=array([0., 0.]), size=array([0.01, 0.1 ]), units='norm', vertices=ndarray(...), win=Window(...))
484.5615 	EXP 	window1: mouseVisible = True
484.5617 	EXP 	window1: mouseVisible = True
484.5622 	EXP 	window1: mouseVisible = True
484.5633 	EXP 	window1: mouseVisible = True
484.5644 	EXP 	window1: mouseVisible = True
484.5647 	EXP 	window1: mouseVisible = True
484.5649 	EXP 	window1: mouseVisible = True
484.5651 	EXP 	window1: mouseVisible = True
484.5653 	EXP 	window1: mouseVisible = True
484.5655 	EXP 	window1: mouseVisible = True
484.5657 	EXP 	window1: mouseVisible = True
484.5659 	EXP 	window1: mouseVisible = True
484.5661 	EXP 	window1: mouseVisible = True
484.5663 	EXP 	window1: mouseVisible = True
484.5665 	EXP 	window1: mouseVisible = True
484.5667 	EXP 	window1: mouseVisible = True
484.5669 	EXP 	window1: mouseVisible = True
484.5670 	EXP 	window1: mouseVisible = True
484.5673 	EXP 	window1: mouseVisible = True
484.5674 	EXP 	window1: mouseVisible = True
484.5675 	EXP 	window1: mouseVisible = True
484.5677 	EXP 	window1: mouseVisible = True
484.5679 	EXP 	window1: mouseVisible = True
484.5680 	EXP 	window1: mouseVisible = True
484.5682 	EXP 	window1: mouseVisible = True
484.5683 	EXP 	window1: mouseVisible = True
484.5684 	EXP 	window1: mouseVisible = True
484.5686 	EXP 	window1: mouseVisible = True
484.5687 	EXP 	window1: mouseVisible = True
484.5688 	EXP 	window1: mouseVisible = True
484.5690 	EXP 	window1: mouseVisible = True
484.5691 	EXP 	window1: mouseVisible = True
484.5692 	EXP 	window1: mouseVisible = True
484.5693 	EXP 	window1: mouseVisible = True
484.5695 	EXP 	window1: mouseVisible = True
484.5696 	EXP 	window1: mouseVisible = True
484.5697 	EXP 	window1: mouseVisible = True
484.5698 	EXP 	window1: mouseVisible = True
484.5700 	EXP 	window1: mouseVisible = True
484.5701 	EXP 	window1: mouseVisible = True
484.5702 	EXP 	window1: mouseVisible = True
484.5704 	EXP 	window1: mouseVisible = True
484.5705 	EXP 	window1: mouseVisible = True
484.5707 	EXP 	window1: mouseVisible = True
484.5708 	EXP 	window1: mouseVisible = True
484.5709 	EXP 	window1: mouseVisible = True
484.5711 	EXP 	window1: mouseVisible = True
484.5712 	EXP 	window1: mouseVisible = True
484.5713 	EXP 	window1: mouseVisible = True
484.5714 	EXP 	window1: mouseVisible = True
484.5716 	EXP 	window1: mouseVisible = True
484.5717 	EXP 	window1: mouseVisible = True
484.5718 	EXP 	window1: mouseVisible = True
484.5720 	EXP 	window1: mouseVisible = True
484.5721 	EXP 	window1: mouseVisible = True
484.5722 	EXP 	window1: mouseVisible = True
484.5724 	EXP 	window1: mouseVisible = True
484.5725 	EXP 	window1: mouseVisible = True
484.5726 	EXP 	window1: mouseVisible = True
484.5727 	EXP 	window1: mouseVisible = True
484.5729 	EXP 	window1: mouseVisible = True
484.5730 	EXP 	window1: mouseVisible = True
484.5731 	EXP 	window1: mouseVisible = True
484.5732 	EXP 	window1: mouseVisible = True
484.5734 	EXP 	window1: mouseVisible = True
484.5735 	EXP 	window1: mouseVisible = True
484.5736 	EXP 	window1: mouseVisible = True
484.5737 	EXP 	window1: mouseVisible = True
484.5739 	EXP 	window1: mouseVisible = True
484.5740 	EXP 	window1: mouseVisible = True
484.5741 	EXP 	window1: mouseVisible = True
484.5742 	EXP 	window1: mouseVisible = True
484.5744 	EXP 	window1: mouseVisible = True
484.5745 	EXP 	window1: mouseVisible = True
484.5746 	EXP 	window1: mouseVisible = True
484.5747 	EXP 	window1: mouseVisible = True
484.5749 	EXP 	window1: mouseVisible = True
484.5750 	EXP 	window1: mouseVisible = True
484.5751 	EXP 	window1: mouseVisible = True
484.5752 	EXP 	window1: mouseVisible = True
484.5754 	EXP 	window1: mouseVisible = True
484.5755 	EXP 	window1: mouseVisible = True
484.5756 	EXP 	window1: mouseVisible = True
484.5758 	EXP 	window1: mouseVisible = True
484.5759 	EXP 	window1: mouseVisible = True
484.5760 	EXP 	window1: mouseVisible = True
484.5761 	EXP 	window1: mouseVisible = True
484.5763 	EXP 	window1: mouseVisible = True
484.5764 	EXP 	window1: mouseVisible = True
484.5765 	EXP 	window1: mouseVisible = True
484.5766 	EXP 	window1: mouseVisible = True
484.5768 	EXP 	window1: mouseVisible = True
484.5769 	EXP 	window1: mouseVisible = True
484.5770 	EXP 	window1: mouseVisible = True
484.5771 	EXP 	window1: mouseVisible = True
484.5773 	EXP 	window1: mouseVisible = True
484.5774 	EXP 	window1: mouseVisible = True
484.5775 	EXP 	window1: mouseVisible = True
484.5776 	EXP 	window1: mouseVisible = True
484.5778 	EXP 	window1: mouseVisible = True
484.5779 	EXP 	window1: mouseVisible = True
484.5780 	EXP 	window1: mouseVisible = True
484.5781 	EXP 	window1: mouseVisible = True
484.5782 	EXP 	window1: mouseVisible = True
484.5804 	EXP 	Created ratingScale = RatingScale(__class__=type(...), acceptKeys=['return'], acceptPreText=UNKNOWN, acceptSize=UNKNOWN, acceptText=UNKNOWN, autoLog=True, choices=False, colorSpace='rgb', depth=0, disappear=False, flipVert=False, high=100, kwargs=UNKNOWN, labels=list(...), leftKeys=['left'], lineColor=(255, 255, 255), low=0, marker=Rect(...), markerColor=(255, 255, 255), markerExpansion=UNKNOWN, markerStart=0.5, maxTime=0.0, minTime=0.4, mouseOnly=False, name='ratingScale', noMouse=False, pos=[0.0, 0.0], precision=100, respKeys=[], rightKeys=['right'], scale=None, self=UNKNOWN, showAccept=False, showValue=False, singleClick=False, size=0.6, skipKeys=['tab'], stretch=2.0, textColor='white', textFont='Helvetica Bold', textSize=0.144, tickHeight=0, tickMarks=10.0, win=Window(...))
484.5804 	EXP 	RatingScale ratingScale: reset()
484.5825 	EXP 	window1: mouseVisible = False
484.5935 	EXP 	thermode_locali: autoDraw = False
484.5935 	EXP 	thermode_locali: autoDraw = False
484.5935 	EXP 	ratingScale: flipVert = False
484.5935 	EXP 	ratingScale: autoLog = True
484.5950 	EXP 	window1: mouseVisible = False
484.6116 	EXP 	window1: mouseVisible = False
484.6282 	EXP 	window1: mouseVisible = False
484.6449 	EXP 	window1: mouseVisible = False
484.6616 	EXP 	window1: mouseVisible = False
484.6787 	EXP 	window1: mouseVisible = False
484.6950 	EXP 	window1: mouseVisible = False
484.7116 	EXP 	window1: mouseVisible = False
484.7283 	EXP 	window1: mouseVisible = False
484.7450 	EXP 	window1: mouseVisible = False
484.7616 	EXP 	window1: mouseVisible = False
484.7790 	EXP 	window1: mouseVisible = False
484.7950 	EXP 	window1: mouseVisible = False
484.8118 	EXP 	window1: mouseVisible = False
484.8283 	EXP 	window1: mouseVisible = False
484.8450 	EXP 	window1: mouseVisible = False
484.8616 	EXP 	window1: mouseVisible = False
484.8783 	EXP 	window1: mouseVisible = False
484.8949 	EXP 	window1: mouseVisible = False
484.9116 	EXP 	window1: mouseVisible = False
484.9283 	EXP 	window1: mouseVisible = False
484.9450 	EXP 	window1: mouseVisible = False
484.9616 	EXP 	window1: mouseVisible = False
484.9784 	EXP 	window1: mouseVisible = False
484.9950 	EXP 	window1: mouseVisible = False
485.0116 	EXP 	window1: mouseVisible = False
485.0284 	EXP 	window1: mouseVisible = False
485.0449 	EXP 	window1: mouseVisible = False
485.0616 	EXP 	window1: mouseVisible = False
485.0783 	EXP 	window1: mouseVisible = False
485.0950 	EXP 	window1: mouseVisible = False
485.1116 	EXP 	window1: mouseVisible = False
485.1284 	EXP 	window1: mouseVisible = False
485.1451 	EXP 	window1: mouseVisible = False
485.1617 	EXP 	window1: mouseVisible = False
485.1784 	EXP 	window1: mouseVisible = False
485.1950 	EXP 	window1: mouseVisible = False
485.2117 	EXP 	window1: mouseVisible = False
485.2283 	EXP 	window1: mouseVisible = False
485.2450 	EXP 	window1: mouseVisible = False
485.2616 	EXP 	window1: mouseVisible = False
485.2788 	EXP 	window1: mouseVisible = False
485.2951 	EXP 	window1: mouseVisible = False
485.3118 	EXP 	window1: mouseVisible = False
485.3283 	EXP 	window1: mouseVisible = False
485.3450 	EXP 	window1: mouseVisible = False
485.3616 	EXP 	window1: mouseVisible = False
485.3783 	EXP 	window1: mouseVisible = False
485.3950 	EXP 	window1: mouseVisible = False
485.4116 	EXP 	window1: mouseVisible = False
485.4286 	EXP 	window1: mouseVisible = False
485.4450 	EXP 	window1: mouseVisible = False
485.4617 	EXP 	window1: mouseVisible = False
485.4787 	EXP 	window1: mouseVisible = False
485.4950 	EXP 	window1: mouseVisible = False
485.5117 	EXP 	window1: mouseVisible = False
485.5283 	EXP 	window1: mouseVisible = False
485.5450 	EXP 	window1: mouseVisible = False
485.5617 	EXP 	window1: mouseVisible = False
485.5783 	EXP 	window1: mouseVisible = False
485.5949 	EXP 	window1: mouseVisible = False
485.6117 	EXP 	window1: mouseVisible = False
485.6283 	EXP 	window1: mouseVisible = False
485.6450 	EXP 	window1: mouseVisible = False
485.6616 	EXP 	window1: mouseVisible = False
485.6786 	EXP 	window1: mouseVisible = False
485.6951 	EXP 	window1: mouseVisible = False
485.7117 	EXP 	window1: mouseVisible = False
485.7283 	EXP 	window1: mouseVisible = False
485.7450 	EXP 	window1: mouseVisible = False
485.7617 	EXP 	window1: mouseVisible = False
485.7787 	EXP 	window1: mouseVisible = False
485.7950 	EXP 	window1: mouseVisible = False
485.8113 	DATA 	Keypress: n
485.8119 	EXP 	window1: mouseVisible = False
485.8283 	EXP 	window1: mouseVisible = False
485.8450 	EXP 	window1: mouseVisible = False
485.8617 	EXP 	window1: mouseVisible = False
485.8783 	EXP 	window1: mouseVisible = False
485.8950 	EXP 	window1: mouseVisible = False
485.9119 	EXP 	window1: mouseVisible = False
485.9283 	EXP 	window1: mouseVisible = False
485.9450 	EXP 	window1: mouseVisible = False
485.9617 	EXP 	window1: mouseVisible = False
485.9783 	EXP 	window1: mouseVisible = False
485.9949 	EXP 	window1: mouseVisible = False
486.0117 	EXP 	window1: mouseVisible = False
486.0283 	EXP 	window1: mouseVisible = False
486.0450 	EXP 	window1: mouseVisible = False
486.0617 	EXP 	window1: mouseVisible = False
486.0785 	EXP 	window1: mouseVisible = False
486.0951 	EXP 	window1: mouseVisible = False
486.1116 	EXP 	window1: mouseVisible = False
486.1289 	EXP 	window1: mouseVisible = False
486.1451 	EXP 	window1: mouseVisible = False
486.1617 	EXP 	window1: mouseVisible = False
486.1784 	EXP 	window1: mouseVisible = False
486.1950 	EXP 	window1: mouseVisible = False
486.2116 	EXP 	window1: mouseVisible = False
486.2284 	EXP 	window1: mouseVisible = False
486.2450 	EXP 	window1: mouseVisible = False
486.2617 	EXP 	window1: mouseVisible = False
486.2789 	EXP 	window1: mouseVisible = False
486.2951 	EXP 	window1: mouseVisible = False
486.3117 	EXP 	window1: mouseVisible = False
486.3283 	EXP 	window1: mouseVisible = False
486.3450 	EXP 	window1: mouseVisible = False
486.3617 	EXP 	window1: mouseVisible = False
486.3784 	EXP 	window1: mouseVisible = False
486.3950 	EXP 	window1: mouseVisible = False
486.4117 	EXP 	window1: mouseVisible = False
486.4284 	EXP 	window1: mouseVisible = False
486.4450 	EXP 	window1: mouseVisible = False
486.4613 	DATA 	Keypress: n
486.4618 	EXP 	window1: mouseVisible = False
486.4786 	EXP 	window1: mouseVisible = False
486.4950 	EXP 	window1: mouseVisible = False
486.5116 	EXP 	window1: mouseVisible = False
486.5284 	EXP 	window1: mouseVisible = False
486.5450 	EXP 	window1: mouseVisible = False
486.5616 	EXP 	window1: mouseVisible = False
486.5783 	EXP 	window1: mouseVisible = False
486.5950 	EXP 	window1: mouseVisible = False
486.6119 	EXP 	window1: mouseVisible = False
486.6284 	EXP 	window1: mouseVisible = False
486.6450 	EXP 	window1: mouseVisible = False
486.6617 	EXP 	window1: mouseVisible = False
486.6785 	EXP 	window1: mouseVisible = False
486.6951 	EXP 	window1: mouseVisible = False
486.7117 	EXP 	window1: mouseVisible = False
486.7285 	EXP 	window1: mouseVisible = False
486.7450 	EXP 	window1: mouseVisible = False
486.7617 	EXP 	window1: mouseVisible = False
486.7787 	EXP 	window1: mouseVisible = False
486.7951 	EXP 	window1: mouseVisible = False
486.8117 	EXP 	window1: mouseVisible = False
486.8284 	EXP 	window1: mouseVisible = False
486.8450 	EXP 	window1: mouseVisible = False
486.8617 	EXP 	window1: mouseVisible = False
486.8785 	EXP 	window1: mouseVisible = False
486.8951 	EXP 	window1: mouseVisible = False
486.9113 	DATA 	Keypress: n
486.9118 	EXP 	window1: mouseVisible = False
486.9285 	EXP 	window1: mouseVisible = False
486.9450 	EXP 	window1: mouseVisible = False
486.9617 	EXP 	window1: mouseVisible = False
486.9783 	EXP 	window1: mouseVisible = False
486.9951 	EXP 	window1: mouseVisible = False
487.0117 	EXP 	window1: mouseVisible = False
487.0284 	EXP 	window1: mouseVisible = False
487.0450 	EXP 	window1: mouseVisible = False
487.0618 	EXP 	window1: mouseVisible = False
487.0784 	EXP 	window1: mouseVisible = False
487.0950 	EXP 	window1: mouseVisible = False
487.1117 	EXP 	window1: mouseVisible = False
487.1284 	EXP 	window1: mouseVisible = False
487.1449 	EXP 	window1: mouseVisible = False
487.1616 	EXP 	window1: mouseVisible = False
487.1783 	EXP 	window1: mouseVisible = False
487.1950 	EXP 	window1: mouseVisible = False
487.2116 	EXP 	window1: mouseVisible = False
487.2280 	DATA 	Keypress: n
487.2285 	EXP 	window1: mouseVisible = False
487.2450 	EXP 	window1: mouseVisible = False
487.2617 	EXP 	window1: mouseVisible = False
487.2783 	EXP 	window1: mouseVisible = False
487.2950 	EXP 	window1: mouseVisible = False
487.3116 	EXP 	window1: mouseVisible = False
487.3284 	EXP 	window1: mouseVisible = False
487.3450 	EXP 	window1: mouseVisible = False
487.3618 	EXP 	window1: mouseVisible = False
487.3785 	EXP 	window1: mouseVisible = False
487.3951 	EXP 	window1: mouseVisible = False
487.4128 	EXP 	window1: mouseVisible = False
487.4285 	EXP 	window1: mouseVisible = False
487.4450 	EXP 	window1: mouseVisible = False
487.4617 	EXP 	window1: mouseVisible = False
487.4784 	EXP 	window1: mouseVisible = False
487.4950 	EXP 	window1: mouseVisible = False
487.5117 	EXP 	window1: mouseVisible = False
487.5284 	EXP 	window1: mouseVisible = False
487.5438 	DATA 	Keypress: space
487.6456 	EXP 	New trial (rep=15, index=0): None
487.6603 	EXP 	main_text: autoDraw = True
487.6603 	EXP 	confirm_text: autoDraw = True
487.6603 	EXP 	ratingScale: autoDraw = False
487.6603 	EXP 	main_text: autoDraw = False
487.6603 	EXP 	confirm_text: autoDraw = False
487.6603 	EXP 	text_2: autoDraw = True
487.6603 	EXP 	croix: autoDraw = True
492.6602 	EXP 	text_2: autoDraw = False
492.6602 	EXP 	croix: autoDraw = False
492.6602 	EXP 	text_2: autoDraw = False
492.6602 	EXP 	croix: autoDraw = False
492.6602 	EXP 	thermode_locali: autoDraw = True
504.6444 	EXP 	window1: mouseVisible = True
504.6453 	EXP 	Created unnamed Rect = Rect(__class__=<class 'psychopy.visual.rect.Rect'>, anchor=('center', 'center'), autoDraw=False, autoLog=True, closeShape=True, color=method-wrapper(...), colorSpace='rgb', contrast=None, depth=0, draggable=False, fillColor=array([1, 1, 1]), fillColorSpace='rgb', fillRGB=array([1, 1, 1]), interpolate=True, lineColor=array([1., 1., 1.]), lineColorSpace='rgb', lineRGB=array([1, 1, 1]), lineWidth=1.5, name='unnamed Rect', opacity=1.0, ori=0.0, pos=array([0., 0.]), size=array([0.01, 0.1 ]), units='norm', vertices=ndarray(...), win=Window(...))
504.6453 	EXP 	window1: mouseVisible = True
504.6455 	EXP 	window1: mouseVisible = True
504.6460 	EXP 	window1: mouseVisible = True
504.6472 	EXP 	window1: mouseVisible = True
504.6483 	EXP 	window1: mouseVisible = True
504.6484 	EXP 	window1: mouseVisible = True
504.6486 	EXP 	window1: mouseVisible = True
504.6487 	EXP 	window1: mouseVisible = True
504.6489 	EXP 	window1: mouseVisible = True
504.6490 	EXP 	window1: mouseVisible = True
504.6491 	EXP 	window1: mouseVisible = True
504.6493 	EXP 	window1: mouseVisible = True
504.6494 	EXP 	window1: mouseVisible = True
504.6495 	EXP 	window1: mouseVisible = True
504.6496 	EXP 	window1: mouseVisible = True
504.6498 	EXP 	window1: mouseVisible = True
504.6499 	EXP 	window1: mouseVisible = True
504.6500 	EXP 	window1: mouseVisible = True
504.6502 	EXP 	window1: mouseVisible = True
504.6503 	EXP 	window1: mouseVisible = True
504.6504 	EXP 	window1: mouseVisible = True
504.6505 	EXP 	window1: mouseVisible = True
504.6507 	EXP 	window1: mouseVisible = True
504.6509 	EXP 	window1: mouseVisible = True
504.6510 	EXP 	window1: mouseVisible = True
504.6512 	EXP 	window1: mouseVisible = True
504.6513 	EXP 	window1: mouseVisible = True
504.6514 	EXP 	window1: mouseVisible = True
504.6516 	EXP 	window1: mouseVisible = True
504.6517 	EXP 	window1: mouseVisible = True
504.6518 	EXP 	window1: mouseVisible = True
504.6520 	EXP 	window1: mouseVisible = True
504.6521 	EXP 	window1: mouseVisible = True
504.6522 	EXP 	window1: mouseVisible = True
504.6523 	EXP 	window1: mouseVisible = True
504.6525 	EXP 	window1: mouseVisible = True
504.6526 	EXP 	window1: mouseVisible = True
504.6527 	EXP 	window1: mouseVisible = True
504.6528 	EXP 	window1: mouseVisible = True
504.6530 	EXP 	window1: mouseVisible = True
504.6531 	EXP 	window1: mouseVisible = True
504.6532 	EXP 	window1: mouseVisible = True
504.6533 	EXP 	window1: mouseVisible = True
504.6535 	EXP 	window1: mouseVisible = True
504.6536 	EXP 	window1: mouseVisible = True
504.6537 	EXP 	window1: mouseVisible = True
504.6538 	EXP 	window1: mouseVisible = True
504.6540 	EXP 	window1: mouseVisible = True
504.6541 	EXP 	window1: mouseVisible = True
504.6542 	EXP 	window1: mouseVisible = True
504.6543 	EXP 	window1: mouseVisible = True
504.6545 	EXP 	window1: mouseVisible = True
504.6546 	EXP 	window1: mouseVisible = True
504.6548 	EXP 	window1: mouseVisible = True
504.6549 	EXP 	window1: mouseVisible = True
504.6550 	EXP 	window1: mouseVisible = True
504.6552 	EXP 	window1: mouseVisible = True
504.6553 	EXP 	window1: mouseVisible = True
504.6554 	EXP 	window1: mouseVisible = True
504.6558 	EXP 	window1: mouseVisible = True
504.6561 	EXP 	window1: mouseVisible = True
504.6562 	EXP 	window1: mouseVisible = True
504.6564 	EXP 	window1: mouseVisible = True
504.6565 	EXP 	window1: mouseVisible = True
504.6567 	EXP 	window1: mouseVisible = True
504.6568 	EXP 	window1: mouseVisible = True
504.6569 	EXP 	window1: mouseVisible = True
504.6570 	EXP 	window1: mouseVisible = True
504.6572 	EXP 	window1: mouseVisible = True
504.6573 	EXP 	window1: mouseVisible = True
504.6574 	EXP 	window1: mouseVisible = True
504.6576 	EXP 	window1: mouseVisible = True
504.6577 	EXP 	window1: mouseVisible = True
504.6578 	EXP 	window1: mouseVisible = True
504.6580 	EXP 	window1: mouseVisible = True
504.6581 	EXP 	window1: mouseVisible = True
504.6582 	EXP 	window1: mouseVisible = True
504.6583 	EXP 	window1: mouseVisible = True
504.6584 	EXP 	window1: mouseVisible = True
504.6586 	EXP 	window1: mouseVisible = True
504.6587 	EXP 	window1: mouseVisible = True
504.6588 	EXP 	window1: mouseVisible = True
504.6590 	EXP 	window1: mouseVisible = True
504.6591 	EXP 	window1: mouseVisible = True
504.6593 	EXP 	window1: mouseVisible = True
504.6594 	EXP 	window1: mouseVisible = True
504.6595 	EXP 	window1: mouseVisible = True
504.6597 	EXP 	window1: mouseVisible = True
504.6598 	EXP 	window1: mouseVisible = True
504.6599 	EXP 	window1: mouseVisible = True
504.6600 	EXP 	window1: mouseVisible = True
504.6602 	EXP 	window1: mouseVisible = True
504.6603 	EXP 	window1: mouseVisible = True
504.6604 	EXP 	window1: mouseVisible = True
504.6605 	EXP 	window1: mouseVisible = True
504.6607 	EXP 	window1: mouseVisible = True
504.6608 	EXP 	window1: mouseVisible = True
504.6609 	EXP 	window1: mouseVisible = True
504.6610 	EXP 	window1: mouseVisible = True
504.6612 	EXP 	window1: mouseVisible = True
504.6613 	EXP 	window1: mouseVisible = True
504.6614 	EXP 	window1: mouseVisible = True
504.6616 	EXP 	window1: mouseVisible = True
504.6617 	EXP 	window1: mouseVisible = True
504.6638 	EXP 	Created ratingScale = RatingScale(__class__=type(...), acceptKeys=['return'], acceptPreText=UNKNOWN, acceptSize=UNKNOWN, acceptText=UNKNOWN, autoLog=True, choices=False, colorSpace='rgb', depth=0, disappear=False, flipVert=False, high=100, kwargs=UNKNOWN, labels=list(...), leftKeys=['left'], lineColor=(255, 255, 255), low=0, marker=Rect(...), markerColor=(255, 255, 255), markerExpansion=UNKNOWN, markerStart=0.5, maxTime=0.0, minTime=0.4, mouseOnly=False, name='ratingScale', noMouse=False, pos=[0.0, 0.0], precision=100, respKeys=[], rightKeys=['right'], scale=None, self=UNKNOWN, showAccept=False, showValue=False, singleClick=False, size=0.6, skipKeys=['tab'], stretch=2.0, textColor='white', textFont='Helvetica Bold', textSize=0.144, tickHeight=0, tickMarks=10.0, win=Window(...))
504.6638 	EXP 	RatingScale ratingScale: reset()
504.6659 	EXP 	window1: mouseVisible = False
504.6771 	EXP 	thermode_locali: autoDraw = False
504.6771 	EXP 	thermode_locali: autoDraw = False
504.6771 	EXP 	ratingScale: flipVert = False
504.6771 	EXP 	ratingScale: autoLog = True
504.6786 	EXP 	window1: mouseVisible = False
504.6953 	EXP 	window1: mouseVisible = False
504.7120 	EXP 	window1: mouseVisible = False
504.7286 	EXP 	window1: mouseVisible = False
504.7453 	EXP 	window1: mouseVisible = False
504.7619 	EXP 	window1: mouseVisible = False
504.7786 	EXP 	window1: mouseVisible = False
504.7953 	EXP 	window1: mouseVisible = False
504.8119 	EXP 	window1: mouseVisible = False
504.8286 	EXP 	window1: mouseVisible = False
504.8453 	EXP 	window1: mouseVisible = False
504.8619 	EXP 	window1: mouseVisible = False
504.8786 	EXP 	window1: mouseVisible = False
504.8953 	EXP 	window1: mouseVisible = False
504.9120 	EXP 	window1: mouseVisible = False
504.9286 	EXP 	window1: mouseVisible = False
504.9453 	EXP 	window1: mouseVisible = False
504.9619 	EXP 	window1: mouseVisible = False
504.9786 	EXP 	window1: mouseVisible = False
504.9953 	EXP 	window1: mouseVisible = False
505.0119 	EXP 	window1: mouseVisible = False
505.0286 	EXP 	window1: mouseVisible = False
505.0453 	EXP 	window1: mouseVisible = False
505.0619 	EXP 	window1: mouseVisible = False
505.0784 	DATA 	Keypress: n
505.0790 	EXP 	window1: mouseVisible = False
505.0953 	EXP 	window1: mouseVisible = False
505.1120 	EXP 	window1: mouseVisible = False
505.1286 	EXP 	window1: mouseVisible = False
505.1452 	EXP 	window1: mouseVisible = False
505.1620 	EXP 	window1: mouseVisible = False
505.1786 	EXP 	window1: mouseVisible = False
505.1953 	EXP 	window1: mouseVisible = False
505.2121 	EXP 	window1: mouseVisible = False
505.2286 	EXP 	window1: mouseVisible = False
505.2453 	EXP 	window1: mouseVisible = False
505.2619 	EXP 	window1: mouseVisible = False
505.2786 	EXP 	window1: mouseVisible = False
505.2953 	EXP 	window1: mouseVisible = False
505.3119 	EXP 	window1: mouseVisible = False
505.3286 	EXP 	window1: mouseVisible = False
505.3453 	EXP 	window1: mouseVisible = False
505.3619 	EXP 	window1: mouseVisible = False
505.3786 	EXP 	window1: mouseVisible = False
505.3953 	EXP 	window1: mouseVisible = False
505.4120 	EXP 	window1: mouseVisible = False
505.4286 	EXP 	window1: mouseVisible = False
505.4453 	EXP 	window1: mouseVisible = False
505.4620 	EXP 	window1: mouseVisible = False
505.4788 	EXP 	window1: mouseVisible = False
505.4954 	EXP 	window1: mouseVisible = False
505.5120 	EXP 	window1: mouseVisible = False
505.5286 	EXP 	window1: mouseVisible = False
505.5453 	EXP 	window1: mouseVisible = False
505.5619 	EXP 	window1: mouseVisible = False
505.5786 	EXP 	window1: mouseVisible = False
505.5953 	EXP 	window1: mouseVisible = False
505.6119 	EXP 	window1: mouseVisible = False
505.6287 	EXP 	window1: mouseVisible = False
505.6453 	EXP 	window1: mouseVisible = False
505.6634 	EXP 	window1: mouseVisible = False
505.6787 	EXP 	window1: mouseVisible = False
505.6954 	EXP 	window1: mouseVisible = False
505.7121 	EXP 	window1: mouseVisible = False
505.7287 	EXP 	window1: mouseVisible = False
505.7454 	EXP 	window1: mouseVisible = False
505.7620 	EXP 	window1: mouseVisible = False
505.7787 	EXP 	window1: mouseVisible = False
505.7956 	EXP 	window1: mouseVisible = False
505.8120 	EXP 	window1: mouseVisible = False
505.8286 	EXP 	window1: mouseVisible = False
505.8454 	EXP 	window1: mouseVisible = False
505.8619 	EXP 	window1: mouseVisible = False
505.8787 	EXP 	window1: mouseVisible = False
505.8953 	EXP 	window1: mouseVisible = False
505.9121 	EXP 	window1: mouseVisible = False
505.9287 	EXP 	window1: mouseVisible = False
505.9453 	EXP 	window1: mouseVisible = False
505.9620 	EXP 	window1: mouseVisible = False
505.9786 	EXP 	window1: mouseVisible = False
505.9955 	EXP 	window1: mouseVisible = False
506.0120 	EXP 	window1: mouseVisible = False
506.0287 	EXP 	window1: mouseVisible = False
506.0453 	EXP 	window1: mouseVisible = False
506.0620 	EXP 	window1: mouseVisible = False
506.0787 	EXP 	window1: mouseVisible = False
506.0954 	EXP 	window1: mouseVisible = False
506.1121 	EXP 	window1: mouseVisible = False
506.1287 	EXP 	window1: mouseVisible = False
506.1455 	EXP 	window1: mouseVisible = False
506.1620 	EXP 	window1: mouseVisible = False
506.1789 	EXP 	window1: mouseVisible = False
506.1953 	EXP 	window1: mouseVisible = False
506.2133 	EXP 	window1: mouseVisible = False
506.2287 	EXP 	window1: mouseVisible = False
506.2453 	EXP 	window1: mouseVisible = False
506.2620 	EXP 	window1: mouseVisible = False
506.2786 	EXP 	window1: mouseVisible = False
506.2953 	EXP 	window1: mouseVisible = False
506.3121 	EXP 	window1: mouseVisible = False
506.3286 	EXP 	window1: mouseVisible = False
506.3453 	EXP 	window1: mouseVisible = False
506.3619 	EXP 	window1: mouseVisible = False
506.3786 	EXP 	window1: mouseVisible = False
506.3953 	EXP 	window1: mouseVisible = False
506.4119 	EXP 	window1: mouseVisible = False
506.4286 	EXP 	window1: mouseVisible = False
506.4452 	EXP 	window1: mouseVisible = False
506.4620 	EXP 	window1: mouseVisible = False
506.4794 	EXP 	window1: mouseVisible = False
506.4953 	EXP 	window1: mouseVisible = False
506.5123 	EXP 	window1: mouseVisible = False
506.5286 	EXP 	window1: mouseVisible = False
506.5455 	EXP 	window1: mouseVisible = False
506.5620 	EXP 	window1: mouseVisible = False
506.5787 	EXP 	window1: mouseVisible = False
506.5953 	EXP 	window1: mouseVisible = False
506.6121 	EXP 	window1: mouseVisible = False
506.6287 	EXP 	window1: mouseVisible = False
506.6454 	EXP 	window1: mouseVisible = False
506.6620 	EXP 	window1: mouseVisible = False
506.6787 	EXP 	window1: mouseVisible = False
506.6953 	EXP 	window1: mouseVisible = False
506.7120 	EXP 	window1: mouseVisible = False
506.7287 	EXP 	window1: mouseVisible = False
506.7453 	EXP 	window1: mouseVisible = False
506.7620 	EXP 	window1: mouseVisible = False
506.7786 	EXP 	window1: mouseVisible = False
506.7954 	EXP 	window1: mouseVisible = False
506.8121 	EXP 	window1: mouseVisible = False
506.8286 	EXP 	window1: mouseVisible = False
506.8454 	EXP 	window1: mouseVisible = False
506.8620 	EXP 	window1: mouseVisible = False
506.8787 	EXP 	window1: mouseVisible = False
506.8953 	EXP 	window1: mouseVisible = False
506.9120 	EXP 	window1: mouseVisible = False
506.9287 	EXP 	window1: mouseVisible = False
506.9454 	EXP 	window1: mouseVisible = False
506.9620 	EXP 	window1: mouseVisible = False
506.9787 	EXP 	window1: mouseVisible = False
506.9953 	EXP 	window1: mouseVisible = False
507.0120 	EXP 	window1: mouseVisible = False
507.0288 	EXP 	window1: mouseVisible = False
507.0454 	EXP 	window1: mouseVisible = False
507.0620 	EXP 	window1: mouseVisible = False
507.0787 	EXP 	window1: mouseVisible = False
507.0953 	EXP 	window1: mouseVisible = False
507.1120 	EXP 	window1: mouseVisible = False
507.1287 	EXP 	window1: mouseVisible = False
507.1454 	EXP 	window1: mouseVisible = False
507.1622 	EXP 	window1: mouseVisible = False
507.1787 	EXP 	window1: mouseVisible = False
507.1953 	EXP 	window1: mouseVisible = False
507.2120 	EXP 	window1: mouseVisible = False
507.2288 	EXP 	window1: mouseVisible = False
507.2454 	EXP 	window1: mouseVisible = False
507.2620 	EXP 	window1: mouseVisible = False
507.2787 	EXP 	window1: mouseVisible = False
507.2953 	EXP 	window1: mouseVisible = False
507.3121 	EXP 	window1: mouseVisible = False
507.3287 	EXP 	window1: mouseVisible = False
507.3454 	EXP 	window1: mouseVisible = False
507.3620 	EXP 	window1: mouseVisible = False
507.3787 	EXP 	window1: mouseVisible = False
507.3953 	EXP 	window1: mouseVisible = False
507.4121 	EXP 	window1: mouseVisible = False
507.4290 	EXP 	window1: mouseVisible = False
507.4454 	EXP 	window1: mouseVisible = False
507.4622 	EXP 	window1: mouseVisible = False
507.4789 	EXP 	window1: mouseVisible = False
507.4957 	EXP 	window1: mouseVisible = False
507.5121 	EXP 	window1: mouseVisible = False
507.5286 	EXP 	window1: mouseVisible = False
507.5452 	EXP 	window1: mouseVisible = False
507.5620 	EXP 	window1: mouseVisible = False
507.5785 	EXP 	window1: mouseVisible = False
507.5952 	EXP 	window1: mouseVisible = False
507.6119 	EXP 	window1: mouseVisible = False
507.6286 	EXP 	window1: mouseVisible = False
507.6453 	EXP 	window1: mouseVisible = False
507.6619 	EXP 	window1: mouseVisible = False
507.6786 	EXP 	window1: mouseVisible = False
507.6952 	EXP 	window1: mouseVisible = False
507.7120 	EXP 	window1: mouseVisible = False
507.7285 	EXP 	window1: mouseVisible = False
507.7453 	EXP 	window1: mouseVisible = False
507.7619 	EXP 	window1: mouseVisible = False
507.7786 	EXP 	window1: mouseVisible = False
507.7952 	EXP 	window1: mouseVisible = False
507.8120 	EXP 	window1: mouseVisible = False
507.8287 	EXP 	window1: mouseVisible = False
507.8454 	EXP 	window1: mouseVisible = False
507.8620 	EXP 	window1: mouseVisible = False
507.8787 	EXP 	window1: mouseVisible = False
507.8954 	EXP 	window1: mouseVisible = False
507.9120 	EXP 	window1: mouseVisible = False
507.9287 	EXP 	window1: mouseVisible = False
507.9454 	EXP 	window1: mouseVisible = False
507.9621 	EXP 	window1: mouseVisible = False
507.9787 	EXP 	window1: mouseVisible = False
507.9954 	EXP 	window1: mouseVisible = False
508.0121 	EXP 	window1: mouseVisible = False
508.0287 	EXP 	window1: mouseVisible = False
508.0453 	EXP 	window1: mouseVisible = False
508.0621 	EXP 	window1: mouseVisible = False
508.0786 	EXP 	window1: mouseVisible = False
508.0953 	EXP 	window1: mouseVisible = False
508.1120 	EXP 	window1: mouseVisible = False
508.1288 	EXP 	window1: mouseVisible = False
508.1454 	EXP 	window1: mouseVisible = False
508.1620 	EXP 	window1: mouseVisible = False
508.1788 	DATA 	Keypress: space
508.2938 	EXP 	main_text: autoDraw = True
508.2938 	EXP 	confirm_text: autoDraw = True
508.2938 	EXP 	ratingScale: autoDraw = False
508.2938 	EXP 	main_text: autoDraw = False
508.2938 	EXP 	confirm_text: autoDraw = False
508.2938 	EXP 	text: autoDraw = True
531.6277 	EXP 	Created sequence: random, trialTypes=1, nReps=4, seed=None
531.6278 	EXP 	New trial (rep=0, index=0): None
531.6282 	DATA 	Keypress: p
531.6441 	EXP 	text: autoDraw = False
531.6441 	EXP 	text_7: autoDraw = True
532.7110 	EXP 	Created sequence: random, trialTypes=1, nReps=2, seed=None
532.7110 	EXP 	New trial (rep=0, index=0): None
532.7128 	DATA 	Keypress: p
532.7275 	EXP 	text_7: autoDraw = False
532.7275 	EXP 	text_eva: autoDraw = True
532.7275 	EXP 	croix_2: autoDraw = True
537.7275 	EXP 	text_eva: autoDraw = False
537.7275 	EXP 	croix_2: autoDraw = False
537.7275 	EXP 	thermode_locali_EVA: autoDraw = True
549.7111 	EXP 	window1: mouseVisible = True
549.7120 	EXP 	Created unnamed Rect = Rect(__class__=<class 'psychopy.visual.rect.Rect'>, anchor=('center', 'center'), autoDraw=False, autoLog=True, closeShape=True, color=method-wrapper(...), colorSpace='rgb', contrast=None, depth=0, draggable=False, fillColor=array([1, 1, 1]), fillColorSpace='rgb', fillRGB=array([1, 1, 1]), interpolate=True, lineColor=array([1., 1., 1.]), lineColorSpace='rgb', lineRGB=array([1, 1, 1]), lineWidth=1.5, name='unnamed Rect', opacity=1.0, ori=0.0, pos=array([0., 0.]), size=array([0.01, 0.1 ]), units='norm', vertices=ndarray(...), win=Window(...))
549.7120 	EXP 	window1: mouseVisible = True
549.7122 	EXP 	window1: mouseVisible = True
549.7126 	EXP 	window1: mouseVisible = True
549.7138 	EXP 	window1: mouseVisible = True
549.7150 	EXP 	window1: mouseVisible = True
549.7151 	EXP 	window1: mouseVisible = True
549.7153 	EXP 	window1: mouseVisible = True
549.7154 	EXP 	window1: mouseVisible = True
549.7156 	EXP 	window1: mouseVisible = True
549.7157 	EXP 	window1: mouseVisible = True
549.7158 	EXP 	window1: mouseVisible = True
549.7160 	EXP 	window1: mouseVisible = True
549.7161 	EXP 	window1: mouseVisible = True
549.7162 	EXP 	window1: mouseVisible = True
549.7164 	EXP 	window1: mouseVisible = True
549.7165 	EXP 	window1: mouseVisible = True
549.7166 	EXP 	window1: mouseVisible = True
549.7167 	EXP 	window1: mouseVisible = True
549.7169 	EXP 	window1: mouseVisible = True
549.7170 	EXP 	window1: mouseVisible = True
549.7171 	EXP 	window1: mouseVisible = True
549.7173 	EXP 	window1: mouseVisible = True
549.7174 	EXP 	window1: mouseVisible = True
549.7175 	EXP 	window1: mouseVisible = True
549.7176 	EXP 	window1: mouseVisible = True
549.7178 	EXP 	window1: mouseVisible = True
549.7179 	EXP 	window1: mouseVisible = True
549.7180 	EXP 	window1: mouseVisible = True
549.7181 	EXP 	window1: mouseVisible = True
549.7183 	EXP 	window1: mouseVisible = True
549.7184 	EXP 	window1: mouseVisible = True
549.7185 	EXP 	window1: mouseVisible = True
549.7186 	EXP 	window1: mouseVisible = True
549.7188 	EXP 	window1: mouseVisible = True
549.7189 	EXP 	window1: mouseVisible = True
549.7191 	EXP 	window1: mouseVisible = True
549.7192 	EXP 	window1: mouseVisible = True
549.7193 	EXP 	window1: mouseVisible = True
549.7195 	EXP 	window1: mouseVisible = True
549.7196 	EXP 	window1: mouseVisible = True
549.7197 	EXP 	window1: mouseVisible = True
549.7199 	EXP 	window1: mouseVisible = True
549.7200 	EXP 	window1: mouseVisible = True
549.7203 	EXP 	window1: mouseVisible = True
549.7205 	EXP 	window1: mouseVisible = True
549.7207 	EXP 	window1: mouseVisible = True
549.7209 	EXP 	window1: mouseVisible = True
549.7211 	EXP 	window1: mouseVisible = True
549.7213 	EXP 	window1: mouseVisible = True
549.7215 	EXP 	window1: mouseVisible = True
549.7217 	EXP 	window1: mouseVisible = True
549.7219 	EXP 	window1: mouseVisible = True
549.7220 	EXP 	window1: mouseVisible = True
549.7222 	EXP 	window1: mouseVisible = True
549.7224 	EXP 	window1: mouseVisible = True
549.7226 	EXP 	window1: mouseVisible = True
549.7227 	EXP 	window1: mouseVisible = True
549.7229 	EXP 	window1: mouseVisible = True
549.7231 	EXP 	window1: mouseVisible = True
549.7233 	EXP 	window1: mouseVisible = True
549.7234 	EXP 	window1: mouseVisible = True
549.7236 	EXP 	window1: mouseVisible = True
549.7238 	EXP 	window1: mouseVisible = True
549.7239 	EXP 	window1: mouseVisible = True
549.7241 	EXP 	window1: mouseVisible = True
549.7242 	EXP 	window1: mouseVisible = True
549.7244 	EXP 	window1: mouseVisible = True
549.7245 	EXP 	window1: mouseVisible = True
549.7246 	EXP 	window1: mouseVisible = True
549.7248 	EXP 	window1: mouseVisible = True
549.7249 	EXP 	window1: mouseVisible = True
549.7250 	EXP 	window1: mouseVisible = True
549.7251 	EXP 	window1: mouseVisible = True
549.7253 	EXP 	window1: mouseVisible = True
549.7254 	EXP 	window1: mouseVisible = True
549.7255 	EXP 	window1: mouseVisible = True
549.7257 	EXP 	window1: mouseVisible = True
549.7258 	EXP 	window1: mouseVisible = True
549.7259 	EXP 	window1: mouseVisible = True
549.7261 	EXP 	window1: mouseVisible = True
549.7262 	EXP 	window1: mouseVisible = True
549.7263 	EXP 	window1: mouseVisible = True
549.7264 	EXP 	window1: mouseVisible = True
549.7266 	EXP 	window1: mouseVisible = True
549.7267 	EXP 	window1: mouseVisible = True
549.7268 	EXP 	window1: mouseVisible = True
549.7269 	EXP 	window1: mouseVisible = True
549.7271 	EXP 	window1: mouseVisible = True
549.7272 	EXP 	window1: mouseVisible = True
549.7273 	EXP 	window1: mouseVisible = True
549.7274 	EXP 	window1: mouseVisible = True
549.7276 	EXP 	window1: mouseVisible = True
549.7277 	EXP 	window1: mouseVisible = True
549.7278 	EXP 	window1: mouseVisible = True
549.7279 	EXP 	window1: mouseVisible = True
549.7281 	EXP 	window1: mouseVisible = True
549.7282 	EXP 	window1: mouseVisible = True
549.7284 	EXP 	window1: mouseVisible = True
549.7285 	EXP 	window1: mouseVisible = True
549.7286 	EXP 	window1: mouseVisible = True
549.7287 	EXP 	window1: mouseVisible = True
549.7289 	EXP 	window1: mouseVisible = True
549.7290 	EXP 	window1: mouseVisible = True
549.7291 	EXP 	window1: mouseVisible = True
549.7312 	EXP 	Created ratingScale = RatingScale(__class__=type(...), acceptKeys=['return'], acceptPreText=UNKNOWN, acceptSize=UNKNOWN, acceptText=UNKNOWN, autoLog=True, choices=False, colorSpace='rgb', depth=0, disappear=False, flipVert=False, high=100, kwargs=UNKNOWN, labels=list(...), leftKeys=['left'], lineColor=(255, 255, 255), low=0, marker=Rect(...), markerColor=(255, 255, 255), markerExpansion=UNKNOWN, markerStart=0.5, maxTime=0.0, minTime=0.4, mouseOnly=False, name='ratingScale', noMouse=False, pos=[0.0, 0.0], precision=100, respKeys=[], rightKeys=['right'], scale=None, self=UNKNOWN, showAccept=False, showValue=False, singleClick=False, size=0.6, skipKeys=['tab'], stretch=2.0, textColor='white', textFont='Helvetica Bold', textSize=0.144, tickHeight=0, tickMarks=10.0, win=Window(...))
549.7313 	EXP 	RatingScale ratingScale: reset()
549.7336 	EXP 	window1: mouseVisible = False
549.7442 	EXP 	thermode_locali_EVA: autoDraw = False
549.7442 	EXP 	ratingScale: flipVert = False
549.7442 	EXP 	ratingScale: autoLog = True
549.7457 	EXP 	window1: mouseVisible = False
549.7622 	EXP 	window1: mouseVisible = False
549.7789 	EXP 	window1: mouseVisible = False
549.7956 	EXP 	window1: mouseVisible = False
549.8123 	EXP 	window1: mouseVisible = False
549.8289 	EXP 	window1: mouseVisible = False
549.8456 	EXP 	window1: mouseVisible = False
549.8623 	EXP 	window1: mouseVisible = False
549.8789 	EXP 	window1: mouseVisible = False
549.8956 	EXP 	window1: mouseVisible = False
549.9123 	EXP 	window1: mouseVisible = False
549.9289 	EXP 	window1: mouseVisible = False
549.9461 	EXP 	window1: mouseVisible = False
549.9623 	EXP 	window1: mouseVisible = False
549.9789 	EXP 	window1: mouseVisible = False
549.9956 	EXP 	window1: mouseVisible = False
550.0123 	EXP 	window1: mouseVisible = False
550.0289 	EXP 	window1: mouseVisible = False
550.0460 	EXP 	window1: mouseVisible = False
550.0623 	EXP 	window1: mouseVisible = False
550.0791 	EXP 	window1: mouseVisible = False
550.0957 	EXP 	window1: mouseVisible = False
550.1123 	EXP 	window1: mouseVisible = False
550.1290 	EXP 	window1: mouseVisible = False
550.1457 	EXP 	window1: mouseVisible = False
550.1624 	EXP 	window1: mouseVisible = False
550.1790 	EXP 	window1: mouseVisible = False
550.1957 	EXP 	window1: mouseVisible = False
550.2124 	EXP 	window1: mouseVisible = False
550.2290 	EXP 	window1: mouseVisible = False
550.2457 	EXP 	window1: mouseVisible = False
550.2623 	EXP 	window1: mouseVisible = False
550.2791 	EXP 	window1: mouseVisible = False
550.2957 	EXP 	window1: mouseVisible = False
550.3124 	EXP 	window1: mouseVisible = False
550.3290 	EXP 	window1: mouseVisible = False
550.3458 	EXP 	window1: mouseVisible = False
550.3623 	EXP 	window1: mouseVisible = False
550.3790 	EXP 	window1: mouseVisible = False
550.3957 	EXP 	window1: mouseVisible = False
550.4124 	EXP 	window1: mouseVisible = False
550.4290 	EXP 	window1: mouseVisible = False
550.4457 	EXP 	window1: mouseVisible = False
550.4623 	EXP 	window1: mouseVisible = False
550.4790 	EXP 	window1: mouseVisible = False
550.4957 	EXP 	window1: mouseVisible = False
550.5124 	EXP 	window1: mouseVisible = False
550.5290 	EXP 	window1: mouseVisible = False
550.5457 	EXP 	window1: mouseVisible = False
550.5624 	EXP 	window1: mouseVisible = False
550.5790 	EXP 	window1: mouseVisible = False
550.5957 	EXP 	window1: mouseVisible = False
550.6124 	EXP 	window1: mouseVisible = False
550.6290 	EXP 	window1: mouseVisible = False
550.6457 	EXP 	window1: mouseVisible = False
550.6628 	EXP 	window1: mouseVisible = False
550.6790 	EXP 	window1: mouseVisible = False
550.6957 	EXP 	window1: mouseVisible = False
550.7123 	EXP 	window1: mouseVisible = False
550.7290 	EXP 	window1: mouseVisible = False
550.7457 	EXP 	window1: mouseVisible = False
550.7623 	EXP 	window1: mouseVisible = False
550.7790 	EXP 	window1: mouseVisible = False
550.7957 	EXP 	window1: mouseVisible = False
550.8124 	EXP 	window1: mouseVisible = False
550.8290 	EXP 	window1: mouseVisible = False
550.8457 	EXP 	window1: mouseVisible = False
550.8623 	EXP 	window1: mouseVisible = False
550.8790 	EXP 	window1: mouseVisible = False
550.8957 	EXP 	window1: mouseVisible = False
550.9124 	EXP 	window1: mouseVisible = False
550.9290 	EXP 	window1: mouseVisible = False
550.9457 	EXP 	window1: mouseVisible = False
550.9624 	EXP 	window1: mouseVisible = False
550.9791 	EXP 	window1: mouseVisible = False
550.9956 	EXP 	window1: mouseVisible = False
551.0122 	EXP 	window1: mouseVisible = False
551.0289 	EXP 	window1: mouseVisible = False
551.0456 	EXP 	window1: mouseVisible = False
551.0623 	EXP 	window1: mouseVisible = False
551.0789 	EXP 	window1: mouseVisible = False
551.0958 	EXP 	window1: mouseVisible = False
551.1133 	EXP 	window1: mouseVisible = False
551.1291 	EXP 	window1: mouseVisible = False
551.1456 	EXP 	window1: mouseVisible = False
551.1623 	EXP 	window1: mouseVisible = False
551.1789 	EXP 	window1: mouseVisible = False
551.1956 	EXP 	window1: mouseVisible = False
551.2124 	EXP 	window1: mouseVisible = False
551.2289 	EXP 	window1: mouseVisible = False
551.2456 	EXP 	window1: mouseVisible = False
551.2623 	EXP 	window1: mouseVisible = False
551.2790 	EXP 	window1: mouseVisible = False
551.2958 	EXP 	window1: mouseVisible = False
551.3124 	EXP 	window1: mouseVisible = False
551.3291 	EXP 	window1: mouseVisible = False
551.3459 	EXP 	window1: mouseVisible = False
551.3624 	EXP 	window1: mouseVisible = False
551.3790 	EXP 	window1: mouseVisible = False
551.3956 	EXP 	window1: mouseVisible = False
551.4123 	EXP 	window1: mouseVisible = False
551.4289 	EXP 	window1: mouseVisible = False
551.4456 	EXP 	window1: mouseVisible = False
551.4623 	EXP 	window1: mouseVisible = False
551.4790 	EXP 	window1: mouseVisible = False
551.4956 	EXP 	window1: mouseVisible = False
551.5123 	EXP 	window1: mouseVisible = False
551.5290 	EXP 	window1: mouseVisible = False
551.5456 	EXP 	window1: mouseVisible = False
551.5623 	EXP 	window1: mouseVisible = False
551.5790 	EXP 	window1: mouseVisible = False
551.5956 	EXP 	window1: mouseVisible = False
551.6123 	EXP 	window1: mouseVisible = False
551.6289 	EXP 	window1: mouseVisible = False
551.6456 	EXP 	window1: mouseVisible = False
551.6624 	EXP 	window1: mouseVisible = False
551.6789 	EXP 	window1: mouseVisible = False
551.6956 	EXP 	window1: mouseVisible = False
551.7123 	EXP 	window1: mouseVisible = False
551.7289 	EXP 	window1: mouseVisible = False
551.7457 	EXP 	window1: mouseVisible = False
551.7623 	EXP 	window1: mouseVisible = False
551.7790 	EXP 	window1: mouseVisible = False
551.7958 	EXP 	window1: mouseVisible = False
551.8123 	EXP 	window1: mouseVisible = False
551.8289 	EXP 	window1: mouseVisible = False
551.8457 	EXP 	window1: mouseVisible = False
551.8623 	EXP 	window1: mouseVisible = False
551.8789 	EXP 	window1: mouseVisible = False
551.8956 	EXP 	window1: mouseVisible = False
551.9122 	EXP 	window1: mouseVisible = False
551.9289 	EXP 	window1: mouseVisible = False
551.9457 	EXP 	window1: mouseVisible = False
551.9623 	EXP 	window1: mouseVisible = False
551.9790 	EXP 	window1: mouseVisible = False
551.9956 	EXP 	window1: mouseVisible = False
552.0123 	EXP 	window1: mouseVisible = False
552.0289 	EXP 	window1: mouseVisible = False
552.0456 	EXP 	window1: mouseVisible = False
552.0623 	EXP 	window1: mouseVisible = False
552.0789 	EXP 	window1: mouseVisible = False
552.0956 	EXP 	window1: mouseVisible = False
552.1123 	EXP 	window1: mouseVisible = False
552.1289 	EXP 	window1: mouseVisible = False
552.1456 	EXP 	window1: mouseVisible = False
552.1624 	EXP 	window1: mouseVisible = False
552.1789 	EXP 	window1: mouseVisible = False
552.1956 	EXP 	window1: mouseVisible = False
552.2123 	EXP 	window1: mouseVisible = False
552.2289 	EXP 	window1: mouseVisible = False
552.2453 	DATA 	Keypress: m
552.2459 	EXP 	window1: mouseVisible = False
552.2624 	EXP 	window1: mouseVisible = False
552.2790 	EXP 	window1: mouseVisible = False
552.2957 	EXP 	window1: mouseVisible = False
552.3124 	EXP 	window1: mouseVisible = False
552.3289 	EXP 	window1: mouseVisible = False
552.3457 	EXP 	window1: mouseVisible = False
552.3623 	EXP 	window1: mouseVisible = False
552.3789 	EXP 	window1: mouseVisible = False
552.3956 	EXP 	window1: mouseVisible = False
552.4123 	EXP 	window1: mouseVisible = False
552.4290 	EXP 	window1: mouseVisible = False
552.4457 	EXP 	window1: mouseVisible = False
552.4623 	EXP 	window1: mouseVisible = False
552.4789 	EXP 	window1: mouseVisible = False
552.4957 	EXP 	window1: mouseVisible = False
552.5123 	EXP 	window1: mouseVisible = False
552.5290 	EXP 	window1: mouseVisible = False
552.5456 	EXP 	window1: mouseVisible = False
552.5623 	EXP 	window1: mouseVisible = False
552.5790 	EXP 	window1: mouseVisible = False
552.5957 	EXP 	window1: mouseVisible = False
552.6123 	EXP 	window1: mouseVisible = False
552.6289 	EXP 	window1: mouseVisible = False
552.6456 	EXP 	window1: mouseVisible = False
552.6623 	EXP 	window1: mouseVisible = False
552.6789 	EXP 	window1: mouseVisible = False
552.6957 	EXP 	window1: mouseVisible = False
552.7123 	EXP 	window1: mouseVisible = False
552.7289 	EXP 	window1: mouseVisible = False
552.7456 	EXP 	window1: mouseVisible = False
552.7624 	EXP 	window1: mouseVisible = False
552.7790 	EXP 	window1: mouseVisible = False
552.7959 	EXP 	window1: mouseVisible = False
552.8124 	EXP 	window1: mouseVisible = False
552.8290 	EXP 	window1: mouseVisible = False
552.8458 	EXP 	window1: mouseVisible = False
552.8623 	EXP 	window1: mouseVisible = False
552.8791 	EXP 	window1: mouseVisible = False
552.8957 	EXP 	window1: mouseVisible = False
552.9124 	EXP 	window1: mouseVisible = False
552.9290 	EXP 	window1: mouseVisible = False
552.9458 	EXP 	window1: mouseVisible = False
552.9623 	EXP 	window1: mouseVisible = False
552.9791 	EXP 	window1: mouseVisible = False
552.9957 	EXP 	window1: mouseVisible = False
553.0124 	EXP 	window1: mouseVisible = False
553.0290 	EXP 	window1: mouseVisible = False
553.0457 	EXP 	window1: mouseVisible = False
553.0623 	EXP 	window1: mouseVisible = False
553.0791 	EXP 	window1: mouseVisible = False
553.0957 	EXP 	window1: mouseVisible = False
553.1124 	EXP 	window1: mouseVisible = False
553.1293 	EXP 	window1: mouseVisible = False
553.1458 	EXP 	window1: mouseVisible = False
553.1624 	EXP 	window1: mouseVisible = False
553.1791 	EXP 	window1: mouseVisible = False
553.1957 	EXP 	window1: mouseVisible = False
553.2124 	EXP 	window1: mouseVisible = False
553.2291 	EXP 	window1: mouseVisible = False
553.2457 	EXP 	window1: mouseVisible = False
553.2624 	EXP 	window1: mouseVisible = False
553.2791 	EXP 	window1: mouseVisible = False
553.2958 	EXP 	window1: mouseVisible = False
553.3124 	EXP 	window1: mouseVisible = False
553.3291 	EXP 	window1: mouseVisible = False
553.3462 	EXP 	window1: mouseVisible = False
553.3626 	EXP 	window1: mouseVisible = False
553.3793 	EXP 	window1: mouseVisible = False
553.3959 	EXP 	window1: mouseVisible = False
553.4126 	EXP 	window1: mouseVisible = False
553.4292 	EXP 	window1: mouseVisible = False
553.4458 	EXP 	window1: mouseVisible = False
553.4624 	EXP 	window1: mouseVisible = False
553.4791 	EXP 	window1: mouseVisible = False
553.4957 	EXP 	window1: mouseVisible = False
553.5124 	EXP 	window1: mouseVisible = False
553.5291 	EXP 	window1: mouseVisible = False
553.5458 	EXP 	window1: mouseVisible = False
553.5624 	EXP 	window1: mouseVisible = False
553.5791 	EXP 	window1: mouseVisible = False
553.5958 	EXP 	window1: mouseVisible = False
553.6124 	EXP 	window1: mouseVisible = False
553.6291 	EXP 	window1: mouseVisible = False
553.6458 	EXP 	window1: mouseVisible = False
553.6624 	EXP 	window1: mouseVisible = False
553.6791 	EXP 	window1: mouseVisible = False
553.6957 	EXP 	window1: mouseVisible = False
553.7124 	EXP 	window1: mouseVisible = False
553.7291 	EXP 	window1: mouseVisible = False
553.7457 	EXP 	window1: mouseVisible = False
553.7624 	EXP 	window1: mouseVisible = False
553.7791 	EXP 	window1: mouseVisible = False
553.7957 	EXP 	window1: mouseVisible = False
553.8124 	EXP 	window1: mouseVisible = False
553.8291 	EXP 	window1: mouseVisible = False
553.8457 	EXP 	window1: mouseVisible = False
553.8624 	EXP 	window1: mouseVisible = False
553.8791 	DATA 	Keypress: space
553.9802 	EXP 	New trial (rep=1, index=0): None
553.9943 	EXP 	main_text: autoDraw = True
553.9943 	EXP 	confirm_text: autoDraw = True
553.9943 	EXP 	ratingScale: autoDraw = False
553.9943 	EXP 	main_text: autoDraw = False
553.9943 	EXP 	confirm_text: autoDraw = False
553.9943 	EXP 	text_eva: autoDraw = True
553.9943 	EXP 	croix_2: autoDraw = True
558.9943 	EXP 	text_eva: autoDraw = False
558.9943 	EXP 	croix_2: autoDraw = False
558.9943 	EXP 	text_eva: autoDraw = False
558.9943 	EXP 	croix_2: autoDraw = False
558.9943 	EXP 	thermode_locali_EVA: autoDraw = True
570.9783 	EXP 	window1: mouseVisible = True
570.9793 	EXP 	Created unnamed Rect = Rect(__class__=<class 'psychopy.visual.rect.Rect'>, anchor=('center', 'center'), autoDraw=False, autoLog=True, closeShape=True, color=method-wrapper(...), colorSpace='rgb', contrast=None, depth=0, draggable=False, fillColor=array([1, 1, 1]), fillColorSpace='rgb', fillRGB=array([1, 1, 1]), interpolate=True, lineColor=array([1., 1., 1.]), lineColorSpace='rgb', lineRGB=array([1, 1, 1]), lineWidth=1.5, name='unnamed Rect', opacity=1.0, ori=0.0, pos=array([0., 0.]), size=array([0.01, 0.1 ]), units='norm', vertices=ndarray(...), win=Window(...))
570.9793 	EXP 	window1: mouseVisible = True
570.9795 	EXP 	window1: mouseVisible = True
570.9802 	EXP 	window1: mouseVisible = True
570.9814 	EXP 	window1: mouseVisible = True
570.9824 	EXP 	window1: mouseVisible = True
570.9826 	EXP 	window1: mouseVisible = True
570.9828 	EXP 	window1: mouseVisible = True
570.9829 	EXP 	window1: mouseVisible = True
570.9830 	EXP 	window1: mouseVisible = True
570.9832 	EXP 	window1: mouseVisible = True
570.9833 	EXP 	window1: mouseVisible = True
570.9834 	EXP 	window1: mouseVisible = True
570.9836 	EXP 	window1: mouseVisible = True
570.9837 	EXP 	window1: mouseVisible = True
570.9838 	EXP 	window1: mouseVisible = True
570.9840 	EXP 	window1: mouseVisible = True
570.9841 	EXP 	window1: mouseVisible = True
570.9842 	EXP 	window1: mouseVisible = True
570.9843 	EXP 	window1: mouseVisible = True
570.9845 	EXP 	window1: mouseVisible = True
570.9847 	EXP 	window1: mouseVisible = True
570.9848 	EXP 	window1: mouseVisible = True
570.9850 	EXP 	window1: mouseVisible = True
570.9851 	EXP 	window1: mouseVisible = True
570.9852 	EXP 	window1: mouseVisible = True
570.9854 	EXP 	window1: mouseVisible = True
570.9855 	EXP 	window1: mouseVisible = True
570.9856 	EXP 	window1: mouseVisible = True
570.9858 	EXP 	window1: mouseVisible = True
570.9859 	EXP 	window1: mouseVisible = True
570.9860 	EXP 	window1: mouseVisible = True
570.9861 	EXP 	window1: mouseVisible = True
570.9863 	EXP 	window1: mouseVisible = True
570.9864 	EXP 	window1: mouseVisible = True
570.9865 	EXP 	window1: mouseVisible = True
570.9866 	EXP 	window1: mouseVisible = True
570.9868 	EXP 	window1: mouseVisible = True
570.9869 	EXP 	window1: mouseVisible = True
570.9870 	EXP 	window1: mouseVisible = True
570.9872 	EXP 	window1: mouseVisible = True
570.9873 	EXP 	window1: mouseVisible = True
570.9874 	EXP 	window1: mouseVisible = True
570.9875 	EXP 	window1: mouseVisible = True
570.9877 	EXP 	window1: mouseVisible = True
570.9878 	EXP 	window1: mouseVisible = True
570.9879 	EXP 	window1: mouseVisible = True
570.9880 	EXP 	window1: mouseVisible = True
570.9882 	EXP 	window1: mouseVisible = True
570.9883 	EXP 	window1: mouseVisible = True
570.9884 	EXP 	window1: mouseVisible = True
570.9885 	EXP 	window1: mouseVisible = True
570.9887 	EXP 	window1: mouseVisible = True
570.9891 	EXP 	window1: mouseVisible = True
570.9893 	EXP 	window1: mouseVisible = True
570.9894 	EXP 	window1: mouseVisible = True
570.9895 	EXP 	window1: mouseVisible = True
570.9897 	EXP 	window1: mouseVisible = True
570.9898 	EXP 	window1: mouseVisible = True
570.9899 	EXP 	window1: mouseVisible = True
570.9901 	EXP 	window1: mouseVisible = True
570.9902 	EXP 	window1: mouseVisible = True
570.9903 	EXP 	window1: mouseVisible = True
570.9905 	EXP 	window1: mouseVisible = True
570.9906 	EXP 	window1: mouseVisible = True
570.9907 	EXP 	window1: mouseVisible = True
570.9908 	EXP 	window1: mouseVisible = True
570.9909 	EXP 	window1: mouseVisible = True
570.9911 	EXP 	window1: mouseVisible = True
570.9912 	EXP 	window1: mouseVisible = True
570.9913 	EXP 	window1: mouseVisible = True
570.9915 	EXP 	window1: mouseVisible = True
570.9916 	EXP 	window1: mouseVisible = True
570.9917 	EXP 	window1: mouseVisible = True
570.9918 	EXP 	window1: mouseVisible = True
570.9920 	EXP 	window1: mouseVisible = True
570.9921 	EXP 	window1: mouseVisible = True
570.9922 	EXP 	window1: mouseVisible = True
570.9923 	EXP 	window1: mouseVisible = True
570.9925 	EXP 	window1: mouseVisible = True
570.9926 	EXP 	window1: mouseVisible = True
570.9927 	EXP 	window1: mouseVisible = True
570.9928 	EXP 	window1: mouseVisible = True
570.9930 	EXP 	window1: mouseVisible = True
570.9931 	EXP 	window1: mouseVisible = True
570.9933 	EXP 	window1: mouseVisible = True
570.9934 	EXP 	window1: mouseVisible = True
570.9935 	EXP 	window1: mouseVisible = True
570.9936 	EXP 	window1: mouseVisible = True
570.9938 	EXP 	window1: mouseVisible = True
570.9939 	EXP 	window1: mouseVisible = True
570.9941 	EXP 	window1: mouseVisible = True
570.9942 	EXP 	window1: mouseVisible = True
570.9943 	EXP 	window1: mouseVisible = True
570.9945 	EXP 	window1: mouseVisible = True
570.9946 	EXP 	window1: mouseVisible = True
570.9947 	EXP 	window1: mouseVisible = True
570.9948 	EXP 	window1: mouseVisible = True
570.9950 	EXP 	window1: mouseVisible = True
570.9951 	EXP 	window1: mouseVisible = True
570.9952 	EXP 	window1: mouseVisible = True
570.9954 	EXP 	window1: mouseVisible = True
570.9955 	EXP 	window1: mouseVisible = True
570.9956 	EXP 	window1: mouseVisible = True
570.9957 	EXP 	window1: mouseVisible = True
570.9978 	EXP 	Created ratingScale = RatingScale(__class__=type(...), acceptKeys=['return'], acceptPreText=UNKNOWN, acceptSize=UNKNOWN, acceptText=UNKNOWN, autoLog=True, choices=False, colorSpace='rgb', depth=0, disappear=False, flipVert=False, high=100, kwargs=UNKNOWN, labels=list(...), leftKeys=['left'], lineColor=(255, 255, 255), low=0, marker=Rect(...), markerColor=(255, 255, 255), markerExpansion=UNKNOWN, markerStart=0.5, maxTime=0.0, minTime=0.4, mouseOnly=False, name='ratingScale', noMouse=False, pos=[0.0, 0.0], precision=100, respKeys=[], rightKeys=['right'], scale=None, self=UNKNOWN, showAccept=False, showValue=False, singleClick=False, size=0.6, skipKeys=['tab'], stretch=2.0, textColor='white', textFont='Helvetica Bold', textSize=0.144, tickHeight=0, tickMarks=10.0, win=Window(...))
570.9978 	EXP 	RatingScale ratingScale: reset()
570.9998 	EXP 	window1: mouseVisible = False
571.0112 	EXP 	thermode_locali_EVA: autoDraw = False
571.0112 	EXP 	thermode_locali_EVA: autoDraw = False
571.0112 	EXP 	ratingScale: flipVert = False
571.0112 	EXP 	ratingScale: autoLog = True
571.0127 	EXP 	window1: mouseVisible = False
571.0293 	EXP 	window1: mouseVisible = False
571.0459 	EXP 	window1: mouseVisible = False
571.0626 	EXP 	window1: mouseVisible = False
571.0793 	EXP 	window1: mouseVisible = False
571.0959 	EXP 	window1: mouseVisible = False
571.1126 	EXP 	window1: mouseVisible = False
571.1293 	EXP 	window1: mouseVisible = False
571.1462 	EXP 	window1: mouseVisible = False
571.1626 	EXP 	window1: mouseVisible = False
571.1794 	EXP 	window1: mouseVisible = False
571.1960 	EXP 	window1: mouseVisible = False
571.2127 	EXP 	window1: mouseVisible = False
571.2293 	EXP 	window1: mouseVisible = False
571.2459 	EXP 	window1: mouseVisible = False
571.2626 	EXP 	window1: mouseVisible = False
571.2793 	EXP 	window1: mouseVisible = False
571.2959 	EXP 	window1: mouseVisible = False
571.3126 	EXP 	window1: mouseVisible = False
571.3293 	EXP 	window1: mouseVisible = False
571.3460 	EXP 	window1: mouseVisible = False
571.3626 	EXP 	window1: mouseVisible = False
571.3789 	DATA 	Keypress: m
571.3795 	EXP 	window1: mouseVisible = False
571.3960 	EXP 	window1: mouseVisible = False
571.4126 	EXP 	window1: mouseVisible = False
571.4299 	EXP 	window1: mouseVisible = False
571.4459 	EXP 	window1: mouseVisible = False
571.4626 	EXP 	window1: mouseVisible = False
571.4792 	EXP 	window1: mouseVisible = False
571.4959 	EXP 	window1: mouseVisible = False
571.5125 	EXP 	window1: mouseVisible = False
571.5308 	EXP 	window1: mouseVisible = False
571.5460 	EXP 	window1: mouseVisible = False
571.5626 	EXP 	window1: mouseVisible = False
571.5792 	EXP 	window1: mouseVisible = False
571.5959 	EXP 	window1: mouseVisible = False
571.6125 	EXP 	window1: mouseVisible = False
571.6293 	EXP 	window1: mouseVisible = False
571.6460 	EXP 	window1: mouseVisible = False
571.6625 	EXP 	window1: mouseVisible = False
571.6792 	EXP 	window1: mouseVisible = False
571.6959 	EXP 	window1: mouseVisible = False
571.7126 	EXP 	window1: mouseVisible = False
571.7292 	EXP 	window1: mouseVisible = False
571.7462 	EXP 	window1: mouseVisible = False
571.7627 	EXP 	window1: mouseVisible = False
571.7792 	EXP 	window1: mouseVisible = False
571.7959 	EXP 	window1: mouseVisible = False
571.8126 	EXP 	window1: mouseVisible = False
571.8292 	EXP 	window1: mouseVisible = False
571.8459 	EXP 	window1: mouseVisible = False
571.8625 	EXP 	window1: mouseVisible = False
571.8793 	EXP 	window1: mouseVisible = False
571.8959 	EXP 	window1: mouseVisible = False
571.9126 	EXP 	window1: mouseVisible = False
571.9293 	EXP 	window1: mouseVisible = False
571.9459 	EXP 	window1: mouseVisible = False
571.9626 	EXP 	window1: mouseVisible = False
571.9792 	EXP 	window1: mouseVisible = False
571.9960 	EXP 	window1: mouseVisible = False
572.0125 	EXP 	window1: mouseVisible = False
572.0293 	EXP 	window1: mouseVisible = False
572.0459 	EXP 	window1: mouseVisible = False
572.0626 	EXP 	window1: mouseVisible = False
572.0792 	EXP 	window1: mouseVisible = False
572.0959 	EXP 	window1: mouseVisible = False
572.1125 	EXP 	window1: mouseVisible = False
572.1294 	EXP 	window1: mouseVisible = False
572.1460 	EXP 	window1: mouseVisible = False
572.1627 	EXP 	window1: mouseVisible = False
572.1793 	EXP 	window1: mouseVisible = False
572.1959 	EXP 	window1: mouseVisible = False
572.2126 	EXP 	window1: mouseVisible = False
572.2295 	EXP 	window1: mouseVisible = False
572.2460 	EXP 	window1: mouseVisible = False
572.2626 	EXP 	window1: mouseVisible = False
572.2794 	EXP 	window1: mouseVisible = False
572.2960 	EXP 	window1: mouseVisible = False
572.3127 	EXP 	window1: mouseVisible = False
572.3293 	EXP 	window1: mouseVisible = False
572.3460 	EXP 	window1: mouseVisible = False
572.3627 	EXP 	window1: mouseVisible = False
572.3793 	EXP 	window1: mouseVisible = False
572.3960 	EXP 	window1: mouseVisible = False
572.4127 	EXP 	window1: mouseVisible = False
572.4294 	EXP 	window1: mouseVisible = False
572.4462 	EXP 	window1: mouseVisible = False
572.4627 	EXP 	window1: mouseVisible = False
572.4793 	EXP 	window1: mouseVisible = False
572.4960 	EXP 	window1: mouseVisible = False
572.5127 	EXP 	window1: mouseVisible = False
572.5301 	EXP 	window1: mouseVisible = False
572.5461 	EXP 	window1: mouseVisible = False
572.5630 	EXP 	window1: mouseVisible = False
572.5796 	EXP 	window1: mouseVisible = False
572.5963 	EXP 	window1: mouseVisible = False
572.6127 	EXP 	window1: mouseVisible = False
572.6293 	EXP 	window1: mouseVisible = False
572.6462 	EXP 	window1: mouseVisible = False
572.6626 	EXP 	window1: mouseVisible = False
572.6793 	EXP 	window1: mouseVisible = False
572.6960 	EXP 	window1: mouseVisible = False
572.7127 	EXP 	window1: mouseVisible = False
572.7293 	EXP 	window1: mouseVisible = False
572.7461 	EXP 	window1: mouseVisible = False
572.7628 	EXP 	window1: mouseVisible = False
572.7793 	EXP 	window1: mouseVisible = False
572.7960 	EXP 	window1: mouseVisible = False
572.8126 	EXP 	window1: mouseVisible = False
572.8293 	EXP 	window1: mouseVisible = False
572.8459 	EXP 	window1: mouseVisible = False
572.8627 	EXP 	window1: mouseVisible = False
572.8792 	EXP 	window1: mouseVisible = False
572.8955 	DATA 	Keypress: m
572.8961 	EXP 	window1: mouseVisible = False
572.9127 	EXP 	window1: mouseVisible = False
572.9293 	EXP 	window1: mouseVisible = False
572.9460 	EXP 	window1: mouseVisible = False
572.9626 	EXP 	window1: mouseVisible = False
572.9793 	EXP 	window1: mouseVisible = False
572.9960 	EXP 	window1: mouseVisible = False
573.0126 	EXP 	window1: mouseVisible = False
573.0293 	EXP 	window1: mouseVisible = False
573.0460 	EXP 	window1: mouseVisible = False
573.0626 	EXP 	window1: mouseVisible = False
573.0793 	EXP 	window1: mouseVisible = False
573.0960 	EXP 	window1: mouseVisible = False
573.1127 	EXP 	window1: mouseVisible = False
573.1293 	EXP 	window1: mouseVisible = False
573.1459 	EXP 	window1: mouseVisible = False
573.1626 	EXP 	window1: mouseVisible = False
573.1793 	EXP 	window1: mouseVisible = False
573.1960 	EXP 	window1: mouseVisible = False
573.2128 	EXP 	window1: mouseVisible = False
573.2294 	EXP 	window1: mouseVisible = False
573.2460 	EXP 	window1: mouseVisible = False
573.2626 	EXP 	window1: mouseVisible = False
573.2793 	EXP 	window1: mouseVisible = False
573.2960 	EXP 	window1: mouseVisible = False
573.3127 	EXP 	window1: mouseVisible = False
573.3293 	EXP 	window1: mouseVisible = False
573.3460 	EXP 	window1: mouseVisible = False
573.3627 	EXP 	window1: mouseVisible = False
573.3793 	EXP 	window1: mouseVisible = False
573.3960 	EXP 	window1: mouseVisible = False
573.4126 	EXP 	window1: mouseVisible = False
573.4293 	EXP 	window1: mouseVisible = False
573.4460 	EXP 	window1: mouseVisible = False
573.4626 	EXP 	window1: mouseVisible = False
573.4793 	EXP 	window1: mouseVisible = False
573.4960 	EXP 	window1: mouseVisible = False
573.5126 	EXP 	window1: mouseVisible = False
573.5300 	DATA 	Keypress: space
573.6446 	EXP 	main_text: autoDraw = True
573.6446 	EXP 	confirm_text: autoDraw = True
573.6446 	EXP 	ratingScale: autoDraw = False
573.6446 	EXP 	main_text: autoDraw = False
573.6446 	EXP 	confirm_text: autoDraw = False
573.6446 	EXP 	text_8: autoDraw = True
576.1282 	EXP 	Created sequence: random, trialTypes=1, nReps=4, seed=None
576.1283 	EXP 	New trial (rep=0, index=0): None
576.1300 	DATA 	Keypress: p
576.1446 	EXP 	text_8: autoDraw = False
576.1446 	EXP 	text_pic: autoDraw = True
576.1446 	EXP 	croix_3: autoDraw = True
581.1445 	EXP 	text_pic: autoDraw = False
581.1445 	EXP 	croix_3: autoDraw = False
581.1445 	EXP 	text_pic: autoDraw = False
581.1445 	EXP 	croix_3: autoDraw = False
581.1445 	EXP 	thermode_locali_pic: height = 0.02
581.1445 	EXP 	thermode_locali_pic: height = 0.02
581.1445 	EXP 	thermode_locali_pic: height = 0.02
581.1445 	EXP 	thermode_locali_pic: text = 'T : 2'
581.1445 	EXP 	responsel: height = 0.08
581.1445 	EXP 	responsel: height = 0.08
581.1445 	EXP 	responsel: height = 0.08
581.1445 	EXP 	responsel: text = 'OUI              '
581.1445 	EXP 	thermode_locali_pic: autoDraw = True
589.1280 	EXP 	responsel: autoDraw = True
589.1280 	EXP 	percu_or: autoDraw = True
589.1280 	EXP 	responser: autoDraw = True
590.0957 	DATA 	Keypress: m
590.1280 	EXP 	responsel: foreColor = (0, 0, 0)
590.1447 	EXP 	responsel: foreColor = (0, 0, 0)
590.1613 	EXP 	responsel: foreColor = (0, 0, 0)
590.1780 	EXP 	responsel: foreColor = (0, 0, 0)
590.1946 	EXP 	responsel: foreColor = (0, 0, 0)
590.2113 	EXP 	responsel: foreColor = (0, 0, 0)
590.2280 	EXP 	responsel: foreColor = (0, 0, 0)
590.2447 	EXP 	responsel: foreColor = (0, 0, 0)
590.2613 	EXP 	responsel: foreColor = (0, 0, 0)
590.2780 	EXP 	responsel: foreColor = (0, 0, 0)
590.2947 	EXP 	responsel: foreColor = (0, 0, 0)
590.3114 	EXP 	responsel: foreColor = (0, 0, 0)
590.3280 	EXP 	responsel: foreColor = (0, 0, 0)
590.3447 	EXP 	responsel: foreColor = (0, 0, 0)
590.3613 	EXP 	responsel: foreColor = (0, 0, 0)
590.3780 	EXP 	responsel: foreColor = (0, 0, 0)
590.3947 	EXP 	responsel: foreColor = (0, 0, 0)
590.4113 	EXP 	responsel: foreColor = (0, 0, 0)
590.4280 	EXP 	responsel: foreColor = (0, 0, 0)
590.4447 	EXP 	responsel: foreColor = (0, 0, 0)
590.4613 	EXP 	responsel: foreColor = (0, 0, 0)
590.4781 	EXP 	responsel: foreColor = (0, 0, 0)
590.4947 	EXP 	responsel: foreColor = (0, 0, 0)
590.5114 	EXP 	responsel: foreColor = (0, 0, 0)
590.5281 	EXP 	responsel: foreColor = (0, 0, 0)
590.5447 	EXP 	responsel: foreColor = (0, 0, 0)
590.5614 	EXP 	responsel: foreColor = (0, 0, 0)
590.5780 	EXP 	responsel: foreColor = (0, 0, 0)
590.5947 	EXP 	responsel: foreColor = (0, 0, 0)
590.6114 	EXP 	responsel: foreColor = (0, 0, 0)
590.6280 	EXP 	responsel: foreColor = (0, 0, 0)
590.6447 	EXP 	responsel: foreColor = (0, 0, 0)
590.6614 	EXP 	responsel: foreColor = (0, 0, 0)
590.6781 	EXP 	responsel: foreColor = (0, 0, 0)
590.6947 	EXP 	responsel: foreColor = (0, 0, 0)
590.7114 	EXP 	responsel: foreColor = (0, 0, 0)
590.7280 	EXP 	responsel: foreColor = (0, 0, 0)
590.7447 	EXP 	responsel: foreColor = (0, 0, 0)
590.7614 	EXP 	responsel: foreColor = (0, 0, 0)
590.7781 	EXP 	responsel: foreColor = (0, 0, 0)
590.7947 	EXP 	responsel: foreColor = (0, 0, 0)
590.8114 	EXP 	responsel: foreColor = (0, 0, 0)
590.8280 	EXP 	responsel: foreColor = (0, 0, 0)
590.8447 	EXP 	responsel: foreColor = (0, 0, 0)
590.8614 	EXP 	responsel: foreColor = (0, 0, 0)
590.8781 	EXP 	responsel: foreColor = (0, 0, 0)
590.8948 	EXP 	responsel: foreColor = (0, 0, 0)
590.9114 	EXP 	responsel: foreColor = (0, 0, 0)
590.9281 	EXP 	responsel: foreColor = (0, 0, 0)
590.9447 	EXP 	responsel: foreColor = (0, 0, 0)
590.9614 	EXP 	responsel: foreColor = (0, 0, 0)
590.9781 	EXP 	responsel: foreColor = (0, 0, 0)
590.9947 	EXP 	responsel: foreColor = (0, 0, 0)
591.0114 	EXP 	responsel: foreColor = (0, 0, 0)
591.0280 	EXP 	responsel: foreColor = (0, 0, 0)
591.0447 	EXP 	responsel: foreColor = (0, 0, 0)
591.0614 	EXP 	responsel: foreColor = (0, 0, 0)
591.0780 	EXP 	responsel: foreColor = (0, 0, 0)
591.0947 	EXP 	responsel: foreColor = (0, 0, 0)
591.1114 	EXP 	responsel: foreColor = (0, 0, 0)
591.1280 	EXP 	responsel: foreColor = (0, 0, 0)
591.1447 	EXP 	responsel: foreColor = (0, 0, 0)
591.1614 	EXP 	responsel: foreColor = (0, 0, 0)
591.1780 	EXP 	responsel: foreColor = (0, 0, 0)
591.1947 	EXP 	responsel: foreColor = (0, 0, 0)
591.2114 	EXP 	responsel: foreColor = (0, 0, 0)
591.2280 	EXP 	responsel: foreColor = (0, 0, 0)
591.2447 	EXP 	responsel: foreColor = (0, 0, 0)
591.2614 	EXP 	responsel: foreColor = (0, 0, 0)
591.2780 	EXP 	responsel: foreColor = (0, 0, 0)
591.2947 	EXP 	responsel: foreColor = (0, 0, 0)
591.3114 	EXP 	responsel: foreColor = (0, 0, 0)
591.3281 	EXP 	responsel: foreColor = (0, 0, 0)
591.3447 	EXP 	responsel: foreColor = (0, 0, 0)
591.3614 	EXP 	responsel: foreColor = (0, 0, 0)
591.3780 	EXP 	responsel: foreColor = (0, 0, 0)
591.3947 	EXP 	responsel: foreColor = (0, 0, 0)
591.4114 	EXP 	responsel: foreColor = (0, 0, 0)
591.4280 	EXP 	responsel: foreColor = (0, 0, 0)
591.4447 	EXP 	responsel: foreColor = (0, 0, 0)
591.4614 	EXP 	responsel: foreColor = (0, 0, 0)
591.4780 	EXP 	responsel: foreColor = (0, 0, 0)
591.4947 	EXP 	responsel: foreColor = (0, 0, 0)
591.5114 	EXP 	responsel: foreColor = (0, 0, 0)
591.5280 	EXP 	responsel: foreColor = (0, 0, 0)
591.5447 	EXP 	responsel: foreColor = (0, 0, 0)
591.5614 	EXP 	responsel: foreColor = (0, 0, 0)
591.5780 	EXP 	responsel: foreColor = (0, 0, 0)
591.5947 	EXP 	responsel: foreColor = (0, 0, 0)
591.6114 	EXP 	responsel: foreColor = (0, 0, 0)
591.6280 	EXP 	responsel: foreColor = (0, 0, 0)
591.6447 	EXP 	responsel: foreColor = (0, 0, 0)
591.6614 	EXP 	responsel: foreColor = (0, 0, 0)
591.6780 	EXP 	responsel: foreColor = (0, 0, 0)
591.6947 	EXP 	responsel: foreColor = (0, 0, 0)
591.7114 	EXP 	responsel: foreColor = (0, 0, 0)
591.7281 	EXP 	responsel: foreColor = (0, 0, 0)
591.7447 	EXP 	responsel: foreColor = (0, 0, 0)
591.7614 	EXP 	responsel: foreColor = (0, 0, 0)
591.7780 	EXP 	responsel: foreColor = (0, 0, 0)
591.7947 	EXP 	responsel: foreColor = (0, 0, 0)
591.8114 	EXP 	responsel: foreColor = (0, 0, 0)
591.8280 	EXP 	responsel: foreColor = (0, 0, 0)
591.8447 	EXP 	responsel: foreColor = (0, 0, 0)
591.8614 	EXP 	responsel: foreColor = (0, 0, 0)
591.8780 	EXP 	responsel: foreColor = (0, 0, 0)
591.8947 	EXP 	responsel: foreColor = (0, 0, 0)
591.9114 	EXP 	responsel: foreColor = (0, 0, 0)
591.9280 	EXP 	responsel: foreColor = (0, 0, 0)
591.9447 	EXP 	responsel: foreColor = (0, 0, 0)
591.9614 	EXP 	responsel: foreColor = (0, 0, 0)
591.9780 	EXP 	responsel: foreColor = (0, 0, 0)
591.9947 	EXP 	responsel: foreColor = (0, 0, 0)
592.0114 	EXP 	responsel: foreColor = (0, 0, 0)
592.0280 	EXP 	responsel: foreColor = (0, 0, 0)
592.0447 	EXP 	responsel: foreColor = (0, 0, 0)
592.0614 	EXP 	responsel: foreColor = (0, 0, 0)
592.0780 	EXP 	responsel: foreColor = (0, 0, 0)
592.0947 	EXP 	responsel: foreColor = (0, 0, 0)
592.0947 	EXP 	thermode_locali_pic: autoDraw = False
592.1114 	EXP 	responsel: foreColor = (0, 0, 0)
592.1120 	EXP 	New trial (rep=1, index=0): None
592.1280 	EXP 	responsel: foreColor = (0, 0, 0)
592.1280 	EXP 	responsel: autoDraw = False
592.1280 	EXP 	percu_or: autoDraw = False
592.1280 	EXP 	responser: autoDraw = False
592.1280 	EXP 	thermode_locali_pic: autoDraw = False
592.1280 	EXP 	responsel: autoDraw = False
592.1280 	EXP 	percu_or: autoDraw = False
592.1280 	EXP 	responser: autoDraw = False
592.1280 	EXP 	responsel: foreColor = 'white'
592.1280 	EXP 	responser: foreColor = 'white'
592.1280 	EXP 	text_pic: autoDraw = True
592.1280 	EXP 	croix_3: autoDraw = True
597.1281 	EXP 	text_pic: autoDraw = False
597.1281 	EXP 	croix_3: autoDraw = False
597.1281 	EXP 	text_pic: autoDraw = False
597.1281 	EXP 	croix_3: autoDraw = False
597.1281 	EXP 	thermode_locali_pic: height = 0.02
597.1281 	EXP 	thermode_locali_pic: height = 0.02
597.1281 	EXP 	thermode_locali_pic: height = 0.02
597.1281 	EXP 	thermode_locali_pic: text = 'T : 3'
597.1281 	EXP 	responsel: text = 'OUI              '
597.1281 	EXP 	thermode_locali_pic: autoDraw = True
605.1116 	EXP 	responsel: autoDraw = True
605.1116 	EXP 	percu_or: autoDraw = True
605.1116 	EXP 	responser: autoDraw = True
605.8967 	DATA 	Keypress: n
605.9283 	EXP 	responser: foreColor = (0, 0, 0)
605.9450 	EXP 	responser: foreColor = (0, 0, 0)
605.9616 	EXP 	responser: foreColor = (0, 0, 0)
605.9783 	EXP 	responser: foreColor = (0, 0, 0)
605.9950 	EXP 	responser: foreColor = (0, 0, 0)
606.0116 	EXP 	responser: foreColor = (0, 0, 0)
606.0283 	EXP 	responser: foreColor = (0, 0, 0)
606.0450 	EXP 	responser: foreColor = (0, 0, 0)
606.0616 	EXP 	responser: foreColor = (0, 0, 0)
606.0783 	EXP 	responser: foreColor = (0, 0, 0)
606.0950 	EXP 	responser: foreColor = (0, 0, 0)
606.1116 	EXP 	responser: foreColor = (0, 0, 0)
606.1283 	EXP 	responser: foreColor = (0, 0, 0)
606.1450 	EXP 	responser: foreColor = (0, 0, 0)
606.1616 	EXP 	responser: foreColor = (0, 0, 0)
606.1783 	EXP 	responser: foreColor = (0, 0, 0)
606.1949 	EXP 	responser: foreColor = (0, 0, 0)
606.2116 	EXP 	responser: foreColor = (0, 0, 0)
606.2283 	EXP 	responser: foreColor = (0, 0, 0)
606.2450 	EXP 	responser: foreColor = (0, 0, 0)
606.2616 	EXP 	responser: foreColor = (0, 0, 0)
606.2783 	EXP 	responser: foreColor = (0, 0, 0)
606.2950 	EXP 	responser: foreColor = (0, 0, 0)
606.3116 	EXP 	responser: foreColor = (0, 0, 0)
606.3283 	EXP 	responser: foreColor = (0, 0, 0)
606.3450 	EXP 	responser: foreColor = (0, 0, 0)
606.3616 	EXP 	responser: foreColor = (0, 0, 0)
606.3783 	EXP 	responser: foreColor = (0, 0, 0)
606.3950 	EXP 	responser: foreColor = (0, 0, 0)
606.4116 	EXP 	responser: foreColor = (0, 0, 0)
606.4283 	EXP 	responser: foreColor = (0, 0, 0)
606.4450 	EXP 	responser: foreColor = (0, 0, 0)
606.4616 	EXP 	responser: foreColor = (0, 0, 0)
606.4783 	EXP 	responser: foreColor = (0, 0, 0)
606.4950 	EXP 	responser: foreColor = (0, 0, 0)
606.5116 	EXP 	responser: foreColor = (0, 0, 0)
606.5283 	EXP 	responser: foreColor = (0, 0, 0)
606.5450 	EXP 	responser: foreColor = (0, 0, 0)
606.5616 	EXP 	responser: foreColor = (0, 0, 0)
606.5783 	EXP 	responser: foreColor = (0, 0, 0)
606.5950 	EXP 	responser: foreColor = (0, 0, 0)
606.6116 	EXP 	responser: foreColor = (0, 0, 0)
606.6283 	EXP 	responser: foreColor = (0, 0, 0)
606.6450 	EXP 	responser: foreColor = (0, 0, 0)
606.6616 	EXP 	responser: foreColor = (0, 0, 0)
606.6783 	EXP 	responser: foreColor = (0, 0, 0)
606.6950 	EXP 	responser: foreColor = (0, 0, 0)
606.7116 	EXP 	responser: foreColor = (0, 0, 0)
606.7283 	EXP 	responser: foreColor = (0, 0, 0)
606.7450 	EXP 	responser: foreColor = (0, 0, 0)
606.7616 	EXP 	responser: foreColor = (0, 0, 0)
606.7783 	EXP 	responser: foreColor = (0, 0, 0)
606.7950 	EXP 	responser: foreColor = (0, 0, 0)
606.8116 	EXP 	responser: foreColor = (0, 0, 0)
606.8283 	EXP 	responser: foreColor = (0, 0, 0)
606.8449 	EXP 	responser: foreColor = (0, 0, 0)
606.8616 	EXP 	responser: foreColor = (0, 0, 0)
606.8783 	EXP 	responser: foreColor = (0, 0, 0)
606.8950 	EXP 	responser: foreColor = (0, 0, 0)
606.9116 	EXP 	responser: foreColor = (0, 0, 0)
606.9283 	EXP 	responser: foreColor = (0, 0, 0)
606.9450 	EXP 	responser: foreColor = (0, 0, 0)
606.9616 	EXP 	responser: foreColor = (0, 0, 0)
606.9783 	EXP 	responser: foreColor = (0, 0, 0)
606.9950 	EXP 	responser: foreColor = (0, 0, 0)
607.0116 	EXP 	responser: foreColor = (0, 0, 0)
607.0283 	EXP 	responser: foreColor = (0, 0, 0)
607.0450 	EXP 	responser: foreColor = (0, 0, 0)
607.0616 	EXP 	responser: foreColor = (0, 0, 0)
607.0783 	EXP 	responser: foreColor = (0, 0, 0)
607.0950 	EXP 	responser: foreColor = (0, 0, 0)
607.1116 	EXP 	responser: foreColor = (0, 0, 0)
607.1283 	EXP 	responser: foreColor = (0, 0, 0)
607.1450 	EXP 	responser: foreColor = (0, 0, 0)
607.1616 	EXP 	responser: foreColor = (0, 0, 0)
607.1783 	EXP 	responser: foreColor = (0, 0, 0)
607.1950 	EXP 	responser: foreColor = (0, 0, 0)
607.2116 	EXP 	responser: foreColor = (0, 0, 0)
607.2283 	EXP 	responser: foreColor = (0, 0, 0)
607.2449 	EXP 	responser: foreColor = (0, 0, 0)
607.2616 	EXP 	responser: foreColor = (0, 0, 0)
607.2783 	EXP 	responser: foreColor = (0, 0, 0)
607.2950 	EXP 	responser: foreColor = (0, 0, 0)
607.3116 	EXP 	responser: foreColor = (0, 0, 0)
607.3283 	EXP 	responser: foreColor = (0, 0, 0)
607.3450 	EXP 	responser: foreColor = (0, 0, 0)
607.3616 	EXP 	responser: foreColor = (0, 0, 0)
607.3783 	EXP 	responser: foreColor = (0, 0, 0)
607.3950 	EXP 	responser: foreColor = (0, 0, 0)
607.4116 	EXP 	responser: foreColor = (0, 0, 0)
607.4283 	EXP 	responser: foreColor = (0, 0, 0)
607.4450 	EXP 	responser: foreColor = (0, 0, 0)
607.4616 	EXP 	responser: foreColor = (0, 0, 0)
607.4783 	EXP 	responser: foreColor = (0, 0, 0)
607.4950 	EXP 	responser: foreColor = (0, 0, 0)
607.5116 	EXP 	responser: foreColor = (0, 0, 0)
607.5283 	EXP 	responser: foreColor = (0, 0, 0)
607.5450 	EXP 	responser: foreColor = (0, 0, 0)
607.5616 	EXP 	responser: foreColor = (0, 0, 0)
607.5783 	EXP 	responser: foreColor = (0, 0, 0)
607.5950 	EXP 	responser: foreColor = (0, 0, 0)
607.6116 	EXP 	responser: foreColor = (0, 0, 0)
607.6282 	EXP 	responser: foreColor = (0, 0, 0)
607.6449 	EXP 	responser: foreColor = (0, 0, 0)
607.6616 	EXP 	responser: foreColor = (0, 0, 0)
607.6783 	EXP 	responser: foreColor = (0, 0, 0)
607.6950 	EXP 	responser: foreColor = (0, 0, 0)
607.7116 	EXP 	responser: foreColor = (0, 0, 0)
607.7283 	EXP 	responser: foreColor = (0, 0, 0)
607.7450 	EXP 	responser: foreColor = (0, 0, 0)
607.7616 	EXP 	responser: foreColor = (0, 0, 0)
607.7783 	EXP 	responser: foreColor = (0, 0, 0)
607.7950 	EXP 	responser: foreColor = (0, 0, 0)
607.8116 	EXP 	responser: foreColor = (0, 0, 0)
607.8283 	EXP 	responser: foreColor = (0, 0, 0)
607.8450 	EXP 	responser: foreColor = (0, 0, 0)
607.8616 	EXP 	responser: foreColor = (0, 0, 0)
607.8783 	EXP 	responser: foreColor = (0, 0, 0)
607.8950 	EXP 	responser: foreColor = (0, 0, 0)
607.9116 	EXP 	responser: foreColor = (0, 0, 0)
607.9283 	EXP 	responser: foreColor = (0, 0, 0)
607.9450 	EXP 	responser: foreColor = (0, 0, 0)
607.9616 	EXP 	responser: foreColor = (0, 0, 0)
607.9782 	EXP 	responser: foreColor = (0, 0, 0)
607.9949 	EXP 	responser: foreColor = (0, 0, 0)
608.0116 	EXP 	responser: foreColor = (0, 0, 0)
608.0283 	EXP 	responser: foreColor = (0, 0, 0)
608.0450 	EXP 	responser: foreColor = (0, 0, 0)
608.0616 	EXP 	responser: foreColor = (0, 0, 0)
608.0783 	EXP 	responser: foreColor = (0, 0, 0)
608.0783 	EXP 	thermode_locali_pic: autoDraw = False
608.0950 	EXP 	responser: foreColor = (0, 0, 0)
608.0955 	EXP 	New trial (rep=2, index=0): None
608.1116 	EXP 	responser: foreColor = (0, 0, 0)
608.1116 	EXP 	responsel: autoDraw = False
608.1116 	EXP 	percu_or: autoDraw = False
608.1116 	EXP 	responser: autoDraw = False
608.1116 	EXP 	thermode_locali_pic: autoDraw = False
608.1116 	EXP 	responsel: autoDraw = False
608.1116 	EXP 	percu_or: autoDraw = False
608.1116 	EXP 	responser: autoDraw = False
608.1116 	EXP 	responsel: foreColor = 'white'
608.1116 	EXP 	responser: foreColor = 'white'
608.1116 	EXP 	text_pic: autoDraw = True
608.1116 	EXP 	croix_3: autoDraw = True
613.1116 	EXP 	text_pic: autoDraw = False
613.1116 	EXP 	croix_3: autoDraw = False
613.1116 	EXP 	text_pic: autoDraw = False
613.1116 	EXP 	croix_3: autoDraw = False
613.1116 	EXP 	thermode_locali_pic: height = 0.02
613.1116 	EXP 	thermode_locali_pic: height = 0.02
613.1116 	EXP 	thermode_locali_pic: height = 0.02
613.1116 	EXP 	thermode_locali_pic: text = 'T : 0'
613.1116 	EXP 	responsel: text = 'OUI              '
613.1116 	EXP 	thermode_locali_pic: autoDraw = True
621.0951 	EXP 	responsel: autoDraw = True
621.0951 	EXP 	percu_or: autoDraw = True
621.0951 	EXP 	responser: autoDraw = True
621.4628 	DATA 	Keypress: n
621.4951 	EXP 	responser: foreColor = (0, 0, 0)
621.5117 	EXP 	responser: foreColor = (0, 0, 0)
621.5284 	EXP 	responser: foreColor = (0, 0, 0)
621.5451 	EXP 	responser: foreColor = (0, 0, 0)
621.5617 	EXP 	responser: foreColor = (0, 0, 0)
621.5784 	EXP 	responser: foreColor = (0, 0, 0)
621.5951 	EXP 	responser: foreColor = (0, 0, 0)
621.6117 	EXP 	responser: foreColor = (0, 0, 0)
621.6284 	EXP 	responser: foreColor = (0, 0, 0)
621.6451 	EXP 	responser: foreColor = (0, 0, 0)
621.6617 	EXP 	responser: foreColor = (0, 0, 0)
621.6784 	EXP 	responser: foreColor = (0, 0, 0)
621.6951 	EXP 	responser: foreColor = (0, 0, 0)
621.7117 	EXP 	responser: foreColor = (0, 0, 0)
621.7284 	EXP 	responser: foreColor = (0, 0, 0)
621.7451 	EXP 	responser: foreColor = (0, 0, 0)
621.7617 	EXP 	responser: foreColor = (0, 0, 0)
621.7784 	EXP 	responser: foreColor = (0, 0, 0)
621.7951 	EXP 	responser: foreColor = (0, 0, 0)
621.8117 	EXP 	responser: foreColor = (0, 0, 0)
621.8284 	EXP 	responser: foreColor = (0, 0, 0)
621.8451 	EXP 	responser: foreColor = (0, 0, 0)
621.8617 	EXP 	responser: foreColor = (0, 0, 0)
621.8784 	EXP 	responser: foreColor = (0, 0, 0)
621.8950 	EXP 	responser: foreColor = (0, 0, 0)
621.9117 	EXP 	responser: foreColor = (0, 0, 0)
621.9284 	EXP 	responser: foreColor = (0, 0, 0)
621.9451 	EXP 	responser: foreColor = (0, 0, 0)
621.9617 	EXP 	responser: foreColor = (0, 0, 0)
621.9784 	EXP 	responser: foreColor = (0, 0, 0)
621.9950 	EXP 	responser: foreColor = (0, 0, 0)
622.0117 	EXP 	responser: foreColor = (0, 0, 0)
622.0284 	EXP 	responser: foreColor = (0, 0, 0)
622.0450 	EXP 	responser: foreColor = (0, 0, 0)
622.0617 	EXP 	responser: foreColor = (0, 0, 0)
622.0784 	EXP 	responser: foreColor = (0, 0, 0)
622.0950 	EXP 	responser: foreColor = (0, 0, 0)
622.1117 	EXP 	responser: foreColor = (0, 0, 0)
622.1284 	EXP 	responser: foreColor = (0, 0, 0)
622.1451 	EXP 	responser: foreColor = (0, 0, 0)
622.1617 	EXP 	responser: foreColor = (0, 0, 0)
622.1784 	EXP 	responser: foreColor = (0, 0, 0)
622.1951 	EXP 	responser: foreColor = (0, 0, 0)
622.2117 	EXP 	responser: foreColor = (0, 0, 0)
622.2284 	EXP 	responser: foreColor = (0, 0, 0)
622.2451 	EXP 	responser: foreColor = (0, 0, 0)
622.2617 	EXP 	responser: foreColor = (0, 0, 0)
622.2784 	EXP 	responser: foreColor = (0, 0, 0)
622.2950 	EXP 	responser: foreColor = (0, 0, 0)
622.3117 	EXP 	responser: foreColor = (0, 0, 0)
622.3284 	EXP 	responser: foreColor = (0, 0, 0)
622.3451 	EXP 	responser: foreColor = (0, 0, 0)
622.3617 	EXP 	responser: foreColor = (0, 0, 0)
622.3784 	EXP 	responser: foreColor = (0, 0, 0)
622.3951 	EXP 	responser: foreColor = (0, 0, 0)
622.4117 	EXP 	responser: foreColor = (0, 0, 0)
622.4284 	EXP 	responser: foreColor = (0, 0, 0)
622.4451 	EXP 	responser: foreColor = (0, 0, 0)
622.4617 	EXP 	responser: foreColor = (0, 0, 0)
622.4784 	EXP 	responser: foreColor = (0, 0, 0)
622.4951 	EXP 	responser: foreColor = (0, 0, 0)
622.5117 	EXP 	responser: foreColor = (0, 0, 0)
622.5284 	EXP 	responser: foreColor = (0, 0, 0)
622.5451 	EXP 	responser: foreColor = (0, 0, 0)
622.5617 	EXP 	responser: foreColor = (0, 0, 0)
622.5784 	EXP 	responser: foreColor = (0, 0, 0)
622.5951 	EXP 	responser: foreColor = (0, 0, 0)
622.6117 	EXP 	responser: foreColor = (0, 0, 0)
622.6284 	EXP 	responser: foreColor = (0, 0, 0)
622.6451 	EXP 	responser: foreColor = (0, 0, 0)
622.6617 	EXP 	responser: foreColor = (0, 0, 0)
622.6784 	EXP 	responser: foreColor = (0, 0, 0)
622.6951 	EXP 	responser: foreColor = (0, 0, 0)
622.7117 	EXP 	responser: foreColor = (0, 0, 0)
622.7284 	EXP 	responser: foreColor = (0, 0, 0)
622.7451 	EXP 	responser: foreColor = (0, 0, 0)
622.7617 	EXP 	responser: foreColor = (0, 0, 0)
622.7784 	EXP 	responser: foreColor = (0, 0, 0)
622.7951 	EXP 	responser: foreColor = (0, 0, 0)
622.8117 	EXP 	responser: foreColor = (0, 0, 0)
622.8284 	EXP 	responser: foreColor = (0, 0, 0)
622.8451 	EXP 	responser: foreColor = (0, 0, 0)
622.8617 	EXP 	responser: foreColor = (0, 0, 0)
622.8784 	EXP 	responser: foreColor = (0, 0, 0)
622.8951 	EXP 	responser: foreColor = (0, 0, 0)
622.9117 	EXP 	responser: foreColor = (0, 0, 0)
622.9284 	EXP 	responser: foreColor = (0, 0, 0)
622.9451 	EXP 	responser: foreColor = (0, 0, 0)
622.9617 	EXP 	responser: foreColor = (0, 0, 0)
622.9784 	EXP 	responser: foreColor = (0, 0, 0)
622.9951 	EXP 	responser: foreColor = (0, 0, 0)
623.0117 	EXP 	responser: foreColor = (0, 0, 0)
623.0284 	EXP 	responser: foreColor = (0, 0, 0)
623.0451 	EXP 	responser: foreColor = (0, 0, 0)
623.0617 	EXP 	responser: foreColor = (0, 0, 0)
623.0784 	EXP 	responser: foreColor = (0, 0, 0)
623.0951 	EXP 	responser: foreColor = (0, 0, 0)
623.1117 	EXP 	responser: foreColor = (0, 0, 0)
623.1284 	EXP 	responser: foreColor = (0, 0, 0)
623.1451 	EXP 	responser: foreColor = (0, 0, 0)
623.1617 	EXP 	responser: foreColor = (0, 0, 0)
623.1784 	EXP 	responser: foreColor = (0, 0, 0)
623.1951 	EXP 	responser: foreColor = (0, 0, 0)
623.2117 	EXP 	responser: foreColor = (0, 0, 0)
623.2284 	EXP 	responser: foreColor = (0, 0, 0)
623.2451 	EXP 	responser: foreColor = (0, 0, 0)
623.2617 	EXP 	responser: foreColor = (0, 0, 0)
623.2784 	EXP 	responser: foreColor = (0, 0, 0)
623.2951 	EXP 	responser: foreColor = (0, 0, 0)
623.3117 	EXP 	responser: foreColor = (0, 0, 0)
623.3284 	EXP 	responser: foreColor = (0, 0, 0)
623.3451 	EXP 	responser: foreColor = (0, 0, 0)
623.3617 	EXP 	responser: foreColor = (0, 0, 0)
623.3784 	EXP 	responser: foreColor = (0, 0, 0)
623.3951 	EXP 	responser: foreColor = (0, 0, 0)
623.4117 	EXP 	responser: foreColor = (0, 0, 0)
623.4284 	EXP 	responser: foreColor = (0, 0, 0)
623.4451 	EXP 	responser: foreColor = (0, 0, 0)
623.4617 	EXP 	responser: foreColor = (0, 0, 0)
623.4784 	EXP 	responser: foreColor = (0, 0, 0)
623.4951 	EXP 	responser: foreColor = (0, 0, 0)
623.5117 	EXP 	responser: foreColor = (0, 0, 0)
623.5284 	EXP 	responser: foreColor = (0, 0, 0)
623.5451 	EXP 	responser: foreColor = (0, 0, 0)
623.5617 	EXP 	responser: foreColor = (0, 0, 0)
623.5784 	EXP 	responser: foreColor = (0, 0, 0)
623.5951 	EXP 	responser: foreColor = (0, 0, 0)
623.6117 	EXP 	responser: foreColor = (0, 0, 0)
623.6284 	EXP 	responser: foreColor = (0, 0, 0)
623.6451 	EXP 	responser: foreColor = (0, 0, 0)
623.6617 	EXP 	responser: foreColor = (0, 0, 0)
623.6784 	EXP 	responser: foreColor = (0, 0, 0)
623.6951 	EXP 	responser: foreColor = (0, 0, 0)
623.7117 	EXP 	responser: foreColor = (0, 0, 0)
623.7284 	EXP 	responser: foreColor = (0, 0, 0)
623.7451 	EXP 	responser: foreColor = (0, 0, 0)
623.7617 	EXP 	responser: foreColor = (0, 0, 0)
623.7784 	EXP 	responser: foreColor = (0, 0, 0)
623.7951 	EXP 	responser: foreColor = (0, 0, 0)
623.8117 	EXP 	responser: foreColor = (0, 0, 0)
623.8284 	EXP 	responser: foreColor = (0, 0, 0)
623.8451 	EXP 	responser: foreColor = (0, 0, 0)
623.8617 	EXP 	responser: foreColor = (0, 0, 0)
623.8784 	EXP 	responser: foreColor = (0, 0, 0)
623.8951 	EXP 	responser: foreColor = (0, 0, 0)
623.9117 	EXP 	responser: foreColor = (0, 0, 0)
623.9284 	EXP 	responser: foreColor = (0, 0, 0)
623.9451 	EXP 	responser: foreColor = (0, 0, 0)
623.9617 	EXP 	responser: foreColor = (0, 0, 0)
623.9784 	EXP 	responser: foreColor = (0, 0, 0)
623.9951 	EXP 	responser: foreColor = (0, 0, 0)
624.0117 	EXP 	responser: foreColor = (0, 0, 0)
624.0284 	EXP 	responser: foreColor = (0, 0, 0)
624.0451 	EXP 	responser: foreColor = (0, 0, 0)
624.0617 	EXP 	responser: foreColor = (0, 0, 0)
624.0617 	EXP 	thermode_locali_pic: autoDraw = False
624.0784 	EXP 	responser: foreColor = (0, 0, 0)
624.0790 	EXP 	New trial (rep=3, index=0): None
624.0951 	EXP 	responser: foreColor = (0, 0, 0)
624.0951 	EXP 	responsel: autoDraw = False
624.0951 	EXP 	percu_or: autoDraw = False
624.0951 	EXP 	responser: autoDraw = False
624.0951 	EXP 	thermode_locali_pic: autoDraw = False
624.0951 	EXP 	responsel: autoDraw = False
624.0951 	EXP 	percu_or: autoDraw = False
624.0951 	EXP 	responser: autoDraw = False
624.0951 	EXP 	responsel: foreColor = 'white'
624.0951 	EXP 	responser: foreColor = 'white'
624.0951 	EXP 	text_pic: autoDraw = True
624.0951 	EXP 	croix_3: autoDraw = True
629.0952 	EXP 	text_pic: autoDraw = False
629.0952 	EXP 	croix_3: autoDraw = False
629.0952 	EXP 	text_pic: autoDraw = False
629.0952 	EXP 	croix_3: autoDraw = False
629.0952 	EXP 	thermode_locali_pic: height = 0.02
629.0952 	EXP 	thermode_locali_pic: height = 0.02
629.0952 	EXP 	thermode_locali_pic: height = 0.02
629.0952 	EXP 	thermode_locali_pic: text = 'T : 1'
629.0952 	EXP 	responsel: text = 'OUI              '
629.0952 	EXP 	thermode_locali_pic: autoDraw = True
637.0786 	EXP 	responsel: autoDraw = True
637.0786 	EXP 	percu_or: autoDraw = True
637.0786 	EXP 	responser: autoDraw = True
637.4968 	DATA 	Keypress: m
637.5286 	EXP 	responsel: foreColor = (0, 0, 0)
637.5453 	EXP 	responsel: foreColor = (0, 0, 0)
637.5620 	EXP 	responsel: foreColor = (0, 0, 0)
637.5786 	EXP 	responsel: foreColor = (0, 0, 0)
637.5953 	EXP 	responsel: foreColor = (0, 0, 0)
637.6120 	EXP 	responsel: foreColor = (0, 0, 0)
637.6287 	EXP 	responsel: foreColor = (0, 0, 0)
637.6453 	EXP 	responsel: foreColor = (0, 0, 0)
637.6620 	EXP 	responsel: foreColor = (0, 0, 0)
637.6787 	EXP 	responsel: foreColor = (0, 0, 0)
637.6953 	EXP 	responsel: foreColor = (0, 0, 0)
637.7120 	EXP 	responsel: foreColor = (0, 0, 0)
637.7286 	EXP 	responsel: foreColor = (0, 0, 0)
637.7453 	EXP 	responsel: foreColor = (0, 0, 0)
637.7620 	EXP 	responsel: foreColor = (0, 0, 0)
637.7787 	EXP 	responsel: foreColor = (0, 0, 0)
637.7953 	EXP 	responsel: foreColor = (0, 0, 0)
637.8120 	EXP 	responsel: foreColor = (0, 0, 0)
637.8286 	EXP 	responsel: foreColor = (0, 0, 0)
637.8453 	EXP 	responsel: foreColor = (0, 0, 0)
637.8620 	EXP 	responsel: foreColor = (0, 0, 0)
637.8787 	EXP 	responsel: foreColor = (0, 0, 0)
637.8953 	EXP 	responsel: foreColor = (0, 0, 0)
637.9120 	EXP 	responsel: foreColor = (0, 0, 0)
637.9286 	EXP 	responsel: foreColor = (0, 0, 0)
637.9453 	EXP 	responsel: foreColor = (0, 0, 0)
637.9620 	EXP 	responsel: foreColor = (0, 0, 0)
637.9787 	EXP 	responsel: foreColor = (0, 0, 0)
637.9953 	EXP 	responsel: foreColor = (0, 0, 0)
638.0120 	EXP 	responsel: foreColor = (0, 0, 0)
638.0287 	EXP 	responsel: foreColor = (0, 0, 0)
638.0453 	EXP 	responsel: foreColor = (0, 0, 0)
638.0620 	EXP 	responsel: foreColor = (0, 0, 0)
638.0787 	EXP 	responsel: foreColor = (0, 0, 0)
638.0953 	EXP 	responsel: foreColor = (0, 0, 0)
638.1120 	EXP 	responsel: foreColor = (0, 0, 0)
638.1286 	EXP 	responsel: foreColor = (0, 0, 0)
638.1453 	EXP 	responsel: foreColor = (0, 0, 0)
638.1620 	EXP 	responsel: foreColor = (0, 0, 0)
638.1786 	EXP 	responsel: foreColor = (0, 0, 0)
638.1953 	EXP 	responsel: foreColor = (0, 0, 0)
638.2120 	EXP 	responsel: foreColor = (0, 0, 0)
638.2287 	EXP 	responsel: foreColor = (0, 0, 0)
638.2453 	EXP 	responsel: foreColor = (0, 0, 0)
638.2620 	EXP 	responsel: foreColor = (0, 0, 0)
638.2787 	EXP 	responsel: foreColor = (0, 0, 0)
638.2953 	EXP 	responsel: foreColor = (0, 0, 0)
638.3120 	EXP 	responsel: foreColor = (0, 0, 0)
638.3286 	EXP 	responsel: foreColor = (0, 0, 0)
638.3453 	EXP 	responsel: foreColor = (0, 0, 0)
638.3620 	EXP 	responsel: foreColor = (0, 0, 0)
638.3787 	EXP 	responsel: foreColor = (0, 0, 0)
638.3953 	EXP 	responsel: foreColor = (0, 0, 0)
638.4120 	EXP 	responsel: foreColor = (0, 0, 0)
638.4287 	EXP 	responsel: foreColor = (0, 0, 0)
638.4453 	EXP 	responsel: foreColor = (0, 0, 0)
638.4620 	EXP 	responsel: foreColor = (0, 0, 0)
638.4787 	EXP 	responsel: foreColor = (0, 0, 0)
638.4953 	EXP 	responsel: foreColor = (0, 0, 0)
638.5120 	EXP 	responsel: foreColor = (0, 0, 0)
638.5286 	EXP 	responsel: foreColor = (0, 0, 0)
638.5453 	EXP 	responsel: foreColor = (0, 0, 0)
638.5619 	EXP 	responsel: foreColor = (0, 0, 0)
638.5787 	EXP 	responsel: foreColor = (0, 0, 0)
638.5953 	EXP 	responsel: foreColor = (0, 0, 0)
638.6120 	EXP 	responsel: foreColor = (0, 0, 0)
638.6287 	EXP 	responsel: foreColor = (0, 0, 0)
638.6453 	EXP 	responsel: foreColor = (0, 0, 0)
638.6620 	EXP 	responsel: foreColor = (0, 0, 0)
638.6787 	EXP 	responsel: foreColor = (0, 0, 0)
638.6953 	EXP 	responsel: foreColor = (0, 0, 0)
638.7120 	EXP 	responsel: foreColor = (0, 0, 0)
638.7288 	EXP 	responsel: foreColor = (0, 0, 0)
638.7453 	EXP 	responsel: foreColor = (0, 0, 0)
638.7620 	EXP 	responsel: foreColor = (0, 0, 0)
638.7787 	EXP 	responsel: foreColor = (0, 0, 0)
638.7953 	EXP 	responsel: foreColor = (0, 0, 0)
638.8120 	EXP 	responsel: foreColor = (0, 0, 0)
638.8287 	EXP 	responsel: foreColor = (0, 0, 0)
638.8453 	EXP 	responsel: foreColor = (0, 0, 0)
638.8620 	EXP 	responsel: foreColor = (0, 0, 0)
638.8787 	EXP 	responsel: foreColor = (0, 0, 0)
638.8953 	EXP 	responsel: foreColor = (0, 0, 0)
638.9120 	EXP 	responsel: foreColor = (0, 0, 0)
638.9287 	EXP 	responsel: foreColor = (0, 0, 0)
638.9453 	EXP 	responsel: foreColor = (0, 0, 0)
638.9620 	EXP 	responsel: foreColor = (0, 0, 0)
638.9787 	EXP 	responsel: foreColor = (0, 0, 0)
638.9953 	EXP 	responsel: foreColor = (0, 0, 0)
639.0120 	EXP 	responsel: foreColor = (0, 0, 0)
639.0287 	EXP 	responsel: foreColor = (0, 0, 0)
639.0453 	EXP 	responsel: foreColor = (0, 0, 0)
639.0620 	EXP 	responsel: foreColor = (0, 0, 0)
639.0787 	EXP 	responsel: foreColor = (0, 0, 0)
639.0953 	EXP 	responsel: foreColor = (0, 0, 0)
639.1120 	EXP 	responsel: foreColor = (0, 0, 0)
639.1287 	EXP 	responsel: foreColor = (0, 0, 0)
639.1453 	EXP 	responsel: foreColor = (0, 0, 0)
639.1620 	EXP 	responsel: foreColor = (0, 0, 0)
639.1787 	EXP 	responsel: foreColor = (0, 0, 0)
639.1953 	EXP 	responsel: foreColor = (0, 0, 0)
639.2120 	EXP 	responsel: foreColor = (0, 0, 0)
639.2287 	EXP 	responsel: foreColor = (0, 0, 0)
639.2453 	EXP 	responsel: foreColor = (0, 0, 0)
639.2619 	EXP 	responsel: foreColor = (0, 0, 0)
639.2787 	EXP 	responsel: foreColor = (0, 0, 0)
639.2953 	EXP 	responsel: foreColor = (0, 0, 0)
639.3120 	EXP 	responsel: foreColor = (0, 0, 0)
639.3287 	EXP 	responsel: foreColor = (0, 0, 0)
639.3453 	EXP 	responsel: foreColor = (0, 0, 0)
639.3620 	EXP 	responsel: foreColor = (0, 0, 0)
639.3787 	EXP 	responsel: foreColor = (0, 0, 0)
639.3953 	EXP 	responsel: foreColor = (0, 0, 0)
639.4120 	EXP 	responsel: foreColor = (0, 0, 0)
639.4287 	EXP 	responsel: foreColor = (0, 0, 0)
639.4453 	EXP 	responsel: foreColor = (0, 0, 0)
639.4620 	EXP 	responsel: foreColor = (0, 0, 0)
639.4787 	EXP 	responsel: foreColor = (0, 0, 0)
639.4953 	EXP 	responsel: foreColor = (0, 0, 0)
639.5120 	EXP 	responsel: foreColor = (0, 0, 0)
639.5287 	EXP 	responsel: foreColor = (0, 0, 0)
639.5453 	EXP 	responsel: foreColor = (0, 0, 0)
639.5620 	EXP 	responsel: foreColor = (0, 0, 0)
639.5787 	EXP 	responsel: foreColor = (0, 0, 0)
639.5953 	EXP 	responsel: foreColor = (0, 0, 0)
639.6120 	EXP 	responsel: foreColor = (0, 0, 0)
639.6287 	EXP 	responsel: foreColor = (0, 0, 0)
639.6453 	EXP 	responsel: foreColor = (0, 0, 0)
639.6620 	EXP 	responsel: foreColor = (0, 0, 0)
639.6787 	EXP 	responsel: foreColor = (0, 0, 0)
639.6953 	EXP 	responsel: foreColor = (0, 0, 0)
639.7120 	EXP 	responsel: foreColor = (0, 0, 0)
639.7287 	EXP 	responsel: foreColor = (0, 0, 0)
639.7453 	EXP 	responsel: foreColor = (0, 0, 0)
639.7620 	EXP 	responsel: foreColor = (0, 0, 0)
639.7787 	EXP 	responsel: foreColor = (0, 0, 0)
639.7953 	EXP 	responsel: foreColor = (0, 0, 0)
639.8120 	EXP 	responsel: foreColor = (0, 0, 0)
639.8287 	EXP 	responsel: foreColor = (0, 0, 0)
639.8453 	EXP 	responsel: foreColor = (0, 0, 0)
639.8620 	EXP 	responsel: foreColor = (0, 0, 0)
639.8787 	EXP 	responsel: foreColor = (0, 0, 0)
639.8953 	EXP 	responsel: foreColor = (0, 0, 0)
639.9120 	EXP 	responsel: foreColor = (0, 0, 0)
639.9287 	EXP 	responsel: foreColor = (0, 0, 0)
639.9453 	EXP 	responsel: foreColor = (0, 0, 0)
639.9620 	EXP 	responsel: foreColor = (0, 0, 0)
639.9787 	EXP 	responsel: foreColor = (0, 0, 0)
639.9953 	EXP 	responsel: foreColor = (0, 0, 0)
640.0120 	EXP 	responsel: foreColor = (0, 0, 0)
640.0288 	EXP 	responsel: foreColor = (0, 0, 0)
640.0453 	EXP 	responsel: foreColor = (0, 0, 0)
640.0453 	EXP 	thermode_locali_pic: autoDraw = False
640.0620 	EXP 	responsel: foreColor = (0, 0, 0)
640.0625 	EXP 	New trial (rep=1, index=0): None
640.0786 	EXP 	responsel: foreColor = (0, 0, 0)
640.0786 	EXP 	responsel: autoDraw = False
640.0786 	EXP 	percu_or: autoDraw = False
640.0786 	EXP 	responser: autoDraw = False
640.0786 	EXP 	thermode_locali_pic: autoDraw = False
640.0786 	EXP 	responsel: autoDraw = False
640.0786 	EXP 	percu_or: autoDraw = False
640.0786 	EXP 	responser: autoDraw = False
640.0786 	EXP 	responsel: foreColor = 'white'
640.0786 	EXP 	responser: foreColor = 'white'
640.0786 	EXP 	text_7: autoDraw = True
641.0623 	EXP 	Created sequence: random, trialTypes=1, nReps=2, seed=None
641.0624 	EXP 	New trial (rep=0, index=0): None
641.0640 	DATA 	Keypress: p
641.0786 	EXP 	text_7: autoDraw = False
641.0786 	EXP 	text_eva: autoDraw = True
641.0786 	EXP 	croix_2: autoDraw = True
646.0787 	EXP 	text_eva: autoDraw = False
646.0787 	EXP 	croix_2: autoDraw = False
646.0787 	EXP 	text_eva: autoDraw = False
646.0787 	EXP 	croix_2: autoDraw = False
646.0787 	EXP 	thermode_locali_EVA: autoDraw = True
658.0624 	EXP 	window1: mouseVisible = True
658.0632 	EXP 	Created unnamed Rect = Rect(__class__=<class 'psychopy.visual.rect.Rect'>, anchor=('center', 'center'), autoDraw=False, autoLog=True, closeShape=True, color=method-wrapper(...), colorSpace='rgb', contrast=None, depth=0, draggable=False, fillColor=array([1, 1, 1]), fillColorSpace='rgb', fillRGB=array([1, 1, 1]), interpolate=True, lineColor=array([1., 1., 1.]), lineColorSpace='rgb', lineRGB=array([1, 1, 1]), lineWidth=1.5, name='unnamed Rect', opacity=1.0, ori=0.0, pos=array([0., 0.]), size=array([0.01, 0.1 ]), units='norm', vertices=ndarray(...), win=Window(...))
658.0633 	EXP 	window1: mouseVisible = True
658.0634 	EXP 	window1: mouseVisible = True
658.0639 	EXP 	window1: mouseVisible = True
658.0651 	EXP 	window1: mouseVisible = True
658.0662 	EXP 	window1: mouseVisible = True
658.0664 	EXP 	window1: mouseVisible = True
658.0666 	EXP 	window1: mouseVisible = True
658.0667 	EXP 	window1: mouseVisible = True
658.0668 	EXP 	window1: mouseVisible = True
658.0670 	EXP 	window1: mouseVisible = True
658.0671 	EXP 	window1: mouseVisible = True
658.0672 	EXP 	window1: mouseVisible = True
658.0674 	EXP 	window1: mouseVisible = True
658.0678 	EXP 	window1: mouseVisible = True
658.0680 	EXP 	window1: mouseVisible = True
658.0682 	EXP 	window1: mouseVisible = True
658.0683 	EXP 	window1: mouseVisible = True
658.0685 	EXP 	window1: mouseVisible = True
658.0686 	EXP 	window1: mouseVisible = True
658.0687 	EXP 	window1: mouseVisible = True
658.0689 	EXP 	window1: mouseVisible = True
658.0690 	EXP 	window1: mouseVisible = True
658.0691 	EXP 	window1: mouseVisible = True
658.0692 	EXP 	window1: mouseVisible = True
658.0694 	EXP 	window1: mouseVisible = True
658.0695 	EXP 	window1: mouseVisible = True
658.0696 	EXP 	window1: mouseVisible = True
658.0698 	EXP 	window1: mouseVisible = True
658.0699 	EXP 	window1: mouseVisible = True
658.0700 	EXP 	window1: mouseVisible = True
658.0701 	EXP 	window1: mouseVisible = True
658.0703 	EXP 	window1: mouseVisible = True
658.0704 	EXP 	window1: mouseVisible = True
658.0705 	EXP 	window1: mouseVisible = True
658.0706 	EXP 	window1: mouseVisible = True
658.0708 	EXP 	window1: mouseVisible = True
658.0709 	EXP 	window1: mouseVisible = True
658.0711 	EXP 	window1: mouseVisible = True
658.0713 	EXP 	window1: mouseVisible = True
658.0714 	EXP 	window1: mouseVisible = True
658.0715 	EXP 	window1: mouseVisible = True
658.0716 	EXP 	window1: mouseVisible = True
658.0718 	EXP 	window1: mouseVisible = True
658.0719 	EXP 	window1: mouseVisible = True
658.0720 	EXP 	window1: mouseVisible = True
658.0722 	EXP 	window1: mouseVisible = True
658.0723 	EXP 	window1: mouseVisible = True
658.0724 	EXP 	window1: mouseVisible = True
658.0725 	EXP 	window1: mouseVisible = True
658.0727 	EXP 	window1: mouseVisible = True
658.0728 	EXP 	window1: mouseVisible = True
658.0729 	EXP 	window1: mouseVisible = True
658.0730 	EXP 	window1: mouseVisible = True
658.0732 	EXP 	window1: mouseVisible = True
658.0733 	EXP 	window1: mouseVisible = True
658.0734 	EXP 	window1: mouseVisible = True
658.0735 	EXP 	window1: mouseVisible = True
658.0737 	EXP 	window1: mouseVisible = True
658.0738 	EXP 	window1: mouseVisible = True
658.0739 	EXP 	window1: mouseVisible = True
658.0741 	EXP 	window1: mouseVisible = True
658.0743 	EXP 	window1: mouseVisible = True
658.0744 	EXP 	window1: mouseVisible = True
658.0745 	EXP 	window1: mouseVisible = True
658.0747 	EXP 	window1: mouseVisible = True
658.0748 	EXP 	window1: mouseVisible = True
658.0749 	EXP 	window1: mouseVisible = True
658.0751 	EXP 	window1: mouseVisible = True
658.0752 	EXP 	window1: mouseVisible = True
658.0753 	EXP 	window1: mouseVisible = True
658.0755 	EXP 	window1: mouseVisible = True
658.0756 	EXP 	window1: mouseVisible = True
658.0757 	EXP 	window1: mouseVisible = True
658.0758 	EXP 	window1: mouseVisible = True
658.0760 	EXP 	window1: mouseVisible = True
658.0761 	EXP 	window1: mouseVisible = True
658.0762 	EXP 	window1: mouseVisible = True
658.0764 	EXP 	window1: mouseVisible = True
658.0765 	EXP 	window1: mouseVisible = True
658.0766 	EXP 	window1: mouseVisible = True
658.0767 	EXP 	window1: mouseVisible = True
658.0769 	EXP 	window1: mouseVisible = True
658.0770 	EXP 	window1: mouseVisible = True
658.0771 	EXP 	window1: mouseVisible = True
658.0772 	EXP 	window1: mouseVisible = True
658.0774 	EXP 	window1: mouseVisible = True
658.0775 	EXP 	window1: mouseVisible = True
658.0776 	EXP 	window1: mouseVisible = True
658.0777 	EXP 	window1: mouseVisible = True
658.0779 	EXP 	window1: mouseVisible = True
658.0780 	EXP 	window1: mouseVisible = True
658.0781 	EXP 	window1: mouseVisible = True
658.0782 	EXP 	window1: mouseVisible = True
658.0784 	EXP 	window1: mouseVisible = True
658.0785 	EXP 	window1: mouseVisible = True
658.0786 	EXP 	window1: mouseVisible = True
658.0787 	EXP 	window1: mouseVisible = True
658.0789 	EXP 	window1: mouseVisible = True
658.0790 	EXP 	window1: mouseVisible = True
658.0792 	EXP 	window1: mouseVisible = True
658.0793 	EXP 	window1: mouseVisible = True
658.0794 	EXP 	window1: mouseVisible = True
658.0795 	EXP 	window1: mouseVisible = True
658.0797 	EXP 	window1: mouseVisible = True
658.0818 	EXP 	Created ratingScale = RatingScale(__class__=type(...), acceptKeys=['return'], acceptPreText=UNKNOWN, acceptSize=UNKNOWN, acceptText=UNKNOWN, autoLog=True, choices=False, colorSpace='rgb', depth=0, disappear=False, flipVert=False, high=100, kwargs=UNKNOWN, labels=list(...), leftKeys=['left'], lineColor=(255, 255, 255), low=0, marker=Rect(...), markerColor=(255, 255, 255), markerExpansion=UNKNOWN, markerStart=0.5, maxTime=0.0, minTime=0.4, mouseOnly=False, name='ratingScale', noMouse=False, pos=[0.0, 0.0], precision=100, respKeys=[], rightKeys=['right'], scale=None, self=UNKNOWN, showAccept=False, showValue=False, singleClick=False, size=0.6, skipKeys=['tab'], stretch=2.0, textColor='white', textFont='Helvetica Bold', textSize=0.144, tickHeight=0, tickMarks=10.0, win=Window(...))
658.0818 	EXP 	RatingScale ratingScale: reset()
658.0839 	EXP 	window1: mouseVisible = False
658.0959 	EXP 	thermode_locali_EVA: autoDraw = False
658.0959 	EXP 	ratingScale: flipVert = False
658.0959 	EXP 	ratingScale: autoLog = True
658.0974 	EXP 	window1: mouseVisible = False
658.1136 	EXP 	window1: mouseVisible = False
658.1303 	EXP 	window1: mouseVisible = False
658.1470 	EXP 	window1: mouseVisible = False
658.1637 	EXP 	window1: mouseVisible = False
658.1808 	EXP 	window1: mouseVisible = False
658.1970 	EXP 	window1: mouseVisible = False
658.2136 	EXP 	window1: mouseVisible = False
658.2303 	EXP 	window1: mouseVisible = False
658.2469 	EXP 	window1: mouseVisible = False
658.2636 	EXP 	window1: mouseVisible = False
658.2805 	EXP 	window1: mouseVisible = False
658.2971 	EXP 	window1: mouseVisible = False
658.3137 	EXP 	window1: mouseVisible = False
658.3303 	EXP 	window1: mouseVisible = False
658.3470 	EXP 	window1: mouseVisible = False
658.3636 	EXP 	window1: mouseVisible = False
658.3803 	EXP 	window1: mouseVisible = False
658.3969 	EXP 	window1: mouseVisible = False
658.4136 	EXP 	window1: mouseVisible = False
658.4302 	EXP 	window1: mouseVisible = False
658.4469 	EXP 	window1: mouseVisible = False
658.4636 	EXP 	window1: mouseVisible = False
658.4803 	EXP 	window1: mouseVisible = False
658.4969 	EXP 	window1: mouseVisible = False
658.5136 	EXP 	window1: mouseVisible = False
658.5303 	EXP 	window1: mouseVisible = False
658.5470 	EXP 	window1: mouseVisible = False
658.5637 	EXP 	window1: mouseVisible = False
658.5804 	EXP 	window1: mouseVisible = False
658.5969 	EXP 	window1: mouseVisible = False
658.6135 	EXP 	window1: mouseVisible = False
658.6302 	EXP 	window1: mouseVisible = False
658.6470 	EXP 	window1: mouseVisible = False
658.6635 	EXP 	window1: mouseVisible = False
658.6802 	EXP 	window1: mouseVisible = False
658.6968 	EXP 	window1: mouseVisible = False
658.7135 	EXP 	window1: mouseVisible = False
658.7302 	EXP 	window1: mouseVisible = False
658.7470 	EXP 	window1: mouseVisible = False
658.7636 	EXP 	window1: mouseVisible = False
658.7802 	EXP 	window1: mouseVisible = False
658.7968 	EXP 	window1: mouseVisible = False
658.8131 	DATA 	Keypress: m
658.8136 	EXP 	window1: mouseVisible = False
658.8302 	EXP 	window1: mouseVisible = False
658.8468 	EXP 	window1: mouseVisible = False
658.8635 	EXP 	window1: mouseVisible = False
658.8802 	EXP 	window1: mouseVisible = False
658.8968 	EXP 	window1: mouseVisible = False
658.9136 	EXP 	window1: mouseVisible = False
658.9302 	EXP 	window1: mouseVisible = False
658.9468 	EXP 	window1: mouseVisible = False
658.9635 	EXP 	window1: mouseVisible = False
658.9802 	EXP 	window1: mouseVisible = False
658.9968 	EXP 	window1: mouseVisible = False
659.0135 	EXP 	window1: mouseVisible = False
659.0302 	EXP 	window1: mouseVisible = False
659.0468 	EXP 	window1: mouseVisible = False
659.0635 	EXP 	window1: mouseVisible = False
659.0803 	EXP 	window1: mouseVisible = False
659.0969 	EXP 	window1: mouseVisible = False
659.1135 	EXP 	window1: mouseVisible = False
659.1304 	EXP 	window1: mouseVisible = False
659.1469 	EXP 	window1: mouseVisible = False
659.1636 	EXP 	window1: mouseVisible = False
659.1803 	EXP 	window1: mouseVisible = False
659.1970 	EXP 	window1: mouseVisible = False
659.2136 	EXP 	window1: mouseVisible = False
659.2303 	EXP 	window1: mouseVisible = False
659.2469 	EXP 	window1: mouseVisible = False
659.2636 	EXP 	window1: mouseVisible = False
659.2803 	EXP 	window1: mouseVisible = False
659.2971 	EXP 	window1: mouseVisible = False
659.3137 	EXP 	window1: mouseVisible = False
659.3304 	EXP 	window1: mouseVisible = False
659.3470 	EXP 	window1: mouseVisible = False
659.3637 	EXP 	window1: mouseVisible = False
659.3803 	EXP 	window1: mouseVisible = False
659.3970 	EXP 	window1: mouseVisible = False
659.4137 	EXP 	window1: mouseVisible = False
659.4303 	EXP 	window1: mouseVisible = False
659.4470 	EXP 	window1: mouseVisible = False
659.4637 	EXP 	window1: mouseVisible = False
659.4806 	EXP 	window1: mouseVisible = False
659.4970 	EXP 	window1: mouseVisible = False
659.5137 	EXP 	window1: mouseVisible = False
659.5304 	EXP 	window1: mouseVisible = False
659.5470 	EXP 	window1: mouseVisible = False
659.5636 	EXP 	window1: mouseVisible = False
659.5803 	EXP 	window1: mouseVisible = False
659.5969 	EXP 	window1: mouseVisible = False
659.6137 	EXP 	window1: mouseVisible = False
659.6303 	EXP 	window1: mouseVisible = False
659.6470 	EXP 	window1: mouseVisible = False
659.6637 	EXP 	window1: mouseVisible = False
659.6804 	EXP 	window1: mouseVisible = False
659.6971 	EXP 	window1: mouseVisible = False
659.7137 	EXP 	window1: mouseVisible = False
659.7304 	EXP 	window1: mouseVisible = False
659.7470 	EXP 	window1: mouseVisible = False
659.7636 	EXP 	window1: mouseVisible = False
659.7804 	EXP 	window1: mouseVisible = False
659.7970 	EXP 	window1: mouseVisible = False
659.8136 	EXP 	window1: mouseVisible = False
659.8302 	EXP 	window1: mouseVisible = False
659.8470 	EXP 	window1: mouseVisible = False
659.8636 	EXP 	window1: mouseVisible = False
659.8803 	EXP 	window1: mouseVisible = False
659.8969 	EXP 	window1: mouseVisible = False
659.9137 	EXP 	window1: mouseVisible = False
659.9303 	EXP 	window1: mouseVisible = False
659.9470 	EXP 	window1: mouseVisible = False
659.9636 	EXP 	window1: mouseVisible = False
659.9803 	EXP 	window1: mouseVisible = False
659.9970 	EXP 	window1: mouseVisible = False
660.0149 	EXP 	window1: mouseVisible = False
660.0304 	EXP 	window1: mouseVisible = False
660.0470 	EXP 	window1: mouseVisible = False
660.0637 	EXP 	window1: mouseVisible = False
660.0803 	EXP 	window1: mouseVisible = False
660.0970 	EXP 	window1: mouseVisible = False
660.1136 	EXP 	window1: mouseVisible = False
660.1303 	EXP 	window1: mouseVisible = False
660.1470 	EXP 	window1: mouseVisible = False
660.1636 	EXP 	window1: mouseVisible = False
660.1804 	EXP 	window1: mouseVisible = False
660.1969 	EXP 	window1: mouseVisible = False
660.2136 	EXP 	window1: mouseVisible = False
660.2302 	EXP 	window1: mouseVisible = False
660.2470 	EXP 	window1: mouseVisible = False
660.2636 	EXP 	window1: mouseVisible = False
660.2803 	EXP 	window1: mouseVisible = False
660.2970 	EXP 	window1: mouseVisible = False
660.3137 	EXP 	window1: mouseVisible = False
660.3303 	EXP 	window1: mouseVisible = False
660.3469 	EXP 	window1: mouseVisible = False
660.3636 	EXP 	window1: mouseVisible = False
660.3804 	EXP 	window1: mouseVisible = False
660.3970 	EXP 	window1: mouseVisible = False
660.4137 	EXP 	window1: mouseVisible = False
660.4303 	EXP 	window1: mouseVisible = False
660.4470 	EXP 	window1: mouseVisible = False
660.4637 	EXP 	window1: mouseVisible = False
660.4803 	EXP 	window1: mouseVisible = False
660.4970 	EXP 	window1: mouseVisible = False
660.5136 	EXP 	window1: mouseVisible = False
660.5303 	EXP 	window1: mouseVisible = False
660.5470 	EXP 	window1: mouseVisible = False
660.5636 	EXP 	window1: mouseVisible = False
660.5803 	EXP 	window1: mouseVisible = False
660.5969 	EXP 	window1: mouseVisible = False
660.6136 	EXP 	window1: mouseVisible = False
660.6303 	EXP 	window1: mouseVisible = False
660.6469 	EXP 	window1: mouseVisible = False
660.6636 	EXP 	window1: mouseVisible = False
660.6803 	EXP 	window1: mouseVisible = False
660.6971 	EXP 	window1: mouseVisible = False
660.7136 	EXP 	window1: mouseVisible = False
660.7303 	EXP 	window1: mouseVisible = False
660.7470 	EXP 	window1: mouseVisible = False
660.7637 	EXP 	window1: mouseVisible = False
660.7803 	EXP 	window1: mouseVisible = False
660.7970 	EXP 	window1: mouseVisible = False
660.8137 	EXP 	window1: mouseVisible = False
660.8303 	EXP 	window1: mouseVisible = False
660.8478 	DATA 	Keypress: space
660.9485 	EXP 	New trial (rep=1, index=0): None
660.9622 	EXP 	main_text: autoDraw = True
660.9622 	EXP 	confirm_text: autoDraw = True
660.9622 	EXP 	ratingScale: autoDraw = False
660.9622 	EXP 	main_text: autoDraw = False
660.9622 	EXP 	confirm_text: autoDraw = False
660.9622 	EXP 	text_eva: autoDraw = True
660.9622 	EXP 	croix_2: autoDraw = True
665.9623 	EXP 	text_eva: autoDraw = False
665.9623 	EXP 	croix_2: autoDraw = False
665.9623 	EXP 	text_eva: autoDraw = False
665.9623 	EXP 	croix_2: autoDraw = False
665.9623 	EXP 	thermode_locali_EVA: autoDraw = True
677.9460 	EXP 	window1: mouseVisible = True
677.9469 	EXP 	Created unnamed Rect = Rect(__class__=<class 'psychopy.visual.rect.Rect'>, anchor=('center', 'center'), autoDraw=False, autoLog=True, closeShape=True, color=method-wrapper(...), colorSpace='rgb', contrast=None, depth=0, draggable=False, fillColor=array([1, 1, 1]), fillColorSpace='rgb', fillRGB=array([1, 1, 1]), interpolate=True, lineColor=array([1., 1., 1.]), lineColorSpace='rgb', lineRGB=array([1, 1, 1]), lineWidth=1.5, name='unnamed Rect', opacity=1.0, ori=0.0, pos=array([0., 0.]), size=array([0.01, 0.1 ]), units='norm', vertices=ndarray(...), win=Window(...))
677.9470 	EXP 	window1: mouseVisible = True
677.9471 	EXP 	window1: mouseVisible = True
677.9477 	EXP 	window1: mouseVisible = True
677.9488 	EXP 	window1: mouseVisible = True
677.9499 	EXP 	window1: mouseVisible = True
677.9501 	EXP 	window1: mouseVisible = True
677.9504 	EXP 	window1: mouseVisible = True
677.9506 	EXP 	window1: mouseVisible = True
677.9509 	EXP 	window1: mouseVisible = True
677.9511 	EXP 	window1: mouseVisible = True
677.9513 	EXP 	window1: mouseVisible = True
677.9514 	EXP 	window1: mouseVisible = True
677.9516 	EXP 	window1: mouseVisible = True
677.9518 	EXP 	window1: mouseVisible = True
677.9520 	EXP 	window1: mouseVisible = True
677.9522 	EXP 	window1: mouseVisible = True
677.9524 	EXP 	window1: mouseVisible = True
677.9526 	EXP 	window1: mouseVisible = True
677.9528 	EXP 	window1: mouseVisible = True
677.9530 	EXP 	window1: mouseVisible = True
677.9531 	EXP 	window1: mouseVisible = True
677.9533 	EXP 	window1: mouseVisible = True
677.9538 	EXP 	window1: mouseVisible = True
677.9539 	EXP 	window1: mouseVisible = True
677.9541 	EXP 	window1: mouseVisible = True
677.9542 	EXP 	window1: mouseVisible = True
677.9544 	EXP 	window1: mouseVisible = True
677.9545 	EXP 	window1: mouseVisible = True
677.9546 	EXP 	window1: mouseVisible = True
677.9548 	EXP 	window1: mouseVisible = True
677.9549 	EXP 	window1: mouseVisible = True
677.9550 	EXP 	window1: mouseVisible = True
677.9552 	EXP 	window1: mouseVisible = True
677.9553 	EXP 	window1: mouseVisible = True
677.9554 	EXP 	window1: mouseVisible = True
677.9555 	EXP 	window1: mouseVisible = True
677.9557 	EXP 	window1: mouseVisible = True
677.9559 	EXP 	window1: mouseVisible = True
677.9560 	EXP 	window1: mouseVisible = True
677.9561 	EXP 	window1: mouseVisible = True
677.9562 	EXP 	window1: mouseVisible = True
677.9564 	EXP 	window1: mouseVisible = True
677.9565 	EXP 	window1: mouseVisible = True
677.9566 	EXP 	window1: mouseVisible = True
677.9568 	EXP 	window1: mouseVisible = True
677.9569 	EXP 	window1: mouseVisible = True
677.9570 	EXP 	window1: mouseVisible = True
677.9571 	EXP 	window1: mouseVisible = True
677.9573 	EXP 	window1: mouseVisible = True
677.9574 	EXP 	window1: mouseVisible = True
677.9575 	EXP 	window1: mouseVisible = True
677.9577 	EXP 	window1: mouseVisible = True
677.9578 	EXP 	window1: mouseVisible = True
677.9579 	EXP 	window1: mouseVisible = True
677.9581 	EXP 	window1: mouseVisible = True
677.9582 	EXP 	window1: mouseVisible = True
677.9584 	EXP 	window1: mouseVisible = True
677.9585 	EXP 	window1: mouseVisible = True
677.9586 	EXP 	window1: mouseVisible = True
677.9587 	EXP 	window1: mouseVisible = True
677.9589 	EXP 	window1: mouseVisible = True
677.9590 	EXP 	window1: mouseVisible = True
677.9591 	EXP 	window1: mouseVisible = True
677.9593 	EXP 	window1: mouseVisible = True
677.9594 	EXP 	window1: mouseVisible = True
677.9595 	EXP 	window1: mouseVisible = True
677.9597 	EXP 	window1: mouseVisible = True
677.9598 	EXP 	window1: mouseVisible = True
677.9599 	EXP 	window1: mouseVisible = True
677.9600 	EXP 	window1: mouseVisible = True
677.9602 	EXP 	window1: mouseVisible = True
677.9603 	EXP 	window1: mouseVisible = True
677.9604 	EXP 	window1: mouseVisible = True
677.9605 	EXP 	window1: mouseVisible = True
677.9607 	EXP 	window1: mouseVisible = True
677.9608 	EXP 	window1: mouseVisible = True
677.9609 	EXP 	window1: mouseVisible = True
677.9610 	EXP 	window1: mouseVisible = True
677.9612 	EXP 	window1: mouseVisible = True
677.9613 	EXP 	window1: mouseVisible = True
677.9614 	EXP 	window1: mouseVisible = True
677.9616 	EXP 	window1: mouseVisible = True
677.9617 	EXP 	window1: mouseVisible = True
677.9618 	EXP 	window1: mouseVisible = True
677.9620 	EXP 	window1: mouseVisible = True
677.9621 	EXP 	window1: mouseVisible = True
677.9622 	EXP 	window1: mouseVisible = True
677.9623 	EXP 	window1: mouseVisible = True
677.9625 	EXP 	window1: mouseVisible = True
677.9626 	EXP 	window1: mouseVisible = True
677.9628 	EXP 	window1: mouseVisible = True
677.9629 	EXP 	window1: mouseVisible = True
677.9630 	EXP 	window1: mouseVisible = True
677.9631 	EXP 	window1: mouseVisible = True
677.9633 	EXP 	window1: mouseVisible = True
677.9634 	EXP 	window1: mouseVisible = True
677.9635 	EXP 	window1: mouseVisible = True
677.9637 	EXP 	window1: mouseVisible = True
677.9638 	EXP 	window1: mouseVisible = True
677.9639 	EXP 	window1: mouseVisible = True
677.9640 	EXP 	window1: mouseVisible = True
677.9642 	EXP 	window1: mouseVisible = True
677.9643 	EXP 	window1: mouseVisible = True
677.9644 	EXP 	window1: mouseVisible = True
677.9666 	EXP 	Created ratingScale = RatingScale(__class__=type(...), acceptKeys=['return'], acceptPreText=UNKNOWN, acceptSize=UNKNOWN, acceptText=UNKNOWN, autoLog=True, choices=False, colorSpace='rgb', depth=0, disappear=False, flipVert=False, high=100, kwargs=UNKNOWN, labels=list(...), leftKeys=['left'], lineColor=(255, 255, 255), low=0, marker=Rect(...), markerColor=(255, 255, 255), markerExpansion=UNKNOWN, markerStart=0.5, maxTime=0.0, minTime=0.4, mouseOnly=False, name='ratingScale', noMouse=False, pos=[0.0, 0.0], precision=100, respKeys=[], rightKeys=['right'], scale=None, self=UNKNOWN, showAccept=False, showValue=False, singleClick=False, size=0.6, skipKeys=['tab'], stretch=2.0, textColor='white', textFont='Helvetica Bold', textSize=0.144, tickHeight=0, tickMarks=10.0, win=Window(...))
677.9666 	EXP 	RatingScale ratingScale: reset()
677.9686 	EXP 	window1: mouseVisible = False
677.9790 	EXP 	thermode_locali_EVA: autoDraw = False
677.9790 	EXP 	thermode_locali_EVA: autoDraw = False
677.9790 	EXP 	ratingScale: flipVert = False
677.9790 	EXP 	ratingScale: autoLog = True
677.9805 	EXP 	window1: mouseVisible = False
677.9971 	EXP 	window1: mouseVisible = False
678.0137 	EXP 	window1: mouseVisible = False
678.0304 	EXP 	window1: mouseVisible = False
678.0471 	EXP 	window1: mouseVisible = False
678.0642 	EXP 	window1: mouseVisible = False
678.0804 	EXP 	window1: mouseVisible = False
678.0971 	EXP 	window1: mouseVisible = False
678.1137 	EXP 	window1: mouseVisible = False
678.1304 	EXP 	window1: mouseVisible = False
678.1471 	EXP 	window1: mouseVisible = False
678.1639 	EXP 	window1: mouseVisible = False
678.1804 	EXP 	window1: mouseVisible = False
678.1970 	EXP 	window1: mouseVisible = False
678.2139 	EXP 	window1: mouseVisible = False
678.2305 	EXP 	window1: mouseVisible = False
678.2471 	EXP 	window1: mouseVisible = False
678.2649 	EXP 	window1: mouseVisible = False
678.2805 	EXP 	window1: mouseVisible = False
678.2971 	EXP 	window1: mouseVisible = False
678.3137 	EXP 	window1: mouseVisible = False
678.3304 	EXP 	window1: mouseVisible = False
678.3471 	EXP 	window1: mouseVisible = False
678.3637 	EXP 	window1: mouseVisible = False
678.3804 	EXP 	window1: mouseVisible = False
678.3971 	EXP 	window1: mouseVisible = False
678.4137 	EXP 	window1: mouseVisible = False
678.4306 	EXP 	window1: mouseVisible = False
678.4472 	EXP 	window1: mouseVisible = False
678.4637 	EXP 	window1: mouseVisible = False
678.4810 	EXP 	window1: mouseVisible = False
678.4971 	EXP 	window1: mouseVisible = False
678.5138 	EXP 	window1: mouseVisible = False
678.5304 	EXP 	window1: mouseVisible = False
678.5469 	DATA 	Keypress: n
678.5474 	EXP 	window1: mouseVisible = False
678.5638 	EXP 	window1: mouseVisible = False
678.5806 	EXP 	window1: mouseVisible = False
678.5971 	EXP 	window1: mouseVisible = False
678.6137 	EXP 	window1: mouseVisible = False
678.6304 	EXP 	window1: mouseVisible = False
678.6471 	EXP 	window1: mouseVisible = False
678.6637 	EXP 	window1: mouseVisible = False
678.6804 	EXP 	window1: mouseVisible = False
678.6971 	EXP 	window1: mouseVisible = False
678.7137 	EXP 	window1: mouseVisible = False
678.7304 	EXP 	window1: mouseVisible = False
678.7470 	EXP 	window1: mouseVisible = False
678.7637 	EXP 	window1: mouseVisible = False
678.7805 	EXP 	window1: mouseVisible = False
678.7971 	EXP 	window1: mouseVisible = False
678.8137 	EXP 	window1: mouseVisible = False
678.8304 	EXP 	window1: mouseVisible = False
678.8471 	EXP 	window1: mouseVisible = False
678.8637 	EXP 	window1: mouseVisible = False
678.8804 	EXP 	window1: mouseVisible = False
678.8972 	EXP 	window1: mouseVisible = False
678.9137 	EXP 	window1: mouseVisible = False
678.9304 	EXP 	window1: mouseVisible = False
678.9470 	EXP 	window1: mouseVisible = False
678.9637 	EXP 	window1: mouseVisible = False
678.9806 	EXP 	window1: mouseVisible = False
678.9971 	EXP 	window1: mouseVisible = False
679.0137 	EXP 	window1: mouseVisible = False
679.0305 	EXP 	window1: mouseVisible = False
679.0471 	EXP 	window1: mouseVisible = False
679.0637 	EXP 	window1: mouseVisible = False
679.0804 	EXP 	window1: mouseVisible = False
679.0971 	EXP 	window1: mouseVisible = False
679.1137 	EXP 	window1: mouseVisible = False
679.1304 	EXP 	window1: mouseVisible = False
679.1471 	EXP 	window1: mouseVisible = False
679.1637 	EXP 	window1: mouseVisible = False
679.1804 	EXP 	window1: mouseVisible = False
679.1971 	EXP 	window1: mouseVisible = False
679.2137 	EXP 	window1: mouseVisible = False
679.2304 	EXP 	window1: mouseVisible = False
679.2471 	EXP 	window1: mouseVisible = False
679.2638 	EXP 	window1: mouseVisible = False
679.2804 	EXP 	window1: mouseVisible = False
679.2971 	EXP 	window1: mouseVisible = False
679.3138 	EXP 	window1: mouseVisible = False
679.3305 	EXP 	window1: mouseVisible = False
679.3471 	EXP 	window1: mouseVisible = False
679.3637 	EXP 	window1: mouseVisible = False
679.3804 	EXP 	window1: mouseVisible = False
679.3971 	EXP 	window1: mouseVisible = False
679.4138 	DATA 	Keypress: space
679.5290 	EXP 	main_text: autoDraw = True
679.5290 	EXP 	confirm_text: autoDraw = True
679.5290 	EXP 	ratingScale: autoDraw = False
679.5290 	EXP 	main_text: autoDraw = False
679.5290 	EXP 	confirm_text: autoDraw = False
679.5290 	EXP 	text_8: autoDraw = True
681.2627 	EXP 	Created sequence: random, trialTypes=1, nReps=4, seed=None
681.2628 	EXP 	New trial (rep=0, index=0): None
681.2645 	DATA 	Keypress: p
681.2791 	EXP 	text_8: autoDraw = False
681.2791 	EXP 	text_pic: autoDraw = True
681.2791 	EXP 	croix_3: autoDraw = True
686.2792 	EXP 	text_pic: autoDraw = False
686.2792 	EXP 	croix_3: autoDraw = False
686.2792 	EXP 	thermode_locali_pic: height = 0.02
686.2792 	EXP 	thermode_locali_pic: height = 0.02
686.2792 	EXP 	thermode_locali_pic: height = 0.02
686.2792 	EXP 	thermode_locali_pic: text = 'T : 0'
686.2792 	EXP 	responsel: text = 'OUI              '
686.2792 	EXP 	thermode_locali_pic: autoDraw = True
694.2626 	EXP 	responsel: autoDraw = True
694.2626 	EXP 	percu_or: autoDraw = True
694.2626 	EXP 	responser: autoDraw = True
695.5137 	DATA 	Keypress: m
695.5460 	EXP 	responsel: foreColor = (0, 0, 0)
695.5626 	EXP 	responsel: foreColor = (0, 0, 0)
695.5793 	EXP 	responsel: foreColor = (0, 0, 0)
695.5959 	EXP 	responsel: foreColor = (0, 0, 0)
695.6126 	EXP 	responsel: foreColor = (0, 0, 0)
695.6293 	EXP 	responsel: foreColor = (0, 0, 0)
695.6460 	EXP 	responsel: foreColor = (0, 0, 0)
695.6626 	EXP 	responsel: foreColor = (0, 0, 0)
695.6793 	EXP 	responsel: foreColor = (0, 0, 0)
695.6960 	EXP 	responsel: foreColor = (0, 0, 0)
695.7126 	EXP 	responsel: foreColor = (0, 0, 0)
695.7293 	EXP 	responsel: foreColor = (0, 0, 0)
695.7460 	EXP 	responsel: foreColor = (0, 0, 0)
695.7627 	EXP 	responsel: foreColor = (0, 0, 0)
695.7793 	EXP 	responsel: foreColor = (0, 0, 0)
695.7960 	EXP 	responsel: foreColor = (0, 0, 0)
695.8126 	EXP 	responsel: foreColor = (0, 0, 0)
695.8293 	EXP 	responsel: foreColor = (0, 0, 0)
695.8460 	EXP 	responsel: foreColor = (0, 0, 0)
695.8626 	EXP 	responsel: foreColor = (0, 0, 0)
695.8793 	EXP 	responsel: foreColor = (0, 0, 0)
695.8960 	EXP 	responsel: foreColor = (0, 0, 0)
695.9126 	EXP 	responsel: foreColor = (0, 0, 0)
695.9293 	EXP 	responsel: foreColor = (0, 0, 0)
695.9460 	EXP 	responsel: foreColor = (0, 0, 0)
695.9626 	EXP 	responsel: foreColor = (0, 0, 0)
695.9793 	EXP 	responsel: foreColor = (0, 0, 0)
695.9960 	EXP 	responsel: foreColor = (0, 0, 0)
696.0126 	EXP 	responsel: foreColor = (0, 0, 0)
696.0293 	EXP 	responsel: foreColor = (0, 0, 0)
696.0460 	EXP 	responsel: foreColor = (0, 0, 0)
696.0626 	EXP 	responsel: foreColor = (0, 0, 0)
696.0793 	EXP 	responsel: foreColor = (0, 0, 0)
696.0960 	EXP 	responsel: foreColor = (0, 0, 0)
696.1126 	EXP 	responsel: foreColor = (0, 0, 0)
696.1293 	EXP 	responsel: foreColor = (0, 0, 0)
696.1460 	EXP 	responsel: foreColor = (0, 0, 0)
696.1626 	EXP 	responsel: foreColor = (0, 0, 0)
696.1793 	EXP 	responsel: foreColor = (0, 0, 0)
696.1960 	EXP 	responsel: foreColor = (0, 0, 0)
696.2126 	EXP 	responsel: foreColor = (0, 0, 0)
696.2293 	EXP 	responsel: foreColor = (0, 0, 0)
696.2460 	EXP 	responsel: foreColor = (0, 0, 0)
696.2626 	EXP 	responsel: foreColor = (0, 0, 0)
696.2793 	EXP 	responsel: foreColor = (0, 0, 0)
696.2960 	EXP 	responsel: foreColor = (0, 0, 0)
696.3126 	EXP 	responsel: foreColor = (0, 0, 0)
696.3293 	EXP 	responsel: foreColor = (0, 0, 0)
696.3460 	EXP 	responsel: foreColor = (0, 0, 0)
696.3627 	EXP 	responsel: foreColor = (0, 0, 0)
696.3793 	EXP 	responsel: foreColor = (0, 0, 0)
696.3960 	EXP 	responsel: foreColor = (0, 0, 0)
696.4127 	EXP 	responsel: foreColor = (0, 0, 0)
696.4293 	EXP 	responsel: foreColor = (0, 0, 0)
696.4460 	EXP 	responsel: foreColor = (0, 0, 0)
696.4627 	EXP 	responsel: foreColor = (0, 0, 0)
696.4793 	EXP 	responsel: foreColor = (0, 0, 0)
696.4960 	EXP 	responsel: foreColor = (0, 0, 0)
696.5127 	EXP 	responsel: foreColor = (0, 0, 0)
696.5293 	EXP 	responsel: foreColor = (0, 0, 0)
696.5460 	EXP 	responsel: foreColor = (0, 0, 0)
696.5626 	EXP 	responsel: foreColor = (0, 0, 0)
696.5793 	EXP 	responsel: foreColor = (0, 0, 0)
696.5960 	EXP 	responsel: foreColor = (0, 0, 0)
696.6126 	EXP 	responsel: foreColor = (0, 0, 0)
696.6293 	EXP 	responsel: foreColor = (0, 0, 0)
696.6460 	EXP 	responsel: foreColor = (0, 0, 0)
696.6627 	EXP 	responsel: foreColor = (0, 0, 0)
696.6793 	EXP 	responsel: foreColor = (0, 0, 0)
696.6960 	EXP 	responsel: foreColor = (0, 0, 0)
696.7126 	EXP 	responsel: foreColor = (0, 0, 0)
696.7293 	EXP 	responsel: foreColor = (0, 0, 0)
696.7460 	EXP 	responsel: foreColor = (0, 0, 0)
696.7626 	EXP 	responsel: foreColor = (0, 0, 0)
696.7793 	EXP 	responsel: foreColor = (0, 0, 0)
696.7960 	EXP 	responsel: foreColor = (0, 0, 0)
696.8127 	EXP 	responsel: foreColor = (0, 0, 0)
696.8293 	EXP 	responsel: foreColor = (0, 0, 0)
696.8460 	EXP 	responsel: foreColor = (0, 0, 0)
696.8627 	EXP 	responsel: foreColor = (0, 0, 0)
696.8793 	EXP 	responsel: foreColor = (0, 0, 0)
696.8960 	EXP 	responsel: foreColor = (0, 0, 0)
696.9127 	EXP 	responsel: foreColor = (0, 0, 0)
696.9293 	EXP 	responsel: foreColor = (0, 0, 0)
696.9460 	EXP 	responsel: foreColor = (0, 0, 0)
696.9626 	EXP 	responsel: foreColor = (0, 0, 0)
696.9793 	EXP 	responsel: foreColor = (0, 0, 0)
696.9960 	EXP 	responsel: foreColor = (0, 0, 0)
697.0127 	EXP 	responsel: foreColor = (0, 0, 0)
697.0293 	EXP 	responsel: foreColor = (0, 0, 0)
697.0460 	EXP 	responsel: foreColor = (0, 0, 0)
697.0627 	EXP 	responsel: foreColor = (0, 0, 0)
697.0793 	EXP 	responsel: foreColor = (0, 0, 0)
697.0960 	EXP 	responsel: foreColor = (0, 0, 0)
697.1127 	EXP 	responsel: foreColor = (0, 0, 0)
697.1293 	EXP 	responsel: foreColor = (0, 0, 0)
697.1459 	EXP 	responsel: foreColor = (0, 0, 0)
697.1627 	EXP 	responsel: foreColor = (0, 0, 0)
697.1793 	EXP 	responsel: foreColor = (0, 0, 0)
697.1960 	EXP 	responsel: foreColor = (0, 0, 0)
697.2127 	EXP 	responsel: foreColor = (0, 0, 0)
697.2293 	EXP 	responsel: foreColor = (0, 0, 0)
697.2293 	EXP 	thermode_locali_pic: autoDraw = False
697.2460 	EXP 	responsel: foreColor = (0, 0, 0)
697.2466 	EXP 	New trial (rep=1, index=0): None
697.2627 	EXP 	responsel: foreColor = (0, 0, 0)
697.2627 	EXP 	responsel: autoDraw = False
697.2627 	EXP 	percu_or: autoDraw = False
697.2627 	EXP 	responser: autoDraw = False
697.2627 	EXP 	thermode_locali_pic: autoDraw = False
697.2627 	EXP 	responsel: autoDraw = False
697.2627 	EXP 	percu_or: autoDraw = False
697.2627 	EXP 	responser: autoDraw = False
697.2627 	EXP 	responsel: foreColor = 'white'
697.2627 	EXP 	responser: foreColor = 'white'
697.2627 	EXP 	text_pic: autoDraw = True
697.2627 	EXP 	croix_3: autoDraw = True
702.2627 	EXP 	text_pic: autoDraw = False
702.2627 	EXP 	croix_3: autoDraw = False
702.2627 	EXP 	text_pic: autoDraw = False
702.2627 	EXP 	croix_3: autoDraw = False
702.2627 	EXP 	thermode_locali_pic: height = 0.02
702.2627 	EXP 	thermode_locali_pic: height = 0.02
702.2627 	EXP 	thermode_locali_pic: height = 0.02
702.2627 	EXP 	thermode_locali_pic: text = 'T : 1'
702.2627 	EXP 	responsel: text = 'OUI              '
702.2627 	EXP 	thermode_locali_pic: autoDraw = True
710.2460 	EXP 	responsel: autoDraw = True
710.2460 	EXP 	percu_or: autoDraw = True
710.2460 	EXP 	responser: autoDraw = True
710.5805 	DATA 	Keypress: n
710.6127 	EXP 	responser: foreColor = (0, 0, 0)
710.6294 	EXP 	responser: foreColor = (0, 0, 0)
710.6461 	EXP 	responser: foreColor = (0, 0, 0)
710.6627 	EXP 	responser: foreColor = (0, 0, 0)
710.6794 	EXP 	responser: foreColor = (0, 0, 0)
710.6960 	EXP 	responser: foreColor = (0, 0, 0)
710.7127 	EXP 	responser: foreColor = (0, 0, 0)
710.7294 	EXP 	responser: foreColor = (0, 0, 0)
710.7460 	EXP 	responser: foreColor = (0, 0, 0)
710.7627 	EXP 	responser: foreColor = (0, 0, 0)
710.7793 	EXP 	responser: foreColor = (0, 0, 0)
710.7960 	EXP 	responser: foreColor = (0, 0, 0)
710.8127 	EXP 	responser: foreColor = (0, 0, 0)
710.8294 	EXP 	responser: foreColor = (0, 0, 0)
710.8460 	EXP 	responser: foreColor = (0, 0, 0)
710.8627 	EXP 	responser: foreColor = (0, 0, 0)
710.8794 	EXP 	responser: foreColor = (0, 0, 0)
710.8960 	EXP 	responser: foreColor = (0, 0, 0)
710.9127 	EXP 	responser: foreColor = (0, 0, 0)
710.9294 	EXP 	responser: foreColor = (0, 0, 0)
710.9460 	EXP 	responser: foreColor = (0, 0, 0)
710.9627 	EXP 	responser: foreColor = (0, 0, 0)
710.9794 	EXP 	responser: foreColor = (0, 0, 0)
710.9960 	EXP 	responser: foreColor = (0, 0, 0)
711.0128 	EXP 	responser: foreColor = (0, 0, 0)
711.0294 	EXP 	responser: foreColor = (0, 0, 0)
711.0461 	EXP 	responser: foreColor = (0, 0, 0)
711.0628 	EXP 	responser: foreColor = (0, 0, 0)
711.0794 	EXP 	responser: foreColor = (0, 0, 0)
711.0961 	EXP 	responser: foreColor = (0, 0, 0)
711.1128 	EXP 	responser: foreColor = (0, 0, 0)
711.1294 	EXP 	responser: foreColor = (0, 0, 0)
711.1461 	EXP 	responser: foreColor = (0, 0, 0)
711.1628 	EXP 	responser: foreColor = (0, 0, 0)
711.1794 	EXP 	responser: foreColor = (0, 0, 0)
711.1961 	EXP 	responser: foreColor = (0, 0, 0)
711.2128 	EXP 	responser: foreColor = (0, 0, 0)
711.2294 	EXP 	responser: foreColor = (0, 0, 0)
711.2461 	EXP 	responser: foreColor = (0, 0, 0)
711.2628 	EXP 	responser: foreColor = (0, 0, 0)
711.2794 	EXP 	responser: foreColor = (0, 0, 0)
711.2961 	EXP 	responser: foreColor = (0, 0, 0)
711.3127 	EXP 	responser: foreColor = (0, 0, 0)
711.3294 	EXP 	responser: foreColor = (0, 0, 0)
711.3461 	EXP 	responser: foreColor = (0, 0, 0)
711.3628 	EXP 	responser: foreColor = (0, 0, 0)
711.3794 	EXP 	responser: foreColor = (0, 0, 0)
711.3961 	EXP 	responser: foreColor = (0, 0, 0)
711.4128 	EXP 	responser: foreColor = (0, 0, 0)
711.4294 	EXP 	responser: foreColor = (0, 0, 0)
711.4461 	EXP 	responser: foreColor = (0, 0, 0)
711.4628 	EXP 	responser: foreColor = (0, 0, 0)
711.4794 	EXP 	responser: foreColor = (0, 0, 0)
711.4961 	EXP 	responser: foreColor = (0, 0, 0)
711.5127 	EXP 	responser: foreColor = (0, 0, 0)
711.5294 	EXP 	responser: foreColor = (0, 0, 0)
711.5461 	EXP 	responser: foreColor = (0, 0, 0)
711.5627 	EXP 	responser: foreColor = (0, 0, 0)
711.5794 	EXP 	responser: foreColor = (0, 0, 0)
711.5961 	EXP 	responser: foreColor = (0, 0, 0)
711.6127 	EXP 	responser: foreColor = (0, 0, 0)
711.6294 	EXP 	responser: foreColor = (0, 0, 0)
711.6461 	EXP 	responser: foreColor = (0, 0, 0)
711.6627 	EXP 	responser: foreColor = (0, 0, 0)
711.6794 	EXP 	responser: foreColor = (0, 0, 0)
711.6961 	EXP 	responser: foreColor = (0, 0, 0)
711.7127 	EXP 	responser: foreColor = (0, 0, 0)
711.7294 	EXP 	responser: foreColor = (0, 0, 0)
711.7461 	EXP 	responser: foreColor = (0, 0, 0)
711.7627 	EXP 	responser: foreColor = (0, 0, 0)
711.7794 	EXP 	responser: foreColor = (0, 0, 0)
711.7961 	EXP 	responser: foreColor = (0, 0, 0)
711.8127 	EXP 	responser: foreColor = (0, 0, 0)
711.8294 	EXP 	responser: foreColor = (0, 0, 0)
711.8461 	EXP 	responser: foreColor = (0, 0, 0)
711.8627 	EXP 	responser: foreColor = (0, 0, 0)
711.8794 	EXP 	responser: foreColor = (0, 0, 0)
711.8961 	EXP 	responser: foreColor = (0, 0, 0)
711.9127 	EXP 	responser: foreColor = (0, 0, 0)
711.9294 	EXP 	responser: foreColor = (0, 0, 0)
711.9461 	EXP 	responser: foreColor = (0, 0, 0)
711.9627 	EXP 	responser: foreColor = (0, 0, 0)
711.9794 	EXP 	responser: foreColor = (0, 0, 0)
711.9961 	EXP 	responser: foreColor = (0, 0, 0)
712.0127 	EXP 	responser: foreColor = (0, 0, 0)
712.0294 	EXP 	responser: foreColor = (0, 0, 0)
712.0461 	EXP 	responser: foreColor = (0, 0, 0)
712.0627 	EXP 	responser: foreColor = (0, 0, 0)
712.0794 	EXP 	responser: foreColor = (0, 0, 0)
712.0961 	EXP 	responser: foreColor = (0, 0, 0)
712.1127 	EXP 	responser: foreColor = (0, 0, 0)
712.1294 	EXP 	responser: foreColor = (0, 0, 0)
712.1461 	EXP 	responser: foreColor = (0, 0, 0)
712.1628 	EXP 	responser: foreColor = (0, 0, 0)
712.1794 	EXP 	responser: foreColor = (0, 0, 0)
712.1961 	EXP 	responser: foreColor = (0, 0, 0)
712.2127 	EXP 	responser: foreColor = (0, 0, 0)
712.2294 	EXP 	responser: foreColor = (0, 0, 0)
712.2461 	EXP 	responser: foreColor = (0, 0, 0)
712.2627 	EXP 	responser: foreColor = (0, 0, 0)
712.2794 	EXP 	responser: foreColor = (0, 0, 0)
712.2961 	EXP 	responser: foreColor = (0, 0, 0)
712.3127 	EXP 	responser: foreColor = (0, 0, 0)
712.3294 	EXP 	responser: foreColor = (0, 0, 0)
712.3461 	EXP 	responser: foreColor = (0, 0, 0)
712.3627 	EXP 	responser: foreColor = (0, 0, 0)
712.3794 	EXP 	responser: foreColor = (0, 0, 0)
712.3961 	EXP 	responser: foreColor = (0, 0, 0)
712.4127 	EXP 	responser: foreColor = (0, 0, 0)
712.4294 	EXP 	responser: foreColor = (0, 0, 0)
712.4461 	EXP 	responser: foreColor = (0, 0, 0)
712.4627 	EXP 	responser: foreColor = (0, 0, 0)
712.4794 	EXP 	responser: foreColor = (0, 0, 0)
712.4961 	EXP 	responser: foreColor = (0, 0, 0)
712.5127 	EXP 	responser: foreColor = (0, 0, 0)
712.5294 	EXP 	responser: foreColor = (0, 0, 0)
712.5461 	EXP 	responser: foreColor = (0, 0, 0)
712.5627 	EXP 	responser: foreColor = (0, 0, 0)
712.5794 	EXP 	responser: foreColor = (0, 0, 0)
712.5961 	EXP 	responser: foreColor = (0, 0, 0)
712.6128 	EXP 	responser: foreColor = (0, 0, 0)
712.6294 	EXP 	responser: foreColor = (0, 0, 0)
712.6461 	EXP 	responser: foreColor = (0, 0, 0)
712.6627 	EXP 	responser: foreColor = (0, 0, 0)
712.6794 	EXP 	responser: foreColor = (0, 0, 0)
712.6961 	EXP 	responser: foreColor = (0, 0, 0)
712.7127 	EXP 	responser: foreColor = (0, 0, 0)
712.7294 	EXP 	responser: foreColor = (0, 0, 0)
712.7461 	EXP 	responser: foreColor = (0, 0, 0)
712.7627 	EXP 	responser: foreColor = (0, 0, 0)
712.7794 	EXP 	responser: foreColor = (0, 0, 0)
712.7961 	EXP 	responser: foreColor = (0, 0, 0)
712.8127 	EXP 	responser: foreColor = (0, 0, 0)
712.8294 	EXP 	responser: foreColor = (0, 0, 0)
712.8461 	EXP 	responser: foreColor = (0, 0, 0)
712.8628 	EXP 	responser: foreColor = (0, 0, 0)
712.8794 	EXP 	responser: foreColor = (0, 0, 0)
712.8961 	EXP 	responser: foreColor = (0, 0, 0)
712.9128 	EXP 	responser: foreColor = (0, 0, 0)
712.9294 	EXP 	responser: foreColor = (0, 0, 0)
712.9461 	EXP 	responser: foreColor = (0, 0, 0)
712.9627 	EXP 	responser: foreColor = (0, 0, 0)
712.9794 	EXP 	responser: foreColor = (0, 0, 0)
712.9961 	EXP 	responser: foreColor = (0, 0, 0)
713.0128 	EXP 	responser: foreColor = (0, 0, 0)
713.0294 	EXP 	responser: foreColor = (0, 0, 0)
713.0461 	EXP 	responser: foreColor = (0, 0, 0)
713.0628 	EXP 	responser: foreColor = (0, 0, 0)
713.0795 	EXP 	responser: foreColor = (0, 0, 0)
713.0961 	EXP 	responser: foreColor = (0, 0, 0)
713.1127 	EXP 	responser: foreColor = (0, 0, 0)
713.1294 	EXP 	responser: foreColor = (0, 0, 0)
713.1461 	EXP 	responser: foreColor = (0, 0, 0)
713.1627 	EXP 	responser: foreColor = (0, 0, 0)
713.1794 	EXP 	responser: foreColor = (0, 0, 0)
713.1961 	EXP 	responser: foreColor = (0, 0, 0)
713.2128 	EXP 	responser: foreColor = (0, 0, 0)
713.2128 	EXP 	thermode_locali_pic: autoDraw = False
713.2294 	EXP 	responser: foreColor = (0, 0, 0)
713.2299 	EXP 	New trial (rep=2, index=0): None
713.2461 	EXP 	responser: foreColor = (0, 0, 0)
713.2461 	EXP 	responsel: autoDraw = False
713.2461 	EXP 	percu_or: autoDraw = False
713.2461 	EXP 	responser: autoDraw = False
713.2461 	EXP 	thermode_locali_pic: autoDraw = False
713.2461 	EXP 	responsel: autoDraw = False
713.2461 	EXP 	percu_or: autoDraw = False
713.2461 	EXP 	responser: autoDraw = False
713.2461 	EXP 	responsel: foreColor = 'white'
713.2461 	EXP 	responser: foreColor = 'white'
713.2461 	EXP 	text_pic: autoDraw = True
713.2461 	EXP 	croix_3: autoDraw = True
718.2462 	EXP 	text_pic: autoDraw = False
718.2462 	EXP 	croix_3: autoDraw = False
718.2462 	EXP 	text_pic: autoDraw = False
718.2462 	EXP 	croix_3: autoDraw = False
718.2462 	EXP 	thermode_locali_pic: height = 0.02
718.2462 	EXP 	thermode_locali_pic: height = 0.02
718.2462 	EXP 	thermode_locali_pic: height = 0.02
718.2462 	EXP 	thermode_locali_pic: text = 'T : 2'
718.2462 	EXP 	responsel: text = 'OUI              '
718.2462 	EXP 	thermode_locali_pic: autoDraw = True
726.2297 	EXP 	responsel: autoDraw = True
726.2297 	EXP 	percu_or: autoDraw = True
726.2297 	EXP 	responser: autoDraw = True
727.6143 	DATA 	Keypress: m
727.6463 	EXP 	responsel: foreColor = (0, 0, 0)
727.6630 	EXP 	responsel: foreColor = (0, 0, 0)
727.6797 	EXP 	responsel: foreColor = (0, 0, 0)
727.6963 	EXP 	responsel: foreColor = (0, 0, 0)
727.7130 	EXP 	responsel: foreColor = (0, 0, 0)
727.7297 	EXP 	responsel: foreColor = (0, 0, 0)
727.7463 	EXP 	responsel: foreColor = (0, 0, 0)
727.7630 	EXP 	responsel: foreColor = (0, 0, 0)
727.7797 	EXP 	responsel: foreColor = (0, 0, 0)
727.7963 	EXP 	responsel: foreColor = (0, 0, 0)
727.8130 	EXP 	responsel: foreColor = (0, 0, 0)
727.8297 	EXP 	responsel: foreColor = (0, 0, 0)
727.8463 	EXP 	responsel: foreColor = (0, 0, 0)
727.8630 	EXP 	responsel: foreColor = (0, 0, 0)
727.8797 	EXP 	responsel: foreColor = (0, 0, 0)
727.8963 	EXP 	responsel: foreColor = (0, 0, 0)
727.9130 	EXP 	responsel: foreColor = (0, 0, 0)
727.9297 	EXP 	responsel: foreColor = (0, 0, 0)
727.9463 	EXP 	responsel: foreColor = (0, 0, 0)
727.9630 	EXP 	responsel: foreColor = (0, 0, 0)
727.9797 	EXP 	responsel: foreColor = (0, 0, 0)
727.9963 	EXP 	responsel: foreColor = (0, 0, 0)
728.0130 	EXP 	responsel: foreColor = (0, 0, 0)
728.0297 	EXP 	responsel: foreColor = (0, 0, 0)
728.0463 	EXP 	responsel: foreColor = (0, 0, 0)
728.0630 	EXP 	responsel: foreColor = (0, 0, 0)
728.0797 	EXP 	responsel: foreColor = (0, 0, 0)
728.0963 	EXP 	responsel: foreColor = (0, 0, 0)
728.1130 	EXP 	responsel: foreColor = (0, 0, 0)
728.1297 	EXP 	responsel: foreColor = (0, 0, 0)
728.1463 	EXP 	responsel: foreColor = (0, 0, 0)
728.1630 	EXP 	responsel: foreColor = (0, 0, 0)
728.1797 	EXP 	responsel: foreColor = (0, 0, 0)
728.1963 	EXP 	responsel: foreColor = (0, 0, 0)
728.2130 	EXP 	responsel: foreColor = (0, 0, 0)
728.2297 	EXP 	responsel: foreColor = (0, 0, 0)
728.2463 	EXP 	responsel: foreColor = (0, 0, 0)
728.2630 	EXP 	responsel: foreColor = (0, 0, 0)
728.2796 	EXP 	responsel: foreColor = (0, 0, 0)
728.2963 	EXP 	responsel: foreColor = (0, 0, 0)
728.3130 	EXP 	responsel: foreColor = (0, 0, 0)
728.3297 	EXP 	responsel: foreColor = (0, 0, 0)
728.3463 	EXP 	responsel: foreColor = (0, 0, 0)
728.3630 	EXP 	responsel: foreColor = (0, 0, 0)
728.3797 	EXP 	responsel: foreColor = (0, 0, 0)
728.3963 	EXP 	responsel: foreColor = (0, 0, 0)
728.4130 	EXP 	responsel: foreColor = (0, 0, 0)
728.4297 	EXP 	responsel: foreColor = (0, 0, 0)
728.4463 	EXP 	responsel: foreColor = (0, 0, 0)
728.4630 	EXP 	responsel: foreColor = (0, 0, 0)
728.4797 	EXP 	responsel: foreColor = (0, 0, 0)
728.4963 	EXP 	responsel: foreColor = (0, 0, 0)
728.5130 	EXP 	responsel: foreColor = (0, 0, 0)
728.5297 	EXP 	responsel: foreColor = (0, 0, 0)
728.5463 	EXP 	responsel: foreColor = (0, 0, 0)
728.5630 	EXP 	responsel: foreColor = (0, 0, 0)
728.5797 	EXP 	responsel: foreColor = (0, 0, 0)
728.5964 	EXP 	responsel: foreColor = (0, 0, 0)
728.6130 	EXP 	responsel: foreColor = (0, 0, 0)
728.6297 	EXP 	responsel: foreColor = (0, 0, 0)
728.6464 	EXP 	responsel: foreColor = (0, 0, 0)
728.6630 	EXP 	responsel: foreColor = (0, 0, 0)
728.6797 	EXP 	responsel: foreColor = (0, 0, 0)
728.6964 	EXP 	responsel: foreColor = (0, 0, 0)
728.7130 	EXP 	responsel: foreColor = (0, 0, 0)
728.7297 	EXP 	responsel: foreColor = (0, 0, 0)
728.7463 	EXP 	responsel: foreColor = (0, 0, 0)
728.7630 	EXP 	responsel: foreColor = (0, 0, 0)
728.7797 	EXP 	responsel: foreColor = (0, 0, 0)
728.7963 	EXP 	responsel: foreColor = (0, 0, 0)
728.8130 	EXP 	responsel: foreColor = (0, 0, 0)
728.8297 	EXP 	responsel: foreColor = (0, 0, 0)
728.8464 	EXP 	responsel: foreColor = (0, 0, 0)
728.8630 	EXP 	responsel: foreColor = (0, 0, 0)
728.8796 	EXP 	responsel: foreColor = (0, 0, 0)
728.8964 	EXP 	responsel: foreColor = (0, 0, 0)
728.9130 	EXP 	responsel: foreColor = (0, 0, 0)
728.9297 	EXP 	responsel: foreColor = (0, 0, 0)
728.9464 	EXP 	responsel: foreColor = (0, 0, 0)
728.9630 	EXP 	responsel: foreColor = (0, 0, 0)
728.9797 	EXP 	responsel: foreColor = (0, 0, 0)
728.9964 	EXP 	responsel: foreColor = (0, 0, 0)
729.0130 	EXP 	responsel: foreColor = (0, 0, 0)
729.0297 	EXP 	responsel: foreColor = (0, 0, 0)
729.0464 	EXP 	responsel: foreColor = (0, 0, 0)
729.0630 	EXP 	responsel: foreColor = (0, 0, 0)
729.0797 	EXP 	responsel: foreColor = (0, 0, 0)
729.0964 	EXP 	responsel: foreColor = (0, 0, 0)
729.1130 	EXP 	responsel: foreColor = (0, 0, 0)
729.1297 	EXP 	responsel: foreColor = (0, 0, 0)
729.1464 	EXP 	responsel: foreColor = (0, 0, 0)
729.1630 	EXP 	responsel: foreColor = (0, 0, 0)
729.1797 	EXP 	responsel: foreColor = (0, 0, 0)
729.1964 	EXP 	responsel: foreColor = (0, 0, 0)
729.1964 	EXP 	thermode_locali_pic: autoDraw = False
729.2130 	EXP 	responsel: foreColor = (0, 0, 0)
729.2135 	EXP 	New trial (rep=3, index=0): None
729.2297 	EXP 	responsel: foreColor = (0, 0, 0)
729.2297 	EXP 	responsel: autoDraw = False
729.2297 	EXP 	percu_or: autoDraw = False
729.2297 	EXP 	responser: autoDraw = False
729.2297 	EXP 	thermode_locali_pic: autoDraw = False
729.2297 	EXP 	responsel: autoDraw = False
729.2297 	EXP 	percu_or: autoDraw = False
729.2297 	EXP 	responser: autoDraw = False
729.2297 	EXP 	responsel: foreColor = 'white'
729.2297 	EXP 	responser: foreColor = 'white'
729.2297 	EXP 	text_pic: autoDraw = True
729.2297 	EXP 	croix_3: autoDraw = True
734.2298 	EXP 	text_pic: autoDraw = False
734.2298 	EXP 	croix_3: autoDraw = False
734.2298 	EXP 	text_pic: autoDraw = False
734.2298 	EXP 	croix_3: autoDraw = False
734.2298 	EXP 	thermode_locali_pic: height = 0.02
734.2298 	EXP 	thermode_locali_pic: height = 0.02
734.2298 	EXP 	thermode_locali_pic: height = 0.02
734.2298 	EXP 	thermode_locali_pic: text = 'T : 3'
734.2298 	EXP 	responsel: text = 'OUI              '
734.2298 	EXP 	thermode_locali_pic: autoDraw = True
742.2131 	EXP 	responsel: autoDraw = True
742.2131 	EXP 	percu_or: autoDraw = True
742.2131 	EXP 	responser: autoDraw = True
742.7976 	DATA 	Keypress: m
742.8298 	EXP 	responsel: foreColor = (0, 0, 0)
742.8464 	EXP 	responsel: foreColor = (0, 0, 0)
742.8631 	EXP 	responsel: foreColor = (0, 0, 0)
742.8798 	EXP 	responsel: foreColor = (0, 0, 0)
742.8964 	EXP 	responsel: foreColor = (0, 0, 0)
742.9131 	EXP 	responsel: foreColor = (0, 0, 0)
742.9298 	EXP 	responsel: foreColor = (0, 0, 0)
742.9464 	EXP 	responsel: foreColor = (0, 0, 0)
742.9631 	EXP 	responsel: foreColor = (0, 0, 0)
742.9798 	EXP 	responsel: foreColor = (0, 0, 0)
742.9964 	EXP 	responsel: foreColor = (0, 0, 0)
743.0131 	EXP 	responsel: foreColor = (0, 0, 0)
743.0298 	EXP 	responsel: foreColor = (0, 0, 0)
743.0464 	EXP 	responsel: foreColor = (0, 0, 0)
743.0631 	EXP 	responsel: foreColor = (0, 0, 0)
743.0798 	EXP 	responsel: foreColor = (0, 0, 0)
743.0964 	EXP 	responsel: foreColor = (0, 0, 0)
743.1131 	EXP 	responsel: foreColor = (0, 0, 0)
743.1298 	EXP 	responsel: foreColor = (0, 0, 0)
743.1464 	EXP 	responsel: foreColor = (0, 0, 0)
743.1631 	EXP 	responsel: foreColor = (0, 0, 0)
743.1798 	EXP 	responsel: foreColor = (0, 0, 0)
743.1964 	EXP 	responsel: foreColor = (0, 0, 0)
743.2131 	EXP 	responsel: foreColor = (0, 0, 0)
743.2298 	EXP 	responsel: foreColor = (0, 0, 0)
743.2464 	EXP 	responsel: foreColor = (0, 0, 0)
743.2631 	EXP 	responsel: foreColor = (0, 0, 0)
743.2798 	EXP 	responsel: foreColor = (0, 0, 0)
743.2964 	EXP 	responsel: foreColor = (0, 0, 0)
743.3131 	EXP 	responsel: foreColor = (0, 0, 0)
743.3298 	EXP 	responsel: foreColor = (0, 0, 0)
743.3464 	EXP 	responsel: foreColor = (0, 0, 0)
743.3631 	EXP 	responsel: foreColor = (0, 0, 0)
743.3798 	EXP 	responsel: foreColor = (0, 0, 0)
743.3965 	EXP 	responsel: foreColor = (0, 0, 0)
743.4131 	EXP 	responsel: foreColor = (0, 0, 0)
743.4298 	EXP 	responsel: foreColor = (0, 0, 0)
743.4465 	EXP 	responsel: foreColor = (0, 0, 0)
743.4631 	EXP 	responsel: foreColor = (0, 0, 0)
743.4798 	EXP 	responsel: foreColor = (0, 0, 0)
743.4965 	EXP 	responsel: foreColor = (0, 0, 0)
743.5131 	EXP 	responsel: foreColor = (0, 0, 0)
743.5298 	EXP 	responsel: foreColor = (0, 0, 0)
743.5465 	EXP 	responsel: foreColor = (0, 0, 0)
743.5631 	EXP 	responsel: foreColor = (0, 0, 0)
743.5798 	EXP 	responsel: foreColor = (0, 0, 0)
743.5964 	EXP 	responsel: foreColor = (0, 0, 0)
743.6131 	EXP 	responsel: foreColor = (0, 0, 0)
743.6298 	EXP 	responsel: foreColor = (0, 0, 0)
743.6464 	EXP 	responsel: foreColor = (0, 0, 0)
743.6631 	EXP 	responsel: foreColor = (0, 0, 0)
743.6798 	EXP 	responsel: foreColor = (0, 0, 0)
743.6964 	EXP 	responsel: foreColor = (0, 0, 0)
743.7131 	EXP 	responsel: foreColor = (0, 0, 0)
743.7298 	EXP 	responsel: foreColor = (0, 0, 0)
743.7466 	EXP 	responsel: foreColor = (0, 0, 0)
743.7631 	EXP 	responsel: foreColor = (0, 0, 0)
743.7797 	EXP 	responsel: foreColor = (0, 0, 0)
743.7964 	EXP 	responsel: foreColor = (0, 0, 0)
743.8131 	EXP 	responsel: foreColor = (0, 0, 0)
743.8297 	EXP 	responsel: foreColor = (0, 0, 0)
743.8464 	EXP 	responsel: foreColor = (0, 0, 0)
743.8632 	EXP 	responsel: foreColor = (0, 0, 0)
743.8798 	EXP 	responsel: foreColor = (0, 0, 0)
743.8964 	EXP 	responsel: foreColor = (0, 0, 0)
743.9131 	EXP 	responsel: foreColor = (0, 0, 0)
743.9298 	EXP 	responsel: foreColor = (0, 0, 0)
743.9465 	EXP 	responsel: foreColor = (0, 0, 0)
743.9631 	EXP 	responsel: foreColor = (0, 0, 0)
743.9798 	EXP 	responsel: foreColor = (0, 0, 0)
743.9964 	EXP 	responsel: foreColor = (0, 0, 0)
744.0131 	EXP 	responsel: foreColor = (0, 0, 0)
744.0298 	EXP 	responsel: foreColor = (0, 0, 0)
744.0464 	EXP 	responsel: foreColor = (0, 0, 0)
744.0631 	EXP 	responsel: foreColor = (0, 0, 0)
744.0798 	EXP 	responsel: foreColor = (0, 0, 0)
744.0964 	EXP 	responsel: foreColor = (0, 0, 0)
744.1131 	EXP 	responsel: foreColor = (0, 0, 0)
744.1298 	EXP 	responsel: foreColor = (0, 0, 0)
744.1465 	EXP 	responsel: foreColor = (0, 0, 0)
744.1631 	EXP 	responsel: foreColor = (0, 0, 0)
744.1798 	EXP 	responsel: foreColor = (0, 0, 0)
744.1964 	EXP 	responsel: foreColor = (0, 0, 0)
744.2131 	EXP 	responsel: foreColor = (0, 0, 0)
744.2297 	EXP 	responsel: foreColor = (0, 0, 0)
744.2464 	EXP 	responsel: foreColor = (0, 0, 0)
744.2631 	EXP 	responsel: foreColor = (0, 0, 0)
744.2797 	EXP 	responsel: foreColor = (0, 0, 0)
744.2964 	EXP 	responsel: foreColor = (0, 0, 0)
744.3131 	EXP 	responsel: foreColor = (0, 0, 0)
744.3297 	EXP 	responsel: foreColor = (0, 0, 0)
744.3464 	EXP 	responsel: foreColor = (0, 0, 0)
744.3631 	EXP 	responsel: foreColor = (0, 0, 0)
744.3797 	EXP 	responsel: foreColor = (0, 0, 0)
744.3964 	EXP 	responsel: foreColor = (0, 0, 0)
744.4131 	EXP 	responsel: foreColor = (0, 0, 0)
744.4297 	EXP 	responsel: foreColor = (0, 0, 0)
744.4464 	EXP 	responsel: foreColor = (0, 0, 0)
744.4631 	EXP 	responsel: foreColor = (0, 0, 0)
744.4797 	EXP 	responsel: foreColor = (0, 0, 0)
744.4964 	EXP 	responsel: foreColor = (0, 0, 0)
744.5131 	EXP 	responsel: foreColor = (0, 0, 0)
744.5297 	EXP 	responsel: foreColor = (0, 0, 0)
744.5464 	EXP 	responsel: foreColor = (0, 0, 0)
744.5631 	EXP 	responsel: foreColor = (0, 0, 0)
744.5797 	EXP 	responsel: foreColor = (0, 0, 0)
744.5964 	EXP 	responsel: foreColor = (0, 0, 0)
744.6131 	EXP 	responsel: foreColor = (0, 0, 0)
744.6297 	EXP 	responsel: foreColor = (0, 0, 0)
744.6464 	EXP 	responsel: foreColor = (0, 0, 0)
744.6631 	EXP 	responsel: foreColor = (0, 0, 0)
744.6797 	EXP 	responsel: foreColor = (0, 0, 0)
744.6964 	EXP 	responsel: foreColor = (0, 0, 0)
744.7131 	EXP 	responsel: foreColor = (0, 0, 0)
744.7297 	EXP 	responsel: foreColor = (0, 0, 0)
744.7464 	EXP 	responsel: foreColor = (0, 0, 0)
744.7631 	EXP 	responsel: foreColor = (0, 0, 0)
744.7797 	EXP 	responsel: foreColor = (0, 0, 0)
744.7965 	EXP 	responsel: foreColor = (0, 0, 0)
744.8131 	EXP 	responsel: foreColor = (0, 0, 0)
744.8297 	EXP 	responsel: foreColor = (0, 0, 0)
744.8465 	EXP 	responsel: foreColor = (0, 0, 0)
744.8631 	EXP 	responsel: foreColor = (0, 0, 0)
744.8797 	EXP 	responsel: foreColor = (0, 0, 0)
744.8965 	EXP 	responsel: foreColor = (0, 0, 0)
744.9131 	EXP 	responsel: foreColor = (0, 0, 0)
744.9297 	EXP 	responsel: foreColor = (0, 0, 0)
744.9465 	EXP 	responsel: foreColor = (0, 0, 0)
744.9631 	EXP 	responsel: foreColor = (0, 0, 0)
744.9797 	EXP 	responsel: foreColor = (0, 0, 0)
744.9964 	EXP 	responsel: foreColor = (0, 0, 0)
745.0131 	EXP 	responsel: foreColor = (0, 0, 0)
745.0298 	EXP 	responsel: foreColor = (0, 0, 0)
745.0464 	EXP 	responsel: foreColor = (0, 0, 0)
745.0631 	EXP 	responsel: foreColor = (0, 0, 0)
745.0797 	EXP 	responsel: foreColor = (0, 0, 0)
745.0964 	EXP 	responsel: foreColor = (0, 0, 0)
745.1131 	EXP 	responsel: foreColor = (0, 0, 0)
745.1298 	EXP 	responsel: foreColor = (0, 0, 0)
745.1464 	EXP 	responsel: foreColor = (0, 0, 0)
745.1631 	EXP 	responsel: foreColor = (0, 0, 0)
745.1798 	EXP 	responsel: foreColor = (0, 0, 0)
745.1798 	EXP 	thermode_locali_pic: autoDraw = False
745.1964 	EXP 	responsel: foreColor = (0, 0, 0)
745.1969 	EXP 	New trial (rep=2, index=0): None
745.2131 	EXP 	responsel: foreColor = (0, 0, 0)
745.2131 	EXP 	responsel: autoDraw = False
745.2131 	EXP 	percu_or: autoDraw = False
745.2131 	EXP 	responser: autoDraw = False
745.2131 	EXP 	thermode_locali_pic: autoDraw = False
745.2131 	EXP 	responsel: autoDraw = False
745.2131 	EXP 	percu_or: autoDraw = False
745.2131 	EXP 	responser: autoDraw = False
745.2131 	EXP 	responsel: foreColor = 'white'
745.2131 	EXP 	responser: foreColor = 'white'
745.2131 	EXP 	text_7: autoDraw = True
746.3800 	EXP 	Created sequence: random, trialTypes=1, nReps=2, seed=None
746.3801 	EXP 	New trial (rep=0, index=0): None
746.3818 	DATA 	Keypress: p
746.3964 	EXP 	text_7: autoDraw = False
746.3964 	EXP 	text_eva: autoDraw = True
746.3964 	EXP 	croix_2: autoDraw = True
751.3966 	EXP 	text_eva: autoDraw = False
751.3966 	EXP 	croix_2: autoDraw = False
751.3966 	EXP 	thermode_locali_EVA: autoDraw = True
763.3803 	EXP 	window1: mouseVisible = True
763.3812 	EXP 	Created unnamed Rect = Rect(__class__=<class 'psychopy.visual.rect.Rect'>, anchor=('center', 'center'), autoDraw=False, autoLog=True, closeShape=True, color=method-wrapper(...), colorSpace='rgb', contrast=None, depth=0, draggable=False, fillColor=array([1, 1, 1]), fillColorSpace='rgb', fillRGB=array([1, 1, 1]), interpolate=True, lineColor=array([1., 1., 1.]), lineColorSpace='rgb', lineRGB=array([1, 1, 1]), lineWidth=1.5, name='unnamed Rect', opacity=1.0, ori=0.0, pos=array([0., 0.]), size=array([0.01, 0.1 ]), units='norm', vertices=ndarray(...), win=Window(...))
763.3813 	EXP 	window1: mouseVisible = True
763.3814 	EXP 	window1: mouseVisible = True
763.3819 	EXP 	window1: mouseVisible = True
763.3830 	EXP 	window1: mouseVisible = True
763.3841 	EXP 	window1: mouseVisible = True
763.3842 	EXP 	window1: mouseVisible = True
763.3844 	EXP 	window1: mouseVisible = True
763.3846 	EXP 	window1: mouseVisible = True
763.3848 	EXP 	window1: mouseVisible = True
763.3849 	EXP 	window1: mouseVisible = True
763.3851 	EXP 	window1: mouseVisible = True
763.3852 	EXP 	window1: mouseVisible = True
763.3853 	EXP 	window1: mouseVisible = True
763.3855 	EXP 	window1: mouseVisible = True
763.3856 	EXP 	window1: mouseVisible = True
763.3857 	EXP 	window1: mouseVisible = True
763.3859 	EXP 	window1: mouseVisible = True
763.3860 	EXP 	window1: mouseVisible = True
763.3861 	EXP 	window1: mouseVisible = True
763.3863 	EXP 	window1: mouseVisible = True
763.3864 	EXP 	window1: mouseVisible = True
763.3865 	EXP 	window1: mouseVisible = True
763.3866 	EXP 	window1: mouseVisible = True
763.3868 	EXP 	window1: mouseVisible = True
763.3869 	EXP 	window1: mouseVisible = True
763.3870 	EXP 	window1: mouseVisible = True
763.3872 	EXP 	window1: mouseVisible = True
763.3873 	EXP 	window1: mouseVisible = True
763.3874 	EXP 	window1: mouseVisible = True
763.3875 	EXP 	window1: mouseVisible = True
763.3877 	EXP 	window1: mouseVisible = True
763.3878 	EXP 	window1: mouseVisible = True
763.3879 	EXP 	window1: mouseVisible = True
763.3881 	EXP 	window1: mouseVisible = True
763.3882 	EXP 	window1: mouseVisible = True
763.3883 	EXP 	window1: mouseVisible = True
763.3884 	EXP 	window1: mouseVisible = True
763.3886 	EXP 	window1: mouseVisible = True
763.3887 	EXP 	window1: mouseVisible = True
763.3888 	EXP 	window1: mouseVisible = True
763.3889 	EXP 	window1: mouseVisible = True
763.3891 	EXP 	window1: mouseVisible = True
763.3894 	EXP 	window1: mouseVisible = True
763.3896 	EXP 	window1: mouseVisible = True
763.3899 	EXP 	window1: mouseVisible = True
763.3900 	EXP 	window1: mouseVisible = True
763.3901 	EXP 	window1: mouseVisible = True
763.3903 	EXP 	window1: mouseVisible = True
763.3904 	EXP 	window1: mouseVisible = True
763.3905 	EXP 	window1: mouseVisible = True
763.3906 	EXP 	window1: mouseVisible = True
763.3908 	EXP 	window1: mouseVisible = True
763.3909 	EXP 	window1: mouseVisible = True
763.3910 	EXP 	window1: mouseVisible = True
763.3911 	EXP 	window1: mouseVisible = True
763.3913 	EXP 	window1: mouseVisible = True
763.3914 	EXP 	window1: mouseVisible = True
763.3915 	EXP 	window1: mouseVisible = True
763.3916 	EXP 	window1: mouseVisible = True
763.3918 	EXP 	window1: mouseVisible = True
763.3919 	EXP 	window1: mouseVisible = True
763.3920 	EXP 	window1: mouseVisible = True
763.3921 	EXP 	window1: mouseVisible = True
763.3923 	EXP 	window1: mouseVisible = True
763.3924 	EXP 	window1: mouseVisible = True
763.3925 	EXP 	window1: mouseVisible = True
763.3927 	EXP 	window1: mouseVisible = True
763.3928 	EXP 	window1: mouseVisible = True
763.3929 	EXP 	window1: mouseVisible = True
763.3930 	EXP 	window1: mouseVisible = True
763.3931 	EXP 	window1: mouseVisible = True
763.3933 	EXP 	window1: mouseVisible = True
763.3934 	EXP 	window1: mouseVisible = True
763.3936 	EXP 	window1: mouseVisible = True
763.3937 	EXP 	window1: mouseVisible = True
763.3938 	EXP 	window1: mouseVisible = True
763.3939 	EXP 	window1: mouseVisible = True
763.3941 	EXP 	window1: mouseVisible = True
763.3942 	EXP 	window1: mouseVisible = True
763.3943 	EXP 	window1: mouseVisible = True
763.3944 	EXP 	window1: mouseVisible = True
763.3946 	EXP 	window1: mouseVisible = True
763.3947 	EXP 	window1: mouseVisible = True
763.3948 	EXP 	window1: mouseVisible = True
763.3949 	EXP 	window1: mouseVisible = True
763.3951 	EXP 	window1: mouseVisible = True
763.3952 	EXP 	window1: mouseVisible = True
763.3953 	EXP 	window1: mouseVisible = True
763.3954 	EXP 	window1: mouseVisible = True
763.3956 	EXP 	window1: mouseVisible = True
763.3957 	EXP 	window1: mouseVisible = True
763.3958 	EXP 	window1: mouseVisible = True
763.3960 	EXP 	window1: mouseVisible = True
763.3961 	EXP 	window1: mouseVisible = True
763.3962 	EXP 	window1: mouseVisible = True
763.3963 	EXP 	window1: mouseVisible = True
763.3965 	EXP 	window1: mouseVisible = True
763.3966 	EXP 	window1: mouseVisible = True
763.3967 	EXP 	window1: mouseVisible = True
763.3968 	EXP 	window1: mouseVisible = True
763.3970 	EXP 	window1: mouseVisible = True
763.3971 	EXP 	window1: mouseVisible = True
763.3972 	EXP 	window1: mouseVisible = True
763.3974 	EXP 	window1: mouseVisible = True
763.3994 	EXP 	Created ratingScale = RatingScale(__class__=type(...), acceptKeys=['return'], acceptPreText=UNKNOWN, acceptSize=UNKNOWN, acceptText=UNKNOWN, autoLog=True, choices=False, colorSpace='rgb', depth=0, disappear=False, flipVert=False, high=100, kwargs=UNKNOWN, labels=list(...), leftKeys=['left'], lineColor=(255, 255, 255), low=0, marker=Rect(...), markerColor=(255, 255, 255), markerExpansion=UNKNOWN, markerStart=0.5, maxTime=0.0, minTime=0.4, mouseOnly=False, name='ratingScale', noMouse=False, pos=[0.0, 0.0], precision=100, respKeys=[], rightKeys=['right'], scale=None, self=UNKNOWN, showAccept=False, showValue=False, singleClick=False, size=0.6, skipKeys=['tab'], stretch=2.0, textColor='white', textFont='Helvetica Bold', textSize=0.144, tickHeight=0, tickMarks=10.0, win=Window(...))
763.3994 	EXP 	RatingScale ratingScale: reset()
763.4015 	EXP 	window1: mouseVisible = False
763.4134 	EXP 	thermode_locali_EVA: autoDraw = False
763.4134 	EXP 	ratingScale: flipVert = False
763.4134 	EXP 	ratingScale: autoLog = True
763.4149 	EXP 	window1: mouseVisible = False
763.4318 	EXP 	window1: mouseVisible = False
763.4482 	EXP 	window1: mouseVisible = False
763.4648 	EXP 	window1: mouseVisible = False
763.4815 	EXP 	window1: mouseVisible = False
763.4981 	EXP 	window1: mouseVisible = False
763.5148 	EXP 	window1: mouseVisible = False
763.5318 	EXP 	window1: mouseVisible = False
763.5482 	EXP 	window1: mouseVisible = False
763.5648 	EXP 	window1: mouseVisible = False
763.5815 	EXP 	window1: mouseVisible = False
763.5981 	EXP 	window1: mouseVisible = False
763.6153 	EXP 	window1: mouseVisible = False
763.6316 	EXP 	window1: mouseVisible = False
763.6482 	EXP 	window1: mouseVisible = False
763.6648 	EXP 	window1: mouseVisible = False
763.6815 	EXP 	window1: mouseVisible = False
763.6983 	EXP 	window1: mouseVisible = False
763.7152 	EXP 	window1: mouseVisible = False
763.7317 	EXP 	window1: mouseVisible = False
763.7480 	EXP 	window1: mouseVisible = False
763.7647 	EXP 	window1: mouseVisible = False
763.7814 	EXP 	window1: mouseVisible = False
763.7980 	EXP 	window1: mouseVisible = False
763.8146 	EXP 	window1: mouseVisible = False
763.8314 	EXP 	window1: mouseVisible = False
763.8480 	EXP 	window1: mouseVisible = False
763.8647 	EXP 	window1: mouseVisible = False
763.8814 	EXP 	window1: mouseVisible = False
763.8980 	EXP 	window1: mouseVisible = False
763.9147 	EXP 	window1: mouseVisible = False
763.9317 	EXP 	window1: mouseVisible = False
763.9480 	EXP 	window1: mouseVisible = False
763.9647 	EXP 	window1: mouseVisible = False
763.9814 	EXP 	window1: mouseVisible = False
763.9981 	EXP 	window1: mouseVisible = False
764.0147 	EXP 	window1: mouseVisible = False
764.0319 	EXP 	window1: mouseVisible = False
764.0477 	DATA 	Keypress: m
764.0482 	EXP 	window1: mouseVisible = False
764.0648 	EXP 	window1: mouseVisible = False
764.0815 	EXP 	window1: mouseVisible = False
764.0982 	EXP 	window1: mouseVisible = False
764.1148 	EXP 	window1: mouseVisible = False
764.1314 	EXP 	window1: mouseVisible = False
764.1481 	EXP 	window1: mouseVisible = False
764.1648 	EXP 	window1: mouseVisible = False
764.1815 	EXP 	window1: mouseVisible = False
764.1985 	EXP 	window1: mouseVisible = False
764.2148 	EXP 	window1: mouseVisible = False
764.2315 	EXP 	window1: mouseVisible = False
764.2481 	EXP 	window1: mouseVisible = False
764.2648 	EXP 	window1: mouseVisible = False
764.2815 	EXP 	window1: mouseVisible = False
764.2982 	EXP 	window1: mouseVisible = False
764.3148 	EXP 	window1: mouseVisible = False
764.3315 	EXP 	window1: mouseVisible = False
764.3482 	EXP 	window1: mouseVisible = False
764.3648 	EXP 	window1: mouseVisible = False
764.3815 	EXP 	window1: mouseVisible = False
764.3983 	EXP 	window1: mouseVisible = False
764.4148 	EXP 	window1: mouseVisible = False
764.4317 	EXP 	window1: mouseVisible = False
764.4482 	EXP 	window1: mouseVisible = False
764.4648 	EXP 	window1: mouseVisible = False
764.4815 	EXP 	window1: mouseVisible = False
764.4982 	EXP 	window1: mouseVisible = False
764.5148 	EXP 	window1: mouseVisible = False
764.5318 	EXP 	window1: mouseVisible = False
764.5482 	EXP 	window1: mouseVisible = False
764.5649 	EXP 	window1: mouseVisible = False
764.5817 	EXP 	window1: mouseVisible = False
764.5981 	EXP 	window1: mouseVisible = False
764.6148 	EXP 	window1: mouseVisible = False
764.6314 	EXP 	window1: mouseVisible = False
764.6481 	EXP 	window1: mouseVisible = False
764.6647 	EXP 	window1: mouseVisible = False
764.6814 	EXP 	window1: mouseVisible = False
764.6982 	EXP 	window1: mouseVisible = False
764.7148 	EXP 	window1: mouseVisible = False
764.7317 	EXP 	window1: mouseVisible = False
764.7481 	EXP 	window1: mouseVisible = False
764.7647 	EXP 	window1: mouseVisible = False
764.7816 	EXP 	window1: mouseVisible = False
764.7980 	EXP 	window1: mouseVisible = False
764.8148 	EXP 	window1: mouseVisible = False
764.8313 	EXP 	window1: mouseVisible = False
764.8481 	EXP 	window1: mouseVisible = False
764.8647 	EXP 	window1: mouseVisible = False
764.8815 	EXP 	window1: mouseVisible = False
764.8981 	EXP 	window1: mouseVisible = False
764.9147 	EXP 	window1: mouseVisible = False
764.9318 	EXP 	window1: mouseVisible = False
764.9482 	EXP 	window1: mouseVisible = False
764.9652 	EXP 	window1: mouseVisible = False
764.9818 	EXP 	window1: mouseVisible = False
764.9983 	EXP 	window1: mouseVisible = False
765.0149 	EXP 	window1: mouseVisible = False
765.0315 	EXP 	window1: mouseVisible = False
765.0482 	EXP 	window1: mouseVisible = False
765.0648 	EXP 	window1: mouseVisible = False
765.0817 	EXP 	window1: mouseVisible = False
765.0981 	EXP 	window1: mouseVisible = False
765.1148 	EXP 	window1: mouseVisible = False
765.1314 	EXP 	window1: mouseVisible = False
765.1481 	EXP 	window1: mouseVisible = False
765.1647 	EXP 	window1: mouseVisible = False
765.1816 	EXP 	window1: mouseVisible = False
765.1981 	EXP 	window1: mouseVisible = False
765.2148 	EXP 	window1: mouseVisible = False
765.2315 	EXP 	window1: mouseVisible = False
765.2481 	EXP 	window1: mouseVisible = False
765.2647 	EXP 	window1: mouseVisible = False
765.2816 	EXP 	window1: mouseVisible = False
765.2981 	EXP 	window1: mouseVisible = False
765.3148 	EXP 	window1: mouseVisible = False
765.3316 	EXP 	window1: mouseVisible = False
765.3482 	EXP 	window1: mouseVisible = False
765.3649 	EXP 	window1: mouseVisible = False
765.3815 	EXP 	window1: mouseVisible = False
765.3982 	EXP 	window1: mouseVisible = False
765.4149 	EXP 	window1: mouseVisible = False
765.4315 	EXP 	window1: mouseVisible = False
765.4484 	EXP 	window1: mouseVisible = False
765.4648 	EXP 	window1: mouseVisible = False
765.4815 	EXP 	window1: mouseVisible = False
765.4982 	EXP 	window1: mouseVisible = False
765.5149 	EXP 	window1: mouseVisible = False
765.5315 	EXP 	window1: mouseVisible = False
765.5482 	EXP 	window1: mouseVisible = False
765.5648 	EXP 	window1: mouseVisible = False
765.5816 	EXP 	window1: mouseVisible = False
765.5981 	EXP 	window1: mouseVisible = False
765.6149 	EXP 	window1: mouseVisible = False
765.6315 	EXP 	window1: mouseVisible = False
765.6482 	EXP 	window1: mouseVisible = False
765.6656 	EXP 	window1: mouseVisible = False
765.6815 	EXP 	window1: mouseVisible = False
765.6981 	EXP 	window1: mouseVisible = False
765.7148 	EXP 	window1: mouseVisible = False
765.7315 	EXP 	window1: mouseVisible = False
765.7482 	EXP 	window1: mouseVisible = False
765.7648 	EXP 	window1: mouseVisible = False
765.7815 	EXP 	window1: mouseVisible = False
765.7981 	EXP 	window1: mouseVisible = False
765.8149 	EXP 	window1: mouseVisible = False
765.8315 	EXP 	window1: mouseVisible = False
765.8481 	EXP 	window1: mouseVisible = False
765.8648 	EXP 	window1: mouseVisible = False
765.8815 	EXP 	window1: mouseVisible = False
765.8982 	EXP 	window1: mouseVisible = False
765.9144 	DATA 	Keypress: m
765.9150 	EXP 	window1: mouseVisible = False
765.9315 	EXP 	window1: mouseVisible = False
765.9481 	EXP 	window1: mouseVisible = False
765.9649 	EXP 	window1: mouseVisible = False
765.9815 	EXP 	window1: mouseVisible = False
765.9981 	EXP 	window1: mouseVisible = False
766.0148 	EXP 	window1: mouseVisible = False
766.0315 	EXP 	window1: mouseVisible = False
766.0481 	EXP 	window1: mouseVisible = False
766.0649 	EXP 	window1: mouseVisible = False
766.0816 	EXP 	window1: mouseVisible = False
766.0982 	EXP 	window1: mouseVisible = False
766.1149 	EXP 	window1: mouseVisible = False
766.1316 	EXP 	window1: mouseVisible = False
766.1482 	EXP 	window1: mouseVisible = False
766.1648 	EXP 	window1: mouseVisible = False
766.1815 	EXP 	window1: mouseVisible = False
766.1982 	EXP 	window1: mouseVisible = False
766.2148 	EXP 	window1: mouseVisible = False
766.2315 	EXP 	window1: mouseVisible = False
766.2482 	EXP 	window1: mouseVisible = False
766.2649 	EXP 	window1: mouseVisible = False
766.2815 	EXP 	window1: mouseVisible = False
766.2981 	EXP 	window1: mouseVisible = False
766.3148 	EXP 	window1: mouseVisible = False
766.3315 	EXP 	window1: mouseVisible = False
766.3481 	EXP 	window1: mouseVisible = False
766.3648 	EXP 	window1: mouseVisible = False
766.3815 	EXP 	window1: mouseVisible = False
766.3982 	EXP 	window1: mouseVisible = False
766.4148 	EXP 	window1: mouseVisible = False
766.4315 	EXP 	window1: mouseVisible = False
766.4482 	EXP 	window1: mouseVisible = False
766.4648 	EXP 	window1: mouseVisible = False
766.4815 	EXP 	window1: mouseVisible = False
766.4982 	EXP 	window1: mouseVisible = False
766.5150 	EXP 	window1: mouseVisible = False
766.5315 	EXP 	window1: mouseVisible = False
766.5482 	EXP 	window1: mouseVisible = False
766.5654 	DATA 	Keypress: space
766.6671 	EXP 	New trial (rep=1, index=0): None
766.6801 	EXP 	main_text: autoDraw = True
766.6801 	EXP 	confirm_text: autoDraw = True
766.6801 	EXP 	ratingScale: autoDraw = False
766.6801 	EXP 	main_text: autoDraw = False
766.6801 	EXP 	confirm_text: autoDraw = False
766.6801 	EXP 	text_eva: autoDraw = True
766.6801 	EXP 	croix_2: autoDraw = True
771.6801 	EXP 	text_eva: autoDraw = False
771.6801 	EXP 	croix_2: autoDraw = False
771.6801 	EXP 	text_eva: autoDraw = False
771.6801 	EXP 	croix_2: autoDraw = False
771.6801 	EXP 	thermode_locali_EVA: autoDraw = True
783.6639 	EXP 	window1: mouseVisible = True
783.6648 	EXP 	Created unnamed Rect = Rect(__class__=<class 'psychopy.visual.rect.Rect'>, anchor=('center', 'center'), autoDraw=False, autoLog=True, closeShape=True, color=method-wrapper(...), colorSpace='rgb', contrast=None, depth=0, draggable=False, fillColor=array([1, 1, 1]), fillColorSpace='rgb', fillRGB=array([1, 1, 1]), interpolate=True, lineColor=array([1., 1., 1.]), lineColorSpace='rgb', lineRGB=array([1, 1, 1]), lineWidth=1.5, name='unnamed Rect', opacity=1.0, ori=0.0, pos=array([0., 0.]), size=array([0.01, 0.1 ]), units='norm', vertices=ndarray(...), win=Window(...))
783.6648 	EXP 	window1: mouseVisible = True
783.6650 	EXP 	window1: mouseVisible = True
783.6654 	EXP 	window1: mouseVisible = True
783.6666 	EXP 	window1: mouseVisible = True
783.6677 	EXP 	window1: mouseVisible = True
783.6678 	EXP 	window1: mouseVisible = True
783.6680 	EXP 	window1: mouseVisible = True
783.6681 	EXP 	window1: mouseVisible = True
783.6683 	EXP 	window1: mouseVisible = True
783.6684 	EXP 	window1: mouseVisible = True
783.6685 	EXP 	window1: mouseVisible = True
783.6687 	EXP 	window1: mouseVisible = True
783.6689 	EXP 	window1: mouseVisible = True
783.6690 	EXP 	window1: mouseVisible = True
783.6691 	EXP 	window1: mouseVisible = True
783.6693 	EXP 	window1: mouseVisible = True
783.6694 	EXP 	window1: mouseVisible = True
783.6695 	EXP 	window1: mouseVisible = True
783.6697 	EXP 	window1: mouseVisible = True
783.6698 	EXP 	window1: mouseVisible = True
783.6699 	EXP 	window1: mouseVisible = True
783.6701 	EXP 	window1: mouseVisible = True
783.6702 	EXP 	window1: mouseVisible = True
783.6703 	EXP 	window1: mouseVisible = True
783.6704 	EXP 	window1: mouseVisible = True
783.6706 	EXP 	window1: mouseVisible = True
783.6707 	EXP 	window1: mouseVisible = True
783.6708 	EXP 	window1: mouseVisible = True
783.6710 	EXP 	window1: mouseVisible = True
783.6711 	EXP 	window1: mouseVisible = True
783.6712 	EXP 	window1: mouseVisible = True
783.6713 	EXP 	window1: mouseVisible = True
783.6715 	EXP 	window1: mouseVisible = True
783.6716 	EXP 	window1: mouseVisible = True
783.6717 	EXP 	window1: mouseVisible = True
783.6719 	EXP 	window1: mouseVisible = True
783.6720 	EXP 	window1: mouseVisible = True
783.6721 	EXP 	window1: mouseVisible = True
783.6724 	EXP 	window1: mouseVisible = True
783.6726 	EXP 	window1: mouseVisible = True
783.6728 	EXP 	window1: mouseVisible = True
783.6730 	EXP 	window1: mouseVisible = True
783.6733 	EXP 	window1: mouseVisible = True
783.6735 	EXP 	window1: mouseVisible = True
783.6736 	EXP 	window1: mouseVisible = True
783.6737 	EXP 	window1: mouseVisible = True
783.6739 	EXP 	window1: mouseVisible = True
783.6741 	EXP 	window1: mouseVisible = True
783.6742 	EXP 	window1: mouseVisible = True
783.6743 	EXP 	window1: mouseVisible = True
783.6745 	EXP 	window1: mouseVisible = True
783.6746 	EXP 	window1: mouseVisible = True
783.6747 	EXP 	window1: mouseVisible = True
783.6749 	EXP 	window1: mouseVisible = True
783.6750 	EXP 	window1: mouseVisible = True
783.6751 	EXP 	window1: mouseVisible = True
783.6752 	EXP 	window1: mouseVisible = True
783.6754 	EXP 	window1: mouseVisible = True
783.6755 	EXP 	window1: mouseVisible = True
783.6756 	EXP 	window1: mouseVisible = True
783.6758 	EXP 	window1: mouseVisible = True
783.6759 	EXP 	window1: mouseVisible = True
783.6760 	EXP 	window1: mouseVisible = True
783.6762 	EXP 	window1: mouseVisible = True
783.6763 	EXP 	window1: mouseVisible = True
783.6764 	EXP 	window1: mouseVisible = True
783.6766 	EXP 	window1: mouseVisible = True
783.6767 	EXP 	window1: mouseVisible = True
783.6768 	EXP 	window1: mouseVisible = True
783.6769 	EXP 	window1: mouseVisible = True
783.6771 	EXP 	window1: mouseVisible = True
783.6772 	EXP 	window1: mouseVisible = True
783.6773 	EXP 	window1: mouseVisible = True
783.6774 	EXP 	window1: mouseVisible = True
783.6776 	EXP 	window1: mouseVisible = True
783.6777 	EXP 	window1: mouseVisible = True
783.6782 	EXP 	window1: mouseVisible = True
783.6783 	EXP 	window1: mouseVisible = True
783.6785 	EXP 	window1: mouseVisible = True
783.6786 	EXP 	window1: mouseVisible = True
783.6787 	EXP 	window1: mouseVisible = True
783.6789 	EXP 	window1: mouseVisible = True
783.6790 	EXP 	window1: mouseVisible = True
783.6791 	EXP 	window1: mouseVisible = True
783.6793 	EXP 	window1: mouseVisible = True
783.6794 	EXP 	window1: mouseVisible = True
783.6795 	EXP 	window1: mouseVisible = True
783.6797 	EXP 	window1: mouseVisible = True
783.6798 	EXP 	window1: mouseVisible = True
783.6799 	EXP 	window1: mouseVisible = True
783.6800 	EXP 	window1: mouseVisible = True
783.6802 	EXP 	window1: mouseVisible = True
783.6803 	EXP 	window1: mouseVisible = True
783.6804 	EXP 	window1: mouseVisible = True
783.6806 	EXP 	window1: mouseVisible = True
783.6807 	EXP 	window1: mouseVisible = True
783.6808 	EXP 	window1: mouseVisible = True
783.6809 	EXP 	window1: mouseVisible = True
783.6811 	EXP 	window1: mouseVisible = True
783.6812 	EXP 	window1: mouseVisible = True
783.6813 	EXP 	window1: mouseVisible = True
783.6815 	EXP 	window1: mouseVisible = True
783.6816 	EXP 	window1: mouseVisible = True
783.6817 	EXP 	window1: mouseVisible = True
783.6838 	EXP 	Created ratingScale = RatingScale(__class__=type(...), acceptKeys=['return'], acceptPreText=UNKNOWN, acceptSize=UNKNOWN, acceptText=UNKNOWN, autoLog=True, choices=False, colorSpace='rgb', depth=0, disappear=False, flipVert=False, high=100, kwargs=UNKNOWN, labels=list(...), leftKeys=['left'], lineColor=(255, 255, 255), low=0, marker=Rect(...), markerColor=(255, 255, 255), markerExpansion=UNKNOWN, markerStart=0.5, maxTime=0.0, minTime=0.4, mouseOnly=False, name='ratingScale', noMouse=False, pos=[0.0, 0.0], precision=100, respKeys=[], rightKeys=['right'], scale=None, self=UNKNOWN, showAccept=False, showValue=False, singleClick=False, size=0.6, skipKeys=['tab'], stretch=2.0, textColor='white', textFont='Helvetica Bold', textSize=0.144, tickHeight=0, tickMarks=10.0, win=Window(...))
783.6838 	EXP 	RatingScale ratingScale: reset()
783.6858 	EXP 	window1: mouseVisible = False
783.6969 	EXP 	thermode_locali_EVA: autoDraw = False
783.6969 	EXP 	thermode_locali_EVA: autoDraw = False
783.6969 	EXP 	ratingScale: flipVert = False
783.6969 	EXP 	ratingScale: autoLog = True
783.6984 	EXP 	window1: mouseVisible = False
783.7150 	EXP 	window1: mouseVisible = False
783.7316 	EXP 	window1: mouseVisible = False
783.7483 	EXP 	window1: mouseVisible = False
783.7654 	EXP 	window1: mouseVisible = False
783.7818 	EXP 	window1: mouseVisible = False
783.7983 	EXP 	window1: mouseVisible = False
783.8149 	EXP 	window1: mouseVisible = False
783.8316 	EXP 	window1: mouseVisible = False
783.8483 	EXP 	window1: mouseVisible = False
783.8650 	EXP 	window1: mouseVisible = False
783.8817 	EXP 	window1: mouseVisible = False
783.8983 	EXP 	window1: mouseVisible = False
783.9149 	EXP 	window1: mouseVisible = False
783.9316 	EXP 	window1: mouseVisible = False
783.9483 	EXP 	window1: mouseVisible = False
783.9649 	EXP 	window1: mouseVisible = False
783.9816 	EXP 	window1: mouseVisible = False
783.9983 	EXP 	window1: mouseVisible = False
784.0149 	EXP 	window1: mouseVisible = False
784.0316 	EXP 	window1: mouseVisible = False
784.0491 	EXP 	window1: mouseVisible = False
784.0651 	EXP 	window1: mouseVisible = False
784.0817 	EXP 	window1: mouseVisible = False
784.0985 	EXP 	window1: mouseVisible = False
784.1152 	EXP 	window1: mouseVisible = False
784.1319 	EXP 	window1: mouseVisible = False
784.1483 	EXP 	window1: mouseVisible = False
784.1649 	EXP 	window1: mouseVisible = False
784.1812 	DATA 	Keypress: m
784.1817 	EXP 	window1: mouseVisible = False
784.1983 	EXP 	window1: mouseVisible = False
784.2150 	EXP 	window1: mouseVisible = False
784.2316 	EXP 	window1: mouseVisible = False
784.2483 	EXP 	window1: mouseVisible = False
784.2650 	EXP 	window1: mouseVisible = False
784.2816 	EXP 	window1: mouseVisible = False
784.2983 	EXP 	window1: mouseVisible = False
784.3150 	EXP 	window1: mouseVisible = False
784.3316 	EXP 	window1: mouseVisible = False
784.3483 	EXP 	window1: mouseVisible = False
784.3649 	EXP 	window1: mouseVisible = False
784.3816 	EXP 	window1: mouseVisible = False
784.3983 	EXP 	window1: mouseVisible = False
784.4149 	EXP 	window1: mouseVisible = False
784.4316 	EXP 	window1: mouseVisible = False
784.4483 	EXP 	window1: mouseVisible = False
784.4650 	EXP 	window1: mouseVisible = False
784.4816 	EXP 	window1: mouseVisible = False
784.4983 	EXP 	window1: mouseVisible = False
784.5150 	EXP 	window1: mouseVisible = False
784.5317 	EXP 	window1: mouseVisible = False
784.5483 	EXP 	window1: mouseVisible = False
784.5650 	EXP 	window1: mouseVisible = False
784.5816 	EXP 	window1: mouseVisible = False
784.5983 	EXP 	window1: mouseVisible = False
784.6149 	EXP 	window1: mouseVisible = False
784.6316 	EXP 	window1: mouseVisible = False
784.6483 	EXP 	window1: mouseVisible = False
784.6650 	EXP 	window1: mouseVisible = False
784.6817 	EXP 	window1: mouseVisible = False
784.6984 	EXP 	window1: mouseVisible = False
784.7150 	EXP 	window1: mouseVisible = False
784.7317 	EXP 	window1: mouseVisible = False
784.7484 	EXP 	window1: mouseVisible = False
784.7651 	EXP 	window1: mouseVisible = False
784.7816 	EXP 	window1: mouseVisible = False
784.7985 	EXP 	window1: mouseVisible = False
784.8150 	EXP 	window1: mouseVisible = False
784.8317 	EXP 	window1: mouseVisible = False
784.8484 	EXP 	window1: mouseVisible = False
784.8650 	EXP 	window1: mouseVisible = False
784.8817 	EXP 	window1: mouseVisible = False
784.8983 	EXP 	window1: mouseVisible = False
784.9150 	EXP 	window1: mouseVisible = False
784.9317 	EXP 	window1: mouseVisible = False
784.9483 	EXP 	window1: mouseVisible = False
784.9650 	EXP 	window1: mouseVisible = False
784.9818 	EXP 	window1: mouseVisible = False
784.9985 	EXP 	window1: mouseVisible = False
785.0152 	EXP 	window1: mouseVisible = False
785.0318 	EXP 	window1: mouseVisible = False
785.0486 	EXP 	window1: mouseVisible = False
785.0651 	EXP 	window1: mouseVisible = False
785.0817 	EXP 	window1: mouseVisible = False
785.0983 	EXP 	window1: mouseVisible = False
785.1150 	EXP 	window1: mouseVisible = False
785.1316 	EXP 	window1: mouseVisible = False
785.1484 	EXP 	window1: mouseVisible = False
785.1649 	EXP 	window1: mouseVisible = False
785.1818 	EXP 	window1: mouseVisible = False
785.1983 	EXP 	window1: mouseVisible = False
785.2152 	EXP 	window1: mouseVisible = False
785.2329 	EXP 	window1: mouseVisible = False
785.2485 	EXP 	window1: mouseVisible = False
785.2653 	EXP 	window1: mouseVisible = False
785.2820 	EXP 	window1: mouseVisible = False
785.2985 	EXP 	window1: mouseVisible = False
785.3151 	EXP 	window1: mouseVisible = False
785.3318 	EXP 	window1: mouseVisible = False
785.3485 	EXP 	window1: mouseVisible = False
785.3651 	EXP 	window1: mouseVisible = False
785.3818 	EXP 	window1: mouseVisible = False
785.3984 	EXP 	window1: mouseVisible = False
785.4151 	EXP 	window1: mouseVisible = False
785.4317 	EXP 	window1: mouseVisible = False
785.4485 	EXP 	window1: mouseVisible = False
785.4651 	EXP 	window1: mouseVisible = False
785.4819 	EXP 	window1: mouseVisible = False
785.4985 	EXP 	window1: mouseVisible = False
785.5151 	EXP 	window1: mouseVisible = False
785.5319 	EXP 	window1: mouseVisible = False
785.5484 	EXP 	window1: mouseVisible = False
785.5651 	EXP 	window1: mouseVisible = False
785.5817 	EXP 	window1: mouseVisible = False
785.5984 	EXP 	window1: mouseVisible = False
785.6151 	EXP 	window1: mouseVisible = False
785.6318 	EXP 	window1: mouseVisible = False
785.6484 	EXP 	window1: mouseVisible = False
785.6651 	EXP 	window1: mouseVisible = False
785.6818 	EXP 	window1: mouseVisible = False
785.6984 	EXP 	window1: mouseVisible = False
785.7151 	EXP 	window1: mouseVisible = False
785.7317 	EXP 	window1: mouseVisible = False
785.7485 	EXP 	window1: mouseVisible = False
785.7651 	EXP 	window1: mouseVisible = False
785.7818 	EXP 	window1: mouseVisible = False
785.7984 	EXP 	window1: mouseVisible = False
785.8151 	EXP 	window1: mouseVisible = False
785.8318 	EXP 	window1: mouseVisible = False
785.8484 	EXP 	window1: mouseVisible = False
785.8651 	EXP 	window1: mouseVisible = False
785.8819 	EXP 	window1: mouseVisible = False
785.8986 	EXP 	window1: mouseVisible = False
785.9149 	EXP 	window1: mouseVisible = False
785.9317 	EXP 	window1: mouseVisible = False
785.9483 	EXP 	window1: mouseVisible = False
785.9650 	EXP 	window1: mouseVisible = False
785.9818 	EXP 	window1: mouseVisible = False
785.9984 	EXP 	window1: mouseVisible = False
786.0150 	EXP 	window1: mouseVisible = False
786.0317 	EXP 	window1: mouseVisible = False
786.0483 	EXP 	window1: mouseVisible = False
786.0650 	EXP 	window1: mouseVisible = False
786.0816 	EXP 	window1: mouseVisible = False
786.0984 	EXP 	window1: mouseVisible = False
786.1149 	EXP 	window1: mouseVisible = False
786.1317 	EXP 	window1: mouseVisible = False
786.1483 	EXP 	window1: mouseVisible = False
786.1649 	EXP 	window1: mouseVisible = False
786.1817 	EXP 	window1: mouseVisible = False
786.1983 	EXP 	window1: mouseVisible = False
786.2149 	EXP 	window1: mouseVisible = False
786.2317 	EXP 	window1: mouseVisible = False
786.2484 	EXP 	window1: mouseVisible = False
786.2651 	EXP 	window1: mouseVisible = False
786.2817 	EXP 	window1: mouseVisible = False
786.2984 	EXP 	window1: mouseVisible = False
786.3150 	EXP 	window1: mouseVisible = False
786.3316 	EXP 	window1: mouseVisible = False
786.3483 	EXP 	window1: mouseVisible = False
786.3650 	EXP 	window1: mouseVisible = False
786.3816 	EXP 	window1: mouseVisible = False
786.3983 	EXP 	window1: mouseVisible = False
786.4150 	EXP 	window1: mouseVisible = False
786.4317 	EXP 	window1: mouseVisible = False
786.4483 	EXP 	window1: mouseVisible = False
786.4650 	EXP 	window1: mouseVisible = False
786.4816 	EXP 	window1: mouseVisible = False
786.4979 	DATA 	Keypress: space
786.4985 	EXP 	window1: mouseVisible = False
786.6303 	EXP 	main_text: autoDraw = True
786.6303 	EXP 	confirm_text: autoDraw = True
786.6303 	EXP 	ratingScale: autoDraw = False
786.6303 	EXP 	main_text: autoDraw = False
786.6303 	EXP 	confirm_text: autoDraw = False
786.6303 	EXP 	text_8: autoDraw = True
788.1972 	EXP 	Created sequence: random, trialTypes=1, nReps=4, seed=None
788.1973 	EXP 	New trial (rep=0, index=0): None
788.1991 	DATA 	Keypress: p
788.2136 	EXP 	text_8: autoDraw = False
788.2136 	EXP 	text_pic: autoDraw = True
788.2136 	EXP 	croix_3: autoDraw = True
793.2137 	EXP 	text_pic: autoDraw = False
793.2137 	EXP 	croix_3: autoDraw = False
793.2137 	EXP 	thermode_locali_pic: height = 0.02
793.2137 	EXP 	thermode_locali_pic: height = 0.02
793.2137 	EXP 	thermode_locali_pic: height = 0.02
793.2137 	EXP 	thermode_locali_pic: text = 'T : 2'
793.2137 	EXP 	responsel: text = 'OUI              '
793.2137 	EXP 	thermode_locali_pic: autoDraw = True
801.1972 	EXP 	responsel: autoDraw = True
801.1972 	EXP 	percu_or: autoDraw = True
801.1972 	EXP 	responser: autoDraw = True
801.5485 	DATA 	Keypress: n
801.5805 	EXP 	responser: foreColor = (0, 0, 0)
801.5972 	EXP 	responser: foreColor = (0, 0, 0)
801.6138 	EXP 	responser: foreColor = (0, 0, 0)
801.6305 	EXP 	responser: foreColor = (0, 0, 0)
801.6472 	EXP 	responser: foreColor = (0, 0, 0)
801.6638 	EXP 	responser: foreColor = (0, 0, 0)
801.6805 	EXP 	responser: foreColor = (0, 0, 0)
801.6972 	EXP 	responser: foreColor = (0, 0, 0)
801.7139 	EXP 	responser: foreColor = (0, 0, 0)
801.7305 	EXP 	responser: foreColor = (0, 0, 0)
801.7472 	EXP 	responser: foreColor = (0, 0, 0)
801.7639 	EXP 	responser: foreColor = (0, 0, 0)
801.7805 	EXP 	responser: foreColor = (0, 0, 0)
801.7972 	EXP 	responser: foreColor = (0, 0, 0)
801.8139 	EXP 	responser: foreColor = (0, 0, 0)
801.8305 	EXP 	responser: foreColor = (0, 0, 0)
801.8472 	EXP 	responser: foreColor = (0, 0, 0)
801.8639 	EXP 	responser: foreColor = (0, 0, 0)
801.8805 	EXP 	responser: foreColor = (0, 0, 0)
801.8972 	EXP 	responser: foreColor = (0, 0, 0)
801.9138 	EXP 	responser: foreColor = (0, 0, 0)
801.9305 	EXP 	responser: foreColor = (0, 0, 0)
801.9471 	EXP 	responser: foreColor = (0, 0, 0)
801.9638 	EXP 	responser: foreColor = (0, 0, 0)
801.9805 	EXP 	responser: foreColor = (0, 0, 0)
801.9972 	EXP 	responser: foreColor = (0, 0, 0)
802.0139 	EXP 	responser: foreColor = (0, 0, 0)
802.0305 	EXP 	responser: foreColor = (0, 0, 0)
802.0472 	EXP 	responser: foreColor = (0, 0, 0)
802.0639 	EXP 	responser: foreColor = (0, 0, 0)
802.0805 	EXP 	responser: foreColor = (0, 0, 0)
802.0972 	EXP 	responser: foreColor = (0, 0, 0)
802.1139 	EXP 	responser: foreColor = (0, 0, 0)
802.1305 	EXP 	responser: foreColor = (0, 0, 0)
802.1471 	EXP 	responser: foreColor = (0, 0, 0)
802.1639 	EXP 	responser: foreColor = (0, 0, 0)
802.1805 	EXP 	responser: foreColor = (0, 0, 0)
802.1972 	EXP 	responser: foreColor = (0, 0, 0)
802.2139 	EXP 	responser: foreColor = (0, 0, 0)
802.2305 	EXP 	responser: foreColor = (0, 0, 0)
802.2472 	EXP 	responser: foreColor = (0, 0, 0)
802.2638 	EXP 	responser: foreColor = (0, 0, 0)
802.2805 	EXP 	responser: foreColor = (0, 0, 0)
802.2971 	EXP 	responser: foreColor = (0, 0, 0)
802.3138 	EXP 	responser: foreColor = (0, 0, 0)
802.3305 	EXP 	responser: foreColor = (0, 0, 0)
802.3472 	EXP 	responser: foreColor = (0, 0, 0)
802.3639 	EXP 	responser: foreColor = (0, 0, 0)
802.3805 	EXP 	responser: foreColor = (0, 0, 0)
802.3972 	EXP 	responser: foreColor = (0, 0, 0)
802.4139 	EXP 	responser: foreColor = (0, 0, 0)
802.4305 	EXP 	responser: foreColor = (0, 0, 0)
802.4473 	EXP 	responser: foreColor = (0, 0, 0)
802.4640 	EXP 	responser: foreColor = (0, 0, 0)
802.4807 	EXP 	responser: foreColor = (0, 0, 0)
802.4974 	EXP 	responser: foreColor = (0, 0, 0)
802.5140 	EXP 	responser: foreColor = (0, 0, 0)
802.5307 	EXP 	responser: foreColor = (0, 0, 0)
802.5472 	EXP 	responser: foreColor = (0, 0, 0)
802.5639 	EXP 	responser: foreColor = (0, 0, 0)
802.5805 	EXP 	responser: foreColor = (0, 0, 0)
802.5972 	EXP 	responser: foreColor = (0, 0, 0)
802.6138 	EXP 	responser: foreColor = (0, 0, 0)
802.6305 	EXP 	responser: foreColor = (0, 0, 0)
802.6472 	EXP 	responser: foreColor = (0, 0, 0)
802.6638 	EXP 	responser: foreColor = (0, 0, 0)
802.6805 	EXP 	responser: foreColor = (0, 0, 0)
802.6972 	EXP 	responser: foreColor = (0, 0, 0)
802.7139 	EXP 	responser: foreColor = (0, 0, 0)
802.7305 	EXP 	responser: foreColor = (0, 0, 0)
802.7472 	EXP 	responser: foreColor = (0, 0, 0)
802.7639 	EXP 	responser: foreColor = (0, 0, 0)
802.7805 	EXP 	responser: foreColor = (0, 0, 0)
802.7972 	EXP 	responser: foreColor = (0, 0, 0)
802.8139 	EXP 	responser: foreColor = (0, 0, 0)
802.8305 	EXP 	responser: foreColor = (0, 0, 0)
802.8472 	EXP 	responser: foreColor = (0, 0, 0)
802.8639 	EXP 	responser: foreColor = (0, 0, 0)
802.8805 	EXP 	responser: foreColor = (0, 0, 0)
802.8972 	EXP 	responser: foreColor = (0, 0, 0)
802.9139 	EXP 	responser: foreColor = (0, 0, 0)
802.9305 	EXP 	responser: foreColor = (0, 0, 0)
802.9472 	EXP 	responser: foreColor = (0, 0, 0)
802.9639 	EXP 	responser: foreColor = (0, 0, 0)
802.9805 	EXP 	responser: foreColor = (0, 0, 0)
802.9972 	EXP 	responser: foreColor = (0, 0, 0)
803.0139 	EXP 	responser: foreColor = (0, 0, 0)
803.0305 	EXP 	responser: foreColor = (0, 0, 0)
803.0472 	EXP 	responser: foreColor = (0, 0, 0)
803.0638 	EXP 	responser: foreColor = (0, 0, 0)
803.0805 	EXP 	responser: foreColor = (0, 0, 0)
803.0972 	EXP 	responser: foreColor = (0, 0, 0)
803.1139 	EXP 	responser: foreColor = (0, 0, 0)
803.1305 	EXP 	responser: foreColor = (0, 0, 0)
803.1472 	EXP 	responser: foreColor = (0, 0, 0)
803.1639 	EXP 	responser: foreColor = (0, 0, 0)
803.1805 	EXP 	responser: foreColor = (0, 0, 0)
803.1972 	EXP 	responser: foreColor = (0, 0, 0)
803.2139 	EXP 	responser: foreColor = (0, 0, 0)
803.2305 	EXP 	responser: foreColor = (0, 0, 0)
803.2472 	EXP 	responser: foreColor = (0, 0, 0)
803.2639 	EXP 	responser: foreColor = (0, 0, 0)
803.2805 	EXP 	responser: foreColor = (0, 0, 0)
803.2972 	EXP 	responser: foreColor = (0, 0, 0)
803.3139 	EXP 	responser: foreColor = (0, 0, 0)
803.3305 	EXP 	responser: foreColor = (0, 0, 0)
803.3472 	EXP 	responser: foreColor = (0, 0, 0)
803.3638 	EXP 	responser: foreColor = (0, 0, 0)
803.3805 	EXP 	responser: foreColor = (0, 0, 0)
803.3972 	EXP 	responser: foreColor = (0, 0, 0)
803.4138 	EXP 	responser: foreColor = (0, 0, 0)
803.4305 	EXP 	responser: foreColor = (0, 0, 0)
803.4472 	EXP 	responser: foreColor = (0, 0, 0)
803.4639 	EXP 	responser: foreColor = (0, 0, 0)
803.4805 	EXP 	responser: foreColor = (0, 0, 0)
803.4972 	EXP 	responser: foreColor = (0, 0, 0)
803.5139 	EXP 	responser: foreColor = (0, 0, 0)
803.5305 	EXP 	responser: foreColor = (0, 0, 0)
803.5472 	EXP 	responser: foreColor = (0, 0, 0)
803.5638 	EXP 	responser: foreColor = (0, 0, 0)
803.5805 	EXP 	responser: foreColor = (0, 0, 0)
803.5972 	EXP 	responser: foreColor = (0, 0, 0)
803.6139 	EXP 	responser: foreColor = (0, 0, 0)
803.6305 	EXP 	responser: foreColor = (0, 0, 0)
803.6472 	EXP 	responser: foreColor = (0, 0, 0)
803.6639 	EXP 	responser: foreColor = (0, 0, 0)
803.6805 	EXP 	responser: foreColor = (0, 0, 0)
803.6972 	EXP 	responser: foreColor = (0, 0, 0)
803.7139 	EXP 	responser: foreColor = (0, 0, 0)
803.7305 	EXP 	responser: foreColor = (0, 0, 0)
803.7474 	EXP 	responser: foreColor = (0, 0, 0)
803.7638 	EXP 	responser: foreColor = (0, 0, 0)
803.7805 	EXP 	responser: foreColor = (0, 0, 0)
803.7972 	EXP 	responser: foreColor = (0, 0, 0)
803.8139 	EXP 	responser: foreColor = (0, 0, 0)
803.8305 	EXP 	responser: foreColor = (0, 0, 0)
803.8472 	EXP 	responser: foreColor = (0, 0, 0)
803.8638 	EXP 	responser: foreColor = (0, 0, 0)
803.8805 	EXP 	responser: foreColor = (0, 0, 0)
803.8972 	EXP 	responser: foreColor = (0, 0, 0)
803.9139 	EXP 	responser: foreColor = (0, 0, 0)
803.9305 	EXP 	responser: foreColor = (0, 0, 0)
803.9472 	EXP 	responser: foreColor = (0, 0, 0)
803.9638 	EXP 	responser: foreColor = (0, 0, 0)
803.9805 	EXP 	responser: foreColor = (0, 0, 0)
803.9972 	EXP 	responser: foreColor = (0, 0, 0)
804.0139 	EXP 	responser: foreColor = (0, 0, 0)
804.0305 	EXP 	responser: foreColor = (0, 0, 0)
804.0472 	EXP 	responser: foreColor = (0, 0, 0)
804.0638 	EXP 	responser: foreColor = (0, 0, 0)
804.0805 	EXP 	responser: foreColor = (0, 0, 0)
804.0972 	EXP 	responser: foreColor = (0, 0, 0)
804.1139 	EXP 	responser: foreColor = (0, 0, 0)
804.1305 	EXP 	responser: foreColor = (0, 0, 0)
804.1472 	EXP 	responser: foreColor = (0, 0, 0)
804.1638 	EXP 	responser: foreColor = (0, 0, 0)
804.1638 	EXP 	thermode_locali_pic: autoDraw = False
804.1805 	EXP 	responser: foreColor = (0, 0, 0)
804.1811 	EXP 	New trial (rep=1, index=0): None
804.1972 	EXP 	responser: foreColor = (0, 0, 0)
804.1972 	EXP 	responsel: autoDraw = False
804.1972 	EXP 	percu_or: autoDraw = False
804.1972 	EXP 	responser: autoDraw = False
804.1972 	EXP 	thermode_locali_pic: autoDraw = False
804.1972 	EXP 	responsel: autoDraw = False
804.1972 	EXP 	percu_or: autoDraw = False
804.1972 	EXP 	responser: autoDraw = False
804.1972 	EXP 	responsel: foreColor = 'white'
804.1972 	EXP 	responser: foreColor = 'white'
804.1972 	EXP 	text_pic: autoDraw = True
804.1972 	EXP 	croix_3: autoDraw = True
809.1972 	EXP 	text_pic: autoDraw = False
809.1972 	EXP 	croix_3: autoDraw = False
809.1972 	EXP 	text_pic: autoDraw = False
809.1972 	EXP 	croix_3: autoDraw = False
809.1972 	EXP 	thermode_locali_pic: height = 0.02
809.1972 	EXP 	thermode_locali_pic: height = 0.02
809.1972 	EXP 	thermode_locali_pic: height = 0.02
809.1972 	EXP 	thermode_locali_pic: text = 'T : 3'
809.1972 	EXP 	responsel: text = 'OUI              '
809.1972 	EXP 	thermode_locali_pic: autoDraw = True
817.1807 	EXP 	responsel: autoDraw = True
817.1807 	EXP 	percu_or: autoDraw = True
817.1807 	EXP 	responser: autoDraw = True
818.3152 	DATA 	Keypress: n
818.3473 	EXP 	responser: foreColor = (0, 0, 0)
818.3640 	EXP 	responser: foreColor = (0, 0, 0)
818.3807 	EXP 	responser: foreColor = (0, 0, 0)
818.3974 	EXP 	responser: foreColor = (0, 0, 0)
818.4140 	EXP 	responser: foreColor = (0, 0, 0)
818.4307 	EXP 	responser: foreColor = (0, 0, 0)
818.4473 	EXP 	responser: foreColor = (0, 0, 0)
818.4641 	EXP 	responser: foreColor = (0, 0, 0)
818.4807 	EXP 	responser: foreColor = (0, 0, 0)
818.4974 	EXP 	responser: foreColor = (0, 0, 0)
818.5141 	EXP 	responser: foreColor = (0, 0, 0)
818.5307 	EXP 	responser: foreColor = (0, 0, 0)
818.5474 	EXP 	responser: foreColor = (0, 0, 0)
818.5641 	EXP 	responser: foreColor = (0, 0, 0)
818.5807 	EXP 	responser: foreColor = (0, 0, 0)
818.5974 	EXP 	responser: foreColor = (0, 0, 0)
818.6141 	EXP 	responser: foreColor = (0, 0, 0)
818.6307 	EXP 	responser: foreColor = (0, 0, 0)
818.6474 	EXP 	responser: foreColor = (0, 0, 0)
818.6640 	EXP 	responser: foreColor = (0, 0, 0)
818.6807 	EXP 	responser: foreColor = (0, 0, 0)
818.6974 	EXP 	responser: foreColor = (0, 0, 0)
818.7140 	EXP 	responser: foreColor = (0, 0, 0)
818.7307 	EXP 	responser: foreColor = (0, 0, 0)
818.7474 	EXP 	responser: foreColor = (0, 0, 0)
818.7640 	EXP 	responser: foreColor = (0, 0, 0)
818.7807 	EXP 	responser: foreColor = (0, 0, 0)
818.7974 	EXP 	responser: foreColor = (0, 0, 0)
818.8141 	EXP 	responser: foreColor = (0, 0, 0)
818.8307 	EXP 	responser: foreColor = (0, 0, 0)
818.8474 	EXP 	responser: foreColor = (0, 0, 0)
818.8640 	EXP 	responser: foreColor = (0, 0, 0)
818.8807 	EXP 	responser: foreColor = (0, 0, 0)
818.8974 	EXP 	responser: foreColor = (0, 0, 0)
818.9140 	EXP 	responser: foreColor = (0, 0, 0)
818.9307 	EXP 	responser: foreColor = (0, 0, 0)
818.9474 	EXP 	responser: foreColor = (0, 0, 0)
818.9641 	EXP 	responser: foreColor = (0, 0, 0)
818.9807 	EXP 	responser: foreColor = (0, 0, 0)
818.9974 	EXP 	responser: foreColor = (0, 0, 0)
819.0140 	EXP 	responser: foreColor = (0, 0, 0)
819.0307 	EXP 	responser: foreColor = (0, 0, 0)
819.0474 	EXP 	responser: foreColor = (0, 0, 0)
819.0640 	EXP 	responser: foreColor = (0, 0, 0)
819.0807 	EXP 	responser: foreColor = (0, 0, 0)
819.0973 	EXP 	responser: foreColor = (0, 0, 0)
819.1140 	EXP 	responser: foreColor = (0, 0, 0)
819.1307 	EXP 	responser: foreColor = (0, 0, 0)
819.1473 	EXP 	responser: foreColor = (0, 0, 0)
819.1640 	EXP 	responser: foreColor = (0, 0, 0)
819.1807 	EXP 	responser: foreColor = (0, 0, 0)
819.1974 	EXP 	responser: foreColor = (0, 0, 0)
819.2140 	EXP 	responser: foreColor = (0, 0, 0)
819.2307 	EXP 	responser: foreColor = (0, 0, 0)
819.2474 	EXP 	responser: foreColor = (0, 0, 0)
819.2640 	EXP 	responser: foreColor = (0, 0, 0)
819.2806 	EXP 	responser: foreColor = (0, 0, 0)
819.2973 	EXP 	responser: foreColor = (0, 0, 0)
819.3140 	EXP 	responser: foreColor = (0, 0, 0)
819.3306 	EXP 	responser: foreColor = (0, 0, 0)
819.3473 	EXP 	responser: foreColor = (0, 0, 0)
819.3640 	EXP 	responser: foreColor = (0, 0, 0)
819.3806 	EXP 	responser: foreColor = (0, 0, 0)
819.3973 	EXP 	responser: foreColor = (0, 0, 0)
819.4140 	EXP 	responser: foreColor = (0, 0, 0)
819.4306 	EXP 	responser: foreColor = (0, 0, 0)
819.4473 	EXP 	responser: foreColor = (0, 0, 0)
819.4640 	EXP 	responser: foreColor = (0, 0, 0)
819.4806 	EXP 	responser: foreColor = (0, 0, 0)
819.4973 	EXP 	responser: foreColor = (0, 0, 0)
819.5140 	EXP 	responser: foreColor = (0, 0, 0)
819.5306 	EXP 	responser: foreColor = (0, 0, 0)
819.5473 	EXP 	responser: foreColor = (0, 0, 0)
819.5640 	EXP 	responser: foreColor = (0, 0, 0)
819.5806 	EXP 	responser: foreColor = (0, 0, 0)
819.5973 	EXP 	responser: foreColor = (0, 0, 0)
819.6140 	EXP 	responser: foreColor = (0, 0, 0)
819.6306 	EXP 	responser: foreColor = (0, 0, 0)
819.6473 	EXP 	responser: foreColor = (0, 0, 0)
819.6640 	EXP 	responser: foreColor = (0, 0, 0)
819.6806 	EXP 	responser: foreColor = (0, 0, 0)
819.6973 	EXP 	responser: foreColor = (0, 0, 0)
819.7140 	EXP 	responser: foreColor = (0, 0, 0)
819.7306 	EXP 	responser: foreColor = (0, 0, 0)
819.7473 	EXP 	responser: foreColor = (0, 0, 0)
819.7640 	EXP 	responser: foreColor = (0, 0, 0)
819.7806 	EXP 	responser: foreColor = (0, 0, 0)
819.7973 	EXP 	responser: foreColor = (0, 0, 0)
819.8140 	EXP 	responser: foreColor = (0, 0, 0)
819.8306 	EXP 	responser: foreColor = (0, 0, 0)
819.8473 	EXP 	responser: foreColor = (0, 0, 0)
819.8640 	EXP 	responser: foreColor = (0, 0, 0)
819.8806 	EXP 	responser: foreColor = (0, 0, 0)
819.8973 	EXP 	responser: foreColor = (0, 0, 0)
819.9140 	EXP 	responser: foreColor = (0, 0, 0)
819.9306 	EXP 	responser: foreColor = (0, 0, 0)
819.9473 	EXP 	responser: foreColor = (0, 0, 0)
819.9640 	EXP 	responser: foreColor = (0, 0, 0)
819.9806 	EXP 	responser: foreColor = (0, 0, 0)
819.9973 	EXP 	responser: foreColor = (0, 0, 0)
820.0140 	EXP 	responser: foreColor = (0, 0, 0)
820.0306 	EXP 	responser: foreColor = (0, 0, 0)
820.0473 	EXP 	responser: foreColor = (0, 0, 0)
820.0640 	EXP 	responser: foreColor = (0, 0, 0)
820.0806 	EXP 	responser: foreColor = (0, 0, 0)
820.0973 	EXP 	responser: foreColor = (0, 0, 0)
820.1139 	EXP 	responser: foreColor = (0, 0, 0)
820.1306 	EXP 	responser: foreColor = (0, 0, 0)
820.1473 	EXP 	responser: foreColor = (0, 0, 0)
820.1473 	EXP 	thermode_locali_pic: autoDraw = False
820.1639 	EXP 	responser: foreColor = (0, 0, 0)
820.1645 	EXP 	New trial (rep=2, index=0): None
820.1806 	EXP 	responser: foreColor = (0, 0, 0)
820.1806 	EXP 	responsel: autoDraw = False
820.1806 	EXP 	percu_or: autoDraw = False
820.1806 	EXP 	responser: autoDraw = False
820.1806 	EXP 	thermode_locali_pic: autoDraw = False
820.1806 	EXP 	responsel: autoDraw = False
820.1806 	EXP 	percu_or: autoDraw = False
820.1806 	EXP 	responser: autoDraw = False
820.1806 	EXP 	responsel: foreColor = 'white'
820.1806 	EXP 	responser: foreColor = 'white'
820.1806 	EXP 	text_pic: autoDraw = True
820.1806 	EXP 	croix_3: autoDraw = True
825.1808 	EXP 	text_pic: autoDraw = False
825.1808 	EXP 	croix_3: autoDraw = False
825.1808 	EXP 	text_pic: autoDraw = False
825.1808 	EXP 	croix_3: autoDraw = False
825.1808 	EXP 	thermode_locali_pic: height = 0.02
825.1808 	EXP 	thermode_locali_pic: height = 0.02
825.1808 	EXP 	thermode_locali_pic: height = 0.02
825.1808 	EXP 	thermode_locali_pic: text = 'T : 0'
825.1808 	EXP 	responsel: text = 'OUI              '
825.1808 	EXP 	thermode_locali_pic: autoDraw = True
833.1642 	EXP 	responsel: autoDraw = True
833.1642 	EXP 	percu_or: autoDraw = True
833.1642 	EXP 	responser: autoDraw = True
833.6653 	DATA 	Keypress: n
833.6976 	EXP 	responser: foreColor = (0, 0, 0)
833.7142 	EXP 	responser: foreColor = (0, 0, 0)
833.7309 	EXP 	responser: foreColor = (0, 0, 0)
833.7476 	EXP 	responser: foreColor = (0, 0, 0)
833.7642 	EXP 	responser: foreColor = (0, 0, 0)
833.7809 	EXP 	responser: foreColor = (0, 0, 0)
833.7975 	EXP 	responser: foreColor = (0, 0, 0)
833.8142 	EXP 	responser: foreColor = (0, 0, 0)
833.8309 	EXP 	responser: foreColor = (0, 0, 0)
833.8475 	EXP 	responser: foreColor = (0, 0, 0)
833.8642 	EXP 	responser: foreColor = (0, 0, 0)
833.8809 	EXP 	responser: foreColor = (0, 0, 0)
833.8975 	EXP 	responser: foreColor = (0, 0, 0)
833.9142 	EXP 	responser: foreColor = (0, 0, 0)
833.9309 	EXP 	responser: foreColor = (0, 0, 0)
833.9475 	EXP 	responser: foreColor = (0, 0, 0)
833.9642 	EXP 	responser: foreColor = (0, 0, 0)
833.9809 	EXP 	responser: foreColor = (0, 0, 0)
833.9975 	EXP 	responser: foreColor = (0, 0, 0)
834.0142 	EXP 	responser: foreColor = (0, 0, 0)
834.0309 	EXP 	responser: foreColor = (0, 0, 0)
834.0475 	EXP 	responser: foreColor = (0, 0, 0)
834.0642 	EXP 	responser: foreColor = (0, 0, 0)
834.0809 	EXP 	responser: foreColor = (0, 0, 0)
834.0975 	EXP 	responser: foreColor = (0, 0, 0)
834.1142 	EXP 	responser: foreColor = (0, 0, 0)
834.1309 	EXP 	responser: foreColor = (0, 0, 0)
834.1475 	EXP 	responser: foreColor = (0, 0, 0)
834.1642 	EXP 	responser: foreColor = (0, 0, 0)
834.1808 	EXP 	responser: foreColor = (0, 0, 0)
834.1976 	EXP 	responser: foreColor = (0, 0, 0)
834.2142 	EXP 	responser: foreColor = (0, 0, 0)
834.2309 	EXP 	responser: foreColor = (0, 0, 0)
834.2475 	EXP 	responser: foreColor = (0, 0, 0)
834.2642 	EXP 	responser: foreColor = (0, 0, 0)
834.2809 	EXP 	responser: foreColor = (0, 0, 0)
834.2976 	EXP 	responser: foreColor = (0, 0, 0)
834.3142 	EXP 	responser: foreColor = (0, 0, 0)
834.3309 	EXP 	responser: foreColor = (0, 0, 0)
834.3476 	EXP 	responser: foreColor = (0, 0, 0)
834.3642 	EXP 	responser: foreColor = (0, 0, 0)
834.3809 	EXP 	responser: foreColor = (0, 0, 0)
834.3976 	EXP 	responser: foreColor = (0, 0, 0)
834.4142 	EXP 	responser: foreColor = (0, 0, 0)
834.4309 	EXP 	responser: foreColor = (0, 0, 0)
834.4476 	EXP 	responser: foreColor = (0, 0, 0)
834.4642 	EXP 	responser: foreColor = (0, 0, 0)
834.4809 	EXP 	responser: foreColor = (0, 0, 0)
834.4976 	EXP 	responser: foreColor = (0, 0, 0)
834.5142 	EXP 	responser: foreColor = (0, 0, 0)
834.5309 	EXP 	responser: foreColor = (0, 0, 0)
834.5476 	EXP 	responser: foreColor = (0, 0, 0)
834.5642 	EXP 	responser: foreColor = (0, 0, 0)
834.5808 	EXP 	responser: foreColor = (0, 0, 0)
834.5975 	EXP 	responser: foreColor = (0, 0, 0)
834.6142 	EXP 	responser: foreColor = (0, 0, 0)
834.6309 	EXP 	responser: foreColor = (0, 0, 0)
834.6476 	EXP 	responser: foreColor = (0, 0, 0)
834.6642 	EXP 	responser: foreColor = (0, 0, 0)
834.6809 	EXP 	responser: foreColor = (0, 0, 0)
834.6976 	EXP 	responser: foreColor = (0, 0, 0)
834.7142 	EXP 	responser: foreColor = (0, 0, 0)
834.7309 	EXP 	responser: foreColor = (0, 0, 0)
834.7476 	EXP 	responser: foreColor = (0, 0, 0)
834.7642 	EXP 	responser: foreColor = (0, 0, 0)
834.7809 	EXP 	responser: foreColor = (0, 0, 0)
834.7976 	EXP 	responser: foreColor = (0, 0, 0)
834.8142 	EXP 	responser: foreColor = (0, 0, 0)
834.8309 	EXP 	responser: foreColor = (0, 0, 0)
834.8476 	EXP 	responser: foreColor = (0, 0, 0)
834.8642 	EXP 	responser: foreColor = (0, 0, 0)
834.8809 	EXP 	responser: foreColor = (0, 0, 0)
834.8976 	EXP 	responser: foreColor = (0, 0, 0)
834.9142 	EXP 	responser: foreColor = (0, 0, 0)
834.9309 	EXP 	responser: foreColor = (0, 0, 0)
834.9475 	EXP 	responser: foreColor = (0, 0, 0)
834.9642 	EXP 	responser: foreColor = (0, 0, 0)
834.9808 	EXP 	responser: foreColor = (0, 0, 0)
834.9976 	EXP 	responser: foreColor = (0, 0, 0)
835.0142 	EXP 	responser: foreColor = (0, 0, 0)
835.0309 	EXP 	responser: foreColor = (0, 0, 0)
835.0476 	EXP 	responser: foreColor = (0, 0, 0)
835.0642 	EXP 	responser: foreColor = (0, 0, 0)
835.0809 	EXP 	responser: foreColor = (0, 0, 0)
835.0976 	EXP 	responser: foreColor = (0, 0, 0)
835.1142 	EXP 	responser: foreColor = (0, 0, 0)
835.1309 	EXP 	responser: foreColor = (0, 0, 0)
835.1476 	EXP 	responser: foreColor = (0, 0, 0)
835.1642 	EXP 	responser: foreColor = (0, 0, 0)
835.1809 	EXP 	responser: foreColor = (0, 0, 0)
835.1976 	EXP 	responser: foreColor = (0, 0, 0)
835.2142 	EXP 	responser: foreColor = (0, 0, 0)
835.2309 	EXP 	responser: foreColor = (0, 0, 0)
835.2475 	EXP 	responser: foreColor = (0, 0, 0)
835.2642 	EXP 	responser: foreColor = (0, 0, 0)
835.2809 	EXP 	responser: foreColor = (0, 0, 0)
835.2975 	EXP 	responser: foreColor = (0, 0, 0)
835.3142 	EXP 	responser: foreColor = (0, 0, 0)
835.3309 	EXP 	responser: foreColor = (0, 0, 0)
835.3476 	EXP 	responser: foreColor = (0, 0, 0)
835.3642 	EXP 	responser: foreColor = (0, 0, 0)
835.3810 	EXP 	responser: foreColor = (0, 0, 0)
835.3975 	EXP 	responser: foreColor = (0, 0, 0)
835.4142 	EXP 	responser: foreColor = (0, 0, 0)
835.4309 	EXP 	responser: foreColor = (0, 0, 0)
835.4476 	EXP 	responser: foreColor = (0, 0, 0)
835.4642 	EXP 	responser: foreColor = (0, 0, 0)
835.4809 	EXP 	responser: foreColor = (0, 0, 0)
835.4976 	EXP 	responser: foreColor = (0, 0, 0)
835.5142 	EXP 	responser: foreColor = (0, 0, 0)
835.5309 	EXP 	responser: foreColor = (0, 0, 0)
835.5476 	EXP 	responser: foreColor = (0, 0, 0)
835.5642 	EXP 	responser: foreColor = (0, 0, 0)
835.5809 	EXP 	responser: foreColor = (0, 0, 0)
835.5976 	EXP 	responser: foreColor = (0, 0, 0)
835.6142 	EXP 	responser: foreColor = (0, 0, 0)
835.6309 	EXP 	responser: foreColor = (0, 0, 0)
835.6476 	EXP 	responser: foreColor = (0, 0, 0)
835.6642 	EXP 	responser: foreColor = (0, 0, 0)
835.6809 	EXP 	responser: foreColor = (0, 0, 0)
835.6976 	EXP 	responser: foreColor = (0, 0, 0)
835.7142 	EXP 	responser: foreColor = (0, 0, 0)
835.7309 	EXP 	responser: foreColor = (0, 0, 0)
835.7476 	EXP 	responser: foreColor = (0, 0, 0)
835.7642 	EXP 	responser: foreColor = (0, 0, 0)
835.7809 	EXP 	responser: foreColor = (0, 0, 0)
835.7975 	EXP 	responser: foreColor = (0, 0, 0)
835.8142 	EXP 	responser: foreColor = (0, 0, 0)
835.8309 	EXP 	responser: foreColor = (0, 0, 0)
835.8476 	EXP 	responser: foreColor = (0, 0, 0)
835.8642 	EXP 	responser: foreColor = (0, 0, 0)
835.8809 	EXP 	responser: foreColor = (0, 0, 0)
835.8976 	EXP 	responser: foreColor = (0, 0, 0)
835.9142 	EXP 	responser: foreColor = (0, 0, 0)
835.9309 	EXP 	responser: foreColor = (0, 0, 0)
835.9476 	EXP 	responser: foreColor = (0, 0, 0)
835.9642 	EXP 	responser: foreColor = (0, 0, 0)
835.9809 	EXP 	responser: foreColor = (0, 0, 0)
835.9975 	EXP 	responser: foreColor = (0, 0, 0)
836.0142 	EXP 	responser: foreColor = (0, 0, 0)
836.0309 	EXP 	responser: foreColor = (0, 0, 0)
836.0476 	EXP 	responser: foreColor = (0, 0, 0)
836.0643 	EXP 	responser: foreColor = (0, 0, 0)
836.0809 	EXP 	responser: foreColor = (0, 0, 0)
836.0976 	EXP 	responser: foreColor = (0, 0, 0)
836.1142 	EXP 	responser: foreColor = (0, 0, 0)
836.1309 	EXP 	responser: foreColor = (0, 0, 0)
836.1309 	EXP 	thermode_locali_pic: autoDraw = False
836.1476 	EXP 	responser: foreColor = (0, 0, 0)
836.1481 	EXP 	New trial (rep=3, index=0): None
836.1642 	EXP 	responser: foreColor = (0, 0, 0)
836.1642 	EXP 	responsel: autoDraw = False
836.1642 	EXP 	percu_or: autoDraw = False
836.1642 	EXP 	responser: autoDraw = False
836.1642 	EXP 	thermode_locali_pic: autoDraw = False
836.1642 	EXP 	responsel: autoDraw = False
836.1642 	EXP 	percu_or: autoDraw = False
836.1642 	EXP 	responser: autoDraw = False
836.1642 	EXP 	responsel: foreColor = 'white'
836.1642 	EXP 	responser: foreColor = 'white'
836.1642 	EXP 	text_pic: autoDraw = True
836.1642 	EXP 	croix_3: autoDraw = True
841.1643 	EXP 	text_pic: autoDraw = False
841.1643 	EXP 	croix_3: autoDraw = False
841.1643 	EXP 	text_pic: autoDraw = False
841.1643 	EXP 	croix_3: autoDraw = False
841.1643 	EXP 	thermode_locali_pic: height = 0.02
841.1643 	EXP 	thermode_locali_pic: height = 0.02
841.1643 	EXP 	thermode_locali_pic: height = 0.02
841.1643 	EXP 	thermode_locali_pic: text = 'T : 1'
841.1643 	EXP 	responsel: text = 'OUI              '
841.1643 	EXP 	thermode_locali_pic: autoDraw = True
849.1477 	EXP 	responsel: autoDraw = True
849.1477 	EXP 	percu_or: autoDraw = True
849.1477 	EXP 	responser: autoDraw = True
849.5821 	DATA 	Keypress: n
849.6143 	EXP 	responser: foreColor = (0, 0, 0)
849.6310 	EXP 	responser: foreColor = (0, 0, 0)
849.6476 	EXP 	responser: foreColor = (0, 0, 0)
849.6643 	EXP 	responser: foreColor = (0, 0, 0)
849.6810 	EXP 	responser: foreColor = (0, 0, 0)
849.6976 	EXP 	responser: foreColor = (0, 0, 0)
849.7143 	EXP 	responser: foreColor = (0, 0, 0)
849.7310 	EXP 	responser: foreColor = (0, 0, 0)
849.7476 	EXP 	responser: foreColor = (0, 0, 0)
849.7643 	EXP 	responser: foreColor = (0, 0, 0)
849.7810 	EXP 	responser: foreColor = (0, 0, 0)
849.7976 	EXP 	responser: foreColor = (0, 0, 0)
849.8143 	EXP 	responser: foreColor = (0, 0, 0)
849.8310 	EXP 	responser: foreColor = (0, 0, 0)
849.8476 	EXP 	responser: foreColor = (0, 0, 0)
849.8643 	EXP 	responser: foreColor = (0, 0, 0)
849.8810 	EXP 	responser: foreColor = (0, 0, 0)
849.8976 	EXP 	responser: foreColor = (0, 0, 0)
849.9143 	EXP 	responser: foreColor = (0, 0, 0)
849.9310 	EXP 	responser: foreColor = (0, 0, 0)
849.9476 	EXP 	responser: foreColor = (0, 0, 0)
849.9643 	EXP 	responser: foreColor = (0, 0, 0)
849.9810 	EXP 	responser: foreColor = (0, 0, 0)
849.9976 	EXP 	responser: foreColor = (0, 0, 0)
850.0143 	EXP 	responser: foreColor = (0, 0, 0)
850.0310 	EXP 	responser: foreColor = (0, 0, 0)
850.0476 	EXP 	responser: foreColor = (0, 0, 0)
850.0643 	EXP 	responser: foreColor = (0, 0, 0)
850.0810 	EXP 	responser: foreColor = (0, 0, 0)
850.0976 	EXP 	responser: foreColor = (0, 0, 0)
850.1143 	EXP 	responser: foreColor = (0, 0, 0)
850.1310 	EXP 	responser: foreColor = (0, 0, 0)
850.1476 	EXP 	responser: foreColor = (0, 0, 0)
850.1643 	EXP 	responser: foreColor = (0, 0, 0)
850.1810 	EXP 	responser: foreColor = (0, 0, 0)
850.1976 	EXP 	responser: foreColor = (0, 0, 0)
850.2143 	EXP 	responser: foreColor = (0, 0, 0)
850.2310 	EXP 	responser: foreColor = (0, 0, 0)
850.2476 	EXP 	responser: foreColor = (0, 0, 0)
850.2643 	EXP 	responser: foreColor = (0, 0, 0)
850.2810 	EXP 	responser: foreColor = (0, 0, 0)
850.2976 	EXP 	responser: foreColor = (0, 0, 0)
850.3143 	EXP 	responser: foreColor = (0, 0, 0)
850.3310 	EXP 	responser: foreColor = (0, 0, 0)
850.3476 	EXP 	responser: foreColor = (0, 0, 0)
850.3643 	EXP 	responser: foreColor = (0, 0, 0)
850.3810 	EXP 	responser: foreColor = (0, 0, 0)
850.3977 	EXP 	responser: foreColor = (0, 0, 0)
850.4143 	EXP 	responser: foreColor = (0, 0, 0)
850.4310 	EXP 	responser: foreColor = (0, 0, 0)
850.4476 	EXP 	responser: foreColor = (0, 0, 0)
850.4644 	EXP 	responser: foreColor = (0, 0, 0)
850.4810 	EXP 	responser: foreColor = (0, 0, 0)
850.4976 	EXP 	responser: foreColor = (0, 0, 0)
850.5143 	EXP 	responser: foreColor = (0, 0, 0)
850.5310 	EXP 	responser: foreColor = (0, 0, 0)
850.5476 	EXP 	responser: foreColor = (0, 0, 0)
850.5643 	EXP 	responser: foreColor = (0, 0, 0)
850.5810 	EXP 	responser: foreColor = (0, 0, 0)
850.5976 	EXP 	responser: foreColor = (0, 0, 0)
850.6143 	EXP 	responser: foreColor = (0, 0, 0)
850.6310 	EXP 	responser: foreColor = (0, 0, 0)
850.6476 	EXP 	responser: foreColor = (0, 0, 0)
850.6643 	EXP 	responser: foreColor = (0, 0, 0)
850.6810 	EXP 	responser: foreColor = (0, 0, 0)
850.6977 	EXP 	responser: foreColor = (0, 0, 0)
850.7143 	EXP 	responser: foreColor = (0, 0, 0)
850.7310 	EXP 	responser: foreColor = (0, 0, 0)
850.7477 	EXP 	responser: foreColor = (0, 0, 0)
850.7643 	EXP 	responser: foreColor = (0, 0, 0)
850.7810 	EXP 	responser: foreColor = (0, 0, 0)
850.7976 	EXP 	responser: foreColor = (0, 0, 0)
850.8143 	EXP 	responser: foreColor = (0, 0, 0)
850.8310 	EXP 	responser: foreColor = (0, 0, 0)
850.8477 	EXP 	responser: foreColor = (0, 0, 0)
850.8643 	EXP 	responser: foreColor = (0, 0, 0)
850.8810 	EXP 	responser: foreColor = (0, 0, 0)
850.8977 	EXP 	responser: foreColor = (0, 0, 0)
850.9143 	EXP 	responser: foreColor = (0, 0, 0)
850.9310 	EXP 	responser: foreColor = (0, 0, 0)
850.9476 	EXP 	responser: foreColor = (0, 0, 0)
850.9643 	EXP 	responser: foreColor = (0, 0, 0)
850.9810 	EXP 	responser: foreColor = (0, 0, 0)
850.9976 	EXP 	responser: foreColor = (0, 0, 0)
851.0143 	EXP 	responser: foreColor = (0, 0, 0)
851.0310 	EXP 	responser: foreColor = (0, 0, 0)
851.0477 	EXP 	responser: foreColor = (0, 0, 0)
851.0643 	EXP 	responser: foreColor = (0, 0, 0)
851.0810 	EXP 	responser: foreColor = (0, 0, 0)
851.0977 	EXP 	responser: foreColor = (0, 0, 0)
851.1143 	EXP 	responser: foreColor = (0, 0, 0)
851.1310 	EXP 	responser: foreColor = (0, 0, 0)
851.1476 	EXP 	responser: foreColor = (0, 0, 0)
851.1644 	EXP 	responser: foreColor = (0, 0, 0)
851.1810 	EXP 	responser: foreColor = (0, 0, 0)
851.1977 	EXP 	responser: foreColor = (0, 0, 0)
851.2144 	EXP 	responser: foreColor = (0, 0, 0)
851.2310 	EXP 	responser: foreColor = (0, 0, 0)
851.2477 	EXP 	responser: foreColor = (0, 0, 0)
851.2644 	EXP 	responser: foreColor = (0, 0, 0)
851.2810 	EXP 	responser: foreColor = (0, 0, 0)
851.2977 	EXP 	responser: foreColor = (0, 0, 0)
851.3144 	EXP 	responser: foreColor = (0, 0, 0)
851.3310 	EXP 	responser: foreColor = (0, 0, 0)
851.3477 	EXP 	responser: foreColor = (0, 0, 0)
851.3644 	EXP 	responser: foreColor = (0, 0, 0)
851.3810 	EXP 	responser: foreColor = (0, 0, 0)
851.3977 	EXP 	responser: foreColor = (0, 0, 0)
851.4144 	EXP 	responser: foreColor = (0, 0, 0)
851.4310 	EXP 	responser: foreColor = (0, 0, 0)
851.4477 	EXP 	responser: foreColor = (0, 0, 0)
851.4644 	EXP 	responser: foreColor = (0, 0, 0)
851.4810 	EXP 	responser: foreColor = (0, 0, 0)
851.4977 	EXP 	responser: foreColor = (0, 0, 0)
851.5144 	EXP 	responser: foreColor = (0, 0, 0)
851.5310 	EXP 	responser: foreColor = (0, 0, 0)
851.5476 	EXP 	responser: foreColor = (0, 0, 0)
851.5644 	EXP 	responser: foreColor = (0, 0, 0)
851.5810 	EXP 	responser: foreColor = (0, 0, 0)
851.5977 	EXP 	responser: foreColor = (0, 0, 0)
851.6143 	EXP 	responser: foreColor = (0, 0, 0)
851.6310 	EXP 	responser: foreColor = (0, 0, 0)
851.6477 	EXP 	responser: foreColor = (0, 0, 0)
851.6644 	EXP 	responser: foreColor = (0, 0, 0)
851.6810 	EXP 	responser: foreColor = (0, 0, 0)
851.6977 	EXP 	responser: foreColor = (0, 0, 0)
851.7144 	EXP 	responser: foreColor = (0, 0, 0)
851.7310 	EXP 	responser: foreColor = (0, 0, 0)
851.7477 	EXP 	responser: foreColor = (0, 0, 0)
851.7644 	EXP 	responser: foreColor = (0, 0, 0)
851.7810 	EXP 	responser: foreColor = (0, 0, 0)
851.7977 	EXP 	responser: foreColor = (0, 0, 0)
851.8144 	EXP 	responser: foreColor = (0, 0, 0)
851.8310 	EXP 	responser: foreColor = (0, 0, 0)
851.8477 	EXP 	responser: foreColor = (0, 0, 0)
851.8644 	EXP 	responser: foreColor = (0, 0, 0)
851.8810 	EXP 	responser: foreColor = (0, 0, 0)
851.8977 	EXP 	responser: foreColor = (0, 0, 0)
851.9144 	EXP 	responser: foreColor = (0, 0, 0)
851.9310 	EXP 	responser: foreColor = (0, 0, 0)
851.9477 	EXP 	responser: foreColor = (0, 0, 0)
851.9644 	EXP 	responser: foreColor = (0, 0, 0)
851.9810 	EXP 	responser: foreColor = (0, 0, 0)
851.9977 	EXP 	responser: foreColor = (0, 0, 0)
852.0143 	EXP 	responser: foreColor = (0, 0, 0)
852.0310 	EXP 	responser: foreColor = (0, 0, 0)
852.0477 	EXP 	responser: foreColor = (0, 0, 0)
852.0644 	EXP 	responser: foreColor = (0, 0, 0)
852.0810 	EXP 	responser: foreColor = (0, 0, 0)
852.0977 	EXP 	responser: foreColor = (0, 0, 0)
852.1144 	EXP 	responser: foreColor = (0, 0, 0)
852.1144 	EXP 	thermode_locali_pic: autoDraw = False
852.1310 	EXP 	responser: foreColor = (0, 0, 0)
852.1315 	EXP 	New trial (rep=3, index=0): None
852.1477 	EXP 	responser: foreColor = (0, 0, 0)
852.1477 	EXP 	responsel: autoDraw = False
852.1477 	EXP 	percu_or: autoDraw = False
852.1477 	EXP 	responser: autoDraw = False
852.1477 	EXP 	thermode_locali_pic: autoDraw = False
852.1477 	EXP 	responsel: autoDraw = False
852.1477 	EXP 	percu_or: autoDraw = False
852.1477 	EXP 	responser: autoDraw = False
852.1477 	EXP 	responsel: foreColor = 'white'
852.1477 	EXP 	responser: foreColor = 'white'
852.1477 	EXP 	text_7: autoDraw = True
853.7313 	EXP 	Created sequence: random, trialTypes=1, nReps=2, seed=None
853.7314 	EXP 	New trial (rep=0, index=0): None
853.7330 	DATA 	Keypress: p
853.7477 	EXP 	text_7: autoDraw = False
853.7477 	EXP 	text_eva: autoDraw = True
853.7477 	EXP 	croix_2: autoDraw = True
858.7479 	EXP 	text_eva: autoDraw = False
858.7479 	EXP 	croix_2: autoDraw = False
858.7479 	EXP 	thermode_locali_EVA: autoDraw = True
870.7315 	EXP 	window1: mouseVisible = True
870.7325 	EXP 	Created unnamed Rect = Rect(__class__=<class 'psychopy.visual.rect.Rect'>, anchor=('center', 'center'), autoDraw=False, autoLog=True, closeShape=True, color=method-wrapper(...), colorSpace='rgb', contrast=None, depth=0, draggable=False, fillColor=array([1, 1, 1]), fillColorSpace='rgb', fillRGB=array([1, 1, 1]), interpolate=True, lineColor=array([1., 1., 1.]), lineColorSpace='rgb', lineRGB=array([1, 1, 1]), lineWidth=1.5, name='unnamed Rect', opacity=1.0, ori=0.0, pos=array([0., 0.]), size=array([0.01, 0.1 ]), units='norm', vertices=ndarray(...), win=Window(...))
870.7326 	EXP 	window1: mouseVisible = True
870.7327 	EXP 	window1: mouseVisible = True
870.7333 	EXP 	window1: mouseVisible = True
870.7344 	EXP 	window1: mouseVisible = True
870.7355 	EXP 	window1: mouseVisible = True
870.7357 	EXP 	window1: mouseVisible = True
870.7359 	EXP 	window1: mouseVisible = True
870.7360 	EXP 	window1: mouseVisible = True
870.7362 	EXP 	window1: mouseVisible = True
870.7363 	EXP 	window1: mouseVisible = True
870.7364 	EXP 	window1: mouseVisible = True
870.7366 	EXP 	window1: mouseVisible = True
870.7367 	EXP 	window1: mouseVisible = True
870.7368 	EXP 	window1: mouseVisible = True
870.7369 	EXP 	window1: mouseVisible = True
870.7371 	EXP 	window1: mouseVisible = True
870.7372 	EXP 	window1: mouseVisible = True
870.7373 	EXP 	window1: mouseVisible = True
870.7375 	EXP 	window1: mouseVisible = True
870.7377 	EXP 	window1: mouseVisible = True
870.7378 	EXP 	window1: mouseVisible = True
870.7380 	EXP 	window1: mouseVisible = True
870.7381 	EXP 	window1: mouseVisible = True
870.7382 	EXP 	window1: mouseVisible = True
870.7383 	EXP 	window1: mouseVisible = True
870.7385 	EXP 	window1: mouseVisible = True
870.7386 	EXP 	window1: mouseVisible = True
870.7387 	EXP 	window1: mouseVisible = True
870.7389 	EXP 	window1: mouseVisible = True
870.7390 	EXP 	window1: mouseVisible = True
870.7391 	EXP 	window1: mouseVisible = True
870.7392 	EXP 	window1: mouseVisible = True
870.7394 	EXP 	window1: mouseVisible = True
870.7395 	EXP 	window1: mouseVisible = True
870.7396 	EXP 	window1: mouseVisible = True
870.7397 	EXP 	window1: mouseVisible = True
870.7399 	EXP 	window1: mouseVisible = True
870.7400 	EXP 	window1: mouseVisible = True
870.7401 	EXP 	window1: mouseVisible = True
870.7403 	EXP 	window1: mouseVisible = True
870.7404 	EXP 	window1: mouseVisible = True
870.7405 	EXP 	window1: mouseVisible = True
870.7406 	EXP 	window1: mouseVisible = True
870.7408 	EXP 	window1: mouseVisible = True
870.7409 	EXP 	window1: mouseVisible = True
870.7410 	EXP 	window1: mouseVisible = True
870.7411 	EXP 	window1: mouseVisible = True
870.7412 	EXP 	window1: mouseVisible = True
870.7414 	EXP 	window1: mouseVisible = True
870.7415 	EXP 	window1: mouseVisible = True
870.7416 	EXP 	window1: mouseVisible = True
870.7420 	EXP 	window1: mouseVisible = True
870.7422 	EXP 	window1: mouseVisible = True
870.7423 	EXP 	window1: mouseVisible = True
870.7424 	EXP 	window1: mouseVisible = True
870.7426 	EXP 	window1: mouseVisible = True
870.7427 	EXP 	window1: mouseVisible = True
870.7428 	EXP 	window1: mouseVisible = True
870.7430 	EXP 	window1: mouseVisible = True
870.7431 	EXP 	window1: mouseVisible = True
870.7432 	EXP 	window1: mouseVisible = True
870.7433 	EXP 	window1: mouseVisible = True
870.7435 	EXP 	window1: mouseVisible = True
870.7436 	EXP 	window1: mouseVisible = True
870.7437 	EXP 	window1: mouseVisible = True
870.7439 	EXP 	window1: mouseVisible = True
870.7441 	EXP 	window1: mouseVisible = True
870.7444 	EXP 	window1: mouseVisible = True
870.7446 	EXP 	window1: mouseVisible = True
870.7448 	EXP 	window1: mouseVisible = True
870.7449 	EXP 	window1: mouseVisible = True
870.7451 	EXP 	window1: mouseVisible = True
870.7452 	EXP 	window1: mouseVisible = True
870.7453 	EXP 	window1: mouseVisible = True
870.7455 	EXP 	window1: mouseVisible = True
870.7456 	EXP 	window1: mouseVisible = True
870.7457 	EXP 	window1: mouseVisible = True
870.7458 	EXP 	window1: mouseVisible = True
870.7460 	EXP 	window1: mouseVisible = True
870.7461 	EXP 	window1: mouseVisible = True
870.7462 	EXP 	window1: mouseVisible = True
870.7898 	EXP 	window1: mouseVisible = True
870.7900 	EXP 	window1: mouseVisible = True
870.7902 	EXP 	window1: mouseVisible = True
870.7903 	EXP 	window1: mouseVisible = True
870.7904 	EXP 	window1: mouseVisible = True
870.7906 	EXP 	window1: mouseVisible = True
870.7907 	EXP 	window1: mouseVisible = True
870.7908 	EXP 	window1: mouseVisible = True
870.7910 	EXP 	window1: mouseVisible = True
870.7911 	EXP 	window1: mouseVisible = True
870.7913 	EXP 	window1: mouseVisible = True
870.7914 	EXP 	window1: mouseVisible = True
870.7915 	EXP 	window1: mouseVisible = True
870.7916 	EXP 	window1: mouseVisible = True
870.7918 	EXP 	window1: mouseVisible = True
870.7919 	EXP 	window1: mouseVisible = True
870.7920 	EXP 	window1: mouseVisible = True
870.7922 	EXP 	window1: mouseVisible = True
870.7923 	EXP 	window1: mouseVisible = True
870.7924 	EXP 	window1: mouseVisible = True
870.7926 	EXP 	window1: mouseVisible = True
870.7927 	EXP 	window1: mouseVisible = True
870.7928 	EXP 	window1: mouseVisible = True
870.7951 	EXP 	Created ratingScale = RatingScale(__class__=type(...), acceptKeys=['return'], acceptPreText=UNKNOWN, acceptSize=UNKNOWN, acceptText=UNKNOWN, autoLog=True, choices=False, colorSpace='rgb', depth=0, disappear=False, flipVert=False, high=100, kwargs=UNKNOWN, labels=list(...), leftKeys=['left'], lineColor=(255, 255, 255), low=0, marker=Rect(...), markerColor=(255, 255, 255), markerExpansion=UNKNOWN, markerStart=0.5, maxTime=0.0, minTime=0.4, mouseOnly=False, name='ratingScale', noMouse=False, pos=[0.0, 0.0], precision=100, respKeys=[], rightKeys=['right'], scale=None, self=UNKNOWN, showAccept=False, showValue=False, singleClick=False, size=0.6, skipKeys=['tab'], stretch=2.0, textColor='white', textFont='Helvetica Bold', textSize=0.144, tickHeight=0, tickMarks=10.0, win=Window(...))
870.7952 	EXP 	RatingScale ratingScale: reset()
870.7973 	EXP 	window1: mouseVisible = False
870.8145 	EXP 	thermode_locali_EVA: autoDraw = False
870.8145 	EXP 	ratingScale: flipVert = False
870.8145 	EXP 	ratingScale: autoLog = True
870.8161 	EXP 	window1: mouseVisible = False
870.8326 	EXP 	window1: mouseVisible = False
870.8492 	EXP 	window1: mouseVisible = False
870.8659 	EXP 	window1: mouseVisible = False
870.8826 	EXP 	window1: mouseVisible = False
870.8992 	EXP 	window1: mouseVisible = False
870.9159 	EXP 	window1: mouseVisible = False
870.9325 	EXP 	window1: mouseVisible = False
870.9492 	EXP 	window1: mouseVisible = False
870.9659 	EXP 	window1: mouseVisible = False
870.9825 	EXP 	window1: mouseVisible = False
870.9992 	EXP 	window1: mouseVisible = False
871.0160 	EXP 	window1: mouseVisible = False
871.0326 	EXP 	window1: mouseVisible = False
871.0492 	EXP 	window1: mouseVisible = False
871.0659 	EXP 	window1: mouseVisible = False
871.0826 	EXP 	window1: mouseVisible = False
871.0992 	EXP 	window1: mouseVisible = False
871.1159 	EXP 	window1: mouseVisible = False
871.1326 	EXP 	window1: mouseVisible = False
871.1492 	EXP 	window1: mouseVisible = False
871.1659 	EXP 	window1: mouseVisible = False
871.1822 	DATA 	Keypress: m
871.1827 	EXP 	window1: mouseVisible = False
871.1993 	EXP 	window1: mouseVisible = False
871.2159 	EXP 	window1: mouseVisible = False
871.2326 	EXP 	window1: mouseVisible = False
871.2493 	EXP 	window1: mouseVisible = False
871.2659 	EXP 	window1: mouseVisible = False
871.2826 	EXP 	window1: mouseVisible = False
871.2993 	EXP 	window1: mouseVisible = False
871.3161 	EXP 	window1: mouseVisible = False
871.3326 	EXP 	window1: mouseVisible = False
871.3493 	EXP 	window1: mouseVisible = False
871.3659 	EXP 	window1: mouseVisible = False
871.3826 	EXP 	window1: mouseVisible = False
871.3993 	EXP 	window1: mouseVisible = False
871.4159 	EXP 	window1: mouseVisible = False
871.4326 	EXP 	window1: mouseVisible = False
871.4495 	EXP 	window1: mouseVisible = False
871.4659 	EXP 	window1: mouseVisible = False
871.4826 	EXP 	window1: mouseVisible = False
871.4993 	EXP 	window1: mouseVisible = False
871.5159 	EXP 	window1: mouseVisible = False
871.5326 	EXP 	window1: mouseVisible = False
871.5493 	EXP 	window1: mouseVisible = False
871.5659 	EXP 	window1: mouseVisible = False
871.5826 	EXP 	window1: mouseVisible = False
871.5993 	EXP 	window1: mouseVisible = False
871.6159 	EXP 	window1: mouseVisible = False
871.6327 	EXP 	window1: mouseVisible = False
871.6493 	EXP 	window1: mouseVisible = False
871.6659 	EXP 	window1: mouseVisible = False
871.6827 	EXP 	window1: mouseVisible = False
871.6993 	EXP 	window1: mouseVisible = False
871.7160 	EXP 	window1: mouseVisible = False
871.7326 	EXP 	window1: mouseVisible = False
871.7493 	EXP 	window1: mouseVisible = False
871.7659 	EXP 	window1: mouseVisible = False
871.7826 	EXP 	window1: mouseVisible = False
871.7993 	EXP 	window1: mouseVisible = False
871.8159 	EXP 	window1: mouseVisible = False
871.8326 	EXP 	window1: mouseVisible = False
871.8493 	EXP 	window1: mouseVisible = False
871.8660 	EXP 	window1: mouseVisible = False
871.8825 	EXP 	window1: mouseVisible = False
871.8993 	EXP 	window1: mouseVisible = False
871.9159 	EXP 	window1: mouseVisible = False
871.9327 	EXP 	window1: mouseVisible = False
871.9493 	EXP 	window1: mouseVisible = False
871.9659 	EXP 	window1: mouseVisible = False
871.9826 	EXP 	window1: mouseVisible = False
871.9993 	EXP 	window1: mouseVisible = False
872.0160 	EXP 	window1: mouseVisible = False
872.0326 	EXP 	window1: mouseVisible = False
872.0493 	EXP 	window1: mouseVisible = False
872.0659 	EXP 	window1: mouseVisible = False
872.0826 	EXP 	window1: mouseVisible = False
872.0993 	EXP 	window1: mouseVisible = False
872.1159 	EXP 	window1: mouseVisible = False
872.1326 	EXP 	window1: mouseVisible = False
872.1493 	EXP 	window1: mouseVisible = False
872.1659 	EXP 	window1: mouseVisible = False
872.1826 	EXP 	window1: mouseVisible = False
872.1993 	EXP 	window1: mouseVisible = False
872.2159 	EXP 	window1: mouseVisible = False
872.2327 	EXP 	window1: mouseVisible = False
872.2494 	EXP 	window1: mouseVisible = False
872.2660 	EXP 	window1: mouseVisible = False
872.2826 	EXP 	window1: mouseVisible = False
872.2993 	EXP 	window1: mouseVisible = False
872.3160 	EXP 	window1: mouseVisible = False
872.3327 	EXP 	window1: mouseVisible = False
872.3495 	EXP 	window1: mouseVisible = False
872.3661 	EXP 	window1: mouseVisible = False
872.3829 	EXP 	window1: mouseVisible = False
872.3995 	EXP 	window1: mouseVisible = False
872.4159 	EXP 	window1: mouseVisible = False
872.4327 	EXP 	window1: mouseVisible = False
872.4494 	EXP 	window1: mouseVisible = False
872.4660 	EXP 	window1: mouseVisible = False
872.4826 	EXP 	window1: mouseVisible = False
872.4993 	EXP 	window1: mouseVisible = False
872.5159 	EXP 	window1: mouseVisible = False
872.5326 	EXP 	window1: mouseVisible = False
872.5500 	DATA 	Keypress: space
872.6500 	EXP 	New trial (rep=1, index=0): None
872.6646 	EXP 	main_text: autoDraw = True
872.6646 	EXP 	confirm_text: autoDraw = True
872.6646 	EXP 	ratingScale: autoDraw = False
872.6646 	EXP 	main_text: autoDraw = False
872.6646 	EXP 	confirm_text: autoDraw = False
872.6646 	EXP 	text_eva: autoDraw = True
872.6646 	EXP 	croix_2: autoDraw = True
877.6647 	EXP 	text_eva: autoDraw = False
877.6647 	EXP 	croix_2: autoDraw = False
877.6647 	EXP 	text_eva: autoDraw = False
877.6647 	EXP 	croix_2: autoDraw = False
877.6647 	EXP 	thermode_locali_EVA: autoDraw = True
889.6485 	EXP 	window1: mouseVisible = True
889.6493 	EXP 	Created unnamed Rect = Rect(__class__=<class 'psychopy.visual.rect.Rect'>, anchor=('center', 'center'), autoDraw=False, autoLog=True, closeShape=True, color=method-wrapper(...), colorSpace='rgb', contrast=None, depth=0, draggable=False, fillColor=array([1, 1, 1]), fillColorSpace='rgb', fillRGB=array([1, 1, 1]), interpolate=True, lineColor=array([1., 1., 1.]), lineColorSpace='rgb', lineRGB=array([1, 1, 1]), lineWidth=1.5, name='unnamed Rect', opacity=1.0, ori=0.0, pos=array([0., 0.]), size=array([0.01, 0.1 ]), units='norm', vertices=ndarray(...), win=Window(...))
889.6494 	EXP 	window1: mouseVisible = True
889.6495 	EXP 	window1: mouseVisible = True
889.6500 	EXP 	window1: mouseVisible = True
889.6515 	EXP 	window1: mouseVisible = True
889.6526 	EXP 	window1: mouseVisible = True
889.6528 	EXP 	window1: mouseVisible = True
889.6530 	EXP 	window1: mouseVisible = True
889.6531 	EXP 	window1: mouseVisible = True
889.6532 	EXP 	window1: mouseVisible = True
889.6534 	EXP 	window1: mouseVisible = True
889.6535 	EXP 	window1: mouseVisible = True
889.6536 	EXP 	window1: mouseVisible = True
889.6538 	EXP 	window1: mouseVisible = True
889.6539 	EXP 	window1: mouseVisible = True
889.6540 	EXP 	window1: mouseVisible = True
889.6541 	EXP 	window1: mouseVisible = True
889.6543 	EXP 	window1: mouseVisible = True
889.6544 	EXP 	window1: mouseVisible = True
889.6545 	EXP 	window1: mouseVisible = True
889.6546 	EXP 	window1: mouseVisible = True
889.6548 	EXP 	window1: mouseVisible = True
889.6549 	EXP 	window1: mouseVisible = True
889.6550 	EXP 	window1: mouseVisible = True
889.6552 	EXP 	window1: mouseVisible = True
889.6553 	EXP 	window1: mouseVisible = True
889.6554 	EXP 	window1: mouseVisible = True
889.6555 	EXP 	window1: mouseVisible = True
889.6557 	EXP 	window1: mouseVisible = True
889.6558 	EXP 	window1: mouseVisible = True
889.6559 	EXP 	window1: mouseVisible = True
889.6561 	EXP 	window1: mouseVisible = True
889.6562 	EXP 	window1: mouseVisible = True
889.6564 	EXP 	window1: mouseVisible = True
889.6565 	EXP 	window1: mouseVisible = True
889.6566 	EXP 	window1: mouseVisible = True
889.6568 	EXP 	window1: mouseVisible = True
889.6569 	EXP 	window1: mouseVisible = True
889.6570 	EXP 	window1: mouseVisible = True
889.6572 	EXP 	window1: mouseVisible = True
889.6573 	EXP 	window1: mouseVisible = True
889.6574 	EXP 	window1: mouseVisible = True
889.6575 	EXP 	window1: mouseVisible = True
889.6577 	EXP 	window1: mouseVisible = True
889.6578 	EXP 	window1: mouseVisible = True
889.6579 	EXP 	window1: mouseVisible = True
889.6581 	EXP 	window1: mouseVisible = True
889.6582 	EXP 	window1: mouseVisible = True
889.6583 	EXP 	window1: mouseVisible = True
889.6585 	EXP 	window1: mouseVisible = True
889.6586 	EXP 	window1: mouseVisible = True
889.6587 	EXP 	window1: mouseVisible = True
889.6588 	EXP 	window1: mouseVisible = True
889.6590 	EXP 	window1: mouseVisible = True
889.6591 	EXP 	window1: mouseVisible = True
889.6592 	EXP 	window1: mouseVisible = True
889.6593 	EXP 	window1: mouseVisible = True
889.6595 	EXP 	window1: mouseVisible = True
889.6596 	EXP 	window1: mouseVisible = True
889.6597 	EXP 	window1: mouseVisible = True
889.6599 	EXP 	window1: mouseVisible = True
889.6600 	EXP 	window1: mouseVisible = True
889.6601 	EXP 	window1: mouseVisible = True
889.6603 	EXP 	window1: mouseVisible = True
889.6604 	EXP 	window1: mouseVisible = True
889.6605 	EXP 	window1: mouseVisible = True
889.6607 	EXP 	window1: mouseVisible = True
889.6608 	EXP 	window1: mouseVisible = True
889.6609 	EXP 	window1: mouseVisible = True
889.6610 	EXP 	window1: mouseVisible = True
889.6612 	EXP 	window1: mouseVisible = True
889.6613 	EXP 	window1: mouseVisible = True
889.6614 	EXP 	window1: mouseVisible = True
889.6616 	EXP 	window1: mouseVisible = True
889.6617 	EXP 	window1: mouseVisible = True
889.6618 	EXP 	window1: mouseVisible = True
889.6619 	EXP 	window1: mouseVisible = True
889.6621 	EXP 	window1: mouseVisible = True
889.6622 	EXP 	window1: mouseVisible = True
889.6623 	EXP 	window1: mouseVisible = True
889.6625 	EXP 	window1: mouseVisible = True
889.6626 	EXP 	window1: mouseVisible = True
889.6627 	EXP 	window1: mouseVisible = True
889.6628 	EXP 	window1: mouseVisible = True
889.6630 	EXP 	window1: mouseVisible = True
889.6631 	EXP 	window1: mouseVisible = True
889.6632 	EXP 	window1: mouseVisible = True
889.6633 	EXP 	window1: mouseVisible = True
889.6635 	EXP 	window1: mouseVisible = True
889.6636 	EXP 	window1: mouseVisible = True
889.6637 	EXP 	window1: mouseVisible = True
889.6638 	EXP 	window1: mouseVisible = True
889.6640 	EXP 	window1: mouseVisible = True
889.6642 	EXP 	window1: mouseVisible = True
889.6643 	EXP 	window1: mouseVisible = True
889.6644 	EXP 	window1: mouseVisible = True
889.6646 	EXP 	window1: mouseVisible = True
889.6647 	EXP 	window1: mouseVisible = True
889.6648 	EXP 	window1: mouseVisible = True
889.6650 	EXP 	window1: mouseVisible = True
889.6651 	EXP 	window1: mouseVisible = True
889.6652 	EXP 	window1: mouseVisible = True
889.6653 	EXP 	window1: mouseVisible = True
889.6655 	EXP 	window1: mouseVisible = True
889.6656 	EXP 	window1: mouseVisible = True
889.6676 	EXP 	Created ratingScale = RatingScale(__class__=type(...), acceptKeys=['return'], acceptPreText=UNKNOWN, acceptSize=UNKNOWN, acceptText=UNKNOWN, autoLog=True, choices=False, colorSpace='rgb', depth=0, disappear=False, flipVert=False, high=100, kwargs=UNKNOWN, labels=list(...), leftKeys=['left'], lineColor=(255, 255, 255), low=0, marker=Rect(...), markerColor=(255, 255, 255), markerExpansion=UNKNOWN, markerStart=0.5, maxTime=0.0, minTime=0.4, mouseOnly=False, name='ratingScale', noMouse=False, pos=[0.0, 0.0], precision=100, respKeys=[], rightKeys=['right'], scale=None, self=UNKNOWN, showAccept=False, showValue=False, singleClick=False, size=0.6, skipKeys=['tab'], stretch=2.0, textColor='white', textFont='Helvetica Bold', textSize=0.144, tickHeight=0, tickMarks=10.0, win=Window(...))
889.6677 	EXP 	RatingScale ratingScale: reset()
889.6697 	EXP 	window1: mouseVisible = False
889.6818 	EXP 	thermode_locali_EVA: autoDraw = False
889.6818 	EXP 	thermode_locali_EVA: autoDraw = False
889.6818 	EXP 	ratingScale: flipVert = False
889.6818 	EXP 	ratingScale: autoLog = True
889.6834 	EXP 	window1: mouseVisible = False
889.6995 	EXP 	window1: mouseVisible = False
889.7163 	EXP 	window1: mouseVisible = False
889.7329 	EXP 	window1: mouseVisible = False
889.7496 	EXP 	window1: mouseVisible = False
889.7663 	EXP 	window1: mouseVisible = False
889.7829 	EXP 	window1: mouseVisible = False
889.7996 	EXP 	window1: mouseVisible = False
889.8163 	EXP 	window1: mouseVisible = False
889.8329 	EXP 	window1: mouseVisible = False
889.8496 	EXP 	window1: mouseVisible = False
889.8663 	EXP 	window1: mouseVisible = False
889.8829 	EXP 	window1: mouseVisible = False
889.8996 	EXP 	window1: mouseVisible = False
889.9162 	EXP 	window1: mouseVisible = False
889.9329 	EXP 	window1: mouseVisible = False
889.9496 	EXP 	window1: mouseVisible = False
889.9663 	EXP 	window1: mouseVisible = False
889.9829 	EXP 	window1: mouseVisible = False
889.9996 	EXP 	window1: mouseVisible = False
890.0164 	EXP 	window1: mouseVisible = False
890.0329 	EXP 	window1: mouseVisible = False
890.0496 	EXP 	window1: mouseVisible = False
890.0663 	EXP 	window1: mouseVisible = False
890.0829 	EXP 	window1: mouseVisible = False
890.1003 	EXP 	window1: mouseVisible = False
890.1162 	EXP 	window1: mouseVisible = False
890.1331 	EXP 	window1: mouseVisible = False
890.1496 	EXP 	window1: mouseVisible = False
890.1664 	EXP 	window1: mouseVisible = False
890.1665 	DATA 	Keypress: n
890.1830 	EXP 	window1: mouseVisible = False
890.1995 	EXP 	window1: mouseVisible = False
890.2165 	EXP 	window1: mouseVisible = False
890.2330 	EXP 	window1: mouseVisible = False
890.2496 	EXP 	window1: mouseVisible = False
890.2663 	EXP 	window1: mouseVisible = False
890.2830 	EXP 	window1: mouseVisible = False
890.2996 	EXP 	window1: mouseVisible = False
890.3163 	EXP 	window1: mouseVisible = False
890.3329 	EXP 	window1: mouseVisible = False
890.3496 	EXP 	window1: mouseVisible = False
890.3663 	EXP 	window1: mouseVisible = False
890.3829 	EXP 	window1: mouseVisible = False
890.3995 	EXP 	window1: mouseVisible = False
890.4163 	EXP 	window1: mouseVisible = False
890.4329 	EXP 	window1: mouseVisible = False
890.4497 	EXP 	window1: mouseVisible = False
890.4663 	EXP 	window1: mouseVisible = False
890.4830 	EXP 	window1: mouseVisible = False
890.4996 	EXP 	window1: mouseVisible = False
890.5163 	EXP 	window1: mouseVisible = False
890.5329 	EXP 	window1: mouseVisible = False
890.5496 	EXP 	window1: mouseVisible = False
890.5662 	EXP 	window1: mouseVisible = False
890.5829 	EXP 	window1: mouseVisible = False
890.5996 	EXP 	window1: mouseVisible = False
890.6163 	EXP 	window1: mouseVisible = False
890.6329 	EXP 	window1: mouseVisible = False
890.6495 	EXP 	window1: mouseVisible = False
890.6662 	EXP 	window1: mouseVisible = False
890.6831 	EXP 	window1: mouseVisible = False
890.6996 	EXP 	window1: mouseVisible = False
890.7163 	EXP 	window1: mouseVisible = False
890.7329 	EXP 	window1: mouseVisible = False
890.7497 	EXP 	window1: mouseVisible = False
890.7663 	EXP 	window1: mouseVisible = False
890.7830 	EXP 	window1: mouseVisible = False
890.7996 	EXP 	window1: mouseVisible = False
890.8163 	EXP 	window1: mouseVisible = False
890.8329 	EXP 	window1: mouseVisible = False
890.8497 	EXP 	window1: mouseVisible = False
890.8663 	EXP 	window1: mouseVisible = False
890.8830 	EXP 	window1: mouseVisible = False
890.8999 	EXP 	window1: mouseVisible = False
890.9165 	EXP 	window1: mouseVisible = False
890.9330 	EXP 	window1: mouseVisible = False
890.9496 	EXP 	window1: mouseVisible = False
890.9663 	EXP 	window1: mouseVisible = False
890.9830 	EXP 	window1: mouseVisible = False
890.9996 	EXP 	window1: mouseVisible = False
891.0163 	EXP 	window1: mouseVisible = False
891.0330 	EXP 	window1: mouseVisible = False
891.0497 	EXP 	window1: mouseVisible = False
891.0663 	EXP 	window1: mouseVisible = False
891.0830 	EXP 	window1: mouseVisible = False
891.0998 	EXP 	window1: mouseVisible = False
891.1164 	EXP 	window1: mouseVisible = False
891.1329 	EXP 	window1: mouseVisible = False
891.1497 	EXP 	window1: mouseVisible = False
891.1663 	EXP 	window1: mouseVisible = False
891.1830 	EXP 	window1: mouseVisible = False
891.1996 	EXP 	window1: mouseVisible = False
891.2164 	EXP 	window1: mouseVisible = False
891.2334 	EXP 	window1: mouseVisible = False
891.2497 	EXP 	window1: mouseVisible = False
891.2666 	EXP 	window1: mouseVisible = False
891.2831 	EXP 	window1: mouseVisible = False
891.2997 	EXP 	window1: mouseVisible = False
891.3162 	EXP 	window1: mouseVisible = False
891.3329 	EXP 	window1: mouseVisible = False
891.3495 	EXP 	window1: mouseVisible = False
891.3662 	EXP 	window1: mouseVisible = False
891.3828 	EXP 	window1: mouseVisible = False
891.3995 	EXP 	window1: mouseVisible = False
891.4162 	EXP 	window1: mouseVisible = False
891.4328 	EXP 	window1: mouseVisible = False
891.4495 	EXP 	window1: mouseVisible = False
891.4661 	EXP 	window1: mouseVisible = False
891.4829 	EXP 	window1: mouseVisible = False
891.4995 	EXP 	window1: mouseVisible = False
891.5162 	EXP 	window1: mouseVisible = False
891.5330 	EXP 	window1: mouseVisible = False
891.5496 	EXP 	window1: mouseVisible = False
891.5662 	EXP 	window1: mouseVisible = False
891.5829 	EXP 	window1: mouseVisible = False
891.5995 	EXP 	window1: mouseVisible = False
891.6162 	EXP 	window1: mouseVisible = False
891.6329 	EXP 	window1: mouseVisible = False
891.6495 	EXP 	window1: mouseVisible = False
891.6662 	EXP 	window1: mouseVisible = False
891.6828 	EXP 	window1: mouseVisible = False
891.6995 	EXP 	window1: mouseVisible = False
891.7162 	EXP 	window1: mouseVisible = False
891.7329 	EXP 	window1: mouseVisible = False
891.7495 	EXP 	window1: mouseVisible = False
891.7662 	EXP 	window1: mouseVisible = False
891.7828 	EXP 	window1: mouseVisible = False
891.7995 	EXP 	window1: mouseVisible = False
891.8161 	EXP 	window1: mouseVisible = False
891.8329 	EXP 	window1: mouseVisible = False
891.8509 	EXP 	window1: mouseVisible = False
891.8664 	EXP 	window1: mouseVisible = False
891.8828 	EXP 	window1: mouseVisible = False
891.8995 	EXP 	window1: mouseVisible = False
891.9162 	EXP 	window1: mouseVisible = False
891.9328 	EXP 	window1: mouseVisible = False
891.9495 	EXP 	window1: mouseVisible = False
891.9662 	EXP 	window1: mouseVisible = False
891.9828 	EXP 	window1: mouseVisible = False
891.9995 	EXP 	window1: mouseVisible = False
892.0162 	EXP 	window1: mouseVisible = False
892.0330 	DATA 	Keypress: space
892.1481 	EXP 	main_text: autoDraw = True
892.1481 	EXP 	confirm_text: autoDraw = True
892.1481 	EXP 	ratingScale: autoDraw = False
892.1481 	EXP 	main_text: autoDraw = False
892.1481 	EXP 	confirm_text: autoDraw = False
892.1481 	EXP 	text_8: autoDraw = True
893.5318 	EXP 	Created sequence: random, trialTypes=1, nReps=4, seed=None
893.5319 	EXP 	New trial (rep=0, index=0): None
893.5335 	DATA 	Keypress: p
893.5482 	EXP 	text_8: autoDraw = False
893.5482 	EXP 	text_pic: autoDraw = True
893.5482 	EXP 	croix_3: autoDraw = True
898.5483 	EXP 	text_pic: autoDraw = False
898.5483 	EXP 	croix_3: autoDraw = False
898.5483 	EXP 	text_pic: autoDraw = False
898.5483 	EXP 	croix_3: autoDraw = False
898.5483 	EXP 	thermode_locali_pic: height = 0.02
898.5483 	EXP 	thermode_locali_pic: height = 0.02
898.5483 	EXP 	thermode_locali_pic: height = 0.02
898.5483 	EXP 	thermode_locali_pic: text = 'T : 0'
898.5483 	EXP 	responsel: text = 'OUI              '
898.5483 	EXP 	thermode_locali_pic: autoDraw = True
906.5316 	EXP 	responsel: autoDraw = True
906.5316 	EXP 	percu_or: autoDraw = True
906.5316 	EXP 	responser: autoDraw = True
907.0661 	DATA 	Keypress: n
907.0984 	EXP 	responser: foreColor = (0, 0, 0)
907.1151 	EXP 	responser: foreColor = (0, 0, 0)
907.1317 	EXP 	responser: foreColor = (0, 0, 0)
907.1483 	EXP 	responser: foreColor = (0, 0, 0)
907.1651 	EXP 	responser: foreColor = (0, 0, 0)
907.1817 	EXP 	responser: foreColor = (0, 0, 0)
907.1984 	EXP 	responser: foreColor = (0, 0, 0)
907.2151 	EXP 	responser: foreColor = (0, 0, 0)
907.2317 	EXP 	responser: foreColor = (0, 0, 0)
907.2484 	EXP 	responser: foreColor = (0, 0, 0)
907.2650 	EXP 	responser: foreColor = (0, 0, 0)
907.2817 	EXP 	responser: foreColor = (0, 0, 0)
907.2984 	EXP 	responser: foreColor = (0, 0, 0)
907.3150 	EXP 	responser: foreColor = (0, 0, 0)
907.3317 	EXP 	responser: foreColor = (0, 0, 0)
907.3484 	EXP 	responser: foreColor = (0, 0, 0)
907.3650 	EXP 	responser: foreColor = (0, 0, 0)
907.3817 	EXP 	responser: foreColor = (0, 0, 0)
907.3984 	EXP 	responser: foreColor = (0, 0, 0)
907.4150 	EXP 	responser: foreColor = (0, 0, 0)
907.4317 	EXP 	responser: foreColor = (0, 0, 0)
907.4484 	EXP 	responser: foreColor = (0, 0, 0)
907.4650 	EXP 	responser: foreColor = (0, 0, 0)
907.4817 	EXP 	responser: foreColor = (0, 0, 0)
907.4984 	EXP 	responser: foreColor = (0, 0, 0)
907.5150 	EXP 	responser: foreColor = (0, 0, 0)
907.5317 	EXP 	responser: foreColor = (0, 0, 0)
907.5483 	EXP 	responser: foreColor = (0, 0, 0)
907.5649 	EXP 	responser: foreColor = (0, 0, 0)
907.5816 	EXP 	responser: foreColor = (0, 0, 0)
907.5983 	EXP 	responser: foreColor = (0, 0, 0)
907.6149 	EXP 	responser: foreColor = (0, 0, 0)
907.6316 	EXP 	responser: foreColor = (0, 0, 0)
907.6483 	EXP 	responser: foreColor = (0, 0, 0)
907.6649 	EXP 	responser: foreColor = (0, 0, 0)
907.6816 	EXP 	responser: foreColor = (0, 0, 0)
907.6983 	EXP 	responser: foreColor = (0, 0, 0)
907.7149 	EXP 	responser: foreColor = (0, 0, 0)
907.7316 	EXP 	responser: foreColor = (0, 0, 0)
907.7483 	EXP 	responser: foreColor = (0, 0, 0)
907.7649 	EXP 	responser: foreColor = (0, 0, 0)
907.7816 	EXP 	responser: foreColor = (0, 0, 0)
907.7983 	EXP 	responser: foreColor = (0, 0, 0)
907.8149 	EXP 	responser: foreColor = (0, 0, 0)
907.8316 	EXP 	responser: foreColor = (0, 0, 0)
907.8483 	EXP 	responser: foreColor = (0, 0, 0)
907.8649 	EXP 	responser: foreColor = (0, 0, 0)
907.8816 	EXP 	responser: foreColor = (0, 0, 0)
907.8983 	EXP 	responser: foreColor = (0, 0, 0)
907.9149 	EXP 	responser: foreColor = (0, 0, 0)
907.9316 	EXP 	responser: foreColor = (0, 0, 0)
907.9483 	EXP 	responser: foreColor = (0, 0, 0)
907.9649 	EXP 	responser: foreColor = (0, 0, 0)
907.9816 	EXP 	responser: foreColor = (0, 0, 0)
907.9983 	EXP 	responser: foreColor = (0, 0, 0)
908.0149 	EXP 	responser: foreColor = (0, 0, 0)
908.0316 	EXP 	responser: foreColor = (0, 0, 0)
908.0483 	EXP 	responser: foreColor = (0, 0, 0)
908.0649 	EXP 	responser: foreColor = (0, 0, 0)
908.0816 	EXP 	responser: foreColor = (0, 0, 0)
908.0983 	EXP 	responser: foreColor = (0, 0, 0)
908.1149 	EXP 	responser: foreColor = (0, 0, 0)
908.1316 	EXP 	responser: foreColor = (0, 0, 0)
908.1483 	EXP 	responser: foreColor = (0, 0, 0)
908.1650 	EXP 	responser: foreColor = (0, 0, 0)
908.1816 	EXP 	responser: foreColor = (0, 0, 0)
908.1983 	EXP 	responser: foreColor = (0, 0, 0)
908.2150 	EXP 	responser: foreColor = (0, 0, 0)
908.2316 	EXP 	responser: foreColor = (0, 0, 0)
908.2483 	EXP 	responser: foreColor = (0, 0, 0)
908.2650 	EXP 	responser: foreColor = (0, 0, 0)
908.2816 	EXP 	responser: foreColor = (0, 0, 0)
908.2983 	EXP 	responser: foreColor = (0, 0, 0)
908.3150 	EXP 	responser: foreColor = (0, 0, 0)
908.3316 	EXP 	responser: foreColor = (0, 0, 0)
908.3483 	EXP 	responser: foreColor = (0, 0, 0)
908.3649 	EXP 	responser: foreColor = (0, 0, 0)
908.3816 	EXP 	responser: foreColor = (0, 0, 0)
908.3983 	EXP 	responser: foreColor = (0, 0, 0)
908.4150 	EXP 	responser: foreColor = (0, 0, 0)
908.4316 	EXP 	responser: foreColor = (0, 0, 0)
908.4483 	EXP 	responser: foreColor = (0, 0, 0)
908.4650 	EXP 	responser: foreColor = (0, 0, 0)
908.4816 	EXP 	responser: foreColor = (0, 0, 0)
908.4983 	EXP 	responser: foreColor = (0, 0, 0)
908.5150 	EXP 	responser: foreColor = (0, 0, 0)
908.5316 	EXP 	responser: foreColor = (0, 0, 0)
908.5483 	EXP 	responser: foreColor = (0, 0, 0)
908.5650 	EXP 	responser: foreColor = (0, 0, 0)
908.5816 	EXP 	responser: foreColor = (0, 0, 0)
908.5983 	EXP 	responser: foreColor = (0, 0, 0)
908.6150 	EXP 	responser: foreColor = (0, 0, 0)
908.6316 	EXP 	responser: foreColor = (0, 0, 0)
908.6483 	EXP 	responser: foreColor = (0, 0, 0)
908.6650 	EXP 	responser: foreColor = (0, 0, 0)
908.6816 	EXP 	responser: foreColor = (0, 0, 0)
908.6983 	EXP 	responser: foreColor = (0, 0, 0)
908.7150 	EXP 	responser: foreColor = (0, 0, 0)
908.7316 	EXP 	responser: foreColor = (0, 0, 0)
908.7483 	EXP 	responser: foreColor = (0, 0, 0)
908.7649 	EXP 	responser: foreColor = (0, 0, 0)
908.7816 	EXP 	responser: foreColor = (0, 0, 0)
908.7983 	EXP 	responser: foreColor = (0, 0, 0)
908.8150 	EXP 	responser: foreColor = (0, 0, 0)
908.8316 	EXP 	responser: foreColor = (0, 0, 0)
908.8483 	EXP 	responser: foreColor = (0, 0, 0)
908.8650 	EXP 	responser: foreColor = (0, 0, 0)
908.8816 	EXP 	responser: foreColor = (0, 0, 0)
908.8983 	EXP 	responser: foreColor = (0, 0, 0)
908.9150 	EXP 	responser: foreColor = (0, 0, 0)
908.9316 	EXP 	responser: foreColor = (0, 0, 0)
908.9483 	EXP 	responser: foreColor = (0, 0, 0)
908.9650 	EXP 	responser: foreColor = (0, 0, 0)
908.9816 	EXP 	responser: foreColor = (0, 0, 0)
908.9983 	EXP 	responser: foreColor = (0, 0, 0)
909.0150 	EXP 	responser: foreColor = (0, 0, 0)
909.0316 	EXP 	responser: foreColor = (0, 0, 0)
909.0483 	EXP 	responser: foreColor = (0, 0, 0)
909.0650 	EXP 	responser: foreColor = (0, 0, 0)
909.0816 	EXP 	responser: foreColor = (0, 0, 0)
909.0983 	EXP 	responser: foreColor = (0, 0, 0)
909.1150 	EXP 	responser: foreColor = (0, 0, 0)
909.1316 	EXP 	responser: foreColor = (0, 0, 0)
909.1483 	EXP 	responser: foreColor = (0, 0, 0)
909.1650 	EXP 	responser: foreColor = (0, 0, 0)
909.1816 	EXP 	responser: foreColor = (0, 0, 0)
909.1983 	EXP 	responser: foreColor = (0, 0, 0)
909.2150 	EXP 	responser: foreColor = (0, 0, 0)
909.2316 	EXP 	responser: foreColor = (0, 0, 0)
909.2483 	EXP 	responser: foreColor = (0, 0, 0)
909.2650 	EXP 	responser: foreColor = (0, 0, 0)
909.2816 	EXP 	responser: foreColor = (0, 0, 0)
909.2983 	EXP 	responser: foreColor = (0, 0, 0)
909.3150 	EXP 	responser: foreColor = (0, 0, 0)
909.3316 	EXP 	responser: foreColor = (0, 0, 0)
909.3483 	EXP 	responser: foreColor = (0, 0, 0)
909.3650 	EXP 	responser: foreColor = (0, 0, 0)
909.3816 	EXP 	responser: foreColor = (0, 0, 0)
909.3983 	EXP 	responser: foreColor = (0, 0, 0)
909.4150 	EXP 	responser: foreColor = (0, 0, 0)
909.4316 	EXP 	responser: foreColor = (0, 0, 0)
909.4483 	EXP 	responser: foreColor = (0, 0, 0)
909.4650 	EXP 	responser: foreColor = (0, 0, 0)
909.4816 	EXP 	responser: foreColor = (0, 0, 0)
909.4983 	EXP 	responser: foreColor = (0, 0, 0)
909.4983 	EXP 	thermode_locali_pic: autoDraw = False
909.5150 	EXP 	responser: foreColor = (0, 0, 0)
909.5155 	EXP 	New trial (rep=1, index=0): None
909.5316 	EXP 	responser: foreColor = (0, 0, 0)
909.5316 	EXP 	responsel: autoDraw = False
909.5316 	EXP 	percu_or: autoDraw = False
909.5316 	EXP 	responser: autoDraw = False
909.5316 	EXP 	thermode_locali_pic: autoDraw = False
909.5316 	EXP 	responsel: autoDraw = False
909.5316 	EXP 	percu_or: autoDraw = False
909.5316 	EXP 	responser: autoDraw = False
909.5316 	EXP 	responsel: foreColor = 'white'
909.5316 	EXP 	responser: foreColor = 'white'
909.5316 	EXP 	text_pic: autoDraw = True
909.5316 	EXP 	croix_3: autoDraw = True
914.5318 	EXP 	text_pic: autoDraw = False
914.5318 	EXP 	croix_3: autoDraw = False
914.5318 	EXP 	text_pic: autoDraw = False
914.5318 	EXP 	croix_3: autoDraw = False
914.5318 	EXP 	thermode_locali_pic: height = 0.02
914.5318 	EXP 	thermode_locali_pic: height = 0.02
914.5318 	EXP 	thermode_locali_pic: height = 0.02
914.5318 	EXP 	thermode_locali_pic: text = 'T : 1'
914.5318 	EXP 	responsel: text = 'OUI              '
914.5318 	EXP 	thermode_locali_pic: autoDraw = True
922.5152 	EXP 	responsel: autoDraw = True
922.5152 	EXP 	percu_or: autoDraw = True
922.5152 	EXP 	responser: autoDraw = True
922.9497 	DATA 	Keypress: m
922.9819 	EXP 	responsel: foreColor = (0, 0, 0)
922.9986 	EXP 	responsel: foreColor = (0, 0, 0)
923.0152 	EXP 	responsel: foreColor = (0, 0, 0)
923.0319 	EXP 	responsel: foreColor = (0, 0, 0)
923.0486 	EXP 	responsel: foreColor = (0, 0, 0)
923.0652 	EXP 	responsel: foreColor = (0, 0, 0)
923.0819 	EXP 	responsel: foreColor = (0, 0, 0)
923.0986 	EXP 	responsel: foreColor = (0, 0, 0)
923.1152 	EXP 	responsel: foreColor = (0, 0, 0)
923.1319 	EXP 	responsel: foreColor = (0, 0, 0)
923.1486 	EXP 	responsel: foreColor = (0, 0, 0)
923.1652 	EXP 	responsel: foreColor = (0, 0, 0)
923.1819 	EXP 	responsel: foreColor = (0, 0, 0)
923.1986 	EXP 	responsel: foreColor = (0, 0, 0)
923.2152 	EXP 	responsel: foreColor = (0, 0, 0)
923.2319 	EXP 	responsel: foreColor = (0, 0, 0)
923.2486 	EXP 	responsel: foreColor = (0, 0, 0)
923.2652 	EXP 	responsel: foreColor = (0, 0, 0)
923.2819 	EXP 	responsel: foreColor = (0, 0, 0)
923.2986 	EXP 	responsel: foreColor = (0, 0, 0)
923.3152 	EXP 	responsel: foreColor = (0, 0, 0)
923.3319 	EXP 	responsel: foreColor = (0, 0, 0)
923.3486 	EXP 	responsel: foreColor = (0, 0, 0)
923.3652 	EXP 	responsel: foreColor = (0, 0, 0)
923.3818 	EXP 	responsel: foreColor = (0, 0, 0)
923.3986 	EXP 	responsel: foreColor = (0, 0, 0)
923.4153 	EXP 	responsel: foreColor = (0, 0, 0)
923.4319 	EXP 	responsel: foreColor = (0, 0, 0)
923.4486 	EXP 	responsel: foreColor = (0, 0, 0)
923.4653 	EXP 	responsel: foreColor = (0, 0, 0)
923.4819 	EXP 	responsel: foreColor = (0, 0, 0)
923.4986 	EXP 	responsel: foreColor = (0, 0, 0)
923.5153 	EXP 	responsel: foreColor = (0, 0, 0)
923.5319 	EXP 	responsel: foreColor = (0, 0, 0)
923.5486 	EXP 	responsel: foreColor = (0, 0, 0)
923.5653 	EXP 	responsel: foreColor = (0, 0, 0)
923.5819 	EXP 	responsel: foreColor = (0, 0, 0)
923.5986 	EXP 	responsel: foreColor = (0, 0, 0)
923.6152 	EXP 	responsel: foreColor = (0, 0, 0)
923.6319 	EXP 	responsel: foreColor = (0, 0, 0)
923.6486 	EXP 	responsel: foreColor = (0, 0, 0)
923.6652 	EXP 	responsel: foreColor = (0, 0, 0)
923.6819 	EXP 	responsel: foreColor = (0, 0, 0)
923.6986 	EXP 	responsel: foreColor = (0, 0, 0)
923.7152 	EXP 	responsel: foreColor = (0, 0, 0)
923.7319 	EXP 	responsel: foreColor = (0, 0, 0)
923.7486 	EXP 	responsel: foreColor = (0, 0, 0)
923.7652 	EXP 	responsel: foreColor = (0, 0, 0)
923.7819 	EXP 	responsel: foreColor = (0, 0, 0)
923.7986 	EXP 	responsel: foreColor = (0, 0, 0)
923.8152 	EXP 	responsel: foreColor = (0, 0, 0)
923.8319 	EXP 	responsel: foreColor = (0, 0, 0)
923.8486 	EXP 	responsel: foreColor = (0, 0, 0)
923.8652 	EXP 	responsel: foreColor = (0, 0, 0)
923.8819 	EXP 	responsel: foreColor = (0, 0, 0)
923.8986 	EXP 	responsel: foreColor = (0, 0, 0)
923.9152 	EXP 	responsel: foreColor = (0, 0, 0)
923.9319 	EXP 	responsel: foreColor = (0, 0, 0)
923.9486 	EXP 	responsel: foreColor = (0, 0, 0)
923.9652 	EXP 	responsel: foreColor = (0, 0, 0)
923.9819 	EXP 	responsel: foreColor = (0, 0, 0)
923.9986 	EXP 	responsel: foreColor = (0, 0, 0)
924.0152 	EXP 	responsel: foreColor = (0, 0, 0)
924.0319 	EXP 	responsel: foreColor = (0, 0, 0)
924.0486 	EXP 	responsel: foreColor = (0, 0, 0)
924.0652 	EXP 	responsel: foreColor = (0, 0, 0)
924.0819 	EXP 	responsel: foreColor = (0, 0, 0)
924.0986 	EXP 	responsel: foreColor = (0, 0, 0)
924.1152 	EXP 	responsel: foreColor = (0, 0, 0)
924.1319 	EXP 	responsel: foreColor = (0, 0, 0)
924.1486 	EXP 	responsel: foreColor = (0, 0, 0)
924.1653 	EXP 	responsel: foreColor = (0, 0, 0)
924.1819 	EXP 	responsel: foreColor = (0, 0, 0)
924.1986 	EXP 	responsel: foreColor = (0, 0, 0)
924.2152 	EXP 	responsel: foreColor = (0, 0, 0)
924.2319 	EXP 	responsel: foreColor = (0, 0, 0)
924.2486 	EXP 	responsel: foreColor = (0, 0, 0)
924.2652 	EXP 	responsel: foreColor = (0, 0, 0)
924.2819 	EXP 	responsel: foreColor = (0, 0, 0)
924.2986 	EXP 	responsel: foreColor = (0, 0, 0)
924.3152 	EXP 	responsel: foreColor = (0, 0, 0)
924.3319 	EXP 	responsel: foreColor = (0, 0, 0)
924.3485 	EXP 	responsel: foreColor = (0, 0, 0)
924.3653 	EXP 	responsel: foreColor = (0, 0, 0)
924.3819 	EXP 	responsel: foreColor = (0, 0, 0)
924.3986 	EXP 	responsel: foreColor = (0, 0, 0)
924.4152 	EXP 	responsel: foreColor = (0, 0, 0)
924.4319 	EXP 	responsel: foreColor = (0, 0, 0)
924.4486 	EXP 	responsel: foreColor = (0, 0, 0)
924.4652 	EXP 	responsel: foreColor = (0, 0, 0)
924.4819 	EXP 	responsel: foreColor = (0, 0, 0)
924.4986 	EXP 	responsel: foreColor = (0, 0, 0)
924.5152 	EXP 	responsel: foreColor = (0, 0, 0)
924.5319 	EXP 	responsel: foreColor = (0, 0, 0)
924.5486 	EXP 	responsel: foreColor = (0, 0, 0)
924.5653 	EXP 	responsel: foreColor = (0, 0, 0)
924.5819 	EXP 	responsel: foreColor = (0, 0, 0)
924.5986 	EXP 	responsel: foreColor = (0, 0, 0)
924.6152 	EXP 	responsel: foreColor = (0, 0, 0)
924.6319 	EXP 	responsel: foreColor = (0, 0, 0)
924.6486 	EXP 	responsel: foreColor = (0, 0, 0)
924.6652 	EXP 	responsel: foreColor = (0, 0, 0)
924.6819 	EXP 	responsel: foreColor = (0, 0, 0)
924.6986 	EXP 	responsel: foreColor = (0, 0, 0)
924.7152 	EXP 	responsel: foreColor = (0, 0, 0)
924.7319 	EXP 	responsel: foreColor = (0, 0, 0)
924.7486 	EXP 	responsel: foreColor = (0, 0, 0)
924.7653 	EXP 	responsel: foreColor = (0, 0, 0)
924.7819 	EXP 	responsel: foreColor = (0, 0, 0)
924.7986 	EXP 	responsel: foreColor = (0, 0, 0)
924.8152 	EXP 	responsel: foreColor = (0, 0, 0)
924.8319 	EXP 	responsel: foreColor = (0, 0, 0)
924.8486 	EXP 	responsel: foreColor = (0, 0, 0)
924.8653 	EXP 	responsel: foreColor = (0, 0, 0)
924.8819 	EXP 	responsel: foreColor = (0, 0, 0)
924.8986 	EXP 	responsel: foreColor = (0, 0, 0)
924.9153 	EXP 	responsel: foreColor = (0, 0, 0)
924.9319 	EXP 	responsel: foreColor = (0, 0, 0)
924.9486 	EXP 	responsel: foreColor = (0, 0, 0)
924.9653 	EXP 	responsel: foreColor = (0, 0, 0)
924.9819 	EXP 	responsel: foreColor = (0, 0, 0)
924.9986 	EXP 	responsel: foreColor = (0, 0, 0)
925.0152 	EXP 	responsel: foreColor = (0, 0, 0)
925.0319 	EXP 	responsel: foreColor = (0, 0, 0)
925.0486 	EXP 	responsel: foreColor = (0, 0, 0)
925.0652 	EXP 	responsel: foreColor = (0, 0, 0)
925.0819 	EXP 	responsel: foreColor = (0, 0, 0)
925.0986 	EXP 	responsel: foreColor = (0, 0, 0)
925.1153 	EXP 	responsel: foreColor = (0, 0, 0)
925.1319 	EXP 	responsel: foreColor = (0, 0, 0)
925.1486 	EXP 	responsel: foreColor = (0, 0, 0)
925.1653 	EXP 	responsel: foreColor = (0, 0, 0)
925.1819 	EXP 	responsel: foreColor = (0, 0, 0)
925.1986 	EXP 	responsel: foreColor = (0, 0, 0)
925.2152 	EXP 	responsel: foreColor = (0, 0, 0)
925.2319 	EXP 	responsel: foreColor = (0, 0, 0)
925.2486 	EXP 	responsel: foreColor = (0, 0, 0)
925.2653 	EXP 	responsel: foreColor = (0, 0, 0)
925.2819 	EXP 	responsel: foreColor = (0, 0, 0)
925.2986 	EXP 	responsel: foreColor = (0, 0, 0)
925.3153 	EXP 	responsel: foreColor = (0, 0, 0)
925.3319 	EXP 	responsel: foreColor = (0, 0, 0)
925.3486 	EXP 	responsel: foreColor = (0, 0, 0)
925.3653 	EXP 	responsel: foreColor = (0, 0, 0)
925.3819 	EXP 	responsel: foreColor = (0, 0, 0)
925.3985 	EXP 	responsel: foreColor = (0, 0, 0)
925.4153 	EXP 	responsel: foreColor = (0, 0, 0)
925.4319 	EXP 	responsel: foreColor = (0, 0, 0)
925.4486 	EXP 	responsel: foreColor = (0, 0, 0)
925.4653 	EXP 	responsel: foreColor = (0, 0, 0)
925.4819 	EXP 	responsel: foreColor = (0, 0, 0)
925.4819 	EXP 	thermode_locali_pic: autoDraw = False
925.4986 	EXP 	responsel: foreColor = (0, 0, 0)
925.4991 	EXP 	New trial (rep=2, index=0): None
925.5153 	EXP 	responsel: foreColor = (0, 0, 0)
925.5153 	EXP 	responsel: autoDraw = False
925.5153 	EXP 	percu_or: autoDraw = False
925.5153 	EXP 	responser: autoDraw = False
925.5153 	EXP 	thermode_locali_pic: autoDraw = False
925.5153 	EXP 	responsel: autoDraw = False
925.5153 	EXP 	percu_or: autoDraw = False
925.5153 	EXP 	responser: autoDraw = False
925.5153 	EXP 	responsel: foreColor = 'white'
925.5153 	EXP 	responser: foreColor = 'white'
925.5153 	EXP 	text_pic: autoDraw = True
925.5153 	EXP 	croix_3: autoDraw = True
930.5154 	EXP 	text_pic: autoDraw = False
930.5154 	EXP 	croix_3: autoDraw = False
930.5154 	EXP 	text_pic: autoDraw = False
930.5154 	EXP 	croix_3: autoDraw = False
930.5154 	EXP 	thermode_locali_pic: height = 0.02
930.5154 	EXP 	thermode_locali_pic: height = 0.02
930.5154 	EXP 	thermode_locali_pic: height = 0.02
930.5154 	EXP 	thermode_locali_pic: text = 'T : 2'
930.5154 	EXP 	responsel: text = 'OUI              '
930.5154 	EXP 	thermode_locali_pic: autoDraw = True
938.4986 	EXP 	responsel: autoDraw = True
938.4986 	EXP 	percu_or: autoDraw = True
938.4986 	EXP 	responser: autoDraw = True
938.8664 	DATA 	Keypress: n
938.8986 	EXP 	responser: foreColor = (0, 0, 0)
938.9153 	EXP 	responser: foreColor = (0, 0, 0)
938.9320 	EXP 	responser: foreColor = (0, 0, 0)
938.9486 	EXP 	responser: foreColor = (0, 0, 0)
938.9653 	EXP 	responser: foreColor = (0, 0, 0)
938.9820 	EXP 	responser: foreColor = (0, 0, 0)
938.9986 	EXP 	responser: foreColor = (0, 0, 0)
939.0153 	EXP 	responser: foreColor = (0, 0, 0)
939.0320 	EXP 	responser: foreColor = (0, 0, 0)
939.0486 	EXP 	responser: foreColor = (0, 0, 0)
939.0653 	EXP 	responser: foreColor = (0, 0, 0)
939.0820 	EXP 	responser: foreColor = (0, 0, 0)
939.0986 	EXP 	responser: foreColor = (0, 0, 0)
939.1153 	EXP 	responser: foreColor = (0, 0, 0)
939.1320 	EXP 	responser: foreColor = (0, 0, 0)
939.1486 	EXP 	responser: foreColor = (0, 0, 0)
939.1653 	EXP 	responser: foreColor = (0, 0, 0)
939.1820 	EXP 	responser: foreColor = (0, 0, 0)
939.1986 	EXP 	responser: foreColor = (0, 0, 0)
939.2153 	EXP 	responser: foreColor = (0, 0, 0)
939.2320 	EXP 	responser: foreColor = (0, 0, 0)
939.2486 	EXP 	responser: foreColor = (0, 0, 0)
939.2653 	EXP 	responser: foreColor = (0, 0, 0)
939.2820 	EXP 	responser: foreColor = (0, 0, 0)
939.2986 	EXP 	responser: foreColor = (0, 0, 0)
939.3153 	EXP 	responser: foreColor = (0, 0, 0)
939.3320 	EXP 	responser: foreColor = (0, 0, 0)
939.3486 	EXP 	responser: foreColor = (0, 0, 0)
939.3653 	EXP 	responser: foreColor = (0, 0, 0)
939.3820 	EXP 	responser: foreColor = (0, 0, 0)
939.3986 	EXP 	responser: foreColor = (0, 0, 0)
939.4153 	EXP 	responser: foreColor = (0, 0, 0)
939.4320 	EXP 	responser: foreColor = (0, 0, 0)
939.4486 	EXP 	responser: foreColor = (0, 0, 0)
939.4653 	EXP 	responser: foreColor = (0, 0, 0)
939.4820 	EXP 	responser: foreColor = (0, 0, 0)
939.4986 	EXP 	responser: foreColor = (0, 0, 0)
939.5153 	EXP 	responser: foreColor = (0, 0, 0)
939.5320 	EXP 	responser: foreColor = (0, 0, 0)
939.5486 	EXP 	responser: foreColor = (0, 0, 0)
939.5653 	EXP 	responser: foreColor = (0, 0, 0)
939.5820 	EXP 	responser: foreColor = (0, 0, 0)
939.5986 	EXP 	responser: foreColor = (0, 0, 0)
939.6153 	EXP 	responser: foreColor = (0, 0, 0)
939.6320 	EXP 	responser: foreColor = (0, 0, 0)
939.6486 	EXP 	responser: foreColor = (0, 0, 0)
939.6653 	EXP 	responser: foreColor = (0, 0, 0)
939.6820 	EXP 	responser: foreColor = (0, 0, 0)
939.6987 	EXP 	responser: foreColor = (0, 0, 0)
939.7153 	EXP 	responser: foreColor = (0, 0, 0)
939.7320 	EXP 	responser: foreColor = (0, 0, 0)
939.7487 	EXP 	responser: foreColor = (0, 0, 0)
939.7653 	EXP 	responser: foreColor = (0, 0, 0)
939.7820 	EXP 	responser: foreColor = (0, 0, 0)
939.7986 	EXP 	responser: foreColor = (0, 0, 0)
939.8153 	EXP 	responser: foreColor = (0, 0, 0)
939.8320 	EXP 	responser: foreColor = (0, 0, 0)
939.8487 	EXP 	responser: foreColor = (0, 0, 0)
939.8653 	EXP 	responser: foreColor = (0, 0, 0)
939.8820 	EXP 	responser: foreColor = (0, 0, 0)
939.8987 	EXP 	responser: foreColor = (0, 0, 0)
939.9153 	EXP 	responser: foreColor = (0, 0, 0)
939.9320 	EXP 	responser: foreColor = (0, 0, 0)
939.9486 	EXP 	responser: foreColor = (0, 0, 0)
939.9653 	EXP 	responser: foreColor = (0, 0, 0)
939.9820 	EXP 	responser: foreColor = (0, 0, 0)
939.9986 	EXP 	responser: foreColor = (0, 0, 0)
940.0153 	EXP 	responser: foreColor = (0, 0, 0)
940.0320 	EXP 	responser: foreColor = (0, 0, 0)
940.0486 	EXP 	responser: foreColor = (0, 0, 0)
940.0653 	EXP 	responser: foreColor = (0, 0, 0)
940.0820 	EXP 	responser: foreColor = (0, 0, 0)
940.0986 	EXP 	responser: foreColor = (0, 0, 0)
940.1153 	EXP 	responser: foreColor = (0, 0, 0)
940.1320 	EXP 	responser: foreColor = (0, 0, 0)
940.1486 	EXP 	responser: foreColor = (0, 0, 0)
940.1653 	EXP 	responser: foreColor = (0, 0, 0)
940.1820 	EXP 	responser: foreColor = (0, 0, 0)
940.1986 	EXP 	responser: foreColor = (0, 0, 0)
940.2153 	EXP 	responser: foreColor = (0, 0, 0)
940.2320 	EXP 	responser: foreColor = (0, 0, 0)
940.2486 	EXP 	responser: foreColor = (0, 0, 0)
940.2653 	EXP 	responser: foreColor = (0, 0, 0)
940.2820 	EXP 	responser: foreColor = (0, 0, 0)
940.2986 	EXP 	responser: foreColor = (0, 0, 0)
940.3153 	EXP 	responser: foreColor = (0, 0, 0)
940.3320 	EXP 	responser: foreColor = (0, 0, 0)
940.3486 	EXP 	responser: foreColor = (0, 0, 0)
940.3653 	EXP 	responser: foreColor = (0, 0, 0)
940.3820 	EXP 	responser: foreColor = (0, 0, 0)
940.3986 	EXP 	responser: foreColor = (0, 0, 0)
940.4153 	EXP 	responser: foreColor = (0, 0, 0)
940.4320 	EXP 	responser: foreColor = (0, 0, 0)
940.4486 	EXP 	responser: foreColor = (0, 0, 0)
940.4653 	EXP 	responser: foreColor = (0, 0, 0)
940.4820 	EXP 	responser: foreColor = (0, 0, 0)
940.4986 	EXP 	responser: foreColor = (0, 0, 0)
940.5153 	EXP 	responser: foreColor = (0, 0, 0)
940.5320 	EXP 	responser: foreColor = (0, 0, 0)
940.5486 	EXP 	responser: foreColor = (0, 0, 0)
940.5653 	EXP 	responser: foreColor = (0, 0, 0)
940.5820 	EXP 	responser: foreColor = (0, 0, 0)
940.5987 	EXP 	responser: foreColor = (0, 0, 0)
940.6153 	EXP 	responser: foreColor = (0, 0, 0)
940.6320 	EXP 	responser: foreColor = (0, 0, 0)
940.6487 	EXP 	responser: foreColor = (0, 0, 0)
940.6654 	EXP 	responser: foreColor = (0, 0, 0)
940.6820 	EXP 	responser: foreColor = (0, 0, 0)
940.6987 	EXP 	responser: foreColor = (0, 0, 0)
940.7153 	EXP 	responser: foreColor = (0, 0, 0)
940.7320 	EXP 	responser: foreColor = (0, 0, 0)
940.7487 	EXP 	responser: foreColor = (0, 0, 0)
940.7653 	EXP 	responser: foreColor = (0, 0, 0)
940.7820 	EXP 	responser: foreColor = (0, 0, 0)
940.7987 	EXP 	responser: foreColor = (0, 0, 0)
940.8153 	EXP 	responser: foreColor = (0, 0, 0)
940.8320 	EXP 	responser: foreColor = (0, 0, 0)
940.8487 	EXP 	responser: foreColor = (0, 0, 0)
940.8653 	EXP 	responser: foreColor = (0, 0, 0)
940.8820 	EXP 	responser: foreColor = (0, 0, 0)
940.8987 	EXP 	responser: foreColor = (0, 0, 0)
940.9154 	EXP 	responser: foreColor = (0, 0, 0)
940.9320 	EXP 	responser: foreColor = (0, 0, 0)
940.9487 	EXP 	responser: foreColor = (0, 0, 0)
940.9653 	EXP 	responser: foreColor = (0, 0, 0)
940.9820 	EXP 	responser: foreColor = (0, 0, 0)
940.9987 	EXP 	responser: foreColor = (0, 0, 0)
941.0153 	EXP 	responser: foreColor = (0, 0, 0)
941.0320 	EXP 	responser: foreColor = (0, 0, 0)
941.0487 	EXP 	responser: foreColor = (0, 0, 0)
941.0653 	EXP 	responser: foreColor = (0, 0, 0)
941.0820 	EXP 	responser: foreColor = (0, 0, 0)
941.0987 	EXP 	responser: foreColor = (0, 0, 0)
941.1154 	EXP 	responser: foreColor = (0, 0, 0)
941.1320 	EXP 	responser: foreColor = (0, 0, 0)
941.1487 	EXP 	responser: foreColor = (0, 0, 0)
941.1654 	EXP 	responser: foreColor = (0, 0, 0)
941.1820 	EXP 	responser: foreColor = (0, 0, 0)
941.1987 	EXP 	responser: foreColor = (0, 0, 0)
941.2153 	EXP 	responser: foreColor = (0, 0, 0)
941.2320 	EXP 	responser: foreColor = (0, 0, 0)
941.2487 	EXP 	responser: foreColor = (0, 0, 0)
941.2653 	EXP 	responser: foreColor = (0, 0, 0)
941.2820 	EXP 	responser: foreColor = (0, 0, 0)
941.2987 	EXP 	responser: foreColor = (0, 0, 0)
941.3153 	EXP 	responser: foreColor = (0, 0, 0)
941.3320 	EXP 	responser: foreColor = (0, 0, 0)
941.3487 	EXP 	responser: foreColor = (0, 0, 0)
941.3654 	EXP 	responser: foreColor = (0, 0, 0)
941.3820 	EXP 	responser: foreColor = (0, 0, 0)
941.3987 	EXP 	responser: foreColor = (0, 0, 0)
941.4153 	EXP 	responser: foreColor = (0, 0, 0)
941.4320 	EXP 	responser: foreColor = (0, 0, 0)
941.4487 	EXP 	responser: foreColor = (0, 0, 0)
941.4653 	EXP 	responser: foreColor = (0, 0, 0)
941.4653 	EXP 	thermode_locali_pic: autoDraw = False
941.4820 	EXP 	responser: foreColor = (0, 0, 0)
941.4825 	EXP 	New trial (rep=3, index=0): None
941.4987 	EXP 	responser: foreColor = (0, 0, 0)
941.4987 	EXP 	responsel: autoDraw = False
941.4987 	EXP 	percu_or: autoDraw = False
941.4987 	EXP 	responser: autoDraw = False
941.4987 	EXP 	thermode_locali_pic: autoDraw = False
941.4987 	EXP 	responsel: autoDraw = False
941.4987 	EXP 	percu_or: autoDraw = False
941.4987 	EXP 	responser: autoDraw = False
941.4987 	EXP 	responsel: foreColor = 'white'
941.4987 	EXP 	responser: foreColor = 'white'
941.4987 	EXP 	text_pic: autoDraw = True
941.4987 	EXP 	croix_3: autoDraw = True
946.4988 	EXP 	text_pic: autoDraw = False
946.4988 	EXP 	croix_3: autoDraw = False
946.4988 	EXP 	text_pic: autoDraw = False
946.4988 	EXP 	croix_3: autoDraw = False
946.4988 	EXP 	thermode_locali_pic: height = 0.02
946.4988 	EXP 	thermode_locali_pic: height = 0.02
946.4988 	EXP 	thermode_locali_pic: height = 0.02
946.4988 	EXP 	thermode_locali_pic: text = 'T : 3'
946.4988 	EXP 	responsel: text = 'OUI              '
946.4988 	EXP 	thermode_locali_pic: autoDraw = True
954.4823 	EXP 	responsel: autoDraw = True
954.4823 	EXP 	percu_or: autoDraw = True
954.4823 	EXP 	responser: autoDraw = True
954.8167 	DATA 	Keypress: n
954.8489 	EXP 	responser: foreColor = (0, 0, 0)
954.8656 	EXP 	responser: foreColor = (0, 0, 0)
954.8823 	EXP 	responser: foreColor = (0, 0, 0)
954.8989 	EXP 	responser: foreColor = (0, 0, 0)
954.9156 	EXP 	responser: foreColor = (0, 0, 0)
954.9323 	EXP 	responser: foreColor = (0, 0, 0)
954.9489 	EXP 	responser: foreColor = (0, 0, 0)
954.9656 	EXP 	responser: foreColor = (0, 0, 0)
954.9822 	EXP 	responser: foreColor = (0, 0, 0)
954.9989 	EXP 	responser: foreColor = (0, 0, 0)
955.0156 	EXP 	responser: foreColor = (0, 0, 0)
955.0323 	EXP 	responser: foreColor = (0, 0, 0)
955.0489 	EXP 	responser: foreColor = (0, 0, 0)
955.0656 	EXP 	responser: foreColor = (0, 0, 0)
955.0823 	EXP 	responser: foreColor = (0, 0, 0)
955.0989 	EXP 	responser: foreColor = (0, 0, 0)
955.1156 	EXP 	responser: foreColor = (0, 0, 0)
955.1323 	EXP 	responser: foreColor = (0, 0, 0)
955.1489 	EXP 	responser: foreColor = (0, 0, 0)
955.1656 	EXP 	responser: foreColor = (0, 0, 0)
955.1823 	EXP 	responser: foreColor = (0, 0, 0)
955.1989 	EXP 	responser: foreColor = (0, 0, 0)
955.2155 	EXP 	responser: foreColor = (0, 0, 0)
955.2322 	EXP 	responser: foreColor = (0, 0, 0)
955.2489 	EXP 	responser: foreColor = (0, 0, 0)
955.2656 	EXP 	responser: foreColor = (0, 0, 0)
955.2823 	EXP 	responser: foreColor = (0, 0, 0)
955.2989 	EXP 	responser: foreColor = (0, 0, 0)
955.3156 	EXP 	responser: foreColor = (0, 0, 0)
955.3323 	EXP 	responser: foreColor = (0, 0, 0)
955.3489 	EXP 	responser: foreColor = (0, 0, 0)
955.3656 	EXP 	responser: foreColor = (0, 0, 0)
955.3822 	EXP 	responser: foreColor = (0, 0, 0)
955.3989 	EXP 	responser: foreColor = (0, 0, 0)
955.4156 	EXP 	responser: foreColor = (0, 0, 0)
955.4323 	EXP 	responser: foreColor = (0, 0, 0)
955.4489 	EXP 	responser: foreColor = (0, 0, 0)
955.4656 	EXP 	responser: foreColor = (0, 0, 0)
955.4823 	EXP 	responser: foreColor = (0, 0, 0)
955.4989 	EXP 	responser: foreColor = (0, 0, 0)
955.5156 	EXP 	responser: foreColor = (0, 0, 0)
955.5323 	EXP 	responser: foreColor = (0, 0, 0)
955.5489 	EXP 	responser: foreColor = (0, 0, 0)
955.5656 	EXP 	responser: foreColor = (0, 0, 0)
955.5822 	EXP 	responser: foreColor = (0, 0, 0)
955.5988 	EXP 	responser: foreColor = (0, 0, 0)
955.6156 	EXP 	responser: foreColor = (0, 0, 0)
955.6323 	EXP 	responser: foreColor = (0, 0, 0)
955.6489 	EXP 	responser: foreColor = (0, 0, 0)
955.6656 	EXP 	responser: foreColor = (0, 0, 0)
955.6823 	EXP 	responser: foreColor = (0, 0, 0)
955.6989 	EXP 	responser: foreColor = (0, 0, 0)
955.7156 	EXP 	responser: foreColor = (0, 0, 0)
955.7323 	EXP 	responser: foreColor = (0, 0, 0)
955.7489 	EXP 	responser: foreColor = (0, 0, 0)
955.7656 	EXP 	responser: foreColor = (0, 0, 0)
955.7823 	EXP 	responser: foreColor = (0, 0, 0)
955.7989 	EXP 	responser: foreColor = (0, 0, 0)
955.8156 	EXP 	responser: foreColor = (0, 0, 0)
955.8323 	EXP 	responser: foreColor = (0, 0, 0)
955.8489 	EXP 	responser: foreColor = (0, 0, 0)
955.8656 	EXP 	responser: foreColor = (0, 0, 0)
955.8823 	EXP 	responser: foreColor = (0, 0, 0)
955.8989 	EXP 	responser: foreColor = (0, 0, 0)
955.9156 	EXP 	responser: foreColor = (0, 0, 0)
955.9323 	EXP 	responser: foreColor = (0, 0, 0)
955.9489 	EXP 	responser: foreColor = (0, 0, 0)
955.9656 	EXP 	responser: foreColor = (0, 0, 0)
955.9823 	EXP 	responser: foreColor = (0, 0, 0)
955.9989 	EXP 	responser: foreColor = (0, 0, 0)
956.0156 	EXP 	responser: foreColor = (0, 0, 0)
956.0323 	EXP 	responser: foreColor = (0, 0, 0)
956.0489 	EXP 	responser: foreColor = (0, 0, 0)
956.0656 	EXP 	responser: foreColor = (0, 0, 0)
956.0823 	EXP 	responser: foreColor = (0, 0, 0)
956.0989 	EXP 	responser: foreColor = (0, 0, 0)
956.1157 	EXP 	responser: foreColor = (0, 0, 0)
956.1324 	EXP 	responser: foreColor = (0, 0, 0)
956.1491 	EXP 	responser: foreColor = (0, 0, 0)
956.1658 	EXP 	responser: foreColor = (0, 0, 0)
956.1824 	EXP 	responser: foreColor = (0, 0, 0)
956.1989 	EXP 	responser: foreColor = (0, 0, 0)
956.2156 	EXP 	responser: foreColor = (0, 0, 0)
956.2323 	EXP 	responser: foreColor = (0, 0, 0)
956.2489 	EXP 	responser: foreColor = (0, 0, 0)
956.2655 	EXP 	responser: foreColor = (0, 0, 0)
956.2822 	EXP 	responser: foreColor = (0, 0, 0)
956.2988 	EXP 	responser: foreColor = (0, 0, 0)
956.3155 	EXP 	responser: foreColor = (0, 0, 0)
956.3322 	EXP 	responser: foreColor = (0, 0, 0)
956.3488 	EXP 	responser: foreColor = (0, 0, 0)
956.3655 	EXP 	responser: foreColor = (0, 0, 0)
956.3822 	EXP 	responser: foreColor = (0, 0, 0)
956.3988 	EXP 	responser: foreColor = (0, 0, 0)
956.4155 	EXP 	responser: foreColor = (0, 0, 0)
956.4322 	EXP 	responser: foreColor = (0, 0, 0)
956.4488 	EXP 	responser: foreColor = (0, 0, 0)
956.4655 	EXP 	responser: foreColor = (0, 0, 0)
956.4822 	EXP 	responser: foreColor = (0, 0, 0)
956.4988 	EXP 	responser: foreColor = (0, 0, 0)
956.5155 	EXP 	responser: foreColor = (0, 0, 0)
956.5322 	EXP 	responser: foreColor = (0, 0, 0)
956.5488 	EXP 	responser: foreColor = (0, 0, 0)
956.5655 	EXP 	responser: foreColor = (0, 0, 0)
956.5822 	EXP 	responser: foreColor = (0, 0, 0)
956.5989 	EXP 	responser: foreColor = (0, 0, 0)
956.6156 	EXP 	responser: foreColor = (0, 0, 0)
956.6323 	EXP 	responser: foreColor = (0, 0, 0)
956.6489 	EXP 	responser: foreColor = (0, 0, 0)
956.6656 	EXP 	responser: foreColor = (0, 0, 0)
956.6823 	EXP 	responser: foreColor = (0, 0, 0)
956.6989 	EXP 	responser: foreColor = (0, 0, 0)
956.7156 	EXP 	responser: foreColor = (0, 0, 0)
956.7323 	EXP 	responser: foreColor = (0, 0, 0)
956.7490 	EXP 	responser: foreColor = (0, 0, 0)
956.7656 	EXP 	responser: foreColor = (0, 0, 0)
956.7823 	EXP 	responser: foreColor = (0, 0, 0)
956.7989 	EXP 	responser: foreColor = (0, 0, 0)
956.8156 	EXP 	responser: foreColor = (0, 0, 0)
956.8323 	EXP 	responser: foreColor = (0, 0, 0)
956.8489 	EXP 	responser: foreColor = (0, 0, 0)
956.8656 	EXP 	responser: foreColor = (0, 0, 0)
956.8823 	EXP 	responser: foreColor = (0, 0, 0)
956.8989 	EXP 	responser: foreColor = (0, 0, 0)
956.9156 	EXP 	responser: foreColor = (0, 0, 0)
956.9323 	EXP 	responser: foreColor = (0, 0, 0)
956.9489 	EXP 	responser: foreColor = (0, 0, 0)
956.9656 	EXP 	responser: foreColor = (0, 0, 0)
956.9823 	EXP 	responser: foreColor = (0, 0, 0)
956.9989 	EXP 	responser: foreColor = (0, 0, 0)
957.0156 	EXP 	responser: foreColor = (0, 0, 0)
957.0323 	EXP 	responser: foreColor = (0, 0, 0)
957.0490 	EXP 	responser: foreColor = (0, 0, 0)
957.0656 	EXP 	responser: foreColor = (0, 0, 0)
957.0823 	EXP 	responser: foreColor = (0, 0, 0)
957.0989 	EXP 	responser: foreColor = (0, 0, 0)
957.1156 	EXP 	responser: foreColor = (0, 0, 0)
957.1322 	EXP 	responser: foreColor = (0, 0, 0)
957.1490 	EXP 	responser: foreColor = (0, 0, 0)
957.1656 	EXP 	responser: foreColor = (0, 0, 0)
957.1823 	EXP 	responser: foreColor = (0, 0, 0)
957.1990 	EXP 	responser: foreColor = (0, 0, 0)
957.2156 	EXP 	responser: foreColor = (0, 0, 0)
957.2323 	EXP 	responser: foreColor = (0, 0, 0)
957.2490 	EXP 	responser: foreColor = (0, 0, 0)
957.2656 	EXP 	responser: foreColor = (0, 0, 0)
957.2823 	EXP 	responser: foreColor = (0, 0, 0)
957.2989 	EXP 	responser: foreColor = (0, 0, 0)
957.3156 	EXP 	responser: foreColor = (0, 0, 0)
957.3323 	EXP 	responser: foreColor = (0, 0, 0)
957.3489 	EXP 	responser: foreColor = (0, 0, 0)
957.3656 	EXP 	responser: foreColor = (0, 0, 0)
957.3823 	EXP 	responser: foreColor = (0, 0, 0)
957.3990 	EXP 	responser: foreColor = (0, 0, 0)
957.4156 	EXP 	responser: foreColor = (0, 0, 0)
957.4322 	EXP 	responser: foreColor = (0, 0, 0)
957.4490 	EXP 	responser: foreColor = (0, 0, 0)
957.4490 	EXP 	thermode_locali_pic: autoDraw = False
957.4656 	EXP 	responser: foreColor = (0, 0, 0)
957.4822 	EXP 	responser: foreColor = (0, 0, 0)
957.4822 	EXP 	responsel: autoDraw = False
957.4822 	EXP 	percu_or: autoDraw = False
957.4822 	EXP 	responser: autoDraw = False
957.4822 	EXP 	thermode_locali_pic: autoDraw = False
957.4822 	EXP 	responsel: autoDraw = False
957.4822 	EXP 	percu_or: autoDraw = False
957.4822 	EXP 	responser: autoDraw = False
957.4822 	EXP 	responsel: foreColor = 'white'
957.4822 	EXP 	responser: foreColor = 'white'
957.4822 	EXP 	text_3: autoDraw = True
965.4158 	EXP 	New trial (rep=1, index=0): None
965.4162 	DATA 	Keypress: p
965.4323 	EXP 	text_3: autoDraw = False
965.4323 	EXP 	text_4: autoDraw = True
975.0996 	DATA 	Keypress: p
975.1157 	EXP 	text_4: autoDraw = False
975.1157 	EXP 	text_7: autoDraw = True
975.7159 	EXP 	Created sequence: sequential, trialTypes=1, nReps=16, seed=None
975.7161 	EXP 	New trial (rep=0, index=0): None
975.7189 	DATA 	Keypress: p
975.7324 	EXP 	text_7: autoDraw = False
975.7324 	EXP 	text_2: autoDraw = True
975.7324 	EXP 	croix: autoDraw = True
980.7325 	EXP 	text_2: autoDraw = False
980.7325 	EXP 	croix: autoDraw = False
980.7325 	EXP 	thermode_locali: autoDraw = True
992.7164 	EXP 	window1: mouseVisible = True
992.7173 	EXP 	Created unnamed Rect = Rect(__class__=<class 'psychopy.visual.rect.Rect'>, anchor=('center', 'center'), autoDraw=False, autoLog=True, closeShape=True, color=method-wrapper(...), colorSpace='rgb', contrast=None, depth=0, draggable=False, fillColor=array([1, 1, 1]), fillColorSpace='rgb', fillRGB=array([1, 1, 1]), interpolate=True, lineColor=array([1., 1., 1.]), lineColorSpace='rgb', lineRGB=array([1, 1, 1]), lineWidth=1.5, name='unnamed Rect', opacity=1.0, ori=0.0, pos=array([0., 0.]), size=array([0.01, 0.1 ]), units='norm', vertices=ndarray(...), win=Window(...))
992.7174 	EXP 	window1: mouseVisible = True
992.7175 	EXP 	window1: mouseVisible = True
992.7180 	EXP 	window1: mouseVisible = True
992.7203 	EXP 	window1: mouseVisible = True
992.7227 	EXP 	window1: mouseVisible = True
992.7229 	EXP 	window1: mouseVisible = True
992.7231 	EXP 	window1: mouseVisible = True
992.7233 	EXP 	window1: mouseVisible = True
992.7236 	EXP 	window1: mouseVisible = True
992.7237 	EXP 	window1: mouseVisible = True
992.7239 	EXP 	window1: mouseVisible = True
992.7240 	EXP 	window1: mouseVisible = True
992.7242 	EXP 	window1: mouseVisible = True
992.7243 	EXP 	window1: mouseVisible = True
992.7244 	EXP 	window1: mouseVisible = True
992.7245 	EXP 	window1: mouseVisible = True
992.7247 	EXP 	window1: mouseVisible = True
992.7248 	EXP 	window1: mouseVisible = True
992.7250 	EXP 	window1: mouseVisible = True
992.7252 	EXP 	window1: mouseVisible = True
992.7253 	EXP 	window1: mouseVisible = True
992.7255 	EXP 	window1: mouseVisible = True
992.7256 	EXP 	window1: mouseVisible = True
992.7257 	EXP 	window1: mouseVisible = True
992.7259 	EXP 	window1: mouseVisible = True
992.7260 	EXP 	window1: mouseVisible = True
992.7261 	EXP 	window1: mouseVisible = True
992.7263 	EXP 	window1: mouseVisible = True
992.7264 	EXP 	window1: mouseVisible = True
992.7265 	EXP 	window1: mouseVisible = True
992.7266 	EXP 	window1: mouseVisible = True
992.7268 	EXP 	window1: mouseVisible = True
992.7269 	EXP 	window1: mouseVisible = True
992.7270 	EXP 	window1: mouseVisible = True
992.7272 	EXP 	window1: mouseVisible = True
992.7273 	EXP 	window1: mouseVisible = True
992.7274 	EXP 	window1: mouseVisible = True
992.7275 	EXP 	window1: mouseVisible = True
992.7277 	EXP 	window1: mouseVisible = True
992.7278 	EXP 	window1: mouseVisible = True
992.7279 	EXP 	window1: mouseVisible = True
992.7280 	EXP 	window1: mouseVisible = True
992.7282 	EXP 	window1: mouseVisible = True
992.7283 	EXP 	window1: mouseVisible = True
992.7284 	EXP 	window1: mouseVisible = True
992.7286 	EXP 	window1: mouseVisible = True
992.7287 	EXP 	window1: mouseVisible = True
992.7288 	EXP 	window1: mouseVisible = True
992.7289 	EXP 	window1: mouseVisible = True
992.7291 	EXP 	window1: mouseVisible = True
992.7292 	EXP 	window1: mouseVisible = True
992.7294 	EXP 	window1: mouseVisible = True
992.7295 	EXP 	window1: mouseVisible = True
992.7296 	EXP 	window1: mouseVisible = True
992.7298 	EXP 	window1: mouseVisible = True
992.7299 	EXP 	window1: mouseVisible = True
992.7300 	EXP 	window1: mouseVisible = True
992.7301 	EXP 	window1: mouseVisible = True
992.7303 	EXP 	window1: mouseVisible = True
992.7304 	EXP 	window1: mouseVisible = True
992.7305 	EXP 	window1: mouseVisible = True
992.7307 	EXP 	window1: mouseVisible = True
992.7308 	EXP 	window1: mouseVisible = True
992.7309 	EXP 	window1: mouseVisible = True
992.7310 	EXP 	window1: mouseVisible = True
992.7312 	EXP 	window1: mouseVisible = True
992.7313 	EXP 	window1: mouseVisible = True
992.7314 	EXP 	window1: mouseVisible = True
992.7315 	EXP 	window1: mouseVisible = True
992.7317 	EXP 	window1: mouseVisible = True
992.7318 	EXP 	window1: mouseVisible = True
992.7319 	EXP 	window1: mouseVisible = True
992.7320 	EXP 	window1: mouseVisible = True
992.7322 	EXP 	window1: mouseVisible = True
992.7323 	EXP 	window1: mouseVisible = True
992.7324 	EXP 	window1: mouseVisible = True
992.7325 	EXP 	window1: mouseVisible = True
992.7327 	EXP 	window1: mouseVisible = True
992.7328 	EXP 	window1: mouseVisible = True
992.7329 	EXP 	window1: mouseVisible = True
992.7331 	EXP 	window1: mouseVisible = True
992.7332 	EXP 	window1: mouseVisible = True
992.7333 	EXP 	window1: mouseVisible = True
992.7335 	EXP 	window1: mouseVisible = True
992.7336 	EXP 	window1: mouseVisible = True
992.7337 	EXP 	window1: mouseVisible = True
992.7338 	EXP 	window1: mouseVisible = True
992.7340 	EXP 	window1: mouseVisible = True
992.7341 	EXP 	window1: mouseVisible = True
992.7342 	EXP 	window1: mouseVisible = True
992.7343 	EXP 	window1: mouseVisible = True
992.7345 	EXP 	window1: mouseVisible = True
992.7346 	EXP 	window1: mouseVisible = True
992.7347 	EXP 	window1: mouseVisible = True
992.7348 	EXP 	window1: mouseVisible = True
992.7350 	EXP 	window1: mouseVisible = True
992.7351 	EXP 	window1: mouseVisible = True
992.7352 	EXP 	window1: mouseVisible = True
992.7353 	EXP 	window1: mouseVisible = True
992.7355 	EXP 	window1: mouseVisible = True
992.7356 	EXP 	window1: mouseVisible = True
992.7357 	EXP 	window1: mouseVisible = True
992.7358 	EXP 	window1: mouseVisible = True
992.7360 	EXP 	window1: mouseVisible = True
992.7395 	EXP 	Created ratingScale = RatingScale(__class__=type(...), acceptKeys=['return'], acceptPreText=UNKNOWN, acceptSize=UNKNOWN, acceptText=UNKNOWN, autoLog=True, choices=False, colorSpace='rgb', depth=0, disappear=False, flipVert=False, high=100, kwargs=UNKNOWN, labels=list(...), leftKeys=['left'], lineColor=(255, 255, 255), low=0, marker=Rect(...), markerColor=(255, 255, 255), markerExpansion=UNKNOWN, markerStart=0.5, maxTime=0.0, minTime=0.4, mouseOnly=False, name='ratingScale', noMouse=False, pos=[0.0, 0.0], precision=100, respKeys=[], rightKeys=['right'], scale=None, self=UNKNOWN, showAccept=False, showValue=False, singleClick=False, size=0.6, skipKeys=['tab'], stretch=2.0, textColor='white', textFont='Helvetica Bold', textSize=0.144, tickHeight=0, tickMarks=10.0, win=Window(...))
992.7396 	EXP 	RatingScale ratingScale: reset()
992.7417 	EXP 	window1: mouseVisible = False
992.7492 	EXP 	thermode_locali: autoDraw = False
992.7492 	EXP 	ratingScale: flipVert = False
992.7492 	EXP 	ratingScale: autoLog = True
992.7507 	EXP 	window1: mouseVisible = False
992.7675 	EXP 	window1: mouseVisible = False
992.7841 	EXP 	window1: mouseVisible = False
992.8008 	EXP 	window1: mouseVisible = False
992.8175 	EXP 	window1: mouseVisible = False
992.8341 	EXP 	window1: mouseVisible = False
992.8507 	EXP 	window1: mouseVisible = False
992.8674 	EXP 	window1: mouseVisible = False
992.8841 	EXP 	window1: mouseVisible = False
992.9007 	EXP 	window1: mouseVisible = False
992.9174 	EXP 	window1: mouseVisible = False
992.9341 	EXP 	window1: mouseVisible = False
992.9508 	EXP 	window1: mouseVisible = False
992.9675 	EXP 	window1: mouseVisible = False
992.9841 	EXP 	window1: mouseVisible = False
993.0009 	EXP 	window1: mouseVisible = False
993.0174 	EXP 	window1: mouseVisible = False
993.0341 	EXP 	window1: mouseVisible = False
993.0508 	EXP 	window1: mouseVisible = False
993.0675 	EXP 	window1: mouseVisible = False
993.0841 	EXP 	window1: mouseVisible = False
993.1007 	EXP 	window1: mouseVisible = False
993.1174 	EXP 	window1: mouseVisible = False
993.1341 	EXP 	window1: mouseVisible = False
993.1509 	EXP 	window1: mouseVisible = False
993.1674 	EXP 	window1: mouseVisible = False
993.1841 	EXP 	window1: mouseVisible = False
993.2007 	EXP 	window1: mouseVisible = False
993.2174 	EXP 	window1: mouseVisible = False
993.2341 	EXP 	window1: mouseVisible = False
993.2508 	EXP 	window1: mouseVisible = False
993.2681 	EXP 	window1: mouseVisible = False
993.2841 	EXP 	window1: mouseVisible = False
993.3007 	EXP 	window1: mouseVisible = False
993.3174 	EXP 	window1: mouseVisible = False
993.3340 	DATA 	Keypress: n
993.3345 	EXP 	window1: mouseVisible = False
993.3508 	EXP 	window1: mouseVisible = False
993.3675 	EXP 	window1: mouseVisible = False
993.3841 	EXP 	window1: mouseVisible = False
993.4008 	EXP 	window1: mouseVisible = False
993.4174 	EXP 	window1: mouseVisible = False
993.4348 	EXP 	window1: mouseVisible = False
993.4508 	EXP 	window1: mouseVisible = False
993.4675 	EXP 	window1: mouseVisible = False
993.4841 	EXP 	window1: mouseVisible = False
993.5007 	EXP 	window1: mouseVisible = False
993.5174 	EXP 	window1: mouseVisible = False
993.5341 	EXP 	window1: mouseVisible = False
993.5508 	EXP 	window1: mouseVisible = False
993.5674 	EXP 	window1: mouseVisible = False
993.5841 	EXP 	window1: mouseVisible = False
993.6008 	EXP 	window1: mouseVisible = False
993.6174 	EXP 	window1: mouseVisible = False
993.6341 	EXP 	window1: mouseVisible = False
993.6507 	EXP 	window1: mouseVisible = False
993.6674 	EXP 	window1: mouseVisible = False
993.6841 	EXP 	window1: mouseVisible = False
993.7007 	EXP 	window1: mouseVisible = False
993.7177 	EXP 	window1: mouseVisible = False
993.7341 	EXP 	window1: mouseVisible = False
993.7507 	EXP 	window1: mouseVisible = False
993.7673 	EXP 	window1: mouseVisible = False
993.7840 	EXP 	window1: mouseVisible = False
993.8007 	EXP 	window1: mouseVisible = False
993.8174 	EXP 	window1: mouseVisible = False
993.8340 	EXP 	window1: mouseVisible = False
993.8508 	EXP 	window1: mouseVisible = False
993.8673 	EXP 	window1: mouseVisible = False
993.8841 	EXP 	window1: mouseVisible = False
993.9007 	EXP 	window1: mouseVisible = False
993.9174 	EXP 	window1: mouseVisible = False
993.9341 	EXP 	window1: mouseVisible = False
993.9508 	EXP 	window1: mouseVisible = False
993.9675 	EXP 	window1: mouseVisible = False
993.9841 	EXP 	window1: mouseVisible = False
994.0008 	EXP 	window1: mouseVisible = False
994.0174 	EXP 	window1: mouseVisible = False
994.0340 	EXP 	window1: mouseVisible = False
994.0508 	EXP 	window1: mouseVisible = False
994.0674 	EXP 	window1: mouseVisible = False
994.0841 	EXP 	window1: mouseVisible = False
994.1007 	EXP 	window1: mouseVisible = False
994.1174 	EXP 	window1: mouseVisible = False
994.1341 	EXP 	window1: mouseVisible = False
994.1507 	EXP 	window1: mouseVisible = False
994.1674 	EXP 	window1: mouseVisible = False
994.1841 	EXP 	window1: mouseVisible = False
994.2007 	EXP 	window1: mouseVisible = False
994.2174 	EXP 	window1: mouseVisible = False
994.2341 	EXP 	window1: mouseVisible = False
994.2508 	EXP 	window1: mouseVisible = False
994.2673 	EXP 	window1: mouseVisible = False
994.2842 	EXP 	window1: mouseVisible = False
994.3009 	EXP 	window1: mouseVisible = False
994.3176 	EXP 	window1: mouseVisible = False
994.3342 	EXP 	window1: mouseVisible = False
994.3508 	EXP 	window1: mouseVisible = False
994.3675 	EXP 	window1: mouseVisible = False
994.3843 	EXP 	window1: mouseVisible = False
994.4009 	EXP 	window1: mouseVisible = False
994.4175 	EXP 	window1: mouseVisible = False
994.4348 	EXP 	window1: mouseVisible = False
994.4507 	EXP 	window1: mouseVisible = False
994.4674 	EXP 	window1: mouseVisible = False
994.4840 	EXP 	window1: mouseVisible = False
994.5008 	EXP 	window1: mouseVisible = False
994.5174 	EXP 	window1: mouseVisible = False
994.5342 	EXP 	window1: mouseVisible = False
994.5507 	EXP 	window1: mouseVisible = False
994.5674 	EXP 	window1: mouseVisible = False
994.5841 	EXP 	window1: mouseVisible = False
994.6008 	EXP 	window1: mouseVisible = False
994.6174 	EXP 	window1: mouseVisible = False
994.6340 	EXP 	window1: mouseVisible = False
994.6508 	EXP 	window1: mouseVisible = False
994.6674 	EXP 	window1: mouseVisible = False
994.6841 	EXP 	window1: mouseVisible = False
994.7007 	EXP 	window1: mouseVisible = False
994.7175 	EXP 	window1: mouseVisible = False
994.7342 	EXP 	window1: mouseVisible = False
994.7508 	EXP 	window1: mouseVisible = False
994.7676 	EXP 	window1: mouseVisible = False
994.7850 	EXP 	window1: mouseVisible = False
994.8009 	EXP 	window1: mouseVisible = False
994.8174 	EXP 	window1: mouseVisible = False
994.8341 	EXP 	window1: mouseVisible = False
994.8507 	EXP 	window1: mouseVisible = False
994.8674 	EXP 	window1: mouseVisible = False
994.8840 	EXP 	window1: mouseVisible = False
994.9008 	EXP 	window1: mouseVisible = False
994.9174 	EXP 	window1: mouseVisible = False
994.9341 	EXP 	window1: mouseVisible = False
994.9507 	EXP 	window1: mouseVisible = False
994.9674 	EXP 	window1: mouseVisible = False
994.9840 	EXP 	window1: mouseVisible = False
995.0008 	EXP 	window1: mouseVisible = False
995.0173 	EXP 	window1: mouseVisible = False
995.0343 	EXP 	window1: mouseVisible = False
995.0507 	EXP 	window1: mouseVisible = False
995.0674 	EXP 	window1: mouseVisible = False
995.0841 	EXP 	window1: mouseVisible = False
995.1007 	EXP 	window1: mouseVisible = False
995.1174 	EXP 	window1: mouseVisible = False
995.1342 	EXP 	window1: mouseVisible = False
995.1509 	EXP 	window1: mouseVisible = False
995.1674 	EXP 	window1: mouseVisible = False
995.1840 	EXP 	window1: mouseVisible = False
995.2007 	EXP 	window1: mouseVisible = False
995.2175 	EXP 	window1: mouseVisible = False
995.2340 	EXP 	window1: mouseVisible = False
995.2507 	EXP 	window1: mouseVisible = False
995.2674 	EXP 	window1: mouseVisible = False
995.2840 	EXP 	window1: mouseVisible = False
995.3007 	EXP 	window1: mouseVisible = False
995.3174 	EXP 	window1: mouseVisible = False
995.3340 	EXP 	window1: mouseVisible = False
995.3507 	EXP 	window1: mouseVisible = False
995.3670 	DATA 	Keypress: n
995.3675 	EXP 	window1: mouseVisible = False
995.3840 	EXP 	window1: mouseVisible = False
995.4007 	EXP 	window1: mouseVisible = False
995.4174 	EXP 	window1: mouseVisible = False
995.4346 	EXP 	window1: mouseVisible = False
995.4507 	EXP 	window1: mouseVisible = False
995.4674 	EXP 	window1: mouseVisible = False
995.4841 	EXP 	window1: mouseVisible = False
995.5007 	EXP 	window1: mouseVisible = False
995.5174 	EXP 	window1: mouseVisible = False
995.5340 	EXP 	window1: mouseVisible = False
995.5507 	EXP 	window1: mouseVisible = False
995.5674 	EXP 	window1: mouseVisible = False
995.5841 	EXP 	window1: mouseVisible = False
995.6007 	EXP 	window1: mouseVisible = False
995.6174 	EXP 	window1: mouseVisible = False
995.6341 	EXP 	window1: mouseVisible = False
995.6507 	EXP 	window1: mouseVisible = False
995.6674 	EXP 	window1: mouseVisible = False
995.6840 	EXP 	window1: mouseVisible = False
995.7007 	EXP 	window1: mouseVisible = False
995.7174 	EXP 	window1: mouseVisible = False
995.7340 	EXP 	window1: mouseVisible = False
995.7507 	EXP 	window1: mouseVisible = False
995.7674 	EXP 	window1: mouseVisible = False
995.7840 	EXP 	window1: mouseVisible = False
995.8007 	EXP 	window1: mouseVisible = False
995.8176 	DATA 	Keypress: space
995.9184 	EXP 	New trial (rep=1, index=0): None
995.9327 	EXP 	main_text: autoDraw = True
995.9327 	EXP 	confirm_text: autoDraw = True
995.9327 	EXP 	ratingScale: autoDraw = False
995.9327 	EXP 	main_text: autoDraw = False
995.9327 	EXP 	confirm_text: autoDraw = False
995.9327 	EXP 	text_2: autoDraw = True
995.9327 	EXP 	croix: autoDraw = True
1000.9327 	EXP 	text_2: autoDraw = False
1000.9327 	EXP 	croix: autoDraw = False
1000.9327 	EXP 	text_2: autoDraw = False
1000.9327 	EXP 	croix: autoDraw = False
1000.9327 	EXP 	thermode_locali: autoDraw = True
1012.9167 	EXP 	window1: mouseVisible = True
1012.9175 	EXP 	Created unnamed Rect = Rect(__class__=<class 'psychopy.visual.rect.Rect'>, anchor=('center', 'center'), autoDraw=False, autoLog=True, closeShape=True, color=method-wrapper(...), colorSpace='rgb', contrast=None, depth=0, draggable=False, fillColor=array([1, 1, 1]), fillColorSpace='rgb', fillRGB=array([1, 1, 1]), interpolate=True, lineColor=array([1., 1., 1.]), lineColorSpace='rgb', lineRGB=array([1, 1, 1]), lineWidth=1.5, name='unnamed Rect', opacity=1.0, ori=0.0, pos=array([0., 0.]), size=array([0.01, 0.1 ]), units='norm', vertices=ndarray(...), win=Window(...))
1012.9176 	EXP 	window1: mouseVisible = True
1012.9177 	EXP 	window1: mouseVisible = True
1012.9185 	EXP 	window1: mouseVisible = True
1012.9196 	EXP 	window1: mouseVisible = True
1012.9207 	EXP 	window1: mouseVisible = True
1012.9209 	EXP 	window1: mouseVisible = True
1012.9210 	EXP 	window1: mouseVisible = True
1012.9212 	EXP 	window1: mouseVisible = True
1012.9213 	EXP 	window1: mouseVisible = True
1012.9214 	EXP 	window1: mouseVisible = True
1012.9216 	EXP 	window1: mouseVisible = True
1012.9217 	EXP 	window1: mouseVisible = True
1012.9218 	EXP 	window1: mouseVisible = True
1012.9220 	EXP 	window1: mouseVisible = True
1012.9221 	EXP 	window1: mouseVisible = True
1012.9222 	EXP 	window1: mouseVisible = True
1012.9223 	EXP 	window1: mouseVisible = True
1012.9225 	EXP 	window1: mouseVisible = True
1012.9226 	EXP 	window1: mouseVisible = True
1012.9227 	EXP 	window1: mouseVisible = True
1012.9229 	EXP 	window1: mouseVisible = True
1012.9230 	EXP 	window1: mouseVisible = True
1012.9231 	EXP 	window1: mouseVisible = True
1012.9232 	EXP 	window1: mouseVisible = True
1012.9234 	EXP 	window1: mouseVisible = True
1012.9236 	EXP 	window1: mouseVisible = True
1012.9237 	EXP 	window1: mouseVisible = True
1012.9239 	EXP 	window1: mouseVisible = True
1012.9240 	EXP 	window1: mouseVisible = True
1012.9242 	EXP 	window1: mouseVisible = True
1012.9243 	EXP 	window1: mouseVisible = True
1012.9244 	EXP 	window1: mouseVisible = True
1012.9246 	EXP 	window1: mouseVisible = True
1012.9247 	EXP 	window1: mouseVisible = True
1012.9248 	EXP 	window1: mouseVisible = True
1012.9249 	EXP 	window1: mouseVisible = True
1012.9251 	EXP 	window1: mouseVisible = True
1012.9252 	EXP 	window1: mouseVisible = True
1012.9253 	EXP 	window1: mouseVisible = True
1012.9255 	EXP 	window1: mouseVisible = True
1012.9256 	EXP 	window1: mouseVisible = True
1012.9257 	EXP 	window1: mouseVisible = True
1012.9258 	EXP 	window1: mouseVisible = True
1012.9260 	EXP 	window1: mouseVisible = True
1012.9261 	EXP 	window1: mouseVisible = True
1012.9262 	EXP 	window1: mouseVisible = True
1012.9263 	EXP 	window1: mouseVisible = True
1012.9265 	EXP 	window1: mouseVisible = True
1012.9266 	EXP 	window1: mouseVisible = True
1012.9267 	EXP 	window1: mouseVisible = True
1012.9269 	EXP 	window1: mouseVisible = True
1012.9270 	EXP 	window1: mouseVisible = True
1012.9271 	EXP 	window1: mouseVisible = True
1012.9272 	EXP 	window1: mouseVisible = True
1012.9274 	EXP 	window1: mouseVisible = True
1012.9275 	EXP 	window1: mouseVisible = True
1012.9277 	EXP 	window1: mouseVisible = True
1012.9278 	EXP 	window1: mouseVisible = True
1012.9279 	EXP 	window1: mouseVisible = True
1012.9281 	EXP 	window1: mouseVisible = True
1012.9282 	EXP 	window1: mouseVisible = True
1012.9283 	EXP 	window1: mouseVisible = True
1012.9285 	EXP 	window1: mouseVisible = True
1012.9286 	EXP 	window1: mouseVisible = True
1012.9287 	EXP 	window1: mouseVisible = True
1012.9288 	EXP 	window1: mouseVisible = True
1012.9290 	EXP 	window1: mouseVisible = True
1012.9291 	EXP 	window1: mouseVisible = True
1012.9292 	EXP 	window1: mouseVisible = True
1012.9293 	EXP 	window1: mouseVisible = True
1012.9295 	EXP 	window1: mouseVisible = True
1012.9296 	EXP 	window1: mouseVisible = True
1012.9297 	EXP 	window1: mouseVisible = True
1012.9298 	EXP 	window1: mouseVisible = True
1012.9300 	EXP 	window1: mouseVisible = True
1012.9301 	EXP 	window1: mouseVisible = True
1012.9302 	EXP 	window1: mouseVisible = True
1012.9304 	EXP 	window1: mouseVisible = True
1012.9305 	EXP 	window1: mouseVisible = True
1012.9306 	EXP 	window1: mouseVisible = True
1012.9307 	EXP 	window1: mouseVisible = True
1012.9309 	EXP 	window1: mouseVisible = True
1012.9310 	EXP 	window1: mouseVisible = True
1012.9311 	EXP 	window1: mouseVisible = True
1012.9312 	EXP 	window1: mouseVisible = True
1012.9314 	EXP 	window1: mouseVisible = True
1012.9315 	EXP 	window1: mouseVisible = True
1012.9317 	EXP 	window1: mouseVisible = True
1012.9318 	EXP 	window1: mouseVisible = True
1012.9319 	EXP 	window1: mouseVisible = True
1012.9320 	EXP 	window1: mouseVisible = True
1012.9322 	EXP 	window1: mouseVisible = True
1012.9323 	EXP 	window1: mouseVisible = True
1012.9324 	EXP 	window1: mouseVisible = True
1012.9326 	EXP 	window1: mouseVisible = True
1012.9327 	EXP 	window1: mouseVisible = True
1012.9328 	EXP 	window1: mouseVisible = True
1012.9329 	EXP 	window1: mouseVisible = True
1012.9331 	EXP 	window1: mouseVisible = True
1012.9332 	EXP 	window1: mouseVisible = True
1012.9333 	EXP 	window1: mouseVisible = True
1012.9334 	EXP 	window1: mouseVisible = True
1012.9336 	EXP 	window1: mouseVisible = True
1012.9337 	EXP 	window1: mouseVisible = True
1012.9358 	EXP 	Created ratingScale = RatingScale(__class__=type(...), acceptKeys=['return'], acceptPreText=UNKNOWN, acceptSize=UNKNOWN, acceptText=UNKNOWN, autoLog=True, choices=False, colorSpace='rgb', depth=0, disappear=False, flipVert=False, high=100, kwargs=UNKNOWN, labels=list(...), leftKeys=['left'], lineColor=(255, 255, 255), low=0, marker=Rect(...), markerColor=(255, 255, 255), markerExpansion=UNKNOWN, markerStart=0.5, maxTime=0.0, minTime=0.4, mouseOnly=False, name='ratingScale', noMouse=False, pos=[0.0, 0.0], precision=100, respKeys=[], rightKeys=['right'], scale=None, self=UNKNOWN, showAccept=False, showValue=False, singleClick=False, size=0.6, skipKeys=['tab'], stretch=2.0, textColor='white', textFont='Helvetica Bold', textSize=0.144, tickHeight=0, tickMarks=10.0, win=Window(...))
1012.9358 	EXP 	RatingScale ratingScale: reset()
1012.9379 	EXP 	window1: mouseVisible = False
1012.9495 	EXP 	thermode_locali: autoDraw = False
1012.9495 	EXP 	thermode_locali: autoDraw = False
1012.9495 	EXP 	ratingScale: flipVert = False
1012.9495 	EXP 	ratingScale: autoLog = True
1012.9510 	EXP 	window1: mouseVisible = False
1012.9676 	EXP 	window1: mouseVisible = False
1012.9843 	EXP 	window1: mouseVisible = False
1013.0009 	EXP 	window1: mouseVisible = False
1013.0177 	EXP 	window1: mouseVisible = False
1013.0343 	EXP 	window1: mouseVisible = False
1013.0509 	EXP 	window1: mouseVisible = False
1013.0676 	EXP 	window1: mouseVisible = False
1013.0843 	EXP 	window1: mouseVisible = False
1013.1009 	EXP 	window1: mouseVisible = False
1013.1178 	EXP 	window1: mouseVisible = False
1013.1343 	EXP 	window1: mouseVisible = False
1013.1509 	EXP 	window1: mouseVisible = False
1013.1676 	EXP 	window1: mouseVisible = False
1013.1843 	EXP 	window1: mouseVisible = False
1013.2009 	EXP 	window1: mouseVisible = False
1013.2176 	EXP 	window1: mouseVisible = False
1013.2343 	EXP 	window1: mouseVisible = False
1013.2509 	EXP 	window1: mouseVisible = False
1013.2679 	EXP 	window1: mouseVisible = False
1013.2842 	EXP 	window1: mouseVisible = False
1013.3007 	DATA 	Keypress: n
1013.3013 	EXP 	window1: mouseVisible = False
1013.3177 	EXP 	window1: mouseVisible = False
1013.3343 	EXP 	window1: mouseVisible = False
1013.3509 	EXP 	window1: mouseVisible = False
1013.3680 	EXP 	window1: mouseVisible = False
1013.3843 	EXP 	window1: mouseVisible = False
1013.4010 	EXP 	window1: mouseVisible = False
1013.4177 	EXP 	window1: mouseVisible = False
1013.4348 	EXP 	window1: mouseVisible = False
1013.4509 	EXP 	window1: mouseVisible = False
1013.4699 	EXP 	window1: mouseVisible = False
1013.4844 	EXP 	window1: mouseVisible = False
1013.5010 	EXP 	window1: mouseVisible = False
1013.5178 	EXP 	window1: mouseVisible = False
1013.5343 	EXP 	window1: mouseVisible = False
1013.5509 	EXP 	window1: mouseVisible = False
1013.5677 	EXP 	window1: mouseVisible = False
1013.5843 	EXP 	window1: mouseVisible = False
1013.6009 	EXP 	window1: mouseVisible = False
1013.6177 	EXP 	window1: mouseVisible = False
1013.6342 	EXP 	window1: mouseVisible = False
1013.6509 	EXP 	window1: mouseVisible = False
1013.6676 	EXP 	window1: mouseVisible = False
1013.6842 	EXP 	window1: mouseVisible = False
1013.7011 	EXP 	window1: mouseVisible = False
1013.7178 	EXP 	window1: mouseVisible = False
1013.7343 	EXP 	window1: mouseVisible = False
1013.7509 	EXP 	window1: mouseVisible = False
1013.7676 	EXP 	window1: mouseVisible = False
1013.7843 	EXP 	window1: mouseVisible = False
1013.8009 	EXP 	window1: mouseVisible = False
1013.8179 	EXP 	window1: mouseVisible = False
1013.8343 	EXP 	window1: mouseVisible = False
1013.8510 	EXP 	window1: mouseVisible = False
1013.8678 	EXP 	window1: mouseVisible = False
1013.8848 	EXP 	window1: mouseVisible = False
1013.9011 	EXP 	window1: mouseVisible = False
1013.9177 	EXP 	window1: mouseVisible = False
1013.9345 	EXP 	window1: mouseVisible = False
1013.9510 	EXP 	window1: mouseVisible = False
1013.9676 	EXP 	window1: mouseVisible = False
1013.9843 	EXP 	window1: mouseVisible = False
1014.0010 	EXP 	window1: mouseVisible = False
1014.0177 	EXP 	window1: mouseVisible = False
1014.0343 	EXP 	window1: mouseVisible = False
1014.0509 	EXP 	window1: mouseVisible = False
1014.0676 	EXP 	window1: mouseVisible = False
1014.0843 	EXP 	window1: mouseVisible = False
1014.1010 	EXP 	window1: mouseVisible = False
1014.1176 	EXP 	window1: mouseVisible = False
1014.1344 	EXP 	window1: mouseVisible = False
1014.1509 	EXP 	window1: mouseVisible = False
1014.1681 	EXP 	window1: mouseVisible = False
1014.1843 	EXP 	window1: mouseVisible = False
1014.2011 	EXP 	window1: mouseVisible = False
1014.2176 	EXP 	window1: mouseVisible = False
1014.2343 	EXP 	window1: mouseVisible = False
1014.2509 	EXP 	window1: mouseVisible = False
1014.2677 	EXP 	window1: mouseVisible = False
1014.2843 	EXP 	window1: mouseVisible = False
1014.3010 	EXP 	window1: mouseVisible = False
1014.3176 	EXP 	window1: mouseVisible = False
1014.3345 	EXP 	window1: mouseVisible = False
1014.3510 	EXP 	window1: mouseVisible = False
1014.3677 	EXP 	window1: mouseVisible = False
1014.3843 	EXP 	window1: mouseVisible = False
1014.4010 	EXP 	window1: mouseVisible = False
1014.4176 	EXP 	window1: mouseVisible = False
1014.4348 	EXP 	window1: mouseVisible = False
1014.4510 	EXP 	window1: mouseVisible = False
1014.4688 	EXP 	window1: mouseVisible = False
1014.4853 	EXP 	window1: mouseVisible = False
1014.5012 	EXP 	window1: mouseVisible = False
1014.5179 	EXP 	window1: mouseVisible = False
1014.5344 	EXP 	window1: mouseVisible = False
1014.5513 	EXP 	window1: mouseVisible = False
1014.5677 	EXP 	window1: mouseVisible = False
1014.5843 	EXP 	window1: mouseVisible = False
1014.6010 	EXP 	window1: mouseVisible = False
1014.6176 	EXP 	window1: mouseVisible = False
1014.6344 	EXP 	window1: mouseVisible = False
1014.6510 	EXP 	window1: mouseVisible = False
1014.6676 	EXP 	window1: mouseVisible = False
1014.6844 	EXP 	window1: mouseVisible = False
1014.7010 	EXP 	window1: mouseVisible = False
1014.7176 	EXP 	window1: mouseVisible = False
1014.7348 	EXP 	window1: mouseVisible = False
1014.7511 	EXP 	window1: mouseVisible = False
1014.7677 	EXP 	window1: mouseVisible = False
1014.7844 	EXP 	window1: mouseVisible = False
1014.8011 	EXP 	window1: mouseVisible = False
1014.8177 	EXP 	window1: mouseVisible = False
1014.8344 	EXP 	window1: mouseVisible = False
1014.8509 	EXP 	window1: mouseVisible = False
1014.8678 	EXP 	window1: mouseVisible = False
1014.8844 	EXP 	window1: mouseVisible = False
1014.9010 	EXP 	window1: mouseVisible = False
1014.9177 	EXP 	window1: mouseVisible = False
1014.9344 	EXP 	window1: mouseVisible = False
1014.9511 	EXP 	window1: mouseVisible = False
1014.9677 	EXP 	window1: mouseVisible = False
1014.9844 	EXP 	window1: mouseVisible = False
1015.0009 	EXP 	window1: mouseVisible = False
1015.0177 	EXP 	window1: mouseVisible = False
1015.0344 	EXP 	window1: mouseVisible = False
1015.0510 	EXP 	window1: mouseVisible = False
1015.0678 	EXP 	window1: mouseVisible = False
1015.0843 	EXP 	window1: mouseVisible = False
1015.1011 	EXP 	window1: mouseVisible = False
1015.1177 	EXP 	window1: mouseVisible = False
1015.1345 	EXP 	window1: mouseVisible = False
1015.1510 	EXP 	window1: mouseVisible = False
1015.1678 	EXP 	window1: mouseVisible = False
1015.1843 	EXP 	window1: mouseVisible = False
1015.2011 	EXP 	window1: mouseVisible = False
1015.2180 	EXP 	window1: mouseVisible = False
1015.2344 	EXP 	window1: mouseVisible = False
1015.2511 	EXP 	window1: mouseVisible = False
1015.2677 	EXP 	window1: mouseVisible = False
1015.2844 	EXP 	window1: mouseVisible = False
1015.3010 	EXP 	window1: mouseVisible = False
1015.3177 	EXP 	window1: mouseVisible = False
1015.3345 	EXP 	window1: mouseVisible = False
1015.3512 	EXP 	window1: mouseVisible = False
1015.3678 	EXP 	window1: mouseVisible = False
1015.3844 	EXP 	window1: mouseVisible = False
1015.4010 	EXP 	window1: mouseVisible = False
1015.4177 	EXP 	window1: mouseVisible = False
1015.4350 	EXP 	window1: mouseVisible = False
1015.4510 	EXP 	window1: mouseVisible = False
1015.4677 	EXP 	window1: mouseVisible = False
1015.4843 	EXP 	window1: mouseVisible = False
1015.5010 	EXP 	window1: mouseVisible = False
1015.5177 	EXP 	window1: mouseVisible = False
1015.5344 	EXP 	window1: mouseVisible = False
1015.5510 	EXP 	window1: mouseVisible = False
1015.5677 	EXP 	window1: mouseVisible = False
1015.5843 	EXP 	window1: mouseVisible = False
1015.6010 	EXP 	window1: mouseVisible = False
1015.6177 	EXP 	window1: mouseVisible = False
1015.6346 	DATA 	Keypress: space
1015.7346 	EXP 	New trial (rep=2, index=0): None
1015.7496 	EXP 	main_text: autoDraw = True
1015.7496 	EXP 	confirm_text: autoDraw = True
1015.7496 	EXP 	ratingScale: autoDraw = False
1015.7496 	EXP 	main_text: autoDraw = False
1015.7496 	EXP 	confirm_text: autoDraw = False
1015.7496 	EXP 	text_2: autoDraw = True
1015.7496 	EXP 	croix: autoDraw = True
1020.7498 	EXP 	text_2: autoDraw = False
1020.7498 	EXP 	croix: autoDraw = False
1020.7498 	EXP 	text_2: autoDraw = False
1020.7498 	EXP 	croix: autoDraw = False
1020.7498 	EXP 	thermode_locali: autoDraw = True
1032.7336 	EXP 	window1: mouseVisible = True
1032.7344 	EXP 	Created unnamed Rect = Rect(__class__=<class 'psychopy.visual.rect.Rect'>, anchor=('center', 'center'), autoDraw=False, autoLog=True, closeShape=True, color=method-wrapper(...), colorSpace='rgb', contrast=None, depth=0, draggable=False, fillColor=array([1, 1, 1]), fillColorSpace='rgb', fillRGB=array([1, 1, 1]), interpolate=True, lineColor=array([1., 1., 1.]), lineColorSpace='rgb', lineRGB=array([1, 1, 1]), lineWidth=1.5, name='unnamed Rect', opacity=1.0, ori=0.0, pos=array([0., 0.]), size=array([0.01, 0.1 ]), units='norm', vertices=ndarray(...), win=Window(...))
1032.7345 	EXP 	window1: mouseVisible = True
1032.7346 	EXP 	window1: mouseVisible = True
1032.7351 	EXP 	window1: mouseVisible = True
1032.7362 	EXP 	window1: mouseVisible = True
1032.7377 	EXP 	window1: mouseVisible = True
1032.7379 	EXP 	window1: mouseVisible = True
1032.7380 	EXP 	window1: mouseVisible = True
1032.7382 	EXP 	window1: mouseVisible = True
1032.7383 	EXP 	window1: mouseVisible = True
1032.7384 	EXP 	window1: mouseVisible = True
1032.7386 	EXP 	window1: mouseVisible = True
1032.7387 	EXP 	window1: mouseVisible = True
1032.7388 	EXP 	window1: mouseVisible = True
1032.7390 	EXP 	window1: mouseVisible = True
1032.7391 	EXP 	window1: mouseVisible = True
1032.7392 	EXP 	window1: mouseVisible = True
1032.7393 	EXP 	window1: mouseVisible = True
1032.7395 	EXP 	window1: mouseVisible = True
1032.7396 	EXP 	window1: mouseVisible = True
1032.7397 	EXP 	window1: mouseVisible = True
1032.7399 	EXP 	window1: mouseVisible = True
1032.7400 	EXP 	window1: mouseVisible = True
1032.7401 	EXP 	window1: mouseVisible = True
1032.7402 	EXP 	window1: mouseVisible = True
1032.7404 	EXP 	window1: mouseVisible = True
1032.7405 	EXP 	window1: mouseVisible = True
1032.7406 	EXP 	window1: mouseVisible = True
1032.7407 	EXP 	window1: mouseVisible = True
1032.7409 	EXP 	window1: mouseVisible = True
1032.7410 	EXP 	window1: mouseVisible = True
1032.7411 	EXP 	window1: mouseVisible = True
1032.7412 	EXP 	window1: mouseVisible = True
1032.7414 	EXP 	window1: mouseVisible = True
1032.7415 	EXP 	window1: mouseVisible = True
1032.7416 	EXP 	window1: mouseVisible = True
1032.7417 	EXP 	window1: mouseVisible = True
1032.7419 	EXP 	window1: mouseVisible = True
1032.7420 	EXP 	window1: mouseVisible = True
1032.7421 	EXP 	window1: mouseVisible = True
1032.7423 	EXP 	window1: mouseVisible = True
1032.7424 	EXP 	window1: mouseVisible = True
1032.7426 	EXP 	window1: mouseVisible = True
1032.7427 	EXP 	window1: mouseVisible = True
1032.7428 	EXP 	window1: mouseVisible = True
1032.7430 	EXP 	window1: mouseVisible = True
1032.7431 	EXP 	window1: mouseVisible = True
1032.7432 	EXP 	window1: mouseVisible = True
1032.7433 	EXP 	window1: mouseVisible = True
1032.7435 	EXP 	window1: mouseVisible = True
1032.7436 	EXP 	window1: mouseVisible = True
1032.7437 	EXP 	window1: mouseVisible = True
1032.7438 	EXP 	window1: mouseVisible = True
1032.7440 	EXP 	window1: mouseVisible = True
1032.7441 	EXP 	window1: mouseVisible = True
1032.7442 	EXP 	window1: mouseVisible = True
1032.7444 	EXP 	window1: mouseVisible = True
1032.7445 	EXP 	window1: mouseVisible = True
1032.7446 	EXP 	window1: mouseVisible = True
1032.7447 	EXP 	window1: mouseVisible = True
1032.7449 	EXP 	window1: mouseVisible = True
1032.7450 	EXP 	window1: mouseVisible = True
1032.7451 	EXP 	window1: mouseVisible = True
1032.7452 	EXP 	window1: mouseVisible = True
1032.7454 	EXP 	window1: mouseVisible = True
1032.7455 	EXP 	window1: mouseVisible = True
1032.7456 	EXP 	window1: mouseVisible = True
1032.7457 	EXP 	window1: mouseVisible = True
1032.7459 	EXP 	window1: mouseVisible = True
1032.7460 	EXP 	window1: mouseVisible = True
1032.7461 	EXP 	window1: mouseVisible = True
1032.7463 	EXP 	window1: mouseVisible = True
1032.7464 	EXP 	window1: mouseVisible = True
1032.7465 	EXP 	window1: mouseVisible = True
1032.7467 	EXP 	window1: mouseVisible = True
1032.7468 	EXP 	window1: mouseVisible = True
1032.7469 	EXP 	window1: mouseVisible = True
1032.7470 	EXP 	window1: mouseVisible = True
1032.7472 	EXP 	window1: mouseVisible = True
1032.7473 	EXP 	window1: mouseVisible = True
1032.7474 	EXP 	window1: mouseVisible = True
1032.7476 	EXP 	window1: mouseVisible = True
1032.7477 	EXP 	window1: mouseVisible = True
1032.7478 	EXP 	window1: mouseVisible = True
1032.7479 	EXP 	window1: mouseVisible = True
1032.7481 	EXP 	window1: mouseVisible = True
1032.7482 	EXP 	window1: mouseVisible = True
1032.7483 	EXP 	window1: mouseVisible = True
1032.7484 	EXP 	window1: mouseVisible = True
1032.7486 	EXP 	window1: mouseVisible = True
1032.7487 	EXP 	window1: mouseVisible = True
1032.7488 	EXP 	window1: mouseVisible = True
1032.7489 	EXP 	window1: mouseVisible = True
1032.7491 	EXP 	window1: mouseVisible = True
1032.7492 	EXP 	window1: mouseVisible = True
1032.7493 	EXP 	window1: mouseVisible = True
1032.7495 	EXP 	window1: mouseVisible = True
1032.7496 	EXP 	window1: mouseVisible = True
1032.7497 	EXP 	window1: mouseVisible = True
1032.7498 	EXP 	window1: mouseVisible = True
1032.7500 	EXP 	window1: mouseVisible = True
1032.7501 	EXP 	window1: mouseVisible = True
1032.7502 	EXP 	window1: mouseVisible = True
1032.7504 	EXP 	window1: mouseVisible = True
1032.7505 	EXP 	window1: mouseVisible = True
1032.7525 	EXP 	Created ratingScale = RatingScale(__class__=type(...), acceptKeys=['return'], acceptPreText=UNKNOWN, acceptSize=UNKNOWN, acceptText=UNKNOWN, autoLog=True, choices=False, colorSpace='rgb', depth=0, disappear=False, flipVert=False, high=100, kwargs=UNKNOWN, labels=list(...), leftKeys=['left'], lineColor=(255, 255, 255), low=0, marker=Rect(...), markerColor=(255, 255, 255), markerExpansion=UNKNOWN, markerStart=0.5, maxTime=0.0, minTime=0.4, mouseOnly=False, name='ratingScale', noMouse=False, pos=[0.0, 0.0], precision=100, respKeys=[], rightKeys=['right'], scale=None, self=UNKNOWN, showAccept=False, showValue=False, singleClick=False, size=0.6, skipKeys=['tab'], stretch=2.0, textColor='white', textFont='Helvetica Bold', textSize=0.144, tickHeight=0, tickMarks=10.0, win=Window(...))
1032.7526 	EXP 	RatingScale ratingScale: reset()
1032.7546 	EXP 	window1: mouseVisible = False
1032.7663 	EXP 	thermode_locali: autoDraw = False
1032.7663 	EXP 	thermode_locali: autoDraw = False
1032.7663 	EXP 	ratingScale: flipVert = False
1032.7663 	EXP 	ratingScale: autoLog = True
1032.7678 	EXP 	window1: mouseVisible = False
1032.7844 	EXP 	window1: mouseVisible = False
1032.8011 	EXP 	window1: mouseVisible = False
1032.8178 	EXP 	window1: mouseVisible = False
1032.8344 	EXP 	window1: mouseVisible = False
1032.8511 	EXP 	window1: mouseVisible = False
1032.8678 	EXP 	window1: mouseVisible = False
1032.8845 	EXP 	window1: mouseVisible = False
1032.9011 	EXP 	window1: mouseVisible = False
1032.9178 	EXP 	window1: mouseVisible = False
1032.9345 	EXP 	window1: mouseVisible = False
1032.9511 	EXP 	window1: mouseVisible = False
1032.9678 	EXP 	window1: mouseVisible = False
1032.9844 	EXP 	window1: mouseVisible = False
1033.0011 	EXP 	window1: mouseVisible = False
1033.0178 	EXP 	window1: mouseVisible = False
1033.0344 	EXP 	window1: mouseVisible = False
1033.0511 	EXP 	window1: mouseVisible = False
1033.0678 	EXP 	window1: mouseVisible = False
1033.0844 	EXP 	window1: mouseVisible = False
1033.1011 	EXP 	window1: mouseVisible = False
1033.1178 	EXP 	window1: mouseVisible = False
1033.1344 	EXP 	window1: mouseVisible = False
1033.1511 	EXP 	window1: mouseVisible = False
1033.1678 	EXP 	window1: mouseVisible = False
1033.1841 	DATA 	Keypress: n
1033.1846 	EXP 	window1: mouseVisible = False
1033.2012 	EXP 	window1: mouseVisible = False
1033.2178 	EXP 	window1: mouseVisible = False
1033.2345 	EXP 	window1: mouseVisible = False
1033.2511 	EXP 	window1: mouseVisible = False
1033.2678 	EXP 	window1: mouseVisible = False
1033.2845 	EXP 	window1: mouseVisible = False
1033.3012 	EXP 	window1: mouseVisible = False
1033.3178 	EXP 	window1: mouseVisible = False
1033.3344 	EXP 	window1: mouseVisible = False
1033.3511 	EXP 	window1: mouseVisible = False
1033.3678 	EXP 	window1: mouseVisible = False
1033.3844 	EXP 	window1: mouseVisible = False
1033.4011 	EXP 	window1: mouseVisible = False
1033.4178 	EXP 	window1: mouseVisible = False
1033.4347 	EXP 	window1: mouseVisible = False
1033.4511 	EXP 	window1: mouseVisible = False
1033.4678 	EXP 	window1: mouseVisible = False
1033.4845 	EXP 	window1: mouseVisible = False
1033.5012 	EXP 	window1: mouseVisible = False
1033.5178 	EXP 	window1: mouseVisible = False
1033.5344 	EXP 	window1: mouseVisible = False
1033.5511 	EXP 	window1: mouseVisible = False
1033.5678 	EXP 	window1: mouseVisible = False
1033.5845 	EXP 	window1: mouseVisible = False
1033.6011 	EXP 	window1: mouseVisible = False
1033.6178 	EXP 	window1: mouseVisible = False
1033.6345 	EXP 	window1: mouseVisible = False
1033.6511 	EXP 	window1: mouseVisible = False
1033.6678 	EXP 	window1: mouseVisible = False
1033.6845 	EXP 	window1: mouseVisible = False
1033.7013 	EXP 	window1: mouseVisible = False
1033.7179 	EXP 	window1: mouseVisible = False
1033.7345 	EXP 	window1: mouseVisible = False
1033.7512 	EXP 	window1: mouseVisible = False
1033.7679 	EXP 	window1: mouseVisible = False
1033.7846 	EXP 	window1: mouseVisible = False
1033.8013 	EXP 	window1: mouseVisible = False
1033.8179 	EXP 	window1: mouseVisible = False
1033.8346 	EXP 	window1: mouseVisible = False
1033.8513 	EXP 	window1: mouseVisible = False
1033.8680 	EXP 	window1: mouseVisible = False
1033.8847 	EXP 	window1: mouseVisible = False
1033.9012 	EXP 	window1: mouseVisible = False
1033.9180 	EXP 	window1: mouseVisible = False
1033.9346 	EXP 	window1: mouseVisible = False
1033.9513 	EXP 	window1: mouseVisible = False
1033.9679 	EXP 	window1: mouseVisible = False
1033.9847 	EXP 	window1: mouseVisible = False
1034.0012 	EXP 	window1: mouseVisible = False
1034.0182 	EXP 	window1: mouseVisible = False
1034.0347 	EXP 	window1: mouseVisible = False
1034.0514 	EXP 	window1: mouseVisible = False
1034.0681 	EXP 	window1: mouseVisible = False
1034.0848 	EXP 	window1: mouseVisible = False
1034.1015 	EXP 	window1: mouseVisible = False
1034.1179 	EXP 	window1: mouseVisible = False
1034.1346 	EXP 	window1: mouseVisible = False
1034.1513 	EXP 	window1: mouseVisible = False
1034.1679 	EXP 	window1: mouseVisible = False
1034.1846 	EXP 	window1: mouseVisible = False
1034.2013 	EXP 	window1: mouseVisible = False
1034.2179 	EXP 	window1: mouseVisible = False
1034.2349 	EXP 	window1: mouseVisible = False
1034.2513 	EXP 	window1: mouseVisible = False
1034.2679 	EXP 	window1: mouseVisible = False
1034.2846 	EXP 	window1: mouseVisible = False
1034.3014 	EXP 	window1: mouseVisible = False
1034.3181 	EXP 	window1: mouseVisible = False
1034.3347 	EXP 	window1: mouseVisible = False
1034.3514 	EXP 	window1: mouseVisible = False
1034.3681 	EXP 	window1: mouseVisible = False
1034.3848 	EXP 	window1: mouseVisible = False
1034.4014 	EXP 	window1: mouseVisible = False
1034.4179 	EXP 	window1: mouseVisible = False
1034.4352 	EXP 	window1: mouseVisible = False
1034.4512 	EXP 	window1: mouseVisible = False
1034.4679 	EXP 	window1: mouseVisible = False
1034.4846 	EXP 	window1: mouseVisible = False
1034.5013 	DATA 	Keypress: space
1034.6015 	EXP 	New trial (rep=3, index=0): None
1034.6165 	EXP 	main_text: autoDraw = True
1034.6165 	EXP 	confirm_text: autoDraw = True
1034.6165 	EXP 	ratingScale: autoDraw = False
1034.6165 	EXP 	main_text: autoDraw = False
1034.6165 	EXP 	confirm_text: autoDraw = False
1034.6165 	EXP 	text_2: autoDraw = True
1034.6165 	EXP 	croix: autoDraw = True
1039.6165 	EXP 	text_2: autoDraw = False
1039.6165 	EXP 	croix: autoDraw = False
1039.6165 	EXP 	text_2: autoDraw = False
1039.6165 	EXP 	croix: autoDraw = False
1039.6165 	EXP 	thermode_locali: autoDraw = True
1051.6005 	EXP 	window1: mouseVisible = True
1051.6014 	EXP 	Created unnamed Rect = Rect(__class__=<class 'psychopy.visual.rect.Rect'>, anchor=('center', 'center'), autoDraw=False, autoLog=True, closeShape=True, color=method-wrapper(...), colorSpace='rgb', contrast=None, depth=0, draggable=False, fillColor=array([1, 1, 1]), fillColorSpace='rgb', fillRGB=array([1, 1, 1]), interpolate=True, lineColor=array([1., 1., 1.]), lineColorSpace='rgb', lineRGB=array([1, 1, 1]), lineWidth=1.5, name='unnamed Rect', opacity=1.0, ori=0.0, pos=array([0., 0.]), size=array([0.01, 0.1 ]), units='norm', vertices=ndarray(...), win=Window(...))
1051.6014 	EXP 	window1: mouseVisible = True
1051.6015 	EXP 	window1: mouseVisible = True
1051.6020 	EXP 	window1: mouseVisible = True
1051.6033 	EXP 	window1: mouseVisible = True
1051.6044 	EXP 	window1: mouseVisible = True
1051.6045 	EXP 	window1: mouseVisible = True
1051.6047 	EXP 	window1: mouseVisible = True
1051.6048 	EXP 	window1: mouseVisible = True
1051.6050 	EXP 	window1: mouseVisible = True
1051.6051 	EXP 	window1: mouseVisible = True
1051.6052 	EXP 	window1: mouseVisible = True
1051.6054 	EXP 	window1: mouseVisible = True
1051.6055 	EXP 	window1: mouseVisible = True
1051.6056 	EXP 	window1: mouseVisible = True
1051.6058 	EXP 	window1: mouseVisible = True
1051.6059 	EXP 	window1: mouseVisible = True
1051.6060 	EXP 	window1: mouseVisible = True
1051.6062 	EXP 	window1: mouseVisible = True
1051.6063 	EXP 	window1: mouseVisible = True
1051.6064 	EXP 	window1: mouseVisible = True
1051.6065 	EXP 	window1: mouseVisible = True
1051.6067 	EXP 	window1: mouseVisible = True
1051.6068 	EXP 	window1: mouseVisible = True
1051.6069 	EXP 	window1: mouseVisible = True
1051.6071 	EXP 	window1: mouseVisible = True
1051.6072 	EXP 	window1: mouseVisible = True
1051.6073 	EXP 	window1: mouseVisible = True
1051.6074 	EXP 	window1: mouseVisible = True
1051.6076 	EXP 	window1: mouseVisible = True
1051.6078 	EXP 	window1: mouseVisible = True
1051.6079 	EXP 	window1: mouseVisible = True
1051.6080 	EXP 	window1: mouseVisible = True
1051.6082 	EXP 	window1: mouseVisible = True
1051.6083 	EXP 	window1: mouseVisible = True
1051.6084 	EXP 	window1: mouseVisible = True
1051.6086 	EXP 	window1: mouseVisible = True
1051.6087 	EXP 	window1: mouseVisible = True
1051.6088 	EXP 	window1: mouseVisible = True
1051.6090 	EXP 	window1: mouseVisible = True
1051.6091 	EXP 	window1: mouseVisible = True
1051.6092 	EXP 	window1: mouseVisible = True
1051.6093 	EXP 	window1: mouseVisible = True
1051.6095 	EXP 	window1: mouseVisible = True
1051.6096 	EXP 	window1: mouseVisible = True
1051.6097 	EXP 	window1: mouseVisible = True
1051.6099 	EXP 	window1: mouseVisible = True
1051.6100 	EXP 	window1: mouseVisible = True
1051.6101 	EXP 	window1: mouseVisible = True
1051.6102 	EXP 	window1: mouseVisible = True
1051.6104 	EXP 	window1: mouseVisible = True
1051.6105 	EXP 	window1: mouseVisible = True
1051.6106 	EXP 	window1: mouseVisible = True
1051.6108 	EXP 	window1: mouseVisible = True
1051.6109 	EXP 	window1: mouseVisible = True
1051.6110 	EXP 	window1: mouseVisible = True
1051.6113 	EXP 	window1: mouseVisible = True
1051.6119 	EXP 	window1: mouseVisible = True
1051.6122 	EXP 	window1: mouseVisible = True
1051.6123 	EXP 	window1: mouseVisible = True
1051.6125 	EXP 	window1: mouseVisible = True
1051.6126 	EXP 	window1: mouseVisible = True
1051.6128 	EXP 	window1: mouseVisible = True
1051.6129 	EXP 	window1: mouseVisible = True
1051.6130 	EXP 	window1: mouseVisible = True
1051.6132 	EXP 	window1: mouseVisible = True
1051.6133 	EXP 	window1: mouseVisible = True
1051.6134 	EXP 	window1: mouseVisible = True
1051.6136 	EXP 	window1: mouseVisible = True
1051.6137 	EXP 	window1: mouseVisible = True
1051.6138 	EXP 	window1: mouseVisible = True
1051.6140 	EXP 	window1: mouseVisible = True
1051.6141 	EXP 	window1: mouseVisible = True
1051.6142 	EXP 	window1: mouseVisible = True
1051.6143 	EXP 	window1: mouseVisible = True
1051.6145 	EXP 	window1: mouseVisible = True
1051.6146 	EXP 	window1: mouseVisible = True
1051.6147 	EXP 	window1: mouseVisible = True
1051.6149 	EXP 	window1: mouseVisible = True
1051.6150 	EXP 	window1: mouseVisible = True
1051.6151 	EXP 	window1: mouseVisible = True
1051.6152 	EXP 	window1: mouseVisible = True
1051.6154 	EXP 	window1: mouseVisible = True
1051.6155 	EXP 	window1: mouseVisible = True
1051.6156 	EXP 	window1: mouseVisible = True
1051.6157 	EXP 	window1: mouseVisible = True
1051.6159 	EXP 	window1: mouseVisible = True
1051.6160 	EXP 	window1: mouseVisible = True
1051.6161 	EXP 	window1: mouseVisible = True
1051.6163 	EXP 	window1: mouseVisible = True
1051.6164 	EXP 	window1: mouseVisible = True
1051.6165 	EXP 	window1: mouseVisible = True
1051.6167 	EXP 	window1: mouseVisible = True
1051.6168 	EXP 	window1: mouseVisible = True
1051.6169 	EXP 	window1: mouseVisible = True
1051.6171 	EXP 	window1: mouseVisible = True
1051.6172 	EXP 	window1: mouseVisible = True
1051.6173 	EXP 	window1: mouseVisible = True
1051.6174 	EXP 	window1: mouseVisible = True
1051.6176 	EXP 	window1: mouseVisible = True
1051.6177 	EXP 	window1: mouseVisible = True
1051.6178 	EXP 	window1: mouseVisible = True
1051.6179 	EXP 	window1: mouseVisible = True
1051.6181 	EXP 	window1: mouseVisible = True
1051.6182 	EXP 	window1: mouseVisible = True
1051.6203 	EXP 	Created ratingScale = RatingScale(__class__=type(...), acceptKeys=['return'], acceptPreText=UNKNOWN, acceptSize=UNKNOWN, acceptText=UNKNOWN, autoLog=True, choices=False, colorSpace='rgb', depth=0, disappear=False, flipVert=False, high=100, kwargs=UNKNOWN, labels=list(...), leftKeys=['left'], lineColor=(255, 255, 255), low=0, marker=Rect(...), markerColor=(255, 255, 255), markerExpansion=UNKNOWN, markerStart=0.5, maxTime=0.0, minTime=0.4, mouseOnly=False, name='ratingScale', noMouse=False, pos=[0.0, 0.0], precision=100, respKeys=[], rightKeys=['right'], scale=None, self=UNKNOWN, showAccept=False, showValue=False, singleClick=False, size=0.6, skipKeys=['tab'], stretch=2.0, textColor='white', textFont='Helvetica Bold', textSize=0.144, tickHeight=0, tickMarks=10.0, win=Window(...))
1051.6203 	EXP 	RatingScale ratingScale: reset()
1051.6223 	EXP 	window1: mouseVisible = False
1051.6334 	EXP 	thermode_locali: autoDraw = False
1051.6334 	EXP 	thermode_locali: autoDraw = False
1051.6334 	EXP 	ratingScale: flipVert = False
1051.6334 	EXP 	ratingScale: autoLog = True
1051.6350 	EXP 	window1: mouseVisible = False
1051.6515 	EXP 	window1: mouseVisible = False
1051.6681 	EXP 	window1: mouseVisible = False
1051.6848 	EXP 	window1: mouseVisible = False
1051.7015 	EXP 	window1: mouseVisible = False
1051.7181 	EXP 	window1: mouseVisible = False
1051.7348 	EXP 	window1: mouseVisible = False
1051.7515 	EXP 	window1: mouseVisible = False
1051.7681 	EXP 	window1: mouseVisible = False
1051.7848 	EXP 	window1: mouseVisible = False
1051.8014 	EXP 	window1: mouseVisible = False
1051.8183 	EXP 	window1: mouseVisible = False
1051.8348 	EXP 	window1: mouseVisible = False
1051.8515 	EXP 	window1: mouseVisible = False
1051.8682 	EXP 	window1: mouseVisible = False
1051.8848 	EXP 	window1: mouseVisible = False
1051.9015 	EXP 	window1: mouseVisible = False
1051.9181 	EXP 	window1: mouseVisible = False
1051.9348 	EXP 	window1: mouseVisible = False
1051.9515 	EXP 	window1: mouseVisible = False
1051.9681 	EXP 	window1: mouseVisible = False
1051.9848 	EXP 	window1: mouseVisible = False
1052.0015 	EXP 	window1: mouseVisible = False
1052.0181 	EXP 	window1: mouseVisible = False
1052.0348 	EXP 	window1: mouseVisible = False
1052.0514 	EXP 	window1: mouseVisible = False
1052.0681 	EXP 	window1: mouseVisible = False
1052.0848 	EXP 	window1: mouseVisible = False
1052.1014 	EXP 	window1: mouseVisible = False
1052.1178 	DATA 	Keypress: n
1052.1183 	EXP 	window1: mouseVisible = False
1052.1347 	EXP 	window1: mouseVisible = False
1052.1514 	EXP 	window1: mouseVisible = False
1052.1682 	EXP 	window1: mouseVisible = False
1052.1848 	EXP 	window1: mouseVisible = False
1052.2015 	EXP 	window1: mouseVisible = False
1052.2181 	EXP 	window1: mouseVisible = False
1052.2348 	EXP 	window1: mouseVisible = False
1052.2515 	EXP 	window1: mouseVisible = False
1052.2681 	EXP 	window1: mouseVisible = False
1052.2848 	EXP 	window1: mouseVisible = False
1052.3014 	EXP 	window1: mouseVisible = False
1052.3182 	EXP 	window1: mouseVisible = False
1052.3348 	EXP 	window1: mouseVisible = False
1052.3515 	EXP 	window1: mouseVisible = False
1052.3681 	EXP 	window1: mouseVisible = False
1052.3848 	EXP 	window1: mouseVisible = False
1052.4015 	EXP 	window1: mouseVisible = False
1052.4181 	EXP 	window1: mouseVisible = False
1052.4352 	EXP 	window1: mouseVisible = False
1052.4515 	EXP 	window1: mouseVisible = False
1052.4681 	EXP 	window1: mouseVisible = False
1052.4848 	EXP 	window1: mouseVisible = False
1052.5014 	EXP 	window1: mouseVisible = False
1052.5181 	EXP 	window1: mouseVisible = False
1052.5349 	EXP 	window1: mouseVisible = False
1052.5515 	EXP 	window1: mouseVisible = False
1052.5681 	EXP 	window1: mouseVisible = False
1052.5848 	EXP 	window1: mouseVisible = False
1052.6014 	EXP 	window1: mouseVisible = False
1052.6182 	EXP 	window1: mouseVisible = False
1052.6348 	EXP 	window1: mouseVisible = False
1052.6515 	EXP 	window1: mouseVisible = False
1052.6681 	EXP 	window1: mouseVisible = False
1052.6848 	EXP 	window1: mouseVisible = False
1052.7014 	EXP 	window1: mouseVisible = False
1052.7181 	EXP 	window1: mouseVisible = False
1052.7348 	EXP 	window1: mouseVisible = False
1052.7515 	EXP 	window1: mouseVisible = False
1052.7682 	EXP 	window1: mouseVisible = False
1052.7848 	EXP 	window1: mouseVisible = False
1052.8014 	EXP 	window1: mouseVisible = False
1052.8181 	EXP 	window1: mouseVisible = False
1052.8348 	EXP 	window1: mouseVisible = False
1052.8515 	EXP 	window1: mouseVisible = False
1052.8676 	DATA 	Keypress: m
1052.8682 	EXP 	window1: mouseVisible = False
1052.8848 	EXP 	window1: mouseVisible = False
1052.9015 	EXP 	window1: mouseVisible = False
1052.9181 	EXP 	window1: mouseVisible = False
1052.9348 	EXP 	window1: mouseVisible = False
1052.9515 	EXP 	window1: mouseVisible = False
1052.9681 	EXP 	window1: mouseVisible = False
1052.9848 	EXP 	window1: mouseVisible = False
1053.0015 	EXP 	window1: mouseVisible = False
1053.0181 	EXP 	window1: mouseVisible = False
1053.0351 	EXP 	window1: mouseVisible = False
1053.0515 	EXP 	window1: mouseVisible = False
1053.0682 	EXP 	window1: mouseVisible = False
1053.0848 	EXP 	window1: mouseVisible = False
1053.1014 	EXP 	window1: mouseVisible = False
1053.1181 	EXP 	window1: mouseVisible = False
1053.1344 	DATA 	Keypress: m
1053.1349 	EXP 	window1: mouseVisible = False
1053.1515 	EXP 	window1: mouseVisible = False
1053.1681 	EXP 	window1: mouseVisible = False
1053.1854 	EXP 	window1: mouseVisible = False
1053.2016 	EXP 	window1: mouseVisible = False
1053.2183 	EXP 	window1: mouseVisible = False
1053.2349 	EXP 	window1: mouseVisible = False
1053.2516 	EXP 	window1: mouseVisible = False
1053.2683 	EXP 	window1: mouseVisible = False
1053.2851 	EXP 	window1: mouseVisible = False
1053.3012 	DATA 	Keypress: m
1053.3017 	EXP 	window1: mouseVisible = False
1053.3182 	EXP 	window1: mouseVisible = False
1053.3349 	EXP 	window1: mouseVisible = False
1053.3515 	EXP 	window1: mouseVisible = False
1053.3682 	EXP 	window1: mouseVisible = False
1053.3848 	EXP 	window1: mouseVisible = False
1053.4015 	EXP 	window1: mouseVisible = False
1053.4182 	EXP 	window1: mouseVisible = False
1053.4352 	EXP 	window1: mouseVisible = False
1053.4515 	EXP 	window1: mouseVisible = False
1053.4682 	EXP 	window1: mouseVisible = False
1053.4848 	EXP 	window1: mouseVisible = False
1053.5015 	EXP 	window1: mouseVisible = False
1053.5181 	EXP 	window1: mouseVisible = False
1053.5348 	EXP 	window1: mouseVisible = False
1053.5515 	EXP 	window1: mouseVisible = False
1053.5681 	EXP 	window1: mouseVisible = False
1053.5848 	EXP 	window1: mouseVisible = False
1053.6014 	EXP 	window1: mouseVisible = False
1053.6181 	EXP 	window1: mouseVisible = False
1053.6348 	EXP 	window1: mouseVisible = False
1053.6515 	EXP 	window1: mouseVisible = False
1053.6681 	EXP 	window1: mouseVisible = False
1053.6848 	EXP 	window1: mouseVisible = False
1053.7015 	EXP 	window1: mouseVisible = False
1053.7181 	EXP 	window1: mouseVisible = False
1053.7348 	EXP 	window1: mouseVisible = False
1053.7515 	EXP 	window1: mouseVisible = False
1053.7681 	EXP 	window1: mouseVisible = False
1053.7848 	EXP 	window1: mouseVisible = False
1053.8014 	EXP 	window1: mouseVisible = False
1053.8181 	EXP 	window1: mouseVisible = False
1053.8353 	DATA 	Keypress: space
1053.9354 	EXP 	New trial (rep=4, index=0): None
1053.9501 	EXP 	main_text: autoDraw = True
1053.9501 	EXP 	confirm_text: autoDraw = True
1053.9501 	EXP 	ratingScale: autoDraw = False
1053.9501 	EXP 	main_text: autoDraw = False
1053.9501 	EXP 	confirm_text: autoDraw = False
1053.9501 	EXP 	text_2: autoDraw = True
1053.9501 	EXP 	croix: autoDraw = True
1058.9501 	EXP 	text_2: autoDraw = False
1058.9501 	EXP 	croix: autoDraw = False
1058.9501 	EXP 	text_2: autoDraw = False
1058.9501 	EXP 	croix: autoDraw = False
1058.9501 	EXP 	thermode_locali: autoDraw = True
1070.9342 	EXP 	window1: mouseVisible = True
1070.9352 	EXP 	Created unnamed Rect = Rect(__class__=<class 'psychopy.visual.rect.Rect'>, anchor=('center', 'center'), autoDraw=False, autoLog=True, closeShape=True, color=method-wrapper(...), colorSpace='rgb', contrast=None, depth=0, draggable=False, fillColor=array([1, 1, 1]), fillColorSpace='rgb', fillRGB=array([1, 1, 1]), interpolate=True, lineColor=array([1., 1., 1.]), lineColorSpace='rgb', lineRGB=array([1, 1, 1]), lineWidth=1.5, name='unnamed Rect', opacity=1.0, ori=0.0, pos=array([0., 0.]), size=array([0.01, 0.1 ]), units='norm', vertices=ndarray(...), win=Window(...))
1070.9353 	EXP 	window1: mouseVisible = True
1070.9354 	EXP 	window1: mouseVisible = True
1070.9359 	EXP 	window1: mouseVisible = True
1070.9370 	EXP 	window1: mouseVisible = True
1070.9380 	EXP 	window1: mouseVisible = True
1070.9382 	EXP 	window1: mouseVisible = True
1070.9384 	EXP 	window1: mouseVisible = True
1070.9385 	EXP 	window1: mouseVisible = True
1070.9386 	EXP 	window1: mouseVisible = True
1070.9388 	EXP 	window1: mouseVisible = True
1070.9389 	EXP 	window1: mouseVisible = True
1070.9391 	EXP 	window1: mouseVisible = True
1070.9392 	EXP 	window1: mouseVisible = True
1070.9393 	EXP 	window1: mouseVisible = True
1070.9394 	EXP 	window1: mouseVisible = True
1070.9396 	EXP 	window1: mouseVisible = True
1070.9397 	EXP 	window1: mouseVisible = True
1070.9398 	EXP 	window1: mouseVisible = True
1070.9400 	EXP 	window1: mouseVisible = True
1070.9404 	EXP 	window1: mouseVisible = True
1070.9406 	EXP 	window1: mouseVisible = True
1070.9408 	EXP 	window1: mouseVisible = True
1070.9409 	EXP 	window1: mouseVisible = True
1070.9410 	EXP 	window1: mouseVisible = True
1070.9412 	EXP 	window1: mouseVisible = True
1070.9413 	EXP 	window1: mouseVisible = True
1070.9414 	EXP 	window1: mouseVisible = True
1070.9416 	EXP 	window1: mouseVisible = True
1070.9417 	EXP 	window1: mouseVisible = True
1070.9418 	EXP 	window1: mouseVisible = True
1070.9420 	EXP 	window1: mouseVisible = True
1070.9421 	EXP 	window1: mouseVisible = True
1070.9422 	EXP 	window1: mouseVisible = True
1070.9423 	EXP 	window1: mouseVisible = True
1070.9425 	EXP 	window1: mouseVisible = True
1070.9426 	EXP 	window1: mouseVisible = True
1070.9427 	EXP 	window1: mouseVisible = True
1070.9429 	EXP 	window1: mouseVisible = True
1070.9430 	EXP 	window1: mouseVisible = True
1070.9431 	EXP 	window1: mouseVisible = True
1070.9432 	EXP 	window1: mouseVisible = True
1070.9434 	EXP 	window1: mouseVisible = True
1070.9435 	EXP 	window1: mouseVisible = True
1070.9436 	EXP 	window1: mouseVisible = True
1070.9437 	EXP 	window1: mouseVisible = True
1070.9439 	EXP 	window1: mouseVisible = True
1070.9440 	EXP 	window1: mouseVisible = True
1070.9442 	EXP 	window1: mouseVisible = True
1070.9443 	EXP 	window1: mouseVisible = True
1070.9444 	EXP 	window1: mouseVisible = True
1070.9446 	EXP 	window1: mouseVisible = True
1070.9447 	EXP 	window1: mouseVisible = True
1070.9449 	EXP 	window1: mouseVisible = True
1070.9450 	EXP 	window1: mouseVisible = True
1070.9451 	EXP 	window1: mouseVisible = True
1070.9452 	EXP 	window1: mouseVisible = True
1070.9454 	EXP 	window1: mouseVisible = True
1070.9455 	EXP 	window1: mouseVisible = True
1070.9456 	EXP 	window1: mouseVisible = True
1070.9458 	EXP 	window1: mouseVisible = True
1070.9459 	EXP 	window1: mouseVisible = True
1070.9460 	EXP 	window1: mouseVisible = True
1070.9461 	EXP 	window1: mouseVisible = True
1070.9463 	EXP 	window1: mouseVisible = True
1070.9464 	EXP 	window1: mouseVisible = True
1070.9466 	EXP 	window1: mouseVisible = True
1070.9467 	EXP 	window1: mouseVisible = True
1070.9468 	EXP 	window1: mouseVisible = True
1070.9470 	EXP 	window1: mouseVisible = True
1070.9471 	EXP 	window1: mouseVisible = True
1070.9472 	EXP 	window1: mouseVisible = True
1070.9473 	EXP 	window1: mouseVisible = True
1070.9475 	EXP 	window1: mouseVisible = True
1070.9476 	EXP 	window1: mouseVisible = True
1070.9477 	EXP 	window1: mouseVisible = True
1070.9479 	EXP 	window1: mouseVisible = True
1070.9480 	EXP 	window1: mouseVisible = True
1070.9481 	EXP 	window1: mouseVisible = True
1070.9482 	EXP 	window1: mouseVisible = True
1070.9484 	EXP 	window1: mouseVisible = True
1070.9485 	EXP 	window1: mouseVisible = True
1070.9487 	EXP 	window1: mouseVisible = True
1070.9488 	EXP 	window1: mouseVisible = True
1070.9489 	EXP 	window1: mouseVisible = True
1070.9490 	EXP 	window1: mouseVisible = True
1070.9492 	EXP 	window1: mouseVisible = True
1070.9493 	EXP 	window1: mouseVisible = True
1070.9494 	EXP 	window1: mouseVisible = True
1070.9495 	EXP 	window1: mouseVisible = True
1070.9497 	EXP 	window1: mouseVisible = True
1070.9498 	EXP 	window1: mouseVisible = True
1070.9499 	EXP 	window1: mouseVisible = True
1070.9500 	EXP 	window1: mouseVisible = True
1070.9502 	EXP 	window1: mouseVisible = True
1070.9503 	EXP 	window1: mouseVisible = True
1070.9504 	EXP 	window1: mouseVisible = True
1070.9506 	EXP 	window1: mouseVisible = True
1070.9507 	EXP 	window1: mouseVisible = True
1070.9508 	EXP 	window1: mouseVisible = True
1070.9509 	EXP 	window1: mouseVisible = True
1070.9511 	EXP 	window1: mouseVisible = True
1070.9512 	EXP 	window1: mouseVisible = True
1070.9513 	EXP 	window1: mouseVisible = True
1070.9514 	EXP 	window1: mouseVisible = True
1070.9535 	EXP 	Created ratingScale = RatingScale(__class__=type(...), acceptKeys=['return'], acceptPreText=UNKNOWN, acceptSize=UNKNOWN, acceptText=UNKNOWN, autoLog=True, choices=False, colorSpace='rgb', depth=0, disappear=False, flipVert=False, high=100, kwargs=UNKNOWN, labels=list(...), leftKeys=['left'], lineColor=(255, 255, 255), low=0, marker=Rect(...), markerColor=(255, 255, 255), markerExpansion=UNKNOWN, markerStart=0.5, maxTime=0.0, minTime=0.4, mouseOnly=False, name='ratingScale', noMouse=False, pos=[0.0, 0.0], precision=100, respKeys=[], rightKeys=['right'], scale=None, self=UNKNOWN, showAccept=False, showValue=False, singleClick=False, size=0.6, skipKeys=['tab'], stretch=2.0, textColor='white', textFont='Helvetica Bold', textSize=0.144, tickHeight=0, tickMarks=10.0, win=Window(...))
1070.9536 	EXP 	RatingScale ratingScale: reset()
1070.9555 	EXP 	window1: mouseVisible = False
1070.9668 	EXP 	thermode_locali: autoDraw = False
1070.9668 	EXP 	thermode_locali: autoDraw = False
1070.9668 	EXP 	ratingScale: flipVert = False
1070.9668 	EXP 	ratingScale: autoLog = True
1070.9683 	EXP 	window1: mouseVisible = False
1070.9850 	EXP 	window1: mouseVisible = False
1071.0016 	EXP 	window1: mouseVisible = False
1071.0182 	EXP 	window1: mouseVisible = False
1071.0351 	EXP 	window1: mouseVisible = False
1071.0515 	EXP 	window1: mouseVisible = False
1071.0683 	EXP 	window1: mouseVisible = False
1071.0849 	EXP 	window1: mouseVisible = False
1071.1016 	EXP 	window1: mouseVisible = False
1071.1184 	EXP 	window1: mouseVisible = False
1071.1349 	EXP 	window1: mouseVisible = False
1071.1516 	EXP 	window1: mouseVisible = False
1071.1682 	EXP 	window1: mouseVisible = False
1071.1849 	EXP 	window1: mouseVisible = False
1071.2015 	EXP 	window1: mouseVisible = False
1071.2183 	EXP 	window1: mouseVisible = False
1071.2350 	EXP 	window1: mouseVisible = False
1071.2516 	EXP 	window1: mouseVisible = False
1071.2682 	EXP 	window1: mouseVisible = False
1071.2849 	EXP 	window1: mouseVisible = False
1071.3015 	EXP 	window1: mouseVisible = False
1071.3183 	EXP 	window1: mouseVisible = False
1071.3349 	EXP 	window1: mouseVisible = False
1071.3515 	EXP 	window1: mouseVisible = False
1071.3682 	EXP 	window1: mouseVisible = False
1071.3849 	EXP 	window1: mouseVisible = False
1071.4015 	EXP 	window1: mouseVisible = False
1071.4182 	EXP 	window1: mouseVisible = False
1071.4349 	EXP 	window1: mouseVisible = False
1071.4516 	EXP 	window1: mouseVisible = False
1071.4685 	EXP 	window1: mouseVisible = False
1071.4851 	EXP 	window1: mouseVisible = False
1071.5017 	EXP 	window1: mouseVisible = False
1071.5183 	EXP 	window1: mouseVisible = False
1071.5349 	EXP 	window1: mouseVisible = False
1071.5515 	EXP 	window1: mouseVisible = False
1071.5682 	EXP 	window1: mouseVisible = False
1071.5849 	EXP 	window1: mouseVisible = False
1071.6016 	EXP 	window1: mouseVisible = False
1071.6182 	EXP 	window1: mouseVisible = False
1071.6349 	EXP 	window1: mouseVisible = False
1071.6512 	DATA 	Keypress: n
1071.6517 	EXP 	window1: mouseVisible = False
1071.6682 	EXP 	window1: mouseVisible = False
1071.6850 	EXP 	window1: mouseVisible = False
1071.7015 	EXP 	window1: mouseVisible = False
1071.7182 	EXP 	window1: mouseVisible = False
1071.7349 	EXP 	window1: mouseVisible = False
1071.7515 	EXP 	window1: mouseVisible = False
1071.7682 	EXP 	window1: mouseVisible = False
1071.7850 	EXP 	window1: mouseVisible = False
1071.8015 	EXP 	window1: mouseVisible = False
1071.8183 	EXP 	window1: mouseVisible = False
1071.8350 	EXP 	window1: mouseVisible = False
1071.8516 	EXP 	window1: mouseVisible = False
1071.8683 	EXP 	window1: mouseVisible = False
1071.8849 	EXP 	window1: mouseVisible = False
1071.9015 	EXP 	window1: mouseVisible = False
1071.9184 	EXP 	window1: mouseVisible = False
1071.9350 	EXP 	window1: mouseVisible = False
1071.9516 	EXP 	window1: mouseVisible = False
1071.9682 	EXP 	window1: mouseVisible = False
1071.9849 	EXP 	window1: mouseVisible = False
1072.0015 	EXP 	window1: mouseVisible = False
1072.0184 	EXP 	window1: mouseVisible = False
1072.0349 	EXP 	window1: mouseVisible = False
1072.0516 	EXP 	window1: mouseVisible = False
1072.0682 	EXP 	window1: mouseVisible = False
1072.0849 	EXP 	window1: mouseVisible = False
1072.1016 	EXP 	window1: mouseVisible = False
1072.1183 	EXP 	window1: mouseVisible = False
1072.1349 	EXP 	window1: mouseVisible = False
1072.1517 	EXP 	window1: mouseVisible = False
1072.1683 	EXP 	window1: mouseVisible = False
1072.1850 	EXP 	window1: mouseVisible = False
1072.2016 	EXP 	window1: mouseVisible = False
1072.2183 	EXP 	window1: mouseVisible = False
1072.2350 	EXP 	window1: mouseVisible = False
1072.2519 	EXP 	window1: mouseVisible = False
1072.2683 	EXP 	window1: mouseVisible = False
1072.2850 	EXP 	window1: mouseVisible = False
1072.3016 	EXP 	window1: mouseVisible = False
1072.3185 	EXP 	window1: mouseVisible = False
1072.3349 	EXP 	window1: mouseVisible = False
1072.3517 	EXP 	window1: mouseVisible = False
1072.3682 	EXP 	window1: mouseVisible = False
1072.3849 	EXP 	window1: mouseVisible = False
1072.4016 	EXP 	window1: mouseVisible = False
1072.4183 	EXP 	window1: mouseVisible = False
1072.4349 	EXP 	window1: mouseVisible = False
1072.4516 	EXP 	window1: mouseVisible = False
1072.4682 	EXP 	window1: mouseVisible = False
1072.4851 	EXP 	window1: mouseVisible = False
1072.5027 	EXP 	window1: mouseVisible = False
1072.5186 	EXP 	window1: mouseVisible = False
1072.5350 	EXP 	window1: mouseVisible = False
1072.5517 	EXP 	window1: mouseVisible = False
1072.5684 	EXP 	window1: mouseVisible = False
1072.5850 	EXP 	window1: mouseVisible = False
1072.6016 	EXP 	window1: mouseVisible = False
1072.6183 	EXP 	window1: mouseVisible = False
1072.6349 	EXP 	window1: mouseVisible = False
1072.6516 	EXP 	window1: mouseVisible = False
1072.6682 	EXP 	window1: mouseVisible = False
1072.6850 	EXP 	window1: mouseVisible = False
1072.7016 	EXP 	window1: mouseVisible = False
1072.7183 	EXP 	window1: mouseVisible = False
1072.7349 	EXP 	window1: mouseVisible = False
1072.7517 	EXP 	window1: mouseVisible = False
1072.7683 	EXP 	window1: mouseVisible = False
1072.7849 	EXP 	window1: mouseVisible = False
1072.8015 	EXP 	window1: mouseVisible = False
1072.8183 	EXP 	window1: mouseVisible = False
1072.8349 	EXP 	window1: mouseVisible = False
1072.8516 	EXP 	window1: mouseVisible = False
1072.8686 	EXP 	window1: mouseVisible = False
1072.8851 	EXP 	window1: mouseVisible = False
1072.9017 	EXP 	window1: mouseVisible = False
1072.9183 	EXP 	window1: mouseVisible = False
1072.9350 	EXP 	window1: mouseVisible = False
1072.9516 	EXP 	window1: mouseVisible = False
1072.9684 	EXP 	window1: mouseVisible = False
1072.9849 	EXP 	window1: mouseVisible = False
1073.0017 	EXP 	window1: mouseVisible = False
1073.0184 	EXP 	window1: mouseVisible = False
1073.0350 	EXP 	window1: mouseVisible = False
1073.0517 	EXP 	window1: mouseVisible = False
1073.0683 	EXP 	window1: mouseVisible = False
1073.0850 	EXP 	window1: mouseVisible = False
1073.1016 	EXP 	window1: mouseVisible = False
1073.1185 	EXP 	window1: mouseVisible = False
1073.1351 	EXP 	window1: mouseVisible = False
1073.1517 	EXP 	window1: mouseVisible = False
1073.1683 	EXP 	window1: mouseVisible = False
1073.1850 	EXP 	window1: mouseVisible = False
1073.2018 	EXP 	window1: mouseVisible = False
1073.2185 	EXP 	window1: mouseVisible = False
1073.2351 	EXP 	window1: mouseVisible = False
1073.2516 	EXP 	window1: mouseVisible = False
1073.2684 	EXP 	window1: mouseVisible = False
1073.2850 	EXP 	window1: mouseVisible = False
1073.3017 	EXP 	window1: mouseVisible = False
1073.3183 	EXP 	window1: mouseVisible = False
1073.3351 	EXP 	window1: mouseVisible = False
1073.3517 	EXP 	window1: mouseVisible = False
1073.3683 	EXP 	window1: mouseVisible = False
1073.3849 	EXP 	window1: mouseVisible = False
1073.4016 	EXP 	window1: mouseVisible = False
1073.4183 	EXP 	window1: mouseVisible = False
1073.4352 	EXP 	window1: mouseVisible = False
1073.4518 	EXP 	window1: mouseVisible = False
1073.4683 	EXP 	window1: mouseVisible = False
1073.4850 	EXP 	window1: mouseVisible = False
1073.5016 	EXP 	window1: mouseVisible = False
1073.5183 	EXP 	window1: mouseVisible = False
1073.5350 	EXP 	window1: mouseVisible = False
1073.5518 	EXP 	window1: mouseVisible = False
1073.5683 	EXP 	window1: mouseVisible = False
1073.5852 	EXP 	window1: mouseVisible = False
1073.6017 	EXP 	window1: mouseVisible = False
1073.6184 	EXP 	window1: mouseVisible = False
1073.6352 	EXP 	window1: mouseVisible = False
1073.6517 	EXP 	window1: mouseVisible = False
1073.6685 	EXP 	window1: mouseVisible = False
1073.6851 	EXP 	window1: mouseVisible = False
1073.7017 	EXP 	window1: mouseVisible = False
1073.7184 	EXP 	window1: mouseVisible = False
1073.7351 	EXP 	window1: mouseVisible = False
1073.7517 	EXP 	window1: mouseVisible = False
1073.7684 	EXP 	window1: mouseVisible = False
1073.7850 	EXP 	window1: mouseVisible = False
1073.8017 	EXP 	window1: mouseVisible = False
1073.8184 	EXP 	window1: mouseVisible = False
1073.8352 	EXP 	window1: mouseVisible = False
1073.8517 	EXP 	window1: mouseVisible = False
1073.8684 	EXP 	window1: mouseVisible = False
1073.8847 	DATA 	Keypress: n
1073.8853 	EXP 	window1: mouseVisible = False
1073.9017 	EXP 	window1: mouseVisible = False
1073.9183 	EXP 	window1: mouseVisible = False
1073.9351 	EXP 	window1: mouseVisible = False
1073.9517 	EXP 	window1: mouseVisible = False
1073.9684 	EXP 	window1: mouseVisible = False
1073.9850 	EXP 	window1: mouseVisible = False
1074.0017 	EXP 	window1: mouseVisible = False
1074.0184 	EXP 	window1: mouseVisible = False
1074.0352 	EXP 	window1: mouseVisible = False
1074.0517 	EXP 	window1: mouseVisible = False
1074.0684 	EXP 	window1: mouseVisible = False
1074.0850 	EXP 	window1: mouseVisible = False
1074.1017 	EXP 	window1: mouseVisible = False
1074.1184 	EXP 	window1: mouseVisible = False
1074.1352 	EXP 	window1: mouseVisible = False
1074.1518 	EXP 	window1: mouseVisible = False
1074.1684 	EXP 	window1: mouseVisible = False
1074.1849 	EXP 	window1: mouseVisible = False
1074.2017 	EXP 	window1: mouseVisible = False
1074.2185 	EXP 	window1: mouseVisible = False
1074.2351 	EXP 	window1: mouseVisible = False
1074.2518 	EXP 	window1: mouseVisible = False
1074.2685 	EXP 	window1: mouseVisible = False
1074.2852 	EXP 	window1: mouseVisible = False
1074.3019 	EXP 	window1: mouseVisible = False
1074.3184 	EXP 	window1: mouseVisible = False
1074.3352 	EXP 	window1: mouseVisible = False
1074.3517 	EXP 	window1: mouseVisible = False
1074.3684 	EXP 	window1: mouseVisible = False
1074.3850 	EXP 	window1: mouseVisible = False
1074.4017 	EXP 	window1: mouseVisible = False
1074.4184 	EXP 	window1: mouseVisible = False
1074.4353 	DATA 	Keypress: space
1074.5354 	EXP 	New trial (rep=5, index=0): None
1074.5503 	EXP 	main_text: autoDraw = True
1074.5503 	EXP 	confirm_text: autoDraw = True
1074.5503 	EXP 	ratingScale: autoDraw = False
1074.5503 	EXP 	main_text: autoDraw = False
1074.5503 	EXP 	confirm_text: autoDraw = False
1074.5503 	EXP 	text_2: autoDraw = True
1074.5503 	EXP 	croix: autoDraw = True
1079.5504 	EXP 	text_2: autoDraw = False
1079.5504 	EXP 	croix: autoDraw = False
1079.5504 	EXP 	text_2: autoDraw = False
1079.5504 	EXP 	croix: autoDraw = False
1079.5504 	EXP 	thermode_locali: autoDraw = True
1091.5342 	EXP 	window1: mouseVisible = True
1091.5351 	EXP 	Created unnamed Rect = Rect(__class__=<class 'psychopy.visual.rect.Rect'>, anchor=('center', 'center'), autoDraw=False, autoLog=True, closeShape=True, color=method-wrapper(...), colorSpace='rgb', contrast=None, depth=0, draggable=False, fillColor=array([1, 1, 1]), fillColorSpace='rgb', fillRGB=array([1, 1, 1]), interpolate=True, lineColor=array([1., 1., 1.]), lineColorSpace='rgb', lineRGB=array([1, 1, 1]), lineWidth=1.5, name='unnamed Rect', opacity=1.0, ori=0.0, pos=array([0., 0.]), size=array([0.01, 0.1 ]), units='norm', vertices=ndarray(...), win=Window(...))
1091.5351 	EXP 	window1: mouseVisible = True
1091.5353 	EXP 	window1: mouseVisible = True
1091.5357 	EXP 	window1: mouseVisible = True
1091.5369 	EXP 	window1: mouseVisible = True
1091.5383 	EXP 	window1: mouseVisible = True
1091.5385 	EXP 	window1: mouseVisible = True
1091.5387 	EXP 	window1: mouseVisible = True
1091.5388 	EXP 	window1: mouseVisible = True
1091.5389 	EXP 	window1: mouseVisible = True
1091.5391 	EXP 	window1: mouseVisible = True
1091.5392 	EXP 	window1: mouseVisible = True
1091.5393 	EXP 	window1: mouseVisible = True
1091.5395 	EXP 	window1: mouseVisible = True
1091.5396 	EXP 	window1: mouseVisible = True
1091.5397 	EXP 	window1: mouseVisible = True
1091.5399 	EXP 	window1: mouseVisible = True
1091.5400 	EXP 	window1: mouseVisible = True
1091.5402 	EXP 	window1: mouseVisible = True
1091.5404 	EXP 	window1: mouseVisible = True
1091.5405 	EXP 	window1: mouseVisible = True
1091.5406 	EXP 	window1: mouseVisible = True
1091.5408 	EXP 	window1: mouseVisible = True
1091.5409 	EXP 	window1: mouseVisible = True
1091.5410 	EXP 	window1: mouseVisible = True
1091.5412 	EXP 	window1: mouseVisible = True
1091.5413 	EXP 	window1: mouseVisible = True
1091.5414 	EXP 	window1: mouseVisible = True
1091.5416 	EXP 	window1: mouseVisible = True
1091.5417 	EXP 	window1: mouseVisible = True
1091.5418 	EXP 	window1: mouseVisible = True
1091.5419 	EXP 	window1: mouseVisible = True
1091.5421 	EXP 	window1: mouseVisible = True
1091.5422 	EXP 	window1: mouseVisible = True
1091.5423 	EXP 	window1: mouseVisible = True
1091.5424 	EXP 	window1: mouseVisible = True
1091.5426 	EXP 	window1: mouseVisible = True
1091.5427 	EXP 	window1: mouseVisible = True
1091.5428 	EXP 	window1: mouseVisible = True
1091.5430 	EXP 	window1: mouseVisible = True
1091.5431 	EXP 	window1: mouseVisible = True
1091.5432 	EXP 	window1: mouseVisible = True
1091.5433 	EXP 	window1: mouseVisible = True
1091.5435 	EXP 	window1: mouseVisible = True
1091.5436 	EXP 	window1: mouseVisible = True
1091.5437 	EXP 	window1: mouseVisible = True
1091.5438 	EXP 	window1: mouseVisible = True
1091.5440 	EXP 	window1: mouseVisible = True
1091.5441 	EXP 	window1: mouseVisible = True
1091.5442 	EXP 	window1: mouseVisible = True
1091.5444 	EXP 	window1: mouseVisible = True
1091.5445 	EXP 	window1: mouseVisible = True
1091.5446 	EXP 	window1: mouseVisible = True
1091.5448 	EXP 	window1: mouseVisible = True
1091.5449 	EXP 	window1: mouseVisible = True
1091.5450 	EXP 	window1: mouseVisible = True
1091.5452 	EXP 	window1: mouseVisible = True
1091.5453 	EXP 	window1: mouseVisible = True
1091.5454 	EXP 	window1: mouseVisible = True
1091.5455 	EXP 	window1: mouseVisible = True
1091.5457 	EXP 	window1: mouseVisible = True
1091.5458 	EXP 	window1: mouseVisible = True
1091.5459 	EXP 	window1: mouseVisible = True
1091.5460 	EXP 	window1: mouseVisible = True
1091.5462 	EXP 	window1: mouseVisible = True
1091.5463 	EXP 	window1: mouseVisible = True
1091.5464 	EXP 	window1: mouseVisible = True
1091.5465 	EXP 	window1: mouseVisible = True
1091.5467 	EXP 	window1: mouseVisible = True
1091.5468 	EXP 	window1: mouseVisible = True
1091.5469 	EXP 	window1: mouseVisible = True
1091.5470 	EXP 	window1: mouseVisible = True
1091.5472 	EXP 	window1: mouseVisible = True
1091.5473 	EXP 	window1: mouseVisible = True
1091.5474 	EXP 	window1: mouseVisible = True
1091.5476 	EXP 	window1: mouseVisible = True
1091.5477 	EXP 	window1: mouseVisible = True
1091.5478 	EXP 	window1: mouseVisible = True
1091.5479 	EXP 	window1: mouseVisible = True
1091.5480 	EXP 	window1: mouseVisible = True
1091.5482 	EXP 	window1: mouseVisible = True
1091.5483 	EXP 	window1: mouseVisible = True
1091.5485 	EXP 	window1: mouseVisible = True
1091.5486 	EXP 	window1: mouseVisible = True
1091.5487 	EXP 	window1: mouseVisible = True
1091.5488 	EXP 	window1: mouseVisible = True
1091.5490 	EXP 	window1: mouseVisible = True
1091.5491 	EXP 	window1: mouseVisible = True
1091.5492 	EXP 	window1: mouseVisible = True
1091.5493 	EXP 	window1: mouseVisible = True
1091.5495 	EXP 	window1: mouseVisible = True
1091.5496 	EXP 	window1: mouseVisible = True
1091.5497 	EXP 	window1: mouseVisible = True
1091.5499 	EXP 	window1: mouseVisible = True
1091.5500 	EXP 	window1: mouseVisible = True
1091.5501 	EXP 	window1: mouseVisible = True
1091.5502 	EXP 	window1: mouseVisible = True
1091.5504 	EXP 	window1: mouseVisible = True
1091.5505 	EXP 	window1: mouseVisible = True
1091.5506 	EXP 	window1: mouseVisible = True
1091.5507 	EXP 	window1: mouseVisible = True
1091.5509 	EXP 	window1: mouseVisible = True
1091.5510 	EXP 	window1: mouseVisible = True
1091.5511 	EXP 	window1: mouseVisible = True
1091.5512 	EXP 	window1: mouseVisible = True
1091.5536 	EXP 	Created ratingScale = RatingScale(__class__=type(...), acceptKeys=['return'], acceptPreText=UNKNOWN, acceptSize=UNKNOWN, acceptText=UNKNOWN, autoLog=True, choices=False, colorSpace='rgb', depth=0, disappear=False, flipVert=False, high=100, kwargs=UNKNOWN, labels=list(...), leftKeys=['left'], lineColor=(255, 255, 255), low=0, marker=Rect(...), markerColor=(255, 255, 255), markerExpansion=UNKNOWN, markerStart=0.5, maxTime=0.0, minTime=0.4, mouseOnly=False, name='ratingScale', noMouse=False, pos=[0.0, 0.0], precision=100, respKeys=[], rightKeys=['right'], scale=None, self=UNKNOWN, showAccept=False, showValue=False, singleClick=False, size=0.6, skipKeys=['tab'], stretch=2.0, textColor='white', textFont='Helvetica Bold', textSize=0.144, tickHeight=0, tickMarks=10.0, win=Window(...))
1091.5537 	EXP 	RatingScale ratingScale: reset()
1091.5557 	EXP 	window1: mouseVisible = False
1091.5672 	EXP 	thermode_locali: autoDraw = False
1091.5672 	EXP 	thermode_locali: autoDraw = False
1091.5672 	EXP 	ratingScale: flipVert = False
1091.5672 	EXP 	ratingScale: autoLog = True
1091.5687 	EXP 	window1: mouseVisible = False
1091.5853 	EXP 	window1: mouseVisible = False
1091.6019 	EXP 	window1: mouseVisible = False
1091.6185 	EXP 	window1: mouseVisible = False
1091.6352 	EXP 	window1: mouseVisible = False
1091.6519 	EXP 	window1: mouseVisible = False
1091.6686 	EXP 	window1: mouseVisible = False
1091.6853 	EXP 	window1: mouseVisible = False
1091.7020 	EXP 	window1: mouseVisible = False
1091.7186 	EXP 	window1: mouseVisible = False
1091.7352 	EXP 	window1: mouseVisible = False
1091.7522 	EXP 	window1: mouseVisible = False
1091.7686 	EXP 	window1: mouseVisible = False
1091.7853 	EXP 	window1: mouseVisible = False
1091.8020 	EXP 	window1: mouseVisible = False
1091.8186 	EXP 	window1: mouseVisible = False
1091.8353 	EXP 	window1: mouseVisible = False
1091.8519 	EXP 	window1: mouseVisible = False
1091.8686 	EXP 	window1: mouseVisible = False
1091.8853 	EXP 	window1: mouseVisible = False
1091.9019 	EXP 	window1: mouseVisible = False
1091.9186 	EXP 	window1: mouseVisible = False
1091.9353 	EXP 	window1: mouseVisible = False
1091.9519 	EXP 	window1: mouseVisible = False
1091.9686 	EXP 	window1: mouseVisible = False
1091.9855 	EXP 	window1: mouseVisible = False
1092.0020 	EXP 	window1: mouseVisible = False
1092.0182 	DATA 	Keypress: m
1092.0188 	EXP 	window1: mouseVisible = False
1092.0352 	EXP 	window1: mouseVisible = False
1092.0519 	EXP 	window1: mouseVisible = False
1092.0686 	EXP 	window1: mouseVisible = False
1092.0853 	EXP 	window1: mouseVisible = False
1092.1019 	EXP 	window1: mouseVisible = False
1092.1186 	EXP 	window1: mouseVisible = False
1092.1352 	EXP 	window1: mouseVisible = False
1092.1519 	EXP 	window1: mouseVisible = False
1092.1686 	EXP 	window1: mouseVisible = False
1092.1853 	EXP 	window1: mouseVisible = False
1092.2022 	EXP 	window1: mouseVisible = False
1092.2186 	EXP 	window1: mouseVisible = False
1092.2352 	EXP 	window1: mouseVisible = False
1092.2519 	EXP 	window1: mouseVisible = False
1092.2686 	EXP 	window1: mouseVisible = False
1092.2853 	EXP 	window1: mouseVisible = False
1092.3020 	EXP 	window1: mouseVisible = False
1092.3186 	EXP 	window1: mouseVisible = False
1092.3352 	EXP 	window1: mouseVisible = False
1092.3519 	EXP 	window1: mouseVisible = False
1092.3686 	EXP 	window1: mouseVisible = False
1092.3853 	EXP 	window1: mouseVisible = False
1092.4020 	EXP 	window1: mouseVisible = False
1092.4188 	EXP 	window1: mouseVisible = False
1092.4352 	EXP 	window1: mouseVisible = False
1092.4519 	EXP 	window1: mouseVisible = False
1092.4689 	EXP 	window1: mouseVisible = False
1092.4852 	EXP 	window1: mouseVisible = False
1092.5019 	EXP 	window1: mouseVisible = False
1092.5187 	EXP 	window1: mouseVisible = False
1092.5353 	EXP 	window1: mouseVisible = False
1092.5520 	EXP 	window1: mouseVisible = False
1092.5686 	EXP 	window1: mouseVisible = False
1092.5854 	EXP 	window1: mouseVisible = False
1092.6019 	EXP 	window1: mouseVisible = False
1092.6188 	EXP 	window1: mouseVisible = False
1092.6353 	EXP 	window1: mouseVisible = False
1092.6520 	EXP 	window1: mouseVisible = False
1092.6686 	EXP 	window1: mouseVisible = False
1092.6853 	EXP 	window1: mouseVisible = False
1092.7020 	EXP 	window1: mouseVisible = False
1092.7186 	EXP 	window1: mouseVisible = False
1092.7353 	EXP 	window1: mouseVisible = False
1092.7520 	EXP 	window1: mouseVisible = False
1092.7687 	EXP 	window1: mouseVisible = False
1092.7854 	EXP 	window1: mouseVisible = False
1092.8019 	EXP 	window1: mouseVisible = False
1092.8188 	EXP 	window1: mouseVisible = False
1092.8352 	EXP 	window1: mouseVisible = False
1092.8519 	EXP 	window1: mouseVisible = False
1092.8687 	EXP 	window1: mouseVisible = False
1092.8852 	EXP 	window1: mouseVisible = False
1092.9020 	EXP 	window1: mouseVisible = False
1092.9186 	EXP 	window1: mouseVisible = False
1092.9353 	EXP 	window1: mouseVisible = False
1092.9520 	EXP 	window1: mouseVisible = False
1092.9686 	EXP 	window1: mouseVisible = False
1092.9853 	EXP 	window1: mouseVisible = False
1093.0020 	EXP 	window1: mouseVisible = False
1093.0187 	EXP 	window1: mouseVisible = False
1093.0353 	EXP 	window1: mouseVisible = False
1093.0520 	EXP 	window1: mouseVisible = False
1093.0686 	EXP 	window1: mouseVisible = False
1093.0855 	EXP 	window1: mouseVisible = False
1093.1022 	EXP 	window1: mouseVisible = False
1093.1188 	EXP 	window1: mouseVisible = False
1093.1353 	EXP 	window1: mouseVisible = False
1093.1521 	EXP 	window1: mouseVisible = False
1093.1688 	EXP 	window1: mouseVisible = False
1093.1855 	EXP 	window1: mouseVisible = False
1093.2021 	EXP 	window1: mouseVisible = False
1093.2187 	EXP 	window1: mouseVisible = False
1093.2353 	EXP 	window1: mouseVisible = False
1093.2520 	EXP 	window1: mouseVisible = False
1093.2687 	EXP 	window1: mouseVisible = False
1093.2853 	EXP 	window1: mouseVisible = False
1093.3019 	EXP 	window1: mouseVisible = False
1093.3186 	EXP 	window1: mouseVisible = False
1093.3353 	EXP 	window1: mouseVisible = False
1093.3520 	EXP 	window1: mouseVisible = False
1093.3686 	EXP 	window1: mouseVisible = False
1093.3853 	EXP 	window1: mouseVisible = False
1093.4020 	EXP 	window1: mouseVisible = False
1093.4186 	EXP 	window1: mouseVisible = False
1093.4352 	EXP 	window1: mouseVisible = False
1093.4520 	EXP 	window1: mouseVisible = False
1093.4694 	DATA 	Keypress: space
1093.5692 	EXP 	New trial (rep=6, index=0): None
1093.5838 	EXP 	main_text: autoDraw = True
1093.5838 	EXP 	confirm_text: autoDraw = True
1093.5838 	EXP 	ratingScale: autoDraw = False
1093.5838 	EXP 	main_text: autoDraw = False
1093.5838 	EXP 	confirm_text: autoDraw = False
1093.5838 	EXP 	text_2: autoDraw = True
1093.5838 	EXP 	croix: autoDraw = True
1098.5839 	EXP 	text_2: autoDraw = False
1098.5839 	EXP 	croix: autoDraw = False
1098.5839 	EXP 	text_2: autoDraw = False
1098.5839 	EXP 	croix: autoDraw = False
1098.5839 	EXP 	thermode_locali: autoDraw = True
1110.5678 	EXP 	window1: mouseVisible = True
1110.5686 	EXP 	Created unnamed Rect = Rect(__class__=<class 'psychopy.visual.rect.Rect'>, anchor=('center', 'center'), autoDraw=False, autoLog=True, closeShape=True, color=method-wrapper(...), colorSpace='rgb', contrast=None, depth=0, draggable=False, fillColor=array([1, 1, 1]), fillColorSpace='rgb', fillRGB=array([1, 1, 1]), interpolate=True, lineColor=array([1., 1., 1.]), lineColorSpace='rgb', lineRGB=array([1, 1, 1]), lineWidth=1.5, name='unnamed Rect', opacity=1.0, ori=0.0, pos=array([0., 0.]), size=array([0.01, 0.1 ]), units='norm', vertices=ndarray(...), win=Window(...))
1110.5687 	EXP 	window1: mouseVisible = True
1110.5688 	EXP 	window1: mouseVisible = True
1110.5694 	EXP 	window1: mouseVisible = True
1110.5706 	EXP 	window1: mouseVisible = True
1110.5721 	EXP 	window1: mouseVisible = True
1110.5724 	EXP 	window1: mouseVisible = True
1110.5726 	EXP 	window1: mouseVisible = True
1110.5728 	EXP 	window1: mouseVisible = True
1110.5731 	EXP 	window1: mouseVisible = True
1110.5732 	EXP 	window1: mouseVisible = True
1110.5734 	EXP 	window1: mouseVisible = True
1110.5735 	EXP 	window1: mouseVisible = True
1110.5736 	EXP 	window1: mouseVisible = True
1110.5738 	EXP 	window1: mouseVisible = True
1110.5739 	EXP 	window1: mouseVisible = True
1110.5740 	EXP 	window1: mouseVisible = True
1110.5742 	EXP 	window1: mouseVisible = True
1110.5743 	EXP 	window1: mouseVisible = True
1110.5744 	EXP 	window1: mouseVisible = True
1110.5746 	EXP 	window1: mouseVisible = True
1110.5747 	EXP 	window1: mouseVisible = True
1110.5748 	EXP 	window1: mouseVisible = True
1110.5749 	EXP 	window1: mouseVisible = True
1110.5751 	EXP 	window1: mouseVisible = True
1110.5752 	EXP 	window1: mouseVisible = True
1110.5754 	EXP 	window1: mouseVisible = True
1110.5755 	EXP 	window1: mouseVisible = True
1110.5756 	EXP 	window1: mouseVisible = True
1110.5758 	EXP 	window1: mouseVisible = True
1110.5759 	EXP 	window1: mouseVisible = True
1110.5760 	EXP 	window1: mouseVisible = True
1110.5762 	EXP 	window1: mouseVisible = True
1110.5763 	EXP 	window1: mouseVisible = True
1110.5764 	EXP 	window1: mouseVisible = True
1110.5766 	EXP 	window1: mouseVisible = True
1110.5767 	EXP 	window1: mouseVisible = True
1110.5768 	EXP 	window1: mouseVisible = True
1110.5769 	EXP 	window1: mouseVisible = True
1110.5771 	EXP 	window1: mouseVisible = True
1110.5772 	EXP 	window1: mouseVisible = True
1110.5773 	EXP 	window1: mouseVisible = True
1110.5774 	EXP 	window1: mouseVisible = True
1110.5776 	EXP 	window1: mouseVisible = True
1110.5777 	EXP 	window1: mouseVisible = True
1110.5778 	EXP 	window1: mouseVisible = True
1110.5780 	EXP 	window1: mouseVisible = True
1110.5781 	EXP 	window1: mouseVisible = True
1110.5782 	EXP 	window1: mouseVisible = True
1110.5783 	EXP 	window1: mouseVisible = True
1110.5785 	EXP 	window1: mouseVisible = True
1110.5786 	EXP 	window1: mouseVisible = True
1110.5787 	EXP 	window1: mouseVisible = True
1110.5788 	EXP 	window1: mouseVisible = True
1110.5790 	EXP 	window1: mouseVisible = True
1110.5791 	EXP 	window1: mouseVisible = True
1110.5792 	EXP 	window1: mouseVisible = True
1110.5794 	EXP 	window1: mouseVisible = True
1110.5795 	EXP 	window1: mouseVisible = True
1110.5796 	EXP 	window1: mouseVisible = True
1110.5798 	EXP 	window1: mouseVisible = True
1110.5799 	EXP 	window1: mouseVisible = True
1110.5800 	EXP 	window1: mouseVisible = True
1110.5801 	EXP 	window1: mouseVisible = True
1110.5803 	EXP 	window1: mouseVisible = True
1110.5804 	EXP 	window1: mouseVisible = True
1110.5805 	EXP 	window1: mouseVisible = True
1110.5806 	EXP 	window1: mouseVisible = True
1110.5808 	EXP 	window1: mouseVisible = True
1110.5809 	EXP 	window1: mouseVisible = True
1110.5810 	EXP 	window1: mouseVisible = True
1110.5811 	EXP 	window1: mouseVisible = True
1110.5813 	EXP 	window1: mouseVisible = True
1110.5814 	EXP 	window1: mouseVisible = True
1110.5815 	EXP 	window1: mouseVisible = True
1110.5816 	EXP 	window1: mouseVisible = True
1110.5818 	EXP 	window1: mouseVisible = True
1110.5819 	EXP 	window1: mouseVisible = True
1110.5820 	EXP 	window1: mouseVisible = True
1110.5821 	EXP 	window1: mouseVisible = True
1110.5823 	EXP 	window1: mouseVisible = True
1110.5824 	EXP 	window1: mouseVisible = True
1110.5825 	EXP 	window1: mouseVisible = True
1110.5827 	EXP 	window1: mouseVisible = True
1110.5828 	EXP 	window1: mouseVisible = True
1110.5829 	EXP 	window1: mouseVisible = True
1110.5831 	EXP 	window1: mouseVisible = True
1110.5832 	EXP 	window1: mouseVisible = True
1110.5833 	EXP 	window1: mouseVisible = True
1110.5835 	EXP 	window1: mouseVisible = True
1110.5836 	EXP 	window1: mouseVisible = True
1110.5837 	EXP 	window1: mouseVisible = True
1110.5838 	EXP 	window1: mouseVisible = True
1110.5840 	EXP 	window1: mouseVisible = True
1110.5841 	EXP 	window1: mouseVisible = True
1110.5842 	EXP 	window1: mouseVisible = True
1110.5843 	EXP 	window1: mouseVisible = True
1110.5845 	EXP 	window1: mouseVisible = True
1110.5846 	EXP 	window1: mouseVisible = True
1110.5847 	EXP 	window1: mouseVisible = True
1110.5849 	EXP 	window1: mouseVisible = True
1110.5850 	EXP 	window1: mouseVisible = True
1110.5851 	EXP 	window1: mouseVisible = True
1110.5853 	EXP 	window1: mouseVisible = True
1110.5854 	EXP 	window1: mouseVisible = True
1110.5875 	EXP 	Created ratingScale = RatingScale(__class__=type(...), acceptKeys=['return'], acceptPreText=UNKNOWN, acceptSize=UNKNOWN, acceptText=UNKNOWN, autoLog=True, choices=False, colorSpace='rgb', depth=0, disappear=False, flipVert=False, high=100, kwargs=UNKNOWN, labels=list(...), leftKeys=['left'], lineColor=(255, 255, 255), low=0, marker=Rect(...), markerColor=(255, 255, 255), markerExpansion=UNKNOWN, markerStart=0.5, maxTime=0.0, minTime=0.4, mouseOnly=False, name='ratingScale', noMouse=False, pos=[0.0, 0.0], precision=100, respKeys=[], rightKeys=['right'], scale=None, self=UNKNOWN, showAccept=False, showValue=False, singleClick=False, size=0.6, skipKeys=['tab'], stretch=2.0, textColor='white', textFont='Helvetica Bold', textSize=0.144, tickHeight=0, tickMarks=10.0, win=Window(...))
1110.5875 	EXP 	RatingScale ratingScale: reset()
1110.5896 	EXP 	window1: mouseVisible = False
1110.6006 	EXP 	thermode_locali: autoDraw = False
1110.6006 	EXP 	thermode_locali: autoDraw = False
1110.6006 	EXP 	ratingScale: flipVert = False
1110.6006 	EXP 	ratingScale: autoLog = True
1110.6022 	EXP 	window1: mouseVisible = False
1110.6187 	EXP 	window1: mouseVisible = False
1110.6356 	EXP 	window1: mouseVisible = False
1110.6523 	EXP 	window1: mouseVisible = False
1110.6688 	EXP 	window1: mouseVisible = False
1110.6854 	EXP 	window1: mouseVisible = False
1110.7022 	EXP 	window1: mouseVisible = False
1110.7188 	EXP 	window1: mouseVisible = False
1110.7355 	EXP 	window1: mouseVisible = False
1110.7521 	EXP 	window1: mouseVisible = False
1110.7688 	EXP 	window1: mouseVisible = False
1110.7857 	EXP 	window1: mouseVisible = False
1110.8020 	EXP 	window1: mouseVisible = False
1110.8187 	EXP 	window1: mouseVisible = False
1110.8353 	EXP 	window1: mouseVisible = False
1110.8520 	EXP 	window1: mouseVisible = False
1110.8687 	EXP 	window1: mouseVisible = False
1110.8853 	EXP 	window1: mouseVisible = False
1110.9020 	EXP 	window1: mouseVisible = False
1110.9187 	EXP 	window1: mouseVisible = False
1110.9353 	EXP 	window1: mouseVisible = False
1110.9520 	EXP 	window1: mouseVisible = False
1110.9687 	EXP 	window1: mouseVisible = False
1110.9853 	EXP 	window1: mouseVisible = False
1111.0025 	EXP 	window1: mouseVisible = False
1111.0189 	EXP 	window1: mouseVisible = False
1111.0356 	EXP 	window1: mouseVisible = False
1111.0522 	EXP 	window1: mouseVisible = False
1111.0689 	EXP 	window1: mouseVisible = False
1111.0855 	EXP 	window1: mouseVisible = False
1111.1022 	EXP 	window1: mouseVisible = False
1111.1187 	EXP 	window1: mouseVisible = False
1111.1355 	EXP 	window1: mouseVisible = False
1111.1520 	EXP 	window1: mouseVisible = False
1111.1687 	EXP 	window1: mouseVisible = False
1111.1853 	EXP 	window1: mouseVisible = False
1111.2020 	EXP 	window1: mouseVisible = False
1111.2187 	EXP 	window1: mouseVisible = False
1111.2353 	EXP 	window1: mouseVisible = False
1111.2520 	EXP 	window1: mouseVisible = False
1111.2687 	EXP 	window1: mouseVisible = False
1111.2853 	EXP 	window1: mouseVisible = False
1111.3020 	EXP 	window1: mouseVisible = False
1111.3186 	EXP 	window1: mouseVisible = False
1111.3353 	EXP 	window1: mouseVisible = False
1111.3520 	EXP 	window1: mouseVisible = False
1111.3687 	EXP 	window1: mouseVisible = False
1111.3853 	EXP 	window1: mouseVisible = False
1111.4020 	EXP 	window1: mouseVisible = False
1111.4187 	EXP 	window1: mouseVisible = False
1111.4353 	EXP 	window1: mouseVisible = False
1111.4520 	EXP 	window1: mouseVisible = False
1111.4687 	EXP 	window1: mouseVisible = False
1111.4853 	EXP 	window1: mouseVisible = False
1111.5020 	EXP 	window1: mouseVisible = False
1111.5187 	EXP 	window1: mouseVisible = False
1111.5353 	EXP 	window1: mouseVisible = False
1111.5520 	EXP 	window1: mouseVisible = False
1111.5687 	EXP 	window1: mouseVisible = False
1111.5853 	EXP 	window1: mouseVisible = False
1111.6020 	EXP 	window1: mouseVisible = False
1111.6187 	EXP 	window1: mouseVisible = False
1111.6353 	EXP 	window1: mouseVisible = False
1111.6520 	EXP 	window1: mouseVisible = False
1111.6687 	EXP 	window1: mouseVisible = False
1111.6853 	EXP 	window1: mouseVisible = False
1111.7022 	EXP 	window1: mouseVisible = False
1111.7023 	DATA 	Keypress: n
1111.7188 	EXP 	window1: mouseVisible = False
1111.7353 	EXP 	window1: mouseVisible = False
1111.7520 	EXP 	window1: mouseVisible = False
1111.7687 	EXP 	window1: mouseVisible = False
1111.7855 	EXP 	window1: mouseVisible = False
1111.8021 	EXP 	window1: mouseVisible = False
1111.8187 	EXP 	window1: mouseVisible = False
1111.8353 	EXP 	window1: mouseVisible = False
1111.8520 	EXP 	window1: mouseVisible = False
1111.8687 	EXP 	window1: mouseVisible = False
1111.8854 	EXP 	window1: mouseVisible = False
1111.9020 	EXP 	window1: mouseVisible = False
1111.9187 	EXP 	window1: mouseVisible = False
1111.9353 	EXP 	window1: mouseVisible = False
1111.9520 	EXP 	window1: mouseVisible = False
1111.9688 	EXP 	window1: mouseVisible = False
1111.9854 	EXP 	window1: mouseVisible = False
1112.0020 	EXP 	window1: mouseVisible = False
1112.0187 	EXP 	window1: mouseVisible = False
1112.0354 	EXP 	window1: mouseVisible = False
1112.0520 	EXP 	window1: mouseVisible = False
1112.0687 	EXP 	window1: mouseVisible = False
1112.0853 	EXP 	window1: mouseVisible = False
1112.1020 	EXP 	window1: mouseVisible = False
1112.1187 	EXP 	window1: mouseVisible = False
1112.1370 	EXP 	window1: mouseVisible = False
1112.1523 	EXP 	window1: mouseVisible = False
1112.1689 	EXP 	window1: mouseVisible = False
1112.1856 	EXP 	window1: mouseVisible = False
1112.2022 	EXP 	window1: mouseVisible = False
1112.2191 	EXP 	window1: mouseVisible = False
1112.2354 	EXP 	window1: mouseVisible = False
1112.2521 	EXP 	window1: mouseVisible = False
1112.2688 	EXP 	window1: mouseVisible = False
1112.2854 	EXP 	window1: mouseVisible = False
1112.3020 	EXP 	window1: mouseVisible = False
1112.3188 	EXP 	window1: mouseVisible = False
1112.3354 	EXP 	window1: mouseVisible = False
1112.3521 	EXP 	window1: mouseVisible = False
1112.3687 	EXP 	window1: mouseVisible = False
1112.3854 	EXP 	window1: mouseVisible = False
1112.4020 	EXP 	window1: mouseVisible = False
1112.4188 	EXP 	window1: mouseVisible = False
1112.4355 	EXP 	window1: mouseVisible = False
1112.4521 	EXP 	window1: mouseVisible = False
1112.4688 	EXP 	window1: mouseVisible = False
1112.4855 	EXP 	window1: mouseVisible = False
1112.5022 	EXP 	window1: mouseVisible = False
1112.5188 	EXP 	window1: mouseVisible = False
1112.5355 	EXP 	window1: mouseVisible = False
1112.5523 	EXP 	window1: mouseVisible = False
1112.5688 	EXP 	window1: mouseVisible = False
1112.5855 	EXP 	window1: mouseVisible = False
1112.6022 	EXP 	window1: mouseVisible = False
1112.6189 	EXP 	window1: mouseVisible = False
1112.6355 	EXP 	window1: mouseVisible = False
1112.6524 	EXP 	window1: mouseVisible = False
1112.6688 	EXP 	window1: mouseVisible = False
1112.6856 	EXP 	window1: mouseVisible = False
1112.7021 	EXP 	window1: mouseVisible = False
1112.7188 	EXP 	window1: mouseVisible = False
1112.7355 	EXP 	window1: mouseVisible = False
1112.7522 	EXP 	window1: mouseVisible = False
1112.7692 	EXP 	window1: mouseVisible = False
1112.7855 	EXP 	window1: mouseVisible = False
1112.8022 	EXP 	window1: mouseVisible = False
1112.8188 	EXP 	window1: mouseVisible = False
1112.8355 	EXP 	window1: mouseVisible = False
1112.8522 	EXP 	window1: mouseVisible = False
1112.8689 	EXP 	window1: mouseVisible = False
1112.8855 	EXP 	window1: mouseVisible = False
1112.9021 	EXP 	window1: mouseVisible = False
1112.9188 	EXP 	window1: mouseVisible = False
1112.9355 	EXP 	window1: mouseVisible = False
1112.9522 	EXP 	window1: mouseVisible = False
1112.9688 	EXP 	window1: mouseVisible = False
1112.9856 	EXP 	window1: mouseVisible = False
1113.0023 	EXP 	window1: mouseVisible = False
1113.0189 	EXP 	window1: mouseVisible = False
1113.0355 	EXP 	window1: mouseVisible = False
1113.0525 	EXP 	window1: mouseVisible = False
1113.0688 	EXP 	window1: mouseVisible = False
1113.0857 	EXP 	window1: mouseVisible = False
1113.1022 	EXP 	window1: mouseVisible = False
1113.1187 	EXP 	window1: mouseVisible = False
1113.1357 	EXP 	window1: mouseVisible = False
1113.1521 	EXP 	window1: mouseVisible = False
1113.1689 	EXP 	window1: mouseVisible = False
1113.1854 	EXP 	window1: mouseVisible = False
1113.2021 	EXP 	window1: mouseVisible = False
1113.2188 	EXP 	window1: mouseVisible = False
1113.2354 	DATA 	Keypress: space
1113.3370 	EXP 	New trial (rep=7, index=0): None
1113.3506 	EXP 	main_text: autoDraw = True
1113.3506 	EXP 	confirm_text: autoDraw = True
1113.3506 	EXP 	ratingScale: autoDraw = False
1113.3506 	EXP 	main_text: autoDraw = False
1113.3506 	EXP 	confirm_text: autoDraw = False
1113.3506 	EXP 	text_2: autoDraw = True
1113.3506 	EXP 	croix: autoDraw = True
1118.3507 	EXP 	text_2: autoDraw = False
1118.3507 	EXP 	croix: autoDraw = False
1118.3507 	EXP 	text_2: autoDraw = False
1118.3507 	EXP 	croix: autoDraw = False
1118.3507 	EXP 	thermode_locali: autoDraw = True
1130.3348 	EXP 	window1: mouseVisible = True
1130.3356 	EXP 	Created unnamed Rect = Rect(__class__=<class 'psychopy.visual.rect.Rect'>, anchor=('center', 'center'), autoDraw=False, autoLog=True, closeShape=True, color=method-wrapper(...), colorSpace='rgb', contrast=None, depth=0, draggable=False, fillColor=array([1, 1, 1]), fillColorSpace='rgb', fillRGB=array([1, 1, 1]), interpolate=True, lineColor=array([1., 1., 1.]), lineColorSpace='rgb', lineRGB=array([1, 1, 1]), lineWidth=1.5, name='unnamed Rect', opacity=1.0, ori=0.0, pos=array([0., 0.]), size=array([0.01, 0.1 ]), units='norm', vertices=ndarray(...), win=Window(...))
1130.3357 	EXP 	window1: mouseVisible = True
1130.3358 	EXP 	window1: mouseVisible = True
1130.3363 	EXP 	window1: mouseVisible = True
1130.3374 	EXP 	window1: mouseVisible = True
1130.3385 	EXP 	window1: mouseVisible = True
1130.3387 	EXP 	window1: mouseVisible = True
1130.3389 	EXP 	window1: mouseVisible = True
1130.3390 	EXP 	window1: mouseVisible = True
1130.3392 	EXP 	window1: mouseVisible = True
1130.3393 	EXP 	window1: mouseVisible = True
1130.3394 	EXP 	window1: mouseVisible = True
1130.3396 	EXP 	window1: mouseVisible = True
1130.3397 	EXP 	window1: mouseVisible = True
1130.3398 	EXP 	window1: mouseVisible = True
1130.3400 	EXP 	window1: mouseVisible = True
1130.3401 	EXP 	window1: mouseVisible = True
1130.3402 	EXP 	window1: mouseVisible = True
1130.3403 	EXP 	window1: mouseVisible = True
1130.3405 	EXP 	window1: mouseVisible = True
1130.3406 	EXP 	window1: mouseVisible = True
1130.3407 	EXP 	window1: mouseVisible = True
1130.3409 	EXP 	window1: mouseVisible = True
1130.3410 	EXP 	window1: mouseVisible = True
1130.3411 	EXP 	window1: mouseVisible = True
1130.3412 	EXP 	window1: mouseVisible = True
1130.3414 	EXP 	window1: mouseVisible = True
1130.3415 	EXP 	window1: mouseVisible = True
1130.3416 	EXP 	window1: mouseVisible = True
1130.3418 	EXP 	window1: mouseVisible = True
1130.3419 	EXP 	window1: mouseVisible = True
1130.3420 	EXP 	window1: mouseVisible = True
1130.3423 	EXP 	window1: mouseVisible = True
1130.3426 	EXP 	window1: mouseVisible = True
1130.3428 	EXP 	window1: mouseVisible = True
1130.3430 	EXP 	window1: mouseVisible = True
1130.3432 	EXP 	window1: mouseVisible = True
1130.3433 	EXP 	window1: mouseVisible = True
1130.3435 	EXP 	window1: mouseVisible = True
1130.3438 	EXP 	window1: mouseVisible = True
1130.3440 	EXP 	window1: mouseVisible = True
1130.3442 	EXP 	window1: mouseVisible = True
1130.3444 	EXP 	window1: mouseVisible = True
1130.3446 	EXP 	window1: mouseVisible = True
1130.3449 	EXP 	window1: mouseVisible = True
1130.3451 	EXP 	window1: mouseVisible = True
1130.3452 	EXP 	window1: mouseVisible = True
1130.3453 	EXP 	window1: mouseVisible = True
1130.3455 	EXP 	window1: mouseVisible = True
1130.3456 	EXP 	window1: mouseVisible = True
1130.3457 	EXP 	window1: mouseVisible = True
1130.3459 	EXP 	window1: mouseVisible = True
1130.3460 	EXP 	window1: mouseVisible = True
1130.3461 	EXP 	window1: mouseVisible = True
1130.3463 	EXP 	window1: mouseVisible = True
1130.3464 	EXP 	window1: mouseVisible = True
1130.3465 	EXP 	window1: mouseVisible = True
1130.3466 	EXP 	window1: mouseVisible = True
1130.3468 	EXP 	window1: mouseVisible = True
1130.3469 	EXP 	window1: mouseVisible = True
1130.3470 	EXP 	window1: mouseVisible = True
1130.3472 	EXP 	window1: mouseVisible = True
1130.3473 	EXP 	window1: mouseVisible = True
1130.3474 	EXP 	window1: mouseVisible = True
1130.3475 	EXP 	window1: mouseVisible = True
1130.3477 	EXP 	window1: mouseVisible = True
1130.3478 	EXP 	window1: mouseVisible = True
1130.3479 	EXP 	window1: mouseVisible = True
1130.3480 	EXP 	window1: mouseVisible = True
1130.3482 	EXP 	window1: mouseVisible = True
1130.3483 	EXP 	window1: mouseVisible = True
1130.3485 	EXP 	window1: mouseVisible = True
1130.3486 	EXP 	window1: mouseVisible = True
1130.3487 	EXP 	window1: mouseVisible = True
1130.3489 	EXP 	window1: mouseVisible = True
1130.3490 	EXP 	window1: mouseVisible = True
1130.3491 	EXP 	window1: mouseVisible = True
1130.3492 	EXP 	window1: mouseVisible = True
1130.3494 	EXP 	window1: mouseVisible = True
1130.3495 	EXP 	window1: mouseVisible = True
1130.3496 	EXP 	window1: mouseVisible = True
1130.3498 	EXP 	window1: mouseVisible = True
1130.3499 	EXP 	window1: mouseVisible = True
1130.3500 	EXP 	window1: mouseVisible = True
1130.3501 	EXP 	window1: mouseVisible = True
1130.3503 	EXP 	window1: mouseVisible = True
1130.3504 	EXP 	window1: mouseVisible = True
1130.3505 	EXP 	window1: mouseVisible = True
1130.3506 	EXP 	window1: mouseVisible = True
1130.3508 	EXP 	window1: mouseVisible = True
1130.3509 	EXP 	window1: mouseVisible = True
1130.3510 	EXP 	window1: mouseVisible = True
1130.3511 	EXP 	window1: mouseVisible = True
1130.3513 	EXP 	window1: mouseVisible = True
1130.3514 	EXP 	window1: mouseVisible = True
1130.3515 	EXP 	window1: mouseVisible = True
1130.3517 	EXP 	window1: mouseVisible = True
1130.3518 	EXP 	window1: mouseVisible = True
1130.3519 	EXP 	window1: mouseVisible = True
1130.3521 	EXP 	window1: mouseVisible = True
1130.3522 	EXP 	window1: mouseVisible = True
1130.3523 	EXP 	window1: mouseVisible = True
1130.3524 	EXP 	window1: mouseVisible = True
1130.3526 	EXP 	window1: mouseVisible = True
1130.3527 	EXP 	window1: mouseVisible = True
1130.3548 	EXP 	Created ratingScale = RatingScale(__class__=type(...), acceptKeys=['return'], acceptPreText=UNKNOWN, acceptSize=UNKNOWN, acceptText=UNKNOWN, autoLog=True, choices=False, colorSpace='rgb', depth=0, disappear=False, flipVert=False, high=100, kwargs=UNKNOWN, labels=list(...), leftKeys=['left'], lineColor=(255, 255, 255), low=0, marker=Rect(...), markerColor=(255, 255, 255), markerExpansion=UNKNOWN, markerStart=0.5, maxTime=0.0, minTime=0.4, mouseOnly=False, name='ratingScale', noMouse=False, pos=[0.0, 0.0], precision=100, respKeys=[], rightKeys=['right'], scale=None, self=UNKNOWN, showAccept=False, showValue=False, singleClick=False, size=0.6, skipKeys=['tab'], stretch=2.0, textColor='white', textFont='Helvetica Bold', textSize=0.144, tickHeight=0, tickMarks=10.0, win=Window(...))
1130.3548 	EXP 	RatingScale ratingScale: reset()
1130.3568 	EXP 	window1: mouseVisible = False
1130.3676 	EXP 	thermode_locali: autoDraw = False
1130.3676 	EXP 	thermode_locali: autoDraw = False
1130.3676 	EXP 	ratingScale: flipVert = False
1130.3676 	EXP 	ratingScale: autoLog = True
1130.3691 	EXP 	window1: mouseVisible = False
1130.3857 	EXP 	window1: mouseVisible = False
1130.4024 	EXP 	window1: mouseVisible = False
1130.4190 	EXP 	window1: mouseVisible = False
1130.4357 	EXP 	window1: mouseVisible = False
1130.4524 	EXP 	window1: mouseVisible = False
1130.4690 	EXP 	window1: mouseVisible = False
1130.4857 	EXP 	window1: mouseVisible = False
1130.5025 	EXP 	window1: mouseVisible = False
1130.5190 	EXP 	window1: mouseVisible = False
1130.5357 	EXP 	window1: mouseVisible = False
1130.5523 	EXP 	window1: mouseVisible = False
1130.5690 	EXP 	window1: mouseVisible = False
1130.5857 	EXP 	window1: mouseVisible = False
1130.6024 	EXP 	window1: mouseVisible = False
1130.6190 	EXP 	window1: mouseVisible = False
1130.6357 	EXP 	window1: mouseVisible = False
1130.6523 	EXP 	window1: mouseVisible = False
1130.6690 	EXP 	window1: mouseVisible = False
1130.6857 	EXP 	window1: mouseVisible = False
1130.7024 	EXP 	window1: mouseVisible = False
1130.7192 	EXP 	window1: mouseVisible = False
1130.7357 	EXP 	window1: mouseVisible = False
1130.7520 	DATA 	Keypress: n
1130.7525 	EXP 	window1: mouseVisible = False
1130.7690 	EXP 	window1: mouseVisible = False
1130.7857 	EXP 	window1: mouseVisible = False
1130.8025 	EXP 	window1: mouseVisible = False
1130.8190 	EXP 	window1: mouseVisible = False
1130.8357 	EXP 	window1: mouseVisible = False
1130.8524 	EXP 	window1: mouseVisible = False
1130.8690 	EXP 	window1: mouseVisible = False
1130.8857 	EXP 	window1: mouseVisible = False
1130.9025 	EXP 	window1: mouseVisible = False
1130.9192 	EXP 	window1: mouseVisible = False
1130.9359 	EXP 	window1: mouseVisible = False
1130.9524 	EXP 	window1: mouseVisible = False
1130.9692 	EXP 	window1: mouseVisible = False
1130.9859 	EXP 	window1: mouseVisible = False
1131.0025 	EXP 	window1: mouseVisible = False
1131.0190 	EXP 	window1: mouseVisible = False
1131.0356 	EXP 	window1: mouseVisible = False
1131.0523 	EXP 	window1: mouseVisible = False
1131.0690 	EXP 	window1: mouseVisible = False
1131.0857 	EXP 	window1: mouseVisible = False
1131.1025 	EXP 	window1: mouseVisible = False
1131.1191 	EXP 	window1: mouseVisible = False
1131.1358 	EXP 	window1: mouseVisible = False
1131.1524 	EXP 	window1: mouseVisible = False
1131.1691 	EXP 	window1: mouseVisible = False
1131.1857 	EXP 	window1: mouseVisible = False
1131.2024 	EXP 	window1: mouseVisible = False
1131.2191 	EXP 	window1: mouseVisible = False
1131.2357 	EXP 	window1: mouseVisible = False
1131.2524 	EXP 	window1: mouseVisible = False
1131.2690 	EXP 	window1: mouseVisible = False
1131.2857 	EXP 	window1: mouseVisible = False
1131.3024 	EXP 	window1: mouseVisible = False
1131.3191 	EXP 	window1: mouseVisible = False
1131.3357 	EXP 	window1: mouseVisible = False
1131.3524 	EXP 	window1: mouseVisible = False
1131.3690 	EXP 	window1: mouseVisible = False
1131.3857 	EXP 	window1: mouseVisible = False
1131.4024 	EXP 	window1: mouseVisible = False
1131.4191 	EXP 	window1: mouseVisible = False
1131.4357 	EXP 	window1: mouseVisible = False
1131.4524 	EXP 	window1: mouseVisible = False
1131.4690 	EXP 	window1: mouseVisible = False
1131.4858 	EXP 	window1: mouseVisible = False
1131.5025 	EXP 	window1: mouseVisible = False
1131.5192 	EXP 	window1: mouseVisible = False
1131.5357 	EXP 	window1: mouseVisible = False
1131.5525 	EXP 	window1: mouseVisible = False
1131.5691 	EXP 	window1: mouseVisible = False
1131.5858 	EXP 	window1: mouseVisible = False
1131.6024 	EXP 	window1: mouseVisible = False
1131.6191 	EXP 	window1: mouseVisible = False
1131.6357 	EXP 	window1: mouseVisible = False
1131.6524 	EXP 	window1: mouseVisible = False
1131.6690 	EXP 	window1: mouseVisible = False
1131.6858 	EXP 	window1: mouseVisible = False
1131.7024 	EXP 	window1: mouseVisible = False
1131.7191 	EXP 	window1: mouseVisible = False
1131.7360 	EXP 	window1: mouseVisible = False
1131.7524 	EXP 	window1: mouseVisible = False
1131.7690 	EXP 	window1: mouseVisible = False
1131.7858 	EXP 	window1: mouseVisible = False
1131.8024 	EXP 	window1: mouseVisible = False
1131.8191 	EXP 	window1: mouseVisible = False
1131.8357 	EXP 	window1: mouseVisible = False
1131.8524 	EXP 	window1: mouseVisible = False
1131.8690 	EXP 	window1: mouseVisible = False
1131.8858 	EXP 	window1: mouseVisible = False
1131.9025 	EXP 	window1: mouseVisible = False
1131.9191 	EXP 	window1: mouseVisible = False
1131.9359 	EXP 	window1: mouseVisible = False
1131.9526 	EXP 	window1: mouseVisible = False
1131.9692 	EXP 	window1: mouseVisible = False
1131.9859 	EXP 	window1: mouseVisible = False
1132.0024 	EXP 	window1: mouseVisible = False
1132.0191 	EXP 	window1: mouseVisible = False
1132.0357 	EXP 	window1: mouseVisible = False
1132.0526 	EXP 	window1: mouseVisible = False
1132.0690 	EXP 	window1: mouseVisible = False
1132.0856 	EXP 	window1: mouseVisible = False
1132.1025 	EXP 	window1: mouseVisible = False
1132.1189 	EXP 	window1: mouseVisible = False
1132.1357 	EXP 	window1: mouseVisible = False
1132.1523 	EXP 	window1: mouseVisible = False
1132.1690 	EXP 	window1: mouseVisible = False
1132.1856 	EXP 	window1: mouseVisible = False
1132.2023 	EXP 	window1: mouseVisible = False
1132.2189 	EXP 	window1: mouseVisible = False
1132.2356 	EXP 	window1: mouseVisible = False
1132.2524 	EXP 	window1: mouseVisible = False
1132.2689 	EXP 	window1: mouseVisible = False
1132.2857 	EXP 	window1: mouseVisible = False
1132.3025 	EXP 	window1: mouseVisible = False
1132.3192 	EXP 	window1: mouseVisible = False
1132.3356 	EXP 	window1: mouseVisible = False
1132.3524 	EXP 	window1: mouseVisible = False
1132.3689 	EXP 	window1: mouseVisible = False
1132.3857 	EXP 	window1: mouseVisible = False
1132.4031 	EXP 	window1: mouseVisible = False
1132.4190 	EXP 	window1: mouseVisible = False
1132.4357 	EXP 	window1: mouseVisible = False
1132.4523 	EXP 	window1: mouseVisible = False
1132.4691 	EXP 	window1: mouseVisible = False
1132.4858 	EXP 	window1: mouseVisible = False
1132.5024 	EXP 	window1: mouseVisible = False
1132.5190 	EXP 	window1: mouseVisible = False
1132.5358 	EXP 	window1: mouseVisible = False
1132.5524 	EXP 	window1: mouseVisible = False
1132.5691 	EXP 	window1: mouseVisible = False
1132.5857 	EXP 	window1: mouseVisible = False
1132.6024 	EXP 	window1: mouseVisible = False
1132.6192 	EXP 	window1: mouseVisible = False
1132.6359 	EXP 	window1: mouseVisible = False
1132.6525 	EXP 	window1: mouseVisible = False
1132.6692 	EXP 	window1: mouseVisible = False
1132.6858 	EXP 	window1: mouseVisible = False
1132.7025 	EXP 	window1: mouseVisible = False
1132.7191 	EXP 	window1: mouseVisible = False
1132.7361 	EXP 	window1: mouseVisible = False
1132.7523 	EXP 	window1: mouseVisible = False
1132.7692 	EXP 	window1: mouseVisible = False
1132.7857 	EXP 	window1: mouseVisible = False
1132.8024 	EXP 	window1: mouseVisible = False
1132.8189 	EXP 	window1: mouseVisible = False
1132.8359 	EXP 	window1: mouseVisible = False
1132.8523 	EXP 	window1: mouseVisible = False
1132.8692 	EXP 	window1: mouseVisible = False
1132.8858 	EXP 	window1: mouseVisible = False
1132.9024 	EXP 	window1: mouseVisible = False
1132.9191 	EXP 	window1: mouseVisible = False
1132.9358 	EXP 	window1: mouseVisible = False
1132.9524 	EXP 	window1: mouseVisible = False
1132.9690 	EXP 	window1: mouseVisible = False
1132.9858 	EXP 	window1: mouseVisible = False
1133.0024 	EXP 	window1: mouseVisible = False
1133.0191 	EXP 	window1: mouseVisible = False
1133.0358 	EXP 	window1: mouseVisible = False
1133.0537 	EXP 	window1: mouseVisible = False
1133.0692 	EXP 	window1: mouseVisible = False
1133.0858 	EXP 	window1: mouseVisible = False
1133.1024 	EXP 	window1: mouseVisible = False
1133.1190 	EXP 	window1: mouseVisible = False
1133.1357 	EXP 	window1: mouseVisible = False
1133.1523 	EXP 	window1: mouseVisible = False
1133.1690 	EXP 	window1: mouseVisible = False
1133.1857 	EXP 	window1: mouseVisible = False
1133.2023 	EXP 	window1: mouseVisible = False
1133.2190 	EXP 	window1: mouseVisible = False
1133.2356 	EXP 	window1: mouseVisible = False
1133.2523 	EXP 	window1: mouseVisible = False
1133.2690 	EXP 	window1: mouseVisible = False
1133.2856 	EXP 	window1: mouseVisible = False
1133.3025 	EXP 	window1: mouseVisible = False
1133.3192 	EXP 	window1: mouseVisible = False
1133.3357 	EXP 	window1: mouseVisible = False
1133.3523 	EXP 	window1: mouseVisible = False
1133.3697 	DATA 	Keypress: space
1133.4696 	EXP 	New trial (rep=8, index=0): None
1133.4842 	EXP 	main_text: autoDraw = True
1133.4842 	EXP 	confirm_text: autoDraw = True
1133.4842 	EXP 	ratingScale: autoDraw = False
1133.4842 	EXP 	main_text: autoDraw = False
1133.4842 	EXP 	confirm_text: autoDraw = False
1133.4842 	EXP 	text_2: autoDraw = True
1133.4842 	EXP 	croix: autoDraw = True
1138.4843 	EXP 	text_2: autoDraw = False
1138.4843 	EXP 	croix: autoDraw = False
1138.4843 	EXP 	text_2: autoDraw = False
1138.4843 	EXP 	croix: autoDraw = False
1138.4843 	EXP 	thermode_locali: autoDraw = True
1150.4683 	EXP 	window1: mouseVisible = True
1150.4692 	EXP 	Created unnamed Rect = Rect(__class__=<class 'psychopy.visual.rect.Rect'>, anchor=('center', 'center'), autoDraw=False, autoLog=True, closeShape=True, color=method-wrapper(...), colorSpace='rgb', contrast=None, depth=0, draggable=False, fillColor=array([1, 1, 1]), fillColorSpace='rgb', fillRGB=array([1, 1, 1]), interpolate=True, lineColor=array([1., 1., 1.]), lineColorSpace='rgb', lineRGB=array([1, 1, 1]), lineWidth=1.5, name='unnamed Rect', opacity=1.0, ori=0.0, pos=array([0., 0.]), size=array([0.01, 0.1 ]), units='norm', vertices=ndarray(...), win=Window(...))
1150.4692 	EXP 	window1: mouseVisible = True
1150.4694 	EXP 	window1: mouseVisible = True
1150.4698 	EXP 	window1: mouseVisible = True
1150.4710 	EXP 	window1: mouseVisible = True
1150.4720 	EXP 	window1: mouseVisible = True
1150.4722 	EXP 	window1: mouseVisible = True
1150.4724 	EXP 	window1: mouseVisible = True
1150.4725 	EXP 	window1: mouseVisible = True
1150.4727 	EXP 	window1: mouseVisible = True
1150.4728 	EXP 	window1: mouseVisible = True
1150.4729 	EXP 	window1: mouseVisible = True
1150.4730 	EXP 	window1: mouseVisible = True
1150.4733 	EXP 	window1: mouseVisible = True
1150.4734 	EXP 	window1: mouseVisible = True
1150.4736 	EXP 	window1: mouseVisible = True
1150.4737 	EXP 	window1: mouseVisible = True
1150.4738 	EXP 	window1: mouseVisible = True
1150.4740 	EXP 	window1: mouseVisible = True
1150.4741 	EXP 	window1: mouseVisible = True
1150.4742 	EXP 	window1: mouseVisible = True
1150.4744 	EXP 	window1: mouseVisible = True
1150.4745 	EXP 	window1: mouseVisible = True
1150.4746 	EXP 	window1: mouseVisible = True
1150.4747 	EXP 	window1: mouseVisible = True
1150.4749 	EXP 	window1: mouseVisible = True
1150.4750 	EXP 	window1: mouseVisible = True
1150.4751 	EXP 	window1: mouseVisible = True
1150.4753 	EXP 	window1: mouseVisible = True
1150.4754 	EXP 	window1: mouseVisible = True
1150.4755 	EXP 	window1: mouseVisible = True
1150.4756 	EXP 	window1: mouseVisible = True
1150.4757 	EXP 	window1: mouseVisible = True
1150.4759 	EXP 	window1: mouseVisible = True
1150.4760 	EXP 	window1: mouseVisible = True
1150.4761 	EXP 	window1: mouseVisible = True
1150.4763 	EXP 	window1: mouseVisible = True
1150.4764 	EXP 	window1: mouseVisible = True
1150.4765 	EXP 	window1: mouseVisible = True
1150.4767 	EXP 	window1: mouseVisible = True
1150.4768 	EXP 	window1: mouseVisible = True
1150.4769 	EXP 	window1: mouseVisible = True
1150.4771 	EXP 	window1: mouseVisible = True
1150.4772 	EXP 	window1: mouseVisible = True
1150.4773 	EXP 	window1: mouseVisible = True
1150.4774 	EXP 	window1: mouseVisible = True
1150.4776 	EXP 	window1: mouseVisible = True
1150.4780 	EXP 	window1: mouseVisible = True
1150.4782 	EXP 	window1: mouseVisible = True
1150.4784 	EXP 	window1: mouseVisible = True
1150.4785 	EXP 	window1: mouseVisible = True
1150.4786 	EXP 	window1: mouseVisible = True
1150.4788 	EXP 	window1: mouseVisible = True
1150.4789 	EXP 	window1: mouseVisible = True
1150.4790 	EXP 	window1: mouseVisible = True
1150.4792 	EXP 	window1: mouseVisible = True
1150.4793 	EXP 	window1: mouseVisible = True
1150.4794 	EXP 	window1: mouseVisible = True
1150.4795 	EXP 	window1: mouseVisible = True
1150.4797 	EXP 	window1: mouseVisible = True
1150.4798 	EXP 	window1: mouseVisible = True
1150.4799 	EXP 	window1: mouseVisible = True
1150.4801 	EXP 	window1: mouseVisible = True
1150.4802 	EXP 	window1: mouseVisible = True
1150.4804 	EXP 	window1: mouseVisible = True
1150.4805 	EXP 	window1: mouseVisible = True
1150.4806 	EXP 	window1: mouseVisible = True
1150.4807 	EXP 	window1: mouseVisible = True
1150.4809 	EXP 	window1: mouseVisible = True
1150.4810 	EXP 	window1: mouseVisible = True
1150.4811 	EXP 	window1: mouseVisible = True
1150.4812 	EXP 	window1: mouseVisible = True
1150.4814 	EXP 	window1: mouseVisible = True
1150.4815 	EXP 	window1: mouseVisible = True
1150.4816 	EXP 	window1: mouseVisible = True
1150.4818 	EXP 	window1: mouseVisible = True
1150.4819 	EXP 	window1: mouseVisible = True
1150.4820 	EXP 	window1: mouseVisible = True
1150.4822 	EXP 	window1: mouseVisible = True
1150.4823 	EXP 	window1: mouseVisible = True
1150.4824 	EXP 	window1: mouseVisible = True
1150.4826 	EXP 	window1: mouseVisible = True
1150.4827 	EXP 	window1: mouseVisible = True
1150.4828 	EXP 	window1: mouseVisible = True
1150.4829 	EXP 	window1: mouseVisible = True
1150.4831 	EXP 	window1: mouseVisible = True
1150.4832 	EXP 	window1: mouseVisible = True
1150.4833 	EXP 	window1: mouseVisible = True
1150.4835 	EXP 	window1: mouseVisible = True
1150.4836 	EXP 	window1: mouseVisible = True
1150.4837 	EXP 	window1: mouseVisible = True
1150.4838 	EXP 	window1: mouseVisible = True
1150.4840 	EXP 	window1: mouseVisible = True
1150.4841 	EXP 	window1: mouseVisible = True
1150.4842 	EXP 	window1: mouseVisible = True
1150.4843 	EXP 	window1: mouseVisible = True
1150.4845 	EXP 	window1: mouseVisible = True
1150.4846 	EXP 	window1: mouseVisible = True
1150.4847 	EXP 	window1: mouseVisible = True
1150.4848 	EXP 	window1: mouseVisible = True
1150.4850 	EXP 	window1: mouseVisible = True
1150.4851 	EXP 	window1: mouseVisible = True
1150.4852 	EXP 	window1: mouseVisible = True
1150.4853 	EXP 	window1: mouseVisible = True
1150.4855 	EXP 	window1: mouseVisible = True
1150.4875 	EXP 	Created ratingScale = RatingScale(__class__=type(...), acceptKeys=['return'], acceptPreText=UNKNOWN, acceptSize=UNKNOWN, acceptText=UNKNOWN, autoLog=True, choices=False, colorSpace='rgb', depth=0, disappear=False, flipVert=False, high=100, kwargs=UNKNOWN, labels=list(...), leftKeys=['left'], lineColor=(255, 255, 255), low=0, marker=Rect(...), markerColor=(255, 255, 255), markerExpansion=UNKNOWN, markerStart=0.5, maxTime=0.0, minTime=0.4, mouseOnly=False, name='ratingScale', noMouse=False, pos=[0.0, 0.0], precision=100, respKeys=[], rightKeys=['right'], scale=None, self=UNKNOWN, showAccept=False, showValue=False, singleClick=False, size=0.6, skipKeys=['tab'], stretch=2.0, textColor='white', textFont='Helvetica Bold', textSize=0.144, tickHeight=0, tickMarks=10.0, win=Window(...))
1150.4875 	EXP 	RatingScale ratingScale: reset()
1150.4897 	EXP 	window1: mouseVisible = False
1150.5011 	EXP 	thermode_locali: autoDraw = False
1150.5011 	EXP 	thermode_locali: autoDraw = False
1150.5011 	EXP 	ratingScale: flipVert = False
1150.5011 	EXP 	ratingScale: autoLog = True
1150.5028 	EXP 	window1: mouseVisible = False
1150.5193 	EXP 	window1: mouseVisible = False
1150.5359 	EXP 	window1: mouseVisible = False
1150.5526 	EXP 	window1: mouseVisible = False
1150.5694 	EXP 	window1: mouseVisible = False
1150.5860 	EXP 	window1: mouseVisible = False
1150.6027 	EXP 	window1: mouseVisible = False
1150.6193 	EXP 	window1: mouseVisible = False
1150.6360 	EXP 	window1: mouseVisible = False
1150.6526 	EXP 	window1: mouseVisible = False
1150.6693 	EXP 	window1: mouseVisible = False
1150.6861 	EXP 	window1: mouseVisible = False
1150.7026 	EXP 	window1: mouseVisible = False
1150.7193 	EXP 	window1: mouseVisible = False
1150.7359 	EXP 	window1: mouseVisible = False
1150.7526 	EXP 	window1: mouseVisible = False
1150.7693 	EXP 	window1: mouseVisible = False
1150.7859 	EXP 	window1: mouseVisible = False
1150.8028 	EXP 	window1: mouseVisible = False
1150.8192 	EXP 	window1: mouseVisible = False
1150.8359 	EXP 	window1: mouseVisible = False
1150.8526 	EXP 	window1: mouseVisible = False
1150.8692 	EXP 	window1: mouseVisible = False
1150.8859 	EXP 	window1: mouseVisible = False
1150.9029 	EXP 	window1: mouseVisible = False
1150.9192 	EXP 	window1: mouseVisible = False
1150.9361 	EXP 	window1: mouseVisible = False
1150.9527 	EXP 	window1: mouseVisible = False
1150.9692 	EXP 	window1: mouseVisible = False
1150.9859 	EXP 	window1: mouseVisible = False
1151.0026 	EXP 	window1: mouseVisible = False
1151.0193 	EXP 	window1: mouseVisible = False
1151.0360 	EXP 	window1: mouseVisible = False
1151.0526 	EXP 	window1: mouseVisible = False
1151.0695 	EXP 	window1: mouseVisible = False
1151.0859 	EXP 	window1: mouseVisible = False
1151.1028 	EXP 	window1: mouseVisible = False
1151.1193 	EXP 	window1: mouseVisible = False
1151.1359 	EXP 	window1: mouseVisible = False
1151.1527 	EXP 	window1: mouseVisible = False
1151.1693 	EXP 	window1: mouseVisible = False
1151.1859 	EXP 	window1: mouseVisible = False
1151.2026 	EXP 	window1: mouseVisible = False
1151.2192 	EXP 	window1: mouseVisible = False
1151.2359 	EXP 	window1: mouseVisible = False
1151.2526 	EXP 	window1: mouseVisible = False
1151.2695 	EXP 	window1: mouseVisible = False
1151.2860 	EXP 	window1: mouseVisible = False
1151.3037 	EXP 	window1: mouseVisible = False
1151.3194 	EXP 	window1: mouseVisible = False
1151.3359 	EXP 	window1: mouseVisible = False
1151.3526 	EXP 	window1: mouseVisible = False
1151.3693 	EXP 	window1: mouseVisible = False
1151.3859 	EXP 	window1: mouseVisible = False
1151.4026 	EXP 	window1: mouseVisible = False
1151.4193 	EXP 	window1: mouseVisible = False
1151.4360 	EXP 	window1: mouseVisible = False
1151.4526 	EXP 	window1: mouseVisible = False
1151.4693 	EXP 	window1: mouseVisible = False
1151.4859 	EXP 	window1: mouseVisible = False
1151.5028 	EXP 	window1: mouseVisible = False
1151.5193 	EXP 	window1: mouseVisible = False
1151.5359 	EXP 	window1: mouseVisible = False
1151.5526 	EXP 	window1: mouseVisible = False
1151.5693 	EXP 	window1: mouseVisible = False
1151.5861 	EXP 	window1: mouseVisible = False
1151.6028 	EXP 	window1: mouseVisible = False
1151.6193 	EXP 	window1: mouseVisible = False
1151.6361 	EXP 	window1: mouseVisible = False
1151.6526 	EXP 	window1: mouseVisible = False
1151.6692 	EXP 	window1: mouseVisible = False
1151.6859 	EXP 	window1: mouseVisible = False
1151.7026 	EXP 	window1: mouseVisible = False
1151.7193 	EXP 	window1: mouseVisible = False
1151.7359 	EXP 	window1: mouseVisible = False
1151.7526 	EXP 	window1: mouseVisible = False
1151.7693 	EXP 	window1: mouseVisible = False
1151.7859 	EXP 	window1: mouseVisible = False
1151.8028 	EXP 	window1: mouseVisible = False
1151.8193 	EXP 	window1: mouseVisible = False
1151.8360 	EXP 	window1: mouseVisible = False
1151.8526 	EXP 	window1: mouseVisible = False
1151.8693 	EXP 	window1: mouseVisible = False
1151.8859 	EXP 	window1: mouseVisible = False
1151.9027 	EXP 	window1: mouseVisible = False
1151.9193 	EXP 	window1: mouseVisible = False
1151.9359 	EXP 	window1: mouseVisible = False
1151.9526 	EXP 	window1: mouseVisible = False
1151.9689 	DATA 	Keypress: n
1151.9694 	EXP 	window1: mouseVisible = False
1151.9860 	EXP 	window1: mouseVisible = False
1152.0027 	EXP 	window1: mouseVisible = False
1152.0193 	EXP 	window1: mouseVisible = False
1152.0360 	EXP 	window1: mouseVisible = False
1152.0528 	EXP 	window1: mouseVisible = False
1152.0696 	EXP 	window1: mouseVisible = False
1152.0862 	EXP 	window1: mouseVisible = False
1152.1028 	EXP 	window1: mouseVisible = False
1152.1194 	EXP 	window1: mouseVisible = False
1152.1360 	EXP 	window1: mouseVisible = False
1152.1526 	EXP 	window1: mouseVisible = False
1152.1693 	EXP 	window1: mouseVisible = False
1152.1862 	EXP 	window1: mouseVisible = False
1152.2027 	EXP 	window1: mouseVisible = False
1152.2193 	EXP 	window1: mouseVisible = False
1152.2360 	EXP 	window1: mouseVisible = False
1152.2522 	DATA 	Keypress: n
1152.2528 	EXP 	window1: mouseVisible = False
1152.2693 	EXP 	window1: mouseVisible = False
1152.2859 	EXP 	window1: mouseVisible = False
1152.3027 	EXP 	window1: mouseVisible = False
1152.3193 	EXP 	window1: mouseVisible = False
1152.3359 	EXP 	window1: mouseVisible = False
1152.3527 	EXP 	window1: mouseVisible = False
1152.3693 	EXP 	window1: mouseVisible = False
1152.3859 	EXP 	window1: mouseVisible = False
1152.4027 	EXP 	window1: mouseVisible = False
1152.4194 	EXP 	window1: mouseVisible = False
1152.4359 	EXP 	window1: mouseVisible = False
1152.4526 	EXP 	window1: mouseVisible = False
1152.4693 	EXP 	window1: mouseVisible = False
1152.4860 	EXP 	window1: mouseVisible = False
1152.5026 	EXP 	window1: mouseVisible = False
1152.5193 	EXP 	window1: mouseVisible = False
1152.5359 	EXP 	window1: mouseVisible = False
1152.5526 	EXP 	window1: mouseVisible = False
1152.5693 	EXP 	window1: mouseVisible = False
1152.5859 	EXP 	window1: mouseVisible = False
1152.6026 	EXP 	window1: mouseVisible = False
1152.6193 	EXP 	window1: mouseVisible = False
1152.6359 	EXP 	window1: mouseVisible = False
1152.6526 	EXP 	window1: mouseVisible = False
1152.6693 	EXP 	window1: mouseVisible = False
1152.6859 	EXP 	window1: mouseVisible = False
1152.7027 	EXP 	window1: mouseVisible = False
1152.7193 	EXP 	window1: mouseVisible = False
1152.7359 	EXP 	window1: mouseVisible = False
1152.7527 	EXP 	window1: mouseVisible = False
1152.7693 	EXP 	window1: mouseVisible = False
1152.7861 	EXP 	window1: mouseVisible = False
1152.8027 	EXP 	window1: mouseVisible = False
1152.8194 	EXP 	window1: mouseVisible = False
1152.8359 	EXP 	window1: mouseVisible = False
1152.8526 	EXP 	window1: mouseVisible = False
1152.8693 	EXP 	window1: mouseVisible = False
1152.8860 	EXP 	window1: mouseVisible = False
1152.9026 	EXP 	window1: mouseVisible = False
1152.9193 	EXP 	window1: mouseVisible = False
1152.9360 	EXP 	window1: mouseVisible = False
1152.9526 	EXP 	window1: mouseVisible = False
1152.9693 	EXP 	window1: mouseVisible = False
1152.9859 	EXP 	window1: mouseVisible = False
1153.0027 	EXP 	window1: mouseVisible = False
1153.0193 	EXP 	window1: mouseVisible = False
1153.0361 	EXP 	window1: mouseVisible = False
1153.0526 	EXP 	window1: mouseVisible = False
1153.0694 	EXP 	window1: mouseVisible = False
1153.0862 	EXP 	window1: mouseVisible = False
1153.1028 	EXP 	window1: mouseVisible = False
1153.1193 	EXP 	window1: mouseVisible = False
1153.1359 	EXP 	window1: mouseVisible = False
1153.1527 	EXP 	window1: mouseVisible = False
1153.1693 	EXP 	window1: mouseVisible = False
1153.1860 	EXP 	window1: mouseVisible = False
1153.2026 	EXP 	window1: mouseVisible = False
1153.2194 	EXP 	window1: mouseVisible = False
1153.2359 	EXP 	window1: mouseVisible = False
1153.2526 	EXP 	window1: mouseVisible = False
1153.2693 	EXP 	window1: mouseVisible = False
1153.2860 	EXP 	window1: mouseVisible = False
1153.3026 	EXP 	window1: mouseVisible = False
1153.3194 	EXP 	window1: mouseVisible = False
1153.3360 	EXP 	window1: mouseVisible = False
1153.3527 	EXP 	window1: mouseVisible = False
1153.3693 	EXP 	window1: mouseVisible = False
1153.3860 	EXP 	window1: mouseVisible = False
1153.4026 	EXP 	window1: mouseVisible = False
1153.4195 	EXP 	window1: mouseVisible = False
1153.4361 	EXP 	window1: mouseVisible = False
1153.4528 	EXP 	window1: mouseVisible = False
1153.4694 	EXP 	window1: mouseVisible = False
1153.4860 	EXP 	window1: mouseVisible = False
1153.5027 	EXP 	window1: mouseVisible = False
1153.5195 	EXP 	window1: mouseVisible = False
1153.5360 	EXP 	window1: mouseVisible = False
1153.5527 	EXP 	window1: mouseVisible = False
1153.5693 	EXP 	window1: mouseVisible = False
1153.5860 	EXP 	window1: mouseVisible = False
1153.6026 	EXP 	window1: mouseVisible = False
1153.6194 	EXP 	window1: mouseVisible = False
1153.6360 	EXP 	window1: mouseVisible = False
1153.6527 	EXP 	window1: mouseVisible = False
1153.6693 	EXP 	window1: mouseVisible = False
1153.6860 	EXP 	window1: mouseVisible = False
1153.7026 	EXP 	window1: mouseVisible = False
1153.7195 	EXP 	window1: mouseVisible = False
1153.7360 	EXP 	window1: mouseVisible = False
1153.7526 	EXP 	window1: mouseVisible = False
1153.7693 	EXP 	window1: mouseVisible = False
1153.7861 	EXP 	window1: mouseVisible = False
1153.8023 	DATA 	Keypress: n
1153.8028 	EXP 	window1: mouseVisible = False
1153.8193 	EXP 	window1: mouseVisible = False
1153.8359 	EXP 	window1: mouseVisible = False
1153.8526 	EXP 	window1: mouseVisible = False
1153.8693 	EXP 	window1: mouseVisible = False
1153.8860 	EXP 	window1: mouseVisible = False
1153.9026 	EXP 	window1: mouseVisible = False
1153.9193 	EXP 	window1: mouseVisible = False
1153.9359 	EXP 	window1: mouseVisible = False
1153.9527 	EXP 	window1: mouseVisible = False
1153.9694 	EXP 	window1: mouseVisible = False
1153.9859 	EXP 	window1: mouseVisible = False
1154.0027 	EXP 	window1: mouseVisible = False
1154.0193 	EXP 	window1: mouseVisible = False
1154.0360 	EXP 	window1: mouseVisible = False
1154.0522 	DATA 	Keypress: n
1154.0527 	EXP 	window1: mouseVisible = False
1154.0693 	EXP 	window1: mouseVisible = False
1154.0860 	EXP 	window1: mouseVisible = False
1154.1026 	EXP 	window1: mouseVisible = False
1154.1193 	EXP 	window1: mouseVisible = False
1154.1360 	EXP 	window1: mouseVisible = False
1154.1528 	EXP 	window1: mouseVisible = False
1154.1694 	EXP 	window1: mouseVisible = False
1154.1861 	EXP 	window1: mouseVisible = False
1154.2027 	EXP 	window1: mouseVisible = False
1154.2192 	EXP 	window1: mouseVisible = False
1154.2359 	EXP 	window1: mouseVisible = False
1154.2526 	EXP 	window1: mouseVisible = False
1154.2693 	EXP 	window1: mouseVisible = False
1154.2860 	EXP 	window1: mouseVisible = False
1154.3026 	EXP 	window1: mouseVisible = False
1154.3193 	EXP 	window1: mouseVisible = False
1154.3360 	EXP 	window1: mouseVisible = False
1154.3526 	EXP 	window1: mouseVisible = False
1154.3693 	EXP 	window1: mouseVisible = False
1154.3859 	EXP 	window1: mouseVisible = False
1154.4026 	EXP 	window1: mouseVisible = False
1154.4193 	EXP 	window1: mouseVisible = False
1154.4362 	EXP 	window1: mouseVisible = False
1154.4526 	EXP 	window1: mouseVisible = False
1154.4692 	EXP 	window1: mouseVisible = False
1154.4860 	EXP 	window1: mouseVisible = False
1154.5027 	EXP 	window1: mouseVisible = False
1154.5193 	EXP 	window1: mouseVisible = False
1154.5360 	EXP 	window1: mouseVisible = False
1154.5529 	EXP 	window1: mouseVisible = False
1154.5690 	DATA 	Keypress: space
1154.6698 	EXP 	New trial (rep=9, index=0): None
1154.6845 	EXP 	main_text: autoDraw = True
1154.6845 	EXP 	confirm_text: autoDraw = True
1154.6845 	EXP 	ratingScale: autoDraw = False
1154.6845 	EXP 	main_text: autoDraw = False
1154.6845 	EXP 	confirm_text: autoDraw = False
1154.6845 	EXP 	text_2: autoDraw = True
1154.6845 	EXP 	croix: autoDraw = True
1159.6846 	EXP 	text_2: autoDraw = False
1159.6846 	EXP 	croix: autoDraw = False
1159.6846 	EXP 	text_2: autoDraw = False
1159.6846 	EXP 	croix: autoDraw = False
1159.6846 	EXP 	thermode_locali: autoDraw = True
1171.6686 	EXP 	window1: mouseVisible = True
1171.6694 	EXP 	Created unnamed Rect = Rect(__class__=<class 'psychopy.visual.rect.Rect'>, anchor=('center', 'center'), autoDraw=False, autoLog=True, closeShape=True, color=method-wrapper(...), colorSpace='rgb', contrast=None, depth=0, draggable=False, fillColor=array([1, 1, 1]), fillColorSpace='rgb', fillRGB=array([1, 1, 1]), interpolate=True, lineColor=array([1., 1., 1.]), lineColorSpace='rgb', lineRGB=array([1, 1, 1]), lineWidth=1.5, name='unnamed Rect', opacity=1.0, ori=0.0, pos=array([0., 0.]), size=array([0.01, 0.1 ]), units='norm', vertices=ndarray(...), win=Window(...))
1171.6695 	EXP 	window1: mouseVisible = True
1171.6696 	EXP 	window1: mouseVisible = True
1171.6701 	EXP 	window1: mouseVisible = True
1171.6713 	EXP 	window1: mouseVisible = True
1171.6724 	EXP 	window1: mouseVisible = True
1171.6726 	EXP 	window1: mouseVisible = True
1171.6727 	EXP 	window1: mouseVisible = True
1171.6729 	EXP 	window1: mouseVisible = True
1171.6730 	EXP 	window1: mouseVisible = True
1171.6731 	EXP 	window1: mouseVisible = True
1171.6733 	EXP 	window1: mouseVisible = True
1171.6734 	EXP 	window1: mouseVisible = True
1171.6735 	EXP 	window1: mouseVisible = True
1171.6737 	EXP 	window1: mouseVisible = True
1171.6738 	EXP 	window1: mouseVisible = True
1171.6739 	EXP 	window1: mouseVisible = True
1171.6741 	EXP 	window1: mouseVisible = True
1171.6742 	EXP 	window1: mouseVisible = True
1171.6743 	EXP 	window1: mouseVisible = True
1171.6744 	EXP 	window1: mouseVisible = True
1171.6746 	EXP 	window1: mouseVisible = True
1171.6747 	EXP 	window1: mouseVisible = True
1171.6748 	EXP 	window1: mouseVisible = True
1171.6750 	EXP 	window1: mouseVisible = True
1171.6751 	EXP 	window1: mouseVisible = True
1171.6753 	EXP 	window1: mouseVisible = True
1171.6755 	EXP 	window1: mouseVisible = True
1171.6756 	EXP 	window1: mouseVisible = True
1171.6758 	EXP 	window1: mouseVisible = True
1171.6759 	EXP 	window1: mouseVisible = True
1171.6761 	EXP 	window1: mouseVisible = True
1171.6762 	EXP 	window1: mouseVisible = True
1171.6765 	EXP 	window1: mouseVisible = True
1171.6767 	EXP 	window1: mouseVisible = True
1171.6768 	EXP 	window1: mouseVisible = True
1171.6770 	EXP 	window1: mouseVisible = True
1171.6772 	EXP 	window1: mouseVisible = True
1171.6774 	EXP 	window1: mouseVisible = True
1171.6776 	EXP 	window1: mouseVisible = True
1171.6778 	EXP 	window1: mouseVisible = True
1171.6780 	EXP 	window1: mouseVisible = True
1171.6782 	EXP 	window1: mouseVisible = True
1171.6784 	EXP 	window1: mouseVisible = True
1171.6785 	EXP 	window1: mouseVisible = True
1171.6787 	EXP 	window1: mouseVisible = True
1171.6788 	EXP 	window1: mouseVisible = True
1171.6790 	EXP 	window1: mouseVisible = True
1171.6791 	EXP 	window1: mouseVisible = True
1171.6792 	EXP 	window1: mouseVisible = True
1171.6793 	EXP 	window1: mouseVisible = True
1171.6795 	EXP 	window1: mouseVisible = True
1171.6796 	EXP 	window1: mouseVisible = True
1171.6797 	EXP 	window1: mouseVisible = True
1171.6799 	EXP 	window1: mouseVisible = True
1171.6800 	EXP 	window1: mouseVisible = True
1171.6801 	EXP 	window1: mouseVisible = True
1171.6802 	EXP 	window1: mouseVisible = True
1171.6804 	EXP 	window1: mouseVisible = True
1171.6805 	EXP 	window1: mouseVisible = True
1171.6807 	EXP 	window1: mouseVisible = True
1171.6808 	EXP 	window1: mouseVisible = True
1171.6809 	EXP 	window1: mouseVisible = True
1171.6810 	EXP 	window1: mouseVisible = True
1171.6812 	EXP 	window1: mouseVisible = True
1171.6813 	EXP 	window1: mouseVisible = True
1171.6814 	EXP 	window1: mouseVisible = True
1171.6816 	EXP 	window1: mouseVisible = True
1171.6817 	EXP 	window1: mouseVisible = True
1171.6818 	EXP 	window1: mouseVisible = True
1171.6819 	EXP 	window1: mouseVisible = True
1171.6821 	EXP 	window1: mouseVisible = True
1171.6822 	EXP 	window1: mouseVisible = True
1171.6823 	EXP 	window1: mouseVisible = True
1171.6825 	EXP 	window1: mouseVisible = True
1171.6826 	EXP 	window1: mouseVisible = True
1171.6827 	EXP 	window1: mouseVisible = True
1171.6829 	EXP 	window1: mouseVisible = True
1171.6830 	EXP 	window1: mouseVisible = True
1171.6831 	EXP 	window1: mouseVisible = True
1171.6832 	EXP 	window1: mouseVisible = True
1171.6834 	EXP 	window1: mouseVisible = True
1171.6835 	EXP 	window1: mouseVisible = True
1171.6836 	EXP 	window1: mouseVisible = True
1171.6838 	EXP 	window1: mouseVisible = True
1171.6839 	EXP 	window1: mouseVisible = True
1171.6840 	EXP 	window1: mouseVisible = True
1171.6841 	EXP 	window1: mouseVisible = True
1171.6843 	EXP 	window1: mouseVisible = True
1171.6844 	EXP 	window1: mouseVisible = True
1171.6848 	EXP 	window1: mouseVisible = True
1171.6850 	EXP 	window1: mouseVisible = True
1171.6852 	EXP 	window1: mouseVisible = True
1171.6853 	EXP 	window1: mouseVisible = True
1171.6855 	EXP 	window1: mouseVisible = True
1171.6856 	EXP 	window1: mouseVisible = True
1171.6857 	EXP 	window1: mouseVisible = True
1171.6859 	EXP 	window1: mouseVisible = True
1171.6860 	EXP 	window1: mouseVisible = True
1171.6861 	EXP 	window1: mouseVisible = True
1171.6862 	EXP 	window1: mouseVisible = True
1171.6864 	EXP 	window1: mouseVisible = True
1171.6865 	EXP 	window1: mouseVisible = True
1171.6866 	EXP 	window1: mouseVisible = True
1171.6868 	EXP 	window1: mouseVisible = True
1171.6889 	EXP 	Created ratingScale = RatingScale(__class__=type(...), acceptKeys=['return'], acceptPreText=UNKNOWN, acceptSize=UNKNOWN, acceptText=UNKNOWN, autoLog=True, choices=False, colorSpace='rgb', depth=0, disappear=False, flipVert=False, high=100, kwargs=UNKNOWN, labels=list(...), leftKeys=['left'], lineColor=(255, 255, 255), low=0, marker=Rect(...), markerColor=(255, 255, 255), markerExpansion=UNKNOWN, markerStart=0.5, maxTime=0.0, minTime=0.4, mouseOnly=False, name='ratingScale', noMouse=False, pos=[0.0, 0.0], precision=100, respKeys=[], rightKeys=['right'], scale=None, self=UNKNOWN, showAccept=False, showValue=False, singleClick=False, size=0.6, skipKeys=['tab'], stretch=2.0, textColor='white', textFont='Helvetica Bold', textSize=0.144, tickHeight=0, tickMarks=10.0, win=Window(...))
1171.6889 	EXP 	RatingScale ratingScale: reset()
1171.6910 	EXP 	window1: mouseVisible = False
1171.7013 	EXP 	thermode_locali: autoDraw = False
1171.7013 	EXP 	thermode_locali: autoDraw = False
1171.7013 	EXP 	ratingScale: flipVert = False
1171.7013 	EXP 	ratingScale: autoLog = True
1171.7027 	EXP 	window1: mouseVisible = False
1171.7196 	EXP 	window1: mouseVisible = False
1171.7361 	EXP 	window1: mouseVisible = False
1171.7527 	EXP 	window1: mouseVisible = False
1171.7694 	EXP 	window1: mouseVisible = False
1171.7860 	EXP 	window1: mouseVisible = False
1171.8027 	EXP 	window1: mouseVisible = False
1171.8194 	EXP 	window1: mouseVisible = False
1171.8361 	EXP 	window1: mouseVisible = False
1171.8527 	EXP 	window1: mouseVisible = False
1171.8695 	EXP 	window1: mouseVisible = False
1171.8861 	EXP 	window1: mouseVisible = False
1171.9028 	EXP 	window1: mouseVisible = False
1171.9194 	EXP 	window1: mouseVisible = False
1171.9360 	EXP 	window1: mouseVisible = False
1171.9527 	EXP 	window1: mouseVisible = False
1171.9694 	EXP 	window1: mouseVisible = False
1171.9861 	EXP 	window1: mouseVisible = False
1172.0029 	EXP 	window1: mouseVisible = False
1172.0195 	EXP 	window1: mouseVisible = False
1172.0361 	EXP 	window1: mouseVisible = False
1172.0527 	EXP 	window1: mouseVisible = False
1172.0694 	EXP 	window1: mouseVisible = False
1172.0862 	EXP 	window1: mouseVisible = False
1172.1029 	EXP 	window1: mouseVisible = False
1172.1194 	EXP 	window1: mouseVisible = False
1172.1361 	EXP 	window1: mouseVisible = False
1172.1528 	EXP 	window1: mouseVisible = False
1172.1694 	EXP 	window1: mouseVisible = False
1172.1860 	EXP 	window1: mouseVisible = False
1172.2027 	EXP 	window1: mouseVisible = False
1172.2194 	EXP 	window1: mouseVisible = False
1172.2361 	EXP 	window1: mouseVisible = False
1172.2529 	EXP 	window1: mouseVisible = False
1172.2695 	EXP 	window1: mouseVisible = False
1172.2861 	EXP 	window1: mouseVisible = False
1172.3027 	EXP 	window1: mouseVisible = False
1172.3195 	EXP 	window1: mouseVisible = False
1172.3360 	EXP 	window1: mouseVisible = False
1172.3527 	EXP 	window1: mouseVisible = False
1172.3694 	EXP 	window1: mouseVisible = False
1172.3860 	EXP 	window1: mouseVisible = False
1172.4028 	EXP 	window1: mouseVisible = False
1172.4194 	EXP 	window1: mouseVisible = False
1172.4362 	EXP 	window1: mouseVisible = False
1172.4527 	EXP 	window1: mouseVisible = False
1172.4694 	EXP 	window1: mouseVisible = False
1172.4861 	EXP 	window1: mouseVisible = False
1172.5027 	EXP 	window1: mouseVisible = False
1172.5194 	EXP 	window1: mouseVisible = False
1172.5360 	EXP 	window1: mouseVisible = False
1172.5528 	EXP 	window1: mouseVisible = False
1172.5694 	EXP 	window1: mouseVisible = False
1172.5861 	EXP 	window1: mouseVisible = False
1172.6028 	EXP 	window1: mouseVisible = False
1172.6194 	EXP 	window1: mouseVisible = False
1172.6360 	EXP 	window1: mouseVisible = False
1172.6528 	EXP 	window1: mouseVisible = False
1172.6695 	EXP 	window1: mouseVisible = False
1172.6861 	EXP 	window1: mouseVisible = False
1172.7030 	EXP 	window1: mouseVisible = False
1172.7191 	DATA 	Keypress: m
1172.7197 	EXP 	window1: mouseVisible = False
1172.7361 	EXP 	window1: mouseVisible = False
1172.7527 	EXP 	window1: mouseVisible = False
1172.7697 	EXP 	window1: mouseVisible = False
1172.7861 	EXP 	window1: mouseVisible = False
1172.8028 	EXP 	window1: mouseVisible = False
1172.8195 	EXP 	window1: mouseVisible = False
1172.8363 	EXP 	window1: mouseVisible = False
1172.8529 	EXP 	window1: mouseVisible = False
1172.8694 	EXP 	window1: mouseVisible = False
1172.8861 	EXP 	window1: mouseVisible = False
1172.9027 	EXP 	window1: mouseVisible = False
1172.9195 	EXP 	window1: mouseVisible = False
1172.9361 	EXP 	window1: mouseVisible = False
1172.9527 	EXP 	window1: mouseVisible = False
1172.9694 	EXP 	window1: mouseVisible = False
1172.9861 	EXP 	window1: mouseVisible = False
1173.0028 	EXP 	window1: mouseVisible = False
1173.0195 	EXP 	window1: mouseVisible = False
1173.0361 	EXP 	window1: mouseVisible = False
1173.0527 	EXP 	window1: mouseVisible = False
1173.0695 	EXP 	window1: mouseVisible = False
1173.0861 	EXP 	window1: mouseVisible = False
1173.1027 	EXP 	window1: mouseVisible = False
1173.1195 	EXP 	window1: mouseVisible = False
1173.1361 	EXP 	window1: mouseVisible = False
1173.1527 	EXP 	window1: mouseVisible = False
1173.1695 	EXP 	window1: mouseVisible = False
1173.1861 	EXP 	window1: mouseVisible = False
1173.2028 	EXP 	window1: mouseVisible = False
1173.2209 	EXP 	window1: mouseVisible = False
1173.2362 	EXP 	window1: mouseVisible = False
1173.2530 	EXP 	window1: mouseVisible = False
1173.2696 	EXP 	window1: mouseVisible = False
1173.2863 	EXP 	window1: mouseVisible = False
1173.3029 	EXP 	window1: mouseVisible = False
1173.3196 	EXP 	window1: mouseVisible = False
1173.3363 	EXP 	window1: mouseVisible = False
1173.3527 	EXP 	window1: mouseVisible = False
1173.3694 	EXP 	window1: mouseVisible = False
1173.3861 	EXP 	window1: mouseVisible = False
1173.4027 	EXP 	window1: mouseVisible = False
1173.4196 	EXP 	window1: mouseVisible = False
1173.4361 	EXP 	window1: mouseVisible = False
1173.4528 	EXP 	window1: mouseVisible = False
1173.4694 	EXP 	window1: mouseVisible = False
1173.4861 	EXP 	window1: mouseVisible = False
1173.5028 	EXP 	window1: mouseVisible = False
1173.5194 	EXP 	window1: mouseVisible = False
1173.5363 	EXP 	window1: mouseVisible = False
1173.5529 	EXP 	window1: mouseVisible = False
1173.5694 	EXP 	window1: mouseVisible = False
1173.5861 	EXP 	window1: mouseVisible = False
1173.6028 	EXP 	window1: mouseVisible = False
1173.6194 	EXP 	window1: mouseVisible = False
1173.6361 	EXP 	window1: mouseVisible = False
1173.6523 	DATA 	Keypress: n
1173.6529 	EXP 	window1: mouseVisible = False
1173.6694 	EXP 	window1: mouseVisible = False
1173.6861 	EXP 	window1: mouseVisible = False
1173.7028 	EXP 	window1: mouseVisible = False
1173.7194 	EXP 	window1: mouseVisible = False
1173.7361 	EXP 	window1: mouseVisible = False
1173.7528 	EXP 	window1: mouseVisible = False
1173.7694 	EXP 	window1: mouseVisible = False
1173.7861 	EXP 	window1: mouseVisible = False
1173.8028 	EXP 	window1: mouseVisible = False
1173.8194 	EXP 	window1: mouseVisible = False
1173.8361 	EXP 	window1: mouseVisible = False
1173.8527 	EXP 	window1: mouseVisible = False
1173.8694 	EXP 	window1: mouseVisible = False
1173.8861 	EXP 	window1: mouseVisible = False
1173.9027 	EXP 	window1: mouseVisible = False
1173.9195 	EXP 	window1: mouseVisible = False
1173.9361 	EXP 	window1: mouseVisible = False
1173.9528 	EXP 	window1: mouseVisible = False
1173.9695 	EXP 	window1: mouseVisible = False
1173.9861 	EXP 	window1: mouseVisible = False
1174.0028 	EXP 	window1: mouseVisible = False
1174.0194 	EXP 	window1: mouseVisible = False
1174.0361 	EXP 	window1: mouseVisible = False
1174.0527 	EXP 	window1: mouseVisible = False
1174.0694 	EXP 	window1: mouseVisible = False
1174.0874 	EXP 	window1: mouseVisible = False
1174.1026 	DATA 	Keypress: n
1174.1031 	EXP 	window1: mouseVisible = False
1174.1195 	EXP 	window1: mouseVisible = False
1174.1361 	EXP 	window1: mouseVisible = False
1174.1528 	EXP 	window1: mouseVisible = False
1174.1694 	EXP 	window1: mouseVisible = False
1174.1861 	EXP 	window1: mouseVisible = False
1174.2028 	EXP 	window1: mouseVisible = False
1174.2195 	EXP 	window1: mouseVisible = False
1174.2361 	EXP 	window1: mouseVisible = False
1174.2528 	EXP 	window1: mouseVisible = False
1174.2694 	EXP 	window1: mouseVisible = False
1174.2860 	EXP 	window1: mouseVisible = False
1174.3028 	EXP 	window1: mouseVisible = False
1174.3194 	EXP 	window1: mouseVisible = False
1174.3361 	EXP 	window1: mouseVisible = False
1174.3528 	EXP 	window1: mouseVisible = False
1174.3694 	EXP 	window1: mouseVisible = False
1174.3861 	EXP 	window1: mouseVisible = False
1174.4027 	EXP 	window1: mouseVisible = False
1174.4194 	EXP 	window1: mouseVisible = False
1174.4361 	EXP 	window1: mouseVisible = False
1174.4528 	EXP 	window1: mouseVisible = False
1174.4694 	EXP 	window1: mouseVisible = False
1174.4861 	EXP 	window1: mouseVisible = False
1174.4862 	DATA 	Keypress: space
1174.6048 	EXP 	New trial (rep=10, index=0): None
1174.6180 	EXP 	main_text: autoDraw = True
1174.6180 	EXP 	confirm_text: autoDraw = True
1174.6180 	EXP 	ratingScale: autoDraw = False
1174.6180 	EXP 	main_text: autoDraw = False
1174.6180 	EXP 	confirm_text: autoDraw = False
1174.6180 	EXP 	text_2: autoDraw = True
1174.6180 	EXP 	croix: autoDraw = True
1179.6181 	EXP 	text_2: autoDraw = False
1179.6181 	EXP 	croix: autoDraw = False
1179.6181 	EXP 	text_2: autoDraw = False
1179.6181 	EXP 	croix: autoDraw = False
1179.6181 	EXP 	thermode_locali: autoDraw = True
1191.6021 	EXP 	window1: mouseVisible = True
1191.6030 	EXP 	Created unnamed Rect = Rect(__class__=<class 'psychopy.visual.rect.Rect'>, anchor=('center', 'center'), autoDraw=False, autoLog=True, closeShape=True, color=method-wrapper(...), colorSpace='rgb', contrast=None, depth=0, draggable=False, fillColor=array([1, 1, 1]), fillColorSpace='rgb', fillRGB=array([1, 1, 1]), interpolate=True, lineColor=array([1., 1., 1.]), lineColorSpace='rgb', lineRGB=array([1, 1, 1]), lineWidth=1.5, name='unnamed Rect', opacity=1.0, ori=0.0, pos=array([0., 0.]), size=array([0.01, 0.1 ]), units='norm', vertices=ndarray(...), win=Window(...))
1191.6031 	EXP 	window1: mouseVisible = True
1191.6032 	EXP 	window1: mouseVisible = True
1191.6037 	EXP 	window1: mouseVisible = True
1191.6048 	EXP 	window1: mouseVisible = True
1191.6059 	EXP 	window1: mouseVisible = True
1191.6060 	EXP 	window1: mouseVisible = True
1191.6062 	EXP 	window1: mouseVisible = True
1191.6064 	EXP 	window1: mouseVisible = True
1191.6065 	EXP 	window1: mouseVisible = True
1191.6066 	EXP 	window1: mouseVisible = True
1191.6068 	EXP 	window1: mouseVisible = True
1191.6069 	EXP 	window1: mouseVisible = True
1191.6071 	EXP 	window1: mouseVisible = True
1191.6074 	EXP 	window1: mouseVisible = True
1191.6076 	EXP 	window1: mouseVisible = True
1191.6078 	EXP 	window1: mouseVisible = True
1191.6080 	EXP 	window1: mouseVisible = True
1191.6082 	EXP 	window1: mouseVisible = True
1191.6084 	EXP 	window1: mouseVisible = True
1191.6086 	EXP 	window1: mouseVisible = True
1191.6088 	EXP 	window1: mouseVisible = True
1191.6090 	EXP 	window1: mouseVisible = True
1191.6092 	EXP 	window1: mouseVisible = True
1191.6094 	EXP 	window1: mouseVisible = True
1191.6096 	EXP 	window1: mouseVisible = True
1191.6097 	EXP 	window1: mouseVisible = True
1191.6098 	EXP 	window1: mouseVisible = True
1191.6100 	EXP 	window1: mouseVisible = True
1191.6101 	EXP 	window1: mouseVisible = True
1191.6102 	EXP 	window1: mouseVisible = True
1191.6104 	EXP 	window1: mouseVisible = True
1191.6105 	EXP 	window1: mouseVisible = True
1191.6106 	EXP 	window1: mouseVisible = True
1191.6107 	EXP 	window1: mouseVisible = True
1191.6109 	EXP 	window1: mouseVisible = True
1191.6110 	EXP 	window1: mouseVisible = True
1191.6111 	EXP 	window1: mouseVisible = True
1191.6112 	EXP 	window1: mouseVisible = True
1191.6114 	EXP 	window1: mouseVisible = True
1191.6115 	EXP 	window1: mouseVisible = True
1191.6116 	EXP 	window1: mouseVisible = True
1191.6117 	EXP 	window1: mouseVisible = True
1191.6119 	EXP 	window1: mouseVisible = True
1191.6120 	EXP 	window1: mouseVisible = True
1191.6121 	EXP 	window1: mouseVisible = True
1191.6123 	EXP 	window1: mouseVisible = True
1191.6124 	EXP 	window1: mouseVisible = True
1191.6125 	EXP 	window1: mouseVisible = True
1191.6126 	EXP 	window1: mouseVisible = True
1191.6128 	EXP 	window1: mouseVisible = True
1191.6129 	EXP 	window1: mouseVisible = True
1191.6131 	EXP 	window1: mouseVisible = True
1191.6132 	EXP 	window1: mouseVisible = True
1191.6134 	EXP 	window1: mouseVisible = True
1191.6135 	EXP 	window1: mouseVisible = True
1191.6136 	EXP 	window1: mouseVisible = True
1191.6137 	EXP 	window1: mouseVisible = True
1191.6139 	EXP 	window1: mouseVisible = True
1191.6140 	EXP 	window1: mouseVisible = True
1191.6141 	EXP 	window1: mouseVisible = True
1191.6142 	EXP 	window1: mouseVisible = True
1191.6144 	EXP 	window1: mouseVisible = True
1191.6145 	EXP 	window1: mouseVisible = True
1191.6146 	EXP 	window1: mouseVisible = True
1191.6148 	EXP 	window1: mouseVisible = True
1191.6149 	EXP 	window1: mouseVisible = True
1191.6150 	EXP 	window1: mouseVisible = True
1191.6151 	EXP 	window1: mouseVisible = True
1191.6153 	EXP 	window1: mouseVisible = True
1191.6154 	EXP 	window1: mouseVisible = True
1191.6155 	EXP 	window1: mouseVisible = True
1191.6156 	EXP 	window1: mouseVisible = True
1191.6158 	EXP 	window1: mouseVisible = True
1191.6159 	EXP 	window1: mouseVisible = True
1191.6160 	EXP 	window1: mouseVisible = True
1191.6161 	EXP 	window1: mouseVisible = True
1191.6163 	EXP 	window1: mouseVisible = True
1191.6164 	EXP 	window1: mouseVisible = True
1191.6165 	EXP 	window1: mouseVisible = True
1191.6166 	EXP 	window1: mouseVisible = True
1191.6168 	EXP 	window1: mouseVisible = True
1191.6169 	EXP 	window1: mouseVisible = True
1191.6170 	EXP 	window1: mouseVisible = True
1191.6172 	EXP 	window1: mouseVisible = True
1191.6173 	EXP 	window1: mouseVisible = True
1191.6174 	EXP 	window1: mouseVisible = True
1191.6176 	EXP 	window1: mouseVisible = True
1191.6177 	EXP 	window1: mouseVisible = True
1191.6178 	EXP 	window1: mouseVisible = True
1191.6179 	EXP 	window1: mouseVisible = True
1191.6181 	EXP 	window1: mouseVisible = True
1191.6182 	EXP 	window1: mouseVisible = True
1191.6183 	EXP 	window1: mouseVisible = True
1191.6184 	EXP 	window1: mouseVisible = True
1191.6186 	EXP 	window1: mouseVisible = True
1191.6187 	EXP 	window1: mouseVisible = True
1191.6188 	EXP 	window1: mouseVisible = True
1191.6189 	EXP 	window1: mouseVisible = True
1191.6191 	EXP 	window1: mouseVisible = True
1191.6192 	EXP 	window1: mouseVisible = True
1191.6193 	EXP 	window1: mouseVisible = True
1191.6194 	EXP 	window1: mouseVisible = True
1191.6196 	EXP 	window1: mouseVisible = True
1191.6197 	EXP 	window1: mouseVisible = True
1191.6218 	EXP 	Created ratingScale = RatingScale(__class__=type(...), acceptKeys=['return'], acceptPreText=UNKNOWN, acceptSize=UNKNOWN, acceptText=UNKNOWN, autoLog=True, choices=False, colorSpace='rgb', depth=0, disappear=False, flipVert=False, high=100, kwargs=UNKNOWN, labels=list(...), leftKeys=['left'], lineColor=(255, 255, 255), low=0, marker=Rect(...), markerColor=(255, 255, 255), markerExpansion=UNKNOWN, markerStart=0.5, maxTime=0.0, minTime=0.4, mouseOnly=False, name='ratingScale', noMouse=False, pos=[0.0, 0.0], precision=100, respKeys=[], rightKeys=['right'], scale=None, self=UNKNOWN, showAccept=False, showValue=False, singleClick=False, size=0.6, skipKeys=['tab'], stretch=2.0, textColor='white', textFont='Helvetica Bold', textSize=0.144, tickHeight=0, tickMarks=10.0, win=Window(...))
1191.6218 	EXP 	RatingScale ratingScale: reset()
1191.6239 	EXP 	window1: mouseVisible = False
1191.6350 	EXP 	thermode_locali: autoDraw = False
1191.6350 	EXP 	thermode_locali: autoDraw = False
1191.6350 	EXP 	ratingScale: flipVert = False
1191.6350 	EXP 	ratingScale: autoLog = True
1191.6365 	EXP 	window1: mouseVisible = False
1191.6531 	EXP 	window1: mouseVisible = False
1191.6699 	EXP 	window1: mouseVisible = False
1191.6865 	EXP 	window1: mouseVisible = False
1191.7031 	EXP 	window1: mouseVisible = False
1191.7204 	EXP 	window1: mouseVisible = False
1191.7371 	EXP 	window1: mouseVisible = False
1191.7530 	EXP 	window1: mouseVisible = False
1191.7696 	EXP 	window1: mouseVisible = False
1191.7863 	EXP 	window1: mouseVisible = False
1191.8030 	EXP 	window1: mouseVisible = False
1191.8196 	EXP 	window1: mouseVisible = False
1191.8363 	EXP 	window1: mouseVisible = False
1191.8531 	EXP 	window1: mouseVisible = False
1191.8698 	EXP 	window1: mouseVisible = False
1191.8864 	EXP 	window1: mouseVisible = False
1191.9030 	EXP 	window1: mouseVisible = False
1191.9199 	EXP 	window1: mouseVisible = False
1191.9366 	EXP 	window1: mouseVisible = False
1191.9532 	EXP 	window1: mouseVisible = False
1191.9700 	EXP 	window1: mouseVisible = False
1191.9866 	EXP 	window1: mouseVisible = False
1192.0031 	EXP 	window1: mouseVisible = False
1192.0199 	EXP 	window1: mouseVisible = False
1192.0365 	EXP 	window1: mouseVisible = False
1192.0530 	EXP 	window1: mouseVisible = False
1192.0696 	EXP 	window1: mouseVisible = False
1192.0863 	EXP 	window1: mouseVisible = False
1192.1030 	EXP 	window1: mouseVisible = False
1192.1196 	EXP 	window1: mouseVisible = False
1192.1363 	EXP 	window1: mouseVisible = False
1192.1530 	EXP 	window1: mouseVisible = False
1192.1696 	EXP 	window1: mouseVisible = False
1192.1863 	EXP 	window1: mouseVisible = False
1192.2030 	EXP 	window1: mouseVisible = False
1192.2193 	DATA 	Keypress: n
1192.2198 	EXP 	window1: mouseVisible = False
1192.2363 	EXP 	window1: mouseVisible = False
1192.2529 	EXP 	window1: mouseVisible = False
1192.2696 	EXP 	window1: mouseVisible = False
1192.2863 	EXP 	window1: mouseVisible = False
1192.3030 	EXP 	window1: mouseVisible = False
1192.3197 	EXP 	window1: mouseVisible = False
1192.3377 	EXP 	window1: mouseVisible = False
1192.3531 	EXP 	window1: mouseVisible = False
1192.3696 	EXP 	window1: mouseVisible = False
1192.3863 	EXP 	window1: mouseVisible = False
1192.4030 	EXP 	window1: mouseVisible = False
1192.4196 	EXP 	window1: mouseVisible = False
1192.4363 	EXP 	window1: mouseVisible = False
1192.4530 	EXP 	window1: mouseVisible = False
1192.4697 	EXP 	window1: mouseVisible = False
1192.4863 	EXP 	window1: mouseVisible = False
1192.5030 	EXP 	window1: mouseVisible = False
1192.5196 	EXP 	window1: mouseVisible = False
1192.5363 	EXP 	window1: mouseVisible = False
1192.5529 	EXP 	window1: mouseVisible = False
1192.5696 	EXP 	window1: mouseVisible = False
1192.5863 	EXP 	window1: mouseVisible = False
1192.6029 	EXP 	window1: mouseVisible = False
1192.6197 	EXP 	window1: mouseVisible = False
1192.6363 	EXP 	window1: mouseVisible = False
1192.6530 	EXP 	window1: mouseVisible = False
1192.6696 	EXP 	window1: mouseVisible = False
1192.6864 	EXP 	window1: mouseVisible = False
1192.7030 	EXP 	window1: mouseVisible = False
1192.7202 	EXP 	window1: mouseVisible = False
1192.7370 	EXP 	window1: mouseVisible = False
1192.7532 	EXP 	window1: mouseVisible = False
1192.7698 	EXP 	window1: mouseVisible = False
1192.7865 	EXP 	window1: mouseVisible = False
1192.8031 	EXP 	window1: mouseVisible = False
1192.8201 	EXP 	window1: mouseVisible = False
1192.8364 	EXP 	window1: mouseVisible = False
1192.8532 	EXP 	window1: mouseVisible = False
1192.8698 	EXP 	window1: mouseVisible = False
1192.8865 	EXP 	window1: mouseVisible = False
1192.9031 	EXP 	window1: mouseVisible = False
1192.9200 	EXP 	window1: mouseVisible = False
1192.9365 	EXP 	window1: mouseVisible = False
1192.9531 	EXP 	window1: mouseVisible = False
1192.9699 	EXP 	window1: mouseVisible = False
1192.9867 	EXP 	window1: mouseVisible = False
1193.0031 	EXP 	window1: mouseVisible = False
1193.0199 	EXP 	window1: mouseVisible = False
1193.0365 	EXP 	window1: mouseVisible = False
1193.0530 	EXP 	window1: mouseVisible = False
1193.0699 	EXP 	window1: mouseVisible = False
1193.0867 	EXP 	window1: mouseVisible = False
1193.1032 	EXP 	window1: mouseVisible = False
1193.1200 	EXP 	window1: mouseVisible = False
1193.1366 	EXP 	window1: mouseVisible = False
1193.1531 	EXP 	window1: mouseVisible = False
1193.1717 	EXP 	window1: mouseVisible = False
1193.1869 	EXP 	window1: mouseVisible = False
1193.2032 	EXP 	window1: mouseVisible = False
1193.2201 	EXP 	window1: mouseVisible = False
1193.2366 	EXP 	window1: mouseVisible = False
1193.2534 	EXP 	window1: mouseVisible = False
1193.2700 	EXP 	window1: mouseVisible = False
1193.2867 	EXP 	window1: mouseVisible = False
1193.3031 	EXP 	window1: mouseVisible = False
1193.3198 	EXP 	window1: mouseVisible = False
1193.3364 	EXP 	window1: mouseVisible = False
1193.3531 	EXP 	window1: mouseVisible = False
1193.3697 	EXP 	window1: mouseVisible = False
1193.3864 	EXP 	window1: mouseVisible = False
1193.4032 	EXP 	window1: mouseVisible = False
1193.4198 	EXP 	window1: mouseVisible = False
1193.4365 	EXP 	window1: mouseVisible = False
1193.4531 	EXP 	window1: mouseVisible = False
1193.4699 	EXP 	window1: mouseVisible = False
1193.4865 	EXP 	window1: mouseVisible = False
1193.5031 	EXP 	window1: mouseVisible = False
1193.5197 	EXP 	window1: mouseVisible = False
1193.5364 	EXP 	window1: mouseVisible = False
1193.5531 	EXP 	window1: mouseVisible = False
1193.5702 	DATA 	Keypress: space
1193.6712 	EXP 	New trial (rep=11, index=0): None
1193.6849 	EXP 	main_text: autoDraw = True
1193.6849 	EXP 	confirm_text: autoDraw = True
1193.6849 	EXP 	ratingScale: autoDraw = False
1193.6849 	EXP 	main_text: autoDraw = False
1193.6849 	EXP 	confirm_text: autoDraw = False
1193.6849 	EXP 	text_2: autoDraw = True
1193.6849 	EXP 	croix: autoDraw = True
1198.6850 	EXP 	text_2: autoDraw = False
1198.6850 	EXP 	croix: autoDraw = False
1198.6850 	EXP 	text_2: autoDraw = False
1198.6850 	EXP 	croix: autoDraw = False
1198.6850 	EXP 	thermode_locali: autoDraw = True
1210.6689 	EXP 	window1: mouseVisible = True
1210.6698 	EXP 	Created unnamed Rect = Rect(__class__=<class 'psychopy.visual.rect.Rect'>, anchor=('center', 'center'), autoDraw=False, autoLog=True, closeShape=True, color=method-wrapper(...), colorSpace='rgb', contrast=None, depth=0, draggable=False, fillColor=array([1, 1, 1]), fillColorSpace='rgb', fillRGB=array([1, 1, 1]), interpolate=True, lineColor=array([1., 1., 1.]), lineColorSpace='rgb', lineRGB=array([1, 1, 1]), lineWidth=1.5, name='unnamed Rect', opacity=1.0, ori=0.0, pos=array([0., 0.]), size=array([0.01, 0.1 ]), units='norm', vertices=ndarray(...), win=Window(...))
1210.6698 	EXP 	window1: mouseVisible = True
1210.6699 	EXP 	window1: mouseVisible = True
1210.6704 	EXP 	window1: mouseVisible = True
1210.6715 	EXP 	window1: mouseVisible = True
1210.6726 	EXP 	window1: mouseVisible = True
1210.6728 	EXP 	window1: mouseVisible = True
1210.6729 	EXP 	window1: mouseVisible = True
1210.6731 	EXP 	window1: mouseVisible = True
1210.6733 	EXP 	window1: mouseVisible = True
1210.6736 	EXP 	window1: mouseVisible = True
1210.6738 	EXP 	window1: mouseVisible = True
1210.6740 	EXP 	window1: mouseVisible = True
1210.6742 	EXP 	window1: mouseVisible = True
1210.6744 	EXP 	window1: mouseVisible = True
1210.6746 	EXP 	window1: mouseVisible = True
1210.6748 	EXP 	window1: mouseVisible = True
1210.6750 	EXP 	window1: mouseVisible = True
1210.6752 	EXP 	window1: mouseVisible = True
1210.6754 	EXP 	window1: mouseVisible = True
1210.6756 	EXP 	window1: mouseVisible = True
1210.6757 	EXP 	window1: mouseVisible = True
1210.6758 	EXP 	window1: mouseVisible = True
1210.6760 	EXP 	window1: mouseVisible = True
1210.6761 	EXP 	window1: mouseVisible = True
1210.6762 	EXP 	window1: mouseVisible = True
1210.6763 	EXP 	window1: mouseVisible = True
1210.6765 	EXP 	window1: mouseVisible = True
1210.6766 	EXP 	window1: mouseVisible = True
1210.6767 	EXP 	window1: mouseVisible = True
1210.6769 	EXP 	window1: mouseVisible = True
1210.6770 	EXP 	window1: mouseVisible = True
1210.6771 	EXP 	window1: mouseVisible = True
1210.6772 	EXP 	window1: mouseVisible = True
1210.6774 	EXP 	window1: mouseVisible = True
1210.6775 	EXP 	window1: mouseVisible = True
1210.6776 	EXP 	window1: mouseVisible = True
1210.6778 	EXP 	window1: mouseVisible = True
1210.6779 	EXP 	window1: mouseVisible = True
1210.6780 	EXP 	window1: mouseVisible = True
1210.6781 	EXP 	window1: mouseVisible = True
1210.6783 	EXP 	window1: mouseVisible = True
1210.6784 	EXP 	window1: mouseVisible = True
1210.6785 	EXP 	window1: mouseVisible = True
1210.6787 	EXP 	window1: mouseVisible = True
1210.6788 	EXP 	window1: mouseVisible = True
1210.6789 	EXP 	window1: mouseVisible = True
1210.6791 	EXP 	window1: mouseVisible = True
1210.6792 	EXP 	window1: mouseVisible = True
1210.6793 	EXP 	window1: mouseVisible = True
1210.6794 	EXP 	window1: mouseVisible = True
1210.6796 	EXP 	window1: mouseVisible = True
1210.6797 	EXP 	window1: mouseVisible = True
1210.6798 	EXP 	window1: mouseVisible = True
1210.6800 	EXP 	window1: mouseVisible = True
1210.6801 	EXP 	window1: mouseVisible = True
1210.6802 	EXP 	window1: mouseVisible = True
1210.6803 	EXP 	window1: mouseVisible = True
1210.6805 	EXP 	window1: mouseVisible = True
1210.6806 	EXP 	window1: mouseVisible = True
1210.6807 	EXP 	window1: mouseVisible = True
1210.6808 	EXP 	window1: mouseVisible = True
1210.6810 	EXP 	window1: mouseVisible = True
1210.6811 	EXP 	window1: mouseVisible = True
1210.6812 	EXP 	window1: mouseVisible = True
1210.6813 	EXP 	window1: mouseVisible = True
1210.6815 	EXP 	window1: mouseVisible = True
1210.6816 	EXP 	window1: mouseVisible = True
1210.6817 	EXP 	window1: mouseVisible = True
1210.6819 	EXP 	window1: mouseVisible = True
1210.6820 	EXP 	window1: mouseVisible = True
1210.6821 	EXP 	window1: mouseVisible = True
1210.6822 	EXP 	window1: mouseVisible = True
1210.6824 	EXP 	window1: mouseVisible = True
1210.6825 	EXP 	window1: mouseVisible = True
1210.6826 	EXP 	window1: mouseVisible = True
1210.6828 	EXP 	window1: mouseVisible = True
1210.6829 	EXP 	window1: mouseVisible = True
1210.6830 	EXP 	window1: mouseVisible = True
1210.6832 	EXP 	window1: mouseVisible = True
1210.6833 	EXP 	window1: mouseVisible = True
1210.6834 	EXP 	window1: mouseVisible = True
1210.6835 	EXP 	window1: mouseVisible = True
1210.6837 	EXP 	window1: mouseVisible = True
1210.6838 	EXP 	window1: mouseVisible = True
1210.6839 	EXP 	window1: mouseVisible = True
1210.6840 	EXP 	window1: mouseVisible = True
1210.6842 	EXP 	window1: mouseVisible = True
1210.6843 	EXP 	window1: mouseVisible = True
1210.6844 	EXP 	window1: mouseVisible = True
1210.6846 	EXP 	window1: mouseVisible = True
1210.6847 	EXP 	window1: mouseVisible = True
1210.6848 	EXP 	window1: mouseVisible = True
1210.6849 	EXP 	window1: mouseVisible = True
1210.6851 	EXP 	window1: mouseVisible = True
1210.6852 	EXP 	window1: mouseVisible = True
1210.6853 	EXP 	window1: mouseVisible = True
1210.6854 	EXP 	window1: mouseVisible = True
1210.6856 	EXP 	window1: mouseVisible = True
1210.6857 	EXP 	window1: mouseVisible = True
1210.6858 	EXP 	window1: mouseVisible = True
1210.6859 	EXP 	window1: mouseVisible = True
1210.6861 	EXP 	window1: mouseVisible = True
1210.6862 	EXP 	window1: mouseVisible = True
1210.6864 	EXP 	window1: mouseVisible = True
1210.6884 	EXP 	Created ratingScale = RatingScale(__class__=type(...), acceptKeys=['return'], acceptPreText=UNKNOWN, acceptSize=UNKNOWN, acceptText=UNKNOWN, autoLog=True, choices=False, colorSpace='rgb', depth=0, disappear=False, flipVert=False, high=100, kwargs=UNKNOWN, labels=list(...), leftKeys=['left'], lineColor=(255, 255, 255), low=0, marker=Rect(...), markerColor=(255, 255, 255), markerExpansion=UNKNOWN, markerStart=0.5, maxTime=0.0, minTime=0.4, mouseOnly=False, name='ratingScale', noMouse=False, pos=[0.0, 0.0], precision=100, respKeys=[], rightKeys=['right'], scale=None, self=UNKNOWN, showAccept=False, showValue=False, singleClick=False, size=0.6, skipKeys=['tab'], stretch=2.0, textColor='white', textFont='Helvetica Bold', textSize=0.144, tickHeight=0, tickMarks=10.0, win=Window(...))
1210.6885 	EXP 	RatingScale ratingScale: reset()
1210.6905 	EXP 	window1: mouseVisible = False
1210.7018 	EXP 	thermode_locali: autoDraw = False
1210.7018 	EXP 	thermode_locali: autoDraw = False
1210.7018 	EXP 	ratingScale: flipVert = False
1210.7018 	EXP 	ratingScale: autoLog = True
1210.7033 	EXP 	window1: mouseVisible = False
1210.7199 	EXP 	window1: mouseVisible = False
1210.7366 	EXP 	window1: mouseVisible = False
1210.7533 	EXP 	window1: mouseVisible = False
1210.7699 	EXP 	window1: mouseVisible = False
1210.7870 	EXP 	window1: mouseVisible = False
1210.8032 	EXP 	window1: mouseVisible = False
1210.8199 	EXP 	window1: mouseVisible = False
1210.8366 	EXP 	window1: mouseVisible = False
1210.8532 	EXP 	window1: mouseVisible = False
1210.8699 	EXP 	window1: mouseVisible = False
1210.8869 	EXP 	window1: mouseVisible = False
1210.9032 	EXP 	window1: mouseVisible = False
1210.9199 	EXP 	window1: mouseVisible = False
1210.9365 	EXP 	window1: mouseVisible = False
1210.9532 	EXP 	window1: mouseVisible = False
1210.9699 	EXP 	window1: mouseVisible = False
1210.9868 	EXP 	window1: mouseVisible = False
1211.0033 	EXP 	window1: mouseVisible = False
1211.0200 	EXP 	window1: mouseVisible = False
1211.0363 	DATA 	Keypress: n
1211.0368 	EXP 	window1: mouseVisible = False
1211.0533 	EXP 	window1: mouseVisible = False
1211.0700 	EXP 	window1: mouseVisible = False
1211.0866 	EXP 	window1: mouseVisible = False
1211.1032 	EXP 	window1: mouseVisible = False
1211.1201 	EXP 	window1: mouseVisible = False
1211.1367 	EXP 	window1: mouseVisible = False
1211.1533 	EXP 	window1: mouseVisible = False
1211.1702 	EXP 	window1: mouseVisible = False
1211.1866 	EXP 	window1: mouseVisible = False
1211.2033 	EXP 	window1: mouseVisible = False
1211.2199 	EXP 	window1: mouseVisible = False
1211.2366 	EXP 	window1: mouseVisible = False
1211.2532 	EXP 	window1: mouseVisible = False
1211.2699 	EXP 	window1: mouseVisible = False
1211.2865 	EXP 	window1: mouseVisible = False
1211.3033 	EXP 	window1: mouseVisible = False
1211.3199 	EXP 	window1: mouseVisible = False
1211.3365 	EXP 	window1: mouseVisible = False
1211.3532 	EXP 	window1: mouseVisible = False
1211.3699 	EXP 	window1: mouseVisible = False
1211.3865 	EXP 	window1: mouseVisible = False
1211.4034 	EXP 	window1: mouseVisible = False
1211.4199 	EXP 	window1: mouseVisible = False
1211.4366 	EXP 	window1: mouseVisible = False
1211.4532 	EXP 	window1: mouseVisible = False
1211.4699 	EXP 	window1: mouseVisible = False
1211.4866 	EXP 	window1: mouseVisible = False
1211.5033 	EXP 	window1: mouseVisible = False
1211.5199 	EXP 	window1: mouseVisible = False
1211.5365 	EXP 	window1: mouseVisible = False
1211.5534 	EXP 	window1: mouseVisible = False
1211.5699 	EXP 	window1: mouseVisible = False
1211.5866 	EXP 	window1: mouseVisible = False
1211.6033 	EXP 	window1: mouseVisible = False
1211.6199 	EXP 	window1: mouseVisible = False
1211.6366 	EXP 	window1: mouseVisible = False
1211.6533 	EXP 	window1: mouseVisible = False
1211.6701 	EXP 	window1: mouseVisible = False
1211.6868 	EXP 	window1: mouseVisible = False
1211.7033 	EXP 	window1: mouseVisible = False
1211.7200 	EXP 	window1: mouseVisible = False
1211.7367 	EXP 	window1: mouseVisible = False
1211.7533 	EXP 	window1: mouseVisible = False
1211.7702 	EXP 	window1: mouseVisible = False
1211.7867 	EXP 	window1: mouseVisible = False
1211.8035 	EXP 	window1: mouseVisible = False
1211.8200 	EXP 	window1: mouseVisible = False
1211.8368 	EXP 	window1: mouseVisible = False
1211.8535 	EXP 	window1: mouseVisible = False
1211.8700 	EXP 	window1: mouseVisible = False
1211.8866 	EXP 	window1: mouseVisible = False
1211.9032 	EXP 	window1: mouseVisible = False
1211.9200 	EXP 	window1: mouseVisible = False
1211.9366 	EXP 	window1: mouseVisible = False
1211.9533 	EXP 	window1: mouseVisible = False
1211.9699 	EXP 	window1: mouseVisible = False
1211.9867 	EXP 	window1: mouseVisible = False
1212.0032 	EXP 	window1: mouseVisible = False
1212.0199 	EXP 	window1: mouseVisible = False
1212.0367 	EXP 	window1: mouseVisible = False
1212.0532 	EXP 	window1: mouseVisible = False
1212.0699 	EXP 	window1: mouseVisible = False
1212.0866 	EXP 	window1: mouseVisible = False
1212.1033 	EXP 	window1: mouseVisible = False
1212.1199 	EXP 	window1: mouseVisible = False
1212.1367 	EXP 	window1: mouseVisible = False
1212.1533 	EXP 	window1: mouseVisible = False
1212.1699 	EXP 	window1: mouseVisible = False
1212.1866 	EXP 	window1: mouseVisible = False
1212.2033 	EXP 	window1: mouseVisible = False
1212.2199 	EXP 	window1: mouseVisible = False
1212.2367 	EXP 	window1: mouseVisible = False
1212.2535 	EXP 	window1: mouseVisible = False
1212.2700 	EXP 	window1: mouseVisible = False
1212.2866 	EXP 	window1: mouseVisible = False
1212.3033 	EXP 	window1: mouseVisible = False
1212.3200 	EXP 	window1: mouseVisible = False
1212.3367 	EXP 	window1: mouseVisible = False
1212.3532 	EXP 	window1: mouseVisible = False
1212.3700 	EXP 	window1: mouseVisible = False
1212.3866 	EXP 	window1: mouseVisible = False
1212.4033 	EXP 	window1: mouseVisible = False
1212.4199 	EXP 	window1: mouseVisible = False
1212.4367 	EXP 	window1: mouseVisible = False
1212.4532 	EXP 	window1: mouseVisible = False
1212.4700 	EXP 	window1: mouseVisible = False
1212.4866 	EXP 	window1: mouseVisible = False
1212.5033 	EXP 	window1: mouseVisible = False
1212.5200 	EXP 	window1: mouseVisible = False
1212.5366 	EXP 	window1: mouseVisible = False
1212.5533 	EXP 	window1: mouseVisible = False
1212.5700 	EXP 	window1: mouseVisible = False
1212.5865 	EXP 	window1: mouseVisible = False
1212.6033 	EXP 	window1: mouseVisible = False
1212.6200 	EXP 	window1: mouseVisible = False
1212.6368 	EXP 	window1: mouseVisible = False
1212.6532 	EXP 	window1: mouseVisible = False
1212.6700 	EXP 	window1: mouseVisible = False
1212.6866 	EXP 	window1: mouseVisible = False
1212.7032 	EXP 	window1: mouseVisible = False
1212.7199 	EXP 	window1: mouseVisible = False
1212.7370 	EXP 	window1: mouseVisible = False
1212.7533 	EXP 	window1: mouseVisible = False
1212.7700 	EXP 	window1: mouseVisible = False
1212.7866 	EXP 	window1: mouseVisible = False
1212.8033 	EXP 	window1: mouseVisible = False
1212.8199 	EXP 	window1: mouseVisible = False
1212.8366 	EXP 	window1: mouseVisible = False
1212.8533 	EXP 	window1: mouseVisible = False
1212.8699 	EXP 	window1: mouseVisible = False
1212.8866 	EXP 	window1: mouseVisible = False
1212.9033 	EXP 	window1: mouseVisible = False
1212.9199 	EXP 	window1: mouseVisible = False
1212.9366 	EXP 	window1: mouseVisible = False
1212.9533 	EXP 	window1: mouseVisible = False
1212.9700 	EXP 	window1: mouseVisible = False
1212.9866 	EXP 	window1: mouseVisible = False
1213.0033 	EXP 	window1: mouseVisible = False
1213.0201 	EXP 	window1: mouseVisible = False
1213.0367 	EXP 	window1: mouseVisible = False
1213.0533 	EXP 	window1: mouseVisible = False
1213.0699 	EXP 	window1: mouseVisible = False
1213.0866 	EXP 	window1: mouseVisible = False
1213.1032 	EXP 	window1: mouseVisible = False
1213.1201 	EXP 	window1: mouseVisible = False
1213.1367 	EXP 	window1: mouseVisible = False
1213.1533 	EXP 	window1: mouseVisible = False
1213.1699 	EXP 	window1: mouseVisible = False
1213.1866 	EXP 	window1: mouseVisible = False
1213.2033 	EXP 	window1: mouseVisible = False
1213.2199 	EXP 	window1: mouseVisible = False
1213.2367 	EXP 	window1: mouseVisible = False
1213.2532 	EXP 	window1: mouseVisible = False
1213.2700 	EXP 	window1: mouseVisible = False
1213.2866 	EXP 	window1: mouseVisible = False
1213.3033 	EXP 	window1: mouseVisible = False
1213.3199 	EXP 	window1: mouseVisible = False
1213.3365 	EXP 	window1: mouseVisible = False
1213.3533 	EXP 	window1: mouseVisible = False
1213.3699 	EXP 	window1: mouseVisible = False
1213.3866 	EXP 	window1: mouseVisible = False
1213.4032 	EXP 	window1: mouseVisible = False
1213.4200 	EXP 	window1: mouseVisible = False
1213.4365 	EXP 	window1: mouseVisible = False
1213.4532 	EXP 	window1: mouseVisible = False
1213.4700 	EXP 	window1: mouseVisible = False
1213.4866 	EXP 	window1: mouseVisible = False
1213.5033 	EXP 	window1: mouseVisible = False
1213.5199 	EXP 	window1: mouseVisible = False
1213.5367 	EXP 	window1: mouseVisible = False
1213.5532 	EXP 	window1: mouseVisible = False
1213.5698 	EXP 	window1: mouseVisible = False
1213.5870 	DATA 	Keypress: space
1213.6879 	EXP 	New trial (rep=12, index=0): None
1213.7019 	EXP 	main_text: autoDraw = True
1213.7019 	EXP 	confirm_text: autoDraw = True
1213.7019 	EXP 	ratingScale: autoDraw = False
1213.7019 	EXP 	main_text: autoDraw = False
1213.7019 	EXP 	confirm_text: autoDraw = False
1213.7019 	EXP 	text_2: autoDraw = True
1213.7019 	EXP 	croix: autoDraw = True
1218.7019 	EXP 	text_2: autoDraw = False
1218.7019 	EXP 	croix: autoDraw = False
1218.7019 	EXP 	text_2: autoDraw = False
1218.7019 	EXP 	croix: autoDraw = False
1218.7019 	EXP 	thermode_locali: autoDraw = True
1230.6858 	EXP 	window1: mouseVisible = True
1230.6867 	EXP 	Created unnamed Rect = Rect(__class__=<class 'psychopy.visual.rect.Rect'>, anchor=('center', 'center'), autoDraw=False, autoLog=True, closeShape=True, color=method-wrapper(...), colorSpace='rgb', contrast=None, depth=0, draggable=False, fillColor=array([1, 1, 1]), fillColorSpace='rgb', fillRGB=array([1, 1, 1]), interpolate=True, lineColor=array([1., 1., 1.]), lineColorSpace='rgb', lineRGB=array([1, 1, 1]), lineWidth=1.5, name='unnamed Rect', opacity=1.0, ori=0.0, pos=array([0., 0.]), size=array([0.01, 0.1 ]), units='norm', vertices=ndarray(...), win=Window(...))
1230.6867 	EXP 	window1: mouseVisible = True
1230.6869 	EXP 	window1: mouseVisible = True
1230.6878 	EXP 	window1: mouseVisible = True
1230.6889 	EXP 	window1: mouseVisible = True
1230.6900 	EXP 	window1: mouseVisible = True
1230.6902 	EXP 	window1: mouseVisible = True
1230.6903 	EXP 	window1: mouseVisible = True
1230.6905 	EXP 	window1: mouseVisible = True
1230.6906 	EXP 	window1: mouseVisible = True
1230.6908 	EXP 	window1: mouseVisible = True
1230.6909 	EXP 	window1: mouseVisible = True
1230.6910 	EXP 	window1: mouseVisible = True
1230.6912 	EXP 	window1: mouseVisible = True
1230.6913 	EXP 	window1: mouseVisible = True
1230.6914 	EXP 	window1: mouseVisible = True
1230.6916 	EXP 	window1: mouseVisible = True
1230.6917 	EXP 	window1: mouseVisible = True
1230.6918 	EXP 	window1: mouseVisible = True
1230.6919 	EXP 	window1: mouseVisible = True
1230.6921 	EXP 	window1: mouseVisible = True
1230.6922 	EXP 	window1: mouseVisible = True
1230.6923 	EXP 	window1: mouseVisible = True
1230.6925 	EXP 	window1: mouseVisible = True
1230.6927 	EXP 	window1: mouseVisible = True
1230.6928 	EXP 	window1: mouseVisible = True
1230.6929 	EXP 	window1: mouseVisible = True
1230.6931 	EXP 	window1: mouseVisible = True
1230.6932 	EXP 	window1: mouseVisible = True
1230.6933 	EXP 	window1: mouseVisible = True
1230.6935 	EXP 	window1: mouseVisible = True
1230.6936 	EXP 	window1: mouseVisible = True
1230.6937 	EXP 	window1: mouseVisible = True
1230.6939 	EXP 	window1: mouseVisible = True
1230.6940 	EXP 	window1: mouseVisible = True
1230.6941 	EXP 	window1: mouseVisible = True
1230.6942 	EXP 	window1: mouseVisible = True
1230.6944 	EXP 	window1: mouseVisible = True
1230.6945 	EXP 	window1: mouseVisible = True
1230.6946 	EXP 	window1: mouseVisible = True
1230.6947 	EXP 	window1: mouseVisible = True
1230.6949 	EXP 	window1: mouseVisible = True
1230.6950 	EXP 	window1: mouseVisible = True
1230.6951 	EXP 	window1: mouseVisible = True
1230.6952 	EXP 	window1: mouseVisible = True
1230.6954 	EXP 	window1: mouseVisible = True
1230.6955 	EXP 	window1: mouseVisible = True
1230.6956 	EXP 	window1: mouseVisible = True
1230.6958 	EXP 	window1: mouseVisible = True
1230.6959 	EXP 	window1: mouseVisible = True
1230.6960 	EXP 	window1: mouseVisible = True
1230.6961 	EXP 	window1: mouseVisible = True
1230.6963 	EXP 	window1: mouseVisible = True
1230.6964 	EXP 	window1: mouseVisible = True
1230.6966 	EXP 	window1: mouseVisible = True
1230.6967 	EXP 	window1: mouseVisible = True
1230.6968 	EXP 	window1: mouseVisible = True
1230.6970 	EXP 	window1: mouseVisible = True
1230.6971 	EXP 	window1: mouseVisible = True
1230.6972 	EXP 	window1: mouseVisible = True
1230.6974 	EXP 	window1: mouseVisible = True
1230.6975 	EXP 	window1: mouseVisible = True
1230.6976 	EXP 	window1: mouseVisible = True
1230.6977 	EXP 	window1: mouseVisible = True
1230.6979 	EXP 	window1: mouseVisible = True
1230.6980 	EXP 	window1: mouseVisible = True
1230.6981 	EXP 	window1: mouseVisible = True
1230.6982 	EXP 	window1: mouseVisible = True
1230.6984 	EXP 	window1: mouseVisible = True
1230.6985 	EXP 	window1: mouseVisible = True
1230.6986 	EXP 	window1: mouseVisible = True
1230.6988 	EXP 	window1: mouseVisible = True
1230.6989 	EXP 	window1: mouseVisible = True
1230.6990 	EXP 	window1: mouseVisible = True
1230.6991 	EXP 	window1: mouseVisible = True
1230.6993 	EXP 	window1: mouseVisible = True
1230.6994 	EXP 	window1: mouseVisible = True
1230.6995 	EXP 	window1: mouseVisible = True
1230.6996 	EXP 	window1: mouseVisible = True
1230.6998 	EXP 	window1: mouseVisible = True
1230.6999 	EXP 	window1: mouseVisible = True
1230.7000 	EXP 	window1: mouseVisible = True
1230.7001 	EXP 	window1: mouseVisible = True
1230.7003 	EXP 	window1: mouseVisible = True
1230.7004 	EXP 	window1: mouseVisible = True
1230.7006 	EXP 	window1: mouseVisible = True
1230.7007 	EXP 	window1: mouseVisible = True
1230.7008 	EXP 	window1: mouseVisible = True
1230.7010 	EXP 	window1: mouseVisible = True
1230.7011 	EXP 	window1: mouseVisible = True
1230.7012 	EXP 	window1: mouseVisible = True
1230.7014 	EXP 	window1: mouseVisible = True
1230.7015 	EXP 	window1: mouseVisible = True
1230.7017 	EXP 	window1: mouseVisible = True
1230.7018 	EXP 	window1: mouseVisible = True
1230.7019 	EXP 	window1: mouseVisible = True
1230.7021 	EXP 	window1: mouseVisible = True
1230.7022 	EXP 	window1: mouseVisible = True
1230.7023 	EXP 	window1: mouseVisible = True
1230.7024 	EXP 	window1: mouseVisible = True
1230.7026 	EXP 	window1: mouseVisible = True
1230.7027 	EXP 	window1: mouseVisible = True
1230.7028 	EXP 	window1: mouseVisible = True
1230.7030 	EXP 	window1: mouseVisible = True
1230.7031 	EXP 	window1: mouseVisible = True
1230.7052 	EXP 	Created ratingScale = RatingScale(__class__=type(...), acceptKeys=['return'], acceptPreText=UNKNOWN, acceptSize=UNKNOWN, acceptText=UNKNOWN, autoLog=True, choices=False, colorSpace='rgb', depth=0, disappear=False, flipVert=False, high=100, kwargs=UNKNOWN, labels=list(...), leftKeys=['left'], lineColor=(255, 255, 255), low=0, marker=Rect(...), markerColor=(255, 255, 255), markerExpansion=UNKNOWN, markerStart=0.5, maxTime=0.0, minTime=0.4, mouseOnly=False, name='ratingScale', noMouse=False, pos=[0.0, 0.0], precision=100, respKeys=[], rightKeys=['right'], scale=None, self=UNKNOWN, showAccept=False, showValue=False, singleClick=False, size=0.6, skipKeys=['tab'], stretch=2.0, textColor='white', textFont='Helvetica Bold', textSize=0.144, tickHeight=0, tickMarks=10.0, win=Window(...))
1230.7052 	EXP 	RatingScale ratingScale: reset()
1230.7072 	EXP 	window1: mouseVisible = False
1230.7186 	EXP 	thermode_locali: autoDraw = False
1230.7186 	EXP 	thermode_locali: autoDraw = False
1230.7186 	EXP 	ratingScale: flipVert = False
1230.7186 	EXP 	ratingScale: autoLog = True
1230.7202 	EXP 	window1: mouseVisible = False
1230.7368 	EXP 	window1: mouseVisible = False
1230.7534 	EXP 	window1: mouseVisible = False
1230.7701 	EXP 	window1: mouseVisible = False
1230.7867 	EXP 	window1: mouseVisible = False
1230.8034 	EXP 	window1: mouseVisible = False
1230.8201 	EXP 	window1: mouseVisible = False
1230.8367 	EXP 	window1: mouseVisible = False
1230.8534 	EXP 	window1: mouseVisible = False
1230.8701 	EXP 	window1: mouseVisible = False
1230.8867 	EXP 	window1: mouseVisible = False
1230.9034 	EXP 	window1: mouseVisible = False
1230.9201 	EXP 	window1: mouseVisible = False
1230.9368 	EXP 	window1: mouseVisible = False
1230.9534 	EXP 	window1: mouseVisible = False
1230.9701 	EXP 	window1: mouseVisible = False
1230.9868 	EXP 	window1: mouseVisible = False
1231.0034 	EXP 	window1: mouseVisible = False
1231.0201 	EXP 	window1: mouseVisible = False
1231.0368 	EXP 	window1: mouseVisible = False
1231.0534 	EXP 	window1: mouseVisible = False
1231.0697 	DATA 	Keypress: n
1231.0703 	EXP 	window1: mouseVisible = False
1231.0868 	EXP 	window1: mouseVisible = False
1231.1035 	EXP 	window1: mouseVisible = False
1231.1201 	EXP 	window1: mouseVisible = False
1231.1367 	EXP 	window1: mouseVisible = False
1231.1534 	EXP 	window1: mouseVisible = False
1231.1701 	EXP 	window1: mouseVisible = False
1231.1868 	EXP 	window1: mouseVisible = False
1231.2034 	EXP 	window1: mouseVisible = False
1231.2201 	EXP 	window1: mouseVisible = False
1231.2369 	EXP 	window1: mouseVisible = False
1231.2534 	EXP 	window1: mouseVisible = False
1231.2701 	EXP 	window1: mouseVisible = False
1231.2867 	EXP 	window1: mouseVisible = False
1231.3034 	EXP 	window1: mouseVisible = False
1231.3201 	EXP 	window1: mouseVisible = False
1231.3367 	EXP 	window1: mouseVisible = False
1231.3534 	EXP 	window1: mouseVisible = False
1231.3701 	EXP 	window1: mouseVisible = False
1231.3867 	EXP 	window1: mouseVisible = False
1231.4036 	EXP 	window1: mouseVisible = False
1231.4201 	EXP 	window1: mouseVisible = False
1231.4367 	EXP 	window1: mouseVisible = False
1231.4536 	EXP 	window1: mouseVisible = False
1231.4702 	EXP 	window1: mouseVisible = False
1231.4867 	EXP 	window1: mouseVisible = False
1231.5036 	EXP 	window1: mouseVisible = False
1231.5204 	EXP 	window1: mouseVisible = False
1231.5369 	EXP 	window1: mouseVisible = False
1231.5535 	EXP 	window1: mouseVisible = False
1231.5702 	EXP 	window1: mouseVisible = False
1231.5868 	EXP 	window1: mouseVisible = False
1231.6037 	EXP 	window1: mouseVisible = False
1231.6201 	EXP 	window1: mouseVisible = False
1231.6368 	EXP 	window1: mouseVisible = False
1231.6535 	EXP 	window1: mouseVisible = False
1231.6701 	EXP 	window1: mouseVisible = False
1231.6868 	EXP 	window1: mouseVisible = False
1231.7035 	EXP 	window1: mouseVisible = False
1231.7202 	EXP 	window1: mouseVisible = False
1231.7367 	EXP 	window1: mouseVisible = False
1231.7535 	EXP 	window1: mouseVisible = False
1231.7701 	EXP 	window1: mouseVisible = False
1231.7868 	EXP 	window1: mouseVisible = False
1231.8034 	EXP 	window1: mouseVisible = False
1231.8206 	EXP 	window1: mouseVisible = False
1231.8369 	EXP 	window1: mouseVisible = False
1231.8536 	EXP 	window1: mouseVisible = False
1231.8703 	EXP 	window1: mouseVisible = False
1231.8868 	EXP 	window1: mouseVisible = False
1231.9036 	EXP 	window1: mouseVisible = False
1231.9202 	EXP 	window1: mouseVisible = False
1231.9369 	EXP 	window1: mouseVisible = False
1231.9535 	EXP 	window1: mouseVisible = False
1231.9706 	EXP 	window1: mouseVisible = False
1231.9868 	EXP 	window1: mouseVisible = False
1232.0035 	EXP 	window1: mouseVisible = False
1232.0201 	EXP 	window1: mouseVisible = False
1232.0367 	EXP 	window1: mouseVisible = False
1232.0535 	EXP 	window1: mouseVisible = False
1232.0701 	EXP 	window1: mouseVisible = False
1232.0868 	EXP 	window1: mouseVisible = False
1232.1034 	EXP 	window1: mouseVisible = False
1232.1202 	EXP 	window1: mouseVisible = False
1232.1367 	EXP 	window1: mouseVisible = False
1232.1535 	EXP 	window1: mouseVisible = False
1232.1705 	EXP 	window1: mouseVisible = False
1232.1868 	EXP 	window1: mouseVisible = False
1232.2035 	EXP 	window1: mouseVisible = False
1232.2201 	EXP 	window1: mouseVisible = False
1232.2383 	EXP 	window1: mouseVisible = False
1232.2535 	EXP 	window1: mouseVisible = False
1232.2703 	EXP 	window1: mouseVisible = False
1232.2869 	EXP 	window1: mouseVisible = False
1232.3037 	EXP 	window1: mouseVisible = False
1232.3203 	EXP 	window1: mouseVisible = False
1232.3370 	EXP 	window1: mouseVisible = False
1232.3534 	EXP 	window1: mouseVisible = False
1232.3701 	EXP 	window1: mouseVisible = False
1232.3868 	EXP 	window1: mouseVisible = False
1232.4035 	EXP 	window1: mouseVisible = False
1232.4201 	EXP 	window1: mouseVisible = False
1232.4368 	EXP 	window1: mouseVisible = False
1232.4534 	EXP 	window1: mouseVisible = False
1232.4705 	EXP 	window1: mouseVisible = False
1232.4868 	EXP 	window1: mouseVisible = False
1232.5035 	EXP 	window1: mouseVisible = False
1232.5201 	EXP 	window1: mouseVisible = False
1232.5368 	EXP 	window1: mouseVisible = False
1232.5534 	EXP 	window1: mouseVisible = False
1232.5702 	EXP 	window1: mouseVisible = False
1232.5868 	EXP 	window1: mouseVisible = False
1232.6035 	EXP 	window1: mouseVisible = False
1232.6201 	EXP 	window1: mouseVisible = False
1232.6369 	EXP 	window1: mouseVisible = False
1232.6534 	EXP 	window1: mouseVisible = False
1232.6702 	EXP 	window1: mouseVisible = False
1232.6868 	EXP 	window1: mouseVisible = False
1232.7035 	EXP 	window1: mouseVisible = False
1232.7203 	EXP 	window1: mouseVisible = False
1232.7369 	EXP 	window1: mouseVisible = False
1232.7534 	EXP 	window1: mouseVisible = False
1232.7701 	EXP 	window1: mouseVisible = False
1232.7867 	EXP 	window1: mouseVisible = False
1232.8036 	EXP 	window1: mouseVisible = False
1232.8201 	EXP 	window1: mouseVisible = False
1232.8369 	EXP 	window1: mouseVisible = False
1232.8534 	EXP 	window1: mouseVisible = False
1232.8702 	EXP 	window1: mouseVisible = False
1232.8868 	EXP 	window1: mouseVisible = False
1232.9035 	EXP 	window1: mouseVisible = False
1232.9202 	EXP 	window1: mouseVisible = False
1232.9367 	EXP 	window1: mouseVisible = False
1232.9534 	EXP 	window1: mouseVisible = False
1232.9701 	EXP 	window1: mouseVisible = False
1232.9867 	EXP 	window1: mouseVisible = False
1233.0034 	EXP 	window1: mouseVisible = False
1233.0201 	EXP 	window1: mouseVisible = False
1233.0368 	EXP 	window1: mouseVisible = False
1233.0534 	EXP 	window1: mouseVisible = False
1233.0702 	EXP 	window1: mouseVisible = False
1233.0868 	EXP 	window1: mouseVisible = False
1233.1035 	EXP 	window1: mouseVisible = False
1233.1201 	EXP 	window1: mouseVisible = False
1233.1367 	EXP 	window1: mouseVisible = False
1233.1537 	DATA 	Keypress: space
1233.2545 	EXP 	New trial (rep=13, index=0): None
1233.2687 	EXP 	main_text: autoDraw = True
1233.2687 	EXP 	confirm_text: autoDraw = True
1233.2687 	EXP 	ratingScale: autoDraw = False
1233.2687 	EXP 	main_text: autoDraw = False
1233.2687 	EXP 	confirm_text: autoDraw = False
1233.2687 	EXP 	text_2: autoDraw = True
1233.2687 	EXP 	croix: autoDraw = True
1238.2687 	EXP 	text_2: autoDraw = False
1238.2687 	EXP 	croix: autoDraw = False
1238.2687 	EXP 	text_2: autoDraw = False
1238.2687 	EXP 	croix: autoDraw = False
1238.2687 	EXP 	thermode_locali: autoDraw = True
1250.2528 	EXP 	window1: mouseVisible = True
1250.2536 	EXP 	Created unnamed Rect = Rect(__class__=<class 'psychopy.visual.rect.Rect'>, anchor=('center', 'center'), autoDraw=False, autoLog=True, closeShape=True, color=method-wrapper(...), colorSpace='rgb', contrast=None, depth=0, draggable=False, fillColor=array([1, 1, 1]), fillColorSpace='rgb', fillRGB=array([1, 1, 1]), interpolate=True, lineColor=array([1., 1., 1.]), lineColorSpace='rgb', lineRGB=array([1, 1, 1]), lineWidth=1.5, name='unnamed Rect', opacity=1.0, ori=0.0, pos=array([0., 0.]), size=array([0.01, 0.1 ]), units='norm', vertices=ndarray(...), win=Window(...))
1250.2537 	EXP 	window1: mouseVisible = True
1250.2538 	EXP 	window1: mouseVisible = True
1250.2542 	EXP 	window1: mouseVisible = True
1250.2555 	EXP 	window1: mouseVisible = True
1250.2566 	EXP 	window1: mouseVisible = True
1250.2568 	EXP 	window1: mouseVisible = True
1250.2569 	EXP 	window1: mouseVisible = True
1250.2571 	EXP 	window1: mouseVisible = True
1250.2572 	EXP 	window1: mouseVisible = True
1250.2574 	EXP 	window1: mouseVisible = True
1250.2575 	EXP 	window1: mouseVisible = True
1250.2576 	EXP 	window1: mouseVisible = True
1250.2578 	EXP 	window1: mouseVisible = True
1250.2579 	EXP 	window1: mouseVisible = True
1250.2580 	EXP 	window1: mouseVisible = True
1250.2582 	EXP 	window1: mouseVisible = True
1250.2583 	EXP 	window1: mouseVisible = True
1250.2584 	EXP 	window1: mouseVisible = True
1250.2585 	EXP 	window1: mouseVisible = True
1250.2587 	EXP 	window1: mouseVisible = True
1250.2588 	EXP 	window1: mouseVisible = True
1250.2589 	EXP 	window1: mouseVisible = True
1250.2590 	EXP 	window1: mouseVisible = True
1250.2592 	EXP 	window1: mouseVisible = True
1250.2593 	EXP 	window1: mouseVisible = True
1250.2594 	EXP 	window1: mouseVisible = True
1250.2595 	EXP 	window1: mouseVisible = True
1250.2597 	EXP 	window1: mouseVisible = True
1250.2598 	EXP 	window1: mouseVisible = True
1250.2600 	EXP 	window1: mouseVisible = True
1250.2601 	EXP 	window1: mouseVisible = True
1250.2602 	EXP 	window1: mouseVisible = True
1250.2604 	EXP 	window1: mouseVisible = True
1250.2605 	EXP 	window1: mouseVisible = True
1250.2606 	EXP 	window1: mouseVisible = True
1250.2607 	EXP 	window1: mouseVisible = True
1250.2609 	EXP 	window1: mouseVisible = True
1250.2610 	EXP 	window1: mouseVisible = True
1250.2611 	EXP 	window1: mouseVisible = True
1250.2613 	EXP 	window1: mouseVisible = True
1250.2614 	EXP 	window1: mouseVisible = True
1250.2615 	EXP 	window1: mouseVisible = True
1250.2616 	EXP 	window1: mouseVisible = True
1250.2618 	EXP 	window1: mouseVisible = True
1250.2619 	EXP 	window1: mouseVisible = True
1250.2620 	EXP 	window1: mouseVisible = True
1250.2621 	EXP 	window1: mouseVisible = True
1250.2623 	EXP 	window1: mouseVisible = True
1250.2624 	EXP 	window1: mouseVisible = True
1250.2625 	EXP 	window1: mouseVisible = True
1250.2626 	EXP 	window1: mouseVisible = True
1250.2628 	EXP 	window1: mouseVisible = True
1250.2629 	EXP 	window1: mouseVisible = True
1250.2631 	EXP 	window1: mouseVisible = True
1250.2634 	EXP 	window1: mouseVisible = True
1250.2636 	EXP 	window1: mouseVisible = True
1250.2638 	EXP 	window1: mouseVisible = True
1250.2640 	EXP 	window1: mouseVisible = True
1250.2642 	EXP 	window1: mouseVisible = True
1250.2644 	EXP 	window1: mouseVisible = True
1250.2647 	EXP 	window1: mouseVisible = True
1250.2649 	EXP 	window1: mouseVisible = True
1250.2650 	EXP 	window1: mouseVisible = True
1250.2652 	EXP 	window1: mouseVisible = True
1250.2653 	EXP 	window1: mouseVisible = True
1250.2654 	EXP 	window1: mouseVisible = True
1250.2655 	EXP 	window1: mouseVisible = True
1250.2657 	EXP 	window1: mouseVisible = True
1250.2658 	EXP 	window1: mouseVisible = True
1250.2659 	EXP 	window1: mouseVisible = True
1250.2661 	EXP 	window1: mouseVisible = True
1250.2662 	EXP 	window1: mouseVisible = True
1250.2663 	EXP 	window1: mouseVisible = True
1250.2664 	EXP 	window1: mouseVisible = True
1250.2666 	EXP 	window1: mouseVisible = True
1250.2667 	EXP 	window1: mouseVisible = True
1250.2668 	EXP 	window1: mouseVisible = True
1250.2670 	EXP 	window1: mouseVisible = True
1250.2671 	EXP 	window1: mouseVisible = True
1250.2672 	EXP 	window1: mouseVisible = True
1250.2673 	EXP 	window1: mouseVisible = True
1250.2675 	EXP 	window1: mouseVisible = True
1250.2676 	EXP 	window1: mouseVisible = True
1250.2677 	EXP 	window1: mouseVisible = True
1250.2678 	EXP 	window1: mouseVisible = True
1250.2680 	EXP 	window1: mouseVisible = True
1250.2681 	EXP 	window1: mouseVisible = True
1250.2682 	EXP 	window1: mouseVisible = True
1250.2683 	EXP 	window1: mouseVisible = True
1250.2685 	EXP 	window1: mouseVisible = True
1250.2686 	EXP 	window1: mouseVisible = True
1250.2688 	EXP 	window1: mouseVisible = True
1250.2689 	EXP 	window1: mouseVisible = True
1250.2690 	EXP 	window1: mouseVisible = True
1250.2691 	EXP 	window1: mouseVisible = True
1250.2693 	EXP 	window1: mouseVisible = True
1250.2694 	EXP 	window1: mouseVisible = True
1250.2695 	EXP 	window1: mouseVisible = True
1250.2696 	EXP 	window1: mouseVisible = True
1250.2698 	EXP 	window1: mouseVisible = True
1250.2699 	EXP 	window1: mouseVisible = True
1250.2700 	EXP 	window1: mouseVisible = True
1250.2702 	EXP 	window1: mouseVisible = True
1250.2703 	EXP 	window1: mouseVisible = True
1250.2727 	EXP 	Created ratingScale = RatingScale(__class__=type(...), acceptKeys=['return'], acceptPreText=UNKNOWN, acceptSize=UNKNOWN, acceptText=UNKNOWN, autoLog=True, choices=False, colorSpace='rgb', depth=0, disappear=False, flipVert=False, high=100, kwargs=UNKNOWN, labels=list(...), leftKeys=['left'], lineColor=(255, 255, 255), low=0, marker=Rect(...), markerColor=(255, 255, 255), markerExpansion=UNKNOWN, markerStart=0.5, maxTime=0.0, minTime=0.4, mouseOnly=False, name='ratingScale', noMouse=False, pos=[0.0, 0.0], precision=100, respKeys=[], rightKeys=['right'], scale=None, self=UNKNOWN, showAccept=False, showValue=False, singleClick=False, size=0.6, skipKeys=['tab'], stretch=2.0, textColor='white', textFont='Helvetica Bold', textSize=0.144, tickHeight=0, tickMarks=10.0, win=Window(...))
1250.2727 	EXP 	RatingScale ratingScale: reset()
1250.2747 	EXP 	window1: mouseVisible = False
1250.2855 	EXP 	thermode_locali: autoDraw = False
1250.2855 	EXP 	thermode_locali: autoDraw = False
1250.2855 	EXP 	ratingScale: flipVert = False
1250.2855 	EXP 	ratingScale: autoLog = True
1250.2870 	EXP 	window1: mouseVisible = False
1250.3036 	EXP 	window1: mouseVisible = False
1250.3203 	EXP 	window1: mouseVisible = False
1250.3370 	EXP 	window1: mouseVisible = False
1250.3536 	EXP 	window1: mouseVisible = False
1250.3703 	EXP 	window1: mouseVisible = False
1250.3870 	EXP 	window1: mouseVisible = False
1250.4038 	EXP 	window1: mouseVisible = False
1250.4203 	EXP 	window1: mouseVisible = False
1250.4371 	EXP 	window1: mouseVisible = False
1250.4537 	EXP 	window1: mouseVisible = False
1250.4704 	EXP 	window1: mouseVisible = False
1250.4870 	EXP 	window1: mouseVisible = False
1250.5037 	EXP 	window1: mouseVisible = False
1250.5204 	EXP 	window1: mouseVisible = False
1250.5370 	EXP 	window1: mouseVisible = False
1250.5536 	EXP 	window1: mouseVisible = False
1250.5703 	EXP 	window1: mouseVisible = False
1250.5872 	EXP 	window1: mouseVisible = False
1250.6037 	EXP 	window1: mouseVisible = False
1250.6204 	EXP 	window1: mouseVisible = False
1250.6371 	EXP 	window1: mouseVisible = False
1250.6538 	EXP 	window1: mouseVisible = False
1250.6704 	EXP 	window1: mouseVisible = False
1250.6871 	EXP 	window1: mouseVisible = False
1250.7038 	EXP 	window1: mouseVisible = False
1250.7204 	EXP 	window1: mouseVisible = False
1250.7372 	EXP 	window1: mouseVisible = False
1250.7538 	EXP 	window1: mouseVisible = False
1250.7704 	EXP 	window1: mouseVisible = False
1250.7871 	EXP 	window1: mouseVisible = False
1250.8038 	EXP 	window1: mouseVisible = False
1250.8204 	EXP 	window1: mouseVisible = False
1250.8373 	EXP 	window1: mouseVisible = False
1250.8539 	EXP 	window1: mouseVisible = False
1250.8705 	EXP 	window1: mouseVisible = False
1250.8871 	EXP 	window1: mouseVisible = False
1250.9039 	EXP 	window1: mouseVisible = False
1250.9206 	EXP 	window1: mouseVisible = False
1250.9367 	DATA 	Keypress: m
1250.9373 	EXP 	window1: mouseVisible = False
1250.9538 	EXP 	window1: mouseVisible = False
1250.9704 	EXP 	window1: mouseVisible = False
1250.9871 	EXP 	window1: mouseVisible = False
1251.0039 	EXP 	window1: mouseVisible = False
1251.0205 	EXP 	window1: mouseVisible = False
1251.0371 	EXP 	window1: mouseVisible = False
1251.0538 	EXP 	window1: mouseVisible = False
1251.0705 	EXP 	window1: mouseVisible = False
1251.0871 	EXP 	window1: mouseVisible = False
1251.1039 	EXP 	window1: mouseVisible = False
1251.1206 	EXP 	window1: mouseVisible = False
1251.1371 	EXP 	window1: mouseVisible = False
1251.1537 	EXP 	window1: mouseVisible = False
1251.1704 	EXP 	window1: mouseVisible = False
1251.1871 	EXP 	window1: mouseVisible = False
1251.2038 	EXP 	window1: mouseVisible = False
1251.2204 	EXP 	window1: mouseVisible = False
1251.2371 	EXP 	window1: mouseVisible = False
1251.2537 	EXP 	window1: mouseVisible = False
1251.2704 	EXP 	window1: mouseVisible = False
1251.2871 	EXP 	window1: mouseVisible = False
1251.3039 	EXP 	window1: mouseVisible = False
1251.3205 	EXP 	window1: mouseVisible = False
1251.3371 	EXP 	window1: mouseVisible = False
1251.3537 	EXP 	window1: mouseVisible = False
1251.3705 	EXP 	window1: mouseVisible = False
1251.3871 	EXP 	window1: mouseVisible = False
1251.4038 	EXP 	window1: mouseVisible = False
1251.4204 	EXP 	window1: mouseVisible = False
1251.4371 	EXP 	window1: mouseVisible = False
1251.4540 	EXP 	window1: mouseVisible = False
1251.4705 	EXP 	window1: mouseVisible = False
1251.4871 	EXP 	window1: mouseVisible = False
1251.5038 	EXP 	window1: mouseVisible = False
1251.5205 	EXP 	window1: mouseVisible = False
1251.5370 	EXP 	window1: mouseVisible = False
1251.5539 	EXP 	window1: mouseVisible = False
1251.5705 	EXP 	window1: mouseVisible = False
1251.5871 	EXP 	window1: mouseVisible = False
1251.6038 	EXP 	window1: mouseVisible = False
1251.6215 	EXP 	window1: mouseVisible = False
1251.6373 	EXP 	window1: mouseVisible = False
1251.6538 	EXP 	window1: mouseVisible = False
1251.6705 	EXP 	window1: mouseVisible = False
1251.6871 	EXP 	window1: mouseVisible = False
1251.7039 	EXP 	window1: mouseVisible = False
1251.7205 	EXP 	window1: mouseVisible = False
1251.7372 	EXP 	window1: mouseVisible = False
1251.7538 	EXP 	window1: mouseVisible = False
1251.7705 	EXP 	window1: mouseVisible = False
1251.7871 	EXP 	window1: mouseVisible = False
1251.8038 	EXP 	window1: mouseVisible = False
1251.8204 	EXP 	window1: mouseVisible = False
1251.8373 	EXP 	window1: mouseVisible = False
1251.8539 	EXP 	window1: mouseVisible = False
1251.8706 	EXP 	window1: mouseVisible = False
1251.8873 	EXP 	window1: mouseVisible = False
1251.9039 	EXP 	window1: mouseVisible = False
1251.9207 	EXP 	window1: mouseVisible = False
1251.9372 	EXP 	window1: mouseVisible = False
1251.9538 	EXP 	window1: mouseVisible = False
1251.9706 	EXP 	window1: mouseVisible = False
1251.9871 	EXP 	window1: mouseVisible = False
1252.0039 	EXP 	window1: mouseVisible = False
1252.0205 	EXP 	window1: mouseVisible = False
1252.0371 	EXP 	window1: mouseVisible = False
1252.0538 	EXP 	window1: mouseVisible = False
1252.0704 	EXP 	window1: mouseVisible = False
1252.0871 	EXP 	window1: mouseVisible = False
1252.1039 	EXP 	window1: mouseVisible = False
1252.1205 	EXP 	window1: mouseVisible = False
1252.1374 	EXP 	window1: mouseVisible = False
1252.1538 	EXP 	window1: mouseVisible = False
1252.1704 	EXP 	window1: mouseVisible = False
1252.1871 	EXP 	window1: mouseVisible = False
1252.2038 	EXP 	window1: mouseVisible = False
1252.2204 	EXP 	window1: mouseVisible = False
1252.2371 	EXP 	window1: mouseVisible = False
1252.2538 	EXP 	window1: mouseVisible = False
1252.2701 	DATA 	Keypress: n
1252.2707 	EXP 	window1: mouseVisible = False
1252.2871 	EXP 	window1: mouseVisible = False
1252.3038 	EXP 	window1: mouseVisible = False
1252.3204 	EXP 	window1: mouseVisible = False
1252.3371 	EXP 	window1: mouseVisible = False
1252.3538 	EXP 	window1: mouseVisible = False
1252.3705 	EXP 	window1: mouseVisible = False
1252.3871 	EXP 	window1: mouseVisible = False
1252.4038 	EXP 	window1: mouseVisible = False
1252.4205 	EXP 	window1: mouseVisible = False
1252.4371 	EXP 	window1: mouseVisible = False
1252.4538 	EXP 	window1: mouseVisible = False
1252.4705 	EXP 	window1: mouseVisible = False
1252.4871 	EXP 	window1: mouseVisible = False
1252.5039 	EXP 	window1: mouseVisible = False
1252.5205 	EXP 	window1: mouseVisible = False
1252.5374 	EXP 	window1: mouseVisible = False
1252.5538 	EXP 	window1: mouseVisible = False
1252.5704 	EXP 	window1: mouseVisible = False
1252.5871 	EXP 	window1: mouseVisible = False
1252.6038 	EXP 	window1: mouseVisible = False
1252.6204 	EXP 	window1: mouseVisible = False
1252.6372 	EXP 	window1: mouseVisible = False
1252.6538 	EXP 	window1: mouseVisible = False
1252.6704 	EXP 	window1: mouseVisible = False
1252.6872 	EXP 	window1: mouseVisible = False
1252.7038 	EXP 	window1: mouseVisible = False
1252.7205 	EXP 	window1: mouseVisible = False
1252.7372 	EXP 	window1: mouseVisible = False
1252.7538 	EXP 	window1: mouseVisible = False
1252.7705 	EXP 	window1: mouseVisible = False
1252.7871 	EXP 	window1: mouseVisible = False
1252.8038 	EXP 	window1: mouseVisible = False
1252.8205 	EXP 	window1: mouseVisible = False
1252.8371 	EXP 	window1: mouseVisible = False
1252.8538 	EXP 	window1: mouseVisible = False
1252.8704 	EXP 	window1: mouseVisible = False
1252.8871 	EXP 	window1: mouseVisible = False
1252.9038 	EXP 	window1: mouseVisible = False
1252.9204 	EXP 	window1: mouseVisible = False
1252.9371 	EXP 	window1: mouseVisible = False
1252.9533 	DATA 	Keypress: n
1252.9539 	EXP 	window1: mouseVisible = False
1252.9704 	EXP 	window1: mouseVisible = False
1252.9871 	EXP 	window1: mouseVisible = False
1253.0038 	EXP 	window1: mouseVisible = False
1253.0204 	EXP 	window1: mouseVisible = False
1253.0371 	EXP 	window1: mouseVisible = False
1253.0538 	EXP 	window1: mouseVisible = False
1253.0704 	EXP 	window1: mouseVisible = False
1253.0871 	EXP 	window1: mouseVisible = False
1253.1038 	EXP 	window1: mouseVisible = False
1253.1206 	EXP 	window1: mouseVisible = False
1253.1373 	EXP 	window1: mouseVisible = False
1253.1539 	EXP 	window1: mouseVisible = False
1253.1705 	EXP 	window1: mouseVisible = False
1253.1872 	EXP 	window1: mouseVisible = False
1253.2038 	EXP 	window1: mouseVisible = False
1253.2205 	EXP 	window1: mouseVisible = False
1253.2371 	EXP 	window1: mouseVisible = False
1253.2539 	EXP 	window1: mouseVisible = False
1253.2705 	EXP 	window1: mouseVisible = False
1253.2873 	EXP 	window1: mouseVisible = False
1253.3038 	EXP 	window1: mouseVisible = False
1253.3205 	EXP 	window1: mouseVisible = False
1253.3371 	EXP 	window1: mouseVisible = False
1253.3538 	EXP 	window1: mouseVisible = False
1253.3706 	EXP 	window1: mouseVisible = False
1253.3871 	EXP 	window1: mouseVisible = False
1253.4038 	EXP 	window1: mouseVisible = False
1253.4205 	EXP 	window1: mouseVisible = False
1253.4372 	EXP 	window1: mouseVisible = False
1253.4538 	EXP 	window1: mouseVisible = False
1253.4705 	EXP 	window1: mouseVisible = False
1253.4872 	EXP 	window1: mouseVisible = False
1253.5038 	EXP 	window1: mouseVisible = False
1253.5205 	EXP 	window1: mouseVisible = False
1253.5372 	EXP 	window1: mouseVisible = False
1253.5538 	EXP 	window1: mouseVisible = False
1253.5705 	EXP 	window1: mouseVisible = False
1253.5871 	EXP 	window1: mouseVisible = False
1253.6039 	EXP 	window1: mouseVisible = False
1253.6206 	EXP 	window1: mouseVisible = False
1253.6377 	DATA 	Keypress: space
1253.7393 	EXP 	New trial (rep=14, index=0): None
1253.7523 	EXP 	main_text: autoDraw = True
1253.7523 	EXP 	confirm_text: autoDraw = True
1253.7523 	EXP 	ratingScale: autoDraw = False
1253.7523 	EXP 	main_text: autoDraw = False
1253.7523 	EXP 	confirm_text: autoDraw = False
1253.7523 	EXP 	text_2: autoDraw = True
1253.7523 	EXP 	croix: autoDraw = True
1258.7524 	EXP 	text_2: autoDraw = False
1258.7524 	EXP 	croix: autoDraw = False
1258.7524 	EXP 	text_2: autoDraw = False
1258.7524 	EXP 	croix: autoDraw = False
1258.7524 	EXP 	thermode_locali: autoDraw = True
1270.7364 	EXP 	window1: mouseVisible = True
1270.7372 	EXP 	Created unnamed Rect = Rect(__class__=<class 'psychopy.visual.rect.Rect'>, anchor=('center', 'center'), autoDraw=False, autoLog=True, closeShape=True, color=method-wrapper(...), colorSpace='rgb', contrast=None, depth=0, draggable=False, fillColor=array([1, 1, 1]), fillColorSpace='rgb', fillRGB=array([1, 1, 1]), interpolate=True, lineColor=array([1., 1., 1.]), lineColorSpace='rgb', lineRGB=array([1, 1, 1]), lineWidth=1.5, name='unnamed Rect', opacity=1.0, ori=0.0, pos=array([0., 0.]), size=array([0.01, 0.1 ]), units='norm', vertices=ndarray(...), win=Window(...))
1270.7373 	EXP 	window1: mouseVisible = True
1270.7374 	EXP 	window1: mouseVisible = True
1270.7379 	EXP 	window1: mouseVisible = True
1270.7393 	EXP 	window1: mouseVisible = True
1270.7404 	EXP 	window1: mouseVisible = True
1270.7406 	EXP 	window1: mouseVisible = True
1270.7407 	EXP 	window1: mouseVisible = True
1270.7409 	EXP 	window1: mouseVisible = True
1270.7410 	EXP 	window1: mouseVisible = True
1270.7412 	EXP 	window1: mouseVisible = True
1270.7413 	EXP 	window1: mouseVisible = True
1270.7414 	EXP 	window1: mouseVisible = True
1270.7415 	EXP 	window1: mouseVisible = True
1270.7417 	EXP 	window1: mouseVisible = True
1270.7418 	EXP 	window1: mouseVisible = True
1270.7419 	EXP 	window1: mouseVisible = True
1270.7421 	EXP 	window1: mouseVisible = True
1270.7422 	EXP 	window1: mouseVisible = True
1270.7423 	EXP 	window1: mouseVisible = True
1270.7424 	EXP 	window1: mouseVisible = True
1270.7426 	EXP 	window1: mouseVisible = True
1270.7427 	EXP 	window1: mouseVisible = True
1270.7428 	EXP 	window1: mouseVisible = True
1270.7430 	EXP 	window1: mouseVisible = True
1270.7431 	EXP 	window1: mouseVisible = True
1270.7432 	EXP 	window1: mouseVisible = True
1270.7433 	EXP 	window1: mouseVisible = True
1270.7435 	EXP 	window1: mouseVisible = True
1270.7436 	EXP 	window1: mouseVisible = True
1270.7437 	EXP 	window1: mouseVisible = True
1270.7439 	EXP 	window1: mouseVisible = True
1270.7440 	EXP 	window1: mouseVisible = True
1270.7441 	EXP 	window1: mouseVisible = True
1270.7443 	EXP 	window1: mouseVisible = True
1270.7444 	EXP 	window1: mouseVisible = True
1270.7446 	EXP 	window1: mouseVisible = True
1270.7447 	EXP 	window1: mouseVisible = True
1270.7449 	EXP 	window1: mouseVisible = True
1270.7450 	EXP 	window1: mouseVisible = True
1270.7452 	EXP 	window1: mouseVisible = True
1270.7453 	EXP 	window1: mouseVisible = True
1270.7454 	EXP 	window1: mouseVisible = True
1270.7456 	EXP 	window1: mouseVisible = True
1270.7457 	EXP 	window1: mouseVisible = True
1270.7459 	EXP 	window1: mouseVisible = True
1270.7460 	EXP 	window1: mouseVisible = True
1270.7461 	EXP 	window1: mouseVisible = True
1270.7462 	EXP 	window1: mouseVisible = True
1270.7464 	EXP 	window1: mouseVisible = True
1270.7465 	EXP 	window1: mouseVisible = True
1270.7466 	EXP 	window1: mouseVisible = True
1270.7468 	EXP 	window1: mouseVisible = True
1270.7469 	EXP 	window1: mouseVisible = True
1270.7470 	EXP 	window1: mouseVisible = True
1270.7471 	EXP 	window1: mouseVisible = True
1270.7473 	EXP 	window1: mouseVisible = True
1270.7474 	EXP 	window1: mouseVisible = True
1270.7475 	EXP 	window1: mouseVisible = True
1270.7477 	EXP 	window1: mouseVisible = True
1270.7478 	EXP 	window1: mouseVisible = True
1270.7480 	EXP 	window1: mouseVisible = True
1270.7481 	EXP 	window1: mouseVisible = True
1270.7482 	EXP 	window1: mouseVisible = True
1270.7483 	EXP 	window1: mouseVisible = True
1270.7485 	EXP 	window1: mouseVisible = True
1270.7486 	EXP 	window1: mouseVisible = True
1270.7487 	EXP 	window1: mouseVisible = True
1270.7489 	EXP 	window1: mouseVisible = True
1270.7490 	EXP 	window1: mouseVisible = True
1270.7491 	EXP 	window1: mouseVisible = True
1270.7493 	EXP 	window1: mouseVisible = True
1270.7494 	EXP 	window1: mouseVisible = True
1270.7495 	EXP 	window1: mouseVisible = True
1270.7497 	EXP 	window1: mouseVisible = True
1270.7498 	EXP 	window1: mouseVisible = True
1270.7499 	EXP 	window1: mouseVisible = True
1270.7501 	EXP 	window1: mouseVisible = True
1270.7502 	EXP 	window1: mouseVisible = True
1270.7503 	EXP 	window1: mouseVisible = True
1270.7504 	EXP 	window1: mouseVisible = True
1270.7506 	EXP 	window1: mouseVisible = True
1270.7507 	EXP 	window1: mouseVisible = True
1270.7508 	EXP 	window1: mouseVisible = True
1270.7510 	EXP 	window1: mouseVisible = True
1270.7511 	EXP 	window1: mouseVisible = True
1270.7512 	EXP 	window1: mouseVisible = True
1270.7513 	EXP 	window1: mouseVisible = True
1270.7515 	EXP 	window1: mouseVisible = True
1270.7516 	EXP 	window1: mouseVisible = True
1270.7517 	EXP 	window1: mouseVisible = True
1270.7518 	EXP 	window1: mouseVisible = True
1270.7520 	EXP 	window1: mouseVisible = True
1270.7521 	EXP 	window1: mouseVisible = True
1270.7522 	EXP 	window1: mouseVisible = True
1270.7523 	EXP 	window1: mouseVisible = True
1270.7525 	EXP 	window1: mouseVisible = True
1270.7526 	EXP 	window1: mouseVisible = True
1270.7527 	EXP 	window1: mouseVisible = True
1270.7529 	EXP 	window1: mouseVisible = True
1270.7530 	EXP 	window1: mouseVisible = True
1270.7531 	EXP 	window1: mouseVisible = True
1270.7533 	EXP 	window1: mouseVisible = True
1270.7534 	EXP 	window1: mouseVisible = True
1270.7535 	EXP 	window1: mouseVisible = True
1270.7556 	EXP 	Created ratingScale = RatingScale(__class__=type(...), acceptKeys=['return'], acceptPreText=UNKNOWN, acceptSize=UNKNOWN, acceptText=UNKNOWN, autoLog=True, choices=False, colorSpace='rgb', depth=0, disappear=False, flipVert=False, high=100, kwargs=UNKNOWN, labels=list(...), leftKeys=['left'], lineColor=(255, 255, 255), low=0, marker=Rect(...), markerColor=(255, 255, 255), markerExpansion=UNKNOWN, markerStart=0.5, maxTime=0.0, minTime=0.4, mouseOnly=False, name='ratingScale', noMouse=False, pos=[0.0, 0.0], precision=100, respKeys=[], rightKeys=['right'], scale=None, self=UNKNOWN, showAccept=False, showValue=False, singleClick=False, size=0.6, skipKeys=['tab'], stretch=2.0, textColor='white', textFont='Helvetica Bold', textSize=0.144, tickHeight=0, tickMarks=10.0, win=Window(...))
1270.7556 	EXP 	RatingScale ratingScale: reset()
1270.7578 	EXP 	window1: mouseVisible = False
1270.7691 	EXP 	thermode_locali: autoDraw = False
1270.7691 	EXP 	thermode_locali: autoDraw = False
1270.7691 	EXP 	ratingScale: flipVert = False
1270.7691 	EXP 	ratingScale: autoLog = True
1270.7706 	EXP 	window1: mouseVisible = False
1270.7873 	EXP 	window1: mouseVisible = False
1270.8039 	EXP 	window1: mouseVisible = False
1270.8206 	EXP 	window1: mouseVisible = False
1270.8372 	EXP 	window1: mouseVisible = False
1270.8539 	EXP 	window1: mouseVisible = False
1270.8705 	EXP 	window1: mouseVisible = False
1270.8873 	EXP 	window1: mouseVisible = False
1270.9040 	EXP 	window1: mouseVisible = False
1270.9206 	EXP 	window1: mouseVisible = False
1270.9372 	EXP 	window1: mouseVisible = False
1270.9539 	EXP 	window1: mouseVisible = False
1270.9706 	EXP 	window1: mouseVisible = False
1270.9872 	EXP 	window1: mouseVisible = False
1271.0039 	EXP 	window1: mouseVisible = False
1271.0206 	EXP 	window1: mouseVisible = False
1271.0373 	EXP 	window1: mouseVisible = False
1271.0539 	EXP 	window1: mouseVisible = False
1271.0706 	EXP 	window1: mouseVisible = False
1271.0872 	EXP 	window1: mouseVisible = False
1271.1039 	EXP 	window1: mouseVisible = False
1271.1205 	EXP 	window1: mouseVisible = False
1271.1372 	EXP 	window1: mouseVisible = False
1271.1539 	EXP 	window1: mouseVisible = False
1271.1706 	EXP 	window1: mouseVisible = False
1271.1880 	EXP 	window1: mouseVisible = False
1271.2039 	EXP 	window1: mouseVisible = False
1271.2202 	DATA 	Keypress: m
1271.2208 	EXP 	window1: mouseVisible = False
1271.2372 	EXP 	window1: mouseVisible = False
1271.2539 	EXP 	window1: mouseVisible = False
1271.2706 	EXP 	window1: mouseVisible = False
1271.2872 	EXP 	window1: mouseVisible = False
1271.3040 	EXP 	window1: mouseVisible = False
1271.3206 	EXP 	window1: mouseVisible = False
1271.3373 	EXP 	window1: mouseVisible = False
1271.3539 	EXP 	window1: mouseVisible = False
1271.3706 	EXP 	window1: mouseVisible = False
1271.3873 	EXP 	window1: mouseVisible = False
1271.4039 	EXP 	window1: mouseVisible = False
1271.4206 	EXP 	window1: mouseVisible = False
1271.4372 	EXP 	window1: mouseVisible = False
1271.4540 	EXP 	window1: mouseVisible = False
1271.4706 	EXP 	window1: mouseVisible = False
1271.4873 	EXP 	window1: mouseVisible = False
1271.5039 	EXP 	window1: mouseVisible = False
1271.5206 	EXP 	window1: mouseVisible = False
1271.5372 	EXP 	window1: mouseVisible = False
1271.5539 	EXP 	window1: mouseVisible = False
1271.5706 	EXP 	window1: mouseVisible = False
1271.5873 	EXP 	window1: mouseVisible = False
1271.6039 	EXP 	window1: mouseVisible = False
1271.6206 	EXP 	window1: mouseVisible = False
1271.6372 	EXP 	window1: mouseVisible = False
1271.6540 	EXP 	window1: mouseVisible = False
1271.6706 	EXP 	window1: mouseVisible = False
1271.6873 	EXP 	window1: mouseVisible = False
1271.7039 	EXP 	window1: mouseVisible = False
1271.7207 	EXP 	window1: mouseVisible = False
1271.7373 	EXP 	window1: mouseVisible = False
1271.7539 	EXP 	window1: mouseVisible = False
1271.7706 	EXP 	window1: mouseVisible = False
1271.7873 	EXP 	window1: mouseVisible = False
1271.8039 	EXP 	window1: mouseVisible = False
1271.8206 	EXP 	window1: mouseVisible = False
1271.8372 	EXP 	window1: mouseVisible = False
1271.8539 	EXP 	window1: mouseVisible = False
1271.8706 	EXP 	window1: mouseVisible = False
1271.8872 	EXP 	window1: mouseVisible = False
1271.9039 	EXP 	window1: mouseVisible = False
1271.9206 	EXP 	window1: mouseVisible = False
1271.9373 	EXP 	window1: mouseVisible = False
1271.9539 	EXP 	window1: mouseVisible = False
1271.9706 	EXP 	window1: mouseVisible = False
1271.9873 	EXP 	window1: mouseVisible = False
1272.0039 	EXP 	window1: mouseVisible = False
1272.0206 	EXP 	window1: mouseVisible = False
1272.0372 	EXP 	window1: mouseVisible = False
1272.0539 	EXP 	window1: mouseVisible = False
1272.0706 	EXP 	window1: mouseVisible = False
1272.0872 	EXP 	window1: mouseVisible = False
1272.1038 	EXP 	window1: mouseVisible = False
1272.1206 	EXP 	window1: mouseVisible = False
1272.1372 	EXP 	window1: mouseVisible = False
1272.1539 	EXP 	window1: mouseVisible = False
1272.1707 	EXP 	window1: mouseVisible = False
1272.1874 	EXP 	window1: mouseVisible = False
1272.2039 	EXP 	window1: mouseVisible = False
1272.2206 	EXP 	window1: mouseVisible = False
1272.2375 	EXP 	window1: mouseVisible = False
1272.2539 	EXP 	window1: mouseVisible = False
1272.2705 	EXP 	window1: mouseVisible = False
1272.2873 	EXP 	window1: mouseVisible = False
1272.3041 	EXP 	window1: mouseVisible = False
1272.3208 	EXP 	window1: mouseVisible = False
1272.3375 	EXP 	window1: mouseVisible = False
1272.3540 	EXP 	window1: mouseVisible = False
1272.3708 	EXP 	window1: mouseVisible = False
1272.3869 	DATA 	Keypress: n
1272.3874 	EXP 	window1: mouseVisible = False
1272.4040 	EXP 	window1: mouseVisible = False
1272.4206 	EXP 	window1: mouseVisible = False
1272.4372 	EXP 	window1: mouseVisible = False
1272.4539 	EXP 	window1: mouseVisible = False
1272.4706 	EXP 	window1: mouseVisible = False
1272.4873 	EXP 	window1: mouseVisible = False
1272.5040 	EXP 	window1: mouseVisible = False
1272.5206 	EXP 	window1: mouseVisible = False
1272.5373 	EXP 	window1: mouseVisible = False
1272.5539 	EXP 	window1: mouseVisible = False
1272.5706 	EXP 	window1: mouseVisible = False
1272.5873 	EXP 	window1: mouseVisible = False
1272.6035 	DATA 	Keypress: n
1272.6041 	EXP 	window1: mouseVisible = False
1272.6206 	EXP 	window1: mouseVisible = False
1272.6373 	EXP 	window1: mouseVisible = False
1272.6540 	EXP 	window1: mouseVisible = False
1272.6706 	EXP 	window1: mouseVisible = False
1272.6873 	EXP 	window1: mouseVisible = False
1272.7039 	EXP 	window1: mouseVisible = False
1272.7207 	EXP 	window1: mouseVisible = False
1272.7373 	EXP 	window1: mouseVisible = False
1272.7539 	EXP 	window1: mouseVisible = False
1272.7706 	EXP 	window1: mouseVisible = False
1272.7874 	EXP 	window1: mouseVisible = False
1272.8043 	EXP 	window1: mouseVisible = False
1272.8207 	EXP 	window1: mouseVisible = False
1272.8373 	EXP 	window1: mouseVisible = False
1272.8540 	EXP 	window1: mouseVisible = False
1272.8707 	EXP 	window1: mouseVisible = False
1272.8873 	EXP 	window1: mouseVisible = False
1272.9040 	EXP 	window1: mouseVisible = False
1272.9207 	EXP 	window1: mouseVisible = False
1272.9374 	EXP 	window1: mouseVisible = False
1272.9540 	EXP 	window1: mouseVisible = False
1272.9706 	EXP 	window1: mouseVisible = False
1272.9873 	EXP 	window1: mouseVisible = False
1273.0040 	EXP 	window1: mouseVisible = False
1273.0207 	EXP 	window1: mouseVisible = False
1273.0373 	EXP 	window1: mouseVisible = False
1273.0540 	EXP 	window1: mouseVisible = False
1273.0707 	EXP 	window1: mouseVisible = False
1273.0873 	EXP 	window1: mouseVisible = False
1273.1040 	EXP 	window1: mouseVisible = False
1273.1209 	EXP 	window1: mouseVisible = False
1273.1371 	DATA 	Keypress: space
1273.2390 	EXP 	New trial (rep=15, index=0): None
1273.2525 	EXP 	main_text: autoDraw = True
1273.2525 	EXP 	confirm_text: autoDraw = True
1273.2525 	EXP 	ratingScale: autoDraw = False
1273.2525 	EXP 	main_text: autoDraw = False
1273.2525 	EXP 	confirm_text: autoDraw = False
1273.2525 	EXP 	text_2: autoDraw = True
1273.2525 	EXP 	croix: autoDraw = True
1278.2526 	EXP 	text_2: autoDraw = False
1278.2526 	EXP 	croix: autoDraw = False
1278.2526 	EXP 	text_2: autoDraw = False
1278.2526 	EXP 	croix: autoDraw = False
1278.2526 	EXP 	thermode_locali: autoDraw = True
1290.2367 	EXP 	window1: mouseVisible = True
1290.2376 	EXP 	Created unnamed Rect = Rect(__class__=<class 'psychopy.visual.rect.Rect'>, anchor=('center', 'center'), autoDraw=False, autoLog=True, closeShape=True, color=method-wrapper(...), colorSpace='rgb', contrast=None, depth=0, draggable=False, fillColor=array([1, 1, 1]), fillColorSpace='rgb', fillRGB=array([1, 1, 1]), interpolate=True, lineColor=array([1., 1., 1.]), lineColorSpace='rgb', lineRGB=array([1, 1, 1]), lineWidth=1.5, name='unnamed Rect', opacity=1.0, ori=0.0, pos=array([0., 0.]), size=array([0.01, 0.1 ]), units='norm', vertices=ndarray(...), win=Window(...))
1290.2377 	EXP 	window1: mouseVisible = True
1290.2378 	EXP 	window1: mouseVisible = True
1290.2383 	EXP 	window1: mouseVisible = True
1290.2396 	EXP 	window1: mouseVisible = True
1290.2406 	EXP 	window1: mouseVisible = True
1290.2408 	EXP 	window1: mouseVisible = True
1290.2410 	EXP 	window1: mouseVisible = True
1290.2411 	EXP 	window1: mouseVisible = True
1290.2413 	EXP 	window1: mouseVisible = True
1290.2414 	EXP 	window1: mouseVisible = True
1290.2415 	EXP 	window1: mouseVisible = True
1290.2417 	EXP 	window1: mouseVisible = True
1290.2418 	EXP 	window1: mouseVisible = True
1290.2419 	EXP 	window1: mouseVisible = True
1290.2421 	EXP 	window1: mouseVisible = True
1290.2422 	EXP 	window1: mouseVisible = True
1290.2423 	EXP 	window1: mouseVisible = True
1290.2424 	EXP 	window1: mouseVisible = True
1290.2426 	EXP 	window1: mouseVisible = True
1290.2427 	EXP 	window1: mouseVisible = True
1290.2428 	EXP 	window1: mouseVisible = True
1290.2429 	EXP 	window1: mouseVisible = True
1290.2431 	EXP 	window1: mouseVisible = True
1290.2432 	EXP 	window1: mouseVisible = True
1290.2433 	EXP 	window1: mouseVisible = True
1290.2434 	EXP 	window1: mouseVisible = True
1290.2436 	EXP 	window1: mouseVisible = True
1290.2437 	EXP 	window1: mouseVisible = True
1290.2438 	EXP 	window1: mouseVisible = True
1290.2440 	EXP 	window1: mouseVisible = True
1290.2441 	EXP 	window1: mouseVisible = True
1290.2443 	EXP 	window1: mouseVisible = True
1290.2444 	EXP 	window1: mouseVisible = True
1290.2445 	EXP 	window1: mouseVisible = True
1290.2447 	EXP 	window1: mouseVisible = True
1290.2448 	EXP 	window1: mouseVisible = True
1290.2449 	EXP 	window1: mouseVisible = True
1290.2450 	EXP 	window1: mouseVisible = True
1290.2452 	EXP 	window1: mouseVisible = True
1290.2453 	EXP 	window1: mouseVisible = True
1290.2454 	EXP 	window1: mouseVisible = True
1290.2456 	EXP 	window1: mouseVisible = True
1290.2457 	EXP 	window1: mouseVisible = True
1290.2458 	EXP 	window1: mouseVisible = True
1290.2459 	EXP 	window1: mouseVisible = True
1290.2461 	EXP 	window1: mouseVisible = True
1290.2462 	EXP 	window1: mouseVisible = True
1290.2463 	EXP 	window1: mouseVisible = True
1290.2465 	EXP 	window1: mouseVisible = True
1290.2466 	EXP 	window1: mouseVisible = True
1290.2467 	EXP 	window1: mouseVisible = True
1290.2468 	EXP 	window1: mouseVisible = True
1290.2470 	EXP 	window1: mouseVisible = True
1290.2471 	EXP 	window1: mouseVisible = True
1290.2472 	EXP 	window1: mouseVisible = True
1290.2473 	EXP 	window1: mouseVisible = True
1290.2475 	EXP 	window1: mouseVisible = True
1290.2476 	EXP 	window1: mouseVisible = True
1290.2477 	EXP 	window1: mouseVisible = True
1290.2478 	EXP 	window1: mouseVisible = True
1290.2480 	EXP 	window1: mouseVisible = True
1290.2481 	EXP 	window1: mouseVisible = True
1290.2482 	EXP 	window1: mouseVisible = True
1290.2484 	EXP 	window1: mouseVisible = True
1290.2485 	EXP 	window1: mouseVisible = True
1290.2486 	EXP 	window1: mouseVisible = True
1290.2487 	EXP 	window1: mouseVisible = True
1290.2489 	EXP 	window1: mouseVisible = True
1290.2490 	EXP 	window1: mouseVisible = True
1290.2491 	EXP 	window1: mouseVisible = True
1290.2492 	EXP 	window1: mouseVisible = True
1290.2494 	EXP 	window1: mouseVisible = True
1290.2495 	EXP 	window1: mouseVisible = True
1290.2496 	EXP 	window1: mouseVisible = True
1290.2497 	EXP 	window1: mouseVisible = True
1290.2499 	EXP 	window1: mouseVisible = True
1290.2500 	EXP 	window1: mouseVisible = True
1290.2501 	EXP 	window1: mouseVisible = True
1290.2502 	EXP 	window1: mouseVisible = True
1290.2504 	EXP 	window1: mouseVisible = True
1290.2505 	EXP 	window1: mouseVisible = True
1290.2506 	EXP 	window1: mouseVisible = True
1290.2507 	EXP 	window1: mouseVisible = True
1290.2509 	EXP 	window1: mouseVisible = True
1290.2510 	EXP 	window1: mouseVisible = True
1290.2511 	EXP 	window1: mouseVisible = True
1290.2512 	EXP 	window1: mouseVisible = True
1290.2514 	EXP 	window1: mouseVisible = True
1290.2515 	EXP 	window1: mouseVisible = True
1290.2516 	EXP 	window1: mouseVisible = True
1290.2517 	EXP 	window1: mouseVisible = True
1290.2519 	EXP 	window1: mouseVisible = True
1290.2520 	EXP 	window1: mouseVisible = True
1290.2522 	EXP 	window1: mouseVisible = True
1290.2523 	EXP 	window1: mouseVisible = True
1290.2524 	EXP 	window1: mouseVisible = True
1290.2526 	EXP 	window1: mouseVisible = True
1290.2528 	EXP 	window1: mouseVisible = True
1290.2529 	EXP 	window1: mouseVisible = True
1290.2531 	EXP 	window1: mouseVisible = True
1290.2532 	EXP 	window1: mouseVisible = True
1290.2533 	EXP 	window1: mouseVisible = True
1290.2534 	EXP 	window1: mouseVisible = True
1290.2536 	EXP 	window1: mouseVisible = True
1290.2556 	EXP 	Created ratingScale = RatingScale(__class__=type(...), acceptKeys=['return'], acceptPreText=UNKNOWN, acceptSize=UNKNOWN, acceptText=UNKNOWN, autoLog=True, choices=False, colorSpace='rgb', depth=0, disappear=False, flipVert=False, high=100, kwargs=UNKNOWN, labels=list(...), leftKeys=['left'], lineColor=(255, 255, 255), low=0, marker=Rect(...), markerColor=(255, 255, 255), markerExpansion=UNKNOWN, markerStart=0.5, maxTime=0.0, minTime=0.4, mouseOnly=False, name='ratingScale', noMouse=False, pos=[0.0, 0.0], precision=100, respKeys=[], rightKeys=['right'], scale=None, self=UNKNOWN, showAccept=False, showValue=False, singleClick=False, size=0.6, skipKeys=['tab'], stretch=2.0, textColor='white', textFont='Helvetica Bold', textSize=0.144, tickHeight=0, tickMarks=10.0, win=Window(...))
1290.2556 	EXP 	RatingScale ratingScale: reset()
1290.2578 	EXP 	window1: mouseVisible = False
1290.2695 	EXP 	thermode_locali: autoDraw = False
1290.2695 	EXP 	thermode_locali: autoDraw = False
1290.2695 	EXP 	ratingScale: flipVert = False
1290.2695 	EXP 	ratingScale: autoLog = True
1290.2711 	EXP 	window1: mouseVisible = False
1290.2877 	EXP 	window1: mouseVisible = False
1290.3043 	EXP 	window1: mouseVisible = False
1290.3211 	EXP 	window1: mouseVisible = False
1290.3380 	EXP 	window1: mouseVisible = False
1290.3542 	EXP 	window1: mouseVisible = False
1290.3709 	EXP 	window1: mouseVisible = False
1290.3876 	EXP 	window1: mouseVisible = False
1290.4043 	EXP 	window1: mouseVisible = False
1290.4209 	EXP 	window1: mouseVisible = False
1290.4375 	EXP 	window1: mouseVisible = False
1290.4543 	EXP 	window1: mouseVisible = False
1290.4709 	EXP 	window1: mouseVisible = False
1290.4876 	EXP 	window1: mouseVisible = False
1290.5042 	EXP 	window1: mouseVisible = False
1290.5209 	EXP 	window1: mouseVisible = False
1290.5375 	EXP 	window1: mouseVisible = False
1290.5541 	EXP 	window1: mouseVisible = False
1290.5709 	EXP 	window1: mouseVisible = False
1290.5877 	EXP 	window1: mouseVisible = False
1290.6043 	EXP 	window1: mouseVisible = False
1290.6209 	EXP 	window1: mouseVisible = False
1290.6376 	EXP 	window1: mouseVisible = False
1290.6542 	EXP 	window1: mouseVisible = False
1290.6709 	EXP 	window1: mouseVisible = False
1290.6875 	EXP 	window1: mouseVisible = False
1290.7043 	EXP 	window1: mouseVisible = False
1290.7209 	EXP 	window1: mouseVisible = False
1290.7376 	EXP 	window1: mouseVisible = False
1290.7542 	EXP 	window1: mouseVisible = False
1290.7709 	EXP 	window1: mouseVisible = False
1290.7893 	EXP 	window1: mouseVisible = False
1290.8044 	EXP 	window1: mouseVisible = False
1290.8209 	EXP 	window1: mouseVisible = False
1290.8376 	EXP 	window1: mouseVisible = False
1290.8542 	EXP 	window1: mouseVisible = False
1290.8709 	EXP 	window1: mouseVisible = False
1290.8878 	EXP 	window1: mouseVisible = False
1290.9042 	EXP 	window1: mouseVisible = False
1290.9209 	EXP 	window1: mouseVisible = False
1290.9376 	EXP 	window1: mouseVisible = False
1290.9542 	EXP 	window1: mouseVisible = False
1290.9709 	EXP 	window1: mouseVisible = False
1290.9876 	EXP 	window1: mouseVisible = False
1291.0044 	EXP 	window1: mouseVisible = False
1291.0209 	EXP 	window1: mouseVisible = False
1291.0376 	EXP 	window1: mouseVisible = False
1291.0542 	EXP 	window1: mouseVisible = False
1291.0707 	DATA 	Keypress: n
1291.0712 	EXP 	window1: mouseVisible = False
1291.0876 	EXP 	window1: mouseVisible = False
1291.1042 	EXP 	window1: mouseVisible = False
1291.1209 	EXP 	window1: mouseVisible = False
1291.1376 	EXP 	window1: mouseVisible = False
1291.1542 	EXP 	window1: mouseVisible = False
1291.1709 	EXP 	window1: mouseVisible = False
1291.1876 	EXP 	window1: mouseVisible = False
1291.2044 	EXP 	window1: mouseVisible = False
1291.2209 	EXP 	window1: mouseVisible = False
1291.2378 	EXP 	window1: mouseVisible = False
1291.2542 	EXP 	window1: mouseVisible = False
1291.2709 	EXP 	window1: mouseVisible = False
1291.2876 	EXP 	window1: mouseVisible = False
1291.3042 	EXP 	window1: mouseVisible = False
1291.3209 	EXP 	window1: mouseVisible = False
1291.3375 	EXP 	window1: mouseVisible = False
1291.3542 	EXP 	window1: mouseVisible = False
1291.3709 	EXP 	window1: mouseVisible = False
1291.3876 	EXP 	window1: mouseVisible = False
1291.4044 	EXP 	window1: mouseVisible = False
1291.4209 	EXP 	window1: mouseVisible = False
1291.4376 	EXP 	window1: mouseVisible = False
1291.4542 	EXP 	window1: mouseVisible = False
1291.4709 	EXP 	window1: mouseVisible = False
1291.4875 	EXP 	window1: mouseVisible = False
1291.5043 	EXP 	window1: mouseVisible = False
1291.5209 	EXP 	window1: mouseVisible = False
1291.5376 	EXP 	window1: mouseVisible = False
1291.5543 	EXP 	window1: mouseVisible = False
1291.5712 	EXP 	window1: mouseVisible = False
1291.5877 	EXP 	window1: mouseVisible = False
1291.6043 	EXP 	window1: mouseVisible = False
1291.6209 	EXP 	window1: mouseVisible = False
1291.6377 	EXP 	window1: mouseVisible = False
1291.6544 	EXP 	window1: mouseVisible = False
1291.6710 	EXP 	window1: mouseVisible = False
1291.6876 	EXP 	window1: mouseVisible = False
1291.7044 	EXP 	window1: mouseVisible = False
1291.7210 	EXP 	window1: mouseVisible = False
1291.7376 	EXP 	window1: mouseVisible = False
1291.7543 	EXP 	window1: mouseVisible = False
1291.7709 	EXP 	window1: mouseVisible = False
1291.7876 	EXP 	window1: mouseVisible = False
1291.8043 	EXP 	window1: mouseVisible = False
1291.8211 	EXP 	window1: mouseVisible = False
1291.8378 	EXP 	window1: mouseVisible = False
1291.8545 	EXP 	window1: mouseVisible = False
1291.8710 	EXP 	window1: mouseVisible = False
1291.8878 	EXP 	window1: mouseVisible = False
1291.9044 	EXP 	window1: mouseVisible = False
1291.9209 	EXP 	window1: mouseVisible = False
1291.9378 	EXP 	window1: mouseVisible = False
1291.9542 	EXP 	window1: mouseVisible = False
1291.9709 	EXP 	window1: mouseVisible = False
1291.9874 	EXP 	window1: mouseVisible = False
1292.0043 	EXP 	window1: mouseVisible = False
1292.0208 	EXP 	window1: mouseVisible = False
1292.0376 	EXP 	window1: mouseVisible = False
1292.0541 	EXP 	window1: mouseVisible = False
1292.0708 	EXP 	window1: mouseVisible = False
1292.0875 	EXP 	window1: mouseVisible = False
1292.1041 	EXP 	window1: mouseVisible = False
1292.1209 	EXP 	window1: mouseVisible = False
1292.1376 	EXP 	window1: mouseVisible = False
1292.1543 	EXP 	window1: mouseVisible = False
1292.1709 	EXP 	window1: mouseVisible = False
1292.1876 	EXP 	window1: mouseVisible = False
1292.2042 	EXP 	window1: mouseVisible = False
1292.2210 	EXP 	window1: mouseVisible = False
1292.2376 	EXP 	window1: mouseVisible = False
1292.2542 	EXP 	window1: mouseVisible = False
1292.2709 	EXP 	window1: mouseVisible = False
1292.2875 	EXP 	window1: mouseVisible = False
1292.3045 	EXP 	window1: mouseVisible = False
1292.3209 	EXP 	window1: mouseVisible = False
1292.3377 	EXP 	window1: mouseVisible = False
1292.3543 	EXP 	window1: mouseVisible = False
1292.3711 	EXP 	window1: mouseVisible = False
1292.3876 	EXP 	window1: mouseVisible = False
1292.4043 	EXP 	window1: mouseVisible = False
1292.4211 	EXP 	window1: mouseVisible = False
1292.4376 	EXP 	window1: mouseVisible = False
1292.4543 	EXP 	window1: mouseVisible = False
1292.4710 	EXP 	window1: mouseVisible = False
1292.4877 	EXP 	window1: mouseVisible = False
1292.5043 	EXP 	window1: mouseVisible = False
1292.5211 	EXP 	window1: mouseVisible = False
1292.5376 	EXP 	window1: mouseVisible = False
1292.5543 	EXP 	window1: mouseVisible = False
1292.5709 	EXP 	window1: mouseVisible = False
1292.5876 	EXP 	window1: mouseVisible = False
1292.6043 	EXP 	window1: mouseVisible = False
1292.6210 	EXP 	window1: mouseVisible = False
1292.6376 	EXP 	window1: mouseVisible = False
1292.6553 	EXP 	window1: mouseVisible = False
1292.6711 	EXP 	window1: mouseVisible = False
1292.6876 	EXP 	window1: mouseVisible = False
1292.7044 	EXP 	window1: mouseVisible = False
1292.7209 	EXP 	window1: mouseVisible = False
1292.7372 	DATA 	Keypress: n
1292.7377 	EXP 	window1: mouseVisible = False
1292.7542 	EXP 	window1: mouseVisible = False
1292.7709 	EXP 	window1: mouseVisible = False
1292.7876 	EXP 	window1: mouseVisible = False
1292.8045 	EXP 	window1: mouseVisible = False
1292.8209 	EXP 	window1: mouseVisible = False
1292.8376 	EXP 	window1: mouseVisible = False
1292.8541 	EXP 	window1: mouseVisible = False
1292.8708 	EXP 	window1: mouseVisible = False
1292.8875 	EXP 	window1: mouseVisible = False
1292.9041 	EXP 	window1: mouseVisible = False
1292.9208 	EXP 	window1: mouseVisible = False
1292.9374 	EXP 	window1: mouseVisible = False
1292.9541 	EXP 	window1: mouseVisible = False
1292.9708 	EXP 	window1: mouseVisible = False
1292.9875 	EXP 	window1: mouseVisible = False
1293.0041 	EXP 	window1: mouseVisible = False
1293.0208 	EXP 	window1: mouseVisible = False
1293.0375 	EXP 	window1: mouseVisible = False
1293.0541 	EXP 	window1: mouseVisible = False
1293.0708 	EXP 	window1: mouseVisible = False
1293.0875 	EXP 	window1: mouseVisible = False
1293.1042 	EXP 	window1: mouseVisible = False
1293.1214 	DATA 	Keypress: space
1293.2361 	EXP 	main_text: autoDraw = True
1293.2361 	EXP 	confirm_text: autoDraw = True
1293.2361 	EXP 	ratingScale: autoDraw = False
1293.2361 	EXP 	main_text: autoDraw = False
1293.2361 	EXP 	confirm_text: autoDraw = False
1293.2361 	EXP 	text: autoDraw = True
1295.4863 	EXP 	Created sequence: random, trialTypes=1, nReps=4, seed=None
1295.4865 	EXP 	New trial (rep=0, index=0): None
1295.4869 	DATA 	Keypress: p
1295.5027 	EXP 	text: autoDraw = False
1295.5027 	EXP 	text_7: autoDraw = True
1296.5862 	EXP 	Created sequence: random, trialTypes=1, nReps=2, seed=None
1296.5863 	EXP 	New trial (rep=0, index=0): None
1296.5880 	DATA 	Keypress: p
1296.6027 	EXP 	text_7: autoDraw = False
1296.6027 	EXP 	text_eva: autoDraw = True
1296.6027 	EXP 	croix_2: autoDraw = True
1301.6029 	EXP 	text_eva: autoDraw = False
1301.6029 	EXP 	croix_2: autoDraw = False
1301.6029 	EXP 	text_eva: autoDraw = False
1301.6029 	EXP 	croix_2: autoDraw = False
1301.6029 	EXP 	thermode_locali_EVA: autoDraw = True
1313.5865 	EXP 	window1: mouseVisible = True
1313.5873 	EXP 	Created unnamed Rect = Rect(__class__=<class 'psychopy.visual.rect.Rect'>, anchor=('center', 'center'), autoDraw=False, autoLog=True, closeShape=True, color=method-wrapper(...), colorSpace='rgb', contrast=None, depth=0, draggable=False, fillColor=array([1, 1, 1]), fillColorSpace='rgb', fillRGB=array([1, 1, 1]), interpolate=True, lineColor=array([1., 1., 1.]), lineColorSpace='rgb', lineRGB=array([1, 1, 1]), lineWidth=1.5, name='unnamed Rect', opacity=1.0, ori=0.0, pos=array([0., 0.]), size=array([0.01, 0.1 ]), units='norm', vertices=ndarray(...), win=Window(...))
1313.5874 	EXP 	window1: mouseVisible = True
1313.5875 	EXP 	window1: mouseVisible = True
1313.5880 	EXP 	window1: mouseVisible = True
1313.5891 	EXP 	window1: mouseVisible = True
1313.5902 	EXP 	window1: mouseVisible = True
1313.5904 	EXP 	window1: mouseVisible = True
1313.5906 	EXP 	window1: mouseVisible = True
1313.5907 	EXP 	window1: mouseVisible = True
1313.5908 	EXP 	window1: mouseVisible = True
1313.5910 	EXP 	window1: mouseVisible = True
1313.5911 	EXP 	window1: mouseVisible = True
1313.5912 	EXP 	window1: mouseVisible = True
1313.5915 	EXP 	window1: mouseVisible = True
1313.5916 	EXP 	window1: mouseVisible = True
1313.5917 	EXP 	window1: mouseVisible = True
1313.5919 	EXP 	window1: mouseVisible = True
1313.5920 	EXP 	window1: mouseVisible = True
1313.5921 	EXP 	window1: mouseVisible = True
1313.5923 	EXP 	window1: mouseVisible = True
1313.5924 	EXP 	window1: mouseVisible = True
1313.5925 	EXP 	window1: mouseVisible = True
1313.5927 	EXP 	window1: mouseVisible = True
1313.5928 	EXP 	window1: mouseVisible = True
1313.5929 	EXP 	window1: mouseVisible = True
1313.5930 	EXP 	window1: mouseVisible = True
1313.5932 	EXP 	window1: mouseVisible = True
1313.5933 	EXP 	window1: mouseVisible = True
1313.5936 	EXP 	window1: mouseVisible = True
1313.5939 	EXP 	window1: mouseVisible = True
1313.5941 	EXP 	window1: mouseVisible = True
1313.5942 	EXP 	window1: mouseVisible = True
1313.5943 	EXP 	window1: mouseVisible = True
1313.5944 	EXP 	window1: mouseVisible = True
1313.5946 	EXP 	window1: mouseVisible = True
1313.5947 	EXP 	window1: mouseVisible = True
1313.5948 	EXP 	window1: mouseVisible = True
1313.5950 	EXP 	window1: mouseVisible = True
1313.5951 	EXP 	window1: mouseVisible = True
1313.5952 	EXP 	window1: mouseVisible = True
1313.5953 	EXP 	window1: mouseVisible = True
1313.5955 	EXP 	window1: mouseVisible = True
1313.5956 	EXP 	window1: mouseVisible = True
1313.5957 	EXP 	window1: mouseVisible = True
1313.5959 	EXP 	window1: mouseVisible = True
1313.5960 	EXP 	window1: mouseVisible = True
1313.5961 	EXP 	window1: mouseVisible = True
1313.5963 	EXP 	window1: mouseVisible = True
1313.5964 	EXP 	window1: mouseVisible = True
1313.5966 	EXP 	window1: mouseVisible = True
1313.5967 	EXP 	window1: mouseVisible = True
1313.5968 	EXP 	window1: mouseVisible = True
1313.5969 	EXP 	window1: mouseVisible = True
1313.5971 	EXP 	window1: mouseVisible = True
1313.5972 	EXP 	window1: mouseVisible = True
1313.5973 	EXP 	window1: mouseVisible = True
1313.5975 	EXP 	window1: mouseVisible = True
1313.5976 	EXP 	window1: mouseVisible = True
1313.5977 	EXP 	window1: mouseVisible = True
1313.5978 	EXP 	window1: mouseVisible = True
1313.5980 	EXP 	window1: mouseVisible = True
1313.5981 	EXP 	window1: mouseVisible = True
1313.5982 	EXP 	window1: mouseVisible = True
1313.5983 	EXP 	window1: mouseVisible = True
1313.5985 	EXP 	window1: mouseVisible = True
1313.5986 	EXP 	window1: mouseVisible = True
1313.5987 	EXP 	window1: mouseVisible = True
1313.5988 	EXP 	window1: mouseVisible = True
1313.5990 	EXP 	window1: mouseVisible = True
1313.5991 	EXP 	window1: mouseVisible = True
1313.5992 	EXP 	window1: mouseVisible = True
1313.5993 	EXP 	window1: mouseVisible = True
1313.5995 	EXP 	window1: mouseVisible = True
1313.5996 	EXP 	window1: mouseVisible = True
1313.5997 	EXP 	window1: mouseVisible = True
1313.5998 	EXP 	window1: mouseVisible = True
1313.6000 	EXP 	window1: mouseVisible = True
1313.6005 	EXP 	window1: mouseVisible = True
1313.6007 	EXP 	window1: mouseVisible = True
1313.6008 	EXP 	window1: mouseVisible = True
1313.6010 	EXP 	window1: mouseVisible = True
1313.6011 	EXP 	window1: mouseVisible = True
1313.6013 	EXP 	window1: mouseVisible = True
1313.6014 	EXP 	window1: mouseVisible = True
1313.6015 	EXP 	window1: mouseVisible = True
1313.6016 	EXP 	window1: mouseVisible = True
1313.6018 	EXP 	window1: mouseVisible = True
1313.6019 	EXP 	window1: mouseVisible = True
1313.6020 	EXP 	window1: mouseVisible = True
1313.6022 	EXP 	window1: mouseVisible = True
1313.6023 	EXP 	window1: mouseVisible = True
1313.6024 	EXP 	window1: mouseVisible = True
1313.6025 	EXP 	window1: mouseVisible = True
1313.6027 	EXP 	window1: mouseVisible = True
1313.6028 	EXP 	window1: mouseVisible = True
1313.6029 	EXP 	window1: mouseVisible = True
1313.6030 	EXP 	window1: mouseVisible = True
1313.6032 	EXP 	window1: mouseVisible = True
1313.6033 	EXP 	window1: mouseVisible = True
1313.6034 	EXP 	window1: mouseVisible = True
1313.6036 	EXP 	window1: mouseVisible = True
1313.6037 	EXP 	window1: mouseVisible = True
1313.6038 	EXP 	window1: mouseVisible = True
1313.6039 	EXP 	window1: mouseVisible = True
1313.6040 	EXP 	window1: mouseVisible = True
1313.6527 	EXP 	Created ratingScale = RatingScale(__class__=type(...), acceptKeys=['return'], acceptPreText=UNKNOWN, acceptSize=UNKNOWN, acceptText=UNKNOWN, autoLog=True, choices=False, colorSpace='rgb', depth=0, disappear=False, flipVert=False, high=100, kwargs=UNKNOWN, labels=list(...), leftKeys=['left'], lineColor=(255, 255, 255), low=0, marker=Rect(...), markerColor=(255, 255, 255), markerExpansion=UNKNOWN, markerStart=0.5, maxTime=0.0, minTime=0.4, mouseOnly=False, name='ratingScale', noMouse=False, pos=[0.0, 0.0], precision=100, respKeys=[], rightKeys=['right'], scale=None, self=UNKNOWN, showAccept=False, showValue=False, singleClick=False, size=0.6, skipKeys=['tab'], stretch=2.0, textColor='white', textFont='Helvetica Bold', textSize=0.144, tickHeight=0, tickMarks=10.0, win=Window(...))
1313.6527 	EXP 	RatingScale ratingScale: reset()
1313.6551 	EXP 	window1: mouseVisible = False
1313.6696 	EXP 	thermode_locali_EVA: autoDraw = False
1313.6696 	EXP 	ratingScale: flipVert = False
1313.6696 	EXP 	ratingScale: autoLog = True
1313.6710 	EXP 	window1: mouseVisible = False
1313.6877 	EXP 	window1: mouseVisible = False
1313.7043 	EXP 	window1: mouseVisible = False
1313.7210 	EXP 	window1: mouseVisible = False
1313.7376 	EXP 	window1: mouseVisible = False
1313.7543 	EXP 	window1: mouseVisible = False
1313.7710 	EXP 	window1: mouseVisible = False
1313.7877 	EXP 	window1: mouseVisible = False
1313.8043 	EXP 	window1: mouseVisible = False
1313.8210 	EXP 	window1: mouseVisible = False
1313.8377 	EXP 	window1: mouseVisible = False
1313.8543 	EXP 	window1: mouseVisible = False
1313.8710 	EXP 	window1: mouseVisible = False
1313.8877 	EXP 	window1: mouseVisible = False
1313.9043 	EXP 	window1: mouseVisible = False
1313.9210 	EXP 	window1: mouseVisible = False
1313.9377 	EXP 	window1: mouseVisible = False
1313.9543 	EXP 	window1: mouseVisible = False
1313.9710 	EXP 	window1: mouseVisible = False
1313.9876 	EXP 	window1: mouseVisible = False
1314.0043 	EXP 	window1: mouseVisible = False
1314.0207 	DATA 	Keypress: m
1314.0212 	EXP 	window1: mouseVisible = False
1314.0377 	EXP 	window1: mouseVisible = False
1314.0545 	EXP 	window1: mouseVisible = False
1314.0711 	EXP 	window1: mouseVisible = False
1314.0877 	EXP 	window1: mouseVisible = False
1314.1044 	EXP 	window1: mouseVisible = False
1314.1211 	EXP 	window1: mouseVisible = False
1314.1379 	EXP 	window1: mouseVisible = False
1314.1545 	EXP 	window1: mouseVisible = False
1314.1711 	EXP 	window1: mouseVisible = False
1314.1877 	EXP 	window1: mouseVisible = False
1314.2044 	EXP 	window1: mouseVisible = False
1314.2211 	EXP 	window1: mouseVisible = False
1314.2377 	EXP 	window1: mouseVisible = False
1314.2544 	EXP 	window1: mouseVisible = False
1314.2711 	EXP 	window1: mouseVisible = False
1314.2877 	EXP 	window1: mouseVisible = False
1314.3044 	EXP 	window1: mouseVisible = False
1314.3211 	EXP 	window1: mouseVisible = False
1314.3377 	EXP 	window1: mouseVisible = False
1314.3544 	EXP 	window1: mouseVisible = False
1314.3711 	EXP 	window1: mouseVisible = False
1314.3877 	EXP 	window1: mouseVisible = False
1314.4044 	EXP 	window1: mouseVisible = False
1314.4211 	EXP 	window1: mouseVisible = False
1314.4377 	EXP 	window1: mouseVisible = False
1314.4544 	EXP 	window1: mouseVisible = False
1314.4710 	EXP 	window1: mouseVisible = False
1314.4878 	EXP 	window1: mouseVisible = False
1314.5044 	EXP 	window1: mouseVisible = False
1314.5212 	EXP 	window1: mouseVisible = False
1314.5377 	EXP 	window1: mouseVisible = False
1314.5546 	EXP 	window1: mouseVisible = False
1314.5711 	EXP 	window1: mouseVisible = False
1314.5878 	EXP 	window1: mouseVisible = False
1314.6045 	EXP 	window1: mouseVisible = False
1314.6212 	EXP 	window1: mouseVisible = False
1314.6377 	EXP 	window1: mouseVisible = False
1314.6545 	EXP 	window1: mouseVisible = False
1314.6711 	EXP 	window1: mouseVisible = False
1314.6878 	EXP 	window1: mouseVisible = False
1314.7048 	EXP 	window1: mouseVisible = False
1314.7211 	EXP 	window1: mouseVisible = False
1314.7377 	EXP 	window1: mouseVisible = False
1314.7545 	EXP 	window1: mouseVisible = False
1314.7711 	EXP 	window1: mouseVisible = False
1314.7878 	EXP 	window1: mouseVisible = False
1314.8044 	EXP 	window1: mouseVisible = False
1314.8212 	EXP 	window1: mouseVisible = False
1314.8378 	EXP 	window1: mouseVisible = False
1314.8545 	EXP 	window1: mouseVisible = False
1314.8712 	EXP 	window1: mouseVisible = False
1314.8878 	EXP 	window1: mouseVisible = False
1314.9044 	EXP 	window1: mouseVisible = False
1314.9212 	EXP 	window1: mouseVisible = False
1314.9378 	EXP 	window1: mouseVisible = False
1314.9544 	EXP 	window1: mouseVisible = False
1314.9713 	EXP 	window1: mouseVisible = False
1314.9877 	EXP 	window1: mouseVisible = False
1315.0044 	EXP 	window1: mouseVisible = False
1315.0213 	EXP 	window1: mouseVisible = False
1315.0378 	EXP 	window1: mouseVisible = False
1315.0545 	EXP 	window1: mouseVisible = False
1315.0711 	EXP 	window1: mouseVisible = False
1315.0878 	EXP 	window1: mouseVisible = False
1315.1049 	DATA 	Keypress: space
1315.2043 	EXP 	New trial (rep=1, index=0): None
1315.2196 	EXP 	main_text: autoDraw = True
1315.2196 	EXP 	confirm_text: autoDraw = True
1315.2196 	EXP 	ratingScale: autoDraw = False
1315.2196 	EXP 	main_text: autoDraw = False
1315.2196 	EXP 	confirm_text: autoDraw = False
1315.2196 	EXP 	text_eva: autoDraw = True
1315.2196 	EXP 	croix_2: autoDraw = True
1320.2198 	EXP 	text_eva: autoDraw = False
1320.2198 	EXP 	croix_2: autoDraw = False
1320.2198 	EXP 	text_eva: autoDraw = False
1320.2198 	EXP 	croix_2: autoDraw = False
1320.2198 	EXP 	thermode_locali_EVA: autoDraw = True
1332.2035 	EXP 	window1: mouseVisible = True
1332.2043 	EXP 	Created unnamed Rect = Rect(__class__=<class 'psychopy.visual.rect.Rect'>, anchor=('center', 'center'), autoDraw=False, autoLog=True, closeShape=True, color=method-wrapper(...), colorSpace='rgb', contrast=None, depth=0, draggable=False, fillColor=array([1, 1, 1]), fillColorSpace='rgb', fillRGB=array([1, 1, 1]), interpolate=True, lineColor=array([1., 1., 1.]), lineColorSpace='rgb', lineRGB=array([1, 1, 1]), lineWidth=1.5, name='unnamed Rect', opacity=1.0, ori=0.0, pos=array([0., 0.]), size=array([0.01, 0.1 ]), units='norm', vertices=ndarray(...), win=Window(...))
1332.2044 	EXP 	window1: mouseVisible = True
1332.2045 	EXP 	window1: mouseVisible = True
1332.2050 	EXP 	window1: mouseVisible = True
1332.2061 	EXP 	window1: mouseVisible = True
1332.2073 	EXP 	window1: mouseVisible = True
1332.2074 	EXP 	window1: mouseVisible = True
1332.2076 	EXP 	window1: mouseVisible = True
1332.2077 	EXP 	window1: mouseVisible = True
1332.2079 	EXP 	window1: mouseVisible = True
1332.2080 	EXP 	window1: mouseVisible = True
1332.2081 	EXP 	window1: mouseVisible = True
1332.2083 	EXP 	window1: mouseVisible = True
1332.2084 	EXP 	window1: mouseVisible = True
1332.2085 	EXP 	window1: mouseVisible = True
1332.2087 	EXP 	window1: mouseVisible = True
1332.2088 	EXP 	window1: mouseVisible = True
1332.2089 	EXP 	window1: mouseVisible = True
1332.2090 	EXP 	window1: mouseVisible = True
1332.2092 	EXP 	window1: mouseVisible = True
1332.2093 	EXP 	window1: mouseVisible = True
1332.2094 	EXP 	window1: mouseVisible = True
1332.2096 	EXP 	window1: mouseVisible = True
1332.2097 	EXP 	window1: mouseVisible = True
1332.2098 	EXP 	window1: mouseVisible = True
1332.2099 	EXP 	window1: mouseVisible = True
1332.2101 	EXP 	window1: mouseVisible = True
1332.2102 	EXP 	window1: mouseVisible = True
1332.2103 	EXP 	window1: mouseVisible = True
1332.2104 	EXP 	window1: mouseVisible = True
1332.2106 	EXP 	window1: mouseVisible = True
1332.2107 	EXP 	window1: mouseVisible = True
1332.2108 	EXP 	window1: mouseVisible = True
1332.2110 	EXP 	window1: mouseVisible = True
1332.2111 	EXP 	window1: mouseVisible = True
1332.2112 	EXP 	window1: mouseVisible = True
1332.2113 	EXP 	window1: mouseVisible = True
1332.2115 	EXP 	window1: mouseVisible = True
1332.2117 	EXP 	window1: mouseVisible = True
1332.2121 	EXP 	window1: mouseVisible = True
1332.2123 	EXP 	window1: mouseVisible = True
1332.2124 	EXP 	window1: mouseVisible = True
1332.2126 	EXP 	window1: mouseVisible = True
1332.2127 	EXP 	window1: mouseVisible = True
1332.2129 	EXP 	window1: mouseVisible = True
1332.2130 	EXP 	window1: mouseVisible = True
1332.2131 	EXP 	window1: mouseVisible = True
1332.2133 	EXP 	window1: mouseVisible = True
1332.2134 	EXP 	window1: mouseVisible = True
1332.2135 	EXP 	window1: mouseVisible = True
1332.2136 	EXP 	window1: mouseVisible = True
1332.2138 	EXP 	window1: mouseVisible = True
1332.2140 	EXP 	window1: mouseVisible = True
1332.2141 	EXP 	window1: mouseVisible = True
1332.2143 	EXP 	window1: mouseVisible = True
1332.2144 	EXP 	window1: mouseVisible = True
1332.2145 	EXP 	window1: mouseVisible = True
1332.2146 	EXP 	window1: mouseVisible = True
1332.2148 	EXP 	window1: mouseVisible = True
1332.2149 	EXP 	window1: mouseVisible = True
1332.2150 	EXP 	window1: mouseVisible = True
1332.2152 	EXP 	window1: mouseVisible = True
1332.2153 	EXP 	window1: mouseVisible = True
1332.2154 	EXP 	window1: mouseVisible = True
1332.2155 	EXP 	window1: mouseVisible = True
1332.2157 	EXP 	window1: mouseVisible = True
1332.2158 	EXP 	window1: mouseVisible = True
1332.2159 	EXP 	window1: mouseVisible = True
1332.2161 	EXP 	window1: mouseVisible = True
1332.2162 	EXP 	window1: mouseVisible = True
1332.2164 	EXP 	window1: mouseVisible = True
1332.2165 	EXP 	window1: mouseVisible = True
1332.2167 	EXP 	window1: mouseVisible = True
1332.2168 	EXP 	window1: mouseVisible = True
1332.2169 	EXP 	window1: mouseVisible = True
1332.2171 	EXP 	window1: mouseVisible = True
1332.2172 	EXP 	window1: mouseVisible = True
1332.2173 	EXP 	window1: mouseVisible = True
1332.2174 	EXP 	window1: mouseVisible = True
1332.2176 	EXP 	window1: mouseVisible = True
1332.2177 	EXP 	window1: mouseVisible = True
1332.2178 	EXP 	window1: mouseVisible = True
1332.2180 	EXP 	window1: mouseVisible = True
1332.2181 	EXP 	window1: mouseVisible = True
1332.2182 	EXP 	window1: mouseVisible = True
1332.2183 	EXP 	window1: mouseVisible = True
1332.2185 	EXP 	window1: mouseVisible = True
1332.2186 	EXP 	window1: mouseVisible = True
1332.2187 	EXP 	window1: mouseVisible = True
1332.2189 	EXP 	window1: mouseVisible = True
1332.2190 	EXP 	window1: mouseVisible = True
1332.2191 	EXP 	window1: mouseVisible = True
1332.2192 	EXP 	window1: mouseVisible = True
1332.2194 	EXP 	window1: mouseVisible = True
1332.2195 	EXP 	window1: mouseVisible = True
1332.2196 	EXP 	window1: mouseVisible = True
1332.2197 	EXP 	window1: mouseVisible = True
1332.2199 	EXP 	window1: mouseVisible = True
1332.2200 	EXP 	window1: mouseVisible = True
1332.2202 	EXP 	window1: mouseVisible = True
1332.2203 	EXP 	window1: mouseVisible = True
1332.2204 	EXP 	window1: mouseVisible = True
1332.2206 	EXP 	window1: mouseVisible = True
1332.2207 	EXP 	window1: mouseVisible = True
1332.2208 	EXP 	window1: mouseVisible = True
1332.2229 	EXP 	Created ratingScale = RatingScale(__class__=type(...), acceptKeys=['return'], acceptPreText=UNKNOWN, acceptSize=UNKNOWN, acceptText=UNKNOWN, autoLog=True, choices=False, colorSpace='rgb', depth=0, disappear=False, flipVert=False, high=100, kwargs=UNKNOWN, labels=list(...), leftKeys=['left'], lineColor=(255, 255, 255), low=0, marker=Rect(...), markerColor=(255, 255, 255), markerExpansion=UNKNOWN, markerStart=0.5, maxTime=0.0, minTime=0.4, mouseOnly=False, name='ratingScale', noMouse=False, pos=[0.0, 0.0], precision=100, respKeys=[], rightKeys=['right'], scale=None, self=UNKNOWN, showAccept=False, showValue=False, singleClick=False, size=0.6, skipKeys=['tab'], stretch=2.0, textColor='white', textFont='Helvetica Bold', textSize=0.144, tickHeight=0, tickMarks=10.0, win=Window(...))
1332.2229 	EXP 	RatingScale ratingScale: reset()
1332.2250 	EXP 	window1: mouseVisible = False
1332.2364 	EXP 	thermode_locali_EVA: autoDraw = False
1332.2364 	EXP 	thermode_locali_EVA: autoDraw = False
1332.2364 	EXP 	ratingScale: flipVert = False
1332.2364 	EXP 	ratingScale: autoLog = True
1332.2379 	EXP 	window1: mouseVisible = False
1332.2546 	EXP 	window1: mouseVisible = False
1332.2712 	EXP 	window1: mouseVisible = False
1332.2879 	EXP 	window1: mouseVisible = False
1332.3046 	EXP 	window1: mouseVisible = False
1332.3212 	EXP 	window1: mouseVisible = False
1332.3379 	EXP 	window1: mouseVisible = False
1332.3545 	EXP 	window1: mouseVisible = False
1332.3712 	EXP 	window1: mouseVisible = False
1332.3879 	EXP 	window1: mouseVisible = False
1332.4045 	EXP 	window1: mouseVisible = False
1332.4212 	EXP 	window1: mouseVisible = False
1332.4378 	EXP 	window1: mouseVisible = False
1332.4545 	EXP 	window1: mouseVisible = False
1332.4712 	EXP 	window1: mouseVisible = False
1332.4878 	EXP 	window1: mouseVisible = False
1332.5045 	EXP 	window1: mouseVisible = False
1332.5215 	EXP 	window1: mouseVisible = False
1332.5379 	EXP 	window1: mouseVisible = False
1332.5545 	EXP 	window1: mouseVisible = False
1332.5712 	EXP 	window1: mouseVisible = False
1332.5879 	EXP 	window1: mouseVisible = False
1332.6045 	EXP 	window1: mouseVisible = False
1332.6212 	EXP 	window1: mouseVisible = False
1332.6379 	EXP 	window1: mouseVisible = False
1332.6545 	EXP 	window1: mouseVisible = False
1332.6712 	EXP 	window1: mouseVisible = False
1332.6879 	EXP 	window1: mouseVisible = False
1332.7045 	EXP 	window1: mouseVisible = False
1332.7212 	EXP 	window1: mouseVisible = False
1332.7374 	DATA 	Keypress: n
1332.7380 	EXP 	window1: mouseVisible = False
1332.7545 	EXP 	window1: mouseVisible = False
1332.7712 	EXP 	window1: mouseVisible = False
1332.7878 	EXP 	window1: mouseVisible = False
1332.8045 	EXP 	window1: mouseVisible = False
1332.8212 	EXP 	window1: mouseVisible = False
1332.8378 	EXP 	window1: mouseVisible = False
1332.8546 	EXP 	window1: mouseVisible = False
1332.8712 	EXP 	window1: mouseVisible = False
1332.8878 	EXP 	window1: mouseVisible = False
1332.9045 	EXP 	window1: mouseVisible = False
1332.9212 	EXP 	window1: mouseVisible = False
1332.9378 	EXP 	window1: mouseVisible = False
1332.9545 	EXP 	window1: mouseVisible = False
1332.9712 	EXP 	window1: mouseVisible = False
1332.9880 	EXP 	window1: mouseVisible = False
1333.0045 	EXP 	window1: mouseVisible = False
1333.0212 	EXP 	window1: mouseVisible = False
1333.0380 	EXP 	window1: mouseVisible = False
1333.0545 	EXP 	window1: mouseVisible = False
1333.0712 	EXP 	window1: mouseVisible = False
1333.0879 	EXP 	window1: mouseVisible = False
1333.1045 	EXP 	window1: mouseVisible = False
1333.1213 	EXP 	window1: mouseVisible = False
1333.1379 	EXP 	window1: mouseVisible = False
1333.1545 	EXP 	window1: mouseVisible = False
1333.1712 	EXP 	window1: mouseVisible = False
1333.1879 	EXP 	window1: mouseVisible = False
1333.2047 	EXP 	window1: mouseVisible = False
1333.2212 	EXP 	window1: mouseVisible = False
1333.2379 	EXP 	window1: mouseVisible = False
1333.2545 	EXP 	window1: mouseVisible = False
1333.2707 	DATA 	Keypress: m
1333.2713 	EXP 	window1: mouseVisible = False
1333.2879 	EXP 	window1: mouseVisible = False
1333.3045 	EXP 	window1: mouseVisible = False
1333.3212 	EXP 	window1: mouseVisible = False
1333.3379 	EXP 	window1: mouseVisible = False
1333.3545 	EXP 	window1: mouseVisible = False
1333.3713 	EXP 	window1: mouseVisible = False
1333.3879 	EXP 	window1: mouseVisible = False
1333.4045 	EXP 	window1: mouseVisible = False
1333.4214 	EXP 	window1: mouseVisible = False
1333.4379 	EXP 	window1: mouseVisible = False
1333.4545 	EXP 	window1: mouseVisible = False
1333.4713 	EXP 	window1: mouseVisible = False
1333.4879 	EXP 	window1: mouseVisible = False
1333.5045 	EXP 	window1: mouseVisible = False
1333.5212 	EXP 	window1: mouseVisible = False
1333.5379 	EXP 	window1: mouseVisible = False
1333.5545 	EXP 	window1: mouseVisible = False
1333.5712 	EXP 	window1: mouseVisible = False
1333.5878 	EXP 	window1: mouseVisible = False
1333.6045 	EXP 	window1: mouseVisible = False
1333.6212 	EXP 	window1: mouseVisible = False
1333.6379 	EXP 	window1: mouseVisible = False
1333.6545 	EXP 	window1: mouseVisible = False
1333.6712 	EXP 	window1: mouseVisible = False
1333.6879 	EXP 	window1: mouseVisible = False
1333.7041 	DATA 	Keypress: m
1333.7046 	EXP 	window1: mouseVisible = False
1333.7212 	EXP 	window1: mouseVisible = False
1333.7389 	EXP 	window1: mouseVisible = False
1333.7549 	EXP 	window1: mouseVisible = False
1333.7713 	EXP 	window1: mouseVisible = False
1333.7880 	EXP 	window1: mouseVisible = False
1333.8046 	EXP 	window1: mouseVisible = False
1333.8213 	EXP 	window1: mouseVisible = False
1333.8380 	EXP 	window1: mouseVisible = False
1333.8549 	EXP 	window1: mouseVisible = False
1333.8712 	EXP 	window1: mouseVisible = False
1333.8879 	EXP 	window1: mouseVisible = False
1333.9045 	EXP 	window1: mouseVisible = False
1333.9212 	EXP 	window1: mouseVisible = False
1333.9379 	EXP 	window1: mouseVisible = False
1333.9545 	EXP 	window1: mouseVisible = False
1333.9712 	EXP 	window1: mouseVisible = False
1333.9879 	EXP 	window1: mouseVisible = False
1334.0041 	DATA 	Keypress: m
1334.0047 	EXP 	window1: mouseVisible = False
1334.0212 	EXP 	window1: mouseVisible = False
1334.0379 	EXP 	window1: mouseVisible = False
1334.0546 	EXP 	window1: mouseVisible = False
1334.0712 	EXP 	window1: mouseVisible = False
1334.0879 	EXP 	window1: mouseVisible = False
1334.1045 	EXP 	window1: mouseVisible = False
1334.1213 	EXP 	window1: mouseVisible = False
1334.1379 	EXP 	window1: mouseVisible = False
1334.1545 	EXP 	window1: mouseVisible = False
1334.1712 	EXP 	window1: mouseVisible = False
1334.1881 	EXP 	window1: mouseVisible = False
1334.2046 	EXP 	window1: mouseVisible = False
1334.2213 	EXP 	window1: mouseVisible = False
1334.2379 	EXP 	window1: mouseVisible = False
1334.2545 	EXP 	window1: mouseVisible = False
1334.2712 	EXP 	window1: mouseVisible = False
1334.2879 	EXP 	window1: mouseVisible = False
1334.3045 	EXP 	window1: mouseVisible = False
1334.3212 	EXP 	window1: mouseVisible = False
1334.3379 	EXP 	window1: mouseVisible = False
1334.3545 	EXP 	window1: mouseVisible = False
1334.3708 	DATA 	Keypress: m
1334.3713 	EXP 	window1: mouseVisible = False
1334.3879 	EXP 	window1: mouseVisible = False
1334.4046 	EXP 	window1: mouseVisible = False
1334.4212 	EXP 	window1: mouseVisible = False
1334.4379 	EXP 	window1: mouseVisible = False
1334.4545 	EXP 	window1: mouseVisible = False
1334.4712 	EXP 	window1: mouseVisible = False
1334.4879 	EXP 	window1: mouseVisible = False
1334.5048 	EXP 	window1: mouseVisible = False
1334.5212 	EXP 	window1: mouseVisible = False
1334.5379 	EXP 	window1: mouseVisible = False
1334.5546 	EXP 	window1: mouseVisible = False
1334.5712 	EXP 	window1: mouseVisible = False
1334.5879 	EXP 	window1: mouseVisible = False
1334.6045 	EXP 	window1: mouseVisible = False
1334.6212 	EXP 	window1: mouseVisible = False
1334.6375 	DATA 	Keypress: m
1334.6380 	EXP 	window1: mouseVisible = False
1334.6546 	EXP 	window1: mouseVisible = False
1334.6713 	EXP 	window1: mouseVisible = False
1334.6879 	EXP 	window1: mouseVisible = False
1334.7045 	EXP 	window1: mouseVisible = False
1334.7212 	EXP 	window1: mouseVisible = False
1334.7380 	EXP 	window1: mouseVisible = False
1334.7546 	EXP 	window1: mouseVisible = False
1334.7713 	EXP 	window1: mouseVisible = False
1334.7875 	DATA 	Keypress: m
1334.7880 	EXP 	window1: mouseVisible = False
1334.8045 	EXP 	window1: mouseVisible = False
1334.8212 	EXP 	window1: mouseVisible = False
1334.8379 	EXP 	window1: mouseVisible = False
1334.8546 	EXP 	window1: mouseVisible = False
1334.8712 	EXP 	window1: mouseVisible = False
1334.8879 	EXP 	window1: mouseVisible = False
1334.9045 	EXP 	window1: mouseVisible = False
1334.9213 	EXP 	window1: mouseVisible = False
1334.9379 	EXP 	window1: mouseVisible = False
1334.9545 	EXP 	window1: mouseVisible = False
1334.9713 	EXP 	window1: mouseVisible = False
1334.9879 	EXP 	window1: mouseVisible = False
1335.0046 	EXP 	window1: mouseVisible = False
1335.0212 	EXP 	window1: mouseVisible = False
1335.0375 	DATA 	Keypress: m
1335.0380 	EXP 	window1: mouseVisible = False
1335.0546 	EXP 	window1: mouseVisible = False
1335.0713 	EXP 	window1: mouseVisible = False
1335.0879 	EXP 	window1: mouseVisible = False
1335.1046 	EXP 	window1: mouseVisible = False
1335.1214 	EXP 	window1: mouseVisible = False
1335.1380 	EXP 	window1: mouseVisible = False
1335.1546 	EXP 	window1: mouseVisible = False
1335.1712 	EXP 	window1: mouseVisible = False
1335.1879 	EXP 	window1: mouseVisible = False
1335.2045 	EXP 	window1: mouseVisible = False
1335.2213 	EXP 	window1: mouseVisible = False
1335.2379 	EXP 	window1: mouseVisible = False
1335.2546 	EXP 	window1: mouseVisible = False
1335.2712 	EXP 	window1: mouseVisible = False
1335.2879 	EXP 	window1: mouseVisible = False
1335.3046 	EXP 	window1: mouseVisible = False
1335.3212 	EXP 	window1: mouseVisible = False
1335.3379 	EXP 	window1: mouseVisible = False
1335.3546 	EXP 	window1: mouseVisible = False
1335.3712 	EXP 	window1: mouseVisible = False
1335.3879 	EXP 	window1: mouseVisible = False
1335.4047 	EXP 	window1: mouseVisible = False
1335.4213 	EXP 	window1: mouseVisible = False
1335.4383 	DATA 	Keypress: space
1335.5533 	EXP 	main_text: autoDraw = True
1335.5533 	EXP 	confirm_text: autoDraw = True
1335.5533 	EXP 	ratingScale: autoDraw = False
1335.5533 	EXP 	main_text: autoDraw = False
1335.5533 	EXP 	confirm_text: autoDraw = False
1335.5533 	EXP 	text_8: autoDraw = True
1336.7368 	EXP 	Created sequence: random, trialTypes=1, nReps=4, seed=None
1336.7369 	EXP 	New trial (rep=0, index=0): None
1336.7392 	DATA 	Keypress: p
1336.7532 	EXP 	text_8: autoDraw = False
1336.7532 	EXP 	text_pic: autoDraw = True
1336.7532 	EXP 	croix_3: autoDraw = True
1341.7533 	EXP 	text_pic: autoDraw = False
1341.7533 	EXP 	croix_3: autoDraw = False
1341.7533 	EXP 	text_pic: autoDraw = False
1341.7533 	EXP 	croix_3: autoDraw = False
1341.7533 	EXP 	thermode_locali_pic: height = 0.02
1341.7533 	EXP 	thermode_locali_pic: height = 0.02
1341.7533 	EXP 	thermode_locali_pic: height = 0.02
1341.7533 	EXP 	thermode_locali_pic: text = 'T : 2'
1341.7533 	EXP 	responsel: text = 'OUI              '
1341.7533 	EXP 	thermode_locali_pic: autoDraw = True
1349.7368 	EXP 	responsel: autoDraw = True
1349.7368 	EXP 	percu_or: autoDraw = True
1349.7368 	EXP 	responser: autoDraw = True
1350.1379 	DATA 	Keypress: m
1350.1868 	EXP 	responsel: foreColor = (0, 0, 0)
1350.2034 	EXP 	responsel: foreColor = (0, 0, 0)
1350.2201 	EXP 	responsel: foreColor = (0, 0, 0)
1350.2367 	EXP 	responsel: foreColor = (0, 0, 0)
1350.2534 	EXP 	responsel: foreColor = (0, 0, 0)
1350.2701 	EXP 	responsel: foreColor = (0, 0, 0)
1350.2868 	EXP 	responsel: foreColor = (0, 0, 0)
1350.3034 	EXP 	responsel: foreColor = (0, 0, 0)
1350.3201 	EXP 	responsel: foreColor = (0, 0, 0)
1350.3368 	EXP 	responsel: foreColor = (0, 0, 0)
1350.3534 	EXP 	responsel: foreColor = (0, 0, 0)
1350.3700 	EXP 	responsel: foreColor = (0, 0, 0)
1350.3868 	EXP 	responsel: foreColor = (0, 0, 0)
1350.4034 	EXP 	responsel: foreColor = (0, 0, 0)
1350.4201 	EXP 	responsel: foreColor = (0, 0, 0)
1350.4368 	EXP 	responsel: foreColor = (0, 0, 0)
1350.4534 	EXP 	responsel: foreColor = (0, 0, 0)
1350.4701 	EXP 	responsel: foreColor = (0, 0, 0)
1350.4868 	EXP 	responsel: foreColor = (0, 0, 0)
1350.5034 	EXP 	responsel: foreColor = (0, 0, 0)
1350.5201 	EXP 	responsel: foreColor = (0, 0, 0)
1350.5368 	EXP 	responsel: foreColor = (0, 0, 0)
1350.5534 	EXP 	responsel: foreColor = (0, 0, 0)
1350.5701 	EXP 	responsel: foreColor = (0, 0, 0)
1350.5868 	EXP 	responsel: foreColor = (0, 0, 0)
1350.6034 	EXP 	responsel: foreColor = (0, 0, 0)
1350.6201 	EXP 	responsel: foreColor = (0, 0, 0)
1350.6368 	EXP 	responsel: foreColor = (0, 0, 0)
1350.6534 	EXP 	responsel: foreColor = (0, 0, 0)
1350.6701 	EXP 	responsel: foreColor = (0, 0, 0)
1350.6868 	EXP 	responsel: foreColor = (0, 0, 0)
1350.7034 	EXP 	responsel: foreColor = (0, 0, 0)
1350.7201 	EXP 	responsel: foreColor = (0, 0, 0)
1350.7368 	EXP 	responsel: foreColor = (0, 0, 0)
1350.7534 	EXP 	responsel: foreColor = (0, 0, 0)
1350.7701 	EXP 	responsel: foreColor = (0, 0, 0)
1350.7868 	EXP 	responsel: foreColor = (0, 0, 0)
1350.8034 	EXP 	responsel: foreColor = (0, 0, 0)
1350.8201 	EXP 	responsel: foreColor = (0, 0, 0)
1350.8368 	EXP 	responsel: foreColor = (0, 0, 0)
1350.8534 	EXP 	responsel: foreColor = (0, 0, 0)
1350.8701 	EXP 	responsel: foreColor = (0, 0, 0)
1350.8868 	EXP 	responsel: foreColor = (0, 0, 0)
1350.9034 	EXP 	responsel: foreColor = (0, 0, 0)
1350.9201 	EXP 	responsel: foreColor = (0, 0, 0)
1350.9368 	EXP 	responsel: foreColor = (0, 0, 0)
1350.9534 	EXP 	responsel: foreColor = (0, 0, 0)
1350.9701 	EXP 	responsel: foreColor = (0, 0, 0)
1350.9868 	EXP 	responsel: foreColor = (0, 0, 0)
1351.0034 	EXP 	responsel: foreColor = (0, 0, 0)
1351.0201 	EXP 	responsel: foreColor = (0, 0, 0)
1351.0368 	EXP 	responsel: foreColor = (0, 0, 0)
1351.0534 	EXP 	responsel: foreColor = (0, 0, 0)
1351.0700 	EXP 	responsel: foreColor = (0, 0, 0)
1351.0867 	EXP 	responsel: foreColor = (0, 0, 0)
1351.1034 	EXP 	responsel: foreColor = (0, 0, 0)
1351.1201 	EXP 	responsel: foreColor = (0, 0, 0)
1351.1368 	EXP 	responsel: foreColor = (0, 0, 0)
1351.1534 	EXP 	responsel: foreColor = (0, 0, 0)
1351.1701 	EXP 	responsel: foreColor = (0, 0, 0)
1351.1868 	EXP 	responsel: foreColor = (0, 0, 0)
1351.2034 	EXP 	responsel: foreColor = (0, 0, 0)
1351.2201 	EXP 	responsel: foreColor = (0, 0, 0)
1351.2368 	EXP 	responsel: foreColor = (0, 0, 0)
1351.2534 	EXP 	responsel: foreColor = (0, 0, 0)
1351.2701 	EXP 	responsel: foreColor = (0, 0, 0)
1351.2868 	EXP 	responsel: foreColor = (0, 0, 0)
1351.3034 	EXP 	responsel: foreColor = (0, 0, 0)
1351.3201 	EXP 	responsel: foreColor = (0, 0, 0)
1351.3368 	EXP 	responsel: foreColor = (0, 0, 0)
1351.3534 	EXP 	responsel: foreColor = (0, 0, 0)
1351.3701 	EXP 	responsel: foreColor = (0, 0, 0)
1351.3868 	EXP 	responsel: foreColor = (0, 0, 0)
1351.4034 	EXP 	responsel: foreColor = (0, 0, 0)
1351.4201 	EXP 	responsel: foreColor = (0, 0, 0)
1351.4368 	EXP 	responsel: foreColor = (0, 0, 0)
1351.4534 	EXP 	responsel: foreColor = (0, 0, 0)
1351.4702 	EXP 	responsel: foreColor = (0, 0, 0)
1351.4867 	EXP 	responsel: foreColor = (0, 0, 0)
1351.5034 	EXP 	responsel: foreColor = (0, 0, 0)
1351.5201 	EXP 	responsel: foreColor = (0, 0, 0)
1351.5368 	EXP 	responsel: foreColor = (0, 0, 0)
1351.5534 	EXP 	responsel: foreColor = (0, 0, 0)
1351.5701 	EXP 	responsel: foreColor = (0, 0, 0)
1351.5868 	EXP 	responsel: foreColor = (0, 0, 0)
1351.6034 	EXP 	responsel: foreColor = (0, 0, 0)
1351.6201 	EXP 	responsel: foreColor = (0, 0, 0)
1351.6368 	EXP 	responsel: foreColor = (0, 0, 0)
1351.6534 	EXP 	responsel: foreColor = (0, 0, 0)
1351.6701 	EXP 	responsel: foreColor = (0, 0, 0)
1351.6868 	EXP 	responsel: foreColor = (0, 0, 0)
1351.7035 	EXP 	responsel: foreColor = (0, 0, 0)
1351.7201 	EXP 	responsel: foreColor = (0, 0, 0)
1351.7368 	EXP 	responsel: foreColor = (0, 0, 0)
1351.7534 	EXP 	responsel: foreColor = (0, 0, 0)
1351.7701 	EXP 	responsel: foreColor = (0, 0, 0)
1351.7868 	EXP 	responsel: foreColor = (0, 0, 0)
1351.8035 	EXP 	responsel: foreColor = (0, 0, 0)
1351.8201 	EXP 	responsel: foreColor = (0, 0, 0)
1351.8368 	EXP 	responsel: foreColor = (0, 0, 0)
1351.8534 	EXP 	responsel: foreColor = (0, 0, 0)
1351.8701 	EXP 	responsel: foreColor = (0, 0, 0)
1351.8867 	EXP 	responsel: foreColor = (0, 0, 0)
1351.9035 	EXP 	responsel: foreColor = (0, 0, 0)
1351.9201 	EXP 	responsel: foreColor = (0, 0, 0)
1351.9367 	EXP 	responsel: foreColor = (0, 0, 0)
1351.9534 	EXP 	responsel: foreColor = (0, 0, 0)
1351.9701 	EXP 	responsel: foreColor = (0, 0, 0)
1351.9868 	EXP 	responsel: foreColor = (0, 0, 0)
1352.0034 	EXP 	responsel: foreColor = (0, 0, 0)
1352.0201 	EXP 	responsel: foreColor = (0, 0, 0)
1352.0367 	EXP 	responsel: foreColor = (0, 0, 0)
1352.0534 	EXP 	responsel: foreColor = (0, 0, 0)
1352.0701 	EXP 	responsel: foreColor = (0, 0, 0)
1352.0868 	EXP 	responsel: foreColor = (0, 0, 0)
1352.1035 	EXP 	responsel: foreColor = (0, 0, 0)
1352.1201 	EXP 	responsel: foreColor = (0, 0, 0)
1352.1368 	EXP 	responsel: foreColor = (0, 0, 0)
1352.1534 	EXP 	responsel: foreColor = (0, 0, 0)
1352.1701 	EXP 	responsel: foreColor = (0, 0, 0)
1352.1868 	EXP 	responsel: foreColor = (0, 0, 0)
1352.2035 	EXP 	responsel: foreColor = (0, 0, 0)
1352.2201 	EXP 	responsel: foreColor = (0, 0, 0)
1352.2367 	EXP 	responsel: foreColor = (0, 0, 0)
1352.2535 	EXP 	responsel: foreColor = (0, 0, 0)
1352.2701 	EXP 	responsel: foreColor = (0, 0, 0)
1352.2868 	EXP 	responsel: foreColor = (0, 0, 0)
1352.3034 	EXP 	responsel: foreColor = (0, 0, 0)
1352.3201 	EXP 	responsel: foreColor = (0, 0, 0)
1352.3367 	EXP 	responsel: foreColor = (0, 0, 0)
1352.3534 	EXP 	responsel: foreColor = (0, 0, 0)
1352.3701 	EXP 	responsel: foreColor = (0, 0, 0)
1352.3868 	EXP 	responsel: foreColor = (0, 0, 0)
1352.4035 	EXP 	responsel: foreColor = (0, 0, 0)
1352.4201 	EXP 	responsel: foreColor = (0, 0, 0)
1352.4367 	EXP 	responsel: foreColor = (0, 0, 0)
1352.4535 	EXP 	responsel: foreColor = (0, 0, 0)
1352.4701 	EXP 	responsel: foreColor = (0, 0, 0)
1352.4868 	EXP 	responsel: foreColor = (0, 0, 0)
1352.5034 	EXP 	responsel: foreColor = (0, 0, 0)
1352.5201 	EXP 	responsel: foreColor = (0, 0, 0)
1352.5367 	EXP 	responsel: foreColor = (0, 0, 0)
1352.5535 	EXP 	responsel: foreColor = (0, 0, 0)
1352.5701 	EXP 	responsel: foreColor = (0, 0, 0)
1352.5868 	EXP 	responsel: foreColor = (0, 0, 0)
1352.6035 	EXP 	responsel: foreColor = (0, 0, 0)
1352.6201 	EXP 	responsel: foreColor = (0, 0, 0)
1352.6367 	EXP 	responsel: foreColor = (0, 0, 0)
1352.6535 	EXP 	responsel: foreColor = (0, 0, 0)
1352.6701 	EXP 	responsel: foreColor = (0, 0, 0)
1352.6868 	EXP 	responsel: foreColor = (0, 0, 0)
1352.7034 	EXP 	responsel: foreColor = (0, 0, 0)
1352.7034 	EXP 	thermode_locali_pic: autoDraw = False
1352.7201 	EXP 	responsel: foreColor = (0, 0, 0)
1352.7207 	EXP 	New trial (rep=1, index=0): None
1352.7367 	EXP 	responsel: foreColor = (0, 0, 0)
1352.7367 	EXP 	responsel: autoDraw = False
1352.7367 	EXP 	percu_or: autoDraw = False
1352.7367 	EXP 	responser: autoDraw = False
1352.7367 	EXP 	thermode_locali_pic: autoDraw = False
1352.7367 	EXP 	responsel: autoDraw = False
1352.7367 	EXP 	percu_or: autoDraw = False
1352.7367 	EXP 	responser: autoDraw = False
1352.7367 	EXP 	responsel: foreColor = 'white'
1352.7367 	EXP 	responser: foreColor = 'white'
1352.7367 	EXP 	text_pic: autoDraw = True
1352.7367 	EXP 	croix_3: autoDraw = True
1357.7369 	EXP 	text_pic: autoDraw = False
1357.7369 	EXP 	croix_3: autoDraw = False
1357.7369 	EXP 	text_pic: autoDraw = False
1357.7369 	EXP 	croix_3: autoDraw = False
1357.7369 	EXP 	thermode_locali_pic: height = 0.02
1357.7369 	EXP 	thermode_locali_pic: height = 0.02
1357.7369 	EXP 	thermode_locali_pic: height = 0.02
1357.7369 	EXP 	thermode_locali_pic: text = 'T : 3'
1357.7369 	EXP 	responsel: text = 'OUI              '
1357.7369 	EXP 	thermode_locali_pic: autoDraw = True
1365.7202 	EXP 	responsel: autoDraw = True
1365.7202 	EXP 	percu_or: autoDraw = True
1365.7202 	EXP 	responser: autoDraw = True
1366.0880 	DATA 	Keypress: n
1366.1202 	EXP 	responser: foreColor = (0, 0, 0)
1366.1369 	EXP 	responser: foreColor = (0, 0, 0)
1366.1535 	EXP 	responser: foreColor = (0, 0, 0)
1366.1702 	EXP 	responser: foreColor = (0, 0, 0)
1366.1869 	EXP 	responser: foreColor = (0, 0, 0)
1366.2035 	EXP 	responser: foreColor = (0, 0, 0)
1366.2202 	EXP 	responser: foreColor = (0, 0, 0)
1366.2369 	EXP 	responser: foreColor = (0, 0, 0)
1366.2535 	EXP 	responser: foreColor = (0, 0, 0)
1366.2702 	EXP 	responser: foreColor = (0, 0, 0)
1366.2869 	EXP 	responser: foreColor = (0, 0, 0)
1366.3035 	EXP 	responser: foreColor = (0, 0, 0)
1366.3202 	EXP 	responser: foreColor = (0, 0, 0)
1366.3369 	EXP 	responser: foreColor = (0, 0, 0)
1366.3535 	EXP 	responser: foreColor = (0, 0, 0)
1366.3702 	EXP 	responser: foreColor = (0, 0, 0)
1366.3869 	EXP 	responser: foreColor = (0, 0, 0)
1366.4035 	EXP 	responser: foreColor = (0, 0, 0)
1366.4202 	EXP 	responser: foreColor = (0, 0, 0)
1366.4369 	EXP 	responser: foreColor = (0, 0, 0)
1366.4535 	EXP 	responser: foreColor = (0, 0, 0)
1366.4702 	EXP 	responser: foreColor = (0, 0, 0)
1366.4868 	EXP 	responser: foreColor = (0, 0, 0)
1366.5035 	EXP 	responser: foreColor = (0, 0, 0)
1366.5202 	EXP 	responser: foreColor = (0, 0, 0)
1366.5368 	EXP 	responser: foreColor = (0, 0, 0)
1366.5535 	EXP 	responser: foreColor = (0, 0, 0)
1366.5702 	EXP 	responser: foreColor = (0, 0, 0)
1366.5868 	EXP 	responser: foreColor = (0, 0, 0)
1366.6035 	EXP 	responser: foreColor = (0, 0, 0)
1366.6202 	EXP 	responser: foreColor = (0, 0, 0)
1366.6369 	EXP 	responser: foreColor = (0, 0, 0)
1366.6535 	EXP 	responser: foreColor = (0, 0, 0)
1366.6702 	EXP 	responser: foreColor = (0, 0, 0)
1366.6868 	EXP 	responser: foreColor = (0, 0, 0)
1366.7035 	EXP 	responser: foreColor = (0, 0, 0)
1366.7202 	EXP 	responser: foreColor = (0, 0, 0)
1366.7368 	EXP 	responser: foreColor = (0, 0, 0)
1366.7535 	EXP 	responser: foreColor = (0, 0, 0)
1366.7702 	EXP 	responser: foreColor = (0, 0, 0)
1366.7868 	EXP 	responser: foreColor = (0, 0, 0)
1366.8035 	EXP 	responser: foreColor = (0, 0, 0)
1366.8202 	EXP 	responser: foreColor = (0, 0, 0)
1366.8369 	EXP 	responser: foreColor = (0, 0, 0)
1366.8535 	EXP 	responser: foreColor = (0, 0, 0)
1366.8702 	EXP 	responser: foreColor = (0, 0, 0)
1366.8868 	EXP 	responser: foreColor = (0, 0, 0)
1366.9035 	EXP 	responser: foreColor = (0, 0, 0)
1366.9202 	EXP 	responser: foreColor = (0, 0, 0)
1366.9369 	EXP 	responser: foreColor = (0, 0, 0)
1366.9535 	EXP 	responser: foreColor = (0, 0, 0)
1366.9702 	EXP 	responser: foreColor = (0, 0, 0)
1366.9869 	EXP 	responser: foreColor = (0, 0, 0)
1367.0035 	EXP 	responser: foreColor = (0, 0, 0)
1367.0202 	EXP 	responser: foreColor = (0, 0, 0)
1367.0369 	EXP 	responser: foreColor = (0, 0, 0)
1367.0535 	EXP 	responser: foreColor = (0, 0, 0)
1367.0702 	EXP 	responser: foreColor = (0, 0, 0)
1367.0869 	EXP 	responser: foreColor = (0, 0, 0)
1367.1035 	EXP 	responser: foreColor = (0, 0, 0)
1367.1202 	EXP 	responser: foreColor = (0, 0, 0)
1367.1369 	EXP 	responser: foreColor = (0, 0, 0)
1367.1535 	EXP 	responser: foreColor = (0, 0, 0)
1367.1702 	EXP 	responser: foreColor = (0, 0, 0)
1367.1869 	EXP 	responser: foreColor = (0, 0, 0)
1367.2035 	EXP 	responser: foreColor = (0, 0, 0)
1367.2202 	EXP 	responser: foreColor = (0, 0, 0)
1367.2369 	EXP 	responser: foreColor = (0, 0, 0)
1367.2535 	EXP 	responser: foreColor = (0, 0, 0)
1367.2702 	EXP 	responser: foreColor = (0, 0, 0)
1367.2869 	EXP 	responser: foreColor = (0, 0, 0)
1367.3035 	EXP 	responser: foreColor = (0, 0, 0)
1367.3202 	EXP 	responser: foreColor = (0, 0, 0)
1367.3368 	EXP 	responser: foreColor = (0, 0, 0)
1367.3535 	EXP 	responser: foreColor = (0, 0, 0)
1367.3702 	EXP 	responser: foreColor = (0, 0, 0)
1367.3869 	EXP 	responser: foreColor = (0, 0, 0)
1367.4035 	EXP 	responser: foreColor = (0, 0, 0)
1367.4202 	EXP 	responser: foreColor = (0, 0, 0)
1367.4369 	EXP 	responser: foreColor = (0, 0, 0)
1367.4535 	EXP 	responser: foreColor = (0, 0, 0)
1367.4702 	EXP 	responser: foreColor = (0, 0, 0)
1367.4869 	EXP 	responser: foreColor = (0, 0, 0)
1367.5035 	EXP 	responser: foreColor = (0, 0, 0)
1367.5202 	EXP 	responser: foreColor = (0, 0, 0)
1367.5368 	EXP 	responser: foreColor = (0, 0, 0)
1367.5535 	EXP 	responser: foreColor = (0, 0, 0)
1367.5702 	EXP 	responser: foreColor = (0, 0, 0)
1367.5869 	EXP 	responser: foreColor = (0, 0, 0)
1367.6035 	EXP 	responser: foreColor = (0, 0, 0)
1367.6202 	EXP 	responser: foreColor = (0, 0, 0)
1367.6369 	EXP 	responser: foreColor = (0, 0, 0)
1367.6535 	EXP 	responser: foreColor = (0, 0, 0)
1367.6702 	EXP 	responser: foreColor = (0, 0, 0)
1367.6869 	EXP 	responser: foreColor = (0, 0, 0)
1367.7035 	EXP 	responser: foreColor = (0, 0, 0)
1367.7202 	EXP 	responser: foreColor = (0, 0, 0)
1367.7369 	EXP 	responser: foreColor = (0, 0, 0)
1367.7535 	EXP 	responser: foreColor = (0, 0, 0)
1367.7702 	EXP 	responser: foreColor = (0, 0, 0)
1367.7869 	EXP 	responser: foreColor = (0, 0, 0)
1367.8035 	EXP 	responser: foreColor = (0, 0, 0)
1367.8202 	EXP 	responser: foreColor = (0, 0, 0)
1367.8368 	EXP 	responser: foreColor = (0, 0, 0)
1367.8535 	EXP 	responser: foreColor = (0, 0, 0)
1367.8702 	EXP 	responser: foreColor = (0, 0, 0)
1367.8868 	EXP 	responser: foreColor = (0, 0, 0)
1367.9035 	EXP 	responser: foreColor = (0, 0, 0)
1367.9202 	EXP 	responser: foreColor = (0, 0, 0)
1367.9368 	EXP 	responser: foreColor = (0, 0, 0)
1367.9535 	EXP 	responser: foreColor = (0, 0, 0)
1367.9702 	EXP 	responser: foreColor = (0, 0, 0)
1367.9868 	EXP 	responser: foreColor = (0, 0, 0)
1368.0035 	EXP 	responser: foreColor = (0, 0, 0)
1368.0202 	EXP 	responser: foreColor = (0, 0, 0)
1368.0368 	EXP 	responser: foreColor = (0, 0, 0)
1368.0535 	EXP 	responser: foreColor = (0, 0, 0)
1368.0702 	EXP 	responser: foreColor = (0, 0, 0)
1368.0868 	EXP 	responser: foreColor = (0, 0, 0)
1368.1035 	EXP 	responser: foreColor = (0, 0, 0)
1368.1202 	EXP 	responser: foreColor = (0, 0, 0)
1368.1368 	EXP 	responser: foreColor = (0, 0, 0)
1368.1535 	EXP 	responser: foreColor = (0, 0, 0)
1368.1702 	EXP 	responser: foreColor = (0, 0, 0)
1368.1868 	EXP 	responser: foreColor = (0, 0, 0)
1368.2035 	EXP 	responser: foreColor = (0, 0, 0)
1368.2202 	EXP 	responser: foreColor = (0, 0, 0)
1368.2368 	EXP 	responser: foreColor = (0, 0, 0)
1368.2535 	EXP 	responser: foreColor = (0, 0, 0)
1368.2702 	EXP 	responser: foreColor = (0, 0, 0)
1368.2868 	EXP 	responser: foreColor = (0, 0, 0)
1368.3035 	EXP 	responser: foreColor = (0, 0, 0)
1368.3202 	EXP 	responser: foreColor = (0, 0, 0)
1368.3368 	EXP 	responser: foreColor = (0, 0, 0)
1368.3535 	EXP 	responser: foreColor = (0, 0, 0)
1368.3702 	EXP 	responser: foreColor = (0, 0, 0)
1368.3868 	EXP 	responser: foreColor = (0, 0, 0)
1368.4035 	EXP 	responser: foreColor = (0, 0, 0)
1368.4202 	EXP 	responser: foreColor = (0, 0, 0)
1368.4368 	EXP 	responser: foreColor = (0, 0, 0)
1368.4535 	EXP 	responser: foreColor = (0, 0, 0)
1368.4702 	EXP 	responser: foreColor = (0, 0, 0)
1368.4869 	EXP 	responser: foreColor = (0, 0, 0)
1368.5035 	EXP 	responser: foreColor = (0, 0, 0)
1368.5202 	EXP 	responser: foreColor = (0, 0, 0)
1368.5369 	EXP 	responser: foreColor = (0, 0, 0)
1368.5535 	EXP 	responser: foreColor = (0, 0, 0)
1368.5702 	EXP 	responser: foreColor = (0, 0, 0)
1368.5869 	EXP 	responser: foreColor = (0, 0, 0)
1368.6035 	EXP 	responser: foreColor = (0, 0, 0)
1368.6202 	EXP 	responser: foreColor = (0, 0, 0)
1368.6368 	EXP 	responser: foreColor = (0, 0, 0)
1368.6535 	EXP 	responser: foreColor = (0, 0, 0)
1368.6702 	EXP 	responser: foreColor = (0, 0, 0)
1368.6868 	EXP 	responser: foreColor = (0, 0, 0)
1368.6868 	EXP 	thermode_locali_pic: autoDraw = False
1368.7035 	EXP 	responser: foreColor = (0, 0, 0)
1368.7040 	EXP 	New trial (rep=2, index=0): None
1368.7202 	EXP 	responser: foreColor = (0, 0, 0)
1368.7202 	EXP 	responsel: autoDraw = False
1368.7202 	EXP 	percu_or: autoDraw = False
1368.7202 	EXP 	responser: autoDraw = False
1368.7202 	EXP 	thermode_locali_pic: autoDraw = False
1368.7202 	EXP 	responsel: autoDraw = False
1368.7202 	EXP 	percu_or: autoDraw = False
1368.7202 	EXP 	responser: autoDraw = False
1368.7202 	EXP 	responsel: foreColor = 'white'
1368.7202 	EXP 	responser: foreColor = 'white'
1368.7202 	EXP 	text_pic: autoDraw = True
1368.7202 	EXP 	croix_3: autoDraw = True
1373.7203 	EXP 	text_pic: autoDraw = False
1373.7203 	EXP 	croix_3: autoDraw = False
1373.7203 	EXP 	text_pic: autoDraw = False
1373.7203 	EXP 	croix_3: autoDraw = False
1373.7203 	EXP 	thermode_locali_pic: height = 0.02
1373.7203 	EXP 	thermode_locali_pic: height = 0.02
1373.7203 	EXP 	thermode_locali_pic: height = 0.02
1373.7203 	EXP 	thermode_locali_pic: text = 'T : 0'
1373.7203 	EXP 	responsel: text = 'OUI              '
1373.7203 	EXP 	thermode_locali_pic: autoDraw = True
1381.7038 	EXP 	responsel: autoDraw = True
1381.7038 	EXP 	percu_or: autoDraw = True
1381.7038 	EXP 	responser: autoDraw = True
1382.2549 	DATA 	Keypress: m
1382.2872 	EXP 	responsel: foreColor = (0, 0, 0)
1382.3037 	EXP 	responsel: foreColor = (0, 0, 0)
1382.3205 	EXP 	responsel: foreColor = (0, 0, 0)
1382.3371 	EXP 	responsel: foreColor = (0, 0, 0)
1382.3538 	EXP 	responsel: foreColor = (0, 0, 0)
1382.3705 	EXP 	responsel: foreColor = (0, 0, 0)
1382.3871 	EXP 	responsel: foreColor = (0, 0, 0)
1382.4038 	EXP 	responsel: foreColor = (0, 0, 0)
1382.4205 	EXP 	responsel: foreColor = (0, 0, 0)
1382.4371 	EXP 	responsel: foreColor = (0, 0, 0)
1382.4538 	EXP 	responsel: foreColor = (0, 0, 0)
1382.4705 	EXP 	responsel: foreColor = (0, 0, 0)
1382.4871 	EXP 	responsel: foreColor = (0, 0, 0)
1382.5038 	EXP 	responsel: foreColor = (0, 0, 0)
1382.5205 	EXP 	responsel: foreColor = (0, 0, 0)
1382.5371 	EXP 	responsel: foreColor = (0, 0, 0)
1382.5538 	EXP 	responsel: foreColor = (0, 0, 0)
1382.5705 	EXP 	responsel: foreColor = (0, 0, 0)
1382.5871 	EXP 	responsel: foreColor = (0, 0, 0)
1382.6038 	EXP 	responsel: foreColor = (0, 0, 0)
1382.6205 	EXP 	responsel: foreColor = (0, 0, 0)
1382.6371 	EXP 	responsel: foreColor = (0, 0, 0)
1382.6538 	EXP 	responsel: foreColor = (0, 0, 0)
1382.6705 	EXP 	responsel: foreColor = (0, 0, 0)
1382.6871 	EXP 	responsel: foreColor = (0, 0, 0)
1382.7038 	EXP 	responsel: foreColor = (0, 0, 0)
1382.7205 	EXP 	responsel: foreColor = (0, 0, 0)
1382.7371 	EXP 	responsel: foreColor = (0, 0, 0)
1382.7538 	EXP 	responsel: foreColor = (0, 0, 0)
1382.7705 	EXP 	responsel: foreColor = (0, 0, 0)
1382.7871 	EXP 	responsel: foreColor = (0, 0, 0)
1382.8038 	EXP 	responsel: foreColor = (0, 0, 0)
1382.8205 	EXP 	responsel: foreColor = (0, 0, 0)
1382.8371 	EXP 	responsel: foreColor = (0, 0, 0)
1382.8538 	EXP 	responsel: foreColor = (0, 0, 0)
1382.8705 	EXP 	responsel: foreColor = (0, 0, 0)
1382.8871 	EXP 	responsel: foreColor = (0, 0, 0)
1382.9038 	EXP 	responsel: foreColor = (0, 0, 0)
1382.9205 	EXP 	responsel: foreColor = (0, 0, 0)
1382.9371 	EXP 	responsel: foreColor = (0, 0, 0)
1382.9538 	EXP 	responsel: foreColor = (0, 0, 0)
1382.9705 	EXP 	responsel: foreColor = (0, 0, 0)
1382.9871 	EXP 	responsel: foreColor = (0, 0, 0)
1383.0038 	EXP 	responsel: foreColor = (0, 0, 0)
1383.0205 	EXP 	responsel: foreColor = (0, 0, 0)
1383.0371 	EXP 	responsel: foreColor = (0, 0, 0)
1383.0538 	EXP 	responsel: foreColor = (0, 0, 0)
1383.0705 	EXP 	responsel: foreColor = (0, 0, 0)
1383.0871 	EXP 	responsel: foreColor = (0, 0, 0)
1383.1037 	EXP 	responsel: foreColor = (0, 0, 0)
1383.1204 	EXP 	responsel: foreColor = (0, 0, 0)
1383.1371 	EXP 	responsel: foreColor = (0, 0, 0)
1383.1538 	EXP 	responsel: foreColor = (0, 0, 0)
1383.1705 	EXP 	responsel: foreColor = (0, 0, 0)
1383.1871 	EXP 	responsel: foreColor = (0, 0, 0)
1383.2038 	EXP 	responsel: foreColor = (0, 0, 0)
1383.2205 	EXP 	responsel: foreColor = (0, 0, 0)
1383.2371 	EXP 	responsel: foreColor = (0, 0, 0)
1383.2538 	EXP 	responsel: foreColor = (0, 0, 0)
1383.2705 	EXP 	responsel: foreColor = (0, 0, 0)
1383.2871 	EXP 	responsel: foreColor = (0, 0, 0)
1383.3038 	EXP 	responsel: foreColor = (0, 0, 0)
1383.3205 	EXP 	responsel: foreColor = (0, 0, 0)
1383.3371 	EXP 	responsel: foreColor = (0, 0, 0)
1383.3538 	EXP 	responsel: foreColor = (0, 0, 0)
1383.3705 	EXP 	responsel: foreColor = (0, 0, 0)
1383.3872 	EXP 	responsel: foreColor = (0, 0, 0)
1383.4038 	EXP 	responsel: foreColor = (0, 0, 0)
1383.4205 	EXP 	responsel: foreColor = (0, 0, 0)
1383.4371 	EXP 	responsel: foreColor = (0, 0, 0)
1383.4538 	EXP 	responsel: foreColor = (0, 0, 0)
1383.4705 	EXP 	responsel: foreColor = (0, 0, 0)
1383.4871 	EXP 	responsel: foreColor = (0, 0, 0)
1383.5038 	EXP 	responsel: foreColor = (0, 0, 0)
1383.5204 	EXP 	responsel: foreColor = (0, 0, 0)
1383.5371 	EXP 	responsel: foreColor = (0, 0, 0)
1383.5538 	EXP 	responsel: foreColor = (0, 0, 0)
1383.5705 	EXP 	responsel: foreColor = (0, 0, 0)
1383.5871 	EXP 	responsel: foreColor = (0, 0, 0)
1383.6038 	EXP 	responsel: foreColor = (0, 0, 0)
1383.6205 	EXP 	responsel: foreColor = (0, 0, 0)
1383.6371 	EXP 	responsel: foreColor = (0, 0, 0)
1383.6538 	EXP 	responsel: foreColor = (0, 0, 0)
1383.6705 	EXP 	responsel: foreColor = (0, 0, 0)
1383.6871 	EXP 	responsel: foreColor = (0, 0, 0)
1383.7038 	EXP 	responsel: foreColor = (0, 0, 0)
1383.7205 	EXP 	responsel: foreColor = (0, 0, 0)
1383.7372 	EXP 	responsel: foreColor = (0, 0, 0)
1383.7538 	EXP 	responsel: foreColor = (0, 0, 0)
1383.7705 	EXP 	responsel: foreColor = (0, 0, 0)
1383.7871 	EXP 	responsel: foreColor = (0, 0, 0)
1383.8038 	EXP 	responsel: foreColor = (0, 0, 0)
1383.8205 	EXP 	responsel: foreColor = (0, 0, 0)
1383.8372 	EXP 	responsel: foreColor = (0, 0, 0)
1383.8538 	EXP 	responsel: foreColor = (0, 0, 0)
1383.8705 	EXP 	responsel: foreColor = (0, 0, 0)
1383.8871 	EXP 	responsel: foreColor = (0, 0, 0)
1383.9038 	EXP 	responsel: foreColor = (0, 0, 0)
1383.9204 	EXP 	responsel: foreColor = (0, 0, 0)
1383.9371 	EXP 	responsel: foreColor = (0, 0, 0)
1383.9538 	EXP 	responsel: foreColor = (0, 0, 0)
1383.9705 	EXP 	responsel: foreColor = (0, 0, 0)
1383.9871 	EXP 	responsel: foreColor = (0, 0, 0)
1384.0038 	EXP 	responsel: foreColor = (0, 0, 0)
1384.0205 	EXP 	responsel: foreColor = (0, 0, 0)
1384.0371 	EXP 	responsel: foreColor = (0, 0, 0)
1384.0538 	EXP 	responsel: foreColor = (0, 0, 0)
1384.0704 	EXP 	responsel: foreColor = (0, 0, 0)
1384.0873 	EXP 	responsel: foreColor = (0, 0, 0)
1384.1040 	EXP 	responsel: foreColor = (0, 0, 0)
1384.1206 	EXP 	responsel: foreColor = (0, 0, 0)
1384.1373 	EXP 	responsel: foreColor = (0, 0, 0)
1384.1539 	EXP 	responsel: foreColor = (0, 0, 0)
1384.1706 	EXP 	responsel: foreColor = (0, 0, 0)
1384.1871 	EXP 	responsel: foreColor = (0, 0, 0)
1384.2038 	EXP 	responsel: foreColor = (0, 0, 0)
1384.2205 	EXP 	responsel: foreColor = (0, 0, 0)
1384.2372 	EXP 	responsel: foreColor = (0, 0, 0)
1384.2538 	EXP 	responsel: foreColor = (0, 0, 0)
1384.2705 	EXP 	responsel: foreColor = (0, 0, 0)
1384.2871 	EXP 	responsel: foreColor = (0, 0, 0)
1384.3038 	EXP 	responsel: foreColor = (0, 0, 0)
1384.3205 	EXP 	responsel: foreColor = (0, 0, 0)
1384.3371 	EXP 	responsel: foreColor = (0, 0, 0)
1384.3538 	EXP 	responsel: foreColor = (0, 0, 0)
1384.3705 	EXP 	responsel: foreColor = (0, 0, 0)
1384.3872 	EXP 	responsel: foreColor = (0, 0, 0)
1384.4038 	EXP 	responsel: foreColor = (0, 0, 0)
1384.4205 	EXP 	responsel: foreColor = (0, 0, 0)
1384.4372 	EXP 	responsel: foreColor = (0, 0, 0)
1384.4538 	EXP 	responsel: foreColor = (0, 0, 0)
1384.4704 	EXP 	responsel: foreColor = (0, 0, 0)
1384.4872 	EXP 	responsel: foreColor = (0, 0, 0)
1384.5038 	EXP 	responsel: foreColor = (0, 0, 0)
1384.5205 	EXP 	responsel: foreColor = (0, 0, 0)
1384.5371 	EXP 	responsel: foreColor = (0, 0, 0)
1384.5538 	EXP 	responsel: foreColor = (0, 0, 0)
1384.5705 	EXP 	responsel: foreColor = (0, 0, 0)
1384.5872 	EXP 	responsel: foreColor = (0, 0, 0)
1384.6038 	EXP 	responsel: foreColor = (0, 0, 0)
1384.6205 	EXP 	responsel: foreColor = (0, 0, 0)
1384.6372 	EXP 	responsel: foreColor = (0, 0, 0)
1384.6538 	EXP 	responsel: foreColor = (0, 0, 0)
1384.6705 	EXP 	responsel: foreColor = (0, 0, 0)
1384.6705 	EXP 	thermode_locali_pic: autoDraw = False
1384.6872 	EXP 	responsel: foreColor = (0, 0, 0)
1384.6877 	EXP 	New trial (rep=3, index=0): None
1384.7038 	EXP 	responsel: foreColor = (0, 0, 0)
1384.7038 	EXP 	responsel: autoDraw = False
1384.7038 	EXP 	percu_or: autoDraw = False
1384.7038 	EXP 	responser: autoDraw = False
1384.7038 	EXP 	thermode_locali_pic: autoDraw = False
1384.7038 	EXP 	responsel: autoDraw = False
1384.7038 	EXP 	percu_or: autoDraw = False
1384.7038 	EXP 	responser: autoDraw = False
1384.7038 	EXP 	responsel: foreColor = 'white'
1384.7038 	EXP 	responser: foreColor = 'white'
1384.7038 	EXP 	text_pic: autoDraw = True
1384.7038 	EXP 	croix_3: autoDraw = True
1389.7039 	EXP 	text_pic: autoDraw = False
1389.7039 	EXP 	croix_3: autoDraw = False
1389.7039 	EXP 	text_pic: autoDraw = False
1389.7039 	EXP 	croix_3: autoDraw = False
1389.7039 	EXP 	thermode_locali_pic: height = 0.02
1389.7039 	EXP 	thermode_locali_pic: height = 0.02
1389.7039 	EXP 	thermode_locali_pic: height = 0.02
1389.7039 	EXP 	thermode_locali_pic: text = 'T : 1'
1389.7039 	EXP 	responsel: text = 'OUI              '
1389.7039 	EXP 	thermode_locali_pic: autoDraw = True
1397.6872 	EXP 	responsel: autoDraw = True
1397.6872 	EXP 	percu_or: autoDraw = True
1397.6872 	EXP 	responser: autoDraw = True
1398.1055 	DATA 	Keypress: m
1398.1372 	EXP 	responsel: foreColor = (0, 0, 0)
1398.1539 	EXP 	responsel: foreColor = (0, 0, 0)
1398.1705 	EXP 	responsel: foreColor = (0, 0, 0)
1398.1872 	EXP 	responsel: foreColor = (0, 0, 0)
1398.2038 	EXP 	responsel: foreColor = (0, 0, 0)
1398.2205 	EXP 	responsel: foreColor = (0, 0, 0)
1398.2372 	EXP 	responsel: foreColor = (0, 0, 0)
1398.2539 	EXP 	responsel: foreColor = (0, 0, 0)
1398.2706 	EXP 	responsel: foreColor = (0, 0, 0)
1398.2872 	EXP 	responsel: foreColor = (0, 0, 0)
1398.3039 	EXP 	responsel: foreColor = (0, 0, 0)
1398.3206 	EXP 	responsel: foreColor = (0, 0, 0)
1398.3372 	EXP 	responsel: foreColor = (0, 0, 0)
1398.3539 	EXP 	responsel: foreColor = (0, 0, 0)
1398.3706 	EXP 	responsel: foreColor = (0, 0, 0)
1398.3872 	EXP 	responsel: foreColor = (0, 0, 0)
1398.4039 	EXP 	responsel: foreColor = (0, 0, 0)
1398.4206 	EXP 	responsel: foreColor = (0, 0, 0)
1398.4372 	EXP 	responsel: foreColor = (0, 0, 0)
1398.4539 	EXP 	responsel: foreColor = (0, 0, 0)
1398.4706 	EXP 	responsel: foreColor = (0, 0, 0)
1398.4872 	EXP 	responsel: foreColor = (0, 0, 0)
1398.5039 	EXP 	responsel: foreColor = (0, 0, 0)
1398.5206 	EXP 	responsel: foreColor = (0, 0, 0)
1398.5372 	EXP 	responsel: foreColor = (0, 0, 0)
1398.5539 	EXP 	responsel: foreColor = (0, 0, 0)
1398.5706 	EXP 	responsel: foreColor = (0, 0, 0)
1398.5872 	EXP 	responsel: foreColor = (0, 0, 0)
1398.6039 	EXP 	responsel: foreColor = (0, 0, 0)
1398.6206 	EXP 	responsel: foreColor = (0, 0, 0)
1398.6372 	EXP 	responsel: foreColor = (0, 0, 0)
1398.6539 	EXP 	responsel: foreColor = (0, 0, 0)
1398.6706 	EXP 	responsel: foreColor = (0, 0, 0)
1398.6872 	EXP 	responsel: foreColor = (0, 0, 0)
1398.7039 	EXP 	responsel: foreColor = (0, 0, 0)
1398.7206 	EXP 	responsel: foreColor = (0, 0, 0)
1398.7372 	EXP 	responsel: foreColor = (0, 0, 0)
1398.7539 	EXP 	responsel: foreColor = (0, 0, 0)
1398.7706 	EXP 	responsel: foreColor = (0, 0, 0)
1398.7872 	EXP 	responsel: foreColor = (0, 0, 0)
1398.8039 	EXP 	responsel: foreColor = (0, 0, 0)
1398.8206 	EXP 	responsel: foreColor = (0, 0, 0)
1398.8372 	EXP 	responsel: foreColor = (0, 0, 0)
1398.8539 	EXP 	responsel: foreColor = (0, 0, 0)
1398.8706 	EXP 	responsel: foreColor = (0, 0, 0)
1398.8872 	EXP 	responsel: foreColor = (0, 0, 0)
1398.9040 	EXP 	responsel: foreColor = (0, 0, 0)
1398.9206 	EXP 	responsel: foreColor = (0, 0, 0)
1398.9373 	EXP 	responsel: foreColor = (0, 0, 0)
1398.9539 	EXP 	responsel: foreColor = (0, 0, 0)
1398.9706 	EXP 	responsel: foreColor = (0, 0, 0)
1398.9873 	EXP 	responsel: foreColor = (0, 0, 0)
1399.0039 	EXP 	responsel: foreColor = (0, 0, 0)
1399.0206 	EXP 	responsel: foreColor = (0, 0, 0)
1399.0372 	EXP 	responsel: foreColor = (0, 0, 0)
1399.0539 	EXP 	responsel: foreColor = (0, 0, 0)
1399.0706 	EXP 	responsel: foreColor = (0, 0, 0)
1399.0872 	EXP 	responsel: foreColor = (0, 0, 0)
1399.1039 	EXP 	responsel: foreColor = (0, 0, 0)
1399.1206 	EXP 	responsel: foreColor = (0, 0, 0)
1399.1372 	EXP 	responsel: foreColor = (0, 0, 0)
1399.1539 	EXP 	responsel: foreColor = (0, 0, 0)
1399.1706 	EXP 	responsel: foreColor = (0, 0, 0)
1399.1872 	EXP 	responsel: foreColor = (0, 0, 0)
1399.2039 	EXP 	responsel: foreColor = (0, 0, 0)
1399.2206 	EXP 	responsel: foreColor = (0, 0, 0)
1399.2372 	EXP 	responsel: foreColor = (0, 0, 0)
1399.2539 	EXP 	responsel: foreColor = (0, 0, 0)
1399.2706 	EXP 	responsel: foreColor = (0, 0, 0)
1399.2872 	EXP 	responsel: foreColor = (0, 0, 0)
1399.3039 	EXP 	responsel: foreColor = (0, 0, 0)
1399.3206 	EXP 	responsel: foreColor = (0, 0, 0)
1399.3372 	EXP 	responsel: foreColor = (0, 0, 0)
1399.3539 	EXP 	responsel: foreColor = (0, 0, 0)
1399.3706 	EXP 	responsel: foreColor = (0, 0, 0)
1399.3872 	EXP 	responsel: foreColor = (0, 0, 0)
1399.4039 	EXP 	responsel: foreColor = (0, 0, 0)
1399.4206 	EXP 	responsel: foreColor = (0, 0, 0)
1399.4372 	EXP 	responsel: foreColor = (0, 0, 0)
1399.4539 	EXP 	responsel: foreColor = (0, 0, 0)
1399.4706 	EXP 	responsel: foreColor = (0, 0, 0)
1399.4872 	EXP 	responsel: foreColor = (0, 0, 0)
1399.5039 	EXP 	responsel: foreColor = (0, 0, 0)
1399.5206 	EXP 	responsel: foreColor = (0, 0, 0)
1399.5372 	EXP 	responsel: foreColor = (0, 0, 0)
1399.5539 	EXP 	responsel: foreColor = (0, 0, 0)
1399.5706 	EXP 	responsel: foreColor = (0, 0, 0)
1399.5872 	EXP 	responsel: foreColor = (0, 0, 0)
1399.6039 	EXP 	responsel: foreColor = (0, 0, 0)
1399.6206 	EXP 	responsel: foreColor = (0, 0, 0)
1399.6372 	EXP 	responsel: foreColor = (0, 0, 0)
1399.6540 	EXP 	responsel: foreColor = (0, 0, 0)
1399.6706 	EXP 	responsel: foreColor = (0, 0, 0)
1399.6873 	EXP 	responsel: foreColor = (0, 0, 0)
1399.7039 	EXP 	responsel: foreColor = (0, 0, 0)
1399.7206 	EXP 	responsel: foreColor = (0, 0, 0)
1399.7372 	EXP 	responsel: foreColor = (0, 0, 0)
1399.7540 	EXP 	responsel: foreColor = (0, 0, 0)
1399.7706 	EXP 	responsel: foreColor = (0, 0, 0)
1399.7872 	EXP 	responsel: foreColor = (0, 0, 0)
1399.8039 	EXP 	responsel: foreColor = (0, 0, 0)
1399.8206 	EXP 	responsel: foreColor = (0, 0, 0)
1399.8372 	EXP 	responsel: foreColor = (0, 0, 0)
1399.8540 	EXP 	responsel: foreColor = (0, 0, 0)
1399.8706 	EXP 	responsel: foreColor = (0, 0, 0)
1399.8872 	EXP 	responsel: foreColor = (0, 0, 0)
1399.9040 	EXP 	responsel: foreColor = (0, 0, 0)
1399.9206 	EXP 	responsel: foreColor = (0, 0, 0)
1399.9372 	EXP 	responsel: foreColor = (0, 0, 0)
1399.9540 	EXP 	responsel: foreColor = (0, 0, 0)
1399.9706 	EXP 	responsel: foreColor = (0, 0, 0)
1399.9872 	EXP 	responsel: foreColor = (0, 0, 0)
1400.0040 	EXP 	responsel: foreColor = (0, 0, 0)
1400.0206 	EXP 	responsel: foreColor = (0, 0, 0)
1400.0372 	EXP 	responsel: foreColor = (0, 0, 0)
1400.0539 	EXP 	responsel: foreColor = (0, 0, 0)
1400.0706 	EXP 	responsel: foreColor = (0, 0, 0)
1400.0872 	EXP 	responsel: foreColor = (0, 0, 0)
1400.1039 	EXP 	responsel: foreColor = (0, 0, 0)
1400.1206 	EXP 	responsel: foreColor = (0, 0, 0)
1400.1372 	EXP 	responsel: foreColor = (0, 0, 0)
1400.1540 	EXP 	responsel: foreColor = (0, 0, 0)
1400.1706 	EXP 	responsel: foreColor = (0, 0, 0)
1400.1872 	EXP 	responsel: foreColor = (0, 0, 0)
1400.2039 	EXP 	responsel: foreColor = (0, 0, 0)
1400.2206 	EXP 	responsel: foreColor = (0, 0, 0)
1400.2372 	EXP 	responsel: foreColor = (0, 0, 0)
1400.2539 	EXP 	responsel: foreColor = (0, 0, 0)
1400.2706 	EXP 	responsel: foreColor = (0, 0, 0)
1400.2872 	EXP 	responsel: foreColor = (0, 0, 0)
1400.3039 	EXP 	responsel: foreColor = (0, 0, 0)
1400.3206 	EXP 	responsel: foreColor = (0, 0, 0)
1400.3372 	EXP 	responsel: foreColor = (0, 0, 0)
1400.3539 	EXP 	responsel: foreColor = (0, 0, 0)
1400.3706 	EXP 	responsel: foreColor = (0, 0, 0)
1400.3872 	EXP 	responsel: foreColor = (0, 0, 0)
1400.4039 	EXP 	responsel: foreColor = (0, 0, 0)
1400.4206 	EXP 	responsel: foreColor = (0, 0, 0)
1400.4372 	EXP 	responsel: foreColor = (0, 0, 0)
1400.4539 	EXP 	responsel: foreColor = (0, 0, 0)
1400.4706 	EXP 	responsel: foreColor = (0, 0, 0)
1400.4872 	EXP 	responsel: foreColor = (0, 0, 0)
1400.5039 	EXP 	responsel: foreColor = (0, 0, 0)
1400.5206 	EXP 	responsel: foreColor = (0, 0, 0)
1400.5376 	EXP 	responsel: foreColor = (0, 0, 0)
1400.5540 	EXP 	responsel: foreColor = (0, 0, 0)
1400.5706 	EXP 	responsel: foreColor = (0, 0, 0)
1400.5872 	EXP 	responsel: foreColor = (0, 0, 0)
1400.6040 	EXP 	responsel: foreColor = (0, 0, 0)
1400.6206 	EXP 	responsel: foreColor = (0, 0, 0)
1400.6373 	EXP 	responsel: foreColor = (0, 0, 0)
1400.6540 	EXP 	responsel: foreColor = (0, 0, 0)
1400.6540 	EXP 	thermode_locali_pic: autoDraw = False
1400.6706 	EXP 	responsel: foreColor = (0, 0, 0)
1400.6711 	EXP 	New trial (rep=1, index=0): None
1400.6872 	EXP 	responsel: foreColor = (0, 0, 0)
1400.6872 	EXP 	responsel: autoDraw = False
1400.6872 	EXP 	percu_or: autoDraw = False
1400.6872 	EXP 	responser: autoDraw = False
1400.6872 	EXP 	thermode_locali_pic: autoDraw = False
1400.6872 	EXP 	responsel: autoDraw = False
1400.6872 	EXP 	percu_or: autoDraw = False
1400.6872 	EXP 	responser: autoDraw = False
1400.6872 	EXP 	responsel: foreColor = 'white'
1400.6872 	EXP 	responser: foreColor = 'white'
1400.6872 	EXP 	text_7: autoDraw = True
1401.7876 	EXP 	Created sequence: random, trialTypes=1, nReps=2, seed=None
1401.7876 	EXP 	New trial (rep=0, index=0): None
1401.7893 	DATA 	Keypress: p
1401.8039 	EXP 	text_7: autoDraw = False
1401.8039 	EXP 	text_eva: autoDraw = True
1401.8039 	EXP 	croix_2: autoDraw = True
1406.8040 	EXP 	text_eva: autoDraw = False
1406.8040 	EXP 	croix_2: autoDraw = False
1406.8040 	EXP 	text_eva: autoDraw = False
1406.8040 	EXP 	croix_2: autoDraw = False
1406.8040 	EXP 	thermode_locali_EVA: autoDraw = True
1418.7877 	EXP 	window1: mouseVisible = True
1418.7887 	EXP 	Created unnamed Rect = Rect(__class__=<class 'psychopy.visual.rect.Rect'>, anchor=('center', 'center'), autoDraw=False, autoLog=True, closeShape=True, color=method-wrapper(...), colorSpace='rgb', contrast=None, depth=0, draggable=False, fillColor=array([1, 1, 1]), fillColorSpace='rgb', fillRGB=array([1, 1, 1]), interpolate=True, lineColor=array([1., 1., 1.]), lineColorSpace='rgb', lineRGB=array([1, 1, 1]), lineWidth=1.5, name='unnamed Rect', opacity=1.0, ori=0.0, pos=array([0., 0.]), size=array([0.01, 0.1 ]), units='norm', vertices=ndarray(...), win=Window(...))
1418.7887 	EXP 	window1: mouseVisible = True
1418.7888 	EXP 	window1: mouseVisible = True
1418.7893 	EXP 	window1: mouseVisible = True
1418.7904 	EXP 	window1: mouseVisible = True
1418.7916 	EXP 	window1: mouseVisible = True
1418.7918 	EXP 	window1: mouseVisible = True
1418.7919 	EXP 	window1: mouseVisible = True
1418.7922 	EXP 	window1: mouseVisible = True
1418.7924 	EXP 	window1: mouseVisible = True
1418.7925 	EXP 	window1: mouseVisible = True
1418.7927 	EXP 	window1: mouseVisible = True
1418.7928 	EXP 	window1: mouseVisible = True
1418.7930 	EXP 	window1: mouseVisible = True
1418.7931 	EXP 	window1: mouseVisible = True
1418.7932 	EXP 	window1: mouseVisible = True
1418.7934 	EXP 	window1: mouseVisible = True
1418.7935 	EXP 	window1: mouseVisible = True
1418.7936 	EXP 	window1: mouseVisible = True
1418.7937 	EXP 	window1: mouseVisible = True
1418.7939 	EXP 	window1: mouseVisible = True
1418.7940 	EXP 	window1: mouseVisible = True
1418.7941 	EXP 	window1: mouseVisible = True
1418.7943 	EXP 	window1: mouseVisible = True
1418.7944 	EXP 	window1: mouseVisible = True
1418.7945 	EXP 	window1: mouseVisible = True
1418.7946 	EXP 	window1: mouseVisible = True
1418.7948 	EXP 	window1: mouseVisible = True
1418.7949 	EXP 	window1: mouseVisible = True
1418.7950 	EXP 	window1: mouseVisible = True
1418.7952 	EXP 	window1: mouseVisible = True
1418.7953 	EXP 	window1: mouseVisible = True
1418.7954 	EXP 	window1: mouseVisible = True
1418.7955 	EXP 	window1: mouseVisible = True
1418.7957 	EXP 	window1: mouseVisible = True
1418.7958 	EXP 	window1: mouseVisible = True
1418.7959 	EXP 	window1: mouseVisible = True
1418.7960 	EXP 	window1: mouseVisible = True
1418.7962 	EXP 	window1: mouseVisible = True
1418.7964 	EXP 	window1: mouseVisible = True
1418.7965 	EXP 	window1: mouseVisible = True
1418.7966 	EXP 	window1: mouseVisible = True
1418.7968 	EXP 	window1: mouseVisible = True
1418.7969 	EXP 	window1: mouseVisible = True
1418.7970 	EXP 	window1: mouseVisible = True
1418.7972 	EXP 	window1: mouseVisible = True
1418.7973 	EXP 	window1: mouseVisible = True
1418.7974 	EXP 	window1: mouseVisible = True
1418.7975 	EXP 	window1: mouseVisible = True
1418.7977 	EXP 	window1: mouseVisible = True
1418.7978 	EXP 	window1: mouseVisible = True
1418.7979 	EXP 	window1: mouseVisible = True
1418.7980 	EXP 	window1: mouseVisible = True
1418.7982 	EXP 	window1: mouseVisible = True
1418.7983 	EXP 	window1: mouseVisible = True
1418.7984 	EXP 	window1: mouseVisible = True
1418.7985 	EXP 	window1: mouseVisible = True
1418.7987 	EXP 	window1: mouseVisible = True
1418.7988 	EXP 	window1: mouseVisible = True
1418.7989 	EXP 	window1: mouseVisible = True
1418.7991 	EXP 	window1: mouseVisible = True
1418.7992 	EXP 	window1: mouseVisible = True
1418.7993 	EXP 	window1: mouseVisible = True
1418.7994 	EXP 	window1: mouseVisible = True
1418.7996 	EXP 	window1: mouseVisible = True
1418.7997 	EXP 	window1: mouseVisible = True
1418.7998 	EXP 	window1: mouseVisible = True
1418.7999 	EXP 	window1: mouseVisible = True
1418.8003 	EXP 	window1: mouseVisible = True
1418.8005 	EXP 	window1: mouseVisible = True
1418.8006 	EXP 	window1: mouseVisible = True
1418.8008 	EXP 	window1: mouseVisible = True
1418.8009 	EXP 	window1: mouseVisible = True
1418.8010 	EXP 	window1: mouseVisible = True
1418.8012 	EXP 	window1: mouseVisible = True
1418.8013 	EXP 	window1: mouseVisible = True
1418.8014 	EXP 	window1: mouseVisible = True
1418.8016 	EXP 	window1: mouseVisible = True
1418.8017 	EXP 	window1: mouseVisible = True
1418.8018 	EXP 	window1: mouseVisible = True
1418.8019 	EXP 	window1: mouseVisible = True
1418.8021 	EXP 	window1: mouseVisible = True
1418.8022 	EXP 	window1: mouseVisible = True
1418.8023 	EXP 	window1: mouseVisible = True
1418.8025 	EXP 	window1: mouseVisible = True
1418.8026 	EXP 	window1: mouseVisible = True
1418.8027 	EXP 	window1: mouseVisible = True
1418.8028 	EXP 	window1: mouseVisible = True
1418.8030 	EXP 	window1: mouseVisible = True
1418.8031 	EXP 	window1: mouseVisible = True
1418.8032 	EXP 	window1: mouseVisible = True
1418.8034 	EXP 	window1: mouseVisible = True
1418.8035 	EXP 	window1: mouseVisible = True
1418.8036 	EXP 	window1: mouseVisible = True
1418.8037 	EXP 	window1: mouseVisible = True
1418.8039 	EXP 	window1: mouseVisible = True
1418.8040 	EXP 	window1: mouseVisible = True
1418.8041 	EXP 	window1: mouseVisible = True
1418.8043 	EXP 	window1: mouseVisible = True
1418.8044 	EXP 	window1: mouseVisible = True
1418.8045 	EXP 	window1: mouseVisible = True
1418.8047 	EXP 	window1: mouseVisible = True
1418.8048 	EXP 	window1: mouseVisible = True
1418.8049 	EXP 	window1: mouseVisible = True
1418.8050 	EXP 	window1: mouseVisible = True
1418.8071 	EXP 	Created ratingScale = RatingScale(__class__=type(...), acceptKeys=['return'], acceptPreText=UNKNOWN, acceptSize=UNKNOWN, acceptText=UNKNOWN, autoLog=True, choices=False, colorSpace='rgb', depth=0, disappear=False, flipVert=False, high=100, kwargs=UNKNOWN, labels=list(...), leftKeys=['left'], lineColor=(255, 255, 255), low=0, marker=Rect(...), markerColor=(255, 255, 255), markerExpansion=UNKNOWN, markerStart=0.5, maxTime=0.0, minTime=0.4, mouseOnly=False, name='ratingScale', noMouse=False, pos=[0.0, 0.0], precision=100, respKeys=[], rightKeys=['right'], scale=None, self=UNKNOWN, showAccept=False, showValue=False, singleClick=False, size=0.6, skipKeys=['tab'], stretch=2.0, textColor='white', textFont='Helvetica Bold', textSize=0.144, tickHeight=0, tickMarks=10.0, win=Window(...))
1418.8072 	EXP 	RatingScale ratingScale: reset()
1418.8093 	EXP 	window1: mouseVisible = False
1418.8209 	EXP 	thermode_locali_EVA: autoDraw = False
1418.8209 	EXP 	ratingScale: flipVert = False
1418.8209 	EXP 	ratingScale: autoLog = True
1418.8225 	EXP 	window1: mouseVisible = False
1418.8390 	EXP 	window1: mouseVisible = False
1418.8556 	EXP 	window1: mouseVisible = False
1418.8723 	EXP 	window1: mouseVisible = False
1418.8892 	EXP 	window1: mouseVisible = False
1418.9058 	EXP 	window1: mouseVisible = False
1418.9223 	EXP 	window1: mouseVisible = False
1418.9390 	EXP 	window1: mouseVisible = False
1418.9558 	EXP 	window1: mouseVisible = False
1418.9723 	EXP 	window1: mouseVisible = False
1418.9889 	EXP 	window1: mouseVisible = False
1419.0057 	EXP 	window1: mouseVisible = False
1419.0223 	EXP 	window1: mouseVisible = False
1419.0389 	EXP 	window1: mouseVisible = False
1419.0556 	EXP 	window1: mouseVisible = False
1419.0723 	EXP 	window1: mouseVisible = False
1419.0889 	EXP 	window1: mouseVisible = False
1419.1056 	EXP 	window1: mouseVisible = False
1419.1223 	EXP 	window1: mouseVisible = False
1419.1391 	EXP 	window1: mouseVisible = False
1419.1557 	EXP 	window1: mouseVisible = False
1419.1719 	DATA 	Keypress: n
1419.1725 	EXP 	window1: mouseVisible = False
1419.1890 	EXP 	window1: mouseVisible = False
1419.2056 	EXP 	window1: mouseVisible = False
1419.2223 	EXP 	window1: mouseVisible = False
1419.2390 	EXP 	window1: mouseVisible = False
1419.2558 	EXP 	window1: mouseVisible = False
1419.2723 	EXP 	window1: mouseVisible = False
1419.2890 	EXP 	window1: mouseVisible = False
1419.3056 	EXP 	window1: mouseVisible = False
1419.3223 	EXP 	window1: mouseVisible = False
1419.3400 	EXP 	window1: mouseVisible = False
1419.3555 	EXP 	window1: mouseVisible = False
1419.3722 	EXP 	window1: mouseVisible = False
1419.3889 	EXP 	window1: mouseVisible = False
1419.4055 	EXP 	window1: mouseVisible = False
1419.4222 	EXP 	window1: mouseVisible = False
1419.4389 	EXP 	window1: mouseVisible = False
1419.4555 	EXP 	window1: mouseVisible = False
1419.4722 	EXP 	window1: mouseVisible = False
1419.4889 	EXP 	window1: mouseVisible = False
1419.5055 	EXP 	window1: mouseVisible = False
1419.5223 	EXP 	window1: mouseVisible = False
1419.5390 	EXP 	window1: mouseVisible = False
1419.5557 	EXP 	window1: mouseVisible = False
1419.5724 	EXP 	window1: mouseVisible = False
1419.5890 	EXP 	window1: mouseVisible = False
1419.6056 	EXP 	window1: mouseVisible = False
1419.6224 	EXP 	window1: mouseVisible = False
1419.6386 	DATA 	Keypress: m
1419.6391 	EXP 	window1: mouseVisible = False
1419.6557 	EXP 	window1: mouseVisible = False
1419.6724 	EXP 	window1: mouseVisible = False
1419.6889 	EXP 	window1: mouseVisible = False
1419.7056 	EXP 	window1: mouseVisible = False
1419.7223 	EXP 	window1: mouseVisible = False
1419.7390 	EXP 	window1: mouseVisible = False
1419.7557 	EXP 	window1: mouseVisible = False
1419.7723 	EXP 	window1: mouseVisible = False
1419.7890 	EXP 	window1: mouseVisible = False
1419.8057 	EXP 	window1: mouseVisible = False
1419.8223 	EXP 	window1: mouseVisible = False
1419.8390 	EXP 	window1: mouseVisible = False
1419.8552 	DATA 	Keypress: m
1419.8558 	EXP 	window1: mouseVisible = False
1419.8723 	EXP 	window1: mouseVisible = False
1419.8890 	EXP 	window1: mouseVisible = False
1419.9056 	EXP 	window1: mouseVisible = False
1419.9223 	EXP 	window1: mouseVisible = False
1419.9389 	EXP 	window1: mouseVisible = False
1419.9559 	EXP 	window1: mouseVisible = False
1419.9724 	EXP 	window1: mouseVisible = False
1419.9902 	EXP 	window1: mouseVisible = False
1420.0059 	EXP 	window1: mouseVisible = False
1420.0224 	EXP 	window1: mouseVisible = False
1420.0389 	EXP 	window1: mouseVisible = False
1420.0553 	DATA 	Keypress: m
1420.0559 	EXP 	window1: mouseVisible = False
1420.0724 	EXP 	window1: mouseVisible = False
1420.0890 	EXP 	window1: mouseVisible = False
1420.1056 	EXP 	window1: mouseVisible = False
1420.1224 	EXP 	window1: mouseVisible = False
1420.1390 	EXP 	window1: mouseVisible = False
1420.1557 	EXP 	window1: mouseVisible = False
1420.1724 	EXP 	window1: mouseVisible = False
1420.1890 	EXP 	window1: mouseVisible = False
1420.2056 	EXP 	window1: mouseVisible = False
1420.2219 	DATA 	Keypress: m
1420.2225 	EXP 	window1: mouseVisible = False
1420.2390 	EXP 	window1: mouseVisible = False
1420.2556 	EXP 	window1: mouseVisible = False
1420.2723 	EXP 	window1: mouseVisible = False
1420.2890 	EXP 	window1: mouseVisible = False
1420.3056 	EXP 	window1: mouseVisible = False
1420.3223 	EXP 	window1: mouseVisible = False
1420.3397 	EXP 	window1: mouseVisible = False
1420.3557 	EXP 	window1: mouseVisible = False
1420.3725 	EXP 	window1: mouseVisible = False
1420.3891 	EXP 	window1: mouseVisible = False
1420.4058 	EXP 	window1: mouseVisible = False
1420.4225 	EXP 	window1: mouseVisible = False
1420.4392 	EXP 	window1: mouseVisible = False
1420.4556 	EXP 	window1: mouseVisible = False
1420.4724 	EXP 	window1: mouseVisible = False
1420.4890 	EXP 	window1: mouseVisible = False
1420.5057 	EXP 	window1: mouseVisible = False
1420.5223 	EXP 	window1: mouseVisible = False
1420.5390 	EXP 	window1: mouseVisible = False
1420.5557 	EXP 	window1: mouseVisible = False
1420.5723 	EXP 	window1: mouseVisible = False
1420.5890 	EXP 	window1: mouseVisible = False
1420.6057 	EXP 	window1: mouseVisible = False
1420.6223 	EXP 	window1: mouseVisible = False
1420.6390 	EXP 	window1: mouseVisible = False
1420.6557 	EXP 	window1: mouseVisible = False
1420.6723 	EXP 	window1: mouseVisible = False
1420.6890 	EXP 	window1: mouseVisible = False
1420.7056 	EXP 	window1: mouseVisible = False
1420.7223 	EXP 	window1: mouseVisible = False
1420.7390 	EXP 	window1: mouseVisible = False
1420.7558 	EXP 	window1: mouseVisible = False
1420.7724 	EXP 	window1: mouseVisible = False
1420.7890 	EXP 	window1: mouseVisible = False
1420.8057 	EXP 	window1: mouseVisible = False
1420.8223 	EXP 	window1: mouseVisible = False
1420.8390 	EXP 	window1: mouseVisible = False
1420.8557 	EXP 	window1: mouseVisible = False
1420.8723 	EXP 	window1: mouseVisible = False
1420.8890 	EXP 	window1: mouseVisible = False
1420.9057 	EXP 	window1: mouseVisible = False
1420.9224 	EXP 	window1: mouseVisible = False
1420.9390 	EXP 	window1: mouseVisible = False
1420.9557 	EXP 	window1: mouseVisible = False
1420.9724 	EXP 	window1: mouseVisible = False
1420.9890 	EXP 	window1: mouseVisible = False
1421.0056 	EXP 	window1: mouseVisible = False
1421.0223 	EXP 	window1: mouseVisible = False
1421.0390 	EXP 	window1: mouseVisible = False
1421.0556 	EXP 	window1: mouseVisible = False
1421.0723 	EXP 	window1: mouseVisible = False
1421.0890 	EXP 	window1: mouseVisible = False
1421.1057 	EXP 	window1: mouseVisible = False
1421.1223 	EXP 	window1: mouseVisible = False
1421.1390 	EXP 	window1: mouseVisible = False
1421.1556 	EXP 	window1: mouseVisible = False
1421.1723 	EXP 	window1: mouseVisible = False
1421.1890 	EXP 	window1: mouseVisible = False
1421.2057 	EXP 	window1: mouseVisible = False
1421.2223 	EXP 	window1: mouseVisible = False
1421.2390 	EXP 	window1: mouseVisible = False
1421.2556 	EXP 	window1: mouseVisible = False
1421.2723 	EXP 	window1: mouseVisible = False
1421.2886 	DATA 	Keypress: n
1421.2891 	EXP 	window1: mouseVisible = False
1421.3057 	EXP 	window1: mouseVisible = False
1421.3224 	EXP 	window1: mouseVisible = False
1421.3390 	EXP 	window1: mouseVisible = False
1421.3557 	EXP 	window1: mouseVisible = False
1421.3723 	EXP 	window1: mouseVisible = False
1421.3890 	EXP 	window1: mouseVisible = False
1421.4058 	EXP 	window1: mouseVisible = False
1421.4223 	EXP 	window1: mouseVisible = False
1421.4389 	EXP 	window1: mouseVisible = False
1421.4558 	EXP 	window1: mouseVisible = False
1421.4724 	EXP 	window1: mouseVisible = False
1421.4890 	EXP 	window1: mouseVisible = False
1421.5057 	EXP 	window1: mouseVisible = False
1421.5224 	EXP 	window1: mouseVisible = False
1421.5390 	EXP 	window1: mouseVisible = False
1421.5557 	EXP 	window1: mouseVisible = False
1421.5724 	EXP 	window1: mouseVisible = False
1421.5890 	EXP 	window1: mouseVisible = False
1421.6057 	EXP 	window1: mouseVisible = False
1421.6223 	EXP 	window1: mouseVisible = False
1421.6390 	EXP 	window1: mouseVisible = False
1421.6557 	EXP 	window1: mouseVisible = False
1421.6723 	EXP 	window1: mouseVisible = False
1421.6890 	EXP 	window1: mouseVisible = False
1421.7056 	EXP 	window1: mouseVisible = False
1421.7223 	EXP 	window1: mouseVisible = False
1421.7390 	EXP 	window1: mouseVisible = False
1421.7559 	EXP 	window1: mouseVisible = False
1421.7723 	EXP 	window1: mouseVisible = False
1421.7890 	EXP 	window1: mouseVisible = False
1421.8057 	EXP 	window1: mouseVisible = False
1421.8224 	EXP 	window1: mouseVisible = False
1421.8390 	EXP 	window1: mouseVisible = False
1421.8563 	DATA 	Keypress: space
1421.9574 	EXP 	New trial (rep=1, index=0): None
1421.9709 	EXP 	main_text: autoDraw = True
1421.9709 	EXP 	confirm_text: autoDraw = True
1421.9709 	EXP 	ratingScale: autoDraw = False
1421.9709 	EXP 	main_text: autoDraw = False
1421.9709 	EXP 	confirm_text: autoDraw = False
1421.9709 	EXP 	text_eva: autoDraw = True
1421.9709 	EXP 	croix_2: autoDraw = True
1426.9710 	EXP 	text_eva: autoDraw = False
1426.9710 	EXP 	croix_2: autoDraw = False
1426.9710 	EXP 	text_eva: autoDraw = False
1426.9710 	EXP 	croix_2: autoDraw = False
1426.9710 	EXP 	thermode_locali_EVA: autoDraw = True
1438.9549 	EXP 	window1: mouseVisible = True
1438.9558 	EXP 	Created unnamed Rect = Rect(__class__=<class 'psychopy.visual.rect.Rect'>, anchor=('center', 'center'), autoDraw=False, autoLog=True, closeShape=True, color=method-wrapper(...), colorSpace='rgb', contrast=None, depth=0, draggable=False, fillColor=array([1, 1, 1]), fillColorSpace='rgb', fillRGB=array([1, 1, 1]), interpolate=True, lineColor=array([1., 1., 1.]), lineColorSpace='rgb', lineRGB=array([1, 1, 1]), lineWidth=1.5, name='unnamed Rect', opacity=1.0, ori=0.0, pos=array([0., 0.]), size=array([0.01, 0.1 ]), units='norm', vertices=ndarray(...), win=Window(...))
1438.9559 	EXP 	window1: mouseVisible = True
1438.9560 	EXP 	window1: mouseVisible = True
1438.9565 	EXP 	window1: mouseVisible = True
1438.9576 	EXP 	window1: mouseVisible = True
1438.9591 	EXP 	window1: mouseVisible = True
1438.9593 	EXP 	window1: mouseVisible = True
1438.9594 	EXP 	window1: mouseVisible = True
1438.9595 	EXP 	window1: mouseVisible = True
1438.9597 	EXP 	window1: mouseVisible = True
1438.9598 	EXP 	window1: mouseVisible = True
1438.9599 	EXP 	window1: mouseVisible = True
1438.9601 	EXP 	window1: mouseVisible = True
1438.9602 	EXP 	window1: mouseVisible = True
1438.9603 	EXP 	window1: mouseVisible = True
1438.9605 	EXP 	window1: mouseVisible = True
1438.9606 	EXP 	window1: mouseVisible = True
1438.9607 	EXP 	window1: mouseVisible = True
1438.9608 	EXP 	window1: mouseVisible = True
1438.9610 	EXP 	window1: mouseVisible = True
1438.9611 	EXP 	window1: mouseVisible = True
1438.9613 	EXP 	window1: mouseVisible = True
1438.9615 	EXP 	window1: mouseVisible = True
1438.9616 	EXP 	window1: mouseVisible = True
1438.9617 	EXP 	window1: mouseVisible = True
1438.9619 	EXP 	window1: mouseVisible = True
1438.9620 	EXP 	window1: mouseVisible = True
1438.9621 	EXP 	window1: mouseVisible = True
1438.9623 	EXP 	window1: mouseVisible = True
1438.9624 	EXP 	window1: mouseVisible = True
1438.9625 	EXP 	window1: mouseVisible = True
1438.9627 	EXP 	window1: mouseVisible = True
1438.9628 	EXP 	window1: mouseVisible = True
1438.9629 	EXP 	window1: mouseVisible = True
1438.9630 	EXP 	window1: mouseVisible = True
1438.9632 	EXP 	window1: mouseVisible = True
1438.9633 	EXP 	window1: mouseVisible = True
1438.9634 	EXP 	window1: mouseVisible = True
1438.9635 	EXP 	window1: mouseVisible = True
1438.9637 	EXP 	window1: mouseVisible = True
1438.9638 	EXP 	window1: mouseVisible = True
1438.9639 	EXP 	window1: mouseVisible = True
1438.9640 	EXP 	window1: mouseVisible = True
1438.9642 	EXP 	window1: mouseVisible = True
1438.9643 	EXP 	window1: mouseVisible = True
1438.9644 	EXP 	window1: mouseVisible = True
1438.9645 	EXP 	window1: mouseVisible = True
1438.9647 	EXP 	window1: mouseVisible = True
1438.9648 	EXP 	window1: mouseVisible = True
1438.9649 	EXP 	window1: mouseVisible = True
1438.9650 	EXP 	window1: mouseVisible = True
1438.9652 	EXP 	window1: mouseVisible = True
1438.9653 	EXP 	window1: mouseVisible = True
1438.9654 	EXP 	window1: mouseVisible = True
1438.9656 	EXP 	window1: mouseVisible = True
1438.9657 	EXP 	window1: mouseVisible = True
1438.9658 	EXP 	window1: mouseVisible = True
1438.9660 	EXP 	window1: mouseVisible = True
1438.9661 	EXP 	window1: mouseVisible = True
1438.9662 	EXP 	window1: mouseVisible = True
1438.9663 	EXP 	window1: mouseVisible = True
1438.9665 	EXP 	window1: mouseVisible = True
1438.9666 	EXP 	window1: mouseVisible = True
1438.9667 	EXP 	window1: mouseVisible = True
1438.9669 	EXP 	window1: mouseVisible = True
1438.9670 	EXP 	window1: mouseVisible = True
1438.9671 	EXP 	window1: mouseVisible = True
1438.9672 	EXP 	window1: mouseVisible = True
1438.9674 	EXP 	window1: mouseVisible = True
1438.9675 	EXP 	window1: mouseVisible = True
1438.9676 	EXP 	window1: mouseVisible = True
1438.9677 	EXP 	window1: mouseVisible = True
1438.9679 	EXP 	window1: mouseVisible = True
1438.9680 	EXP 	window1: mouseVisible = True
1438.9681 	EXP 	window1: mouseVisible = True
1438.9682 	EXP 	window1: mouseVisible = True
1438.9684 	EXP 	window1: mouseVisible = True
1438.9685 	EXP 	window1: mouseVisible = True
1438.9686 	EXP 	window1: mouseVisible = True
1438.9687 	EXP 	window1: mouseVisible = True
1438.9689 	EXP 	window1: mouseVisible = True
1438.9690 	EXP 	window1: mouseVisible = True
1438.9691 	EXP 	window1: mouseVisible = True
1438.9693 	EXP 	window1: mouseVisible = True
1438.9694 	EXP 	window1: mouseVisible = True
1438.9695 	EXP 	window1: mouseVisible = True
1438.9696 	EXP 	window1: mouseVisible = True
1438.9698 	EXP 	window1: mouseVisible = True
1438.9699 	EXP 	window1: mouseVisible = True
1438.9700 	EXP 	window1: mouseVisible = True
1438.9702 	EXP 	window1: mouseVisible = True
1438.9703 	EXP 	window1: mouseVisible = True
1438.9704 	EXP 	window1: mouseVisible = True
1438.9705 	EXP 	window1: mouseVisible = True
1438.9707 	EXP 	window1: mouseVisible = True
1438.9708 	EXP 	window1: mouseVisible = True
1438.9709 	EXP 	window1: mouseVisible = True
1438.9710 	EXP 	window1: mouseVisible = True
1438.9712 	EXP 	window1: mouseVisible = True
1438.9713 	EXP 	window1: mouseVisible = True
1438.9714 	EXP 	window1: mouseVisible = True
1438.9715 	EXP 	window1: mouseVisible = True
1438.9717 	EXP 	window1: mouseVisible = True
1438.9718 	EXP 	window1: mouseVisible = True
1438.9719 	EXP 	window1: mouseVisible = True
1438.9740 	EXP 	Created ratingScale = RatingScale(__class__=type(...), acceptKeys=['return'], acceptPreText=UNKNOWN, acceptSize=UNKNOWN, acceptText=UNKNOWN, autoLog=True, choices=False, colorSpace='rgb', depth=0, disappear=False, flipVert=False, high=100, kwargs=UNKNOWN, labels=list(...), leftKeys=['left'], lineColor=(255, 255, 255), low=0, marker=Rect(...), markerColor=(255, 255, 255), markerExpansion=UNKNOWN, markerStart=0.5, maxTime=0.0, minTime=0.4, mouseOnly=False, name='ratingScale', noMouse=False, pos=[0.0, 0.0], precision=100, respKeys=[], rightKeys=['right'], scale=None, self=UNKNOWN, showAccept=False, showValue=False, singleClick=False, size=0.6, skipKeys=['tab'], stretch=2.0, textColor='white', textFont='Helvetica Bold', textSize=0.144, tickHeight=0, tickMarks=10.0, win=Window(...))
1438.9740 	EXP 	RatingScale ratingScale: reset()
1438.9761 	EXP 	window1: mouseVisible = False
1438.9878 	EXP 	thermode_locali_EVA: autoDraw = False
1438.9878 	EXP 	thermode_locali_EVA: autoDraw = False
1438.9878 	EXP 	ratingScale: flipVert = False
1438.9878 	EXP 	ratingScale: autoLog = True
1438.9893 	EXP 	window1: mouseVisible = False
1439.0059 	EXP 	window1: mouseVisible = False
1439.0226 	EXP 	window1: mouseVisible = False
1439.0393 	EXP 	window1: mouseVisible = False
1439.0558 	EXP 	window1: mouseVisible = False
1439.0725 	EXP 	window1: mouseVisible = False
1439.0892 	EXP 	window1: mouseVisible = False
1439.1059 	EXP 	window1: mouseVisible = False
1439.1225 	EXP 	window1: mouseVisible = False
1439.1392 	EXP 	window1: mouseVisible = False
1439.1560 	EXP 	window1: mouseVisible = False
1439.1726 	EXP 	window1: mouseVisible = False
1439.1892 	EXP 	window1: mouseVisible = False
1439.2059 	EXP 	window1: mouseVisible = False
1439.2225 	EXP 	window1: mouseVisible = False
1439.2392 	EXP 	window1: mouseVisible = False
1439.2559 	EXP 	window1: mouseVisible = False
1439.2725 	EXP 	window1: mouseVisible = False
1439.2892 	EXP 	window1: mouseVisible = False
1439.3059 	EXP 	window1: mouseVisible = False
1439.3225 	EXP 	window1: mouseVisible = False
1439.3392 	EXP 	window1: mouseVisible = False
1439.3559 	EXP 	window1: mouseVisible = False
1439.3725 	EXP 	window1: mouseVisible = False
1439.3892 	EXP 	window1: mouseVisible = False
1439.4058 	EXP 	window1: mouseVisible = False
1439.4221 	DATA 	Keypress: n
1439.4227 	EXP 	window1: mouseVisible = False
1439.4392 	EXP 	window1: mouseVisible = False
1439.4559 	EXP 	window1: mouseVisible = False
1439.4725 	EXP 	window1: mouseVisible = False
1439.4892 	EXP 	window1: mouseVisible = False
1439.5060 	EXP 	window1: mouseVisible = False
1439.5225 	EXP 	window1: mouseVisible = False
1439.5392 	EXP 	window1: mouseVisible = False
1439.5559 	EXP 	window1: mouseVisible = False
1439.5725 	EXP 	window1: mouseVisible = False
1439.5892 	EXP 	window1: mouseVisible = False
1439.6059 	EXP 	window1: mouseVisible = False
1439.6225 	EXP 	window1: mouseVisible = False
1439.6392 	EXP 	window1: mouseVisible = False
1439.6558 	EXP 	window1: mouseVisible = False
1439.6725 	EXP 	window1: mouseVisible = False
1439.6892 	EXP 	window1: mouseVisible = False
1439.7059 	EXP 	window1: mouseVisible = False
1439.7225 	EXP 	window1: mouseVisible = False
1439.7392 	EXP 	window1: mouseVisible = False
1439.7560 	EXP 	window1: mouseVisible = False
1439.7726 	EXP 	window1: mouseVisible = False
1439.7892 	EXP 	window1: mouseVisible = False
1439.8059 	EXP 	window1: mouseVisible = False
1439.8225 	EXP 	window1: mouseVisible = False
1439.8392 	EXP 	window1: mouseVisible = False
1439.8559 	EXP 	window1: mouseVisible = False
1439.8725 	EXP 	window1: mouseVisible = False
1439.8891 	EXP 	window1: mouseVisible = False
1439.9058 	EXP 	window1: mouseVisible = False
1439.9226 	EXP 	window1: mouseVisible = False
1439.9392 	EXP 	window1: mouseVisible = False
1439.9559 	EXP 	window1: mouseVisible = False
1439.9725 	EXP 	window1: mouseVisible = False
1439.9892 	EXP 	window1: mouseVisible = False
1440.0059 	EXP 	window1: mouseVisible = False
1440.0226 	EXP 	window1: mouseVisible = False
1440.0392 	EXP 	window1: mouseVisible = False
1440.0559 	EXP 	window1: mouseVisible = False
1440.0725 	EXP 	window1: mouseVisible = False
1440.0892 	EXP 	window1: mouseVisible = False
1440.1059 	EXP 	window1: mouseVisible = False
1440.1225 	EXP 	window1: mouseVisible = False
1440.1392 	EXP 	window1: mouseVisible = False
1440.1560 	EXP 	window1: mouseVisible = False
1440.1726 	EXP 	window1: mouseVisible = False
1440.1896 	EXP 	window1: mouseVisible = False
1440.2059 	EXP 	window1: mouseVisible = False
1440.2225 	EXP 	window1: mouseVisible = False
1440.2391 	EXP 	window1: mouseVisible = False
1440.2560 	EXP 	window1: mouseVisible = False
1440.2725 	EXP 	window1: mouseVisible = False
1440.2891 	EXP 	window1: mouseVisible = False
1440.3058 	EXP 	window1: mouseVisible = False
1440.3225 	EXP 	window1: mouseVisible = False
1440.3391 	EXP 	window1: mouseVisible = False
1440.3559 	EXP 	window1: mouseVisible = False
1440.3724 	EXP 	window1: mouseVisible = False
1440.3892 	EXP 	window1: mouseVisible = False
1440.4059 	EXP 	window1: mouseVisible = False
1440.4225 	EXP 	window1: mouseVisible = False
1440.4391 	EXP 	window1: mouseVisible = False
1440.4560 	EXP 	window1: mouseVisible = False
1440.4724 	EXP 	window1: mouseVisible = False
1440.4894 	EXP 	window1: mouseVisible = False
1440.5060 	EXP 	window1: mouseVisible = False
1440.5227 	EXP 	window1: mouseVisible = False
1440.5391 	EXP 	window1: mouseVisible = False
1440.5561 	EXP 	window1: mouseVisible = False
1440.5725 	EXP 	window1: mouseVisible = False
1440.5893 	EXP 	window1: mouseVisible = False
1440.6060 	EXP 	window1: mouseVisible = False
1440.6225 	EXP 	window1: mouseVisible = False
1440.6393 	EXP 	window1: mouseVisible = False
1440.6558 	EXP 	window1: mouseVisible = False
1440.6725 	EXP 	window1: mouseVisible = False
1440.6891 	EXP 	window1: mouseVisible = False
1440.7058 	EXP 	window1: mouseVisible = False
1440.7224 	EXP 	window1: mouseVisible = False
1440.7391 	EXP 	window1: mouseVisible = False
1440.7559 	EXP 	window1: mouseVisible = False
1440.7725 	EXP 	window1: mouseVisible = False
1440.7891 	EXP 	window1: mouseVisible = False
1440.8058 	EXP 	window1: mouseVisible = False
1440.8224 	EXP 	window1: mouseVisible = False
1440.8391 	EXP 	window1: mouseVisible = False
1440.8558 	EXP 	window1: mouseVisible = False
1440.8724 	EXP 	window1: mouseVisible = False
1440.8891 	EXP 	window1: mouseVisible = False
1440.9068 	EXP 	window1: mouseVisible = False
1440.9225 	EXP 	window1: mouseVisible = False
1440.9392 	EXP 	window1: mouseVisible = False
1440.9555 	DATA 	Keypress: m
1440.9560 	EXP 	window1: mouseVisible = False
1440.9725 	EXP 	window1: mouseVisible = False
1440.9892 	EXP 	window1: mouseVisible = False
1441.0059 	EXP 	window1: mouseVisible = False
1441.0225 	EXP 	window1: mouseVisible = False
1441.0391 	EXP 	window1: mouseVisible = False
1441.0558 	EXP 	window1: mouseVisible = False
1441.0725 	EXP 	window1: mouseVisible = False
1441.0891 	EXP 	window1: mouseVisible = False
1441.1058 	EXP 	window1: mouseVisible = False
1441.1225 	EXP 	window1: mouseVisible = False
1441.1392 	EXP 	window1: mouseVisible = False
1441.1558 	EXP 	window1: mouseVisible = False
1441.1724 	EXP 	window1: mouseVisible = False
1441.1892 	EXP 	window1: mouseVisible = False
1441.2058 	EXP 	window1: mouseVisible = False
1441.2224 	EXP 	window1: mouseVisible = False
1441.2391 	EXP 	window1: mouseVisible = False
1441.2558 	EXP 	window1: mouseVisible = False
1441.2725 	EXP 	window1: mouseVisible = False
1441.2891 	EXP 	window1: mouseVisible = False
1441.3057 	EXP 	window1: mouseVisible = False
1441.3224 	EXP 	window1: mouseVisible = False
1441.3393 	EXP 	window1: mouseVisible = False
1441.3558 	EXP 	window1: mouseVisible = False
1441.3725 	EXP 	window1: mouseVisible = False
1441.3892 	EXP 	window1: mouseVisible = False
1441.4058 	EXP 	window1: mouseVisible = False
1441.4224 	EXP 	window1: mouseVisible = False
1441.4391 	EXP 	window1: mouseVisible = False
1441.4568 	DATA 	Keypress: space
1441.5711 	EXP 	main_text: autoDraw = True
1441.5711 	EXP 	confirm_text: autoDraw = True
1441.5711 	EXP 	ratingScale: autoDraw = False
1441.5711 	EXP 	main_text: autoDraw = False
1441.5711 	EXP 	confirm_text: autoDraw = False
1441.5711 	EXP 	text_8: autoDraw = True
1443.0214 	EXP 	Created sequence: random, trialTypes=1, nReps=4, seed=None
1443.0215 	EXP 	New trial (rep=0, index=0): None
1443.0231 	DATA 	Keypress: p
1443.0378 	EXP 	text_8: autoDraw = False
1443.0378 	EXP 	text_pic: autoDraw = True
1443.0378 	EXP 	croix_3: autoDraw = True
1448.0379 	EXP 	text_pic: autoDraw = False
1448.0379 	EXP 	croix_3: autoDraw = False
1448.0379 	EXP 	text_pic: autoDraw = False
1448.0379 	EXP 	croix_3: autoDraw = False
1448.0379 	EXP 	thermode_locali_pic: height = 0.02
1448.0379 	EXP 	thermode_locali_pic: height = 0.02
1448.0379 	EXP 	thermode_locali_pic: height = 0.02
1448.0379 	EXP 	thermode_locali_pic: text = 'T : 0'
1448.0379 	EXP 	responsel: text = 'OUI              '
1448.0379 	EXP 	thermode_locali_pic: autoDraw = True
1456.0213 	EXP 	responsel: autoDraw = True
1456.0213 	EXP 	percu_or: autoDraw = True
1456.0213 	EXP 	responser: autoDraw = True
1456.4558 	DATA 	Keypress: m
1456.4879 	EXP 	responsel: foreColor = (0, 0, 0)
1456.5046 	EXP 	responsel: foreColor = (0, 0, 0)
1456.5213 	EXP 	responsel: foreColor = (0, 0, 0)
1456.5380 	EXP 	responsel: foreColor = (0, 0, 0)
1456.5547 	EXP 	responsel: foreColor = (0, 0, 0)
1456.5713 	EXP 	responsel: foreColor = (0, 0, 0)
1456.5880 	EXP 	responsel: foreColor = (0, 0, 0)
1456.6046 	EXP 	responsel: foreColor = (0, 0, 0)
1456.6213 	EXP 	responsel: foreColor = (0, 0, 0)
1456.6380 	EXP 	responsel: foreColor = (0, 0, 0)
1456.6546 	EXP 	responsel: foreColor = (0, 0, 0)
1456.6713 	EXP 	responsel: foreColor = (0, 0, 0)
1456.6880 	EXP 	responsel: foreColor = (0, 0, 0)
1456.7046 	EXP 	responsel: foreColor = (0, 0, 0)
1456.7213 	EXP 	responsel: foreColor = (0, 0, 0)
1456.7380 	EXP 	responsel: foreColor = (0, 0, 0)
1456.7546 	EXP 	responsel: foreColor = (0, 0, 0)
1456.7713 	EXP 	responsel: foreColor = (0, 0, 0)
1456.7880 	EXP 	responsel: foreColor = (0, 0, 0)
1456.8046 	EXP 	responsel: foreColor = (0, 0, 0)
1456.8213 	EXP 	responsel: foreColor = (0, 0, 0)
1456.8380 	EXP 	responsel: foreColor = (0, 0, 0)
1456.8547 	EXP 	responsel: foreColor = (0, 0, 0)
1456.8713 	EXP 	responsel: foreColor = (0, 0, 0)
1456.8880 	EXP 	responsel: foreColor = (0, 0, 0)
1456.9046 	EXP 	responsel: foreColor = (0, 0, 0)
1456.9213 	EXP 	responsel: foreColor = (0, 0, 0)
1456.9380 	EXP 	responsel: foreColor = (0, 0, 0)
1456.9547 	EXP 	responsel: foreColor = (0, 0, 0)
1456.9713 	EXP 	responsel: foreColor = (0, 0, 0)
1456.9880 	EXP 	responsel: foreColor = (0, 0, 0)
1457.0046 	EXP 	responsel: foreColor = (0, 0, 0)
1457.0213 	EXP 	responsel: foreColor = (0, 0, 0)
1457.0380 	EXP 	responsel: foreColor = (0, 0, 0)
1457.0546 	EXP 	responsel: foreColor = (0, 0, 0)
1457.0713 	EXP 	responsel: foreColor = (0, 0, 0)
1457.0880 	EXP 	responsel: foreColor = (0, 0, 0)
1457.1046 	EXP 	responsel: foreColor = (0, 0, 0)
1457.1213 	EXP 	responsel: foreColor = (0, 0, 0)
1457.1380 	EXP 	responsel: foreColor = (0, 0, 0)
1457.1547 	EXP 	responsel: foreColor = (0, 0, 0)
1457.1713 	EXP 	responsel: foreColor = (0, 0, 0)
1457.1880 	EXP 	responsel: foreColor = (0, 0, 0)
1457.2047 	EXP 	responsel: foreColor = (0, 0, 0)
1457.2213 	EXP 	responsel: foreColor = (0, 0, 0)
1457.2380 	EXP 	responsel: foreColor = (0, 0, 0)
1457.2547 	EXP 	responsel: foreColor = (0, 0, 0)
1457.2713 	EXP 	responsel: foreColor = (0, 0, 0)
1457.2880 	EXP 	responsel: foreColor = (0, 0, 0)
1457.3046 	EXP 	responsel: foreColor = (0, 0, 0)
1457.3213 	EXP 	responsel: foreColor = (0, 0, 0)
1457.3380 	EXP 	responsel: foreColor = (0, 0, 0)
1457.3547 	EXP 	responsel: foreColor = (0, 0, 0)
1457.3713 	EXP 	responsel: foreColor = (0, 0, 0)
1457.3880 	EXP 	responsel: foreColor = (0, 0, 0)
1457.4046 	EXP 	responsel: foreColor = (0, 0, 0)
1457.4213 	EXP 	responsel: foreColor = (0, 0, 0)
1457.4380 	EXP 	responsel: foreColor = (0, 0, 0)
1457.4547 	EXP 	responsel: foreColor = (0, 0, 0)
1457.4713 	EXP 	responsel: foreColor = (0, 0, 0)
1457.4880 	EXP 	responsel: foreColor = (0, 0, 0)
1457.5047 	EXP 	responsel: foreColor = (0, 0, 0)
1457.5213 	EXP 	responsel: foreColor = (0, 0, 0)
1457.5380 	EXP 	responsel: foreColor = (0, 0, 0)
1457.5547 	EXP 	responsel: foreColor = (0, 0, 0)
1457.5713 	EXP 	responsel: foreColor = (0, 0, 0)
1457.5880 	EXP 	responsel: foreColor = (0, 0, 0)
1457.6047 	EXP 	responsel: foreColor = (0, 0, 0)
1457.6213 	EXP 	responsel: foreColor = (0, 0, 0)
1457.6380 	EXP 	responsel: foreColor = (0, 0, 0)
1457.6547 	EXP 	responsel: foreColor = (0, 0, 0)
1457.6713 	EXP 	responsel: foreColor = (0, 0, 0)
1457.6880 	EXP 	responsel: foreColor = (0, 0, 0)
1457.7046 	EXP 	responsel: foreColor = (0, 0, 0)
1457.7213 	EXP 	responsel: foreColor = (0, 0, 0)
1457.7380 	EXP 	responsel: foreColor = (0, 0, 0)
1457.7547 	EXP 	responsel: foreColor = (0, 0, 0)
1457.7713 	EXP 	responsel: foreColor = (0, 0, 0)
1457.7880 	EXP 	responsel: foreColor = (0, 0, 0)
1457.8047 	EXP 	responsel: foreColor = (0, 0, 0)
1457.8213 	EXP 	responsel: foreColor = (0, 0, 0)
1457.8380 	EXP 	responsel: foreColor = (0, 0, 0)
1457.8547 	EXP 	responsel: foreColor = (0, 0, 0)
1457.8713 	EXP 	responsel: foreColor = (0, 0, 0)
1457.8880 	EXP 	responsel: foreColor = (0, 0, 0)
1457.9047 	EXP 	responsel: foreColor = (0, 0, 0)
1457.9213 	EXP 	responsel: foreColor = (0, 0, 0)
1457.9380 	EXP 	responsel: foreColor = (0, 0, 0)
1457.9547 	EXP 	responsel: foreColor = (0, 0, 0)
1457.9713 	EXP 	responsel: foreColor = (0, 0, 0)
1457.9880 	EXP 	responsel: foreColor = (0, 0, 0)
1458.0047 	EXP 	responsel: foreColor = (0, 0, 0)
1458.0213 	EXP 	responsel: foreColor = (0, 0, 0)
1458.0380 	EXP 	responsel: foreColor = (0, 0, 0)
1458.0547 	EXP 	responsel: foreColor = (0, 0, 0)
1458.0713 	EXP 	responsel: foreColor = (0, 0, 0)
1458.0880 	EXP 	responsel: foreColor = (0, 0, 0)
1458.1047 	EXP 	responsel: foreColor = (0, 0, 0)
1458.1213 	EXP 	responsel: foreColor = (0, 0, 0)
1458.1380 	EXP 	responsel: foreColor = (0, 0, 0)
1458.1546 	EXP 	responsel: foreColor = (0, 0, 0)
1458.1713 	EXP 	responsel: foreColor = (0, 0, 0)
1458.1880 	EXP 	responsel: foreColor = (0, 0, 0)
1458.2047 	EXP 	responsel: foreColor = (0, 0, 0)
1458.2212 	EXP 	responsel: foreColor = (0, 0, 0)
1458.2380 	EXP 	responsel: foreColor = (0, 0, 0)
1458.2547 	EXP 	responsel: foreColor = (0, 0, 0)
1458.2713 	EXP 	responsel: foreColor = (0, 0, 0)
1458.2880 	EXP 	responsel: foreColor = (0, 0, 0)
1458.3047 	EXP 	responsel: foreColor = (0, 0, 0)
1458.3213 	EXP 	responsel: foreColor = (0, 0, 0)
1458.3380 	EXP 	responsel: foreColor = (0, 0, 0)
1458.3547 	EXP 	responsel: foreColor = (0, 0, 0)
1458.3713 	EXP 	responsel: foreColor = (0, 0, 0)
1458.3880 	EXP 	responsel: foreColor = (0, 0, 0)
1458.4047 	EXP 	responsel: foreColor = (0, 0, 0)
1458.4213 	EXP 	responsel: foreColor = (0, 0, 0)
1458.4380 	EXP 	responsel: foreColor = (0, 0, 0)
1458.4547 	EXP 	responsel: foreColor = (0, 0, 0)
1458.4713 	EXP 	responsel: foreColor = (0, 0, 0)
1458.4880 	EXP 	responsel: foreColor = (0, 0, 0)
1458.5047 	EXP 	responsel: foreColor = (0, 0, 0)
1458.5213 	EXP 	responsel: foreColor = (0, 0, 0)
1458.5380 	EXP 	responsel: foreColor = (0, 0, 0)
1458.5547 	EXP 	responsel: foreColor = (0, 0, 0)
1458.5713 	EXP 	responsel: foreColor = (0, 0, 0)
1458.5880 	EXP 	responsel: foreColor = (0, 0, 0)
1458.6047 	EXP 	responsel: foreColor = (0, 0, 0)
1458.6213 	EXP 	responsel: foreColor = (0, 0, 0)
1458.6380 	EXP 	responsel: foreColor = (0, 0, 0)
1458.6547 	EXP 	responsel: foreColor = (0, 0, 0)
1458.6713 	EXP 	responsel: foreColor = (0, 0, 0)
1458.6880 	EXP 	responsel: foreColor = (0, 0, 0)
1458.7047 	EXP 	responsel: foreColor = (0, 0, 0)
1458.7213 	EXP 	responsel: foreColor = (0, 0, 0)
1458.7380 	EXP 	responsel: foreColor = (0, 0, 0)
1458.7547 	EXP 	responsel: foreColor = (0, 0, 0)
1458.7713 	EXP 	responsel: foreColor = (0, 0, 0)
1458.7880 	EXP 	responsel: foreColor = (0, 0, 0)
1458.8047 	EXP 	responsel: foreColor = (0, 0, 0)
1458.8213 	EXP 	responsel: foreColor = (0, 0, 0)
1458.8380 	EXP 	responsel: foreColor = (0, 0, 0)
1458.8547 	EXP 	responsel: foreColor = (0, 0, 0)
1458.8713 	EXP 	responsel: foreColor = (0, 0, 0)
1458.8880 	EXP 	responsel: foreColor = (0, 0, 0)
1458.9047 	EXP 	responsel: foreColor = (0, 0, 0)
1458.9213 	EXP 	responsel: foreColor = (0, 0, 0)
1458.9380 	EXP 	responsel: foreColor = (0, 0, 0)
1458.9547 	EXP 	responsel: foreColor = (0, 0, 0)
1458.9713 	EXP 	responsel: foreColor = (0, 0, 0)
1458.9880 	EXP 	responsel: foreColor = (0, 0, 0)
1458.9880 	EXP 	thermode_locali_pic: autoDraw = False
1459.0047 	EXP 	responsel: foreColor = (0, 0, 0)
1459.0052 	EXP 	New trial (rep=1, index=0): None
1459.0213 	EXP 	responsel: foreColor = (0, 0, 0)
1459.0213 	EXP 	responsel: autoDraw = False
1459.0213 	EXP 	percu_or: autoDraw = False
1459.0213 	EXP 	responser: autoDraw = False
1459.0213 	EXP 	thermode_locali_pic: autoDraw = False
1459.0213 	EXP 	responsel: autoDraw = False
1459.0213 	EXP 	percu_or: autoDraw = False
1459.0213 	EXP 	responser: autoDraw = False
1459.0213 	EXP 	responsel: foreColor = 'white'
1459.0213 	EXP 	responser: foreColor = 'white'
1459.0213 	EXP 	text_pic: autoDraw = True
1459.0213 	EXP 	croix_3: autoDraw = True
1464.0213 	EXP 	text_pic: autoDraw = False
1464.0213 	EXP 	croix_3: autoDraw = False
1464.0213 	EXP 	text_pic: autoDraw = False
1464.0213 	EXP 	croix_3: autoDraw = False
1464.0213 	EXP 	thermode_locali_pic: height = 0.02
1464.0213 	EXP 	thermode_locali_pic: height = 0.02
1464.0213 	EXP 	thermode_locali_pic: height = 0.02
1464.0213 	EXP 	thermode_locali_pic: text = 'T : 1'
1464.0213 	EXP 	responsel: text = 'OUI              '
1464.0213 	EXP 	thermode_locali_pic: autoDraw = True
1472.0048 	EXP 	responsel: autoDraw = True
1472.0048 	EXP 	percu_or: autoDraw = True
1472.0048 	EXP 	responser: autoDraw = True
1472.4726 	DATA 	Keypress: n
1472.5048 	EXP 	responser: foreColor = (0, 0, 0)
1472.5215 	EXP 	responser: foreColor = (0, 0, 0)
1472.5382 	EXP 	responser: foreColor = (0, 0, 0)
1472.5548 	EXP 	responser: foreColor = (0, 0, 0)
1472.5715 	EXP 	responser: foreColor = (0, 0, 0)
1472.5882 	EXP 	responser: foreColor = (0, 0, 0)
1472.6048 	EXP 	responser: foreColor = (0, 0, 0)
1472.6215 	EXP 	responser: foreColor = (0, 0, 0)
1472.6382 	EXP 	responser: foreColor = (0, 0, 0)
1472.6548 	EXP 	responser: foreColor = (0, 0, 0)
1472.6715 	EXP 	responser: foreColor = (0, 0, 0)
1472.6882 	EXP 	responser: foreColor = (0, 0, 0)
1472.7048 	EXP 	responser: foreColor = (0, 0, 0)
1472.7215 	EXP 	responser: foreColor = (0, 0, 0)
1472.7382 	EXP 	responser: foreColor = (0, 0, 0)
1472.7548 	EXP 	responser: foreColor = (0, 0, 0)
1472.7715 	EXP 	responser: foreColor = (0, 0, 0)
1472.7882 	EXP 	responser: foreColor = (0, 0, 0)
1472.8048 	EXP 	responser: foreColor = (0, 0, 0)
1472.8214 	EXP 	responser: foreColor = (0, 0, 0)
1472.8382 	EXP 	responser: foreColor = (0, 0, 0)
1472.8548 	EXP 	responser: foreColor = (0, 0, 0)
1472.8715 	EXP 	responser: foreColor = (0, 0, 0)
1472.8882 	EXP 	responser: foreColor = (0, 0, 0)
1472.9048 	EXP 	responser: foreColor = (0, 0, 0)
1472.9215 	EXP 	responser: foreColor = (0, 0, 0)
1472.9382 	EXP 	responser: foreColor = (0, 0, 0)
1472.9548 	EXP 	responser: foreColor = (0, 0, 0)
1472.9715 	EXP 	responser: foreColor = (0, 0, 0)
1472.9882 	EXP 	responser: foreColor = (0, 0, 0)
1473.0048 	EXP 	responser: foreColor = (0, 0, 0)
1473.0214 	EXP 	responser: foreColor = (0, 0, 0)
1473.0382 	EXP 	responser: foreColor = (0, 0, 0)
1473.0548 	EXP 	responser: foreColor = (0, 0, 0)
1473.0715 	EXP 	responser: foreColor = (0, 0, 0)
1473.0882 	EXP 	responser: foreColor = (0, 0, 0)
1473.1049 	EXP 	responser: foreColor = (0, 0, 0)
1473.1214 	EXP 	responser: foreColor = (0, 0, 0)
1473.1382 	EXP 	responser: foreColor = (0, 0, 0)
1473.1548 	EXP 	responser: foreColor = (0, 0, 0)
1473.1715 	EXP 	responser: foreColor = (0, 0, 0)
1473.1881 	EXP 	responser: foreColor = (0, 0, 0)
1473.2048 	EXP 	responser: foreColor = (0, 0, 0)
1473.2215 	EXP 	responser: foreColor = (0, 0, 0)
1473.2381 	EXP 	responser: foreColor = (0, 0, 0)
1473.2547 	EXP 	responser: foreColor = (0, 0, 0)
1473.2714 	EXP 	responser: foreColor = (0, 0, 0)
1473.2881 	EXP 	responser: foreColor = (0, 0, 0)
1473.3047 	EXP 	responser: foreColor = (0, 0, 0)
1473.3214 	EXP 	responser: foreColor = (0, 0, 0)
1473.3381 	EXP 	responser: foreColor = (0, 0, 0)
1473.3547 	EXP 	responser: foreColor = (0, 0, 0)
1473.3714 	EXP 	responser: foreColor = (0, 0, 0)
1473.3881 	EXP 	responser: foreColor = (0, 0, 0)
1473.4047 	EXP 	responser: foreColor = (0, 0, 0)
1473.4214 	EXP 	responser: foreColor = (0, 0, 0)
1473.4381 	EXP 	responser: foreColor = (0, 0, 0)
1473.4547 	EXP 	responser: foreColor = (0, 0, 0)
1473.4714 	EXP 	responser: foreColor = (0, 0, 0)
1473.4881 	EXP 	responser: foreColor = (0, 0, 0)
1473.5048 	EXP 	responser: foreColor = (0, 0, 0)
1473.5214 	EXP 	responser: foreColor = (0, 0, 0)
1473.5381 	EXP 	responser: foreColor = (0, 0, 0)
1473.5547 	EXP 	responser: foreColor = (0, 0, 0)
1473.5715 	EXP 	responser: foreColor = (0, 0, 0)
1473.5881 	EXP 	responser: foreColor = (0, 0, 0)
1473.6047 	EXP 	responser: foreColor = (0, 0, 0)
1473.6214 	EXP 	responser: foreColor = (0, 0, 0)
1473.6381 	EXP 	responser: foreColor = (0, 0, 0)
1473.6547 	EXP 	responser: foreColor = (0, 0, 0)
1473.6714 	EXP 	responser: foreColor = (0, 0, 0)
1473.6881 	EXP 	responser: foreColor = (0, 0, 0)
1473.7048 	EXP 	responser: foreColor = (0, 0, 0)
1473.7214 	EXP 	responser: foreColor = (0, 0, 0)
1473.7381 	EXP 	responser: foreColor = (0, 0, 0)
1473.7548 	EXP 	responser: foreColor = (0, 0, 0)
1473.7714 	EXP 	responser: foreColor = (0, 0, 0)
1473.7881 	EXP 	responser: foreColor = (0, 0, 0)
1473.8048 	EXP 	responser: foreColor = (0, 0, 0)
1473.8214 	EXP 	responser: foreColor = (0, 0, 0)
1473.8381 	EXP 	responser: foreColor = (0, 0, 0)
1473.8548 	EXP 	responser: foreColor = (0, 0, 0)
1473.8714 	EXP 	responser: foreColor = (0, 0, 0)
1473.8881 	EXP 	responser: foreColor = (0, 0, 0)
1473.9047 	EXP 	responser: foreColor = (0, 0, 0)
1473.9214 	EXP 	responser: foreColor = (0, 0, 0)
1473.9381 	EXP 	responser: foreColor = (0, 0, 0)
1473.9548 	EXP 	responser: foreColor = (0, 0, 0)
1473.9714 	EXP 	responser: foreColor = (0, 0, 0)
1473.9881 	EXP 	responser: foreColor = (0, 0, 0)
1474.0048 	EXP 	responser: foreColor = (0, 0, 0)
1474.0214 	EXP 	responser: foreColor = (0, 0, 0)
1474.0381 	EXP 	responser: foreColor = (0, 0, 0)
1474.0548 	EXP 	responser: foreColor = (0, 0, 0)
1474.0714 	EXP 	responser: foreColor = (0, 0, 0)
1474.0881 	EXP 	responser: foreColor = (0, 0, 0)
1474.1048 	EXP 	responser: foreColor = (0, 0, 0)
1474.1214 	EXP 	responser: foreColor = (0, 0, 0)
1474.1381 	EXP 	responser: foreColor = (0, 0, 0)
1474.1548 	EXP 	responser: foreColor = (0, 0, 0)
1474.1714 	EXP 	responser: foreColor = (0, 0, 0)
1474.1881 	EXP 	responser: foreColor = (0, 0, 0)
1474.2048 	EXP 	responser: foreColor = (0, 0, 0)
1474.2214 	EXP 	responser: foreColor = (0, 0, 0)
1474.2381 	EXP 	responser: foreColor = (0, 0, 0)
1474.2548 	EXP 	responser: foreColor = (0, 0, 0)
1474.2714 	EXP 	responser: foreColor = (0, 0, 0)
1474.2881 	EXP 	responser: foreColor = (0, 0, 0)
1474.3047 	EXP 	responser: foreColor = (0, 0, 0)
1474.3214 	EXP 	responser: foreColor = (0, 0, 0)
1474.3381 	EXP 	responser: foreColor = (0, 0, 0)
1474.3548 	EXP 	responser: foreColor = (0, 0, 0)
1474.3714 	EXP 	responser: foreColor = (0, 0, 0)
1474.3881 	EXP 	responser: foreColor = (0, 0, 0)
1474.4048 	EXP 	responser: foreColor = (0, 0, 0)
1474.4214 	EXP 	responser: foreColor = (0, 0, 0)
1474.4381 	EXP 	responser: foreColor = (0, 0, 0)
1474.4548 	EXP 	responser: foreColor = (0, 0, 0)
1474.4714 	EXP 	responser: foreColor = (0, 0, 0)
1474.4881 	EXP 	responser: foreColor = (0, 0, 0)
1474.5048 	EXP 	responser: foreColor = (0, 0, 0)
1474.5214 	EXP 	responser: foreColor = (0, 0, 0)
1474.5381 	EXP 	responser: foreColor = (0, 0, 0)
1474.5548 	EXP 	responser: foreColor = (0, 0, 0)
1474.5714 	EXP 	responser: foreColor = (0, 0, 0)
1474.5881 	EXP 	responser: foreColor = (0, 0, 0)
1474.6048 	EXP 	responser: foreColor = (0, 0, 0)
1474.6214 	EXP 	responser: foreColor = (0, 0, 0)
1474.6381 	EXP 	responser: foreColor = (0, 0, 0)
1474.6548 	EXP 	responser: foreColor = (0, 0, 0)
1474.6714 	EXP 	responser: foreColor = (0, 0, 0)
1474.6881 	EXP 	responser: foreColor = (0, 0, 0)
1474.7048 	EXP 	responser: foreColor = (0, 0, 0)
1474.7214 	EXP 	responser: foreColor = (0, 0, 0)
1474.7381 	EXP 	responser: foreColor = (0, 0, 0)
1474.7548 	EXP 	responser: foreColor = (0, 0, 0)
1474.7714 	EXP 	responser: foreColor = (0, 0, 0)
1474.7881 	EXP 	responser: foreColor = (0, 0, 0)
1474.8048 	EXP 	responser: foreColor = (0, 0, 0)
1474.8214 	EXP 	responser: foreColor = (0, 0, 0)
1474.8381 	EXP 	responser: foreColor = (0, 0, 0)
1474.8548 	EXP 	responser: foreColor = (0, 0, 0)
1474.8714 	EXP 	responser: foreColor = (0, 0, 0)
1474.8881 	EXP 	responser: foreColor = (0, 0, 0)
1474.9048 	EXP 	responser: foreColor = (0, 0, 0)
1474.9214 	EXP 	responser: foreColor = (0, 0, 0)
1474.9381 	EXP 	responser: foreColor = (0, 0, 0)
1474.9548 	EXP 	responser: foreColor = (0, 0, 0)
1474.9714 	EXP 	responser: foreColor = (0, 0, 0)
1474.9714 	EXP 	thermode_locali_pic: autoDraw = False
1474.9881 	EXP 	responser: foreColor = (0, 0, 0)
1474.9886 	EXP 	New trial (rep=2, index=0): None
1475.0048 	EXP 	responser: foreColor = (0, 0, 0)
1475.0048 	EXP 	responsel: autoDraw = False
1475.0048 	EXP 	percu_or: autoDraw = False
1475.0048 	EXP 	responser: autoDraw = False
1475.0048 	EXP 	thermode_locali_pic: autoDraw = False
1475.0048 	EXP 	responsel: autoDraw = False
1475.0048 	EXP 	percu_or: autoDraw = False
1475.0048 	EXP 	responser: autoDraw = False
1475.0048 	EXP 	responsel: foreColor = 'white'
1475.0048 	EXP 	responser: foreColor = 'white'
1475.0048 	EXP 	text_pic: autoDraw = True
1475.0048 	EXP 	croix_3: autoDraw = True
1480.0050 	EXP 	text_pic: autoDraw = False
1480.0050 	EXP 	croix_3: autoDraw = False
1480.0050 	EXP 	text_pic: autoDraw = False
1480.0050 	EXP 	croix_3: autoDraw = False
1480.0050 	EXP 	thermode_locali_pic: height = 0.02
1480.0050 	EXP 	thermode_locali_pic: height = 0.02
1480.0050 	EXP 	thermode_locali_pic: height = 0.02
1480.0050 	EXP 	thermode_locali_pic: text = 'T : 2'
1480.0050 	EXP 	responsel: text = 'OUI              '
1480.0050 	EXP 	thermode_locali_pic: autoDraw = True
1487.9882 	EXP 	responsel: autoDraw = True
1487.9882 	EXP 	percu_or: autoDraw = True
1487.9882 	EXP 	responser: autoDraw = True
1489.1560 	DATA 	Keypress: m
1489.1883 	EXP 	responsel: foreColor = (0, 0, 0)
1489.2050 	EXP 	responsel: foreColor = (0, 0, 0)
1489.2217 	EXP 	responsel: foreColor = (0, 0, 0)
1489.2383 	EXP 	responsel: foreColor = (0, 0, 0)
1489.2550 	EXP 	responsel: foreColor = (0, 0, 0)
1489.2717 	EXP 	responsel: foreColor = (0, 0, 0)
1489.2884 	EXP 	responsel: foreColor = (0, 0, 0)
1489.3050 	EXP 	responsel: foreColor = (0, 0, 0)
1489.3217 	EXP 	responsel: foreColor = (0, 0, 0)
1489.3383 	EXP 	responsel: foreColor = (0, 0, 0)
1489.3550 	EXP 	responsel: foreColor = (0, 0, 0)
1489.3717 	EXP 	responsel: foreColor = (0, 0, 0)
1489.3883 	EXP 	responsel: foreColor = (0, 0, 0)
1489.4050 	EXP 	responsel: foreColor = (0, 0, 0)
1489.4217 	EXP 	responsel: foreColor = (0, 0, 0)
1489.4384 	EXP 	responsel: foreColor = (0, 0, 0)
1489.4550 	EXP 	responsel: foreColor = (0, 0, 0)
1489.4717 	EXP 	responsel: foreColor = (0, 0, 0)
1489.4884 	EXP 	responsel: foreColor = (0, 0, 0)
1489.5050 	EXP 	responsel: foreColor = (0, 0, 0)
1489.5217 	EXP 	responsel: foreColor = (0, 0, 0)
1489.5384 	EXP 	responsel: foreColor = (0, 0, 0)
1489.5550 	EXP 	responsel: foreColor = (0, 0, 0)
1489.5717 	EXP 	responsel: foreColor = (0, 0, 0)
1489.5883 	EXP 	responsel: foreColor = (0, 0, 0)
1489.6050 	EXP 	responsel: foreColor = (0, 0, 0)
1489.6217 	EXP 	responsel: foreColor = (0, 0, 0)
1489.6383 	EXP 	responsel: foreColor = (0, 0, 0)
1489.6550 	EXP 	responsel: foreColor = (0, 0, 0)
1489.6717 	EXP 	responsel: foreColor = (0, 0, 0)
1489.6884 	EXP 	responsel: foreColor = (0, 0, 0)
1489.7050 	EXP 	responsel: foreColor = (0, 0, 0)
1489.7217 	EXP 	responsel: foreColor = (0, 0, 0)
1489.7383 	EXP 	responsel: foreColor = (0, 0, 0)
1489.7550 	EXP 	responsel: foreColor = (0, 0, 0)
1489.7717 	EXP 	responsel: foreColor = (0, 0, 0)
1489.7884 	EXP 	responsel: foreColor = (0, 0, 0)
1489.8050 	EXP 	responsel: foreColor = (0, 0, 0)
1489.8217 	EXP 	responsel: foreColor = (0, 0, 0)
1489.8384 	EXP 	responsel: foreColor = (0, 0, 0)
1489.8550 	EXP 	responsel: foreColor = (0, 0, 0)
1489.8717 	EXP 	responsel: foreColor = (0, 0, 0)
1489.8884 	EXP 	responsel: foreColor = (0, 0, 0)
1489.9050 	EXP 	responsel: foreColor = (0, 0, 0)
1489.9217 	EXP 	responsel: foreColor = (0, 0, 0)
1489.9383 	EXP 	responsel: foreColor = (0, 0, 0)
1489.9550 	EXP 	responsel: foreColor = (0, 0, 0)
1489.9717 	EXP 	responsel: foreColor = (0, 0, 0)
1489.9883 	EXP 	responsel: foreColor = (0, 0, 0)
1490.0050 	EXP 	responsel: foreColor = (0, 0, 0)
1490.0217 	EXP 	responsel: foreColor = (0, 0, 0)
1490.0384 	EXP 	responsel: foreColor = (0, 0, 0)
1490.0550 	EXP 	responsel: foreColor = (0, 0, 0)
1490.0717 	EXP 	responsel: foreColor = (0, 0, 0)
1490.0884 	EXP 	responsel: foreColor = (0, 0, 0)
1490.1050 	EXP 	responsel: foreColor = (0, 0, 0)
1490.1217 	EXP 	responsel: foreColor = (0, 0, 0)
1490.1384 	EXP 	responsel: foreColor = (0, 0, 0)
1490.1550 	EXP 	responsel: foreColor = (0, 0, 0)
1490.1717 	EXP 	responsel: foreColor = (0, 0, 0)
1490.1884 	EXP 	responsel: foreColor = (0, 0, 0)
1490.2050 	EXP 	responsel: foreColor = (0, 0, 0)
1490.2217 	EXP 	responsel: foreColor = (0, 0, 0)
1490.2384 	EXP 	responsel: foreColor = (0, 0, 0)
1490.2550 	EXP 	responsel: foreColor = (0, 0, 0)
1490.2717 	EXP 	responsel: foreColor = (0, 0, 0)
1490.2884 	EXP 	responsel: foreColor = (0, 0, 0)
1490.3050 	EXP 	responsel: foreColor = (0, 0, 0)
1490.3217 	EXP 	responsel: foreColor = (0, 0, 0)
1490.3384 	EXP 	responsel: foreColor = (0, 0, 0)
1490.3550 	EXP 	responsel: foreColor = (0, 0, 0)
1490.3717 	EXP 	responsel: foreColor = (0, 0, 0)
1490.3883 	EXP 	responsel: foreColor = (0, 0, 0)
1490.4050 	EXP 	responsel: foreColor = (0, 0, 0)
1490.4217 	EXP 	responsel: foreColor = (0, 0, 0)
1490.4384 	EXP 	responsel: foreColor = (0, 0, 0)
1490.4550 	EXP 	responsel: foreColor = (0, 0, 0)
1490.4717 	EXP 	responsel: foreColor = (0, 0, 0)
1490.4884 	EXP 	responsel: foreColor = (0, 0, 0)
1490.5050 	EXP 	responsel: foreColor = (0, 0, 0)
1490.5217 	EXP 	responsel: foreColor = (0, 0, 0)
1490.5384 	EXP 	responsel: foreColor = (0, 0, 0)
1490.5550 	EXP 	responsel: foreColor = (0, 0, 0)
1490.5717 	EXP 	responsel: foreColor = (0, 0, 0)
1490.5884 	EXP 	responsel: foreColor = (0, 0, 0)
1490.6051 	EXP 	responsel: foreColor = (0, 0, 0)
1490.6217 	EXP 	responsel: foreColor = (0, 0, 0)
1490.6384 	EXP 	responsel: foreColor = (0, 0, 0)
1490.6550 	EXP 	responsel: foreColor = (0, 0, 0)
1490.6717 	EXP 	responsel: foreColor = (0, 0, 0)
1490.6884 	EXP 	responsel: foreColor = (0, 0, 0)
1490.7050 	EXP 	responsel: foreColor = (0, 0, 0)
1490.7217 	EXP 	responsel: foreColor = (0, 0, 0)
1490.7383 	EXP 	responsel: foreColor = (0, 0, 0)
1490.7550 	EXP 	responsel: foreColor = (0, 0, 0)
1490.7717 	EXP 	responsel: foreColor = (0, 0, 0)
1490.7884 	EXP 	responsel: foreColor = (0, 0, 0)
1490.8050 	EXP 	responsel: foreColor = (0, 0, 0)
1490.8217 	EXP 	responsel: foreColor = (0, 0, 0)
1490.8384 	EXP 	responsel: foreColor = (0, 0, 0)
1490.8550 	EXP 	responsel: foreColor = (0, 0, 0)
1490.8717 	EXP 	responsel: foreColor = (0, 0, 0)
1490.8884 	EXP 	responsel: foreColor = (0, 0, 0)
1490.9050 	EXP 	responsel: foreColor = (0, 0, 0)
1490.9217 	EXP 	responsel: foreColor = (0, 0, 0)
1490.9384 	EXP 	responsel: foreColor = (0, 0, 0)
1490.9550 	EXP 	responsel: foreColor = (0, 0, 0)
1490.9550 	EXP 	thermode_locali_pic: autoDraw = False
1490.9717 	EXP 	responsel: foreColor = (0, 0, 0)
1490.9722 	EXP 	New trial (rep=3, index=0): None
1490.9884 	EXP 	responsel: foreColor = (0, 0, 0)
1490.9884 	EXP 	responsel: autoDraw = False
1490.9884 	EXP 	percu_or: autoDraw = False
1490.9884 	EXP 	responser: autoDraw = False
1490.9884 	EXP 	thermode_locali_pic: autoDraw = False
1490.9884 	EXP 	responsel: autoDraw = False
1490.9884 	EXP 	percu_or: autoDraw = False
1490.9884 	EXP 	responser: autoDraw = False
1490.9884 	EXP 	responsel: foreColor = 'white'
1490.9884 	EXP 	responser: foreColor = 'white'
1490.9884 	EXP 	text_pic: autoDraw = True
1490.9884 	EXP 	croix_3: autoDraw = True
1495.9884 	EXP 	text_pic: autoDraw = False
1495.9884 	EXP 	croix_3: autoDraw = False
1495.9884 	EXP 	text_pic: autoDraw = False
1495.9884 	EXP 	croix_3: autoDraw = False
1495.9884 	EXP 	thermode_locali_pic: height = 0.02
1495.9884 	EXP 	thermode_locali_pic: height = 0.02
1495.9884 	EXP 	thermode_locali_pic: height = 0.02
1495.9884 	EXP 	thermode_locali_pic: text = 'T : 3'
1495.9884 	EXP 	responsel: text = 'OUI              '
1495.9884 	EXP 	thermode_locali_pic: autoDraw = True
1503.9719 	EXP 	responsel: autoDraw = True
1503.9719 	EXP 	percu_or: autoDraw = True
1503.9719 	EXP 	responser: autoDraw = True
1504.3065 	DATA 	Keypress: m
1504.3385 	EXP 	responsel: foreColor = (0, 0, 0)
1504.3551 	EXP 	responsel: foreColor = (0, 0, 0)
1504.3718 	EXP 	responsel: foreColor = (0, 0, 0)
1504.3884 	EXP 	responsel: foreColor = (0, 0, 0)
1504.4051 	EXP 	responsel: foreColor = (0, 0, 0)
1504.4218 	EXP 	responsel: foreColor = (0, 0, 0)
1504.4384 	EXP 	responsel: foreColor = (0, 0, 0)
1504.4551 	EXP 	responsel: foreColor = (0, 0, 0)
1504.4718 	EXP 	responsel: foreColor = (0, 0, 0)
1504.4884 	EXP 	responsel: foreColor = (0, 0, 0)
1504.5051 	EXP 	responsel: foreColor = (0, 0, 0)
1504.5218 	EXP 	responsel: foreColor = (0, 0, 0)
1504.5384 	EXP 	responsel: foreColor = (0, 0, 0)
1504.5551 	EXP 	responsel: foreColor = (0, 0, 0)
1504.5718 	EXP 	responsel: foreColor = (0, 0, 0)
1504.5884 	EXP 	responsel: foreColor = (0, 0, 0)
1504.6051 	EXP 	responsel: foreColor = (0, 0, 0)
1504.6218 	EXP 	responsel: foreColor = (0, 0, 0)
1504.6384 	EXP 	responsel: foreColor = (0, 0, 0)
1504.6551 	EXP 	responsel: foreColor = (0, 0, 0)
1504.6718 	EXP 	responsel: foreColor = (0, 0, 0)
1504.6884 	EXP 	responsel: foreColor = (0, 0, 0)
1504.7051 	EXP 	responsel: foreColor = (0, 0, 0)
1504.7218 	EXP 	responsel: foreColor = (0, 0, 0)
1504.7384 	EXP 	responsel: foreColor = (0, 0, 0)
1504.7551 	EXP 	responsel: foreColor = (0, 0, 0)
1504.7718 	EXP 	responsel: foreColor = (0, 0, 0)
1504.7884 	EXP 	responsel: foreColor = (0, 0, 0)
1504.8051 	EXP 	responsel: foreColor = (0, 0, 0)
1504.8218 	EXP 	responsel: foreColor = (0, 0, 0)
1504.8385 	EXP 	responsel: foreColor = (0, 0, 0)
1504.8551 	EXP 	responsel: foreColor = (0, 0, 0)
1504.8718 	EXP 	responsel: foreColor = (0, 0, 0)
1504.8884 	EXP 	responsel: foreColor = (0, 0, 0)
1504.9051 	EXP 	responsel: foreColor = (0, 0, 0)
1504.9218 	EXP 	responsel: foreColor = (0, 0, 0)
1504.9384 	EXP 	responsel: foreColor = (0, 0, 0)
1504.9551 	EXP 	responsel: foreColor = (0, 0, 0)
1504.9718 	EXP 	responsel: foreColor = (0, 0, 0)
1504.9884 	EXP 	responsel: foreColor = (0, 0, 0)
1505.0051 	EXP 	responsel: foreColor = (0, 0, 0)
1505.0218 	EXP 	responsel: foreColor = (0, 0, 0)
1505.0384 	EXP 	responsel: foreColor = (0, 0, 0)
1505.0551 	EXP 	responsel: foreColor = (0, 0, 0)
1505.0718 	EXP 	responsel: foreColor = (0, 0, 0)
1505.0884 	EXP 	responsel: foreColor = (0, 0, 0)
1505.1051 	EXP 	responsel: foreColor = (0, 0, 0)
1505.1218 	EXP 	responsel: foreColor = (0, 0, 0)
1505.1384 	EXP 	responsel: foreColor = (0, 0, 0)
1505.1551 	EXP 	responsel: foreColor = (0, 0, 0)
1505.1717 	EXP 	responsel: foreColor = (0, 0, 0)
1505.1884 	EXP 	responsel: foreColor = (0, 0, 0)
1505.2051 	EXP 	responsel: foreColor = (0, 0, 0)
1505.2218 	EXP 	responsel: foreColor = (0, 0, 0)
1505.2384 	EXP 	responsel: foreColor = (0, 0, 0)
1505.2551 	EXP 	responsel: foreColor = (0, 0, 0)
1505.2718 	EXP 	responsel: foreColor = (0, 0, 0)
1505.2885 	EXP 	responsel: foreColor = (0, 0, 0)
1505.3052 	EXP 	responsel: foreColor = (0, 0, 0)
1505.3218 	EXP 	responsel: foreColor = (0, 0, 0)
1505.3384 	EXP 	responsel: foreColor = (0, 0, 0)
1505.3552 	EXP 	responsel: foreColor = (0, 0, 0)
1505.3718 	EXP 	responsel: foreColor = (0, 0, 0)
1505.3885 	EXP 	responsel: foreColor = (0, 0, 0)
1505.4052 	EXP 	responsel: foreColor = (0, 0, 0)
1505.4218 	EXP 	responsel: foreColor = (0, 0, 0)
1505.4384 	EXP 	responsel: foreColor = (0, 0, 0)
1505.4552 	EXP 	responsel: foreColor = (0, 0, 0)
1505.4718 	EXP 	responsel: foreColor = (0, 0, 0)
1505.4884 	EXP 	responsel: foreColor = (0, 0, 0)
1505.5052 	EXP 	responsel: foreColor = (0, 0, 0)
1505.5218 	EXP 	responsel: foreColor = (0, 0, 0)
1505.5384 	EXP 	responsel: foreColor = (0, 0, 0)
1505.5551 	EXP 	responsel: foreColor = (0, 0, 0)
1505.5718 	EXP 	responsel: foreColor = (0, 0, 0)
1505.5884 	EXP 	responsel: foreColor = (0, 0, 0)
1505.6052 	EXP 	responsel: foreColor = (0, 0, 0)
1505.6218 	EXP 	responsel: foreColor = (0, 0, 0)
1505.6384 	EXP 	responsel: foreColor = (0, 0, 0)
1505.6551 	EXP 	responsel: foreColor = (0, 0, 0)
1505.6718 	EXP 	responsel: foreColor = (0, 0, 0)
1505.6884 	EXP 	responsel: foreColor = (0, 0, 0)
1505.7052 	EXP 	responsel: foreColor = (0, 0, 0)
1505.7218 	EXP 	responsel: foreColor = (0, 0, 0)
1505.7384 	EXP 	responsel: foreColor = (0, 0, 0)
1505.7552 	EXP 	responsel: foreColor = (0, 0, 0)
1505.7718 	EXP 	responsel: foreColor = (0, 0, 0)
1505.7884 	EXP 	responsel: foreColor = (0, 0, 0)
1505.8052 	EXP 	responsel: foreColor = (0, 0, 0)
1505.8218 	EXP 	responsel: foreColor = (0, 0, 0)
1505.8385 	EXP 	responsel: foreColor = (0, 0, 0)
1505.8552 	EXP 	responsel: foreColor = (0, 0, 0)
1505.8718 	EXP 	responsel: foreColor = (0, 0, 0)
1505.8884 	EXP 	responsel: foreColor = (0, 0, 0)
1505.9052 	EXP 	responsel: foreColor = (0, 0, 0)
1505.9218 	EXP 	responsel: foreColor = (0, 0, 0)
1505.9384 	EXP 	responsel: foreColor = (0, 0, 0)
1505.9552 	EXP 	responsel: foreColor = (0, 0, 0)
1505.9718 	EXP 	responsel: foreColor = (0, 0, 0)
1505.9885 	EXP 	responsel: foreColor = (0, 0, 0)
1506.0051 	EXP 	responsel: foreColor = (0, 0, 0)
1506.0218 	EXP 	responsel: foreColor = (0, 0, 0)
1506.0385 	EXP 	responsel: foreColor = (0, 0, 0)
1506.0551 	EXP 	responsel: foreColor = (0, 0, 0)
1506.0719 	EXP 	responsel: foreColor = (0, 0, 0)
1506.0886 	EXP 	responsel: foreColor = (0, 0, 0)
1506.1052 	EXP 	responsel: foreColor = (0, 0, 0)
1506.1219 	EXP 	responsel: foreColor = (0, 0, 0)
1506.1385 	EXP 	responsel: foreColor = (0, 0, 0)
1506.1552 	EXP 	responsel: foreColor = (0, 0, 0)
1506.1719 	EXP 	responsel: foreColor = (0, 0, 0)
1506.1885 	EXP 	responsel: foreColor = (0, 0, 0)
1506.2052 	EXP 	responsel: foreColor = (0, 0, 0)
1506.2219 	EXP 	responsel: foreColor = (0, 0, 0)
1506.2385 	EXP 	responsel: foreColor = (0, 0, 0)
1506.2552 	EXP 	responsel: foreColor = (0, 0, 0)
1506.2718 	EXP 	responsel: foreColor = (0, 0, 0)
1506.2885 	EXP 	responsel: foreColor = (0, 0, 0)
1506.3052 	EXP 	responsel: foreColor = (0, 0, 0)
1506.3219 	EXP 	responsel: foreColor = (0, 0, 0)
1506.3385 	EXP 	responsel: foreColor = (0, 0, 0)
1506.3552 	EXP 	responsel: foreColor = (0, 0, 0)
1506.3718 	EXP 	responsel: foreColor = (0, 0, 0)
1506.3886 	EXP 	responsel: foreColor = (0, 0, 0)
1506.4051 	EXP 	responsel: foreColor = (0, 0, 0)
1506.4218 	EXP 	responsel: foreColor = (0, 0, 0)
1506.4385 	EXP 	responsel: foreColor = (0, 0, 0)
1506.4551 	EXP 	responsel: foreColor = (0, 0, 0)
1506.4718 	EXP 	responsel: foreColor = (0, 0, 0)
1506.4885 	EXP 	responsel: foreColor = (0, 0, 0)
1506.5052 	EXP 	responsel: foreColor = (0, 0, 0)
1506.5218 	EXP 	responsel: foreColor = (0, 0, 0)
1506.5385 	EXP 	responsel: foreColor = (0, 0, 0)
1506.5551 	EXP 	responsel: foreColor = (0, 0, 0)
1506.5718 	EXP 	responsel: foreColor = (0, 0, 0)
1506.5884 	EXP 	responsel: foreColor = (0, 0, 0)
1506.6052 	EXP 	responsel: foreColor = (0, 0, 0)
1506.6218 	EXP 	responsel: foreColor = (0, 0, 0)
1506.6385 	EXP 	responsel: foreColor = (0, 0, 0)
1506.6552 	EXP 	responsel: foreColor = (0, 0, 0)
1506.6718 	EXP 	responsel: foreColor = (0, 0, 0)
1506.6885 	EXP 	responsel: foreColor = (0, 0, 0)
1506.7052 	EXP 	responsel: foreColor = (0, 0, 0)
1506.7218 	EXP 	responsel: foreColor = (0, 0, 0)
1506.7385 	EXP 	responsel: foreColor = (0, 0, 0)
1506.7552 	EXP 	responsel: foreColor = (0, 0, 0)
1506.7718 	EXP 	responsel: foreColor = (0, 0, 0)
1506.7885 	EXP 	responsel: foreColor = (0, 0, 0)
1506.8052 	EXP 	responsel: foreColor = (0, 0, 0)
1506.8218 	EXP 	responsel: foreColor = (0, 0, 0)
1506.8385 	EXP 	responsel: foreColor = (0, 0, 0)
1506.8552 	EXP 	responsel: foreColor = (0, 0, 0)
1506.8718 	EXP 	responsel: foreColor = (0, 0, 0)
1506.8885 	EXP 	responsel: foreColor = (0, 0, 0)
1506.9052 	EXP 	responsel: foreColor = (0, 0, 0)
1506.9218 	EXP 	responsel: foreColor = (0, 0, 0)
1506.9385 	EXP 	responsel: foreColor = (0, 0, 0)
1506.9385 	EXP 	thermode_locali_pic: autoDraw = False
1506.9552 	EXP 	responsel: foreColor = (0, 0, 0)
1506.9557 	EXP 	New trial (rep=2, index=0): None
1506.9718 	EXP 	responsel: foreColor = (0, 0, 0)
1506.9718 	EXP 	responsel: autoDraw = False
1506.9718 	EXP 	percu_or: autoDraw = False
1506.9718 	EXP 	responser: autoDraw = False
1506.9718 	EXP 	thermode_locali_pic: autoDraw = False
1506.9718 	EXP 	responsel: autoDraw = False
1506.9718 	EXP 	percu_or: autoDraw = False
1506.9718 	EXP 	responser: autoDraw = False
1506.9718 	EXP 	responsel: foreColor = 'white'
1506.9718 	EXP 	responser: foreColor = 'white'
1506.9718 	EXP 	text_7: autoDraw = True
1507.9054 	EXP 	Created sequence: random, trialTypes=1, nReps=2, seed=None
1507.9055 	EXP 	New trial (rep=0, index=0): None
1507.9071 	DATA 	Keypress: p
1507.9218 	EXP 	text_7: autoDraw = False
1507.9218 	EXP 	text_eva: autoDraw = True
1507.9218 	EXP 	croix_2: autoDraw = True
1512.9220 	EXP 	text_eva: autoDraw = False
1512.9220 	EXP 	croix_2: autoDraw = False
1512.9220 	EXP 	text_eva: autoDraw = False
1512.9220 	EXP 	croix_2: autoDraw = False
1512.9220 	EXP 	thermode_locali_EVA: autoDraw = True
1524.9055 	EXP 	window1: mouseVisible = True
1524.9064 	EXP 	Created unnamed Rect = Rect(__class__=<class 'psychopy.visual.rect.Rect'>, anchor=('center', 'center'), autoDraw=False, autoLog=True, closeShape=True, color=method-wrapper(...), colorSpace='rgb', contrast=None, depth=0, draggable=False, fillColor=array([1, 1, 1]), fillColorSpace='rgb', fillRGB=array([1, 1, 1]), interpolate=True, lineColor=array([1., 1., 1.]), lineColorSpace='rgb', lineRGB=array([1, 1, 1]), lineWidth=1.5, name='unnamed Rect', opacity=1.0, ori=0.0, pos=array([0., 0.]), size=array([0.01, 0.1 ]), units='norm', vertices=ndarray(...), win=Window(...))
1524.9065 	EXP 	window1: mouseVisible = True
1524.9066 	EXP 	window1: mouseVisible = True
1524.9071 	EXP 	window1: mouseVisible = True
1524.9082 	EXP 	window1: mouseVisible = True
1524.9094 	EXP 	window1: mouseVisible = True
1524.9097 	EXP 	window1: mouseVisible = True
1524.9099 	EXP 	window1: mouseVisible = True
1524.9101 	EXP 	window1: mouseVisible = True
1524.9103 	EXP 	window1: mouseVisible = True
1524.9105 	EXP 	window1: mouseVisible = True
1524.9107 	EXP 	window1: mouseVisible = True
1524.9109 	EXP 	window1: mouseVisible = True
1524.9111 	EXP 	window1: mouseVisible = True
1524.9113 	EXP 	window1: mouseVisible = True
1524.9115 	EXP 	window1: mouseVisible = True
1524.9117 	EXP 	window1: mouseVisible = True
1524.9118 	EXP 	window1: mouseVisible = True
1524.9120 	EXP 	window1: mouseVisible = True
1524.9123 	EXP 	window1: mouseVisible = True
1524.9125 	EXP 	window1: mouseVisible = True
1524.9126 	EXP 	window1: mouseVisible = True
1524.9128 	EXP 	window1: mouseVisible = True
1524.9129 	EXP 	window1: mouseVisible = True
1524.9130 	EXP 	window1: mouseVisible = True
1524.9132 	EXP 	window1: mouseVisible = True
1524.9133 	EXP 	window1: mouseVisible = True
1524.9134 	EXP 	window1: mouseVisible = True
1524.9135 	EXP 	window1: mouseVisible = True
1524.9137 	EXP 	window1: mouseVisible = True
1524.9138 	EXP 	window1: mouseVisible = True
1524.9139 	EXP 	window1: mouseVisible = True
1524.9141 	EXP 	window1: mouseVisible = True
1524.9142 	EXP 	window1: mouseVisible = True
1524.9143 	EXP 	window1: mouseVisible = True
1524.9144 	EXP 	window1: mouseVisible = True
1524.9146 	EXP 	window1: mouseVisible = True
1524.9147 	EXP 	window1: mouseVisible = True
1524.9149 	EXP 	window1: mouseVisible = True
1524.9150 	EXP 	window1: mouseVisible = True
1524.9152 	EXP 	window1: mouseVisible = True
1524.9153 	EXP 	window1: mouseVisible = True
1524.9154 	EXP 	window1: mouseVisible = True
1524.9155 	EXP 	window1: mouseVisible = True
1524.9157 	EXP 	window1: mouseVisible = True
1524.9158 	EXP 	window1: mouseVisible = True
1524.9159 	EXP 	window1: mouseVisible = True
1524.9161 	EXP 	window1: mouseVisible = True
1524.9162 	EXP 	window1: mouseVisible = True
1524.9163 	EXP 	window1: mouseVisible = True
1524.9164 	EXP 	window1: mouseVisible = True
1524.9166 	EXP 	window1: mouseVisible = True
1524.9167 	EXP 	window1: mouseVisible = True
1524.9168 	EXP 	window1: mouseVisible = True
1524.9169 	EXP 	window1: mouseVisible = True
1524.9171 	EXP 	window1: mouseVisible = True
1524.9172 	EXP 	window1: mouseVisible = True
1524.9173 	EXP 	window1: mouseVisible = True
1524.9174 	EXP 	window1: mouseVisible = True
1524.9176 	EXP 	window1: mouseVisible = True
1524.9177 	EXP 	window1: mouseVisible = True
1524.9178 	EXP 	window1: mouseVisible = True
1524.9179 	EXP 	window1: mouseVisible = True
1524.9181 	EXP 	window1: mouseVisible = True
1524.9182 	EXP 	window1: mouseVisible = True
1524.9183 	EXP 	window1: mouseVisible = True
1524.9184 	EXP 	window1: mouseVisible = True
1524.9186 	EXP 	window1: mouseVisible = True
1524.9187 	EXP 	window1: mouseVisible = True
1524.9188 	EXP 	window1: mouseVisible = True
1524.9190 	EXP 	window1: mouseVisible = True
1524.9191 	EXP 	window1: mouseVisible = True
1524.9192 	EXP 	window1: mouseVisible = True
1524.9193 	EXP 	window1: mouseVisible = True
1524.9195 	EXP 	window1: mouseVisible = True
1524.9196 	EXP 	window1: mouseVisible = True
1524.9197 	EXP 	window1: mouseVisible = True
1524.9198 	EXP 	window1: mouseVisible = True
1524.9200 	EXP 	window1: mouseVisible = True
1524.9201 	EXP 	window1: mouseVisible = True
1524.9202 	EXP 	window1: mouseVisible = True
1524.9203 	EXP 	window1: mouseVisible = True
1524.9205 	EXP 	window1: mouseVisible = True
1524.9206 	EXP 	window1: mouseVisible = True
1524.9207 	EXP 	window1: mouseVisible = True
1524.9208 	EXP 	window1: mouseVisible = True
1524.9210 	EXP 	window1: mouseVisible = True
1524.9211 	EXP 	window1: mouseVisible = True
1524.9212 	EXP 	window1: mouseVisible = True
1524.9213 	EXP 	window1: mouseVisible = True
1524.9215 	EXP 	window1: mouseVisible = True
1524.9216 	EXP 	window1: mouseVisible = True
1524.9217 	EXP 	window1: mouseVisible = True
1524.9218 	EXP 	window1: mouseVisible = True
1524.9220 	EXP 	window1: mouseVisible = True
1524.9221 	EXP 	window1: mouseVisible = True
1524.9222 	EXP 	window1: mouseVisible = True
1524.9223 	EXP 	window1: mouseVisible = True
1524.9225 	EXP 	window1: mouseVisible = True
1524.9227 	EXP 	window1: mouseVisible = True
1524.9228 	EXP 	window1: mouseVisible = True
1524.9229 	EXP 	window1: mouseVisible = True
1524.9230 	EXP 	window1: mouseVisible = True
1524.9232 	EXP 	window1: mouseVisible = True
1524.9233 	EXP 	window1: mouseVisible = True
1524.9254 	EXP 	Created ratingScale = RatingScale(__class__=type(...), acceptKeys=['return'], acceptPreText=UNKNOWN, acceptSize=UNKNOWN, acceptText=UNKNOWN, autoLog=True, choices=False, colorSpace='rgb', depth=0, disappear=False, flipVert=False, high=100, kwargs=UNKNOWN, labels=list(...), leftKeys=['left'], lineColor=(255, 255, 255), low=0, marker=Rect(...), markerColor=(255, 255, 255), markerExpansion=UNKNOWN, markerStart=0.5, maxTime=0.0, minTime=0.4, mouseOnly=False, name='ratingScale', noMouse=False, pos=[0.0, 0.0], precision=100, respKeys=[], rightKeys=['right'], scale=None, self=UNKNOWN, showAccept=False, showValue=False, singleClick=False, size=0.6, skipKeys=['tab'], stretch=2.0, textColor='white', textFont='Helvetica Bold', textSize=0.144, tickHeight=0, tickMarks=10.0, win=Window(...))
1524.9254 	EXP 	RatingScale ratingScale: reset()
1524.9275 	EXP 	window1: mouseVisible = False
1524.9386 	EXP 	thermode_locali_EVA: autoDraw = False
1524.9386 	EXP 	ratingScale: flipVert = False
1524.9386 	EXP 	ratingScale: autoLog = True
1524.9402 	EXP 	window1: mouseVisible = False
1524.9568 	EXP 	window1: mouseVisible = False
1524.9735 	EXP 	window1: mouseVisible = False
1524.9901 	EXP 	window1: mouseVisible = False
1525.0068 	EXP 	window1: mouseVisible = False
1525.0234 	EXP 	window1: mouseVisible = False
1525.0400 	EXP 	window1: mouseVisible = False
1525.0568 	EXP 	window1: mouseVisible = False
1525.0734 	EXP 	window1: mouseVisible = False
1525.0901 	EXP 	window1: mouseVisible = False
1525.1068 	EXP 	window1: mouseVisible = False
1525.1238 	EXP 	window1: mouseVisible = False
1525.1401 	EXP 	window1: mouseVisible = False
1525.1569 	EXP 	window1: mouseVisible = False
1525.1735 	EXP 	window1: mouseVisible = False
1525.1901 	EXP 	window1: mouseVisible = False
1525.2069 	EXP 	window1: mouseVisible = False
1525.2235 	EXP 	window1: mouseVisible = False
1525.2402 	EXP 	window1: mouseVisible = False
1525.2568 	EXP 	window1: mouseVisible = False
1525.2735 	EXP 	window1: mouseVisible = False
1525.2902 	EXP 	window1: mouseVisible = False
1525.3068 	EXP 	window1: mouseVisible = False
1525.3235 	EXP 	window1: mouseVisible = False
1525.3401 	EXP 	window1: mouseVisible = False
1525.3568 	EXP 	window1: mouseVisible = False
1525.3736 	EXP 	window1: mouseVisible = False
1525.3901 	EXP 	window1: mouseVisible = False
1525.4069 	EXP 	window1: mouseVisible = False
1525.4234 	EXP 	window1: mouseVisible = False
1525.4402 	EXP 	window1: mouseVisible = False
1525.4569 	EXP 	window1: mouseVisible = False
1525.4731 	DATA 	Keypress: n
1525.4736 	EXP 	window1: mouseVisible = False
1525.4901 	EXP 	window1: mouseVisible = False
1525.5069 	EXP 	window1: mouseVisible = False
1525.5235 	EXP 	window1: mouseVisible = False
1525.5402 	EXP 	window1: mouseVisible = False
1525.5568 	EXP 	window1: mouseVisible = False
1525.5735 	EXP 	window1: mouseVisible = False
1525.5901 	EXP 	window1: mouseVisible = False
1525.6068 	EXP 	window1: mouseVisible = False
1525.6235 	EXP 	window1: mouseVisible = False
1525.6402 	EXP 	window1: mouseVisible = False
1525.6568 	EXP 	window1: mouseVisible = False
1525.6735 	EXP 	window1: mouseVisible = False
1525.6902 	EXP 	window1: mouseVisible = False
1525.7068 	EXP 	window1: mouseVisible = False
1525.7235 	EXP 	window1: mouseVisible = False
1525.7402 	EXP 	window1: mouseVisible = False
1525.7568 	EXP 	window1: mouseVisible = False
1525.7736 	EXP 	window1: mouseVisible = False
1525.7902 	EXP 	window1: mouseVisible = False
1525.8069 	EXP 	window1: mouseVisible = False
1525.8235 	EXP 	window1: mouseVisible = False
1525.8402 	EXP 	window1: mouseVisible = False
1525.8568 	EXP 	window1: mouseVisible = False
1525.8735 	EXP 	window1: mouseVisible = False
1525.8901 	EXP 	window1: mouseVisible = False
1525.9068 	EXP 	window1: mouseVisible = False
1525.9235 	EXP 	window1: mouseVisible = False
1525.9401 	EXP 	window1: mouseVisible = False
1525.9568 	EXP 	window1: mouseVisible = False
1525.9735 	EXP 	window1: mouseVisible = False
1525.9902 	EXP 	window1: mouseVisible = False
1526.0068 	EXP 	window1: mouseVisible = False
1526.0236 	EXP 	window1: mouseVisible = False
1526.0402 	EXP 	window1: mouseVisible = False
1526.0569 	EXP 	window1: mouseVisible = False
1526.0735 	EXP 	window1: mouseVisible = False
1526.0902 	EXP 	window1: mouseVisible = False
1526.1069 	EXP 	window1: mouseVisible = False
1526.1235 	EXP 	window1: mouseVisible = False
1526.1403 	EXP 	window1: mouseVisible = False
1526.1572 	EXP 	window1: mouseVisible = False
1526.1736 	EXP 	window1: mouseVisible = False
1526.1902 	EXP 	window1: mouseVisible = False
1526.2069 	EXP 	window1: mouseVisible = False
1526.2235 	EXP 	window1: mouseVisible = False
1526.2403 	EXP 	window1: mouseVisible = False
1526.2569 	EXP 	window1: mouseVisible = False
1526.2738 	EXP 	window1: mouseVisible = False
1526.2903 	EXP 	window1: mouseVisible = False
1526.3069 	EXP 	window1: mouseVisible = False
1526.3237 	EXP 	window1: mouseVisible = False
1526.3401 	EXP 	window1: mouseVisible = False
1526.3568 	EXP 	window1: mouseVisible = False
1526.3734 	EXP 	window1: mouseVisible = False
1526.3902 	EXP 	window1: mouseVisible = False
1526.4069 	EXP 	window1: mouseVisible = False
1526.4234 	EXP 	window1: mouseVisible = False
1526.4401 	EXP 	window1: mouseVisible = False
1526.4568 	EXP 	window1: mouseVisible = False
1526.4737 	EXP 	window1: mouseVisible = False
1526.4902 	EXP 	window1: mouseVisible = False
1526.5070 	EXP 	window1: mouseVisible = False
1526.5236 	EXP 	window1: mouseVisible = False
1526.5403 	EXP 	window1: mouseVisible = False
1526.5569 	EXP 	window1: mouseVisible = False
1526.5734 	EXP 	window1: mouseVisible = False
1526.5901 	EXP 	window1: mouseVisible = False
1526.6069 	EXP 	window1: mouseVisible = False
1526.6235 	EXP 	window1: mouseVisible = False
1526.6402 	EXP 	window1: mouseVisible = False
1526.6567 	EXP 	window1: mouseVisible = False
1526.6734 	EXP 	window1: mouseVisible = False
1526.6904 	EXP 	window1: mouseVisible = False
1526.7069 	EXP 	window1: mouseVisible = False
1526.7234 	EXP 	window1: mouseVisible = False
1526.7401 	EXP 	window1: mouseVisible = False
1526.7568 	EXP 	window1: mouseVisible = False
1526.7736 	EXP 	window1: mouseVisible = False
1526.7901 	EXP 	window1: mouseVisible = False
1526.8068 	EXP 	window1: mouseVisible = False
1526.8235 	EXP 	window1: mouseVisible = False
1526.8401 	EXP 	window1: mouseVisible = False
1526.8567 	EXP 	window1: mouseVisible = False
1526.8734 	EXP 	window1: mouseVisible = False
1526.8902 	EXP 	window1: mouseVisible = False
1526.9067 	EXP 	window1: mouseVisible = False
1526.9234 	EXP 	window1: mouseVisible = False
1526.9401 	EXP 	window1: mouseVisible = False
1526.9567 	EXP 	window1: mouseVisible = False
1526.9734 	EXP 	window1: mouseVisible = False
1526.9901 	EXP 	window1: mouseVisible = False
1527.0067 	EXP 	window1: mouseVisible = False
1527.0234 	EXP 	window1: mouseVisible = False
1527.0401 	EXP 	window1: mouseVisible = False
1527.0567 	EXP 	window1: mouseVisible = False
1527.0734 	EXP 	window1: mouseVisible = False
1527.0902 	EXP 	window1: mouseVisible = False
1527.1068 	EXP 	window1: mouseVisible = False
1527.1234 	EXP 	window1: mouseVisible = False
1527.1401 	EXP 	window1: mouseVisible = False
1527.1568 	EXP 	window1: mouseVisible = False
1527.1734 	EXP 	window1: mouseVisible = False
1527.1901 	EXP 	window1: mouseVisible = False
1527.2067 	EXP 	window1: mouseVisible = False
1527.2234 	EXP 	window1: mouseVisible = False
1527.2400 	EXP 	window1: mouseVisible = False
1527.2567 	EXP 	window1: mouseVisible = False
1527.2734 	EXP 	window1: mouseVisible = False
1527.2901 	EXP 	window1: mouseVisible = False
1527.3067 	EXP 	window1: mouseVisible = False
1527.3234 	EXP 	window1: mouseVisible = False
1527.3401 	EXP 	window1: mouseVisible = False
1527.3567 	EXP 	window1: mouseVisible = False
1527.3734 	EXP 	window1: mouseVisible = False
1527.3901 	EXP 	window1: mouseVisible = False
1527.4068 	EXP 	window1: mouseVisible = False
1527.4235 	EXP 	window1: mouseVisible = False
1527.4401 	EXP 	window1: mouseVisible = False
1527.4568 	EXP 	window1: mouseVisible = False
1527.4734 	EXP 	window1: mouseVisible = False
1527.4897 	DATA 	Keypress: n
1527.4902 	EXP 	window1: mouseVisible = False
1527.5067 	EXP 	window1: mouseVisible = False
1527.5234 	EXP 	window1: mouseVisible = False
1527.5401 	EXP 	window1: mouseVisible = False
1527.5567 	EXP 	window1: mouseVisible = False
1527.5734 	EXP 	window1: mouseVisible = False
1527.5901 	EXP 	window1: mouseVisible = False
1527.6067 	EXP 	window1: mouseVisible = False
1527.6235 	EXP 	window1: mouseVisible = False
1527.6401 	EXP 	window1: mouseVisible = False
1527.6568 	EXP 	window1: mouseVisible = False
1527.6734 	EXP 	window1: mouseVisible = False
1527.6901 	EXP 	window1: mouseVisible = False
1527.7067 	EXP 	window1: mouseVisible = False
1527.7234 	EXP 	window1: mouseVisible = False
1527.7401 	EXP 	window1: mouseVisible = False
1527.7568 	EXP 	window1: mouseVisible = False
1527.7734 	EXP 	window1: mouseVisible = False
1527.7901 	EXP 	window1: mouseVisible = False
1527.8069 	EXP 	window1: mouseVisible = False
1527.8234 	EXP 	window1: mouseVisible = False
1527.8401 	EXP 	window1: mouseVisible = False
1527.8567 	EXP 	window1: mouseVisible = False
1527.8734 	EXP 	window1: mouseVisible = False
1527.8901 	EXP 	window1: mouseVisible = False
1527.9068 	EXP 	window1: mouseVisible = False
1527.9237 	DATA 	Keypress: space
1528.0237 	EXP 	New trial (rep=1, index=0): None
1528.0387 	EXP 	main_text: autoDraw = True
1528.0387 	EXP 	confirm_text: autoDraw = True
1528.0387 	EXP 	ratingScale: autoDraw = False
1528.0387 	EXP 	main_text: autoDraw = False
1528.0387 	EXP 	confirm_text: autoDraw = False
1528.0387 	EXP 	text_eva: autoDraw = True
1528.0387 	EXP 	croix_2: autoDraw = True
1533.0387 	EXP 	text_eva: autoDraw = False
1533.0387 	EXP 	croix_2: autoDraw = False
1533.0387 	EXP 	text_eva: autoDraw = False
1533.0387 	EXP 	croix_2: autoDraw = False
1533.0387 	EXP 	thermode_locali_EVA: autoDraw = True
1545.0226 	EXP 	window1: mouseVisible = True
1545.0234 	EXP 	Created unnamed Rect = Rect(__class__=<class 'psychopy.visual.rect.Rect'>, anchor=('center', 'center'), autoDraw=False, autoLog=True, closeShape=True, color=method-wrapper(...), colorSpace='rgb', contrast=None, depth=0, draggable=False, fillColor=array([1, 1, 1]), fillColorSpace='rgb', fillRGB=array([1, 1, 1]), interpolate=True, lineColor=array([1., 1., 1.]), lineColorSpace='rgb', lineRGB=array([1, 1, 1]), lineWidth=1.5, name='unnamed Rect', opacity=1.0, ori=0.0, pos=array([0., 0.]), size=array([0.01, 0.1 ]), units='norm', vertices=ndarray(...), win=Window(...))
1545.0235 	EXP 	window1: mouseVisible = True
1545.0236 	EXP 	window1: mouseVisible = True
1545.0241 	EXP 	window1: mouseVisible = True
1545.0253 	EXP 	window1: mouseVisible = True
1545.0264 	EXP 	window1: mouseVisible = True
1545.0265 	EXP 	window1: mouseVisible = True
1545.0267 	EXP 	window1: mouseVisible = True
1545.0268 	EXP 	window1: mouseVisible = True
1545.0270 	EXP 	window1: mouseVisible = True
1545.0271 	EXP 	window1: mouseVisible = True
1545.0272 	EXP 	window1: mouseVisible = True
1545.0274 	EXP 	window1: mouseVisible = True
1545.0275 	EXP 	window1: mouseVisible = True
1545.0276 	EXP 	window1: mouseVisible = True
1545.0277 	EXP 	window1: mouseVisible = True
1545.0279 	EXP 	window1: mouseVisible = True
1545.0280 	EXP 	window1: mouseVisible = True
1545.0281 	EXP 	window1: mouseVisible = True
1545.0283 	EXP 	window1: mouseVisible = True
1545.0284 	EXP 	window1: mouseVisible = True
1545.0285 	EXP 	window1: mouseVisible = True
1545.0286 	EXP 	window1: mouseVisible = True
1545.0288 	EXP 	window1: mouseVisible = True
1545.0289 	EXP 	window1: mouseVisible = True
1545.0290 	EXP 	window1: mouseVisible = True
1545.0291 	EXP 	window1: mouseVisible = True
1545.0293 	EXP 	window1: mouseVisible = True
1545.0294 	EXP 	window1: mouseVisible = True
1545.0296 	EXP 	window1: mouseVisible = True
1545.0297 	EXP 	window1: mouseVisible = True
1545.0299 	EXP 	window1: mouseVisible = True
1545.0300 	EXP 	window1: mouseVisible = True
1545.0301 	EXP 	window1: mouseVisible = True
1545.0303 	EXP 	window1: mouseVisible = True
1545.0304 	EXP 	window1: mouseVisible = True
1545.0305 	EXP 	window1: mouseVisible = True
1545.0307 	EXP 	window1: mouseVisible = True
1545.0308 	EXP 	window1: mouseVisible = True
1545.0309 	EXP 	window1: mouseVisible = True
1545.0311 	EXP 	window1: mouseVisible = True
1545.0312 	EXP 	window1: mouseVisible = True
1545.0313 	EXP 	window1: mouseVisible = True
1545.0314 	EXP 	window1: mouseVisible = True
1545.0316 	EXP 	window1: mouseVisible = True
1545.0317 	EXP 	window1: mouseVisible = True
1545.0318 	EXP 	window1: mouseVisible = True
1545.0319 	EXP 	window1: mouseVisible = True
1545.0321 	EXP 	window1: mouseVisible = True
1545.0322 	EXP 	window1: mouseVisible = True
1545.0325 	EXP 	window1: mouseVisible = True
1545.0328 	EXP 	window1: mouseVisible = True
1545.0330 	EXP 	window1: mouseVisible = True
1545.0332 	EXP 	window1: mouseVisible = True
1545.0333 	EXP 	window1: mouseVisible = True
1545.0334 	EXP 	window1: mouseVisible = True
1545.0336 	EXP 	window1: mouseVisible = True
1545.0337 	EXP 	window1: mouseVisible = True
1545.0338 	EXP 	window1: mouseVisible = True
1545.0339 	EXP 	window1: mouseVisible = True
1545.0341 	EXP 	window1: mouseVisible = True
1545.0342 	EXP 	window1: mouseVisible = True
1545.0344 	EXP 	window1: mouseVisible = True
1545.0345 	EXP 	window1: mouseVisible = True
1545.0346 	EXP 	window1: mouseVisible = True
1545.0348 	EXP 	window1: mouseVisible = True
1545.0349 	EXP 	window1: mouseVisible = True
1545.0350 	EXP 	window1: mouseVisible = True
1545.0351 	EXP 	window1: mouseVisible = True
1545.0353 	EXP 	window1: mouseVisible = True
1545.0354 	EXP 	window1: mouseVisible = True
1545.0355 	EXP 	window1: mouseVisible = True
1545.0357 	EXP 	window1: mouseVisible = True
1545.0358 	EXP 	window1: mouseVisible = True
1545.0359 	EXP 	window1: mouseVisible = True
1545.0360 	EXP 	window1: mouseVisible = True
1545.0362 	EXP 	window1: mouseVisible = True
1545.0363 	EXP 	window1: mouseVisible = True
1545.0364 	EXP 	window1: mouseVisible = True
1545.0366 	EXP 	window1: mouseVisible = True
1545.0367 	EXP 	window1: mouseVisible = True
1545.0368 	EXP 	window1: mouseVisible = True
1545.0369 	EXP 	window1: mouseVisible = True
1545.0371 	EXP 	window1: mouseVisible = True
1545.0372 	EXP 	window1: mouseVisible = True
1545.0373 	EXP 	window1: mouseVisible = True
1545.0374 	EXP 	window1: mouseVisible = True
1545.0376 	EXP 	window1: mouseVisible = True
1545.0377 	EXP 	window1: mouseVisible = True
1545.0378 	EXP 	window1: mouseVisible = True
1545.0380 	EXP 	window1: mouseVisible = True
1545.0381 	EXP 	window1: mouseVisible = True
1545.0382 	EXP 	window1: mouseVisible = True
1545.0383 	EXP 	window1: mouseVisible = True
1545.0385 	EXP 	window1: mouseVisible = True
1545.0386 	EXP 	window1: mouseVisible = True
1545.0387 	EXP 	window1: mouseVisible = True
1545.0388 	EXP 	window1: mouseVisible = True
1545.0390 	EXP 	window1: mouseVisible = True
1545.0391 	EXP 	window1: mouseVisible = True
1545.0392 	EXP 	window1: mouseVisible = True
1545.0394 	EXP 	window1: mouseVisible = True
1545.0395 	EXP 	window1: mouseVisible = True
1545.0396 	EXP 	window1: mouseVisible = True
1545.0397 	EXP 	window1: mouseVisible = True
1545.0418 	EXP 	Created ratingScale = RatingScale(__class__=type(...), acceptKeys=['return'], acceptPreText=UNKNOWN, acceptSize=UNKNOWN, acceptText=UNKNOWN, autoLog=True, choices=False, colorSpace='rgb', depth=0, disappear=False, flipVert=False, high=100, kwargs=UNKNOWN, labels=list(...), leftKeys=['left'], lineColor=(255, 255, 255), low=0, marker=Rect(...), markerColor=(255, 255, 255), markerExpansion=UNKNOWN, markerStart=0.5, maxTime=0.0, minTime=0.4, mouseOnly=False, name='ratingScale', noMouse=False, pos=[0.0, 0.0], precision=100, respKeys=[], rightKeys=['right'], scale=None, self=UNKNOWN, showAccept=False, showValue=False, singleClick=False, size=0.6, skipKeys=['tab'], stretch=2.0, textColor='white', textFont='Helvetica Bold', textSize=0.144, tickHeight=0, tickMarks=10.0, win=Window(...))
1545.0419 	EXP 	RatingScale ratingScale: reset()
1545.0439 	EXP 	window1: mouseVisible = False
1545.0556 	EXP 	thermode_locali_EVA: autoDraw = False
1545.0556 	EXP 	thermode_locali_EVA: autoDraw = False
1545.0556 	EXP 	ratingScale: flipVert = False
1545.0556 	EXP 	ratingScale: autoLog = True
1545.0571 	EXP 	window1: mouseVisible = False
1545.0738 	EXP 	window1: mouseVisible = False
1545.0904 	EXP 	window1: mouseVisible = False
1545.1071 	EXP 	window1: mouseVisible = False
1545.1237 	EXP 	window1: mouseVisible = False
1545.1404 	EXP 	window1: mouseVisible = False
1545.1571 	EXP 	window1: mouseVisible = False
1545.1737 	EXP 	window1: mouseVisible = False
1545.1904 	EXP 	window1: mouseVisible = False
1545.2070 	EXP 	window1: mouseVisible = False
1545.2237 	EXP 	window1: mouseVisible = False
1545.2404 	EXP 	window1: mouseVisible = False
1545.2578 	EXP 	window1: mouseVisible = False
1545.2738 	EXP 	window1: mouseVisible = False
1545.2904 	EXP 	window1: mouseVisible = False
1545.3071 	EXP 	window1: mouseVisible = False
1545.3237 	EXP 	window1: mouseVisible = False
1545.3404 	EXP 	window1: mouseVisible = False
1545.3571 	EXP 	window1: mouseVisible = False
1545.3739 	EXP 	window1: mouseVisible = False
1545.3910 	EXP 	window1: mouseVisible = False
1545.4071 	EXP 	window1: mouseVisible = False
1545.4237 	EXP 	window1: mouseVisible = False
1545.4404 	EXP 	window1: mouseVisible = False
1545.4571 	EXP 	window1: mouseVisible = False
1545.4738 	EXP 	window1: mouseVisible = False
1545.4904 	EXP 	window1: mouseVisible = False
1545.5071 	EXP 	window1: mouseVisible = False
1545.5237 	EXP 	window1: mouseVisible = False
1545.5404 	EXP 	window1: mouseVisible = False
1545.5570 	EXP 	window1: mouseVisible = False
1545.5737 	EXP 	window1: mouseVisible = False
1545.5904 	EXP 	window1: mouseVisible = False
1545.6073 	EXP 	window1: mouseVisible = False
1545.6238 	EXP 	window1: mouseVisible = False
1545.6400 	DATA 	Keypress: m
1545.6406 	EXP 	window1: mouseVisible = False
1545.6571 	EXP 	window1: mouseVisible = False
1545.6738 	EXP 	window1: mouseVisible = False
1545.6904 	EXP 	window1: mouseVisible = False
1545.7071 	EXP 	window1: mouseVisible = False
1545.7237 	EXP 	window1: mouseVisible = False
1545.7404 	EXP 	window1: mouseVisible = False
1545.7571 	EXP 	window1: mouseVisible = False
1545.7737 	EXP 	window1: mouseVisible = False
1545.7904 	EXP 	window1: mouseVisible = False
1545.8071 	EXP 	window1: mouseVisible = False
1545.8237 	EXP 	window1: mouseVisible = False
1545.8404 	EXP 	window1: mouseVisible = False
1545.8571 	EXP 	window1: mouseVisible = False
1545.8737 	EXP 	window1: mouseVisible = False
1545.8904 	EXP 	window1: mouseVisible = False
1545.9071 	EXP 	window1: mouseVisible = False
1545.9237 	EXP 	window1: mouseVisible = False
1545.9404 	EXP 	window1: mouseVisible = False
1545.9570 	EXP 	window1: mouseVisible = False
1545.9738 	EXP 	window1: mouseVisible = False
1545.9904 	EXP 	window1: mouseVisible = False
1546.0071 	EXP 	window1: mouseVisible = False
1546.0238 	EXP 	window1: mouseVisible = False
1546.0404 	EXP 	window1: mouseVisible = False
1546.0571 	EXP 	window1: mouseVisible = False
1546.0737 	EXP 	window1: mouseVisible = False
1546.0904 	EXP 	window1: mouseVisible = False
1546.1070 	EXP 	window1: mouseVisible = False
1546.1237 	EXP 	window1: mouseVisible = False
1546.1406 	EXP 	window1: mouseVisible = False
1546.1570 	EXP 	window1: mouseVisible = False
1546.1738 	EXP 	window1: mouseVisible = False
1546.1905 	EXP 	window1: mouseVisible = False
1546.2072 	EXP 	window1: mouseVisible = False
1546.2237 	EXP 	window1: mouseVisible = False
1546.2404 	EXP 	window1: mouseVisible = False
1546.2571 	EXP 	window1: mouseVisible = False
1546.2738 	EXP 	window1: mouseVisible = False
1546.2905 	EXP 	window1: mouseVisible = False
1546.3071 	EXP 	window1: mouseVisible = False
1546.3239 	EXP 	window1: mouseVisible = False
1546.3404 	EXP 	window1: mouseVisible = False
1546.3571 	EXP 	window1: mouseVisible = False
1546.3740 	EXP 	window1: mouseVisible = False
1546.3904 	EXP 	window1: mouseVisible = False
1546.4071 	EXP 	window1: mouseVisible = False
1546.4238 	EXP 	window1: mouseVisible = False
1546.4404 	EXP 	window1: mouseVisible = False
1546.4571 	EXP 	window1: mouseVisible = False
1546.4737 	EXP 	window1: mouseVisible = False
1546.4906 	EXP 	window1: mouseVisible = False
1546.5071 	EXP 	window1: mouseVisible = False
1546.5237 	EXP 	window1: mouseVisible = False
1546.5400 	DATA 	Keypress: n
1546.5406 	EXP 	window1: mouseVisible = False
1546.5571 	EXP 	window1: mouseVisible = False
1546.5737 	EXP 	window1: mouseVisible = False
1546.5906 	EXP 	window1: mouseVisible = False
1546.6074 	EXP 	window1: mouseVisible = False
1546.6239 	EXP 	window1: mouseVisible = False
1546.6406 	EXP 	window1: mouseVisible = False
1546.6573 	EXP 	window1: mouseVisible = False
1546.6739 	EXP 	window1: mouseVisible = False
1546.6906 	EXP 	window1: mouseVisible = False
1546.7073 	EXP 	window1: mouseVisible = False
1546.7238 	EXP 	window1: mouseVisible = False
1546.7404 	EXP 	window1: mouseVisible = False
1546.7571 	EXP 	window1: mouseVisible = False
1546.7737 	EXP 	window1: mouseVisible = False
1546.7904 	EXP 	window1: mouseVisible = False
1546.8071 	EXP 	window1: mouseVisible = False
1546.8237 	EXP 	window1: mouseVisible = False
1546.8404 	EXP 	window1: mouseVisible = False
1546.8570 	EXP 	window1: mouseVisible = False
1546.8743 	EXP 	window1: mouseVisible = False
1546.8904 	EXP 	window1: mouseVisible = False
1546.9070 	EXP 	window1: mouseVisible = False
1546.9237 	EXP 	window1: mouseVisible = False
1546.9404 	EXP 	window1: mouseVisible = False
1546.9571 	EXP 	window1: mouseVisible = False
1546.9737 	EXP 	window1: mouseVisible = False
1546.9904 	EXP 	window1: mouseVisible = False
1547.0071 	EXP 	window1: mouseVisible = False
1547.0238 	EXP 	window1: mouseVisible = False
1547.0406 	DATA 	Keypress: space
1547.1557 	EXP 	main_text: autoDraw = True
1547.1557 	EXP 	confirm_text: autoDraw = True
1547.1557 	EXP 	ratingScale: autoDraw = False
1547.1557 	EXP 	main_text: autoDraw = False
1547.1557 	EXP 	confirm_text: autoDraw = False
1547.1557 	EXP 	text_8: autoDraw = True
1548.4726 	EXP 	Created sequence: random, trialTypes=1, nReps=4, seed=None
1548.4727 	EXP 	New trial (rep=0, index=0): None
1548.4744 	DATA 	Keypress: p
1548.4890 	EXP 	text_8: autoDraw = False
1548.4890 	EXP 	text_pic: autoDraw = True
1548.4890 	EXP 	croix_3: autoDraw = True
1553.4891 	EXP 	text_pic: autoDraw = False
1553.4891 	EXP 	croix_3: autoDraw = False
1553.4891 	EXP 	text_pic: autoDraw = False
1553.4891 	EXP 	croix_3: autoDraw = False
1553.4891 	EXP 	thermode_locali_pic: height = 0.02
1553.4891 	EXP 	thermode_locali_pic: height = 0.02
1553.4891 	EXP 	thermode_locali_pic: height = 0.02
1553.4891 	EXP 	thermode_locali_pic: text = 'T : 2'
1553.4891 	EXP 	responsel: text = 'OUI              '
1553.4891 	EXP 	thermode_locali_pic: autoDraw = True
1561.4724 	EXP 	responsel: autoDraw = True
1561.4724 	EXP 	percu_or: autoDraw = True
1561.4724 	EXP 	responser: autoDraw = True
1562.1235 	DATA 	Keypress: n
1562.1557 	EXP 	responser: foreColor = (0, 0, 0)
1562.1724 	EXP 	responser: foreColor = (0, 0, 0)
1562.1891 	EXP 	responser: foreColor = (0, 0, 0)
1562.2057 	EXP 	responser: foreColor = (0, 0, 0)
1562.2224 	EXP 	responser: foreColor = (0, 0, 0)
1562.2391 	EXP 	responser: foreColor = (0, 0, 0)
1562.2557 	EXP 	responser: foreColor = (0, 0, 0)
1562.2724 	EXP 	responser: foreColor = (0, 0, 0)
1562.2891 	EXP 	responser: foreColor = (0, 0, 0)
1562.3057 	EXP 	responser: foreColor = (0, 0, 0)
1562.3224 	EXP 	responser: foreColor = (0, 0, 0)
1562.3390 	EXP 	responser: foreColor = (0, 0, 0)
1562.3557 	EXP 	responser: foreColor = (0, 0, 0)
1562.3724 	EXP 	responser: foreColor = (0, 0, 0)
1562.3891 	EXP 	responser: foreColor = (0, 0, 0)
1562.4057 	EXP 	responser: foreColor = (0, 0, 0)
1562.4224 	EXP 	responser: foreColor = (0, 0, 0)
1562.4391 	EXP 	responser: foreColor = (0, 0, 0)
1562.4557 	EXP 	responser: foreColor = (0, 0, 0)
1562.4724 	EXP 	responser: foreColor = (0, 0, 0)
1562.4891 	EXP 	responser: foreColor = (0, 0, 0)
1562.5057 	EXP 	responser: foreColor = (0, 0, 0)
1562.5224 	EXP 	responser: foreColor = (0, 0, 0)
1562.5391 	EXP 	responser: foreColor = (0, 0, 0)
1562.5557 	EXP 	responser: foreColor = (0, 0, 0)
1562.5724 	EXP 	responser: foreColor = (0, 0, 0)
1562.5891 	EXP 	responser: foreColor = (0, 0, 0)
1562.6057 	EXP 	responser: foreColor = (0, 0, 0)
1562.6224 	EXP 	responser: foreColor = (0, 0, 0)
1562.6391 	EXP 	responser: foreColor = (0, 0, 0)
1562.6557 	EXP 	responser: foreColor = (0, 0, 0)
1562.6724 	EXP 	responser: foreColor = (0, 0, 0)
1562.6891 	EXP 	responser: foreColor = (0, 0, 0)
1562.7057 	EXP 	responser: foreColor = (0, 0, 0)
1562.7224 	EXP 	responser: foreColor = (0, 0, 0)
1562.7391 	EXP 	responser: foreColor = (0, 0, 0)
1562.7557 	EXP 	responser: foreColor = (0, 0, 0)
1562.7724 	EXP 	responser: foreColor = (0, 0, 0)
1562.7891 	EXP 	responser: foreColor = (0, 0, 0)
1562.8057 	EXP 	responser: foreColor = (0, 0, 0)
1562.8224 	EXP 	responser: foreColor = (0, 0, 0)
1562.8391 	EXP 	responser: foreColor = (0, 0, 0)
1562.8557 	EXP 	responser: foreColor = (0, 0, 0)
1562.8724 	EXP 	responser: foreColor = (0, 0, 0)
1562.8891 	EXP 	responser: foreColor = (0, 0, 0)
1562.9057 	EXP 	responser: foreColor = (0, 0, 0)
1562.9224 	EXP 	responser: foreColor = (0, 0, 0)
1562.9391 	EXP 	responser: foreColor = (0, 0, 0)
1562.9557 	EXP 	responser: foreColor = (0, 0, 0)
1562.9724 	EXP 	responser: foreColor = (0, 0, 0)
1562.9891 	EXP 	responser: foreColor = (0, 0, 0)
1563.0057 	EXP 	responser: foreColor = (0, 0, 0)
1563.0224 	EXP 	responser: foreColor = (0, 0, 0)
1563.0391 	EXP 	responser: foreColor = (0, 0, 0)
1563.0557 	EXP 	responser: foreColor = (0, 0, 0)
1563.0724 	EXP 	responser: foreColor = (0, 0, 0)
1563.0891 	EXP 	responser: foreColor = (0, 0, 0)
1563.1057 	EXP 	responser: foreColor = (0, 0, 0)
1563.1224 	EXP 	responser: foreColor = (0, 0, 0)
1563.1391 	EXP 	responser: foreColor = (0, 0, 0)
1563.1557 	EXP 	responser: foreColor = (0, 0, 0)
1563.1724 	EXP 	responser: foreColor = (0, 0, 0)
1563.1891 	EXP 	responser: foreColor = (0, 0, 0)
1563.2057 	EXP 	responser: foreColor = (0, 0, 0)
1563.2224 	EXP 	responser: foreColor = (0, 0, 0)
1563.2391 	EXP 	responser: foreColor = (0, 0, 0)
1563.2557 	EXP 	responser: foreColor = (0, 0, 0)
1563.2724 	EXP 	responser: foreColor = (0, 0, 0)
1563.2891 	EXP 	responser: foreColor = (0, 0, 0)
1563.3057 	EXP 	responser: foreColor = (0, 0, 0)
1563.3224 	EXP 	responser: foreColor = (0, 0, 0)
1563.3391 	EXP 	responser: foreColor = (0, 0, 0)
1563.3557 	EXP 	responser: foreColor = (0, 0, 0)
1563.3724 	EXP 	responser: foreColor = (0, 0, 0)
1563.3891 	EXP 	responser: foreColor = (0, 0, 0)
1563.4057 	EXP 	responser: foreColor = (0, 0, 0)
1563.4224 	EXP 	responser: foreColor = (0, 0, 0)
1563.4391 	EXP 	responser: foreColor = (0, 0, 0)
1563.4557 	EXP 	responser: foreColor = (0, 0, 0)
1563.4724 	EXP 	responser: foreColor = (0, 0, 0)
1563.4891 	EXP 	responser: foreColor = (0, 0, 0)
1563.5058 	EXP 	responser: foreColor = (0, 0, 0)
1563.5224 	EXP 	responser: foreColor = (0, 0, 0)
1563.5391 	EXP 	responser: foreColor = (0, 0, 0)
1563.5557 	EXP 	responser: foreColor = (0, 0, 0)
1563.5724 	EXP 	responser: foreColor = (0, 0, 0)
1563.5891 	EXP 	responser: foreColor = (0, 0, 0)
1563.6057 	EXP 	responser: foreColor = (0, 0, 0)
1563.6224 	EXP 	responser: foreColor = (0, 0, 0)
1563.6391 	EXP 	responser: foreColor = (0, 0, 0)
1563.6557 	EXP 	responser: foreColor = (0, 0, 0)
1563.6724 	EXP 	responser: foreColor = (0, 0, 0)
1563.6891 	EXP 	responser: foreColor = (0, 0, 0)
1563.7057 	EXP 	responser: foreColor = (0, 0, 0)
1563.7224 	EXP 	responser: foreColor = (0, 0, 0)
1563.7391 	EXP 	responser: foreColor = (0, 0, 0)
1563.7557 	EXP 	responser: foreColor = (0, 0, 0)
1563.7724 	EXP 	responser: foreColor = (0, 0, 0)
1563.7891 	EXP 	responser: foreColor = (0, 0, 0)
1563.8057 	EXP 	responser: foreColor = (0, 0, 0)
1563.8224 	EXP 	responser: foreColor = (0, 0, 0)
1563.8391 	EXP 	responser: foreColor = (0, 0, 0)
1563.8557 	EXP 	responser: foreColor = (0, 0, 0)
1563.8724 	EXP 	responser: foreColor = (0, 0, 0)
1563.8891 	EXP 	responser: foreColor = (0, 0, 0)
1563.9057 	EXP 	responser: foreColor = (0, 0, 0)
1563.9224 	EXP 	responser: foreColor = (0, 0, 0)
1563.9391 	EXP 	responser: foreColor = (0, 0, 0)
1563.9557 	EXP 	responser: foreColor = (0, 0, 0)
1563.9724 	EXP 	responser: foreColor = (0, 0, 0)
1563.9891 	EXP 	responser: foreColor = (0, 0, 0)
1564.0057 	EXP 	responser: foreColor = (0, 0, 0)
1564.0224 	EXP 	responser: foreColor = (0, 0, 0)
1564.0391 	EXP 	responser: foreColor = (0, 0, 0)
1564.0558 	EXP 	responser: foreColor = (0, 0, 0)
1564.0724 	EXP 	responser: foreColor = (0, 0, 0)
1564.0891 	EXP 	responser: foreColor = (0, 0, 0)
1564.1057 	EXP 	responser: foreColor = (0, 0, 0)
1564.1224 	EXP 	responser: foreColor = (0, 0, 0)
1564.1391 	EXP 	responser: foreColor = (0, 0, 0)
1564.1557 	EXP 	responser: foreColor = (0, 0, 0)
1564.1724 	EXP 	responser: foreColor = (0, 0, 0)
1564.1891 	EXP 	responser: foreColor = (0, 0, 0)
1564.2057 	EXP 	responser: foreColor = (0, 0, 0)
1564.2224 	EXP 	responser: foreColor = (0, 0, 0)
1564.2391 	EXP 	responser: foreColor = (0, 0, 0)
1564.2558 	EXP 	responser: foreColor = (0, 0, 0)
1564.2724 	EXP 	responser: foreColor = (0, 0, 0)
1564.2891 	EXP 	responser: foreColor = (0, 0, 0)
1564.3057 	EXP 	responser: foreColor = (0, 0, 0)
1564.3224 	EXP 	responser: foreColor = (0, 0, 0)
1564.3391 	EXP 	responser: foreColor = (0, 0, 0)
1564.3558 	EXP 	responser: foreColor = (0, 0, 0)
1564.3724 	EXP 	responser: foreColor = (0, 0, 0)
1564.3891 	EXP 	responser: foreColor = (0, 0, 0)
1564.4057 	EXP 	responser: foreColor = (0, 0, 0)
1564.4224 	EXP 	responser: foreColor = (0, 0, 0)
1564.4391 	EXP 	responser: foreColor = (0, 0, 0)
1564.4391 	EXP 	thermode_locali_pic: autoDraw = False
1564.4558 	EXP 	responser: foreColor = (0, 0, 0)
1564.4563 	EXP 	New trial (rep=1, index=0): None
1564.4724 	EXP 	responser: foreColor = (0, 0, 0)
1564.4724 	EXP 	responsel: autoDraw = False
1564.4724 	EXP 	percu_or: autoDraw = False
1564.4724 	EXP 	responser: autoDraw = False
1564.4724 	EXP 	thermode_locali_pic: autoDraw = False
1564.4724 	EXP 	responsel: autoDraw = False
1564.4724 	EXP 	percu_or: autoDraw = False
1564.4724 	EXP 	responser: autoDraw = False
1564.4724 	EXP 	responsel: foreColor = 'white'
1564.4724 	EXP 	responser: foreColor = 'white'
1564.4724 	EXP 	text_pic: autoDraw = True
1564.4724 	EXP 	croix_3: autoDraw = True
1569.4725 	EXP 	text_pic: autoDraw = False
1569.4725 	EXP 	croix_3: autoDraw = False
1569.4725 	EXP 	text_pic: autoDraw = False
1569.4725 	EXP 	croix_3: autoDraw = False
1569.4725 	EXP 	thermode_locali_pic: height = 0.02
1569.4725 	EXP 	thermode_locali_pic: height = 0.02
1569.4725 	EXP 	thermode_locali_pic: height = 0.02
1569.4725 	EXP 	thermode_locali_pic: text = 'T : 3'
1569.4725 	EXP 	responsel: text = 'OUI              '
1569.4725 	EXP 	thermode_locali_pic: autoDraw = True
1577.4559 	EXP 	responsel: autoDraw = True
1577.4559 	EXP 	percu_or: autoDraw = True
1577.4559 	EXP 	responser: autoDraw = True
1577.9405 	DATA 	Keypress: m
1577.9727 	EXP 	responsel: foreColor = (0, 0, 0)
1577.9894 	EXP 	responsel: foreColor = (0, 0, 0)
1578.0060 	EXP 	responsel: foreColor = (0, 0, 0)
1578.0227 	EXP 	responsel: foreColor = (0, 0, 0)
1578.0394 	EXP 	responsel: foreColor = (0, 0, 0)
1578.0560 	EXP 	responsel: foreColor = (0, 0, 0)
1578.0727 	EXP 	responsel: foreColor = (0, 0, 0)
1578.0894 	EXP 	responsel: foreColor = (0, 0, 0)
1578.1060 	EXP 	responsel: foreColor = (0, 0, 0)
1578.1226 	EXP 	responsel: foreColor = (0, 0, 0)
1578.1393 	EXP 	responsel: foreColor = (0, 0, 0)
1578.1560 	EXP 	responsel: foreColor = (0, 0, 0)
1578.1727 	EXP 	responsel: foreColor = (0, 0, 0)
1578.1894 	EXP 	responsel: foreColor = (0, 0, 0)
1578.2060 	EXP 	responsel: foreColor = (0, 0, 0)
1578.2227 	EXP 	responsel: foreColor = (0, 0, 0)
1578.2394 	EXP 	responsel: foreColor = (0, 0, 0)
1578.2560 	EXP 	responsel: foreColor = (0, 0, 0)
1578.2727 	EXP 	responsel: foreColor = (0, 0, 0)
1578.2894 	EXP 	responsel: foreColor = (0, 0, 0)
1578.3060 	EXP 	responsel: foreColor = (0, 0, 0)
1578.3227 	EXP 	responsel: foreColor = (0, 0, 0)
1578.3394 	EXP 	responsel: foreColor = (0, 0, 0)
1578.3560 	EXP 	responsel: foreColor = (0, 0, 0)
1578.3727 	EXP 	responsel: foreColor = (0, 0, 0)
1578.3894 	EXP 	responsel: foreColor = (0, 0, 0)
1578.4061 	EXP 	responsel: foreColor = (0, 0, 0)
1578.4227 	EXP 	responsel: foreColor = (0, 0, 0)
1578.4394 	EXP 	responsel: foreColor = (0, 0, 0)
1578.4560 	EXP 	responsel: foreColor = (0, 0, 0)
1578.4727 	EXP 	responsel: foreColor = (0, 0, 0)
1578.4893 	EXP 	responsel: foreColor = (0, 0, 0)
1578.5060 	EXP 	responsel: foreColor = (0, 0, 0)
1578.5227 	EXP 	responsel: foreColor = (0, 0, 0)
1578.5394 	EXP 	responsel: foreColor = (0, 0, 0)
1578.5560 	EXP 	responsel: foreColor = (0, 0, 0)
1578.5727 	EXP 	responsel: foreColor = (0, 0, 0)
1578.5894 	EXP 	responsel: foreColor = (0, 0, 0)
1578.6060 	EXP 	responsel: foreColor = (0, 0, 0)
1578.6227 	EXP 	responsel: foreColor = (0, 0, 0)
1578.6394 	EXP 	responsel: foreColor = (0, 0, 0)
1578.6560 	EXP 	responsel: foreColor = (0, 0, 0)
1578.6727 	EXP 	responsel: foreColor = (0, 0, 0)
1578.6894 	EXP 	responsel: foreColor = (0, 0, 0)
1578.7060 	EXP 	responsel: foreColor = (0, 0, 0)
1578.7227 	EXP 	responsel: foreColor = (0, 0, 0)
1578.7394 	EXP 	responsel: foreColor = (0, 0, 0)
1578.7560 	EXP 	responsel: foreColor = (0, 0, 0)
1578.7727 	EXP 	responsel: foreColor = (0, 0, 0)
1578.7894 	EXP 	responsel: foreColor = (0, 0, 0)
1578.8060 	EXP 	responsel: foreColor = (0, 0, 0)
1578.8227 	EXP 	responsel: foreColor = (0, 0, 0)
1578.8394 	EXP 	responsel: foreColor = (0, 0, 0)
1578.8560 	EXP 	responsel: foreColor = (0, 0, 0)
1578.8727 	EXP 	responsel: foreColor = (0, 0, 0)
1578.8894 	EXP 	responsel: foreColor = (0, 0, 0)
1578.9060 	EXP 	responsel: foreColor = (0, 0, 0)
1578.9226 	EXP 	responsel: foreColor = (0, 0, 0)
1578.9393 	EXP 	responsel: foreColor = (0, 0, 0)
1578.9560 	EXP 	responsel: foreColor = (0, 0, 0)
1578.9727 	EXP 	responsel: foreColor = (0, 0, 0)
1578.9894 	EXP 	responsel: foreColor = (0, 0, 0)
1579.0060 	EXP 	responsel: foreColor = (0, 0, 0)
1579.0227 	EXP 	responsel: foreColor = (0, 0, 0)
1579.0394 	EXP 	responsel: foreColor = (0, 0, 0)
1579.0560 	EXP 	responsel: foreColor = (0, 0, 0)
1579.0727 	EXP 	responsel: foreColor = (0, 0, 0)
1579.0894 	EXP 	responsel: foreColor = (0, 0, 0)
1579.1061 	EXP 	responsel: foreColor = (0, 0, 0)
1579.1227 	EXP 	responsel: foreColor = (0, 0, 0)
1579.1394 	EXP 	responsel: foreColor = (0, 0, 0)
1579.1560 	EXP 	responsel: foreColor = (0, 0, 0)
1579.1727 	EXP 	responsel: foreColor = (0, 0, 0)
1579.1893 	EXP 	responsel: foreColor = (0, 0, 0)
1579.2060 	EXP 	responsel: foreColor = (0, 0, 0)
1579.2227 	EXP 	responsel: foreColor = (0, 0, 0)
1579.2394 	EXP 	responsel: foreColor = (0, 0, 0)
1579.2560 	EXP 	responsel: foreColor = (0, 0, 0)
1579.2727 	EXP 	responsel: foreColor = (0, 0, 0)
1579.2894 	EXP 	responsel: foreColor = (0, 0, 0)
1579.3060 	EXP 	responsel: foreColor = (0, 0, 0)
1579.3227 	EXP 	responsel: foreColor = (0, 0, 0)
1579.3393 	EXP 	responsel: foreColor = (0, 0, 0)
1579.3560 	EXP 	responsel: foreColor = (0, 0, 0)
1579.3727 	EXP 	responsel: foreColor = (0, 0, 0)
1579.3894 	EXP 	responsel: foreColor = (0, 0, 0)
1579.4060 	EXP 	responsel: foreColor = (0, 0, 0)
1579.4227 	EXP 	responsel: foreColor = (0, 0, 0)
1579.4394 	EXP 	responsel: foreColor = (0, 0, 0)
1579.4561 	EXP 	responsel: foreColor = (0, 0, 0)
1579.4727 	EXP 	responsel: foreColor = (0, 0, 0)
1579.4894 	EXP 	responsel: foreColor = (0, 0, 0)
1579.5061 	EXP 	responsel: foreColor = (0, 0, 0)
1579.5227 	EXP 	responsel: foreColor = (0, 0, 0)
1579.5394 	EXP 	responsel: foreColor = (0, 0, 0)
1579.5560 	EXP 	responsel: foreColor = (0, 0, 0)
1579.5727 	EXP 	responsel: foreColor = (0, 0, 0)
1579.5894 	EXP 	responsel: foreColor = (0, 0, 0)
1579.6060 	EXP 	responsel: foreColor = (0, 0, 0)
1579.6227 	EXP 	responsel: foreColor = (0, 0, 0)
1579.6394 	EXP 	responsel: foreColor = (0, 0, 0)
1579.6561 	EXP 	responsel: foreColor = (0, 0, 0)
1579.6727 	EXP 	responsel: foreColor = (0, 0, 0)
1579.6894 	EXP 	responsel: foreColor = (0, 0, 0)
1579.7060 	EXP 	responsel: foreColor = (0, 0, 0)
1579.7227 	EXP 	responsel: foreColor = (0, 0, 0)
1579.7393 	EXP 	responsel: foreColor = (0, 0, 0)
1579.7560 	EXP 	responsel: foreColor = (0, 0, 0)
1579.7727 	EXP 	responsel: foreColor = (0, 0, 0)
1579.7894 	EXP 	responsel: foreColor = (0, 0, 0)
1579.8061 	EXP 	responsel: foreColor = (0, 0, 0)
1579.8227 	EXP 	responsel: foreColor = (0, 0, 0)
1579.8394 	EXP 	responsel: foreColor = (0, 0, 0)
1579.8560 	EXP 	responsel: foreColor = (0, 0, 0)
1579.8727 	EXP 	responsel: foreColor = (0, 0, 0)
1579.8893 	EXP 	responsel: foreColor = (0, 0, 0)
1579.9060 	EXP 	responsel: foreColor = (0, 0, 0)
1579.9227 	EXP 	responsel: foreColor = (0, 0, 0)
1579.9394 	EXP 	responsel: foreColor = (0, 0, 0)
1579.9560 	EXP 	responsel: foreColor = (0, 0, 0)
1579.9727 	EXP 	responsel: foreColor = (0, 0, 0)
1579.9894 	EXP 	responsel: foreColor = (0, 0, 0)
1580.0061 	EXP 	responsel: foreColor = (0, 0, 0)
1580.0227 	EXP 	responsel: foreColor = (0, 0, 0)
1580.0394 	EXP 	responsel: foreColor = (0, 0, 0)
1580.0561 	EXP 	responsel: foreColor = (0, 0, 0)
1580.0727 	EXP 	responsel: foreColor = (0, 0, 0)
1580.0894 	EXP 	responsel: foreColor = (0, 0, 0)
1580.1061 	EXP 	responsel: foreColor = (0, 0, 0)
1580.1227 	EXP 	responsel: foreColor = (0, 0, 0)
1580.1394 	EXP 	responsel: foreColor = (0, 0, 0)
1580.1560 	EXP 	responsel: foreColor = (0, 0, 0)
1580.1727 	EXP 	responsel: foreColor = (0, 0, 0)
1580.1894 	EXP 	responsel: foreColor = (0, 0, 0)
1580.2060 	EXP 	responsel: foreColor = (0, 0, 0)
1580.2227 	EXP 	responsel: foreColor = (0, 0, 0)
1580.2393 	EXP 	responsel: foreColor = (0, 0, 0)
1580.2561 	EXP 	responsel: foreColor = (0, 0, 0)
1580.2727 	EXP 	responsel: foreColor = (0, 0, 0)
1580.2894 	EXP 	responsel: foreColor = (0, 0, 0)
1580.3061 	EXP 	responsel: foreColor = (0, 0, 0)
1580.3227 	EXP 	responsel: foreColor = (0, 0, 0)
1580.3394 	EXP 	responsel: foreColor = (0, 0, 0)
1580.3561 	EXP 	responsel: foreColor = (0, 0, 0)
1580.3727 	EXP 	responsel: foreColor = (0, 0, 0)
1580.3894 	EXP 	responsel: foreColor = (0, 0, 0)
1580.4061 	EXP 	responsel: foreColor = (0, 0, 0)
1580.4227 	EXP 	responsel: foreColor = (0, 0, 0)
1580.4227 	EXP 	thermode_locali_pic: autoDraw = False
1580.4394 	EXP 	responsel: foreColor = (0, 0, 0)
1580.4399 	EXP 	New trial (rep=2, index=0): None
1580.4561 	EXP 	responsel: foreColor = (0, 0, 0)
1580.4561 	EXP 	responsel: autoDraw = False
1580.4561 	EXP 	percu_or: autoDraw = False
1580.4561 	EXP 	responser: autoDraw = False
1580.4561 	EXP 	thermode_locali_pic: autoDraw = False
1580.4561 	EXP 	responsel: autoDraw = False
1580.4561 	EXP 	percu_or: autoDraw = False
1580.4561 	EXP 	responser: autoDraw = False
1580.4561 	EXP 	responsel: foreColor = 'white'
1580.4561 	EXP 	responser: foreColor = 'white'
1580.4561 	EXP 	text_pic: autoDraw = True
1580.4561 	EXP 	croix_3: autoDraw = True
1585.4561 	EXP 	text_pic: autoDraw = False
1585.4561 	EXP 	croix_3: autoDraw = False
1585.4561 	EXP 	text_pic: autoDraw = False
1585.4561 	EXP 	croix_3: autoDraw = False
1585.4561 	EXP 	thermode_locali_pic: height = 0.02
1585.4561 	EXP 	thermode_locali_pic: height = 0.02
1585.4561 	EXP 	thermode_locali_pic: height = 0.02
1585.4561 	EXP 	thermode_locali_pic: text = 'T : 0'
1585.4561 	EXP 	responsel: text = 'OUI              '
1585.4561 	EXP 	thermode_locali_pic: autoDraw = True
1593.4394 	EXP 	responsel: autoDraw = True
1593.4394 	EXP 	percu_or: autoDraw = True
1593.4394 	EXP 	responser: autoDraw = True
1593.8405 	DATA 	Keypress: n
1593.8727 	EXP 	responser: foreColor = (0, 0, 0)
1593.8894 	EXP 	responser: foreColor = (0, 0, 0)
1593.9061 	EXP 	responser: foreColor = (0, 0, 0)
1593.9228 	EXP 	responser: foreColor = (0, 0, 0)
1593.9394 	EXP 	responser: foreColor = (0, 0, 0)
1593.9561 	EXP 	responser: foreColor = (0, 0, 0)
1593.9728 	EXP 	responser: foreColor = (0, 0, 0)
1593.9895 	EXP 	responser: foreColor = (0, 0, 0)
1594.0061 	EXP 	responser: foreColor = (0, 0, 0)
1594.0228 	EXP 	responser: foreColor = (0, 0, 0)
1594.0394 	EXP 	responser: foreColor = (0, 0, 0)
1594.0561 	EXP 	responser: foreColor = (0, 0, 0)
1594.0728 	EXP 	responser: foreColor = (0, 0, 0)
1594.0894 	EXP 	responser: foreColor = (0, 0, 0)
1594.1061 	EXP 	responser: foreColor = (0, 0, 0)
1594.1228 	EXP 	responser: foreColor = (0, 0, 0)
1594.1394 	EXP 	responser: foreColor = (0, 0, 0)
1594.1561 	EXP 	responser: foreColor = (0, 0, 0)
1594.1728 	EXP 	responser: foreColor = (0, 0, 0)
1594.1894 	EXP 	responser: foreColor = (0, 0, 0)
1594.2061 	EXP 	responser: foreColor = (0, 0, 0)
1594.2228 	EXP 	responser: foreColor = (0, 0, 0)
1594.2394 	EXP 	responser: foreColor = (0, 0, 0)
1594.2561 	EXP 	responser: foreColor = (0, 0, 0)
1594.2728 	EXP 	responser: foreColor = (0, 0, 0)
1594.2894 	EXP 	responser: foreColor = (0, 0, 0)
1594.3061 	EXP 	responser: foreColor = (0, 0, 0)
1594.3228 	EXP 	responser: foreColor = (0, 0, 0)
1594.3394 	EXP 	responser: foreColor = (0, 0, 0)
1594.3561 	EXP 	responser: foreColor = (0, 0, 0)
1594.3728 	EXP 	responser: foreColor = (0, 0, 0)
1594.3894 	EXP 	responser: foreColor = (0, 0, 0)
1594.4061 	EXP 	responser: foreColor = (0, 0, 0)
1594.4228 	EXP 	responser: foreColor = (0, 0, 0)
1594.4394 	EXP 	responser: foreColor = (0, 0, 0)
1594.4561 	EXP 	responser: foreColor = (0, 0, 0)
1594.4728 	EXP 	responser: foreColor = (0, 0, 0)
1594.4894 	EXP 	responser: foreColor = (0, 0, 0)
1594.5061 	EXP 	responser: foreColor = (0, 0, 0)
1594.5228 	EXP 	responser: foreColor = (0, 0, 0)
1594.5394 	EXP 	responser: foreColor = (0, 0, 0)
1594.5561 	EXP 	responser: foreColor = (0, 0, 0)
1594.5728 	EXP 	responser: foreColor = (0, 0, 0)
1594.5894 	EXP 	responser: foreColor = (0, 0, 0)
1594.6061 	EXP 	responser: foreColor = (0, 0, 0)
1594.6228 	EXP 	responser: foreColor = (0, 0, 0)
1594.6394 	EXP 	responser: foreColor = (0, 0, 0)
1594.6561 	EXP 	responser: foreColor = (0, 0, 0)
1594.6728 	EXP 	responser: foreColor = (0, 0, 0)
1594.6894 	EXP 	responser: foreColor = (0, 0, 0)
1594.7061 	EXP 	responser: foreColor = (0, 0, 0)
1594.7228 	EXP 	responser: foreColor = (0, 0, 0)
1594.7394 	EXP 	responser: foreColor = (0, 0, 0)
1594.7561 	EXP 	responser: foreColor = (0, 0, 0)
1594.7728 	EXP 	responser: foreColor = (0, 0, 0)
1594.7894 	EXP 	responser: foreColor = (0, 0, 0)
1594.8061 	EXP 	responser: foreColor = (0, 0, 0)
1594.8228 	EXP 	responser: foreColor = (0, 0, 0)
1594.8394 	EXP 	responser: foreColor = (0, 0, 0)
1594.8561 	EXP 	responser: foreColor = (0, 0, 0)
1594.8728 	EXP 	responser: foreColor = (0, 0, 0)
1594.8894 	EXP 	responser: foreColor = (0, 0, 0)
1594.9061 	EXP 	responser: foreColor = (0, 0, 0)
1594.9228 	EXP 	responser: foreColor = (0, 0, 0)
1594.9394 	EXP 	responser: foreColor = (0, 0, 0)
1594.9561 	EXP 	responser: foreColor = (0, 0, 0)
1594.9728 	EXP 	responser: foreColor = (0, 0, 0)
1594.9894 	EXP 	responser: foreColor = (0, 0, 0)
1595.0061 	EXP 	responser: foreColor = (0, 0, 0)
1595.0228 	EXP 	responser: foreColor = (0, 0, 0)
1595.0394 	EXP 	responser: foreColor = (0, 0, 0)
1595.0561 	EXP 	responser: foreColor = (0, 0, 0)
1595.0728 	EXP 	responser: foreColor = (0, 0, 0)
1595.0894 	EXP 	responser: foreColor = (0, 0, 0)
1595.1061 	EXP 	responser: foreColor = (0, 0, 0)
1595.1228 	EXP 	responser: foreColor = (0, 0, 0)
1595.1394 	EXP 	responser: foreColor = (0, 0, 0)
1595.1561 	EXP 	responser: foreColor = (0, 0, 0)
1595.1728 	EXP 	responser: foreColor = (0, 0, 0)
1595.1894 	EXP 	responser: foreColor = (0, 0, 0)
1595.2061 	EXP 	responser: foreColor = (0, 0, 0)
1595.2228 	EXP 	responser: foreColor = (0, 0, 0)
1595.2394 	EXP 	responser: foreColor = (0, 0, 0)
1595.2561 	EXP 	responser: foreColor = (0, 0, 0)
1595.2728 	EXP 	responser: foreColor = (0, 0, 0)
1595.2894 	EXP 	responser: foreColor = (0, 0, 0)
1595.3062 	EXP 	responser: foreColor = (0, 0, 0)
1595.3228 	EXP 	responser: foreColor = (0, 0, 0)
1595.3394 	EXP 	responser: foreColor = (0, 0, 0)
1595.3561 	EXP 	responser: foreColor = (0, 0, 0)
1595.3728 	EXP 	responser: foreColor = (0, 0, 0)
1595.3894 	EXP 	responser: foreColor = (0, 0, 0)
1595.4061 	EXP 	responser: foreColor = (0, 0, 0)
1595.4228 	EXP 	responser: foreColor = (0, 0, 0)
1595.4394 	EXP 	responser: foreColor = (0, 0, 0)
1595.4561 	EXP 	responser: foreColor = (0, 0, 0)
1595.4728 	EXP 	responser: foreColor = (0, 0, 0)
1595.4894 	EXP 	responser: foreColor = (0, 0, 0)
1595.5061 	EXP 	responser: foreColor = (0, 0, 0)
1595.5228 	EXP 	responser: foreColor = (0, 0, 0)
1595.5395 	EXP 	responser: foreColor = (0, 0, 0)
1595.5561 	EXP 	responser: foreColor = (0, 0, 0)
1595.5728 	EXP 	responser: foreColor = (0, 0, 0)
1595.5894 	EXP 	responser: foreColor = (0, 0, 0)
1595.6062 	EXP 	responser: foreColor = (0, 0, 0)
1595.6228 	EXP 	responser: foreColor = (0, 0, 0)
1595.6394 	EXP 	responser: foreColor = (0, 0, 0)
1595.6561 	EXP 	responser: foreColor = (0, 0, 0)
1595.6728 	EXP 	responser: foreColor = (0, 0, 0)
1595.6894 	EXP 	responser: foreColor = (0, 0, 0)
1595.7062 	EXP 	responser: foreColor = (0, 0, 0)
1595.7228 	EXP 	responser: foreColor = (0, 0, 0)
1595.7394 	EXP 	responser: foreColor = (0, 0, 0)
1595.7561 	EXP 	responser: foreColor = (0, 0, 0)
1595.7728 	EXP 	responser: foreColor = (0, 0, 0)
1595.7894 	EXP 	responser: foreColor = (0, 0, 0)
1595.8061 	EXP 	responser: foreColor = (0, 0, 0)
1595.8228 	EXP 	responser: foreColor = (0, 0, 0)
1595.8394 	EXP 	responser: foreColor = (0, 0, 0)
1595.8562 	EXP 	responser: foreColor = (0, 0, 0)
1595.8728 	EXP 	responser: foreColor = (0, 0, 0)
1595.8894 	EXP 	responser: foreColor = (0, 0, 0)
1595.9061 	EXP 	responser: foreColor = (0, 0, 0)
1595.9228 	EXP 	responser: foreColor = (0, 0, 0)
1595.9394 	EXP 	responser: foreColor = (0, 0, 0)
1595.9561 	EXP 	responser: foreColor = (0, 0, 0)
1595.9728 	EXP 	responser: foreColor = (0, 0, 0)
1595.9894 	EXP 	responser: foreColor = (0, 0, 0)
1596.0062 	EXP 	responser: foreColor = (0, 0, 0)
1596.0228 	EXP 	responser: foreColor = (0, 0, 0)
1596.0394 	EXP 	responser: foreColor = (0, 0, 0)
1596.0561 	EXP 	responser: foreColor = (0, 0, 0)
1596.0728 	EXP 	responser: foreColor = (0, 0, 0)
1596.0894 	EXP 	responser: foreColor = (0, 0, 0)
1596.1062 	EXP 	responser: foreColor = (0, 0, 0)
1596.1228 	EXP 	responser: foreColor = (0, 0, 0)
1596.1394 	EXP 	responser: foreColor = (0, 0, 0)
1596.1562 	EXP 	responser: foreColor = (0, 0, 0)
1596.1728 	EXP 	responser: foreColor = (0, 0, 0)
1596.1894 	EXP 	responser: foreColor = (0, 0, 0)
1596.2061 	EXP 	responser: foreColor = (0, 0, 0)
1596.2228 	EXP 	responser: foreColor = (0, 0, 0)
1596.2395 	EXP 	responser: foreColor = (0, 0, 0)
1596.2561 	EXP 	responser: foreColor = (0, 0, 0)
1596.2728 	EXP 	responser: foreColor = (0, 0, 0)
1596.2895 	EXP 	responser: foreColor = (0, 0, 0)
1596.3062 	EXP 	responser: foreColor = (0, 0, 0)
1596.3228 	EXP 	responser: foreColor = (0, 0, 0)
1596.3395 	EXP 	responser: foreColor = (0, 0, 0)
1596.3561 	EXP 	responser: foreColor = (0, 0, 0)
1596.3728 	EXP 	responser: foreColor = (0, 0, 0)
1596.3894 	EXP 	responser: foreColor = (0, 0, 0)
1596.4062 	EXP 	responser: foreColor = (0, 0, 0)
1596.4062 	EXP 	thermode_locali_pic: autoDraw = False
1596.4228 	EXP 	responser: foreColor = (0, 0, 0)
1596.4233 	EXP 	New trial (rep=3, index=0): None
1596.4395 	EXP 	responser: foreColor = (0, 0, 0)
1596.4395 	EXP 	responsel: autoDraw = False
1596.4395 	EXP 	percu_or: autoDraw = False
1596.4395 	EXP 	responser: autoDraw = False
1596.4395 	EXP 	thermode_locali_pic: autoDraw = False
1596.4395 	EXP 	responsel: autoDraw = False
1596.4395 	EXP 	percu_or: autoDraw = False
1596.4395 	EXP 	responser: autoDraw = False
1596.4395 	EXP 	responsel: foreColor = 'white'
1596.4395 	EXP 	responser: foreColor = 'white'
1596.4395 	EXP 	text_pic: autoDraw = True
1596.4395 	EXP 	croix_3: autoDraw = True
1601.4396 	EXP 	text_pic: autoDraw = False
1601.4396 	EXP 	croix_3: autoDraw = False
1601.4396 	EXP 	text_pic: autoDraw = False
1601.4396 	EXP 	croix_3: autoDraw = False
1601.4396 	EXP 	thermode_locali_pic: height = 0.02
1601.4396 	EXP 	thermode_locali_pic: height = 0.02
1601.4396 	EXP 	thermode_locali_pic: height = 0.02
1601.4396 	EXP 	thermode_locali_pic: text = 'T : 1'
1601.4396 	EXP 	responsel: text = 'OUI              '
1601.4396 	EXP 	thermode_locali_pic: autoDraw = True
1609.4231 	EXP 	responsel: autoDraw = True
1609.4231 	EXP 	percu_or: autoDraw = True
1609.4231 	EXP 	responser: autoDraw = True
1609.8242 	DATA 	Keypress: n
1609.8564 	EXP 	responser: foreColor = (0, 0, 0)
1609.8731 	EXP 	responser: foreColor = (0, 0, 0)
1609.8897 	EXP 	responser: foreColor = (0, 0, 0)
1609.9064 	EXP 	responser: foreColor = (0, 0, 0)
1609.9231 	EXP 	responser: foreColor = (0, 0, 0)
1609.9397 	EXP 	responser: foreColor = (0, 0, 0)
1609.9564 	EXP 	responser: foreColor = (0, 0, 0)
1609.9731 	EXP 	responser: foreColor = (0, 0, 0)
1609.9897 	EXP 	responser: foreColor = (0, 0, 0)
1610.0064 	EXP 	responser: foreColor = (0, 0, 0)
1610.0231 	EXP 	responser: foreColor = (0, 0, 0)
1610.0397 	EXP 	responser: foreColor = (0, 0, 0)
1610.0564 	EXP 	responser: foreColor = (0, 0, 0)
1610.0731 	EXP 	responser: foreColor = (0, 0, 0)
1610.0897 	EXP 	responser: foreColor = (0, 0, 0)
1610.1064 	EXP 	responser: foreColor = (0, 0, 0)
1610.1231 	EXP 	responser: foreColor = (0, 0, 0)
1610.1397 	EXP 	responser: foreColor = (0, 0, 0)
1610.1564 	EXP 	responser: foreColor = (0, 0, 0)
1610.1731 	EXP 	responser: foreColor = (0, 0, 0)
1610.1897 	EXP 	responser: foreColor = (0, 0, 0)
1610.2064 	EXP 	responser: foreColor = (0, 0, 0)
1610.2231 	EXP 	responser: foreColor = (0, 0, 0)
1610.2397 	EXP 	responser: foreColor = (0, 0, 0)
1610.2564 	EXP 	responser: foreColor = (0, 0, 0)
1610.2730 	EXP 	responser: foreColor = (0, 0, 0)
1610.2897 	EXP 	responser: foreColor = (0, 0, 0)
1610.3064 	EXP 	responser: foreColor = (0, 0, 0)
1610.3231 	EXP 	responser: foreColor = (0, 0, 0)
1610.3397 	EXP 	responser: foreColor = (0, 0, 0)
1610.3564 	EXP 	responser: foreColor = (0, 0, 0)
1610.3731 	EXP 	responser: foreColor = (0, 0, 0)
1610.3897 	EXP 	responser: foreColor = (0, 0, 0)
1610.4064 	EXP 	responser: foreColor = (0, 0, 0)
1610.4231 	EXP 	responser: foreColor = (0, 0, 0)
1610.4397 	EXP 	responser: foreColor = (0, 0, 0)
1610.4564 	EXP 	responser: foreColor = (0, 0, 0)
1610.4731 	EXP 	responser: foreColor = (0, 0, 0)
1610.4897 	EXP 	responser: foreColor = (0, 0, 0)
1610.5064 	EXP 	responser: foreColor = (0, 0, 0)
1610.5231 	EXP 	responser: foreColor = (0, 0, 0)
1610.5397 	EXP 	responser: foreColor = (0, 0, 0)
1610.5564 	EXP 	responser: foreColor = (0, 0, 0)
1610.5731 	EXP 	responser: foreColor = (0, 0, 0)
1610.5897 	EXP 	responser: foreColor = (0, 0, 0)
1610.6064 	EXP 	responser: foreColor = (0, 0, 0)
1610.6231 	EXP 	responser: foreColor = (0, 0, 0)
1610.6397 	EXP 	responser: foreColor = (0, 0, 0)
1610.6564 	EXP 	responser: foreColor = (0, 0, 0)
1610.6730 	EXP 	responser: foreColor = (0, 0, 0)
1610.6897 	EXP 	responser: foreColor = (0, 0, 0)
1610.7064 	EXP 	responser: foreColor = (0, 0, 0)
1610.7231 	EXP 	responser: foreColor = (0, 0, 0)
1610.7397 	EXP 	responser: foreColor = (0, 0, 0)
1610.7564 	EXP 	responser: foreColor = (0, 0, 0)
1610.7731 	EXP 	responser: foreColor = (0, 0, 0)
1610.7897 	EXP 	responser: foreColor = (0, 0, 0)
1610.8064 	EXP 	responser: foreColor = (0, 0, 0)
1610.8231 	EXP 	responser: foreColor = (0, 0, 0)
1610.8397 	EXP 	responser: foreColor = (0, 0, 0)
1610.8564 	EXP 	responser: foreColor = (0, 0, 0)
1610.8731 	EXP 	responser: foreColor = (0, 0, 0)
1610.8897 	EXP 	responser: foreColor = (0, 0, 0)
1610.9064 	EXP 	responser: foreColor = (0, 0, 0)
1610.9231 	EXP 	responser: foreColor = (0, 0, 0)
1610.9398 	EXP 	responser: foreColor = (0, 0, 0)
1610.9564 	EXP 	responser: foreColor = (0, 0, 0)
1610.9731 	EXP 	responser: foreColor = (0, 0, 0)
1610.9897 	EXP 	responser: foreColor = (0, 0, 0)
1611.0064 	EXP 	responser: foreColor = (0, 0, 0)
1611.0230 	EXP 	responser: foreColor = (0, 0, 0)
1611.0397 	EXP 	responser: foreColor = (0, 0, 0)
1611.0564 	EXP 	responser: foreColor = (0, 0, 0)
1611.0731 	EXP 	responser: foreColor = (0, 0, 0)
1611.0897 	EXP 	responser: foreColor = (0, 0, 0)
1611.1064 	EXP 	responser: foreColor = (0, 0, 0)
1611.1231 	EXP 	responser: foreColor = (0, 0, 0)
1611.1397 	EXP 	responser: foreColor = (0, 0, 0)
1611.1564 	EXP 	responser: foreColor = (0, 0, 0)
1611.1731 	EXP 	responser: foreColor = (0, 0, 0)
1611.1897 	EXP 	responser: foreColor = (0, 0, 0)
1611.2064 	EXP 	responser: foreColor = (0, 0, 0)
1611.2231 	EXP 	responser: foreColor = (0, 0, 0)
1611.2397 	EXP 	responser: foreColor = (0, 0, 0)
1611.2564 	EXP 	responser: foreColor = (0, 0, 0)
1611.2731 	EXP 	responser: foreColor = (0, 0, 0)
1611.2897 	EXP 	responser: foreColor = (0, 0, 0)
1611.3064 	EXP 	responser: foreColor = (0, 0, 0)
1611.3231 	EXP 	responser: foreColor = (0, 0, 0)
1611.3397 	EXP 	responser: foreColor = (0, 0, 0)
1611.3564 	EXP 	responser: foreColor = (0, 0, 0)
1611.3731 	EXP 	responser: foreColor = (0, 0, 0)
1611.3898 	EXP 	responser: foreColor = (0, 0, 0)
1611.4064 	EXP 	responser: foreColor = (0, 0, 0)
1611.4231 	EXP 	responser: foreColor = (0, 0, 0)
1611.4398 	EXP 	responser: foreColor = (0, 0, 0)
1611.4564 	EXP 	responser: foreColor = (0, 0, 0)
1611.4731 	EXP 	responser: foreColor = (0, 0, 0)
1611.4898 	EXP 	responser: foreColor = (0, 0, 0)
1611.5064 	EXP 	responser: foreColor = (0, 0, 0)
1611.5231 	EXP 	responser: foreColor = (0, 0, 0)
1611.5398 	EXP 	responser: foreColor = (0, 0, 0)
1611.5564 	EXP 	responser: foreColor = (0, 0, 0)
1611.5731 	EXP 	responser: foreColor = (0, 0, 0)
1611.5898 	EXP 	responser: foreColor = (0, 0, 0)
1611.6064 	EXP 	responser: foreColor = (0, 0, 0)
1611.6231 	EXP 	responser: foreColor = (0, 0, 0)
1611.6398 	EXP 	responser: foreColor = (0, 0, 0)
1611.6564 	EXP 	responser: foreColor = (0, 0, 0)
1611.6731 	EXP 	responser: foreColor = (0, 0, 0)
1611.6897 	EXP 	responser: foreColor = (0, 0, 0)
1611.7063 	EXP 	responser: foreColor = (0, 0, 0)
1611.7230 	EXP 	responser: foreColor = (0, 0, 0)
1611.7398 	EXP 	responser: foreColor = (0, 0, 0)
1611.7564 	EXP 	responser: foreColor = (0, 0, 0)
1611.7731 	EXP 	responser: foreColor = (0, 0, 0)
1611.7897 	EXP 	responser: foreColor = (0, 0, 0)
1611.8064 	EXP 	responser: foreColor = (0, 0, 0)
1611.8231 	EXP 	responser: foreColor = (0, 0, 0)
1611.8398 	EXP 	responser: foreColor = (0, 0, 0)
1611.8564 	EXP 	responser: foreColor = (0, 0, 0)
1611.8731 	EXP 	responser: foreColor = (0, 0, 0)
1611.8898 	EXP 	responser: foreColor = (0, 0, 0)
1611.9064 	EXP 	responser: foreColor = (0, 0, 0)
1611.9231 	EXP 	responser: foreColor = (0, 0, 0)
1611.9398 	EXP 	responser: foreColor = (0, 0, 0)
1611.9564 	EXP 	responser: foreColor = (0, 0, 0)
1611.9731 	EXP 	responser: foreColor = (0, 0, 0)
1611.9898 	EXP 	responser: foreColor = (0, 0, 0)
1612.0064 	EXP 	responser: foreColor = (0, 0, 0)
1612.0231 	EXP 	responser: foreColor = (0, 0, 0)
1612.0398 	EXP 	responser: foreColor = (0, 0, 0)
1612.0564 	EXP 	responser: foreColor = (0, 0, 0)
1612.0731 	EXP 	responser: foreColor = (0, 0, 0)
1612.0898 	EXP 	responser: foreColor = (0, 0, 0)
1612.1064 	EXP 	responser: foreColor = (0, 0, 0)
1612.1231 	EXP 	responser: foreColor = (0, 0, 0)
1612.1398 	EXP 	responser: foreColor = (0, 0, 0)
1612.1564 	EXP 	responser: foreColor = (0, 0, 0)
1612.1731 	EXP 	responser: foreColor = (0, 0, 0)
1612.1897 	EXP 	responser: foreColor = (0, 0, 0)
1612.2064 	EXP 	responser: foreColor = (0, 0, 0)
1612.2231 	EXP 	responser: foreColor = (0, 0, 0)
1612.2398 	EXP 	responser: foreColor = (0, 0, 0)
1612.2564 	EXP 	responser: foreColor = (0, 0, 0)
1612.2731 	EXP 	responser: foreColor = (0, 0, 0)
1612.2897 	EXP 	responser: foreColor = (0, 0, 0)
1612.3064 	EXP 	responser: foreColor = (0, 0, 0)
1612.3231 	EXP 	responser: foreColor = (0, 0, 0)
1612.3398 	EXP 	responser: foreColor = (0, 0, 0)
1612.3564 	EXP 	responser: foreColor = (0, 0, 0)
1612.3731 	EXP 	responser: foreColor = (0, 0, 0)
1612.3898 	EXP 	responser: foreColor = (0, 0, 0)
1612.3898 	EXP 	thermode_locali_pic: autoDraw = False
1612.4064 	EXP 	responser: foreColor = (0, 0, 0)
1612.4069 	EXP 	New trial (rep=3, index=0): None
1612.4231 	EXP 	responser: foreColor = (0, 0, 0)
1612.4231 	EXP 	responsel: autoDraw = False
1612.4231 	EXP 	percu_or: autoDraw = False
1612.4231 	EXP 	responser: autoDraw = False
1612.4231 	EXP 	thermode_locali_pic: autoDraw = False
1612.4231 	EXP 	responsel: autoDraw = False
1612.4231 	EXP 	percu_or: autoDraw = False
1612.4231 	EXP 	responser: autoDraw = False
1612.4231 	EXP 	responsel: foreColor = 'white'
1612.4231 	EXP 	responser: foreColor = 'white'
1612.4231 	EXP 	text_7: autoDraw = True
1613.9566 	EXP 	Created sequence: random, trialTypes=1, nReps=2, seed=None
1613.9567 	EXP 	New trial (rep=0, index=0): None
1613.9583 	DATA 	Keypress: p
1613.9731 	EXP 	text_7: autoDraw = False
1613.9731 	EXP 	text_eva: autoDraw = True
1613.9731 	EXP 	croix_2: autoDraw = True
1618.9731 	EXP 	text_eva: autoDraw = False
1618.9731 	EXP 	croix_2: autoDraw = False
1618.9731 	EXP 	text_eva: autoDraw = False
1618.9731 	EXP 	croix_2: autoDraw = False
1618.9731 	EXP 	thermode_locali_EVA: autoDraw = True
1630.9568 	EXP 	window1: mouseVisible = True
1630.9577 	EXP 	Created unnamed Rect = Rect(__class__=<class 'psychopy.visual.rect.Rect'>, anchor=('center', 'center'), autoDraw=False, autoLog=True, closeShape=True, color=method-wrapper(...), colorSpace='rgb', contrast=None, depth=0, draggable=False, fillColor=array([1, 1, 1]), fillColorSpace='rgb', fillRGB=array([1, 1, 1]), interpolate=True, lineColor=array([1., 1., 1.]), lineColorSpace='rgb', lineRGB=array([1, 1, 1]), lineWidth=1.5, name='unnamed Rect', opacity=1.0, ori=0.0, pos=array([0., 0.]), size=array([0.01, 0.1 ]), units='norm', vertices=ndarray(...), win=Window(...))
1630.9577 	EXP 	window1: mouseVisible = True
1630.9578 	EXP 	window1: mouseVisible = True
1630.9583 	EXP 	window1: mouseVisible = True
1630.9595 	EXP 	window1: mouseVisible = True
1630.9606 	EXP 	window1: mouseVisible = True
1630.9607 	EXP 	window1: mouseVisible = True
1630.9609 	EXP 	window1: mouseVisible = True
1630.9610 	EXP 	window1: mouseVisible = True
1630.9612 	EXP 	window1: mouseVisible = True
1630.9613 	EXP 	window1: mouseVisible = True
1630.9614 	EXP 	window1: mouseVisible = True
1630.9616 	EXP 	window1: mouseVisible = True
1630.9617 	EXP 	window1: mouseVisible = True
1630.9618 	EXP 	window1: mouseVisible = True
1630.9620 	EXP 	window1: mouseVisible = True
1630.9621 	EXP 	window1: mouseVisible = True
1630.9622 	EXP 	window1: mouseVisible = True
1630.9624 	EXP 	window1: mouseVisible = True
1630.9625 	EXP 	window1: mouseVisible = True
1630.9626 	EXP 	window1: mouseVisible = True
1630.9627 	EXP 	window1: mouseVisible = True
1630.9629 	EXP 	window1: mouseVisible = True
1630.9630 	EXP 	window1: mouseVisible = True
1630.9631 	EXP 	window1: mouseVisible = True
1630.9632 	EXP 	window1: mouseVisible = True
1630.9634 	EXP 	window1: mouseVisible = True
1630.9635 	EXP 	window1: mouseVisible = True
1630.9636 	EXP 	window1: mouseVisible = True
1630.9637 	EXP 	window1: mouseVisible = True
1630.9639 	EXP 	window1: mouseVisible = True
1630.9640 	EXP 	window1: mouseVisible = True
1630.9641 	EXP 	window1: mouseVisible = True
1630.9643 	EXP 	window1: mouseVisible = True
1630.9644 	EXP 	window1: mouseVisible = True
1630.9646 	EXP 	window1: mouseVisible = True
1630.9647 	EXP 	window1: mouseVisible = True
1630.9648 	EXP 	window1: mouseVisible = True
1630.9650 	EXP 	window1: mouseVisible = True
1630.9651 	EXP 	window1: mouseVisible = True
1630.9652 	EXP 	window1: mouseVisible = True
1630.9653 	EXP 	window1: mouseVisible = True
1630.9655 	EXP 	window1: mouseVisible = True
1630.9656 	EXP 	window1: mouseVisible = True
1630.9657 	EXP 	window1: mouseVisible = True
1630.9658 	EXP 	window1: mouseVisible = True
1630.9660 	EXP 	window1: mouseVisible = True
1630.9661 	EXP 	window1: mouseVisible = True
1630.9662 	EXP 	window1: mouseVisible = True
1630.9664 	EXP 	window1: mouseVisible = True
1630.9665 	EXP 	window1: mouseVisible = True
1630.9666 	EXP 	window1: mouseVisible = True
1630.9667 	EXP 	window1: mouseVisible = True
1630.9671 	EXP 	window1: mouseVisible = True
1630.9674 	EXP 	window1: mouseVisible = True
1630.9676 	EXP 	window1: mouseVisible = True
1630.9677 	EXP 	window1: mouseVisible = True
1630.9678 	EXP 	window1: mouseVisible = True
1630.9680 	EXP 	window1: mouseVisible = True
1630.9681 	EXP 	window1: mouseVisible = True
1630.9682 	EXP 	window1: mouseVisible = True
1630.9684 	EXP 	window1: mouseVisible = True
1630.9685 	EXP 	window1: mouseVisible = True
1630.9686 	EXP 	window1: mouseVisible = True
1630.9688 	EXP 	window1: mouseVisible = True
1630.9689 	EXP 	window1: mouseVisible = True
1630.9691 	EXP 	window1: mouseVisible = True
1630.9692 	EXP 	window1: mouseVisible = True
1630.9693 	EXP 	window1: mouseVisible = True
1630.9694 	EXP 	window1: mouseVisible = True
1630.9696 	EXP 	window1: mouseVisible = True
1630.9697 	EXP 	window1: mouseVisible = True
1630.9698 	EXP 	window1: mouseVisible = True
1630.9700 	EXP 	window1: mouseVisible = True
1630.9701 	EXP 	window1: mouseVisible = True
1630.9702 	EXP 	window1: mouseVisible = True
1630.9703 	EXP 	window1: mouseVisible = True
1630.9705 	EXP 	window1: mouseVisible = True
1630.9706 	EXP 	window1: mouseVisible = True
1630.9707 	EXP 	window1: mouseVisible = True
1630.9709 	EXP 	window1: mouseVisible = True
1630.9710 	EXP 	window1: mouseVisible = True
1630.9711 	EXP 	window1: mouseVisible = True
1630.9712 	EXP 	window1: mouseVisible = True
1630.9714 	EXP 	window1: mouseVisible = True
1630.9715 	EXP 	window1: mouseVisible = True
1630.9716 	EXP 	window1: mouseVisible = True
1630.9717 	EXP 	window1: mouseVisible = True
1630.9719 	EXP 	window1: mouseVisible = True
1630.9720 	EXP 	window1: mouseVisible = True
1630.9721 	EXP 	window1: mouseVisible = True
1630.9722 	EXP 	window1: mouseVisible = True
1630.9724 	EXP 	window1: mouseVisible = True
1630.9725 	EXP 	window1: mouseVisible = True
1630.9727 	EXP 	window1: mouseVisible = True
1630.9728 	EXP 	window1: mouseVisible = True
1630.9729 	EXP 	window1: mouseVisible = True
1630.9731 	EXP 	window1: mouseVisible = True
1630.9732 	EXP 	window1: mouseVisible = True
1630.9733 	EXP 	window1: mouseVisible = True
1630.9734 	EXP 	window1: mouseVisible = True
1630.9735 	EXP 	window1: mouseVisible = True
1630.9737 	EXP 	window1: mouseVisible = True
1630.9738 	EXP 	window1: mouseVisible = True
1630.9740 	EXP 	window1: mouseVisible = True
1630.9760 	EXP 	Created ratingScale = RatingScale(__class__=type(...), acceptKeys=['return'], acceptPreText=UNKNOWN, acceptSize=UNKNOWN, acceptText=UNKNOWN, autoLog=True, choices=False, colorSpace='rgb', depth=0, disappear=False, flipVert=False, high=100, kwargs=UNKNOWN, labels=list(...), leftKeys=['left'], lineColor=(255, 255, 255), low=0, marker=Rect(...), markerColor=(255, 255, 255), markerExpansion=UNKNOWN, markerStart=0.5, maxTime=0.0, minTime=0.4, mouseOnly=False, name='ratingScale', noMouse=False, pos=[0.0, 0.0], precision=100, respKeys=[], rightKeys=['right'], scale=None, self=UNKNOWN, showAccept=False, showValue=False, singleClick=False, size=0.6, skipKeys=['tab'], stretch=2.0, textColor='white', textFont='Helvetica Bold', textSize=0.144, tickHeight=0, tickMarks=10.0, win=Window(...))
1630.9761 	EXP 	RatingScale ratingScale: reset()
1630.9781 	EXP 	window1: mouseVisible = False
1630.9899 	EXP 	thermode_locali_EVA: autoDraw = False
1630.9899 	EXP 	ratingScale: flipVert = False
1630.9899 	EXP 	ratingScale: autoLog = True
1630.9914 	EXP 	window1: mouseVisible = False
1631.0080 	EXP 	window1: mouseVisible = False
1631.0246 	EXP 	window1: mouseVisible = False
1631.0413 	EXP 	window1: mouseVisible = False
1631.0580 	EXP 	window1: mouseVisible = False
1631.0746 	EXP 	window1: mouseVisible = False
1631.0913 	EXP 	window1: mouseVisible = False
1631.1079 	EXP 	window1: mouseVisible = False
1631.1246 	EXP 	window1: mouseVisible = False
1631.1413 	EXP 	window1: mouseVisible = False
1631.1580 	EXP 	window1: mouseVisible = False
1631.1746 	EXP 	window1: mouseVisible = False
1631.1916 	EXP 	window1: mouseVisible = False
1631.2081 	EXP 	window1: mouseVisible = False
1631.2247 	EXP 	window1: mouseVisible = False
1631.2413 	EXP 	window1: mouseVisible = False
1631.2580 	EXP 	window1: mouseVisible = False
1631.2746 	EXP 	window1: mouseVisible = False
1631.2918 	EXP 	window1: mouseVisible = False
1631.3081 	EXP 	window1: mouseVisible = False
1631.3247 	EXP 	window1: mouseVisible = False
1631.3413 	EXP 	window1: mouseVisible = False
1631.3579 	EXP 	window1: mouseVisible = False
1631.3747 	EXP 	window1: mouseVisible = False
1631.3913 	EXP 	window1: mouseVisible = False
1631.4080 	EXP 	window1: mouseVisible = False
1631.4247 	EXP 	window1: mouseVisible = False
1631.4413 	EXP 	window1: mouseVisible = False
1631.4579 	EXP 	window1: mouseVisible = False
1631.4746 	EXP 	window1: mouseVisible = False
1631.4913 	EXP 	window1: mouseVisible = False
1631.5080 	EXP 	window1: mouseVisible = False
1631.5243 	DATA 	Keypress: n
1631.5248 	EXP 	window1: mouseVisible = False
1631.5413 	EXP 	window1: mouseVisible = False
1631.5580 	EXP 	window1: mouseVisible = False
1631.5746 	EXP 	window1: mouseVisible = False
1631.5913 	EXP 	window1: mouseVisible = False
1631.6080 	EXP 	window1: mouseVisible = False
1631.6246 	EXP 	window1: mouseVisible = False
1631.6413 	EXP 	window1: mouseVisible = False
1631.6579 	EXP 	window1: mouseVisible = False
1631.6746 	EXP 	window1: mouseVisible = False
1631.6913 	EXP 	window1: mouseVisible = False
1631.7080 	EXP 	window1: mouseVisible = False
1631.7246 	EXP 	window1: mouseVisible = False
1631.7413 	EXP 	window1: mouseVisible = False
1631.7579 	EXP 	window1: mouseVisible = False
1631.7746 	EXP 	window1: mouseVisible = False
1631.7913 	EXP 	window1: mouseVisible = False
1631.8079 	EXP 	window1: mouseVisible = False
1631.8246 	EXP 	window1: mouseVisible = False
1631.8413 	EXP 	window1: mouseVisible = False
1631.8579 	EXP 	window1: mouseVisible = False
1631.8746 	EXP 	window1: mouseVisible = False
1631.8913 	EXP 	window1: mouseVisible = False
1631.9079 	EXP 	window1: mouseVisible = False
1631.9246 	EXP 	window1: mouseVisible = False
1631.9413 	EXP 	window1: mouseVisible = False
1631.9579 	EXP 	window1: mouseVisible = False
1631.9746 	EXP 	window1: mouseVisible = False
1631.9913 	EXP 	window1: mouseVisible = False
1632.0079 	EXP 	window1: mouseVisible = False
1632.0249 	EXP 	window1: mouseVisible = False
1632.0413 	EXP 	window1: mouseVisible = False
1632.0580 	EXP 	window1: mouseVisible = False
1632.0746 	EXP 	window1: mouseVisible = False
1632.0914 	EXP 	window1: mouseVisible = False
1632.1080 	EXP 	window1: mouseVisible = False
1632.1247 	EXP 	window1: mouseVisible = False
1632.1414 	EXP 	window1: mouseVisible = False
1632.1579 	EXP 	window1: mouseVisible = False
1632.1746 	EXP 	window1: mouseVisible = False
1632.1913 	EXP 	window1: mouseVisible = False
1632.2082 	EXP 	window1: mouseVisible = False
1632.2246 	EXP 	window1: mouseVisible = False
1632.2413 	EXP 	window1: mouseVisible = False
1632.2580 	EXP 	window1: mouseVisible = False
1632.2746 	EXP 	window1: mouseVisible = False
1632.2913 	EXP 	window1: mouseVisible = False
1632.3075 	DATA 	Keypress: n
1632.3081 	EXP 	window1: mouseVisible = False
1632.3246 	EXP 	window1: mouseVisible = False
1632.3413 	EXP 	window1: mouseVisible = False
1632.3580 	EXP 	window1: mouseVisible = False
1632.3746 	EXP 	window1: mouseVisible = False
1632.3913 	EXP 	window1: mouseVisible = False
1632.4080 	EXP 	window1: mouseVisible = False
1632.4246 	EXP 	window1: mouseVisible = False
1632.4413 	EXP 	window1: mouseVisible = False
1632.4581 	EXP 	window1: mouseVisible = False
1632.4747 	EXP 	window1: mouseVisible = False
1632.4913 	EXP 	window1: mouseVisible = False
1632.5080 	EXP 	window1: mouseVisible = False
1632.5247 	EXP 	window1: mouseVisible = False
1632.5413 	EXP 	window1: mouseVisible = False
1632.5580 	EXP 	window1: mouseVisible = False
1632.5748 	EXP 	window1: mouseVisible = False
1632.5914 	EXP 	window1: mouseVisible = False
1632.6080 	EXP 	window1: mouseVisible = False
1632.6247 	EXP 	window1: mouseVisible = False
1632.6413 	EXP 	window1: mouseVisible = False
1632.6580 	EXP 	window1: mouseVisible = False
1632.6747 	EXP 	window1: mouseVisible = False
1632.6913 	EXP 	window1: mouseVisible = False
1632.7080 	EXP 	window1: mouseVisible = False
1632.7247 	EXP 	window1: mouseVisible = False
1632.7414 	EXP 	window1: mouseVisible = False
1632.7581 	EXP 	window1: mouseVisible = False
1632.7747 	EXP 	window1: mouseVisible = False
1632.7913 	EXP 	window1: mouseVisible = False
1632.8080 	EXP 	window1: mouseVisible = False
1632.8247 	EXP 	window1: mouseVisible = False
1632.8413 	EXP 	window1: mouseVisible = False
1632.8580 	EXP 	window1: mouseVisible = False
1632.8746 	EXP 	window1: mouseVisible = False
1632.8913 	EXP 	window1: mouseVisible = False
1632.9080 	EXP 	window1: mouseVisible = False
1632.9246 	EXP 	window1: mouseVisible = False
1632.9413 	EXP 	window1: mouseVisible = False
1632.9580 	EXP 	window1: mouseVisible = False
1632.9746 	EXP 	window1: mouseVisible = False
1632.9914 	EXP 	window1: mouseVisible = False
1633.0080 	EXP 	window1: mouseVisible = False
1633.0248 	EXP 	window1: mouseVisible = False
1633.0413 	EXP 	window1: mouseVisible = False
1633.0580 	EXP 	window1: mouseVisible = False
1633.0746 	EXP 	window1: mouseVisible = False
1633.0913 	EXP 	window1: mouseVisible = False
1633.1080 	EXP 	window1: mouseVisible = False
1633.1246 	EXP 	window1: mouseVisible = False
1633.1413 	EXP 	window1: mouseVisible = False
1633.1580 	EXP 	window1: mouseVisible = False
1633.1748 	EXP 	window1: mouseVisible = False
1633.1913 	EXP 	window1: mouseVisible = False
1633.2081 	DATA 	Keypress: space
1633.3102 	EXP 	New trial (rep=1, index=0): None
1633.3232 	EXP 	main_text: autoDraw = True
1633.3232 	EXP 	confirm_text: autoDraw = True
1633.3232 	EXP 	ratingScale: autoDraw = False
1633.3232 	EXP 	main_text: autoDraw = False
1633.3232 	EXP 	confirm_text: autoDraw = False
1633.3232 	EXP 	text_eva: autoDraw = True
1633.3232 	EXP 	croix_2: autoDraw = True
1638.3233 	EXP 	text_eva: autoDraw = False
1638.3233 	EXP 	croix_2: autoDraw = False
1638.3233 	EXP 	text_eva: autoDraw = False
1638.3233 	EXP 	croix_2: autoDraw = False
1638.3233 	EXP 	thermode_locali_EVA: autoDraw = True
1650.3072 	EXP 	window1: mouseVisible = True
1650.3082 	EXP 	Created unnamed Rect = Rect(__class__=<class 'psychopy.visual.rect.Rect'>, anchor=('center', 'center'), autoDraw=False, autoLog=True, closeShape=True, color=method-wrapper(...), colorSpace='rgb', contrast=None, depth=0, draggable=False, fillColor=array([1, 1, 1]), fillColorSpace='rgb', fillRGB=array([1, 1, 1]), interpolate=True, lineColor=array([1., 1., 1.]), lineColorSpace='rgb', lineRGB=array([1, 1, 1]), lineWidth=1.5, name='unnamed Rect', opacity=1.0, ori=0.0, pos=array([0., 0.]), size=array([0.01, 0.1 ]), units='norm', vertices=ndarray(...), win=Window(...))
1650.3083 	EXP 	window1: mouseVisible = True
1650.3084 	EXP 	window1: mouseVisible = True
1650.3089 	EXP 	window1: mouseVisible = True
1650.3101 	EXP 	window1: mouseVisible = True
1650.3111 	EXP 	window1: mouseVisible = True
1650.3113 	EXP 	window1: mouseVisible = True
1650.3115 	EXP 	window1: mouseVisible = True
1650.3116 	EXP 	window1: mouseVisible = True
1650.3117 	EXP 	window1: mouseVisible = True
1650.3119 	EXP 	window1: mouseVisible = True
1650.3120 	EXP 	window1: mouseVisible = True
1650.3121 	EXP 	window1: mouseVisible = True
1650.3123 	EXP 	window1: mouseVisible = True
1650.3124 	EXP 	window1: mouseVisible = True
1650.3125 	EXP 	window1: mouseVisible = True
1650.3127 	EXP 	window1: mouseVisible = True
1650.3128 	EXP 	window1: mouseVisible = True
1650.3129 	EXP 	window1: mouseVisible = True
1650.3130 	EXP 	window1: mouseVisible = True
1650.3132 	EXP 	window1: mouseVisible = True
1650.3134 	EXP 	window1: mouseVisible = True
1650.3135 	EXP 	window1: mouseVisible = True
1650.3136 	EXP 	window1: mouseVisible = True
1650.3138 	EXP 	window1: mouseVisible = True
1650.3139 	EXP 	window1: mouseVisible = True
1650.3140 	EXP 	window1: mouseVisible = True
1650.3142 	EXP 	window1: mouseVisible = True
1650.3143 	EXP 	window1: mouseVisible = True
1650.3144 	EXP 	window1: mouseVisible = True
1650.3145 	EXP 	window1: mouseVisible = True
1650.3147 	EXP 	window1: mouseVisible = True
1650.3148 	EXP 	window1: mouseVisible = True
1650.3149 	EXP 	window1: mouseVisible = True
1650.3150 	EXP 	window1: mouseVisible = True
1650.3152 	EXP 	window1: mouseVisible = True
1650.3153 	EXP 	window1: mouseVisible = True
1650.3154 	EXP 	window1: mouseVisible = True
1650.3155 	EXP 	window1: mouseVisible = True
1650.3157 	EXP 	window1: mouseVisible = True
1650.3158 	EXP 	window1: mouseVisible = True
1650.3159 	EXP 	window1: mouseVisible = True
1650.3161 	EXP 	window1: mouseVisible = True
1650.3162 	EXP 	window1: mouseVisible = True
1650.3163 	EXP 	window1: mouseVisible = True
1650.3164 	EXP 	window1: mouseVisible = True
1650.3166 	EXP 	window1: mouseVisible = True
1650.3167 	EXP 	window1: mouseVisible = True
1650.3168 	EXP 	window1: mouseVisible = True
1650.3169 	EXP 	window1: mouseVisible = True
1650.3171 	EXP 	window1: mouseVisible = True
1650.3172 	EXP 	window1: mouseVisible = True
1650.3173 	EXP 	window1: mouseVisible = True
1650.3175 	EXP 	window1: mouseVisible = True
1650.3176 	EXP 	window1: mouseVisible = True
1650.3177 	EXP 	window1: mouseVisible = True
1650.3179 	EXP 	window1: mouseVisible = True
1650.3180 	EXP 	window1: mouseVisible = True
1650.3181 	EXP 	window1: mouseVisible = True
1650.3182 	EXP 	window1: mouseVisible = True
1650.3184 	EXP 	window1: mouseVisible = True
1650.3185 	EXP 	window1: mouseVisible = True
1650.3186 	EXP 	window1: mouseVisible = True
1650.3187 	EXP 	window1: mouseVisible = True
1650.3189 	EXP 	window1: mouseVisible = True
1650.3190 	EXP 	window1: mouseVisible = True
1650.3191 	EXP 	window1: mouseVisible = True
1650.3193 	EXP 	window1: mouseVisible = True
1650.3194 	EXP 	window1: mouseVisible = True
1650.3195 	EXP 	window1: mouseVisible = True
1650.3196 	EXP 	window1: mouseVisible = True
1650.3197 	EXP 	window1: mouseVisible = True
1650.3199 	EXP 	window1: mouseVisible = True
1650.3200 	EXP 	window1: mouseVisible = True
1650.3201 	EXP 	window1: mouseVisible = True
1650.3203 	EXP 	window1: mouseVisible = True
1650.3206 	EXP 	window1: mouseVisible = True
1650.3208 	EXP 	window1: mouseVisible = True
1650.3209 	EXP 	window1: mouseVisible = True
1650.3211 	EXP 	window1: mouseVisible = True
1650.3212 	EXP 	window1: mouseVisible = True
1650.3213 	EXP 	window1: mouseVisible = True
1650.3215 	EXP 	window1: mouseVisible = True
1650.3217 	EXP 	window1: mouseVisible = True
1650.3218 	EXP 	window1: mouseVisible = True
1650.3219 	EXP 	window1: mouseVisible = True
1650.3221 	EXP 	window1: mouseVisible = True
1650.3222 	EXP 	window1: mouseVisible = True
1650.3223 	EXP 	window1: mouseVisible = True
1650.3224 	EXP 	window1: mouseVisible = True
1650.3226 	EXP 	window1: mouseVisible = True
1650.3227 	EXP 	window1: mouseVisible = True
1650.3228 	EXP 	window1: mouseVisible = True
1650.3230 	EXP 	window1: mouseVisible = True
1650.3231 	EXP 	window1: mouseVisible = True
1650.3232 	EXP 	window1: mouseVisible = True
1650.3233 	EXP 	window1: mouseVisible = True
1650.3235 	EXP 	window1: mouseVisible = True
1650.3236 	EXP 	window1: mouseVisible = True
1650.3237 	EXP 	window1: mouseVisible = True
1650.3238 	EXP 	window1: mouseVisible = True
1650.3240 	EXP 	window1: mouseVisible = True
1650.3241 	EXP 	window1: mouseVisible = True
1650.3242 	EXP 	window1: mouseVisible = True
1650.3243 	EXP 	window1: mouseVisible = True
1650.3265 	EXP 	Created ratingScale = RatingScale(__class__=type(...), acceptKeys=['return'], acceptPreText=UNKNOWN, acceptSize=UNKNOWN, acceptText=UNKNOWN, autoLog=True, choices=False, colorSpace='rgb', depth=0, disappear=False, flipVert=False, high=100, kwargs=UNKNOWN, labels=list(...), leftKeys=['left'], lineColor=(255, 255, 255), low=0, marker=Rect(...), markerColor=(255, 255, 255), markerExpansion=UNKNOWN, markerStart=0.5, maxTime=0.0, minTime=0.4, mouseOnly=False, name='ratingScale', noMouse=False, pos=[0.0, 0.0], precision=100, respKeys=[], rightKeys=['right'], scale=None, self=UNKNOWN, showAccept=False, showValue=False, singleClick=False, size=0.6, skipKeys=['tab'], stretch=2.0, textColor='white', textFont='Helvetica Bold', textSize=0.144, tickHeight=0, tickMarks=10.0, win=Window(...))
1650.3265 	EXP 	RatingScale ratingScale: reset()
1650.3286 	EXP 	window1: mouseVisible = False
1650.3402 	EXP 	thermode_locali_EVA: autoDraw = False
1650.3402 	EXP 	thermode_locali_EVA: autoDraw = False
1650.3402 	EXP 	ratingScale: flipVert = False
1650.3402 	EXP 	ratingScale: autoLog = True
1650.3417 	EXP 	window1: mouseVisible = False
1650.3583 	EXP 	window1: mouseVisible = False
1650.3750 	EXP 	window1: mouseVisible = False
1650.3916 	EXP 	window1: mouseVisible = False
1650.4082 	EXP 	window1: mouseVisible = False
1650.4249 	EXP 	window1: mouseVisible = False
1650.4416 	EXP 	window1: mouseVisible = False
1650.4583 	EXP 	window1: mouseVisible = False
1650.4750 	EXP 	window1: mouseVisible = False
1650.4916 	EXP 	window1: mouseVisible = False
1650.5083 	EXP 	window1: mouseVisible = False
1650.5250 	EXP 	window1: mouseVisible = False
1650.5417 	EXP 	window1: mouseVisible = False
1650.5583 	EXP 	window1: mouseVisible = False
1650.5749 	EXP 	window1: mouseVisible = False
1650.5916 	EXP 	window1: mouseVisible = False
1650.6083 	EXP 	window1: mouseVisible = False
1650.6254 	EXP 	window1: mouseVisible = False
1650.6420 	EXP 	window1: mouseVisible = False
1650.6584 	EXP 	window1: mouseVisible = False
1650.6749 	EXP 	window1: mouseVisible = False
1650.6916 	EXP 	window1: mouseVisible = False
1650.7083 	EXP 	window1: mouseVisible = False
1650.7249 	EXP 	window1: mouseVisible = False
1650.7416 	EXP 	window1: mouseVisible = False
1650.7583 	EXP 	window1: mouseVisible = False
1650.7749 	EXP 	window1: mouseVisible = False
1650.7916 	EXP 	window1: mouseVisible = False
1650.8085 	EXP 	window1: mouseVisible = False
1650.8250 	EXP 	window1: mouseVisible = False
1650.8416 	EXP 	window1: mouseVisible = False
1650.8586 	EXP 	window1: mouseVisible = False
1650.8750 	EXP 	window1: mouseVisible = False
1650.8917 	EXP 	window1: mouseVisible = False
1650.9083 	EXP 	window1: mouseVisible = False
1650.9249 	EXP 	window1: mouseVisible = False
1650.9416 	EXP 	window1: mouseVisible = False
1650.9583 	EXP 	window1: mouseVisible = False
1650.9749 	EXP 	window1: mouseVisible = False
1650.9916 	EXP 	window1: mouseVisible = False
1651.0083 	EXP 	window1: mouseVisible = False
1651.0249 	EXP 	window1: mouseVisible = False
1651.0416 	EXP 	window1: mouseVisible = False
1651.0583 	EXP 	window1: mouseVisible = False
1651.0749 	EXP 	window1: mouseVisible = False
1651.0916 	EXP 	window1: mouseVisible = False
1651.1083 	EXP 	window1: mouseVisible = False
1651.1249 	EXP 	window1: mouseVisible = False
1651.1416 	EXP 	window1: mouseVisible = False
1651.1583 	EXP 	window1: mouseVisible = False
1651.1749 	EXP 	window1: mouseVisible = False
1651.1912 	DATA 	Keypress: n
1651.1918 	EXP 	window1: mouseVisible = False
1651.2084 	EXP 	window1: mouseVisible = False
1651.2250 	EXP 	window1: mouseVisible = False
1651.2416 	EXP 	window1: mouseVisible = False
1651.2583 	EXP 	window1: mouseVisible = False
1651.2749 	EXP 	window1: mouseVisible = False
1651.2916 	EXP 	window1: mouseVisible = False
1651.3084 	EXP 	window1: mouseVisible = False
1651.3250 	EXP 	window1: mouseVisible = False
1651.3416 	EXP 	window1: mouseVisible = False
1651.3583 	EXP 	window1: mouseVisible = False
1651.3749 	EXP 	window1: mouseVisible = False
1651.3916 	EXP 	window1: mouseVisible = False
1651.4083 	EXP 	window1: mouseVisible = False
1651.4249 	EXP 	window1: mouseVisible = False
1651.4416 	EXP 	window1: mouseVisible = False
1651.4583 	EXP 	window1: mouseVisible = False
1651.4749 	EXP 	window1: mouseVisible = False
1651.4916 	EXP 	window1: mouseVisible = False
1651.5084 	EXP 	window1: mouseVisible = False
1651.5250 	EXP 	window1: mouseVisible = False
1651.5416 	EXP 	window1: mouseVisible = False
1651.5584 	EXP 	window1: mouseVisible = False
1651.5750 	EXP 	window1: mouseVisible = False
1651.5916 	EXP 	window1: mouseVisible = False
1651.6083 	EXP 	window1: mouseVisible = False
1651.6249 	EXP 	window1: mouseVisible = False
1651.6416 	EXP 	window1: mouseVisible = False
1651.6583 	EXP 	window1: mouseVisible = False
1651.6750 	EXP 	window1: mouseVisible = False
1651.6916 	EXP 	window1: mouseVisible = False
1651.7083 	EXP 	window1: mouseVisible = False
1651.7251 	EXP 	window1: mouseVisible = False
1651.7416 	EXP 	window1: mouseVisible = False
1651.7584 	EXP 	window1: mouseVisible = False
1651.7750 	EXP 	window1: mouseVisible = False
1651.7918 	EXP 	window1: mouseVisible = False
1651.8086 	EXP 	window1: mouseVisible = False
1651.8251 	EXP 	window1: mouseVisible = False
1651.8416 	EXP 	window1: mouseVisible = False
1651.8584 	EXP 	window1: mouseVisible = False
1651.8749 	EXP 	window1: mouseVisible = False
1651.8917 	EXP 	window1: mouseVisible = False
1651.9083 	EXP 	window1: mouseVisible = False
1651.9252 	EXP 	window1: mouseVisible = False
1651.9418 	EXP 	window1: mouseVisible = False
1651.9585 	EXP 	window1: mouseVisible = False
1651.9751 	EXP 	window1: mouseVisible = False
1651.9916 	EXP 	window1: mouseVisible = False
1652.0085 	EXP 	window1: mouseVisible = False
1652.0250 	EXP 	window1: mouseVisible = False
1652.0418 	EXP 	window1: mouseVisible = False
1652.0583 	EXP 	window1: mouseVisible = False
1652.0750 	EXP 	window1: mouseVisible = False
1652.0917 	EXP 	window1: mouseVisible = False
1652.1084 	EXP 	window1: mouseVisible = False
1652.1250 	EXP 	window1: mouseVisible = False
1652.1416 	EXP 	window1: mouseVisible = False
1652.1583 	EXP 	window1: mouseVisible = False
1652.1750 	EXP 	window1: mouseVisible = False
1652.1917 	EXP 	window1: mouseVisible = False
1652.2083 	EXP 	window1: mouseVisible = False
1652.2250 	EXP 	window1: mouseVisible = False
1652.2416 	EXP 	window1: mouseVisible = False
1652.2584 	EXP 	window1: mouseVisible = False
1652.2750 	EXP 	window1: mouseVisible = False
1652.2917 	EXP 	window1: mouseVisible = False
1652.3082 	EXP 	window1: mouseVisible = False
1652.3250 	EXP 	window1: mouseVisible = False
1652.3417 	EXP 	window1: mouseVisible = False
1652.3584 	EXP 	window1: mouseVisible = False
1652.3750 	EXP 	window1: mouseVisible = False
1652.3916 	EXP 	window1: mouseVisible = False
1652.4083 	EXP 	window1: mouseVisible = False
1652.4250 	EXP 	window1: mouseVisible = False
1652.4417 	EXP 	window1: mouseVisible = False
1652.4584 	EXP 	window1: mouseVisible = False
1652.4749 	EXP 	window1: mouseVisible = False
1652.4917 	EXP 	window1: mouseVisible = False
1652.5083 	EXP 	window1: mouseVisible = False
1652.5250 	EXP 	window1: mouseVisible = False
1652.5416 	EXP 	window1: mouseVisible = False
1652.5583 	EXP 	window1: mouseVisible = False
1652.5750 	EXP 	window1: mouseVisible = False
1652.5917 	EXP 	window1: mouseVisible = False
1652.6083 	EXP 	window1: mouseVisible = False
1652.6251 	EXP 	window1: mouseVisible = False
1652.6416 	EXP 	window1: mouseVisible = False
1652.6583 	EXP 	window1: mouseVisible = False
1652.6749 	EXP 	window1: mouseVisible = False
1652.6917 	EXP 	window1: mouseVisible = False
1652.7083 	EXP 	window1: mouseVisible = False
1652.7250 	EXP 	window1: mouseVisible = False
1652.7417 	EXP 	window1: mouseVisible = False
1652.7585 	EXP 	window1: mouseVisible = False
1652.7750 	EXP 	window1: mouseVisible = False
1652.7920 	EXP 	window1: mouseVisible = False
1652.8083 	EXP 	window1: mouseVisible = False
1652.8251 	EXP 	window1: mouseVisible = False
1652.8416 	EXP 	window1: mouseVisible = False
1652.8583 	EXP 	window1: mouseVisible = False
1652.8749 	EXP 	window1: mouseVisible = False
1652.8917 	EXP 	window1: mouseVisible = False
1652.9083 	EXP 	window1: mouseVisible = False
1652.9250 	EXP 	window1: mouseVisible = False
1652.9416 	EXP 	window1: mouseVisible = False
1652.9583 	EXP 	window1: mouseVisible = False
1652.9750 	EXP 	window1: mouseVisible = False
1652.9917 	EXP 	window1: mouseVisible = False
1653.0083 	EXP 	window1: mouseVisible = False
1653.0250 	EXP 	window1: mouseVisible = False
1653.0416 	EXP 	window1: mouseVisible = False
1653.0585 	EXP 	window1: mouseVisible = False
1653.0752 	EXP 	window1: mouseVisible = False
1653.0916 	EXP 	window1: mouseVisible = False
1653.1085 	EXP 	window1: mouseVisible = False
1653.1250 	EXP 	window1: mouseVisible = False
1653.1417 	EXP 	window1: mouseVisible = False
1653.1584 	EXP 	window1: mouseVisible = False
1653.1749 	EXP 	window1: mouseVisible = False
1653.1917 	EXP 	window1: mouseVisible = False
1653.2083 	EXP 	window1: mouseVisible = False
1653.2251 	EXP 	window1: mouseVisible = False
1653.2416 	EXP 	window1: mouseVisible = False
1653.2584 	EXP 	window1: mouseVisible = False
1653.2749 	EXP 	window1: mouseVisible = False
1653.2917 	EXP 	window1: mouseVisible = False
1653.3083 	EXP 	window1: mouseVisible = False
1653.3250 	EXP 	window1: mouseVisible = False
1653.3416 	EXP 	window1: mouseVisible = False
1653.3583 	EXP 	window1: mouseVisible = False
1653.3750 	EXP 	window1: mouseVisible = False
1653.3916 	EXP 	window1: mouseVisible = False
1653.4084 	EXP 	window1: mouseVisible = False
1653.4249 	EXP 	window1: mouseVisible = False
1653.4417 	EXP 	window1: mouseVisible = False
1653.4583 	EXP 	window1: mouseVisible = False
1653.4750 	EXP 	window1: mouseVisible = False
1653.4917 	EXP 	window1: mouseVisible = False
1653.5084 	EXP 	window1: mouseVisible = False
1653.5250 	EXP 	window1: mouseVisible = False
1653.5417 	EXP 	window1: mouseVisible = False
1653.5583 	EXP 	window1: mouseVisible = False
1653.5751 	EXP 	window1: mouseVisible = False
1653.5916 	EXP 	window1: mouseVisible = False
1653.6083 	EXP 	window1: mouseVisible = False
1653.6250 	EXP 	window1: mouseVisible = False
1653.6416 	EXP 	window1: mouseVisible = False
1653.6583 	EXP 	window1: mouseVisible = False
1653.6749 	EXP 	window1: mouseVisible = False
1653.6916 	EXP 	window1: mouseVisible = False
1653.7083 	EXP 	window1: mouseVisible = False
1653.7249 	EXP 	window1: mouseVisible = False
1653.7416 	EXP 	window1: mouseVisible = False
1653.7583 	EXP 	window1: mouseVisible = False
1653.7750 	EXP 	window1: mouseVisible = False
1653.7916 	EXP 	window1: mouseVisible = False
1653.8089 	DATA 	Keypress: space
1653.9235 	EXP 	main_text: autoDraw = True
1653.9235 	EXP 	confirm_text: autoDraw = True
1653.9235 	EXP 	ratingScale: autoDraw = False
1653.9235 	EXP 	main_text: autoDraw = False
1653.9235 	EXP 	confirm_text: autoDraw = False
1653.9235 	EXP 	text_8: autoDraw = True
1655.0570 	EXP 	Created sequence: random, trialTypes=1, nReps=4, seed=None
1655.0571 	EXP 	New trial (rep=0, index=0): None
1655.0587 	DATA 	Keypress: p
1655.0735 	EXP 	text_8: autoDraw = False
1655.0735 	EXP 	text_pic: autoDraw = True
1655.0735 	EXP 	croix_3: autoDraw = True
1660.0736 	EXP 	text_pic: autoDraw = False
1660.0736 	EXP 	croix_3: autoDraw = False
1660.0736 	EXP 	thermode_locali_pic: height = 0.02
1660.0736 	EXP 	thermode_locali_pic: height = 0.02
1660.0736 	EXP 	thermode_locali_pic: height = 0.02
1660.0736 	EXP 	thermode_locali_pic: text = 'T : 0'
1660.0736 	EXP 	responsel: text = 'OUI              '
1660.0736 	EXP 	thermode_locali_pic: autoDraw = True
1668.0570 	EXP 	responsel: autoDraw = True
1668.0570 	EXP 	percu_or: autoDraw = True
1668.0570 	EXP 	responser: autoDraw = True
1668.8248 	DATA 	Keypress: m
1668.8570 	EXP 	responsel: foreColor = (0, 0, 0)
1668.8737 	EXP 	responsel: foreColor = (0, 0, 0)
1668.8904 	EXP 	responsel: foreColor = (0, 0, 0)
1668.9070 	EXP 	responsel: foreColor = (0, 0, 0)
1668.9236 	EXP 	responsel: foreColor = (0, 0, 0)
1668.9403 	EXP 	responsel: foreColor = (0, 0, 0)
1668.9570 	EXP 	responsel: foreColor = (0, 0, 0)
1668.9736 	EXP 	responsel: foreColor = (0, 0, 0)
1668.9904 	EXP 	responsel: foreColor = (0, 0, 0)
1669.0070 	EXP 	responsel: foreColor = (0, 0, 0)
1669.0237 	EXP 	responsel: foreColor = (0, 0, 0)
1669.0404 	EXP 	responsel: foreColor = (0, 0, 0)
1669.0570 	EXP 	responsel: foreColor = (0, 0, 0)
1669.0736 	EXP 	responsel: foreColor = (0, 0, 0)
1669.0904 	EXP 	responsel: foreColor = (0, 0, 0)
1669.1070 	EXP 	responsel: foreColor = (0, 0, 0)
1669.1236 	EXP 	responsel: foreColor = (0, 0, 0)
1669.1403 	EXP 	responsel: foreColor = (0, 0, 0)
1669.1570 	EXP 	responsel: foreColor = (0, 0, 0)
1669.1736 	EXP 	responsel: foreColor = (0, 0, 0)
1669.1903 	EXP 	responsel: foreColor = (0, 0, 0)
1669.2070 	EXP 	responsel: foreColor = (0, 0, 0)
1669.2237 	EXP 	responsel: foreColor = (0, 0, 0)
1669.2403 	EXP 	responsel: foreColor = (0, 0, 0)
1669.2570 	EXP 	responsel: foreColor = (0, 0, 0)
1669.2736 	EXP 	responsel: foreColor = (0, 0, 0)
1669.2903 	EXP 	responsel: foreColor = (0, 0, 0)
1669.3070 	EXP 	responsel: foreColor = (0, 0, 0)
1669.3237 	EXP 	responsel: foreColor = (0, 0, 0)
1669.3403 	EXP 	responsel: foreColor = (0, 0, 0)
1669.3570 	EXP 	responsel: foreColor = (0, 0, 0)
1669.3737 	EXP 	responsel: foreColor = (0, 0, 0)
1669.3903 	EXP 	responsel: foreColor = (0, 0, 0)
1669.4070 	EXP 	responsel: foreColor = (0, 0, 0)
1669.4237 	EXP 	responsel: foreColor = (0, 0, 0)
1669.4403 	EXP 	responsel: foreColor = (0, 0, 0)
1669.4570 	EXP 	responsel: foreColor = (0, 0, 0)
1669.4737 	EXP 	responsel: foreColor = (0, 0, 0)
1669.4903 	EXP 	responsel: foreColor = (0, 0, 0)
1669.5070 	EXP 	responsel: foreColor = (0, 0, 0)
1669.5237 	EXP 	responsel: foreColor = (0, 0, 0)
1669.5403 	EXP 	responsel: foreColor = (0, 0, 0)
1669.5570 	EXP 	responsel: foreColor = (0, 0, 0)
1669.5737 	EXP 	responsel: foreColor = (0, 0, 0)
1669.5903 	EXP 	responsel: foreColor = (0, 0, 0)
1669.6070 	EXP 	responsel: foreColor = (0, 0, 0)
1669.6237 	EXP 	responsel: foreColor = (0, 0, 0)
1669.6403 	EXP 	responsel: foreColor = (0, 0, 0)
1669.6570 	EXP 	responsel: foreColor = (0, 0, 0)
1669.6736 	EXP 	responsel: foreColor = (0, 0, 0)
1669.6904 	EXP 	responsel: foreColor = (0, 0, 0)
1669.7070 	EXP 	responsel: foreColor = (0, 0, 0)
1669.7237 	EXP 	responsel: foreColor = (0, 0, 0)
1669.7403 	EXP 	responsel: foreColor = (0, 0, 0)
1669.7570 	EXP 	responsel: foreColor = (0, 0, 0)
1669.7737 	EXP 	responsel: foreColor = (0, 0, 0)
1669.7903 	EXP 	responsel: foreColor = (0, 0, 0)
1669.8070 	EXP 	responsel: foreColor = (0, 0, 0)
1669.8237 	EXP 	responsel: foreColor = (0, 0, 0)
1669.8403 	EXP 	responsel: foreColor = (0, 0, 0)
1669.8570 	EXP 	responsel: foreColor = (0, 0, 0)
1669.8737 	EXP 	responsel: foreColor = (0, 0, 0)
1669.8903 	EXP 	responsel: foreColor = (0, 0, 0)
1669.9070 	EXP 	responsel: foreColor = (0, 0, 0)
1669.9237 	EXP 	responsel: foreColor = (0, 0, 0)
1669.9403 	EXP 	responsel: foreColor = (0, 0, 0)
1669.9570 	EXP 	responsel: foreColor = (0, 0, 0)
1669.9737 	EXP 	responsel: foreColor = (0, 0, 0)
1669.9903 	EXP 	responsel: foreColor = (0, 0, 0)
1670.0070 	EXP 	responsel: foreColor = (0, 0, 0)
1670.0237 	EXP 	responsel: foreColor = (0, 0, 0)
1670.0403 	EXP 	responsel: foreColor = (0, 0, 0)
1670.0570 	EXP 	responsel: foreColor = (0, 0, 0)
1670.0737 	EXP 	responsel: foreColor = (0, 0, 0)
1670.0903 	EXP 	responsel: foreColor = (0, 0, 0)
1670.1070 	EXP 	responsel: foreColor = (0, 0, 0)
1670.1237 	EXP 	responsel: foreColor = (0, 0, 0)
1670.1403 	EXP 	responsel: foreColor = (0, 0, 0)
1670.1570 	EXP 	responsel: foreColor = (0, 0, 0)
1670.1737 	EXP 	responsel: foreColor = (0, 0, 0)
1670.1903 	EXP 	responsel: foreColor = (0, 0, 0)
1670.2070 	EXP 	responsel: foreColor = (0, 0, 0)
1670.2237 	EXP 	responsel: foreColor = (0, 0, 0)
1670.2403 	EXP 	responsel: foreColor = (0, 0, 0)
1670.2570 	EXP 	responsel: foreColor = (0, 0, 0)
1670.2737 	EXP 	responsel: foreColor = (0, 0, 0)
1670.2903 	EXP 	responsel: foreColor = (0, 0, 0)
1670.3070 	EXP 	responsel: foreColor = (0, 0, 0)
1670.3237 	EXP 	responsel: foreColor = (0, 0, 0)
1670.3403 	EXP 	responsel: foreColor = (0, 0, 0)
1670.3570 	EXP 	responsel: foreColor = (0, 0, 0)
1670.3737 	EXP 	responsel: foreColor = (0, 0, 0)
1670.3903 	EXP 	responsel: foreColor = (0, 0, 0)
1670.4070 	EXP 	responsel: foreColor = (0, 0, 0)
1670.4237 	EXP 	responsel: foreColor = (0, 0, 0)
1670.4403 	EXP 	responsel: foreColor = (0, 0, 0)
1670.4570 	EXP 	responsel: foreColor = (0, 0, 0)
1670.4737 	EXP 	responsel: foreColor = (0, 0, 0)
1670.4903 	EXP 	responsel: foreColor = (0, 0, 0)
1670.5070 	EXP 	responsel: foreColor = (0, 0, 0)
1670.5237 	EXP 	responsel: foreColor = (0, 0, 0)
1670.5403 	EXP 	responsel: foreColor = (0, 0, 0)
1670.5570 	EXP 	responsel: foreColor = (0, 0, 0)
1670.5737 	EXP 	responsel: foreColor = (0, 0, 0)
1670.5903 	EXP 	responsel: foreColor = (0, 0, 0)
1670.6070 	EXP 	responsel: foreColor = (0, 0, 0)
1670.6237 	EXP 	responsel: foreColor = (0, 0, 0)
1670.6403 	EXP 	responsel: foreColor = (0, 0, 0)
1670.6570 	EXP 	responsel: foreColor = (0, 0, 0)
1670.6737 	EXP 	responsel: foreColor = (0, 0, 0)
1670.6903 	EXP 	responsel: foreColor = (0, 0, 0)
1670.7070 	EXP 	responsel: foreColor = (0, 0, 0)
1670.7237 	EXP 	responsel: foreColor = (0, 0, 0)
1670.7403 	EXP 	responsel: foreColor = (0, 0, 0)
1670.7570 	EXP 	responsel: foreColor = (0, 0, 0)
1670.7737 	EXP 	responsel: foreColor = (0, 0, 0)
1670.7903 	EXP 	responsel: foreColor = (0, 0, 0)
1670.8070 	EXP 	responsel: foreColor = (0, 0, 0)
1670.8237 	EXP 	responsel: foreColor = (0, 0, 0)
1670.8403 	EXP 	responsel: foreColor = (0, 0, 0)
1670.8570 	EXP 	responsel: foreColor = (0, 0, 0)
1670.8737 	EXP 	responsel: foreColor = (0, 0, 0)
1670.8903 	EXP 	responsel: foreColor = (0, 0, 0)
1670.9070 	EXP 	responsel: foreColor = (0, 0, 0)
1670.9237 	EXP 	responsel: foreColor = (0, 0, 0)
1670.9403 	EXP 	responsel: foreColor = (0, 0, 0)
1670.9570 	EXP 	responsel: foreColor = (0, 0, 0)
1670.9738 	EXP 	responsel: foreColor = (0, 0, 0)
1670.9904 	EXP 	responsel: foreColor = (0, 0, 0)
1671.0071 	EXP 	responsel: foreColor = (0, 0, 0)
1671.0238 	EXP 	responsel: foreColor = (0, 0, 0)
1671.0238 	EXP 	thermode_locali_pic: autoDraw = False
1671.0404 	EXP 	responsel: foreColor = (0, 0, 0)
1671.0410 	EXP 	New trial (rep=1, index=0): None
1671.0571 	EXP 	responsel: foreColor = (0, 0, 0)
1671.0571 	EXP 	responsel: autoDraw = False
1671.0571 	EXP 	percu_or: autoDraw = False
1671.0571 	EXP 	responser: autoDraw = False
1671.0571 	EXP 	thermode_locali_pic: autoDraw = False
1671.0571 	EXP 	responsel: autoDraw = False
1671.0571 	EXP 	percu_or: autoDraw = False
1671.0571 	EXP 	responser: autoDraw = False
1671.0571 	EXP 	responsel: foreColor = 'white'
1671.0571 	EXP 	responser: foreColor = 'white'
1671.0571 	EXP 	text_pic: autoDraw = True
1671.0571 	EXP 	croix_3: autoDraw = True
1676.0571 	EXP 	text_pic: autoDraw = False
1676.0571 	EXP 	croix_3: autoDraw = False
1676.0571 	EXP 	text_pic: autoDraw = False
1676.0571 	EXP 	croix_3: autoDraw = False
1676.0571 	EXP 	thermode_locali_pic: height = 0.02
1676.0571 	EXP 	thermode_locali_pic: height = 0.02
1676.0571 	EXP 	thermode_locali_pic: height = 0.02
1676.0571 	EXP 	thermode_locali_pic: text = 'T : 1'
1676.0571 	EXP 	responsel: text = 'OUI              '
1676.0571 	EXP 	thermode_locali_pic: autoDraw = True
1684.0406 	EXP 	responsel: autoDraw = True
1684.0406 	EXP 	percu_or: autoDraw = True
1684.0406 	EXP 	responser: autoDraw = True
1684.8917 	DATA 	Keypress: n
1684.9239 	EXP 	responser: foreColor = (0, 0, 0)
1684.9406 	EXP 	responser: foreColor = (0, 0, 0)
1684.9572 	EXP 	responser: foreColor = (0, 0, 0)
1684.9739 	EXP 	responser: foreColor = (0, 0, 0)
1684.9906 	EXP 	responser: foreColor = (0, 0, 0)
1685.0072 	EXP 	responser: foreColor = (0, 0, 0)
1685.0239 	EXP 	responser: foreColor = (0, 0, 0)
1685.0406 	EXP 	responser: foreColor = (0, 0, 0)
1685.0573 	EXP 	responser: foreColor = (0, 0, 0)
1685.0739 	EXP 	responser: foreColor = (0, 0, 0)
1685.0906 	EXP 	responser: foreColor = (0, 0, 0)
1685.1073 	EXP 	responser: foreColor = (0, 0, 0)
1685.1239 	EXP 	responser: foreColor = (0, 0, 0)
1685.1405 	EXP 	responser: foreColor = (0, 0, 0)
1685.1573 	EXP 	responser: foreColor = (0, 0, 0)
1685.1739 	EXP 	responser: foreColor = (0, 0, 0)
1685.1906 	EXP 	responser: foreColor = (0, 0, 0)
1685.2073 	EXP 	responser: foreColor = (0, 0, 0)
1685.2239 	EXP 	responser: foreColor = (0, 0, 0)
1685.2405 	EXP 	responser: foreColor = (0, 0, 0)
1685.2573 	EXP 	responser: foreColor = (0, 0, 0)
1685.2739 	EXP 	responser: foreColor = (0, 0, 0)
1685.2906 	EXP 	responser: foreColor = (0, 0, 0)
1685.3072 	EXP 	responser: foreColor = (0, 0, 0)
1685.3239 	EXP 	responser: foreColor = (0, 0, 0)
1685.3406 	EXP 	responser: foreColor = (0, 0, 0)
1685.3572 	EXP 	responser: foreColor = (0, 0, 0)
1685.3739 	EXP 	responser: foreColor = (0, 0, 0)
1685.3906 	EXP 	responser: foreColor = (0, 0, 0)
1685.4073 	EXP 	responser: foreColor = (0, 0, 0)
1685.4239 	EXP 	responser: foreColor = (0, 0, 0)
1685.4406 	EXP 	responser: foreColor = (0, 0, 0)
1685.4573 	EXP 	responser: foreColor = (0, 0, 0)
1685.4739 	EXP 	responser: foreColor = (0, 0, 0)
1685.4906 	EXP 	responser: foreColor = (0, 0, 0)
1685.5073 	EXP 	responser: foreColor = (0, 0, 0)
1685.5239 	EXP 	responser: foreColor = (0, 0, 0)
1685.5406 	EXP 	responser: foreColor = (0, 0, 0)
1685.5572 	EXP 	responser: foreColor = (0, 0, 0)
1685.5739 	EXP 	responser: foreColor = (0, 0, 0)
1685.5906 	EXP 	responser: foreColor = (0, 0, 0)
1685.6073 	EXP 	responser: foreColor = (0, 0, 0)
1685.6239 	EXP 	responser: foreColor = (0, 0, 0)
1685.6406 	EXP 	responser: foreColor = (0, 0, 0)
1685.6572 	EXP 	responser: foreColor = (0, 0, 0)
1685.6739 	EXP 	responser: foreColor = (0, 0, 0)
1685.6905 	EXP 	responser: foreColor = (0, 0, 0)
1685.7072 	EXP 	responser: foreColor = (0, 0, 0)
1685.7239 	EXP 	responser: foreColor = (0, 0, 0)
1685.7406 	EXP 	responser: foreColor = (0, 0, 0)
1685.7573 	EXP 	responser: foreColor = (0, 0, 0)
1685.7739 	EXP 	responser: foreColor = (0, 0, 0)
1685.7906 	EXP 	responser: foreColor = (0, 0, 0)
1685.8073 	EXP 	responser: foreColor = (0, 0, 0)
1685.8239 	EXP 	responser: foreColor = (0, 0, 0)
1685.8406 	EXP 	responser: foreColor = (0, 0, 0)
1685.8573 	EXP 	responser: foreColor = (0, 0, 0)
1685.8739 	EXP 	responser: foreColor = (0, 0, 0)
1685.8906 	EXP 	responser: foreColor = (0, 0, 0)
1685.9073 	EXP 	responser: foreColor = (0, 0, 0)
1685.9239 	EXP 	responser: foreColor = (0, 0, 0)
1685.9406 	EXP 	responser: foreColor = (0, 0, 0)
1685.9572 	EXP 	responser: foreColor = (0, 0, 0)
1685.9739 	EXP 	responser: foreColor = (0, 0, 0)
1685.9906 	EXP 	responser: foreColor = (0, 0, 0)
1686.0073 	EXP 	responser: foreColor = (0, 0, 0)
1686.0239 	EXP 	responser: foreColor = (0, 0, 0)
1686.0406 	EXP 	responser: foreColor = (0, 0, 0)
1686.0572 	EXP 	responser: foreColor = (0, 0, 0)
1686.0739 	EXP 	responser: foreColor = (0, 0, 0)
1686.0906 	EXP 	responser: foreColor = (0, 0, 0)
1686.1073 	EXP 	responser: foreColor = (0, 0, 0)
1686.1239 	EXP 	responser: foreColor = (0, 0, 0)
1686.1406 	EXP 	responser: foreColor = (0, 0, 0)
1686.1573 	EXP 	responser: foreColor = (0, 0, 0)
1686.1739 	EXP 	responser: foreColor = (0, 0, 0)
1686.1906 	EXP 	responser: foreColor = (0, 0, 0)
1686.2073 	EXP 	responser: foreColor = (0, 0, 0)
1686.2239 	EXP 	responser: foreColor = (0, 0, 0)
1686.2406 	EXP 	responser: foreColor = (0, 0, 0)
1686.2573 	EXP 	responser: foreColor = (0, 0, 0)
1686.2739 	EXP 	responser: foreColor = (0, 0, 0)
1686.2906 	EXP 	responser: foreColor = (0, 0, 0)
1686.3073 	EXP 	responser: foreColor = (0, 0, 0)
1686.3239 	EXP 	responser: foreColor = (0, 0, 0)
1686.3406 	EXP 	responser: foreColor = (0, 0, 0)
1686.3572 	EXP 	responser: foreColor = (0, 0, 0)
1686.3739 	EXP 	responser: foreColor = (0, 0, 0)
1686.3906 	EXP 	responser: foreColor = (0, 0, 0)
1686.4073 	EXP 	responser: foreColor = (0, 0, 0)
1686.4239 	EXP 	responser: foreColor = (0, 0, 0)
1686.4406 	EXP 	responser: foreColor = (0, 0, 0)
1686.4573 	EXP 	responser: foreColor = (0, 0, 0)
1686.4739 	EXP 	responser: foreColor = (0, 0, 0)
1686.4906 	EXP 	responser: foreColor = (0, 0, 0)
1686.5073 	EXP 	responser: foreColor = (0, 0, 0)
1686.5239 	EXP 	responser: foreColor = (0, 0, 0)
1686.5406 	EXP 	responser: foreColor = (0, 0, 0)
1686.5573 	EXP 	responser: foreColor = (0, 0, 0)
1686.5739 	EXP 	responser: foreColor = (0, 0, 0)
1686.5906 	EXP 	responser: foreColor = (0, 0, 0)
1686.6073 	EXP 	responser: foreColor = (0, 0, 0)
1686.6239 	EXP 	responser: foreColor = (0, 0, 0)
1686.6406 	EXP 	responser: foreColor = (0, 0, 0)
1686.6573 	EXP 	responser: foreColor = (0, 0, 0)
1686.6739 	EXP 	responser: foreColor = (0, 0, 0)
1686.6906 	EXP 	responser: foreColor = (0, 0, 0)
1686.7073 	EXP 	responser: foreColor = (0, 0, 0)
1686.7240 	EXP 	responser: foreColor = (0, 0, 0)
1686.7406 	EXP 	responser: foreColor = (0, 0, 0)
1686.7572 	EXP 	responser: foreColor = (0, 0, 0)
1686.7739 	EXP 	responser: foreColor = (0, 0, 0)
1686.7906 	EXP 	responser: foreColor = (0, 0, 0)
1686.8072 	EXP 	responser: foreColor = (0, 0, 0)
1686.8239 	EXP 	responser: foreColor = (0, 0, 0)
1686.8406 	EXP 	responser: foreColor = (0, 0, 0)
1686.8573 	EXP 	responser: foreColor = (0, 0, 0)
1686.8739 	EXP 	responser: foreColor = (0, 0, 0)
1686.8906 	EXP 	responser: foreColor = (0, 0, 0)
1686.9073 	EXP 	responser: foreColor = (0, 0, 0)
1686.9239 	EXP 	responser: foreColor = (0, 0, 0)
1686.9406 	EXP 	responser: foreColor = (0, 0, 0)
1686.9573 	EXP 	responser: foreColor = (0, 0, 0)
1686.9739 	EXP 	responser: foreColor = (0, 0, 0)
1686.9906 	EXP 	responser: foreColor = (0, 0, 0)
1687.0073 	EXP 	responser: foreColor = (0, 0, 0)
1687.0073 	EXP 	thermode_locali_pic: autoDraw = False
1687.0239 	EXP 	responser: foreColor = (0, 0, 0)
1687.0244 	EXP 	New trial (rep=2, index=0): None
1687.0406 	EXP 	responser: foreColor = (0, 0, 0)
1687.0406 	EXP 	responsel: autoDraw = False
1687.0406 	EXP 	percu_or: autoDraw = False
1687.0406 	EXP 	responser: autoDraw = False
1687.0406 	EXP 	thermode_locali_pic: autoDraw = False
1687.0406 	EXP 	responsel: autoDraw = False
1687.0406 	EXP 	percu_or: autoDraw = False
1687.0406 	EXP 	responser: autoDraw = False
1687.0406 	EXP 	responsel: foreColor = 'white'
1687.0406 	EXP 	responser: foreColor = 'white'
1687.0406 	EXP 	text_pic: autoDraw = True
1687.0406 	EXP 	croix_3: autoDraw = True
1692.0405 	EXP 	text_pic: autoDraw = False
1692.0405 	EXP 	croix_3: autoDraw = False
1692.0405 	EXP 	text_pic: autoDraw = False
1692.0405 	EXP 	croix_3: autoDraw = False
1692.0405 	EXP 	thermode_locali_pic: height = 0.02
1692.0405 	EXP 	thermode_locali_pic: height = 0.02
1692.0405 	EXP 	thermode_locali_pic: height = 0.02
1692.0405 	EXP 	thermode_locali_pic: text = 'T : 2'
1692.0405 	EXP 	responsel: text = 'OUI              '
1692.0405 	EXP 	thermode_locali_pic: autoDraw = True
1700.0240 	EXP 	responsel: autoDraw = True
1700.0240 	EXP 	percu_or: autoDraw = True
1700.0240 	EXP 	responser: autoDraw = True
1701.0918 	DATA 	Keypress: n
1701.1240 	EXP 	responser: foreColor = (0, 0, 0)
1701.1406 	EXP 	responser: foreColor = (0, 0, 0)
1701.1573 	EXP 	responser: foreColor = (0, 0, 0)
1701.1740 	EXP 	responser: foreColor = (0, 0, 0)
1701.1906 	EXP 	responser: foreColor = (0, 0, 0)
1701.2073 	EXP 	responser: foreColor = (0, 0, 0)
1701.2240 	EXP 	responser: foreColor = (0, 0, 0)
1701.2406 	EXP 	responser: foreColor = (0, 0, 0)
1701.2573 	EXP 	responser: foreColor = (0, 0, 0)
1701.2740 	EXP 	responser: foreColor = (0, 0, 0)
1701.2906 	EXP 	responser: foreColor = (0, 0, 0)
1701.3073 	EXP 	responser: foreColor = (0, 0, 0)
1701.3240 	EXP 	responser: foreColor = (0, 0, 0)
1701.3407 	EXP 	responser: foreColor = (0, 0, 0)
1701.3573 	EXP 	responser: foreColor = (0, 0, 0)
1701.3740 	EXP 	responser: foreColor = (0, 0, 0)
1701.3906 	EXP 	responser: foreColor = (0, 0, 0)
1701.4073 	EXP 	responser: foreColor = (0, 0, 0)
1701.4240 	EXP 	responser: foreColor = (0, 0, 0)
1701.4406 	EXP 	responser: foreColor = (0, 0, 0)
1701.4573 	EXP 	responser: foreColor = (0, 0, 0)
1701.4740 	EXP 	responser: foreColor = (0, 0, 0)
1701.4906 	EXP 	responser: foreColor = (0, 0, 0)
1701.5073 	EXP 	responser: foreColor = (0, 0, 0)
1701.5240 	EXP 	responser: foreColor = (0, 0, 0)
1701.5407 	EXP 	responser: foreColor = (0, 0, 0)
1701.5573 	EXP 	responser: foreColor = (0, 0, 0)
1701.5740 	EXP 	responser: foreColor = (0, 0, 0)
1701.5906 	EXP 	responser: foreColor = (0, 0, 0)
1701.6073 	EXP 	responser: foreColor = (0, 0, 0)
1701.6240 	EXP 	responser: foreColor = (0, 0, 0)
1701.6407 	EXP 	responser: foreColor = (0, 0, 0)
1701.6573 	EXP 	responser: foreColor = (0, 0, 0)
1701.6740 	EXP 	responser: foreColor = (0, 0, 0)
1701.6907 	EXP 	responser: foreColor = (0, 0, 0)
1701.7073 	EXP 	responser: foreColor = (0, 0, 0)
1701.7240 	EXP 	responser: foreColor = (0, 0, 0)
1701.7407 	EXP 	responser: foreColor = (0, 0, 0)
1701.7573 	EXP 	responser: foreColor = (0, 0, 0)
1701.7740 	EXP 	responser: foreColor = (0, 0, 0)
1701.7906 	EXP 	responser: foreColor = (0, 0, 0)
1701.8073 	EXP 	responser: foreColor = (0, 0, 0)
1701.8240 	EXP 	responser: foreColor = (0, 0, 0)
1701.8407 	EXP 	responser: foreColor = (0, 0, 0)
1701.8574 	EXP 	responser: foreColor = (0, 0, 0)
1701.8740 	EXP 	responser: foreColor = (0, 0, 0)
1701.8907 	EXP 	responser: foreColor = (0, 0, 0)
1701.9073 	EXP 	responser: foreColor = (0, 0, 0)
1701.9240 	EXP 	responser: foreColor = (0, 0, 0)
1701.9407 	EXP 	responser: foreColor = (0, 0, 0)
1701.9574 	EXP 	responser: foreColor = (0, 0, 0)
1701.9740 	EXP 	responser: foreColor = (0, 0, 0)
1701.9907 	EXP 	responser: foreColor = (0, 0, 0)
1702.0073 	EXP 	responser: foreColor = (0, 0, 0)
1702.0240 	EXP 	responser: foreColor = (0, 0, 0)
1702.0407 	EXP 	responser: foreColor = (0, 0, 0)
1702.0573 	EXP 	responser: foreColor = (0, 0, 0)
1702.0740 	EXP 	responser: foreColor = (0, 0, 0)
1702.0907 	EXP 	responser: foreColor = (0, 0, 0)
1702.1073 	EXP 	responser: foreColor = (0, 0, 0)
1702.1240 	EXP 	responser: foreColor = (0, 0, 0)
1702.1407 	EXP 	responser: foreColor = (0, 0, 0)
1702.1573 	EXP 	responser: foreColor = (0, 0, 0)
1702.1740 	EXP 	responser: foreColor = (0, 0, 0)
1702.1907 	EXP 	responser: foreColor = (0, 0, 0)
1702.2073 	EXP 	responser: foreColor = (0, 0, 0)
1702.2240 	EXP 	responser: foreColor = (0, 0, 0)
1702.2407 	EXP 	responser: foreColor = (0, 0, 0)
1702.2573 	EXP 	responser: foreColor = (0, 0, 0)
1702.2740 	EXP 	responser: foreColor = (0, 0, 0)
1702.2907 	EXP 	responser: foreColor = (0, 0, 0)
1702.3073 	EXP 	responser: foreColor = (0, 0, 0)
1702.3240 	EXP 	responser: foreColor = (0, 0, 0)
1702.3407 	EXP 	responser: foreColor = (0, 0, 0)
1702.3573 	EXP 	responser: foreColor = (0, 0, 0)
1702.3740 	EXP 	responser: foreColor = (0, 0, 0)
1702.3907 	EXP 	responser: foreColor = (0, 0, 0)
1702.4073 	EXP 	responser: foreColor = (0, 0, 0)
1702.4240 	EXP 	responser: foreColor = (0, 0, 0)
1702.4407 	EXP 	responser: foreColor = (0, 0, 0)
1702.4573 	EXP 	responser: foreColor = (0, 0, 0)
1702.4740 	EXP 	responser: foreColor = (0, 0, 0)
1702.4907 	EXP 	responser: foreColor = (0, 0, 0)
1702.5073 	EXP 	responser: foreColor = (0, 0, 0)
1702.5240 	EXP 	responser: foreColor = (0, 0, 0)
1702.5407 	EXP 	responser: foreColor = (0, 0, 0)
1702.5573 	EXP 	responser: foreColor = (0, 0, 0)
1702.5740 	EXP 	responser: foreColor = (0, 0, 0)
1702.5907 	EXP 	responser: foreColor = (0, 0, 0)
1702.6073 	EXP 	responser: foreColor = (0, 0, 0)
1702.6240 	EXP 	responser: foreColor = (0, 0, 0)
1702.6407 	EXP 	responser: foreColor = (0, 0, 0)
1702.6573 	EXP 	responser: foreColor = (0, 0, 0)
1702.6740 	EXP 	responser: foreColor = (0, 0, 0)
1702.6907 	EXP 	responser: foreColor = (0, 0, 0)
1702.7074 	EXP 	responser: foreColor = (0, 0, 0)
1702.7240 	EXP 	responser: foreColor = (0, 0, 0)
1702.7407 	EXP 	responser: foreColor = (0, 0, 0)
1702.7574 	EXP 	responser: foreColor = (0, 0, 0)
1702.7740 	EXP 	responser: foreColor = (0, 0, 0)
1702.7907 	EXP 	responser: foreColor = (0, 0, 0)
1702.8074 	EXP 	responser: foreColor = (0, 0, 0)
1702.8240 	EXP 	responser: foreColor = (0, 0, 0)
1702.8407 	EXP 	responser: foreColor = (0, 0, 0)
1702.8574 	EXP 	responser: foreColor = (0, 0, 0)
1702.8740 	EXP 	responser: foreColor = (0, 0, 0)
1702.8907 	EXP 	responser: foreColor = (0, 0, 0)
1702.9074 	EXP 	responser: foreColor = (0, 0, 0)
1702.9240 	EXP 	responser: foreColor = (0, 0, 0)
1702.9407 	EXP 	responser: foreColor = (0, 0, 0)
1702.9574 	EXP 	responser: foreColor = (0, 0, 0)
1702.9740 	EXP 	responser: foreColor = (0, 0, 0)
1702.9907 	EXP 	responser: foreColor = (0, 0, 0)
1702.9907 	EXP 	thermode_locali_pic: autoDraw = False
1703.0074 	EXP 	responser: foreColor = (0, 0, 0)
1703.0079 	EXP 	New trial (rep=3, index=0): None
1703.0240 	EXP 	responser: foreColor = (0, 0, 0)
1703.0240 	EXP 	responsel: autoDraw = False
1703.0240 	EXP 	percu_or: autoDraw = False
1703.0240 	EXP 	responser: autoDraw = False
1703.0240 	EXP 	thermode_locali_pic: autoDraw = False
1703.0240 	EXP 	responsel: autoDraw = False
1703.0240 	EXP 	percu_or: autoDraw = False
1703.0240 	EXP 	responser: autoDraw = False
1703.0240 	EXP 	responsel: foreColor = 'white'
1703.0240 	EXP 	responser: foreColor = 'white'
1703.0240 	EXP 	text_pic: autoDraw = True
1703.0240 	EXP 	croix_3: autoDraw = True
1708.0242 	EXP 	text_pic: autoDraw = False
1708.0242 	EXP 	croix_3: autoDraw = False
1708.0242 	EXP 	text_pic: autoDraw = False
1708.0242 	EXP 	croix_3: autoDraw = False
1708.0242 	EXP 	thermode_locali_pic: height = 0.02
1708.0242 	EXP 	thermode_locali_pic: height = 0.02
1708.0242 	EXP 	thermode_locali_pic: height = 0.02
1708.0242 	EXP 	thermode_locali_pic: text = 'T : 3'
1708.0242 	EXP 	responsel: text = 'OUI              '
1708.0242 	EXP 	thermode_locali_pic: autoDraw = True
1716.0076 	EXP 	responsel: autoDraw = True
1716.0076 	EXP 	percu_or: autoDraw = True
1716.0076 	EXP 	responser: autoDraw = True
1717.8753 	DATA 	Keypress: m
1717.9076 	EXP 	responsel: foreColor = (0, 0, 0)
1717.9243 	EXP 	responsel: foreColor = (0, 0, 0)
1717.9410 	EXP 	responsel: foreColor = (0, 0, 0)
1717.9576 	EXP 	responsel: foreColor = (0, 0, 0)
1717.9743 	EXP 	responsel: foreColor = (0, 0, 0)
1717.9909 	EXP 	responsel: foreColor = (0, 0, 0)
1718.0076 	EXP 	responsel: foreColor = (0, 0, 0)
1718.0243 	EXP 	responsel: foreColor = (0, 0, 0)
1718.0410 	EXP 	responsel: foreColor = (0, 0, 0)
1718.0576 	EXP 	responsel: foreColor = (0, 0, 0)
1718.0743 	EXP 	responsel: foreColor = (0, 0, 0)
1718.0910 	EXP 	responsel: foreColor = (0, 0, 0)
1718.1076 	EXP 	responsel: foreColor = (0, 0, 0)
1718.1242 	EXP 	responsel: foreColor = (0, 0, 0)
1718.1409 	EXP 	responsel: foreColor = (0, 0, 0)
1718.1575 	EXP 	responsel: foreColor = (0, 0, 0)
1718.1742 	EXP 	responsel: foreColor = (0, 0, 0)
1718.1909 	EXP 	responsel: foreColor = (0, 0, 0)
1718.2075 	EXP 	responsel: foreColor = (0, 0, 0)
1718.2242 	EXP 	responsel: foreColor = (0, 0, 0)
1718.2409 	EXP 	responsel: foreColor = (0, 0, 0)
1718.2575 	EXP 	responsel: foreColor = (0, 0, 0)
1718.2742 	EXP 	responsel: foreColor = (0, 0, 0)
1718.2909 	EXP 	responsel: foreColor = (0, 0, 0)
1718.3075 	EXP 	responsel: foreColor = (0, 0, 0)
1718.3242 	EXP 	responsel: foreColor = (0, 0, 0)
1718.3409 	EXP 	responsel: foreColor = (0, 0, 0)
1718.3575 	EXP 	responsel: foreColor = (0, 0, 0)
1718.3742 	EXP 	responsel: foreColor = (0, 0, 0)
1718.3909 	EXP 	responsel: foreColor = (0, 0, 0)
1718.4076 	EXP 	responsel: foreColor = (0, 0, 0)
1718.4243 	EXP 	responsel: foreColor = (0, 0, 0)
1718.4410 	EXP 	responsel: foreColor = (0, 0, 0)
1718.4576 	EXP 	responsel: foreColor = (0, 0, 0)
1718.4743 	EXP 	responsel: foreColor = (0, 0, 0)
1718.4910 	EXP 	responsel: foreColor = (0, 0, 0)
1718.5076 	EXP 	responsel: foreColor = (0, 0, 0)
1718.5243 	EXP 	responsel: foreColor = (0, 0, 0)
1718.5410 	EXP 	responsel: foreColor = (0, 0, 0)
1718.5576 	EXP 	responsel: foreColor = (0, 0, 0)
1718.5743 	EXP 	responsel: foreColor = (0, 0, 0)
1718.5910 	EXP 	responsel: foreColor = (0, 0, 0)
1718.6076 	EXP 	responsel: foreColor = (0, 0, 0)
1718.6243 	EXP 	responsel: foreColor = (0, 0, 0)
1718.6410 	EXP 	responsel: foreColor = (0, 0, 0)
1718.6576 	EXP 	responsel: foreColor = (0, 0, 0)
1718.6743 	EXP 	responsel: foreColor = (0, 0, 0)
1718.6910 	EXP 	responsel: foreColor = (0, 0, 0)
1718.7076 	EXP 	responsel: foreColor = (0, 0, 0)
1718.7243 	EXP 	responsel: foreColor = (0, 0, 0)
1718.7410 	EXP 	responsel: foreColor = (0, 0, 0)
1718.7576 	EXP 	responsel: foreColor = (0, 0, 0)
1718.7743 	EXP 	responsel: foreColor = (0, 0, 0)
1718.7909 	EXP 	responsel: foreColor = (0, 0, 0)
1718.8076 	EXP 	responsel: foreColor = (0, 0, 0)
1718.8243 	EXP 	responsel: foreColor = (0, 0, 0)
1718.8410 	EXP 	responsel: foreColor = (0, 0, 0)
1718.8575 	EXP 	responsel: foreColor = (0, 0, 0)
1718.8742 	EXP 	responsel: foreColor = (0, 0, 0)
1718.8909 	EXP 	responsel: foreColor = (0, 0, 0)
1718.9076 	EXP 	responsel: foreColor = (0, 0, 0)
1718.9243 	EXP 	responsel: foreColor = (0, 0, 0)
1718.9410 	EXP 	responsel: foreColor = (0, 0, 0)
1718.9576 	EXP 	responsel: foreColor = (0, 0, 0)
1718.9743 	EXP 	responsel: foreColor = (0, 0, 0)
1718.9743 	EXP 	thermode_locali_pic: autoDraw = False
1718.9910 	EXP 	responsel: foreColor = (0, 0, 0)
1719.0076 	EXP 	responsel: foreColor = (0, 0, 0)
1719.0076 	EXP 	responsel: autoDraw = False
1719.0076 	EXP 	percu_or: autoDraw = False
1719.0076 	EXP 	responser: autoDraw = False
1719.0076 	EXP 	thermode_locali_pic: autoDraw = False
1719.0076 	EXP 	responsel: autoDraw = False
1719.0076 	EXP 	percu_or: autoDraw = False
1719.0076 	EXP 	responser: autoDraw = False
1719.0076 	EXP 	responsel: foreColor = 'white'
1719.0076 	EXP 	responser: foreColor = 'white'
1719.0076 	EXP 	text_3: autoDraw = True
1721.0582 	DATA 	Keypress: p
1721.0910 	EXP 	text_3: autoDraw = False
1721.0910 	EXP 	text_6: autoDraw = True
1731.0910 	EXP 	text_6: autoDraw = False
1731.0910 	EXP 	text_6: autoDraw = False
1731.0910 	EXP 	2024_RDpaindiscrimination_maintask: status = STOPPED
1731.4161 	EXP 	window1: mouseVisible = True
