,n,r,CI95%,p-val,BF10,power
pearson,44,0.017496992534983127,[-0.28  0.31],0.9102452310296898,0.189,0.051110674284217374
