,n,r,CI95%,p-val,BF10,power
pearson,44,0.1696277279931398,[-0.13  0.44],0.2709872929854119,0.338,0.19771404451956023
