,n,r,CI95%,p-val,BF10,power
pearson,42,0.22564422826861896,[-0.08  0.5 ],0.15077025738826422,0.522,0.304592171645755
