,n,r,CI95%,p-val,BF10,power
pearson,44,0.12286041636167963,[-0.18  0.4 ],0.42689324628809666,0.255,0.12524211608466151
