,n,r,CI95%,p-val,BF10,power
pearson,41,0.26430990489996087,[-0.05  0.53],0.09493603846220555,0.748,0.39219662791710386
