,n,r,CI95%,p-val,BF10,power
pearson,40,0.3098399460506745,[-0.    0.57],0.051697990000065586,1.224,0.5038609963512024
