,n,r,CI95%,p-val,BF10,power
pearson,41,0.26579806868545863,[-0.05  0.53],0.09302140652659713,0.76,0.3960322619409492
