,n,r,CI95%,p-val,BF10,power
pearson,42,0.2010500510196403,[-0.11  0.48],0.20170284414691483,0.423,0.25042795128370227
