,n,r,CI95%,p-val,BF10,power
pearson,44,0.3452603242554212,[0.05 0.58],0.021712858239064055,2.407,0.6436279519903825
