,n,r,CI95%,p-val,BF10,power
pearson,42,0.13988633828361355,[-0.17  0.43],0.3769317627823535,0.28,0.14376639564471014
