,n,r,CI95%,p-val,BF10,power
pearson,42,0.07455186893749277,[-0.23  0.37],0.638909235828914,0.214,0.07541578755889974
