,n,r,CI95%,p-val,BF10,power
pearson,44,0.061811667520279515,[-0.24  0.35],0.6901952055146982,0.203,0.06817107024919578
