,n,r,CI95%,p-val,BF10,power
pearson,40,0.2393457372973776,[-0.08  0.51],0.13689053768245465,0.573,0.3230334380065227
