,n,r,CI95%,p-val,BF10,power
pearson,42,0.06294773023025295,[-0.25  0.36],0.6920830571498243,0.207,0.06792103528534091
