,age,n_male,n_female
count,44.0,12,31
mean,28.022727272727273,12,31
std,9.902991411721727,12,31
min,19.0,12,31
25%,21.0,12,31
50%,24.0,12,31
75%,33.0,12,31
max,58.0,12,31
