,age,n_male,n_female
count,42.0,11,30
mean,28.023809523809526,11,30
std,10.081347411004668,11,30
min,19.0,11,30
25%,21.0,11,30
50%,24.0,11,30
75%,32.5,11,30
max,58.0,11,30
