,Source,SS,ddof1,ddof2,MS,F,p-unc,p-GG-corr,ng2,eps
0,condition,0.03140964008709507,1,43,0.03140964008709507,1.7568528672466017,0.19201698850600848,0.19201698850600848,0.005785424009377936,1.0
1,block,0.007498655238610803,1,43,0.007498655238610803,0.3816951556597961,0.5399558818987881,0.5399558818987881,0.0013873069957420275,1.0
2,condition * block,0.009832259134714772,1,43,0.009832259134714772,0.4987824714843394,0.4838448604363983,0.4838448604363983,0.0018182560712557653,1.0
