,Source,SS,ddof1,ddof2,MS,F,p-unc,p-GG-corr,ng2,eps
0,condition,2317.7142857142694,1,41,2317.7142857142694,93.2769269196894,4.0338310882894775e-12,4.0338310882894775e-12,0.060123920582970766,1.0
1,block,169.00148809523787,1,41,169.00148809523787,3.0879909117617426,0.08633769621868281,0.08633769621868281,0.00464286718071705,1.0
2,condition * block,0.753348214286433,1,41,0.753348214286433,0.031298170060771076,0.8604478758307749,0.8604478758307749,2.0792347808171248e-05,1.0
