,Source,SS,ddof1,ddof2,MS,F,p-unc,p-GG-corr,ng2,eps
0,condition,0.012971061440449034,1,41,0.012971061440449034,0.7891267502672401,0.37954641144839274,0.37954641144839274,0.0026487428635018546,1.0
1,block,0.00965827799373731,1,41,0.00965827799373731,0.5000985475686521,0.4834571578973391,0.4834571578973391,0.0019735942773523385,1.0
2,condition * block,0.008435914048159044,1,41,0.008435914048159044,0.4169632868910859,0.5220539871475743,0.5220539871475743,0.0017242443585311156,1.0
