,Source,SS,ddof1,ddof2,MS,F,p-unc,p-GG-corr,ng2,eps
0,condition,2388.5803444602084,1,43,2388.5803444602084,97.00375768782718,1.3669189765734702e-12,1.3669189765734702e-12,0.060961789172228796,1.0
1,block,144.3204012784093,1,43,144.3204012784093,2.6859432681750364,0.10853465005625665,0.10853465005625665,0.0039071683854871005,1.0
2,condition * block,0.1350319602290142,1,43,0.1350319602290142,0.005377236538047572,0.9418838570191781,0.9418838570191781,3.670029576021859e-06,1.0
