,T,dof,alternative,p-val,CI95%,cohen-d,BF10,power
T-test,-9.849048567644868,43,two-sided,1.3669189765734149e-12,[-8.88 -5.86],0.5287090207940682,6.164e+09,0.9289134432040251
