,T,dof,alternative,p-val,CI95%,cohen-d,BF10,power
T-test,0.929773049057695,41,two-sided,0.35793083757634825,[-0.02  0.06],0.13078929820040613,0.25,0.13145393134594002
