,T,dof,alternative,p-val,CI95%,cohen-d,BF10,power
T-test,-0.5279399314573315,41,two-sided,0.6003869062629179,[-0.2   0.11],0.08438566655697338,0.19,0.08327799439261618
