,T,dof,alternative,p-val,CI95%,cohen-d,BF10,power
T-test,-2.387740837731233,41,two-sided,0.02164360137494167,[-0.42 -0.04],0.37876908442347995,2.085,0.6689249063450767
