,T,dof,alternative,p-val,CI95%,cohen-d,BF10,power
T-test,0.9369667688596364,41,two-sided,0.3542623458368672,[-0.13  0.36],0.1319351200039487,0.251,0.13292571686359764
