,T,dof,alternative,p-val,CI95%,cohen-d,BF10,power
T-test,-0.7105505096582224,43,two-sided,0.4811991213394705,[-0.2  0.1],0.11109095682437767,0.207,0.11127134129308057
