,T,dof,alternative,p-val,CI95%,cohen-d,BF10,power
T-test,-9.657998080331591,41,two-sided,4.0338310882899016e-12,[-8.98 -5.88],0.5236812196622466,2.182e+09,0.9120310169672099
