,T,dof,alternative,p-val,CI95%,cohen-d,BF10,power
T-test,1.365295038288066,43,two-sided,0.17926092135177296,[-0.01  0.07],0.1879286679679113,0.387,0.23004743759717874
