,T,dof,alternative,p-val,CI95%,cohen-d,BF10,power
T-test,-2.6743505528792886,43,two-sided,0.010544317028597218,[-0.45 -0.06],0.4240832358332594,3.765,0.7851681256303089
