,T,dof,alternative,p-val,CI95%,cohen-d,BF10,power
T-test,1.3495950183876608,43,two-sided,0.18420876560088975,[-0.08  0.42],0.18411086335767163,0.38,0.22267784932920665
