,p_val,t_low_bound,p_low_bound,df_low_bound,t_high_bound,p_high_bound,df_high_bound,mean_diff,cohen_dz_bounds,sd_diff,raw_diff,n_participants
0,0.02687373386763438,3.845541330902625,0.0002058317816969683,41.0,-1.9859952327872359,0.02687373386763438,41.0,0.01836734693877551,0.45,0.12802480449238432,0.057611162021572945,42
