,p_val,t_low_bound,p_low_bound,df_low_bound,t_high_bound,p_high_bound,df_high_bound,mean_diff,cohen_dz_bounds,sd_diff,raw_diff,n_participants
0,0.05614937093914616,4.351729708272436,4.090516667519375e-05,43.0,-1.6211396316963045,0.05614937093914616,43.0,0.027475649350649348,0.45,0.1334897105928674,0.06007036976679033,44
