,n,r,CI95%,p-val,BF10,power
pearson,57,-0.023869423458045415,[-0.28  0.24],0.8601032287274596,0.168,0.05330768089756895
