,n,r,CI95%,p-val,BF10,power
pearson,60,0.15055497220548833,[-0.11  0.39],0.2508774121957048,0.307,0.21068393240775501
