,n,r,CI95%,p-val,BF10,power
pearson,57,0.13256471560457053,[-0.13  0.38],0.3255997686675081,0.265,0.1666807880262542
