,n,r,CI95%,p-val,BF10,power
pearson,60,-0.04040530504157183,[-0.29  0.22],0.7592091104773169,0.169,0.06062456627059898
