,n,r,CI95%,p-val,BF10,power
pearson,55,0.1534572028540837,[-0.12  0.4 ],0.2633236559440634,0.309,0.20236876801839646
