,n,r,CI95%,p-val,BF10,power
pearson,57,0.1833583580108454,[-0.08  0.42],0.1721704810706439,0.41,0.27886015275882425
