,n,r,CI95%,p-val,BF10,power
pearson,57,-0.011184352475182908,[-0.27  0.25],0.9341920123208352,0.166,0.05050867338332392
