,n,r,CI95%,p-val,BF10,power
pearson,57,0.0854778340994663,[-0.18  0.34],0.5272530235232348,0.201,0.09693801510841579
