,n,r,CI95%,p-val,BF10,power
pearson,60,0.15103457365054257,[-0.11  0.39],0.24935350739825374,0.308,0.21175003967866118
