,n,r,CI95%,p-val,BF10,power
pearson,55,0.06391273675227423,[-0.2   0.32],0.6429508368324789,0.187,0.0748300392064126
