,n,r,CI95%,p-val,BF10,power
pearson,60,-0.0028420672176298588,[-0.26  0.25],0.9828057278173227,0.161,0.04979028933576299
