,n,r,CI95%,p-val,BF10,power
pearson,60,-0.015291167586702242,[-0.27  0.24],0.9076842437037447,0.162,0.05128614861699056
