,n,r,CI95%,p-val,BF10,power
pearson,57,-0.0022293937483177898,[-0.26  0.26],0.9868684751045526,0.165,0.04975447492548683
