,n,r,CI95%,p-val,BF10,power
pearson,57,0.0744443936077058,[-0.19  0.33],0.5820754762476777,0.192,0.08530728282838917
