,age,n_male,n_female
count,60.0,18,41
mean,26.966666666666665,18,41
std,8.95557144391164,18,41
min,18.0,18,41
25%,21.0,18,41
50%,24.0,18,41
75%,29.25,18,41
max,58.0,18,41
