,Source,SS,ddof1,ddof2,MS,F,p-unc,p-GG-corr,ng2,eps
0,condition,0.008645715230536598,1,59,0.008645715230536598,0.4873315208775577,0.48786239589117986,0.48786239589117986,0.0008351316814028192,1.0
1,block,0.019560185185185285,1,59,0.019560185185185285,0.8698506181884266,0.3547977824665205,0.3547977824665205,0.0018874235392325384,1.0
2,condition * block,9.979686318988337e-05,1,59,9.979686318988337e-05,0.005502088321466473,0.9411212128500913,0.9411212128500913,9.647828567807028e-06,1.0
