,Source,SS,ddof1,ddof2,MS,F,p-unc,p-GG-corr,ng2,eps
0,condition,0.001402470710506415,1,56,0.001402470710506415,0.0834913181584195,0.7736876523702615,0.7736876523702615,0.0001431374747976926,1.0
1,block,0.02833363791422994,1,56,0.02833363791422994,1.2677816059356992,0.26498555692295706,0.26498555692295706,0.0028838310772723637,1.0
2,condition * block,3.884960417088745e-06,1,56,3.884960417088745e-06,0.00020705856741242803,0.9885703561609023,0.9885703561609023,3.965593055490894e-07,1.0
