,Source,SS,ddof1,ddof2,MS,F,p-unc,p-GG-corr,ng2,eps
0,condition,1757.0328776041497,1,59,1757.0328776041497,31.46387602039902,5.696931149751612e-07,5.696931149751612e-07,0.029368721302413584,1.0
1,block,271.20319010416824,1,59,271.20319010416824,5.012037527842053,0.028956915244352763,0.028956915244352763,0.004648599094579337,1.0
2,condition * block,20.343815104166424,1,59,20.343815104166424,0.5147477244952324,0.4759218867702303,0.4759218867702303,0.0003502120989332677,1.0
