,Source,SS,ddof1,ddof2,MS,F,p-unc,p-GG-corr,ng2,eps
0,condition,1747.012129934192,1,56,1747.012129934192,30.722051191996304,8.32034152168627e-07,8.32034152168627e-07,0.02964511390195862,1.0
1,block,284.91783168859865,1,56,284.91783168859865,5.122259411449669,0.027516280229323637,0.027516280229323637,0.004957785607866198,1.0
2,condition * block,49.16454221491517,1,56,49.16454221491517,1.3036658619993045,0.25840347506936673,0.25840347506936673,0.0008590241546001053,1.0
