,T,dof,alternative,p-val,CI95%,cohen-d,BF10,power
T-test,0.3331086467051154,56,two-sided,0.7402962231411084,[-0.03  0.04],0.03130872931950261,0.153,0.056207119262574386
