,T,dof,alternative,p-val,CI95%,cohen-d,BF10,power
T-test,-3.010702360014744,59,two-sided,0.0038320520617696426,[-0.43 -0.09],0.3871137586656642,8.098,0.8387815493320576
