,T,dof,alternative,p-val,CI95%,cohen-d,BF10,power
T-test,-5.609266977101287,59,two-sided,5.696931149751641e-07,[-7.34 -3.48],0.36266298895854016,2.676e+04,0.7890765198425158
