,T,dof,alternative,p-val,CI95%,cohen-d,BF10,power
T-test,-1.2460084390990793,56,two-sided,0.21794893182734967,[-0.22  0.05],0.17575010825878917,0.301,0.25653055565188465
