,T,dof,alternative,p-val,CI95%,cohen-d,BF10,power
T-test,-2.6083019276200305,56,two-sided,0.011644848167387355,[-0.39 -0.05],0.3354146592910992,3.136,0.7015095257820184
