,T,dof,alternative,p-val,CI95%,cohen-d,BF10,power
T-test,0.3370910970453548,56,two-sided,0.7373083854291511,[-0.18  0.25],0.03214219578503008,0.153,0.056543274693733096
