,T,dof,alternative,p-val,CI95%,cohen-d,BF10,power
T-test,-1.5190810125097347,59,two-sided,0.13408306456258876,[-0.22  0.03],0.20965687652985696,0.418,0.3587180179802725
