,T,dof,alternative,p-val,CI95%,cohen-d,BF10,power
T-test,0.7185230940088385,59,two-sided,0.47527078687353497,[-0.13  0.29],0.06773302682168526,0.181,0.08103871998350637
