,T,dof,alternative,p-val,CI95%,cohen-d,BF10,power
T-test,0.7405660812968015,59,two-sided,0.46189371444544747,[-0.02  0.05],0.06947731531374475,0.183,0.08268354852438652
