,T,dof,alternative,p-val,CI95%,cohen-d,BF10,power
T-test,-5.542747621170959,56,two-sided,8.320341521686183e-07,[-7.54 -3.54],0.36350665384660913,1.895e+04,0.7694749214889149
