,p_val,t_low_bound,p_low_bound,df_low_bound,t_high_bound,p_high_bound,df_high_bound,mean_diff,cohen_dz_bounds,sd_diff,raw_diff,n_participants
0,0.0016650768126231339,3.732892225671281,0.00022226558367184743,56.0,-3.06667493226105,0.0016650768126231339,56.0,0.00571219715956558,0.45,0.12946569608119904,0.058259563236539566,57
