,n,r,CI95%,p-val,BF10,power
pearson,44,-0.018679618211250047,[-0.31  0.28],0.9042059700862797,0.189,0.051315885537985426
