,n,r,CI95%,p-val,BF10,power
pearson,44,0.14475057864696111,[-0.16  0.42],0.34851421180031994,0.288,0.15596554207203178
