,n,r,CI95%,p-val,BF10,power
pearson,41,0.3315158825946829,[0.03 0.58],0.03422779378647049,1.696,0.5738516257514188
