,n,r,CI95%,p-val,BF10,power
pearson,44,0.05284107797486694,[-0.25  0.34],0.7333628326575861,0.199,0.06313708383139718
