,n,r,CI95%,p-val,BF10,power
pearson,44,0.26199949670954015,[-0.04  0.52],0.08579092733473859,0.784,0.410768083248765
