,n,r,CI95%,p-val,BF10,power
pearson,41,0.14668939689224747,[-0.17  0.43],0.36009330904363185,0.292,0.15086808533762108
