,n,r,CI95%,p-val,BF10,power
pearson,44,0.12222696272392736,[-0.18  0.4 ],0.4292991024806885,0.254,0.12443616924266544
