,Source,SS,ddof1,ddof2,MS,F,p-unc,p-GG-corr,ng2,eps
0,condition,0.014567107619562867,1,43,0.014567107619562867,0.9262814606649515,0.3412123462165211,0.3412123462165211,0.0025940657586581914,1.0
1,block,0.011117432294887862,1,43,0.011117432294887862,0.5683320796405743,0.45503100272800745,0.45503100272800745,0.0019809751060750214,1.0
2,condition * block,0.001816837056792274,1,43,0.001816837056792274,0.0836643508911809,0.773781713674597,0.773781713674597,0.0003242730310653314,1.0
