,Source,SS,ddof1,ddof2,MS,F,p-unc,p-GG-corr,ng2,eps
0,condition,2707.0742187499804,1,43,2707.0742187499804,97.386126480017,1.2883388101296338e-12,1.2883388101296338e-12,0.06742924038031176,1.0
1,block,246.40944602272742,1,43,246.40944602272742,4.412687151779075,0.04157313612065975,0.04157313612065975,0.006538448784924699,1.0
2,condition * block,4.77840909090952,1,43,4.77840909090952,0.20045036618236758,0.6566050977456293,0.6566050977456293,0.0001276127927424405,1.0
