,T,dof,alternative,p-val,CI95%,cohen-d,BF10,power
T-test,0.9974573374438561,43,two-sided,0.32412276745138047,[-0.12  0.36],0.12739496371665573,0.26,0.1311310172811711
