,T,dof,alternative,p-val,CI95%,cohen-d,BF10,power
T-test,1.003964665375108,43,two-sided,0.3210120805430046,[-0.02  0.06],0.12752950481578285,0.262,0.1313070066844295
