,T,dof,alternative,p-val,CI95%,cohen-d,BF10,power
T-test,-9.868440934616626,43,two-sided,1.2883388101296233e-12,[-9.45 -6.24],0.5577783979686521,6.524e+09,0.9511481863445919
