,T,dof,alternative,p-val,CI95%,cohen-d,BF10,power
T-test,-2.2722218585875416,43,two-sided,0.02813169748209237,[-0.4  -0.02],0.35419287901983165,1.647,0.6318686293048811
