,T,dof,alternative,p-val,CI95%,cohen-d,BF10,power
T-test,-0.6350843182884581,43,two-sided,0.5287385796872437,[-0.21  0.11],0.10494704299544287,0.197,0.10453957053040432
