14.0582 	EXP 	Created window1 = Window(allowGUI=True, allowStencil=False, autoLog=True, backendConf=UNKNOWN, backgroundFit=<method-wrapper '__getattribute__' of attributeSetter object at 0x0000020E41A81D60>, backgroundImage=<method-wrapper '__getattribute__' of attributeSetter object at 0x0000020E41A81A00>, bitsMode=UNKNOWN, blendMode='avg', bpc=(8, 8, 8), color='0', colorSpace='named', depthBits=8, fullscr=<method-wrapper '__getattribute__' of attributeSetter object at 0x0000020E41A81BB0>, gamma=None, gammaErrorPolicy='raise', lms=UNKNOWN, monitor=<psychopy.monitors.calibTools.Monitor object at 0x0000020E41CACFD0>, multiSample=False, name='window1', numSamples=2, pos=(0, 0), screen=0, size=array([1920, 1080]), stencilBits=0, stereo=False, title='PsychoPy', units='height', useFBO=True, useRetina=False, viewOri=0.0, viewPos=None, viewScale=None, waitBlanking=True, winType='pyglet')
14.0582 	EXP 	window1: mouseVisible = True
14.0582 	EXP 	window1: backgroundImage = ''
14.0582 	EXP 	window1: backgroundFit = 'none'
14.0590 	EXP 	window1: Attempting to measure frame rate of screen (0) ...
14.0590 	EXP 	window1: recordFrameIntervals = False
14.2246 	EXP 	window1: recordFrameIntervals = True
14.4079 	EXP 	Screen (0) actual frame rate measured at 60.05Hz
14.4079 	EXP 	window1: recordFrameIntervals = False
14.4079 	EXP 	window1: mouseVisible = False
14.4970 	EXP 	2024_RDpaindiscrimination_QUEST: status = STARTED
15.0384 	EXP 	window1: mouseVisible = True
15.0413 	EXP 	Created polygon = Circle(__class__=<class 'psychopy.visual.circle.Circle'>, anchor=('center', 'center'), autoDraw=False, autoLog=True, closeShape=True, color=method-wrapper(...), colorSpace='rgb', contrast=None, depth=-1.0, draggable=False, fillColor=array([1, 1, 1]), fillColorSpace='rgb', fillRGB=array([1, 1, 1]), interpolate=True, lineColor=array([1., 1., 1.]), lineColorSpace='rgb', lineRGB=array([1, 1, 1]), lineWidth=1.0, name='polygon', opacity=1.0, ori=0.0, pos=array([0., 0.]), size=array([0.5, 0.5]), units='height', vertices=ndarray(...), win=Window(...))
15.0425 	EXP 	window1: mouseVisible = True
15.0448 	EXP 	Created polygon_1_black = Circle(__class__=<class 'psychopy.visual.circle.Circle'>, anchor=('center', 'center'), autoDraw=False, autoLog=True, closeShape=True, color=method-wrapper(...), colorSpace='rgb', contrast=None, depth=-1.0, draggable=False, fillColor=array([-0.5, -0.5, -0.5]), fillColorSpace='rgb', fillRGB=array([-0.5, -0.5, -0.5]), interpolate=True, lineColor=array([-0.5, -0.5, -0.5]), lineColorSpace='rgb', lineRGB=array([-0.5, -0.5, -0.5]), lineWidth=1.0, name='polygon_1_black', opacity=1.0, ori=0.0, pos=array([0., 0.]), size=array([0.4, 0.4]), units='height', vertices=ndarray(...), win=Window(...))
15.0449 	EXP 	window1: mouseVisible = True
15.0894 	EXP 	Created text_bonjour = TextStim(__class__=<class 'psychopy.visual.text.TextStim'>, alignHoriz=method-wrapper(...), alignText='center', alignVert=method-wrapper(...), anchorHoriz='center', anchorVert='center', antialias=True, autoDraw=False, autoLog=True, bold=False, color=array([1., 1., 1.]), colorSpace='rgb', contrast=1.0, depth=-1.0, draggable=False, flipHoriz=False, flipVert=False, font='Open Sans', fontFiles=[], height=0.05, italic=False, languageStyle='LTR', name='text_bonjour', opacity=1.0, ori=0.0, pos=array([0., 0.]), rgb=UNKNOWN, text=str(...), units='height', win=Window(...), wrapWidth=1)
15.0895 	EXP 	window1: mouseVisible = True
15.0902 	EXP 	Created text_pic = TextStim(__class__=<class 'psychopy.visual.text.TextStim'>, alignHoriz=method-wrapper(...), alignText='center', alignVert=method-wrapper(...), anchorHoriz='center', anchorVert='center', antialias=True, autoDraw=False, autoLog=True, bold=False, color=array([1., 1., 1.]), colorSpace='rgb', contrast=1.0, depth=-1.0, draggable=False, flipHoriz=False, flipVert=False, font='Open Sans', fontFiles=[], height=0.02, italic=False, languageStyle='LTR', name='text_pic', opacity=1.0, ori=0.0, pos=array([-0.7 , -0.45]), rgb=UNKNOWN, text='', units='height', win=Window(...), wrapWidth=1)
15.0903 	EXP 	window1: mouseVisible = True
15.0935 	EXP 	Created croix_3 = TextStim(__class__=<class 'psychopy.visual.text.TextStim'>, alignHoriz=method-wrapper(...), alignText='center', alignVert=method-wrapper(...), anchorHoriz='center', anchorVert='center', antialias=True, autoDraw=False, autoLog=True, bold=False, color=array([1., 1., 1.]), colorSpace='rgb', contrast=1.0, depth=-2.0, draggable=False, flipHoriz=False, flipVert=False, font='Open Sans', fontFiles=[], height=0.2, italic=False, languageStyle='LTR', name='croix_3', opacity=1.0, ori=0.0, pos=array([0., 0.]), rgb=UNKNOWN, text='+', units='height', win=Window(...), wrapWidth=1)
15.0936 	EXP 	window1: mouseVisible = True
15.0941 	EXP 	Created thermode_locali_pic = TextStim(__class__=<class 'psychopy.visual.text.TextStim'>, alignHoriz=method-wrapper(...), alignText='center', alignVert=method-wrapper(...), anchorHoriz='center', anchorVert='center', antialias=True, autoDraw=False, autoLog=True, bold=False, color=array([1., 1., 1.]), colorSpace='rgb', contrast=1.0, depth=-1.0, draggable=False, flipHoriz=False, flipVert=False, font='Open Sans', fontFiles=[], height=0.02, italic=False, languageStyle='LTR', name='thermode_locali_pic', opacity=1.0, ori=0.0, pos=array([-0.7 , -0.45]), rgb=UNKNOWN, text='', units='height', win=Window(...), wrapWidth=1)
15.0941 	EXP 	window1: mouseVisible = True
15.0949 	EXP 	Created responsel = TextStim(__class__=<class 'psychopy.visual.text.TextStim'>, alignHoriz=method-wrapper(...), alignText='center', alignVert=method-wrapper(...), anchorHoriz='center', anchorVert='center', antialias=True, autoDraw=False, autoLog=True, bold=False, color=array([1., 1., 1.]), colorSpace='rgb', contrast=1.0, depth=-3.0, draggable=False, flipHoriz=False, flipVert=False, font='Open Sans', fontFiles=[], height=0.08, italic=False, languageStyle='LTR', name='responsel', opacity=1.0, ori=0.0, pos=array([0., 0.]), rgb=UNKNOWN, text='', units='height', win=Window(...), wrapWidth=1)
15.0950 	EXP 	window1: mouseVisible = True
15.0998 	EXP 	Created percu_or = TextStim(__class__=<class 'psychopy.visual.text.TextStim'>, alignHoriz=method-wrapper(...), alignText='center', alignVert=method-wrapper(...), anchorHoriz='center', anchorVert='center', antialias=True, autoDraw=False, autoLog=True, bold=False, color=array([1., 1., 1.]), colorSpace='rgb', contrast=1.0, depth=-4.0, draggable=False, flipHoriz=False, flipVert=False, font='Open Sans', fontFiles=[], height=0.05, italic=False, languageStyle='LTR', name='percu_or', opacity=1.0, ori=0.0, pos=array([0. , 0.3]), rgb=UNKNOWN, text='Avez-vous perçu un changement?', units='height', win=Window(...), wrapWidth=1)
15.0998 	EXP 	window1: mouseVisible = True
15.1023 	EXP 	Created responser = TextStim(__class__=<class 'psychopy.visual.text.TextStim'>, alignHoriz=method-wrapper(...), alignText='center', alignVert=method-wrapper(...), anchorHoriz='center', anchorVert='center', antialias=True, autoDraw=False, autoLog=True, bold=False, color=array([1., 1., 1.]), colorSpace='rgb', contrast=1.0, depth=-5.0, draggable=False, flipHoriz=False, flipVert=False, font='Open Sans', fontFiles=[], height=0.08, italic=False, languageStyle='LTR', name='responser', opacity=1.0, ori=0.0, pos=array([0., 0.]), rgb=UNKNOWN, text='              NON', units='height', win=Window(...), wrapWidth=1)
15.1024 	EXP 	window1: mouseVisible = True
15.1048 	EXP 	Created text = TextStim(__class__=<class 'psychopy.visual.text.TextStim'>, alignHoriz=method-wrapper(...), alignText='center', alignVert=method-wrapper(...), anchorHoriz='center', anchorVert='center', antialias=True, autoDraw=False, autoLog=True, bold=False, color=array([1., 1., 1.]), colorSpace='rgb', contrast=1.0, depth=0.0, draggable=False, flipHoriz=False, flipVert=False, font='Open Sans', fontFiles=[], height=0.05, italic=False, languageStyle='LTR', name='text', opacity=1.0, ori=0.0, pos=array([0., 0.]), rgb=UNKNOWN, text='Calibration terminée.', units='height', win=Window(...), wrapWidth=1)
0.0209 	EXP 	window1: mouseVisible = False
0.0365 	EXP 	text_bonjour: autoDraw = True
189.3220 	EXP 	Created sequence: sequential, trialTypes=1, nReps=40, seed=None
189.3222 	EXP 	New trial (rep=0, index=0): None
189.3257 	DATA 	Keypress: p
189.3383 	EXP 	text_bonjour: autoDraw = False
189.3383 	EXP 	text_pic: autoDraw = True
189.3383 	EXP 	croix_3: autoDraw = True
194.3385 	EXP 	text_pic: autoDraw = False
194.3385 	EXP 	croix_3: autoDraw = False
194.3385 	EXP 	text_pic: autoDraw = False
194.3385 	EXP 	croix_3: autoDraw = False
194.3385 	EXP 	thermode_locali_pic: height = 0.02
194.3385 	EXP 	thermode_locali_pic: height = 0.02
194.3385 	EXP 	thermode_locali_pic: height = 0.02
194.3385 	EXP 	thermode_locali_pic: text = 'T : 0'
194.3385 	EXP 	responsel: height = 0.08
194.3385 	EXP 	responsel: height = 0.08
194.3385 	EXP 	responsel: height = 0.08
194.3385 	EXP 	responsel: text = 'OUI              '
194.3385 	EXP 	thermode_locali_pic: autoDraw = True
202.3219 	EXP 	responsel: autoDraw = True
202.3219 	EXP 	percu_or: autoDraw = True
202.3219 	EXP 	responser: autoDraw = True
202.9563 	DATA 	Keypress: m
202.9886 	EXP 	responsel: foreColor = (0, 0, 0)
203.0053 	EXP 	responsel: foreColor = (0, 0, 0)
203.0219 	EXP 	responsel: foreColor = (0, 0, 0)
203.0386 	EXP 	responsel: foreColor = (0, 0, 0)
203.0552 	EXP 	responsel: foreColor = (0, 0, 0)
203.0719 	EXP 	responsel: foreColor = (0, 0, 0)
203.0886 	EXP 	responsel: foreColor = (0, 0, 0)
203.1052 	EXP 	responsel: foreColor = (0, 0, 0)
203.1219 	EXP 	responsel: foreColor = (0, 0, 0)
203.1386 	EXP 	responsel: foreColor = (0, 0, 0)
203.1553 	EXP 	responsel: foreColor = (0, 0, 0)
203.1720 	EXP 	responsel: foreColor = (0, 0, 0)
203.1886 	EXP 	responsel: foreColor = (0, 0, 0)
203.2053 	EXP 	responsel: foreColor = (0, 0, 0)
203.2220 	EXP 	responsel: foreColor = (0, 0, 0)
203.2386 	EXP 	responsel: foreColor = (0, 0, 0)
203.2552 	EXP 	responsel: foreColor = (0, 0, 0)
203.2719 	EXP 	responsel: foreColor = (0, 0, 0)
203.2886 	EXP 	responsel: foreColor = (0, 0, 0)
203.3053 	EXP 	responsel: foreColor = (0, 0, 0)
203.3219 	EXP 	responsel: foreColor = (0, 0, 0)
203.3386 	EXP 	responsel: foreColor = (0, 0, 0)
203.3553 	EXP 	responsel: foreColor = (0, 0, 0)
203.3719 	EXP 	responsel: foreColor = (0, 0, 0)
203.3886 	EXP 	responsel: foreColor = (0, 0, 0)
203.4053 	EXP 	responsel: foreColor = (0, 0, 0)
203.4219 	EXP 	responsel: foreColor = (0, 0, 0)
203.4385 	EXP 	responsel: foreColor = (0, 0, 0)
203.4552 	EXP 	responsel: foreColor = (0, 0, 0)
203.4719 	EXP 	responsel: foreColor = (0, 0, 0)
203.4886 	EXP 	responsel: foreColor = (0, 0, 0)
203.5053 	EXP 	responsel: foreColor = (0, 0, 0)
203.5219 	EXP 	responsel: foreColor = (0, 0, 0)
203.5385 	EXP 	responsel: foreColor = (0, 0, 0)
203.5552 	EXP 	responsel: foreColor = (0, 0, 0)
203.5719 	EXP 	responsel: foreColor = (0, 0, 0)
203.5885 	EXP 	responsel: foreColor = (0, 0, 0)
203.6052 	EXP 	responsel: foreColor = (0, 0, 0)
203.6219 	EXP 	responsel: foreColor = (0, 0, 0)
203.6385 	EXP 	responsel: foreColor = (0, 0, 0)
203.6552 	EXP 	responsel: foreColor = (0, 0, 0)
203.6719 	EXP 	responsel: foreColor = (0, 0, 0)
203.6886 	EXP 	responsel: foreColor = (0, 0, 0)
203.7052 	EXP 	responsel: foreColor = (0, 0, 0)
203.7219 	EXP 	responsel: foreColor = (0, 0, 0)
203.7386 	EXP 	responsel: foreColor = (0, 0, 0)
203.7552 	EXP 	responsel: foreColor = (0, 0, 0)
203.7719 	EXP 	responsel: foreColor = (0, 0, 0)
203.7886 	EXP 	responsel: foreColor = (0, 0, 0)
203.8052 	EXP 	responsel: foreColor = (0, 0, 0)
203.8219 	EXP 	responsel: foreColor = (0, 0, 0)
203.8386 	EXP 	responsel: foreColor = (0, 0, 0)
203.8552 	EXP 	responsel: foreColor = (0, 0, 0)
203.8719 	EXP 	responsel: foreColor = (0, 0, 0)
203.8886 	EXP 	responsel: foreColor = (0, 0, 0)
203.9052 	EXP 	responsel: foreColor = (0, 0, 0)
203.9219 	EXP 	responsel: foreColor = (0, 0, 0)
203.9386 	EXP 	responsel: foreColor = (0, 0, 0)
203.9552 	EXP 	responsel: foreColor = (0, 0, 0)
203.9719 	EXP 	responsel: foreColor = (0, 0, 0)
203.9886 	EXP 	responsel: foreColor = (0, 0, 0)
204.0052 	EXP 	responsel: foreColor = (0, 0, 0)
204.0219 	EXP 	responsel: foreColor = (0, 0, 0)
204.0385 	EXP 	responsel: foreColor = (0, 0, 0)
204.0552 	EXP 	responsel: foreColor = (0, 0, 0)
204.0719 	EXP 	responsel: foreColor = (0, 0, 0)
204.0886 	EXP 	responsel: foreColor = (0, 0, 0)
204.1052 	EXP 	responsel: foreColor = (0, 0, 0)
204.1219 	EXP 	responsel: foreColor = (0, 0, 0)
204.1386 	EXP 	responsel: foreColor = (0, 0, 0)
204.1552 	EXP 	responsel: foreColor = (0, 0, 0)
204.1719 	EXP 	responsel: foreColor = (0, 0, 0)
204.1886 	EXP 	responsel: foreColor = (0, 0, 0)
204.2052 	EXP 	responsel: foreColor = (0, 0, 0)
204.2219 	EXP 	responsel: foreColor = (0, 0, 0)
204.2386 	EXP 	responsel: foreColor = (0, 0, 0)
204.2552 	EXP 	responsel: foreColor = (0, 0, 0)
204.2719 	EXP 	responsel: foreColor = (0, 0, 0)
204.2886 	EXP 	responsel: foreColor = (0, 0, 0)
204.3052 	EXP 	responsel: foreColor = (0, 0, 0)
204.3219 	EXP 	responsel: foreColor = (0, 0, 0)
204.3386 	EXP 	responsel: foreColor = (0, 0, 0)
204.3552 	EXP 	responsel: foreColor = (0, 0, 0)
204.3719 	EXP 	responsel: foreColor = (0, 0, 0)
204.3885 	EXP 	responsel: foreColor = (0, 0, 0)
204.4052 	EXP 	responsel: foreColor = (0, 0, 0)
204.4219 	EXP 	responsel: foreColor = (0, 0, 0)
204.4386 	EXP 	responsel: foreColor = (0, 0, 0)
204.4552 	EXP 	responsel: foreColor = (0, 0, 0)
204.4719 	EXP 	responsel: foreColor = (0, 0, 0)
204.4886 	EXP 	responsel: foreColor = (0, 0, 0)
204.5053 	EXP 	responsel: foreColor = (0, 0, 0)
204.5219 	EXP 	responsel: foreColor = (0, 0, 0)
204.5386 	EXP 	responsel: foreColor = (0, 0, 0)
204.5386 	EXP 	thermode_locali_pic: autoDraw = False
204.5552 	EXP 	responsel: foreColor = (0, 0, 0)
204.5719 	EXP 	responsel: foreColor = (0, 0, 0)
204.5886 	EXP 	responsel: foreColor = (0, 0, 0)
204.6052 	EXP 	responsel: foreColor = (0, 0, 0)
204.6219 	EXP 	responsel: foreColor = (0, 0, 0)
204.6387 	EXP 	responsel: foreColor = (0, 0, 0)
204.6553 	EXP 	responsel: foreColor = (0, 0, 0)
204.6719 	EXP 	responsel: foreColor = (0, 0, 0)
204.6886 	EXP 	responsel: foreColor = (0, 0, 0)
204.7052 	EXP 	responsel: foreColor = (0, 0, 0)
204.7219 	EXP 	responsel: foreColor = (0, 0, 0)
204.7386 	EXP 	responsel: foreColor = (0, 0, 0)
204.7552 	EXP 	responsel: foreColor = (0, 0, 0)
204.7719 	EXP 	responsel: foreColor = (0, 0, 0)
204.7886 	EXP 	responsel: foreColor = (0, 0, 0)
204.8053 	EXP 	responsel: foreColor = (0, 0, 0)
204.8219 	EXP 	responsel: foreColor = (0, 0, 0)
204.8386 	EXP 	responsel: foreColor = (0, 0, 0)
204.8552 	EXP 	responsel: foreColor = (0, 0, 0)
204.8719 	EXP 	responsel: foreColor = (0, 0, 0)
204.8886 	EXP 	responsel: foreColor = (0, 0, 0)
204.9052 	EXP 	responsel: foreColor = (0, 0, 0)
204.9219 	EXP 	responsel: foreColor = (0, 0, 0)
204.9386 	EXP 	responsel: foreColor = (0, 0, 0)
204.9552 	EXP 	responsel: foreColor = (0, 0, 0)
204.9719 	EXP 	responsel: foreColor = (0, 0, 0)
204.9886 	EXP 	responsel: foreColor = (0, 0, 0)
205.0052 	EXP 	responsel: foreColor = (0, 0, 0)
205.0218 	EXP 	responsel: foreColor = (0, 0, 0)
205.0386 	EXP 	responsel: foreColor = (0, 0, 0)
205.0552 	EXP 	responsel: foreColor = (0, 0, 0)
205.0719 	EXP 	responsel: foreColor = (0, 0, 0)
205.0886 	EXP 	responsel: foreColor = (0, 0, 0)
205.1053 	EXP 	responsel: foreColor = (0, 0, 0)
205.1219 	EXP 	responsel: foreColor = (0, 0, 0)
205.1386 	EXP 	responsel: foreColor = (0, 0, 0)
205.1552 	EXP 	responsel: foreColor = (0, 0, 0)
205.1719 	EXP 	responsel: foreColor = (0, 0, 0)
205.1886 	EXP 	responsel: foreColor = (0, 0, 0)
205.2052 	EXP 	responsel: foreColor = (0, 0, 0)
205.2219 	EXP 	responsel: foreColor = (0, 0, 0)
205.2386 	EXP 	responsel: foreColor = (0, 0, 0)
205.2552 	EXP 	responsel: foreColor = (0, 0, 0)
205.2719 	EXP 	responsel: foreColor = (0, 0, 0)
205.2886 	EXP 	responsel: foreColor = (0, 0, 0)
205.3052 	EXP 	responsel: foreColor = (0, 0, 0)
205.3064 	EXP 	New trial (rep=1, index=0): None
205.3219 	EXP 	responsel: foreColor = (0, 0, 0)
205.3219 	EXP 	responsel: autoDraw = False
205.3219 	EXP 	percu_or: autoDraw = False
205.3219 	EXP 	responser: autoDraw = False
205.3219 	EXP 	thermode_locali_pic: autoDraw = False
205.3219 	EXP 	responsel: autoDraw = False
205.3219 	EXP 	percu_or: autoDraw = False
205.3219 	EXP 	responser: autoDraw = False
205.3219 	EXP 	responsel: foreColor = 'white'
205.3219 	EXP 	responser: foreColor = 'white'
205.3219 	EXP 	text_pic: autoDraw = True
205.3219 	EXP 	croix_3: autoDraw = True
210.3219 	EXP 	text_pic: autoDraw = False
210.3219 	EXP 	croix_3: autoDraw = False
210.3219 	EXP 	text_pic: autoDraw = False
210.3219 	EXP 	croix_3: autoDraw = False
210.3219 	EXP 	thermode_locali_pic: height = 0.02
210.3219 	EXP 	thermode_locali_pic: height = 0.02
210.3219 	EXP 	thermode_locali_pic: height = 0.02
210.3219 	EXP 	thermode_locali_pic: text = 'T : 1'
210.3219 	EXP 	responsel: text = 'OUI              '
210.3219 	EXP 	thermode_locali_pic: autoDraw = True
218.3054 	EXP 	responsel: autoDraw = True
218.3054 	EXP 	percu_or: autoDraw = True
218.3054 	EXP 	responser: autoDraw = True
219.0898 	DATA 	Keypress: n
219.1220 	EXP 	responser: foreColor = (0, 0, 0)
219.1387 	EXP 	responser: foreColor = (0, 0, 0)
219.1553 	EXP 	responser: foreColor = (0, 0, 0)
219.1720 	EXP 	responser: foreColor = (0, 0, 0)
219.1887 	EXP 	responser: foreColor = (0, 0, 0)
219.2054 	EXP 	responser: foreColor = (0, 0, 0)
219.2220 	EXP 	responser: foreColor = (0, 0, 0)
219.2387 	EXP 	responser: foreColor = (0, 0, 0)
219.2554 	EXP 	responser: foreColor = (0, 0, 0)
219.2720 	EXP 	responser: foreColor = (0, 0, 0)
219.2887 	EXP 	responser: foreColor = (0, 0, 0)
219.3054 	EXP 	responser: foreColor = (0, 0, 0)
219.3220 	EXP 	responser: foreColor = (0, 0, 0)
219.3387 	EXP 	responser: foreColor = (0, 0, 0)
219.3554 	EXP 	responser: foreColor = (0, 0, 0)
219.3720 	EXP 	responser: foreColor = (0, 0, 0)
219.3887 	EXP 	responser: foreColor = (0, 0, 0)
219.4054 	EXP 	responser: foreColor = (0, 0, 0)
219.4220 	EXP 	responser: foreColor = (0, 0, 0)
219.4387 	EXP 	responser: foreColor = (0, 0, 0)
219.4554 	EXP 	responser: foreColor = (0, 0, 0)
219.4720 	EXP 	responser: foreColor = (0, 0, 0)
219.4887 	EXP 	responser: foreColor = (0, 0, 0)
219.5054 	EXP 	responser: foreColor = (0, 0, 0)
219.5220 	EXP 	responser: foreColor = (0, 0, 0)
219.5387 	EXP 	responser: foreColor = (0, 0, 0)
219.5554 	EXP 	responser: foreColor = (0, 0, 0)
219.5720 	EXP 	responser: foreColor = (0, 0, 0)
219.5887 	EXP 	responser: foreColor = (0, 0, 0)
219.6054 	EXP 	responser: foreColor = (0, 0, 0)
219.6220 	EXP 	responser: foreColor = (0, 0, 0)
219.6387 	EXP 	responser: foreColor = (0, 0, 0)
219.6554 	EXP 	responser: foreColor = (0, 0, 0)
219.6721 	EXP 	responser: foreColor = (0, 0, 0)
219.6887 	EXP 	responser: foreColor = (0, 0, 0)
219.7054 	EXP 	responser: foreColor = (0, 0, 0)
219.7221 	EXP 	responser: foreColor = (0, 0, 0)
219.7387 	EXP 	responser: foreColor = (0, 0, 0)
219.7554 	EXP 	responser: foreColor = (0, 0, 0)
219.7720 	EXP 	responser: foreColor = (0, 0, 0)
219.7886 	EXP 	responser: foreColor = (0, 0, 0)
219.8054 	EXP 	responser: foreColor = (0, 0, 0)
219.8220 	EXP 	responser: foreColor = (0, 0, 0)
219.8387 	EXP 	responser: foreColor = (0, 0, 0)
219.8554 	EXP 	responser: foreColor = (0, 0, 0)
219.8720 	EXP 	responser: foreColor = (0, 0, 0)
219.8887 	EXP 	responser: foreColor = (0, 0, 0)
219.9054 	EXP 	responser: foreColor = (0, 0, 0)
219.9221 	EXP 	responser: foreColor = (0, 0, 0)
219.9387 	EXP 	responser: foreColor = (0, 0, 0)
219.9554 	EXP 	responser: foreColor = (0, 0, 0)
219.9721 	EXP 	responser: foreColor = (0, 0, 0)
219.9887 	EXP 	responser: foreColor = (0, 0, 0)
220.0054 	EXP 	responser: foreColor = (0, 0, 0)
220.0221 	EXP 	responser: foreColor = (0, 0, 0)
220.0387 	EXP 	responser: foreColor = (0, 0, 0)
220.0554 	EXP 	responser: foreColor = (0, 0, 0)
220.0720 	EXP 	responser: foreColor = (0, 0, 0)
220.0887 	EXP 	responser: foreColor = (0, 0, 0)
220.1054 	EXP 	responser: foreColor = (0, 0, 0)
220.1220 	EXP 	responser: foreColor = (0, 0, 0)
220.1387 	EXP 	responser: foreColor = (0, 0, 0)
220.1553 	EXP 	responser: foreColor = (0, 0, 0)
220.1720 	EXP 	responser: foreColor = (0, 0, 0)
220.1887 	EXP 	responser: foreColor = (0, 0, 0)
220.2054 	EXP 	responser: foreColor = (0, 0, 0)
220.2221 	EXP 	responser: foreColor = (0, 0, 0)
220.2387 	EXP 	responser: foreColor = (0, 0, 0)
220.2554 	EXP 	responser: foreColor = (0, 0, 0)
220.2720 	EXP 	responser: foreColor = (0, 0, 0)
220.2887 	EXP 	responser: foreColor = (0, 0, 0)
220.3054 	EXP 	responser: foreColor = (0, 0, 0)
220.3221 	EXP 	responser: foreColor = (0, 0, 0)
220.3387 	EXP 	responser: foreColor = (0, 0, 0)
220.3554 	EXP 	responser: foreColor = (0, 0, 0)
220.3720 	EXP 	responser: foreColor = (0, 0, 0)
220.3887 	EXP 	responser: foreColor = (0, 0, 0)
220.4054 	EXP 	responser: foreColor = (0, 0, 0)
220.4221 	EXP 	responser: foreColor = (0, 0, 0)
220.4387 	EXP 	responser: foreColor = (0, 0, 0)
220.4554 	EXP 	responser: foreColor = (0, 0, 0)
220.4721 	EXP 	responser: foreColor = (0, 0, 0)
220.4887 	EXP 	responser: foreColor = (0, 0, 0)
220.5054 	EXP 	responser: foreColor = (0, 0, 0)
220.5221 	EXP 	responser: foreColor = (0, 0, 0)
220.5221 	EXP 	thermode_locali_pic: autoDraw = False
220.5387 	EXP 	responser: foreColor = (0, 0, 0)
220.5554 	EXP 	responser: foreColor = (0, 0, 0)
220.5721 	EXP 	responser: foreColor = (0, 0, 0)
220.5887 	EXP 	responser: foreColor = (0, 0, 0)
220.6054 	EXP 	responser: foreColor = (0, 0, 0)
220.6221 	EXP 	responser: foreColor = (0, 0, 0)
220.6387 	EXP 	responser: foreColor = (0, 0, 0)
220.6554 	EXP 	responser: foreColor = (0, 0, 0)
220.6721 	EXP 	responser: foreColor = (0, 0, 0)
220.6888 	EXP 	responser: foreColor = (0, 0, 0)
220.7054 	EXP 	responser: foreColor = (0, 0, 0)
220.7221 	EXP 	responser: foreColor = (0, 0, 0)
220.7388 	EXP 	responser: foreColor = (0, 0, 0)
220.7554 	EXP 	responser: foreColor = (0, 0, 0)
220.7721 	EXP 	responser: foreColor = (0, 0, 0)
220.7887 	EXP 	responser: foreColor = (0, 0, 0)
220.8054 	EXP 	responser: foreColor = (0, 0, 0)
220.8220 	EXP 	responser: foreColor = (0, 0, 0)
220.8387 	EXP 	responser: foreColor = (0, 0, 0)
220.8554 	EXP 	responser: foreColor = (0, 0, 0)
220.8721 	EXP 	responser: foreColor = (0, 0, 0)
220.8887 	EXP 	responser: foreColor = (0, 0, 0)
220.9054 	EXP 	responser: foreColor = (0, 0, 0)
220.9221 	EXP 	responser: foreColor = (0, 0, 0)
220.9388 	EXP 	responser: foreColor = (0, 0, 0)
220.9554 	EXP 	responser: foreColor = (0, 0, 0)
220.9721 	EXP 	responser: foreColor = (0, 0, 0)
220.9888 	EXP 	responser: foreColor = (0, 0, 0)
221.0054 	EXP 	responser: foreColor = (0, 0, 0)
221.0221 	EXP 	responser: foreColor = (0, 0, 0)
221.0388 	EXP 	responser: foreColor = (0, 0, 0)
221.0554 	EXP 	responser: foreColor = (0, 0, 0)
221.0721 	EXP 	responser: foreColor = (0, 0, 0)
221.0887 	EXP 	responser: foreColor = (0, 0, 0)
221.1055 	EXP 	responser: foreColor = (0, 0, 0)
221.1221 	EXP 	responser: foreColor = (0, 0, 0)
221.1387 	EXP 	responser: foreColor = (0, 0, 0)
221.1554 	EXP 	responser: foreColor = (0, 0, 0)
221.1721 	EXP 	responser: foreColor = (0, 0, 0)
221.1888 	EXP 	responser: foreColor = (0, 0, 0)
221.2054 	EXP 	responser: foreColor = (0, 0, 0)
221.2221 	EXP 	responser: foreColor = (0, 0, 0)
221.2388 	EXP 	responser: foreColor = (0, 0, 0)
221.2554 	EXP 	responser: foreColor = (0, 0, 0)
221.2721 	EXP 	responser: foreColor = (0, 0, 0)
221.2888 	EXP 	responser: foreColor = (0, 0, 0)
221.2898 	EXP 	New trial (rep=2, index=0): None
221.3054 	EXP 	responser: foreColor = (0, 0, 0)
221.3054 	EXP 	responsel: autoDraw = False
221.3054 	EXP 	percu_or: autoDraw = False
221.3054 	EXP 	responser: autoDraw = False
221.3054 	EXP 	thermode_locali_pic: autoDraw = False
221.3054 	EXP 	responsel: autoDraw = False
221.3054 	EXP 	percu_or: autoDraw = False
221.3054 	EXP 	responser: autoDraw = False
221.3054 	EXP 	responsel: foreColor = 'white'
221.3054 	EXP 	responser: foreColor = 'white'
221.3054 	EXP 	text_pic: autoDraw = True
221.3054 	EXP 	croix_3: autoDraw = True
226.3055 	EXP 	text_pic: autoDraw = False
226.3055 	EXP 	croix_3: autoDraw = False
226.3055 	EXP 	text_pic: autoDraw = False
226.3055 	EXP 	croix_3: autoDraw = False
226.3055 	EXP 	thermode_locali_pic: height = 0.02
226.3055 	EXP 	thermode_locali_pic: height = 0.02
226.3055 	EXP 	thermode_locali_pic: height = 0.02
226.3055 	EXP 	thermode_locali_pic: text = 'T : 2'
226.3055 	EXP 	responsel: text = 'OUI              '
226.3055 	EXP 	thermode_locali_pic: autoDraw = True
234.2889 	EXP 	responsel: autoDraw = True
234.2889 	EXP 	percu_or: autoDraw = True
234.2889 	EXP 	responser: autoDraw = True
235.4567 	DATA 	Keypress: n
235.4889 	EXP 	responser: foreColor = (0, 0, 0)
235.5055 	EXP 	responser: foreColor = (0, 0, 0)
235.5222 	EXP 	responser: foreColor = (0, 0, 0)
235.5389 	EXP 	responser: foreColor = (0, 0, 0)
235.5556 	EXP 	responser: foreColor = (0, 0, 0)
235.5722 	EXP 	responser: foreColor = (0, 0, 0)
235.5889 	EXP 	responser: foreColor = (0, 0, 0)
235.6056 	EXP 	responser: foreColor = (0, 0, 0)
235.6222 	EXP 	responser: foreColor = (0, 0, 0)
235.6389 	EXP 	responser: foreColor = (0, 0, 0)
235.6555 	EXP 	responser: foreColor = (0, 0, 0)
235.6722 	EXP 	responser: foreColor = (0, 0, 0)
235.6889 	EXP 	responser: foreColor = (0, 0, 0)
235.7056 	EXP 	responser: foreColor = (0, 0, 0)
235.7222 	EXP 	responser: foreColor = (0, 0, 0)
235.7389 	EXP 	responser: foreColor = (0, 0, 0)
235.7556 	EXP 	responser: foreColor = (0, 0, 0)
235.7722 	EXP 	responser: foreColor = (0, 0, 0)
235.7889 	EXP 	responser: foreColor = (0, 0, 0)
235.8056 	EXP 	responser: foreColor = (0, 0, 0)
235.8222 	EXP 	responser: foreColor = (0, 0, 0)
235.8389 	EXP 	responser: foreColor = (0, 0, 0)
235.8556 	EXP 	responser: foreColor = (0, 0, 0)
235.8723 	EXP 	responser: foreColor = (0, 0, 0)
235.8889 	EXP 	responser: foreColor = (0, 0, 0)
235.9056 	EXP 	responser: foreColor = (0, 0, 0)
235.9223 	EXP 	responser: foreColor = (0, 0, 0)
235.9389 	EXP 	responser: foreColor = (0, 0, 0)
235.9556 	EXP 	responser: foreColor = (0, 0, 0)
235.9723 	EXP 	responser: foreColor = (0, 0, 0)
235.9889 	EXP 	responser: foreColor = (0, 0, 0)
236.0056 	EXP 	responser: foreColor = (0, 0, 0)
236.0223 	EXP 	responser: foreColor = (0, 0, 0)
236.0389 	EXP 	responser: foreColor = (0, 0, 0)
236.0556 	EXP 	responser: foreColor = (0, 0, 0)
236.0723 	EXP 	responser: foreColor = (0, 0, 0)
236.0890 	EXP 	responser: foreColor = (0, 0, 0)
236.1056 	EXP 	responser: foreColor = (0, 0, 0)
236.1223 	EXP 	responser: foreColor = (0, 0, 0)
236.1390 	EXP 	responser: foreColor = (0, 0, 0)
236.1556 	EXP 	responser: foreColor = (0, 0, 0)
236.1723 	EXP 	responser: foreColor = (0, 0, 0)
236.1889 	EXP 	responser: foreColor = (0, 0, 0)
236.2055 	EXP 	responser: foreColor = (0, 0, 0)
236.2224 	EXP 	responser: foreColor = (0, 0, 0)
236.2390 	EXP 	responser: foreColor = (0, 0, 0)
236.2557 	EXP 	responser: foreColor = (0, 0, 0)
236.2723 	EXP 	responser: foreColor = (0, 0, 0)
236.2890 	EXP 	responser: foreColor = (0, 0, 0)
236.3057 	EXP 	responser: foreColor = (0, 0, 0)
236.3224 	EXP 	responser: foreColor = (0, 0, 0)
236.3389 	EXP 	responser: foreColor = (0, 0, 0)
236.3556 	EXP 	responser: foreColor = (0, 0, 0)
236.3722 	EXP 	responser: foreColor = (0, 0, 0)
236.3890 	EXP 	responser: foreColor = (0, 0, 0)
236.4056 	EXP 	responser: foreColor = (0, 0, 0)
236.4223 	EXP 	responser: foreColor = (0, 0, 0)
236.4390 	EXP 	responser: foreColor = (0, 0, 0)
236.4556 	EXP 	responser: foreColor = (0, 0, 0)
236.4723 	EXP 	responser: foreColor = (0, 0, 0)
236.4889 	EXP 	responser: foreColor = (0, 0, 0)
236.5057 	EXP 	responser: foreColor = (0, 0, 0)
236.5057 	EXP 	thermode_locali_pic: autoDraw = False
236.5223 	EXP 	responser: foreColor = (0, 0, 0)
236.5389 	EXP 	responser: foreColor = (0, 0, 0)
236.5556 	EXP 	responser: foreColor = (0, 0, 0)
236.5723 	EXP 	responser: foreColor = (0, 0, 0)
236.5889 	EXP 	responser: foreColor = (0, 0, 0)
236.6056 	EXP 	responser: foreColor = (0, 0, 0)
236.6223 	EXP 	responser: foreColor = (0, 0, 0)
236.6389 	EXP 	responser: foreColor = (0, 0, 0)
236.6556 	EXP 	responser: foreColor = (0, 0, 0)
236.6723 	EXP 	responser: foreColor = (0, 0, 0)
236.6890 	EXP 	responser: foreColor = (0, 0, 0)
236.7056 	EXP 	responser: foreColor = (0, 0, 0)
236.7223 	EXP 	responser: foreColor = (0, 0, 0)
236.7389 	EXP 	responser: foreColor = (0, 0, 0)
236.7556 	EXP 	responser: foreColor = (0, 0, 0)
236.7723 	EXP 	responser: foreColor = (0, 0, 0)
236.7889 	EXP 	responser: foreColor = (0, 0, 0)
236.8057 	EXP 	responser: foreColor = (0, 0, 0)
236.8223 	EXP 	responser: foreColor = (0, 0, 0)
236.8389 	EXP 	responser: foreColor = (0, 0, 0)
236.8556 	EXP 	responser: foreColor = (0, 0, 0)
236.8723 	EXP 	responser: foreColor = (0, 0, 0)
236.8889 	EXP 	responser: foreColor = (0, 0, 0)
236.9056 	EXP 	responser: foreColor = (0, 0, 0)
236.9223 	EXP 	responser: foreColor = (0, 0, 0)
236.9389 	EXP 	responser: foreColor = (0, 0, 0)
236.9556 	EXP 	responser: foreColor = (0, 0, 0)
236.9723 	EXP 	responser: foreColor = (0, 0, 0)
236.9890 	EXP 	responser: foreColor = (0, 0, 0)
237.0055 	EXP 	responser: foreColor = (0, 0, 0)
237.0223 	EXP 	responser: foreColor = (0, 0, 0)
237.0389 	EXP 	responser: foreColor = (0, 0, 0)
237.0556 	EXP 	responser: foreColor = (0, 0, 0)
237.0723 	EXP 	responser: foreColor = (0, 0, 0)
237.0889 	EXP 	responser: foreColor = (0, 0, 0)
237.1057 	EXP 	responser: foreColor = (0, 0, 0)
237.1223 	EXP 	responser: foreColor = (0, 0, 0)
237.1389 	EXP 	responser: foreColor = (0, 0, 0)
237.1556 	EXP 	responser: foreColor = (0, 0, 0)
237.1723 	EXP 	responser: foreColor = (0, 0, 0)
237.1889 	EXP 	responser: foreColor = (0, 0, 0)
237.2056 	EXP 	responser: foreColor = (0, 0, 0)
237.2223 	EXP 	responser: foreColor = (0, 0, 0)
237.2389 	EXP 	responser: foreColor = (0, 0, 0)
237.2556 	EXP 	responser: foreColor = (0, 0, 0)
237.2723 	EXP 	responser: foreColor = (0, 0, 0)
237.2733 	EXP 	New trial (rep=3, index=0): None
237.2889 	EXP 	responser: foreColor = (0, 0, 0)
237.2889 	EXP 	responsel: autoDraw = False
237.2889 	EXP 	percu_or: autoDraw = False
237.2889 	EXP 	responser: autoDraw = False
237.2889 	EXP 	thermode_locali_pic: autoDraw = False
237.2889 	EXP 	responsel: autoDraw = False
237.2889 	EXP 	percu_or: autoDraw = False
237.2889 	EXP 	responser: autoDraw = False
237.2889 	EXP 	responsel: foreColor = 'white'
237.2889 	EXP 	responser: foreColor = 'white'
237.2889 	EXP 	text_pic: autoDraw = True
237.2889 	EXP 	croix_3: autoDraw = True
242.2891 	EXP 	text_pic: autoDraw = False
242.2891 	EXP 	croix_3: autoDraw = False
242.2891 	EXP 	text_pic: autoDraw = False
242.2891 	EXP 	croix_3: autoDraw = False
242.2891 	EXP 	thermode_locali_pic: height = 0.02
242.2891 	EXP 	thermode_locali_pic: height = 0.02
242.2891 	EXP 	thermode_locali_pic: height = 0.02
242.2891 	EXP 	thermode_locali_pic: text = 'T : 3'
242.2891 	EXP 	responsel: text = 'OUI              '
242.2891 	EXP 	thermode_locali_pic: autoDraw = True
250.2724 	EXP 	responsel: autoDraw = True
250.2724 	EXP 	percu_or: autoDraw = True
250.2724 	EXP 	responser: autoDraw = True
251.2401 	DATA 	Keypress: n
251.2891 	EXP 	responser: foreColor = (0, 0, 0)
251.3057 	EXP 	responser: foreColor = (0, 0, 0)
251.3224 	EXP 	responser: foreColor = (0, 0, 0)
251.3391 	EXP 	responser: foreColor = (0, 0, 0)
251.3557 	EXP 	responser: foreColor = (0, 0, 0)
251.3724 	EXP 	responser: foreColor = (0, 0, 0)
251.3891 	EXP 	responser: foreColor = (0, 0, 0)
251.4058 	EXP 	responser: foreColor = (0, 0, 0)
251.4224 	EXP 	responser: foreColor = (0, 0, 0)
251.4391 	EXP 	responser: foreColor = (0, 0, 0)
251.4558 	EXP 	responser: foreColor = (0, 0, 0)
251.4724 	EXP 	responser: foreColor = (0, 0, 0)
251.4891 	EXP 	responser: foreColor = (0, 0, 0)
251.5058 	EXP 	responser: foreColor = (0, 0, 0)
251.5225 	EXP 	responser: foreColor = (0, 0, 0)
251.5391 	EXP 	responser: foreColor = (0, 0, 0)
251.5558 	EXP 	responser: foreColor = (0, 0, 0)
251.5724 	EXP 	responser: foreColor = (0, 0, 0)
251.5892 	EXP 	responser: foreColor = (0, 0, 0)
251.6057 	EXP 	responser: foreColor = (0, 0, 0)
251.6223 	EXP 	responser: foreColor = (0, 0, 0)
251.6391 	EXP 	responser: foreColor = (0, 0, 0)
251.6557 	EXP 	responser: foreColor = (0, 0, 0)
251.6723 	EXP 	responser: foreColor = (0, 0, 0)
251.6891 	EXP 	responser: foreColor = (0, 0, 0)
251.7057 	EXP 	responser: foreColor = (0, 0, 0)
251.7225 	EXP 	responser: foreColor = (0, 0, 0)
251.7391 	EXP 	responser: foreColor = (0, 0, 0)
251.7558 	EXP 	responser: foreColor = (0, 0, 0)
251.7724 	EXP 	responser: foreColor = (0, 0, 0)
251.7891 	EXP 	responser: foreColor = (0, 0, 0)
251.8057 	EXP 	responser: foreColor = (0, 0, 0)
251.8224 	EXP 	responser: foreColor = (0, 0, 0)
251.8391 	EXP 	responser: foreColor = (0, 0, 0)
251.8557 	EXP 	responser: foreColor = (0, 0, 0)
251.8724 	EXP 	responser: foreColor = (0, 0, 0)
251.8891 	EXP 	responser: foreColor = (0, 0, 0)
251.9058 	EXP 	responser: foreColor = (0, 0, 0)
251.9224 	EXP 	responser: foreColor = (0, 0, 0)
251.9391 	EXP 	responser: foreColor = (0, 0, 0)
251.9557 	EXP 	responser: foreColor = (0, 0, 0)
251.9724 	EXP 	responser: foreColor = (0, 0, 0)
251.9890 	EXP 	responser: foreColor = (0, 0, 0)
252.0058 	EXP 	responser: foreColor = (0, 0, 0)
252.0224 	EXP 	responser: foreColor = (0, 0, 0)
252.0391 	EXP 	responser: foreColor = (0, 0, 0)
252.0558 	EXP 	responser: foreColor = (0, 0, 0)
252.0724 	EXP 	responser: foreColor = (0, 0, 0)
252.0891 	EXP 	responser: foreColor = (0, 0, 0)
252.1058 	EXP 	responser: foreColor = (0, 0, 0)
252.1224 	EXP 	responser: foreColor = (0, 0, 0)
252.1391 	EXP 	responser: foreColor = (0, 0, 0)
252.1558 	EXP 	responser: foreColor = (0, 0, 0)
252.1724 	EXP 	responser: foreColor = (0, 0, 0)
252.1891 	EXP 	responser: foreColor = (0, 0, 0)
252.2057 	EXP 	responser: foreColor = (0, 0, 0)
252.2224 	EXP 	responser: foreColor = (0, 0, 0)
252.2391 	EXP 	responser: foreColor = (0, 0, 0)
252.2557 	EXP 	responser: foreColor = (0, 0, 0)
252.2724 	EXP 	responser: foreColor = (0, 0, 0)
252.2890 	EXP 	responser: foreColor = (0, 0, 0)
252.3057 	EXP 	responser: foreColor = (0, 0, 0)
252.3224 	EXP 	responser: foreColor = (0, 0, 0)
252.3390 	EXP 	responser: foreColor = (0, 0, 0)
252.3557 	EXP 	responser: foreColor = (0, 0, 0)
252.3724 	EXP 	responser: foreColor = (0, 0, 0)
252.3890 	EXP 	responser: foreColor = (0, 0, 0)
252.4057 	EXP 	responser: foreColor = (0, 0, 0)
252.4224 	EXP 	responser: foreColor = (0, 0, 0)
252.4390 	EXP 	responser: foreColor = (0, 0, 0)
252.4557 	EXP 	responser: foreColor = (0, 0, 0)
252.4724 	EXP 	responser: foreColor = (0, 0, 0)
252.4890 	EXP 	responser: foreColor = (0, 0, 0)
252.4890 	EXP 	thermode_locali_pic: autoDraw = False
252.5057 	EXP 	responser: foreColor = (0, 0, 0)
252.5224 	EXP 	responser: foreColor = (0, 0, 0)
252.5391 	EXP 	responser: foreColor = (0, 0, 0)
252.5557 	EXP 	responser: foreColor = (0, 0, 0)
252.5724 	EXP 	responser: foreColor = (0, 0, 0)
252.5891 	EXP 	responser: foreColor = (0, 0, 0)
252.6057 	EXP 	responser: foreColor = (0, 0, 0)
252.6223 	EXP 	responser: foreColor = (0, 0, 0)
252.6391 	EXP 	responser: foreColor = (0, 0, 0)
252.6558 	EXP 	responser: foreColor = (0, 0, 0)
252.6724 	EXP 	responser: foreColor = (0, 0, 0)
252.6891 	EXP 	responser: foreColor = (0, 0, 0)
252.7057 	EXP 	responser: foreColor = (0, 0, 0)
252.7224 	EXP 	responser: foreColor = (0, 0, 0)
252.7391 	EXP 	responser: foreColor = (0, 0, 0)
252.7557 	EXP 	responser: foreColor = (0, 0, 0)
252.7724 	EXP 	responser: foreColor = (0, 0, 0)
252.7891 	EXP 	responser: foreColor = (0, 0, 0)
252.8057 	EXP 	responser: foreColor = (0, 0, 0)
252.8224 	EXP 	responser: foreColor = (0, 0, 0)
252.8390 	EXP 	responser: foreColor = (0, 0, 0)
252.8557 	EXP 	responser: foreColor = (0, 0, 0)
252.8724 	EXP 	responser: foreColor = (0, 0, 0)
252.8891 	EXP 	responser: foreColor = (0, 0, 0)
252.9057 	EXP 	responser: foreColor = (0, 0, 0)
252.9224 	EXP 	responser: foreColor = (0, 0, 0)
252.9390 	EXP 	responser: foreColor = (0, 0, 0)
252.9558 	EXP 	responser: foreColor = (0, 0, 0)
252.9723 	EXP 	responser: foreColor = (0, 0, 0)
252.9891 	EXP 	responser: foreColor = (0, 0, 0)
253.0057 	EXP 	responser: foreColor = (0, 0, 0)
253.0224 	EXP 	responser: foreColor = (0, 0, 0)
253.0391 	EXP 	responser: foreColor = (0, 0, 0)
253.0557 	EXP 	responser: foreColor = (0, 0, 0)
253.0723 	EXP 	responser: foreColor = (0, 0, 0)
253.0891 	EXP 	responser: foreColor = (0, 0, 0)
253.1057 	EXP 	responser: foreColor = (0, 0, 0)
253.1224 	EXP 	responser: foreColor = (0, 0, 0)
253.1391 	EXP 	responser: foreColor = (0, 0, 0)
253.1557 	EXP 	responser: foreColor = (0, 0, 0)
253.1724 	EXP 	responser: foreColor = (0, 0, 0)
253.1891 	EXP 	responser: foreColor = (0, 0, 0)
253.2057 	EXP 	responser: foreColor = (0, 0, 0)
253.2224 	EXP 	responser: foreColor = (0, 0, 0)
253.2390 	EXP 	responser: foreColor = (0, 0, 0)
253.2557 	EXP 	responser: foreColor = (0, 0, 0)
253.2567 	EXP 	New trial (rep=4, index=0): None
253.2723 	EXP 	responser: foreColor = (0, 0, 0)
253.2723 	EXP 	responsel: autoDraw = False
253.2723 	EXP 	percu_or: autoDraw = False
253.2723 	EXP 	responser: autoDraw = False
253.2723 	EXP 	thermode_locali_pic: autoDraw = False
253.2723 	EXP 	responsel: autoDraw = False
253.2723 	EXP 	percu_or: autoDraw = False
253.2723 	EXP 	responser: autoDraw = False
253.2723 	EXP 	responsel: foreColor = 'white'
253.2723 	EXP 	responser: foreColor = 'white'
253.2723 	EXP 	text_pic: autoDraw = True
253.2723 	EXP 	croix_3: autoDraw = True
258.2726 	EXP 	text_pic: autoDraw = False
258.2726 	EXP 	croix_3: autoDraw = False
258.2726 	EXP 	text_pic: autoDraw = False
258.2726 	EXP 	croix_3: autoDraw = False
258.2726 	EXP 	thermode_locali_pic: height = 0.02
258.2726 	EXP 	thermode_locali_pic: height = 0.02
258.2726 	EXP 	thermode_locali_pic: height = 0.02
258.2726 	EXP 	thermode_locali_pic: text = 'T : 0'
258.2726 	EXP 	responsel: text = 'OUI              '
258.2726 	EXP 	thermode_locali_pic: autoDraw = True
266.2559 	EXP 	responsel: autoDraw = True
266.2559 	EXP 	percu_or: autoDraw = True
266.2559 	EXP 	responser: autoDraw = True
266.8903 	DATA 	Keypress: n
266.9226 	EXP 	responser: foreColor = (0, 0, 0)
266.9392 	EXP 	responser: foreColor = (0, 0, 0)
266.9559 	EXP 	responser: foreColor = (0, 0, 0)
266.9726 	EXP 	responser: foreColor = (0, 0, 0)
266.9892 	EXP 	responser: foreColor = (0, 0, 0)
267.0059 	EXP 	responser: foreColor = (0, 0, 0)
267.0226 	EXP 	responser: foreColor = (0, 0, 0)
267.0393 	EXP 	responser: foreColor = (0, 0, 0)
267.0559 	EXP 	responser: foreColor = (0, 0, 0)
267.0726 	EXP 	responser: foreColor = (0, 0, 0)
267.0893 	EXP 	responser: foreColor = (0, 0, 0)
267.1059 	EXP 	responser: foreColor = (0, 0, 0)
267.1226 	EXP 	responser: foreColor = (0, 0, 0)
267.1393 	EXP 	responser: foreColor = (0, 0, 0)
267.1559 	EXP 	responser: foreColor = (0, 0, 0)
267.1726 	EXP 	responser: foreColor = (0, 0, 0)
267.1893 	EXP 	responser: foreColor = (0, 0, 0)
267.2060 	EXP 	responser: foreColor = (0, 0, 0)
267.2226 	EXP 	responser: foreColor = (0, 0, 0)
267.2393 	EXP 	responser: foreColor = (0, 0, 0)
267.2559 	EXP 	responser: foreColor = (0, 0, 0)
267.2726 	EXP 	responser: foreColor = (0, 0, 0)
267.2892 	EXP 	responser: foreColor = (0, 0, 0)
267.3059 	EXP 	responser: foreColor = (0, 0, 0)
267.3226 	EXP 	responser: foreColor = (0, 0, 0)
267.3393 	EXP 	responser: foreColor = (0, 0, 0)
267.3559 	EXP 	responser: foreColor = (0, 0, 0)
267.3726 	EXP 	responser: foreColor = (0, 0, 0)
267.3893 	EXP 	responser: foreColor = (0, 0, 0)
267.4059 	EXP 	responser: foreColor = (0, 0, 0)
267.4226 	EXP 	responser: foreColor = (0, 0, 0)
267.4393 	EXP 	responser: foreColor = (0, 0, 0)
267.4559 	EXP 	responser: foreColor = (0, 0, 0)
267.4726 	EXP 	responser: foreColor = (0, 0, 0)
267.4893 	EXP 	responser: foreColor = (0, 0, 0)
267.5060 	EXP 	responser: foreColor = (0, 0, 0)
267.5226 	EXP 	responser: foreColor = (0, 0, 0)
267.5393 	EXP 	responser: foreColor = (0, 0, 0)
267.5559 	EXP 	responser: foreColor = (0, 0, 0)
267.5726 	EXP 	responser: foreColor = (0, 0, 0)
267.5893 	EXP 	responser: foreColor = (0, 0, 0)
267.6059 	EXP 	responser: foreColor = (0, 0, 0)
267.6226 	EXP 	responser: foreColor = (0, 0, 0)
267.6392 	EXP 	responser: foreColor = (0, 0, 0)
267.6559 	EXP 	responser: foreColor = (0, 0, 0)
267.6726 	EXP 	responser: foreColor = (0, 0, 0)
267.6893 	EXP 	responser: foreColor = (0, 0, 0)
267.7059 	EXP 	responser: foreColor = (0, 0, 0)
267.7226 	EXP 	responser: foreColor = (0, 0, 0)
267.7393 	EXP 	responser: foreColor = (0, 0, 0)
267.7559 	EXP 	responser: foreColor = (0, 0, 0)
267.7726 	EXP 	responser: foreColor = (0, 0, 0)
267.7893 	EXP 	responser: foreColor = (0, 0, 0)
267.8059 	EXP 	responser: foreColor = (0, 0, 0)
267.8226 	EXP 	responser: foreColor = (0, 0, 0)
267.8393 	EXP 	responser: foreColor = (0, 0, 0)
267.8559 	EXP 	responser: foreColor = (0, 0, 0)
267.8726 	EXP 	responser: foreColor = (0, 0, 0)
267.8893 	EXP 	responser: foreColor = (0, 0, 0)
267.9059 	EXP 	responser: foreColor = (0, 0, 0)
267.9226 	EXP 	responser: foreColor = (0, 0, 0)
267.9393 	EXP 	responser: foreColor = (0, 0, 0)
267.9559 	EXP 	responser: foreColor = (0, 0, 0)
267.9726 	EXP 	responser: foreColor = (0, 0, 0)
267.9893 	EXP 	responser: foreColor = (0, 0, 0)
268.0060 	EXP 	responser: foreColor = (0, 0, 0)
268.0226 	EXP 	responser: foreColor = (0, 0, 0)
268.0393 	EXP 	responser: foreColor = (0, 0, 0)
268.0559 	EXP 	responser: foreColor = (0, 0, 0)
268.0726 	EXP 	responser: foreColor = (0, 0, 0)
268.0893 	EXP 	responser: foreColor = (0, 0, 0)
268.1059 	EXP 	responser: foreColor = (0, 0, 0)
268.1226 	EXP 	responser: foreColor = (0, 0, 0)
268.1393 	EXP 	responser: foreColor = (0, 0, 0)
268.1559 	EXP 	responser: foreColor = (0, 0, 0)
268.1726 	EXP 	responser: foreColor = (0, 0, 0)
268.1893 	EXP 	responser: foreColor = (0, 0, 0)
268.2059 	EXP 	responser: foreColor = (0, 0, 0)
268.2226 	EXP 	responser: foreColor = (0, 0, 0)
268.2392 	EXP 	responser: foreColor = (0, 0, 0)
268.2560 	EXP 	responser: foreColor = (0, 0, 0)
268.2726 	EXP 	responser: foreColor = (0, 0, 0)
268.2893 	EXP 	responser: foreColor = (0, 0, 0)
268.3060 	EXP 	responser: foreColor = (0, 0, 0)
268.3226 	EXP 	responser: foreColor = (0, 0, 0)
268.3392 	EXP 	responser: foreColor = (0, 0, 0)
268.3560 	EXP 	responser: foreColor = (0, 0, 0)
268.3726 	EXP 	responser: foreColor = (0, 0, 0)
268.3893 	EXP 	responser: foreColor = (0, 0, 0)
268.4059 	EXP 	responser: foreColor = (0, 0, 0)
268.4226 	EXP 	responser: foreColor = (0, 0, 0)
268.4393 	EXP 	responser: foreColor = (0, 0, 0)
268.4559 	EXP 	responser: foreColor = (0, 0, 0)
268.4726 	EXP 	responser: foreColor = (0, 0, 0)
268.4726 	EXP 	thermode_locali_pic: autoDraw = False
268.4893 	EXP 	responser: foreColor = (0, 0, 0)
268.5059 	EXP 	responser: foreColor = (0, 0, 0)
268.5226 	EXP 	responser: foreColor = (0, 0, 0)
268.5393 	EXP 	responser: foreColor = (0, 0, 0)
268.5559 	EXP 	responser: foreColor = (0, 0, 0)
268.5727 	EXP 	responser: foreColor = (0, 0, 0)
268.5892 	EXP 	responser: foreColor = (0, 0, 0)
268.6059 	EXP 	responser: foreColor = (0, 0, 0)
268.6226 	EXP 	responser: foreColor = (0, 0, 0)
268.6393 	EXP 	responser: foreColor = (0, 0, 0)
268.6559 	EXP 	responser: foreColor = (0, 0, 0)
268.6726 	EXP 	responser: foreColor = (0, 0, 0)
268.6893 	EXP 	responser: foreColor = (0, 0, 0)
268.7059 	EXP 	responser: foreColor = (0, 0, 0)
268.7226 	EXP 	responser: foreColor = (0, 0, 0)
268.7393 	EXP 	responser: foreColor = (0, 0, 0)
268.7560 	EXP 	responser: foreColor = (0, 0, 0)
268.7726 	EXP 	responser: foreColor = (0, 0, 0)
268.7894 	EXP 	responser: foreColor = (0, 0, 0)
268.8061 	EXP 	responser: foreColor = (0, 0, 0)
268.8228 	EXP 	responser: foreColor = (0, 0, 0)
268.8395 	EXP 	responser: foreColor = (0, 0, 0)
268.8561 	EXP 	responser: foreColor = (0, 0, 0)
268.8728 	EXP 	responser: foreColor = (0, 0, 0)
268.8893 	EXP 	responser: foreColor = (0, 0, 0)
268.9060 	EXP 	responser: foreColor = (0, 0, 0)
268.9226 	EXP 	responser: foreColor = (0, 0, 0)
268.9393 	EXP 	responser: foreColor = (0, 0, 0)
268.9559 	EXP 	responser: foreColor = (0, 0, 0)
268.9726 	EXP 	responser: foreColor = (0, 0, 0)
268.9893 	EXP 	responser: foreColor = (0, 0, 0)
269.0060 	EXP 	responser: foreColor = (0, 0, 0)
269.0226 	EXP 	responser: foreColor = (0, 0, 0)
269.0393 	EXP 	responser: foreColor = (0, 0, 0)
269.0560 	EXP 	responser: foreColor = (0, 0, 0)
269.0726 	EXP 	responser: foreColor = (0, 0, 0)
269.0893 	EXP 	responser: foreColor = (0, 0, 0)
269.1059 	EXP 	responser: foreColor = (0, 0, 0)
269.1227 	EXP 	responser: foreColor = (0, 0, 0)
269.1393 	EXP 	responser: foreColor = (0, 0, 0)
269.1560 	EXP 	responser: foreColor = (0, 0, 0)
269.1726 	EXP 	responser: foreColor = (0, 0, 0)
269.1893 	EXP 	responser: foreColor = (0, 0, 0)
269.2059 	EXP 	responser: foreColor = (0, 0, 0)
269.2227 	EXP 	responser: foreColor = (0, 0, 0)
269.2394 	EXP 	responser: foreColor = (0, 0, 0)
269.2404 	EXP 	New trial (rep=5, index=0): None
269.2561 	EXP 	responser: foreColor = (0, 0, 0)
269.2561 	EXP 	responsel: autoDraw = False
269.2561 	EXP 	percu_or: autoDraw = False
269.2561 	EXP 	responser: autoDraw = False
269.2561 	EXP 	thermode_locali_pic: autoDraw = False
269.2561 	EXP 	responsel: autoDraw = False
269.2561 	EXP 	percu_or: autoDraw = False
269.2561 	EXP 	responser: autoDraw = False
269.2561 	EXP 	responsel: foreColor = 'white'
269.2561 	EXP 	responser: foreColor = 'white'
269.2561 	EXP 	text_pic: autoDraw = True
269.2561 	EXP 	croix_3: autoDraw = True
274.2560 	EXP 	text_pic: autoDraw = False
274.2560 	EXP 	croix_3: autoDraw = False
274.2560 	EXP 	text_pic: autoDraw = False
274.2560 	EXP 	croix_3: autoDraw = False
274.2560 	EXP 	thermode_locali_pic: height = 0.02
274.2560 	EXP 	thermode_locali_pic: height = 0.02
274.2560 	EXP 	thermode_locali_pic: height = 0.02
274.2560 	EXP 	thermode_locali_pic: text = 'T : 1'
274.2560 	EXP 	responsel: text = 'OUI              '
274.2560 	EXP 	thermode_locali_pic: autoDraw = True
282.2395 	EXP 	responsel: autoDraw = True
282.2395 	EXP 	percu_or: autoDraw = True
282.2395 	EXP 	responser: autoDraw = True
283.0905 	DATA 	Keypress: n
283.1227 	EXP 	responser: foreColor = (0, 0, 0)
283.1394 	EXP 	responser: foreColor = (0, 0, 0)
283.1561 	EXP 	responser: foreColor = (0, 0, 0)
283.1727 	EXP 	responser: foreColor = (0, 0, 0)
283.1894 	EXP 	responser: foreColor = (0, 0, 0)
283.2061 	EXP 	responser: foreColor = (0, 0, 0)
283.2227 	EXP 	responser: foreColor = (0, 0, 0)
283.2394 	EXP 	responser: foreColor = (0, 0, 0)
283.2560 	EXP 	responser: foreColor = (0, 0, 0)
283.2727 	EXP 	responser: foreColor = (0, 0, 0)
283.2893 	EXP 	responser: foreColor = (0, 0, 0)
283.3060 	EXP 	responser: foreColor = (0, 0, 0)
283.3227 	EXP 	responser: foreColor = (0, 0, 0)
283.3394 	EXP 	responser: foreColor = (0, 0, 0)
283.3561 	EXP 	responser: foreColor = (0, 0, 0)
283.3727 	EXP 	responser: foreColor = (0, 0, 0)
283.3894 	EXP 	responser: foreColor = (0, 0, 0)
283.4061 	EXP 	responser: foreColor = (0, 0, 0)
283.4227 	EXP 	responser: foreColor = (0, 0, 0)
283.4394 	EXP 	responser: foreColor = (0, 0, 0)
283.4561 	EXP 	responser: foreColor = (0, 0, 0)
283.4727 	EXP 	responser: foreColor = (0, 0, 0)
283.4894 	EXP 	responser: foreColor = (0, 0, 0)
283.5061 	EXP 	responser: foreColor = (0, 0, 0)
283.5227 	EXP 	responser: foreColor = (0, 0, 0)
283.5394 	EXP 	responser: foreColor = (0, 0, 0)
283.5560 	EXP 	responser: foreColor = (0, 0, 0)
283.5727 	EXP 	responser: foreColor = (0, 0, 0)
283.5893 	EXP 	responser: foreColor = (0, 0, 0)
283.6061 	EXP 	responser: foreColor = (0, 0, 0)
283.6227 	EXP 	responser: foreColor = (0, 0, 0)
283.6394 	EXP 	responser: foreColor = (0, 0, 0)
283.6560 	EXP 	responser: foreColor = (0, 0, 0)
283.6727 	EXP 	responser: foreColor = (0, 0, 0)
283.6894 	EXP 	responser: foreColor = (0, 0, 0)
283.7060 	EXP 	responser: foreColor = (0, 0, 0)
283.7227 	EXP 	responser: foreColor = (0, 0, 0)
283.7394 	EXP 	responser: foreColor = (0, 0, 0)
283.7561 	EXP 	responser: foreColor = (0, 0, 0)
283.7727 	EXP 	responser: foreColor = (0, 0, 0)
283.7894 	EXP 	responser: foreColor = (0, 0, 0)
283.8061 	EXP 	responser: foreColor = (0, 0, 0)
283.8227 	EXP 	responser: foreColor = (0, 0, 0)
283.8393 	EXP 	responser: foreColor = (0, 0, 0)
283.8560 	EXP 	responser: foreColor = (0, 0, 0)
283.8727 	EXP 	responser: foreColor = (0, 0, 0)
283.8894 	EXP 	responser: foreColor = (0, 0, 0)
283.9060 	EXP 	responser: foreColor = (0, 0, 0)
283.9227 	EXP 	responser: foreColor = (0, 0, 0)
283.9394 	EXP 	responser: foreColor = (0, 0, 0)
283.9560 	EXP 	responser: foreColor = (0, 0, 0)
283.9727 	EXP 	responser: foreColor = (0, 0, 0)
283.9894 	EXP 	responser: foreColor = (0, 0, 0)
284.0061 	EXP 	responser: foreColor = (0, 0, 0)
284.0226 	EXP 	responser: foreColor = (0, 0, 0)
284.0393 	EXP 	responser: foreColor = (0, 0, 0)
284.0560 	EXP 	responser: foreColor = (0, 0, 0)
284.0727 	EXP 	responser: foreColor = (0, 0, 0)
284.0894 	EXP 	responser: foreColor = (0, 0, 0)
284.1060 	EXP 	responser: foreColor = (0, 0, 0)
284.1227 	EXP 	responser: foreColor = (0, 0, 0)
284.1394 	EXP 	responser: foreColor = (0, 0, 0)
284.1560 	EXP 	responser: foreColor = (0, 0, 0)
284.1727 	EXP 	responser: foreColor = (0, 0, 0)
284.1894 	EXP 	responser: foreColor = (0, 0, 0)
284.2060 	EXP 	responser: foreColor = (0, 0, 0)
284.2226 	EXP 	responser: foreColor = (0, 0, 0)
284.2393 	EXP 	responser: foreColor = (0, 0, 0)
284.2560 	EXP 	responser: foreColor = (0, 0, 0)
284.2727 	EXP 	responser: foreColor = (0, 0, 0)
284.2894 	EXP 	responser: foreColor = (0, 0, 0)
284.3062 	EXP 	responser: foreColor = (0, 0, 0)
284.3228 	EXP 	responser: foreColor = (0, 0, 0)
284.3395 	EXP 	responser: foreColor = (0, 0, 0)
284.3561 	EXP 	responser: foreColor = (0, 0, 0)
284.3728 	EXP 	responser: foreColor = (0, 0, 0)
284.3894 	EXP 	responser: foreColor = (0, 0, 0)
284.4061 	EXP 	responser: foreColor = (0, 0, 0)
284.4227 	EXP 	responser: foreColor = (0, 0, 0)
284.4393 	EXP 	responser: foreColor = (0, 0, 0)
284.4561 	EXP 	responser: foreColor = (0, 0, 0)
284.4561 	EXP 	thermode_locali_pic: autoDraw = False
284.4728 	EXP 	responser: foreColor = (0, 0, 0)
284.4894 	EXP 	responser: foreColor = (0, 0, 0)
284.5061 	EXP 	responser: foreColor = (0, 0, 0)
284.5227 	EXP 	responser: foreColor = (0, 0, 0)
284.5394 	EXP 	responser: foreColor = (0, 0, 0)
284.5560 	EXP 	responser: foreColor = (0, 0, 0)
284.5727 	EXP 	responser: foreColor = (0, 0, 0)
284.5894 	EXP 	responser: foreColor = (0, 0, 0)
284.6061 	EXP 	responser: foreColor = (0, 0, 0)
284.6227 	EXP 	responser: foreColor = (0, 0, 0)
284.6394 	EXP 	responser: foreColor = (0, 0, 0)
284.6561 	EXP 	responser: foreColor = (0, 0, 0)
284.6727 	EXP 	responser: foreColor = (0, 0, 0)
284.6894 	EXP 	responser: foreColor = (0, 0, 0)
284.7061 	EXP 	responser: foreColor = (0, 0, 0)
284.7227 	EXP 	responser: foreColor = (0, 0, 0)
284.7394 	EXP 	responser: foreColor = (0, 0, 0)
284.7561 	EXP 	responser: foreColor = (0, 0, 0)
284.7728 	EXP 	responser: foreColor = (0, 0, 0)
284.7894 	EXP 	responser: foreColor = (0, 0, 0)
284.8061 	EXP 	responser: foreColor = (0, 0, 0)
284.8227 	EXP 	responser: foreColor = (0, 0, 0)
284.8393 	EXP 	responser: foreColor = (0, 0, 0)
284.8561 	EXP 	responser: foreColor = (0, 0, 0)
284.8726 	EXP 	responser: foreColor = (0, 0, 0)
284.8894 	EXP 	responser: foreColor = (0, 0, 0)
284.9061 	EXP 	responser: foreColor = (0, 0, 0)
284.9227 	EXP 	responser: foreColor = (0, 0, 0)
284.9394 	EXP 	responser: foreColor = (0, 0, 0)
284.9561 	EXP 	responser: foreColor = (0, 0, 0)
284.9727 	EXP 	responser: foreColor = (0, 0, 0)
284.9894 	EXP 	responser: foreColor = (0, 0, 0)
285.0061 	EXP 	responser: foreColor = (0, 0, 0)
285.0227 	EXP 	responser: foreColor = (0, 0, 0)
285.0394 	EXP 	responser: foreColor = (0, 0, 0)
285.0561 	EXP 	responser: foreColor = (0, 0, 0)
285.0728 	EXP 	responser: foreColor = (0, 0, 0)
285.0894 	EXP 	responser: foreColor = (0, 0, 0)
285.1061 	EXP 	responser: foreColor = (0, 0, 0)
285.1227 	EXP 	responser: foreColor = (0, 0, 0)
285.1394 	EXP 	responser: foreColor = (0, 0, 0)
285.1561 	EXP 	responser: foreColor = (0, 0, 0)
285.1727 	EXP 	responser: foreColor = (0, 0, 0)
285.1894 	EXP 	responser: foreColor = (0, 0, 0)
285.2060 	EXP 	responser: foreColor = (0, 0, 0)
285.2227 	EXP 	responser: foreColor = (0, 0, 0)
285.2237 	EXP 	New trial (rep=6, index=0): None
285.2395 	EXP 	responser: foreColor = (0, 0, 0)
285.2395 	EXP 	responsel: autoDraw = False
285.2395 	EXP 	percu_or: autoDraw = False
285.2395 	EXP 	responser: autoDraw = False
285.2395 	EXP 	thermode_locali_pic: autoDraw = False
285.2395 	EXP 	responsel: autoDraw = False
285.2395 	EXP 	percu_or: autoDraw = False
285.2395 	EXP 	responser: autoDraw = False
285.2395 	EXP 	responsel: foreColor = 'white'
285.2395 	EXP 	responser: foreColor = 'white'
285.2395 	EXP 	text_pic: autoDraw = True
285.2395 	EXP 	croix_3: autoDraw = True
290.2396 	EXP 	text_pic: autoDraw = False
290.2396 	EXP 	croix_3: autoDraw = False
290.2396 	EXP 	text_pic: autoDraw = False
290.2396 	EXP 	croix_3: autoDraw = False
290.2396 	EXP 	thermode_locali_pic: height = 0.02
290.2396 	EXP 	thermode_locali_pic: height = 0.02
290.2396 	EXP 	thermode_locali_pic: height = 0.02
290.2396 	EXP 	thermode_locali_pic: text = 'T : 2'
290.2396 	EXP 	responsel: text = 'OUI              '
290.2396 	EXP 	thermode_locali_pic: autoDraw = True
298.2229 	EXP 	responsel: autoDraw = True
298.2229 	EXP 	percu_or: autoDraw = True
298.2229 	EXP 	responser: autoDraw = True
299.0573 	DATA 	Keypress: n
299.0896 	EXP 	responser: foreColor = (0, 0, 0)
299.1062 	EXP 	responser: foreColor = (0, 0, 0)
299.1229 	EXP 	responser: foreColor = (0, 0, 0)
299.1395 	EXP 	responser: foreColor = (0, 0, 0)
299.1562 	EXP 	responser: foreColor = (0, 0, 0)
299.1729 	EXP 	responser: foreColor = (0, 0, 0)
299.1896 	EXP 	responser: foreColor = (0, 0, 0)
299.2062 	EXP 	responser: foreColor = (0, 0, 0)
299.2229 	EXP 	responser: foreColor = (0, 0, 0)
299.2395 	EXP 	responser: foreColor = (0, 0, 0)
299.2562 	EXP 	responser: foreColor = (0, 0, 0)
299.2729 	EXP 	responser: foreColor = (0, 0, 0)
299.2896 	EXP 	responser: foreColor = (0, 0, 0)
299.3062 	EXP 	responser: foreColor = (0, 0, 0)
299.3229 	EXP 	responser: foreColor = (0, 0, 0)
299.3396 	EXP 	responser: foreColor = (0, 0, 0)
299.3562 	EXP 	responser: foreColor = (0, 0, 0)
299.3729 	EXP 	responser: foreColor = (0, 0, 0)
299.3896 	EXP 	responser: foreColor = (0, 0, 0)
299.4063 	EXP 	responser: foreColor = (0, 0, 0)
299.4229 	EXP 	responser: foreColor = (0, 0, 0)
299.4396 	EXP 	responser: foreColor = (0, 0, 0)
299.4562 	EXP 	responser: foreColor = (0, 0, 0)
299.4730 	EXP 	responser: foreColor = (0, 0, 0)
299.4896 	EXP 	responser: foreColor = (0, 0, 0)
299.5062 	EXP 	responser: foreColor = (0, 0, 0)
299.5229 	EXP 	responser: foreColor = (0, 0, 0)
299.5396 	EXP 	responser: foreColor = (0, 0, 0)
299.5562 	EXP 	responser: foreColor = (0, 0, 0)
299.5729 	EXP 	responser: foreColor = (0, 0, 0)
299.5896 	EXP 	responser: foreColor = (0, 0, 0)
299.6062 	EXP 	responser: foreColor = (0, 0, 0)
299.6229 	EXP 	responser: foreColor = (0, 0, 0)
299.6396 	EXP 	responser: foreColor = (0, 0, 0)
299.6563 	EXP 	responser: foreColor = (0, 0, 0)
299.6729 	EXP 	responser: foreColor = (0, 0, 0)
299.6896 	EXP 	responser: foreColor = (0, 0, 0)
299.7062 	EXP 	responser: foreColor = (0, 0, 0)
299.7229 	EXP 	responser: foreColor = (0, 0, 0)
299.7396 	EXP 	responser: foreColor = (0, 0, 0)
299.7562 	EXP 	responser: foreColor = (0, 0, 0)
299.7729 	EXP 	responser: foreColor = (0, 0, 0)
299.7896 	EXP 	responser: foreColor = (0, 0, 0)
299.8062 	EXP 	responser: foreColor = (0, 0, 0)
299.8229 	EXP 	responser: foreColor = (0, 0, 0)
299.8396 	EXP 	responser: foreColor = (0, 0, 0)
299.8562 	EXP 	responser: foreColor = (0, 0, 0)
299.8729 	EXP 	responser: foreColor = (0, 0, 0)
299.8896 	EXP 	responser: foreColor = (0, 0, 0)
299.9062 	EXP 	responser: foreColor = (0, 0, 0)
299.9229 	EXP 	responser: foreColor = (0, 0, 0)
299.9396 	EXP 	responser: foreColor = (0, 0, 0)
299.9563 	EXP 	responser: foreColor = (0, 0, 0)
299.9729 	EXP 	responser: foreColor = (0, 0, 0)
299.9896 	EXP 	responser: foreColor = (0, 0, 0)
300.0062 	EXP 	responser: foreColor = (0, 0, 0)
300.0229 	EXP 	responser: foreColor = (0, 0, 0)
300.0396 	EXP 	responser: foreColor = (0, 0, 0)
300.0562 	EXP 	responser: foreColor = (0, 0, 0)
300.0729 	EXP 	responser: foreColor = (0, 0, 0)
300.0895 	EXP 	responser: foreColor = (0, 0, 0)
300.1062 	EXP 	responser: foreColor = (0, 0, 0)
300.1229 	EXP 	responser: foreColor = (0, 0, 0)
300.1396 	EXP 	responser: foreColor = (0, 0, 0)
300.1562 	EXP 	responser: foreColor = (0, 0, 0)
300.1729 	EXP 	responser: foreColor = (0, 0, 0)
300.1896 	EXP 	responser: foreColor = (0, 0, 0)
300.2062 	EXP 	responser: foreColor = (0, 0, 0)
300.2229 	EXP 	responser: foreColor = (0, 0, 0)
300.2396 	EXP 	responser: foreColor = (0, 0, 0)
300.2563 	EXP 	responser: foreColor = (0, 0, 0)
300.2729 	EXP 	responser: foreColor = (0, 0, 0)
300.2896 	EXP 	responser: foreColor = (0, 0, 0)
300.3063 	EXP 	responser: foreColor = (0, 0, 0)
300.3229 	EXP 	responser: foreColor = (0, 0, 0)
300.3396 	EXP 	responser: foreColor = (0, 0, 0)
300.3562 	EXP 	responser: foreColor = (0, 0, 0)
300.3729 	EXP 	responser: foreColor = (0, 0, 0)
300.3896 	EXP 	responser: foreColor = (0, 0, 0)
300.4063 	EXP 	responser: foreColor = (0, 0, 0)
300.4229 	EXP 	responser: foreColor = (0, 0, 0)
300.4396 	EXP 	responser: foreColor = (0, 0, 0)
300.4396 	EXP 	thermode_locali_pic: autoDraw = False
300.4563 	EXP 	responser: foreColor = (0, 0, 0)
300.4729 	EXP 	responser: foreColor = (0, 0, 0)
300.4896 	EXP 	responser: foreColor = (0, 0, 0)
300.5062 	EXP 	responser: foreColor = (0, 0, 0)
300.5229 	EXP 	responser: foreColor = (0, 0, 0)
300.5396 	EXP 	responser: foreColor = (0, 0, 0)
300.5563 	EXP 	responser: foreColor = (0, 0, 0)
300.5729 	EXP 	responser: foreColor = (0, 0, 0)
300.5896 	EXP 	responser: foreColor = (0, 0, 0)
300.6063 	EXP 	responser: foreColor = (0, 0, 0)
300.6229 	EXP 	responser: foreColor = (0, 0, 0)
300.6396 	EXP 	responser: foreColor = (0, 0, 0)
300.6563 	EXP 	responser: foreColor = (0, 0, 0)
300.6729 	EXP 	responser: foreColor = (0, 0, 0)
300.6896 	EXP 	responser: foreColor = (0, 0, 0)
300.7062 	EXP 	responser: foreColor = (0, 0, 0)
300.7229 	EXP 	responser: foreColor = (0, 0, 0)
300.7396 	EXP 	responser: foreColor = (0, 0, 0)
300.7562 	EXP 	responser: foreColor = (0, 0, 0)
300.7729 	EXP 	responser: foreColor = (0, 0, 0)
300.7896 	EXP 	responser: foreColor = (0, 0, 0)
300.8062 	EXP 	responser: foreColor = (0, 0, 0)
300.8229 	EXP 	responser: foreColor = (0, 0, 0)
300.8396 	EXP 	responser: foreColor = (0, 0, 0)
300.8562 	EXP 	responser: foreColor = (0, 0, 0)
300.8729 	EXP 	responser: foreColor = (0, 0, 0)
300.8896 	EXP 	responser: foreColor = (0, 0, 0)
300.9062 	EXP 	responser: foreColor = (0, 0, 0)
300.9229 	EXP 	responser: foreColor = (0, 0, 0)
300.9396 	EXP 	responser: foreColor = (0, 0, 0)
300.9563 	EXP 	responser: foreColor = (0, 0, 0)
300.9729 	EXP 	responser: foreColor = (0, 0, 0)
300.9896 	EXP 	responser: foreColor = (0, 0, 0)
301.0063 	EXP 	responser: foreColor = (0, 0, 0)
301.0229 	EXP 	responser: foreColor = (0, 0, 0)
301.0396 	EXP 	responser: foreColor = (0, 0, 0)
301.0562 	EXP 	responser: foreColor = (0, 0, 0)
301.0730 	EXP 	responser: foreColor = (0, 0, 0)
301.0896 	EXP 	responser: foreColor = (0, 0, 0)
301.1062 	EXP 	responser: foreColor = (0, 0, 0)
301.1229 	EXP 	responser: foreColor = (0, 0, 0)
301.1396 	EXP 	responser: foreColor = (0, 0, 0)
301.1562 	EXP 	responser: foreColor = (0, 0, 0)
301.1729 	EXP 	responser: foreColor = (0, 0, 0)
301.1896 	EXP 	responser: foreColor = (0, 0, 0)
301.2062 	EXP 	responser: foreColor = (0, 0, 0)
301.2072 	EXP 	New trial (rep=7, index=0): None
301.2229 	EXP 	responser: foreColor = (0, 0, 0)
301.2229 	EXP 	responsel: autoDraw = False
301.2229 	EXP 	percu_or: autoDraw = False
301.2229 	EXP 	responser: autoDraw = False
301.2229 	EXP 	thermode_locali_pic: autoDraw = False
301.2229 	EXP 	responsel: autoDraw = False
301.2229 	EXP 	percu_or: autoDraw = False
301.2229 	EXP 	responser: autoDraw = False
301.2229 	EXP 	responsel: foreColor = 'white'
301.2229 	EXP 	responser: foreColor = 'white'
301.2229 	EXP 	text_pic: autoDraw = True
301.2229 	EXP 	croix_3: autoDraw = True
306.2231 	EXP 	text_pic: autoDraw = False
306.2231 	EXP 	croix_3: autoDraw = False
306.2231 	EXP 	text_pic: autoDraw = False
306.2231 	EXP 	croix_3: autoDraw = False
306.2231 	EXP 	thermode_locali_pic: height = 0.02
306.2231 	EXP 	thermode_locali_pic: height = 0.02
306.2231 	EXP 	thermode_locali_pic: height = 0.02
306.2231 	EXP 	thermode_locali_pic: text = 'T : 3'
306.2231 	EXP 	responsel: text = 'OUI              '
306.2231 	EXP 	thermode_locali_pic: autoDraw = True
314.2064 	EXP 	responsel: autoDraw = True
314.2064 	EXP 	percu_or: autoDraw = True
314.2064 	EXP 	responser: autoDraw = True
315.0075 	DATA 	Keypress: n
315.0397 	EXP 	responser: foreColor = (0, 0, 0)
315.0564 	EXP 	responser: foreColor = (0, 0, 0)
315.0730 	EXP 	responser: foreColor = (0, 0, 0)
315.0897 	EXP 	responser: foreColor = (0, 0, 0)
315.1064 	EXP 	responser: foreColor = (0, 0, 0)
315.1231 	EXP 	responser: foreColor = (0, 0, 0)
315.1398 	EXP 	responser: foreColor = (0, 0, 0)
315.1564 	EXP 	responser: foreColor = (0, 0, 0)
315.1731 	EXP 	responser: foreColor = (0, 0, 0)
315.1897 	EXP 	responser: foreColor = (0, 0, 0)
315.2064 	EXP 	responser: foreColor = (0, 0, 0)
315.2231 	EXP 	responser: foreColor = (0, 0, 0)
315.2397 	EXP 	responser: foreColor = (0, 0, 0)
315.2564 	EXP 	responser: foreColor = (0, 0, 0)
315.2731 	EXP 	responser: foreColor = (0, 0, 0)
315.2898 	EXP 	responser: foreColor = (0, 0, 0)
315.3064 	EXP 	responser: foreColor = (0, 0, 0)
315.3231 	EXP 	responser: foreColor = (0, 0, 0)
315.3397 	EXP 	responser: foreColor = (0, 0, 0)
315.3564 	EXP 	responser: foreColor = (0, 0, 0)
315.3731 	EXP 	responser: foreColor = (0, 0, 0)
315.3897 	EXP 	responser: foreColor = (0, 0, 0)
315.4064 	EXP 	responser: foreColor = (0, 0, 0)
315.4231 	EXP 	responser: foreColor = (0, 0, 0)
315.4398 	EXP 	responser: foreColor = (0, 0, 0)
315.4564 	EXP 	responser: foreColor = (0, 0, 0)
315.4731 	EXP 	responser: foreColor = (0, 0, 0)
315.4898 	EXP 	responser: foreColor = (0, 0, 0)
315.5064 	EXP 	responser: foreColor = (0, 0, 0)
315.5231 	EXP 	responser: foreColor = (0, 0, 0)
315.5397 	EXP 	responser: foreColor = (0, 0, 0)
315.5563 	EXP 	responser: foreColor = (0, 0, 0)
315.5731 	EXP 	responser: foreColor = (0, 0, 0)
315.5897 	EXP 	responser: foreColor = (0, 0, 0)
315.6064 	EXP 	responser: foreColor = (0, 0, 0)
315.6231 	EXP 	responser: foreColor = (0, 0, 0)
315.6397 	EXP 	responser: foreColor = (0, 0, 0)
315.6564 	EXP 	responser: foreColor = (0, 0, 0)
315.6731 	EXP 	responser: foreColor = (0, 0, 0)
315.6897 	EXP 	responser: foreColor = (0, 0, 0)
315.7064 	EXP 	responser: foreColor = (0, 0, 0)
315.7231 	EXP 	responser: foreColor = (0, 0, 0)
315.7397 	EXP 	responser: foreColor = (0, 0, 0)
315.7564 	EXP 	responser: foreColor = (0, 0, 0)
315.7731 	EXP 	responser: foreColor = (0, 0, 0)
315.7897 	EXP 	responser: foreColor = (0, 0, 0)
315.8064 	EXP 	responser: foreColor = (0, 0, 0)
315.8231 	EXP 	responser: foreColor = (0, 0, 0)
315.8398 	EXP 	responser: foreColor = (0, 0, 0)
315.8564 	EXP 	responser: foreColor = (0, 0, 0)
315.8731 	EXP 	responser: foreColor = (0, 0, 0)
315.8898 	EXP 	responser: foreColor = (0, 0, 0)
315.9064 	EXP 	responser: foreColor = (0, 0, 0)
315.9231 	EXP 	responser: foreColor = (0, 0, 0)
315.9397 	EXP 	responser: foreColor = (0, 0, 0)
315.9564 	EXP 	responser: foreColor = (0, 0, 0)
315.9731 	EXP 	responser: foreColor = (0, 0, 0)
315.9897 	EXP 	responser: foreColor = (0, 0, 0)
316.0064 	EXP 	responser: foreColor = (0, 0, 0)
316.0231 	EXP 	responser: foreColor = (0, 0, 0)
316.0398 	EXP 	responser: foreColor = (0, 0, 0)
316.0564 	EXP 	responser: foreColor = (0, 0, 0)
316.0731 	EXP 	responser: foreColor = (0, 0, 0)
316.0897 	EXP 	responser: foreColor = (0, 0, 0)
316.1064 	EXP 	responser: foreColor = (0, 0, 0)
316.1231 	EXP 	responser: foreColor = (0, 0, 0)
316.1398 	EXP 	responser: foreColor = (0, 0, 0)
316.1564 	EXP 	responser: foreColor = (0, 0, 0)
316.1731 	EXP 	responser: foreColor = (0, 0, 0)
316.1897 	EXP 	responser: foreColor = (0, 0, 0)
316.2064 	EXP 	responser: foreColor = (0, 0, 0)
316.2231 	EXP 	responser: foreColor = (0, 0, 0)
316.2397 	EXP 	responser: foreColor = (0, 0, 0)
316.2565 	EXP 	responser: foreColor = (0, 0, 0)
316.2731 	EXP 	responser: foreColor = (0, 0, 0)
316.2897 	EXP 	responser: foreColor = (0, 0, 0)
316.3065 	EXP 	responser: foreColor = (0, 0, 0)
316.3230 	EXP 	responser: foreColor = (0, 0, 0)
316.3397 	EXP 	responser: foreColor = (0, 0, 0)
316.3564 	EXP 	responser: foreColor = (0, 0, 0)
316.3731 	EXP 	responser: foreColor = (0, 0, 0)
316.3897 	EXP 	responser: foreColor = (0, 0, 0)
316.4064 	EXP 	responser: foreColor = (0, 0, 0)
316.4232 	EXP 	responser: foreColor = (0, 0, 0)
316.4232 	EXP 	thermode_locali_pic: autoDraw = False
316.4397 	EXP 	responser: foreColor = (0, 0, 0)
316.4564 	EXP 	responser: foreColor = (0, 0, 0)
316.4731 	EXP 	responser: foreColor = (0, 0, 0)
316.4897 	EXP 	responser: foreColor = (0, 0, 0)
316.5064 	EXP 	responser: foreColor = (0, 0, 0)
316.5231 	EXP 	responser: foreColor = (0, 0, 0)
316.5397 	EXP 	responser: foreColor = (0, 0, 0)
316.5564 	EXP 	responser: foreColor = (0, 0, 0)
316.5731 	EXP 	responser: foreColor = (0, 0, 0)
316.5897 	EXP 	responser: foreColor = (0, 0, 0)
316.6064 	EXP 	responser: foreColor = (0, 0, 0)
316.6230 	EXP 	responser: foreColor = (0, 0, 0)
316.6397 	EXP 	responser: foreColor = (0, 0, 0)
316.6564 	EXP 	responser: foreColor = (0, 0, 0)
316.6731 	EXP 	responser: foreColor = (0, 0, 0)
316.6897 	EXP 	responser: foreColor = (0, 0, 0)
316.7064 	EXP 	responser: foreColor = (0, 0, 0)
316.7231 	EXP 	responser: foreColor = (0, 0, 0)
316.7397 	EXP 	responser: foreColor = (0, 0, 0)
316.7564 	EXP 	responser: foreColor = (0, 0, 0)
316.7731 	EXP 	responser: foreColor = (0, 0, 0)
316.7897 	EXP 	responser: foreColor = (0, 0, 0)
316.8063 	EXP 	responser: foreColor = (0, 0, 0)
316.8231 	EXP 	responser: foreColor = (0, 0, 0)
316.8397 	EXP 	responser: foreColor = (0, 0, 0)
316.8564 	EXP 	responser: foreColor = (0, 0, 0)
316.8731 	EXP 	responser: foreColor = (0, 0, 0)
316.8897 	EXP 	responser: foreColor = (0, 0, 0)
316.9064 	EXP 	responser: foreColor = (0, 0, 0)
316.9231 	EXP 	responser: foreColor = (0, 0, 0)
316.9397 	EXP 	responser: foreColor = (0, 0, 0)
316.9564 	EXP 	responser: foreColor = (0, 0, 0)
316.9731 	EXP 	responser: foreColor = (0, 0, 0)
316.9897 	EXP 	responser: foreColor = (0, 0, 0)
317.0064 	EXP 	responser: foreColor = (0, 0, 0)
317.0231 	EXP 	responser: foreColor = (0, 0, 0)
317.0397 	EXP 	responser: foreColor = (0, 0, 0)
317.0564 	EXP 	responser: foreColor = (0, 0, 0)
317.0731 	EXP 	responser: foreColor = (0, 0, 0)
317.0897 	EXP 	responser: foreColor = (0, 0, 0)
317.1064 	EXP 	responser: foreColor = (0, 0, 0)
317.1231 	EXP 	responser: foreColor = (0, 0, 0)
317.1397 	EXP 	responser: foreColor = (0, 0, 0)
317.1564 	EXP 	responser: foreColor = (0, 0, 0)
317.1731 	EXP 	responser: foreColor = (0, 0, 0)
317.1897 	EXP 	responser: foreColor = (0, 0, 0)
317.1907 	EXP 	New trial (rep=8, index=0): None
317.2064 	EXP 	responser: foreColor = (0, 0, 0)
317.2064 	EXP 	responsel: autoDraw = False
317.2064 	EXP 	percu_or: autoDraw = False
317.2064 	EXP 	responser: autoDraw = False
317.2064 	EXP 	thermode_locali_pic: autoDraw = False
317.2064 	EXP 	responsel: autoDraw = False
317.2064 	EXP 	percu_or: autoDraw = False
317.2064 	EXP 	responser: autoDraw = False
317.2064 	EXP 	responsel: foreColor = 'white'
317.2064 	EXP 	responser: foreColor = 'white'
317.2064 	EXP 	text_pic: autoDraw = True
317.2064 	EXP 	croix_3: autoDraw = True
322.2065 	EXP 	text_pic: autoDraw = False
322.2065 	EXP 	croix_3: autoDraw = False
322.2065 	EXP 	text_pic: autoDraw = False
322.2065 	EXP 	croix_3: autoDraw = False
322.2065 	EXP 	thermode_locali_pic: height = 0.02
322.2065 	EXP 	thermode_locali_pic: height = 0.02
322.2065 	EXP 	thermode_locali_pic: height = 0.02
322.2065 	EXP 	thermode_locali_pic: text = 'T : 0'
322.2065 	EXP 	responsel: text = 'OUI              '
322.2065 	EXP 	thermode_locali_pic: autoDraw = True
330.1899 	EXP 	responsel: autoDraw = True
330.1899 	EXP 	percu_or: autoDraw = True
330.1899 	EXP 	responser: autoDraw = True
331.3077 	DATA 	Keypress: n
331.3566 	EXP 	responser: foreColor = (0, 0, 0)
331.3732 	EXP 	responser: foreColor = (0, 0, 0)
331.3899 	EXP 	responser: foreColor = (0, 0, 0)
331.4065 	EXP 	responser: foreColor = (0, 0, 0)
331.4232 	EXP 	responser: foreColor = (0, 0, 0)
331.4399 	EXP 	responser: foreColor = (0, 0, 0)
331.4566 	EXP 	responser: foreColor = (0, 0, 0)
331.4732 	EXP 	responser: foreColor = (0, 0, 0)
331.4899 	EXP 	responser: foreColor = (0, 0, 0)
331.5066 	EXP 	responser: foreColor = (0, 0, 0)
331.5232 	EXP 	responser: foreColor = (0, 0, 0)
331.5399 	EXP 	responser: foreColor = (0, 0, 0)
331.5566 	EXP 	responser: foreColor = (0, 0, 0)
331.5732 	EXP 	responser: foreColor = (0, 0, 0)
331.5899 	EXP 	responser: foreColor = (0, 0, 0)
331.6066 	EXP 	responser: foreColor = (0, 0, 0)
331.6233 	EXP 	responser: foreColor = (0, 0, 0)
331.6399 	EXP 	responser: foreColor = (0, 0, 0)
331.6566 	EXP 	responser: foreColor = (0, 0, 0)
331.6732 	EXP 	responser: foreColor = (0, 0, 0)
331.6899 	EXP 	responser: foreColor = (0, 0, 0)
331.7066 	EXP 	responser: foreColor = (0, 0, 0)
331.7233 	EXP 	responser: foreColor = (0, 0, 0)
331.7399 	EXP 	responser: foreColor = (0, 0, 0)
331.7566 	EXP 	responser: foreColor = (0, 0, 0)
331.7732 	EXP 	responser: foreColor = (0, 0, 0)
331.7899 	EXP 	responser: foreColor = (0, 0, 0)
331.8066 	EXP 	responser: foreColor = (0, 0, 0)
331.8232 	EXP 	responser: foreColor = (0, 0, 0)
331.8399 	EXP 	responser: foreColor = (0, 0, 0)
331.8566 	EXP 	responser: foreColor = (0, 0, 0)
331.8732 	EXP 	responser: foreColor = (0, 0, 0)
331.8899 	EXP 	responser: foreColor = (0, 0, 0)
331.9066 	EXP 	responser: foreColor = (0, 0, 0)
331.9232 	EXP 	responser: foreColor = (0, 0, 0)
331.9400 	EXP 	responser: foreColor = (0, 0, 0)
331.9566 	EXP 	responser: foreColor = (0, 0, 0)
331.9732 	EXP 	responser: foreColor = (0, 0, 0)
331.9899 	EXP 	responser: foreColor = (0, 0, 0)
332.0066 	EXP 	responser: foreColor = (0, 0, 0)
332.0232 	EXP 	responser: foreColor = (0, 0, 0)
332.0399 	EXP 	responser: foreColor = (0, 0, 0)
332.0566 	EXP 	responser: foreColor = (0, 0, 0)
332.0733 	EXP 	responser: foreColor = (0, 0, 0)
332.0899 	EXP 	responser: foreColor = (0, 0, 0)
332.1066 	EXP 	responser: foreColor = (0, 0, 0)
332.1233 	EXP 	responser: foreColor = (0, 0, 0)
332.1399 	EXP 	responser: foreColor = (0, 0, 0)
332.1566 	EXP 	responser: foreColor = (0, 0, 0)
332.1732 	EXP 	responser: foreColor = (0, 0, 0)
332.1899 	EXP 	responser: foreColor = (0, 0, 0)
332.2066 	EXP 	responser: foreColor = (0, 0, 0)
332.2232 	EXP 	responser: foreColor = (0, 0, 0)
332.2399 	EXP 	responser: foreColor = (0, 0, 0)
332.2566 	EXP 	responser: foreColor = (0, 0, 0)
332.2733 	EXP 	responser: foreColor = (0, 0, 0)
332.2899 	EXP 	responser: foreColor = (0, 0, 0)
332.3066 	EXP 	responser: foreColor = (0, 0, 0)
332.3232 	EXP 	responser: foreColor = (0, 0, 0)
332.3399 	EXP 	responser: foreColor = (0, 0, 0)
332.3566 	EXP 	responser: foreColor = (0, 0, 0)
332.3732 	EXP 	responser: foreColor = (0, 0, 0)
332.3899 	EXP 	responser: foreColor = (0, 0, 0)
332.4066 	EXP 	responser: foreColor = (0, 0, 0)
332.4066 	EXP 	thermode_locali_pic: autoDraw = False
332.4232 	EXP 	responser: foreColor = (0, 0, 0)
332.4399 	EXP 	responser: foreColor = (0, 0, 0)
332.4566 	EXP 	responser: foreColor = (0, 0, 0)
332.4732 	EXP 	responser: foreColor = (0, 0, 0)
332.4899 	EXP 	responser: foreColor = (0, 0, 0)
332.5066 	EXP 	responser: foreColor = (0, 0, 0)
332.5233 	EXP 	responser: foreColor = (0, 0, 0)
332.5399 	EXP 	responser: foreColor = (0, 0, 0)
332.5566 	EXP 	responser: foreColor = (0, 0, 0)
332.5733 	EXP 	responser: foreColor = (0, 0, 0)
332.5899 	EXP 	responser: foreColor = (0, 0, 0)
332.6066 	EXP 	responser: foreColor = (0, 0, 0)
332.6232 	EXP 	responser: foreColor = (0, 0, 0)
332.6399 	EXP 	responser: foreColor = (0, 0, 0)
332.6566 	EXP 	responser: foreColor = (0, 0, 0)
332.6733 	EXP 	responser: foreColor = (0, 0, 0)
332.6899 	EXP 	responser: foreColor = (0, 0, 0)
332.7066 	EXP 	responser: foreColor = (0, 0, 0)
332.7232 	EXP 	responser: foreColor = (0, 0, 0)
332.7400 	EXP 	responser: foreColor = (0, 0, 0)
332.7566 	EXP 	responser: foreColor = (0, 0, 0)
332.7733 	EXP 	responser: foreColor = (0, 0, 0)
332.7899 	EXP 	responser: foreColor = (0, 0, 0)
332.8066 	EXP 	responser: foreColor = (0, 0, 0)
332.8233 	EXP 	responser: foreColor = (0, 0, 0)
332.8399 	EXP 	responser: foreColor = (0, 0, 0)
332.8566 	EXP 	responser: foreColor = (0, 0, 0)
332.8733 	EXP 	responser: foreColor = (0, 0, 0)
332.8899 	EXP 	responser: foreColor = (0, 0, 0)
332.9066 	EXP 	responser: foreColor = (0, 0, 0)
332.9233 	EXP 	responser: foreColor = (0, 0, 0)
332.9399 	EXP 	responser: foreColor = (0, 0, 0)
332.9566 	EXP 	responser: foreColor = (0, 0, 0)
332.9733 	EXP 	responser: foreColor = (0, 0, 0)
332.9899 	EXP 	responser: foreColor = (0, 0, 0)
333.0066 	EXP 	responser: foreColor = (0, 0, 0)
333.0233 	EXP 	responser: foreColor = (0, 0, 0)
333.0399 	EXP 	responser: foreColor = (0, 0, 0)
333.0566 	EXP 	responser: foreColor = (0, 0, 0)
333.0733 	EXP 	responser: foreColor = (0, 0, 0)
333.0899 	EXP 	responser: foreColor = (0, 0, 0)
333.1066 	EXP 	responser: foreColor = (0, 0, 0)
333.1233 	EXP 	responser: foreColor = (0, 0, 0)
333.1399 	EXP 	responser: foreColor = (0, 0, 0)
333.1566 	EXP 	responser: foreColor = (0, 0, 0)
333.1732 	EXP 	responser: foreColor = (0, 0, 0)
333.1742 	EXP 	New trial (rep=9, index=0): None
333.1900 	EXP 	responser: foreColor = (0, 0, 0)
333.1900 	EXP 	responsel: autoDraw = False
333.1900 	EXP 	percu_or: autoDraw = False
333.1900 	EXP 	responser: autoDraw = False
333.1900 	EXP 	thermode_locali_pic: autoDraw = False
333.1900 	EXP 	responsel: autoDraw = False
333.1900 	EXP 	percu_or: autoDraw = False
333.1900 	EXP 	responser: autoDraw = False
333.1900 	EXP 	responsel: foreColor = 'white'
333.1900 	EXP 	responser: foreColor = 'white'
333.1900 	EXP 	text_pic: autoDraw = True
333.1900 	EXP 	croix_3: autoDraw = True
338.1901 	EXP 	text_pic: autoDraw = False
338.1901 	EXP 	croix_3: autoDraw = False
338.1901 	EXP 	text_pic: autoDraw = False
338.1901 	EXP 	croix_3: autoDraw = False
338.1901 	EXP 	thermode_locali_pic: height = 0.02
338.1901 	EXP 	thermode_locali_pic: height = 0.02
338.1901 	EXP 	thermode_locali_pic: height = 0.02
338.1901 	EXP 	thermode_locali_pic: text = 'T : 1'
338.1901 	EXP 	responsel: text = 'OUI              '
338.1901 	EXP 	thermode_locali_pic: autoDraw = True
346.1734 	EXP 	responsel: autoDraw = True
346.1734 	EXP 	percu_or: autoDraw = True
346.1734 	EXP 	responser: autoDraw = True
347.0579 	DATA 	Keypress: n
347.0901 	EXP 	responser: foreColor = (0, 0, 0)
347.1067 	EXP 	responser: foreColor = (0, 0, 0)
347.1234 	EXP 	responser: foreColor = (0, 0, 0)
347.1401 	EXP 	responser: foreColor = (0, 0, 0)
347.1568 	EXP 	responser: foreColor = (0, 0, 0)
347.1734 	EXP 	responser: foreColor = (0, 0, 0)
347.1901 	EXP 	responser: foreColor = (0, 0, 0)
347.2067 	EXP 	responser: foreColor = (0, 0, 0)
347.2234 	EXP 	responser: foreColor = (0, 0, 0)
347.2400 	EXP 	responser: foreColor = (0, 0, 0)
347.2567 	EXP 	responser: foreColor = (0, 0, 0)
347.2734 	EXP 	responser: foreColor = (0, 0, 0)
347.2902 	EXP 	responser: foreColor = (0, 0, 0)
347.3067 	EXP 	responser: foreColor = (0, 0, 0)
347.3234 	EXP 	responser: foreColor = (0, 0, 0)
347.3401 	EXP 	responser: foreColor = (0, 0, 0)
347.3567 	EXP 	responser: foreColor = (0, 0, 0)
347.3734 	EXP 	responser: foreColor = (0, 0, 0)
347.3901 	EXP 	responser: foreColor = (0, 0, 0)
347.4067 	EXP 	responser: foreColor = (0, 0, 0)
347.4234 	EXP 	responser: foreColor = (0, 0, 0)
347.4401 	EXP 	responser: foreColor = (0, 0, 0)
347.4568 	EXP 	responser: foreColor = (0, 0, 0)
347.4734 	EXP 	responser: foreColor = (0, 0, 0)
347.4901 	EXP 	responser: foreColor = (0, 0, 0)
347.5068 	EXP 	responser: foreColor = (0, 0, 0)
347.5234 	EXP 	responser: foreColor = (0, 0, 0)
347.5401 	EXP 	responser: foreColor = (0, 0, 0)
347.5567 	EXP 	responser: foreColor = (0, 0, 0)
347.5734 	EXP 	responser: foreColor = (0, 0, 0)
347.5900 	EXP 	responser: foreColor = (0, 0, 0)
347.6067 	EXP 	responser: foreColor = (0, 0, 0)
347.6234 	EXP 	responser: foreColor = (0, 0, 0)
347.6401 	EXP 	responser: foreColor = (0, 0, 0)
347.6567 	EXP 	responser: foreColor = (0, 0, 0)
347.6734 	EXP 	responser: foreColor = (0, 0, 0)
347.6901 	EXP 	responser: foreColor = (0, 0, 0)
347.7067 	EXP 	responser: foreColor = (0, 0, 0)
347.7234 	EXP 	responser: foreColor = (0, 0, 0)
347.7401 	EXP 	responser: foreColor = (0, 0, 0)
347.7568 	EXP 	responser: foreColor = (0, 0, 0)
347.7734 	EXP 	responser: foreColor = (0, 0, 0)
347.7901 	EXP 	responser: foreColor = (0, 0, 0)
347.8068 	EXP 	responser: foreColor = (0, 0, 0)
347.8234 	EXP 	responser: foreColor = (0, 0, 0)
347.8401 	EXP 	responser: foreColor = (0, 0, 0)
347.8567 	EXP 	responser: foreColor = (0, 0, 0)
347.8734 	EXP 	responser: foreColor = (0, 0, 0)
347.8900 	EXP 	responser: foreColor = (0, 0, 0)
347.9067 	EXP 	responser: foreColor = (0, 0, 0)
347.9233 	EXP 	responser: foreColor = (0, 0, 0)
347.9401 	EXP 	responser: foreColor = (0, 0, 0)
347.9567 	EXP 	responser: foreColor = (0, 0, 0)
347.9734 	EXP 	responser: foreColor = (0, 0, 0)
347.9901 	EXP 	responser: foreColor = (0, 0, 0)
348.0067 	EXP 	responser: foreColor = (0, 0, 0)
348.0234 	EXP 	responser: foreColor = (0, 0, 0)
348.0401 	EXP 	responser: foreColor = (0, 0, 0)
348.0567 	EXP 	responser: foreColor = (0, 0, 0)
348.0734 	EXP 	responser: foreColor = (0, 0, 0)
348.0901 	EXP 	responser: foreColor = (0, 0, 0)
348.1067 	EXP 	responser: foreColor = (0, 0, 0)
348.1234 	EXP 	responser: foreColor = (0, 0, 0)
348.1401 	EXP 	responser: foreColor = (0, 0, 0)
348.1566 	EXP 	responser: foreColor = (0, 0, 0)
348.1734 	EXP 	responser: foreColor = (0, 0, 0)
348.1901 	EXP 	responser: foreColor = (0, 0, 0)
348.2068 	EXP 	responser: foreColor = (0, 0, 0)
348.2234 	EXP 	responser: foreColor = (0, 0, 0)
348.2401 	EXP 	responser: foreColor = (0, 0, 0)
348.2568 	EXP 	responser: foreColor = (0, 0, 0)
348.2734 	EXP 	responser: foreColor = (0, 0, 0)
348.2901 	EXP 	responser: foreColor = (0, 0, 0)
348.3068 	EXP 	responser: foreColor = (0, 0, 0)
348.3234 	EXP 	responser: foreColor = (0, 0, 0)
348.3401 	EXP 	responser: foreColor = (0, 0, 0)
348.3568 	EXP 	responser: foreColor = (0, 0, 0)
348.3734 	EXP 	responser: foreColor = (0, 0, 0)
348.3901 	EXP 	responser: foreColor = (0, 0, 0)
348.3901 	EXP 	thermode_locali_pic: autoDraw = False
348.4068 	EXP 	responser: foreColor = (0, 0, 0)
348.4234 	EXP 	responser: foreColor = (0, 0, 0)
348.4401 	EXP 	responser: foreColor = (0, 0, 0)
348.4567 	EXP 	responser: foreColor = (0, 0, 0)
348.4734 	EXP 	responser: foreColor = (0, 0, 0)
348.4900 	EXP 	responser: foreColor = (0, 0, 0)
348.5067 	EXP 	responser: foreColor = (0, 0, 0)
348.5234 	EXP 	responser: foreColor = (0, 0, 0)
348.5401 	EXP 	responser: foreColor = (0, 0, 0)
348.5567 	EXP 	responser: foreColor = (0, 0, 0)
348.5734 	EXP 	responser: foreColor = (0, 0, 0)
348.5901 	EXP 	responser: foreColor = (0, 0, 0)
348.6068 	EXP 	responser: foreColor = (0, 0, 0)
348.6234 	EXP 	responser: foreColor = (0, 0, 0)
348.6401 	EXP 	responser: foreColor = (0, 0, 0)
348.6568 	EXP 	responser: foreColor = (0, 0, 0)
348.6734 	EXP 	responser: foreColor = (0, 0, 0)
348.6901 	EXP 	responser: foreColor = (0, 0, 0)
348.7067 	EXP 	responser: foreColor = (0, 0, 0)
348.7234 	EXP 	responser: foreColor = (0, 0, 0)
348.7401 	EXP 	responser: foreColor = (0, 0, 0)
348.7567 	EXP 	responser: foreColor = (0, 0, 0)
348.7734 	EXP 	responser: foreColor = (0, 0, 0)
348.7900 	EXP 	responser: foreColor = (0, 0, 0)
348.8067 	EXP 	responser: foreColor = (0, 0, 0)
348.8234 	EXP 	responser: foreColor = (0, 0, 0)
348.8401 	EXP 	responser: foreColor = (0, 0, 0)
348.8568 	EXP 	responser: foreColor = (0, 0, 0)
348.8734 	EXP 	responser: foreColor = (0, 0, 0)
348.8901 	EXP 	responser: foreColor = (0, 0, 0)
348.9068 	EXP 	responser: foreColor = (0, 0, 0)
348.9234 	EXP 	responser: foreColor = (0, 0, 0)
348.9400 	EXP 	responser: foreColor = (0, 0, 0)
348.9568 	EXP 	responser: foreColor = (0, 0, 0)
348.9734 	EXP 	responser: foreColor = (0, 0, 0)
348.9901 	EXP 	responser: foreColor = (0, 0, 0)
349.0068 	EXP 	responser: foreColor = (0, 0, 0)
349.0235 	EXP 	responser: foreColor = (0, 0, 0)
349.0401 	EXP 	responser: foreColor = (0, 0, 0)
349.0567 	EXP 	responser: foreColor = (0, 0, 0)
349.0734 	EXP 	responser: foreColor = (0, 0, 0)
349.0900 	EXP 	responser: foreColor = (0, 0, 0)
349.1068 	EXP 	responser: foreColor = (0, 0, 0)
349.1234 	EXP 	responser: foreColor = (0, 0, 0)
349.1401 	EXP 	responser: foreColor = (0, 0, 0)
349.1568 	EXP 	responser: foreColor = (0, 0, 0)
349.1577 	EXP 	New trial (rep=10, index=0): None
349.1735 	EXP 	responser: foreColor = (0, 0, 0)
349.1735 	EXP 	responsel: autoDraw = False
349.1735 	EXP 	percu_or: autoDraw = False
349.1735 	EXP 	responser: autoDraw = False
349.1735 	EXP 	thermode_locali_pic: autoDraw = False
349.1735 	EXP 	responsel: autoDraw = False
349.1735 	EXP 	percu_or: autoDraw = False
349.1735 	EXP 	responser: autoDraw = False
349.1735 	EXP 	responsel: foreColor = 'white'
349.1735 	EXP 	responser: foreColor = 'white'
349.1735 	EXP 	text_pic: autoDraw = True
349.1735 	EXP 	croix_3: autoDraw = True
354.1735 	EXP 	text_pic: autoDraw = False
354.1735 	EXP 	croix_3: autoDraw = False
354.1735 	EXP 	text_pic: autoDraw = False
354.1735 	EXP 	croix_3: autoDraw = False
354.1735 	EXP 	thermode_locali_pic: height = 0.02
354.1735 	EXP 	thermode_locali_pic: height = 0.02
354.1735 	EXP 	thermode_locali_pic: height = 0.02
354.1735 	EXP 	thermode_locali_pic: text = 'T : 2'
354.1735 	EXP 	responsel: text = 'OUI              '
354.1735 	EXP 	thermode_locali_pic: autoDraw = True
362.1569 	EXP 	responsel: autoDraw = True
362.1569 	EXP 	percu_or: autoDraw = True
362.1569 	EXP 	responser: autoDraw = True
363.4914 	DATA 	Keypress: n
363.5236 	EXP 	responser: foreColor = (0, 0, 0)
363.5402 	EXP 	responser: foreColor = (0, 0, 0)
363.5569 	EXP 	responser: foreColor = (0, 0, 0)
363.5736 	EXP 	responser: foreColor = (0, 0, 0)
363.5902 	EXP 	responser: foreColor = (0, 0, 0)
363.6069 	EXP 	responser: foreColor = (0, 0, 0)
363.6236 	EXP 	responser: foreColor = (0, 0, 0)
363.6403 	EXP 	responser: foreColor = (0, 0, 0)
363.6569 	EXP 	responser: foreColor = (0, 0, 0)
363.6736 	EXP 	responser: foreColor = (0, 0, 0)
363.6903 	EXP 	responser: foreColor = (0, 0, 0)
363.7070 	EXP 	responser: foreColor = (0, 0, 0)
363.7236 	EXP 	responser: foreColor = (0, 0, 0)
363.7403 	EXP 	responser: foreColor = (0, 0, 0)
363.7569 	EXP 	responser: foreColor = (0, 0, 0)
363.7736 	EXP 	responser: foreColor = (0, 0, 0)
363.7903 	EXP 	responser: foreColor = (0, 0, 0)
363.8070 	EXP 	responser: foreColor = (0, 0, 0)
363.8236 	EXP 	responser: foreColor = (0, 0, 0)
363.8402 	EXP 	responser: foreColor = (0, 0, 0)
363.8569 	EXP 	responser: foreColor = (0, 0, 0)
363.8736 	EXP 	responser: foreColor = (0, 0, 0)
363.8902 	EXP 	responser: foreColor = (0, 0, 0)
363.9069 	EXP 	responser: foreColor = (0, 0, 0)
363.9236 	EXP 	responser: foreColor = (0, 0, 0)
363.9403 	EXP 	responser: foreColor = (0, 0, 0)
363.9569 	EXP 	responser: foreColor = (0, 0, 0)
363.9736 	EXP 	responser: foreColor = (0, 0, 0)
363.9903 	EXP 	responser: foreColor = (0, 0, 0)
364.0070 	EXP 	responser: foreColor = (0, 0, 0)
364.0236 	EXP 	responser: foreColor = (0, 0, 0)
364.0403 	EXP 	responser: foreColor = (0, 0, 0)
364.0569 	EXP 	responser: foreColor = (0, 0, 0)
364.0736 	EXP 	responser: foreColor = (0, 0, 0)
364.0903 	EXP 	responser: foreColor = (0, 0, 0)
364.1069 	EXP 	responser: foreColor = (0, 0, 0)
364.1236 	EXP 	responser: foreColor = (0, 0, 0)
364.1403 	EXP 	responser: foreColor = (0, 0, 0)
364.1569 	EXP 	responser: foreColor = (0, 0, 0)
364.1736 	EXP 	responser: foreColor = (0, 0, 0)
364.1903 	EXP 	responser: foreColor = (0, 0, 0)
364.2069 	EXP 	responser: foreColor = (0, 0, 0)
364.2236 	EXP 	responser: foreColor = (0, 0, 0)
364.2403 	EXP 	responser: foreColor = (0, 0, 0)
364.2569 	EXP 	responser: foreColor = (0, 0, 0)
364.2736 	EXP 	responser: foreColor = (0, 0, 0)
364.2903 	EXP 	responser: foreColor = (0, 0, 0)
364.3069 	EXP 	responser: foreColor = (0, 0, 0)
364.3236 	EXP 	responser: foreColor = (0, 0, 0)
364.3403 	EXP 	responser: foreColor = (0, 0, 0)
364.3570 	EXP 	responser: foreColor = (0, 0, 0)
364.3736 	EXP 	responser: foreColor = (0, 0, 0)
364.3736 	EXP 	thermode_locali_pic: autoDraw = False
364.3903 	EXP 	responser: foreColor = (0, 0, 0)
364.4069 	EXP 	responser: foreColor = (0, 0, 0)
364.4236 	EXP 	responser: foreColor = (0, 0, 0)
364.4405 	EXP 	responser: foreColor = (0, 0, 0)
364.4571 	EXP 	responser: foreColor = (0, 0, 0)
364.4738 	EXP 	responser: foreColor = (0, 0, 0)
364.4905 	EXP 	responser: foreColor = (0, 0, 0)
364.5070 	EXP 	responser: foreColor = (0, 0, 0)
364.5236 	EXP 	responser: foreColor = (0, 0, 0)
364.5402 	EXP 	responser: foreColor = (0, 0, 0)
364.5569 	EXP 	responser: foreColor = (0, 0, 0)
364.5736 	EXP 	responser: foreColor = (0, 0, 0)
364.5903 	EXP 	responser: foreColor = (0, 0, 0)
364.6070 	EXP 	responser: foreColor = (0, 0, 0)
364.6236 	EXP 	responser: foreColor = (0, 0, 0)
364.6403 	EXP 	responser: foreColor = (0, 0, 0)
364.6570 	EXP 	responser: foreColor = (0, 0, 0)
364.6736 	EXP 	responser: foreColor = (0, 0, 0)
364.6903 	EXP 	responser: foreColor = (0, 0, 0)
364.7070 	EXP 	responser: foreColor = (0, 0, 0)
364.7236 	EXP 	responser: foreColor = (0, 0, 0)
364.7403 	EXP 	responser: foreColor = (0, 0, 0)
364.7569 	EXP 	responser: foreColor = (0, 0, 0)
364.7736 	EXP 	responser: foreColor = (0, 0, 0)
364.7903 	EXP 	responser: foreColor = (0, 0, 0)
364.8070 	EXP 	responser: foreColor = (0, 0, 0)
364.8236 	EXP 	responser: foreColor = (0, 0, 0)
364.8402 	EXP 	responser: foreColor = (0, 0, 0)
364.8569 	EXP 	responser: foreColor = (0, 0, 0)
364.8736 	EXP 	responser: foreColor = (0, 0, 0)
364.8903 	EXP 	responser: foreColor = (0, 0, 0)
364.9069 	EXP 	responser: foreColor = (0, 0, 0)
364.9236 	EXP 	responser: foreColor = (0, 0, 0)
364.9403 	EXP 	responser: foreColor = (0, 0, 0)
364.9569 	EXP 	responser: foreColor = (0, 0, 0)
364.9736 	EXP 	responser: foreColor = (0, 0, 0)
364.9903 	EXP 	responser: foreColor = (0, 0, 0)
365.0069 	EXP 	responser: foreColor = (0, 0, 0)
365.0236 	EXP 	responser: foreColor = (0, 0, 0)
365.0402 	EXP 	responser: foreColor = (0, 0, 0)
365.0569 	EXP 	responser: foreColor = (0, 0, 0)
365.0736 	EXP 	responser: foreColor = (0, 0, 0)
365.0903 	EXP 	responser: foreColor = (0, 0, 0)
365.1069 	EXP 	responser: foreColor = (0, 0, 0)
365.1236 	EXP 	responser: foreColor = (0, 0, 0)
365.1403 	EXP 	responser: foreColor = (0, 0, 0)
365.1412 	EXP 	New trial (rep=11, index=0): None
365.1569 	EXP 	responser: foreColor = (0, 0, 0)
365.1569 	EXP 	responsel: autoDraw = False
365.1569 	EXP 	percu_or: autoDraw = False
365.1569 	EXP 	responser: autoDraw = False
365.1569 	EXP 	thermode_locali_pic: autoDraw = False
365.1569 	EXP 	responsel: autoDraw = False
365.1569 	EXP 	percu_or: autoDraw = False
365.1569 	EXP 	responser: autoDraw = False
365.1569 	EXP 	responsel: foreColor = 'white'
365.1569 	EXP 	responser: foreColor = 'white'
365.1569 	EXP 	text_pic: autoDraw = True
365.1569 	EXP 	croix_3: autoDraw = True
370.1570 	EXP 	text_pic: autoDraw = False
370.1570 	EXP 	croix_3: autoDraw = False
370.1570 	EXP 	text_pic: autoDraw = False
370.1570 	EXP 	croix_3: autoDraw = False
370.1570 	EXP 	thermode_locali_pic: height = 0.02
370.1570 	EXP 	thermode_locali_pic: height = 0.02
370.1570 	EXP 	thermode_locali_pic: height = 0.02
370.1570 	EXP 	thermode_locali_pic: text = 'T : 3'
370.1570 	EXP 	responsel: text = 'OUI              '
370.1570 	EXP 	thermode_locali_pic: autoDraw = True
378.1404 	EXP 	responsel: autoDraw = True
378.1404 	EXP 	percu_or: autoDraw = True
378.1404 	EXP 	responser: autoDraw = True
379.2749 	DATA 	Keypress: n
379.3072 	EXP 	responser: foreColor = (0, 0, 0)
379.3238 	EXP 	responser: foreColor = (0, 0, 0)
379.3404 	EXP 	responser: foreColor = (0, 0, 0)
379.3572 	EXP 	responser: foreColor = (0, 0, 0)
379.3738 	EXP 	responser: foreColor = (0, 0, 0)
379.3904 	EXP 	responser: foreColor = (0, 0, 0)
379.4071 	EXP 	responser: foreColor = (0, 0, 0)
379.4238 	EXP 	responser: foreColor = (0, 0, 0)
379.4404 	EXP 	responser: foreColor = (0, 0, 0)
379.4571 	EXP 	responser: foreColor = (0, 0, 0)
379.4737 	EXP 	responser: foreColor = (0, 0, 0)
379.4904 	EXP 	responser: foreColor = (0, 0, 0)
379.5071 	EXP 	responser: foreColor = (0, 0, 0)
379.5238 	EXP 	responser: foreColor = (0, 0, 0)
379.5405 	EXP 	responser: foreColor = (0, 0, 0)
379.5571 	EXP 	responser: foreColor = (0, 0, 0)
379.5738 	EXP 	responser: foreColor = (0, 0, 0)
379.5905 	EXP 	responser: foreColor = (0, 0, 0)
379.6071 	EXP 	responser: foreColor = (0, 0, 0)
379.6238 	EXP 	responser: foreColor = (0, 0, 0)
379.6405 	EXP 	responser: foreColor = (0, 0, 0)
379.6571 	EXP 	responser: foreColor = (0, 0, 0)
379.6738 	EXP 	responser: foreColor = (0, 0, 0)
379.6905 	EXP 	responser: foreColor = (0, 0, 0)
379.7072 	EXP 	responser: foreColor = (0, 0, 0)
379.7238 	EXP 	responser: foreColor = (0, 0, 0)
379.7405 	EXP 	responser: foreColor = (0, 0, 0)
379.7571 	EXP 	responser: foreColor = (0, 0, 0)
379.7738 	EXP 	responser: foreColor = (0, 0, 0)
379.7904 	EXP 	responser: foreColor = (0, 0, 0)
379.8071 	EXP 	responser: foreColor = (0, 0, 0)
379.8238 	EXP 	responser: foreColor = (0, 0, 0)
379.8405 	EXP 	responser: foreColor = (0, 0, 0)
379.8571 	EXP 	responser: foreColor = (0, 0, 0)
379.8738 	EXP 	responser: foreColor = (0, 0, 0)
379.8905 	EXP 	responser: foreColor = (0, 0, 0)
379.9071 	EXP 	responser: foreColor = (0, 0, 0)
379.9238 	EXP 	responser: foreColor = (0, 0, 0)
379.9405 	EXP 	responser: foreColor = (0, 0, 0)
379.9571 	EXP 	responser: foreColor = (0, 0, 0)
379.9738 	EXP 	responser: foreColor = (0, 0, 0)
379.9905 	EXP 	responser: foreColor = (0, 0, 0)
380.0071 	EXP 	responser: foreColor = (0, 0, 0)
380.0238 	EXP 	responser: foreColor = (0, 0, 0)
380.0405 	EXP 	responser: foreColor = (0, 0, 0)
380.0571 	EXP 	responser: foreColor = (0, 0, 0)
380.0738 	EXP 	responser: foreColor = (0, 0, 0)
380.0904 	EXP 	responser: foreColor = (0, 0, 0)
380.1071 	EXP 	responser: foreColor = (0, 0, 0)
380.1238 	EXP 	responser: foreColor = (0, 0, 0)
380.1405 	EXP 	responser: foreColor = (0, 0, 0)
380.1571 	EXP 	responser: foreColor = (0, 0, 0)
380.1738 	EXP 	responser: foreColor = (0, 0, 0)
380.1905 	EXP 	responser: foreColor = (0, 0, 0)
380.2071 	EXP 	responser: foreColor = (0, 0, 0)
380.2238 	EXP 	responser: foreColor = (0, 0, 0)
380.2405 	EXP 	responser: foreColor = (0, 0, 0)
380.2571 	EXP 	responser: foreColor = (0, 0, 0)
380.2738 	EXP 	responser: foreColor = (0, 0, 0)
380.2905 	EXP 	responser: foreColor = (0, 0, 0)
380.3072 	EXP 	responser: foreColor = (0, 0, 0)
380.3238 	EXP 	responser: foreColor = (0, 0, 0)
380.3405 	EXP 	responser: foreColor = (0, 0, 0)
380.3572 	EXP 	responser: foreColor = (0, 0, 0)
380.3572 	EXP 	thermode_locali_pic: autoDraw = False
380.3738 	EXP 	responser: foreColor = (0, 0, 0)
380.3905 	EXP 	responser: foreColor = (0, 0, 0)
380.4071 	EXP 	responser: foreColor = (0, 0, 0)
380.4238 	EXP 	responser: foreColor = (0, 0, 0)
380.4405 	EXP 	responser: foreColor = (0, 0, 0)
380.4571 	EXP 	responser: foreColor = (0, 0, 0)
380.4738 	EXP 	responser: foreColor = (0, 0, 0)
380.4905 	EXP 	responser: foreColor = (0, 0, 0)
380.5071 	EXP 	responser: foreColor = (0, 0, 0)
380.5238 	EXP 	responser: foreColor = (0, 0, 0)
380.5405 	EXP 	responser: foreColor = (0, 0, 0)
380.5570 	EXP 	responser: foreColor = (0, 0, 0)
380.5738 	EXP 	responser: foreColor = (0, 0, 0)
380.5905 	EXP 	responser: foreColor = (0, 0, 0)
380.6072 	EXP 	responser: foreColor = (0, 0, 0)
380.6238 	EXP 	responser: foreColor = (0, 0, 0)
380.6405 	EXP 	responser: foreColor = (0, 0, 0)
380.6571 	EXP 	responser: foreColor = (0, 0, 0)
380.6738 	EXP 	responser: foreColor = (0, 0, 0)
380.6905 	EXP 	responser: foreColor = (0, 0, 0)
380.7071 	EXP 	responser: foreColor = (0, 0, 0)
380.7238 	EXP 	responser: foreColor = (0, 0, 0)
380.7404 	EXP 	responser: foreColor = (0, 0, 0)
380.7572 	EXP 	responser: foreColor = (0, 0, 0)
380.7738 	EXP 	responser: foreColor = (0, 0, 0)
380.7905 	EXP 	responser: foreColor = (0, 0, 0)
380.8072 	EXP 	responser: foreColor = (0, 0, 0)
380.8237 	EXP 	responser: foreColor = (0, 0, 0)
380.8404 	EXP 	responser: foreColor = (0, 0, 0)
380.8571 	EXP 	responser: foreColor = (0, 0, 0)
380.8737 	EXP 	responser: foreColor = (0, 0, 0)
380.8904 	EXP 	responser: foreColor = (0, 0, 0)
380.9071 	EXP 	responser: foreColor = (0, 0, 0)
380.9237 	EXP 	responser: foreColor = (0, 0, 0)
380.9405 	EXP 	responser: foreColor = (0, 0, 0)
380.9571 	EXP 	responser: foreColor = (0, 0, 0)
380.9738 	EXP 	responser: foreColor = (0, 0, 0)
380.9905 	EXP 	responser: foreColor = (0, 0, 0)
381.0071 	EXP 	responser: foreColor = (0, 0, 0)
381.0238 	EXP 	responser: foreColor = (0, 0, 0)
381.0405 	EXP 	responser: foreColor = (0, 0, 0)
381.0572 	EXP 	responser: foreColor = (0, 0, 0)
381.0738 	EXP 	responser: foreColor = (0, 0, 0)
381.0905 	EXP 	responser: foreColor = (0, 0, 0)
381.1072 	EXP 	responser: foreColor = (0, 0, 0)
381.1238 	EXP 	responser: foreColor = (0, 0, 0)
381.1248 	EXP 	New trial (rep=12, index=0): None
381.1405 	EXP 	responser: foreColor = (0, 0, 0)
381.1405 	EXP 	responsel: autoDraw = False
381.1405 	EXP 	percu_or: autoDraw = False
381.1405 	EXP 	responser: autoDraw = False
381.1405 	EXP 	thermode_locali_pic: autoDraw = False
381.1405 	EXP 	responsel: autoDraw = False
381.1405 	EXP 	percu_or: autoDraw = False
381.1405 	EXP 	responser: autoDraw = False
381.1405 	EXP 	responsel: foreColor = 'white'
381.1405 	EXP 	responser: foreColor = 'white'
381.1405 	EXP 	text_pic: autoDraw = True
381.1405 	EXP 	croix_3: autoDraw = True
386.1405 	EXP 	text_pic: autoDraw = False
386.1405 	EXP 	croix_3: autoDraw = False
386.1405 	EXP 	text_pic: autoDraw = False
386.1405 	EXP 	croix_3: autoDraw = False
386.1405 	EXP 	thermode_locali_pic: height = 0.02
386.1405 	EXP 	thermode_locali_pic: height = 0.02
386.1405 	EXP 	thermode_locali_pic: height = 0.02
386.1405 	EXP 	thermode_locali_pic: text = 'T : 0'
386.1405 	EXP 	responsel: text = 'OUI              '
386.1405 	EXP 	thermode_locali_pic: autoDraw = True
394.1239 	EXP 	responsel: autoDraw = True
394.1239 	EXP 	percu_or: autoDraw = True
394.1239 	EXP 	responser: autoDraw = True
395.3585 	DATA 	Keypress: n
395.3905 	EXP 	responser: foreColor = (0, 0, 0)
395.4072 	EXP 	responser: foreColor = (0, 0, 0)
395.4239 	EXP 	responser: foreColor = (0, 0, 0)
395.4405 	EXP 	responser: foreColor = (0, 0, 0)
395.4573 	EXP 	responser: foreColor = (0, 0, 0)
395.4739 	EXP 	responser: foreColor = (0, 0, 0)
395.4906 	EXP 	responser: foreColor = (0, 0, 0)
395.5072 	EXP 	responser: foreColor = (0, 0, 0)
395.5239 	EXP 	responser: foreColor = (0, 0, 0)
395.5406 	EXP 	responser: foreColor = (0, 0, 0)
395.5573 	EXP 	responser: foreColor = (0, 0, 0)
395.5739 	EXP 	responser: foreColor = (0, 0, 0)
395.5906 	EXP 	responser: foreColor = (0, 0, 0)
395.6072 	EXP 	responser: foreColor = (0, 0, 0)
395.6239 	EXP 	responser: foreColor = (0, 0, 0)
395.6406 	EXP 	responser: foreColor = (0, 0, 0)
395.6572 	EXP 	responser: foreColor = (0, 0, 0)
395.6739 	EXP 	responser: foreColor = (0, 0, 0)
395.6906 	EXP 	responser: foreColor = (0, 0, 0)
395.7073 	EXP 	responser: foreColor = (0, 0, 0)
395.7239 	EXP 	responser: foreColor = (0, 0, 0)
395.7406 	EXP 	responser: foreColor = (0, 0, 0)
395.7572 	EXP 	responser: foreColor = (0, 0, 0)
395.7739 	EXP 	responser: foreColor = (0, 0, 0)
395.7906 	EXP 	responser: foreColor = (0, 0, 0)
395.8073 	EXP 	responser: foreColor = (0, 0, 0)
395.8240 	EXP 	responser: foreColor = (0, 0, 0)
395.8406 	EXP 	responser: foreColor = (0, 0, 0)
395.8573 	EXP 	responser: foreColor = (0, 0, 0)
395.8739 	EXP 	responser: foreColor = (0, 0, 0)
395.8906 	EXP 	responser: foreColor = (0, 0, 0)
395.9073 	EXP 	responser: foreColor = (0, 0, 0)
395.9240 	EXP 	responser: foreColor = (0, 0, 0)
395.9407 	EXP 	responser: foreColor = (0, 0, 0)
395.9573 	EXP 	responser: foreColor = (0, 0, 0)
395.9740 	EXP 	responser: foreColor = (0, 0, 0)
395.9906 	EXP 	responser: foreColor = (0, 0, 0)
396.0073 	EXP 	responser: foreColor = (0, 0, 0)
396.0240 	EXP 	responser: foreColor = (0, 0, 0)
396.0406 	EXP 	responser: foreColor = (0, 0, 0)
396.0573 	EXP 	responser: foreColor = (0, 0, 0)
396.0739 	EXP 	responser: foreColor = (0, 0, 0)
396.0906 	EXP 	responser: foreColor = (0, 0, 0)
396.1073 	EXP 	responser: foreColor = (0, 0, 0)
396.1240 	EXP 	responser: foreColor = (0, 0, 0)
396.1406 	EXP 	responser: foreColor = (0, 0, 0)
396.1573 	EXP 	responser: foreColor = (0, 0, 0)
396.1740 	EXP 	responser: foreColor = (0, 0, 0)
396.1906 	EXP 	responser: foreColor = (0, 0, 0)
396.2072 	EXP 	responser: foreColor = (0, 0, 0)
396.2239 	EXP 	responser: foreColor = (0, 0, 0)
396.2406 	EXP 	responser: foreColor = (0, 0, 0)
396.2573 	EXP 	responser: foreColor = (0, 0, 0)
396.2740 	EXP 	responser: foreColor = (0, 0, 0)
396.2906 	EXP 	responser: foreColor = (0, 0, 0)
396.3073 	EXP 	responser: foreColor = (0, 0, 0)
396.3239 	EXP 	responser: foreColor = (0, 0, 0)
396.3406 	EXP 	responser: foreColor = (0, 0, 0)
396.3406 	EXP 	thermode_locali_pic: autoDraw = False
396.3573 	EXP 	responser: foreColor = (0, 0, 0)
396.3739 	EXP 	responser: foreColor = (0, 0, 0)
396.3906 	EXP 	responser: foreColor = (0, 0, 0)
396.4072 	EXP 	responser: foreColor = (0, 0, 0)
396.4240 	EXP 	responser: foreColor = (0, 0, 0)
396.4406 	EXP 	responser: foreColor = (0, 0, 0)
396.4573 	EXP 	responser: foreColor = (0, 0, 0)
396.4740 	EXP 	responser: foreColor = (0, 0, 0)
396.4907 	EXP 	responser: foreColor = (0, 0, 0)
396.5073 	EXP 	responser: foreColor = (0, 0, 0)
396.5240 	EXP 	responser: foreColor = (0, 0, 0)
396.5406 	EXP 	responser: foreColor = (0, 0, 0)
396.5573 	EXP 	responser: foreColor = (0, 0, 0)
396.5740 	EXP 	responser: foreColor = (0, 0, 0)
396.5906 	EXP 	responser: foreColor = (0, 0, 0)
396.6072 	EXP 	responser: foreColor = (0, 0, 0)
396.6239 	EXP 	responser: foreColor = (0, 0, 0)
396.6407 	EXP 	responser: foreColor = (0, 0, 0)
396.6572 	EXP 	responser: foreColor = (0, 0, 0)
396.6739 	EXP 	responser: foreColor = (0, 0, 0)
396.6906 	EXP 	responser: foreColor = (0, 0, 0)
396.7073 	EXP 	responser: foreColor = (0, 0, 0)
396.7240 	EXP 	responser: foreColor = (0, 0, 0)
396.7407 	EXP 	responser: foreColor = (0, 0, 0)
396.7572 	EXP 	responser: foreColor = (0, 0, 0)
396.7740 	EXP 	responser: foreColor = (0, 0, 0)
396.7906 	EXP 	responser: foreColor = (0, 0, 0)
396.8073 	EXP 	responser: foreColor = (0, 0, 0)
396.8240 	EXP 	responser: foreColor = (0, 0, 0)
396.8406 	EXP 	responser: foreColor = (0, 0, 0)
396.8573 	EXP 	responser: foreColor = (0, 0, 0)
396.8740 	EXP 	responser: foreColor = (0, 0, 0)
396.8906 	EXP 	responser: foreColor = (0, 0, 0)
396.9073 	EXP 	responser: foreColor = (0, 0, 0)
396.9240 	EXP 	responser: foreColor = (0, 0, 0)
396.9406 	EXP 	responser: foreColor = (0, 0, 0)
396.9572 	EXP 	responser: foreColor = (0, 0, 0)
396.9740 	EXP 	responser: foreColor = (0, 0, 0)
396.9906 	EXP 	responser: foreColor = (0, 0, 0)
397.0074 	EXP 	responser: foreColor = (0, 0, 0)
397.0239 	EXP 	responser: foreColor = (0, 0, 0)
397.0406 	EXP 	responser: foreColor = (0, 0, 0)
397.0573 	EXP 	responser: foreColor = (0, 0, 0)
397.0739 	EXP 	responser: foreColor = (0, 0, 0)
397.0906 	EXP 	responser: foreColor = (0, 0, 0)
397.1073 	EXP 	responser: foreColor = (0, 0, 0)
397.1083 	EXP 	New trial (rep=13, index=0): None
397.1239 	EXP 	responser: foreColor = (0, 0, 0)
397.1239 	EXP 	responsel: autoDraw = False
397.1239 	EXP 	percu_or: autoDraw = False
397.1239 	EXP 	responser: autoDraw = False
397.1239 	EXP 	thermode_locali_pic: autoDraw = False
397.1239 	EXP 	responsel: autoDraw = False
397.1239 	EXP 	percu_or: autoDraw = False
397.1239 	EXP 	responser: autoDraw = False
397.1239 	EXP 	responsel: foreColor = 'white'
397.1239 	EXP 	responser: foreColor = 'white'
397.1239 	EXP 	text_pic: autoDraw = True
397.1239 	EXP 	croix_3: autoDraw = True
402.1240 	EXP 	text_pic: autoDraw = False
402.1240 	EXP 	croix_3: autoDraw = False
402.1240 	EXP 	text_pic: autoDraw = False
402.1240 	EXP 	croix_3: autoDraw = False
402.1240 	EXP 	thermode_locali_pic: height = 0.02
402.1240 	EXP 	thermode_locali_pic: height = 0.02
402.1240 	EXP 	thermode_locali_pic: height = 0.02
402.1240 	EXP 	thermode_locali_pic: text = 'T : 1'
402.1240 	EXP 	responsel: text = 'OUI              '
402.1240 	EXP 	thermode_locali_pic: autoDraw = True
410.1074 	EXP 	responsel: autoDraw = True
410.1074 	EXP 	percu_or: autoDraw = True
410.1074 	EXP 	responser: autoDraw = True
411.0921 	DATA 	Keypress: n
411.1408 	EXP 	responser: foreColor = (0, 0, 0)
411.1575 	EXP 	responser: foreColor = (0, 0, 0)
411.1741 	EXP 	responser: foreColor = (0, 0, 0)
411.1908 	EXP 	responser: foreColor = (0, 0, 0)
411.2074 	EXP 	responser: foreColor = (0, 0, 0)
411.2242 	EXP 	responser: foreColor = (0, 0, 0)
411.2408 	EXP 	responser: foreColor = (0, 0, 0)
411.2575 	EXP 	responser: foreColor = (0, 0, 0)
411.2741 	EXP 	responser: foreColor = (0, 0, 0)
411.2909 	EXP 	responser: foreColor = (0, 0, 0)
411.3074 	EXP 	responser: foreColor = (0, 0, 0)
411.3241 	EXP 	responser: foreColor = (0, 0, 0)
411.3408 	EXP 	responser: foreColor = (0, 0, 0)
411.3575 	EXP 	responser: foreColor = (0, 0, 0)
411.3741 	EXP 	responser: foreColor = (0, 0, 0)
411.3908 	EXP 	responser: foreColor = (0, 0, 0)
411.4075 	EXP 	responser: foreColor = (0, 0, 0)
411.4241 	EXP 	responser: foreColor = (0, 0, 0)
411.4408 	EXP 	responser: foreColor = (0, 0, 0)
411.4574 	EXP 	responser: foreColor = (0, 0, 0)
411.4741 	EXP 	responser: foreColor = (0, 0, 0)
411.4908 	EXP 	responser: foreColor = (0, 0, 0)
411.5075 	EXP 	responser: foreColor = (0, 0, 0)
411.5242 	EXP 	responser: foreColor = (0, 0, 0)
411.5408 	EXP 	responser: foreColor = (0, 0, 0)
411.5575 	EXP 	responser: foreColor = (0, 0, 0)
411.5741 	EXP 	responser: foreColor = (0, 0, 0)
411.5908 	EXP 	responser: foreColor = (0, 0, 0)
411.6075 	EXP 	responser: foreColor = (0, 0, 0)
411.6241 	EXP 	responser: foreColor = (0, 0, 0)
411.6408 	EXP 	responser: foreColor = (0, 0, 0)
411.6575 	EXP 	responser: foreColor = (0, 0, 0)
411.6741 	EXP 	responser: foreColor = (0, 0, 0)
411.6908 	EXP 	responser: foreColor = (0, 0, 0)
411.7075 	EXP 	responser: foreColor = (0, 0, 0)
411.7241 	EXP 	responser: foreColor = (0, 0, 0)
411.7407 	EXP 	responser: foreColor = (0, 0, 0)
411.7574 	EXP 	responser: foreColor = (0, 0, 0)
411.7741 	EXP 	responser: foreColor = (0, 0, 0)
411.7908 	EXP 	responser: foreColor = (0, 0, 0)
411.8075 	EXP 	responser: foreColor = (0, 0, 0)
411.8242 	EXP 	responser: foreColor = (0, 0, 0)
411.8408 	EXP 	responser: foreColor = (0, 0, 0)
411.8574 	EXP 	responser: foreColor = (0, 0, 0)
411.8741 	EXP 	responser: foreColor = (0, 0, 0)
411.8908 	EXP 	responser: foreColor = (0, 0, 0)
411.9075 	EXP 	responser: foreColor = (0, 0, 0)
411.9241 	EXP 	responser: foreColor = (0, 0, 0)
411.9408 	EXP 	responser: foreColor = (0, 0, 0)
411.9575 	EXP 	responser: foreColor = (0, 0, 0)
411.9742 	EXP 	responser: foreColor = (0, 0, 0)
411.9909 	EXP 	responser: foreColor = (0, 0, 0)
412.0074 	EXP 	responser: foreColor = (0, 0, 0)
412.0241 	EXP 	responser: foreColor = (0, 0, 0)
412.0407 	EXP 	responser: foreColor = (0, 0, 0)
412.0574 	EXP 	responser: foreColor = (0, 0, 0)
412.0741 	EXP 	responser: foreColor = (0, 0, 0)
412.0908 	EXP 	responser: foreColor = (0, 0, 0)
412.1074 	EXP 	responser: foreColor = (0, 0, 0)
412.1241 	EXP 	responser: foreColor = (0, 0, 0)
412.1408 	EXP 	responser: foreColor = (0, 0, 0)
412.1575 	EXP 	responser: foreColor = (0, 0, 0)
412.1741 	EXP 	responser: foreColor = (0, 0, 0)
412.1908 	EXP 	responser: foreColor = (0, 0, 0)
412.2075 	EXP 	responser: foreColor = (0, 0, 0)
412.2241 	EXP 	responser: foreColor = (0, 0, 0)
412.2408 	EXP 	responser: foreColor = (0, 0, 0)
412.2575 	EXP 	responser: foreColor = (0, 0, 0)
412.2741 	EXP 	responser: foreColor = (0, 0, 0)
412.2908 	EXP 	responser: foreColor = (0, 0, 0)
412.3075 	EXP 	responser: foreColor = (0, 0, 0)
412.3241 	EXP 	responser: foreColor = (0, 0, 0)
412.3241 	EXP 	thermode_locali_pic: autoDraw = False
412.3408 	EXP 	responser: foreColor = (0, 0, 0)
412.3575 	EXP 	responser: foreColor = (0, 0, 0)
412.3741 	EXP 	responser: foreColor = (0, 0, 0)
412.3908 	EXP 	responser: foreColor = (0, 0, 0)
412.4075 	EXP 	responser: foreColor = (0, 0, 0)
412.4242 	EXP 	responser: foreColor = (0, 0, 0)
412.4408 	EXP 	responser: foreColor = (0, 0, 0)
412.4575 	EXP 	responser: foreColor = (0, 0, 0)
412.4741 	EXP 	responser: foreColor = (0, 0, 0)
412.4908 	EXP 	responser: foreColor = (0, 0, 0)
412.5075 	EXP 	responser: foreColor = (0, 0, 0)
412.5241 	EXP 	responser: foreColor = (0, 0, 0)
412.5408 	EXP 	responser: foreColor = (0, 0, 0)
412.5575 	EXP 	responser: foreColor = (0, 0, 0)
412.5741 	EXP 	responser: foreColor = (0, 0, 0)
412.5908 	EXP 	responser: foreColor = (0, 0, 0)
412.6075 	EXP 	responser: foreColor = (0, 0, 0)
412.6241 	EXP 	responser: foreColor = (0, 0, 0)
412.6408 	EXP 	responser: foreColor = (0, 0, 0)
412.6575 	EXP 	responser: foreColor = (0, 0, 0)
412.6741 	EXP 	responser: foreColor = (0, 0, 0)
412.6908 	EXP 	responser: foreColor = (0, 0, 0)
412.7075 	EXP 	responser: foreColor = (0, 0, 0)
412.7241 	EXP 	responser: foreColor = (0, 0, 0)
412.7409 	EXP 	responser: foreColor = (0, 0, 0)
412.7575 	EXP 	responser: foreColor = (0, 0, 0)
412.7741 	EXP 	responser: foreColor = (0, 0, 0)
412.7908 	EXP 	responser: foreColor = (0, 0, 0)
412.8075 	EXP 	responser: foreColor = (0, 0, 0)
412.8241 	EXP 	responser: foreColor = (0, 0, 0)
412.8408 	EXP 	responser: foreColor = (0, 0, 0)
412.8575 	EXP 	responser: foreColor = (0, 0, 0)
412.8741 	EXP 	responser: foreColor = (0, 0, 0)
412.8908 	EXP 	responser: foreColor = (0, 0, 0)
412.9075 	EXP 	responser: foreColor = (0, 0, 0)
412.9241 	EXP 	responser: foreColor = (0, 0, 0)
412.9408 	EXP 	responser: foreColor = (0, 0, 0)
412.9575 	EXP 	responser: foreColor = (0, 0, 0)
412.9741 	EXP 	responser: foreColor = (0, 0, 0)
412.9908 	EXP 	responser: foreColor = (0, 0, 0)
413.0075 	EXP 	responser: foreColor = (0, 0, 0)
413.0242 	EXP 	responser: foreColor = (0, 0, 0)
413.0408 	EXP 	responser: foreColor = (0, 0, 0)
413.0575 	EXP 	responser: foreColor = (0, 0, 0)
413.0742 	EXP 	responser: foreColor = (0, 0, 0)
413.0908 	EXP 	responser: foreColor = (0, 0, 0)
413.0918 	EXP 	New trial (rep=14, index=0): None
413.1075 	EXP 	responser: foreColor = (0, 0, 0)
413.1075 	EXP 	responsel: autoDraw = False
413.1075 	EXP 	percu_or: autoDraw = False
413.1075 	EXP 	responser: autoDraw = False
413.1075 	EXP 	thermode_locali_pic: autoDraw = False
413.1075 	EXP 	responsel: autoDraw = False
413.1075 	EXP 	percu_or: autoDraw = False
413.1075 	EXP 	responser: autoDraw = False
413.1075 	EXP 	responsel: foreColor = 'white'
413.1075 	EXP 	responser: foreColor = 'white'
413.1075 	EXP 	text_pic: autoDraw = True
413.1075 	EXP 	croix_3: autoDraw = True
418.1075 	EXP 	text_pic: autoDraw = False
418.1075 	EXP 	croix_3: autoDraw = False
418.1075 	EXP 	text_pic: autoDraw = False
418.1075 	EXP 	croix_3: autoDraw = False
418.1075 	EXP 	thermode_locali_pic: height = 0.02
418.1075 	EXP 	thermode_locali_pic: height = 0.02
418.1075 	EXP 	thermode_locali_pic: height = 0.02
418.1075 	EXP 	thermode_locali_pic: text = 'T : 2'
418.1075 	EXP 	responsel: text = 'OUI              '
418.1075 	EXP 	thermode_locali_pic: autoDraw = True
426.0909 	EXP 	responsel: autoDraw = True
426.0909 	EXP 	percu_or: autoDraw = True
426.0909 	EXP 	responser: autoDraw = True
427.2254 	DATA 	Keypress: n
427.2576 	EXP 	responser: foreColor = (0, 0, 0)
427.2743 	EXP 	responser: foreColor = (0, 0, 0)
427.2910 	EXP 	responser: foreColor = (0, 0, 0)
427.3076 	EXP 	responser: foreColor = (0, 0, 0)
427.3243 	EXP 	responser: foreColor = (0, 0, 0)
427.3409 	EXP 	responser: foreColor = (0, 0, 0)
427.3577 	EXP 	responser: foreColor = (0, 0, 0)
427.3742 	EXP 	responser: foreColor = (0, 0, 0)
427.3909 	EXP 	responser: foreColor = (0, 0, 0)
427.4076 	EXP 	responser: foreColor = (0, 0, 0)
427.4242 	EXP 	responser: foreColor = (0, 0, 0)
427.4409 	EXP 	responser: foreColor = (0, 0, 0)
427.4576 	EXP 	responser: foreColor = (0, 0, 0)
427.4743 	EXP 	responser: foreColor = (0, 0, 0)
427.4910 	EXP 	responser: foreColor = (0, 0, 0)
427.5076 	EXP 	responser: foreColor = (0, 0, 0)
427.5243 	EXP 	responser: foreColor = (0, 0, 0)
427.5410 	EXP 	responser: foreColor = (0, 0, 0)
427.5576 	EXP 	responser: foreColor = (0, 0, 0)
427.5743 	EXP 	responser: foreColor = (0, 0, 0)
427.5910 	EXP 	responser: foreColor = (0, 0, 0)
427.6076 	EXP 	responser: foreColor = (0, 0, 0)
427.6243 	EXP 	responser: foreColor = (0, 0, 0)
427.6410 	EXP 	responser: foreColor = (0, 0, 0)
427.6576 	EXP 	responser: foreColor = (0, 0, 0)
427.6743 	EXP 	responser: foreColor = (0, 0, 0)
427.6910 	EXP 	responser: foreColor = (0, 0, 0)
427.7076 	EXP 	responser: foreColor = (0, 0, 0)
427.7242 	EXP 	responser: foreColor = (0, 0, 0)
427.7410 	EXP 	responser: foreColor = (0, 0, 0)
427.7576 	EXP 	responser: foreColor = (0, 0, 0)
427.7743 	EXP 	responser: foreColor = (0, 0, 0)
427.7909 	EXP 	responser: foreColor = (0, 0, 0)
427.8076 	EXP 	responser: foreColor = (0, 0, 0)
427.8243 	EXP 	responser: foreColor = (0, 0, 0)
427.8410 	EXP 	responser: foreColor = (0, 0, 0)
427.8576 	EXP 	responser: foreColor = (0, 0, 0)
427.8743 	EXP 	responser: foreColor = (0, 0, 0)
427.8909 	EXP 	responser: foreColor = (0, 0, 0)
427.9076 	EXP 	responser: foreColor = (0, 0, 0)
427.9243 	EXP 	responser: foreColor = (0, 0, 0)
427.9409 	EXP 	responser: foreColor = (0, 0, 0)
427.9576 	EXP 	responser: foreColor = (0, 0, 0)
427.9743 	EXP 	responser: foreColor = (0, 0, 0)
427.9909 	EXP 	responser: foreColor = (0, 0, 0)
428.0076 	EXP 	responser: foreColor = (0, 0, 0)
428.0243 	EXP 	responser: foreColor = (0, 0, 0)
428.0409 	EXP 	responser: foreColor = (0, 0, 0)
428.0576 	EXP 	responser: foreColor = (0, 0, 0)
428.0743 	EXP 	responser: foreColor = (0, 0, 0)
428.0909 	EXP 	responser: foreColor = (0, 0, 0)
428.1076 	EXP 	responser: foreColor = (0, 0, 0)
428.1243 	EXP 	responser: foreColor = (0, 0, 0)
428.1410 	EXP 	responser: foreColor = (0, 0, 0)
428.1576 	EXP 	responser: foreColor = (0, 0, 0)
428.1743 	EXP 	responser: foreColor = (0, 0, 0)
428.1909 	EXP 	responser: foreColor = (0, 0, 0)
428.2076 	EXP 	responser: foreColor = (0, 0, 0)
428.2243 	EXP 	responser: foreColor = (0, 0, 0)
428.2410 	EXP 	responser: foreColor = (0, 0, 0)
428.2576 	EXP 	responser: foreColor = (0, 0, 0)
428.2743 	EXP 	responser: foreColor = (0, 0, 0)
428.2910 	EXP 	responser: foreColor = (0, 0, 0)
428.3076 	EXP 	responser: foreColor = (0, 0, 0)
428.3076 	EXP 	thermode_locali_pic: autoDraw = False
428.3243 	EXP 	responser: foreColor = (0, 0, 0)
428.3410 	EXP 	responser: foreColor = (0, 0, 0)
428.3576 	EXP 	responser: foreColor = (0, 0, 0)
428.3743 	EXP 	responser: foreColor = (0, 0, 0)
428.3909 	EXP 	responser: foreColor = (0, 0, 0)
428.4076 	EXP 	responser: foreColor = (0, 0, 0)
428.4243 	EXP 	responser: foreColor = (0, 0, 0)
428.4410 	EXP 	responser: foreColor = (0, 0, 0)
428.4576 	EXP 	responser: foreColor = (0, 0, 0)
428.4743 	EXP 	responser: foreColor = (0, 0, 0)
428.4909 	EXP 	responser: foreColor = (0, 0, 0)
428.5076 	EXP 	responser: foreColor = (0, 0, 0)
428.5243 	EXP 	responser: foreColor = (0, 0, 0)
428.5409 	EXP 	responser: foreColor = (0, 0, 0)
428.5577 	EXP 	responser: foreColor = (0, 0, 0)
428.5743 	EXP 	responser: foreColor = (0, 0, 0)
428.5909 	EXP 	responser: foreColor = (0, 0, 0)
428.6076 	EXP 	responser: foreColor = (0, 0, 0)
428.6243 	EXP 	responser: foreColor = (0, 0, 0)
428.6409 	EXP 	responser: foreColor = (0, 0, 0)
428.6575 	EXP 	responser: foreColor = (0, 0, 0)
428.6743 	EXP 	responser: foreColor = (0, 0, 0)
428.6909 	EXP 	responser: foreColor = (0, 0, 0)
428.7076 	EXP 	responser: foreColor = (0, 0, 0)
428.7243 	EXP 	responser: foreColor = (0, 0, 0)
428.7410 	EXP 	responser: foreColor = (0, 0, 0)
428.7576 	EXP 	responser: foreColor = (0, 0, 0)
428.7743 	EXP 	responser: foreColor = (0, 0, 0)
428.7910 	EXP 	responser: foreColor = (0, 0, 0)
428.8076 	EXP 	responser: foreColor = (0, 0, 0)
428.8243 	EXP 	responser: foreColor = (0, 0, 0)
428.8409 	EXP 	responser: foreColor = (0, 0, 0)
428.8576 	EXP 	responser: foreColor = (0, 0, 0)
428.8743 	EXP 	responser: foreColor = (0, 0, 0)
428.8909 	EXP 	responser: foreColor = (0, 0, 0)
428.9076 	EXP 	responser: foreColor = (0, 0, 0)
428.9243 	EXP 	responser: foreColor = (0, 0, 0)
428.9409 	EXP 	responser: foreColor = (0, 0, 0)
428.9576 	EXP 	responser: foreColor = (0, 0, 0)
428.9743 	EXP 	responser: foreColor = (0, 0, 0)
428.9910 	EXP 	responser: foreColor = (0, 0, 0)
429.0076 	EXP 	responser: foreColor = (0, 0, 0)
429.0243 	EXP 	responser: foreColor = (0, 0, 0)
429.0410 	EXP 	responser: foreColor = (0, 0, 0)
429.0576 	EXP 	responser: foreColor = (0, 0, 0)
429.0743 	EXP 	responser: foreColor = (0, 0, 0)
429.0752 	EXP 	New trial (rep=15, index=0): None
429.0910 	EXP 	responser: foreColor = (0, 0, 0)
429.0910 	EXP 	responsel: autoDraw = False
429.0910 	EXP 	percu_or: autoDraw = False
429.0910 	EXP 	responser: autoDraw = False
429.0910 	EXP 	thermode_locali_pic: autoDraw = False
429.0910 	EXP 	responsel: autoDraw = False
429.0910 	EXP 	percu_or: autoDraw = False
429.0910 	EXP 	responser: autoDraw = False
429.0910 	EXP 	responsel: foreColor = 'white'
429.0910 	EXP 	responser: foreColor = 'white'
429.0910 	EXP 	text_pic: autoDraw = True
429.0910 	EXP 	croix_3: autoDraw = True
434.0911 	EXP 	text_pic: autoDraw = False
434.0911 	EXP 	croix_3: autoDraw = False
434.0911 	EXP 	text_pic: autoDraw = False
434.0911 	EXP 	croix_3: autoDraw = False
434.0911 	EXP 	thermode_locali_pic: height = 0.02
434.0911 	EXP 	thermode_locali_pic: height = 0.02
434.0911 	EXP 	thermode_locali_pic: height = 0.02
434.0911 	EXP 	thermode_locali_pic: text = 'T : 3'
434.0911 	EXP 	responsel: text = 'OUI              '
434.0911 	EXP 	thermode_locali_pic: autoDraw = True
442.0745 	EXP 	responsel: autoDraw = True
442.0745 	EXP 	percu_or: autoDraw = True
442.0745 	EXP 	responser: autoDraw = True
443.2256 	DATA 	Keypress: n
443.2578 	EXP 	responser: foreColor = (0, 0, 0)
443.2745 	EXP 	responser: foreColor = (0, 0, 0)
443.2912 	EXP 	responser: foreColor = (0, 0, 0)
443.3078 	EXP 	responser: foreColor = (0, 0, 0)
443.3245 	EXP 	responser: foreColor = (0, 0, 0)
443.3411 	EXP 	responser: foreColor = (0, 0, 0)
443.3578 	EXP 	responser: foreColor = (0, 0, 0)
443.3745 	EXP 	responser: foreColor = (0, 0, 0)
443.3911 	EXP 	responser: foreColor = (0, 0, 0)
443.4078 	EXP 	responser: foreColor = (0, 0, 0)
443.4245 	EXP 	responser: foreColor = (0, 0, 0)
443.4412 	EXP 	responser: foreColor = (0, 0, 0)
443.4578 	EXP 	responser: foreColor = (0, 0, 0)
443.4745 	EXP 	responser: foreColor = (0, 0, 0)
443.4912 	EXP 	responser: foreColor = (0, 0, 0)
443.5078 	EXP 	responser: foreColor = (0, 0, 0)
443.5245 	EXP 	responser: foreColor = (0, 0, 0)
443.5411 	EXP 	responser: foreColor = (0, 0, 0)
443.5578 	EXP 	responser: foreColor = (0, 0, 0)
443.5745 	EXP 	responser: foreColor = (0, 0, 0)
443.5911 	EXP 	responser: foreColor = (0, 0, 0)
443.6078 	EXP 	responser: foreColor = (0, 0, 0)
443.6245 	EXP 	responser: foreColor = (0, 0, 0)
443.6412 	EXP 	responser: foreColor = (0, 0, 0)
443.6578 	EXP 	responser: foreColor = (0, 0, 0)
443.6745 	EXP 	responser: foreColor = (0, 0, 0)
443.6911 	EXP 	responser: foreColor = (0, 0, 0)
443.7078 	EXP 	responser: foreColor = (0, 0, 0)
443.7245 	EXP 	responser: foreColor = (0, 0, 0)
443.7411 	EXP 	responser: foreColor = (0, 0, 0)
443.7578 	EXP 	responser: foreColor = (0, 0, 0)
443.7745 	EXP 	responser: foreColor = (0, 0, 0)
443.7911 	EXP 	responser: foreColor = (0, 0, 0)
443.8078 	EXP 	responser: foreColor = (0, 0, 0)
443.8245 	EXP 	responser: foreColor = (0, 0, 0)
443.8411 	EXP 	responser: foreColor = (0, 0, 0)
443.8578 	EXP 	responser: foreColor = (0, 0, 0)
443.8745 	EXP 	responser: foreColor = (0, 0, 0)
443.8911 	EXP 	responser: foreColor = (0, 0, 0)
443.9078 	EXP 	responser: foreColor = (0, 0, 0)
443.9245 	EXP 	responser: foreColor = (0, 0, 0)
443.9411 	EXP 	responser: foreColor = (0, 0, 0)
443.9578 	EXP 	responser: foreColor = (0, 0, 0)
443.9745 	EXP 	responser: foreColor = (0, 0, 0)
443.9911 	EXP 	responser: foreColor = (0, 0, 0)
444.0078 	EXP 	responser: foreColor = (0, 0, 0)
444.0245 	EXP 	responser: foreColor = (0, 0, 0)
444.0411 	EXP 	responser: foreColor = (0, 0, 0)
444.0578 	EXP 	responser: foreColor = (0, 0, 0)
444.0745 	EXP 	responser: foreColor = (0, 0, 0)
444.0911 	EXP 	responser: foreColor = (0, 0, 0)
444.1078 	EXP 	responser: foreColor = (0, 0, 0)
444.1245 	EXP 	responser: foreColor = (0, 0, 0)
444.1412 	EXP 	responser: foreColor = (0, 0, 0)
444.1578 	EXP 	responser: foreColor = (0, 0, 0)
444.1745 	EXP 	responser: foreColor = (0, 0, 0)
444.1912 	EXP 	responser: foreColor = (0, 0, 0)
444.2078 	EXP 	responser: foreColor = (0, 0, 0)
444.2245 	EXP 	responser: foreColor = (0, 0, 0)
444.2412 	EXP 	responser: foreColor = (0, 0, 0)
444.2578 	EXP 	responser: foreColor = (0, 0, 0)
444.2745 	EXP 	responser: foreColor = (0, 0, 0)
444.2912 	EXP 	responser: foreColor = (0, 0, 0)
444.2912 	EXP 	thermode_locali_pic: autoDraw = False
444.3078 	EXP 	responser: foreColor = (0, 0, 0)
444.3245 	EXP 	responser: foreColor = (0, 0, 0)
444.3411 	EXP 	responser: foreColor = (0, 0, 0)
444.3578 	EXP 	responser: foreColor = (0, 0, 0)
444.3745 	EXP 	responser: foreColor = (0, 0, 0)
444.3911 	EXP 	responser: foreColor = (0, 0, 0)
444.4079 	EXP 	responser: foreColor = (0, 0, 0)
444.4244 	EXP 	responser: foreColor = (0, 0, 0)
444.4412 	EXP 	responser: foreColor = (0, 0, 0)
444.4578 	EXP 	responser: foreColor = (0, 0, 0)
444.4745 	EXP 	responser: foreColor = (0, 0, 0)
444.4912 	EXP 	responser: foreColor = (0, 0, 0)
444.5078 	EXP 	responser: foreColor = (0, 0, 0)
444.5245 	EXP 	responser: foreColor = (0, 0, 0)
444.5411 	EXP 	responser: foreColor = (0, 0, 0)
444.5579 	EXP 	responser: foreColor = (0, 0, 0)
444.5745 	EXP 	responser: foreColor = (0, 0, 0)
444.5912 	EXP 	responser: foreColor = (0, 0, 0)
444.6078 	EXP 	responser: foreColor = (0, 0, 0)
444.6245 	EXP 	responser: foreColor = (0, 0, 0)
444.6412 	EXP 	responser: foreColor = (0, 0, 0)
444.6578 	EXP 	responser: foreColor = (0, 0, 0)
444.6745 	EXP 	responser: foreColor = (0, 0, 0)
444.6912 	EXP 	responser: foreColor = (0, 0, 0)
444.7078 	EXP 	responser: foreColor = (0, 0, 0)
444.7245 	EXP 	responser: foreColor = (0, 0, 0)
444.7411 	EXP 	responser: foreColor = (0, 0, 0)
444.7578 	EXP 	responser: foreColor = (0, 0, 0)
444.7745 	EXP 	responser: foreColor = (0, 0, 0)
444.7912 	EXP 	responser: foreColor = (0, 0, 0)
444.8078 	EXP 	responser: foreColor = (0, 0, 0)
444.8245 	EXP 	responser: foreColor = (0, 0, 0)
444.8412 	EXP 	responser: foreColor = (0, 0, 0)
444.8578 	EXP 	responser: foreColor = (0, 0, 0)
444.8745 	EXP 	responser: foreColor = (0, 0, 0)
444.8912 	EXP 	responser: foreColor = (0, 0, 0)
444.9078 	EXP 	responser: foreColor = (0, 0, 0)
444.9245 	EXP 	responser: foreColor = (0, 0, 0)
444.9411 	EXP 	responser: foreColor = (0, 0, 0)
444.9579 	EXP 	responser: foreColor = (0, 0, 0)
444.9745 	EXP 	responser: foreColor = (0, 0, 0)
444.9912 	EXP 	responser: foreColor = (0, 0, 0)
445.0079 	EXP 	responser: foreColor = (0, 0, 0)
445.0245 	EXP 	responser: foreColor = (0, 0, 0)
445.0411 	EXP 	responser: foreColor = (0, 0, 0)
445.0578 	EXP 	responser: foreColor = (0, 0, 0)
445.0588 	EXP 	New trial (rep=16, index=0): None
445.0745 	EXP 	responser: foreColor = (0, 0, 0)
445.0745 	EXP 	responsel: autoDraw = False
445.0745 	EXP 	percu_or: autoDraw = False
445.0745 	EXP 	responser: autoDraw = False
445.0745 	EXP 	thermode_locali_pic: autoDraw = False
445.0745 	EXP 	responsel: autoDraw = False
445.0745 	EXP 	percu_or: autoDraw = False
445.0745 	EXP 	responser: autoDraw = False
445.0745 	EXP 	responsel: foreColor = 'white'
445.0745 	EXP 	responser: foreColor = 'white'
445.0745 	EXP 	text_pic: autoDraw = True
445.0745 	EXP 	croix_3: autoDraw = True
450.0745 	EXP 	text_pic: autoDraw = False
450.0745 	EXP 	croix_3: autoDraw = False
450.0745 	EXP 	text_pic: autoDraw = False
450.0745 	EXP 	croix_3: autoDraw = False
450.0745 	EXP 	thermode_locali_pic: height = 0.02
450.0745 	EXP 	thermode_locali_pic: height = 0.02
450.0745 	EXP 	thermode_locali_pic: height = 0.02
450.0745 	EXP 	thermode_locali_pic: text = 'T : 0'
450.0745 	EXP 	responsel: text = 'OUI              '
450.0745 	EXP 	thermode_locali_pic: autoDraw = True
458.0580 	EXP 	responsel: autoDraw = True
458.0580 	EXP 	percu_or: autoDraw = True
458.0580 	EXP 	responser: autoDraw = True
459.0593 	DATA 	Keypress: n
459.1080 	EXP 	responser: foreColor = (0, 0, 0)
459.1247 	EXP 	responser: foreColor = (0, 0, 0)
459.1413 	EXP 	responser: foreColor = (0, 0, 0)
459.1580 	EXP 	responser: foreColor = (0, 0, 0)
459.1746 	EXP 	responser: foreColor = (0, 0, 0)
459.1913 	EXP 	responser: foreColor = (0, 0, 0)
459.2080 	EXP 	responser: foreColor = (0, 0, 0)
459.2247 	EXP 	responser: foreColor = (0, 0, 0)
459.2413 	EXP 	responser: foreColor = (0, 0, 0)
459.2580 	EXP 	responser: foreColor = (0, 0, 0)
459.2746 	EXP 	responser: foreColor = (0, 0, 0)
459.2913 	EXP 	responser: foreColor = (0, 0, 0)
459.3080 	EXP 	responser: foreColor = (0, 0, 0)
459.3246 	EXP 	responser: foreColor = (0, 0, 0)
459.3413 	EXP 	responser: foreColor = (0, 0, 0)
459.3580 	EXP 	responser: foreColor = (0, 0, 0)
459.3746 	EXP 	responser: foreColor = (0, 0, 0)
459.3913 	EXP 	responser: foreColor = (0, 0, 0)
459.4080 	EXP 	responser: foreColor = (0, 0, 0)
459.4246 	EXP 	responser: foreColor = (0, 0, 0)
459.4413 	EXP 	responser: foreColor = (0, 0, 0)
459.4580 	EXP 	responser: foreColor = (0, 0, 0)
459.4747 	EXP 	responser: foreColor = (0, 0, 0)
459.4913 	EXP 	responser: foreColor = (0, 0, 0)
459.5080 	EXP 	responser: foreColor = (0, 0, 0)
459.5246 	EXP 	responser: foreColor = (0, 0, 0)
459.5413 	EXP 	responser: foreColor = (0, 0, 0)
459.5580 	EXP 	responser: foreColor = (0, 0, 0)
459.5746 	EXP 	responser: foreColor = (0, 0, 0)
459.5913 	EXP 	responser: foreColor = (0, 0, 0)
459.6079 	EXP 	responser: foreColor = (0, 0, 0)
459.6246 	EXP 	responser: foreColor = (0, 0, 0)
459.6413 	EXP 	responser: foreColor = (0, 0, 0)
459.6580 	EXP 	responser: foreColor = (0, 0, 0)
459.6747 	EXP 	responser: foreColor = (0, 0, 0)
459.6913 	EXP 	responser: foreColor = (0, 0, 0)
459.7080 	EXP 	responser: foreColor = (0, 0, 0)
459.7247 	EXP 	responser: foreColor = (0, 0, 0)
459.7413 	EXP 	responser: foreColor = (0, 0, 0)
459.7580 	EXP 	responser: foreColor = (0, 0, 0)
459.7746 	EXP 	responser: foreColor = (0, 0, 0)
459.7913 	EXP 	responser: foreColor = (0, 0, 0)
459.8080 	EXP 	responser: foreColor = (0, 0, 0)
459.8247 	EXP 	responser: foreColor = (0, 0, 0)
459.8413 	EXP 	responser: foreColor = (0, 0, 0)
459.8580 	EXP 	responser: foreColor = (0, 0, 0)
459.8746 	EXP 	responser: foreColor = (0, 0, 0)
459.8913 	EXP 	responser: foreColor = (0, 0, 0)
459.9079 	EXP 	responser: foreColor = (0, 0, 0)
459.9247 	EXP 	responser: foreColor = (0, 0, 0)
459.9413 	EXP 	responser: foreColor = (0, 0, 0)
459.9580 	EXP 	responser: foreColor = (0, 0, 0)
459.9747 	EXP 	responser: foreColor = (0, 0, 0)
459.9913 	EXP 	responser: foreColor = (0, 0, 0)
460.0080 	EXP 	responser: foreColor = (0, 0, 0)
460.0246 	EXP 	responser: foreColor = (0, 0, 0)
460.0412 	EXP 	responser: foreColor = (0, 0, 0)
460.0580 	EXP 	responser: foreColor = (0, 0, 0)
460.0746 	EXP 	responser: foreColor = (0, 0, 0)
460.0913 	EXP 	responser: foreColor = (0, 0, 0)
460.1080 	EXP 	responser: foreColor = (0, 0, 0)
460.1246 	EXP 	responser: foreColor = (0, 0, 0)
460.1414 	EXP 	responser: foreColor = (0, 0, 0)
460.1580 	EXP 	responser: foreColor = (0, 0, 0)
460.1746 	EXP 	responser: foreColor = (0, 0, 0)
460.1913 	EXP 	responser: foreColor = (0, 0, 0)
460.2080 	EXP 	responser: foreColor = (0, 0, 0)
460.2246 	EXP 	responser: foreColor = (0, 0, 0)
460.2413 	EXP 	responser: foreColor = (0, 0, 0)
460.2579 	EXP 	responser: foreColor = (0, 0, 0)
460.2746 	EXP 	responser: foreColor = (0, 0, 0)
460.2746 	EXP 	thermode_locali_pic: autoDraw = False
460.2913 	EXP 	responser: foreColor = (0, 0, 0)
460.3080 	EXP 	responser: foreColor = (0, 0, 0)
460.3246 	EXP 	responser: foreColor = (0, 0, 0)
460.3413 	EXP 	responser: foreColor = (0, 0, 0)
460.3580 	EXP 	responser: foreColor = (0, 0, 0)
460.3746 	EXP 	responser: foreColor = (0, 0, 0)
460.3913 	EXP 	responser: foreColor = (0, 0, 0)
460.4080 	EXP 	responser: foreColor = (0, 0, 0)
460.4246 	EXP 	responser: foreColor = (0, 0, 0)
460.4413 	EXP 	responser: foreColor = (0, 0, 0)
460.4580 	EXP 	responser: foreColor = (0, 0, 0)
460.4746 	EXP 	responser: foreColor = (0, 0, 0)
460.4913 	EXP 	responser: foreColor = (0, 0, 0)
460.5080 	EXP 	responser: foreColor = (0, 0, 0)
460.5247 	EXP 	responser: foreColor = (0, 0, 0)
460.5413 	EXP 	responser: foreColor = (0, 0, 0)
460.5579 	EXP 	responser: foreColor = (0, 0, 0)
460.5746 	EXP 	responser: foreColor = (0, 0, 0)
460.5913 	EXP 	responser: foreColor = (0, 0, 0)
460.6079 	EXP 	responser: foreColor = (0, 0, 0)
460.6246 	EXP 	responser: foreColor = (0, 0, 0)
460.6413 	EXP 	responser: foreColor = (0, 0, 0)
460.6580 	EXP 	responser: foreColor = (0, 0, 0)
460.6746 	EXP 	responser: foreColor = (0, 0, 0)
460.6913 	EXP 	responser: foreColor = (0, 0, 0)
460.7080 	EXP 	responser: foreColor = (0, 0, 0)
460.7246 	EXP 	responser: foreColor = (0, 0, 0)
460.7413 	EXP 	responser: foreColor = (0, 0, 0)
460.7580 	EXP 	responser: foreColor = (0, 0, 0)
460.7747 	EXP 	responser: foreColor = (0, 0, 0)
460.7913 	EXP 	responser: foreColor = (0, 0, 0)
460.8079 	EXP 	responser: foreColor = (0, 0, 0)
460.8247 	EXP 	responser: foreColor = (0, 0, 0)
460.8413 	EXP 	responser: foreColor = (0, 0, 0)
460.8579 	EXP 	responser: foreColor = (0, 0, 0)
460.8746 	EXP 	responser: foreColor = (0, 0, 0)
460.8914 	EXP 	responser: foreColor = (0, 0, 0)
460.9080 	EXP 	responser: foreColor = (0, 0, 0)
460.9246 	EXP 	responser: foreColor = (0, 0, 0)
460.9413 	EXP 	responser: foreColor = (0, 0, 0)
460.9580 	EXP 	responser: foreColor = (0, 0, 0)
460.9747 	EXP 	responser: foreColor = (0, 0, 0)
460.9913 	EXP 	responser: foreColor = (0, 0, 0)
461.0080 	EXP 	responser: foreColor = (0, 0, 0)
461.0246 	EXP 	responser: foreColor = (0, 0, 0)
461.0413 	EXP 	responser: foreColor = (0, 0, 0)
461.0423 	EXP 	New trial (rep=17, index=0): None
461.0580 	EXP 	responser: foreColor = (0, 0, 0)
461.0580 	EXP 	responsel: autoDraw = False
461.0580 	EXP 	percu_or: autoDraw = False
461.0580 	EXP 	responser: autoDraw = False
461.0580 	EXP 	thermode_locali_pic: autoDraw = False
461.0580 	EXP 	responsel: autoDraw = False
461.0580 	EXP 	percu_or: autoDraw = False
461.0580 	EXP 	responser: autoDraw = False
461.0580 	EXP 	responsel: foreColor = 'white'
461.0580 	EXP 	responser: foreColor = 'white'
461.0580 	EXP 	text_pic: autoDraw = True
461.0580 	EXP 	croix_3: autoDraw = True
466.0581 	EXP 	text_pic: autoDraw = False
466.0581 	EXP 	croix_3: autoDraw = False
466.0581 	EXP 	text_pic: autoDraw = False
466.0581 	EXP 	croix_3: autoDraw = False
466.0581 	EXP 	thermode_locali_pic: height = 0.02
466.0581 	EXP 	thermode_locali_pic: height = 0.02
466.0581 	EXP 	thermode_locali_pic: height = 0.02
466.0581 	EXP 	thermode_locali_pic: text = 'T : 1'
466.0581 	EXP 	responsel: text = 'OUI              '
466.0581 	EXP 	thermode_locali_pic: autoDraw = True
474.0415 	EXP 	responsel: autoDraw = True
474.0415 	EXP 	percu_or: autoDraw = True
474.0415 	EXP 	responser: autoDraw = True
475.0926 	DATA 	Keypress: n
475.1248 	EXP 	responser: foreColor = (0, 0, 0)
475.1415 	EXP 	responser: foreColor = (0, 0, 0)
475.1582 	EXP 	responser: foreColor = (0, 0, 0)
475.1748 	EXP 	responser: foreColor = (0, 0, 0)
475.1915 	EXP 	responser: foreColor = (0, 0, 0)
475.2081 	EXP 	responser: foreColor = (0, 0, 0)
475.2248 	EXP 	responser: foreColor = (0, 0, 0)
475.2415 	EXP 	responser: foreColor = (0, 0, 0)
475.2582 	EXP 	responser: foreColor = (0, 0, 0)
475.2748 	EXP 	responser: foreColor = (0, 0, 0)
475.2914 	EXP 	responser: foreColor = (0, 0, 0)
475.3082 	EXP 	responser: foreColor = (0, 0, 0)
475.3248 	EXP 	responser: foreColor = (0, 0, 0)
475.3415 	EXP 	responser: foreColor = (0, 0, 0)
475.3581 	EXP 	responser: foreColor = (0, 0, 0)
475.3749 	EXP 	responser: foreColor = (0, 0, 0)
475.3915 	EXP 	responser: foreColor = (0, 0, 0)
475.4082 	EXP 	responser: foreColor = (0, 0, 0)
475.4248 	EXP 	responser: foreColor = (0, 0, 0)
475.4415 	EXP 	responser: foreColor = (0, 0, 0)
475.4581 	EXP 	responser: foreColor = (0, 0, 0)
475.4748 	EXP 	responser: foreColor = (0, 0, 0)
475.4915 	EXP 	responser: foreColor = (0, 0, 0)
475.5082 	EXP 	responser: foreColor = (0, 0, 0)
475.5248 	EXP 	responser: foreColor = (0, 0, 0)
475.5415 	EXP 	responser: foreColor = (0, 0, 0)
475.5582 	EXP 	responser: foreColor = (0, 0, 0)
475.5748 	EXP 	responser: foreColor = (0, 0, 0)
475.5915 	EXP 	responser: foreColor = (0, 0, 0)
475.6082 	EXP 	responser: foreColor = (0, 0, 0)
475.6248 	EXP 	responser: foreColor = (0, 0, 0)
475.6414 	EXP 	responser: foreColor = (0, 0, 0)
475.6582 	EXP 	responser: foreColor = (0, 0, 0)
475.6749 	EXP 	responser: foreColor = (0, 0, 0)
475.6915 	EXP 	responser: foreColor = (0, 0, 0)
475.7082 	EXP 	responser: foreColor = (0, 0, 0)
475.7248 	EXP 	responser: foreColor = (0, 0, 0)
475.7415 	EXP 	responser: foreColor = (0, 0, 0)
475.7582 	EXP 	responser: foreColor = (0, 0, 0)
475.7748 	EXP 	responser: foreColor = (0, 0, 0)
475.7915 	EXP 	responser: foreColor = (0, 0, 0)
475.8081 	EXP 	responser: foreColor = (0, 0, 0)
475.8248 	EXP 	responser: foreColor = (0, 0, 0)
475.8415 	EXP 	responser: foreColor = (0, 0, 0)
475.8582 	EXP 	responser: foreColor = (0, 0, 0)
475.8748 	EXP 	responser: foreColor = (0, 0, 0)
475.8915 	EXP 	responser: foreColor = (0, 0, 0)
475.9082 	EXP 	responser: foreColor = (0, 0, 0)
475.9248 	EXP 	responser: foreColor = (0, 0, 0)
475.9415 	EXP 	responser: foreColor = (0, 0, 0)
475.9581 	EXP 	responser: foreColor = (0, 0, 0)
475.9748 	EXP 	responser: foreColor = (0, 0, 0)
475.9915 	EXP 	responser: foreColor = (0, 0, 0)
476.0082 	EXP 	responser: foreColor = (0, 0, 0)
476.0248 	EXP 	responser: foreColor = (0, 0, 0)
476.0415 	EXP 	responser: foreColor = (0, 0, 0)
476.0582 	EXP 	responser: foreColor = (0, 0, 0)
476.0748 	EXP 	responser: foreColor = (0, 0, 0)
476.0915 	EXP 	responser: foreColor = (0, 0, 0)
476.1082 	EXP 	responser: foreColor = (0, 0, 0)
476.1249 	EXP 	responser: foreColor = (0, 0, 0)
476.1415 	EXP 	responser: foreColor = (0, 0, 0)
476.1582 	EXP 	responser: foreColor = (0, 0, 0)
476.1748 	EXP 	responser: foreColor = (0, 0, 0)
476.1915 	EXP 	responser: foreColor = (0, 0, 0)
476.2082 	EXP 	responser: foreColor = (0, 0, 0)
476.2248 	EXP 	responser: foreColor = (0, 0, 0)
476.2417 	EXP 	responser: foreColor = (0, 0, 0)
476.2582 	EXP 	responser: foreColor = (0, 0, 0)
476.2582 	EXP 	thermode_locali_pic: autoDraw = False
476.2749 	EXP 	responser: foreColor = (0, 0, 0)
476.2915 	EXP 	responser: foreColor = (0, 0, 0)
476.3082 	EXP 	responser: foreColor = (0, 0, 0)
476.3248 	EXP 	responser: foreColor = (0, 0, 0)
476.3415 	EXP 	responser: foreColor = (0, 0, 0)
476.3582 	EXP 	responser: foreColor = (0, 0, 0)
476.3748 	EXP 	responser: foreColor = (0, 0, 0)
476.3915 	EXP 	responser: foreColor = (0, 0, 0)
476.4082 	EXP 	responser: foreColor = (0, 0, 0)
476.4248 	EXP 	responser: foreColor = (0, 0, 0)
476.4415 	EXP 	responser: foreColor = (0, 0, 0)
476.4582 	EXP 	responser: foreColor = (0, 0, 0)
476.4748 	EXP 	responser: foreColor = (0, 0, 0)
476.4915 	EXP 	responser: foreColor = (0, 0, 0)
476.5082 	EXP 	responser: foreColor = (0, 0, 0)
476.5249 	EXP 	responser: foreColor = (0, 0, 0)
476.5415 	EXP 	responser: foreColor = (0, 0, 0)
476.5582 	EXP 	responser: foreColor = (0, 0, 0)
476.5748 	EXP 	responser: foreColor = (0, 0, 0)
476.5915 	EXP 	responser: foreColor = (0, 0, 0)
476.6082 	EXP 	responser: foreColor = (0, 0, 0)
476.6248 	EXP 	responser: foreColor = (0, 0, 0)
476.6415 	EXP 	responser: foreColor = (0, 0, 0)
476.6582 	EXP 	responser: foreColor = (0, 0, 0)
476.6748 	EXP 	responser: foreColor = (0, 0, 0)
476.6915 	EXP 	responser: foreColor = (0, 0, 0)
476.7082 	EXP 	responser: foreColor = (0, 0, 0)
476.7248 	EXP 	responser: foreColor = (0, 0, 0)
476.7415 	EXP 	responser: foreColor = (0, 0, 0)
476.7588 	EXP 	responser: foreColor = (0, 0, 0)
476.7748 	EXP 	responser: foreColor = (0, 0, 0)
476.7915 	EXP 	responser: foreColor = (0, 0, 0)
476.8081 	EXP 	responser: foreColor = (0, 0, 0)
476.8248 	EXP 	responser: foreColor = (0, 0, 0)
476.8415 	EXP 	responser: foreColor = (0, 0, 0)
476.8581 	EXP 	responser: foreColor = (0, 0, 0)
476.8748 	EXP 	responser: foreColor = (0, 0, 0)
476.8915 	EXP 	responser: foreColor = (0, 0, 0)
476.9081 	EXP 	responser: foreColor = (0, 0, 0)
476.9248 	EXP 	responser: foreColor = (0, 0, 0)
476.9414 	EXP 	responser: foreColor = (0, 0, 0)
476.9581 	EXP 	responser: foreColor = (0, 0, 0)
476.9748 	EXP 	responser: foreColor = (0, 0, 0)
476.9915 	EXP 	responser: foreColor = (0, 0, 0)
477.0081 	EXP 	responser: foreColor = (0, 0, 0)
477.0248 	EXP 	responser: foreColor = (0, 0, 0)
477.0257 	EXP 	New trial (rep=18, index=0): None
477.0415 	EXP 	responser: foreColor = (0, 0, 0)
477.0415 	EXP 	responsel: autoDraw = False
477.0415 	EXP 	percu_or: autoDraw = False
477.0415 	EXP 	responser: autoDraw = False
477.0415 	EXP 	thermode_locali_pic: autoDraw = False
477.0415 	EXP 	responsel: autoDraw = False
477.0415 	EXP 	percu_or: autoDraw = False
477.0415 	EXP 	responser: autoDraw = False
477.0415 	EXP 	responsel: foreColor = 'white'
477.0415 	EXP 	responser: foreColor = 'white'
477.0415 	EXP 	text_pic: autoDraw = True
477.0415 	EXP 	croix_3: autoDraw = True
482.0415 	EXP 	text_pic: autoDraw = False
482.0415 	EXP 	croix_3: autoDraw = False
482.0415 	EXP 	text_pic: autoDraw = False
482.0415 	EXP 	croix_3: autoDraw = False
482.0415 	EXP 	thermode_locali_pic: height = 0.02
482.0415 	EXP 	thermode_locali_pic: height = 0.02
482.0415 	EXP 	thermode_locali_pic: height = 0.02
482.0415 	EXP 	thermode_locali_pic: text = 'T : 2'
482.0415 	EXP 	responsel: text = 'OUI              '
482.0415 	EXP 	thermode_locali_pic: autoDraw = True
490.0249 	EXP 	responsel: autoDraw = True
490.0249 	EXP 	percu_or: autoDraw = True
490.0249 	EXP 	responser: autoDraw = True
491.7594 	DATA 	Keypress: n
491.7917 	EXP 	responser: foreColor = (0, 0, 0)
491.8082 	EXP 	responser: foreColor = (0, 0, 0)
491.8250 	EXP 	responser: foreColor = (0, 0, 0)
491.8417 	EXP 	responser: foreColor = (0, 0, 0)
491.8583 	EXP 	responser: foreColor = (0, 0, 0)
491.8750 	EXP 	responser: foreColor = (0, 0, 0)
491.8916 	EXP 	responser: foreColor = (0, 0, 0)
491.9083 	EXP 	responser: foreColor = (0, 0, 0)
491.9250 	EXP 	responser: foreColor = (0, 0, 0)
491.9417 	EXP 	responser: foreColor = (0, 0, 0)
491.9583 	EXP 	responser: foreColor = (0, 0, 0)
491.9750 	EXP 	responser: foreColor = (0, 0, 0)
491.9917 	EXP 	responser: foreColor = (0, 0, 0)
492.0084 	EXP 	responser: foreColor = (0, 0, 0)
492.0250 	EXP 	responser: foreColor = (0, 0, 0)
492.0417 	EXP 	responser: foreColor = (0, 0, 0)
492.0583 	EXP 	responser: foreColor = (0, 0, 0)
492.0750 	EXP 	responser: foreColor = (0, 0, 0)
492.0917 	EXP 	responser: foreColor = (0, 0, 0)
492.1083 	EXP 	responser: foreColor = (0, 0, 0)
492.1250 	EXP 	responser: foreColor = (0, 0, 0)
492.1417 	EXP 	responser: foreColor = (0, 0, 0)
492.1583 	EXP 	responser: foreColor = (0, 0, 0)
492.1750 	EXP 	responser: foreColor = (0, 0, 0)
492.1917 	EXP 	responser: foreColor = (0, 0, 0)
492.2083 	EXP 	responser: foreColor = (0, 0, 0)
492.2250 	EXP 	responser: foreColor = (0, 0, 0)
492.2417 	EXP 	responser: foreColor = (0, 0, 0)
492.2417 	EXP 	thermode_locali_pic: autoDraw = False
492.2583 	EXP 	responser: foreColor = (0, 0, 0)
492.2750 	EXP 	responser: foreColor = (0, 0, 0)
492.2917 	EXP 	responser: foreColor = (0, 0, 0)
492.3084 	EXP 	responser: foreColor = (0, 0, 0)
492.3250 	EXP 	responser: foreColor = (0, 0, 0)
492.3417 	EXP 	responser: foreColor = (0, 0, 0)
492.3583 	EXP 	responser: foreColor = (0, 0, 0)
492.3751 	EXP 	responser: foreColor = (0, 0, 0)
492.3917 	EXP 	responser: foreColor = (0, 0, 0)
492.4083 	EXP 	responser: foreColor = (0, 0, 0)
492.4250 	EXP 	responser: foreColor = (0, 0, 0)
492.4417 	EXP 	responser: foreColor = (0, 0, 0)
492.4583 	EXP 	responser: foreColor = (0, 0, 0)
492.4750 	EXP 	responser: foreColor = (0, 0, 0)
492.4917 	EXP 	responser: foreColor = (0, 0, 0)
492.5083 	EXP 	responser: foreColor = (0, 0, 0)
492.5250 	EXP 	responser: foreColor = (0, 0, 0)
492.5417 	EXP 	responser: foreColor = (0, 0, 0)
492.5583 	EXP 	responser: foreColor = (0, 0, 0)
492.5751 	EXP 	responser: foreColor = (0, 0, 0)
492.5917 	EXP 	responser: foreColor = (0, 0, 0)
492.6084 	EXP 	responser: foreColor = (0, 0, 0)
492.6250 	EXP 	responser: foreColor = (0, 0, 0)
492.6417 	EXP 	responser: foreColor = (0, 0, 0)
492.6583 	EXP 	responser: foreColor = (0, 0, 0)
492.6750 	EXP 	responser: foreColor = (0, 0, 0)
492.6917 	EXP 	responser: foreColor = (0, 0, 0)
492.7083 	EXP 	responser: foreColor = (0, 0, 0)
492.7250 	EXP 	responser: foreColor = (0, 0, 0)
492.7417 	EXP 	responser: foreColor = (0, 0, 0)
492.7583 	EXP 	responser: foreColor = (0, 0, 0)
492.7750 	EXP 	responser: foreColor = (0, 0, 0)
492.7916 	EXP 	responser: foreColor = (0, 0, 0)
492.8083 	EXP 	responser: foreColor = (0, 0, 0)
492.8250 	EXP 	responser: foreColor = (0, 0, 0)
492.8417 	EXP 	responser: foreColor = (0, 0, 0)
492.8583 	EXP 	responser: foreColor = (0, 0, 0)
492.8750 	EXP 	responser: foreColor = (0, 0, 0)
492.8917 	EXP 	responser: foreColor = (0, 0, 0)
492.9083 	EXP 	responser: foreColor = (0, 0, 0)
492.9250 	EXP 	responser: foreColor = (0, 0, 0)
492.9417 	EXP 	responser: foreColor = (0, 0, 0)
492.9584 	EXP 	responser: foreColor = (0, 0, 0)
492.9750 	EXP 	responser: foreColor = (0, 0, 0)
492.9916 	EXP 	responser: foreColor = (0, 0, 0)
493.0083 	EXP 	responser: foreColor = (0, 0, 0)
493.0093 	EXP 	New trial (rep=19, index=0): None
493.0250 	EXP 	responser: foreColor = (0, 0, 0)
493.0250 	EXP 	responsel: autoDraw = False
493.0250 	EXP 	percu_or: autoDraw = False
493.0250 	EXP 	responser: autoDraw = False
493.0250 	EXP 	thermode_locali_pic: autoDraw = False
493.0250 	EXP 	responsel: autoDraw = False
493.0250 	EXP 	percu_or: autoDraw = False
493.0250 	EXP 	responser: autoDraw = False
493.0250 	EXP 	responsel: foreColor = 'white'
493.0250 	EXP 	responser: foreColor = 'white'
493.0250 	EXP 	text_pic: autoDraw = True
493.0250 	EXP 	croix_3: autoDraw = True
498.0251 	EXP 	text_pic: autoDraw = False
498.0251 	EXP 	croix_3: autoDraw = False
498.0251 	EXP 	text_pic: autoDraw = False
498.0251 	EXP 	croix_3: autoDraw = False
498.0251 	EXP 	thermode_locali_pic: height = 0.02
498.0251 	EXP 	thermode_locali_pic: height = 0.02
498.0251 	EXP 	thermode_locali_pic: height = 0.02
498.0251 	EXP 	thermode_locali_pic: text = 'T : 3'
498.0251 	EXP 	responsel: text = 'OUI              '
498.0251 	EXP 	thermode_locali_pic: autoDraw = True
506.0085 	EXP 	responsel: autoDraw = True
506.0085 	EXP 	percu_or: autoDraw = True
506.0085 	EXP 	responser: autoDraw = True
507.9930 	DATA 	Keypress: n
508.0252 	EXP 	responser: foreColor = (0, 0, 0)
508.0418 	EXP 	responser: foreColor = (0, 0, 0)
508.0585 	EXP 	responser: foreColor = (0, 0, 0)
508.0752 	EXP 	responser: foreColor = (0, 0, 0)
508.0918 	EXP 	responser: foreColor = (0, 0, 0)
508.1085 	EXP 	responser: foreColor = (0, 0, 0)
508.1252 	EXP 	responser: foreColor = (0, 0, 0)
508.1418 	EXP 	responser: foreColor = (0, 0, 0)
508.1585 	EXP 	responser: foreColor = (0, 0, 0)
508.1752 	EXP 	responser: foreColor = (0, 0, 0)
508.1919 	EXP 	responser: foreColor = (0, 0, 0)
508.2085 	EXP 	responser: foreColor = (0, 0, 0)
508.2252 	EXP 	responser: foreColor = (0, 0, 0)
508.2252 	EXP 	thermode_locali_pic: autoDraw = False
508.2419 	EXP 	responser: foreColor = (0, 0, 0)
508.2585 	EXP 	responser: foreColor = (0, 0, 0)
508.2752 	EXP 	responser: foreColor = (0, 0, 0)
508.2918 	EXP 	responser: foreColor = (0, 0, 0)
508.3085 	EXP 	responser: foreColor = (0, 0, 0)
508.3252 	EXP 	responser: foreColor = (0, 0, 0)
508.3418 	EXP 	responser: foreColor = (0, 0, 0)
508.3585 	EXP 	responser: foreColor = (0, 0, 0)
508.3752 	EXP 	responser: foreColor = (0, 0, 0)
508.3919 	EXP 	responser: foreColor = (0, 0, 0)
508.4085 	EXP 	responser: foreColor = (0, 0, 0)
508.4252 	EXP 	responser: foreColor = (0, 0, 0)
508.4418 	EXP 	responser: foreColor = (0, 0, 0)
508.4585 	EXP 	responser: foreColor = (0, 0, 0)
508.4752 	EXP 	responser: foreColor = (0, 0, 0)
508.4919 	EXP 	responser: foreColor = (0, 0, 0)
508.5085 	EXP 	responser: foreColor = (0, 0, 0)
508.5251 	EXP 	responser: foreColor = (0, 0, 0)
508.5419 	EXP 	responser: foreColor = (0, 0, 0)
508.5585 	EXP 	responser: foreColor = (0, 0, 0)
508.5752 	EXP 	responser: foreColor = (0, 0, 0)
508.5918 	EXP 	responser: foreColor = (0, 0, 0)
508.6085 	EXP 	responser: foreColor = (0, 0, 0)
508.6252 	EXP 	responser: foreColor = (0, 0, 0)
508.6418 	EXP 	responser: foreColor = (0, 0, 0)
508.6585 	EXP 	responser: foreColor = (0, 0, 0)
508.6752 	EXP 	responser: foreColor = (0, 0, 0)
508.6918 	EXP 	responser: foreColor = (0, 0, 0)
508.7085 	EXP 	responser: foreColor = (0, 0, 0)
508.7252 	EXP 	responser: foreColor = (0, 0, 0)
508.7418 	EXP 	responser: foreColor = (0, 0, 0)
508.7585 	EXP 	responser: foreColor = (0, 0, 0)
508.7752 	EXP 	responser: foreColor = (0, 0, 0)
508.7919 	EXP 	responser: foreColor = (0, 0, 0)
508.8084 	EXP 	responser: foreColor = (0, 0, 0)
508.8252 	EXP 	responser: foreColor = (0, 0, 0)
508.8419 	EXP 	responser: foreColor = (0, 0, 0)
508.8586 	EXP 	responser: foreColor = (0, 0, 0)
508.8752 	EXP 	responser: foreColor = (0, 0, 0)
508.8918 	EXP 	responser: foreColor = (0, 0, 0)
508.9085 	EXP 	responser: foreColor = (0, 0, 0)
508.9252 	EXP 	responser: foreColor = (0, 0, 0)
508.9418 	EXP 	responser: foreColor = (0, 0, 0)
508.9585 	EXP 	responser: foreColor = (0, 0, 0)
508.9752 	EXP 	responser: foreColor = (0, 0, 0)
508.9918 	EXP 	responser: foreColor = (0, 0, 0)
508.9928 	EXP 	New trial (rep=20, index=0): None
509.0085 	EXP 	responser: foreColor = (0, 0, 0)
509.0085 	EXP 	responsel: autoDraw = False
509.0085 	EXP 	percu_or: autoDraw = False
509.0085 	EXP 	responser: autoDraw = False
509.0085 	EXP 	thermode_locali_pic: autoDraw = False
509.0085 	EXP 	responsel: autoDraw = False
509.0085 	EXP 	percu_or: autoDraw = False
509.0085 	EXP 	responser: autoDraw = False
509.0085 	EXP 	responsel: foreColor = 'white'
509.0085 	EXP 	responser: foreColor = 'white'
509.0085 	EXP 	text_pic: autoDraw = True
509.0085 	EXP 	croix_3: autoDraw = True
514.0086 	EXP 	text_pic: autoDraw = False
514.0086 	EXP 	croix_3: autoDraw = False
514.0086 	EXP 	text_pic: autoDraw = False
514.0086 	EXP 	croix_3: autoDraw = False
514.0086 	EXP 	thermode_locali_pic: height = 0.02
514.0086 	EXP 	thermode_locali_pic: height = 0.02
514.0086 	EXP 	thermode_locali_pic: height = 0.02
514.0086 	EXP 	thermode_locali_pic: text = 'T : 0'
514.0086 	EXP 	responsel: text = 'OUI              '
514.0086 	EXP 	thermode_locali_pic: autoDraw = True
521.9920 	EXP 	responsel: autoDraw = True
521.9920 	EXP 	percu_or: autoDraw = True
521.9920 	EXP 	responser: autoDraw = True
524.2087 	EXP 	thermode_locali_pic: autoDraw = False
524.5596 	DATA 	Keypress: n
524.5919 	EXP 	responser: foreColor = (0, 0, 0)
524.6087 	EXP 	responser: foreColor = (0, 0, 0)
524.6253 	EXP 	responser: foreColor = (0, 0, 0)
524.6420 	EXP 	responser: foreColor = (0, 0, 0)
524.6587 	EXP 	responser: foreColor = (0, 0, 0)
524.6754 	EXP 	responser: foreColor = (0, 0, 0)
524.6920 	EXP 	responser: foreColor = (0, 0, 0)
524.7087 	EXP 	responser: foreColor = (0, 0, 0)
524.7253 	EXP 	responser: foreColor = (0, 0, 0)
524.7420 	EXP 	responser: foreColor = (0, 0, 0)
524.7587 	EXP 	responser: foreColor = (0, 0, 0)
524.7753 	EXP 	responser: foreColor = (0, 0, 0)
524.7920 	EXP 	responser: foreColor = (0, 0, 0)
524.8087 	EXP 	responser: foreColor = (0, 0, 0)
524.8253 	EXP 	responser: foreColor = (0, 0, 0)
524.8420 	EXP 	responser: foreColor = (0, 0, 0)
524.8587 	EXP 	responser: foreColor = (0, 0, 0)
524.8753 	EXP 	responser: foreColor = (0, 0, 0)
524.8921 	EXP 	responser: foreColor = (0, 0, 0)
524.9087 	EXP 	responser: foreColor = (0, 0, 0)
524.9253 	EXP 	responser: foreColor = (0, 0, 0)
524.9420 	EXP 	responser: foreColor = (0, 0, 0)
524.9587 	EXP 	responser: foreColor = (0, 0, 0)
524.9753 	EXP 	responser: foreColor = (0, 0, 0)
524.9762 	EXP 	New trial (rep=21, index=0): None
524.9920 	EXP 	responser: foreColor = (0, 0, 0)
524.9920 	EXP 	responsel: autoDraw = False
524.9920 	EXP 	percu_or: autoDraw = False
524.9920 	EXP 	responser: autoDraw = False
524.9920 	EXP 	thermode_locali_pic: autoDraw = False
524.9920 	EXP 	responsel: autoDraw = False
524.9920 	EXP 	percu_or: autoDraw = False
524.9920 	EXP 	responser: autoDraw = False
524.9920 	EXP 	responsel: foreColor = 'white'
524.9920 	EXP 	responser: foreColor = 'white'
524.9920 	EXP 	text_pic: autoDraw = True
524.9920 	EXP 	croix_3: autoDraw = True
529.9921 	EXP 	text_pic: autoDraw = False
529.9921 	EXP 	croix_3: autoDraw = False
529.9921 	EXP 	text_pic: autoDraw = False
529.9921 	EXP 	croix_3: autoDraw = False
529.9921 	EXP 	thermode_locali_pic: height = 0.02
529.9921 	EXP 	thermode_locali_pic: height = 0.02
529.9921 	EXP 	thermode_locali_pic: height = 0.02
529.9921 	EXP 	thermode_locali_pic: text = 'T : 1'
529.9921 	EXP 	responsel: text = 'OUI              '
529.9921 	EXP 	thermode_locali_pic: autoDraw = True
537.9755 	EXP 	responsel: autoDraw = True
537.9755 	EXP 	percu_or: autoDraw = True
537.9755 	EXP 	responser: autoDraw = True
539.7766 	DATA 	Keypress: n
539.8088 	EXP 	responser: foreColor = (0, 0, 0)
539.8255 	EXP 	responser: foreColor = (0, 0, 0)
539.8424 	EXP 	responser: foreColor = (0, 0, 0)
539.8590 	EXP 	responser: foreColor = (0, 0, 0)
539.8756 	EXP 	responser: foreColor = (0, 0, 0)
539.8922 	EXP 	responser: foreColor = (0, 0, 0)
539.9089 	EXP 	responser: foreColor = (0, 0, 0)
539.9256 	EXP 	responser: foreColor = (0, 0, 0)
539.9422 	EXP 	responser: foreColor = (0, 0, 0)
539.9589 	EXP 	responser: foreColor = (0, 0, 0)
539.9755 	EXP 	responser: foreColor = (0, 0, 0)
539.9922 	EXP 	responser: foreColor = (0, 0, 0)
540.0089 	EXP 	responser: foreColor = (0, 0, 0)
540.0256 	EXP 	responser: foreColor = (0, 0, 0)
540.0422 	EXP 	responser: foreColor = (0, 0, 0)
540.0589 	EXP 	responser: foreColor = (0, 0, 0)
540.0755 	EXP 	responser: foreColor = (0, 0, 0)
540.0922 	EXP 	responser: foreColor = (0, 0, 0)
540.1089 	EXP 	responser: foreColor = (0, 0, 0)
540.1256 	EXP 	responser: foreColor = (0, 0, 0)
540.1422 	EXP 	responser: foreColor = (0, 0, 0)
540.1589 	EXP 	responser: foreColor = (0, 0, 0)
540.1755 	EXP 	responser: foreColor = (0, 0, 0)
540.1922 	EXP 	responser: foreColor = (0, 0, 0)
540.1922 	EXP 	thermode_locali_pic: autoDraw = False
540.2088 	EXP 	responser: foreColor = (0, 0, 0)
540.2255 	EXP 	responser: foreColor = (0, 0, 0)
540.2422 	EXP 	responser: foreColor = (0, 0, 0)
540.2589 	EXP 	responser: foreColor = (0, 0, 0)
540.2755 	EXP 	responser: foreColor = (0, 0, 0)
540.2922 	EXP 	responser: foreColor = (0, 0, 0)
540.3089 	EXP 	responser: foreColor = (0, 0, 0)
540.3255 	EXP 	responser: foreColor = (0, 0, 0)
540.3422 	EXP 	responser: foreColor = (0, 0, 0)
540.3589 	EXP 	responser: foreColor = (0, 0, 0)
540.3755 	EXP 	responser: foreColor = (0, 0, 0)
540.3922 	EXP 	responser: foreColor = (0, 0, 0)
540.4089 	EXP 	responser: foreColor = (0, 0, 0)
540.4255 	EXP 	responser: foreColor = (0, 0, 0)
540.4422 	EXP 	responser: foreColor = (0, 0, 0)
540.4589 	EXP 	responser: foreColor = (0, 0, 0)
540.4755 	EXP 	responser: foreColor = (0, 0, 0)
540.4922 	EXP 	responser: foreColor = (0, 0, 0)
540.5089 	EXP 	responser: foreColor = (0, 0, 0)
540.5255 	EXP 	responser: foreColor = (0, 0, 0)
540.5422 	EXP 	responser: foreColor = (0, 0, 0)
540.5588 	EXP 	responser: foreColor = (0, 0, 0)
540.5755 	EXP 	responser: foreColor = (0, 0, 0)
540.5922 	EXP 	responser: foreColor = (0, 0, 0)
540.6089 	EXP 	responser: foreColor = (0, 0, 0)
540.6256 	EXP 	responser: foreColor = (0, 0, 0)
540.6422 	EXP 	responser: foreColor = (0, 0, 0)
540.6589 	EXP 	responser: foreColor = (0, 0, 0)
540.6755 	EXP 	responser: foreColor = (0, 0, 0)
540.6922 	EXP 	responser: foreColor = (0, 0, 0)
540.7089 	EXP 	responser: foreColor = (0, 0, 0)
540.7255 	EXP 	responser: foreColor = (0, 0, 0)
540.7422 	EXP 	responser: foreColor = (0, 0, 0)
540.7589 	EXP 	responser: foreColor = (0, 0, 0)
540.7755 	EXP 	responser: foreColor = (0, 0, 0)
540.7922 	EXP 	responser: foreColor = (0, 0, 0)
540.8089 	EXP 	responser: foreColor = (0, 0, 0)
540.8255 	EXP 	responser: foreColor = (0, 0, 0)
540.8422 	EXP 	responser: foreColor = (0, 0, 0)
540.8588 	EXP 	responser: foreColor = (0, 0, 0)
540.8755 	EXP 	responser: foreColor = (0, 0, 0)
540.8922 	EXP 	responser: foreColor = (0, 0, 0)
540.9089 	EXP 	responser: foreColor = (0, 0, 0)
540.9255 	EXP 	responser: foreColor = (0, 0, 0)
540.9422 	EXP 	responser: foreColor = (0, 0, 0)
540.9589 	EXP 	responser: foreColor = (0, 0, 0)
540.9598 	EXP 	New trial (rep=22, index=0): None
540.9756 	EXP 	responser: foreColor = (0, 0, 0)
540.9756 	EXP 	responsel: autoDraw = False
540.9756 	EXP 	percu_or: autoDraw = False
540.9756 	EXP 	responser: autoDraw = False
540.9756 	EXP 	thermode_locali_pic: autoDraw = False
540.9756 	EXP 	responsel: autoDraw = False
540.9756 	EXP 	percu_or: autoDraw = False
540.9756 	EXP 	responser: autoDraw = False
540.9756 	EXP 	responsel: foreColor = 'white'
540.9756 	EXP 	responser: foreColor = 'white'
540.9756 	EXP 	text_pic: autoDraw = True
540.9756 	EXP 	croix_3: autoDraw = True
545.9757 	EXP 	text_pic: autoDraw = False
545.9757 	EXP 	croix_3: autoDraw = False
545.9757 	EXP 	text_pic: autoDraw = False
545.9757 	EXP 	croix_3: autoDraw = False
545.9757 	EXP 	thermode_locali_pic: height = 0.02
545.9757 	EXP 	thermode_locali_pic: height = 0.02
545.9757 	EXP 	thermode_locali_pic: height = 0.02
545.9757 	EXP 	thermode_locali_pic: text = 'T : 2'
545.9757 	EXP 	responsel: text = 'OUI              '
545.9757 	EXP 	thermode_locali_pic: autoDraw = True
553.9590 	EXP 	responsel: autoDraw = True
553.9590 	EXP 	percu_or: autoDraw = True
553.9590 	EXP 	responser: autoDraw = True
556.1756 	EXP 	thermode_locali_pic: autoDraw = False
556.9434 	EXP 	New trial (rep=23, index=0): None
556.9591 	EXP 	responsel: autoDraw = False
556.9591 	EXP 	percu_or: autoDraw = False
556.9591 	EXP 	responser: autoDraw = False
556.9591 	EXP 	thermode_locali_pic: autoDraw = False
556.9591 	EXP 	responsel: autoDraw = False
556.9591 	EXP 	percu_or: autoDraw = False
556.9591 	EXP 	responser: autoDraw = False
556.9591 	EXP 	responsel: foreColor = 'white'
556.9591 	EXP 	responser: foreColor = 'white'
556.9591 	EXP 	text_pic: autoDraw = True
556.9591 	EXP 	croix_3: autoDraw = True
561.9591 	EXP 	text_pic: autoDraw = False
561.9591 	EXP 	croix_3: autoDraw = False
561.9591 	EXP 	text_pic: autoDraw = False
561.9591 	EXP 	croix_3: autoDraw = False
561.9591 	EXP 	thermode_locali_pic: height = 0.02
561.9591 	EXP 	thermode_locali_pic: height = 0.02
561.9591 	EXP 	thermode_locali_pic: height = 0.02
561.9591 	EXP 	thermode_locali_pic: text = 'T : 3'
561.9591 	EXP 	responsel: text = 'OUI              '
561.9591 	EXP 	thermode_locali_pic: autoDraw = True
569.9425 	EXP 	responsel: autoDraw = True
569.9425 	EXP 	percu_or: autoDraw = True
569.9425 	EXP 	responser: autoDraw = True
570.7103 	DATA 	Keypress: n
570.7425 	EXP 	responser: foreColor = (0, 0, 0)
570.7592 	EXP 	responser: foreColor = (0, 0, 0)
570.7759 	EXP 	responser: foreColor = (0, 0, 0)
570.7925 	EXP 	responser: foreColor = (0, 0, 0)
570.8092 	EXP 	responser: foreColor = (0, 0, 0)
570.8258 	EXP 	responser: foreColor = (0, 0, 0)
570.8425 	EXP 	responser: foreColor = (0, 0, 0)
570.8592 	EXP 	responser: foreColor = (0, 0, 0)
570.8758 	EXP 	responser: foreColor = (0, 0, 0)
570.8926 	EXP 	responser: foreColor = (0, 0, 0)
570.9092 	EXP 	responser: foreColor = (0, 0, 0)
570.9258 	EXP 	responser: foreColor = (0, 0, 0)
570.9425 	EXP 	responser: foreColor = (0, 0, 0)
570.9592 	EXP 	responser: foreColor = (0, 0, 0)
570.9759 	EXP 	responser: foreColor = (0, 0, 0)
570.9925 	EXP 	responser: foreColor = (0, 0, 0)
571.0092 	EXP 	responser: foreColor = (0, 0, 0)
571.0259 	EXP 	responser: foreColor = (0, 0, 0)
571.0425 	EXP 	responser: foreColor = (0, 0, 0)
571.0592 	EXP 	responser: foreColor = (0, 0, 0)
571.0759 	EXP 	responser: foreColor = (0, 0, 0)
571.0925 	EXP 	responser: foreColor = (0, 0, 0)
571.1092 	EXP 	responser: foreColor = (0, 0, 0)
571.1259 	EXP 	responser: foreColor = (0, 0, 0)
571.1425 	EXP 	responser: foreColor = (0, 0, 0)
571.1592 	EXP 	responser: foreColor = (0, 0, 0)
571.1759 	EXP 	responser: foreColor = (0, 0, 0)
571.1925 	EXP 	responser: foreColor = (0, 0, 0)
571.2092 	EXP 	responser: foreColor = (0, 0, 0)
571.2258 	EXP 	responser: foreColor = (0, 0, 0)
571.2425 	EXP 	responser: foreColor = (0, 0, 0)
571.2592 	EXP 	responser: foreColor = (0, 0, 0)
571.2759 	EXP 	responser: foreColor = (0, 0, 0)
571.2925 	EXP 	responser: foreColor = (0, 0, 0)
571.3092 	EXP 	responser: foreColor = (0, 0, 0)
571.3259 	EXP 	responser: foreColor = (0, 0, 0)
571.3425 	EXP 	responser: foreColor = (0, 0, 0)
571.3592 	EXP 	responser: foreColor = (0, 0, 0)
571.3759 	EXP 	responser: foreColor = (0, 0, 0)
571.3925 	EXP 	responser: foreColor = (0, 0, 0)
571.4092 	EXP 	responser: foreColor = (0, 0, 0)
571.4259 	EXP 	responser: foreColor = (0, 0, 0)
571.4426 	EXP 	responser: foreColor = (0, 0, 0)
571.4592 	EXP 	responser: foreColor = (0, 0, 0)
571.4759 	EXP 	responser: foreColor = (0, 0, 0)
571.4925 	EXP 	responser: foreColor = (0, 0, 0)
571.5092 	EXP 	responser: foreColor = (0, 0, 0)
571.5259 	EXP 	responser: foreColor = (0, 0, 0)
571.5425 	EXP 	responser: foreColor = (0, 0, 0)
571.5593 	EXP 	responser: foreColor = (0, 0, 0)
571.5758 	EXP 	responser: foreColor = (0, 0, 0)
571.5925 	EXP 	responser: foreColor = (0, 0, 0)
571.6092 	EXP 	responser: foreColor = (0, 0, 0)
571.6259 	EXP 	responser: foreColor = (0, 0, 0)
571.6425 	EXP 	responser: foreColor = (0, 0, 0)
571.6592 	EXP 	responser: foreColor = (0, 0, 0)
571.6759 	EXP 	responser: foreColor = (0, 0, 0)
571.6925 	EXP 	responser: foreColor = (0, 0, 0)
571.7092 	EXP 	responser: foreColor = (0, 0, 0)
571.7259 	EXP 	responser: foreColor = (0, 0, 0)
571.7426 	EXP 	responser: foreColor = (0, 0, 0)
571.7592 	EXP 	responser: foreColor = (0, 0, 0)
571.7759 	EXP 	responser: foreColor = (0, 0, 0)
571.7925 	EXP 	responser: foreColor = (0, 0, 0)
571.8092 	EXP 	responser: foreColor = (0, 0, 0)
571.8259 	EXP 	responser: foreColor = (0, 0, 0)
571.8425 	EXP 	responser: foreColor = (0, 0, 0)
571.8592 	EXP 	responser: foreColor = (0, 0, 0)
571.8759 	EXP 	responser: foreColor = (0, 0, 0)
571.8925 	EXP 	responser: foreColor = (0, 0, 0)
571.9092 	EXP 	responser: foreColor = (0, 0, 0)
571.9258 	EXP 	responser: foreColor = (0, 0, 0)
571.9425 	EXP 	responser: foreColor = (0, 0, 0)
571.9592 	EXP 	responser: foreColor = (0, 0, 0)
571.9759 	EXP 	responser: foreColor = (0, 0, 0)
571.9925 	EXP 	responser: foreColor = (0, 0, 0)
572.0092 	EXP 	responser: foreColor = (0, 0, 0)
572.0259 	EXP 	responser: foreColor = (0, 0, 0)
572.0426 	EXP 	responser: foreColor = (0, 0, 0)
572.0592 	EXP 	responser: foreColor = (0, 0, 0)
572.0759 	EXP 	responser: foreColor = (0, 0, 0)
572.0925 	EXP 	responser: foreColor = (0, 0, 0)
572.1092 	EXP 	responser: foreColor = (0, 0, 0)
572.1258 	EXP 	responser: foreColor = (0, 0, 0)
572.1425 	EXP 	responser: foreColor = (0, 0, 0)
572.1592 	EXP 	responser: foreColor = (0, 0, 0)
572.1592 	EXP 	thermode_locali_pic: autoDraw = False
572.1759 	EXP 	responser: foreColor = (0, 0, 0)
572.1926 	EXP 	responser: foreColor = (0, 0, 0)
572.2092 	EXP 	responser: foreColor = (0, 0, 0)
572.2258 	EXP 	responser: foreColor = (0, 0, 0)
572.2425 	EXP 	responser: foreColor = (0, 0, 0)
572.2592 	EXP 	responser: foreColor = (0, 0, 0)
572.2759 	EXP 	responser: foreColor = (0, 0, 0)
572.2925 	EXP 	responser: foreColor = (0, 0, 0)
572.3092 	EXP 	responser: foreColor = (0, 0, 0)
572.3258 	EXP 	responser: foreColor = (0, 0, 0)
572.3426 	EXP 	responser: foreColor = (0, 0, 0)
572.3592 	EXP 	responser: foreColor = (0, 0, 0)
572.3758 	EXP 	responser: foreColor = (0, 0, 0)
572.3925 	EXP 	responser: foreColor = (0, 0, 0)
572.4092 	EXP 	responser: foreColor = (0, 0, 0)
572.4259 	EXP 	responser: foreColor = (0, 0, 0)
572.4425 	EXP 	responser: foreColor = (0, 0, 0)
572.4592 	EXP 	responser: foreColor = (0, 0, 0)
572.4758 	EXP 	responser: foreColor = (0, 0, 0)
572.4925 	EXP 	responser: foreColor = (0, 0, 0)
572.5092 	EXP 	responser: foreColor = (0, 0, 0)
572.5259 	EXP 	responser: foreColor = (0, 0, 0)
572.5425 	EXP 	responser: foreColor = (0, 0, 0)
572.5592 	EXP 	responser: foreColor = (0, 0, 0)
572.5759 	EXP 	responser: foreColor = (0, 0, 0)
572.5925 	EXP 	responser: foreColor = (0, 0, 0)
572.6092 	EXP 	responser: foreColor = (0, 0, 0)
572.6259 	EXP 	responser: foreColor = (0, 0, 0)
572.6425 	EXP 	responser: foreColor = (0, 0, 0)
572.6592 	EXP 	responser: foreColor = (0, 0, 0)
572.6759 	EXP 	responser: foreColor = (0, 0, 0)
572.6925 	EXP 	responser: foreColor = (0, 0, 0)
572.7092 	EXP 	responser: foreColor = (0, 0, 0)
572.7259 	EXP 	responser: foreColor = (0, 0, 0)
572.7426 	EXP 	responser: foreColor = (0, 0, 0)
572.7592 	EXP 	responser: foreColor = (0, 0, 0)
572.7759 	EXP 	responser: foreColor = (0, 0, 0)
572.7925 	EXP 	responser: foreColor = (0, 0, 0)
572.8092 	EXP 	responser: foreColor = (0, 0, 0)
572.8259 	EXP 	responser: foreColor = (0, 0, 0)
572.8425 	EXP 	responser: foreColor = (0, 0, 0)
572.8592 	EXP 	responser: foreColor = (0, 0, 0)
572.8758 	EXP 	responser: foreColor = (0, 0, 0)
572.8925 	EXP 	responser: foreColor = (0, 0, 0)
572.9092 	EXP 	responser: foreColor = (0, 0, 0)
572.9259 	EXP 	responser: foreColor = (0, 0, 0)
572.9269 	EXP 	New trial (rep=24, index=0): None
572.9425 	EXP 	responser: foreColor = (0, 0, 0)
572.9425 	EXP 	responsel: autoDraw = False
572.9425 	EXP 	percu_or: autoDraw = False
572.9425 	EXP 	responser: autoDraw = False
572.9425 	EXP 	thermode_locali_pic: autoDraw = False
572.9425 	EXP 	responsel: autoDraw = False
572.9425 	EXP 	percu_or: autoDraw = False
572.9425 	EXP 	responser: autoDraw = False
572.9425 	EXP 	responsel: foreColor = 'white'
572.9425 	EXP 	responser: foreColor = 'white'
572.9425 	EXP 	text_pic: autoDraw = True
572.9425 	EXP 	croix_3: autoDraw = True
577.9427 	EXP 	text_pic: autoDraw = False
577.9427 	EXP 	croix_3: autoDraw = False
577.9427 	EXP 	text_pic: autoDraw = False
577.9427 	EXP 	croix_3: autoDraw = False
577.9427 	EXP 	thermode_locali_pic: height = 0.02
577.9427 	EXP 	thermode_locali_pic: height = 0.02
577.9427 	EXP 	thermode_locali_pic: height = 0.02
577.9427 	EXP 	thermode_locali_pic: text = 'T : 0'
577.9427 	EXP 	responsel: text = 'OUI              '
577.9427 	EXP 	thermode_locali_pic: autoDraw = True
585.9260 	EXP 	responsel: autoDraw = True
585.9260 	EXP 	percu_or: autoDraw = True
585.9260 	EXP 	responser: autoDraw = True
586.6271 	DATA 	Keypress: n
586.6594 	EXP 	responser: foreColor = (0, 0, 0)
586.6760 	EXP 	responser: foreColor = (0, 0, 0)
586.6927 	EXP 	responser: foreColor = (0, 0, 0)
586.7094 	EXP 	responser: foreColor = (0, 0, 0)
586.7261 	EXP 	responser: foreColor = (0, 0, 0)
586.7427 	EXP 	responser: foreColor = (0, 0, 0)
586.7594 	EXP 	responser: foreColor = (0, 0, 0)
586.7760 	EXP 	responser: foreColor = (0, 0, 0)
586.7927 	EXP 	responser: foreColor = (0, 0, 0)
586.8093 	EXP 	responser: foreColor = (0, 0, 0)
586.8260 	EXP 	responser: foreColor = (0, 0, 0)
586.8426 	EXP 	responser: foreColor = (0, 0, 0)
586.8594 	EXP 	responser: foreColor = (0, 0, 0)
586.8761 	EXP 	responser: foreColor = (0, 0, 0)
586.8927 	EXP 	responser: foreColor = (0, 0, 0)
586.9094 	EXP 	responser: foreColor = (0, 0, 0)
586.9260 	EXP 	responser: foreColor = (0, 0, 0)
586.9426 	EXP 	responser: foreColor = (0, 0, 0)
586.9593 	EXP 	responser: foreColor = (0, 0, 0)
586.9761 	EXP 	responser: foreColor = (0, 0, 0)
586.9927 	EXP 	responser: foreColor = (0, 0, 0)
587.0093 	EXP 	responser: foreColor = (0, 0, 0)
587.0259 	EXP 	responser: foreColor = (0, 0, 0)
587.0426 	EXP 	responser: foreColor = (0, 0, 0)
587.0594 	EXP 	responser: foreColor = (0, 0, 0)
587.0761 	EXP 	responser: foreColor = (0, 0, 0)
587.0927 	EXP 	responser: foreColor = (0, 0, 0)
587.1093 	EXP 	responser: foreColor = (0, 0, 0)
587.1260 	EXP 	responser: foreColor = (0, 0, 0)
587.1426 	EXP 	responser: foreColor = (0, 0, 0)
587.1593 	EXP 	responser: foreColor = (0, 0, 0)
587.1760 	EXP 	responser: foreColor = (0, 0, 0)
587.1927 	EXP 	responser: foreColor = (0, 0, 0)
587.2093 	EXP 	responser: foreColor = (0, 0, 0)
587.2261 	EXP 	responser: foreColor = (0, 0, 0)
587.2427 	EXP 	responser: foreColor = (0, 0, 0)
587.2593 	EXP 	responser: foreColor = (0, 0, 0)
587.2760 	EXP 	responser: foreColor = (0, 0, 0)
587.2927 	EXP 	responser: foreColor = (0, 0, 0)
587.3094 	EXP 	responser: foreColor = (0, 0, 0)
587.3260 	EXP 	responser: foreColor = (0, 0, 0)
587.3426 	EXP 	responser: foreColor = (0, 0, 0)
587.3593 	EXP 	responser: foreColor = (0, 0, 0)
587.3760 	EXP 	responser: foreColor = (0, 0, 0)
587.3927 	EXP 	responser: foreColor = (0, 0, 0)
587.4093 	EXP 	responser: foreColor = (0, 0, 0)
587.4260 	EXP 	responser: foreColor = (0, 0, 0)
587.4427 	EXP 	responser: foreColor = (0, 0, 0)
587.4593 	EXP 	responser: foreColor = (0, 0, 0)
587.4760 	EXP 	responser: foreColor = (0, 0, 0)
587.4927 	EXP 	responser: foreColor = (0, 0, 0)
587.5093 	EXP 	responser: foreColor = (0, 0, 0)
587.5260 	EXP 	responser: foreColor = (0, 0, 0)
587.5427 	EXP 	responser: foreColor = (0, 0, 0)
587.5593 	EXP 	responser: foreColor = (0, 0, 0)
587.5760 	EXP 	responser: foreColor = (0, 0, 0)
587.5927 	EXP 	responser: foreColor = (0, 0, 0)
587.6094 	EXP 	responser: foreColor = (0, 0, 0)
587.6260 	EXP 	responser: foreColor = (0, 0, 0)
587.6427 	EXP 	responser: foreColor = (0, 0, 0)
587.6594 	EXP 	responser: foreColor = (0, 0, 0)
587.6760 	EXP 	responser: foreColor = (0, 0, 0)
587.6927 	EXP 	responser: foreColor = (0, 0, 0)
587.7093 	EXP 	responser: foreColor = (0, 0, 0)
587.7260 	EXP 	responser: foreColor = (0, 0, 0)
587.7426 	EXP 	responser: foreColor = (0, 0, 0)
587.7593 	EXP 	responser: foreColor = (0, 0, 0)
587.7759 	EXP 	responser: foreColor = (0, 0, 0)
587.7926 	EXP 	responser: foreColor = (0, 0, 0)
587.8093 	EXP 	responser: foreColor = (0, 0, 0)
587.8260 	EXP 	responser: foreColor = (0, 0, 0)
587.8427 	EXP 	responser: foreColor = (0, 0, 0)
587.8593 	EXP 	responser: foreColor = (0, 0, 0)
587.8760 	EXP 	responser: foreColor = (0, 0, 0)
587.8927 	EXP 	responser: foreColor = (0, 0, 0)
587.9094 	EXP 	responser: foreColor = (0, 0, 0)
587.9260 	EXP 	responser: foreColor = (0, 0, 0)
587.9427 	EXP 	responser: foreColor = (0, 0, 0)
587.9594 	EXP 	responser: foreColor = (0, 0, 0)
587.9760 	EXP 	responser: foreColor = (0, 0, 0)
587.9927 	EXP 	responser: foreColor = (0, 0, 0)
588.0093 	EXP 	responser: foreColor = (0, 0, 0)
588.0261 	EXP 	responser: foreColor = (0, 0, 0)
588.0427 	EXP 	responser: foreColor = (0, 0, 0)
588.0593 	EXP 	responser: foreColor = (0, 0, 0)
588.0759 	EXP 	responser: foreColor = (0, 0, 0)
588.0926 	EXP 	responser: foreColor = (0, 0, 0)
588.1094 	EXP 	responser: foreColor = (0, 0, 0)
588.1260 	EXP 	responser: foreColor = (0, 0, 0)
588.1427 	EXP 	responser: foreColor = (0, 0, 0)
588.1427 	EXP 	thermode_locali_pic: autoDraw = False
588.1593 	EXP 	responser: foreColor = (0, 0, 0)
588.1760 	EXP 	responser: foreColor = (0, 0, 0)
588.1927 	EXP 	responser: foreColor = (0, 0, 0)
588.2094 	EXP 	responser: foreColor = (0, 0, 0)
588.2260 	EXP 	responser: foreColor = (0, 0, 0)
588.2426 	EXP 	responser: foreColor = (0, 0, 0)
588.2594 	EXP 	responser: foreColor = (0, 0, 0)
588.2760 	EXP 	responser: foreColor = (0, 0, 0)
588.2926 	EXP 	responser: foreColor = (0, 0, 0)
588.3093 	EXP 	responser: foreColor = (0, 0, 0)
588.3260 	EXP 	responser: foreColor = (0, 0, 0)
588.3426 	EXP 	responser: foreColor = (0, 0, 0)
588.3593 	EXP 	responser: foreColor = (0, 0, 0)
588.3760 	EXP 	responser: foreColor = (0, 0, 0)
588.3927 	EXP 	responser: foreColor = (0, 0, 0)
588.4093 	EXP 	responser: foreColor = (0, 0, 0)
588.4259 	EXP 	responser: foreColor = (0, 0, 0)
588.4426 	EXP 	responser: foreColor = (0, 0, 0)
588.4593 	EXP 	responser: foreColor = (0, 0, 0)
588.4760 	EXP 	responser: foreColor = (0, 0, 0)
588.4926 	EXP 	responser: foreColor = (0, 0, 0)
588.5093 	EXP 	responser: foreColor = (0, 0, 0)
588.5260 	EXP 	responser: foreColor = (0, 0, 0)
588.5426 	EXP 	responser: foreColor = (0, 0, 0)
588.5593 	EXP 	responser: foreColor = (0, 0, 0)
588.5760 	EXP 	responser: foreColor = (0, 0, 0)
588.5927 	EXP 	responser: foreColor = (0, 0, 0)
588.6093 	EXP 	responser: foreColor = (0, 0, 0)
588.6260 	EXP 	responser: foreColor = (0, 0, 0)
588.6426 	EXP 	responser: foreColor = (0, 0, 0)
588.6593 	EXP 	responser: foreColor = (0, 0, 0)
588.6760 	EXP 	responser: foreColor = (0, 0, 0)
588.6926 	EXP 	responser: foreColor = (0, 0, 0)
588.7093 	EXP 	responser: foreColor = (0, 0, 0)
588.7260 	EXP 	responser: foreColor = (0, 0, 0)
588.7427 	EXP 	responser: foreColor = (0, 0, 0)
588.7593 	EXP 	responser: foreColor = (0, 0, 0)
588.7760 	EXP 	responser: foreColor = (0, 0, 0)
588.7927 	EXP 	responser: foreColor = (0, 0, 0)
588.8093 	EXP 	responser: foreColor = (0, 0, 0)
588.8260 	EXP 	responser: foreColor = (0, 0, 0)
588.8427 	EXP 	responser: foreColor = (0, 0, 0)
588.8593 	EXP 	responser: foreColor = (0, 0, 0)
588.8760 	EXP 	responser: foreColor = (0, 0, 0)
588.8927 	EXP 	responser: foreColor = (0, 0, 0)
588.9093 	EXP 	responser: foreColor = (0, 0, 0)
588.9103 	EXP 	New trial (rep=25, index=0): None
588.9259 	EXP 	responser: foreColor = (0, 0, 0)
588.9259 	EXP 	responsel: autoDraw = False
588.9259 	EXP 	percu_or: autoDraw = False
588.9259 	EXP 	responser: autoDraw = False
588.9259 	EXP 	thermode_locali_pic: autoDraw = False
588.9259 	EXP 	responsel: autoDraw = False
588.9259 	EXP 	percu_or: autoDraw = False
588.9259 	EXP 	responser: autoDraw = False
588.9259 	EXP 	responsel: foreColor = 'white'
588.9259 	EXP 	responser: foreColor = 'white'
588.9259 	EXP 	text_pic: autoDraw = True
588.9259 	EXP 	croix_3: autoDraw = True
593.9261 	EXP 	text_pic: autoDraw = False
593.9261 	EXP 	croix_3: autoDraw = False
593.9261 	EXP 	text_pic: autoDraw = False
593.9261 	EXP 	croix_3: autoDraw = False
593.9261 	EXP 	thermode_locali_pic: height = 0.02
593.9261 	EXP 	thermode_locali_pic: height = 0.02
593.9261 	EXP 	thermode_locali_pic: height = 0.02
593.9261 	EXP 	thermode_locali_pic: text = 'T : 1'
593.9261 	EXP 	responsel: text = 'OUI              '
593.9261 	EXP 	thermode_locali_pic: autoDraw = True
601.9095 	EXP 	responsel: autoDraw = True
601.9095 	EXP 	percu_or: autoDraw = True
601.9095 	EXP 	responser: autoDraw = True
603.3607 	DATA 	Keypress: n
603.3929 	EXP 	responser: foreColor = (0, 0, 0)
603.4096 	EXP 	responser: foreColor = (0, 0, 0)
603.4262 	EXP 	responser: foreColor = (0, 0, 0)
603.4429 	EXP 	responser: foreColor = (0, 0, 0)
603.4595 	EXP 	responser: foreColor = (0, 0, 0)
603.4762 	EXP 	responser: foreColor = (0, 0, 0)
603.4929 	EXP 	responser: foreColor = (0, 0, 0)
603.5095 	EXP 	responser: foreColor = (0, 0, 0)
603.5263 	EXP 	responser: foreColor = (0, 0, 0)
603.5429 	EXP 	responser: foreColor = (0, 0, 0)
603.5595 	EXP 	responser: foreColor = (0, 0, 0)
603.5762 	EXP 	responser: foreColor = (0, 0, 0)
603.5929 	EXP 	responser: foreColor = (0, 0, 0)
603.6095 	EXP 	responser: foreColor = (0, 0, 0)
603.6262 	EXP 	responser: foreColor = (0, 0, 0)
603.6429 	EXP 	responser: foreColor = (0, 0, 0)
603.6595 	EXP 	responser: foreColor = (0, 0, 0)
603.6762 	EXP 	responser: foreColor = (0, 0, 0)
603.6929 	EXP 	responser: foreColor = (0, 0, 0)
603.7096 	EXP 	responser: foreColor = (0, 0, 0)
603.7262 	EXP 	responser: foreColor = (0, 0, 0)
603.7428 	EXP 	responser: foreColor = (0, 0, 0)
603.7595 	EXP 	responser: foreColor = (0, 0, 0)
603.7762 	EXP 	responser: foreColor = (0, 0, 0)
603.7929 	EXP 	responser: foreColor = (0, 0, 0)
603.8096 	EXP 	responser: foreColor = (0, 0, 0)
603.8263 	EXP 	responser: foreColor = (0, 0, 0)
603.8429 	EXP 	responser: foreColor = (0, 0, 0)
603.8595 	EXP 	responser: foreColor = (0, 0, 0)
603.8763 	EXP 	responser: foreColor = (0, 0, 0)
603.8929 	EXP 	responser: foreColor = (0, 0, 0)
603.9095 	EXP 	responser: foreColor = (0, 0, 0)
603.9262 	EXP 	responser: foreColor = (0, 0, 0)
603.9429 	EXP 	responser: foreColor = (0, 0, 0)
603.9595 	EXP 	responser: foreColor = (0, 0, 0)
603.9762 	EXP 	responser: foreColor = (0, 0, 0)
603.9929 	EXP 	responser: foreColor = (0, 0, 0)
604.0096 	EXP 	responser: foreColor = (0, 0, 0)
604.0262 	EXP 	responser: foreColor = (0, 0, 0)
604.0429 	EXP 	responser: foreColor = (0, 0, 0)
604.0595 	EXP 	responser: foreColor = (0, 0, 0)
604.0762 	EXP 	responser: foreColor = (0, 0, 0)
604.0929 	EXP 	responser: foreColor = (0, 0, 0)
604.1095 	EXP 	responser: foreColor = (0, 0, 0)
604.1263 	EXP 	responser: foreColor = (0, 0, 0)
604.1263 	EXP 	thermode_locali_pic: autoDraw = False
604.1429 	EXP 	responser: foreColor = (0, 0, 0)
604.1595 	EXP 	responser: foreColor = (0, 0, 0)
604.1762 	EXP 	responser: foreColor = (0, 0, 0)
604.1929 	EXP 	responser: foreColor = (0, 0, 0)
604.2095 	EXP 	responser: foreColor = (0, 0, 0)
604.2262 	EXP 	responser: foreColor = (0, 0, 0)
604.2429 	EXP 	responser: foreColor = (0, 0, 0)
604.2595 	EXP 	responser: foreColor = (0, 0, 0)
604.2762 	EXP 	responser: foreColor = (0, 0, 0)
604.2929 	EXP 	responser: foreColor = (0, 0, 0)
604.3096 	EXP 	responser: foreColor = (0, 0, 0)
604.3262 	EXP 	responser: foreColor = (0, 0, 0)
604.3429 	EXP 	responser: foreColor = (0, 0, 0)
604.3595 	EXP 	responser: foreColor = (0, 0, 0)
604.3762 	EXP 	responser: foreColor = (0, 0, 0)
604.3929 	EXP 	responser: foreColor = (0, 0, 0)
604.4095 	EXP 	responser: foreColor = (0, 0, 0)
604.4262 	EXP 	responser: foreColor = (0, 0, 0)
604.4429 	EXP 	responser: foreColor = (0, 0, 0)
604.4596 	EXP 	responser: foreColor = (0, 0, 0)
604.4762 	EXP 	responser: foreColor = (0, 0, 0)
604.4929 	EXP 	responser: foreColor = (0, 0, 0)
604.5096 	EXP 	responser: foreColor = (0, 0, 0)
604.5262 	EXP 	responser: foreColor = (0, 0, 0)
604.5429 	EXP 	responser: foreColor = (0, 0, 0)
604.5595 	EXP 	responser: foreColor = (0, 0, 0)
604.5763 	EXP 	responser: foreColor = (0, 0, 0)
604.5929 	EXP 	responser: foreColor = (0, 0, 0)
604.6095 	EXP 	responser: foreColor = (0, 0, 0)
604.6263 	EXP 	responser: foreColor = (0, 0, 0)
604.6429 	EXP 	responser: foreColor = (0, 0, 0)
604.6595 	EXP 	responser: foreColor = (0, 0, 0)
604.6762 	EXP 	responser: foreColor = (0, 0, 0)
604.6929 	EXP 	responser: foreColor = (0, 0, 0)
604.7095 	EXP 	responser: foreColor = (0, 0, 0)
604.7262 	EXP 	responser: foreColor = (0, 0, 0)
604.7429 	EXP 	responser: foreColor = (0, 0, 0)
604.7595 	EXP 	responser: foreColor = (0, 0, 0)
604.7763 	EXP 	responser: foreColor = (0, 0, 0)
604.7929 	EXP 	responser: foreColor = (0, 0, 0)
604.8096 	EXP 	responser: foreColor = (0, 0, 0)
604.8262 	EXP 	responser: foreColor = (0, 0, 0)
604.8429 	EXP 	responser: foreColor = (0, 0, 0)
604.8595 	EXP 	responser: foreColor = (0, 0, 0)
604.8763 	EXP 	responser: foreColor = (0, 0, 0)
604.8929 	EXP 	responser: foreColor = (0, 0, 0)
604.8939 	EXP 	New trial (rep=26, index=0): None
604.9095 	EXP 	responser: foreColor = (0, 0, 0)
604.9095 	EXP 	responsel: autoDraw = False
604.9095 	EXP 	percu_or: autoDraw = False
604.9095 	EXP 	responser: autoDraw = False
604.9095 	EXP 	thermode_locali_pic: autoDraw = False
604.9095 	EXP 	responsel: autoDraw = False
604.9095 	EXP 	percu_or: autoDraw = False
604.9095 	EXP 	responser: autoDraw = False
604.9095 	EXP 	responsel: foreColor = 'white'
604.9095 	EXP 	responser: foreColor = 'white'
604.9095 	EXP 	text_pic: autoDraw = True
604.9095 	EXP 	croix_3: autoDraw = True
609.9097 	EXP 	text_pic: autoDraw = False
609.9097 	EXP 	croix_3: autoDraw = False
609.9097 	EXP 	text_pic: autoDraw = False
609.9097 	EXP 	croix_3: autoDraw = False
609.9097 	EXP 	thermode_locali_pic: height = 0.02
609.9097 	EXP 	thermode_locali_pic: height = 0.02
609.9097 	EXP 	thermode_locali_pic: height = 0.02
609.9097 	EXP 	thermode_locali_pic: text = 'T : 2'
609.9097 	EXP 	responsel: text = 'OUI              '
609.9097 	EXP 	thermode_locali_pic: autoDraw = True
617.8930 	EXP 	responsel: autoDraw = True
617.8930 	EXP 	percu_or: autoDraw = True
617.8930 	EXP 	responser: autoDraw = True
620.1097 	EXP 	thermode_locali_pic: autoDraw = False
620.1106 	DATA 	Keypress: m
620.1430 	EXP 	responsel: foreColor = (0, 0, 0)
620.1597 	EXP 	responsel: foreColor = (0, 0, 0)
620.1764 	EXP 	responsel: foreColor = (0, 0, 0)
620.1930 	EXP 	responsel: foreColor = (0, 0, 0)
620.2097 	EXP 	responsel: foreColor = (0, 0, 0)
620.2264 	EXP 	responsel: foreColor = (0, 0, 0)
620.2430 	EXP 	responsel: foreColor = (0, 0, 0)
620.2597 	EXP 	responsel: foreColor = (0, 0, 0)
620.2764 	EXP 	responsel: foreColor = (0, 0, 0)
620.2931 	EXP 	responsel: foreColor = (0, 0, 0)
620.3097 	EXP 	responsel: foreColor = (0, 0, 0)
620.3264 	EXP 	responsel: foreColor = (0, 0, 0)
620.3431 	EXP 	responsel: foreColor = (0, 0, 0)
620.3597 	EXP 	responsel: foreColor = (0, 0, 0)
620.3764 	EXP 	responsel: foreColor = (0, 0, 0)
620.3931 	EXP 	responsel: foreColor = (0, 0, 0)
620.4097 	EXP 	responsel: foreColor = (0, 0, 0)
620.4263 	EXP 	responsel: foreColor = (0, 0, 0)
620.4431 	EXP 	responsel: foreColor = (0, 0, 0)
620.4597 	EXP 	responsel: foreColor = (0, 0, 0)
620.4764 	EXP 	responsel: foreColor = (0, 0, 0)
620.4930 	EXP 	responsel: foreColor = (0, 0, 0)
620.5098 	EXP 	responsel: foreColor = (0, 0, 0)
620.5264 	EXP 	responsel: foreColor = (0, 0, 0)
620.5430 	EXP 	responsel: foreColor = (0, 0, 0)
620.5597 	EXP 	responsel: foreColor = (0, 0, 0)
620.5764 	EXP 	responsel: foreColor = (0, 0, 0)
620.5930 	EXP 	responsel: foreColor = (0, 0, 0)
620.6097 	EXP 	responsel: foreColor = (0, 0, 0)
620.6264 	EXP 	responsel: foreColor = (0, 0, 0)
620.6430 	EXP 	responsel: foreColor = (0, 0, 0)
620.6596 	EXP 	responsel: foreColor = (0, 0, 0)
620.6764 	EXP 	responsel: foreColor = (0, 0, 0)
620.6931 	EXP 	responsel: foreColor = (0, 0, 0)
620.7097 	EXP 	responsel: foreColor = (0, 0, 0)
620.7264 	EXP 	responsel: foreColor = (0, 0, 0)
620.7430 	EXP 	responsel: foreColor = (0, 0, 0)
620.7597 	EXP 	responsel: foreColor = (0, 0, 0)
620.7764 	EXP 	responsel: foreColor = (0, 0, 0)
620.7930 	EXP 	responsel: foreColor = (0, 0, 0)
620.8098 	EXP 	responsel: foreColor = (0, 0, 0)
620.8264 	EXP 	responsel: foreColor = (0, 0, 0)
620.8430 	EXP 	responsel: foreColor = (0, 0, 0)
620.8597 	EXP 	responsel: foreColor = (0, 0, 0)
620.8764 	EXP 	responsel: foreColor = (0, 0, 0)
620.8774 	EXP 	New trial (rep=27, index=0): None
620.8930 	EXP 	responsel: foreColor = (0, 0, 0)
620.8930 	EXP 	responsel: autoDraw = False
620.8930 	EXP 	percu_or: autoDraw = False
620.8930 	EXP 	responser: autoDraw = False
620.8930 	EXP 	thermode_locali_pic: autoDraw = False
620.8930 	EXP 	responsel: autoDraw = False
620.8930 	EXP 	percu_or: autoDraw = False
620.8930 	EXP 	responser: autoDraw = False
620.8930 	EXP 	responsel: foreColor = 'white'
620.8930 	EXP 	responser: foreColor = 'white'
620.8930 	EXP 	text_pic: autoDraw = True
620.8930 	EXP 	croix_3: autoDraw = True
625.8932 	EXP 	text_pic: autoDraw = False
625.8932 	EXP 	croix_3: autoDraw = False
625.8932 	EXP 	text_pic: autoDraw = False
625.8932 	EXP 	croix_3: autoDraw = False
625.8932 	EXP 	thermode_locali_pic: height = 0.02
625.8932 	EXP 	thermode_locali_pic: height = 0.02
625.8932 	EXP 	thermode_locali_pic: height = 0.02
625.8932 	EXP 	thermode_locali_pic: text = 'T : 3'
625.8932 	EXP 	responsel: text = 'OUI              '
625.8932 	EXP 	thermode_locali_pic: autoDraw = True
633.8765 	EXP 	responsel: autoDraw = True
633.8765 	EXP 	percu_or: autoDraw = True
633.8765 	EXP 	responser: autoDraw = True
634.4278 	DATA 	Keypress: n
634.4765 	EXP 	responser: foreColor = (0, 0, 0)
634.4933 	EXP 	responser: foreColor = (0, 0, 0)
634.5099 	EXP 	responser: foreColor = (0, 0, 0)
634.5265 	EXP 	responser: foreColor = (0, 0, 0)
634.5432 	EXP 	responser: foreColor = (0, 0, 0)
634.5599 	EXP 	responser: foreColor = (0, 0, 0)
634.5765 	EXP 	responser: foreColor = (0, 0, 0)
634.5932 	EXP 	responser: foreColor = (0, 0, 0)
634.6099 	EXP 	responser: foreColor = (0, 0, 0)
634.6265 	EXP 	responser: foreColor = (0, 0, 0)
634.6432 	EXP 	responser: foreColor = (0, 0, 0)
634.6599 	EXP 	responser: foreColor = (0, 0, 0)
634.6766 	EXP 	responser: foreColor = (0, 0, 0)
634.6932 	EXP 	responser: foreColor = (0, 0, 0)
634.7099 	EXP 	responser: foreColor = (0, 0, 0)
634.7265 	EXP 	responser: foreColor = (0, 0, 0)
634.7432 	EXP 	responser: foreColor = (0, 0, 0)
634.7599 	EXP 	responser: foreColor = (0, 0, 0)
634.7765 	EXP 	responser: foreColor = (0, 0, 0)
634.7933 	EXP 	responser: foreColor = (0, 0, 0)
634.8099 	EXP 	responser: foreColor = (0, 0, 0)
634.8265 	EXP 	responser: foreColor = (0, 0, 0)
634.8432 	EXP 	responser: foreColor = (0, 0, 0)
634.8599 	EXP 	responser: foreColor = (0, 0, 0)
634.8765 	EXP 	responser: foreColor = (0, 0, 0)
634.8932 	EXP 	responser: foreColor = (0, 0, 0)
634.9099 	EXP 	responser: foreColor = (0, 0, 0)
634.9265 	EXP 	responser: foreColor = (0, 0, 0)
634.9432 	EXP 	responser: foreColor = (0, 0, 0)
634.9599 	EXP 	responser: foreColor = (0, 0, 0)
634.9766 	EXP 	responser: foreColor = (0, 0, 0)
634.9932 	EXP 	responser: foreColor = (0, 0, 0)
635.0098 	EXP 	responser: foreColor = (0, 0, 0)
635.0265 	EXP 	responser: foreColor = (0, 0, 0)
635.0432 	EXP 	responser: foreColor = (0, 0, 0)
635.0599 	EXP 	responser: foreColor = (0, 0, 0)
635.0765 	EXP 	responser: foreColor = (0, 0, 0)
635.0933 	EXP 	responser: foreColor = (0, 0, 0)
635.1099 	EXP 	responser: foreColor = (0, 0, 0)
635.1265 	EXP 	responser: foreColor = (0, 0, 0)
635.1432 	EXP 	responser: foreColor = (0, 0, 0)
635.1599 	EXP 	responser: foreColor = (0, 0, 0)
635.1765 	EXP 	responser: foreColor = (0, 0, 0)
635.1932 	EXP 	responser: foreColor = (0, 0, 0)
635.2099 	EXP 	responser: foreColor = (0, 0, 0)
635.2265 	EXP 	responser: foreColor = (0, 0, 0)
635.2433 	EXP 	responser: foreColor = (0, 0, 0)
635.2599 	EXP 	responser: foreColor = (0, 0, 0)
635.2765 	EXP 	responser: foreColor = (0, 0, 0)
635.2932 	EXP 	responser: foreColor = (0, 0, 0)
635.3099 	EXP 	responser: foreColor = (0, 0, 0)
635.3265 	EXP 	responser: foreColor = (0, 0, 0)
635.3432 	EXP 	responser: foreColor = (0, 0, 0)
635.3599 	EXP 	responser: foreColor = (0, 0, 0)
635.3765 	EXP 	responser: foreColor = (0, 0, 0)
635.3932 	EXP 	responser: foreColor = (0, 0, 0)
635.4099 	EXP 	responser: foreColor = (0, 0, 0)
635.4265 	EXP 	responser: foreColor = (0, 0, 0)
635.4432 	EXP 	responser: foreColor = (0, 0, 0)
635.4599 	EXP 	responser: foreColor = (0, 0, 0)
635.4765 	EXP 	responser: foreColor = (0, 0, 0)
635.4932 	EXP 	responser: foreColor = (0, 0, 0)
635.5099 	EXP 	responser: foreColor = (0, 0, 0)
635.5266 	EXP 	responser: foreColor = (0, 0, 0)
635.5432 	EXP 	responser: foreColor = (0, 0, 0)
635.5599 	EXP 	responser: foreColor = (0, 0, 0)
635.5766 	EXP 	responser: foreColor = (0, 0, 0)
635.5932 	EXP 	responser: foreColor = (0, 0, 0)
635.6098 	EXP 	responser: foreColor = (0, 0, 0)
635.6265 	EXP 	responser: foreColor = (0, 0, 0)
635.6432 	EXP 	responser: foreColor = (0, 0, 0)
635.6599 	EXP 	responser: foreColor = (0, 0, 0)
635.6765 	EXP 	responser: foreColor = (0, 0, 0)
635.6933 	EXP 	responser: foreColor = (0, 0, 0)
635.7099 	EXP 	responser: foreColor = (0, 0, 0)
635.7266 	EXP 	responser: foreColor = (0, 0, 0)
635.7432 	EXP 	responser: foreColor = (0, 0, 0)
635.7599 	EXP 	responser: foreColor = (0, 0, 0)
635.7765 	EXP 	responser: foreColor = (0, 0, 0)
635.7932 	EXP 	responser: foreColor = (0, 0, 0)
635.8099 	EXP 	responser: foreColor = (0, 0, 0)
635.8266 	EXP 	responser: foreColor = (0, 0, 0)
635.8432 	EXP 	responser: foreColor = (0, 0, 0)
635.8599 	EXP 	responser: foreColor = (0, 0, 0)
635.8766 	EXP 	responser: foreColor = (0, 0, 0)
635.8932 	EXP 	responser: foreColor = (0, 0, 0)
635.9098 	EXP 	responser: foreColor = (0, 0, 0)
635.9265 	EXP 	responser: foreColor = (0, 0, 0)
635.9432 	EXP 	responser: foreColor = (0, 0, 0)
635.9599 	EXP 	responser: foreColor = (0, 0, 0)
635.9765 	EXP 	responser: foreColor = (0, 0, 0)
635.9933 	EXP 	responser: foreColor = (0, 0, 0)
636.0099 	EXP 	responser: foreColor = (0, 0, 0)
636.0266 	EXP 	responser: foreColor = (0, 0, 0)
636.0432 	EXP 	responser: foreColor = (0, 0, 0)
636.0599 	EXP 	responser: foreColor = (0, 0, 0)
636.0766 	EXP 	responser: foreColor = (0, 0, 0)
636.0932 	EXP 	responser: foreColor = (0, 0, 0)
636.0932 	EXP 	thermode_locali_pic: autoDraw = False
636.1099 	EXP 	responser: foreColor = (0, 0, 0)
636.1266 	EXP 	responser: foreColor = (0, 0, 0)
636.1433 	EXP 	responser: foreColor = (0, 0, 0)
636.1599 	EXP 	responser: foreColor = (0, 0, 0)
636.1766 	EXP 	responser: foreColor = (0, 0, 0)
636.1932 	EXP 	responser: foreColor = (0, 0, 0)
636.2099 	EXP 	responser: foreColor = (0, 0, 0)
636.2265 	EXP 	responser: foreColor = (0, 0, 0)
636.2432 	EXP 	responser: foreColor = (0, 0, 0)
636.2599 	EXP 	responser: foreColor = (0, 0, 0)
636.2766 	EXP 	responser: foreColor = (0, 0, 0)
636.2932 	EXP 	responser: foreColor = (0, 0, 0)
636.3099 	EXP 	responser: foreColor = (0, 0, 0)
636.3266 	EXP 	responser: foreColor = (0, 0, 0)
636.3432 	EXP 	responser: foreColor = (0, 0, 0)
636.3599 	EXP 	responser: foreColor = (0, 0, 0)
636.3766 	EXP 	responser: foreColor = (0, 0, 0)
636.3932 	EXP 	responser: foreColor = (0, 0, 0)
636.4099 	EXP 	responser: foreColor = (0, 0, 0)
636.4266 	EXP 	responser: foreColor = (0, 0, 0)
636.4432 	EXP 	responser: foreColor = (0, 0, 0)
636.4599 	EXP 	responser: foreColor = (0, 0, 0)
636.4766 	EXP 	responser: foreColor = (0, 0, 0)
636.4932 	EXP 	responser: foreColor = (0, 0, 0)
636.5098 	EXP 	responser: foreColor = (0, 0, 0)
636.5266 	EXP 	responser: foreColor = (0, 0, 0)
636.5433 	EXP 	responser: foreColor = (0, 0, 0)
636.5599 	EXP 	responser: foreColor = (0, 0, 0)
636.5766 	EXP 	responser: foreColor = (0, 0, 0)
636.5932 	EXP 	responser: foreColor = (0, 0, 0)
636.6100 	EXP 	responser: foreColor = (0, 0, 0)
636.6266 	EXP 	responser: foreColor = (0, 0, 0)
636.6432 	EXP 	responser: foreColor = (0, 0, 0)
636.6599 	EXP 	responser: foreColor = (0, 0, 0)
636.6766 	EXP 	responser: foreColor = (0, 0, 0)
636.6932 	EXP 	responser: foreColor = (0, 0, 0)
636.7099 	EXP 	responser: foreColor = (0, 0, 0)
636.7266 	EXP 	responser: foreColor = (0, 0, 0)
636.7432 	EXP 	responser: foreColor = (0, 0, 0)
636.7599 	EXP 	responser: foreColor = (0, 0, 0)
636.7766 	EXP 	responser: foreColor = (0, 0, 0)
636.7932 	EXP 	responser: foreColor = (0, 0, 0)
636.8099 	EXP 	responser: foreColor = (0, 0, 0)
636.8266 	EXP 	responser: foreColor = (0, 0, 0)
636.8432 	EXP 	responser: foreColor = (0, 0, 0)
636.8600 	EXP 	responser: foreColor = (0, 0, 0)
636.8609 	EXP 	New trial (rep=28, index=0): None
636.8766 	EXP 	responser: foreColor = (0, 0, 0)
636.8766 	EXP 	responsel: autoDraw = False
636.8766 	EXP 	percu_or: autoDraw = False
636.8766 	EXP 	responser: autoDraw = False
636.8766 	EXP 	thermode_locali_pic: autoDraw = False
636.8766 	EXP 	responsel: autoDraw = False
636.8766 	EXP 	percu_or: autoDraw = False
636.8766 	EXP 	responser: autoDraw = False
636.8766 	EXP 	responsel: foreColor = 'white'
636.8766 	EXP 	responser: foreColor = 'white'
636.8766 	EXP 	text_pic: autoDraw = True
636.8766 	EXP 	croix_3: autoDraw = True
641.8767 	EXP 	text_pic: autoDraw = False
641.8767 	EXP 	croix_3: autoDraw = False
641.8767 	EXP 	text_pic: autoDraw = False
641.8767 	EXP 	croix_3: autoDraw = False
641.8767 	EXP 	thermode_locali_pic: height = 0.02
641.8767 	EXP 	thermode_locali_pic: height = 0.02
641.8767 	EXP 	thermode_locali_pic: height = 0.02
641.8767 	EXP 	thermode_locali_pic: text = 'T : 0'
641.8767 	EXP 	responsel: text = 'OUI              '
641.8767 	EXP 	thermode_locali_pic: autoDraw = True
649.8600 	EXP 	responsel: autoDraw = True
649.8600 	EXP 	percu_or: autoDraw = True
649.8600 	EXP 	responser: autoDraw = True
650.5777 	DATA 	Keypress: n
650.6100 	EXP 	responser: foreColor = (0, 0, 0)
650.6267 	EXP 	responser: foreColor = (0, 0, 0)
650.6434 	EXP 	responser: foreColor = (0, 0, 0)
650.6600 	EXP 	responser: foreColor = (0, 0, 0)
650.6767 	EXP 	responser: foreColor = (0, 0, 0)
650.6934 	EXP 	responser: foreColor = (0, 0, 0)
650.7100 	EXP 	responser: foreColor = (0, 0, 0)
650.7267 	EXP 	responser: foreColor = (0, 0, 0)
650.7434 	EXP 	responser: foreColor = (0, 0, 0)
650.7600 	EXP 	responser: foreColor = (0, 0, 0)
650.7767 	EXP 	responser: foreColor = (0, 0, 0)
650.7934 	EXP 	responser: foreColor = (0, 0, 0)
650.8100 	EXP 	responser: foreColor = (0, 0, 0)
650.8267 	EXP 	responser: foreColor = (0, 0, 0)
650.8433 	EXP 	responser: foreColor = (0, 0, 0)
650.8601 	EXP 	responser: foreColor = (0, 0, 0)
650.8767 	EXP 	responser: foreColor = (0, 0, 0)
650.8934 	EXP 	responser: foreColor = (0, 0, 0)
650.9101 	EXP 	responser: foreColor = (0, 0, 0)
650.9267 	EXP 	responser: foreColor = (0, 0, 0)
650.9434 	EXP 	responser: foreColor = (0, 0, 0)
650.9600 	EXP 	responser: foreColor = (0, 0, 0)
650.9767 	EXP 	responser: foreColor = (0, 0, 0)
650.9934 	EXP 	responser: foreColor = (0, 0, 0)
651.0100 	EXP 	responser: foreColor = (0, 0, 0)
651.0267 	EXP 	responser: foreColor = (0, 0, 0)
651.0434 	EXP 	responser: foreColor = (0, 0, 0)
651.0600 	EXP 	responser: foreColor = (0, 0, 0)
651.0767 	EXP 	responser: foreColor = (0, 0, 0)
651.0934 	EXP 	responser: foreColor = (0, 0, 0)
651.1100 	EXP 	responser: foreColor = (0, 0, 0)
651.1267 	EXP 	responser: foreColor = (0, 0, 0)
651.1434 	EXP 	responser: foreColor = (0, 0, 0)
651.1600 	EXP 	responser: foreColor = (0, 0, 0)
651.1767 	EXP 	responser: foreColor = (0, 0, 0)
651.1934 	EXP 	responser: foreColor = (0, 0, 0)
651.2100 	EXP 	responser: foreColor = (0, 0, 0)
651.2267 	EXP 	responser: foreColor = (0, 0, 0)
651.2434 	EXP 	responser: foreColor = (0, 0, 0)
651.2600 	EXP 	responser: foreColor = (0, 0, 0)
651.2767 	EXP 	responser: foreColor = (0, 0, 0)
651.2934 	EXP 	responser: foreColor = (0, 0, 0)
651.3100 	EXP 	responser: foreColor = (0, 0, 0)
651.3267 	EXP 	responser: foreColor = (0, 0, 0)
651.3434 	EXP 	responser: foreColor = (0, 0, 0)
651.3600 	EXP 	responser: foreColor = (0, 0, 0)
651.3767 	EXP 	responser: foreColor = (0, 0, 0)
651.3934 	EXP 	responser: foreColor = (0, 0, 0)
651.4100 	EXP 	responser: foreColor = (0, 0, 0)
651.4267 	EXP 	responser: foreColor = (0, 0, 0)
651.4434 	EXP 	responser: foreColor = (0, 0, 0)
651.4601 	EXP 	responser: foreColor = (0, 0, 0)
651.4767 	EXP 	responser: foreColor = (0, 0, 0)
651.4933 	EXP 	responser: foreColor = (0, 0, 0)
651.5100 	EXP 	responser: foreColor = (0, 0, 0)
651.5268 	EXP 	responser: foreColor = (0, 0, 0)
651.5434 	EXP 	responser: foreColor = (0, 0, 0)
651.5600 	EXP 	responser: foreColor = (0, 0, 0)
651.5767 	EXP 	responser: foreColor = (0, 0, 0)
651.5934 	EXP 	responser: foreColor = (0, 0, 0)
651.6100 	EXP 	responser: foreColor = (0, 0, 0)
651.6267 	EXP 	responser: foreColor = (0, 0, 0)
651.6434 	EXP 	responser: foreColor = (0, 0, 0)
651.6600 	EXP 	responser: foreColor = (0, 0, 0)
651.6767 	EXP 	responser: foreColor = (0, 0, 0)
651.6934 	EXP 	responser: foreColor = (0, 0, 0)
651.7101 	EXP 	responser: foreColor = (0, 0, 0)
651.7267 	EXP 	responser: foreColor = (0, 0, 0)
651.7433 	EXP 	responser: foreColor = (0, 0, 0)
651.7601 	EXP 	responser: foreColor = (0, 0, 0)
651.7767 	EXP 	responser: foreColor = (0, 0, 0)
651.7934 	EXP 	responser: foreColor = (0, 0, 0)
651.8100 	EXP 	responser: foreColor = (0, 0, 0)
651.8267 	EXP 	responser: foreColor = (0, 0, 0)
651.8433 	EXP 	responser: foreColor = (0, 0, 0)
651.8600 	EXP 	responser: foreColor = (0, 0, 0)
651.8767 	EXP 	responser: foreColor = (0, 0, 0)
651.8934 	EXP 	responser: foreColor = (0, 0, 0)
651.9100 	EXP 	responser: foreColor = (0, 0, 0)
651.9267 	EXP 	responser: foreColor = (0, 0, 0)
651.9434 	EXP 	responser: foreColor = (0, 0, 0)
651.9600 	EXP 	responser: foreColor = (0, 0, 0)
651.9767 	EXP 	responser: foreColor = (0, 0, 0)
651.9934 	EXP 	responser: foreColor = (0, 0, 0)
652.0101 	EXP 	responser: foreColor = (0, 0, 0)
652.0267 	EXP 	responser: foreColor = (0, 0, 0)
652.0434 	EXP 	responser: foreColor = (0, 0, 0)
652.0601 	EXP 	responser: foreColor = (0, 0, 0)
652.0767 	EXP 	responser: foreColor = (0, 0, 0)
652.0767 	EXP 	thermode_locali_pic: autoDraw = False
652.0934 	EXP 	responser: foreColor = (0, 0, 0)
652.1101 	EXP 	responser: foreColor = (0, 0, 0)
652.1268 	EXP 	responser: foreColor = (0, 0, 0)
652.1433 	EXP 	responser: foreColor = (0, 0, 0)
652.1600 	EXP 	responser: foreColor = (0, 0, 0)
652.1767 	EXP 	responser: foreColor = (0, 0, 0)
652.1934 	EXP 	responser: foreColor = (0, 0, 0)
652.2101 	EXP 	responser: foreColor = (0, 0, 0)
652.2267 	EXP 	responser: foreColor = (0, 0, 0)
652.2434 	EXP 	responser: foreColor = (0, 0, 0)
652.2601 	EXP 	responser: foreColor = (0, 0, 0)
652.2767 	EXP 	responser: foreColor = (0, 0, 0)
652.2934 	EXP 	responser: foreColor = (0, 0, 0)
652.3100 	EXP 	responser: foreColor = (0, 0, 0)
652.3267 	EXP 	responser: foreColor = (0, 0, 0)
652.3434 	EXP 	responser: foreColor = (0, 0, 0)
652.3601 	EXP 	responser: foreColor = (0, 0, 0)
652.3767 	EXP 	responser: foreColor = (0, 0, 0)
652.3933 	EXP 	responser: foreColor = (0, 0, 0)
652.4100 	EXP 	responser: foreColor = (0, 0, 0)
652.4268 	EXP 	responser: foreColor = (0, 0, 0)
652.4434 	EXP 	responser: foreColor = (0, 0, 0)
652.4600 	EXP 	responser: foreColor = (0, 0, 0)
652.4767 	EXP 	responser: foreColor = (0, 0, 0)
652.4933 	EXP 	responser: foreColor = (0, 0, 0)
652.5101 	EXP 	responser: foreColor = (0, 0, 0)
652.5267 	EXP 	responser: foreColor = (0, 0, 0)
652.5433 	EXP 	responser: foreColor = (0, 0, 0)
652.5601 	EXP 	responser: foreColor = (0, 0, 0)
652.5767 	EXP 	responser: foreColor = (0, 0, 0)
652.5934 	EXP 	responser: foreColor = (0, 0, 0)
652.6101 	EXP 	responser: foreColor = (0, 0, 0)
652.6267 	EXP 	responser: foreColor = (0, 0, 0)
652.6434 	EXP 	responser: foreColor = (0, 0, 0)
652.6601 	EXP 	responser: foreColor = (0, 0, 0)
652.6768 	EXP 	responser: foreColor = (0, 0, 0)
652.6934 	EXP 	responser: foreColor = (0, 0, 0)
652.7100 	EXP 	responser: foreColor = (0, 0, 0)
652.7267 	EXP 	responser: foreColor = (0, 0, 0)
652.7434 	EXP 	responser: foreColor = (0, 0, 0)
652.7601 	EXP 	responser: foreColor = (0, 0, 0)
652.7767 	EXP 	responser: foreColor = (0, 0, 0)
652.7934 	EXP 	responser: foreColor = (0, 0, 0)
652.8101 	EXP 	responser: foreColor = (0, 0, 0)
652.8267 	EXP 	responser: foreColor = (0, 0, 0)
652.8434 	EXP 	responser: foreColor = (0, 0, 0)
652.8443 	EXP 	New trial (rep=29, index=0): None
652.8601 	EXP 	responser: foreColor = (0, 0, 0)
652.8601 	EXP 	responsel: autoDraw = False
652.8601 	EXP 	percu_or: autoDraw = False
652.8601 	EXP 	responser: autoDraw = False
652.8601 	EXP 	thermode_locali_pic: autoDraw = False
652.8601 	EXP 	responsel: autoDraw = False
652.8601 	EXP 	percu_or: autoDraw = False
652.8601 	EXP 	responser: autoDraw = False
652.8601 	EXP 	responsel: foreColor = 'white'
652.8601 	EXP 	responser: foreColor = 'white'
652.8601 	EXP 	text_pic: autoDraw = True
652.8601 	EXP 	croix_3: autoDraw = True
657.8602 	EXP 	text_pic: autoDraw = False
657.8602 	EXP 	croix_3: autoDraw = False
657.8602 	EXP 	text_pic: autoDraw = False
657.8602 	EXP 	croix_3: autoDraw = False
657.8602 	EXP 	thermode_locali_pic: height = 0.02
657.8602 	EXP 	thermode_locali_pic: height = 0.02
657.8602 	EXP 	thermode_locali_pic: height = 0.02
657.8602 	EXP 	thermode_locali_pic: text = 'T : 1'
657.8602 	EXP 	responsel: text = 'OUI              '
657.8602 	EXP 	thermode_locali_pic: autoDraw = True
665.8435 	EXP 	responsel: autoDraw = True
665.8435 	EXP 	percu_or: autoDraw = True
665.8435 	EXP 	responser: autoDraw = True
667.0114 	DATA 	Keypress: m
667.0436 	EXP 	responsel: foreColor = (0, 0, 0)
667.0602 	EXP 	responsel: foreColor = (0, 0, 0)
667.0769 	EXP 	responsel: foreColor = (0, 0, 0)
667.0936 	EXP 	responsel: foreColor = (0, 0, 0)
667.1102 	EXP 	responsel: foreColor = (0, 0, 0)
667.1269 	EXP 	responsel: foreColor = (0, 0, 0)
667.1435 	EXP 	responsel: foreColor = (0, 0, 0)
667.1601 	EXP 	responsel: foreColor = (0, 0, 0)
667.1769 	EXP 	responsel: foreColor = (0, 0, 0)
667.1936 	EXP 	responsel: foreColor = (0, 0, 0)
667.2102 	EXP 	responsel: foreColor = (0, 0, 0)
667.2269 	EXP 	responsel: foreColor = (0, 0, 0)
667.2436 	EXP 	responsel: foreColor = (0, 0, 0)
667.2602 	EXP 	responsel: foreColor = (0, 0, 0)
667.2769 	EXP 	responsel: foreColor = (0, 0, 0)
667.2936 	EXP 	responsel: foreColor = (0, 0, 0)
667.3103 	EXP 	responsel: foreColor = (0, 0, 0)
667.3269 	EXP 	responsel: foreColor = (0, 0, 0)
667.3436 	EXP 	responsel: foreColor = (0, 0, 0)
667.3602 	EXP 	responsel: foreColor = (0, 0, 0)
667.3769 	EXP 	responsel: foreColor = (0, 0, 0)
667.3936 	EXP 	responsel: foreColor = (0, 0, 0)
667.4102 	EXP 	responsel: foreColor = (0, 0, 0)
667.4270 	EXP 	responsel: foreColor = (0, 0, 0)
667.4436 	EXP 	responsel: foreColor = (0, 0, 0)
667.4602 	EXP 	responsel: foreColor = (0, 0, 0)
667.4769 	EXP 	responsel: foreColor = (0, 0, 0)
667.4936 	EXP 	responsel: foreColor = (0, 0, 0)
667.5102 	EXP 	responsel: foreColor = (0, 0, 0)
667.5269 	EXP 	responsel: foreColor = (0, 0, 0)
667.5436 	EXP 	responsel: foreColor = (0, 0, 0)
667.5602 	EXP 	responsel: foreColor = (0, 0, 0)
667.5769 	EXP 	responsel: foreColor = (0, 0, 0)
667.5936 	EXP 	responsel: foreColor = (0, 0, 0)
667.6103 	EXP 	responsel: foreColor = (0, 0, 0)
667.6269 	EXP 	responsel: foreColor = (0, 0, 0)
667.6436 	EXP 	responsel: foreColor = (0, 0, 0)
667.6602 	EXP 	responsel: foreColor = (0, 0, 0)
667.6769 	EXP 	responsel: foreColor = (0, 0, 0)
667.6935 	EXP 	responsel: foreColor = (0, 0, 0)
667.7102 	EXP 	responsel: foreColor = (0, 0, 0)
667.7269 	EXP 	responsel: foreColor = (0, 0, 0)
667.7436 	EXP 	responsel: foreColor = (0, 0, 0)
667.7603 	EXP 	responsel: foreColor = (0, 0, 0)
667.7769 	EXP 	responsel: foreColor = (0, 0, 0)
667.7936 	EXP 	responsel: foreColor = (0, 0, 0)
667.8102 	EXP 	responsel: foreColor = (0, 0, 0)
667.8269 	EXP 	responsel: foreColor = (0, 0, 0)
667.8436 	EXP 	responsel: foreColor = (0, 0, 0)
667.8602 	EXP 	responsel: foreColor = (0, 0, 0)
667.8770 	EXP 	responsel: foreColor = (0, 0, 0)
667.8936 	EXP 	responsel: foreColor = (0, 0, 0)
667.9102 	EXP 	responsel: foreColor = (0, 0, 0)
667.9269 	EXP 	responsel: foreColor = (0, 0, 0)
667.9435 	EXP 	responsel: foreColor = (0, 0, 0)
667.9602 	EXP 	responsel: foreColor = (0, 0, 0)
667.9769 	EXP 	responsel: foreColor = (0, 0, 0)
667.9936 	EXP 	responsel: foreColor = (0, 0, 0)
668.0102 	EXP 	responsel: foreColor = (0, 0, 0)
668.0269 	EXP 	responsel: foreColor = (0, 0, 0)
668.0436 	EXP 	responsel: foreColor = (0, 0, 0)
668.0602 	EXP 	responsel: foreColor = (0, 0, 0)
668.0602 	EXP 	thermode_locali_pic: autoDraw = False
668.0769 	EXP 	responsel: foreColor = (0, 0, 0)
668.0936 	EXP 	responsel: foreColor = (0, 0, 0)
668.1102 	EXP 	responsel: foreColor = (0, 0, 0)
668.1269 	EXP 	responsel: foreColor = (0, 0, 0)
668.1435 	EXP 	responsel: foreColor = (0, 0, 0)
668.1602 	EXP 	responsel: foreColor = (0, 0, 0)
668.1769 	EXP 	responsel: foreColor = (0, 0, 0)
668.1936 	EXP 	responsel: foreColor = (0, 0, 0)
668.2103 	EXP 	responsel: foreColor = (0, 0, 0)
668.2269 	EXP 	responsel: foreColor = (0, 0, 0)
668.2436 	EXP 	responsel: foreColor = (0, 0, 0)
668.2602 	EXP 	responsel: foreColor = (0, 0, 0)
668.2770 	EXP 	responsel: foreColor = (0, 0, 0)
668.2936 	EXP 	responsel: foreColor = (0, 0, 0)
668.3102 	EXP 	responsel: foreColor = (0, 0, 0)
668.3269 	EXP 	responsel: foreColor = (0, 0, 0)
668.3436 	EXP 	responsel: foreColor = (0, 0, 0)
668.3602 	EXP 	responsel: foreColor = (0, 0, 0)
668.3769 	EXP 	responsel: foreColor = (0, 0, 0)
668.3936 	EXP 	responsel: foreColor = (0, 0, 0)
668.4102 	EXP 	responsel: foreColor = (0, 0, 0)
668.4269 	EXP 	responsel: foreColor = (0, 0, 0)
668.4435 	EXP 	responsel: foreColor = (0, 0, 0)
668.4602 	EXP 	responsel: foreColor = (0, 0, 0)
668.4769 	EXP 	responsel: foreColor = (0, 0, 0)
668.4936 	EXP 	responsel: foreColor = (0, 0, 0)
668.5102 	EXP 	responsel: foreColor = (0, 0, 0)
668.5269 	EXP 	responsel: foreColor = (0, 0, 0)
668.5436 	EXP 	responsel: foreColor = (0, 0, 0)
668.5602 	EXP 	responsel: foreColor = (0, 0, 0)
668.5769 	EXP 	responsel: foreColor = (0, 0, 0)
668.5936 	EXP 	responsel: foreColor = (0, 0, 0)
668.6102 	EXP 	responsel: foreColor = (0, 0, 0)
668.6269 	EXP 	responsel: foreColor = (0, 0, 0)
668.6436 	EXP 	responsel: foreColor = (0, 0, 0)
668.6602 	EXP 	responsel: foreColor = (0, 0, 0)
668.6769 	EXP 	responsel: foreColor = (0, 0, 0)
668.6935 	EXP 	responsel: foreColor = (0, 0, 0)
668.7102 	EXP 	responsel: foreColor = (0, 0, 0)
668.7270 	EXP 	responsel: foreColor = (0, 0, 0)
668.7436 	EXP 	responsel: foreColor = (0, 0, 0)
668.7603 	EXP 	responsel: foreColor = (0, 0, 0)
668.7769 	EXP 	responsel: foreColor = (0, 0, 0)
668.7936 	EXP 	responsel: foreColor = (0, 0, 0)
668.8102 	EXP 	responsel: foreColor = (0, 0, 0)
668.8270 	EXP 	responsel: foreColor = (0, 0, 0)
668.8279 	EXP 	New trial (rep=30, index=0): None
668.8436 	EXP 	responsel: foreColor = (0, 0, 0)
668.8436 	EXP 	responsel: autoDraw = False
668.8436 	EXP 	percu_or: autoDraw = False
668.8436 	EXP 	responser: autoDraw = False
668.8436 	EXP 	thermode_locali_pic: autoDraw = False
668.8436 	EXP 	responsel: autoDraw = False
668.8436 	EXP 	percu_or: autoDraw = False
668.8436 	EXP 	responser: autoDraw = False
668.8436 	EXP 	responsel: foreColor = 'white'
668.8436 	EXP 	responser: foreColor = 'white'
668.8436 	EXP 	text_pic: autoDraw = True
668.8436 	EXP 	croix_3: autoDraw = True
673.8436 	EXP 	text_pic: autoDraw = False
673.8436 	EXP 	croix_3: autoDraw = False
673.8436 	EXP 	text_pic: autoDraw = False
673.8436 	EXP 	croix_3: autoDraw = False
673.8436 	EXP 	thermode_locali_pic: height = 0.02
673.8436 	EXP 	thermode_locali_pic: height = 0.02
673.8436 	EXP 	thermode_locali_pic: height = 0.02
673.8436 	EXP 	thermode_locali_pic: text = 'T : 2'
673.8436 	EXP 	responsel: text = 'OUI              '
673.8436 	EXP 	thermode_locali_pic: autoDraw = True
681.8270 	EXP 	responsel: autoDraw = True
681.8270 	EXP 	percu_or: autoDraw = True
681.8270 	EXP 	responser: autoDraw = True
682.9115 	DATA 	Keypress: n
682.9604 	EXP 	responser: foreColor = (0, 0, 0)
682.9770 	EXP 	responser: foreColor = (0, 0, 0)
682.9937 	EXP 	responser: foreColor = (0, 0, 0)
683.0104 	EXP 	responser: foreColor = (0, 0, 0)
683.0270 	EXP 	responser: foreColor = (0, 0, 0)
683.0437 	EXP 	responser: foreColor = (0, 0, 0)
683.0604 	EXP 	responser: foreColor = (0, 0, 0)
683.0771 	EXP 	responser: foreColor = (0, 0, 0)
683.0937 	EXP 	responser: foreColor = (0, 0, 0)
683.1104 	EXP 	responser: foreColor = (0, 0, 0)
683.1270 	EXP 	responser: foreColor = (0, 0, 0)
683.1437 	EXP 	responser: foreColor = (0, 0, 0)
683.1603 	EXP 	responser: foreColor = (0, 0, 0)
683.1771 	EXP 	responser: foreColor = (0, 0, 0)
683.1938 	EXP 	responser: foreColor = (0, 0, 0)
683.2104 	EXP 	responser: foreColor = (0, 0, 0)
683.2270 	EXP 	responser: foreColor = (0, 0, 0)
683.2437 	EXP 	responser: foreColor = (0, 0, 0)
683.2604 	EXP 	responser: foreColor = (0, 0, 0)
683.2770 	EXP 	responser: foreColor = (0, 0, 0)
683.2937 	EXP 	responser: foreColor = (0, 0, 0)
683.3103 	EXP 	responser: foreColor = (0, 0, 0)
683.3270 	EXP 	responser: foreColor = (0, 0, 0)
683.3437 	EXP 	responser: foreColor = (0, 0, 0)
683.3604 	EXP 	responser: foreColor = (0, 0, 0)
683.3771 	EXP 	responser: foreColor = (0, 0, 0)
683.3937 	EXP 	responser: foreColor = (0, 0, 0)
683.4104 	EXP 	responser: foreColor = (0, 0, 0)
683.4271 	EXP 	responser: foreColor = (0, 0, 0)
683.4437 	EXP 	responser: foreColor = (0, 0, 0)
683.4603 	EXP 	responser: foreColor = (0, 0, 0)
683.4770 	EXP 	responser: foreColor = (0, 0, 0)
683.4938 	EXP 	responser: foreColor = (0, 0, 0)
683.5104 	EXP 	responser: foreColor = (0, 0, 0)
683.5271 	EXP 	responser: foreColor = (0, 0, 0)
683.5437 	EXP 	responser: foreColor = (0, 0, 0)
683.5604 	EXP 	responser: foreColor = (0, 0, 0)
683.5771 	EXP 	responser: foreColor = (0, 0, 0)
683.5938 	EXP 	responser: foreColor = (0, 0, 0)
683.6104 	EXP 	responser: foreColor = (0, 0, 0)
683.6271 	EXP 	responser: foreColor = (0, 0, 0)
683.6437 	EXP 	responser: foreColor = (0, 0, 0)
683.6604 	EXP 	responser: foreColor = (0, 0, 0)
683.6771 	EXP 	responser: foreColor = (0, 0, 0)
683.6937 	EXP 	responser: foreColor = (0, 0, 0)
683.7104 	EXP 	responser: foreColor = (0, 0, 0)
683.7270 	EXP 	responser: foreColor = (0, 0, 0)
683.7438 	EXP 	responser: foreColor = (0, 0, 0)
683.7604 	EXP 	responser: foreColor = (0, 0, 0)
683.7771 	EXP 	responser: foreColor = (0, 0, 0)
683.7937 	EXP 	responser: foreColor = (0, 0, 0)
683.8104 	EXP 	responser: foreColor = (0, 0, 0)
683.8270 	EXP 	responser: foreColor = (0, 0, 0)
683.8437 	EXP 	responser: foreColor = (0, 0, 0)
683.8605 	EXP 	responser: foreColor = (0, 0, 0)
683.8771 	EXP 	responser: foreColor = (0, 0, 0)
683.8937 	EXP 	responser: foreColor = (0, 0, 0)
683.9104 	EXP 	responser: foreColor = (0, 0, 0)
683.9271 	EXP 	responser: foreColor = (0, 0, 0)
683.9437 	EXP 	responser: foreColor = (0, 0, 0)
683.9604 	EXP 	responser: foreColor = (0, 0, 0)
683.9771 	EXP 	responser: foreColor = (0, 0, 0)
683.9937 	EXP 	responser: foreColor = (0, 0, 0)
684.0104 	EXP 	responser: foreColor = (0, 0, 0)
684.0271 	EXP 	responser: foreColor = (0, 0, 0)
684.0438 	EXP 	responser: foreColor = (0, 0, 0)
684.0438 	EXP 	thermode_locali_pic: autoDraw = False
684.0604 	EXP 	responser: foreColor = (0, 0, 0)
684.0771 	EXP 	responser: foreColor = (0, 0, 0)
684.0937 	EXP 	responser: foreColor = (0, 0, 0)
684.1103 	EXP 	responser: foreColor = (0, 0, 0)
684.1270 	EXP 	responser: foreColor = (0, 0, 0)
684.1437 	EXP 	responser: foreColor = (0, 0, 0)
684.1604 	EXP 	responser: foreColor = (0, 0, 0)
684.1771 	EXP 	responser: foreColor = (0, 0, 0)
684.1937 	EXP 	responser: foreColor = (0, 0, 0)
684.2104 	EXP 	responser: foreColor = (0, 0, 0)
684.2271 	EXP 	responser: foreColor = (0, 0, 0)
684.2437 	EXP 	responser: foreColor = (0, 0, 0)
684.2604 	EXP 	responser: foreColor = (0, 0, 0)
684.2771 	EXP 	responser: foreColor = (0, 0, 0)
684.2937 	EXP 	responser: foreColor = (0, 0, 0)
684.3104 	EXP 	responser: foreColor = (0, 0, 0)
684.3271 	EXP 	responser: foreColor = (0, 0, 0)
684.3438 	EXP 	responser: foreColor = (0, 0, 0)
684.3604 	EXP 	responser: foreColor = (0, 0, 0)
684.3771 	EXP 	responser: foreColor = (0, 0, 0)
684.3937 	EXP 	responser: foreColor = (0, 0, 0)
684.4104 	EXP 	responser: foreColor = (0, 0, 0)
684.4270 	EXP 	responser: foreColor = (0, 0, 0)
684.4437 	EXP 	responser: foreColor = (0, 0, 0)
684.4604 	EXP 	responser: foreColor = (0, 0, 0)
684.4771 	EXP 	responser: foreColor = (0, 0, 0)
684.4937 	EXP 	responser: foreColor = (0, 0, 0)
684.5104 	EXP 	responser: foreColor = (0, 0, 0)
684.5270 	EXP 	responser: foreColor = (0, 0, 0)
684.5437 	EXP 	responser: foreColor = (0, 0, 0)
684.5604 	EXP 	responser: foreColor = (0, 0, 0)
684.5771 	EXP 	responser: foreColor = (0, 0, 0)
684.5937 	EXP 	responser: foreColor = (0, 0, 0)
684.6104 	EXP 	responser: foreColor = (0, 0, 0)
684.6271 	EXP 	responser: foreColor = (0, 0, 0)
684.6438 	EXP 	responser: foreColor = (0, 0, 0)
684.6604 	EXP 	responser: foreColor = (0, 0, 0)
684.6771 	EXP 	responser: foreColor = (0, 0, 0)
684.6938 	EXP 	responser: foreColor = (0, 0, 0)
684.7104 	EXP 	responser: foreColor = (0, 0, 0)
684.7271 	EXP 	responser: foreColor = (0, 0, 0)
684.7437 	EXP 	responser: foreColor = (0, 0, 0)
684.7604 	EXP 	responser: foreColor = (0, 0, 0)
684.7771 	EXP 	responser: foreColor = (0, 0, 0)
684.7937 	EXP 	responser: foreColor = (0, 0, 0)
684.8104 	EXP 	responser: foreColor = (0, 0, 0)
684.8114 	EXP 	New trial (rep=31, index=0): None
684.8271 	EXP 	responser: foreColor = (0, 0, 0)
684.8271 	EXP 	responsel: autoDraw = False
684.8271 	EXP 	percu_or: autoDraw = False
684.8271 	EXP 	responser: autoDraw = False
684.8271 	EXP 	thermode_locali_pic: autoDraw = False
684.8271 	EXP 	responsel: autoDraw = False
684.8271 	EXP 	percu_or: autoDraw = False
684.8271 	EXP 	responser: autoDraw = False
684.8271 	EXP 	responsel: foreColor = 'white'
684.8271 	EXP 	responser: foreColor = 'white'
684.8271 	EXP 	text_pic: autoDraw = True
684.8271 	EXP 	croix_3: autoDraw = True
689.8272 	EXP 	text_pic: autoDraw = False
689.8272 	EXP 	croix_3: autoDraw = False
689.8272 	EXP 	text_pic: autoDraw = False
689.8272 	EXP 	croix_3: autoDraw = False
689.8272 	EXP 	thermode_locali_pic: height = 0.02
689.8272 	EXP 	thermode_locali_pic: height = 0.02
689.8272 	EXP 	thermode_locali_pic: height = 0.02
689.8272 	EXP 	thermode_locali_pic: text = 'T : 3'
689.8272 	EXP 	responsel: text = 'OUI              '
689.8272 	EXP 	thermode_locali_pic: autoDraw = True
697.8106 	EXP 	responsel: autoDraw = True
697.8106 	EXP 	percu_or: autoDraw = True
697.8106 	EXP 	responser: autoDraw = True
699.3783 	DATA 	Keypress: n
699.4106 	EXP 	responser: foreColor = (0, 0, 0)
699.4272 	EXP 	responser: foreColor = (0, 0, 0)
699.4439 	EXP 	responser: foreColor = (0, 0, 0)
699.4606 	EXP 	responser: foreColor = (0, 0, 0)
699.4772 	EXP 	responser: foreColor = (0, 0, 0)
699.4939 	EXP 	responser: foreColor = (0, 0, 0)
699.5106 	EXP 	responser: foreColor = (0, 0, 0)
699.5272 	EXP 	responser: foreColor = (0, 0, 0)
699.5439 	EXP 	responser: foreColor = (0, 0, 0)
699.5606 	EXP 	responser: foreColor = (0, 0, 0)
699.5773 	EXP 	responser: foreColor = (0, 0, 0)
699.5939 	EXP 	responser: foreColor = (0, 0, 0)
699.6106 	EXP 	responser: foreColor = (0, 0, 0)
699.6273 	EXP 	responser: foreColor = (0, 0, 0)
699.6439 	EXP 	responser: foreColor = (0, 0, 0)
699.6605 	EXP 	responser: foreColor = (0, 0, 0)
699.6772 	EXP 	responser: foreColor = (0, 0, 0)
699.6940 	EXP 	responser: foreColor = (0, 0, 0)
699.7106 	EXP 	responser: foreColor = (0, 0, 0)
699.7272 	EXP 	responser: foreColor = (0, 0, 0)
699.7439 	EXP 	responser: foreColor = (0, 0, 0)
699.7606 	EXP 	responser: foreColor = (0, 0, 0)
699.7772 	EXP 	responser: foreColor = (0, 0, 0)
699.7939 	EXP 	responser: foreColor = (0, 0, 0)
699.8106 	EXP 	responser: foreColor = (0, 0, 0)
699.8272 	EXP 	responser: foreColor = (0, 0, 0)
699.8439 	EXP 	responser: foreColor = (0, 0, 0)
699.8606 	EXP 	responser: foreColor = (0, 0, 0)
699.8773 	EXP 	responser: foreColor = (0, 0, 0)
699.8939 	EXP 	responser: foreColor = (0, 0, 0)
699.9106 	EXP 	responser: foreColor = (0, 0, 0)
699.9273 	EXP 	responser: foreColor = (0, 0, 0)
699.9440 	EXP 	responser: foreColor = (0, 0, 0)
699.9606 	EXP 	responser: foreColor = (0, 0, 0)
699.9772 	EXP 	responser: foreColor = (0, 0, 0)
699.9939 	EXP 	responser: foreColor = (0, 0, 0)
700.0105 	EXP 	responser: foreColor = (0, 0, 0)
700.0272 	EXP 	responser: foreColor = (0, 0, 0)
700.0272 	EXP 	thermode_locali_pic: autoDraw = False
700.0439 	EXP 	responser: foreColor = (0, 0, 0)
700.0606 	EXP 	responser: foreColor = (0, 0, 0)
700.0772 	EXP 	responser: foreColor = (0, 0, 0)
700.0939 	EXP 	responser: foreColor = (0, 0, 0)
700.1106 	EXP 	responser: foreColor = (0, 0, 0)
700.1272 	EXP 	responser: foreColor = (0, 0, 0)
700.1439 	EXP 	responser: foreColor = (0, 0, 0)
700.1606 	EXP 	responser: foreColor = (0, 0, 0)
700.1772 	EXP 	responser: foreColor = (0, 0, 0)
700.1939 	EXP 	responser: foreColor = (0, 0, 0)
700.2106 	EXP 	responser: foreColor = (0, 0, 0)
700.2272 	EXP 	responser: foreColor = (0, 0, 0)
700.2439 	EXP 	responser: foreColor = (0, 0, 0)
700.2606 	EXP 	responser: foreColor = (0, 0, 0)
700.2772 	EXP 	responser: foreColor = (0, 0, 0)
700.2939 	EXP 	responser: foreColor = (0, 0, 0)
700.3106 	EXP 	responser: foreColor = (0, 0, 0)
700.3272 	EXP 	responser: foreColor = (0, 0, 0)
700.3439 	EXP 	responser: foreColor = (0, 0, 0)
700.3606 	EXP 	responser: foreColor = (0, 0, 0)
700.3773 	EXP 	responser: foreColor = (0, 0, 0)
700.3939 	EXP 	responser: foreColor = (0, 0, 0)
700.4106 	EXP 	responser: foreColor = (0, 0, 0)
700.4273 	EXP 	responser: foreColor = (0, 0, 0)
700.4439 	EXP 	responser: foreColor = (0, 0, 0)
700.4606 	EXP 	responser: foreColor = (0, 0, 0)
700.4773 	EXP 	responser: foreColor = (0, 0, 0)
700.4939 	EXP 	responser: foreColor = (0, 0, 0)
700.5106 	EXP 	responser: foreColor = (0, 0, 0)
700.5273 	EXP 	responser: foreColor = (0, 0, 0)
700.5439 	EXP 	responser: foreColor = (0, 0, 0)
700.5606 	EXP 	responser: foreColor = (0, 0, 0)
700.5773 	EXP 	responser: foreColor = (0, 0, 0)
700.5939 	EXP 	responser: foreColor = (0, 0, 0)
700.6106 	EXP 	responser: foreColor = (0, 0, 0)
700.6273 	EXP 	responser: foreColor = (0, 0, 0)
700.6439 	EXP 	responser: foreColor = (0, 0, 0)
700.6606 	EXP 	responser: foreColor = (0, 0, 0)
700.6773 	EXP 	responser: foreColor = (0, 0, 0)
700.6939 	EXP 	responser: foreColor = (0, 0, 0)
700.7106 	EXP 	responser: foreColor = (0, 0, 0)
700.7273 	EXP 	responser: foreColor = (0, 0, 0)
700.7440 	EXP 	responser: foreColor = (0, 0, 0)
700.7606 	EXP 	responser: foreColor = (0, 0, 0)
700.7773 	EXP 	responser: foreColor = (0, 0, 0)
700.7940 	EXP 	responser: foreColor = (0, 0, 0)
700.7949 	EXP 	New trial (rep=32, index=0): None
700.8106 	EXP 	responser: foreColor = (0, 0, 0)
700.8106 	EXP 	responsel: autoDraw = False
700.8106 	EXP 	percu_or: autoDraw = False
700.8106 	EXP 	responser: autoDraw = False
700.8106 	EXP 	thermode_locali_pic: autoDraw = False
700.8106 	EXP 	responsel: autoDraw = False
700.8106 	EXP 	percu_or: autoDraw = False
700.8106 	EXP 	responser: autoDraw = False
700.8106 	EXP 	responsel: foreColor = 'white'
700.8106 	EXP 	responser: foreColor = 'white'
700.8106 	EXP 	text_pic: autoDraw = True
700.8106 	EXP 	croix_3: autoDraw = True
705.8107 	EXP 	text_pic: autoDraw = False
705.8107 	EXP 	croix_3: autoDraw = False
705.8107 	EXP 	text_pic: autoDraw = False
705.8107 	EXP 	croix_3: autoDraw = False
705.8107 	EXP 	thermode_locali_pic: height = 0.02
705.8107 	EXP 	thermode_locali_pic: height = 0.02
705.8107 	EXP 	thermode_locali_pic: height = 0.02
705.8107 	EXP 	thermode_locali_pic: text = 'T : 0'
705.8107 	EXP 	responsel: text = 'OUI              '
705.8107 	EXP 	thermode_locali_pic: autoDraw = True
713.7941 	EXP 	responsel: autoDraw = True
713.7941 	EXP 	percu_or: autoDraw = True
713.7941 	EXP 	responser: autoDraw = True
714.7452 	DATA 	Keypress: n
714.7774 	EXP 	responser: foreColor = (0, 0, 0)
714.7941 	EXP 	responser: foreColor = (0, 0, 0)
714.8108 	EXP 	responser: foreColor = (0, 0, 0)
714.8274 	EXP 	responser: foreColor = (0, 0, 0)
714.8441 	EXP 	responser: foreColor = (0, 0, 0)
714.8607 	EXP 	responser: foreColor = (0, 0, 0)
714.8774 	EXP 	responser: foreColor = (0, 0, 0)
714.8940 	EXP 	responser: foreColor = (0, 0, 0)
714.9107 	EXP 	responser: foreColor = (0, 0, 0)
714.9274 	EXP 	responser: foreColor = (0, 0, 0)
714.9441 	EXP 	responser: foreColor = (0, 0, 0)
714.9607 	EXP 	responser: foreColor = (0, 0, 0)
714.9774 	EXP 	responser: foreColor = (0, 0, 0)
714.9941 	EXP 	responser: foreColor = (0, 0, 0)
715.0107 	EXP 	responser: foreColor = (0, 0, 0)
715.0274 	EXP 	responser: foreColor = (0, 0, 0)
715.0441 	EXP 	responser: foreColor = (0, 0, 0)
715.0608 	EXP 	responser: foreColor = (0, 0, 0)
715.0774 	EXP 	responser: foreColor = (0, 0, 0)
715.0940 	EXP 	responser: foreColor = (0, 0, 0)
715.1108 	EXP 	responser: foreColor = (0, 0, 0)
715.1274 	EXP 	responser: foreColor = (0, 0, 0)
715.1441 	EXP 	responser: foreColor = (0, 0, 0)
715.1607 	EXP 	responser: foreColor = (0, 0, 0)
715.1774 	EXP 	responser: foreColor = (0, 0, 0)
715.1941 	EXP 	responser: foreColor = (0, 0, 0)
715.2107 	EXP 	responser: foreColor = (0, 0, 0)
715.2274 	EXP 	responser: foreColor = (0, 0, 0)
715.2441 	EXP 	responser: foreColor = (0, 0, 0)
715.2607 	EXP 	responser: foreColor = (0, 0, 0)
715.2774 	EXP 	responser: foreColor = (0, 0, 0)
715.2941 	EXP 	responser: foreColor = (0, 0, 0)
715.3108 	EXP 	responser: foreColor = (0, 0, 0)
715.3274 	EXP 	responser: foreColor = (0, 0, 0)
715.3441 	EXP 	responser: foreColor = (0, 0, 0)
715.3608 	EXP 	responser: foreColor = (0, 0, 0)
715.3774 	EXP 	responser: foreColor = (0, 0, 0)
715.3940 	EXP 	responser: foreColor = (0, 0, 0)
715.4108 	EXP 	responser: foreColor = (0, 0, 0)
715.4274 	EXP 	responser: foreColor = (0, 0, 0)
715.4441 	EXP 	responser: foreColor = (0, 0, 0)
715.4607 	EXP 	responser: foreColor = (0, 0, 0)
715.4775 	EXP 	responser: foreColor = (0, 0, 0)
715.4941 	EXP 	responser: foreColor = (0, 0, 0)
715.5107 	EXP 	responser: foreColor = (0, 0, 0)
715.5274 	EXP 	responser: foreColor = (0, 0, 0)
715.5441 	EXP 	responser: foreColor = (0, 0, 0)
715.5608 	EXP 	responser: foreColor = (0, 0, 0)
715.5774 	EXP 	responser: foreColor = (0, 0, 0)
715.5941 	EXP 	responser: foreColor = (0, 0, 0)
715.6107 	EXP 	responser: foreColor = (0, 0, 0)
715.6274 	EXP 	responser: foreColor = (0, 0, 0)
715.6441 	EXP 	responser: foreColor = (0, 0, 0)
715.6607 	EXP 	responser: foreColor = (0, 0, 0)
715.6774 	EXP 	responser: foreColor = (0, 0, 0)
715.6940 	EXP 	responser: foreColor = (0, 0, 0)
715.7107 	EXP 	responser: foreColor = (0, 0, 0)
715.7274 	EXP 	responser: foreColor = (0, 0, 0)
715.7441 	EXP 	responser: foreColor = (0, 0, 0)
715.7607 	EXP 	responser: foreColor = (0, 0, 0)
715.7774 	EXP 	responser: foreColor = (0, 0, 0)
715.7940 	EXP 	responser: foreColor = (0, 0, 0)
715.8107 	EXP 	responser: foreColor = (0, 0, 0)
715.8274 	EXP 	responser: foreColor = (0, 0, 0)
715.8441 	EXP 	responser: foreColor = (0, 0, 0)
715.8607 	EXP 	responser: foreColor = (0, 0, 0)
715.8774 	EXP 	responser: foreColor = (0, 0, 0)
715.8940 	EXP 	responser: foreColor = (0, 0, 0)
715.9108 	EXP 	responser: foreColor = (0, 0, 0)
715.9274 	EXP 	responser: foreColor = (0, 0, 0)
715.9440 	EXP 	responser: foreColor = (0, 0, 0)
715.9608 	EXP 	responser: foreColor = (0, 0, 0)
715.9774 	EXP 	responser: foreColor = (0, 0, 0)
715.9941 	EXP 	responser: foreColor = (0, 0, 0)
716.0107 	EXP 	responser: foreColor = (0, 0, 0)
716.0107 	EXP 	thermode_locali_pic: autoDraw = False
716.0274 	EXP 	responser: foreColor = (0, 0, 0)
716.0441 	EXP 	responser: foreColor = (0, 0, 0)
716.0607 	EXP 	responser: foreColor = (0, 0, 0)
716.0774 	EXP 	responser: foreColor = (0, 0, 0)
716.0941 	EXP 	responser: foreColor = (0, 0, 0)
716.1108 	EXP 	responser: foreColor = (0, 0, 0)
716.1274 	EXP 	responser: foreColor = (0, 0, 0)
716.1441 	EXP 	responser: foreColor = (0, 0, 0)
716.1607 	EXP 	responser: foreColor = (0, 0, 0)
716.1774 	EXP 	responser: foreColor = (0, 0, 0)
716.1941 	EXP 	responser: foreColor = (0, 0, 0)
716.2107 	EXP 	responser: foreColor = (0, 0, 0)
716.2274 	EXP 	responser: foreColor = (0, 0, 0)
716.2440 	EXP 	responser: foreColor = (0, 0, 0)
716.2608 	EXP 	responser: foreColor = (0, 0, 0)
716.2775 	EXP 	responser: foreColor = (0, 0, 0)
716.2942 	EXP 	responser: foreColor = (0, 0, 0)
716.3108 	EXP 	responser: foreColor = (0, 0, 0)
716.3274 	EXP 	responser: foreColor = (0, 0, 0)
716.3442 	EXP 	responser: foreColor = (0, 0, 0)
716.3607 	EXP 	responser: foreColor = (0, 0, 0)
716.3774 	EXP 	responser: foreColor = (0, 0, 0)
716.3941 	EXP 	responser: foreColor = (0, 0, 0)
716.4107 	EXP 	responser: foreColor = (0, 0, 0)
716.4274 	EXP 	responser: foreColor = (0, 0, 0)
716.4441 	EXP 	responser: foreColor = (0, 0, 0)
716.4607 	EXP 	responser: foreColor = (0, 0, 0)
716.4774 	EXP 	responser: foreColor = (0, 0, 0)
716.4941 	EXP 	responser: foreColor = (0, 0, 0)
716.5107 	EXP 	responser: foreColor = (0, 0, 0)
716.5274 	EXP 	responser: foreColor = (0, 0, 0)
716.5441 	EXP 	responser: foreColor = (0, 0, 0)
716.5607 	EXP 	responser: foreColor = (0, 0, 0)
716.5775 	EXP 	responser: foreColor = (0, 0, 0)
716.5941 	EXP 	responser: foreColor = (0, 0, 0)
716.6107 	EXP 	responser: foreColor = (0, 0, 0)
716.6274 	EXP 	responser: foreColor = (0, 0, 0)
716.6440 	EXP 	responser: foreColor = (0, 0, 0)
716.6608 	EXP 	responser: foreColor = (0, 0, 0)
716.6774 	EXP 	responser: foreColor = (0, 0, 0)
716.6941 	EXP 	responser: foreColor = (0, 0, 0)
716.7107 	EXP 	responser: foreColor = (0, 0, 0)
716.7274 	EXP 	responser: foreColor = (0, 0, 0)
716.7441 	EXP 	responser: foreColor = (0, 0, 0)
716.7608 	EXP 	responser: foreColor = (0, 0, 0)
716.7774 	EXP 	responser: foreColor = (0, 0, 0)
716.7941 	EXP 	responser: foreColor = (0, 0, 0)
716.7941 	EXP 	responsel: autoDraw = False
716.7941 	EXP 	percu_or: autoDraw = False
716.7941 	EXP 	responser: autoDraw = False
716.7941 	EXP 	thermode_locali_pic: autoDraw = False
716.7941 	EXP 	responsel: autoDraw = False
716.7941 	EXP 	percu_or: autoDraw = False
716.7941 	EXP 	responser: autoDraw = False
716.7941 	EXP 	responsel: foreColor = 'white'
716.7941 	EXP 	responser: foreColor = 'white'
716.7941 	EXP 	text: autoDraw = True
722.8108 	EXP 	text: autoDraw = False
722.8108 	EXP 	text: autoDraw = False
722.8108 	EXP 	2024_RDpaindiscrimination_QUEST: status = STOPPED
723.0497 	EXP 	window1: mouseVisible = True
