,n,r,CI95%,p-val,BF10,power
pearson,29,0.08092539199344316,[-0.29  0.43],0.6764497045984735,0.251,0.06987234913172902
