,n,r,CI95%,p-val,BF10,power
pearson,29,0.2266779818678631,[-0.15  0.55],0.23701835361181253,0.45,0.22214536274318344
