,n,r,CI95%,p-val,BF10,power
pearson,29,0.2085934964895322,[-0.17  0.53],0.27752347213065465,0.405,0.19432575792732887
