,n,r,CI95%,p-val,BF10,power
pearson,29,0.1353343658891098,[-0.24  0.48],0.4839455981704604,0.291,0.1080010245904529
