,n,r,CI95%,p-val,BF10,power
pearson,29,0.46190998505786385,[0.11 0.71],0.011651476721731438,4.783,0.7342509023873601
