,Source,SS,ddof1,ddof2,MS,F,p-unc,p-GG-corr,ng2,eps
0,condition,3156.691945043086,1,28,3156.691945043086,153.0580852410738,7.229607032501514e-13,7.229607032501514e-13,0.1140081454304033,1.0
1,block,309.9796605603457,1,28,309.9796605603457,5.454042000024758,0.02691509202249331,0.02691509202249331,0.012478253842514638,1.0
2,condition * block,0.12944504310632965,1,28,0.12944504310632965,0.003969465739031841,0.9502111841416818,0.9502111841416818,5.276635350346854e-06,1.0
