,T,dof,alternative,p-val,CI95%,cohen-d,BF10,power
T-test,-12.371664610757703,28,two-sided,7.229607032501094e-13,[-12.16  -8.71],0.7439555217879573,1.077e+10,0.9716436518425572
