,T,dof,alternative,p-val,CI95%,cohen-d,BF10,power
T-test,-2.56975488698791,28,two-sided,0.01579033537280621,[-0.55 -0.06],0.49656180552515794,3.103,0.7328571949577704
