,T,dof,alternative,p-val,CI95%,cohen-d,BF10,power
T-test,-0.9982210361910476,28,two-sided,0.3267212264249232,[-0.33  0.11],0.20907436340877641,0.311,0.19264662777170918
