,T,dof,alternative,p-val,CI95%,cohen-d,BF10,power
T-test,1.4008883161307024,28,two-sided,0.17223344868045734,[-0.09  0.47],0.1980506789210344,0.476,0.1776497846734855
