,T,dof,alternative,p-val,CI95%,cohen-d,BF10,power
T-test,1.4195496346494243,28,two-sided,0.16677695059639683,[-0.01  0.08],0.19892428635006787,0.487,0.17880798108456294
