19.9446 	EXP 	Created window1 = Window(allowGUI=True, allowStencil=False, autoLog=True, backendConf=UNKNOWN, backgroundFit=<method-wrapper '__getattribute__' of attributeSetter object at 0x000002CAE57A23A0>, backgroundImage=<method-wrapper '__getattribute__' of attributeSetter object at 0x000002CAE57A2340>, bitsMode=UNKNOWN, blendMode='avg', bpc=(8, 8, 8), color=array([0, 0, 0]), colorSpace='rgb', depthBits=8, fullscr=<method-wrapper '__getattribute__' of attributeSetter object at 0x000002CAE57A2190>, gamma=None, gammaErrorPolicy='raise', lms=UNKNOWN, monitor=<psychopy.monitors.calibTools.Monitor object at 0x000002CAF063CBE0>, multiSample=False, name='window1', numSamples=2, pos=(0, 0), screen=0, size=array([1920, 1080]), stencilBits=0, stereo=False, title='PsychoPy', units='height', useFBO=True, useRetina=False, viewOri=0.0, viewPos=None, viewScale=None, waitBlanking=True, winType='pyglet')
19.9446 	EXP 	window1: mouseVisible = True
19.9446 	EXP 	window1: backgroundImage = ''
19.9446 	EXP 	window1: backgroundFit = 'none'
19.9454 	EXP 	window1: Attempting to measure frame rate of screen (0) ...
19.9454 	EXP 	window1: recordFrameIntervals = False
20.1111 	EXP 	window1: recordFrameIntervals = True
20.2946 	EXP 	Screen (0) actual frame rate measured at 59.95Hz
20.2946 	EXP 	window1: recordFrameIntervals = False
20.2946 	EXP 	window1: mouseVisible = True
20.3836 	EXP 	2024_RDpaindiscrimination_maintask: status = STARTED
20.3841 	EXP 	window1: mouseVisible = True
20.4169 	EXP 	Created text_5 = TextStim(__class__=<class 'psychopy.visual.text.TextStim'>, alignHoriz=method-wrapper(...), alignText='center', alignVert=method-wrapper(...), anchorHoriz='center', anchorVert='center', antialias=True, autoDraw=False, autoLog=True, bold=False, color=array([1., 1., 1.]), colorSpace='rgb', contrast=1.0, depth=0.0, draggable=False, flipHoriz=False, flipVert=False, font='Open Sans', fontFiles=[], height=0.05, italic=False, languageStyle='LTR', name='text_5', opacity=1.0, ori=0.0, pos=array([0., 0.]), rgb=UNKNOWN, text=str(...), units='height', win=Window(...), wrapWidth=1)
20.6859 	EXP 	window1: mouseVisible = True
20.6870 	EXP 	Created polygon = ShapeStim(__class__=<class 'psychopy.visual.shape.ShapeStim'>, anchor=('center', 'center'), autoDraw=False, autoLog=True, closeShape=True, color=method-wrapper(...), colorSpace='rgb', contrast=None, depth=-1.0, draggable=False, fillColor=array([-1.  ,  0.38,  0.88]), fillColorSpace='rgb', fillRGB=array([-1.  ,  0.38,  0.88]), interpolate=True, lineColor=array([-1.  ,  0.38,  0.88]), lineColorSpace='rgb', lineRGB=array([-1.  ,  0.38,  0.88]), lineWidth=1.0, name='polygon', opacity=1.0, ori=0.0, pos=array([0., 0.]), size=array([0.5, 0.5]), units='height', vertices=ndarray(...), win=Window(...), windingRule=None)
20.6870 	EXP 	window1: mouseVisible = True
20.6875 	EXP 	Created polygon_2 = Rect(__class__=<class 'psychopy.visual.rect.Rect'>, anchor=('center', 'center'), autoDraw=False, autoLog=True, closeShape=True, color=method-wrapper(...), colorSpace='rgb', contrast=None, depth=-2.0, draggable=False, fillColor=array([ 1.    ,  0.5059, -1.    ]), fillColorSpace='rgb', fillRGB=array([ 1.    ,  0.5059, -1.    ]), interpolate=True, lineColor=array([ 1.    ,  0.5059, -1.    ]), lineColorSpace='rgb', lineRGB=array([ 1.    ,  0.5059, -1.    ]), lineWidth=1.0, name='polygon_2', opacity=1.0, ori=0.0, pos=array([0., 0.]), size=array([0.5, 0.5]), units='height', vertices=ndarray(...), win=Window(...))
20.6876 	EXP 	window1: mouseVisible = True
20.6884 	EXP 	Created polygon_1_black = ShapeStim(__class__=<class 'psychopy.visual.shape.ShapeStim'>, anchor=('center', 'center'), autoDraw=False, autoLog=True, closeShape=True, color=method-wrapper(...), colorSpace='rgb', contrast=None, depth=-1.0, draggable=False, fillColor=array([-0.5, -0.5, -0.5]), fillColorSpace='rgb', fillRGB=array([-0.5, -0.5, -0.5]), interpolate=True, lineColor=array([-0.5, -0.5, -0.5]), lineColorSpace='rgb', lineRGB=array([-0.5, -0.5, -0.5]), lineWidth=1.0, name='polygon_1_black', opacity=1.0, ori=0.0, pos=array([ 0.   , -0.025]), size=array([0.4, 0.4]), units='height', vertices=ndarray(...), win=Window(...), windingRule=None)
20.6885 	EXP 	window1: mouseVisible = True
20.6889 	EXP 	Created polygon_2_black = Rect(__class__=<class 'psychopy.visual.rect.Rect'>, anchor=('center', 'center'), autoDraw=False, autoLog=True, closeShape=True, color=method-wrapper(...), colorSpace='rgb', contrast=None, depth=-2.0, draggable=False, fillColor=array([-0.5, -0.5, -0.5]), fillColorSpace='rgb', fillRGB=array([-0.5, -0.5, -0.5]), interpolate=True, lineColor=array([-0.5, -0.5, -0.5]), lineColorSpace='rgb', lineRGB=array([-0.5, -0.5, -0.5]), lineWidth=1.0, name='polygon_2_black', opacity=1.0, ori=0.0, pos=array([0., 0.]), size=array([0.4, 0.4]), units='height', vertices=ndarray(...), win=Window(...))
20.6934 	EXP 	window1: mouseVisible = True
20.7026 	EXP 	Created text_4 = TextStim(__class__=<class 'psychopy.visual.text.TextStim'>, alignHoriz=method-wrapper(...), alignText='center', alignVert=method-wrapper(...), anchorHoriz='center', anchorVert='center', antialias=True, autoDraw=False, autoLog=True, bold=False, color=array([1., 1., 1.]), colorSpace='rgb', contrast=1.0, depth=0.0, draggable=False, flipHoriz=False, flipVert=False, font='Open Sans', fontFiles=[], height=0.05, italic=False, languageStyle='LTR', name='text_4', opacity=1.0, ori=0.0, pos=array([0., 0.]), rgb=UNKNOWN, text=str(...), units='height', win=Window(...), wrapWidth=1)
20.7027 	EXP 	window1: mouseVisible = True
20.7078 	EXP 	Created text_7 = TextStim(__class__=<class 'psychopy.visual.text.TextStim'>, alignHoriz=method-wrapper(...), alignText='center', alignVert=method-wrapper(...), anchorHoriz='center', anchorVert='center', antialias=True, autoDraw=False, autoLog=True, bold=False, color=array([1., 1., 1.]), colorSpace='rgb', contrast=1.0, depth=0.0, draggable=False, flipHoriz=False, flipVert=False, font='Open Sans', fontFiles=[], height=0.05, italic=False, languageStyle='LTR', name='text_7', opacity=1.0, ori=0.0, pos=array([0., 0.]), rgb=UNKNOWN, text=str(...), units='height', win=Window(...), wrapWidth=1)
20.7078 	EXP 	window1: mouseVisible = True
20.7085 	EXP 	Created text_2 = TextStim(__class__=<class 'psychopy.visual.text.TextStim'>, alignHoriz=method-wrapper(...), alignText='center', alignVert=method-wrapper(...), anchorHoriz='center', anchorVert='center', antialias=True, autoDraw=False, autoLog=True, bold=False, color=array([1., 1., 1.]), colorSpace='rgb', contrast=1.0, depth=-1.0, draggable=False, flipHoriz=False, flipVert=False, font='Open Sans', fontFiles=[], height=0.02, italic=False, languageStyle='LTR', name='text_2', opacity=1.0, ori=0.0, pos=array([-0.7 , -0.45]), rgb=UNKNOWN, text='', units='height', win=Window(...), wrapWidth=1)
20.7086 	EXP 	window1: mouseVisible = True
20.7112 	EXP 	Created croix = TextStim(__class__=<class 'psychopy.visual.text.TextStim'>, alignHoriz=method-wrapper(...), alignText='center', alignVert=method-wrapper(...), anchorHoriz='center', anchorVert='center', antialias=True, autoDraw=False, autoLog=True, bold=False, color=array([1., 1., 1.]), colorSpace='rgb', contrast=1.0, depth=-2.0, draggable=False, flipHoriz=False, flipVert=False, font='Open Sans', fontFiles=[], height=0.2, italic=False, languageStyle='LTR', name='croix', opacity=1.0, ori=0.0, pos=array([0., 0.]), rgb=UNKNOWN, text='+', units='height', win=Window(...), wrapWidth=1)
20.7112 	EXP 	window1: mouseVisible = True
20.7117 	EXP 	Created thermode_locali = TextStim(__class__=<class 'psychopy.visual.text.TextStim'>, alignHoriz=method-wrapper(...), alignText='center', alignVert=method-wrapper(...), anchorHoriz='center', anchorVert='center', antialias=True, autoDraw=False, autoLog=True, bold=False, color=array([1., 1., 1.]), colorSpace='rgb', contrast=1.0, depth=-1.0, draggable=False, flipHoriz=False, flipVert=False, font='Open Sans', fontFiles=[], height=0.02, italic=False, languageStyle='LTR', name='thermode_locali', opacity=1.0, ori=0.0, pos=array([-0.7 , -0.45]), rgb=UNKNOWN, text='', units='height', win=Window(...), wrapWidth=1)
20.7118 	EXP 	window1: mouseVisible = False
20.7130 	EXP 	window1: mouseVisible = True
20.7133 	EXP 	window1: mouseVisible = True
20.7148 	ERROR 	RatingScale: custom marker has no draw() method
20.7149 	EXP 	window1: mouseVisible = True
20.7152 	EXP 	window1: mouseVisible = True
20.7192 	EXP 	Created ratingScale = RatingScale(__class__=type(...), acceptKeys=['return'], acceptPreText=UNKNOWN, acceptSize=UNKNOWN, acceptText=UNKNOWN, autoLog=True, choices=False, colorSpace='rgb', depth=0, disappear=False, flipVert=False, high=1000, kwargs=UNKNOWN, labels=[], leftKeys=['left'], lineColor=(255, 255, 255), low=0, marker=ShapeStim(...), markerColor=(255, 255, 255), markerExpansion=UNKNOWN, markerStart=0.5, maxTime=0.0, minTime=0.4, mouseOnly=False, name='ratingScale', noMouse=False, pos=[0.0, 0.0], precision=100, respKeys=[], rightKeys=['right'], scale=None, self=UNKNOWN, showAccept=False, showValue=False, singleClick=False, size=0.6, skipKeys=['tab'], stretch=2.0, textColor=(255, 255, 255), textFont='Helvetica Bold', textSize=0.144, tickHeight=1, tickMarks=100.0, win=Window(...))
20.7192 	EXP 	window1: mouseVisible = True
20.7256 	EXP 	Created main_text = TextStim(__class__=<class 'psychopy.visual.text.TextStim'>, alignHoriz=method-wrapper(...), alignText='center', alignVert=method-wrapper(...), anchorHoriz='center', anchorVert='center', antialias=True, autoDraw=False, autoLog=True, bold=False, color=array([1., 1., 1.]), colorSpace='rgb', contrast=1.0, depth=-2.0, draggable=False, flipHoriz=False, flipVert=False, font='Arial', fontFiles=[], height=0.07, italic=False, languageStyle='LTR', name='main_text', opacity=1.0, ori=0, pos=array([0. , 0.4]), rgb=UNKNOWN, text=str(...), units='height', win=Window(...), wrapWidth=1)
20.7256 	EXP 	window1: mouseVisible = True
20.7301 	EXP 	Created confirm_text = TextStim(__class__=<class 'psychopy.visual.text.TextStim'>, alignHoriz=method-wrapper(...), alignText='center', alignVert=method-wrapper(...), anchorHoriz='center', anchorVert='center', antialias=True, autoDraw=False, autoLog=True, bold=False, color=array([1., 1., 1.]), colorSpace='rgb', contrast=1.0, depth=-3.0, draggable=False, flipHoriz=False, flipVert=False, font='Arial', fontFiles=[], height=0.05, italic=False, languageStyle='LTR', name='confirm_text', opacity=1.0, ori=0, pos=array([ 0. , -0.2]), rgb=UNKNOWN, text='Appuyer sur le bouton du haut pour poursuivre.', units='height', win=Window(...), wrapWidth=1)
20.7301 	EXP 	window1: mouseVisible = True
20.7367 	EXP 	Created text = TextStim(__class__=<class 'psychopy.visual.text.TextStim'>, alignHoriz=method-wrapper(...), alignText='center', alignVert=method-wrapper(...), anchorHoriz='center', anchorVert='center', antialias=True, autoDraw=False, autoLog=True, bold=False, color=array([1., 1., 1.]), colorSpace='rgb', contrast=1.0, depth=0.0, draggable=False, flipHoriz=False, flipVert=False, font='Open Sans', fontFiles=[], height=0.05, italic=False, languageStyle='LTR', name='text', opacity=1.0, ori=0.0, pos=array([0., 0.]), rgb=UNKNOWN, text=str(...), units='height', win=Window(...), wrapWidth=1)
20.7368 	EXP 	window1: mouseVisible = True
20.7406 	EXP 	Created text_7 = TextStim(__class__=<class 'psychopy.visual.text.TextStim'>, alignHoriz=method-wrapper(...), alignText='center', alignVert=method-wrapper(...), anchorHoriz='center', anchorVert='center', antialias=True, autoDraw=False, autoLog=True, bold=False, color=array([1., 1., 1.]), colorSpace='rgb', contrast=1.0, depth=0.0, draggable=False, flipHoriz=False, flipVert=False, font='Open Sans', fontFiles=[], height=0.05, italic=False, languageStyle='LTR', name='text_7', opacity=1.0, ori=0.0, pos=array([0., 0.]), rgb=UNKNOWN, text=str(...), units='height', win=Window(...), wrapWidth=1)
20.7407 	EXP 	window1: mouseVisible = True
20.7411 	EXP 	Created text_eva = TextStim(__class__=<class 'psychopy.visual.text.TextStim'>, alignHoriz=method-wrapper(...), alignText='center', alignVert=method-wrapper(...), anchorHoriz='center', anchorVert='center', antialias=True, autoDraw=False, autoLog=True, bold=False, color=array([1., 1., 1.]), colorSpace='rgb', contrast=1.0, depth=-1.0, draggable=False, flipHoriz=False, flipVert=False, font='Open Sans', fontFiles=[], height=0.02, italic=False, languageStyle='LTR', name='text_eva', opacity=1.0, ori=0.0, pos=array([-0.7 , -0.45]), rgb=UNKNOWN, text='', units='height', win=Window(...), wrapWidth=1)
20.7412 	EXP 	window1: mouseVisible = True
20.7431 	EXP 	Created croix_2 = TextStim(__class__=<class 'psychopy.visual.text.TextStim'>, alignHoriz=method-wrapper(...), alignText='center', alignVert=method-wrapper(...), anchorHoriz='center', anchorVert='center', antialias=True, autoDraw=False, autoLog=True, bold=False, color=array([1., 1., 1.]), colorSpace='rgb', contrast=1.0, depth=-2.0, draggable=False, flipHoriz=False, flipVert=False, font='Open Sans', fontFiles=[], height=0.2, italic=False, languageStyle='LTR', name='croix_2', opacity=1.0, ori=0.0, pos=array([0., 0.]), rgb=UNKNOWN, text='+', units='height', win=Window(...), wrapWidth=1)
20.7431 	EXP 	window1: mouseVisible = True
20.7436 	EXP 	Created thermode_locali_EVA = TextStim(__class__=<class 'psychopy.visual.text.TextStim'>, alignHoriz=method-wrapper(...), alignText='center', alignVert=method-wrapper(...), anchorHoriz='center', anchorVert='center', antialias=True, autoDraw=False, autoLog=True, bold=False, color=array([1., 1., 1.]), colorSpace='rgb', contrast=1.0, depth=-1.0, draggable=False, flipHoriz=False, flipVert=False, font='Open Sans', fontFiles=[], height=0.02, italic=False, languageStyle='LTR', name='thermode_locali_EVA', opacity=1.0, ori=0.0, pos=array([-0.7 , -0.45]), rgb=UNKNOWN, text='', units='height', win=Window(...), wrapWidth=1)
20.7437 	EXP 	window1: mouseVisible = False
20.7438 	EXP 	window1: mouseVisible = True
20.7440 	EXP 	window1: mouseVisible = True
20.7455 	ERROR 	RatingScale: custom marker has no draw() method
20.7456 	EXP 	window1: mouseVisible = True
20.7458 	EXP 	window1: mouseVisible = True
20.7496 	EXP 	Created ratingScale = RatingScale(__class__=type(...), acceptKeys=['return'], acceptPreText=UNKNOWN, acceptSize=UNKNOWN, acceptText=UNKNOWN, autoLog=True, choices=False, colorSpace='rgb', depth=0, disappear=False, flipVert=False, high=1000, kwargs=UNKNOWN, labels=[], leftKeys=['left'], lineColor=(255, 255, 255), low=0, marker=ShapeStim(...), markerColor=(255, 255, 255), markerExpansion=UNKNOWN, markerStart=0.5, maxTime=0.0, minTime=0.4, mouseOnly=False, name='ratingScale', noMouse=False, pos=[0.0, 0.0], precision=100, respKeys=[], rightKeys=['right'], scale=None, self=UNKNOWN, showAccept=False, showValue=False, singleClick=False, size=0.6, skipKeys=['tab'], stretch=2.0, textColor=(255, 255, 255), textFont='Helvetica Bold', textSize=0.144, tickHeight=1, tickMarks=100.0, win=Window(...))
20.7497 	EXP 	window1: mouseVisible = True
20.7549 	EXP 	Created main_text = TextStim(__class__=<class 'psychopy.visual.text.TextStim'>, alignHoriz=method-wrapper(...), alignText='center', alignVert=method-wrapper(...), anchorHoriz='center', anchorVert='center', antialias=True, autoDraw=False, autoLog=True, bold=False, color=array([1., 1., 1.]), colorSpace='rgb', contrast=1.0, depth=-2.0, draggable=False, flipHoriz=False, flipVert=False, font='Arial', fontFiles=[], height=0.07, italic=False, languageStyle='LTR', name='main_text', opacity=1.0, ori=0, pos=array([0. , 0.4]), rgb=UNKNOWN, text=str(...), units='height', win=Window(...), wrapWidth=1)
20.7550 	EXP 	window1: mouseVisible = True
20.7583 	EXP 	Created confirm_text = TextStim(__class__=<class 'psychopy.visual.text.TextStim'>, alignHoriz=method-wrapper(...), alignText='center', alignVert=method-wrapper(...), anchorHoriz='center', anchorVert='center', antialias=True, autoDraw=False, autoLog=True, bold=False, color=array([1., 1., 1.]), colorSpace='rgb', contrast=1.0, depth=-3.0, draggable=False, flipHoriz=False, flipVert=False, font='Arial', fontFiles=[], height=0.05, italic=False, languageStyle='LTR', name='confirm_text', opacity=1.0, ori=0, pos=array([ 0. , -0.2]), rgb=UNKNOWN, text='Appuyer sur le bouton du haut pour poursuivre.', units='height', win=Window(...), wrapWidth=1)
20.7584 	EXP 	window1: mouseVisible = True
20.7655 	EXP 	Created text_8 = TextStim(__class__=<class 'psychopy.visual.text.TextStim'>, alignHoriz=method-wrapper(...), alignText='center', alignVert=method-wrapper(...), anchorHoriz='center', anchorVert='center', antialias=True, autoDraw=False, autoLog=True, bold=False, color=array([1., 1., 1.]), colorSpace='rgb', contrast=1.0, depth=0.0, draggable=False, flipHoriz=False, flipVert=False, font='Open Sans', fontFiles=[], height=0.05, italic=False, languageStyle='LTR', name='text_8', opacity=1.0, ori=0.0, pos=array([0., 0.]), rgb=UNKNOWN, text=str(...), units='height', win=Window(...), wrapWidth=1)
20.7655 	EXP 	window1: mouseVisible = True
20.7660 	EXP 	Created text_pic = TextStim(__class__=<class 'psychopy.visual.text.TextStim'>, alignHoriz=method-wrapper(...), alignText='center', alignVert=method-wrapper(...), anchorHoriz='center', anchorVert='center', antialias=True, autoDraw=False, autoLog=True, bold=False, color=array([1., 1., 1.]), colorSpace='rgb', contrast=1.0, depth=-1.0, draggable=False, flipHoriz=False, flipVert=False, font='Open Sans', fontFiles=[], height=0.02, italic=False, languageStyle='LTR', name='text_pic', opacity=1.0, ori=0.0, pos=array([-0.7 , -0.45]), rgb=UNKNOWN, text='', units='height', win=Window(...), wrapWidth=1)
20.7661 	EXP 	window1: mouseVisible = True
20.7680 	EXP 	Created croix_3 = TextStim(__class__=<class 'psychopy.visual.text.TextStim'>, alignHoriz=method-wrapper(...), alignText='center', alignVert=method-wrapper(...), anchorHoriz='center', anchorVert='center', antialias=True, autoDraw=False, autoLog=True, bold=False, color=array([1., 1., 1.]), colorSpace='rgb', contrast=1.0, depth=-2.0, draggable=False, flipHoriz=False, flipVert=False, font='Open Sans', fontFiles=[], height=0.2, italic=False, languageStyle='LTR', name='croix_3', opacity=1.0, ori=0.0, pos=array([0., 0.]), rgb=UNKNOWN, text='+', units='height', win=Window(...), wrapWidth=1)
20.7680 	EXP 	window1: mouseVisible = True
20.7685 	EXP 	Created thermode_locali_pic = TextStim(__class__=<class 'psychopy.visual.text.TextStim'>, alignHoriz=method-wrapper(...), alignText='center', alignVert=method-wrapper(...), anchorHoriz='center', anchorVert='center', antialias=True, autoDraw=False, autoLog=True, bold=False, color=array([1., 1., 1.]), colorSpace='rgb', contrast=1.0, depth=-1.0, draggable=False, flipHoriz=False, flipVert=False, font='Open Sans', fontFiles=[], height=0.02, italic=False, languageStyle='LTR', name='thermode_locali_pic', opacity=1.0, ori=0.0, pos=array([-0.7 , -0.45]), rgb=UNKNOWN, text='', units='height', win=Window(...), wrapWidth=1)
20.7685 	EXP 	window1: mouseVisible = True
20.7692 	EXP 	Created responsel = TextStim(__class__=<class 'psychopy.visual.text.TextStim'>, alignHoriz=method-wrapper(...), alignText='center', alignVert=method-wrapper(...), anchorHoriz='center', anchorVert='center', antialias=True, autoDraw=False, autoLog=True, bold=False, color=array([1., 1., 1.]), colorSpace='rgb', contrast=1.0, depth=-3.0, draggable=False, flipHoriz=False, flipVert=False, font='Open Sans', fontFiles=[], height=0.08, italic=False, languageStyle='LTR', name='responsel', opacity=1.0, ori=0.0, pos=array([0., 0.]), rgb=UNKNOWN, text='', units='height', win=Window(...), wrapWidth=1)
20.7692 	EXP 	window1: mouseVisible = True
20.7730 	EXP 	Created percu_or = TextStim(__class__=<class 'psychopy.visual.text.TextStim'>, alignHoriz=method-wrapper(...), alignText='center', alignVert=method-wrapper(...), anchorHoriz='center', anchorVert='center', antialias=True, autoDraw=False, autoLog=True, bold=False, color=array([1., 1., 1.]), colorSpace='rgb', contrast=1.0, depth=-4.0, draggable=False, flipHoriz=False, flipVert=False, font='Open Sans', fontFiles=[], height=0.05, italic=False, languageStyle='LTR', name='percu_or', opacity=1.0, ori=0.0, pos=array([0. , 0.3]), rgb=UNKNOWN, text='Avez-vous perçu un changement?', units='height', win=Window(...), wrapWidth=1)
20.7730 	EXP 	window1: mouseVisible = True
20.7759 	EXP 	Created responser = TextStim(__class__=<class 'psychopy.visual.text.TextStim'>, alignHoriz=method-wrapper(...), alignText='center', alignVert=method-wrapper(...), anchorHoriz='center', anchorVert='center', antialias=True, autoDraw=False, autoLog=True, bold=False, color=array([1., 1., 1.]), colorSpace='rgb', contrast=1.0, depth=-5.0, draggable=False, flipHoriz=False, flipVert=False, font='Open Sans', fontFiles=[], height=0.08, italic=False, languageStyle='LTR', name='responser', opacity=1.0, ori=0.0, pos=array([0., 0.]), rgb=UNKNOWN, text='              OUI', units='height', win=Window(...), wrapWidth=1)
20.7759 	EXP 	window1: mouseVisible = True
20.7764 	EXP 	Created text_3 = TextStim(__class__=<class 'psychopy.visual.text.TextStim'>, alignHoriz=method-wrapper(...), alignText='center', alignVert=method-wrapper(...), anchorHoriz='center', anchorVert='center', antialias=True, autoDraw=False, autoLog=True, bold=False, color=array([1., 1., 1.]), colorSpace='rgb', contrast=1.0, depth=-1.0, draggable=False, flipHoriz=False, flipVert=False, font='Open Sans', fontFiles=[], height=0.05, italic=False, languageStyle='LTR', name='text_3', opacity=1.0, ori=0.0, pos=array([0., 0.]), rgb=UNKNOWN, text='', units='height', win=Window(...), wrapWidth=1)
20.7764 	EXP 	window1: mouseVisible = True
20.7799 	EXP 	Created text_6 = TextStim(__class__=<class 'psychopy.visual.text.TextStim'>, alignHoriz=method-wrapper(...), alignText='center', alignVert=method-wrapper(...), anchorHoriz='center', anchorVert='center', antialias=True, autoDraw=False, autoLog=True, bold=False, color=array([1., 1., 1.]), colorSpace='rgb', contrast=1.0, depth=0.0, draggable=False, flipHoriz=False, flipVert=False, font='Open Sans', fontFiles=[], height=0.05, italic=False, languageStyle='LTR', name='text_6', opacity=1.0, ori=0.0, pos=array([0., 0.]), rgb=UNKNOWN, text='Merci pour votre participation', units='height', win=Window(...), wrapWidth=1)
0.0246 	EXP 	ratingScale: flipVert = False
0.0246 	EXP 	ratingScale: autoLog = True
0.0246 	EXP 	ratingScale: flipVert = False
0.0246 	EXP 	ratingScale: autoLog = True
0.0248 	EXP 	window1: mouseVisible = False
0.0312 	EXP 	text_5: autoDraw = True
211.6673 	EXP 	Created sequence: random, trialTypes=1, nReps=2, seed=None
211.6674 	EXP 	New trial (rep=0, index=0): None
211.6680 	DATA 	Keypress: p
211.6836 	EXP 	text_5: autoDraw = False
211.6836 	EXP 	text_4: autoDraw = True
217.2510 	DATA 	Keypress: p
217.2670 	EXP 	text_4: autoDraw = False
217.2670 	EXP 	text_7: autoDraw = True
217.6672 	EXP 	Created sequence: sequential, trialTypes=1, nReps=16, seed=None
217.6673 	EXP 	New trial (rep=0, index=0): None
217.6709 	DATA 	Keypress: p
217.6836 	EXP 	text_7: autoDraw = False
217.6836 	EXP 	text_2: autoDraw = True
217.6836 	EXP 	croix: autoDraw = True
222.6836 	EXP 	text_2: autoDraw = False
222.6836 	EXP 	croix: autoDraw = False
222.6836 	EXP 	text_2: autoDraw = False
222.6836 	EXP 	croix: autoDraw = False
222.6836 	EXP 	thermode_locali: autoDraw = True
234.6677 	EXP 	window1: mouseVisible = True
234.6686 	EXP 	Created unnamed Rect = Rect(__class__=<class 'psychopy.visual.rect.Rect'>, anchor=('center', 'center'), autoDraw=False, autoLog=True, closeShape=True, color=method-wrapper(...), colorSpace='rgb', contrast=None, depth=0, draggable=False, fillColor=array([1, 1, 1]), fillColorSpace='rgb', fillRGB=array([1, 1, 1]), interpolate=True, lineColor=array([1., 1., 1.]), lineColorSpace='rgb', lineRGB=array([1, 1, 1]), lineWidth=1.5, name='unnamed Rect', opacity=1.0, ori=0.0, pos=array([0., 0.]), size=array([0.01, 0.1 ]), units='norm', vertices=ndarray(...), win=Window(...))
234.6687 	EXP 	window1: mouseVisible = True
234.6688 	EXP 	window1: mouseVisible = True
234.6694 	EXP 	window1: mouseVisible = True
234.6721 	EXP 	window1: mouseVisible = True
234.6748 	EXP 	window1: mouseVisible = True
234.6750 	EXP 	window1: mouseVisible = True
234.6752 	EXP 	window1: mouseVisible = True
234.6753 	EXP 	window1: mouseVisible = True
234.6754 	EXP 	window1: mouseVisible = True
234.6756 	EXP 	window1: mouseVisible = True
234.6757 	EXP 	window1: mouseVisible = True
234.6759 	EXP 	window1: mouseVisible = True
234.6761 	EXP 	window1: mouseVisible = True
234.6762 	EXP 	window1: mouseVisible = True
234.6764 	EXP 	window1: mouseVisible = True
234.6765 	EXP 	window1: mouseVisible = True
234.6767 	EXP 	window1: mouseVisible = True
234.6768 	EXP 	window1: mouseVisible = True
234.6769 	EXP 	window1: mouseVisible = True
234.6771 	EXP 	window1: mouseVisible = True
234.6772 	EXP 	window1: mouseVisible = True
234.6774 	EXP 	window1: mouseVisible = True
234.6775 	EXP 	window1: mouseVisible = True
234.6776 	EXP 	window1: mouseVisible = True
234.6777 	EXP 	window1: mouseVisible = True
234.6779 	EXP 	window1: mouseVisible = True
234.6780 	EXP 	window1: mouseVisible = True
234.6781 	EXP 	window1: mouseVisible = True
234.6783 	EXP 	window1: mouseVisible = True
234.6784 	EXP 	window1: mouseVisible = True
234.6785 	EXP 	window1: mouseVisible = True
234.6787 	EXP 	window1: mouseVisible = True
234.6788 	EXP 	window1: mouseVisible = True
234.6791 	EXP 	window1: mouseVisible = True
234.6793 	EXP 	window1: mouseVisible = True
234.6795 	EXP 	window1: mouseVisible = True
234.6797 	EXP 	window1: mouseVisible = True
234.6799 	EXP 	window1: mouseVisible = True
234.6801 	EXP 	window1: mouseVisible = True
234.6803 	EXP 	window1: mouseVisible = True
234.6805 	EXP 	window1: mouseVisible = True
234.6807 	EXP 	window1: mouseVisible = True
234.6809 	EXP 	window1: mouseVisible = True
234.6811 	EXP 	window1: mouseVisible = True
234.6813 	EXP 	window1: mouseVisible = True
234.6814 	EXP 	window1: mouseVisible = True
234.6816 	EXP 	window1: mouseVisible = True
234.6817 	EXP 	window1: mouseVisible = True
234.6818 	EXP 	window1: mouseVisible = True
234.6820 	EXP 	window1: mouseVisible = True
234.6821 	EXP 	window1: mouseVisible = True
234.6822 	EXP 	window1: mouseVisible = True
234.6823 	EXP 	window1: mouseVisible = True
234.6825 	EXP 	window1: mouseVisible = True
234.6826 	EXP 	window1: mouseVisible = True
234.6827 	EXP 	window1: mouseVisible = True
234.6829 	EXP 	window1: mouseVisible = True
234.6830 	EXP 	window1: mouseVisible = True
234.6831 	EXP 	window1: mouseVisible = True
234.6832 	EXP 	window1: mouseVisible = True
234.6834 	EXP 	window1: mouseVisible = True
234.6835 	EXP 	window1: mouseVisible = True
234.6836 	EXP 	window1: mouseVisible = True
234.6838 	EXP 	window1: mouseVisible = True
234.6839 	EXP 	window1: mouseVisible = True
234.6840 	EXP 	window1: mouseVisible = True
234.6841 	EXP 	window1: mouseVisible = True
234.6843 	EXP 	window1: mouseVisible = True
234.6844 	EXP 	window1: mouseVisible = True
234.6845 	EXP 	window1: mouseVisible = True
234.6847 	EXP 	window1: mouseVisible = True
234.6848 	EXP 	window1: mouseVisible = True
234.6849 	EXP 	window1: mouseVisible = True
234.6850 	EXP 	window1: mouseVisible = True
234.6852 	EXP 	window1: mouseVisible = True
234.6853 	EXP 	window1: mouseVisible = True
234.6854 	EXP 	window1: mouseVisible = True
234.6856 	EXP 	window1: mouseVisible = True
234.6857 	EXP 	window1: mouseVisible = True
234.6858 	EXP 	window1: mouseVisible = True
234.6860 	EXP 	window1: mouseVisible = True
234.6861 	EXP 	window1: mouseVisible = True
234.6862 	EXP 	window1: mouseVisible = True
234.6863 	EXP 	window1: mouseVisible = True
234.6865 	EXP 	window1: mouseVisible = True
234.6866 	EXP 	window1: mouseVisible = True
234.6867 	EXP 	window1: mouseVisible = True
234.6869 	EXP 	window1: mouseVisible = True
234.6870 	EXP 	window1: mouseVisible = True
234.6871 	EXP 	window1: mouseVisible = True
234.6872 	EXP 	window1: mouseVisible = True
234.6874 	EXP 	window1: mouseVisible = True
234.6875 	EXP 	window1: mouseVisible = True
234.6876 	EXP 	window1: mouseVisible = True
234.6877 	EXP 	window1: mouseVisible = True
234.6879 	EXP 	window1: mouseVisible = True
234.6880 	EXP 	window1: mouseVisible = True
234.6881 	EXP 	window1: mouseVisible = True
234.6882 	EXP 	window1: mouseVisible = True
234.6884 	EXP 	window1: mouseVisible = True
234.6885 	EXP 	window1: mouseVisible = True
234.6886 	EXP 	window1: mouseVisible = True
234.6888 	EXP 	window1: mouseVisible = True
234.6889 	EXP 	window1: mouseVisible = True
234.6927 	EXP 	Created ratingScale = RatingScale(__class__=type(...), acceptKeys=['return'], acceptPreText=UNKNOWN, acceptSize=UNKNOWN, acceptText=UNKNOWN, autoLog=True, choices=False, colorSpace='rgb', depth=0, disappear=False, flipVert=False, high=100, kwargs=UNKNOWN, labels=list(...), leftKeys=['left'], lineColor=(255, 255, 255), low=0, marker=Rect(...), markerColor=(255, 255, 255), markerExpansion=UNKNOWN, markerStart=0.5, maxTime=0.0, minTime=0.4, mouseOnly=False, name='ratingScale', noMouse=False, pos=[0.0, 0.0], precision=100, respKeys=[], rightKeys=['right'], scale=None, self=UNKNOWN, showAccept=False, showValue=False, singleClick=False, size=0.6, skipKeys=['tab'], stretch=2.0, textColor='white', textFont='Helvetica Bold', textSize=0.144, tickHeight=0, tickMarks=10.0, win=Window(...))
234.6928 	EXP 	RatingScale ratingScale: reset()
234.6947 	EXP 	window1: mouseVisible = False
234.7004 	EXP 	thermode_locali: autoDraw = False
234.7004 	EXP 	ratingScale: flipVert = False
234.7004 	EXP 	ratingScale: autoLog = True
234.7018 	EXP 	window1: mouseVisible = False
234.7185 	EXP 	window1: mouseVisible = False
234.7352 	EXP 	window1: mouseVisible = False
234.7519 	EXP 	window1: mouseVisible = False
234.7686 	EXP 	window1: mouseVisible = False
234.7852 	EXP 	window1: mouseVisible = False
234.8019 	EXP 	window1: mouseVisible = False
234.8186 	EXP 	window1: mouseVisible = False
234.8352 	EXP 	window1: mouseVisible = False
234.8519 	EXP 	window1: mouseVisible = False
234.8686 	EXP 	window1: mouseVisible = False
234.8852 	EXP 	window1: mouseVisible = False
234.9019 	EXP 	window1: mouseVisible = False
234.9186 	EXP 	window1: mouseVisible = False
234.9353 	EXP 	window1: mouseVisible = False
234.9519 	EXP 	window1: mouseVisible = False
234.9686 	EXP 	window1: mouseVisible = False
234.9852 	EXP 	window1: mouseVisible = False
235.0020 	EXP 	window1: mouseVisible = False
235.0186 	EXP 	window1: mouseVisible = False
235.0353 	EXP 	window1: mouseVisible = False
235.0520 	EXP 	window1: mouseVisible = False
235.0686 	EXP 	window1: mouseVisible = False
235.0853 	EXP 	window1: mouseVisible = False
235.1020 	EXP 	window1: mouseVisible = False
235.1186 	EXP 	window1: mouseVisible = False
235.1352 	EXP 	window1: mouseVisible = False
235.1519 	EXP 	window1: mouseVisible = False
235.1685 	EXP 	window1: mouseVisible = False
235.1852 	EXP 	window1: mouseVisible = False
235.2019 	EXP 	window1: mouseVisible = False
235.2185 	EXP 	window1: mouseVisible = False
235.2352 	EXP 	window1: mouseVisible = False
235.2519 	EXP 	window1: mouseVisible = False
235.2686 	EXP 	window1: mouseVisible = False
235.2853 	EXP 	window1: mouseVisible = False
235.3019 	EXP 	window1: mouseVisible = False
235.3186 	EXP 	window1: mouseVisible = False
235.3353 	EXP 	window1: mouseVisible = False
235.3519 	EXP 	window1: mouseVisible = False
235.3687 	EXP 	window1: mouseVisible = False
235.3852 	EXP 	window1: mouseVisible = False
235.4019 	EXP 	window1: mouseVisible = False
235.4186 	EXP 	window1: mouseVisible = False
235.4353 	EXP 	window1: mouseVisible = False
235.4519 	EXP 	window1: mouseVisible = False
235.4686 	EXP 	window1: mouseVisible = False
235.4852 	EXP 	window1: mouseVisible = False
235.5019 	EXP 	window1: mouseVisible = False
235.5186 	EXP 	window1: mouseVisible = False
235.5354 	EXP 	window1: mouseVisible = False
235.5519 	EXP 	window1: mouseVisible = False
235.5686 	EXP 	window1: mouseVisible = False
235.5853 	EXP 	window1: mouseVisible = False
235.6019 	EXP 	window1: mouseVisible = False
235.6186 	EXP 	window1: mouseVisible = False
235.6352 	EXP 	window1: mouseVisible = False
235.6519 	EXP 	window1: mouseVisible = False
235.6686 	EXP 	window1: mouseVisible = False
235.6852 	EXP 	window1: mouseVisible = False
235.7019 	EXP 	window1: mouseVisible = False
235.7186 	EXP 	window1: mouseVisible = False
235.7353 	EXP 	window1: mouseVisible = False
235.7519 	EXP 	window1: mouseVisible = False
235.7686 	EXP 	window1: mouseVisible = False
235.7852 	EXP 	window1: mouseVisible = False
235.8019 	EXP 	window1: mouseVisible = False
235.8186 	EXP 	window1: mouseVisible = False
235.8354 	EXP 	window1: mouseVisible = False
235.8519 	EXP 	window1: mouseVisible = False
235.8686 	EXP 	window1: mouseVisible = False
235.8853 	EXP 	window1: mouseVisible = False
235.9019 	EXP 	window1: mouseVisible = False
235.9186 	EXP 	window1: mouseVisible = False
235.9353 	EXP 	window1: mouseVisible = False
235.9519 	EXP 	window1: mouseVisible = False
235.9685 	EXP 	window1: mouseVisible = False
235.9849 	DATA 	Keypress: m
235.9854 	EXP 	window1: mouseVisible = False
236.0019 	EXP 	window1: mouseVisible = False
236.0186 	EXP 	window1: mouseVisible = False
236.0353 	EXP 	window1: mouseVisible = False
236.0519 	EXP 	window1: mouseVisible = False
236.0686 	EXP 	window1: mouseVisible = False
236.0853 	EXP 	window1: mouseVisible = False
236.1019 	EXP 	window1: mouseVisible = False
236.1186 	EXP 	window1: mouseVisible = False
236.1353 	EXP 	window1: mouseVisible = False
236.1519 	EXP 	window1: mouseVisible = False
236.1686 	EXP 	window1: mouseVisible = False
236.1853 	EXP 	window1: mouseVisible = False
236.2019 	EXP 	window1: mouseVisible = False
236.2186 	EXP 	window1: mouseVisible = False
236.2353 	EXP 	window1: mouseVisible = False
236.2519 	EXP 	window1: mouseVisible = False
236.2694 	EXP 	window1: mouseVisible = False
236.2854 	EXP 	window1: mouseVisible = False
236.3019 	EXP 	window1: mouseVisible = False
236.3186 	EXP 	window1: mouseVisible = False
236.3352 	EXP 	window1: mouseVisible = False
236.3518 	EXP 	window1: mouseVisible = False
236.3687 	EXP 	window1: mouseVisible = False
236.3855 	EXP 	window1: mouseVisible = False
236.4021 	EXP 	window1: mouseVisible = False
236.4186 	EXP 	window1: mouseVisible = False
236.4352 	EXP 	window1: mouseVisible = False
236.4520 	EXP 	window1: mouseVisible = False
236.4686 	EXP 	window1: mouseVisible = False
236.4854 	EXP 	window1: mouseVisible = False
236.5019 	EXP 	window1: mouseVisible = False
236.5186 	EXP 	window1: mouseVisible = False
236.5355 	EXP 	window1: mouseVisible = False
236.5519 	EXP 	window1: mouseVisible = False
236.5687 	EXP 	window1: mouseVisible = False
236.5853 	EXP 	window1: mouseVisible = False
236.6020 	EXP 	window1: mouseVisible = False
236.6186 	EXP 	window1: mouseVisible = False
236.6354 	EXP 	window1: mouseVisible = False
236.6525 	EXP 	window1: mouseVisible = False
236.6686 	EXP 	window1: mouseVisible = False
236.6853 	EXP 	window1: mouseVisible = False
236.7020 	EXP 	window1: mouseVisible = False
236.7187 	EXP 	window1: mouseVisible = False
236.7354 	EXP 	window1: mouseVisible = False
236.7521 	EXP 	window1: mouseVisible = False
236.7686 	EXP 	window1: mouseVisible = False
236.7853 	EXP 	window1: mouseVisible = False
236.8020 	EXP 	window1: mouseVisible = False
236.8186 	EXP 	window1: mouseVisible = False
236.8354 	EXP 	window1: mouseVisible = False
236.8519 	EXP 	window1: mouseVisible = False
236.8686 	EXP 	window1: mouseVisible = False
236.8853 	EXP 	window1: mouseVisible = False
236.9019 	EXP 	window1: mouseVisible = False
236.9186 	EXP 	window1: mouseVisible = False
236.9353 	EXP 	window1: mouseVisible = False
236.9519 	EXP 	window1: mouseVisible = False
236.9689 	EXP 	window1: mouseVisible = False
236.9853 	EXP 	window1: mouseVisible = False
237.0019 	EXP 	window1: mouseVisible = False
237.0186 	EXP 	window1: mouseVisible = False
237.0356 	EXP 	window1: mouseVisible = False
237.0519 	EXP 	window1: mouseVisible = False
237.0686 	EXP 	window1: mouseVisible = False
237.0853 	EXP 	window1: mouseVisible = False
237.1019 	EXP 	window1: mouseVisible = False
237.1182 	DATA 	Keypress: n
237.1188 	EXP 	window1: mouseVisible = False
237.1353 	EXP 	window1: mouseVisible = False
237.1519 	EXP 	window1: mouseVisible = False
237.1686 	EXP 	window1: mouseVisible = False
237.1853 	EXP 	window1: mouseVisible = False
237.2019 	EXP 	window1: mouseVisible = False
237.2186 	EXP 	window1: mouseVisible = False
237.2353 	EXP 	window1: mouseVisible = False
237.2520 	EXP 	window1: mouseVisible = False
237.2686 	EXP 	window1: mouseVisible = False
237.2854 	EXP 	window1: mouseVisible = False
237.3019 	EXP 	window1: mouseVisible = False
237.3186 	EXP 	window1: mouseVisible = False
237.3354 	EXP 	window1: mouseVisible = False
237.3520 	EXP 	window1: mouseVisible = False
237.3686 	EXP 	window1: mouseVisible = False
237.3853 	EXP 	window1: mouseVisible = False
237.4019 	EXP 	window1: mouseVisible = False
237.4185 	EXP 	window1: mouseVisible = False
237.4354 	EXP 	window1: mouseVisible = False
237.4520 	EXP 	window1: mouseVisible = False
237.4686 	EXP 	window1: mouseVisible = False
237.4853 	EXP 	window1: mouseVisible = False
237.5019 	EXP 	window1: mouseVisible = False
237.5186 	EXP 	window1: mouseVisible = False
237.5353 	EXP 	window1: mouseVisible = False
237.5515 	DATA 	Keypress: n
237.5520 	EXP 	window1: mouseVisible = False
237.5686 	EXP 	window1: mouseVisible = False
237.5853 	EXP 	window1: mouseVisible = False
237.6020 	EXP 	window1: mouseVisible = False
237.6186 	EXP 	window1: mouseVisible = False
237.6354 	EXP 	window1: mouseVisible = False
237.6520 	EXP 	window1: mouseVisible = False
237.6687 	EXP 	window1: mouseVisible = False
237.6853 	EXP 	window1: mouseVisible = False
237.7020 	EXP 	window1: mouseVisible = False
237.7186 	EXP 	window1: mouseVisible = False
237.7352 	EXP 	window1: mouseVisible = False
237.7519 	EXP 	window1: mouseVisible = False
237.7687 	EXP 	window1: mouseVisible = False
237.7853 	EXP 	window1: mouseVisible = False
237.8019 	EXP 	window1: mouseVisible = False
237.8186 	EXP 	window1: mouseVisible = False
237.8354 	EXP 	window1: mouseVisible = False
237.8520 	EXP 	window1: mouseVisible = False
237.8686 	EXP 	window1: mouseVisible = False
237.8853 	EXP 	window1: mouseVisible = False
237.9019 	EXP 	window1: mouseVisible = False
237.9188 	EXP 	window1: mouseVisible = False
237.9355 	EXP 	window1: mouseVisible = False
237.9520 	EXP 	window1: mouseVisible = False
237.9686 	DATA 	Keypress: space
238.0696 	EXP 	New trial (rep=1, index=0): None
238.0838 	EXP 	main_text: autoDraw = True
238.0838 	EXP 	confirm_text: autoDraw = True
238.0838 	EXP 	ratingScale: autoDraw = False
238.0838 	EXP 	main_text: autoDraw = False
238.0838 	EXP 	confirm_text: autoDraw = False
238.0838 	EXP 	text_2: autoDraw = True
238.0838 	EXP 	croix: autoDraw = True
243.0839 	EXP 	text_2: autoDraw = False
243.0839 	EXP 	croix: autoDraw = False
243.0839 	EXP 	text_2: autoDraw = False
243.0839 	EXP 	croix: autoDraw = False
243.0839 	EXP 	thermode_locali: autoDraw = True
255.0678 	EXP 	window1: mouseVisible = True
255.0687 	EXP 	Created unnamed Rect = Rect(__class__=<class 'psychopy.visual.rect.Rect'>, anchor=('center', 'center'), autoDraw=False, autoLog=True, closeShape=True, color=method-wrapper(...), colorSpace='rgb', contrast=None, depth=0, draggable=False, fillColor=array([1, 1, 1]), fillColorSpace='rgb', fillRGB=array([1, 1, 1]), interpolate=True, lineColor=array([1., 1., 1.]), lineColorSpace='rgb', lineRGB=array([1, 1, 1]), lineWidth=1.5, name='unnamed Rect', opacity=1.0, ori=0.0, pos=array([0., 0.]), size=array([0.01, 0.1 ]), units='norm', vertices=ndarray(...), win=Window(...))
255.0688 	EXP 	window1: mouseVisible = True
255.0689 	EXP 	window1: mouseVisible = True
255.0694 	EXP 	window1: mouseVisible = True
255.0706 	EXP 	window1: mouseVisible = True
255.0717 	EXP 	window1: mouseVisible = True
255.0719 	EXP 	window1: mouseVisible = True
255.0721 	EXP 	window1: mouseVisible = True
255.0722 	EXP 	window1: mouseVisible = True
255.0724 	EXP 	window1: mouseVisible = True
255.0725 	EXP 	window1: mouseVisible = True
255.0726 	EXP 	window1: mouseVisible = True
255.0728 	EXP 	window1: mouseVisible = True
255.0729 	EXP 	window1: mouseVisible = True
255.0730 	EXP 	window1: mouseVisible = True
255.0732 	EXP 	window1: mouseVisible = True
255.0733 	EXP 	window1: mouseVisible = True
255.0735 	EXP 	window1: mouseVisible = True
255.0736 	EXP 	window1: mouseVisible = True
255.0737 	EXP 	window1: mouseVisible = True
255.0738 	EXP 	window1: mouseVisible = True
255.0740 	EXP 	window1: mouseVisible = True
255.0741 	EXP 	window1: mouseVisible = True
255.0742 	EXP 	window1: mouseVisible = True
255.0744 	EXP 	window1: mouseVisible = True
255.0745 	EXP 	window1: mouseVisible = True
255.0746 	EXP 	window1: mouseVisible = True
255.0747 	EXP 	window1: mouseVisible = True
255.0749 	EXP 	window1: mouseVisible = True
255.0750 	EXP 	window1: mouseVisible = True
255.0751 	EXP 	window1: mouseVisible = True
255.0753 	EXP 	window1: mouseVisible = True
255.0754 	EXP 	window1: mouseVisible = True
255.0755 	EXP 	window1: mouseVisible = True
255.0756 	EXP 	window1: mouseVisible = True
255.0758 	EXP 	window1: mouseVisible = True
255.0759 	EXP 	window1: mouseVisible = True
255.0762 	EXP 	window1: mouseVisible = True
255.0764 	EXP 	window1: mouseVisible = True
255.0766 	EXP 	window1: mouseVisible = True
255.0769 	EXP 	window1: mouseVisible = True
255.0771 	EXP 	window1: mouseVisible = True
255.0773 	EXP 	window1: mouseVisible = True
255.0776 	EXP 	window1: mouseVisible = True
255.0778 	EXP 	window1: mouseVisible = True
255.0779 	EXP 	window1: mouseVisible = True
255.0781 	EXP 	window1: mouseVisible = True
255.0783 	EXP 	window1: mouseVisible = True
255.0785 	EXP 	window1: mouseVisible = True
255.0786 	EXP 	window1: mouseVisible = True
255.0788 	EXP 	window1: mouseVisible = True
255.0789 	EXP 	window1: mouseVisible = True
255.0790 	EXP 	window1: mouseVisible = True
255.0792 	EXP 	window1: mouseVisible = True
255.0793 	EXP 	window1: mouseVisible = True
255.0794 	EXP 	window1: mouseVisible = True
255.0796 	EXP 	window1: mouseVisible = True
255.0797 	EXP 	window1: mouseVisible = True
255.0798 	EXP 	window1: mouseVisible = True
255.0800 	EXP 	window1: mouseVisible = True
255.0801 	EXP 	window1: mouseVisible = True
255.0802 	EXP 	window1: mouseVisible = True
255.0803 	EXP 	window1: mouseVisible = True
255.0805 	EXP 	window1: mouseVisible = True
255.0806 	EXP 	window1: mouseVisible = True
255.0807 	EXP 	window1: mouseVisible = True
255.0809 	EXP 	window1: mouseVisible = True
255.0810 	EXP 	window1: mouseVisible = True
255.0811 	EXP 	window1: mouseVisible = True
255.0812 	EXP 	window1: mouseVisible = True
255.0814 	EXP 	window1: mouseVisible = True
255.0815 	EXP 	window1: mouseVisible = True
255.0817 	EXP 	window1: mouseVisible = True
255.0818 	EXP 	window1: mouseVisible = True
255.0819 	EXP 	window1: mouseVisible = True
255.0821 	EXP 	window1: mouseVisible = True
255.0822 	EXP 	window1: mouseVisible = True
255.0823 	EXP 	window1: mouseVisible = True
255.0825 	EXP 	window1: mouseVisible = True
255.0826 	EXP 	window1: mouseVisible = True
255.0827 	EXP 	window1: mouseVisible = True
255.0828 	EXP 	window1: mouseVisible = True
255.0830 	EXP 	window1: mouseVisible = True
255.0831 	EXP 	window1: mouseVisible = True
255.0832 	EXP 	window1: mouseVisible = True
255.0834 	EXP 	window1: mouseVisible = True
255.0835 	EXP 	window1: mouseVisible = True
255.0836 	EXP 	window1: mouseVisible = True
255.0838 	EXP 	window1: mouseVisible = True
255.0839 	EXP 	window1: mouseVisible = True
255.0840 	EXP 	window1: mouseVisible = True
255.0841 	EXP 	window1: mouseVisible = True
255.0843 	EXP 	window1: mouseVisible = True
255.0844 	EXP 	window1: mouseVisible = True
255.0845 	EXP 	window1: mouseVisible = True
255.0847 	EXP 	window1: mouseVisible = True
255.0848 	EXP 	window1: mouseVisible = True
255.0849 	EXP 	window1: mouseVisible = True
255.0850 	EXP 	window1: mouseVisible = True
255.0852 	EXP 	window1: mouseVisible = True
255.0853 	EXP 	window1: mouseVisible = True
255.0855 	EXP 	window1: mouseVisible = True
255.0856 	EXP 	window1: mouseVisible = True
255.0857 	EXP 	window1: mouseVisible = True
255.0859 	EXP 	window1: mouseVisible = True
255.0879 	EXP 	Created ratingScale = RatingScale(__class__=type(...), acceptKeys=['return'], acceptPreText=UNKNOWN, acceptSize=UNKNOWN, acceptText=UNKNOWN, autoLog=True, choices=False, colorSpace='rgb', depth=0, disappear=False, flipVert=False, high=100, kwargs=UNKNOWN, labels=list(...), leftKeys=['left'], lineColor=(255, 255, 255), low=0, marker=Rect(...), markerColor=(255, 255, 255), markerExpansion=UNKNOWN, markerStart=0.5, maxTime=0.0, minTime=0.4, mouseOnly=False, name='ratingScale', noMouse=False, pos=[0.0, 0.0], precision=100, respKeys=[], rightKeys=['right'], scale=None, self=UNKNOWN, showAccept=False, showValue=False, singleClick=False, size=0.6, skipKeys=['tab'], stretch=2.0, textColor='white', textFont='Helvetica Bold', textSize=0.144, tickHeight=0, tickMarks=10.0, win=Window(...))
255.0879 	EXP 	RatingScale ratingScale: reset()
255.0900 	EXP 	window1: mouseVisible = False
255.1006 	EXP 	thermode_locali: autoDraw = False
255.1006 	EXP 	thermode_locali: autoDraw = False
255.1006 	EXP 	ratingScale: flipVert = False
255.1006 	EXP 	ratingScale: autoLog = True
255.1021 	EXP 	window1: mouseVisible = False
255.1187 	EXP 	window1: mouseVisible = False
255.1354 	EXP 	window1: mouseVisible = False
255.1520 	EXP 	window1: mouseVisible = False
255.1689 	EXP 	window1: mouseVisible = False
255.1854 	EXP 	window1: mouseVisible = False
255.2020 	EXP 	window1: mouseVisible = False
255.2190 	EXP 	window1: mouseVisible = False
255.2354 	EXP 	window1: mouseVisible = False
255.2521 	EXP 	window1: mouseVisible = False
255.2687 	EXP 	window1: mouseVisible = False
255.2854 	EXP 	window1: mouseVisible = False
255.3021 	EXP 	window1: mouseVisible = False
255.3187 	EXP 	window1: mouseVisible = False
255.3353 	EXP 	window1: mouseVisible = False
255.3521 	EXP 	window1: mouseVisible = False
255.3687 	EXP 	window1: mouseVisible = False
255.3853 	EXP 	window1: mouseVisible = False
255.4021 	EXP 	window1: mouseVisible = False
255.4187 	EXP 	window1: mouseVisible = False
255.4353 	EXP 	window1: mouseVisible = False
255.4520 	EXP 	window1: mouseVisible = False
255.4687 	EXP 	window1: mouseVisible = False
255.4853 	EXP 	window1: mouseVisible = False
255.5020 	EXP 	window1: mouseVisible = False
255.5187 	EXP 	window1: mouseVisible = False
255.5354 	EXP 	window1: mouseVisible = False
255.5520 	EXP 	window1: mouseVisible = False
255.5687 	EXP 	window1: mouseVisible = False
255.5853 	EXP 	window1: mouseVisible = False
255.6022 	EXP 	window1: mouseVisible = False
255.6188 	EXP 	window1: mouseVisible = False
255.6354 	EXP 	window1: mouseVisible = False
255.6521 	EXP 	window1: mouseVisible = False
255.6689 	EXP 	window1: mouseVisible = False
255.6856 	EXP 	window1: mouseVisible = False
255.7021 	EXP 	window1: mouseVisible = False
255.7189 	EXP 	window1: mouseVisible = False
255.7355 	EXP 	window1: mouseVisible = False
255.7521 	EXP 	window1: mouseVisible = False
255.7687 	EXP 	window1: mouseVisible = False
255.7854 	EXP 	window1: mouseVisible = False
255.8021 	EXP 	window1: mouseVisible = False
255.8188 	EXP 	window1: mouseVisible = False
255.8351 	DATA 	Keypress: n
255.8356 	EXP 	window1: mouseVisible = False
255.8521 	EXP 	window1: mouseVisible = False
255.8688 	EXP 	window1: mouseVisible = False
255.8855 	EXP 	window1: mouseVisible = False
255.9020 	EXP 	window1: mouseVisible = False
255.9188 	EXP 	window1: mouseVisible = False
255.9354 	EXP 	window1: mouseVisible = False
255.9521 	EXP 	window1: mouseVisible = False
255.9687 	EXP 	window1: mouseVisible = False
255.9854 	EXP 	window1: mouseVisible = False
256.0021 	EXP 	window1: mouseVisible = False
256.0187 	EXP 	window1: mouseVisible = False
256.0354 	EXP 	window1: mouseVisible = False
256.0521 	EXP 	window1: mouseVisible = False
256.0687 	EXP 	window1: mouseVisible = False
256.0854 	EXP 	window1: mouseVisible = False
256.1021 	EXP 	window1: mouseVisible = False
256.1188 	EXP 	window1: mouseVisible = False
256.1354 	EXP 	window1: mouseVisible = False
256.1520 	EXP 	window1: mouseVisible = False
256.1687 	EXP 	window1: mouseVisible = False
256.1853 	EXP 	window1: mouseVisible = False
256.2020 	EXP 	window1: mouseVisible = False
256.2187 	EXP 	window1: mouseVisible = False
256.2354 	EXP 	window1: mouseVisible = False
256.2520 	EXP 	window1: mouseVisible = False
256.2687 	EXP 	window1: mouseVisible = False
256.2854 	EXP 	window1: mouseVisible = False
256.3020 	EXP 	window1: mouseVisible = False
256.3189 	EXP 	window1: mouseVisible = False
256.3355 	EXP 	window1: mouseVisible = False
256.3521 	EXP 	window1: mouseVisible = False
256.3687 	EXP 	window1: mouseVisible = False
256.3854 	EXP 	window1: mouseVisible = False
256.4021 	EXP 	window1: mouseVisible = False
256.4187 	EXP 	window1: mouseVisible = False
256.4354 	EXP 	window1: mouseVisible = False
256.4520 	EXP 	window1: mouseVisible = False
256.4687 	EXP 	window1: mouseVisible = False
256.4854 	EXP 	window1: mouseVisible = False
256.5021 	EXP 	window1: mouseVisible = False
256.5187 	EXP 	window1: mouseVisible = False
256.5354 	EXP 	window1: mouseVisible = False
256.5520 	EXP 	window1: mouseVisible = False
256.5687 	EXP 	window1: mouseVisible = False
256.5854 	EXP 	window1: mouseVisible = False
256.6020 	EXP 	window1: mouseVisible = False
256.6187 	EXP 	window1: mouseVisible = False
256.6356 	EXP 	window1: mouseVisible = False
256.6522 	EXP 	window1: mouseVisible = False
256.6689 	EXP 	window1: mouseVisible = False
256.6856 	EXP 	window1: mouseVisible = False
256.7023 	EXP 	window1: mouseVisible = False
256.7189 	EXP 	window1: mouseVisible = False
256.7357 	EXP 	window1: mouseVisible = False
256.7521 	EXP 	window1: mouseVisible = False
256.7687 	EXP 	window1: mouseVisible = False
256.7853 	EXP 	window1: mouseVisible = False
256.8021 	EXP 	window1: mouseVisible = False
256.8187 	EXP 	window1: mouseVisible = False
256.8354 	EXP 	window1: mouseVisible = False
256.8520 	EXP 	window1: mouseVisible = False
256.8691 	DATA 	Keypress: space
256.9698 	EXP 	New trial (rep=2, index=0): None
256.9840 	EXP 	main_text: autoDraw = True
256.9840 	EXP 	confirm_text: autoDraw = True
256.9840 	EXP 	ratingScale: autoDraw = False
256.9840 	EXP 	main_text: autoDraw = False
256.9840 	EXP 	confirm_text: autoDraw = False
256.9840 	EXP 	text_2: autoDraw = True
256.9840 	EXP 	croix: autoDraw = True
261.9842 	EXP 	text_2: autoDraw = False
261.9842 	EXP 	croix: autoDraw = False
261.9842 	EXP 	text_2: autoDraw = False
261.9842 	EXP 	croix: autoDraw = False
261.9842 	EXP 	thermode_locali: autoDraw = True
273.9683 	EXP 	window1: mouseVisible = True
273.9692 	EXP 	Created unnamed Rect = Rect(__class__=<class 'psychopy.visual.rect.Rect'>, anchor=('center', 'center'), autoDraw=False, autoLog=True, closeShape=True, color=method-wrapper(...), colorSpace='rgb', contrast=None, depth=0, draggable=False, fillColor=array([1, 1, 1]), fillColorSpace='rgb', fillRGB=array([1, 1, 1]), interpolate=True, lineColor=array([1., 1., 1.]), lineColorSpace='rgb', lineRGB=array([1, 1, 1]), lineWidth=1.5, name='unnamed Rect', opacity=1.0, ori=0.0, pos=array([0., 0.]), size=array([0.01, 0.1 ]), units='norm', vertices=ndarray(...), win=Window(...))
273.9692 	EXP 	window1: mouseVisible = True
273.9693 	EXP 	window1: mouseVisible = True
273.9698 	EXP 	window1: mouseVisible = True
273.9710 	EXP 	window1: mouseVisible = True
273.9721 	EXP 	window1: mouseVisible = True
273.9723 	EXP 	window1: mouseVisible = True
273.9724 	EXP 	window1: mouseVisible = True
273.9726 	EXP 	window1: mouseVisible = True
273.9727 	EXP 	window1: mouseVisible = True
273.9729 	EXP 	window1: mouseVisible = True
273.9730 	EXP 	window1: mouseVisible = True
273.9731 	EXP 	window1: mouseVisible = True
273.9732 	EXP 	window1: mouseVisible = True
273.9734 	EXP 	window1: mouseVisible = True
273.9735 	EXP 	window1: mouseVisible = True
273.9737 	EXP 	window1: mouseVisible = True
273.9738 	EXP 	window1: mouseVisible = True
273.9739 	EXP 	window1: mouseVisible = True
273.9740 	EXP 	window1: mouseVisible = True
273.9742 	EXP 	window1: mouseVisible = True
273.9743 	EXP 	window1: mouseVisible = True
273.9744 	EXP 	window1: mouseVisible = True
273.9746 	EXP 	window1: mouseVisible = True
273.9747 	EXP 	window1: mouseVisible = True
273.9748 	EXP 	window1: mouseVisible = True
273.9749 	EXP 	window1: mouseVisible = True
273.9751 	EXP 	window1: mouseVisible = True
273.9752 	EXP 	window1: mouseVisible = True
273.9753 	EXP 	window1: mouseVisible = True
273.9754 	EXP 	window1: mouseVisible = True
273.9756 	EXP 	window1: mouseVisible = True
273.9758 	EXP 	window1: mouseVisible = True
273.9759 	EXP 	window1: mouseVisible = True
273.9760 	EXP 	window1: mouseVisible = True
273.9762 	EXP 	window1: mouseVisible = True
273.9763 	EXP 	window1: mouseVisible = True
273.9764 	EXP 	window1: mouseVisible = True
273.9766 	EXP 	window1: mouseVisible = True
273.9767 	EXP 	window1: mouseVisible = True
273.9768 	EXP 	window1: mouseVisible = True
273.9770 	EXP 	window1: mouseVisible = True
273.9771 	EXP 	window1: mouseVisible = True
273.9772 	EXP 	window1: mouseVisible = True
273.9773 	EXP 	window1: mouseVisible = True
273.9775 	EXP 	window1: mouseVisible = True
273.9776 	EXP 	window1: mouseVisible = True
273.9777 	EXP 	window1: mouseVisible = True
273.9779 	EXP 	window1: mouseVisible = True
273.9780 	EXP 	window1: mouseVisible = True
273.9781 	EXP 	window1: mouseVisible = True
273.9782 	EXP 	window1: mouseVisible = True
273.9784 	EXP 	window1: mouseVisible = True
273.9785 	EXP 	window1: mouseVisible = True
273.9786 	EXP 	window1: mouseVisible = True
273.9787 	EXP 	window1: mouseVisible = True
273.9789 	EXP 	window1: mouseVisible = True
273.9790 	EXP 	window1: mouseVisible = True
273.9791 	EXP 	window1: mouseVisible = True
273.9792 	EXP 	window1: mouseVisible = True
273.9794 	EXP 	window1: mouseVisible = True
273.9795 	EXP 	window1: mouseVisible = True
273.9796 	EXP 	window1: mouseVisible = True
273.9798 	EXP 	window1: mouseVisible = True
273.9800 	EXP 	window1: mouseVisible = True
273.9801 	EXP 	window1: mouseVisible = True
273.9802 	EXP 	window1: mouseVisible = True
273.9804 	EXP 	window1: mouseVisible = True
273.9805 	EXP 	window1: mouseVisible = True
273.9806 	EXP 	window1: mouseVisible = True
273.9808 	EXP 	window1: mouseVisible = True
273.9809 	EXP 	window1: mouseVisible = True
273.9810 	EXP 	window1: mouseVisible = True
273.9811 	EXP 	window1: mouseVisible = True
273.9813 	EXP 	window1: mouseVisible = True
273.9814 	EXP 	window1: mouseVisible = True
273.9815 	EXP 	window1: mouseVisible = True
273.9816 	EXP 	window1: mouseVisible = True
273.9818 	EXP 	window1: mouseVisible = True
273.9819 	EXP 	window1: mouseVisible = True
273.9820 	EXP 	window1: mouseVisible = True
273.9822 	EXP 	window1: mouseVisible = True
273.9823 	EXP 	window1: mouseVisible = True
273.9824 	EXP 	window1: mouseVisible = True
273.9825 	EXP 	window1: mouseVisible = True
273.9827 	EXP 	window1: mouseVisible = True
273.9828 	EXP 	window1: mouseVisible = True
273.9829 	EXP 	window1: mouseVisible = True
273.9831 	EXP 	window1: mouseVisible = True
273.9832 	EXP 	window1: mouseVisible = True
273.9833 	EXP 	window1: mouseVisible = True
273.9834 	EXP 	window1: mouseVisible = True
273.9836 	EXP 	window1: mouseVisible = True
273.9837 	EXP 	window1: mouseVisible = True
273.9839 	EXP 	window1: mouseVisible = True
273.9840 	EXP 	window1: mouseVisible = True
273.9841 	EXP 	window1: mouseVisible = True
273.9843 	EXP 	window1: mouseVisible = True
273.9844 	EXP 	window1: mouseVisible = True
273.9845 	EXP 	window1: mouseVisible = True
273.9847 	EXP 	window1: mouseVisible = True
273.9848 	EXP 	window1: mouseVisible = True
273.9849 	EXP 	window1: mouseVisible = True
273.9850 	EXP 	window1: mouseVisible = True
273.9852 	EXP 	window1: mouseVisible = True
273.9872 	EXP 	Created ratingScale = RatingScale(__class__=type(...), acceptKeys=['return'], acceptPreText=UNKNOWN, acceptSize=UNKNOWN, acceptText=UNKNOWN, autoLog=True, choices=False, colorSpace='rgb', depth=0, disappear=False, flipVert=False, high=100, kwargs=UNKNOWN, labels=list(...), leftKeys=['left'], lineColor=(255, 255, 255), low=0, marker=Rect(...), markerColor=(255, 255, 255), markerExpansion=UNKNOWN, markerStart=0.5, maxTime=0.0, minTime=0.4, mouseOnly=False, name='ratingScale', noMouse=False, pos=[0.0, 0.0], precision=100, respKeys=[], rightKeys=['right'], scale=None, self=UNKNOWN, showAccept=False, showValue=False, singleClick=False, size=0.6, skipKeys=['tab'], stretch=2.0, textColor='white', textFont='Helvetica Bold', textSize=0.144, tickHeight=0, tickMarks=10.0, win=Window(...))
273.9872 	EXP 	RatingScale ratingScale: reset()
273.9892 	EXP 	window1: mouseVisible = False
274.0010 	EXP 	thermode_locali: autoDraw = False
274.0010 	EXP 	thermode_locali: autoDraw = False
274.0010 	EXP 	ratingScale: flipVert = False
274.0010 	EXP 	ratingScale: autoLog = True
274.0024 	EXP 	window1: mouseVisible = False
274.0190 	EXP 	window1: mouseVisible = False
274.0357 	EXP 	window1: mouseVisible = False
274.0524 	EXP 	window1: mouseVisible = False
274.0692 	EXP 	window1: mouseVisible = False
274.0857 	EXP 	window1: mouseVisible = False
274.1024 	EXP 	window1: mouseVisible = False
274.1190 	EXP 	window1: mouseVisible = False
274.1357 	EXP 	window1: mouseVisible = False
274.1523 	EXP 	window1: mouseVisible = False
274.1690 	EXP 	window1: mouseVisible = False
274.1857 	EXP 	window1: mouseVisible = False
274.2023 	EXP 	window1: mouseVisible = False
274.2190 	EXP 	window1: mouseVisible = False
274.2357 	EXP 	window1: mouseVisible = False
274.2523 	EXP 	window1: mouseVisible = False
274.2690 	EXP 	window1: mouseVisible = False
274.2857 	EXP 	window1: mouseVisible = False
274.3024 	EXP 	window1: mouseVisible = False
274.3190 	EXP 	window1: mouseVisible = False
274.3356 	EXP 	window1: mouseVisible = False
274.3526 	EXP 	window1: mouseVisible = False
274.3691 	EXP 	window1: mouseVisible = False
274.3856 	EXP 	window1: mouseVisible = False
274.4024 	EXP 	window1: mouseVisible = False
274.4190 	EXP 	window1: mouseVisible = False
274.4357 	EXP 	window1: mouseVisible = False
274.4523 	EXP 	window1: mouseVisible = False
274.4690 	EXP 	window1: mouseVisible = False
274.4857 	EXP 	window1: mouseVisible = False
274.5024 	EXP 	window1: mouseVisible = False
274.5203 	EXP 	window1: mouseVisible = False
274.5357 	EXP 	window1: mouseVisible = False
274.5524 	EXP 	window1: mouseVisible = False
274.5690 	EXP 	window1: mouseVisible = False
274.5857 	EXP 	window1: mouseVisible = False
274.6023 	EXP 	window1: mouseVisible = False
274.6190 	EXP 	window1: mouseVisible = False
274.6357 	EXP 	window1: mouseVisible = False
274.6523 	EXP 	window1: mouseVisible = False
274.6690 	EXP 	window1: mouseVisible = False
274.6857 	EXP 	window1: mouseVisible = False
274.7023 	EXP 	window1: mouseVisible = False
274.7190 	EXP 	window1: mouseVisible = False
274.7357 	EXP 	window1: mouseVisible = False
274.7524 	EXP 	window1: mouseVisible = False
274.7690 	EXP 	window1: mouseVisible = False
274.7857 	EXP 	window1: mouseVisible = False
274.8023 	EXP 	window1: mouseVisible = False
274.8190 	EXP 	window1: mouseVisible = False
274.8357 	EXP 	window1: mouseVisible = False
274.8519 	DATA 	Keypress: m
274.8525 	EXP 	window1: mouseVisible = False
274.8690 	EXP 	window1: mouseVisible = False
274.8857 	EXP 	window1: mouseVisible = False
274.9023 	EXP 	window1: mouseVisible = False
274.9190 	EXP 	window1: mouseVisible = False
274.9357 	EXP 	window1: mouseVisible = False
274.9523 	EXP 	window1: mouseVisible = False
274.9691 	EXP 	window1: mouseVisible = False
274.9857 	EXP 	window1: mouseVisible = False
275.0023 	EXP 	window1: mouseVisible = False
275.0190 	EXP 	window1: mouseVisible = False
275.0357 	EXP 	window1: mouseVisible = False
275.0523 	EXP 	window1: mouseVisible = False
275.0690 	EXP 	window1: mouseVisible = False
275.0856 	EXP 	window1: mouseVisible = False
275.1024 	EXP 	window1: mouseVisible = False
275.1190 	EXP 	window1: mouseVisible = False
275.1357 	EXP 	window1: mouseVisible = False
275.1523 	EXP 	window1: mouseVisible = False
275.1690 	EXP 	window1: mouseVisible = False
275.1857 	EXP 	window1: mouseVisible = False
275.2023 	EXP 	window1: mouseVisible = False
275.2191 	EXP 	window1: mouseVisible = False
275.2357 	EXP 	window1: mouseVisible = False
275.2524 	EXP 	window1: mouseVisible = False
275.2690 	EXP 	window1: mouseVisible = False
275.2857 	EXP 	window1: mouseVisible = False
275.3023 	EXP 	window1: mouseVisible = False
275.3190 	EXP 	window1: mouseVisible = False
275.3357 	EXP 	window1: mouseVisible = False
275.3524 	EXP 	window1: mouseVisible = False
275.3690 	EXP 	window1: mouseVisible = False
275.3857 	EXP 	window1: mouseVisible = False
275.4024 	EXP 	window1: mouseVisible = False
275.4186 	DATA 	Keypress: n
275.4192 	EXP 	window1: mouseVisible = False
275.4358 	EXP 	window1: mouseVisible = False
275.4524 	EXP 	window1: mouseVisible = False
275.4690 	EXP 	window1: mouseVisible = False
275.4857 	EXP 	window1: mouseVisible = False
275.5025 	EXP 	window1: mouseVisible = False
275.5191 	EXP 	window1: mouseVisible = False
275.5359 	EXP 	window1: mouseVisible = False
275.5525 	EXP 	window1: mouseVisible = False
275.5692 	EXP 	window1: mouseVisible = False
275.5858 	EXP 	window1: mouseVisible = False
275.6026 	EXP 	window1: mouseVisible = False
275.6191 	EXP 	window1: mouseVisible = False
275.6357 	EXP 	window1: mouseVisible = False
275.6523 	EXP 	window1: mouseVisible = False
275.6690 	EXP 	window1: mouseVisible = False
275.6857 	EXP 	window1: mouseVisible = False
275.7024 	EXP 	window1: mouseVisible = False
275.7190 	EXP 	window1: mouseVisible = False
275.7357 	EXP 	window1: mouseVisible = False
275.7524 	EXP 	window1: mouseVisible = False
275.7691 	EXP 	window1: mouseVisible = False
275.7857 	EXP 	window1: mouseVisible = False
275.8023 	EXP 	window1: mouseVisible = False
275.8190 	EXP 	window1: mouseVisible = False
275.8357 	EXP 	window1: mouseVisible = False
275.8524 	EXP 	window1: mouseVisible = False
275.8691 	EXP 	window1: mouseVisible = False
275.8857 	EXP 	window1: mouseVisible = False
275.9024 	EXP 	window1: mouseVisible = False
275.9190 	EXP 	window1: mouseVisible = False
275.9358 	EXP 	window1: mouseVisible = False
275.9523 	EXP 	window1: mouseVisible = False
275.9690 	EXP 	window1: mouseVisible = False
275.9857 	EXP 	window1: mouseVisible = False
276.0024 	EXP 	window1: mouseVisible = False
276.0189 	DATA 	Keypress: space
276.1191 	EXP 	New trial (rep=3, index=0): None
276.1343 	EXP 	main_text: autoDraw = True
276.1343 	EXP 	confirm_text: autoDraw = True
276.1343 	EXP 	ratingScale: autoDraw = False
276.1343 	EXP 	main_text: autoDraw = False
276.1343 	EXP 	confirm_text: autoDraw = False
276.1343 	EXP 	text_2: autoDraw = True
276.1343 	EXP 	croix: autoDraw = True
281.1344 	EXP 	text_2: autoDraw = False
281.1344 	EXP 	croix: autoDraw = False
281.1344 	EXP 	text_2: autoDraw = False
281.1344 	EXP 	croix: autoDraw = False
281.1344 	EXP 	thermode_locali: autoDraw = True
293.1182 	EXP 	window1: mouseVisible = True
293.1192 	EXP 	Created unnamed Rect = Rect(__class__=<class 'psychopy.visual.rect.Rect'>, anchor=('center', 'center'), autoDraw=False, autoLog=True, closeShape=True, color=method-wrapper(...), colorSpace='rgb', contrast=None, depth=0, draggable=False, fillColor=array([1, 1, 1]), fillColorSpace='rgb', fillRGB=array([1, 1, 1]), interpolate=True, lineColor=array([1., 1., 1.]), lineColorSpace='rgb', lineRGB=array([1, 1, 1]), lineWidth=1.5, name='unnamed Rect', opacity=1.0, ori=0.0, pos=array([0., 0.]), size=array([0.01, 0.1 ]), units='norm', vertices=ndarray(...), win=Window(...))
293.1192 	EXP 	window1: mouseVisible = True
293.1193 	EXP 	window1: mouseVisible = True
293.1198 	EXP 	window1: mouseVisible = True
293.1209 	EXP 	window1: mouseVisible = True
293.1220 	EXP 	window1: mouseVisible = True
293.1221 	EXP 	window1: mouseVisible = True
293.1223 	EXP 	window1: mouseVisible = True
293.1224 	EXP 	window1: mouseVisible = True
293.1226 	EXP 	window1: mouseVisible = True
293.1227 	EXP 	window1: mouseVisible = True
293.1229 	EXP 	window1: mouseVisible = True
293.1230 	EXP 	window1: mouseVisible = True
293.1231 	EXP 	window1: mouseVisible = True
293.1232 	EXP 	window1: mouseVisible = True
293.1234 	EXP 	window1: mouseVisible = True
293.1235 	EXP 	window1: mouseVisible = True
293.1236 	EXP 	window1: mouseVisible = True
293.1238 	EXP 	window1: mouseVisible = True
293.1239 	EXP 	window1: mouseVisible = True
293.1241 	EXP 	window1: mouseVisible = True
293.1243 	EXP 	window1: mouseVisible = True
293.1244 	EXP 	window1: mouseVisible = True
293.1246 	EXP 	window1: mouseVisible = True
293.1247 	EXP 	window1: mouseVisible = True
293.1248 	EXP 	window1: mouseVisible = True
293.1250 	EXP 	window1: mouseVisible = True
293.1251 	EXP 	window1: mouseVisible = True
293.1252 	EXP 	window1: mouseVisible = True
293.1254 	EXP 	window1: mouseVisible = True
293.1255 	EXP 	window1: mouseVisible = True
293.1256 	EXP 	window1: mouseVisible = True
293.1257 	EXP 	window1: mouseVisible = True
293.1259 	EXP 	window1: mouseVisible = True
293.1260 	EXP 	window1: mouseVisible = True
293.1261 	EXP 	window1: mouseVisible = True
293.1263 	EXP 	window1: mouseVisible = True
293.1264 	EXP 	window1: mouseVisible = True
293.1265 	EXP 	window1: mouseVisible = True
293.1266 	EXP 	window1: mouseVisible = True
293.1268 	EXP 	window1: mouseVisible = True
293.1269 	EXP 	window1: mouseVisible = True
293.1270 	EXP 	window1: mouseVisible = True
293.1272 	EXP 	window1: mouseVisible = True
293.1273 	EXP 	window1: mouseVisible = True
293.1274 	EXP 	window1: mouseVisible = True
293.1276 	EXP 	window1: mouseVisible = True
293.1277 	EXP 	window1: mouseVisible = True
293.1278 	EXP 	window1: mouseVisible = True
293.1279 	EXP 	window1: mouseVisible = True
293.1281 	EXP 	window1: mouseVisible = True
293.1282 	EXP 	window1: mouseVisible = True
293.1284 	EXP 	window1: mouseVisible = True
293.1285 	EXP 	window1: mouseVisible = True
293.1286 	EXP 	window1: mouseVisible = True
293.1288 	EXP 	window1: mouseVisible = True
293.1289 	EXP 	window1: mouseVisible = True
293.1290 	EXP 	window1: mouseVisible = True
293.1292 	EXP 	window1: mouseVisible = True
293.1293 	EXP 	window1: mouseVisible = True
293.1294 	EXP 	window1: mouseVisible = True
293.1295 	EXP 	window1: mouseVisible = True
293.1297 	EXP 	window1: mouseVisible = True
293.1298 	EXP 	window1: mouseVisible = True
293.1299 	EXP 	window1: mouseVisible = True
293.1301 	EXP 	window1: mouseVisible = True
293.1302 	EXP 	window1: mouseVisible = True
293.1303 	EXP 	window1: mouseVisible = True
293.1304 	EXP 	window1: mouseVisible = True
293.1306 	EXP 	window1: mouseVisible = True
293.1307 	EXP 	window1: mouseVisible = True
293.1308 	EXP 	window1: mouseVisible = True
293.1309 	EXP 	window1: mouseVisible = True
293.1311 	EXP 	window1: mouseVisible = True
293.1312 	EXP 	window1: mouseVisible = True
293.1313 	EXP 	window1: mouseVisible = True
293.1315 	EXP 	window1: mouseVisible = True
293.1316 	EXP 	window1: mouseVisible = True
293.1317 	EXP 	window1: mouseVisible = True
293.1319 	EXP 	window1: mouseVisible = True
293.1320 	EXP 	window1: mouseVisible = True
293.1321 	EXP 	window1: mouseVisible = True
293.1323 	EXP 	window1: mouseVisible = True
293.1324 	EXP 	window1: mouseVisible = True
293.1326 	EXP 	window1: mouseVisible = True
293.1327 	EXP 	window1: mouseVisible = True
293.1328 	EXP 	window1: mouseVisible = True
293.1329 	EXP 	window1: mouseVisible = True
293.1331 	EXP 	window1: mouseVisible = True
293.1332 	EXP 	window1: mouseVisible = True
293.1333 	EXP 	window1: mouseVisible = True
293.1335 	EXP 	window1: mouseVisible = True
293.1336 	EXP 	window1: mouseVisible = True
293.1337 	EXP 	window1: mouseVisible = True
293.1338 	EXP 	window1: mouseVisible = True
293.1340 	EXP 	window1: mouseVisible = True
293.1341 	EXP 	window1: mouseVisible = True
293.1342 	EXP 	window1: mouseVisible = True
293.1344 	EXP 	window1: mouseVisible = True
293.1345 	EXP 	window1: mouseVisible = True
293.1346 	EXP 	window1: mouseVisible = True
293.1348 	EXP 	window1: mouseVisible = True
293.1349 	EXP 	window1: mouseVisible = True
293.1350 	EXP 	window1: mouseVisible = True
293.1351 	EXP 	window1: mouseVisible = True
293.1375 	EXP 	Created ratingScale = RatingScale(__class__=type(...), acceptKeys=['return'], acceptPreText=UNKNOWN, acceptSize=UNKNOWN, acceptText=UNKNOWN, autoLog=True, choices=False, colorSpace='rgb', depth=0, disappear=False, flipVert=False, high=100, kwargs=UNKNOWN, labels=list(...), leftKeys=['left'], lineColor=(255, 255, 255), low=0, marker=Rect(...), markerColor=(255, 255, 255), markerExpansion=UNKNOWN, markerStart=0.5, maxTime=0.0, minTime=0.4, mouseOnly=False, name='ratingScale', noMouse=False, pos=[0.0, 0.0], precision=100, respKeys=[], rightKeys=['right'], scale=None, self=UNKNOWN, showAccept=False, showValue=False, singleClick=False, size=0.6, skipKeys=['tab'], stretch=2.0, textColor='white', textFont='Helvetica Bold', textSize=0.144, tickHeight=0, tickMarks=10.0, win=Window(...))
293.1375 	EXP 	RatingScale ratingScale: reset()
293.1395 	EXP 	window1: mouseVisible = False
293.1511 	EXP 	thermode_locali: autoDraw = False
293.1511 	EXP 	thermode_locali: autoDraw = False
293.1511 	EXP 	ratingScale: flipVert = False
293.1511 	EXP 	ratingScale: autoLog = True
293.1525 	EXP 	window1: mouseVisible = False
293.1694 	EXP 	window1: mouseVisible = False
293.1859 	EXP 	window1: mouseVisible = False
293.2025 	EXP 	window1: mouseVisible = False
293.2192 	EXP 	window1: mouseVisible = False
293.2359 	EXP 	window1: mouseVisible = False
293.2525 	EXP 	window1: mouseVisible = False
293.2692 	EXP 	window1: mouseVisible = False
293.2859 	EXP 	window1: mouseVisible = False
293.3026 	EXP 	window1: mouseVisible = False
293.3191 	EXP 	window1: mouseVisible = False
293.3359 	EXP 	window1: mouseVisible = False
293.3525 	EXP 	window1: mouseVisible = False
293.3692 	EXP 	window1: mouseVisible = False
293.3859 	EXP 	window1: mouseVisible = False
293.4025 	EXP 	window1: mouseVisible = False
293.4192 	EXP 	window1: mouseVisible = False
293.4358 	EXP 	window1: mouseVisible = False
293.4530 	EXP 	window1: mouseVisible = False
293.4692 	EXP 	window1: mouseVisible = False
293.4858 	EXP 	window1: mouseVisible = False
293.5025 	EXP 	window1: mouseVisible = False
293.5191 	EXP 	window1: mouseVisible = False
293.5359 	EXP 	window1: mouseVisible = False
293.5525 	EXP 	window1: mouseVisible = False
293.5692 	EXP 	window1: mouseVisible = False
293.5858 	EXP 	window1: mouseVisible = False
293.6025 	EXP 	window1: mouseVisible = False
293.6192 	EXP 	window1: mouseVisible = False
293.6360 	EXP 	window1: mouseVisible = False
293.6525 	EXP 	window1: mouseVisible = False
293.6692 	EXP 	window1: mouseVisible = False
293.6858 	EXP 	window1: mouseVisible = False
293.7025 	EXP 	window1: mouseVisible = False
293.7192 	EXP 	window1: mouseVisible = False
293.7355 	DATA 	Keypress: n
293.7361 	EXP 	window1: mouseVisible = False
293.7525 	EXP 	window1: mouseVisible = False
293.7692 	EXP 	window1: mouseVisible = False
293.7858 	EXP 	window1: mouseVisible = False
293.8025 	EXP 	window1: mouseVisible = False
293.8192 	EXP 	window1: mouseVisible = False
293.8358 	EXP 	window1: mouseVisible = False
293.8525 	EXP 	window1: mouseVisible = False
293.8692 	EXP 	window1: mouseVisible = False
293.8858 	EXP 	window1: mouseVisible = False
293.9025 	EXP 	window1: mouseVisible = False
293.9192 	EXP 	window1: mouseVisible = False
293.9359 	EXP 	window1: mouseVisible = False
293.9525 	EXP 	window1: mouseVisible = False
293.9691 	EXP 	window1: mouseVisible = False
293.9859 	EXP 	window1: mouseVisible = False
294.0025 	EXP 	window1: mouseVisible = False
294.0194 	EXP 	window1: mouseVisible = False
294.0361 	EXP 	window1: mouseVisible = False
294.0527 	EXP 	window1: mouseVisible = False
294.0692 	EXP 	window1: mouseVisible = False
294.0858 	EXP 	window1: mouseVisible = False
294.1027 	EXP 	window1: mouseVisible = False
294.1192 	EXP 	window1: mouseVisible = False
294.1359 	EXP 	window1: mouseVisible = False
294.1525 	EXP 	window1: mouseVisible = False
294.1692 	EXP 	window1: mouseVisible = False
294.1858 	EXP 	window1: mouseVisible = False
294.2025 	EXP 	window1: mouseVisible = False
294.2191 	EXP 	window1: mouseVisible = False
294.2361 	EXP 	window1: mouseVisible = False
294.2526 	EXP 	window1: mouseVisible = False
294.2693 	EXP 	window1: mouseVisible = False
294.2860 	EXP 	window1: mouseVisible = False
294.3026 	EXP 	window1: mouseVisible = False
294.3194 	EXP 	window1: mouseVisible = False
294.3359 	EXP 	window1: mouseVisible = False
294.3527 	EXP 	window1: mouseVisible = False
294.3694 	EXP 	window1: mouseVisible = False
294.3859 	EXP 	window1: mouseVisible = False
294.4027 	EXP 	window1: mouseVisible = False
294.4193 	EXP 	window1: mouseVisible = False
294.4361 	EXP 	window1: mouseVisible = False
294.4527 	EXP 	window1: mouseVisible = False
294.4694 	EXP 	window1: mouseVisible = False
294.4859 	EXP 	window1: mouseVisible = False
294.5026 	EXP 	window1: mouseVisible = False
294.5193 	EXP 	window1: mouseVisible = False
294.5360 	EXP 	window1: mouseVisible = False
294.5526 	EXP 	window1: mouseVisible = False
294.5693 	EXP 	window1: mouseVisible = False
294.5859 	EXP 	window1: mouseVisible = False
294.6026 	EXP 	window1: mouseVisible = False
294.6193 	EXP 	window1: mouseVisible = False
294.6357 	DATA 	Keypress: n
294.6362 	EXP 	window1: mouseVisible = False
294.6526 	EXP 	window1: mouseVisible = False
294.6698 	EXP 	window1: mouseVisible = False
294.6862 	EXP 	window1: mouseVisible = False
294.7026 	EXP 	window1: mouseVisible = False
294.7193 	EXP 	window1: mouseVisible = False
294.7360 	EXP 	window1: mouseVisible = False
294.7526 	EXP 	window1: mouseVisible = False
294.7694 	EXP 	window1: mouseVisible = False
294.7860 	EXP 	window1: mouseVisible = False
294.8026 	EXP 	window1: mouseVisible = False
294.8193 	EXP 	window1: mouseVisible = False
294.8355 	DATA 	Keypress: n
294.8361 	EXP 	window1: mouseVisible = False
294.8526 	EXP 	window1: mouseVisible = False
294.8693 	EXP 	window1: mouseVisible = False
294.8859 	EXP 	window1: mouseVisible = False
294.9026 	EXP 	window1: mouseVisible = False
294.9193 	EXP 	window1: mouseVisible = False
294.9361 	EXP 	window1: mouseVisible = False
294.9526 	EXP 	window1: mouseVisible = False
294.9693 	EXP 	window1: mouseVisible = False
294.9859 	EXP 	window1: mouseVisible = False
295.0026 	EXP 	window1: mouseVisible = False
295.0193 	EXP 	window1: mouseVisible = False
295.0360 	EXP 	window1: mouseVisible = False
295.0526 	EXP 	window1: mouseVisible = False
295.0693 	EXP 	window1: mouseVisible = False
295.0859 	EXP 	window1: mouseVisible = False
295.1025 	EXP 	window1: mouseVisible = False
295.1192 	EXP 	window1: mouseVisible = False
295.1360 	EXP 	window1: mouseVisible = False
295.1526 	EXP 	window1: mouseVisible = False
295.1692 	EXP 	window1: mouseVisible = False
295.1859 	EXP 	window1: mouseVisible = False
295.2026 	EXP 	window1: mouseVisible = False
295.2193 	EXP 	window1: mouseVisible = False
295.2359 	EXP 	window1: mouseVisible = False
295.2526 	EXP 	window1: mouseVisible = False
295.2692 	EXP 	window1: mouseVisible = False
295.2859 	EXP 	window1: mouseVisible = False
295.3026 	EXP 	window1: mouseVisible = False
295.3192 	EXP 	window1: mouseVisible = False
295.3360 	EXP 	window1: mouseVisible = False
295.3526 	EXP 	window1: mouseVisible = False
295.3693 	EXP 	window1: mouseVisible = False
295.3859 	EXP 	window1: mouseVisible = False
295.4026 	EXP 	window1: mouseVisible = False
295.4193 	EXP 	window1: mouseVisible = False
295.4358 	EXP 	window1: mouseVisible = False
295.4526 	EXP 	window1: mouseVisible = False
295.4697 	DATA 	Keypress: space
295.5709 	EXP 	New trial (rep=4, index=0): None
295.5844 	EXP 	main_text: autoDraw = True
295.5844 	EXP 	confirm_text: autoDraw = True
295.5844 	EXP 	ratingScale: autoDraw = False
295.5844 	EXP 	main_text: autoDraw = False
295.5844 	EXP 	confirm_text: autoDraw = False
295.5844 	EXP 	text_2: autoDraw = True
295.5844 	EXP 	croix: autoDraw = True
300.5846 	EXP 	text_2: autoDraw = False
300.5846 	EXP 	croix: autoDraw = False
300.5846 	EXP 	text_2: autoDraw = False
300.5846 	EXP 	croix: autoDraw = False
300.5846 	EXP 	thermode_locali: autoDraw = True
312.5689 	EXP 	window1: mouseVisible = True
312.5697 	EXP 	Created unnamed Rect = Rect(__class__=<class 'psychopy.visual.rect.Rect'>, anchor=('center', 'center'), autoDraw=False, autoLog=True, closeShape=True, color=method-wrapper(...), colorSpace='rgb', contrast=None, depth=0, draggable=False, fillColor=array([1, 1, 1]), fillColorSpace='rgb', fillRGB=array([1, 1, 1]), interpolate=True, lineColor=array([1., 1., 1.]), lineColorSpace='rgb', lineRGB=array([1, 1, 1]), lineWidth=1.5, name='unnamed Rect', opacity=1.0, ori=0.0, pos=array([0., 0.]), size=array([0.01, 0.1 ]), units='norm', vertices=ndarray(...), win=Window(...))
312.5698 	EXP 	window1: mouseVisible = True
312.5699 	EXP 	window1: mouseVisible = True
312.5704 	EXP 	window1: mouseVisible = True
312.5715 	EXP 	window1: mouseVisible = True
312.5726 	EXP 	window1: mouseVisible = True
312.5727 	EXP 	window1: mouseVisible = True
312.5729 	EXP 	window1: mouseVisible = True
312.5730 	EXP 	window1: mouseVisible = True
312.5732 	EXP 	window1: mouseVisible = True
312.5733 	EXP 	window1: mouseVisible = True
312.5735 	EXP 	window1: mouseVisible = True
312.5736 	EXP 	window1: mouseVisible = True
312.5737 	EXP 	window1: mouseVisible = True
312.5739 	EXP 	window1: mouseVisible = True
312.5741 	EXP 	window1: mouseVisible = True
312.5742 	EXP 	window1: mouseVisible = True
312.5744 	EXP 	window1: mouseVisible = True
312.5746 	EXP 	window1: mouseVisible = True
312.5748 	EXP 	window1: mouseVisible = True
312.5749 	EXP 	window1: mouseVisible = True
312.5750 	EXP 	window1: mouseVisible = True
312.5752 	EXP 	window1: mouseVisible = True
312.5753 	EXP 	window1: mouseVisible = True
312.5754 	EXP 	window1: mouseVisible = True
312.5755 	EXP 	window1: mouseVisible = True
312.5757 	EXP 	window1: mouseVisible = True
312.5758 	EXP 	window1: mouseVisible = True
312.5759 	EXP 	window1: mouseVisible = True
312.5761 	EXP 	window1: mouseVisible = True
312.5762 	EXP 	window1: mouseVisible = True
312.5763 	EXP 	window1: mouseVisible = True
312.5764 	EXP 	window1: mouseVisible = True
312.5766 	EXP 	window1: mouseVisible = True
312.5767 	EXP 	window1: mouseVisible = True
312.5768 	EXP 	window1: mouseVisible = True
312.5770 	EXP 	window1: mouseVisible = True
312.5771 	EXP 	window1: mouseVisible = True
312.5772 	EXP 	window1: mouseVisible = True
312.5773 	EXP 	window1: mouseVisible = True
312.5775 	EXP 	window1: mouseVisible = True
312.5776 	EXP 	window1: mouseVisible = True
312.5777 	EXP 	window1: mouseVisible = True
312.5778 	EXP 	window1: mouseVisible = True
312.5780 	EXP 	window1: mouseVisible = True
312.5781 	EXP 	window1: mouseVisible = True
312.5782 	EXP 	window1: mouseVisible = True
312.5784 	EXP 	window1: mouseVisible = True
312.5785 	EXP 	window1: mouseVisible = True
312.5786 	EXP 	window1: mouseVisible = True
312.5788 	EXP 	window1: mouseVisible = True
312.5789 	EXP 	window1: mouseVisible = True
312.5790 	EXP 	window1: mouseVisible = True
312.5792 	EXP 	window1: mouseVisible = True
312.5793 	EXP 	window1: mouseVisible = True
312.5794 	EXP 	window1: mouseVisible = True
312.5796 	EXP 	window1: mouseVisible = True
312.5797 	EXP 	window1: mouseVisible = True
312.5798 	EXP 	window1: mouseVisible = True
312.5799 	EXP 	window1: mouseVisible = True
312.5801 	EXP 	window1: mouseVisible = True
312.5802 	EXP 	window1: mouseVisible = True
312.5803 	EXP 	window1: mouseVisible = True
312.5804 	EXP 	window1: mouseVisible = True
312.5806 	EXP 	window1: mouseVisible = True
312.5807 	EXP 	window1: mouseVisible = True
312.5808 	EXP 	window1: mouseVisible = True
312.5809 	EXP 	window1: mouseVisible = True
312.5811 	EXP 	window1: mouseVisible = True
312.5812 	EXP 	window1: mouseVisible = True
312.5813 	EXP 	window1: mouseVisible = True
312.5814 	EXP 	window1: mouseVisible = True
312.5816 	EXP 	window1: mouseVisible = True
312.5817 	EXP 	window1: mouseVisible = True
312.5818 	EXP 	window1: mouseVisible = True
312.5820 	EXP 	window1: mouseVisible = True
312.5821 	EXP 	window1: mouseVisible = True
312.5822 	EXP 	window1: mouseVisible = True
312.5824 	EXP 	window1: mouseVisible = True
312.5825 	EXP 	window1: mouseVisible = True
312.5827 	EXP 	window1: mouseVisible = True
312.5828 	EXP 	window1: mouseVisible = True
312.5829 	EXP 	window1: mouseVisible = True
312.5830 	EXP 	window1: mouseVisible = True
312.5832 	EXP 	window1: mouseVisible = True
312.5833 	EXP 	window1: mouseVisible = True
312.5835 	EXP 	window1: mouseVisible = True
312.5836 	EXP 	window1: mouseVisible = True
312.5837 	EXP 	window1: mouseVisible = True
312.5839 	EXP 	window1: mouseVisible = True
312.5840 	EXP 	window1: mouseVisible = True
312.5841 	EXP 	window1: mouseVisible = True
312.5842 	EXP 	window1: mouseVisible = True
312.5844 	EXP 	window1: mouseVisible = True
312.5845 	EXP 	window1: mouseVisible = True
312.5846 	EXP 	window1: mouseVisible = True
312.5848 	EXP 	window1: mouseVisible = True
312.5849 	EXP 	window1: mouseVisible = True
312.5850 	EXP 	window1: mouseVisible = True
312.5851 	EXP 	window1: mouseVisible = True
312.5853 	EXP 	window1: mouseVisible = True
312.5854 	EXP 	window1: mouseVisible = True
312.5855 	EXP 	window1: mouseVisible = True
312.5857 	EXP 	window1: mouseVisible = True
312.5858 	EXP 	window1: mouseVisible = True
312.5878 	EXP 	Created ratingScale = RatingScale(__class__=type(...), acceptKeys=['return'], acceptPreText=UNKNOWN, acceptSize=UNKNOWN, acceptText=UNKNOWN, autoLog=True, choices=False, colorSpace='rgb', depth=0, disappear=False, flipVert=False, high=100, kwargs=UNKNOWN, labels=list(...), leftKeys=['left'], lineColor=(255, 255, 255), low=0, marker=Rect(...), markerColor=(255, 255, 255), markerExpansion=UNKNOWN, markerStart=0.5, maxTime=0.0, minTime=0.4, mouseOnly=False, name='ratingScale', noMouse=False, pos=[0.0, 0.0], precision=100, respKeys=[], rightKeys=['right'], scale=None, self=UNKNOWN, showAccept=False, showValue=False, singleClick=False, size=0.6, skipKeys=['tab'], stretch=2.0, textColor='white', textFont='Helvetica Bold', textSize=0.144, tickHeight=0, tickMarks=10.0, win=Window(...))
312.5879 	EXP 	RatingScale ratingScale: reset()
312.5899 	EXP 	window1: mouseVisible = False
312.6014 	EXP 	thermode_locali: autoDraw = False
312.6014 	EXP 	thermode_locali: autoDraw = False
312.6014 	EXP 	ratingScale: flipVert = False
312.6014 	EXP 	ratingScale: autoLog = True
312.6028 	EXP 	window1: mouseVisible = False
312.6194 	EXP 	window1: mouseVisible = False
312.6361 	EXP 	window1: mouseVisible = False
312.6529 	EXP 	window1: mouseVisible = False
312.6697 	EXP 	window1: mouseVisible = False
312.6862 	EXP 	window1: mouseVisible = False
312.7028 	EXP 	window1: mouseVisible = False
312.7194 	EXP 	window1: mouseVisible = False
312.7362 	EXP 	window1: mouseVisible = False
312.7528 	EXP 	window1: mouseVisible = False
312.7695 	EXP 	window1: mouseVisible = False
312.7861 	EXP 	window1: mouseVisible = False
312.8028 	EXP 	window1: mouseVisible = False
312.8195 	EXP 	window1: mouseVisible = False
312.8362 	EXP 	window1: mouseVisible = False
312.8528 	EXP 	window1: mouseVisible = False
312.8695 	EXP 	window1: mouseVisible = False
312.8861 	EXP 	window1: mouseVisible = False
312.9028 	EXP 	window1: mouseVisible = False
312.9194 	EXP 	window1: mouseVisible = False
312.9361 	EXP 	window1: mouseVisible = False
312.9528 	EXP 	window1: mouseVisible = False
312.9694 	EXP 	window1: mouseVisible = False
312.9861 	EXP 	window1: mouseVisible = False
313.0028 	EXP 	window1: mouseVisible = False
313.0195 	EXP 	window1: mouseVisible = False
313.0361 	EXP 	window1: mouseVisible = False
313.0528 	EXP 	window1: mouseVisible = False
313.0695 	EXP 	window1: mouseVisible = False
313.0861 	EXP 	window1: mouseVisible = False
313.1028 	EXP 	window1: mouseVisible = False
313.1208 	EXP 	window1: mouseVisible = False
313.1361 	EXP 	window1: mouseVisible = False
313.1528 	EXP 	window1: mouseVisible = False
313.1695 	EXP 	window1: mouseVisible = False
313.1862 	EXP 	window1: mouseVisible = False
313.2028 	EXP 	window1: mouseVisible = False
313.2195 	EXP 	window1: mouseVisible = False
313.2362 	EXP 	window1: mouseVisible = False
313.2528 	EXP 	window1: mouseVisible = False
313.2694 	EXP 	window1: mouseVisible = False
313.2861 	EXP 	window1: mouseVisible = False
313.3028 	EXP 	window1: mouseVisible = False
313.3195 	EXP 	window1: mouseVisible = False
313.3363 	EXP 	window1: mouseVisible = False
313.3530 	EXP 	window1: mouseVisible = False
313.3697 	EXP 	window1: mouseVisible = False
313.3864 	EXP 	window1: mouseVisible = False
313.4029 	EXP 	window1: mouseVisible = False
313.4196 	EXP 	window1: mouseVisible = False
313.4362 	EXP 	window1: mouseVisible = False
313.4528 	EXP 	window1: mouseVisible = False
313.4691 	DATA 	Keypress: n
313.4697 	EXP 	window1: mouseVisible = False
313.4861 	EXP 	window1: mouseVisible = False
313.5028 	EXP 	window1: mouseVisible = False
313.5195 	EXP 	window1: mouseVisible = False
313.5363 	EXP 	window1: mouseVisible = False
313.5528 	EXP 	window1: mouseVisible = False
313.5694 	EXP 	window1: mouseVisible = False
313.5862 	EXP 	window1: mouseVisible = False
313.6028 	EXP 	window1: mouseVisible = False
313.6195 	EXP 	window1: mouseVisible = False
313.6361 	EXP 	window1: mouseVisible = False
313.6528 	EXP 	window1: mouseVisible = False
313.6695 	EXP 	window1: mouseVisible = False
313.6861 	EXP 	window1: mouseVisible = False
313.7028 	EXP 	window1: mouseVisible = False
313.7195 	EXP 	window1: mouseVisible = False
313.7363 	EXP 	window1: mouseVisible = False
313.7528 	EXP 	window1: mouseVisible = False
313.7695 	EXP 	window1: mouseVisible = False
313.7862 	EXP 	window1: mouseVisible = False
313.8028 	EXP 	window1: mouseVisible = False
313.8196 	EXP 	window1: mouseVisible = False
313.8362 	EXP 	window1: mouseVisible = False
313.8528 	EXP 	window1: mouseVisible = False
313.8695 	EXP 	window1: mouseVisible = False
313.8862 	EXP 	window1: mouseVisible = False
313.9029 	EXP 	window1: mouseVisible = False
313.9195 	EXP 	window1: mouseVisible = False
313.9362 	EXP 	window1: mouseVisible = False
313.9528 	EXP 	window1: mouseVisible = False
313.9696 	EXP 	window1: mouseVisible = False
313.9862 	EXP 	window1: mouseVisible = False
314.0029 	EXP 	window1: mouseVisible = False
314.0195 	EXP 	window1: mouseVisible = False
314.0362 	EXP 	window1: mouseVisible = False
314.0528 	EXP 	window1: mouseVisible = False
314.0696 	EXP 	window1: mouseVisible = False
314.0862 	EXP 	window1: mouseVisible = False
314.1029 	EXP 	window1: mouseVisible = False
314.1195 	EXP 	window1: mouseVisible = False
314.1363 	EXP 	window1: mouseVisible = False
314.1529 	EXP 	window1: mouseVisible = False
314.1698 	EXP 	window1: mouseVisible = False
314.1863 	EXP 	window1: mouseVisible = False
314.2030 	EXP 	window1: mouseVisible = False
314.2197 	EXP 	window1: mouseVisible = False
314.2362 	EXP 	window1: mouseVisible = False
314.2528 	EXP 	window1: mouseVisible = False
314.2696 	EXP 	window1: mouseVisible = False
314.2862 	EXP 	window1: mouseVisible = False
314.3029 	EXP 	window1: mouseVisible = False
314.3195 	EXP 	window1: mouseVisible = False
314.3363 	EXP 	window1: mouseVisible = False
314.3528 	EXP 	window1: mouseVisible = False
314.3696 	EXP 	window1: mouseVisible = False
314.3862 	EXP 	window1: mouseVisible = False
314.4029 	EXP 	window1: mouseVisible = False
314.4195 	EXP 	window1: mouseVisible = False
314.4362 	EXP 	window1: mouseVisible = False
314.4528 	EXP 	window1: mouseVisible = False
314.4695 	EXP 	window1: mouseVisible = False
314.4865 	EXP 	window1: mouseVisible = False
314.5029 	EXP 	window1: mouseVisible = False
314.5196 	EXP 	window1: mouseVisible = False
314.5363 	EXP 	window1: mouseVisible = False
314.5528 	EXP 	window1: mouseVisible = False
314.5696 	EXP 	window1: mouseVisible = False
314.5862 	EXP 	window1: mouseVisible = False
314.6029 	EXP 	window1: mouseVisible = False
314.6195 	EXP 	window1: mouseVisible = False
314.6363 	EXP 	window1: mouseVisible = False
314.6528 	EXP 	window1: mouseVisible = False
314.6695 	EXP 	window1: mouseVisible = False
314.6862 	EXP 	window1: mouseVisible = False
314.7029 	EXP 	window1: mouseVisible = False
314.7195 	EXP 	window1: mouseVisible = False
314.7362 	EXP 	window1: mouseVisible = False
314.7528 	EXP 	window1: mouseVisible = False
314.7696 	EXP 	window1: mouseVisible = False
314.7862 	EXP 	window1: mouseVisible = False
314.8037 	EXP 	window1: mouseVisible = False
314.8195 	EXP 	window1: mouseVisible = False
314.8364 	EXP 	window1: mouseVisible = False
314.8530 	EXP 	window1: mouseVisible = False
314.8696 	EXP 	window1: mouseVisible = False
314.8864 	EXP 	window1: mouseVisible = False
314.9030 	EXP 	window1: mouseVisible = False
314.9196 	EXP 	window1: mouseVisible = False
314.9363 	EXP 	window1: mouseVisible = False
314.9530 	EXP 	window1: mouseVisible = False
314.9694 	EXP 	window1: mouseVisible = False
314.9862 	EXP 	window1: mouseVisible = False
315.0028 	EXP 	window1: mouseVisible = False
315.0194 	EXP 	window1: mouseVisible = False
315.0361 	EXP 	window1: mouseVisible = False
315.0528 	EXP 	window1: mouseVisible = False
315.0698 	EXP 	window1: mouseVisible = False
315.0861 	EXP 	window1: mouseVisible = False
315.1029 	EXP 	window1: mouseVisible = False
315.1194 	EXP 	window1: mouseVisible = False
315.1364 	EXP 	window1: mouseVisible = False
315.1529 	EXP 	window1: mouseVisible = False
315.1694 	EXP 	window1: mouseVisible = False
315.1862 	EXP 	window1: mouseVisible = False
315.2028 	EXP 	window1: mouseVisible = False
315.2195 	EXP 	window1: mouseVisible = False
315.2361 	EXP 	window1: mouseVisible = False
315.2529 	EXP 	window1: mouseVisible = False
315.2694 	EXP 	window1: mouseVisible = False
315.2862 	EXP 	window1: mouseVisible = False
315.3027 	EXP 	window1: mouseVisible = False
315.3195 	EXP 	window1: mouseVisible = False
315.3361 	EXP 	window1: mouseVisible = False
315.3528 	EXP 	window1: mouseVisible = False
315.3696 	EXP 	window1: mouseVisible = False
315.3862 	EXP 	window1: mouseVisible = False
315.4028 	EXP 	window1: mouseVisible = False
315.4195 	EXP 	window1: mouseVisible = False
315.4361 	EXP 	window1: mouseVisible = False
315.4528 	EXP 	window1: mouseVisible = False
315.4695 	EXP 	window1: mouseVisible = False
315.4861 	EXP 	window1: mouseVisible = False
315.5030 	EXP 	window1: mouseVisible = False
315.5199 	EXP 	window1: mouseVisible = False
315.5362 	EXP 	window1: mouseVisible = False
315.5529 	EXP 	window1: mouseVisible = False
315.5697 	EXP 	window1: mouseVisible = False
315.5861 	EXP 	window1: mouseVisible = False
315.6028 	EXP 	window1: mouseVisible = False
315.6195 	EXP 	window1: mouseVisible = False
315.6363 	EXP 	window1: mouseVisible = False
315.6528 	EXP 	window1: mouseVisible = False
315.6696 	EXP 	window1: mouseVisible = False
315.6863 	EXP 	window1: mouseVisible = False
315.7028 	EXP 	window1: mouseVisible = False
315.7195 	EXP 	window1: mouseVisible = False
315.7361 	EXP 	window1: mouseVisible = False
315.7528 	EXP 	window1: mouseVisible = False
315.7694 	EXP 	window1: mouseVisible = False
315.7862 	EXP 	window1: mouseVisible = False
315.8029 	EXP 	window1: mouseVisible = False
315.8195 	EXP 	window1: mouseVisible = False
315.8361 	EXP 	window1: mouseVisible = False
315.8528 	EXP 	window1: mouseVisible = False
315.8694 	EXP 	window1: mouseVisible = False
315.8861 	EXP 	window1: mouseVisible = False
315.9027 	EXP 	window1: mouseVisible = False
315.9195 	EXP 	window1: mouseVisible = False
315.9362 	EXP 	window1: mouseVisible = False
315.9529 	EXP 	window1: mouseVisible = False
315.9695 	EXP 	window1: mouseVisible = False
315.9862 	EXP 	window1: mouseVisible = False
316.0027 	EXP 	window1: mouseVisible = False
316.0194 	EXP 	window1: mouseVisible = False
316.0361 	EXP 	window1: mouseVisible = False
316.0528 	EXP 	window1: mouseVisible = False
316.0694 	EXP 	window1: mouseVisible = False
316.0861 	EXP 	window1: mouseVisible = False
316.1028 	EXP 	window1: mouseVisible = False
316.1194 	EXP 	window1: mouseVisible = False
316.1361 	EXP 	window1: mouseVisible = False
316.1527 	EXP 	window1: mouseVisible = False
316.1694 	EXP 	window1: mouseVisible = False
316.1860 	EXP 	window1: mouseVisible = False
316.2028 	EXP 	window1: mouseVisible = False
316.2194 	EXP 	window1: mouseVisible = False
316.2357 	DATA 	Keypress: n
316.2362 	EXP 	window1: mouseVisible = False
316.2529 	EXP 	window1: mouseVisible = False
316.2694 	EXP 	window1: mouseVisible = False
316.2860 	EXP 	window1: mouseVisible = False
316.3028 	EXP 	window1: mouseVisible = False
316.3195 	EXP 	window1: mouseVisible = False
316.3362 	EXP 	window1: mouseVisible = False
316.3528 	EXP 	window1: mouseVisible = False
316.3695 	EXP 	window1: mouseVisible = False
316.3861 	EXP 	window1: mouseVisible = False
316.4028 	EXP 	window1: mouseVisible = False
316.4194 	EXP 	window1: mouseVisible = False
316.4361 	EXP 	window1: mouseVisible = False
316.4527 	EXP 	window1: mouseVisible = False
316.4695 	EXP 	window1: mouseVisible = False
316.4861 	EXP 	window1: mouseVisible = False
316.5027 	EXP 	window1: mouseVisible = False
316.5194 	EXP 	window1: mouseVisible = False
316.5356 	DATA 	Keypress: n
316.5362 	EXP 	window1: mouseVisible = False
316.5528 	EXP 	window1: mouseVisible = False
316.5696 	EXP 	window1: mouseVisible = False
316.5861 	EXP 	window1: mouseVisible = False
316.6029 	EXP 	window1: mouseVisible = False
316.6195 	EXP 	window1: mouseVisible = False
316.6362 	EXP 	window1: mouseVisible = False
316.6529 	EXP 	window1: mouseVisible = False
316.6696 	EXP 	window1: mouseVisible = False
316.6862 	EXP 	window1: mouseVisible = False
316.7029 	EXP 	window1: mouseVisible = False
316.7195 	EXP 	window1: mouseVisible = False
316.7362 	EXP 	window1: mouseVisible = False
316.7528 	EXP 	window1: mouseVisible = False
316.7696 	EXP 	window1: mouseVisible = False
316.7862 	EXP 	window1: mouseVisible = False
316.8028 	EXP 	window1: mouseVisible = False
316.8195 	EXP 	window1: mouseVisible = False
316.8362 	EXP 	window1: mouseVisible = False
316.8530 	EXP 	window1: mouseVisible = False
316.8695 	EXP 	window1: mouseVisible = False
316.8862 	EXP 	window1: mouseVisible = False
316.9028 	EXP 	window1: mouseVisible = False
316.9195 	EXP 	window1: mouseVisible = False
316.9362 	EXP 	window1: mouseVisible = False
316.9529 	EXP 	window1: mouseVisible = False
316.9695 	EXP 	window1: mouseVisible = False
316.9862 	EXP 	window1: mouseVisible = False
317.0029 	EXP 	window1: mouseVisible = False
317.0195 	EXP 	window1: mouseVisible = False
317.0362 	EXP 	window1: mouseVisible = False
317.0529 	EXP 	window1: mouseVisible = False
317.0695 	EXP 	window1: mouseVisible = False
317.0862 	EXP 	window1: mouseVisible = False
317.1029 	EXP 	window1: mouseVisible = False
317.1195 	EXP 	window1: mouseVisible = False
317.1362 	EXP 	window1: mouseVisible = False
317.1529 	EXP 	window1: mouseVisible = False
317.1695 	EXP 	window1: mouseVisible = False
317.1862 	EXP 	window1: mouseVisible = False
317.2024 	DATA 	Keypress: m
317.2030 	EXP 	window1: mouseVisible = False
317.2196 	EXP 	window1: mouseVisible = False
317.2362 	EXP 	window1: mouseVisible = False
317.2530 	EXP 	window1: mouseVisible = False
317.2697 	EXP 	window1: mouseVisible = False
317.2862 	EXP 	window1: mouseVisible = False
317.3029 	EXP 	window1: mouseVisible = False
317.3195 	EXP 	window1: mouseVisible = False
317.3362 	EXP 	window1: mouseVisible = False
317.3529 	EXP 	window1: mouseVisible = False
317.3696 	EXP 	window1: mouseVisible = False
317.3862 	EXP 	window1: mouseVisible = False
317.4029 	EXP 	window1: mouseVisible = False
317.4195 	EXP 	window1: mouseVisible = False
317.4362 	EXP 	window1: mouseVisible = False
317.4530 	EXP 	window1: mouseVisible = False
317.4695 	EXP 	window1: mouseVisible = False
317.4862 	EXP 	window1: mouseVisible = False
317.5029 	EXP 	window1: mouseVisible = False
317.5196 	EXP 	window1: mouseVisible = False
317.5362 	EXP 	window1: mouseVisible = False
317.5529 	EXP 	window1: mouseVisible = False
317.5695 	EXP 	window1: mouseVisible = False
317.5862 	EXP 	window1: mouseVisible = False
317.6029 	EXP 	window1: mouseVisible = False
317.6195 	EXP 	window1: mouseVisible = False
317.6362 	EXP 	window1: mouseVisible = False
317.6518 	DATA 	Keypress: space
317.7548 	EXP 	New trial (rep=5, index=0): None
317.7680 	EXP 	main_text: autoDraw = True
317.7680 	EXP 	confirm_text: autoDraw = True
317.7680 	EXP 	ratingScale: autoDraw = False
317.7680 	EXP 	main_text: autoDraw = False
317.7680 	EXP 	confirm_text: autoDraw = False
317.7680 	EXP 	text_2: autoDraw = True
317.7680 	EXP 	croix: autoDraw = True
322.7680 	EXP 	text_2: autoDraw = False
322.7680 	EXP 	croix: autoDraw = False
322.7680 	EXP 	text_2: autoDraw = False
322.7680 	EXP 	croix: autoDraw = False
322.7680 	EXP 	thermode_locali: autoDraw = True
334.7520 	EXP 	window1: mouseVisible = True
334.7529 	EXP 	Created unnamed Rect = Rect(__class__=<class 'psychopy.visual.rect.Rect'>, anchor=('center', 'center'), autoDraw=False, autoLog=True, closeShape=True, color=method-wrapper(...), colorSpace='rgb', contrast=None, depth=0, draggable=False, fillColor=array([1, 1, 1]), fillColorSpace='rgb', fillRGB=array([1, 1, 1]), interpolate=True, lineColor=array([1., 1., 1.]), lineColorSpace='rgb', lineRGB=array([1, 1, 1]), lineWidth=1.5, name='unnamed Rect', opacity=1.0, ori=0.0, pos=array([0., 0.]), size=array([0.01, 0.1 ]), units='norm', vertices=ndarray(...), win=Window(...))
334.7529 	EXP 	window1: mouseVisible = True
334.7530 	EXP 	window1: mouseVisible = True
334.7535 	EXP 	window1: mouseVisible = True
334.7547 	EXP 	window1: mouseVisible = True
334.7558 	EXP 	window1: mouseVisible = True
334.7560 	EXP 	window1: mouseVisible = True
334.7561 	EXP 	window1: mouseVisible = True
334.7563 	EXP 	window1: mouseVisible = True
334.7564 	EXP 	window1: mouseVisible = True
334.7565 	EXP 	window1: mouseVisible = True
334.7567 	EXP 	window1: mouseVisible = True
334.7568 	EXP 	window1: mouseVisible = True
334.7569 	EXP 	window1: mouseVisible = True
334.7571 	EXP 	window1: mouseVisible = True
334.7572 	EXP 	window1: mouseVisible = True
334.7573 	EXP 	window1: mouseVisible = True
334.7575 	EXP 	window1: mouseVisible = True
334.7576 	EXP 	window1: mouseVisible = True
334.7577 	EXP 	window1: mouseVisible = True
334.7578 	EXP 	window1: mouseVisible = True
334.7580 	EXP 	window1: mouseVisible = True
334.7582 	EXP 	window1: mouseVisible = True
334.7585 	EXP 	window1: mouseVisible = True
334.7586 	EXP 	window1: mouseVisible = True
334.7587 	EXP 	window1: mouseVisible = True
334.7588 	EXP 	window1: mouseVisible = True
334.7590 	EXP 	window1: mouseVisible = True
334.7591 	EXP 	window1: mouseVisible = True
334.7592 	EXP 	window1: mouseVisible = True
334.7593 	EXP 	window1: mouseVisible = True
334.7595 	EXP 	window1: mouseVisible = True
334.7596 	EXP 	window1: mouseVisible = True
334.7597 	EXP 	window1: mouseVisible = True
334.7599 	EXP 	window1: mouseVisible = True
334.7600 	EXP 	window1: mouseVisible = True
334.7601 	EXP 	window1: mouseVisible = True
334.7602 	EXP 	window1: mouseVisible = True
334.7604 	EXP 	window1: mouseVisible = True
334.7605 	EXP 	window1: mouseVisible = True
334.7607 	EXP 	window1: mouseVisible = True
334.7608 	EXP 	window1: mouseVisible = True
334.7610 	EXP 	window1: mouseVisible = True
334.7611 	EXP 	window1: mouseVisible = True
334.7612 	EXP 	window1: mouseVisible = True
334.7613 	EXP 	window1: mouseVisible = True
334.7615 	EXP 	window1: mouseVisible = True
334.7616 	EXP 	window1: mouseVisible = True
334.7617 	EXP 	window1: mouseVisible = True
334.7619 	EXP 	window1: mouseVisible = True
334.7620 	EXP 	window1: mouseVisible = True
334.7621 	EXP 	window1: mouseVisible = True
334.7622 	EXP 	window1: mouseVisible = True
334.7624 	EXP 	window1: mouseVisible = True
334.7625 	EXP 	window1: mouseVisible = True
334.7626 	EXP 	window1: mouseVisible = True
334.7627 	EXP 	window1: mouseVisible = True
334.7629 	EXP 	window1: mouseVisible = True
334.7630 	EXP 	window1: mouseVisible = True
334.7631 	EXP 	window1: mouseVisible = True
334.7633 	EXP 	window1: mouseVisible = True
334.7634 	EXP 	window1: mouseVisible = True
334.7635 	EXP 	window1: mouseVisible = True
334.7636 	EXP 	window1: mouseVisible = True
334.7638 	EXP 	window1: mouseVisible = True
334.7639 	EXP 	window1: mouseVisible = True
334.7640 	EXP 	window1: mouseVisible = True
334.7642 	EXP 	window1: mouseVisible = True
334.7643 	EXP 	window1: mouseVisible = True
334.7644 	EXP 	window1: mouseVisible = True
334.7646 	EXP 	window1: mouseVisible = True
334.7647 	EXP 	window1: mouseVisible = True
334.7648 	EXP 	window1: mouseVisible = True
334.7649 	EXP 	window1: mouseVisible = True
334.7651 	EXP 	window1: mouseVisible = True
334.7652 	EXP 	window1: mouseVisible = True
334.7653 	EXP 	window1: mouseVisible = True
334.7654 	EXP 	window1: mouseVisible = True
334.7656 	EXP 	window1: mouseVisible = True
334.7657 	EXP 	window1: mouseVisible = True
334.7658 	EXP 	window1: mouseVisible = True
334.7660 	EXP 	window1: mouseVisible = True
334.7661 	EXP 	window1: mouseVisible = True
334.7662 	EXP 	window1: mouseVisible = True
334.7663 	EXP 	window1: mouseVisible = True
334.7664 	EXP 	window1: mouseVisible = True
334.7666 	EXP 	window1: mouseVisible = True
334.7667 	EXP 	window1: mouseVisible = True
334.7668 	EXP 	window1: mouseVisible = True
334.7670 	EXP 	window1: mouseVisible = True
334.7671 	EXP 	window1: mouseVisible = True
334.7672 	EXP 	window1: mouseVisible = True
334.7673 	EXP 	window1: mouseVisible = True
334.7675 	EXP 	window1: mouseVisible = True
334.7676 	EXP 	window1: mouseVisible = True
334.7677 	EXP 	window1: mouseVisible = True
334.7678 	EXP 	window1: mouseVisible = True
334.7680 	EXP 	window1: mouseVisible = True
334.7681 	EXP 	window1: mouseVisible = True
334.7682 	EXP 	window1: mouseVisible = True
334.7684 	EXP 	window1: mouseVisible = True
334.7685 	EXP 	window1: mouseVisible = True
334.7686 	EXP 	window1: mouseVisible = True
334.7688 	EXP 	window1: mouseVisible = True
334.7689 	EXP 	window1: mouseVisible = True
334.7709 	EXP 	Created ratingScale = RatingScale(__class__=type(...), acceptKeys=['return'], acceptPreText=UNKNOWN, acceptSize=UNKNOWN, acceptText=UNKNOWN, autoLog=True, choices=False, colorSpace='rgb', depth=0, disappear=False, flipVert=False, high=100, kwargs=UNKNOWN, labels=list(...), leftKeys=['left'], lineColor=(255, 255, 255), low=0, marker=Rect(...), markerColor=(255, 255, 255), markerExpansion=UNKNOWN, markerStart=0.5, maxTime=0.0, minTime=0.4, mouseOnly=False, name='ratingScale', noMouse=False, pos=[0.0, 0.0], precision=100, respKeys=[], rightKeys=['right'], scale=None, self=UNKNOWN, showAccept=False, showValue=False, singleClick=False, size=0.6, skipKeys=['tab'], stretch=2.0, textColor='white', textFont='Helvetica Bold', textSize=0.144, tickHeight=0, tickMarks=10.0, win=Window(...))
334.7710 	EXP 	RatingScale ratingScale: reset()
334.7730 	EXP 	window1: mouseVisible = False
334.7849 	EXP 	thermode_locali: autoDraw = False
334.7849 	EXP 	thermode_locali: autoDraw = False
334.7849 	EXP 	ratingScale: flipVert = False
334.7849 	EXP 	ratingScale: autoLog = True
334.7863 	EXP 	window1: mouseVisible = False
334.8029 	EXP 	window1: mouseVisible = False
334.8196 	EXP 	window1: mouseVisible = False
334.8364 	EXP 	window1: mouseVisible = False
334.8529 	EXP 	window1: mouseVisible = False
334.8696 	EXP 	window1: mouseVisible = False
334.8866 	EXP 	window1: mouseVisible = False
334.9030 	EXP 	window1: mouseVisible = False
334.9196 	EXP 	window1: mouseVisible = False
334.9363 	EXP 	window1: mouseVisible = False
334.9529 	EXP 	window1: mouseVisible = False
334.9696 	EXP 	window1: mouseVisible = False
334.9863 	EXP 	window1: mouseVisible = False
335.0029 	EXP 	window1: mouseVisible = False
335.0196 	EXP 	window1: mouseVisible = False
335.0364 	EXP 	window1: mouseVisible = False
335.0530 	EXP 	window1: mouseVisible = False
335.0696 	EXP 	window1: mouseVisible = False
335.0863 	EXP 	window1: mouseVisible = False
335.1032 	EXP 	window1: mouseVisible = False
335.1197 	EXP 	window1: mouseVisible = False
335.1363 	EXP 	window1: mouseVisible = False
335.1529 	EXP 	window1: mouseVisible = False
335.1696 	EXP 	window1: mouseVisible = False
335.1862 	EXP 	window1: mouseVisible = False
335.2029 	EXP 	window1: mouseVisible = False
335.2196 	EXP 	window1: mouseVisible = False
335.2363 	EXP 	window1: mouseVisible = False
335.2529 	EXP 	window1: mouseVisible = False
335.2696 	EXP 	window1: mouseVisible = False
335.2863 	EXP 	window1: mouseVisible = False
335.3029 	EXP 	window1: mouseVisible = False
335.3196 	EXP 	window1: mouseVisible = False
335.3364 	EXP 	window1: mouseVisible = False
335.3530 	EXP 	window1: mouseVisible = False
335.3696 	EXP 	window1: mouseVisible = False
335.3863 	EXP 	window1: mouseVisible = False
335.4029 	EXP 	window1: mouseVisible = False
335.4196 	EXP 	window1: mouseVisible = False
335.4363 	EXP 	window1: mouseVisible = False
335.4529 	EXP 	window1: mouseVisible = False
335.4696 	EXP 	window1: mouseVisible = False
335.4863 	EXP 	window1: mouseVisible = False
335.5025 	DATA 	Keypress: m
335.5031 	EXP 	window1: mouseVisible = False
335.5196 	EXP 	window1: mouseVisible = False
335.5363 	EXP 	window1: mouseVisible = False
335.5529 	EXP 	window1: mouseVisible = False
335.5696 	EXP 	window1: mouseVisible = False
335.5863 	EXP 	window1: mouseVisible = False
335.6030 	EXP 	window1: mouseVisible = False
335.6196 	EXP 	window1: mouseVisible = False
335.6365 	EXP 	window1: mouseVisible = False
335.6530 	EXP 	window1: mouseVisible = False
335.6697 	EXP 	window1: mouseVisible = False
335.6864 	EXP 	window1: mouseVisible = False
335.7030 	EXP 	window1: mouseVisible = False
335.7197 	EXP 	window1: mouseVisible = False
335.7363 	EXP 	window1: mouseVisible = False
335.7531 	EXP 	window1: mouseVisible = False
335.7697 	EXP 	window1: mouseVisible = False
335.7864 	EXP 	window1: mouseVisible = False
335.8031 	EXP 	window1: mouseVisible = False
335.8197 	EXP 	window1: mouseVisible = False
335.8364 	EXP 	window1: mouseVisible = False
335.8531 	EXP 	window1: mouseVisible = False
335.8697 	EXP 	window1: mouseVisible = False
335.8864 	EXP 	window1: mouseVisible = False
335.9032 	EXP 	window1: mouseVisible = False
335.9197 	EXP 	window1: mouseVisible = False
335.9364 	EXP 	window1: mouseVisible = False
335.9532 	EXP 	window1: mouseVisible = False
335.9697 	EXP 	window1: mouseVisible = False
335.9865 	EXP 	window1: mouseVisible = False
336.0031 	EXP 	window1: mouseVisible = False
336.0199 	EXP 	window1: mouseVisible = False
336.0367 	EXP 	window1: mouseVisible = False
336.0531 	EXP 	window1: mouseVisible = False
336.0699 	EXP 	window1: mouseVisible = False
336.0865 	EXP 	window1: mouseVisible = False
336.1031 	EXP 	window1: mouseVisible = False
336.1198 	EXP 	window1: mouseVisible = False
336.1365 	EXP 	window1: mouseVisible = False
336.1530 	EXP 	window1: mouseVisible = False
336.1698 	EXP 	window1: mouseVisible = False
336.1864 	EXP 	window1: mouseVisible = False
336.2031 	EXP 	window1: mouseVisible = False
336.2197 	EXP 	window1: mouseVisible = False
336.2364 	EXP 	window1: mouseVisible = False
336.2532 	EXP 	window1: mouseVisible = False
336.2697 	EXP 	window1: mouseVisible = False
336.2864 	EXP 	window1: mouseVisible = False
336.3041 	EXP 	window1: mouseVisible = False
336.3201 	EXP 	window1: mouseVisible = False
336.3365 	EXP 	window1: mouseVisible = False
336.3531 	EXP 	window1: mouseVisible = False
336.3698 	EXP 	window1: mouseVisible = False
336.3866 	EXP 	window1: mouseVisible = False
336.4031 	EXP 	window1: mouseVisible = False
336.4198 	EXP 	window1: mouseVisible = False
336.4364 	EXP 	window1: mouseVisible = False
336.4532 	EXP 	window1: mouseVisible = False
336.4698 	EXP 	window1: mouseVisible = False
336.4864 	EXP 	window1: mouseVisible = False
336.5031 	EXP 	window1: mouseVisible = False
336.5198 	EXP 	window1: mouseVisible = False
336.5364 	EXP 	window1: mouseVisible = False
336.5533 	EXP 	window1: mouseVisible = False
336.5698 	EXP 	window1: mouseVisible = False
336.5864 	EXP 	window1: mouseVisible = False
336.6031 	EXP 	window1: mouseVisible = False
336.6198 	EXP 	window1: mouseVisible = False
336.6364 	EXP 	window1: mouseVisible = False
336.6530 	EXP 	window1: mouseVisible = False
336.6698 	EXP 	window1: mouseVisible = False
336.6864 	EXP 	window1: mouseVisible = False
336.7031 	EXP 	window1: mouseVisible = False
336.7197 	EXP 	window1: mouseVisible = False
336.7364 	EXP 	window1: mouseVisible = False
336.7536 	EXP 	window1: mouseVisible = False
336.7697 	EXP 	window1: mouseVisible = False
336.7864 	EXP 	window1: mouseVisible = False
336.8031 	EXP 	window1: mouseVisible = False
336.8201 	EXP 	window1: mouseVisible = False
336.8365 	EXP 	window1: mouseVisible = False
336.8531 	EXP 	window1: mouseVisible = False
336.8702 	DATA 	Keypress: space
336.9703 	EXP 	New trial (rep=6, index=0): None
336.9850 	EXP 	main_text: autoDraw = True
336.9850 	EXP 	confirm_text: autoDraw = True
336.9850 	EXP 	ratingScale: autoDraw = False
336.9850 	EXP 	main_text: autoDraw = False
336.9850 	EXP 	confirm_text: autoDraw = False
336.9850 	EXP 	text_2: autoDraw = True
336.9850 	EXP 	croix: autoDraw = True
341.9851 	EXP 	text_2: autoDraw = False
341.9851 	EXP 	croix: autoDraw = False
341.9851 	EXP 	text_2: autoDraw = False
341.9851 	EXP 	croix: autoDraw = False
341.9851 	EXP 	thermode_locali: autoDraw = True
353.9689 	EXP 	window1: mouseVisible = True
353.9698 	EXP 	Created unnamed Rect = Rect(__class__=<class 'psychopy.visual.rect.Rect'>, anchor=('center', 'center'), autoDraw=False, autoLog=True, closeShape=True, color=method-wrapper(...), colorSpace='rgb', contrast=None, depth=0, draggable=False, fillColor=array([1, 1, 1]), fillColorSpace='rgb', fillRGB=array([1, 1, 1]), interpolate=True, lineColor=array([1., 1., 1.]), lineColorSpace='rgb', lineRGB=array([1, 1, 1]), lineWidth=1.5, name='unnamed Rect', opacity=1.0, ori=0.0, pos=array([0., 0.]), size=array([0.01, 0.1 ]), units='norm', vertices=ndarray(...), win=Window(...))
353.9698 	EXP 	window1: mouseVisible = True
353.9699 	EXP 	window1: mouseVisible = True
353.9707 	EXP 	window1: mouseVisible = True
353.9722 	EXP 	window1: mouseVisible = True
353.9733 	EXP 	window1: mouseVisible = True
353.9734 	EXP 	window1: mouseVisible = True
353.9736 	EXP 	window1: mouseVisible = True
353.9737 	EXP 	window1: mouseVisible = True
353.9738 	EXP 	window1: mouseVisible = True
353.9740 	EXP 	window1: mouseVisible = True
353.9741 	EXP 	window1: mouseVisible = True
353.9742 	EXP 	window1: mouseVisible = True
353.9744 	EXP 	window1: mouseVisible = True
353.9745 	EXP 	window1: mouseVisible = True
353.9746 	EXP 	window1: mouseVisible = True
353.9748 	EXP 	window1: mouseVisible = True
353.9749 	EXP 	window1: mouseVisible = True
353.9750 	EXP 	window1: mouseVisible = True
353.9751 	EXP 	window1: mouseVisible = True
353.9753 	EXP 	window1: mouseVisible = True
353.9754 	EXP 	window1: mouseVisible = True
353.9755 	EXP 	window1: mouseVisible = True
353.9757 	EXP 	window1: mouseVisible = True
353.9759 	EXP 	window1: mouseVisible = True
353.9760 	EXP 	window1: mouseVisible = True
353.9762 	EXP 	window1: mouseVisible = True
353.9763 	EXP 	window1: mouseVisible = True
353.9764 	EXP 	window1: mouseVisible = True
353.9766 	EXP 	window1: mouseVisible = True
353.9767 	EXP 	window1: mouseVisible = True
353.9768 	EXP 	window1: mouseVisible = True
353.9770 	EXP 	window1: mouseVisible = True
353.9771 	EXP 	window1: mouseVisible = True
353.9772 	EXP 	window1: mouseVisible = True
353.9773 	EXP 	window1: mouseVisible = True
353.9775 	EXP 	window1: mouseVisible = True
353.9776 	EXP 	window1: mouseVisible = True
353.9777 	EXP 	window1: mouseVisible = True
353.9778 	EXP 	window1: mouseVisible = True
353.9780 	EXP 	window1: mouseVisible = True
353.9781 	EXP 	window1: mouseVisible = True
353.9782 	EXP 	window1: mouseVisible = True
353.9784 	EXP 	window1: mouseVisible = True
353.9785 	EXP 	window1: mouseVisible = True
353.9786 	EXP 	window1: mouseVisible = True
353.9787 	EXP 	window1: mouseVisible = True
353.9789 	EXP 	window1: mouseVisible = True
353.9790 	EXP 	window1: mouseVisible = True
353.9791 	EXP 	window1: mouseVisible = True
353.9793 	EXP 	window1: mouseVisible = True
353.9794 	EXP 	window1: mouseVisible = True
353.9795 	EXP 	window1: mouseVisible = True
353.9796 	EXP 	window1: mouseVisible = True
353.9798 	EXP 	window1: mouseVisible = True
353.9799 	EXP 	window1: mouseVisible = True
353.9801 	EXP 	window1: mouseVisible = True
353.9802 	EXP 	window1: mouseVisible = True
353.9803 	EXP 	window1: mouseVisible = True
353.9805 	EXP 	window1: mouseVisible = True
353.9806 	EXP 	window1: mouseVisible = True
353.9807 	EXP 	window1: mouseVisible = True
353.9808 	EXP 	window1: mouseVisible = True
353.9810 	EXP 	window1: mouseVisible = True
353.9811 	EXP 	window1: mouseVisible = True
353.9812 	EXP 	window1: mouseVisible = True
353.9813 	EXP 	window1: mouseVisible = True
353.9815 	EXP 	window1: mouseVisible = True
353.9816 	EXP 	window1: mouseVisible = True
353.9817 	EXP 	window1: mouseVisible = True
353.9819 	EXP 	window1: mouseVisible = True
353.9820 	EXP 	window1: mouseVisible = True
353.9821 	EXP 	window1: mouseVisible = True
353.9822 	EXP 	window1: mouseVisible = True
353.9824 	EXP 	window1: mouseVisible = True
353.9825 	EXP 	window1: mouseVisible = True
353.9826 	EXP 	window1: mouseVisible = True
353.9827 	EXP 	window1: mouseVisible = True
353.9829 	EXP 	window1: mouseVisible = True
353.9830 	EXP 	window1: mouseVisible = True
353.9831 	EXP 	window1: mouseVisible = True
353.9833 	EXP 	window1: mouseVisible = True
353.9834 	EXP 	window1: mouseVisible = True
353.9835 	EXP 	window1: mouseVisible = True
353.9837 	EXP 	window1: mouseVisible = True
353.9838 	EXP 	window1: mouseVisible = True
353.9839 	EXP 	window1: mouseVisible = True
353.9841 	EXP 	window1: mouseVisible = True
353.9842 	EXP 	window1: mouseVisible = True
353.9843 	EXP 	window1: mouseVisible = True
353.9845 	EXP 	window1: mouseVisible = True
353.9846 	EXP 	window1: mouseVisible = True
353.9847 	EXP 	window1: mouseVisible = True
353.9849 	EXP 	window1: mouseVisible = True
353.9850 	EXP 	window1: mouseVisible = True
353.9851 	EXP 	window1: mouseVisible = True
353.9852 	EXP 	window1: mouseVisible = True
353.9854 	EXP 	window1: mouseVisible = True
353.9855 	EXP 	window1: mouseVisible = True
353.9856 	EXP 	window1: mouseVisible = True
353.9857 	EXP 	window1: mouseVisible = True
353.9859 	EXP 	window1: mouseVisible = True
353.9860 	EXP 	window1: mouseVisible = True
353.9861 	EXP 	window1: mouseVisible = True
353.9863 	EXP 	window1: mouseVisible = True
353.9883 	EXP 	Created ratingScale = RatingScale(__class__=type(...), acceptKeys=['return'], acceptPreText=UNKNOWN, acceptSize=UNKNOWN, acceptText=UNKNOWN, autoLog=True, choices=False, colorSpace='rgb', depth=0, disappear=False, flipVert=False, high=100, kwargs=UNKNOWN, labels=list(...), leftKeys=['left'], lineColor=(255, 255, 255), low=0, marker=Rect(...), markerColor=(255, 255, 255), markerExpansion=UNKNOWN, markerStart=0.5, maxTime=0.0, minTime=0.4, mouseOnly=False, name='ratingScale', noMouse=False, pos=[0.0, 0.0], precision=100, respKeys=[], rightKeys=['right'], scale=None, self=UNKNOWN, showAccept=False, showValue=False, singleClick=False, size=0.6, skipKeys=['tab'], stretch=2.0, textColor='white', textFont='Helvetica Bold', textSize=0.144, tickHeight=0, tickMarks=10.0, win=Window(...))
353.9884 	EXP 	RatingScale ratingScale: reset()
353.9904 	EXP 	window1: mouseVisible = False
354.0017 	EXP 	thermode_locali: autoDraw = False
354.0017 	EXP 	thermode_locali: autoDraw = False
354.0017 	EXP 	ratingScale: flipVert = False
354.0017 	EXP 	ratingScale: autoLog = True
354.0032 	EXP 	window1: mouseVisible = False
354.0199 	EXP 	window1: mouseVisible = False
354.0365 	EXP 	window1: mouseVisible = False
354.0531 	EXP 	window1: mouseVisible = False
354.0698 	EXP 	window1: mouseVisible = False
354.0865 	EXP 	window1: mouseVisible = False
354.1031 	EXP 	window1: mouseVisible = False
354.1200 	EXP 	window1: mouseVisible = False
354.1365 	EXP 	window1: mouseVisible = False
354.1532 	EXP 	window1: mouseVisible = False
354.1698 	EXP 	window1: mouseVisible = False
354.1865 	EXP 	window1: mouseVisible = False
354.2032 	EXP 	window1: mouseVisible = False
354.2198 	EXP 	window1: mouseVisible = False
354.2366 	EXP 	window1: mouseVisible = False
354.2533 	EXP 	window1: mouseVisible = False
354.2698 	EXP 	window1: mouseVisible = False
354.2865 	EXP 	window1: mouseVisible = False
354.3032 	EXP 	window1: mouseVisible = False
354.3198 	EXP 	window1: mouseVisible = False
354.3365 	EXP 	window1: mouseVisible = False
354.3532 	EXP 	window1: mouseVisible = False
354.3698 	EXP 	window1: mouseVisible = False
354.3865 	EXP 	window1: mouseVisible = False
354.4032 	EXP 	window1: mouseVisible = False
354.4206 	EXP 	window1: mouseVisible = False
354.4365 	EXP 	window1: mouseVisible = False
354.4532 	EXP 	window1: mouseVisible = False
354.4704 	EXP 	window1: mouseVisible = False
354.4866 	EXP 	window1: mouseVisible = False
354.5033 	EXP 	window1: mouseVisible = False
354.5199 	EXP 	window1: mouseVisible = False
354.5367 	EXP 	window1: mouseVisible = False
354.5531 	EXP 	window1: mouseVisible = False
354.5698 	EXP 	window1: mouseVisible = False
354.5865 	EXP 	window1: mouseVisible = False
354.6034 	EXP 	window1: mouseVisible = False
354.6198 	EXP 	window1: mouseVisible = False
354.6365 	EXP 	window1: mouseVisible = False
354.6531 	EXP 	window1: mouseVisible = False
354.6698 	EXP 	window1: mouseVisible = False
354.6865 	EXP 	window1: mouseVisible = False
354.7032 	EXP 	window1: mouseVisible = False
354.7198 	EXP 	window1: mouseVisible = False
354.7365 	EXP 	window1: mouseVisible = False
354.7531 	EXP 	window1: mouseVisible = False
354.7698 	EXP 	window1: mouseVisible = False
354.7865 	EXP 	window1: mouseVisible = False
354.8033 	EXP 	window1: mouseVisible = False
354.8195 	DATA 	Keypress: n
354.8201 	EXP 	window1: mouseVisible = False
354.8365 	EXP 	window1: mouseVisible = False
354.8532 	EXP 	window1: mouseVisible = False
354.8698 	EXP 	window1: mouseVisible = False
354.8865 	EXP 	window1: mouseVisible = False
354.9032 	EXP 	window1: mouseVisible = False
354.9198 	EXP 	window1: mouseVisible = False
354.9365 	EXP 	window1: mouseVisible = False
354.9531 	EXP 	window1: mouseVisible = False
354.9698 	EXP 	window1: mouseVisible = False
354.9865 	EXP 	window1: mouseVisible = False
355.0043 	EXP 	window1: mouseVisible = False
355.0202 	EXP 	window1: mouseVisible = False
355.0365 	EXP 	window1: mouseVisible = False
355.0532 	EXP 	window1: mouseVisible = False
355.0699 	EXP 	window1: mouseVisible = False
355.0865 	EXP 	window1: mouseVisible = False
355.1034 	EXP 	window1: mouseVisible = False
355.1198 	EXP 	window1: mouseVisible = False
355.1361 	DATA 	Keypress: n
355.1367 	EXP 	window1: mouseVisible = False
355.1532 	EXP 	window1: mouseVisible = False
355.1698 	EXP 	window1: mouseVisible = False
355.1866 	EXP 	window1: mouseVisible = False
355.2032 	EXP 	window1: mouseVisible = False
355.2199 	EXP 	window1: mouseVisible = False
355.2368 	EXP 	window1: mouseVisible = False
355.2532 	EXP 	window1: mouseVisible = False
355.2699 	EXP 	window1: mouseVisible = False
355.2865 	EXP 	window1: mouseVisible = False
355.3028 	DATA 	Keypress: n
355.3033 	EXP 	window1: mouseVisible = False
355.3199 	EXP 	window1: mouseVisible = False
355.3366 	EXP 	window1: mouseVisible = False
355.3532 	EXP 	window1: mouseVisible = False
355.3698 	EXP 	window1: mouseVisible = False
355.3866 	EXP 	window1: mouseVisible = False
355.4032 	EXP 	window1: mouseVisible = False
355.4200 	EXP 	window1: mouseVisible = False
355.4365 	EXP 	window1: mouseVisible = False
355.4532 	EXP 	window1: mouseVisible = False
355.4699 	EXP 	window1: mouseVisible = False
355.4865 	EXP 	window1: mouseVisible = False
355.5032 	EXP 	window1: mouseVisible = False
355.5199 	EXP 	window1: mouseVisible = False
355.5376 	EXP 	window1: mouseVisible = False
355.5535 	EXP 	window1: mouseVisible = False
355.5701 	EXP 	window1: mouseVisible = False
355.5868 	EXP 	window1: mouseVisible = False
355.6034 	EXP 	window1: mouseVisible = False
355.6202 	EXP 	window1: mouseVisible = False
355.6365 	EXP 	window1: mouseVisible = False
355.6532 	EXP 	window1: mouseVisible = False
355.6699 	EXP 	window1: mouseVisible = False
355.6865 	EXP 	window1: mouseVisible = False
355.7032 	EXP 	window1: mouseVisible = False
355.7199 	EXP 	window1: mouseVisible = False
355.7365 	EXP 	window1: mouseVisible = False
355.7532 	EXP 	window1: mouseVisible = False
355.7694 	DATA 	Keypress: n
355.7700 	EXP 	window1: mouseVisible = False
355.7866 	EXP 	window1: mouseVisible = False
355.8032 	EXP 	window1: mouseVisible = False
355.8199 	EXP 	window1: mouseVisible = False
355.8365 	EXP 	window1: mouseVisible = False
355.8532 	EXP 	window1: mouseVisible = False
355.8699 	EXP 	window1: mouseVisible = False
355.8866 	EXP 	window1: mouseVisible = False
355.9032 	EXP 	window1: mouseVisible = False
355.9199 	EXP 	window1: mouseVisible = False
355.9366 	EXP 	window1: mouseVisible = False
355.9533 	EXP 	window1: mouseVisible = False
355.9699 	EXP 	window1: mouseVisible = False
355.9865 	EXP 	window1: mouseVisible = False
356.0032 	EXP 	window1: mouseVisible = False
356.0199 	EXP 	window1: mouseVisible = False
356.0365 	EXP 	window1: mouseVisible = False
356.0532 	EXP 	window1: mouseVisible = False
356.0699 	EXP 	window1: mouseVisible = False
356.0865 	EXP 	window1: mouseVisible = False
356.1032 	EXP 	window1: mouseVisible = False
356.1199 	EXP 	window1: mouseVisible = False
356.1366 	EXP 	window1: mouseVisible = False
356.1532 	EXP 	window1: mouseVisible = False
356.1699 	EXP 	window1: mouseVisible = False
356.1866 	EXP 	window1: mouseVisible = False
356.2033 	EXP 	window1: mouseVisible = False
356.2199 	EXP 	window1: mouseVisible = False
356.2366 	EXP 	window1: mouseVisible = False
356.2532 	EXP 	window1: mouseVisible = False
356.2699 	EXP 	window1: mouseVisible = False
356.2866 	EXP 	window1: mouseVisible = False
356.3033 	EXP 	window1: mouseVisible = False
356.3199 	EXP 	window1: mouseVisible = False
356.3366 	EXP 	window1: mouseVisible = False
356.3534 	EXP 	window1: mouseVisible = False
356.3699 	EXP 	window1: mouseVisible = False
356.3866 	EXP 	window1: mouseVisible = False
356.4032 	EXP 	window1: mouseVisible = False
356.4199 	EXP 	window1: mouseVisible = False
356.4366 	EXP 	window1: mouseVisible = False
356.4532 	EXP 	window1: mouseVisible = False
356.4699 	EXP 	window1: mouseVisible = False
356.4866 	EXP 	window1: mouseVisible = False
356.5032 	EXP 	window1: mouseVisible = False
356.5198 	EXP 	window1: mouseVisible = False
356.5366 	EXP 	window1: mouseVisible = False
356.5532 	EXP 	window1: mouseVisible = False
356.5699 	EXP 	window1: mouseVisible = False
356.5873 	EXP 	window1: mouseVisible = False
356.6034 	EXP 	window1: mouseVisible = False
356.6200 	EXP 	window1: mouseVisible = False
356.6367 	EXP 	window1: mouseVisible = False
356.6535 	EXP 	window1: mouseVisible = False
356.6701 	EXP 	window1: mouseVisible = False
356.6865 	EXP 	window1: mouseVisible = False
356.7032 	EXP 	window1: mouseVisible = False
356.7199 	EXP 	window1: mouseVisible = False
356.7365 	EXP 	window1: mouseVisible = False
356.7533 	EXP 	window1: mouseVisible = False
356.7698 	EXP 	window1: mouseVisible = False
356.7865 	EXP 	window1: mouseVisible = False
356.8032 	EXP 	window1: mouseVisible = False
356.8199 	EXP 	window1: mouseVisible = False
356.8366 	EXP 	window1: mouseVisible = False
356.8532 	EXP 	window1: mouseVisible = False
356.8699 	EXP 	window1: mouseVisible = False
356.8861 	DATA 	Keypress: n
356.8867 	EXP 	window1: mouseVisible = False
356.9032 	EXP 	window1: mouseVisible = False
356.9199 	EXP 	window1: mouseVisible = False
356.9366 	EXP 	window1: mouseVisible = False
356.9532 	EXP 	window1: mouseVisible = False
356.9699 	EXP 	window1: mouseVisible = False
356.9865 	EXP 	window1: mouseVisible = False
357.0032 	EXP 	window1: mouseVisible = False
357.0200 	EXP 	window1: mouseVisible = False
357.0366 	EXP 	window1: mouseVisible = False
357.0532 	EXP 	window1: mouseVisible = False
357.0699 	EXP 	window1: mouseVisible = False
357.0865 	EXP 	window1: mouseVisible = False
357.1032 	EXP 	window1: mouseVisible = False
357.1199 	EXP 	window1: mouseVisible = False
357.1366 	EXP 	window1: mouseVisible = False
357.1532 	EXP 	window1: mouseVisible = False
357.1699 	EXP 	window1: mouseVisible = False
357.1865 	EXP 	window1: mouseVisible = False
357.2032 	EXP 	window1: mouseVisible = False
357.2199 	EXP 	window1: mouseVisible = False
357.2366 	EXP 	window1: mouseVisible = False
357.2533 	EXP 	window1: mouseVisible = False
357.2701 	EXP 	window1: mouseVisible = False
357.2867 	EXP 	window1: mouseVisible = False
357.3033 	EXP 	window1: mouseVisible = False
357.3201 	EXP 	window1: mouseVisible = False
357.3366 	EXP 	window1: mouseVisible = False
357.3532 	EXP 	window1: mouseVisible = False
357.3696 	DATA 	Keypress: m
357.3701 	EXP 	window1: mouseVisible = False
357.3866 	EXP 	window1: mouseVisible = False
357.4032 	EXP 	window1: mouseVisible = False
357.4199 	EXP 	window1: mouseVisible = False
357.4366 	EXP 	window1: mouseVisible = False
357.4532 	EXP 	window1: mouseVisible = False
357.4699 	EXP 	window1: mouseVisible = False
357.4865 	EXP 	window1: mouseVisible = False
357.5032 	EXP 	window1: mouseVisible = False
357.5200 	EXP 	window1: mouseVisible = False
357.5365 	EXP 	window1: mouseVisible = False
357.5533 	EXP 	window1: mouseVisible = False
357.5699 	EXP 	window1: mouseVisible = False
357.5866 	EXP 	window1: mouseVisible = False
357.6029 	DATA 	Keypress: space
357.6035 	EXP 	window1: mouseVisible = False
357.7212 	EXP 	New trial (rep=7, index=0): None
357.7352 	EXP 	main_text: autoDraw = True
357.7352 	EXP 	confirm_text: autoDraw = True
357.7352 	EXP 	ratingScale: autoDraw = False
357.7352 	EXP 	main_text: autoDraw = False
357.7352 	EXP 	confirm_text: autoDraw = False
357.7352 	EXP 	text_2: autoDraw = True
357.7352 	EXP 	croix: autoDraw = True
362.7353 	EXP 	text_2: autoDraw = False
362.7353 	EXP 	croix: autoDraw = False
362.7353 	EXP 	text_2: autoDraw = False
362.7353 	EXP 	croix: autoDraw = False
362.7353 	EXP 	thermode_locali: autoDraw = True
374.7193 	EXP 	window1: mouseVisible = True
374.7202 	EXP 	Created unnamed Rect = Rect(__class__=<class 'psychopy.visual.rect.Rect'>, anchor=('center', 'center'), autoDraw=False, autoLog=True, closeShape=True, color=method-wrapper(...), colorSpace='rgb', contrast=None, depth=0, draggable=False, fillColor=array([1, 1, 1]), fillColorSpace='rgb', fillRGB=array([1, 1, 1]), interpolate=True, lineColor=array([1., 1., 1.]), lineColorSpace='rgb', lineRGB=array([1, 1, 1]), lineWidth=1.5, name='unnamed Rect', opacity=1.0, ori=0.0, pos=array([0., 0.]), size=array([0.01, 0.1 ]), units='norm', vertices=ndarray(...), win=Window(...))
374.7202 	EXP 	window1: mouseVisible = True
374.7204 	EXP 	window1: mouseVisible = True
374.7211 	EXP 	window1: mouseVisible = True
374.7222 	EXP 	window1: mouseVisible = True
374.7233 	EXP 	window1: mouseVisible = True
374.7234 	EXP 	window1: mouseVisible = True
374.7236 	EXP 	window1: mouseVisible = True
374.7241 	EXP 	window1: mouseVisible = True
374.7242 	EXP 	window1: mouseVisible = True
374.7244 	EXP 	window1: mouseVisible = True
374.7245 	EXP 	window1: mouseVisible = True
374.7247 	EXP 	window1: mouseVisible = True
374.7248 	EXP 	window1: mouseVisible = True
374.7249 	EXP 	window1: mouseVisible = True
374.7251 	EXP 	window1: mouseVisible = True
374.7252 	EXP 	window1: mouseVisible = True
374.7253 	EXP 	window1: mouseVisible = True
374.7255 	EXP 	window1: mouseVisible = True
374.7256 	EXP 	window1: mouseVisible = True
374.7257 	EXP 	window1: mouseVisible = True
374.7259 	EXP 	window1: mouseVisible = True
374.7260 	EXP 	window1: mouseVisible = True
374.7261 	EXP 	window1: mouseVisible = True
374.7262 	EXP 	window1: mouseVisible = True
374.7264 	EXP 	window1: mouseVisible = True
374.7265 	EXP 	window1: mouseVisible = True
374.7266 	EXP 	window1: mouseVisible = True
374.7267 	EXP 	window1: mouseVisible = True
374.7269 	EXP 	window1: mouseVisible = True
374.7270 	EXP 	window1: mouseVisible = True
374.7271 	EXP 	window1: mouseVisible = True
374.7273 	EXP 	window1: mouseVisible = True
374.7274 	EXP 	window1: mouseVisible = True
374.7275 	EXP 	window1: mouseVisible = True
374.7276 	EXP 	window1: mouseVisible = True
374.7278 	EXP 	window1: mouseVisible = True
374.7279 	EXP 	window1: mouseVisible = True
374.7280 	EXP 	window1: mouseVisible = True
374.7282 	EXP 	window1: mouseVisible = True
374.7283 	EXP 	window1: mouseVisible = True
374.7284 	EXP 	window1: mouseVisible = True
374.7285 	EXP 	window1: mouseVisible = True
374.7287 	EXP 	window1: mouseVisible = True
374.7288 	EXP 	window1: mouseVisible = True
374.7290 	EXP 	window1: mouseVisible = True
374.7291 	EXP 	window1: mouseVisible = True
374.7292 	EXP 	window1: mouseVisible = True
374.7294 	EXP 	window1: mouseVisible = True
374.7295 	EXP 	window1: mouseVisible = True
374.7296 	EXP 	window1: mouseVisible = True
374.7297 	EXP 	window1: mouseVisible = True
374.7299 	EXP 	window1: mouseVisible = True
374.7300 	EXP 	window1: mouseVisible = True
374.7302 	EXP 	window1: mouseVisible = True
374.7303 	EXP 	window1: mouseVisible = True
374.7304 	EXP 	window1: mouseVisible = True
374.7305 	EXP 	window1: mouseVisible = True
374.7307 	EXP 	window1: mouseVisible = True
374.7308 	EXP 	window1: mouseVisible = True
374.7309 	EXP 	window1: mouseVisible = True
374.7311 	EXP 	window1: mouseVisible = True
374.7312 	EXP 	window1: mouseVisible = True
374.7313 	EXP 	window1: mouseVisible = True
374.7314 	EXP 	window1: mouseVisible = True
374.7316 	EXP 	window1: mouseVisible = True
374.7317 	EXP 	window1: mouseVisible = True
374.7318 	EXP 	window1: mouseVisible = True
374.7319 	EXP 	window1: mouseVisible = True
374.7321 	EXP 	window1: mouseVisible = True
374.7322 	EXP 	window1: mouseVisible = True
374.7323 	EXP 	window1: mouseVisible = True
374.7325 	EXP 	window1: mouseVisible = True
374.7326 	EXP 	window1: mouseVisible = True
374.7327 	EXP 	window1: mouseVisible = True
374.7329 	EXP 	window1: mouseVisible = True
374.7330 	EXP 	window1: mouseVisible = True
374.7331 	EXP 	window1: mouseVisible = True
374.7333 	EXP 	window1: mouseVisible = True
374.7334 	EXP 	window1: mouseVisible = True
374.7335 	EXP 	window1: mouseVisible = True
374.7337 	EXP 	window1: mouseVisible = True
374.7338 	EXP 	window1: mouseVisible = True
374.7339 	EXP 	window1: mouseVisible = True
374.7340 	EXP 	window1: mouseVisible = True
374.7342 	EXP 	window1: mouseVisible = True
374.7343 	EXP 	window1: mouseVisible = True
374.7344 	EXP 	window1: mouseVisible = True
374.7345 	EXP 	window1: mouseVisible = True
374.7347 	EXP 	window1: mouseVisible = True
374.7348 	EXP 	window1: mouseVisible = True
374.7349 	EXP 	window1: mouseVisible = True
374.7350 	EXP 	window1: mouseVisible = True
374.7352 	EXP 	window1: mouseVisible = True
374.7353 	EXP 	window1: mouseVisible = True
374.7354 	EXP 	window1: mouseVisible = True
374.7356 	EXP 	window1: mouseVisible = True
374.7357 	EXP 	window1: mouseVisible = True
374.7358 	EXP 	window1: mouseVisible = True
374.7359 	EXP 	window1: mouseVisible = True
374.7361 	EXP 	window1: mouseVisible = True
374.7362 	EXP 	window1: mouseVisible = True
374.7363 	EXP 	window1: mouseVisible = True
374.7365 	EXP 	window1: mouseVisible = True
374.7366 	EXP 	window1: mouseVisible = True
374.7387 	EXP 	Created ratingScale = RatingScale(__class__=type(...), acceptKeys=['return'], acceptPreText=UNKNOWN, acceptSize=UNKNOWN, acceptText=UNKNOWN, autoLog=True, choices=False, colorSpace='rgb', depth=0, disappear=False, flipVert=False, high=100, kwargs=UNKNOWN, labels=list(...), leftKeys=['left'], lineColor=(255, 255, 255), low=0, marker=Rect(...), markerColor=(255, 255, 255), markerExpansion=UNKNOWN, markerStart=0.5, maxTime=0.0, minTime=0.4, mouseOnly=False, name='ratingScale', noMouse=False, pos=[0.0, 0.0], precision=100, respKeys=[], rightKeys=['right'], scale=None, self=UNKNOWN, showAccept=False, showValue=False, singleClick=False, size=0.6, skipKeys=['tab'], stretch=2.0, textColor='white', textFont='Helvetica Bold', textSize=0.144, tickHeight=0, tickMarks=10.0, win=Window(...))
374.7387 	EXP 	RatingScale ratingScale: reset()
374.7407 	EXP 	window1: mouseVisible = False
374.7520 	EXP 	thermode_locali: autoDraw = False
374.7520 	EXP 	thermode_locali: autoDraw = False
374.7520 	EXP 	ratingScale: flipVert = False
374.7520 	EXP 	ratingScale: autoLog = True
374.7535 	EXP 	window1: mouseVisible = False
374.7701 	EXP 	window1: mouseVisible = False
374.7868 	EXP 	window1: mouseVisible = False
374.8035 	EXP 	window1: mouseVisible = False
374.8201 	EXP 	window1: mouseVisible = False
374.8373 	EXP 	window1: mouseVisible = False
374.8536 	EXP 	window1: mouseVisible = False
374.8701 	EXP 	window1: mouseVisible = False
374.8868 	EXP 	window1: mouseVisible = False
374.9034 	EXP 	window1: mouseVisible = False
374.9201 	EXP 	window1: mouseVisible = False
374.9368 	EXP 	window1: mouseVisible = False
374.9535 	EXP 	window1: mouseVisible = False
374.9701 	EXP 	window1: mouseVisible = False
374.9868 	EXP 	window1: mouseVisible = False
375.0036 	EXP 	window1: mouseVisible = False
375.0201 	EXP 	window1: mouseVisible = False
375.0368 	EXP 	window1: mouseVisible = False
375.0534 	EXP 	window1: mouseVisible = False
375.0701 	EXP 	window1: mouseVisible = False
375.0868 	EXP 	window1: mouseVisible = False
375.1034 	EXP 	window1: mouseVisible = False
375.1203 	EXP 	window1: mouseVisible = False
375.1368 	EXP 	window1: mouseVisible = False
375.1534 	EXP 	window1: mouseVisible = False
375.1701 	EXP 	window1: mouseVisible = False
375.1868 	EXP 	window1: mouseVisible = False
375.2034 	EXP 	window1: mouseVisible = False
375.2201 	EXP 	window1: mouseVisible = False
375.2368 	EXP 	window1: mouseVisible = False
375.2534 	EXP 	window1: mouseVisible = False
375.2716 	EXP 	window1: mouseVisible = False
375.2869 	EXP 	window1: mouseVisible = False
375.3035 	EXP 	window1: mouseVisible = False
375.3201 	EXP 	window1: mouseVisible = False
375.3369 	EXP 	window1: mouseVisible = False
375.3537 	EXP 	window1: mouseVisible = False
375.3701 	EXP 	window1: mouseVisible = False
375.3868 	EXP 	window1: mouseVisible = False
375.4034 	EXP 	window1: mouseVisible = False
375.4201 	EXP 	window1: mouseVisible = False
375.4368 	EXP 	window1: mouseVisible = False
375.4534 	EXP 	window1: mouseVisible = False
375.4701 	EXP 	window1: mouseVisible = False
375.4868 	EXP 	window1: mouseVisible = False
375.5034 	EXP 	window1: mouseVisible = False
375.5197 	DATA 	Keypress: m
375.5203 	EXP 	window1: mouseVisible = False
375.5368 	EXP 	window1: mouseVisible = False
375.5534 	EXP 	window1: mouseVisible = False
375.5701 	EXP 	window1: mouseVisible = False
375.5868 	EXP 	window1: mouseVisible = False
375.6034 	EXP 	window1: mouseVisible = False
375.6201 	EXP 	window1: mouseVisible = False
375.6368 	EXP 	window1: mouseVisible = False
375.6534 	EXP 	window1: mouseVisible = False
375.6701 	EXP 	window1: mouseVisible = False
375.6870 	EXP 	window1: mouseVisible = False
375.7037 	EXP 	window1: mouseVisible = False
375.7203 	EXP 	window1: mouseVisible = False
375.7369 	EXP 	window1: mouseVisible = False
375.7534 	EXP 	window1: mouseVisible = False
375.7702 	EXP 	window1: mouseVisible = False
375.7869 	EXP 	window1: mouseVisible = False
375.8035 	EXP 	window1: mouseVisible = False
375.8202 	EXP 	window1: mouseVisible = False
375.8369 	EXP 	window1: mouseVisible = False
375.8536 	EXP 	window1: mouseVisible = False
375.8702 	EXP 	window1: mouseVisible = False
375.8868 	EXP 	window1: mouseVisible = False
375.9035 	EXP 	window1: mouseVisible = False
375.9206 	EXP 	window1: mouseVisible = False
375.9369 	EXP 	window1: mouseVisible = False
375.9535 	EXP 	window1: mouseVisible = False
375.9702 	EXP 	window1: mouseVisible = False
375.9869 	EXP 	window1: mouseVisible = False
376.0036 	EXP 	window1: mouseVisible = False
376.0202 	EXP 	window1: mouseVisible = False
376.0370 	EXP 	window1: mouseVisible = False
376.0536 	EXP 	window1: mouseVisible = False
376.0702 	EXP 	window1: mouseVisible = False
376.0869 	EXP 	window1: mouseVisible = False
376.1035 	EXP 	window1: mouseVisible = False
376.1203 	EXP 	window1: mouseVisible = False
376.1374 	DATA 	Keypress: space
376.2385 	EXP 	New trial (rep=8, index=0): None
376.2521 	EXP 	main_text: autoDraw = True
376.2521 	EXP 	confirm_text: autoDraw = True
376.2521 	EXP 	ratingScale: autoDraw = False
376.2521 	EXP 	main_text: autoDraw = False
376.2521 	EXP 	confirm_text: autoDraw = False
376.2521 	EXP 	text_2: autoDraw = True
376.2521 	EXP 	croix: autoDraw = True
381.2521 	EXP 	text_2: autoDraw = False
381.2521 	EXP 	croix: autoDraw = False
381.2521 	EXP 	text_2: autoDraw = False
381.2521 	EXP 	croix: autoDraw = False
381.2521 	EXP 	thermode_locali: autoDraw = True
393.2360 	EXP 	window1: mouseVisible = True
393.2368 	EXP 	Created unnamed Rect = Rect(__class__=<class 'psychopy.visual.rect.Rect'>, anchor=('center', 'center'), autoDraw=False, autoLog=True, closeShape=True, color=method-wrapper(...), colorSpace='rgb', contrast=None, depth=0, draggable=False, fillColor=array([1, 1, 1]), fillColorSpace='rgb', fillRGB=array([1, 1, 1]), interpolate=True, lineColor=array([1., 1., 1.]), lineColorSpace='rgb', lineRGB=array([1, 1, 1]), lineWidth=1.5, name='unnamed Rect', opacity=1.0, ori=0.0, pos=array([0., 0.]), size=array([0.01, 0.1 ]), units='norm', vertices=ndarray(...), win=Window(...))
393.2369 	EXP 	window1: mouseVisible = True
393.2370 	EXP 	window1: mouseVisible = True
393.2375 	EXP 	window1: mouseVisible = True
393.2386 	EXP 	window1: mouseVisible = True
393.2398 	EXP 	window1: mouseVisible = True
393.2399 	EXP 	window1: mouseVisible = True
393.2401 	EXP 	window1: mouseVisible = True
393.2402 	EXP 	window1: mouseVisible = True
393.2404 	EXP 	window1: mouseVisible = True
393.2405 	EXP 	window1: mouseVisible = True
393.2406 	EXP 	window1: mouseVisible = True
393.2408 	EXP 	window1: mouseVisible = True
393.2409 	EXP 	window1: mouseVisible = True
393.2410 	EXP 	window1: mouseVisible = True
393.2412 	EXP 	window1: mouseVisible = True
393.2413 	EXP 	window1: mouseVisible = True
393.2414 	EXP 	window1: mouseVisible = True
393.2416 	EXP 	window1: mouseVisible = True
393.2417 	EXP 	window1: mouseVisible = True
393.2418 	EXP 	window1: mouseVisible = True
393.2420 	EXP 	window1: mouseVisible = True
393.2421 	EXP 	window1: mouseVisible = True
393.2422 	EXP 	window1: mouseVisible = True
393.2423 	EXP 	window1: mouseVisible = True
393.2425 	EXP 	window1: mouseVisible = True
393.2427 	EXP 	window1: mouseVisible = True
393.2428 	EXP 	window1: mouseVisible = True
393.2429 	EXP 	window1: mouseVisible = True
393.2430 	EXP 	window1: mouseVisible = True
393.2432 	EXP 	window1: mouseVisible = True
393.2435 	EXP 	window1: mouseVisible = True
393.2438 	EXP 	window1: mouseVisible = True
393.2440 	EXP 	window1: mouseVisible = True
393.2441 	EXP 	window1: mouseVisible = True
393.2442 	EXP 	window1: mouseVisible = True
393.2444 	EXP 	window1: mouseVisible = True
393.2445 	EXP 	window1: mouseVisible = True
393.2447 	EXP 	window1: mouseVisible = True
393.2448 	EXP 	window1: mouseVisible = True
393.2449 	EXP 	window1: mouseVisible = True
393.2451 	EXP 	window1: mouseVisible = True
393.2452 	EXP 	window1: mouseVisible = True
393.2453 	EXP 	window1: mouseVisible = True
393.2455 	EXP 	window1: mouseVisible = True
393.2456 	EXP 	window1: mouseVisible = True
393.2457 	EXP 	window1: mouseVisible = True
393.2459 	EXP 	window1: mouseVisible = True
393.2460 	EXP 	window1: mouseVisible = True
393.2461 	EXP 	window1: mouseVisible = True
393.2462 	EXP 	window1: mouseVisible = True
393.2464 	EXP 	window1: mouseVisible = True
393.2465 	EXP 	window1: mouseVisible = True
393.2466 	EXP 	window1: mouseVisible = True
393.2467 	EXP 	window1: mouseVisible = True
393.2469 	EXP 	window1: mouseVisible = True
393.2470 	EXP 	window1: mouseVisible = True
393.2471 	EXP 	window1: mouseVisible = True
393.2473 	EXP 	window1: mouseVisible = True
393.2474 	EXP 	window1: mouseVisible = True
393.2475 	EXP 	window1: mouseVisible = True
393.2476 	EXP 	window1: mouseVisible = True
393.2478 	EXP 	window1: mouseVisible = True
393.2479 	EXP 	window1: mouseVisible = True
393.2480 	EXP 	window1: mouseVisible = True
393.2482 	EXP 	window1: mouseVisible = True
393.2483 	EXP 	window1: mouseVisible = True
393.2484 	EXP 	window1: mouseVisible = True
393.2486 	EXP 	window1: mouseVisible = True
393.2487 	EXP 	window1: mouseVisible = True
393.2488 	EXP 	window1: mouseVisible = True
393.2490 	EXP 	window1: mouseVisible = True
393.2491 	EXP 	window1: mouseVisible = True
393.2492 	EXP 	window1: mouseVisible = True
393.2494 	EXP 	window1: mouseVisible = True
393.2495 	EXP 	window1: mouseVisible = True
393.2496 	EXP 	window1: mouseVisible = True
393.2497 	EXP 	window1: mouseVisible = True
393.2499 	EXP 	window1: mouseVisible = True
393.2500 	EXP 	window1: mouseVisible = True
393.2501 	EXP 	window1: mouseVisible = True
393.2502 	EXP 	window1: mouseVisible = True
393.2504 	EXP 	window1: mouseVisible = True
393.2505 	EXP 	window1: mouseVisible = True
393.2506 	EXP 	window1: mouseVisible = True
393.2508 	EXP 	window1: mouseVisible = True
393.2509 	EXP 	window1: mouseVisible = True
393.2510 	EXP 	window1: mouseVisible = True
393.2511 	EXP 	window1: mouseVisible = True
393.2513 	EXP 	window1: mouseVisible = True
393.2514 	EXP 	window1: mouseVisible = True
393.2515 	EXP 	window1: mouseVisible = True
393.2516 	EXP 	window1: mouseVisible = True
393.2518 	EXP 	window1: mouseVisible = True
393.2519 	EXP 	window1: mouseVisible = True
393.2520 	EXP 	window1: mouseVisible = True
393.2522 	EXP 	window1: mouseVisible = True
393.2523 	EXP 	window1: mouseVisible = True
393.2524 	EXP 	window1: mouseVisible = True
393.2526 	EXP 	window1: mouseVisible = True
393.2527 	EXP 	window1: mouseVisible = True
393.2528 	EXP 	window1: mouseVisible = True
393.2530 	EXP 	window1: mouseVisible = True
393.2531 	EXP 	window1: mouseVisible = True
393.2532 	EXP 	window1: mouseVisible = True
393.2553 	EXP 	Created ratingScale = RatingScale(__class__=type(...), acceptKeys=['return'], acceptPreText=UNKNOWN, acceptSize=UNKNOWN, acceptText=UNKNOWN, autoLog=True, choices=False, colorSpace='rgb', depth=0, disappear=False, flipVert=False, high=100, kwargs=UNKNOWN, labels=list(...), leftKeys=['left'], lineColor=(255, 255, 255), low=0, marker=Rect(...), markerColor=(255, 255, 255), markerExpansion=UNKNOWN, markerStart=0.5, maxTime=0.0, minTime=0.4, mouseOnly=False, name='ratingScale', noMouse=False, pos=[0.0, 0.0], precision=100, respKeys=[], rightKeys=['right'], scale=None, self=UNKNOWN, showAccept=False, showValue=False, singleClick=False, size=0.6, skipKeys=['tab'], stretch=2.0, textColor='white', textFont='Helvetica Bold', textSize=0.144, tickHeight=0, tickMarks=10.0, win=Window(...))
393.2553 	EXP 	RatingScale ratingScale: reset()
393.2573 	EXP 	window1: mouseVisible = False
393.2688 	EXP 	thermode_locali: autoDraw = False
393.2688 	EXP 	thermode_locali: autoDraw = False
393.2688 	EXP 	ratingScale: flipVert = False
393.2688 	EXP 	ratingScale: autoLog = True
393.2703 	EXP 	window1: mouseVisible = False
393.2870 	EXP 	window1: mouseVisible = False
393.3036 	EXP 	window1: mouseVisible = False
393.3204 	EXP 	window1: mouseVisible = False
393.3370 	EXP 	window1: mouseVisible = False
393.3536 	EXP 	window1: mouseVisible = False
393.3703 	EXP 	window1: mouseVisible = False
393.3869 	EXP 	window1: mouseVisible = False
393.4036 	EXP 	window1: mouseVisible = False
393.4203 	EXP 	window1: mouseVisible = False
393.4370 	EXP 	window1: mouseVisible = False
393.4537 	EXP 	window1: mouseVisible = False
393.4703 	EXP 	window1: mouseVisible = False
393.4871 	EXP 	window1: mouseVisible = False
393.5037 	EXP 	window1: mouseVisible = False
393.5203 	EXP 	window1: mouseVisible = False
393.5370 	EXP 	window1: mouseVisible = False
393.5536 	EXP 	window1: mouseVisible = False
393.5703 	EXP 	window1: mouseVisible = False
393.5870 	EXP 	window1: mouseVisible = False
393.6036 	EXP 	window1: mouseVisible = False
393.6203 	EXP 	window1: mouseVisible = False
393.6370 	EXP 	window1: mouseVisible = False
393.6536 	EXP 	window1: mouseVisible = False
393.6703 	EXP 	window1: mouseVisible = False
393.6870 	EXP 	window1: mouseVisible = False
393.7036 	EXP 	window1: mouseVisible = False
393.7203 	EXP 	window1: mouseVisible = False
393.7370 	EXP 	window1: mouseVisible = False
393.7536 	EXP 	window1: mouseVisible = False
393.7703 	EXP 	window1: mouseVisible = False
393.7870 	EXP 	window1: mouseVisible = False
393.8048 	EXP 	window1: mouseVisible = False
393.8205 	EXP 	window1: mouseVisible = False
393.8371 	EXP 	window1: mouseVisible = False
393.8537 	EXP 	window1: mouseVisible = False
393.8703 	EXP 	window1: mouseVisible = False
393.8870 	EXP 	window1: mouseVisible = False
393.9037 	EXP 	window1: mouseVisible = False
393.9203 	EXP 	window1: mouseVisible = False
393.9370 	EXP 	window1: mouseVisible = False
393.9537 	EXP 	window1: mouseVisible = False
393.9703 	EXP 	window1: mouseVisible = False
393.9869 	EXP 	window1: mouseVisible = False
394.0037 	EXP 	window1: mouseVisible = False
394.0203 	EXP 	window1: mouseVisible = False
394.0370 	EXP 	window1: mouseVisible = False
394.0538 	EXP 	window1: mouseVisible = False
394.0703 	EXP 	window1: mouseVisible = False
394.0870 	EXP 	window1: mouseVisible = False
394.1037 	EXP 	window1: mouseVisible = False
394.1203 	EXP 	window1: mouseVisible = False
394.1370 	EXP 	window1: mouseVisible = False
394.1538 	EXP 	window1: mouseVisible = False
394.1704 	EXP 	window1: mouseVisible = False
394.1871 	EXP 	window1: mouseVisible = False
394.2038 	EXP 	window1: mouseVisible = False
394.2203 	EXP 	window1: mouseVisible = False
394.2370 	EXP 	window1: mouseVisible = False
394.2536 	EXP 	window1: mouseVisible = False
394.2704 	EXP 	window1: mouseVisible = False
394.2870 	EXP 	window1: mouseVisible = False
394.3036 	EXP 	window1: mouseVisible = False
394.3203 	EXP 	window1: mouseVisible = False
394.3370 	EXP 	window1: mouseVisible = False
394.3536 	EXP 	window1: mouseVisible = False
394.3704 	EXP 	window1: mouseVisible = False
394.3870 	EXP 	window1: mouseVisible = False
394.4032 	DATA 	Keypress: n
394.4038 	EXP 	window1: mouseVisible = False
394.4203 	EXP 	window1: mouseVisible = False
394.4370 	EXP 	window1: mouseVisible = False
394.4536 	EXP 	window1: mouseVisible = False
394.4703 	EXP 	window1: mouseVisible = False
394.4869 	EXP 	window1: mouseVisible = False
394.5037 	EXP 	window1: mouseVisible = False
394.5203 	EXP 	window1: mouseVisible = False
394.5371 	EXP 	window1: mouseVisible = False
394.5536 	EXP 	window1: mouseVisible = False
394.5705 	EXP 	window1: mouseVisible = False
394.5870 	EXP 	window1: mouseVisible = False
394.6036 	EXP 	window1: mouseVisible = False
394.6203 	EXP 	window1: mouseVisible = False
394.6370 	EXP 	window1: mouseVisible = False
394.6536 	EXP 	window1: mouseVisible = False
394.6703 	EXP 	window1: mouseVisible = False
394.6869 	EXP 	window1: mouseVisible = False
394.7037 	EXP 	window1: mouseVisible = False
394.7203 	EXP 	window1: mouseVisible = False
394.7370 	EXP 	window1: mouseVisible = False
394.7537 	EXP 	window1: mouseVisible = False
394.7703 	EXP 	window1: mouseVisible = False
394.7870 	EXP 	window1: mouseVisible = False
394.8037 	EXP 	window1: mouseVisible = False
394.8207 	EXP 	window1: mouseVisible = False
394.8371 	EXP 	window1: mouseVisible = False
394.8537 	EXP 	window1: mouseVisible = False
394.8704 	EXP 	window1: mouseVisible = False
394.8870 	EXP 	window1: mouseVisible = False
394.9039 	EXP 	window1: mouseVisible = False
394.9206 	EXP 	window1: mouseVisible = False
394.9370 	EXP 	window1: mouseVisible = False
394.9536 	EXP 	window1: mouseVisible = False
394.9703 	EXP 	window1: mouseVisible = False
394.9876 	DATA 	Keypress: space
395.0882 	EXP 	New trial (rep=9, index=0): None
395.1022 	EXP 	main_text: autoDraw = True
395.1022 	EXP 	confirm_text: autoDraw = True
395.1022 	EXP 	ratingScale: autoDraw = False
395.1022 	EXP 	main_text: autoDraw = False
395.1022 	EXP 	confirm_text: autoDraw = False
395.1022 	EXP 	text_2: autoDraw = True
395.1022 	EXP 	croix: autoDraw = True
400.1024 	EXP 	text_2: autoDraw = False
400.1024 	EXP 	croix: autoDraw = False
400.1024 	EXP 	text_2: autoDraw = False
400.1024 	EXP 	croix: autoDraw = False
400.1024 	EXP 	thermode_locali: autoDraw = True
412.0863 	EXP 	window1: mouseVisible = True
412.0872 	EXP 	Created unnamed Rect = Rect(__class__=<class 'psychopy.visual.rect.Rect'>, anchor=('center', 'center'), autoDraw=False, autoLog=True, closeShape=True, color=method-wrapper(...), colorSpace='rgb', contrast=None, depth=0, draggable=False, fillColor=array([1, 1, 1]), fillColorSpace='rgb', fillRGB=array([1, 1, 1]), interpolate=True, lineColor=array([1., 1., 1.]), lineColorSpace='rgb', lineRGB=array([1, 1, 1]), lineWidth=1.5, name='unnamed Rect', opacity=1.0, ori=0.0, pos=array([0., 0.]), size=array([0.01, 0.1 ]), units='norm', vertices=ndarray(...), win=Window(...))
412.0872 	EXP 	window1: mouseVisible = True
412.0874 	EXP 	window1: mouseVisible = True
412.0878 	EXP 	window1: mouseVisible = True
412.0890 	EXP 	window1: mouseVisible = True
412.0901 	EXP 	window1: mouseVisible = True
412.0903 	EXP 	window1: mouseVisible = True
412.0905 	EXP 	window1: mouseVisible = True
412.0906 	EXP 	window1: mouseVisible = True
412.0907 	EXP 	window1: mouseVisible = True
412.0909 	EXP 	window1: mouseVisible = True
412.0910 	EXP 	window1: mouseVisible = True
412.0911 	EXP 	window1: mouseVisible = True
412.0913 	EXP 	window1: mouseVisible = True
412.0915 	EXP 	window1: mouseVisible = True
412.0916 	EXP 	window1: mouseVisible = True
412.0918 	EXP 	window1: mouseVisible = True
412.0920 	EXP 	window1: mouseVisible = True
412.0921 	EXP 	window1: mouseVisible = True
412.0922 	EXP 	window1: mouseVisible = True
412.0924 	EXP 	window1: mouseVisible = True
412.0925 	EXP 	window1: mouseVisible = True
412.0926 	EXP 	window1: mouseVisible = True
412.0927 	EXP 	window1: mouseVisible = True
412.0929 	EXP 	window1: mouseVisible = True
412.0930 	EXP 	window1: mouseVisible = True
412.0931 	EXP 	window1: mouseVisible = True
412.0933 	EXP 	window1: mouseVisible = True
412.0934 	EXP 	window1: mouseVisible = True
412.0936 	EXP 	window1: mouseVisible = True
412.0937 	EXP 	window1: mouseVisible = True
412.0939 	EXP 	window1: mouseVisible = True
412.0940 	EXP 	window1: mouseVisible = True
412.0941 	EXP 	window1: mouseVisible = True
412.0943 	EXP 	window1: mouseVisible = True
412.0944 	EXP 	window1: mouseVisible = True
412.0945 	EXP 	window1: mouseVisible = True
412.0947 	EXP 	window1: mouseVisible = True
412.0948 	EXP 	window1: mouseVisible = True
412.0949 	EXP 	window1: mouseVisible = True
412.0950 	EXP 	window1: mouseVisible = True
412.0952 	EXP 	window1: mouseVisible = True
412.0953 	EXP 	window1: mouseVisible = True
412.0954 	EXP 	window1: mouseVisible = True
412.0956 	EXP 	window1: mouseVisible = True
412.0957 	EXP 	window1: mouseVisible = True
412.0958 	EXP 	window1: mouseVisible = True
412.0959 	EXP 	window1: mouseVisible = True
412.0961 	EXP 	window1: mouseVisible = True
412.0962 	EXP 	window1: mouseVisible = True
412.0963 	EXP 	window1: mouseVisible = True
412.0965 	EXP 	window1: mouseVisible = True
412.0966 	EXP 	window1: mouseVisible = True
412.0967 	EXP 	window1: mouseVisible = True
412.0968 	EXP 	window1: mouseVisible = True
412.0970 	EXP 	window1: mouseVisible = True
412.0971 	EXP 	window1: mouseVisible = True
412.0972 	EXP 	window1: mouseVisible = True
412.0973 	EXP 	window1: mouseVisible = True
412.0975 	EXP 	window1: mouseVisible = True
412.0976 	EXP 	window1: mouseVisible = True
412.0978 	EXP 	window1: mouseVisible = True
412.0979 	EXP 	window1: mouseVisible = True
412.0980 	EXP 	window1: mouseVisible = True
412.0982 	EXP 	window1: mouseVisible = True
412.0983 	EXP 	window1: mouseVisible = True
412.0984 	EXP 	window1: mouseVisible = True
412.0985 	EXP 	window1: mouseVisible = True
412.0987 	EXP 	window1: mouseVisible = True
412.0988 	EXP 	window1: mouseVisible = True
412.0989 	EXP 	window1: mouseVisible = True
412.0991 	EXP 	window1: mouseVisible = True
412.0992 	EXP 	window1: mouseVisible = True
412.0993 	EXP 	window1: mouseVisible = True
412.0994 	EXP 	window1: mouseVisible = True
412.0996 	EXP 	window1: mouseVisible = True
412.0997 	EXP 	window1: mouseVisible = True
412.0998 	EXP 	window1: mouseVisible = True
412.1000 	EXP 	window1: mouseVisible = True
412.1001 	EXP 	window1: mouseVisible = True
412.1002 	EXP 	window1: mouseVisible = True
412.1003 	EXP 	window1: mouseVisible = True
412.1005 	EXP 	window1: mouseVisible = True
412.1006 	EXP 	window1: mouseVisible = True
412.1007 	EXP 	window1: mouseVisible = True
412.1008 	EXP 	window1: mouseVisible = True
412.1010 	EXP 	window1: mouseVisible = True
412.1011 	EXP 	window1: mouseVisible = True
412.1012 	EXP 	window1: mouseVisible = True
412.1014 	EXP 	window1: mouseVisible = True
412.1015 	EXP 	window1: mouseVisible = True
412.1016 	EXP 	window1: mouseVisible = True
412.1018 	EXP 	window1: mouseVisible = True
412.1019 	EXP 	window1: mouseVisible = True
412.1020 	EXP 	window1: mouseVisible = True
412.1022 	EXP 	window1: mouseVisible = True
412.1023 	EXP 	window1: mouseVisible = True
412.1024 	EXP 	window1: mouseVisible = True
412.1025 	EXP 	window1: mouseVisible = True
412.1027 	EXP 	window1: mouseVisible = True
412.1028 	EXP 	window1: mouseVisible = True
412.1029 	EXP 	window1: mouseVisible = True
412.1032 	EXP 	window1: mouseVisible = True
412.1037 	EXP 	window1: mouseVisible = True
412.1040 	EXP 	window1: mouseVisible = True
412.1061 	EXP 	Created ratingScale = RatingScale(__class__=type(...), acceptKeys=['return'], acceptPreText=UNKNOWN, acceptSize=UNKNOWN, acceptText=UNKNOWN, autoLog=True, choices=False, colorSpace='rgb', depth=0, disappear=False, flipVert=False, high=100, kwargs=UNKNOWN, labels=list(...), leftKeys=['left'], lineColor=(255, 255, 255), low=0, marker=Rect(...), markerColor=(255, 255, 255), markerExpansion=UNKNOWN, markerStart=0.5, maxTime=0.0, minTime=0.4, mouseOnly=False, name='ratingScale', noMouse=False, pos=[0.0, 0.0], precision=100, respKeys=[], rightKeys=['right'], scale=None, self=UNKNOWN, showAccept=False, showValue=False, singleClick=False, size=0.6, skipKeys=['tab'], stretch=2.0, textColor='white', textFont='Helvetica Bold', textSize=0.144, tickHeight=0, tickMarks=10.0, win=Window(...))
412.1061 	EXP 	RatingScale ratingScale: reset()
412.1082 	EXP 	window1: mouseVisible = False
412.1191 	EXP 	thermode_locali: autoDraw = False
412.1191 	EXP 	thermode_locali: autoDraw = False
412.1191 	EXP 	ratingScale: flipVert = False
412.1191 	EXP 	ratingScale: autoLog = True
412.1207 	EXP 	window1: mouseVisible = False
412.1373 	EXP 	window1: mouseVisible = False
412.1541 	EXP 	window1: mouseVisible = False
412.1707 	EXP 	window1: mouseVisible = False
412.1873 	EXP 	window1: mouseVisible = False
412.2042 	EXP 	window1: mouseVisible = False
412.2207 	EXP 	window1: mouseVisible = False
412.2372 	EXP 	window1: mouseVisible = False
412.2539 	EXP 	window1: mouseVisible = False
412.2706 	EXP 	window1: mouseVisible = False
412.2873 	EXP 	window1: mouseVisible = False
412.3041 	EXP 	window1: mouseVisible = False
412.3206 	EXP 	window1: mouseVisible = False
412.3373 	EXP 	window1: mouseVisible = False
412.3540 	EXP 	window1: mouseVisible = False
412.3706 	EXP 	window1: mouseVisible = False
412.3873 	EXP 	window1: mouseVisible = False
412.4040 	EXP 	window1: mouseVisible = False
412.4206 	EXP 	window1: mouseVisible = False
412.4373 	EXP 	window1: mouseVisible = False
412.4539 	EXP 	window1: mouseVisible = False
412.4706 	EXP 	window1: mouseVisible = False
412.4873 	EXP 	window1: mouseVisible = False
412.5040 	EXP 	window1: mouseVisible = False
412.5206 	EXP 	window1: mouseVisible = False
412.5372 	EXP 	window1: mouseVisible = False
412.5541 	EXP 	window1: mouseVisible = False
412.5707 	EXP 	window1: mouseVisible = False
412.5872 	EXP 	window1: mouseVisible = False
412.6040 	EXP 	window1: mouseVisible = False
412.6206 	EXP 	window1: mouseVisible = False
412.6373 	EXP 	window1: mouseVisible = False
412.6549 	EXP 	window1: mouseVisible = False
412.6706 	EXP 	window1: mouseVisible = False
412.6874 	EXP 	window1: mouseVisible = False
412.7041 	EXP 	window1: mouseVisible = False
412.7206 	EXP 	window1: mouseVisible = False
412.7373 	EXP 	window1: mouseVisible = False
412.7540 	EXP 	window1: mouseVisible = False
412.7706 	EXP 	window1: mouseVisible = False
412.7872 	EXP 	window1: mouseVisible = False
412.8040 	EXP 	window1: mouseVisible = False
412.8206 	EXP 	window1: mouseVisible = False
412.8373 	EXP 	window1: mouseVisible = False
412.8540 	EXP 	window1: mouseVisible = False
412.8706 	EXP 	window1: mouseVisible = False
412.8873 	EXP 	window1: mouseVisible = False
412.9040 	EXP 	window1: mouseVisible = False
412.9207 	EXP 	window1: mouseVisible = False
412.9372 	EXP 	window1: mouseVisible = False
412.9539 	EXP 	window1: mouseVisible = False
412.9706 	EXP 	window1: mouseVisible = False
412.9872 	EXP 	window1: mouseVisible = False
413.0040 	EXP 	window1: mouseVisible = False
413.0206 	EXP 	window1: mouseVisible = False
413.0373 	EXP 	window1: mouseVisible = False
413.0540 	EXP 	window1: mouseVisible = False
413.0706 	EXP 	window1: mouseVisible = False
413.0873 	EXP 	window1: mouseVisible = False
413.1041 	EXP 	window1: mouseVisible = False
413.1206 	EXP 	window1: mouseVisible = False
413.1373 	EXP 	window1: mouseVisible = False
413.1540 	EXP 	window1: mouseVisible = False
413.1706 	EXP 	window1: mouseVisible = False
413.1874 	EXP 	window1: mouseVisible = False
413.2040 	EXP 	window1: mouseVisible = False
413.2208 	EXP 	window1: mouseVisible = False
413.2372 	EXP 	window1: mouseVisible = False
413.2539 	EXP 	window1: mouseVisible = False
413.2706 	EXP 	window1: mouseVisible = False
413.2873 	EXP 	window1: mouseVisible = False
413.3040 	EXP 	window1: mouseVisible = False
413.3206 	EXP 	window1: mouseVisible = False
413.3373 	EXP 	window1: mouseVisible = False
413.3539 	EXP 	window1: mouseVisible = False
413.3706 	EXP 	window1: mouseVisible = False
413.3873 	EXP 	window1: mouseVisible = False
413.4039 	EXP 	window1: mouseVisible = False
413.4206 	EXP 	window1: mouseVisible = False
413.4373 	EXP 	window1: mouseVisible = False
413.4539 	EXP 	window1: mouseVisible = False
413.4706 	EXP 	window1: mouseVisible = False
413.4873 	EXP 	window1: mouseVisible = False
413.5039 	EXP 	window1: mouseVisible = False
413.5206 	EXP 	window1: mouseVisible = False
413.5372 	EXP 	window1: mouseVisible = False
413.5536 	DATA 	Keypress: n
413.5541 	EXP 	window1: mouseVisible = False
413.5706 	EXP 	window1: mouseVisible = False
413.5873 	EXP 	window1: mouseVisible = False
413.6040 	EXP 	window1: mouseVisible = False
413.6206 	EXP 	window1: mouseVisible = False
413.6375 	EXP 	window1: mouseVisible = False
413.6539 	EXP 	window1: mouseVisible = False
413.6715 	EXP 	window1: mouseVisible = False
413.6874 	EXP 	window1: mouseVisible = False
413.7041 	EXP 	window1: mouseVisible = False
413.7207 	EXP 	window1: mouseVisible = False
413.7376 	EXP 	window1: mouseVisible = False
413.7541 	EXP 	window1: mouseVisible = False
413.7710 	EXP 	window1: mouseVisible = False
413.7873 	EXP 	window1: mouseVisible = False
413.8041 	EXP 	window1: mouseVisible = False
413.8206 	EXP 	window1: mouseVisible = False
413.8374 	EXP 	window1: mouseVisible = False
413.8539 	EXP 	window1: mouseVisible = False
413.8708 	EXP 	window1: mouseVisible = False
413.8872 	EXP 	window1: mouseVisible = False
413.9040 	EXP 	window1: mouseVisible = False
413.9206 	EXP 	window1: mouseVisible = False
413.9372 	EXP 	window1: mouseVisible = False
413.9539 	EXP 	window1: mouseVisible = False
413.9705 	EXP 	window1: mouseVisible = False
413.9872 	EXP 	window1: mouseVisible = False
414.0038 	EXP 	window1: mouseVisible = False
414.0205 	EXP 	window1: mouseVisible = False
414.0372 	EXP 	window1: mouseVisible = False
414.0539 	EXP 	window1: mouseVisible = False
414.0706 	EXP 	window1: mouseVisible = False
414.0871 	EXP 	window1: mouseVisible = False
414.1040 	EXP 	window1: mouseVisible = False
414.1205 	EXP 	window1: mouseVisible = False
414.1373 	EXP 	window1: mouseVisible = False
414.1540 	EXP 	window1: mouseVisible = False
414.1706 	EXP 	window1: mouseVisible = False
414.1872 	EXP 	window1: mouseVisible = False
414.2039 	EXP 	window1: mouseVisible = False
414.2206 	EXP 	window1: mouseVisible = False
414.2371 	EXP 	window1: mouseVisible = False
414.2540 	EXP 	window1: mouseVisible = False
414.2705 	EXP 	window1: mouseVisible = False
414.2872 	EXP 	window1: mouseVisible = False
414.3039 	EXP 	window1: mouseVisible = False
414.3205 	EXP 	window1: mouseVisible = False
414.3372 	EXP 	window1: mouseVisible = False
414.3539 	EXP 	window1: mouseVisible = False
414.3705 	EXP 	window1: mouseVisible = False
414.3871 	EXP 	window1: mouseVisible = False
414.4039 	EXP 	window1: mouseVisible = False
414.4205 	EXP 	window1: mouseVisible = False
414.4372 	EXP 	window1: mouseVisible = False
414.4538 	EXP 	window1: mouseVisible = False
414.4706 	EXP 	window1: mouseVisible = False
414.4874 	EXP 	window1: mouseVisible = False
414.5039 	EXP 	window1: mouseVisible = False
414.5205 	EXP 	window1: mouseVisible = False
414.5372 	EXP 	window1: mouseVisible = False
414.5539 	EXP 	window1: mouseVisible = False
414.5705 	EXP 	window1: mouseVisible = False
414.5872 	EXP 	window1: mouseVisible = False
414.6040 	EXP 	window1: mouseVisible = False
414.6206 	EXP 	window1: mouseVisible = False
414.6372 	EXP 	window1: mouseVisible = False
414.6539 	EXP 	window1: mouseVisible = False
414.6705 	EXP 	window1: mouseVisible = False
414.6872 	EXP 	window1: mouseVisible = False
414.7038 	EXP 	window1: mouseVisible = False
414.7206 	EXP 	window1: mouseVisible = False
414.7372 	EXP 	window1: mouseVisible = False
414.7539 	EXP 	window1: mouseVisible = False
414.7706 	EXP 	window1: mouseVisible = False
414.7875 	EXP 	window1: mouseVisible = False
414.8040 	EXP 	window1: mouseVisible = False
414.8207 	EXP 	window1: mouseVisible = False
414.8373 	EXP 	window1: mouseVisible = False
414.8542 	EXP 	window1: mouseVisible = False
414.8706 	EXP 	window1: mouseVisible = False
414.8873 	EXP 	window1: mouseVisible = False
414.9040 	EXP 	window1: mouseVisible = False
414.9229 	EXP 	window1: mouseVisible = False
414.9373 	EXP 	window1: mouseVisible = False
414.9539 	EXP 	window1: mouseVisible = False
414.9705 	EXP 	window1: mouseVisible = False
414.9872 	EXP 	window1: mouseVisible = False
415.0039 	EXP 	window1: mouseVisible = False
415.0206 	EXP 	window1: mouseVisible = False
415.0372 	EXP 	window1: mouseVisible = False
415.0539 	EXP 	window1: mouseVisible = False
415.0705 	EXP 	window1: mouseVisible = False
415.0873 	EXP 	window1: mouseVisible = False
415.1039 	EXP 	window1: mouseVisible = False
415.1206 	EXP 	window1: mouseVisible = False
415.1372 	EXP 	window1: mouseVisible = False
415.1539 	EXP 	window1: mouseVisible = False
415.1705 	EXP 	window1: mouseVisible = False
415.1875 	EXP 	window1: mouseVisible = False
415.2039 	EXP 	window1: mouseVisible = False
415.2207 	EXP 	window1: mouseVisible = False
415.2372 	EXP 	window1: mouseVisible = False
415.2539 	EXP 	window1: mouseVisible = False
415.2705 	EXP 	window1: mouseVisible = False
415.2872 	EXP 	window1: mouseVisible = False
415.3039 	EXP 	window1: mouseVisible = False
415.3205 	EXP 	window1: mouseVisible = False
415.3372 	EXP 	window1: mouseVisible = False
415.3538 	EXP 	window1: mouseVisible = False
415.3705 	EXP 	window1: mouseVisible = False
415.3872 	EXP 	window1: mouseVisible = False
415.4038 	EXP 	window1: mouseVisible = False
415.4205 	EXP 	window1: mouseVisible = False
415.4368 	DATA 	Keypress: n
415.4373 	EXP 	window1: mouseVisible = False
415.4539 	EXP 	window1: mouseVisible = False
415.4705 	EXP 	window1: mouseVisible = False
415.4872 	EXP 	window1: mouseVisible = False
415.5039 	EXP 	window1: mouseVisible = False
415.5205 	EXP 	window1: mouseVisible = False
415.5372 	EXP 	window1: mouseVisible = False
415.5539 	EXP 	window1: mouseVisible = False
415.5705 	EXP 	window1: mouseVisible = False
415.5873 	EXP 	window1: mouseVisible = False
415.6039 	EXP 	window1: mouseVisible = False
415.6206 	EXP 	window1: mouseVisible = False
415.6372 	EXP 	window1: mouseVisible = False
415.6539 	EXP 	window1: mouseVisible = False
415.6705 	EXP 	window1: mouseVisible = False
415.6868 	DATA 	Keypress: n
415.6874 	EXP 	window1: mouseVisible = False
415.7038 	EXP 	window1: mouseVisible = False
415.7206 	EXP 	window1: mouseVisible = False
415.7372 	EXP 	window1: mouseVisible = False
415.7540 	EXP 	window1: mouseVisible = False
415.7706 	EXP 	window1: mouseVisible = False
415.7872 	EXP 	window1: mouseVisible = False
415.8039 	EXP 	window1: mouseVisible = False
415.8206 	EXP 	window1: mouseVisible = False
415.8372 	EXP 	window1: mouseVisible = False
415.8539 	EXP 	window1: mouseVisible = False
415.8706 	EXP 	window1: mouseVisible = False
415.8872 	EXP 	window1: mouseVisible = False
415.9039 	EXP 	window1: mouseVisible = False
415.9207 	EXP 	window1: mouseVisible = False
415.9372 	EXP 	window1: mouseVisible = False
415.9540 	EXP 	window1: mouseVisible = False
415.9706 	EXP 	window1: mouseVisible = False
415.9872 	EXP 	window1: mouseVisible = False
416.0039 	EXP 	window1: mouseVisible = False
416.0206 	EXP 	window1: mouseVisible = False
416.0372 	EXP 	window1: mouseVisible = False
416.0539 	EXP 	window1: mouseVisible = False
416.0706 	EXP 	window1: mouseVisible = False
416.0872 	EXP 	window1: mouseVisible = False
416.1038 	EXP 	window1: mouseVisible = False
416.1206 	EXP 	window1: mouseVisible = False
416.1372 	EXP 	window1: mouseVisible = False
416.1539 	EXP 	window1: mouseVisible = False
416.1706 	EXP 	window1: mouseVisible = False
416.1872 	EXP 	window1: mouseVisible = False
416.2039 	EXP 	window1: mouseVisible = False
416.2206 	EXP 	window1: mouseVisible = False
416.2372 	EXP 	window1: mouseVisible = False
416.2539 	EXP 	window1: mouseVisible = False
416.2705 	EXP 	window1: mouseVisible = False
416.2872 	EXP 	window1: mouseVisible = False
416.3038 	EXP 	window1: mouseVisible = False
416.3206 	EXP 	window1: mouseVisible = False
416.3376 	EXP 	window1: mouseVisible = False
416.3539 	EXP 	window1: mouseVisible = False
416.3702 	DATA 	Keypress: n
416.3707 	EXP 	window1: mouseVisible = False
416.3872 	EXP 	window1: mouseVisible = False
416.4039 	EXP 	window1: mouseVisible = False
416.4206 	EXP 	window1: mouseVisible = False
416.4372 	EXP 	window1: mouseVisible = False
416.4539 	EXP 	window1: mouseVisible = False
416.4706 	EXP 	window1: mouseVisible = False
416.4873 	EXP 	window1: mouseVisible = False
416.5039 	EXP 	window1: mouseVisible = False
416.5206 	EXP 	window1: mouseVisible = False
416.5372 	EXP 	window1: mouseVisible = False
416.5539 	EXP 	window1: mouseVisible = False
416.5705 	EXP 	window1: mouseVisible = False
416.5872 	EXP 	window1: mouseVisible = False
416.6039 	EXP 	window1: mouseVisible = False
416.6206 	EXP 	window1: mouseVisible = False
416.6372 	EXP 	window1: mouseVisible = False
416.6539 	EXP 	window1: mouseVisible = False
416.6706 	EXP 	window1: mouseVisible = False
416.6872 	EXP 	window1: mouseVisible = False
416.7039 	EXP 	window1: mouseVisible = False
416.7205 	EXP 	window1: mouseVisible = False
416.7373 	DATA 	Keypress: space
416.8382 	EXP 	New trial (rep=10, index=0): None
416.8525 	EXP 	main_text: autoDraw = True
416.8525 	EXP 	confirm_text: autoDraw = True
416.8525 	EXP 	ratingScale: autoDraw = False
416.8525 	EXP 	main_text: autoDraw = False
416.8525 	EXP 	confirm_text: autoDraw = False
416.8525 	EXP 	text_2: autoDraw = True
416.8525 	EXP 	croix: autoDraw = True
421.8525 	EXP 	text_2: autoDraw = False
421.8525 	EXP 	croix: autoDraw = False
421.8525 	EXP 	text_2: autoDraw = False
421.8525 	EXP 	croix: autoDraw = False
421.8525 	EXP 	thermode_locali: autoDraw = True
433.8366 	EXP 	window1: mouseVisible = True
433.8375 	EXP 	Created unnamed Rect = Rect(__class__=<class 'psychopy.visual.rect.Rect'>, anchor=('center', 'center'), autoDraw=False, autoLog=True, closeShape=True, color=method-wrapper(...), colorSpace='rgb', contrast=None, depth=0, draggable=False, fillColor=array([1, 1, 1]), fillColorSpace='rgb', fillRGB=array([1, 1, 1]), interpolate=True, lineColor=array([1., 1., 1.]), lineColorSpace='rgb', lineRGB=array([1, 1, 1]), lineWidth=1.5, name='unnamed Rect', opacity=1.0, ori=0.0, pos=array([0., 0.]), size=array([0.01, 0.1 ]), units='norm', vertices=ndarray(...), win=Window(...))
433.8375 	EXP 	window1: mouseVisible = True
433.8376 	EXP 	window1: mouseVisible = True
433.8381 	EXP 	window1: mouseVisible = True
433.8392 	EXP 	window1: mouseVisible = True
433.8403 	EXP 	window1: mouseVisible = True
433.8404 	EXP 	window1: mouseVisible = True
433.8406 	EXP 	window1: mouseVisible = True
433.8407 	EXP 	window1: mouseVisible = True
433.8409 	EXP 	window1: mouseVisible = True
433.8410 	EXP 	window1: mouseVisible = True
433.8412 	EXP 	window1: mouseVisible = True
433.8414 	EXP 	window1: mouseVisible = True
433.8415 	EXP 	window1: mouseVisible = True
433.8417 	EXP 	window1: mouseVisible = True
433.8418 	EXP 	window1: mouseVisible = True
433.8419 	EXP 	window1: mouseVisible = True
433.8421 	EXP 	window1: mouseVisible = True
433.8422 	EXP 	window1: mouseVisible = True
433.8423 	EXP 	window1: mouseVisible = True
433.8424 	EXP 	window1: mouseVisible = True
433.8426 	EXP 	window1: mouseVisible = True
433.8427 	EXP 	window1: mouseVisible = True
433.8428 	EXP 	window1: mouseVisible = True
433.8430 	EXP 	window1: mouseVisible = True
433.8431 	EXP 	window1: mouseVisible = True
433.8432 	EXP 	window1: mouseVisible = True
433.8433 	EXP 	window1: mouseVisible = True
433.8435 	EXP 	window1: mouseVisible = True
433.8436 	EXP 	window1: mouseVisible = True
433.8437 	EXP 	window1: mouseVisible = True
433.8439 	EXP 	window1: mouseVisible = True
433.8440 	EXP 	window1: mouseVisible = True
433.8441 	EXP 	window1: mouseVisible = True
433.8442 	EXP 	window1: mouseVisible = True
433.8444 	EXP 	window1: mouseVisible = True
433.8445 	EXP 	window1: mouseVisible = True
433.8446 	EXP 	window1: mouseVisible = True
433.8449 	EXP 	window1: mouseVisible = True
433.8451 	EXP 	window1: mouseVisible = True
433.8453 	EXP 	window1: mouseVisible = True
433.8455 	EXP 	window1: mouseVisible = True
433.8457 	EXP 	window1: mouseVisible = True
433.8459 	EXP 	window1: mouseVisible = True
433.8461 	EXP 	window1: mouseVisible = True
433.8462 	EXP 	window1: mouseVisible = True
433.8465 	EXP 	window1: mouseVisible = True
433.8466 	EXP 	window1: mouseVisible = True
433.8468 	EXP 	window1: mouseVisible = True
433.8469 	EXP 	window1: mouseVisible = True
433.8470 	EXP 	window1: mouseVisible = True
433.8472 	EXP 	window1: mouseVisible = True
433.8473 	EXP 	window1: mouseVisible = True
433.8474 	EXP 	window1: mouseVisible = True
433.8475 	EXP 	window1: mouseVisible = True
433.8477 	EXP 	window1: mouseVisible = True
433.8478 	EXP 	window1: mouseVisible = True
433.8479 	EXP 	window1: mouseVisible = True
433.8481 	EXP 	window1: mouseVisible = True
433.8482 	EXP 	window1: mouseVisible = True
433.8483 	EXP 	window1: mouseVisible = True
433.8484 	EXP 	window1: mouseVisible = True
433.8486 	EXP 	window1: mouseVisible = True
433.8487 	EXP 	window1: mouseVisible = True
433.8488 	EXP 	window1: mouseVisible = True
433.8489 	EXP 	window1: mouseVisible = True
433.8491 	EXP 	window1: mouseVisible = True
433.8492 	EXP 	window1: mouseVisible = True
433.8493 	EXP 	window1: mouseVisible = True
433.8494 	EXP 	window1: mouseVisible = True
433.8496 	EXP 	window1: mouseVisible = True
433.8497 	EXP 	window1: mouseVisible = True
433.8498 	EXP 	window1: mouseVisible = True
433.8500 	EXP 	window1: mouseVisible = True
433.8501 	EXP 	window1: mouseVisible = True
433.8502 	EXP 	window1: mouseVisible = True
433.8504 	EXP 	window1: mouseVisible = True
433.8505 	EXP 	window1: mouseVisible = True
433.8506 	EXP 	window1: mouseVisible = True
433.8507 	EXP 	window1: mouseVisible = True
433.8509 	EXP 	window1: mouseVisible = True
433.8510 	EXP 	window1: mouseVisible = True
433.8511 	EXP 	window1: mouseVisible = True
433.8512 	EXP 	window1: mouseVisible = True
433.8514 	EXP 	window1: mouseVisible = True
433.8515 	EXP 	window1: mouseVisible = True
433.8516 	EXP 	window1: mouseVisible = True
433.8517 	EXP 	window1: mouseVisible = True
433.8519 	EXP 	window1: mouseVisible = True
433.8520 	EXP 	window1: mouseVisible = True
433.8521 	EXP 	window1: mouseVisible = True
433.8522 	EXP 	window1: mouseVisible = True
433.8524 	EXP 	window1: mouseVisible = True
433.8525 	EXP 	window1: mouseVisible = True
433.8526 	EXP 	window1: mouseVisible = True
433.8527 	EXP 	window1: mouseVisible = True
433.8529 	EXP 	window1: mouseVisible = True
433.8530 	EXP 	window1: mouseVisible = True
433.8531 	EXP 	window1: mouseVisible = True
433.8532 	EXP 	window1: mouseVisible = True
433.8534 	EXP 	window1: mouseVisible = True
433.8535 	EXP 	window1: mouseVisible = True
433.8536 	EXP 	window1: mouseVisible = True
433.8537 	EXP 	window1: mouseVisible = True
433.8539 	EXP 	window1: mouseVisible = True
433.8559 	EXP 	Created ratingScale = RatingScale(__class__=type(...), acceptKeys=['return'], acceptPreText=UNKNOWN, acceptSize=UNKNOWN, acceptText=UNKNOWN, autoLog=True, choices=False, colorSpace='rgb', depth=0, disappear=False, flipVert=False, high=100, kwargs=UNKNOWN, labels=list(...), leftKeys=['left'], lineColor=(255, 255, 255), low=0, marker=Rect(...), markerColor=(255, 255, 255), markerExpansion=UNKNOWN, markerStart=0.5, maxTime=0.0, minTime=0.4, mouseOnly=False, name='ratingScale', noMouse=False, pos=[0.0, 0.0], precision=100, respKeys=[], rightKeys=['right'], scale=None, self=UNKNOWN, showAccept=False, showValue=False, singleClick=False, size=0.6, skipKeys=['tab'], stretch=2.0, textColor='white', textFont='Helvetica Bold', textSize=0.144, tickHeight=0, tickMarks=10.0, win=Window(...))
433.8560 	EXP 	RatingScale ratingScale: reset()
433.8580 	EXP 	window1: mouseVisible = False
433.8694 	EXP 	thermode_locali: autoDraw = False
433.8694 	EXP 	thermode_locali: autoDraw = False
433.8694 	EXP 	ratingScale: flipVert = False
433.8694 	EXP 	ratingScale: autoLog = True
433.8709 	EXP 	window1: mouseVisible = False
433.8875 	EXP 	window1: mouseVisible = False
433.9043 	EXP 	window1: mouseVisible = False
433.9209 	EXP 	window1: mouseVisible = False
433.9379 	EXP 	window1: mouseVisible = False
433.9542 	EXP 	window1: mouseVisible = False
433.9709 	EXP 	window1: mouseVisible = False
433.9876 	EXP 	window1: mouseVisible = False
434.0042 	EXP 	window1: mouseVisible = False
434.0209 	EXP 	window1: mouseVisible = False
434.0375 	EXP 	window1: mouseVisible = False
434.0542 	EXP 	window1: mouseVisible = False
434.0708 	EXP 	window1: mouseVisible = False
434.0878 	EXP 	window1: mouseVisible = False
434.1042 	EXP 	window1: mouseVisible = False
434.1209 	EXP 	window1: mouseVisible = False
434.1376 	EXP 	window1: mouseVisible = False
434.1542 	EXP 	window1: mouseVisible = False
434.1710 	EXP 	window1: mouseVisible = False
434.1876 	EXP 	window1: mouseVisible = False
434.2042 	EXP 	window1: mouseVisible = False
434.2209 	EXP 	window1: mouseVisible = False
434.2376 	EXP 	window1: mouseVisible = False
434.2542 	EXP 	window1: mouseVisible = False
434.2710 	EXP 	window1: mouseVisible = False
434.2878 	EXP 	window1: mouseVisible = False
434.3043 	EXP 	window1: mouseVisible = False
434.3209 	EXP 	window1: mouseVisible = False
434.3376 	EXP 	window1: mouseVisible = False
434.3544 	EXP 	window1: mouseVisible = False
434.3709 	EXP 	window1: mouseVisible = False
434.3875 	EXP 	window1: mouseVisible = False
434.4043 	EXP 	window1: mouseVisible = False
434.4209 	EXP 	window1: mouseVisible = False
434.4376 	EXP 	window1: mouseVisible = False
434.4543 	EXP 	window1: mouseVisible = False
434.4705 	DATA 	Keypress: m
434.4710 	EXP 	window1: mouseVisible = False
434.4875 	EXP 	window1: mouseVisible = False
434.5044 	EXP 	window1: mouseVisible = False
434.5210 	EXP 	window1: mouseVisible = False
434.5376 	EXP 	window1: mouseVisible = False
434.5542 	EXP 	window1: mouseVisible = False
434.5709 	EXP 	window1: mouseVisible = False
434.5875 	EXP 	window1: mouseVisible = False
434.6042 	EXP 	window1: mouseVisible = False
434.6209 	EXP 	window1: mouseVisible = False
434.6376 	EXP 	window1: mouseVisible = False
434.6542 	EXP 	window1: mouseVisible = False
434.6709 	EXP 	window1: mouseVisible = False
434.6875 	EXP 	window1: mouseVisible = False
434.7042 	EXP 	window1: mouseVisible = False
434.7210 	EXP 	window1: mouseVisible = False
434.7375 	EXP 	window1: mouseVisible = False
434.7542 	EXP 	window1: mouseVisible = False
434.7709 	EXP 	window1: mouseVisible = False
434.7875 	EXP 	window1: mouseVisible = False
434.8042 	EXP 	window1: mouseVisible = False
434.8209 	EXP 	window1: mouseVisible = False
434.8378 	EXP 	window1: mouseVisible = False
434.8546 	EXP 	window1: mouseVisible = False
434.8710 	EXP 	window1: mouseVisible = False
434.8876 	EXP 	window1: mouseVisible = False
434.9042 	EXP 	window1: mouseVisible = False
434.9210 	EXP 	window1: mouseVisible = False
434.9376 	EXP 	window1: mouseVisible = False
434.9543 	EXP 	window1: mouseVisible = False
434.9710 	EXP 	window1: mouseVisible = False
434.9875 	EXP 	window1: mouseVisible = False
435.0043 	EXP 	window1: mouseVisible = False
435.0210 	EXP 	window1: mouseVisible = False
435.0376 	EXP 	window1: mouseVisible = False
435.0542 	EXP 	window1: mouseVisible = False
435.0711 	EXP 	window1: mouseVisible = False
435.0876 	EXP 	window1: mouseVisible = False
435.1043 	EXP 	window1: mouseVisible = False
435.1209 	EXP 	window1: mouseVisible = False
435.1377 	EXP 	window1: mouseVisible = False
435.1542 	EXP 	window1: mouseVisible = False
435.1709 	EXP 	window1: mouseVisible = False
435.1876 	EXP 	window1: mouseVisible = False
435.2043 	EXP 	window1: mouseVisible = False
435.2209 	EXP 	window1: mouseVisible = False
435.2376 	EXP 	window1: mouseVisible = False
435.2542 	EXP 	window1: mouseVisible = False
435.2709 	EXP 	window1: mouseVisible = False
435.2877 	EXP 	window1: mouseVisible = False
435.3044 	EXP 	window1: mouseVisible = False
435.3209 	EXP 	window1: mouseVisible = False
435.3376 	EXP 	window1: mouseVisible = False
435.3542 	EXP 	window1: mouseVisible = False
435.3709 	EXP 	window1: mouseVisible = False
435.3875 	EXP 	window1: mouseVisible = False
435.4042 	EXP 	window1: mouseVisible = False
435.4210 	EXP 	window1: mouseVisible = False
435.4377 	EXP 	window1: mouseVisible = False
435.4543 	EXP 	window1: mouseVisible = False
435.4709 	EXP 	window1: mouseVisible = False
435.4876 	EXP 	window1: mouseVisible = False
435.5043 	EXP 	window1: mouseVisible = False
435.5209 	EXP 	window1: mouseVisible = False
435.5375 	EXP 	window1: mouseVisible = False
435.5541 	EXP 	window1: mouseVisible = False
435.5709 	EXP 	window1: mouseVisible = False
435.5876 	EXP 	window1: mouseVisible = False
435.6042 	EXP 	window1: mouseVisible = False
435.6210 	EXP 	window1: mouseVisible = False
435.6376 	EXP 	window1: mouseVisible = False
435.6544 	EXP 	window1: mouseVisible = False
435.6709 	EXP 	window1: mouseVisible = False
435.6876 	EXP 	window1: mouseVisible = False
435.7044 	EXP 	window1: mouseVisible = False
435.7209 	EXP 	window1: mouseVisible = False
435.7375 	EXP 	window1: mouseVisible = False
435.7542 	EXP 	window1: mouseVisible = False
435.7709 	EXP 	window1: mouseVisible = False
435.7876 	EXP 	window1: mouseVisible = False
435.8042 	EXP 	window1: mouseVisible = False
435.8205 	DATA 	Keypress: m
435.8211 	EXP 	window1: mouseVisible = False
435.8376 	EXP 	window1: mouseVisible = False
435.8544 	EXP 	window1: mouseVisible = False
435.8709 	EXP 	window1: mouseVisible = False
435.8876 	EXP 	window1: mouseVisible = False
435.9041 	EXP 	window1: mouseVisible = False
435.9209 	EXP 	window1: mouseVisible = False
435.9376 	EXP 	window1: mouseVisible = False
435.9542 	EXP 	window1: mouseVisible = False
435.9710 	EXP 	window1: mouseVisible = False
435.9876 	EXP 	window1: mouseVisible = False
436.0042 	EXP 	window1: mouseVisible = False
436.0209 	EXP 	window1: mouseVisible = False
436.0376 	EXP 	window1: mouseVisible = False
436.0543 	EXP 	window1: mouseVisible = False
436.0709 	EXP 	window1: mouseVisible = False
436.0876 	EXP 	window1: mouseVisible = False
436.1042 	EXP 	window1: mouseVisible = False
436.1211 	EXP 	window1: mouseVisible = False
436.1376 	EXP 	window1: mouseVisible = False
436.1543 	EXP 	window1: mouseVisible = False
436.1710 	EXP 	window1: mouseVisible = False
436.1876 	EXP 	window1: mouseVisible = False
436.2044 	EXP 	window1: mouseVisible = False
436.2209 	EXP 	window1: mouseVisible = False
436.2376 	EXP 	window1: mouseVisible = False
436.2543 	EXP 	window1: mouseVisible = False
436.2709 	EXP 	window1: mouseVisible = False
436.2872 	DATA 	Keypress: m
436.2877 	EXP 	window1: mouseVisible = False
436.3043 	EXP 	window1: mouseVisible = False
436.3209 	EXP 	window1: mouseVisible = False
436.3376 	EXP 	window1: mouseVisible = False
436.3542 	EXP 	window1: mouseVisible = False
436.3709 	EXP 	window1: mouseVisible = False
436.3875 	EXP 	window1: mouseVisible = False
436.4043 	EXP 	window1: mouseVisible = False
436.4209 	EXP 	window1: mouseVisible = False
436.4376 	EXP 	window1: mouseVisible = False
436.4542 	EXP 	window1: mouseVisible = False
436.4709 	EXP 	window1: mouseVisible = False
436.4876 	EXP 	window1: mouseVisible = False
436.5042 	EXP 	window1: mouseVisible = False
436.5211 	EXP 	window1: mouseVisible = False
436.5378 	EXP 	window1: mouseVisible = False
436.5542 	EXP 	window1: mouseVisible = False
436.5709 	EXP 	window1: mouseVisible = False
436.5876 	EXP 	window1: mouseVisible = False
436.6043 	EXP 	window1: mouseVisible = False
436.6209 	EXP 	window1: mouseVisible = False
436.6376 	EXP 	window1: mouseVisible = False
436.6543 	EXP 	window1: mouseVisible = False
436.6709 	EXP 	window1: mouseVisible = False
436.6876 	EXP 	window1: mouseVisible = False
436.7042 	EXP 	window1: mouseVisible = False
436.7210 	EXP 	window1: mouseVisible = False
436.7376 	EXP 	window1: mouseVisible = False
436.7542 	EXP 	window1: mouseVisible = False
436.7709 	EXP 	window1: mouseVisible = False
436.7877 	EXP 	window1: mouseVisible = False
436.8042 	EXP 	window1: mouseVisible = False
436.8211 	EXP 	window1: mouseVisible = False
436.8377 	EXP 	window1: mouseVisible = False
436.8543 	EXP 	window1: mouseVisible = False
436.8710 	EXP 	window1: mouseVisible = False
436.8876 	EXP 	window1: mouseVisible = False
436.9038 	DATA 	Keypress: n
436.9043 	EXP 	window1: mouseVisible = False
436.9209 	EXP 	window1: mouseVisible = False
436.9376 	EXP 	window1: mouseVisible = False
436.9543 	EXP 	window1: mouseVisible = False
436.9709 	EXP 	window1: mouseVisible = False
436.9879 	EXP 	window1: mouseVisible = False
437.0043 	EXP 	window1: mouseVisible = False
437.0209 	EXP 	window1: mouseVisible = False
437.0377 	EXP 	window1: mouseVisible = False
437.0543 	EXP 	window1: mouseVisible = False
437.0709 	EXP 	window1: mouseVisible = False
437.0876 	EXP 	window1: mouseVisible = False
437.1042 	EXP 	window1: mouseVisible = False
437.1210 	EXP 	window1: mouseVisible = False
437.1377 	EXP 	window1: mouseVisible = False
437.1544 	EXP 	window1: mouseVisible = False
437.1709 	EXP 	window1: mouseVisible = False
437.1878 	EXP 	window1: mouseVisible = False
437.2043 	EXP 	window1: mouseVisible = False
437.2210 	EXP 	window1: mouseVisible = False
437.2376 	EXP 	window1: mouseVisible = False
437.2542 	EXP 	window1: mouseVisible = False
437.2709 	EXP 	window1: mouseVisible = False
437.2877 	EXP 	window1: mouseVisible = False
437.3043 	EXP 	window1: mouseVisible = False
437.3209 	EXP 	window1: mouseVisible = False
437.3376 	EXP 	window1: mouseVisible = False
437.3542 	EXP 	window1: mouseVisible = False
437.3709 	EXP 	window1: mouseVisible = False
437.3878 	EXP 	window1: mouseVisible = False
437.4043 	EXP 	window1: mouseVisible = False
437.4210 	EXP 	window1: mouseVisible = False
437.4376 	EXP 	window1: mouseVisible = False
437.4544 	EXP 	window1: mouseVisible = False
437.4709 	EXP 	window1: mouseVisible = False
437.4876 	EXP 	window1: mouseVisible = False
437.5042 	EXP 	window1: mouseVisible = False
437.5209 	EXP 	window1: mouseVisible = False
437.5378 	EXP 	window1: mouseVisible = False
437.5543 	EXP 	window1: mouseVisible = False
437.5709 	EXP 	window1: mouseVisible = False
437.5876 	EXP 	window1: mouseVisible = False
437.6042 	EXP 	window1: mouseVisible = False
437.6209 	EXP 	window1: mouseVisible = False
437.6376 	EXP 	window1: mouseVisible = False
437.6543 	EXP 	window1: mouseVisible = False
437.6709 	EXP 	window1: mouseVisible = False
437.6876 	EXP 	window1: mouseVisible = False
437.7042 	EXP 	window1: mouseVisible = False
437.7208 	EXP 	window1: mouseVisible = False
437.7375 	EXP 	window1: mouseVisible = False
437.7542 	EXP 	window1: mouseVisible = False
437.7709 	EXP 	window1: mouseVisible = False
437.7876 	EXP 	window1: mouseVisible = False
437.8043 	EXP 	window1: mouseVisible = False
437.8209 	EXP 	window1: mouseVisible = False
437.8377 	EXP 	window1: mouseVisible = False
437.8543 	EXP 	window1: mouseVisible = False
437.8711 	DATA 	Keypress: space
437.9724 	EXP 	New trial (rep=11, index=0): None
437.9861 	EXP 	main_text: autoDraw = True
437.9861 	EXP 	confirm_text: autoDraw = True
437.9861 	EXP 	ratingScale: autoDraw = False
437.9861 	EXP 	main_text: autoDraw = False
437.9861 	EXP 	confirm_text: autoDraw = False
437.9861 	EXP 	text_2: autoDraw = True
437.9861 	EXP 	croix: autoDraw = True
442.9862 	EXP 	text_2: autoDraw = False
442.9862 	EXP 	croix: autoDraw = False
442.9862 	EXP 	text_2: autoDraw = False
442.9862 	EXP 	croix: autoDraw = False
442.9862 	EXP 	thermode_locali: autoDraw = True
454.9700 	EXP 	window1: mouseVisible = True
454.9709 	EXP 	Created unnamed Rect = Rect(__class__=<class 'psychopy.visual.rect.Rect'>, anchor=('center', 'center'), autoDraw=False, autoLog=True, closeShape=True, color=method-wrapper(...), colorSpace='rgb', contrast=None, depth=0, draggable=False, fillColor=array([1, 1, 1]), fillColorSpace='rgb', fillRGB=array([1, 1, 1]), interpolate=True, lineColor=array([1., 1., 1.]), lineColorSpace='rgb', lineRGB=array([1, 1, 1]), lineWidth=1.5, name='unnamed Rect', opacity=1.0, ori=0.0, pos=array([0., 0.]), size=array([0.01, 0.1 ]), units='norm', vertices=ndarray(...), win=Window(...))
454.9709 	EXP 	window1: mouseVisible = True
454.9711 	EXP 	window1: mouseVisible = True
454.9715 	EXP 	window1: mouseVisible = True
454.9728 	EXP 	window1: mouseVisible = True
454.9738 	EXP 	window1: mouseVisible = True
454.9740 	EXP 	window1: mouseVisible = True
454.9742 	EXP 	window1: mouseVisible = True
454.9743 	EXP 	window1: mouseVisible = True
454.9744 	EXP 	window1: mouseVisible = True
454.9746 	EXP 	window1: mouseVisible = True
454.9747 	EXP 	window1: mouseVisible = True
454.9748 	EXP 	window1: mouseVisible = True
454.9750 	EXP 	window1: mouseVisible = True
454.9751 	EXP 	window1: mouseVisible = True
454.9752 	EXP 	window1: mouseVisible = True
454.9753 	EXP 	window1: mouseVisible = True
454.9755 	EXP 	window1: mouseVisible = True
454.9756 	EXP 	window1: mouseVisible = True
454.9757 	EXP 	window1: mouseVisible = True
454.9759 	EXP 	window1: mouseVisible = True
454.9760 	EXP 	window1: mouseVisible = True
454.9761 	EXP 	window1: mouseVisible = True
454.9762 	EXP 	window1: mouseVisible = True
454.9764 	EXP 	window1: mouseVisible = True
454.9765 	EXP 	window1: mouseVisible = True
454.9766 	EXP 	window1: mouseVisible = True
454.9767 	EXP 	window1: mouseVisible = True
454.9769 	EXP 	window1: mouseVisible = True
454.9770 	EXP 	window1: mouseVisible = True
454.9771 	EXP 	window1: mouseVisible = True
454.9772 	EXP 	window1: mouseVisible = True
454.9774 	EXP 	window1: mouseVisible = True
454.9776 	EXP 	window1: mouseVisible = True
454.9777 	EXP 	window1: mouseVisible = True
454.9779 	EXP 	window1: mouseVisible = True
454.9780 	EXP 	window1: mouseVisible = True
454.9784 	EXP 	window1: mouseVisible = True
454.9786 	EXP 	window1: mouseVisible = True
454.9788 	EXP 	window1: mouseVisible = True
454.9789 	EXP 	window1: mouseVisible = True
454.9790 	EXP 	window1: mouseVisible = True
454.9792 	EXP 	window1: mouseVisible = True
454.9793 	EXP 	window1: mouseVisible = True
454.9794 	EXP 	window1: mouseVisible = True
454.9795 	EXP 	window1: mouseVisible = True
454.9797 	EXP 	window1: mouseVisible = True
454.9798 	EXP 	window1: mouseVisible = True
454.9799 	EXP 	window1: mouseVisible = True
454.9800 	EXP 	window1: mouseVisible = True
454.9802 	EXP 	window1: mouseVisible = True
454.9803 	EXP 	window1: mouseVisible = True
454.9804 	EXP 	window1: mouseVisible = True
454.9805 	EXP 	window1: mouseVisible = True
454.9807 	EXP 	window1: mouseVisible = True
454.9808 	EXP 	window1: mouseVisible = True
454.9809 	EXP 	window1: mouseVisible = True
454.9810 	EXP 	window1: mouseVisible = True
454.9812 	EXP 	window1: mouseVisible = True
454.9813 	EXP 	window1: mouseVisible = True
454.9814 	EXP 	window1: mouseVisible = True
454.9815 	EXP 	window1: mouseVisible = True
454.9817 	EXP 	window1: mouseVisible = True
454.9818 	EXP 	window1: mouseVisible = True
454.9820 	EXP 	window1: mouseVisible = True
454.9821 	EXP 	window1: mouseVisible = True
454.9822 	EXP 	window1: mouseVisible = True
454.9823 	EXP 	window1: mouseVisible = True
454.9825 	EXP 	window1: mouseVisible = True
454.9826 	EXP 	window1: mouseVisible = True
454.9827 	EXP 	window1: mouseVisible = True
454.9828 	EXP 	window1: mouseVisible = True
454.9830 	EXP 	window1: mouseVisible = True
454.9831 	EXP 	window1: mouseVisible = True
454.9832 	EXP 	window1: mouseVisible = True
454.9833 	EXP 	window1: mouseVisible = True
454.9835 	EXP 	window1: mouseVisible = True
454.9836 	EXP 	window1: mouseVisible = True
454.9837 	EXP 	window1: mouseVisible = True
454.9838 	EXP 	window1: mouseVisible = True
454.9840 	EXP 	window1: mouseVisible = True
454.9841 	EXP 	window1: mouseVisible = True
454.9842 	EXP 	window1: mouseVisible = True
454.9844 	EXP 	window1: mouseVisible = True
454.9845 	EXP 	window1: mouseVisible = True
454.9846 	EXP 	window1: mouseVisible = True
454.9847 	EXP 	window1: mouseVisible = True
454.9849 	EXP 	window1: mouseVisible = True
454.9850 	EXP 	window1: mouseVisible = True
454.9851 	EXP 	window1: mouseVisible = True
454.9852 	EXP 	window1: mouseVisible = True
454.9854 	EXP 	window1: mouseVisible = True
454.9855 	EXP 	window1: mouseVisible = True
454.9856 	EXP 	window1: mouseVisible = True
454.9858 	EXP 	window1: mouseVisible = True
454.9859 	EXP 	window1: mouseVisible = True
454.9860 	EXP 	window1: mouseVisible = True
454.9862 	EXP 	window1: mouseVisible = True
454.9863 	EXP 	window1: mouseVisible = True
454.9864 	EXP 	window1: mouseVisible = True
454.9865 	EXP 	window1: mouseVisible = True
454.9867 	EXP 	window1: mouseVisible = True
454.9868 	EXP 	window1: mouseVisible = True
454.9869 	EXP 	window1: mouseVisible = True
454.9870 	EXP 	window1: mouseVisible = True
454.9890 	EXP 	Created ratingScale = RatingScale(__class__=type(...), acceptKeys=['return'], acceptPreText=UNKNOWN, acceptSize=UNKNOWN, acceptText=UNKNOWN, autoLog=True, choices=False, colorSpace='rgb', depth=0, disappear=False, flipVert=False, high=100, kwargs=UNKNOWN, labels=list(...), leftKeys=['left'], lineColor=(255, 255, 255), low=0, marker=Rect(...), markerColor=(255, 255, 255), markerExpansion=UNKNOWN, markerStart=0.5, maxTime=0.0, minTime=0.4, mouseOnly=False, name='ratingScale', noMouse=False, pos=[0.0, 0.0], precision=100, respKeys=[], rightKeys=['right'], scale=None, self=UNKNOWN, showAccept=False, showValue=False, singleClick=False, size=0.6, skipKeys=['tab'], stretch=2.0, textColor='white', textFont='Helvetica Bold', textSize=0.144, tickHeight=0, tickMarks=10.0, win=Window(...))
454.9891 	EXP 	RatingScale ratingScale: reset()
454.9911 	EXP 	window1: mouseVisible = False
455.0029 	EXP 	thermode_locali: autoDraw = False
455.0029 	EXP 	thermode_locali: autoDraw = False
455.0029 	EXP 	ratingScale: flipVert = False
455.0029 	EXP 	ratingScale: autoLog = True
455.0044 	EXP 	window1: mouseVisible = False
455.0210 	EXP 	window1: mouseVisible = False
455.0377 	EXP 	window1: mouseVisible = False
455.0543 	EXP 	window1: mouseVisible = False
455.0710 	EXP 	window1: mouseVisible = False
455.0876 	EXP 	window1: mouseVisible = False
455.1043 	EXP 	window1: mouseVisible = False
455.1210 	EXP 	window1: mouseVisible = False
455.1377 	EXP 	window1: mouseVisible = False
455.1543 	EXP 	window1: mouseVisible = False
455.1710 	EXP 	window1: mouseVisible = False
455.1876 	EXP 	window1: mouseVisible = False
455.2044 	EXP 	window1: mouseVisible = False
455.2210 	EXP 	window1: mouseVisible = False
455.2379 	EXP 	window1: mouseVisible = False
455.2544 	EXP 	window1: mouseVisible = False
455.2711 	EXP 	window1: mouseVisible = False
455.2877 	EXP 	window1: mouseVisible = False
455.3045 	EXP 	window1: mouseVisible = False
455.3210 	EXP 	window1: mouseVisible = False
455.3377 	EXP 	window1: mouseVisible = False
455.3543 	EXP 	window1: mouseVisible = False
455.3711 	EXP 	window1: mouseVisible = False
455.3877 	EXP 	window1: mouseVisible = False
455.4045 	EXP 	window1: mouseVisible = False
455.4211 	EXP 	window1: mouseVisible = False
455.4377 	EXP 	window1: mouseVisible = False
455.4544 	EXP 	window1: mouseVisible = False
455.4711 	EXP 	window1: mouseVisible = False
455.4877 	EXP 	window1: mouseVisible = False
455.5044 	EXP 	window1: mouseVisible = False
455.5211 	EXP 	window1: mouseVisible = False
455.5377 	EXP 	window1: mouseVisible = False
455.5544 	EXP 	window1: mouseVisible = False
455.5712 	EXP 	window1: mouseVisible = False
455.5877 	EXP 	window1: mouseVisible = False
455.6044 	EXP 	window1: mouseVisible = False
455.6210 	EXP 	window1: mouseVisible = False
455.6377 	EXP 	window1: mouseVisible = False
455.6544 	EXP 	window1: mouseVisible = False
455.6710 	EXP 	window1: mouseVisible = False
455.6877 	EXP 	window1: mouseVisible = False
455.7044 	EXP 	window1: mouseVisible = False
455.7211 	EXP 	window1: mouseVisible = False
455.7377 	EXP 	window1: mouseVisible = False
455.7544 	EXP 	window1: mouseVisible = False
455.7710 	EXP 	window1: mouseVisible = False
455.7877 	EXP 	window1: mouseVisible = False
455.8044 	EXP 	window1: mouseVisible = False
455.8210 	EXP 	window1: mouseVisible = False
455.8377 	EXP 	window1: mouseVisible = False
455.8544 	EXP 	window1: mouseVisible = False
455.8710 	EXP 	window1: mouseVisible = False
455.8877 	EXP 	window1: mouseVisible = False
455.9044 	EXP 	window1: mouseVisible = False
455.9210 	EXP 	window1: mouseVisible = False
455.9373 	DATA 	Keypress: n
455.9379 	EXP 	window1: mouseVisible = False
455.9543 	EXP 	window1: mouseVisible = False
455.9710 	EXP 	window1: mouseVisible = False
455.9877 	EXP 	window1: mouseVisible = False
456.0043 	EXP 	window1: mouseVisible = False
456.0210 	EXP 	window1: mouseVisible = False
456.0378 	EXP 	window1: mouseVisible = False
456.0544 	EXP 	window1: mouseVisible = False
456.0710 	EXP 	window1: mouseVisible = False
456.0877 	EXP 	window1: mouseVisible = False
456.1043 	EXP 	window1: mouseVisible = False
456.1210 	EXP 	window1: mouseVisible = False
456.1378 	EXP 	window1: mouseVisible = False
456.1543 	EXP 	window1: mouseVisible = False
456.1711 	EXP 	window1: mouseVisible = False
456.1877 	EXP 	window1: mouseVisible = False
456.2044 	EXP 	window1: mouseVisible = False
456.2210 	EXP 	window1: mouseVisible = False
456.2377 	EXP 	window1: mouseVisible = False
456.2544 	EXP 	window1: mouseVisible = False
456.2730 	EXP 	window1: mouseVisible = False
456.2882 	EXP 	window1: mouseVisible = False
456.3045 	EXP 	window1: mouseVisible = False
456.3218 	EXP 	window1: mouseVisible = False
456.3381 	EXP 	window1: mouseVisible = False
456.3547 	EXP 	window1: mouseVisible = False
456.3718 	EXP 	window1: mouseVisible = False
456.3879 	EXP 	window1: mouseVisible = False
456.4049 	EXP 	window1: mouseVisible = False
456.4212 	EXP 	window1: mouseVisible = False
456.4380 	EXP 	window1: mouseVisible = False
456.4548 	EXP 	window1: mouseVisible = False
456.4717 	EXP 	window1: mouseVisible = False
456.4882 	EXP 	window1: mouseVisible = False
456.5047 	EXP 	window1: mouseVisible = False
456.5212 	EXP 	window1: mouseVisible = False
456.5378 	EXP 	window1: mouseVisible = False
456.5545 	EXP 	window1: mouseVisible = False
456.5711 	EXP 	window1: mouseVisible = False
456.5878 	EXP 	window1: mouseVisible = False
456.6044 	EXP 	window1: mouseVisible = False
456.6211 	EXP 	window1: mouseVisible = False
456.6377 	EXP 	window1: mouseVisible = False
456.6544 	EXP 	window1: mouseVisible = False
456.6710 	EXP 	window1: mouseVisible = False
456.6877 	EXP 	window1: mouseVisible = False
456.7040 	DATA 	Keypress: space
456.8068 	EXP 	New trial (rep=12, index=0): None
456.8196 	EXP 	main_text: autoDraw = True
456.8196 	EXP 	confirm_text: autoDraw = True
456.8196 	EXP 	ratingScale: autoDraw = False
456.8196 	EXP 	main_text: autoDraw = False
456.8196 	EXP 	confirm_text: autoDraw = False
456.8196 	EXP 	text_2: autoDraw = True
456.8196 	EXP 	croix: autoDraw = True
461.8197 	EXP 	text_2: autoDraw = False
461.8197 	EXP 	croix: autoDraw = False
461.8197 	EXP 	text_2: autoDraw = False
461.8197 	EXP 	croix: autoDraw = False
461.8197 	EXP 	thermode_locali: autoDraw = True
473.8037 	EXP 	window1: mouseVisible = True
473.8045 	EXP 	Created unnamed Rect = Rect(__class__=<class 'psychopy.visual.rect.Rect'>, anchor=('center', 'center'), autoDraw=False, autoLog=True, closeShape=True, color=method-wrapper(...), colorSpace='rgb', contrast=None, depth=0, draggable=False, fillColor=array([1, 1, 1]), fillColorSpace='rgb', fillRGB=array([1, 1, 1]), interpolate=True, lineColor=array([1., 1., 1.]), lineColorSpace='rgb', lineRGB=array([1, 1, 1]), lineWidth=1.5, name='unnamed Rect', opacity=1.0, ori=0.0, pos=array([0., 0.]), size=array([0.01, 0.1 ]), units='norm', vertices=ndarray(...), win=Window(...))
473.8046 	EXP 	window1: mouseVisible = True
473.8047 	EXP 	window1: mouseVisible = True
473.8052 	EXP 	window1: mouseVisible = True
473.8068 	EXP 	window1: mouseVisible = True
473.8079 	EXP 	window1: mouseVisible = True
473.8080 	EXP 	window1: mouseVisible = True
473.8082 	EXP 	window1: mouseVisible = True
473.8083 	EXP 	window1: mouseVisible = True
473.8085 	EXP 	window1: mouseVisible = True
473.8086 	EXP 	window1: mouseVisible = True
473.8088 	EXP 	window1: mouseVisible = True
473.8089 	EXP 	window1: mouseVisible = True
473.8090 	EXP 	window1: mouseVisible = True
473.8091 	EXP 	window1: mouseVisible = True
473.8093 	EXP 	window1: mouseVisible = True
473.8094 	EXP 	window1: mouseVisible = True
473.8095 	EXP 	window1: mouseVisible = True
473.8097 	EXP 	window1: mouseVisible = True
473.8098 	EXP 	window1: mouseVisible = True
473.8099 	EXP 	window1: mouseVisible = True
473.8100 	EXP 	window1: mouseVisible = True
473.8102 	EXP 	window1: mouseVisible = True
473.8103 	EXP 	window1: mouseVisible = True
473.8104 	EXP 	window1: mouseVisible = True
473.8105 	EXP 	window1: mouseVisible = True
473.8107 	EXP 	window1: mouseVisible = True
473.8108 	EXP 	window1: mouseVisible = True
473.8109 	EXP 	window1: mouseVisible = True
473.8110 	EXP 	window1: mouseVisible = True
473.8112 	EXP 	window1: mouseVisible = True
473.8113 	EXP 	window1: mouseVisible = True
473.8115 	EXP 	window1: mouseVisible = True
473.8116 	EXP 	window1: mouseVisible = True
473.8117 	EXP 	window1: mouseVisible = True
473.8119 	EXP 	window1: mouseVisible = True
473.8120 	EXP 	window1: mouseVisible = True
473.8121 	EXP 	window1: mouseVisible = True
473.8123 	EXP 	window1: mouseVisible = True
473.8124 	EXP 	window1: mouseVisible = True
473.8125 	EXP 	window1: mouseVisible = True
473.8126 	EXP 	window1: mouseVisible = True
473.8128 	EXP 	window1: mouseVisible = True
473.8129 	EXP 	window1: mouseVisible = True
473.8130 	EXP 	window1: mouseVisible = True
473.8131 	EXP 	window1: mouseVisible = True
473.8133 	EXP 	window1: mouseVisible = True
473.8134 	EXP 	window1: mouseVisible = True
473.8135 	EXP 	window1: mouseVisible = True
473.8136 	EXP 	window1: mouseVisible = True
473.8138 	EXP 	window1: mouseVisible = True
473.8139 	EXP 	window1: mouseVisible = True
473.8140 	EXP 	window1: mouseVisible = True
473.8142 	EXP 	window1: mouseVisible = True
473.8143 	EXP 	window1: mouseVisible = True
473.8144 	EXP 	window1: mouseVisible = True
473.8146 	EXP 	window1: mouseVisible = True
473.8147 	EXP 	window1: mouseVisible = True
473.8148 	EXP 	window1: mouseVisible = True
473.8149 	EXP 	window1: mouseVisible = True
473.8151 	EXP 	window1: mouseVisible = True
473.8152 	EXP 	window1: mouseVisible = True
473.8153 	EXP 	window1: mouseVisible = True
473.8158 	EXP 	window1: mouseVisible = True
473.8159 	EXP 	window1: mouseVisible = True
473.8161 	EXP 	window1: mouseVisible = True
473.8162 	EXP 	window1: mouseVisible = True
473.8164 	EXP 	window1: mouseVisible = True
473.8165 	EXP 	window1: mouseVisible = True
473.8166 	EXP 	window1: mouseVisible = True
473.8168 	EXP 	window1: mouseVisible = True
473.8169 	EXP 	window1: mouseVisible = True
473.8170 	EXP 	window1: mouseVisible = True
473.8171 	EXP 	window1: mouseVisible = True
473.8173 	EXP 	window1: mouseVisible = True
473.8174 	EXP 	window1: mouseVisible = True
473.8175 	EXP 	window1: mouseVisible = True
473.8176 	EXP 	window1: mouseVisible = True
473.8178 	EXP 	window1: mouseVisible = True
473.8179 	EXP 	window1: mouseVisible = True
473.8180 	EXP 	window1: mouseVisible = True
473.8182 	EXP 	window1: mouseVisible = True
473.8183 	EXP 	window1: mouseVisible = True
473.8184 	EXP 	window1: mouseVisible = True
473.8185 	EXP 	window1: mouseVisible = True
473.8187 	EXP 	window1: mouseVisible = True
473.8188 	EXP 	window1: mouseVisible = True
473.8189 	EXP 	window1: mouseVisible = True
473.8191 	EXP 	window1: mouseVisible = True
473.8192 	EXP 	window1: mouseVisible = True
473.8193 	EXP 	window1: mouseVisible = True
473.8194 	EXP 	window1: mouseVisible = True
473.8196 	EXP 	window1: mouseVisible = True
473.8197 	EXP 	window1: mouseVisible = True
473.8198 	EXP 	window1: mouseVisible = True
473.8200 	EXP 	window1: mouseVisible = True
473.8201 	EXP 	window1: mouseVisible = True
473.8202 	EXP 	window1: mouseVisible = True
473.8203 	EXP 	window1: mouseVisible = True
473.8205 	EXP 	window1: mouseVisible = True
473.8206 	EXP 	window1: mouseVisible = True
473.8207 	EXP 	window1: mouseVisible = True
473.8208 	EXP 	window1: mouseVisible = True
473.8210 	EXP 	window1: mouseVisible = True
473.8211 	EXP 	window1: mouseVisible = True
473.8231 	EXP 	Created ratingScale = RatingScale(__class__=type(...), acceptKeys=['return'], acceptPreText=UNKNOWN, acceptSize=UNKNOWN, acceptText=UNKNOWN, autoLog=True, choices=False, colorSpace='rgb', depth=0, disappear=False, flipVert=False, high=100, kwargs=UNKNOWN, labels=list(...), leftKeys=['left'], lineColor=(255, 255, 255), low=0, marker=Rect(...), markerColor=(255, 255, 255), markerExpansion=UNKNOWN, markerStart=0.5, maxTime=0.0, minTime=0.4, mouseOnly=False, name='ratingScale', noMouse=False, pos=[0.0, 0.0], precision=100, respKeys=[], rightKeys=['right'], scale=None, self=UNKNOWN, showAccept=False, showValue=False, singleClick=False, size=0.6, skipKeys=['tab'], stretch=2.0, textColor='white', textFont='Helvetica Bold', textSize=0.144, tickHeight=0, tickMarks=10.0, win=Window(...))
473.8231 	EXP 	RatingScale ratingScale: reset()
473.8251 	EXP 	window1: mouseVisible = False
473.8366 	EXP 	thermode_locali: autoDraw = False
473.8366 	EXP 	thermode_locali: autoDraw = False
473.8366 	EXP 	ratingScale: flipVert = False
473.8366 	EXP 	ratingScale: autoLog = True
473.8381 	EXP 	window1: mouseVisible = False
473.8547 	EXP 	window1: mouseVisible = False
473.8714 	EXP 	window1: mouseVisible = False
473.8880 	EXP 	window1: mouseVisible = False
473.9047 	EXP 	window1: mouseVisible = False
473.9213 	EXP 	window1: mouseVisible = False
473.9380 	EXP 	window1: mouseVisible = False
473.9547 	EXP 	window1: mouseVisible = False
473.9713 	EXP 	window1: mouseVisible = False
473.9880 	EXP 	window1: mouseVisible = False
474.0047 	EXP 	window1: mouseVisible = False
474.0215 	EXP 	window1: mouseVisible = False
474.0380 	EXP 	window1: mouseVisible = False
474.0547 	EXP 	window1: mouseVisible = False
474.0713 	EXP 	window1: mouseVisible = False
474.0880 	EXP 	window1: mouseVisible = False
474.1047 	EXP 	window1: mouseVisible = False
474.1214 	EXP 	window1: mouseVisible = False
474.1380 	EXP 	window1: mouseVisible = False
474.1547 	EXP 	window1: mouseVisible = False
474.1713 	EXP 	window1: mouseVisible = False
474.1880 	EXP 	window1: mouseVisible = False
474.2047 	EXP 	window1: mouseVisible = False
474.2214 	EXP 	window1: mouseVisible = False
474.2380 	EXP 	window1: mouseVisible = False
474.2552 	EXP 	window1: mouseVisible = False
474.2713 	EXP 	window1: mouseVisible = False
474.2880 	EXP 	window1: mouseVisible = False
474.3046 	EXP 	window1: mouseVisible = False
474.3214 	EXP 	window1: mouseVisible = False
474.3380 	EXP 	window1: mouseVisible = False
474.3547 	EXP 	window1: mouseVisible = False
474.3713 	EXP 	window1: mouseVisible = False
474.3880 	EXP 	window1: mouseVisible = False
474.4048 	EXP 	window1: mouseVisible = False
474.4215 	EXP 	window1: mouseVisible = False
474.4380 	EXP 	window1: mouseVisible = False
474.4546 	EXP 	window1: mouseVisible = False
474.4713 	EXP 	window1: mouseVisible = False
474.4880 	EXP 	window1: mouseVisible = False
474.5048 	EXP 	window1: mouseVisible = False
474.5213 	EXP 	window1: mouseVisible = False
474.5380 	EXP 	window1: mouseVisible = False
474.5547 	EXP 	window1: mouseVisible = False
474.5715 	EXP 	window1: mouseVisible = False
474.5880 	EXP 	window1: mouseVisible = False
474.6047 	EXP 	window1: mouseVisible = False
474.6213 	EXP 	window1: mouseVisible = False
474.6380 	EXP 	window1: mouseVisible = False
474.6547 	EXP 	window1: mouseVisible = False
474.6714 	EXP 	window1: mouseVisible = False
474.6880 	EXP 	window1: mouseVisible = False
474.7048 	EXP 	window1: mouseVisible = False
474.7213 	EXP 	window1: mouseVisible = False
474.7380 	EXP 	window1: mouseVisible = False
474.7549 	EXP 	window1: mouseVisible = False
474.7714 	EXP 	window1: mouseVisible = False
474.7880 	EXP 	window1: mouseVisible = False
474.8046 	EXP 	window1: mouseVisible = False
474.8213 	EXP 	window1: mouseVisible = False
474.8380 	EXP 	window1: mouseVisible = False
474.8546 	EXP 	window1: mouseVisible = False
474.8713 	EXP 	window1: mouseVisible = False
474.8880 	EXP 	window1: mouseVisible = False
474.9048 	EXP 	window1: mouseVisible = False
474.9214 	EXP 	window1: mouseVisible = False
474.9380 	EXP 	window1: mouseVisible = False
474.9547 	EXP 	window1: mouseVisible = False
474.9714 	EXP 	window1: mouseVisible = False
474.9880 	EXP 	window1: mouseVisible = False
475.0043 	DATA 	Keypress: n
475.0048 	EXP 	window1: mouseVisible = False
475.0213 	EXP 	window1: mouseVisible = False
475.0380 	EXP 	window1: mouseVisible = False
475.0547 	EXP 	window1: mouseVisible = False
475.0713 	EXP 	window1: mouseVisible = False
475.0881 	EXP 	window1: mouseVisible = False
475.1047 	EXP 	window1: mouseVisible = False
475.1214 	EXP 	window1: mouseVisible = False
475.1379 	EXP 	window1: mouseVisible = False
475.1546 	EXP 	window1: mouseVisible = False
475.1713 	EXP 	window1: mouseVisible = False
475.1880 	EXP 	window1: mouseVisible = False
475.2047 	EXP 	window1: mouseVisible = False
475.2213 	EXP 	window1: mouseVisible = False
475.2380 	EXP 	window1: mouseVisible = False
475.2547 	EXP 	window1: mouseVisible = False
475.2713 	EXP 	window1: mouseVisible = False
475.2880 	EXP 	window1: mouseVisible = False
475.3047 	EXP 	window1: mouseVisible = False
475.3213 	EXP 	window1: mouseVisible = False
475.3380 	EXP 	window1: mouseVisible = False
475.3547 	EXP 	window1: mouseVisible = False
475.3715 	EXP 	window1: mouseVisible = False
475.3880 	EXP 	window1: mouseVisible = False
475.4047 	EXP 	window1: mouseVisible = False
475.4214 	EXP 	window1: mouseVisible = False
475.4380 	EXP 	window1: mouseVisible = False
475.4547 	EXP 	window1: mouseVisible = False
475.4713 	DATA 	Keypress: space
475.5724 	EXP 	New trial (rep=13, index=0): None
475.5865 	EXP 	main_text: autoDraw = True
475.5865 	EXP 	confirm_text: autoDraw = True
475.5865 	EXP 	ratingScale: autoDraw = False
475.5865 	EXP 	main_text: autoDraw = False
475.5865 	EXP 	confirm_text: autoDraw = False
475.5865 	EXP 	text_2: autoDraw = True
475.5865 	EXP 	croix: autoDraw = True
480.5866 	EXP 	text_2: autoDraw = False
480.5866 	EXP 	croix: autoDraw = False
480.5866 	EXP 	text_2: autoDraw = False
480.5866 	EXP 	croix: autoDraw = False
480.5866 	EXP 	thermode_locali: autoDraw = True
492.5705 	EXP 	window1: mouseVisible = True
492.5714 	EXP 	Created unnamed Rect = Rect(__class__=<class 'psychopy.visual.rect.Rect'>, anchor=('center', 'center'), autoDraw=False, autoLog=True, closeShape=True, color=method-wrapper(...), colorSpace='rgb', contrast=None, depth=0, draggable=False, fillColor=array([1, 1, 1]), fillColorSpace='rgb', fillRGB=array([1, 1, 1]), interpolate=True, lineColor=array([1., 1., 1.]), lineColorSpace='rgb', lineRGB=array([1, 1, 1]), lineWidth=1.5, name='unnamed Rect', opacity=1.0, ori=0.0, pos=array([0., 0.]), size=array([0.01, 0.1 ]), units='norm', vertices=ndarray(...), win=Window(...))
492.5714 	EXP 	window1: mouseVisible = True
492.5715 	EXP 	window1: mouseVisible = True
492.5720 	EXP 	window1: mouseVisible = True
492.5733 	EXP 	window1: mouseVisible = True
492.5744 	EXP 	window1: mouseVisible = True
492.5745 	EXP 	window1: mouseVisible = True
492.5747 	EXP 	window1: mouseVisible = True
492.5748 	EXP 	window1: mouseVisible = True
492.5750 	EXP 	window1: mouseVisible = True
492.5751 	EXP 	window1: mouseVisible = True
492.5752 	EXP 	window1: mouseVisible = True
492.5754 	EXP 	window1: mouseVisible = True
492.5755 	EXP 	window1: mouseVisible = True
492.5756 	EXP 	window1: mouseVisible = True
492.5757 	EXP 	window1: mouseVisible = True
492.5759 	EXP 	window1: mouseVisible = True
492.5760 	EXP 	window1: mouseVisible = True
492.5761 	EXP 	window1: mouseVisible = True
492.5762 	EXP 	window1: mouseVisible = True
492.5764 	EXP 	window1: mouseVisible = True
492.5765 	EXP 	window1: mouseVisible = True
492.5766 	EXP 	window1: mouseVisible = True
492.5768 	EXP 	window1: mouseVisible = True
492.5769 	EXP 	window1: mouseVisible = True
492.5770 	EXP 	window1: mouseVisible = True
492.5771 	EXP 	window1: mouseVisible = True
492.5773 	EXP 	window1: mouseVisible = True
492.5774 	EXP 	window1: mouseVisible = True
492.5775 	EXP 	window1: mouseVisible = True
492.5776 	EXP 	window1: mouseVisible = True
492.5778 	EXP 	window1: mouseVisible = True
492.5780 	EXP 	window1: mouseVisible = True
492.5781 	EXP 	window1: mouseVisible = True
492.5782 	EXP 	window1: mouseVisible = True
492.5784 	EXP 	window1: mouseVisible = True
492.5785 	EXP 	window1: mouseVisible = True
492.5786 	EXP 	window1: mouseVisible = True
492.5787 	EXP 	window1: mouseVisible = True
492.5789 	EXP 	window1: mouseVisible = True
492.5790 	EXP 	window1: mouseVisible = True
492.5791 	EXP 	window1: mouseVisible = True
492.5793 	EXP 	window1: mouseVisible = True
492.5794 	EXP 	window1: mouseVisible = True
492.5795 	EXP 	window1: mouseVisible = True
492.5796 	EXP 	window1: mouseVisible = True
492.5798 	EXP 	window1: mouseVisible = True
492.5799 	EXP 	window1: mouseVisible = True
492.5800 	EXP 	window1: mouseVisible = True
492.5801 	EXP 	window1: mouseVisible = True
492.5803 	EXP 	window1: mouseVisible = True
492.5804 	EXP 	window1: mouseVisible = True
492.5805 	EXP 	window1: mouseVisible = True
492.5806 	EXP 	window1: mouseVisible = True
492.5808 	EXP 	window1: mouseVisible = True
492.5809 	EXP 	window1: mouseVisible = True
492.5810 	EXP 	window1: mouseVisible = True
492.5811 	EXP 	window1: mouseVisible = True
492.5813 	EXP 	window1: mouseVisible = True
492.5814 	EXP 	window1: mouseVisible = True
492.5815 	EXP 	window1: mouseVisible = True
492.5817 	EXP 	window1: mouseVisible = True
492.5818 	EXP 	window1: mouseVisible = True
492.5819 	EXP 	window1: mouseVisible = True
492.5821 	EXP 	window1: mouseVisible = True
492.5822 	EXP 	window1: mouseVisible = True
492.5823 	EXP 	window1: mouseVisible = True
492.5825 	EXP 	window1: mouseVisible = True
492.5826 	EXP 	window1: mouseVisible = True
492.5827 	EXP 	window1: mouseVisible = True
492.5828 	EXP 	window1: mouseVisible = True
492.5830 	EXP 	window1: mouseVisible = True
492.5831 	EXP 	window1: mouseVisible = True
492.5832 	EXP 	window1: mouseVisible = True
492.5834 	EXP 	window1: mouseVisible = True
492.5835 	EXP 	window1: mouseVisible = True
492.5836 	EXP 	window1: mouseVisible = True
492.5837 	EXP 	window1: mouseVisible = True
492.5839 	EXP 	window1: mouseVisible = True
492.5840 	EXP 	window1: mouseVisible = True
492.5841 	EXP 	window1: mouseVisible = True
492.5843 	EXP 	window1: mouseVisible = True
492.5844 	EXP 	window1: mouseVisible = True
492.5845 	EXP 	window1: mouseVisible = True
492.5846 	EXP 	window1: mouseVisible = True
492.5848 	EXP 	window1: mouseVisible = True
492.5849 	EXP 	window1: mouseVisible = True
492.5850 	EXP 	window1: mouseVisible = True
492.5851 	EXP 	window1: mouseVisible = True
492.5853 	EXP 	window1: mouseVisible = True
492.5854 	EXP 	window1: mouseVisible = True
492.5855 	EXP 	window1: mouseVisible = True
492.5857 	EXP 	window1: mouseVisible = True
492.5858 	EXP 	window1: mouseVisible = True
492.5859 	EXP 	window1: mouseVisible = True
492.5860 	EXP 	window1: mouseVisible = True
492.5862 	EXP 	window1: mouseVisible = True
492.5863 	EXP 	window1: mouseVisible = True
492.5864 	EXP 	window1: mouseVisible = True
492.5866 	EXP 	window1: mouseVisible = True
492.5867 	EXP 	window1: mouseVisible = True
492.5868 	EXP 	window1: mouseVisible = True
492.5869 	EXP 	window1: mouseVisible = True
492.5871 	EXP 	window1: mouseVisible = True
492.5872 	EXP 	window1: mouseVisible = True
492.5892 	EXP 	Created ratingScale = RatingScale(__class__=type(...), acceptKeys=['return'], acceptPreText=UNKNOWN, acceptSize=UNKNOWN, acceptText=UNKNOWN, autoLog=True, choices=False, colorSpace='rgb', depth=0, disappear=False, flipVert=False, high=100, kwargs=UNKNOWN, labels=list(...), leftKeys=['left'], lineColor=(255, 255, 255), low=0, marker=Rect(...), markerColor=(255, 255, 255), markerExpansion=UNKNOWN, markerStart=0.5, maxTime=0.0, minTime=0.4, mouseOnly=False, name='ratingScale', noMouse=False, pos=[0.0, 0.0], precision=100, respKeys=[], rightKeys=['right'], scale=None, self=UNKNOWN, showAccept=False, showValue=False, singleClick=False, size=0.6, skipKeys=['tab'], stretch=2.0, textColor='white', textFont='Helvetica Bold', textSize=0.144, tickHeight=0, tickMarks=10.0, win=Window(...))
492.5892 	EXP 	RatingScale ratingScale: reset()
492.5915 	EXP 	window1: mouseVisible = False
492.6033 	EXP 	thermode_locali: autoDraw = False
492.6033 	EXP 	thermode_locali: autoDraw = False
492.6033 	EXP 	ratingScale: flipVert = False
492.6033 	EXP 	ratingScale: autoLog = True
492.6049 	EXP 	window1: mouseVisible = False
492.6215 	EXP 	window1: mouseVisible = False
492.6381 	EXP 	window1: mouseVisible = False
492.6548 	EXP 	window1: mouseVisible = False
492.6714 	EXP 	window1: mouseVisible = False
492.6882 	EXP 	window1: mouseVisible = False
492.7049 	EXP 	window1: mouseVisible = False
492.7216 	EXP 	window1: mouseVisible = False
492.7381 	EXP 	window1: mouseVisible = False
492.7548 	EXP 	window1: mouseVisible = False
492.7715 	EXP 	window1: mouseVisible = False
492.7881 	EXP 	window1: mouseVisible = False
492.8048 	EXP 	window1: mouseVisible = False
492.8215 	EXP 	window1: mouseVisible = False
492.8381 	EXP 	window1: mouseVisible = False
492.8548 	EXP 	window1: mouseVisible = False
492.8715 	EXP 	window1: mouseVisible = False
492.8881 	EXP 	window1: mouseVisible = False
492.9048 	EXP 	window1: mouseVisible = False
492.9215 	EXP 	window1: mouseVisible = False
492.9382 	EXP 	window1: mouseVisible = False
492.9548 	EXP 	window1: mouseVisible = False
492.9715 	EXP 	window1: mouseVisible = False
492.9881 	EXP 	window1: mouseVisible = False
493.0048 	EXP 	window1: mouseVisible = False
493.0215 	EXP 	window1: mouseVisible = False
493.0381 	EXP 	window1: mouseVisible = False
493.0548 	EXP 	window1: mouseVisible = False
493.0715 	EXP 	window1: mouseVisible = False
493.0881 	EXP 	window1: mouseVisible = False
493.1048 	EXP 	window1: mouseVisible = False
493.1221 	EXP 	window1: mouseVisible = False
493.1382 	EXP 	window1: mouseVisible = False
493.1548 	EXP 	window1: mouseVisible = False
493.1714 	EXP 	window1: mouseVisible = False
493.1881 	EXP 	window1: mouseVisible = False
493.2049 	EXP 	window1: mouseVisible = False
493.2216 	EXP 	window1: mouseVisible = False
493.2382 	EXP 	window1: mouseVisible = False
493.2548 	EXP 	window1: mouseVisible = False
493.2715 	EXP 	window1: mouseVisible = False
493.2882 	EXP 	window1: mouseVisible = False
493.3049 	EXP 	window1: mouseVisible = False
493.3215 	EXP 	window1: mouseVisible = False
493.3382 	EXP 	window1: mouseVisible = False
493.3548 	EXP 	window1: mouseVisible = False
493.3715 	EXP 	window1: mouseVisible = False
493.3881 	EXP 	window1: mouseVisible = False
493.4048 	EXP 	window1: mouseVisible = False
493.4214 	EXP 	window1: mouseVisible = False
493.4381 	EXP 	window1: mouseVisible = False
493.4544 	DATA 	Keypress: n
493.4550 	EXP 	window1: mouseVisible = False
493.4715 	EXP 	window1: mouseVisible = False
493.4882 	EXP 	window1: mouseVisible = False
493.5048 	EXP 	window1: mouseVisible = False
493.5214 	EXP 	window1: mouseVisible = False
493.5382 	EXP 	window1: mouseVisible = False
493.5548 	EXP 	window1: mouseVisible = False
493.5715 	EXP 	window1: mouseVisible = False
493.5882 	EXP 	window1: mouseVisible = False
493.6048 	EXP 	window1: mouseVisible = False
493.6215 	EXP 	window1: mouseVisible = False
493.6383 	EXP 	window1: mouseVisible = False
493.6548 	EXP 	window1: mouseVisible = False
493.6714 	EXP 	window1: mouseVisible = False
493.6882 	EXP 	window1: mouseVisible = False
493.7048 	EXP 	window1: mouseVisible = False
493.7216 	EXP 	window1: mouseVisible = False
493.7382 	EXP 	window1: mouseVisible = False
493.7548 	EXP 	window1: mouseVisible = False
493.7715 	EXP 	window1: mouseVisible = False
493.7881 	EXP 	window1: mouseVisible = False
493.8048 	EXP 	window1: mouseVisible = False
493.8215 	EXP 	window1: mouseVisible = False
493.8382 	EXP 	window1: mouseVisible = False
493.8548 	EXP 	window1: mouseVisible = False
493.8714 	EXP 	window1: mouseVisible = False
493.8882 	EXP 	window1: mouseVisible = False
493.9050 	EXP 	window1: mouseVisible = False
493.9215 	EXP 	window1: mouseVisible = False
493.9382 	EXP 	window1: mouseVisible = False
493.9549 	EXP 	window1: mouseVisible = False
493.9715 	EXP 	window1: mouseVisible = False
493.9883 	EXP 	window1: mouseVisible = False
494.0054 	EXP 	window1: mouseVisible = False
494.0215 	EXP 	window1: mouseVisible = False
494.0382 	EXP 	window1: mouseVisible = False
494.0549 	EXP 	window1: mouseVisible = False
494.0715 	EXP 	window1: mouseVisible = False
494.0882 	EXP 	window1: mouseVisible = False
494.1048 	EXP 	window1: mouseVisible = False
494.1216 	EXP 	window1: mouseVisible = False
494.1382 	EXP 	window1: mouseVisible = False
494.1551 	EXP 	window1: mouseVisible = False
494.1717 	EXP 	window1: mouseVisible = False
494.1884 	EXP 	window1: mouseVisible = False
494.2050 	EXP 	window1: mouseVisible = False
494.2216 	EXP 	window1: mouseVisible = False
494.2381 	EXP 	window1: mouseVisible = False
494.2549 	EXP 	window1: mouseVisible = False
494.2715 	EXP 	window1: mouseVisible = False
494.2882 	EXP 	window1: mouseVisible = False
494.3049 	EXP 	window1: mouseVisible = False
494.3216 	EXP 	window1: mouseVisible = False
494.3382 	EXP 	window1: mouseVisible = False
494.3549 	EXP 	window1: mouseVisible = False
494.3715 	EXP 	window1: mouseVisible = False
494.3882 	EXP 	window1: mouseVisible = False
494.4049 	EXP 	window1: mouseVisible = False
494.4215 	EXP 	window1: mouseVisible = False
494.4382 	EXP 	window1: mouseVisible = False
494.4548 	EXP 	window1: mouseVisible = False
494.4715 	EXP 	window1: mouseVisible = False
494.4881 	EXP 	window1: mouseVisible = False
494.5050 	EXP 	window1: mouseVisible = False
494.5215 	EXP 	window1: mouseVisible = False
494.5382 	EXP 	window1: mouseVisible = False
494.5548 	EXP 	window1: mouseVisible = False
494.5714 	EXP 	window1: mouseVisible = False
494.5882 	EXP 	window1: mouseVisible = False
494.6048 	EXP 	window1: mouseVisible = False
494.6215 	EXP 	window1: mouseVisible = False
494.6384 	EXP 	window1: mouseVisible = False
494.6550 	EXP 	window1: mouseVisible = False
494.6715 	EXP 	window1: mouseVisible = False
494.6881 	EXP 	window1: mouseVisible = False
494.7048 	EXP 	window1: mouseVisible = False
494.7215 	EXP 	window1: mouseVisible = False
494.7382 	EXP 	window1: mouseVisible = False
494.7548 	EXP 	window1: mouseVisible = False
494.7715 	EXP 	window1: mouseVisible = False
494.7881 	EXP 	window1: mouseVisible = False
494.8050 	EXP 	window1: mouseVisible = False
494.8216 	EXP 	window1: mouseVisible = False
494.8382 	EXP 	window1: mouseVisible = False
494.8559 	EXP 	window1: mouseVisible = False
494.8719 	EXP 	window1: mouseVisible = False
494.8884 	EXP 	window1: mouseVisible = False
494.9050 	EXP 	window1: mouseVisible = False
494.9218 	EXP 	window1: mouseVisible = False
494.9383 	EXP 	window1: mouseVisible = False
494.9548 	EXP 	window1: mouseVisible = False
494.9715 	EXP 	window1: mouseVisible = False
494.9882 	EXP 	window1: mouseVisible = False
495.0048 	EXP 	window1: mouseVisible = False
495.0215 	EXP 	window1: mouseVisible = False
495.0382 	EXP 	window1: mouseVisible = False
495.0548 	EXP 	window1: mouseVisible = False
495.0715 	EXP 	window1: mouseVisible = False
495.0882 	EXP 	window1: mouseVisible = False
495.1051 	EXP 	window1: mouseVisible = False
495.1216 	EXP 	window1: mouseVisible = False
495.1383 	EXP 	window1: mouseVisible = False
495.1549 	EXP 	window1: mouseVisible = False
495.1716 	EXP 	window1: mouseVisible = False
495.1882 	EXP 	window1: mouseVisible = False
495.2049 	EXP 	window1: mouseVisible = False
495.2216 	EXP 	window1: mouseVisible = False
495.2383 	EXP 	window1: mouseVisible = False
495.2549 	EXP 	window1: mouseVisible = False
495.2716 	EXP 	window1: mouseVisible = False
495.2883 	EXP 	window1: mouseVisible = False
495.3049 	EXP 	window1: mouseVisible = False
495.3216 	EXP 	window1: mouseVisible = False
495.3382 	EXP 	window1: mouseVisible = False
495.3546 	DATA 	Keypress: space
495.3553 	EXP 	window1: mouseVisible = False
495.4728 	EXP 	New trial (rep=14, index=0): None
495.4868 	EXP 	main_text: autoDraw = True
495.4868 	EXP 	confirm_text: autoDraw = True
495.4868 	EXP 	ratingScale: autoDraw = False
495.4868 	EXP 	main_text: autoDraw = False
495.4868 	EXP 	confirm_text: autoDraw = False
495.4868 	EXP 	text_2: autoDraw = True
495.4868 	EXP 	croix: autoDraw = True
500.4868 	EXP 	text_2: autoDraw = False
500.4868 	EXP 	croix: autoDraw = False
500.4868 	EXP 	text_2: autoDraw = False
500.4868 	EXP 	croix: autoDraw = False
500.4868 	EXP 	thermode_locali: autoDraw = True
512.4707 	EXP 	window1: mouseVisible = True
512.4716 	EXP 	Created unnamed Rect = Rect(__class__=<class 'psychopy.visual.rect.Rect'>, anchor=('center', 'center'), autoDraw=False, autoLog=True, closeShape=True, color=method-wrapper(...), colorSpace='rgb', contrast=None, depth=0, draggable=False, fillColor=array([1, 1, 1]), fillColorSpace='rgb', fillRGB=array([1, 1, 1]), interpolate=True, lineColor=array([1., 1., 1.]), lineColorSpace='rgb', lineRGB=array([1, 1, 1]), lineWidth=1.5, name='unnamed Rect', opacity=1.0, ori=0.0, pos=array([0., 0.]), size=array([0.01, 0.1 ]), units='norm', vertices=ndarray(...), win=Window(...))
512.4716 	EXP 	window1: mouseVisible = True
512.4718 	EXP 	window1: mouseVisible = True
512.4722 	EXP 	window1: mouseVisible = True
512.4735 	EXP 	window1: mouseVisible = True
512.4746 	EXP 	window1: mouseVisible = True
512.4747 	EXP 	window1: mouseVisible = True
512.4749 	EXP 	window1: mouseVisible = True
512.4750 	EXP 	window1: mouseVisible = True
512.4752 	EXP 	window1: mouseVisible = True
512.4753 	EXP 	window1: mouseVisible = True
512.4754 	EXP 	window1: mouseVisible = True
512.4755 	EXP 	window1: mouseVisible = True
512.4757 	EXP 	window1: mouseVisible = True
512.4758 	EXP 	window1: mouseVisible = True
512.4759 	EXP 	window1: mouseVisible = True
512.4761 	EXP 	window1: mouseVisible = True
512.4762 	EXP 	window1: mouseVisible = True
512.4763 	EXP 	window1: mouseVisible = True
512.4765 	EXP 	window1: mouseVisible = True
512.4766 	EXP 	window1: mouseVisible = True
512.4767 	EXP 	window1: mouseVisible = True
512.4768 	EXP 	window1: mouseVisible = True
512.4770 	EXP 	window1: mouseVisible = True
512.4771 	EXP 	window1: mouseVisible = True
512.4772 	EXP 	window1: mouseVisible = True
512.4773 	EXP 	window1: mouseVisible = True
512.4775 	EXP 	window1: mouseVisible = True
512.4776 	EXP 	window1: mouseVisible = True
512.4777 	EXP 	window1: mouseVisible = True
512.4779 	EXP 	window1: mouseVisible = True
512.4780 	EXP 	window1: mouseVisible = True
512.4782 	EXP 	window1: mouseVisible = True
512.4783 	EXP 	window1: mouseVisible = True
512.4784 	EXP 	window1: mouseVisible = True
512.4786 	EXP 	window1: mouseVisible = True
512.4787 	EXP 	window1: mouseVisible = True
512.4788 	EXP 	window1: mouseVisible = True
512.4790 	EXP 	window1: mouseVisible = True
512.4791 	EXP 	window1: mouseVisible = True
512.4792 	EXP 	window1: mouseVisible = True
512.4794 	EXP 	window1: mouseVisible = True
512.4795 	EXP 	window1: mouseVisible = True
512.4796 	EXP 	window1: mouseVisible = True
512.4797 	EXP 	window1: mouseVisible = True
512.4799 	EXP 	window1: mouseVisible = True
512.4800 	EXP 	window1: mouseVisible = True
512.4801 	EXP 	window1: mouseVisible = True
512.4803 	EXP 	window1: mouseVisible = True
512.4804 	EXP 	window1: mouseVisible = True
512.4805 	EXP 	window1: mouseVisible = True
512.4806 	EXP 	window1: mouseVisible = True
512.4808 	EXP 	window1: mouseVisible = True
512.4809 	EXP 	window1: mouseVisible = True
512.4810 	EXP 	window1: mouseVisible = True
512.4811 	EXP 	window1: mouseVisible = True
512.4813 	EXP 	window1: mouseVisible = True
512.4814 	EXP 	window1: mouseVisible = True
512.4815 	EXP 	window1: mouseVisible = True
512.4816 	EXP 	window1: mouseVisible = True
512.4818 	EXP 	window1: mouseVisible = True
512.4819 	EXP 	window1: mouseVisible = True
512.4820 	EXP 	window1: mouseVisible = True
512.4822 	EXP 	window1: mouseVisible = True
512.4823 	EXP 	window1: mouseVisible = True
512.4824 	EXP 	window1: mouseVisible = True
512.4825 	EXP 	window1: mouseVisible = True
512.4827 	EXP 	window1: mouseVisible = True
512.4828 	EXP 	window1: mouseVisible = True
512.4830 	EXP 	window1: mouseVisible = True
512.4831 	EXP 	window1: mouseVisible = True
512.4832 	EXP 	window1: mouseVisible = True
512.4833 	EXP 	window1: mouseVisible = True
512.4835 	EXP 	window1: mouseVisible = True
512.4836 	EXP 	window1: mouseVisible = True
512.4837 	EXP 	window1: mouseVisible = True
512.4838 	EXP 	window1: mouseVisible = True
512.4839 	EXP 	window1: mouseVisible = True
512.4841 	EXP 	window1: mouseVisible = True
512.4842 	EXP 	window1: mouseVisible = True
512.4843 	EXP 	window1: mouseVisible = True
512.4844 	EXP 	window1: mouseVisible = True
512.4846 	EXP 	window1: mouseVisible = True
512.4847 	EXP 	window1: mouseVisible = True
512.4848 	EXP 	window1: mouseVisible = True
512.4849 	EXP 	window1: mouseVisible = True
512.4851 	EXP 	window1: mouseVisible = True
512.4852 	EXP 	window1: mouseVisible = True
512.4853 	EXP 	window1: mouseVisible = True
512.4854 	EXP 	window1: mouseVisible = True
512.4856 	EXP 	window1: mouseVisible = True
512.4857 	EXP 	window1: mouseVisible = True
512.4858 	EXP 	window1: mouseVisible = True
512.4860 	EXP 	window1: mouseVisible = True
512.4862 	EXP 	window1: mouseVisible = True
512.4863 	EXP 	window1: mouseVisible = True
512.4865 	EXP 	window1: mouseVisible = True
512.4866 	EXP 	window1: mouseVisible = True
512.4867 	EXP 	window1: mouseVisible = True
512.4869 	EXP 	window1: mouseVisible = True
512.4870 	EXP 	window1: mouseVisible = True
512.4871 	EXP 	window1: mouseVisible = True
512.4872 	EXP 	window1: mouseVisible = True
512.4874 	EXP 	window1: mouseVisible = True
512.4875 	EXP 	window1: mouseVisible = True
512.4895 	EXP 	Created ratingScale = RatingScale(__class__=type(...), acceptKeys=['return'], acceptPreText=UNKNOWN, acceptSize=UNKNOWN, acceptText=UNKNOWN, autoLog=True, choices=False, colorSpace='rgb', depth=0, disappear=False, flipVert=False, high=100, kwargs=UNKNOWN, labels=list(...), leftKeys=['left'], lineColor=(255, 255, 255), low=0, marker=Rect(...), markerColor=(255, 255, 255), markerExpansion=UNKNOWN, markerStart=0.5, maxTime=0.0, minTime=0.4, mouseOnly=False, name='ratingScale', noMouse=False, pos=[0.0, 0.0], precision=100, respKeys=[], rightKeys=['right'], scale=None, self=UNKNOWN, showAccept=False, showValue=False, singleClick=False, size=0.6, skipKeys=['tab'], stretch=2.0, textColor='white', textFont='Helvetica Bold', textSize=0.144, tickHeight=0, tickMarks=10.0, win=Window(...))
512.4895 	EXP 	RatingScale ratingScale: reset()
512.4916 	EXP 	window1: mouseVisible = False
512.5035 	EXP 	thermode_locali: autoDraw = False
512.5035 	EXP 	thermode_locali: autoDraw = False
512.5035 	EXP 	ratingScale: flipVert = False
512.5035 	EXP 	ratingScale: autoLog = True
512.5052 	EXP 	window1: mouseVisible = False
512.5217 	EXP 	window1: mouseVisible = False
512.5383 	EXP 	window1: mouseVisible = False
512.5550 	EXP 	window1: mouseVisible = False
512.5719 	EXP 	window1: mouseVisible = False
512.5884 	EXP 	window1: mouseVisible = False
512.6050 	EXP 	window1: mouseVisible = False
512.6217 	EXP 	window1: mouseVisible = False
512.6383 	EXP 	window1: mouseVisible = False
512.6550 	EXP 	window1: mouseVisible = False
512.6717 	EXP 	window1: mouseVisible = False
512.6883 	EXP 	window1: mouseVisible = False
512.7050 	EXP 	window1: mouseVisible = False
512.7216 	EXP 	window1: mouseVisible = False
512.7383 	EXP 	window1: mouseVisible = False
512.7550 	EXP 	window1: mouseVisible = False
512.7717 	EXP 	window1: mouseVisible = False
512.7883 	EXP 	window1: mouseVisible = False
512.8050 	EXP 	window1: mouseVisible = False
512.8217 	EXP 	window1: mouseVisible = False
512.8383 	EXP 	window1: mouseVisible = False
512.8550 	EXP 	window1: mouseVisible = False
512.8716 	EXP 	window1: mouseVisible = False
512.8883 	EXP 	window1: mouseVisible = False
512.9051 	EXP 	window1: mouseVisible = False
512.9216 	EXP 	window1: mouseVisible = False
512.9383 	EXP 	window1: mouseVisible = False
512.9550 	EXP 	window1: mouseVisible = False
512.9717 	EXP 	window1: mouseVisible = False
512.9883 	EXP 	window1: mouseVisible = False
513.0051 	EXP 	window1: mouseVisible = False
513.0229 	EXP 	window1: mouseVisible = False
513.0384 	EXP 	window1: mouseVisible = False
513.0550 	EXP 	window1: mouseVisible = False
513.0717 	EXP 	window1: mouseVisible = False
513.0884 	EXP 	window1: mouseVisible = False
513.1050 	EXP 	window1: mouseVisible = False
513.1217 	EXP 	window1: mouseVisible = False
513.1383 	EXP 	window1: mouseVisible = False
513.1550 	EXP 	window1: mouseVisible = False
513.1716 	EXP 	window1: mouseVisible = False
513.1885 	EXP 	window1: mouseVisible = False
513.2046 	DATA 	Keypress: n
513.2052 	EXP 	window1: mouseVisible = False
513.2217 	EXP 	window1: mouseVisible = False
513.2383 	EXP 	window1: mouseVisible = False
513.2550 	EXP 	window1: mouseVisible = False
513.2717 	EXP 	window1: mouseVisible = False
513.2883 	EXP 	window1: mouseVisible = False
513.3050 	EXP 	window1: mouseVisible = False
513.3217 	EXP 	window1: mouseVisible = False
513.3384 	EXP 	window1: mouseVisible = False
513.3550 	EXP 	window1: mouseVisible = False
513.3717 	EXP 	window1: mouseVisible = False
513.3883 	EXP 	window1: mouseVisible = False
513.4050 	EXP 	window1: mouseVisible = False
513.4216 	EXP 	window1: mouseVisible = False
513.4384 	EXP 	window1: mouseVisible = False
513.4547 	DATA 	Keypress: n
513.4553 	EXP 	window1: mouseVisible = False
513.4717 	EXP 	window1: mouseVisible = False
513.4883 	EXP 	window1: mouseVisible = False
513.5051 	EXP 	window1: mouseVisible = False
513.5217 	EXP 	window1: mouseVisible = False
513.5384 	EXP 	window1: mouseVisible = False
513.5552 	EXP 	window1: mouseVisible = False
513.5717 	EXP 	window1: mouseVisible = False
513.5885 	EXP 	window1: mouseVisible = False
513.6051 	EXP 	window1: mouseVisible = False
513.6217 	EXP 	window1: mouseVisible = False
513.6380 	DATA 	Keypress: n
513.6385 	EXP 	window1: mouseVisible = False
513.6551 	EXP 	window1: mouseVisible = False
513.6717 	EXP 	window1: mouseVisible = False
513.6884 	EXP 	window1: mouseVisible = False
513.7050 	EXP 	window1: mouseVisible = False
513.7217 	EXP 	window1: mouseVisible = False
513.7384 	EXP 	window1: mouseVisible = False
513.7551 	EXP 	window1: mouseVisible = False
513.7717 	EXP 	window1: mouseVisible = False
513.7884 	EXP 	window1: mouseVisible = False
513.8046 	DATA 	Keypress: n
513.8052 	EXP 	window1: mouseVisible = False
513.8217 	EXP 	window1: mouseVisible = False
513.8384 	EXP 	window1: mouseVisible = False
513.8551 	EXP 	window1: mouseVisible = False
513.8717 	EXP 	window1: mouseVisible = False
513.8884 	EXP 	window1: mouseVisible = False
513.9057 	EXP 	window1: mouseVisible = False
513.9217 	EXP 	window1: mouseVisible = False
513.9384 	EXP 	window1: mouseVisible = False
513.9551 	EXP 	window1: mouseVisible = False
513.9713 	DATA 	Keypress: n
513.9718 	EXP 	window1: mouseVisible = False
513.9883 	EXP 	window1: mouseVisible = False
514.0051 	EXP 	window1: mouseVisible = False
514.0217 	EXP 	window1: mouseVisible = False
514.0386 	EXP 	window1: mouseVisible = False
514.0553 	EXP 	window1: mouseVisible = False
514.0718 	EXP 	window1: mouseVisible = False
514.0886 	EXP 	window1: mouseVisible = False
514.1052 	EXP 	window1: mouseVisible = False
514.1219 	EXP 	window1: mouseVisible = False
514.1385 	EXP 	window1: mouseVisible = False
514.1551 	EXP 	window1: mouseVisible = False
514.1717 	EXP 	window1: mouseVisible = False
514.1883 	EXP 	window1: mouseVisible = False
514.2051 	EXP 	window1: mouseVisible = False
514.2219 	EXP 	window1: mouseVisible = False
514.2384 	EXP 	window1: mouseVisible = False
514.2550 	EXP 	window1: mouseVisible = False
514.2717 	EXP 	window1: mouseVisible = False
514.2884 	EXP 	window1: mouseVisible = False
514.3051 	EXP 	window1: mouseVisible = False
514.3217 	EXP 	window1: mouseVisible = False
514.3383 	EXP 	window1: mouseVisible = False
514.3551 	EXP 	window1: mouseVisible = False
514.3717 	EXP 	window1: mouseVisible = False
514.3884 	EXP 	window1: mouseVisible = False
514.4051 	EXP 	window1: mouseVisible = False
514.4217 	EXP 	window1: mouseVisible = False
514.4383 	EXP 	window1: mouseVisible = False
514.4551 	EXP 	window1: mouseVisible = False
514.4717 	EXP 	window1: mouseVisible = False
514.4884 	EXP 	window1: mouseVisible = False
514.5050 	EXP 	window1: mouseVisible = False
514.5217 	EXP 	window1: mouseVisible = False
514.5384 	EXP 	window1: mouseVisible = False
514.5546 	DATA 	Keypress: space
514.6550 	EXP 	New trial (rep=15, index=0): None
514.6703 	EXP 	main_text: autoDraw = True
514.6703 	EXP 	confirm_text: autoDraw = True
514.6703 	EXP 	ratingScale: autoDraw = False
514.6703 	EXP 	main_text: autoDraw = False
514.6703 	EXP 	confirm_text: autoDraw = False
514.6703 	EXP 	text_2: autoDraw = True
514.6703 	EXP 	croix: autoDraw = True
519.6704 	EXP 	text_2: autoDraw = False
519.6704 	EXP 	croix: autoDraw = False
519.6704 	EXP 	text_2: autoDraw = False
519.6704 	EXP 	croix: autoDraw = False
519.6704 	EXP 	thermode_locali: autoDraw = True
531.6544 	EXP 	window1: mouseVisible = True
531.6552 	EXP 	Created unnamed Rect = Rect(__class__=<class 'psychopy.visual.rect.Rect'>, anchor=('center', 'center'), autoDraw=False, autoLog=True, closeShape=True, color=method-wrapper(...), colorSpace='rgb', contrast=None, depth=0, draggable=False, fillColor=array([1, 1, 1]), fillColorSpace='rgb', fillRGB=array([1, 1, 1]), interpolate=True, lineColor=array([1., 1., 1.]), lineColorSpace='rgb', lineRGB=array([1, 1, 1]), lineWidth=1.5, name='unnamed Rect', opacity=1.0, ori=0.0, pos=array([0., 0.]), size=array([0.01, 0.1 ]), units='norm', vertices=ndarray(...), win=Window(...))
531.6553 	EXP 	window1: mouseVisible = True
531.6554 	EXP 	window1: mouseVisible = True
531.6560 	EXP 	window1: mouseVisible = True
531.6571 	EXP 	window1: mouseVisible = True
531.6582 	EXP 	window1: mouseVisible = True
531.6584 	EXP 	window1: mouseVisible = True
531.6585 	EXP 	window1: mouseVisible = True
531.6586 	EXP 	window1: mouseVisible = True
531.6588 	EXP 	window1: mouseVisible = True
531.6589 	EXP 	window1: mouseVisible = True
531.6590 	EXP 	window1: mouseVisible = True
531.6592 	EXP 	window1: mouseVisible = True
531.6593 	EXP 	window1: mouseVisible = True
531.6594 	EXP 	window1: mouseVisible = True
531.6596 	EXP 	window1: mouseVisible = True
531.6597 	EXP 	window1: mouseVisible = True
531.6598 	EXP 	window1: mouseVisible = True
531.6600 	EXP 	window1: mouseVisible = True
531.6602 	EXP 	window1: mouseVisible = True
531.6603 	EXP 	window1: mouseVisible = True
531.6604 	EXP 	window1: mouseVisible = True
531.6606 	EXP 	window1: mouseVisible = True
531.6607 	EXP 	window1: mouseVisible = True
531.6608 	EXP 	window1: mouseVisible = True
531.6610 	EXP 	window1: mouseVisible = True
531.6611 	EXP 	window1: mouseVisible = True
531.6612 	EXP 	window1: mouseVisible = True
531.6613 	EXP 	window1: mouseVisible = True
531.6615 	EXP 	window1: mouseVisible = True
531.6616 	EXP 	window1: mouseVisible = True
531.6617 	EXP 	window1: mouseVisible = True
531.6618 	EXP 	window1: mouseVisible = True
531.6620 	EXP 	window1: mouseVisible = True
531.6621 	EXP 	window1: mouseVisible = True
531.6622 	EXP 	window1: mouseVisible = True
531.6623 	EXP 	window1: mouseVisible = True
531.6625 	EXP 	window1: mouseVisible = True
531.6626 	EXP 	window1: mouseVisible = True
531.6627 	EXP 	window1: mouseVisible = True
531.6628 	EXP 	window1: mouseVisible = True
531.6630 	EXP 	window1: mouseVisible = True
531.6631 	EXP 	window1: mouseVisible = True
531.6632 	EXP 	window1: mouseVisible = True
531.6634 	EXP 	window1: mouseVisible = True
531.6635 	EXP 	window1: mouseVisible = True
531.6636 	EXP 	window1: mouseVisible = True
531.6637 	EXP 	window1: mouseVisible = True
531.6639 	EXP 	window1: mouseVisible = True
531.6641 	EXP 	window1: mouseVisible = True
531.6645 	EXP 	window1: mouseVisible = True
531.6647 	EXP 	window1: mouseVisible = True
531.6648 	EXP 	window1: mouseVisible = True
531.6649 	EXP 	window1: mouseVisible = True
531.6650 	EXP 	window1: mouseVisible = True
531.6652 	EXP 	window1: mouseVisible = True
531.6653 	EXP 	window1: mouseVisible = True
531.6654 	EXP 	window1: mouseVisible = True
531.6656 	EXP 	window1: mouseVisible = True
531.6657 	EXP 	window1: mouseVisible = True
531.6658 	EXP 	window1: mouseVisible = True
531.6659 	EXP 	window1: mouseVisible = True
531.6661 	EXP 	window1: mouseVisible = True
531.6664 	EXP 	window1: mouseVisible = True
531.6669 	EXP 	window1: mouseVisible = True
531.6671 	EXP 	window1: mouseVisible = True
531.6672 	EXP 	window1: mouseVisible = True
531.6674 	EXP 	window1: mouseVisible = True
531.6675 	EXP 	window1: mouseVisible = True
531.6676 	EXP 	window1: mouseVisible = True
531.6678 	EXP 	window1: mouseVisible = True
531.6679 	EXP 	window1: mouseVisible = True
531.6680 	EXP 	window1: mouseVisible = True
531.6681 	EXP 	window1: mouseVisible = True
531.6683 	EXP 	window1: mouseVisible = True
531.6684 	EXP 	window1: mouseVisible = True
531.6685 	EXP 	window1: mouseVisible = True
531.6687 	EXP 	window1: mouseVisible = True
531.6688 	EXP 	window1: mouseVisible = True
531.6689 	EXP 	window1: mouseVisible = True
531.6690 	EXP 	window1: mouseVisible = True
531.6692 	EXP 	window1: mouseVisible = True
531.6693 	EXP 	window1: mouseVisible = True
531.6695 	EXP 	window1: mouseVisible = True
531.6696 	EXP 	window1: mouseVisible = True
531.6697 	EXP 	window1: mouseVisible = True
531.6698 	EXP 	window1: mouseVisible = True
531.6700 	EXP 	window1: mouseVisible = True
531.6702 	EXP 	window1: mouseVisible = True
531.6703 	EXP 	window1: mouseVisible = True
531.6704 	EXP 	window1: mouseVisible = True
531.6706 	EXP 	window1: mouseVisible = True
531.6707 	EXP 	window1: mouseVisible = True
531.6708 	EXP 	window1: mouseVisible = True
531.6710 	EXP 	window1: mouseVisible = True
531.6711 	EXP 	window1: mouseVisible = True
531.6712 	EXP 	window1: mouseVisible = True
531.6713 	EXP 	window1: mouseVisible = True
531.6715 	EXP 	window1: mouseVisible = True
531.6716 	EXP 	window1: mouseVisible = True
531.6717 	EXP 	window1: mouseVisible = True
531.6718 	EXP 	window1: mouseVisible = True
531.6720 	EXP 	window1: mouseVisible = True
531.6721 	EXP 	window1: mouseVisible = True
531.6722 	EXP 	window1: mouseVisible = True
531.6743 	EXP 	Created ratingScale = RatingScale(__class__=type(...), acceptKeys=['return'], acceptPreText=UNKNOWN, acceptSize=UNKNOWN, acceptText=UNKNOWN, autoLog=True, choices=False, colorSpace='rgb', depth=0, disappear=False, flipVert=False, high=100, kwargs=UNKNOWN, labels=list(...), leftKeys=['left'], lineColor=(255, 255, 255), low=0, marker=Rect(...), markerColor=(255, 255, 255), markerExpansion=UNKNOWN, markerStart=0.5, maxTime=0.0, minTime=0.4, mouseOnly=False, name='ratingScale', noMouse=False, pos=[0.0, 0.0], precision=100, respKeys=[], rightKeys=['right'], scale=None, self=UNKNOWN, showAccept=False, showValue=False, singleClick=False, size=0.6, skipKeys=['tab'], stretch=2.0, textColor='white', textFont='Helvetica Bold', textSize=0.144, tickHeight=0, tickMarks=10.0, win=Window(...))
531.6744 	EXP 	RatingScale ratingScale: reset()
531.6764 	EXP 	window1: mouseVisible = False
531.6872 	EXP 	thermode_locali: autoDraw = False
531.6872 	EXP 	thermode_locali: autoDraw = False
531.6872 	EXP 	ratingScale: flipVert = False
531.6872 	EXP 	ratingScale: autoLog = True
531.6887 	EXP 	window1: mouseVisible = False
531.7053 	EXP 	window1: mouseVisible = False
531.7220 	EXP 	window1: mouseVisible = False
531.7387 	EXP 	window1: mouseVisible = False
531.7553 	EXP 	window1: mouseVisible = False
531.7720 	EXP 	window1: mouseVisible = False
531.7887 	EXP 	window1: mouseVisible = False
531.8054 	EXP 	window1: mouseVisible = False
531.8219 	EXP 	window1: mouseVisible = False
531.8386 	EXP 	window1: mouseVisible = False
531.8552 	EXP 	window1: mouseVisible = False
531.8719 	EXP 	window1: mouseVisible = False
531.8886 	EXP 	window1: mouseVisible = False
531.9052 	EXP 	window1: mouseVisible = False
531.9219 	EXP 	window1: mouseVisible = False
531.9386 	EXP 	window1: mouseVisible = False
531.9552 	EXP 	window1: mouseVisible = False
531.9719 	EXP 	window1: mouseVisible = False
531.9885 	EXP 	window1: mouseVisible = False
532.0052 	EXP 	window1: mouseVisible = False
532.0219 	EXP 	window1: mouseVisible = False
532.0386 	EXP 	window1: mouseVisible = False
532.0552 	EXP 	window1: mouseVisible = False
532.0719 	EXP 	window1: mouseVisible = False
532.0886 	EXP 	window1: mouseVisible = False
532.1052 	EXP 	window1: mouseVisible = False
532.1219 	EXP 	window1: mouseVisible = False
532.1387 	EXP 	window1: mouseVisible = False
532.1554 	EXP 	window1: mouseVisible = False
532.1719 	EXP 	window1: mouseVisible = False
532.1886 	EXP 	window1: mouseVisible = False
532.2054 	EXP 	window1: mouseVisible = False
532.2219 	EXP 	window1: mouseVisible = False
532.2386 	EXP 	window1: mouseVisible = False
532.2554 	EXP 	window1: mouseVisible = False
532.2719 	EXP 	window1: mouseVisible = False
532.2888 	EXP 	window1: mouseVisible = False
532.3054 	EXP 	window1: mouseVisible = False
532.3221 	EXP 	window1: mouseVisible = False
532.3386 	EXP 	window1: mouseVisible = False
532.3553 	EXP 	window1: mouseVisible = False
532.3715 	DATA 	Keypress: n
532.3721 	EXP 	window1: mouseVisible = False
532.3887 	EXP 	window1: mouseVisible = False
532.4055 	EXP 	window1: mouseVisible = False
532.4221 	EXP 	window1: mouseVisible = False
532.4387 	EXP 	window1: mouseVisible = False
532.4554 	EXP 	window1: mouseVisible = False
532.4719 	EXP 	window1: mouseVisible = False
532.4886 	EXP 	window1: mouseVisible = False
532.5052 	EXP 	window1: mouseVisible = False
532.5219 	EXP 	window1: mouseVisible = False
532.5386 	EXP 	window1: mouseVisible = False
532.5552 	EXP 	window1: mouseVisible = False
532.5719 	EXP 	window1: mouseVisible = False
532.5886 	EXP 	window1: mouseVisible = False
532.6052 	EXP 	window1: mouseVisible = False
532.6219 	EXP 	window1: mouseVisible = False
532.6385 	EXP 	window1: mouseVisible = False
532.6552 	EXP 	window1: mouseVisible = False
532.6720 	EXP 	window1: mouseVisible = False
532.6887 	EXP 	window1: mouseVisible = False
532.7053 	EXP 	window1: mouseVisible = False
532.7219 	EXP 	window1: mouseVisible = False
532.7386 	EXP 	window1: mouseVisible = False
532.7552 	EXP 	window1: mouseVisible = False
532.7721 	EXP 	window1: mouseVisible = False
532.7887 	EXP 	window1: mouseVisible = False
532.8052 	EXP 	window1: mouseVisible = False
532.8219 	EXP 	window1: mouseVisible = False
532.8386 	EXP 	window1: mouseVisible = False
532.8552 	EXP 	window1: mouseVisible = False
532.8720 	EXP 	window1: mouseVisible = False
532.8887 	EXP 	window1: mouseVisible = False
532.9054 	EXP 	window1: mouseVisible = False
532.9220 	EXP 	window1: mouseVisible = False
532.9387 	EXP 	window1: mouseVisible = False
532.9555 	EXP 	window1: mouseVisible = False
532.9720 	EXP 	window1: mouseVisible = False
532.9886 	EXP 	window1: mouseVisible = False
533.0054 	EXP 	window1: mouseVisible = False
533.0220 	EXP 	window1: mouseVisible = False
533.0387 	EXP 	window1: mouseVisible = False
533.0554 	EXP 	window1: mouseVisible = False
533.0720 	EXP 	window1: mouseVisible = False
533.0888 	EXP 	window1: mouseVisible = False
533.1054 	EXP 	window1: mouseVisible = False
533.1220 	EXP 	window1: mouseVisible = False
533.1387 	EXP 	window1: mouseVisible = False
533.1553 	EXP 	window1: mouseVisible = False
533.1723 	EXP 	window1: mouseVisible = False
533.1887 	EXP 	window1: mouseVisible = False
533.2049 	DATA 	Keypress: n
533.2054 	EXP 	window1: mouseVisible = False
533.2220 	EXP 	window1: mouseVisible = False
533.2396 	EXP 	window1: mouseVisible = False
533.2554 	EXP 	window1: mouseVisible = False
533.2722 	EXP 	window1: mouseVisible = False
533.2888 	EXP 	window1: mouseVisible = False
533.3054 	EXP 	window1: mouseVisible = False
533.3222 	EXP 	window1: mouseVisible = False
533.3387 	EXP 	window1: mouseVisible = False
533.3554 	EXP 	window1: mouseVisible = False
533.3722 	EXP 	window1: mouseVisible = False
533.3887 	EXP 	window1: mouseVisible = False
533.4055 	EXP 	window1: mouseVisible = False
533.4220 	EXP 	window1: mouseVisible = False
533.4387 	EXP 	window1: mouseVisible = False
533.4553 	EXP 	window1: mouseVisible = False
533.4724 	EXP 	window1: mouseVisible = False
533.4887 	EXP 	window1: mouseVisible = False
533.5053 	EXP 	window1: mouseVisible = False
533.5220 	EXP 	window1: mouseVisible = False
533.5387 	EXP 	window1: mouseVisible = False
533.5553 	EXP 	window1: mouseVisible = False
533.5721 	EXP 	window1: mouseVisible = False
533.5887 	EXP 	window1: mouseVisible = False
533.6053 	EXP 	window1: mouseVisible = False
533.6220 	EXP 	window1: mouseVisible = False
533.6387 	EXP 	window1: mouseVisible = False
533.6551 	DATA 	Keypress: n
533.6557 	EXP 	window1: mouseVisible = False
533.6723 	EXP 	window1: mouseVisible = False
533.6887 	EXP 	window1: mouseVisible = False
533.7054 	EXP 	window1: mouseVisible = False
533.7220 	EXP 	window1: mouseVisible = False
533.7387 	EXP 	window1: mouseVisible = False
533.7555 	EXP 	window1: mouseVisible = False
533.7724 	EXP 	window1: mouseVisible = False
533.7887 	EXP 	window1: mouseVisible = False
533.8056 	EXP 	window1: mouseVisible = False
533.8220 	EXP 	window1: mouseVisible = False
533.8386 	EXP 	window1: mouseVisible = False
533.8553 	EXP 	window1: mouseVisible = False
533.8719 	EXP 	window1: mouseVisible = False
533.8886 	EXP 	window1: mouseVisible = False
533.9053 	EXP 	window1: mouseVisible = False
533.9219 	EXP 	window1: mouseVisible = False
533.9386 	EXP 	window1: mouseVisible = False
533.9552 	EXP 	window1: mouseVisible = False
533.9721 	EXP 	window1: mouseVisible = False
533.9886 	EXP 	window1: mouseVisible = False
534.0054 	EXP 	window1: mouseVisible = False
534.0220 	EXP 	window1: mouseVisible = False
534.0386 	EXP 	window1: mouseVisible = False
534.0556 	DATA 	Keypress: space
534.1706 	EXP 	main_text: autoDraw = True
534.1706 	EXP 	confirm_text: autoDraw = True
534.1706 	EXP 	ratingScale: autoDraw = False
534.1706 	EXP 	main_text: autoDraw = False
534.1706 	EXP 	confirm_text: autoDraw = False
534.1706 	EXP 	text: autoDraw = True
547.1375 	EXP 	Created sequence: random, trialTypes=1, nReps=4, seed=None
547.1376 	EXP 	New trial (rep=0, index=0): None
547.1381 	DATA 	Keypress: p
547.1539 	EXP 	text: autoDraw = False
547.1539 	EXP 	text_7: autoDraw = True
548.3375 	EXP 	Created sequence: random, trialTypes=1, nReps=2, seed=None
548.3376 	EXP 	New trial (rep=0, index=0): None
548.3393 	DATA 	Keypress: p
548.3539 	EXP 	text_7: autoDraw = False
548.3539 	EXP 	text_eva: autoDraw = True
548.3539 	EXP 	croix_2: autoDraw = True
553.3542 	EXP 	text_eva: autoDraw = False
553.3542 	EXP 	croix_2: autoDraw = False
553.3542 	EXP 	thermode_locali_EVA: autoDraw = True
565.3377 	EXP 	window1: mouseVisible = True
565.3386 	EXP 	Created unnamed Rect = Rect(__class__=<class 'psychopy.visual.rect.Rect'>, anchor=('center', 'center'), autoDraw=False, autoLog=True, closeShape=True, color=method-wrapper(...), colorSpace='rgb', contrast=None, depth=0, draggable=False, fillColor=array([1, 1, 1]), fillColorSpace='rgb', fillRGB=array([1, 1, 1]), interpolate=True, lineColor=array([1., 1., 1.]), lineColorSpace='rgb', lineRGB=array([1, 1, 1]), lineWidth=1.5, name='unnamed Rect', opacity=1.0, ori=0.0, pos=array([0., 0.]), size=array([0.01, 0.1 ]), units='norm', vertices=ndarray(...), win=Window(...))
565.3386 	EXP 	window1: mouseVisible = True
565.3388 	EXP 	window1: mouseVisible = True
565.3392 	EXP 	window1: mouseVisible = True
565.3408 	EXP 	window1: mouseVisible = True
565.3419 	EXP 	window1: mouseVisible = True
565.3420 	EXP 	window1: mouseVisible = True
565.3422 	EXP 	window1: mouseVisible = True
565.3423 	EXP 	window1: mouseVisible = True
565.3425 	EXP 	window1: mouseVisible = True
565.3426 	EXP 	window1: mouseVisible = True
565.3427 	EXP 	window1: mouseVisible = True
565.3429 	EXP 	window1: mouseVisible = True
565.3430 	EXP 	window1: mouseVisible = True
565.3431 	EXP 	window1: mouseVisible = True
565.3433 	EXP 	window1: mouseVisible = True
565.3434 	EXP 	window1: mouseVisible = True
565.3435 	EXP 	window1: mouseVisible = True
565.3437 	EXP 	window1: mouseVisible = True
565.3438 	EXP 	window1: mouseVisible = True
565.3439 	EXP 	window1: mouseVisible = True
565.3440 	EXP 	window1: mouseVisible = True
565.3442 	EXP 	window1: mouseVisible = True
565.3443 	EXP 	window1: mouseVisible = True
565.3444 	EXP 	window1: mouseVisible = True
565.3445 	EXP 	window1: mouseVisible = True
565.3447 	EXP 	window1: mouseVisible = True
565.3448 	EXP 	window1: mouseVisible = True
565.3449 	EXP 	window1: mouseVisible = True
565.3450 	EXP 	window1: mouseVisible = True
565.3452 	EXP 	window1: mouseVisible = True
565.3453 	EXP 	window1: mouseVisible = True
565.3455 	EXP 	window1: mouseVisible = True
565.3456 	EXP 	window1: mouseVisible = True
565.3458 	EXP 	window1: mouseVisible = True
565.3459 	EXP 	window1: mouseVisible = True
565.3460 	EXP 	window1: mouseVisible = True
565.3461 	EXP 	window1: mouseVisible = True
565.3463 	EXP 	window1: mouseVisible = True
565.3464 	EXP 	window1: mouseVisible = True
565.3465 	EXP 	window1: mouseVisible = True
565.3466 	EXP 	window1: mouseVisible = True
565.3468 	EXP 	window1: mouseVisible = True
565.3469 	EXP 	window1: mouseVisible = True
565.3470 	EXP 	window1: mouseVisible = True
565.3471 	EXP 	window1: mouseVisible = True
565.3473 	EXP 	window1: mouseVisible = True
565.3474 	EXP 	window1: mouseVisible = True
565.3475 	EXP 	window1: mouseVisible = True
565.3477 	EXP 	window1: mouseVisible = True
565.3478 	EXP 	window1: mouseVisible = True
565.3479 	EXP 	window1: mouseVisible = True
565.3480 	EXP 	window1: mouseVisible = True
565.3482 	EXP 	window1: mouseVisible = True
565.3483 	EXP 	window1: mouseVisible = True
565.3484 	EXP 	window1: mouseVisible = True
565.3486 	EXP 	window1: mouseVisible = True
565.3487 	EXP 	window1: mouseVisible = True
565.3488 	EXP 	window1: mouseVisible = True
565.3489 	EXP 	window1: mouseVisible = True
565.3491 	EXP 	window1: mouseVisible = True
565.3492 	EXP 	window1: mouseVisible = True
565.3493 	EXP 	window1: mouseVisible = True
565.3495 	EXP 	window1: mouseVisible = True
565.3496 	EXP 	window1: mouseVisible = True
565.3497 	EXP 	window1: mouseVisible = True
565.3498 	EXP 	window1: mouseVisible = True
565.3500 	EXP 	window1: mouseVisible = True
565.3501 	EXP 	window1: mouseVisible = True
565.3502 	EXP 	window1: mouseVisible = True
565.3503 	EXP 	window1: mouseVisible = True
565.3505 	EXP 	window1: mouseVisible = True
565.3506 	EXP 	window1: mouseVisible = True
565.3507 	EXP 	window1: mouseVisible = True
565.3508 	EXP 	window1: mouseVisible = True
565.3510 	EXP 	window1: mouseVisible = True
565.3511 	EXP 	window1: mouseVisible = True
565.3512 	EXP 	window1: mouseVisible = True
565.3513 	EXP 	window1: mouseVisible = True
565.3515 	EXP 	window1: mouseVisible = True
565.3518 	EXP 	window1: mouseVisible = True
565.3520 	EXP 	window1: mouseVisible = True
565.3523 	EXP 	window1: mouseVisible = True
565.3524 	EXP 	window1: mouseVisible = True
565.3525 	EXP 	window1: mouseVisible = True
565.3527 	EXP 	window1: mouseVisible = True
565.3528 	EXP 	window1: mouseVisible = True
565.3529 	EXP 	window1: mouseVisible = True
565.3530 	EXP 	window1: mouseVisible = True
565.3532 	EXP 	window1: mouseVisible = True
565.3533 	EXP 	window1: mouseVisible = True
565.3534 	EXP 	window1: mouseVisible = True
565.3536 	EXP 	window1: mouseVisible = True
565.3537 	EXP 	window1: mouseVisible = True
565.3538 	EXP 	window1: mouseVisible = True
565.3540 	EXP 	window1: mouseVisible = True
565.3541 	EXP 	window1: mouseVisible = True
565.3542 	EXP 	window1: mouseVisible = True
565.3544 	EXP 	window1: mouseVisible = True
565.3545 	EXP 	window1: mouseVisible = True
565.3546 	EXP 	window1: mouseVisible = True
565.3547 	EXP 	window1: mouseVisible = True
565.3549 	EXP 	window1: mouseVisible = True
565.3550 	EXP 	window1: mouseVisible = True
565.3551 	EXP 	window1: mouseVisible = True
565.3572 	EXP 	Created ratingScale = RatingScale(__class__=type(...), acceptKeys=['return'], acceptPreText=UNKNOWN, acceptSize=UNKNOWN, acceptText=UNKNOWN, autoLog=True, choices=False, colorSpace='rgb', depth=0, disappear=False, flipVert=False, high=100, kwargs=UNKNOWN, labels=list(...), leftKeys=['left'], lineColor=(255, 255, 255), low=0, marker=Rect(...), markerColor=(255, 255, 255), markerExpansion=UNKNOWN, markerStart=0.5, maxTime=0.0, minTime=0.4, mouseOnly=False, name='ratingScale', noMouse=False, pos=[0.0, 0.0], precision=100, respKeys=[], rightKeys=['right'], scale=None, self=UNKNOWN, showAccept=False, showValue=False, singleClick=False, size=0.6, skipKeys=['tab'], stretch=2.0, textColor='white', textFont='Helvetica Bold', textSize=0.144, tickHeight=0, tickMarks=10.0, win=Window(...))
565.3573 	EXP 	RatingScale ratingScale: reset()
565.3593 	EXP 	window1: mouseVisible = False
565.3709 	EXP 	thermode_locali_EVA: autoDraw = False
565.3709 	EXP 	ratingScale: flipVert = False
565.3709 	EXP 	ratingScale: autoLog = True
565.3724 	EXP 	window1: mouseVisible = False
565.3890 	EXP 	window1: mouseVisible = False
565.4058 	EXP 	window1: mouseVisible = False
565.4223 	EXP 	window1: mouseVisible = False
565.4390 	EXP 	window1: mouseVisible = False
565.4557 	EXP 	window1: mouseVisible = False
565.4723 	EXP 	window1: mouseVisible = False
565.4890 	EXP 	window1: mouseVisible = False
565.5056 	EXP 	window1: mouseVisible = False
565.5223 	EXP 	window1: mouseVisible = False
565.5390 	EXP 	window1: mouseVisible = False
565.5556 	EXP 	window1: mouseVisible = False
565.5723 	EXP 	window1: mouseVisible = False
565.5890 	EXP 	window1: mouseVisible = False
565.6056 	EXP 	window1: mouseVisible = False
565.6223 	EXP 	window1: mouseVisible = False
565.6391 	EXP 	window1: mouseVisible = False
565.6557 	EXP 	window1: mouseVisible = False
565.6723 	EXP 	window1: mouseVisible = False
565.6896 	EXP 	window1: mouseVisible = False
565.7056 	EXP 	window1: mouseVisible = False
565.7223 	EXP 	window1: mouseVisible = False
565.7389 	EXP 	window1: mouseVisible = False
565.7556 	EXP 	window1: mouseVisible = False
565.7723 	EXP 	window1: mouseVisible = False
565.7891 	EXP 	window1: mouseVisible = False
565.8056 	EXP 	window1: mouseVisible = False
565.8222 	EXP 	window1: mouseVisible = False
565.8388 	EXP 	window1: mouseVisible = False
565.8555 	EXP 	window1: mouseVisible = False
565.8722 	EXP 	window1: mouseVisible = False
565.8888 	EXP 	window1: mouseVisible = False
565.9055 	EXP 	window1: mouseVisible = False
565.9222 	EXP 	window1: mouseVisible = False
565.9388 	EXP 	window1: mouseVisible = False
565.9556 	EXP 	window1: mouseVisible = False
565.9718 	DATA 	Keypress: m
565.9723 	EXP 	window1: mouseVisible = False
565.9888 	EXP 	window1: mouseVisible = False
566.0055 	EXP 	window1: mouseVisible = False
566.0222 	EXP 	window1: mouseVisible = False
566.0391 	EXP 	window1: mouseVisible = False
566.0556 	EXP 	window1: mouseVisible = False
566.0722 	EXP 	window1: mouseVisible = False
566.0889 	EXP 	window1: mouseVisible = False
566.1055 	EXP 	window1: mouseVisible = False
566.1222 	EXP 	window1: mouseVisible = False
566.1389 	EXP 	window1: mouseVisible = False
566.1557 	EXP 	window1: mouseVisible = False
566.1722 	EXP 	window1: mouseVisible = False
566.1888 	EXP 	window1: mouseVisible = False
566.2055 	EXP 	window1: mouseVisible = False
566.2222 	EXP 	window1: mouseVisible = False
566.2388 	EXP 	window1: mouseVisible = False
566.2556 	EXP 	window1: mouseVisible = False
566.2722 	EXP 	window1: mouseVisible = False
566.2889 	EXP 	window1: mouseVisible = False
566.3056 	EXP 	window1: mouseVisible = False
566.3222 	EXP 	window1: mouseVisible = False
566.3388 	EXP 	window1: mouseVisible = False
566.3555 	EXP 	window1: mouseVisible = False
566.3722 	EXP 	window1: mouseVisible = False
566.3889 	EXP 	window1: mouseVisible = False
566.4055 	EXP 	window1: mouseVisible = False
566.4221 	EXP 	window1: mouseVisible = False
566.4388 	EXP 	window1: mouseVisible = False
566.4556 	EXP 	window1: mouseVisible = False
566.4723 	EXP 	window1: mouseVisible = False
566.4889 	EXP 	window1: mouseVisible = False
566.5057 	EXP 	window1: mouseVisible = False
566.5223 	EXP 	window1: mouseVisible = False
566.5389 	EXP 	window1: mouseVisible = False
566.5555 	EXP 	window1: mouseVisible = False
566.5723 	EXP 	window1: mouseVisible = False
566.5890 	EXP 	window1: mouseVisible = False
566.6056 	EXP 	window1: mouseVisible = False
566.6222 	EXP 	window1: mouseVisible = False
566.6390 	EXP 	window1: mouseVisible = False
566.6557 	EXP 	window1: mouseVisible = False
566.6722 	EXP 	window1: mouseVisible = False
566.6889 	EXP 	window1: mouseVisible = False
566.7056 	EXP 	window1: mouseVisible = False
566.7222 	EXP 	window1: mouseVisible = False
566.7389 	EXP 	window1: mouseVisible = False
566.7556 	EXP 	window1: mouseVisible = False
566.7723 	EXP 	window1: mouseVisible = False
566.7889 	EXP 	window1: mouseVisible = False
566.8059 	EXP 	window1: mouseVisible = False
566.8224 	EXP 	window1: mouseVisible = False
566.8389 	EXP 	window1: mouseVisible = False
566.8556 	EXP 	window1: mouseVisible = False
566.8723 	EXP 	window1: mouseVisible = False
566.8889 	EXP 	window1: mouseVisible = False
566.9056 	EXP 	window1: mouseVisible = False
566.9225 	EXP 	window1: mouseVisible = False
566.9391 	EXP 	window1: mouseVisible = False
566.9556 	EXP 	window1: mouseVisible = False
566.9724 	EXP 	window1: mouseVisible = False
566.9890 	EXP 	window1: mouseVisible = False
567.0057 	EXP 	window1: mouseVisible = False
567.0224 	EXP 	window1: mouseVisible = False
567.0392 	EXP 	window1: mouseVisible = False
567.0556 	EXP 	window1: mouseVisible = False
567.0723 	EXP 	window1: mouseVisible = False
567.0889 	EXP 	window1: mouseVisible = False
567.1056 	EXP 	window1: mouseVisible = False
567.1223 	EXP 	window1: mouseVisible = False
567.1389 	EXP 	window1: mouseVisible = False
567.1556 	EXP 	window1: mouseVisible = False
567.1722 	EXP 	window1: mouseVisible = False
567.1890 	EXP 	window1: mouseVisible = False
567.2060 	EXP 	window1: mouseVisible = False
567.2224 	EXP 	window1: mouseVisible = False
567.2389 	EXP 	window1: mouseVisible = False
567.2557 	EXP 	window1: mouseVisible = False
567.2722 	EXP 	window1: mouseVisible = False
567.2889 	EXP 	window1: mouseVisible = False
567.3056 	EXP 	window1: mouseVisible = False
567.3222 	EXP 	window1: mouseVisible = False
567.3389 	EXP 	window1: mouseVisible = False
567.3558 	EXP 	window1: mouseVisible = False
567.3722 	EXP 	window1: mouseVisible = False
567.3889 	EXP 	window1: mouseVisible = False
567.4056 	EXP 	window1: mouseVisible = False
567.4222 	EXP 	window1: mouseVisible = False
567.4389 	EXP 	window1: mouseVisible = False
567.4556 	EXP 	window1: mouseVisible = False
567.4722 	EXP 	window1: mouseVisible = False
567.4889 	EXP 	window1: mouseVisible = False
567.5054 	DATA 	Keypress: m
567.5059 	EXP 	window1: mouseVisible = False
567.5223 	EXP 	window1: mouseVisible = False
567.5391 	EXP 	window1: mouseVisible = False
567.5557 	EXP 	window1: mouseVisible = False
567.5723 	EXP 	window1: mouseVisible = False
567.5890 	EXP 	window1: mouseVisible = False
567.6057 	EXP 	window1: mouseVisible = False
567.6223 	EXP 	window1: mouseVisible = False
567.6391 	EXP 	window1: mouseVisible = False
567.6557 	EXP 	window1: mouseVisible = False
567.6723 	EXP 	window1: mouseVisible = False
567.6891 	EXP 	window1: mouseVisible = False
567.7057 	EXP 	window1: mouseVisible = False
567.7223 	EXP 	window1: mouseVisible = False
567.7390 	EXP 	window1: mouseVisible = False
567.7557 	EXP 	window1: mouseVisible = False
567.7723 	EXP 	window1: mouseVisible = False
567.7889 	EXP 	window1: mouseVisible = False
567.8057 	EXP 	window1: mouseVisible = False
567.8227 	EXP 	window1: mouseVisible = False
567.8390 	EXP 	window1: mouseVisible = False
567.8557 	EXP 	window1: mouseVisible = False
567.8724 	EXP 	window1: mouseVisible = False
567.8890 	EXP 	window1: mouseVisible = False
567.9059 	EXP 	window1: mouseVisible = False
567.9224 	EXP 	window1: mouseVisible = False
567.9390 	EXP 	window1: mouseVisible = False
567.9556 	EXP 	window1: mouseVisible = False
567.9723 	EXP 	window1: mouseVisible = False
567.9890 	EXP 	window1: mouseVisible = False
568.0061 	DATA 	Keypress: space
568.1069 	EXP 	New trial (rep=1, index=0): None
568.1208 	EXP 	main_text: autoDraw = True
568.1208 	EXP 	confirm_text: autoDraw = True
568.1208 	EXP 	ratingScale: autoDraw = False
568.1208 	EXP 	main_text: autoDraw = False
568.1208 	EXP 	confirm_text: autoDraw = False
568.1208 	EXP 	text_eva: autoDraw = True
568.1208 	EXP 	croix_2: autoDraw = True
573.1210 	EXP 	text_eva: autoDraw = False
573.1210 	EXP 	croix_2: autoDraw = False
573.1210 	EXP 	text_eva: autoDraw = False
573.1210 	EXP 	croix_2: autoDraw = False
573.1210 	EXP 	thermode_locali_EVA: autoDraw = True
585.1047 	EXP 	window1: mouseVisible = True
585.1056 	EXP 	Created unnamed Rect = Rect(__class__=<class 'psychopy.visual.rect.Rect'>, anchor=('center', 'center'), autoDraw=False, autoLog=True, closeShape=True, color=method-wrapper(...), colorSpace='rgb', contrast=None, depth=0, draggable=False, fillColor=array([1, 1, 1]), fillColorSpace='rgb', fillRGB=array([1, 1, 1]), interpolate=True, lineColor=array([1., 1., 1.]), lineColorSpace='rgb', lineRGB=array([1, 1, 1]), lineWidth=1.5, name='unnamed Rect', opacity=1.0, ori=0.0, pos=array([0., 0.]), size=array([0.01, 0.1 ]), units='norm', vertices=ndarray(...), win=Window(...))
585.1057 	EXP 	window1: mouseVisible = True
585.1058 	EXP 	window1: mouseVisible = True
585.1063 	EXP 	window1: mouseVisible = True
585.1074 	EXP 	window1: mouseVisible = True
585.1089 	EXP 	window1: mouseVisible = True
585.1091 	EXP 	window1: mouseVisible = True
585.1093 	EXP 	window1: mouseVisible = True
585.1094 	EXP 	window1: mouseVisible = True
585.1095 	EXP 	window1: mouseVisible = True
585.1097 	EXP 	window1: mouseVisible = True
585.1098 	EXP 	window1: mouseVisible = True
585.1100 	EXP 	window1: mouseVisible = True
585.1101 	EXP 	window1: mouseVisible = True
585.1102 	EXP 	window1: mouseVisible = True
585.1104 	EXP 	window1: mouseVisible = True
585.1105 	EXP 	window1: mouseVisible = True
585.1106 	EXP 	window1: mouseVisible = True
585.1107 	EXP 	window1: mouseVisible = True
585.1109 	EXP 	window1: mouseVisible = True
585.1110 	EXP 	window1: mouseVisible = True
585.1111 	EXP 	window1: mouseVisible = True
585.1113 	EXP 	window1: mouseVisible = True
585.1114 	EXP 	window1: mouseVisible = True
585.1115 	EXP 	window1: mouseVisible = True
585.1116 	EXP 	window1: mouseVisible = True
585.1118 	EXP 	window1: mouseVisible = True
585.1119 	EXP 	window1: mouseVisible = True
585.1120 	EXP 	window1: mouseVisible = True
585.1122 	EXP 	window1: mouseVisible = True
585.1123 	EXP 	window1: mouseVisible = True
585.1124 	EXP 	window1: mouseVisible = True
585.1125 	EXP 	window1: mouseVisible = True
585.1127 	EXP 	window1: mouseVisible = True
585.1129 	EXP 	window1: mouseVisible = True
585.1131 	EXP 	window1: mouseVisible = True
585.1133 	EXP 	window1: mouseVisible = True
585.1134 	EXP 	window1: mouseVisible = True
585.1137 	EXP 	window1: mouseVisible = True
585.1139 	EXP 	window1: mouseVisible = True
585.1141 	EXP 	window1: mouseVisible = True
585.1143 	EXP 	window1: mouseVisible = True
585.1144 	EXP 	window1: mouseVisible = True
585.1145 	EXP 	window1: mouseVisible = True
585.1147 	EXP 	window1: mouseVisible = True
585.1148 	EXP 	window1: mouseVisible = True
585.1149 	EXP 	window1: mouseVisible = True
585.1151 	EXP 	window1: mouseVisible = True
585.1152 	EXP 	window1: mouseVisible = True
585.1153 	EXP 	window1: mouseVisible = True
585.1154 	EXP 	window1: mouseVisible = True
585.1156 	EXP 	window1: mouseVisible = True
585.1157 	EXP 	window1: mouseVisible = True
585.1158 	EXP 	window1: mouseVisible = True
585.1160 	EXP 	window1: mouseVisible = True
585.1161 	EXP 	window1: mouseVisible = True
585.1162 	EXP 	window1: mouseVisible = True
585.1164 	EXP 	window1: mouseVisible = True
585.1165 	EXP 	window1: mouseVisible = True
585.1166 	EXP 	window1: mouseVisible = True
585.1167 	EXP 	window1: mouseVisible = True
585.1169 	EXP 	window1: mouseVisible = True
585.1170 	EXP 	window1: mouseVisible = True
585.1171 	EXP 	window1: mouseVisible = True
585.1172 	EXP 	window1: mouseVisible = True
585.1174 	EXP 	window1: mouseVisible = True
585.1175 	EXP 	window1: mouseVisible = True
585.1176 	EXP 	window1: mouseVisible = True
585.1178 	EXP 	window1: mouseVisible = True
585.1179 	EXP 	window1: mouseVisible = True
585.1180 	EXP 	window1: mouseVisible = True
585.1182 	EXP 	window1: mouseVisible = True
585.1183 	EXP 	window1: mouseVisible = True
585.1184 	EXP 	window1: mouseVisible = True
585.1186 	EXP 	window1: mouseVisible = True
585.1187 	EXP 	window1: mouseVisible = True
585.1189 	EXP 	window1: mouseVisible = True
585.1190 	EXP 	window1: mouseVisible = True
585.1191 	EXP 	window1: mouseVisible = True
585.1192 	EXP 	window1: mouseVisible = True
585.1194 	EXP 	window1: mouseVisible = True
585.1195 	EXP 	window1: mouseVisible = True
585.1196 	EXP 	window1: mouseVisible = True
585.1198 	EXP 	window1: mouseVisible = True
585.1199 	EXP 	window1: mouseVisible = True
585.1200 	EXP 	window1: mouseVisible = True
585.1201 	EXP 	window1: mouseVisible = True
585.1203 	EXP 	window1: mouseVisible = True
585.1204 	EXP 	window1: mouseVisible = True
585.1205 	EXP 	window1: mouseVisible = True
585.1206 	EXP 	window1: mouseVisible = True
585.1208 	EXP 	window1: mouseVisible = True
585.1209 	EXP 	window1: mouseVisible = True
585.1210 	EXP 	window1: mouseVisible = True
585.1211 	EXP 	window1: mouseVisible = True
585.1213 	EXP 	window1: mouseVisible = True
585.1214 	EXP 	window1: mouseVisible = True
585.1215 	EXP 	window1: mouseVisible = True
585.1217 	EXP 	window1: mouseVisible = True
585.1218 	EXP 	window1: mouseVisible = True
585.1219 	EXP 	window1: mouseVisible = True
585.1221 	EXP 	window1: mouseVisible = True
585.1222 	EXP 	window1: mouseVisible = True
585.1223 	EXP 	window1: mouseVisible = True
585.1225 	EXP 	window1: mouseVisible = True
585.1245 	EXP 	Created ratingScale = RatingScale(__class__=type(...), acceptKeys=['return'], acceptPreText=UNKNOWN, acceptSize=UNKNOWN, acceptText=UNKNOWN, autoLog=True, choices=False, colorSpace='rgb', depth=0, disappear=False, flipVert=False, high=100, kwargs=UNKNOWN, labels=list(...), leftKeys=['left'], lineColor=(255, 255, 255), low=0, marker=Rect(...), markerColor=(255, 255, 255), markerExpansion=UNKNOWN, markerStart=0.5, maxTime=0.0, minTime=0.4, mouseOnly=False, name='ratingScale', noMouse=False, pos=[0.0, 0.0], precision=100, respKeys=[], rightKeys=['right'], scale=None, self=UNKNOWN, showAccept=False, showValue=False, singleClick=False, size=0.6, skipKeys=['tab'], stretch=2.0, textColor='white', textFont='Helvetica Bold', textSize=0.144, tickHeight=0, tickMarks=10.0, win=Window(...))
585.1246 	EXP 	RatingScale ratingScale: reset()
585.1266 	EXP 	window1: mouseVisible = False
585.1377 	EXP 	thermode_locali_EVA: autoDraw = False
585.1377 	EXP 	thermode_locali_EVA: autoDraw = False
585.1377 	EXP 	ratingScale: flipVert = False
585.1377 	EXP 	ratingScale: autoLog = True
585.1392 	EXP 	window1: mouseVisible = False
585.1558 	EXP 	window1: mouseVisible = False
585.1725 	EXP 	window1: mouseVisible = False
585.1893 	EXP 	window1: mouseVisible = False
585.2058 	EXP 	window1: mouseVisible = False
585.2227 	EXP 	window1: mouseVisible = False
585.2392 	EXP 	window1: mouseVisible = False
585.2558 	EXP 	window1: mouseVisible = False
585.2725 	EXP 	window1: mouseVisible = False
585.2893 	EXP 	window1: mouseVisible = False
585.3058 	EXP 	window1: mouseVisible = False
585.3225 	EXP 	window1: mouseVisible = False
585.3391 	EXP 	window1: mouseVisible = False
585.3558 	EXP 	window1: mouseVisible = False
585.3725 	EXP 	window1: mouseVisible = False
585.3891 	EXP 	window1: mouseVisible = False
585.4058 	EXP 	window1: mouseVisible = False
585.4224 	EXP 	window1: mouseVisible = False
585.4392 	EXP 	window1: mouseVisible = False
585.4558 	EXP 	window1: mouseVisible = False
585.4725 	EXP 	window1: mouseVisible = False
585.4891 	EXP 	window1: mouseVisible = False
585.5058 	EXP 	window1: mouseVisible = False
585.5226 	EXP 	window1: mouseVisible = False
585.5391 	EXP 	window1: mouseVisible = False
585.5558 	EXP 	window1: mouseVisible = False
585.5724 	EXP 	window1: mouseVisible = False
585.5891 	EXP 	window1: mouseVisible = False
585.6058 	EXP 	window1: mouseVisible = False
585.6225 	EXP 	window1: mouseVisible = False
585.6393 	EXP 	window1: mouseVisible = False
585.6558 	EXP 	window1: mouseVisible = False
585.6725 	EXP 	window1: mouseVisible = False
585.6891 	EXP 	window1: mouseVisible = False
585.7058 	EXP 	window1: mouseVisible = False
585.7224 	EXP 	window1: mouseVisible = False
585.7391 	EXP 	window1: mouseVisible = False
585.7557 	EXP 	window1: mouseVisible = False
585.7724 	EXP 	window1: mouseVisible = False
585.7891 	EXP 	window1: mouseVisible = False
585.8058 	EXP 	window1: mouseVisible = False
585.8224 	EXP 	window1: mouseVisible = False
585.8391 	EXP 	window1: mouseVisible = False
585.8558 	EXP 	window1: mouseVisible = False
585.8724 	EXP 	window1: mouseVisible = False
585.8891 	EXP 	window1: mouseVisible = False
585.9058 	EXP 	window1: mouseVisible = False
585.9224 	EXP 	window1: mouseVisible = False
585.9391 	EXP 	window1: mouseVisible = False
585.9558 	EXP 	window1: mouseVisible = False
585.9724 	EXP 	window1: mouseVisible = False
585.9891 	EXP 	window1: mouseVisible = False
586.0058 	EXP 	window1: mouseVisible = False
586.0224 	EXP 	window1: mouseVisible = False
586.0391 	EXP 	window1: mouseVisible = False
586.0557 	EXP 	window1: mouseVisible = False
586.0721 	DATA 	Keypress: n
586.0726 	EXP 	window1: mouseVisible = False
586.0891 	EXP 	window1: mouseVisible = False
586.1058 	EXP 	window1: mouseVisible = False
586.1224 	EXP 	window1: mouseVisible = False
586.1393 	EXP 	window1: mouseVisible = False
586.1560 	EXP 	window1: mouseVisible = False
586.1727 	EXP 	window1: mouseVisible = False
586.1895 	EXP 	window1: mouseVisible = False
586.2060 	EXP 	window1: mouseVisible = False
586.2225 	EXP 	window1: mouseVisible = False
586.2392 	EXP 	window1: mouseVisible = False
586.2559 	EXP 	window1: mouseVisible = False
586.2724 	EXP 	window1: mouseVisible = False
586.2891 	EXP 	window1: mouseVisible = False
586.3057 	EXP 	window1: mouseVisible = False
586.3224 	EXP 	window1: mouseVisible = False
586.3392 	EXP 	window1: mouseVisible = False
586.3557 	EXP 	window1: mouseVisible = False
586.3724 	EXP 	window1: mouseVisible = False
586.3891 	EXP 	window1: mouseVisible = False
586.4057 	EXP 	window1: mouseVisible = False
586.4224 	EXP 	window1: mouseVisible = False
586.4391 	EXP 	window1: mouseVisible = False
586.4558 	EXP 	window1: mouseVisible = False
586.4724 	EXP 	window1: mouseVisible = False
586.4891 	EXP 	window1: mouseVisible = False
586.5058 	EXP 	window1: mouseVisible = False
586.5224 	EXP 	window1: mouseVisible = False
586.5391 	EXP 	window1: mouseVisible = False
586.5559 	EXP 	window1: mouseVisible = False
586.5726 	EXP 	window1: mouseVisible = False
586.5891 	EXP 	window1: mouseVisible = False
586.6057 	EXP 	window1: mouseVisible = False
586.6224 	EXP 	window1: mouseVisible = False
586.6391 	EXP 	window1: mouseVisible = False
586.6562 	EXP 	window1: mouseVisible = False
586.6726 	EXP 	window1: mouseVisible = False
586.6892 	EXP 	window1: mouseVisible = False
586.7059 	EXP 	window1: mouseVisible = False
586.7227 	EXP 	window1: mouseVisible = False
586.7393 	EXP 	window1: mouseVisible = False
586.7559 	EXP 	window1: mouseVisible = False
586.7726 	EXP 	window1: mouseVisible = False
586.7891 	EXP 	window1: mouseVisible = False
586.8057 	EXP 	window1: mouseVisible = False
586.8224 	EXP 	window1: mouseVisible = False
586.8391 	EXP 	window1: mouseVisible = False
586.8559 	EXP 	window1: mouseVisible = False
586.8726 	EXP 	window1: mouseVisible = False
586.8891 	EXP 	window1: mouseVisible = False
586.9058 	EXP 	window1: mouseVisible = False
586.9224 	EXP 	window1: mouseVisible = False
586.9391 	EXP 	window1: mouseVisible = False
586.9558 	EXP 	window1: mouseVisible = False
586.9724 	EXP 	window1: mouseVisible = False
586.9891 	EXP 	window1: mouseVisible = False
587.0058 	EXP 	window1: mouseVisible = False
587.0225 	EXP 	window1: mouseVisible = False
587.0391 	EXP 	window1: mouseVisible = False
587.0558 	EXP 	window1: mouseVisible = False
587.0724 	EXP 	window1: mouseVisible = False
587.0891 	EXP 	window1: mouseVisible = False
587.1057 	EXP 	window1: mouseVisible = False
587.1224 	EXP 	window1: mouseVisible = False
587.1393 	EXP 	window1: mouseVisible = False
587.1566 	EXP 	window1: mouseVisible = False
587.1725 	EXP 	window1: mouseVisible = False
587.1892 	EXP 	window1: mouseVisible = False
587.2058 	EXP 	window1: mouseVisible = False
587.2225 	EXP 	window1: mouseVisible = False
587.2391 	EXP 	window1: mouseVisible = False
587.2560 	DATA 	Keypress: space
587.3711 	EXP 	main_text: autoDraw = True
587.3711 	EXP 	confirm_text: autoDraw = True
587.3711 	EXP 	ratingScale: autoDraw = False
587.3711 	EXP 	main_text: autoDraw = False
587.3711 	EXP 	confirm_text: autoDraw = False
587.3711 	EXP 	text_8: autoDraw = True
590.6047 	EXP 	Created sequence: random, trialTypes=1, nReps=4, seed=None
590.6048 	EXP 	New trial (rep=0, index=0): None
590.6066 	DATA 	Keypress: p
590.6211 	EXP 	text_8: autoDraw = False
590.6211 	EXP 	text_pic: autoDraw = True
590.6211 	EXP 	croix_3: autoDraw = True
595.6212 	EXP 	text_pic: autoDraw = False
595.6212 	EXP 	croix_3: autoDraw = False
595.6212 	EXP 	thermode_locali_pic: height = 0.02
595.6212 	EXP 	thermode_locali_pic: height = 0.02
595.6212 	EXP 	thermode_locali_pic: height = 0.02
595.6212 	EXP 	thermode_locali_pic: text = 'T : 2'
595.6212 	EXP 	responsel: height = 0.08
595.6212 	EXP 	responsel: height = 0.08
595.6212 	EXP 	responsel: height = 0.08
595.6212 	EXP 	responsel: text = 'NON              '
595.6212 	EXP 	thermode_locali_pic: autoDraw = True
603.6047 	EXP 	responsel: autoDraw = True
603.6047 	EXP 	percu_or: autoDraw = True
603.6047 	EXP 	responser: autoDraw = True
604.3891 	DATA 	Keypress: m
604.4213 	EXP 	responsel: foreColor = (0, 0, 0)
604.4380 	EXP 	responsel: foreColor = (0, 0, 0)
604.4547 	EXP 	responsel: foreColor = (0, 0, 0)
604.4713 	EXP 	responsel: foreColor = (0, 0, 0)
604.4880 	EXP 	responsel: foreColor = (0, 0, 0)
604.5047 	EXP 	responsel: foreColor = (0, 0, 0)
604.5213 	EXP 	responsel: foreColor = (0, 0, 0)
604.5380 	EXP 	responsel: foreColor = (0, 0, 0)
604.5547 	EXP 	responsel: foreColor = (0, 0, 0)
604.5713 	EXP 	responsel: foreColor = (0, 0, 0)
604.5880 	EXP 	responsel: foreColor = (0, 0, 0)
604.6047 	EXP 	responsel: foreColor = (0, 0, 0)
604.6213 	EXP 	responsel: foreColor = (0, 0, 0)
604.6380 	EXP 	responsel: foreColor = (0, 0, 0)
604.6547 	EXP 	responsel: foreColor = (0, 0, 0)
604.6714 	EXP 	responsel: foreColor = (0, 0, 0)
604.6880 	EXP 	responsel: foreColor = (0, 0, 0)
604.7046 	EXP 	responsel: foreColor = (0, 0, 0)
604.7213 	EXP 	responsel: foreColor = (0, 0, 0)
604.7380 	EXP 	responsel: foreColor = (0, 0, 0)
604.7546 	EXP 	responsel: foreColor = (0, 0, 0)
604.7714 	EXP 	responsel: foreColor = (0, 0, 0)
604.7880 	EXP 	responsel: foreColor = (0, 0, 0)
604.8046 	EXP 	responsel: foreColor = (0, 0, 0)
604.8214 	EXP 	responsel: foreColor = (0, 0, 0)
604.8380 	EXP 	responsel: foreColor = (0, 0, 0)
604.8547 	EXP 	responsel: foreColor = (0, 0, 0)
604.8714 	EXP 	responsel: foreColor = (0, 0, 0)
604.8880 	EXP 	responsel: foreColor = (0, 0, 0)
604.9047 	EXP 	responsel: foreColor = (0, 0, 0)
604.9214 	EXP 	responsel: foreColor = (0, 0, 0)
604.9380 	EXP 	responsel: foreColor = (0, 0, 0)
604.9547 	EXP 	responsel: foreColor = (0, 0, 0)
604.9714 	EXP 	responsel: foreColor = (0, 0, 0)
604.9880 	EXP 	responsel: foreColor = (0, 0, 0)
605.0047 	EXP 	responsel: foreColor = (0, 0, 0)
605.0214 	EXP 	responsel: foreColor = (0, 0, 0)
605.0380 	EXP 	responsel: foreColor = (0, 0, 0)
605.0547 	EXP 	responsel: foreColor = (0, 0, 0)
605.0713 	EXP 	responsel: foreColor = (0, 0, 0)
605.0880 	EXP 	responsel: foreColor = (0, 0, 0)
605.1046 	EXP 	responsel: foreColor = (0, 0, 0)
605.1213 	EXP 	responsel: foreColor = (0, 0, 0)
605.1380 	EXP 	responsel: foreColor = (0, 0, 0)
605.1547 	EXP 	responsel: foreColor = (0, 0, 0)
605.1714 	EXP 	responsel: foreColor = (0, 0, 0)
605.1880 	EXP 	responsel: foreColor = (0, 0, 0)
605.2047 	EXP 	responsel: foreColor = (0, 0, 0)
605.2214 	EXP 	responsel: foreColor = (0, 0, 0)
605.2380 	EXP 	responsel: foreColor = (0, 0, 0)
605.2547 	EXP 	responsel: foreColor = (0, 0, 0)
605.2714 	EXP 	responsel: foreColor = (0, 0, 0)
605.2880 	EXP 	responsel: foreColor = (0, 0, 0)
605.3047 	EXP 	responsel: foreColor = (0, 0, 0)
605.3214 	EXP 	responsel: foreColor = (0, 0, 0)
605.3380 	EXP 	responsel: foreColor = (0, 0, 0)
605.3547 	EXP 	responsel: foreColor = (0, 0, 0)
605.3714 	EXP 	responsel: foreColor = (0, 0, 0)
605.3880 	EXP 	responsel: foreColor = (0, 0, 0)
605.4047 	EXP 	responsel: foreColor = (0, 0, 0)
605.4214 	EXP 	responsel: foreColor = (0, 0, 0)
605.4379 	EXP 	responsel: foreColor = (0, 0, 0)
605.4547 	EXP 	responsel: foreColor = (0, 0, 0)
605.4714 	EXP 	responsel: foreColor = (0, 0, 0)
605.4880 	EXP 	responsel: foreColor = (0, 0, 0)
605.5047 	EXP 	responsel: foreColor = (0, 0, 0)
605.5213 	EXP 	responsel: foreColor = (0, 0, 0)
605.5380 	EXP 	responsel: foreColor = (0, 0, 0)
605.5547 	EXP 	responsel: foreColor = (0, 0, 0)
605.5714 	EXP 	responsel: foreColor = (0, 0, 0)
605.5880 	EXP 	responsel: foreColor = (0, 0, 0)
605.6047 	EXP 	responsel: foreColor = (0, 0, 0)
605.6214 	EXP 	responsel: foreColor = (0, 0, 0)
605.6380 	EXP 	responsel: foreColor = (0, 0, 0)
605.6547 	EXP 	responsel: foreColor = (0, 0, 0)
605.6714 	EXP 	responsel: foreColor = (0, 0, 0)
605.6880 	EXP 	responsel: foreColor = (0, 0, 0)
605.7047 	EXP 	responsel: foreColor = (0, 0, 0)
605.7214 	EXP 	responsel: foreColor = (0, 0, 0)
605.7380 	EXP 	responsel: foreColor = (0, 0, 0)
605.7547 	EXP 	responsel: foreColor = (0, 0, 0)
605.7714 	EXP 	responsel: foreColor = (0, 0, 0)
605.7880 	EXP 	responsel: foreColor = (0, 0, 0)
605.8047 	EXP 	responsel: foreColor = (0, 0, 0)
605.8214 	EXP 	responsel: foreColor = (0, 0, 0)
605.8380 	EXP 	responsel: foreColor = (0, 0, 0)
605.8547 	EXP 	responsel: foreColor = (0, 0, 0)
605.8714 	EXP 	responsel: foreColor = (0, 0, 0)
605.8880 	EXP 	responsel: foreColor = (0, 0, 0)
605.9047 	EXP 	responsel: foreColor = (0, 0, 0)
605.9213 	EXP 	responsel: foreColor = (0, 0, 0)
605.9380 	EXP 	responsel: foreColor = (0, 0, 0)
605.9547 	EXP 	responsel: foreColor = (0, 0, 0)
605.9714 	EXP 	responsel: foreColor = (0, 0, 0)
605.9880 	EXP 	responsel: foreColor = (0, 0, 0)
606.0047 	EXP 	responsel: foreColor = (0, 0, 0)
606.0214 	EXP 	responsel: foreColor = (0, 0, 0)
606.0380 	EXP 	responsel: foreColor = (0, 0, 0)
606.0547 	EXP 	responsel: foreColor = (0, 0, 0)
606.0713 	EXP 	responsel: foreColor = (0, 0, 0)
606.0880 	EXP 	responsel: foreColor = (0, 0, 0)
606.1047 	EXP 	responsel: foreColor = (0, 0, 0)
606.1214 	EXP 	responsel: foreColor = (0, 0, 0)
606.1380 	EXP 	responsel: foreColor = (0, 0, 0)
606.1547 	EXP 	responsel: foreColor = (0, 0, 0)
606.1714 	EXP 	responsel: foreColor = (0, 0, 0)
606.1880 	EXP 	responsel: foreColor = (0, 0, 0)
606.2047 	EXP 	responsel: foreColor = (0, 0, 0)
606.2214 	EXP 	responsel: foreColor = (0, 0, 0)
606.2380 	EXP 	responsel: foreColor = (0, 0, 0)
606.2547 	EXP 	responsel: foreColor = (0, 0, 0)
606.2714 	EXP 	responsel: foreColor = (0, 0, 0)
606.2880 	EXP 	responsel: foreColor = (0, 0, 0)
606.3047 	EXP 	responsel: foreColor = (0, 0, 0)
606.3214 	EXP 	responsel: foreColor = (0, 0, 0)
606.3380 	EXP 	responsel: foreColor = (0, 0, 0)
606.3547 	EXP 	responsel: foreColor = (0, 0, 0)
606.3714 	EXP 	responsel: foreColor = (0, 0, 0)
606.3880 	EXP 	responsel: foreColor = (0, 0, 0)
606.4047 	EXP 	responsel: foreColor = (0, 0, 0)
606.4213 	EXP 	responsel: foreColor = (0, 0, 0)
606.4380 	EXP 	responsel: foreColor = (0, 0, 0)
606.4546 	EXP 	responsel: foreColor = (0, 0, 0)
606.4714 	EXP 	responsel: foreColor = (0, 0, 0)
606.4880 	EXP 	responsel: foreColor = (0, 0, 0)
606.5047 	EXP 	responsel: foreColor = (0, 0, 0)
606.5214 	EXP 	responsel: foreColor = (0, 0, 0)
606.5381 	EXP 	responsel: foreColor = (0, 0, 0)
606.5547 	EXP 	responsel: foreColor = (0, 0, 0)
606.5714 	EXP 	responsel: foreColor = (0, 0, 0)
606.5714 	EXP 	thermode_locali_pic: autoDraw = False
606.5880 	EXP 	responsel: foreColor = (0, 0, 0)
606.5887 	EXP 	New trial (rep=1, index=0): None
606.6047 	EXP 	responsel: foreColor = (0, 0, 0)
606.6047 	EXP 	responsel: autoDraw = False
606.6047 	EXP 	percu_or: autoDraw = False
606.6047 	EXP 	responser: autoDraw = False
606.6047 	EXP 	thermode_locali_pic: autoDraw = False
606.6047 	EXP 	responsel: autoDraw = False
606.6047 	EXP 	percu_or: autoDraw = False
606.6047 	EXP 	responser: autoDraw = False
606.6047 	EXP 	responsel: foreColor = 'white'
606.6047 	EXP 	responser: foreColor = 'white'
606.6047 	EXP 	text_pic: autoDraw = True
606.6047 	EXP 	croix_3: autoDraw = True
611.6048 	EXP 	text_pic: autoDraw = False
611.6048 	EXP 	croix_3: autoDraw = False
611.6048 	EXP 	text_pic: autoDraw = False
611.6048 	EXP 	croix_3: autoDraw = False
611.6048 	EXP 	thermode_locali_pic: height = 0.02
611.6048 	EXP 	thermode_locali_pic: height = 0.02
611.6048 	EXP 	thermode_locali_pic: height = 0.02
611.6048 	EXP 	thermode_locali_pic: text = 'T : 3'
611.6048 	EXP 	responsel: text = 'NON              '
611.6048 	EXP 	thermode_locali_pic: autoDraw = True
619.5881 	EXP 	responsel: autoDraw = True
619.5881 	EXP 	percu_or: autoDraw = True
619.5881 	EXP 	responser: autoDraw = True
620.1392 	DATA 	Keypress: m
620.1714 	EXP 	responsel: foreColor = (0, 0, 0)
620.1881 	EXP 	responsel: foreColor = (0, 0, 0)
620.2048 	EXP 	responsel: foreColor = (0, 0, 0)
620.2214 	EXP 	responsel: foreColor = (0, 0, 0)
620.2381 	EXP 	responsel: foreColor = (0, 0, 0)
620.2548 	EXP 	responsel: foreColor = (0, 0, 0)
620.2715 	EXP 	responsel: foreColor = (0, 0, 0)
620.2883 	EXP 	responsel: foreColor = (0, 0, 0)
620.3048 	EXP 	responsel: foreColor = (0, 0, 0)
620.3215 	EXP 	responsel: foreColor = (0, 0, 0)
620.3383 	EXP 	responsel: foreColor = (0, 0, 0)
620.3547 	EXP 	responsel: foreColor = (0, 0, 0)
620.3714 	EXP 	responsel: foreColor = (0, 0, 0)
620.3881 	EXP 	responsel: foreColor = (0, 0, 0)
620.4047 	EXP 	responsel: foreColor = (0, 0, 0)
620.4214 	EXP 	responsel: foreColor = (0, 0, 0)
620.4381 	EXP 	responsel: foreColor = (0, 0, 0)
620.4548 	EXP 	responsel: foreColor = (0, 0, 0)
620.4715 	EXP 	responsel: foreColor = (0, 0, 0)
620.4881 	EXP 	responsel: foreColor = (0, 0, 0)
620.5047 	EXP 	responsel: foreColor = (0, 0, 0)
620.5215 	EXP 	responsel: foreColor = (0, 0, 0)
620.5381 	EXP 	responsel: foreColor = (0, 0, 0)
620.5547 	EXP 	responsel: foreColor = (0, 0, 0)
620.5715 	EXP 	responsel: foreColor = (0, 0, 0)
620.5881 	EXP 	responsel: foreColor = (0, 0, 0)
620.6047 	EXP 	responsel: foreColor = (0, 0, 0)
620.6215 	EXP 	responsel: foreColor = (0, 0, 0)
620.6381 	EXP 	responsel: foreColor = (0, 0, 0)
620.6547 	EXP 	responsel: foreColor = (0, 0, 0)
620.6714 	EXP 	responsel: foreColor = (0, 0, 0)
620.6881 	EXP 	responsel: foreColor = (0, 0, 0)
620.7048 	EXP 	responsel: foreColor = (0, 0, 0)
620.7214 	EXP 	responsel: foreColor = (0, 0, 0)
620.7381 	EXP 	responsel: foreColor = (0, 0, 0)
620.7547 	EXP 	responsel: foreColor = (0, 0, 0)
620.7714 	EXP 	responsel: foreColor = (0, 0, 0)
620.7881 	EXP 	responsel: foreColor = (0, 0, 0)
620.8047 	EXP 	responsel: foreColor = (0, 0, 0)
620.8214 	EXP 	responsel: foreColor = (0, 0, 0)
620.8381 	EXP 	responsel: foreColor = (0, 0, 0)
620.8547 	EXP 	responsel: foreColor = (0, 0, 0)
620.8714 	EXP 	responsel: foreColor = (0, 0, 0)
620.8881 	EXP 	responsel: foreColor = (0, 0, 0)
620.9047 	EXP 	responsel: foreColor = (0, 0, 0)
620.9214 	EXP 	responsel: foreColor = (0, 0, 0)
620.9381 	EXP 	responsel: foreColor = (0, 0, 0)
620.9548 	EXP 	responsel: foreColor = (0, 0, 0)
620.9714 	EXP 	responsel: foreColor = (0, 0, 0)
620.9881 	EXP 	responsel: foreColor = (0, 0, 0)
621.0047 	EXP 	responsel: foreColor = (0, 0, 0)
621.0214 	EXP 	responsel: foreColor = (0, 0, 0)
621.0381 	EXP 	responsel: foreColor = (0, 0, 0)
621.0548 	EXP 	responsel: foreColor = (0, 0, 0)
621.0714 	EXP 	responsel: foreColor = (0, 0, 0)
621.0881 	EXP 	responsel: foreColor = (0, 0, 0)
621.1047 	EXP 	responsel: foreColor = (0, 0, 0)
621.1214 	EXP 	responsel: foreColor = (0, 0, 0)
621.1381 	EXP 	responsel: foreColor = (0, 0, 0)
621.1547 	EXP 	responsel: foreColor = (0, 0, 0)
621.1714 	EXP 	responsel: foreColor = (0, 0, 0)
621.1881 	EXP 	responsel: foreColor = (0, 0, 0)
621.2047 	EXP 	responsel: foreColor = (0, 0, 0)
621.2214 	EXP 	responsel: foreColor = (0, 0, 0)
621.2381 	EXP 	responsel: foreColor = (0, 0, 0)
621.2548 	EXP 	responsel: foreColor = (0, 0, 0)
621.2714 	EXP 	responsel: foreColor = (0, 0, 0)
621.2881 	EXP 	responsel: foreColor = (0, 0, 0)
621.3047 	EXP 	responsel: foreColor = (0, 0, 0)
621.3214 	EXP 	responsel: foreColor = (0, 0, 0)
621.3381 	EXP 	responsel: foreColor = (0, 0, 0)
621.3549 	EXP 	responsel: foreColor = (0, 0, 0)
621.3714 	EXP 	responsel: foreColor = (0, 0, 0)
621.3881 	EXP 	responsel: foreColor = (0, 0, 0)
621.4048 	EXP 	responsel: foreColor = (0, 0, 0)
621.4215 	EXP 	responsel: foreColor = (0, 0, 0)
621.4381 	EXP 	responsel: foreColor = (0, 0, 0)
621.4548 	EXP 	responsel: foreColor = (0, 0, 0)
621.4715 	EXP 	responsel: foreColor = (0, 0, 0)
621.4881 	EXP 	responsel: foreColor = (0, 0, 0)
621.5048 	EXP 	responsel: foreColor = (0, 0, 0)
621.5215 	EXP 	responsel: foreColor = (0, 0, 0)
621.5381 	EXP 	responsel: foreColor = (0, 0, 0)
621.5548 	EXP 	responsel: foreColor = (0, 0, 0)
621.5715 	EXP 	responsel: foreColor = (0, 0, 0)
621.5881 	EXP 	responsel: foreColor = (0, 0, 0)
621.6048 	EXP 	responsel: foreColor = (0, 0, 0)
621.6215 	EXP 	responsel: foreColor = (0, 0, 0)
621.6381 	EXP 	responsel: foreColor = (0, 0, 0)
621.6548 	EXP 	responsel: foreColor = (0, 0, 0)
621.6715 	EXP 	responsel: foreColor = (0, 0, 0)
621.6881 	EXP 	responsel: foreColor = (0, 0, 0)
621.7048 	EXP 	responsel: foreColor = (0, 0, 0)
621.7215 	EXP 	responsel: foreColor = (0, 0, 0)
621.7381 	EXP 	responsel: foreColor = (0, 0, 0)
621.7548 	EXP 	responsel: foreColor = (0, 0, 0)
621.7715 	EXP 	responsel: foreColor = (0, 0, 0)
621.7881 	EXP 	responsel: foreColor = (0, 0, 0)
621.8048 	EXP 	responsel: foreColor = (0, 0, 0)
621.8215 	EXP 	responsel: foreColor = (0, 0, 0)
621.8381 	EXP 	responsel: foreColor = (0, 0, 0)
621.8548 	EXP 	responsel: foreColor = (0, 0, 0)
621.8714 	EXP 	responsel: foreColor = (0, 0, 0)
621.8881 	EXP 	responsel: foreColor = (0, 0, 0)
621.9048 	EXP 	responsel: foreColor = (0, 0, 0)
621.9214 	EXP 	responsel: foreColor = (0, 0, 0)
621.9381 	EXP 	responsel: foreColor = (0, 0, 0)
621.9548 	EXP 	responsel: foreColor = (0, 0, 0)
621.9714 	EXP 	responsel: foreColor = (0, 0, 0)
621.9881 	EXP 	responsel: foreColor = (0, 0, 0)
622.0048 	EXP 	responsel: foreColor = (0, 0, 0)
622.0214 	EXP 	responsel: foreColor = (0, 0, 0)
622.0381 	EXP 	responsel: foreColor = (0, 0, 0)
622.0548 	EXP 	responsel: foreColor = (0, 0, 0)
622.0714 	EXP 	responsel: foreColor = (0, 0, 0)
622.0881 	EXP 	responsel: foreColor = (0, 0, 0)
622.1048 	EXP 	responsel: foreColor = (0, 0, 0)
622.1214 	EXP 	responsel: foreColor = (0, 0, 0)
622.1381 	EXP 	responsel: foreColor = (0, 0, 0)
622.1548 	EXP 	responsel: foreColor = (0, 0, 0)
622.1714 	EXP 	responsel: foreColor = (0, 0, 0)
622.1881 	EXP 	responsel: foreColor = (0, 0, 0)
622.2048 	EXP 	responsel: foreColor = (0, 0, 0)
622.2214 	EXP 	responsel: foreColor = (0, 0, 0)
622.2381 	EXP 	responsel: foreColor = (0, 0, 0)
622.2548 	EXP 	responsel: foreColor = (0, 0, 0)
622.2715 	EXP 	responsel: foreColor = (0, 0, 0)
622.2882 	EXP 	responsel: foreColor = (0, 0, 0)
622.3048 	EXP 	responsel: foreColor = (0, 0, 0)
622.3215 	EXP 	responsel: foreColor = (0, 0, 0)
622.3382 	EXP 	responsel: foreColor = (0, 0, 0)
622.3548 	EXP 	responsel: foreColor = (0, 0, 0)
622.3715 	EXP 	responsel: foreColor = (0, 0, 0)
622.3882 	EXP 	responsel: foreColor = (0, 0, 0)
622.4048 	EXP 	responsel: foreColor = (0, 0, 0)
622.4215 	EXP 	responsel: foreColor = (0, 0, 0)
622.4382 	EXP 	responsel: foreColor = (0, 0, 0)
622.4548 	EXP 	responsel: foreColor = (0, 0, 0)
622.4715 	EXP 	responsel: foreColor = (0, 0, 0)
622.4882 	EXP 	responsel: foreColor = (0, 0, 0)
622.5048 	EXP 	responsel: foreColor = (0, 0, 0)
622.5215 	EXP 	responsel: foreColor = (0, 0, 0)
622.5381 	EXP 	responsel: foreColor = (0, 0, 0)
622.5548 	EXP 	responsel: foreColor = (0, 0, 0)
622.5548 	EXP 	thermode_locali_pic: autoDraw = False
622.5715 	EXP 	responsel: foreColor = (0, 0, 0)
622.5720 	EXP 	New trial (rep=2, index=0): None
622.5881 	EXP 	responsel: foreColor = (0, 0, 0)
622.5881 	EXP 	responsel: autoDraw = False
622.5881 	EXP 	percu_or: autoDraw = False
622.5881 	EXP 	responser: autoDraw = False
622.5881 	EXP 	thermode_locali_pic: autoDraw = False
622.5881 	EXP 	responsel: autoDraw = False
622.5881 	EXP 	percu_or: autoDraw = False
622.5881 	EXP 	responser: autoDraw = False
622.5881 	EXP 	responsel: foreColor = 'white'
622.5881 	EXP 	responser: foreColor = 'white'
622.5881 	EXP 	text_pic: autoDraw = True
622.5881 	EXP 	croix_3: autoDraw = True
627.5883 	EXP 	text_pic: autoDraw = False
627.5883 	EXP 	croix_3: autoDraw = False
627.5883 	EXP 	text_pic: autoDraw = False
627.5883 	EXP 	croix_3: autoDraw = False
627.5883 	EXP 	thermode_locali_pic: height = 0.02
627.5883 	EXP 	thermode_locali_pic: height = 0.02
627.5883 	EXP 	thermode_locali_pic: height = 0.02
627.5883 	EXP 	thermode_locali_pic: text = 'T : 0'
627.5883 	EXP 	responsel: text = 'NON              '
627.5883 	EXP 	thermode_locali_pic: autoDraw = True
635.5717 	EXP 	responsel: autoDraw = True
635.5717 	EXP 	percu_or: autoDraw = True
635.5717 	EXP 	responser: autoDraw = True
636.0898 	DATA 	Keypress: n
636.1217 	EXP 	responser: foreColor = (0, 0, 0)
636.1384 	EXP 	responser: foreColor = (0, 0, 0)
636.1550 	EXP 	responser: foreColor = (0, 0, 0)
636.1717 	EXP 	responser: foreColor = (0, 0, 0)
636.1884 	EXP 	responser: foreColor = (0, 0, 0)
636.2050 	EXP 	responser: foreColor = (0, 0, 0)
636.2217 	EXP 	responser: foreColor = (0, 0, 0)
636.2384 	EXP 	responser: foreColor = (0, 0, 0)
636.2550 	EXP 	responser: foreColor = (0, 0, 0)
636.2717 	EXP 	responser: foreColor = (0, 0, 0)
636.2884 	EXP 	responser: foreColor = (0, 0, 0)
636.3050 	EXP 	responser: foreColor = (0, 0, 0)
636.3217 	EXP 	responser: foreColor = (0, 0, 0)
636.3384 	EXP 	responser: foreColor = (0, 0, 0)
636.3550 	EXP 	responser: foreColor = (0, 0, 0)
636.3717 	EXP 	responser: foreColor = (0, 0, 0)
636.3884 	EXP 	responser: foreColor = (0, 0, 0)
636.4050 	EXP 	responser: foreColor = (0, 0, 0)
636.4217 	EXP 	responser: foreColor = (0, 0, 0)
636.4384 	EXP 	responser: foreColor = (0, 0, 0)
636.4550 	EXP 	responser: foreColor = (0, 0, 0)
636.4717 	EXP 	responser: foreColor = (0, 0, 0)
636.4884 	EXP 	responser: foreColor = (0, 0, 0)
636.5050 	EXP 	responser: foreColor = (0, 0, 0)
636.5217 	EXP 	responser: foreColor = (0, 0, 0)
636.5384 	EXP 	responser: foreColor = (0, 0, 0)
636.5550 	EXP 	responser: foreColor = (0, 0, 0)
636.5717 	EXP 	responser: foreColor = (0, 0, 0)
636.5884 	EXP 	responser: foreColor = (0, 0, 0)
636.6050 	EXP 	responser: foreColor = (0, 0, 0)
636.6217 	EXP 	responser: foreColor = (0, 0, 0)
636.6384 	EXP 	responser: foreColor = (0, 0, 0)
636.6550 	EXP 	responser: foreColor = (0, 0, 0)
636.6717 	EXP 	responser: foreColor = (0, 0, 0)
636.6884 	EXP 	responser: foreColor = (0, 0, 0)
636.7050 	EXP 	responser: foreColor = (0, 0, 0)
636.7217 	EXP 	responser: foreColor = (0, 0, 0)
636.7384 	EXP 	responser: foreColor = (0, 0, 0)
636.7550 	EXP 	responser: foreColor = (0, 0, 0)
636.7717 	EXP 	responser: foreColor = (0, 0, 0)
636.7884 	EXP 	responser: foreColor = (0, 0, 0)
636.8050 	EXP 	responser: foreColor = (0, 0, 0)
636.8217 	EXP 	responser: foreColor = (0, 0, 0)
636.8384 	EXP 	responser: foreColor = (0, 0, 0)
636.8551 	EXP 	responser: foreColor = (0, 0, 0)
636.8717 	EXP 	responser: foreColor = (0, 0, 0)
636.8884 	EXP 	responser: foreColor = (0, 0, 0)
636.9051 	EXP 	responser: foreColor = (0, 0, 0)
636.9217 	EXP 	responser: foreColor = (0, 0, 0)
636.9384 	EXP 	responser: foreColor = (0, 0, 0)
636.9551 	EXP 	responser: foreColor = (0, 0, 0)
636.9717 	EXP 	responser: foreColor = (0, 0, 0)
636.9884 	EXP 	responser: foreColor = (0, 0, 0)
637.0051 	EXP 	responser: foreColor = (0, 0, 0)
637.0217 	EXP 	responser: foreColor = (0, 0, 0)
637.0384 	EXP 	responser: foreColor = (0, 0, 0)
637.0551 	EXP 	responser: foreColor = (0, 0, 0)
637.0717 	EXP 	responser: foreColor = (0, 0, 0)
637.0884 	EXP 	responser: foreColor = (0, 0, 0)
637.1051 	EXP 	responser: foreColor = (0, 0, 0)
637.1217 	EXP 	responser: foreColor = (0, 0, 0)
637.1384 	EXP 	responser: foreColor = (0, 0, 0)
637.1551 	EXP 	responser: foreColor = (0, 0, 0)
637.1717 	EXP 	responser: foreColor = (0, 0, 0)
637.1884 	EXP 	responser: foreColor = (0, 0, 0)
637.2050 	EXP 	responser: foreColor = (0, 0, 0)
637.2217 	EXP 	responser: foreColor = (0, 0, 0)
637.2384 	EXP 	responser: foreColor = (0, 0, 0)
637.2551 	EXP 	responser: foreColor = (0, 0, 0)
637.2717 	EXP 	responser: foreColor = (0, 0, 0)
637.2884 	EXP 	responser: foreColor = (0, 0, 0)
637.3051 	EXP 	responser: foreColor = (0, 0, 0)
637.3217 	EXP 	responser: foreColor = (0, 0, 0)
637.3384 	EXP 	responser: foreColor = (0, 0, 0)
637.3550 	EXP 	responser: foreColor = (0, 0, 0)
637.3717 	EXP 	responser: foreColor = (0, 0, 0)
637.3884 	EXP 	responser: foreColor = (0, 0, 0)
637.4051 	EXP 	responser: foreColor = (0, 0, 0)
637.4217 	EXP 	responser: foreColor = (0, 0, 0)
637.4384 	EXP 	responser: foreColor = (0, 0, 0)
637.4551 	EXP 	responser: foreColor = (0, 0, 0)
637.4717 	EXP 	responser: foreColor = (0, 0, 0)
637.4884 	EXP 	responser: foreColor = (0, 0, 0)
637.5051 	EXP 	responser: foreColor = (0, 0, 0)
637.5217 	EXP 	responser: foreColor = (0, 0, 0)
637.5384 	EXP 	responser: foreColor = (0, 0, 0)
637.5551 	EXP 	responser: foreColor = (0, 0, 0)
637.5717 	EXP 	responser: foreColor = (0, 0, 0)
637.5884 	EXP 	responser: foreColor = (0, 0, 0)
637.6051 	EXP 	responser: foreColor = (0, 0, 0)
637.6217 	EXP 	responser: foreColor = (0, 0, 0)
637.6384 	EXP 	responser: foreColor = (0, 0, 0)
637.6551 	EXP 	responser: foreColor = (0, 0, 0)
637.6717 	EXP 	responser: foreColor = (0, 0, 0)
637.6884 	EXP 	responser: foreColor = (0, 0, 0)
637.7050 	EXP 	responser: foreColor = (0, 0, 0)
637.7217 	EXP 	responser: foreColor = (0, 0, 0)
637.7384 	EXP 	responser: foreColor = (0, 0, 0)
637.7551 	EXP 	responser: foreColor = (0, 0, 0)
637.7717 	EXP 	responser: foreColor = (0, 0, 0)
637.7884 	EXP 	responser: foreColor = (0, 0, 0)
637.8051 	EXP 	responser: foreColor = (0, 0, 0)
637.8217 	EXP 	responser: foreColor = (0, 0, 0)
637.8384 	EXP 	responser: foreColor = (0, 0, 0)
637.8551 	EXP 	responser: foreColor = (0, 0, 0)
637.8717 	EXP 	responser: foreColor = (0, 0, 0)
637.8884 	EXP 	responser: foreColor = (0, 0, 0)
637.9051 	EXP 	responser: foreColor = (0, 0, 0)
637.9217 	EXP 	responser: foreColor = (0, 0, 0)
637.9384 	EXP 	responser: foreColor = (0, 0, 0)
637.9551 	EXP 	responser: foreColor = (0, 0, 0)
637.9717 	EXP 	responser: foreColor = (0, 0, 0)
637.9884 	EXP 	responser: foreColor = (0, 0, 0)
638.0051 	EXP 	responser: foreColor = (0, 0, 0)
638.0217 	EXP 	responser: foreColor = (0, 0, 0)
638.0384 	EXP 	responser: foreColor = (0, 0, 0)
638.0551 	EXP 	responser: foreColor = (0, 0, 0)
638.0717 	EXP 	responser: foreColor = (0, 0, 0)
638.0884 	EXP 	responser: foreColor = (0, 0, 0)
638.1051 	EXP 	responser: foreColor = (0, 0, 0)
638.1217 	EXP 	responser: foreColor = (0, 0, 0)
638.1384 	EXP 	responser: foreColor = (0, 0, 0)
638.1551 	EXP 	responser: foreColor = (0, 0, 0)
638.1717 	EXP 	responser: foreColor = (0, 0, 0)
638.1884 	EXP 	responser: foreColor = (0, 0, 0)
638.2051 	EXP 	responser: foreColor = (0, 0, 0)
638.2217 	EXP 	responser: foreColor = (0, 0, 0)
638.2384 	EXP 	responser: foreColor = (0, 0, 0)
638.2551 	EXP 	responser: foreColor = (0, 0, 0)
638.2717 	EXP 	responser: foreColor = (0, 0, 0)
638.2884 	EXP 	responser: foreColor = (0, 0, 0)
638.3051 	EXP 	responser: foreColor = (0, 0, 0)
638.3217 	EXP 	responser: foreColor = (0, 0, 0)
638.3384 	EXP 	responser: foreColor = (0, 0, 0)
638.3550 	EXP 	responser: foreColor = (0, 0, 0)
638.3717 	EXP 	responser: foreColor = (0, 0, 0)
638.3884 	EXP 	responser: foreColor = (0, 0, 0)
638.4051 	EXP 	responser: foreColor = (0, 0, 0)
638.4217 	EXP 	responser: foreColor = (0, 0, 0)
638.4384 	EXP 	responser: foreColor = (0, 0, 0)
638.4551 	EXP 	responser: foreColor = (0, 0, 0)
638.4717 	EXP 	responser: foreColor = (0, 0, 0)
638.4884 	EXP 	responser: foreColor = (0, 0, 0)
638.5051 	EXP 	responser: foreColor = (0, 0, 0)
638.5217 	EXP 	responser: foreColor = (0, 0, 0)
638.5384 	EXP 	responser: foreColor = (0, 0, 0)
638.5384 	EXP 	thermode_locali_pic: autoDraw = False
638.5551 	EXP 	responser: foreColor = (0, 0, 0)
638.5556 	EXP 	New trial (rep=3, index=0): None
638.5717 	EXP 	responser: foreColor = (0, 0, 0)
638.5717 	EXP 	responsel: autoDraw = False
638.5717 	EXP 	percu_or: autoDraw = False
638.5717 	EXP 	responser: autoDraw = False
638.5717 	EXP 	thermode_locali_pic: autoDraw = False
638.5717 	EXP 	responsel: autoDraw = False
638.5717 	EXP 	percu_or: autoDraw = False
638.5717 	EXP 	responser: autoDraw = False
638.5717 	EXP 	responsel: foreColor = 'white'
638.5717 	EXP 	responser: foreColor = 'white'
638.5717 	EXP 	text_pic: autoDraw = True
638.5717 	EXP 	croix_3: autoDraw = True
643.5718 	EXP 	text_pic: autoDraw = False
643.5718 	EXP 	croix_3: autoDraw = False
643.5718 	EXP 	text_pic: autoDraw = False
643.5718 	EXP 	croix_3: autoDraw = False
643.5718 	EXP 	thermode_locali_pic: height = 0.02
643.5718 	EXP 	thermode_locali_pic: height = 0.02
643.5718 	EXP 	thermode_locali_pic: height = 0.02
643.5718 	EXP 	thermode_locali_pic: text = 'T : 1'
643.5718 	EXP 	responsel: text = 'NON              '
643.5718 	EXP 	thermode_locali_pic: autoDraw = True
651.5551 	EXP 	responsel: autoDraw = True
651.5551 	EXP 	percu_or: autoDraw = True
651.5551 	EXP 	responser: autoDraw = True
652.4062 	DATA 	Keypress: n
652.4384 	EXP 	responser: foreColor = (0, 0, 0)
652.4551 	EXP 	responser: foreColor = (0, 0, 0)
652.4718 	EXP 	responser: foreColor = (0, 0, 0)
652.4884 	EXP 	responser: foreColor = (0, 0, 0)
652.5051 	EXP 	responser: foreColor = (0, 0, 0)
652.5218 	EXP 	responser: foreColor = (0, 0, 0)
652.5384 	EXP 	responser: foreColor = (0, 0, 0)
652.5551 	EXP 	responser: foreColor = (0, 0, 0)
652.5718 	EXP 	responser: foreColor = (0, 0, 0)
652.5885 	EXP 	responser: foreColor = (0, 0, 0)
652.6051 	EXP 	responser: foreColor = (0, 0, 0)
652.6218 	EXP 	responser: foreColor = (0, 0, 0)
652.6384 	EXP 	responser: foreColor = (0, 0, 0)
652.6551 	EXP 	responser: foreColor = (0, 0, 0)
652.6718 	EXP 	responser: foreColor = (0, 0, 0)
652.6884 	EXP 	responser: foreColor = (0, 0, 0)
652.7051 	EXP 	responser: foreColor = (0, 0, 0)
652.7218 	EXP 	responser: foreColor = (0, 0, 0)
652.7384 	EXP 	responser: foreColor = (0, 0, 0)
652.7551 	EXP 	responser: foreColor = (0, 0, 0)
652.7718 	EXP 	responser: foreColor = (0, 0, 0)
652.7884 	EXP 	responser: foreColor = (0, 0, 0)
652.8051 	EXP 	responser: foreColor = (0, 0, 0)
652.8218 	EXP 	responser: foreColor = (0, 0, 0)
652.8384 	EXP 	responser: foreColor = (0, 0, 0)
652.8551 	EXP 	responser: foreColor = (0, 0, 0)
652.8718 	EXP 	responser: foreColor = (0, 0, 0)
652.8884 	EXP 	responser: foreColor = (0, 0, 0)
652.9051 	EXP 	responser: foreColor = (0, 0, 0)
652.9218 	EXP 	responser: foreColor = (0, 0, 0)
652.9384 	EXP 	responser: foreColor = (0, 0, 0)
652.9551 	EXP 	responser: foreColor = (0, 0, 0)
652.9718 	EXP 	responser: foreColor = (0, 0, 0)
652.9884 	EXP 	responser: foreColor = (0, 0, 0)
653.0051 	EXP 	responser: foreColor = (0, 0, 0)
653.0218 	EXP 	responser: foreColor = (0, 0, 0)
653.0384 	EXP 	responser: foreColor = (0, 0, 0)
653.0551 	EXP 	responser: foreColor = (0, 0, 0)
653.0718 	EXP 	responser: foreColor = (0, 0, 0)
653.0885 	EXP 	responser: foreColor = (0, 0, 0)
653.1051 	EXP 	responser: foreColor = (0, 0, 0)
653.1218 	EXP 	responser: foreColor = (0, 0, 0)
653.1384 	EXP 	responser: foreColor = (0, 0, 0)
653.1551 	EXP 	responser: foreColor = (0, 0, 0)
653.1718 	EXP 	responser: foreColor = (0, 0, 0)
653.1885 	EXP 	responser: foreColor = (0, 0, 0)
653.2051 	EXP 	responser: foreColor = (0, 0, 0)
653.2218 	EXP 	responser: foreColor = (0, 0, 0)
653.2384 	EXP 	responser: foreColor = (0, 0, 0)
653.2551 	EXP 	responser: foreColor = (0, 0, 0)
653.2719 	EXP 	responser: foreColor = (0, 0, 0)
653.2884 	EXP 	responser: foreColor = (0, 0, 0)
653.3051 	EXP 	responser: foreColor = (0, 0, 0)
653.3218 	EXP 	responser: foreColor = (0, 0, 0)
653.3385 	EXP 	responser: foreColor = (0, 0, 0)
653.3551 	EXP 	responser: foreColor = (0, 0, 0)
653.3718 	EXP 	responser: foreColor = (0, 0, 0)
653.3884 	EXP 	responser: foreColor = (0, 0, 0)
653.4051 	EXP 	responser: foreColor = (0, 0, 0)
653.4218 	EXP 	responser: foreColor = (0, 0, 0)
653.4384 	EXP 	responser: foreColor = (0, 0, 0)
653.4551 	EXP 	responser: foreColor = (0, 0, 0)
653.4718 	EXP 	responser: foreColor = (0, 0, 0)
653.4884 	EXP 	responser: foreColor = (0, 0, 0)
653.5051 	EXP 	responser: foreColor = (0, 0, 0)
653.5218 	EXP 	responser: foreColor = (0, 0, 0)
653.5384 	EXP 	responser: foreColor = (0, 0, 0)
653.5551 	EXP 	responser: foreColor = (0, 0, 0)
653.5718 	EXP 	responser: foreColor = (0, 0, 0)
653.5885 	EXP 	responser: foreColor = (0, 0, 0)
653.6051 	EXP 	responser: foreColor = (0, 0, 0)
653.6218 	EXP 	responser: foreColor = (0, 0, 0)
653.6384 	EXP 	responser: foreColor = (0, 0, 0)
653.6551 	EXP 	responser: foreColor = (0, 0, 0)
653.6718 	EXP 	responser: foreColor = (0, 0, 0)
653.6884 	EXP 	responser: foreColor = (0, 0, 0)
653.7051 	EXP 	responser: foreColor = (0, 0, 0)
653.7218 	EXP 	responser: foreColor = (0, 0, 0)
653.7385 	EXP 	responser: foreColor = (0, 0, 0)
653.7551 	EXP 	responser: foreColor = (0, 0, 0)
653.7718 	EXP 	responser: foreColor = (0, 0, 0)
653.7885 	EXP 	responser: foreColor = (0, 0, 0)
653.8051 	EXP 	responser: foreColor = (0, 0, 0)
653.8218 	EXP 	responser: foreColor = (0, 0, 0)
653.8385 	EXP 	responser: foreColor = (0, 0, 0)
653.8551 	EXP 	responser: foreColor = (0, 0, 0)
653.8718 	EXP 	responser: foreColor = (0, 0, 0)
653.8885 	EXP 	responser: foreColor = (0, 0, 0)
653.9051 	EXP 	responser: foreColor = (0, 0, 0)
653.9218 	EXP 	responser: foreColor = (0, 0, 0)
653.9385 	EXP 	responser: foreColor = (0, 0, 0)
653.9551 	EXP 	responser: foreColor = (0, 0, 0)
653.9718 	EXP 	responser: foreColor = (0, 0, 0)
653.9885 	EXP 	responser: foreColor = (0, 0, 0)
654.0051 	EXP 	responser: foreColor = (0, 0, 0)
654.0218 	EXP 	responser: foreColor = (0, 0, 0)
654.0385 	EXP 	responser: foreColor = (0, 0, 0)
654.0551 	EXP 	responser: foreColor = (0, 0, 0)
654.0718 	EXP 	responser: foreColor = (0, 0, 0)
654.0885 	EXP 	responser: foreColor = (0, 0, 0)
654.1051 	EXP 	responser: foreColor = (0, 0, 0)
654.1218 	EXP 	responser: foreColor = (0, 0, 0)
654.1385 	EXP 	responser: foreColor = (0, 0, 0)
654.1551 	EXP 	responser: foreColor = (0, 0, 0)
654.1718 	EXP 	responser: foreColor = (0, 0, 0)
654.1885 	EXP 	responser: foreColor = (0, 0, 0)
654.2051 	EXP 	responser: foreColor = (0, 0, 0)
654.2218 	EXP 	responser: foreColor = (0, 0, 0)
654.2385 	EXP 	responser: foreColor = (0, 0, 0)
654.2551 	EXP 	responser: foreColor = (0, 0, 0)
654.2718 	EXP 	responser: foreColor = (0, 0, 0)
654.2885 	EXP 	responser: foreColor = (0, 0, 0)
654.3051 	EXP 	responser: foreColor = (0, 0, 0)
654.3218 	EXP 	responser: foreColor = (0, 0, 0)
654.3385 	EXP 	responser: foreColor = (0, 0, 0)
654.3551 	EXP 	responser: foreColor = (0, 0, 0)
654.3718 	EXP 	responser: foreColor = (0, 0, 0)
654.3885 	EXP 	responser: foreColor = (0, 0, 0)
654.4051 	EXP 	responser: foreColor = (0, 0, 0)
654.4218 	EXP 	responser: foreColor = (0, 0, 0)
654.4385 	EXP 	responser: foreColor = (0, 0, 0)
654.4551 	EXP 	responser: foreColor = (0, 0, 0)
654.4718 	EXP 	responser: foreColor = (0, 0, 0)
654.4885 	EXP 	responser: foreColor = (0, 0, 0)
654.5051 	EXP 	responser: foreColor = (0, 0, 0)
654.5218 	EXP 	responser: foreColor = (0, 0, 0)
654.5218 	EXP 	thermode_locali_pic: autoDraw = False
654.5385 	EXP 	responser: foreColor = (0, 0, 0)
654.5390 	EXP 	New trial (rep=1, index=0): None
654.5551 	EXP 	responser: foreColor = (0, 0, 0)
654.5551 	EXP 	responsel: autoDraw = False
654.5551 	EXP 	percu_or: autoDraw = False
654.5551 	EXP 	responser: autoDraw = False
654.5551 	EXP 	thermode_locali_pic: autoDraw = False
654.5551 	EXP 	responsel: autoDraw = False
654.5551 	EXP 	percu_or: autoDraw = False
654.5551 	EXP 	responser: autoDraw = False
654.5551 	EXP 	responsel: foreColor = 'white'
654.5551 	EXP 	responser: foreColor = 'white'
654.5551 	EXP 	text_7: autoDraw = True
656.0554 	EXP 	Created sequence: random, trialTypes=1, nReps=2, seed=None
656.0555 	EXP 	New trial (rep=0, index=0): None
656.0571 	DATA 	Keypress: p
656.0719 	EXP 	text_7: autoDraw = False
656.0719 	EXP 	text_eva: autoDraw = True
656.0719 	EXP 	croix_2: autoDraw = True
661.0720 	EXP 	text_eva: autoDraw = False
661.0720 	EXP 	croix_2: autoDraw = False
661.0720 	EXP 	thermode_locali_EVA: autoDraw = True
673.0557 	EXP 	window1: mouseVisible = True
673.0567 	EXP 	Created unnamed Rect = Rect(__class__=<class 'psychopy.visual.rect.Rect'>, anchor=('center', 'center'), autoDraw=False, autoLog=True, closeShape=True, color=method-wrapper(...), colorSpace='rgb', contrast=None, depth=0, draggable=False, fillColor=array([1, 1, 1]), fillColorSpace='rgb', fillRGB=array([1, 1, 1]), interpolate=True, lineColor=array([1., 1., 1.]), lineColorSpace='rgb', lineRGB=array([1, 1, 1]), lineWidth=1.5, name='unnamed Rect', opacity=1.0, ori=0.0, pos=array([0., 0.]), size=array([0.01, 0.1 ]), units='norm', vertices=ndarray(...), win=Window(...))
673.0567 	EXP 	window1: mouseVisible = True
673.0569 	EXP 	window1: mouseVisible = True
673.0574 	EXP 	window1: mouseVisible = True
673.0585 	EXP 	window1: mouseVisible = True
673.0596 	EXP 	window1: mouseVisible = True
673.0597 	EXP 	window1: mouseVisible = True
673.0599 	EXP 	window1: mouseVisible = True
673.0600 	EXP 	window1: mouseVisible = True
673.0602 	EXP 	window1: mouseVisible = True
673.0603 	EXP 	window1: mouseVisible = True
673.0604 	EXP 	window1: mouseVisible = True
673.0606 	EXP 	window1: mouseVisible = True
673.0607 	EXP 	window1: mouseVisible = True
673.0608 	EXP 	window1: mouseVisible = True
673.0610 	EXP 	window1: mouseVisible = True
673.0611 	EXP 	window1: mouseVisible = True
673.0612 	EXP 	window1: mouseVisible = True
673.0613 	EXP 	window1: mouseVisible = True
673.0615 	EXP 	window1: mouseVisible = True
673.0617 	EXP 	window1: mouseVisible = True
673.0618 	EXP 	window1: mouseVisible = True
673.0620 	EXP 	window1: mouseVisible = True
673.0621 	EXP 	window1: mouseVisible = True
673.0622 	EXP 	window1: mouseVisible = True
673.0624 	EXP 	window1: mouseVisible = True
673.0625 	EXP 	window1: mouseVisible = True
673.0626 	EXP 	window1: mouseVisible = True
673.0628 	EXP 	window1: mouseVisible = True
673.0629 	EXP 	window1: mouseVisible = True
673.0630 	EXP 	window1: mouseVisible = True
673.0631 	EXP 	window1: mouseVisible = True
673.0633 	EXP 	window1: mouseVisible = True
673.0634 	EXP 	window1: mouseVisible = True
673.0635 	EXP 	window1: mouseVisible = True
673.0637 	EXP 	window1: mouseVisible = True
673.0638 	EXP 	window1: mouseVisible = True
673.0639 	EXP 	window1: mouseVisible = True
673.0640 	EXP 	window1: mouseVisible = True
673.0642 	EXP 	window1: mouseVisible = True
673.0643 	EXP 	window1: mouseVisible = True
673.0644 	EXP 	window1: mouseVisible = True
673.0645 	EXP 	window1: mouseVisible = True
673.0647 	EXP 	window1: mouseVisible = True
673.0648 	EXP 	window1: mouseVisible = True
673.0649 	EXP 	window1: mouseVisible = True
673.0650 	EXP 	window1: mouseVisible = True
673.0652 	EXP 	window1: mouseVisible = True
673.0653 	EXP 	window1: mouseVisible = True
673.0654 	EXP 	window1: mouseVisible = True
673.0655 	EXP 	window1: mouseVisible = True
673.0657 	EXP 	window1: mouseVisible = True
673.0658 	EXP 	window1: mouseVisible = True
673.0659 	EXP 	window1: mouseVisible = True
673.0661 	EXP 	window1: mouseVisible = True
673.0662 	EXP 	window1: mouseVisible = True
673.0663 	EXP 	window1: mouseVisible = True
673.0665 	EXP 	window1: mouseVisible = True
673.0666 	EXP 	window1: mouseVisible = True
673.0667 	EXP 	window1: mouseVisible = True
673.0668 	EXP 	window1: mouseVisible = True
673.0669 	EXP 	window1: mouseVisible = True
673.0671 	EXP 	window1: mouseVisible = True
673.0673 	EXP 	window1: mouseVisible = True
673.0676 	EXP 	window1: mouseVisible = True
673.0678 	EXP 	window1: mouseVisible = True
673.0680 	EXP 	window1: mouseVisible = True
673.0682 	EXP 	window1: mouseVisible = True
673.0684 	EXP 	window1: mouseVisible = True
673.0686 	EXP 	window1: mouseVisible = True
673.0688 	EXP 	window1: mouseVisible = True
673.0690 	EXP 	window1: mouseVisible = True
673.0691 	EXP 	window1: mouseVisible = True
673.0693 	EXP 	window1: mouseVisible = True
673.0694 	EXP 	window1: mouseVisible = True
673.0695 	EXP 	window1: mouseVisible = True
673.0697 	EXP 	window1: mouseVisible = True
673.0698 	EXP 	window1: mouseVisible = True
673.0699 	EXP 	window1: mouseVisible = True
673.0701 	EXP 	window1: mouseVisible = True
673.0702 	EXP 	window1: mouseVisible = True
673.0703 	EXP 	window1: mouseVisible = True
673.0705 	EXP 	window1: mouseVisible = True
673.0706 	EXP 	window1: mouseVisible = True
673.0707 	EXP 	window1: mouseVisible = True
673.0709 	EXP 	window1: mouseVisible = True
673.0710 	EXP 	window1: mouseVisible = True
673.0711 	EXP 	window1: mouseVisible = True
673.0712 	EXP 	window1: mouseVisible = True
673.0714 	EXP 	window1: mouseVisible = True
673.0715 	EXP 	window1: mouseVisible = True
673.0716 	EXP 	window1: mouseVisible = True
673.0717 	EXP 	window1: mouseVisible = True
673.0719 	EXP 	window1: mouseVisible = True
673.0720 	EXP 	window1: mouseVisible = True
673.0721 	EXP 	window1: mouseVisible = True
673.0722 	EXP 	window1: mouseVisible = True
673.0724 	EXP 	window1: mouseVisible = True
673.0725 	EXP 	window1: mouseVisible = True
673.0726 	EXP 	window1: mouseVisible = True
673.0727 	EXP 	window1: mouseVisible = True
673.0729 	EXP 	window1: mouseVisible = True
673.0730 	EXP 	window1: mouseVisible = True
673.0731 	EXP 	window1: mouseVisible = True
673.0732 	EXP 	window1: mouseVisible = True
673.0753 	EXP 	Created ratingScale = RatingScale(__class__=type(...), acceptKeys=['return'], acceptPreText=UNKNOWN, acceptSize=UNKNOWN, acceptText=UNKNOWN, autoLog=True, choices=False, colorSpace='rgb', depth=0, disappear=False, flipVert=False, high=100, kwargs=UNKNOWN, labels=list(...), leftKeys=['left'], lineColor=(255, 255, 255), low=0, marker=Rect(...), markerColor=(255, 255, 255), markerExpansion=UNKNOWN, markerStart=0.5, maxTime=0.0, minTime=0.4, mouseOnly=False, name='ratingScale', noMouse=False, pos=[0.0, 0.0], precision=100, respKeys=[], rightKeys=['right'], scale=None, self=UNKNOWN, showAccept=False, showValue=False, singleClick=False, size=0.6, skipKeys=['tab'], stretch=2.0, textColor='white', textFont='Helvetica Bold', textSize=0.144, tickHeight=0, tickMarks=10.0, win=Window(...))
673.0754 	EXP 	RatingScale ratingScale: reset()
673.0774 	EXP 	window1: mouseVisible = False
673.0888 	EXP 	thermode_locali_EVA: autoDraw = False
673.0888 	EXP 	ratingScale: flipVert = False
673.0888 	EXP 	ratingScale: autoLog = True
673.0903 	EXP 	window1: mouseVisible = False
673.1068 	EXP 	window1: mouseVisible = False
673.1235 	EXP 	window1: mouseVisible = False
673.1402 	EXP 	window1: mouseVisible = False
673.1569 	EXP 	window1: mouseVisible = False
673.1735 	EXP 	window1: mouseVisible = False
673.1902 	EXP 	window1: mouseVisible = False
673.2069 	EXP 	window1: mouseVisible = False
673.2236 	EXP 	window1: mouseVisible = False
673.2402 	EXP 	window1: mouseVisible = False
673.2569 	EXP 	window1: mouseVisible = False
673.2735 	EXP 	window1: mouseVisible = False
673.2902 	EXP 	window1: mouseVisible = False
673.3069 	EXP 	window1: mouseVisible = False
673.3236 	EXP 	window1: mouseVisible = False
673.3402 	EXP 	window1: mouseVisible = False
673.3569 	EXP 	window1: mouseVisible = False
673.3735 	EXP 	window1: mouseVisible = False
673.3905 	EXP 	window1: mouseVisible = False
673.4069 	EXP 	window1: mouseVisible = False
673.4236 	EXP 	window1: mouseVisible = False
673.4402 	EXP 	window1: mouseVisible = False
673.4569 	EXP 	window1: mouseVisible = False
673.4735 	EXP 	window1: mouseVisible = False
673.4902 	EXP 	window1: mouseVisible = False
673.5068 	EXP 	window1: mouseVisible = False
673.5236 	EXP 	window1: mouseVisible = False
673.5402 	EXP 	window1: mouseVisible = False
673.5569 	EXP 	window1: mouseVisible = False
673.5735 	EXP 	window1: mouseVisible = False
673.5902 	EXP 	window1: mouseVisible = False
673.6069 	EXP 	window1: mouseVisible = False
673.6235 	EXP 	window1: mouseVisible = False
673.6402 	EXP 	window1: mouseVisible = False
673.6569 	EXP 	window1: mouseVisible = False
673.6737 	EXP 	window1: mouseVisible = False
673.6902 	EXP 	window1: mouseVisible = False
673.7079 	EXP 	window1: mouseVisible = False
673.7237 	EXP 	window1: mouseVisible = False
673.7402 	EXP 	window1: mouseVisible = False
673.7568 	EXP 	window1: mouseVisible = False
673.7735 	EXP 	window1: mouseVisible = False
673.7902 	EXP 	window1: mouseVisible = False
673.8069 	EXP 	window1: mouseVisible = False
673.8235 	EXP 	window1: mouseVisible = False
673.8402 	EXP 	window1: mouseVisible = False
673.8568 	EXP 	window1: mouseVisible = False
673.8736 	EXP 	window1: mouseVisible = False
673.8902 	EXP 	window1: mouseVisible = False
673.9069 	EXP 	window1: mouseVisible = False
673.9236 	EXP 	window1: mouseVisible = False
673.9402 	EXP 	window1: mouseVisible = False
673.9569 	EXP 	window1: mouseVisible = False
673.9736 	EXP 	window1: mouseVisible = False
673.9902 	EXP 	window1: mouseVisible = False
674.0069 	EXP 	window1: mouseVisible = False
674.0235 	EXP 	window1: mouseVisible = False
674.0402 	EXP 	window1: mouseVisible = False
674.0569 	EXP 	window1: mouseVisible = False
674.0735 	EXP 	window1: mouseVisible = False
674.0898 	DATA 	Keypress: n
674.0904 	EXP 	window1: mouseVisible = False
674.1069 	EXP 	window1: mouseVisible = False
674.1236 	EXP 	window1: mouseVisible = False
674.1402 	EXP 	window1: mouseVisible = False
674.1569 	EXP 	window1: mouseVisible = False
674.1736 	EXP 	window1: mouseVisible = False
674.1902 	EXP 	window1: mouseVisible = False
674.2069 	EXP 	window1: mouseVisible = False
674.2235 	EXP 	window1: mouseVisible = False
674.2403 	EXP 	window1: mouseVisible = False
674.2569 	EXP 	window1: mouseVisible = False
674.2735 	EXP 	window1: mouseVisible = False
674.2902 	EXP 	window1: mouseVisible = False
674.3069 	EXP 	window1: mouseVisible = False
674.3236 	EXP 	window1: mouseVisible = False
674.3402 	EXP 	window1: mouseVisible = False
674.3569 	EXP 	window1: mouseVisible = False
674.3736 	EXP 	window1: mouseVisible = False
674.3902 	EXP 	window1: mouseVisible = False
674.4069 	EXP 	window1: mouseVisible = False
674.4235 	EXP 	window1: mouseVisible = False
674.4402 	EXP 	window1: mouseVisible = False
674.4569 	EXP 	window1: mouseVisible = False
674.4736 	EXP 	window1: mouseVisible = False
674.4902 	EXP 	window1: mouseVisible = False
674.5069 	EXP 	window1: mouseVisible = False
674.5235 	EXP 	window1: mouseVisible = False
674.5402 	EXP 	window1: mouseVisible = False
674.5569 	EXP 	window1: mouseVisible = False
674.5736 	EXP 	window1: mouseVisible = False
674.5902 	EXP 	window1: mouseVisible = False
674.6070 	EXP 	window1: mouseVisible = False
674.6242 	EXP 	window1: mouseVisible = False
674.6404 	EXP 	window1: mouseVisible = False
674.6570 	EXP 	window1: mouseVisible = False
674.6736 	EXP 	window1: mouseVisible = False
674.6904 	EXP 	window1: mouseVisible = False
674.7069 	EXP 	window1: mouseVisible = False
674.7238 	EXP 	window1: mouseVisible = False
674.7404 	EXP 	window1: mouseVisible = False
674.7569 	EXP 	window1: mouseVisible = False
674.7736 	EXP 	window1: mouseVisible = False
674.7903 	EXP 	window1: mouseVisible = False
674.8069 	EXP 	window1: mouseVisible = False
674.8235 	EXP 	window1: mouseVisible = False
674.8404 	EXP 	window1: mouseVisible = False
674.8570 	EXP 	window1: mouseVisible = False
674.8738 	EXP 	window1: mouseVisible = False
674.8904 	EXP 	window1: mouseVisible = False
674.9071 	EXP 	window1: mouseVisible = False
674.9237 	EXP 	window1: mouseVisible = False
674.9404 	EXP 	window1: mouseVisible = False
674.9569 	EXP 	window1: mouseVisible = False
674.9736 	EXP 	window1: mouseVisible = False
674.9902 	EXP 	window1: mouseVisible = False
675.0069 	EXP 	window1: mouseVisible = False
675.0236 	EXP 	window1: mouseVisible = False
675.0402 	EXP 	window1: mouseVisible = False
675.0569 	EXP 	window1: mouseVisible = False
675.0736 	EXP 	window1: mouseVisible = False
675.0902 	EXP 	window1: mouseVisible = False
675.1069 	EXP 	window1: mouseVisible = False
675.1236 	EXP 	window1: mouseVisible = False
675.1402 	EXP 	window1: mouseVisible = False
675.1569 	EXP 	window1: mouseVisible = False
675.1735 	EXP 	window1: mouseVisible = False
675.1902 	EXP 	window1: mouseVisible = False
675.2069 	EXP 	window1: mouseVisible = False
675.2236 	EXP 	window1: mouseVisible = False
675.2406 	EXP 	window1: mouseVisible = False
675.2569 	EXP 	window1: mouseVisible = False
675.2736 	EXP 	window1: mouseVisible = False
675.2903 	EXP 	window1: mouseVisible = False
675.3069 	EXP 	window1: mouseVisible = False
675.3232 	DATA 	Keypress: n
675.3237 	EXP 	window1: mouseVisible = False
675.3402 	EXP 	window1: mouseVisible = False
675.3570 	EXP 	window1: mouseVisible = False
675.3736 	EXP 	window1: mouseVisible = False
675.3902 	EXP 	window1: mouseVisible = False
675.4069 	EXP 	window1: mouseVisible = False
675.4236 	EXP 	window1: mouseVisible = False
675.4402 	EXP 	window1: mouseVisible = False
675.4570 	EXP 	window1: mouseVisible = False
675.4736 	EXP 	window1: mouseVisible = False
675.4903 	EXP 	window1: mouseVisible = False
675.5068 	EXP 	window1: mouseVisible = False
675.5235 	EXP 	window1: mouseVisible = False
675.5402 	EXP 	window1: mouseVisible = False
675.5568 	EXP 	window1: mouseVisible = False
675.5735 	EXP 	window1: mouseVisible = False
675.5902 	EXP 	window1: mouseVisible = False
675.6067 	EXP 	window1: mouseVisible = False
675.6235 	EXP 	window1: mouseVisible = False
675.6401 	EXP 	window1: mouseVisible = False
675.6568 	EXP 	window1: mouseVisible = False
675.6735 	EXP 	window1: mouseVisible = False
675.6904 	EXP 	window1: mouseVisible = False
675.7068 	EXP 	window1: mouseVisible = False
675.7235 	EXP 	window1: mouseVisible = False
675.7401 	EXP 	window1: mouseVisible = False
675.7568 	EXP 	window1: mouseVisible = False
675.7735 	EXP 	window1: mouseVisible = False
675.7901 	EXP 	window1: mouseVisible = False
675.8073 	DATA 	Keypress: space
675.9074 	EXP 	New trial (rep=1, index=0): None
675.9221 	EXP 	main_text: autoDraw = True
675.9221 	EXP 	confirm_text: autoDraw = True
675.9221 	EXP 	ratingScale: autoDraw = False
675.9221 	EXP 	main_text: autoDraw = False
675.9221 	EXP 	confirm_text: autoDraw = False
675.9221 	EXP 	text_eva: autoDraw = True
675.9221 	EXP 	croix_2: autoDraw = True
680.9221 	EXP 	text_eva: autoDraw = False
680.9221 	EXP 	croix_2: autoDraw = False
680.9221 	EXP 	text_eva: autoDraw = False
680.9221 	EXP 	croix_2: autoDraw = False
680.9221 	EXP 	thermode_locali_EVA: autoDraw = True
692.9061 	EXP 	window1: mouseVisible = True
692.9069 	EXP 	Created unnamed Rect = Rect(__class__=<class 'psychopy.visual.rect.Rect'>, anchor=('center', 'center'), autoDraw=False, autoLog=True, closeShape=True, color=method-wrapper(...), colorSpace='rgb', contrast=None, depth=0, draggable=False, fillColor=array([1, 1, 1]), fillColorSpace='rgb', fillRGB=array([1, 1, 1]), interpolate=True, lineColor=array([1., 1., 1.]), lineColorSpace='rgb', lineRGB=array([1, 1, 1]), lineWidth=1.5, name='unnamed Rect', opacity=1.0, ori=0.0, pos=array([0., 0.]), size=array([0.01, 0.1 ]), units='norm', vertices=ndarray(...), win=Window(...))
692.9070 	EXP 	window1: mouseVisible = True
692.9071 	EXP 	window1: mouseVisible = True
692.9076 	EXP 	window1: mouseVisible = True
692.9087 	EXP 	window1: mouseVisible = True
692.9098 	EXP 	window1: mouseVisible = True
692.9100 	EXP 	window1: mouseVisible = True
692.9101 	EXP 	window1: mouseVisible = True
692.9103 	EXP 	window1: mouseVisible = True
692.9104 	EXP 	window1: mouseVisible = True
692.9105 	EXP 	window1: mouseVisible = True
692.9107 	EXP 	window1: mouseVisible = True
692.9108 	EXP 	window1: mouseVisible = True
692.9109 	EXP 	window1: mouseVisible = True
692.9110 	EXP 	window1: mouseVisible = True
692.9112 	EXP 	window1: mouseVisible = True
692.9113 	EXP 	window1: mouseVisible = True
692.9114 	EXP 	window1: mouseVisible = True
692.9116 	EXP 	window1: mouseVisible = True
692.9118 	EXP 	window1: mouseVisible = True
692.9119 	EXP 	window1: mouseVisible = True
692.9121 	EXP 	window1: mouseVisible = True
692.9122 	EXP 	window1: mouseVisible = True
692.9123 	EXP 	window1: mouseVisible = True
692.9125 	EXP 	window1: mouseVisible = True
692.9126 	EXP 	window1: mouseVisible = True
692.9127 	EXP 	window1: mouseVisible = True
692.9129 	EXP 	window1: mouseVisible = True
692.9130 	EXP 	window1: mouseVisible = True
692.9131 	EXP 	window1: mouseVisible = True
692.9133 	EXP 	window1: mouseVisible = True
692.9135 	EXP 	window1: mouseVisible = True
692.9137 	EXP 	window1: mouseVisible = True
692.9138 	EXP 	window1: mouseVisible = True
692.9139 	EXP 	window1: mouseVisible = True
692.9141 	EXP 	window1: mouseVisible = True
692.9142 	EXP 	window1: mouseVisible = True
692.9143 	EXP 	window1: mouseVisible = True
692.9144 	EXP 	window1: mouseVisible = True
692.9146 	EXP 	window1: mouseVisible = True
692.9147 	EXP 	window1: mouseVisible = True
692.9148 	EXP 	window1: mouseVisible = True
692.9150 	EXP 	window1: mouseVisible = True
692.9151 	EXP 	window1: mouseVisible = True
692.9152 	EXP 	window1: mouseVisible = True
692.9153 	EXP 	window1: mouseVisible = True
692.9155 	EXP 	window1: mouseVisible = True
692.9156 	EXP 	window1: mouseVisible = True
692.9157 	EXP 	window1: mouseVisible = True
692.9158 	EXP 	window1: mouseVisible = True
692.9160 	EXP 	window1: mouseVisible = True
692.9161 	EXP 	window1: mouseVisible = True
692.9163 	EXP 	window1: mouseVisible = True
692.9164 	EXP 	window1: mouseVisible = True
692.9165 	EXP 	window1: mouseVisible = True
692.9167 	EXP 	window1: mouseVisible = True
692.9168 	EXP 	window1: mouseVisible = True
692.9169 	EXP 	window1: mouseVisible = True
692.9170 	EXP 	window1: mouseVisible = True
692.9172 	EXP 	window1: mouseVisible = True
692.9173 	EXP 	window1: mouseVisible = True
692.9174 	EXP 	window1: mouseVisible = True
692.9175 	EXP 	window1: mouseVisible = True
692.9177 	EXP 	window1: mouseVisible = True
692.9178 	EXP 	window1: mouseVisible = True
692.9179 	EXP 	window1: mouseVisible = True
692.9181 	EXP 	window1: mouseVisible = True
692.9182 	EXP 	window1: mouseVisible = True
692.9183 	EXP 	window1: mouseVisible = True
692.9184 	EXP 	window1: mouseVisible = True
692.9186 	EXP 	window1: mouseVisible = True
692.9187 	EXP 	window1: mouseVisible = True
692.9188 	EXP 	window1: mouseVisible = True
692.9189 	EXP 	window1: mouseVisible = True
692.9191 	EXP 	window1: mouseVisible = True
692.9192 	EXP 	window1: mouseVisible = True
692.9193 	EXP 	window1: mouseVisible = True
692.9194 	EXP 	window1: mouseVisible = True
692.9196 	EXP 	window1: mouseVisible = True
692.9197 	EXP 	window1: mouseVisible = True
692.9199 	EXP 	window1: mouseVisible = True
692.9200 	EXP 	window1: mouseVisible = True
692.9201 	EXP 	window1: mouseVisible = True
692.9203 	EXP 	window1: mouseVisible = True
692.9204 	EXP 	window1: mouseVisible = True
692.9205 	EXP 	window1: mouseVisible = True
692.9206 	EXP 	window1: mouseVisible = True
692.9208 	EXP 	window1: mouseVisible = True
692.9209 	EXP 	window1: mouseVisible = True
692.9211 	EXP 	window1: mouseVisible = True
692.9212 	EXP 	window1: mouseVisible = True
692.9213 	EXP 	window1: mouseVisible = True
692.9214 	EXP 	window1: mouseVisible = True
692.9216 	EXP 	window1: mouseVisible = True
692.9217 	EXP 	window1: mouseVisible = True
692.9218 	EXP 	window1: mouseVisible = True
692.9219 	EXP 	window1: mouseVisible = True
692.9221 	EXP 	window1: mouseVisible = True
692.9222 	EXP 	window1: mouseVisible = True
692.9223 	EXP 	window1: mouseVisible = True
692.9224 	EXP 	window1: mouseVisible = True
692.9226 	EXP 	window1: mouseVisible = True
692.9227 	EXP 	window1: mouseVisible = True
692.9228 	EXP 	window1: mouseVisible = True
692.9230 	EXP 	window1: mouseVisible = True
692.9251 	EXP 	Created ratingScale = RatingScale(__class__=type(...), acceptKeys=['return'], acceptPreText=UNKNOWN, acceptSize=UNKNOWN, acceptText=UNKNOWN, autoLog=True, choices=False, colorSpace='rgb', depth=0, disappear=False, flipVert=False, high=100, kwargs=UNKNOWN, labels=list(...), leftKeys=['left'], lineColor=(255, 255, 255), low=0, marker=Rect(...), markerColor=(255, 255, 255), markerExpansion=UNKNOWN, markerStart=0.5, maxTime=0.0, minTime=0.4, mouseOnly=False, name='ratingScale', noMouse=False, pos=[0.0, 0.0], precision=100, respKeys=[], rightKeys=['right'], scale=None, self=UNKNOWN, showAccept=False, showValue=False, singleClick=False, size=0.6, skipKeys=['tab'], stretch=2.0, textColor='white', textFont='Helvetica Bold', textSize=0.144, tickHeight=0, tickMarks=10.0, win=Window(...))
692.9251 	EXP 	RatingScale ratingScale: reset()
692.9271 	EXP 	window1: mouseVisible = False
692.9390 	EXP 	thermode_locali_EVA: autoDraw = False
692.9390 	EXP 	thermode_locali_EVA: autoDraw = False
692.9390 	EXP 	ratingScale: flipVert = False
692.9390 	EXP 	ratingScale: autoLog = True
692.9405 	EXP 	window1: mouseVisible = False
692.9571 	EXP 	window1: mouseVisible = False
692.9737 	EXP 	window1: mouseVisible = False
692.9904 	EXP 	window1: mouseVisible = False
693.0071 	EXP 	window1: mouseVisible = False
693.0237 	EXP 	window1: mouseVisible = False
693.0404 	EXP 	window1: mouseVisible = False
693.0573 	EXP 	window1: mouseVisible = False
693.0737 	EXP 	window1: mouseVisible = False
693.0905 	EXP 	window1: mouseVisible = False
693.1071 	EXP 	window1: mouseVisible = False
693.1238 	EXP 	window1: mouseVisible = False
693.1404 	EXP 	window1: mouseVisible = False
693.1571 	EXP 	window1: mouseVisible = False
693.1738 	EXP 	window1: mouseVisible = False
693.1905 	EXP 	window1: mouseVisible = False
693.2071 	EXP 	window1: mouseVisible = False
693.2238 	EXP 	window1: mouseVisible = False
693.2410 	EXP 	window1: mouseVisible = False
693.2572 	EXP 	window1: mouseVisible = False
693.2739 	EXP 	window1: mouseVisible = False
693.2905 	EXP 	window1: mouseVisible = False
693.3071 	EXP 	window1: mouseVisible = False
693.3238 	EXP 	window1: mouseVisible = False
693.3405 	EXP 	window1: mouseVisible = False
693.3571 	EXP 	window1: mouseVisible = False
693.3738 	EXP 	window1: mouseVisible = False
693.3904 	EXP 	window1: mouseVisible = False
693.4071 	EXP 	window1: mouseVisible = False
693.4238 	EXP 	window1: mouseVisible = False
693.4404 	EXP 	window1: mouseVisible = False
693.4571 	EXP 	window1: mouseVisible = False
693.4738 	EXP 	window1: mouseVisible = False
693.4905 	EXP 	window1: mouseVisible = False
693.5071 	EXP 	window1: mouseVisible = False
693.5238 	EXP 	window1: mouseVisible = False
693.5404 	EXP 	window1: mouseVisible = False
693.5571 	EXP 	window1: mouseVisible = False
693.5738 	EXP 	window1: mouseVisible = False
693.5904 	EXP 	window1: mouseVisible = False
693.6071 	EXP 	window1: mouseVisible = False
693.6238 	EXP 	window1: mouseVisible = False
693.6406 	EXP 	window1: mouseVisible = False
693.6572 	EXP 	window1: mouseVisible = False
693.6739 	EXP 	window1: mouseVisible = False
693.6904 	EXP 	window1: mouseVisible = False
693.7071 	EXP 	window1: mouseVisible = False
693.7238 	EXP 	window1: mouseVisible = False
693.7404 	EXP 	window1: mouseVisible = False
693.7571 	EXP 	window1: mouseVisible = False
693.7738 	EXP 	window1: mouseVisible = False
693.7905 	EXP 	window1: mouseVisible = False
693.8071 	EXP 	window1: mouseVisible = False
693.8237 	EXP 	window1: mouseVisible = False
693.8406 	EXP 	window1: mouseVisible = False
693.8568 	DATA 	Keypress: n
693.8573 	EXP 	window1: mouseVisible = False
693.8739 	EXP 	window1: mouseVisible = False
693.8905 	EXP 	window1: mouseVisible = False
693.9071 	EXP 	window1: mouseVisible = False
693.9238 	EXP 	window1: mouseVisible = False
693.9405 	EXP 	window1: mouseVisible = False
693.9571 	EXP 	window1: mouseVisible = False
693.9738 	EXP 	window1: mouseVisible = False
693.9905 	EXP 	window1: mouseVisible = False
694.0071 	EXP 	window1: mouseVisible = False
694.0238 	EXP 	window1: mouseVisible = False
694.0405 	EXP 	window1: mouseVisible = False
694.0573 	EXP 	window1: mouseVisible = False
694.0738 	EXP 	window1: mouseVisible = False
694.0904 	EXP 	window1: mouseVisible = False
694.1071 	EXP 	window1: mouseVisible = False
694.1238 	EXP 	window1: mouseVisible = False
694.1404 	EXP 	window1: mouseVisible = False
694.1571 	EXP 	window1: mouseVisible = False
694.1739 	EXP 	window1: mouseVisible = False
694.1905 	EXP 	window1: mouseVisible = False
694.2071 	EXP 	window1: mouseVisible = False
694.2238 	EXP 	window1: mouseVisible = False
694.2407 	EXP 	window1: mouseVisible = False
694.2570 	EXP 	window1: mouseVisible = False
694.2737 	EXP 	window1: mouseVisible = False
694.2903 	EXP 	window1: mouseVisible = False
694.3070 	EXP 	window1: mouseVisible = False
694.3236 	EXP 	window1: mouseVisible = False
694.3403 	EXP 	window1: mouseVisible = False
694.3571 	EXP 	window1: mouseVisible = False
694.3737 	EXP 	window1: mouseVisible = False
694.3904 	EXP 	window1: mouseVisible = False
694.4070 	EXP 	window1: mouseVisible = False
694.4237 	EXP 	window1: mouseVisible = False
694.4403 	EXP 	window1: mouseVisible = False
694.4571 	EXP 	window1: mouseVisible = False
694.4740 	EXP 	window1: mouseVisible = False
694.4906 	EXP 	window1: mouseVisible = False
694.5073 	EXP 	window1: mouseVisible = False
694.5239 	EXP 	window1: mouseVisible = False
694.5405 	EXP 	window1: mouseVisible = False
694.5573 	EXP 	window1: mouseVisible = False
694.5739 	EXP 	window1: mouseVisible = False
694.5904 	EXP 	window1: mouseVisible = False
694.6070 	EXP 	window1: mouseVisible = False
694.6238 	EXP 	window1: mouseVisible = False
694.6404 	EXP 	window1: mouseVisible = False
694.6570 	EXP 	window1: mouseVisible = False
694.6738 	EXP 	window1: mouseVisible = False
694.6904 	EXP 	window1: mouseVisible = False
694.7070 	EXP 	window1: mouseVisible = False
694.7236 	EXP 	window1: mouseVisible = False
694.7403 	EXP 	window1: mouseVisible = False
694.7570 	EXP 	window1: mouseVisible = False
694.7736 	EXP 	window1: mouseVisible = False
694.7904 	EXP 	window1: mouseVisible = False
694.8070 	EXP 	window1: mouseVisible = False
694.8237 	EXP 	window1: mouseVisible = False
694.8403 	EXP 	window1: mouseVisible = False
694.8570 	EXP 	window1: mouseVisible = False
694.8734 	DATA 	Keypress: n
694.8739 	EXP 	window1: mouseVisible = False
694.8905 	EXP 	window1: mouseVisible = False
694.9071 	EXP 	window1: mouseVisible = False
694.9237 	EXP 	window1: mouseVisible = False
694.9403 	EXP 	window1: mouseVisible = False
694.9570 	EXP 	window1: mouseVisible = False
694.9738 	EXP 	window1: mouseVisible = False
694.9904 	EXP 	window1: mouseVisible = False
695.0072 	EXP 	window1: mouseVisible = False
695.0238 	EXP 	window1: mouseVisible = False
695.0406 	EXP 	window1: mouseVisible = False
695.0571 	EXP 	window1: mouseVisible = False
695.0737 	EXP 	window1: mouseVisible = False
695.0904 	EXP 	window1: mouseVisible = False
695.1072 	EXP 	window1: mouseVisible = False
695.1237 	EXP 	window1: mouseVisible = False
695.1404 	EXP 	window1: mouseVisible = False
695.1570 	EXP 	window1: mouseVisible = False
695.1738 	EXP 	window1: mouseVisible = False
695.1904 	EXP 	window1: mouseVisible = False
695.2070 	EXP 	window1: mouseVisible = False
695.2237 	EXP 	window1: mouseVisible = False
695.2403 	EXP 	window1: mouseVisible = False
695.2572 	EXP 	window1: mouseVisible = False
695.2738 	EXP 	window1: mouseVisible = False
695.2903 	EXP 	window1: mouseVisible = False
695.3070 	EXP 	window1: mouseVisible = False
695.3237 	EXP 	window1: mouseVisible = False
695.3404 	EXP 	window1: mouseVisible = False
695.3570 	EXP 	window1: mouseVisible = False
695.3737 	EXP 	window1: mouseVisible = False
695.3903 	EXP 	window1: mouseVisible = False
695.4070 	EXP 	window1: mouseVisible = False
695.4237 	EXP 	window1: mouseVisible = False
695.4403 	EXP 	window1: mouseVisible = False
695.4570 	EXP 	window1: mouseVisible = False
695.4737 	EXP 	window1: mouseVisible = False
695.4903 	EXP 	window1: mouseVisible = False
695.5089 	EXP 	window1: mouseVisible = False
695.5237 	EXP 	window1: mouseVisible = False
695.5404 	EXP 	window1: mouseVisible = False
695.5570 	EXP 	window1: mouseVisible = False
695.5736 	EXP 	window1: mouseVisible = False
695.5903 	EXP 	window1: mouseVisible = False
695.6070 	EXP 	window1: mouseVisible = False
695.6237 	EXP 	window1: mouseVisible = False
695.6403 	EXP 	window1: mouseVisible = False
695.6570 	EXP 	window1: mouseVisible = False
695.6739 	EXP 	window1: mouseVisible = False
695.6905 	EXP 	window1: mouseVisible = False
695.7072 	EXP 	window1: mouseVisible = False
695.7238 	EXP 	window1: mouseVisible = False
695.7405 	DATA 	Keypress: space
695.8557 	EXP 	main_text: autoDraw = True
695.8557 	EXP 	confirm_text: autoDraw = True
695.8557 	EXP 	ratingScale: autoDraw = False
695.8557 	EXP 	main_text: autoDraw = False
695.8557 	EXP 	confirm_text: autoDraw = False
695.8557 	EXP 	text_8: autoDraw = True
696.8560 	EXP 	Created sequence: random, trialTypes=1, nReps=4, seed=None
696.8561 	EXP 	New trial (rep=0, index=0): None
696.8578 	DATA 	Keypress: p
696.8724 	EXP 	text_8: autoDraw = False
696.8724 	EXP 	text_pic: autoDraw = True
696.8724 	EXP 	croix_3: autoDraw = True
701.8725 	EXP 	text_pic: autoDraw = False
701.8725 	EXP 	croix_3: autoDraw = False
701.8725 	EXP 	text_pic: autoDraw = False
701.8725 	EXP 	croix_3: autoDraw = False
701.8725 	EXP 	thermode_locali_pic: height = 0.02
701.8725 	EXP 	thermode_locali_pic: height = 0.02
701.8725 	EXP 	thermode_locali_pic: height = 0.02
701.8725 	EXP 	thermode_locali_pic: text = 'T : 0'
701.8725 	EXP 	responsel: text = 'NON              '
701.8725 	EXP 	thermode_locali_pic: autoDraw = True
709.8558 	EXP 	responsel: autoDraw = True
709.8558 	EXP 	percu_or: autoDraw = True
709.8558 	EXP 	responser: autoDraw = True
711.8902 	DATA 	Keypress: n
711.9225 	EXP 	responser: foreColor = (0, 0, 0)
711.9391 	EXP 	responser: foreColor = (0, 0, 0)
711.9558 	EXP 	responser: foreColor = (0, 0, 0)
711.9725 	EXP 	responser: foreColor = (0, 0, 0)
711.9891 	EXP 	responser: foreColor = (0, 0, 0)
712.0058 	EXP 	responser: foreColor = (0, 0, 0)
712.0225 	EXP 	responser: foreColor = (0, 0, 0)
712.0391 	EXP 	responser: foreColor = (0, 0, 0)
712.0558 	EXP 	responser: foreColor = (0, 0, 0)
712.0725 	EXP 	responser: foreColor = (0, 0, 0)
712.0891 	EXP 	responser: foreColor = (0, 0, 0)
712.1058 	EXP 	responser: foreColor = (0, 0, 0)
712.1225 	EXP 	responser: foreColor = (0, 0, 0)
712.1391 	EXP 	responser: foreColor = (0, 0, 0)
712.1558 	EXP 	responser: foreColor = (0, 0, 0)
712.1725 	EXP 	responser: foreColor = (0, 0, 0)
712.1891 	EXP 	responser: foreColor = (0, 0, 0)
712.2058 	EXP 	responser: foreColor = (0, 0, 0)
712.2225 	EXP 	responser: foreColor = (0, 0, 0)
712.2391 	EXP 	responser: foreColor = (0, 0, 0)
712.2558 	EXP 	responser: foreColor = (0, 0, 0)
712.2725 	EXP 	responser: foreColor = (0, 0, 0)
712.2891 	EXP 	responser: foreColor = (0, 0, 0)
712.3058 	EXP 	responser: foreColor = (0, 0, 0)
712.3225 	EXP 	responser: foreColor = (0, 0, 0)
712.3391 	EXP 	responser: foreColor = (0, 0, 0)
712.3558 	EXP 	responser: foreColor = (0, 0, 0)
712.3724 	EXP 	responser: foreColor = (0, 0, 0)
712.3891 	EXP 	responser: foreColor = (0, 0, 0)
712.4058 	EXP 	responser: foreColor = (0, 0, 0)
712.4225 	EXP 	responser: foreColor = (0, 0, 0)
712.4391 	EXP 	responser: foreColor = (0, 0, 0)
712.4558 	EXP 	responser: foreColor = (0, 0, 0)
712.4725 	EXP 	responser: foreColor = (0, 0, 0)
712.4891 	EXP 	responser: foreColor = (0, 0, 0)
712.5058 	EXP 	responser: foreColor = (0, 0, 0)
712.5225 	EXP 	responser: foreColor = (0, 0, 0)
712.5391 	EXP 	responser: foreColor = (0, 0, 0)
712.5558 	EXP 	responser: foreColor = (0, 0, 0)
712.5725 	EXP 	responser: foreColor = (0, 0, 0)
712.5891 	EXP 	responser: foreColor = (0, 0, 0)
712.6058 	EXP 	responser: foreColor = (0, 0, 0)
712.6225 	EXP 	responser: foreColor = (0, 0, 0)
712.6391 	EXP 	responser: foreColor = (0, 0, 0)
712.6558 	EXP 	responser: foreColor = (0, 0, 0)
712.6725 	EXP 	responser: foreColor = (0, 0, 0)
712.6891 	EXP 	responser: foreColor = (0, 0, 0)
712.7058 	EXP 	responser: foreColor = (0, 0, 0)
712.7225 	EXP 	responser: foreColor = (0, 0, 0)
712.7391 	EXP 	responser: foreColor = (0, 0, 0)
712.7558 	EXP 	responser: foreColor = (0, 0, 0)
712.7725 	EXP 	responser: foreColor = (0, 0, 0)
712.7891 	EXP 	responser: foreColor = (0, 0, 0)
712.8058 	EXP 	responser: foreColor = (0, 0, 0)
712.8225 	EXP 	responser: foreColor = (0, 0, 0)
712.8225 	EXP 	thermode_locali_pic: autoDraw = False
712.8391 	EXP 	responser: foreColor = (0, 0, 0)
712.8397 	EXP 	New trial (rep=1, index=0): None
712.8558 	EXP 	responser: foreColor = (0, 0, 0)
712.8558 	EXP 	responsel: autoDraw = False
712.8558 	EXP 	percu_or: autoDraw = False
712.8558 	EXP 	responser: autoDraw = False
712.8558 	EXP 	thermode_locali_pic: autoDraw = False
712.8558 	EXP 	responsel: autoDraw = False
712.8558 	EXP 	percu_or: autoDraw = False
712.8558 	EXP 	responser: autoDraw = False
712.8558 	EXP 	responsel: foreColor = 'white'
712.8558 	EXP 	responser: foreColor = 'white'
712.8558 	EXP 	text_pic: autoDraw = True
712.8558 	EXP 	croix_3: autoDraw = True
717.8559 	EXP 	text_pic: autoDraw = False
717.8559 	EXP 	croix_3: autoDraw = False
717.8559 	EXP 	text_pic: autoDraw = False
717.8559 	EXP 	croix_3: autoDraw = False
717.8559 	EXP 	thermode_locali_pic: height = 0.02
717.8559 	EXP 	thermode_locali_pic: height = 0.02
717.8559 	EXP 	thermode_locali_pic: height = 0.02
717.8559 	EXP 	thermode_locali_pic: text = 'T : 1'
717.8559 	EXP 	responsel: text = 'NON              '
717.8559 	EXP 	thermode_locali_pic: autoDraw = True
725.8394 	EXP 	responsel: autoDraw = True
725.8394 	EXP 	percu_or: autoDraw = True
725.8394 	EXP 	responser: autoDraw = True
727.5905 	DATA 	Keypress: m
727.6227 	EXP 	responsel: foreColor = (0, 0, 0)
727.6394 	EXP 	responsel: foreColor = (0, 0, 0)
727.6561 	EXP 	responsel: foreColor = (0, 0, 0)
727.6728 	EXP 	responsel: foreColor = (0, 0, 0)
727.6894 	EXP 	responsel: foreColor = (0, 0, 0)
727.7061 	EXP 	responsel: foreColor = (0, 0, 0)
727.7228 	EXP 	responsel: foreColor = (0, 0, 0)
727.7394 	EXP 	responsel: foreColor = (0, 0, 0)
727.7561 	EXP 	responsel: foreColor = (0, 0, 0)
727.7727 	EXP 	responsel: foreColor = (0, 0, 0)
727.7894 	EXP 	responsel: foreColor = (0, 0, 0)
727.8060 	EXP 	responsel: foreColor = (0, 0, 0)
727.8227 	EXP 	responsel: foreColor = (0, 0, 0)
727.8394 	EXP 	responsel: foreColor = (0, 0, 0)
727.8561 	EXP 	responsel: foreColor = (0, 0, 0)
727.8728 	EXP 	responsel: foreColor = (0, 0, 0)
727.8894 	EXP 	responsel: foreColor = (0, 0, 0)
727.9061 	EXP 	responsel: foreColor = (0, 0, 0)
727.9227 	EXP 	responsel: foreColor = (0, 0, 0)
727.9394 	EXP 	responsel: foreColor = (0, 0, 0)
727.9561 	EXP 	responsel: foreColor = (0, 0, 0)
727.9728 	EXP 	responsel: foreColor = (0, 0, 0)
727.9894 	EXP 	responsel: foreColor = (0, 0, 0)
728.0061 	EXP 	responsel: foreColor = (0, 0, 0)
728.0228 	EXP 	responsel: foreColor = (0, 0, 0)
728.0394 	EXP 	responsel: foreColor = (0, 0, 0)
728.0561 	EXP 	responsel: foreColor = (0, 0, 0)
728.0728 	EXP 	responsel: foreColor = (0, 0, 0)
728.0894 	EXP 	responsel: foreColor = (0, 0, 0)
728.1061 	EXP 	responsel: foreColor = (0, 0, 0)
728.1227 	EXP 	responsel: foreColor = (0, 0, 0)
728.1394 	EXP 	responsel: foreColor = (0, 0, 0)
728.1560 	EXP 	responsel: foreColor = (0, 0, 0)
728.1728 	EXP 	responsel: foreColor = (0, 0, 0)
728.1894 	EXP 	responsel: foreColor = (0, 0, 0)
728.2061 	EXP 	responsel: foreColor = (0, 0, 0)
728.2227 	EXP 	responsel: foreColor = (0, 0, 0)
728.2394 	EXP 	responsel: foreColor = (0, 0, 0)
728.2561 	EXP 	responsel: foreColor = (0, 0, 0)
728.2728 	EXP 	responsel: foreColor = (0, 0, 0)
728.2894 	EXP 	responsel: foreColor = (0, 0, 0)
728.3061 	EXP 	responsel: foreColor = (0, 0, 0)
728.3228 	EXP 	responsel: foreColor = (0, 0, 0)
728.3394 	EXP 	responsel: foreColor = (0, 0, 0)
728.3561 	EXP 	responsel: foreColor = (0, 0, 0)
728.3728 	EXP 	responsel: foreColor = (0, 0, 0)
728.3894 	EXP 	responsel: foreColor = (0, 0, 0)
728.4061 	EXP 	responsel: foreColor = (0, 0, 0)
728.4228 	EXP 	responsel: foreColor = (0, 0, 0)
728.4394 	EXP 	responsel: foreColor = (0, 0, 0)
728.4561 	EXP 	responsel: foreColor = (0, 0, 0)
728.4727 	EXP 	responsel: foreColor = (0, 0, 0)
728.4894 	EXP 	responsel: foreColor = (0, 0, 0)
728.5061 	EXP 	responsel: foreColor = (0, 0, 0)
728.5228 	EXP 	responsel: foreColor = (0, 0, 0)
728.5394 	EXP 	responsel: foreColor = (0, 0, 0)
728.5561 	EXP 	responsel: foreColor = (0, 0, 0)
728.5728 	EXP 	responsel: foreColor = (0, 0, 0)
728.5894 	EXP 	responsel: foreColor = (0, 0, 0)
728.6061 	EXP 	responsel: foreColor = (0, 0, 0)
728.6227 	EXP 	responsel: foreColor = (0, 0, 0)
728.6394 	EXP 	responsel: foreColor = (0, 0, 0)
728.6561 	EXP 	responsel: foreColor = (0, 0, 0)
728.6728 	EXP 	responsel: foreColor = (0, 0, 0)
728.6894 	EXP 	responsel: foreColor = (0, 0, 0)
728.7061 	EXP 	responsel: foreColor = (0, 0, 0)
728.7228 	EXP 	responsel: foreColor = (0, 0, 0)
728.7394 	EXP 	responsel: foreColor = (0, 0, 0)
728.7561 	EXP 	responsel: foreColor = (0, 0, 0)
728.7727 	EXP 	responsel: foreColor = (0, 0, 0)
728.7894 	EXP 	responsel: foreColor = (0, 0, 0)
728.8061 	EXP 	responsel: foreColor = (0, 0, 0)
728.8061 	EXP 	thermode_locali_pic: autoDraw = False
728.8228 	EXP 	responsel: foreColor = (0, 0, 0)
728.8233 	EXP 	New trial (rep=2, index=0): None
728.8394 	EXP 	responsel: foreColor = (0, 0, 0)
728.8394 	EXP 	responsel: autoDraw = False
728.8394 	EXP 	percu_or: autoDraw = False
728.8394 	EXP 	responser: autoDraw = False
728.8394 	EXP 	thermode_locali_pic: autoDraw = False
728.8394 	EXP 	responsel: autoDraw = False
728.8394 	EXP 	percu_or: autoDraw = False
728.8394 	EXP 	responser: autoDraw = False
728.8394 	EXP 	responsel: foreColor = 'white'
728.8394 	EXP 	responser: foreColor = 'white'
728.8394 	EXP 	text_pic: autoDraw = True
728.8394 	EXP 	croix_3: autoDraw = True
733.8395 	EXP 	text_pic: autoDraw = False
733.8395 	EXP 	croix_3: autoDraw = False
733.8395 	EXP 	text_pic: autoDraw = False
733.8395 	EXP 	croix_3: autoDraw = False
733.8395 	EXP 	thermode_locali_pic: height = 0.02
733.8395 	EXP 	thermode_locali_pic: height = 0.02
733.8395 	EXP 	thermode_locali_pic: height = 0.02
733.8395 	EXP 	thermode_locali_pic: text = 'T : 2'
733.8395 	EXP 	responsel: text = 'NON              '
733.8395 	EXP 	thermode_locali_pic: autoDraw = True
741.8229 	EXP 	responsel: autoDraw = True
741.8229 	EXP 	percu_or: autoDraw = True
741.8229 	EXP 	responser: autoDraw = True
742.9906 	DATA 	Keypress: n
743.0229 	EXP 	responser: foreColor = (0, 0, 0)
743.0396 	EXP 	responser: foreColor = (0, 0, 0)
743.0563 	EXP 	responser: foreColor = (0, 0, 0)
743.0729 	EXP 	responser: foreColor = (0, 0, 0)
743.0896 	EXP 	responser: foreColor = (0, 0, 0)
743.1063 	EXP 	responser: foreColor = (0, 0, 0)
743.1229 	EXP 	responser: foreColor = (0, 0, 0)
743.1396 	EXP 	responser: foreColor = (0, 0, 0)
743.1563 	EXP 	responser: foreColor = (0, 0, 0)
743.1729 	EXP 	responser: foreColor = (0, 0, 0)
743.1896 	EXP 	responser: foreColor = (0, 0, 0)
743.2063 	EXP 	responser: foreColor = (0, 0, 0)
743.2229 	EXP 	responser: foreColor = (0, 0, 0)
743.2396 	EXP 	responser: foreColor = (0, 0, 0)
743.2562 	EXP 	responser: foreColor = (0, 0, 0)
743.2729 	EXP 	responser: foreColor = (0, 0, 0)
743.2896 	EXP 	responser: foreColor = (0, 0, 0)
743.3063 	EXP 	responser: foreColor = (0, 0, 0)
743.3229 	EXP 	responser: foreColor = (0, 0, 0)
743.3396 	EXP 	responser: foreColor = (0, 0, 0)
743.3562 	EXP 	responser: foreColor = (0, 0, 0)
743.3729 	EXP 	responser: foreColor = (0, 0, 0)
743.3896 	EXP 	responser: foreColor = (0, 0, 0)
743.4063 	EXP 	responser: foreColor = (0, 0, 0)
743.4229 	EXP 	responser: foreColor = (0, 0, 0)
743.4396 	EXP 	responser: foreColor = (0, 0, 0)
743.4563 	EXP 	responser: foreColor = (0, 0, 0)
743.4729 	EXP 	responser: foreColor = (0, 0, 0)
743.4896 	EXP 	responser: foreColor = (0, 0, 0)
743.5063 	EXP 	responser: foreColor = (0, 0, 0)
743.5229 	EXP 	responser: foreColor = (0, 0, 0)
743.5396 	EXP 	responser: foreColor = (0, 0, 0)
743.5563 	EXP 	responser: foreColor = (0, 0, 0)
743.5730 	EXP 	responser: foreColor = (0, 0, 0)
743.5896 	EXP 	responser: foreColor = (0, 0, 0)
743.6063 	EXP 	responser: foreColor = (0, 0, 0)
743.6229 	EXP 	responser: foreColor = (0, 0, 0)
743.6396 	EXP 	responser: foreColor = (0, 0, 0)
743.6562 	EXP 	responser: foreColor = (0, 0, 0)
743.6729 	EXP 	responser: foreColor = (0, 0, 0)
743.6896 	EXP 	responser: foreColor = (0, 0, 0)
743.7063 	EXP 	responser: foreColor = (0, 0, 0)
743.7229 	EXP 	responser: foreColor = (0, 0, 0)
743.7396 	EXP 	responser: foreColor = (0, 0, 0)
743.7563 	EXP 	responser: foreColor = (0, 0, 0)
743.7729 	EXP 	responser: foreColor = (0, 0, 0)
743.7896 	EXP 	responser: foreColor = (0, 0, 0)
743.8063 	EXP 	responser: foreColor = (0, 0, 0)
743.8229 	EXP 	responser: foreColor = (0, 0, 0)
743.8396 	EXP 	responser: foreColor = (0, 0, 0)
743.8563 	EXP 	responser: foreColor = (0, 0, 0)
743.8729 	EXP 	responser: foreColor = (0, 0, 0)
743.8896 	EXP 	responser: foreColor = (0, 0, 0)
743.9062 	EXP 	responser: foreColor = (0, 0, 0)
743.9229 	EXP 	responser: foreColor = (0, 0, 0)
743.9396 	EXP 	responser: foreColor = (0, 0, 0)
743.9563 	EXP 	responser: foreColor = (0, 0, 0)
743.9729 	EXP 	responser: foreColor = (0, 0, 0)
743.9896 	EXP 	responser: foreColor = (0, 0, 0)
744.0062 	EXP 	responser: foreColor = (0, 0, 0)
744.0229 	EXP 	responser: foreColor = (0, 0, 0)
744.0396 	EXP 	responser: foreColor = (0, 0, 0)
744.0562 	EXP 	responser: foreColor = (0, 0, 0)
744.0728 	EXP 	responser: foreColor = (0, 0, 0)
744.0895 	EXP 	responser: foreColor = (0, 0, 0)
744.1061 	EXP 	responser: foreColor = (0, 0, 0)
744.1228 	EXP 	responser: foreColor = (0, 0, 0)
744.1395 	EXP 	responser: foreColor = (0, 0, 0)
744.1562 	EXP 	responser: foreColor = (0, 0, 0)
744.1731 	EXP 	responser: foreColor = (0, 0, 0)
744.1898 	EXP 	responser: foreColor = (0, 0, 0)
744.2065 	EXP 	responser: foreColor = (0, 0, 0)
744.2231 	EXP 	responser: foreColor = (0, 0, 0)
744.2398 	EXP 	responser: foreColor = (0, 0, 0)
744.2563 	EXP 	responser: foreColor = (0, 0, 0)
744.2729 	EXP 	responser: foreColor = (0, 0, 0)
744.2896 	EXP 	responser: foreColor = (0, 0, 0)
744.3063 	EXP 	responser: foreColor = (0, 0, 0)
744.3229 	EXP 	responser: foreColor = (0, 0, 0)
744.3396 	EXP 	responser: foreColor = (0, 0, 0)
744.3562 	EXP 	responser: foreColor = (0, 0, 0)
744.3729 	EXP 	responser: foreColor = (0, 0, 0)
744.3896 	EXP 	responser: foreColor = (0, 0, 0)
744.4063 	EXP 	responser: foreColor = (0, 0, 0)
744.4229 	EXP 	responser: foreColor = (0, 0, 0)
744.4396 	EXP 	responser: foreColor = (0, 0, 0)
744.4563 	EXP 	responser: foreColor = (0, 0, 0)
744.4729 	EXP 	responser: foreColor = (0, 0, 0)
744.4896 	EXP 	responser: foreColor = (0, 0, 0)
744.5063 	EXP 	responser: foreColor = (0, 0, 0)
744.5229 	EXP 	responser: foreColor = (0, 0, 0)
744.5396 	EXP 	responser: foreColor = (0, 0, 0)
744.5563 	EXP 	responser: foreColor = (0, 0, 0)
744.5729 	EXP 	responser: foreColor = (0, 0, 0)
744.5896 	EXP 	responser: foreColor = (0, 0, 0)
744.6062 	EXP 	responser: foreColor = (0, 0, 0)
744.6229 	EXP 	responser: foreColor = (0, 0, 0)
744.6395 	EXP 	responser: foreColor = (0, 0, 0)
744.6561 	EXP 	responser: foreColor = (0, 0, 0)
744.6728 	EXP 	responser: foreColor = (0, 0, 0)
744.6895 	EXP 	responser: foreColor = (0, 0, 0)
744.7062 	EXP 	responser: foreColor = (0, 0, 0)
744.7228 	EXP 	responser: foreColor = (0, 0, 0)
744.7395 	EXP 	responser: foreColor = (0, 0, 0)
744.7562 	EXP 	responser: foreColor = (0, 0, 0)
744.7729 	EXP 	responser: foreColor = (0, 0, 0)
744.7895 	EXP 	responser: foreColor = (0, 0, 0)
744.7895 	EXP 	thermode_locali_pic: autoDraw = False
744.8062 	EXP 	responser: foreColor = (0, 0, 0)
744.8067 	EXP 	New trial (rep=3, index=0): None
744.8229 	EXP 	responser: foreColor = (0, 0, 0)
744.8229 	EXP 	responsel: autoDraw = False
744.8229 	EXP 	percu_or: autoDraw = False
744.8229 	EXP 	responser: autoDraw = False
744.8229 	EXP 	thermode_locali_pic: autoDraw = False
744.8229 	EXP 	responsel: autoDraw = False
744.8229 	EXP 	percu_or: autoDraw = False
744.8229 	EXP 	responser: autoDraw = False
744.8229 	EXP 	responsel: foreColor = 'white'
744.8229 	EXP 	responser: foreColor = 'white'
744.8229 	EXP 	text_pic: autoDraw = True
744.8229 	EXP 	croix_3: autoDraw = True
749.8230 	EXP 	text_pic: autoDraw = False
749.8230 	EXP 	croix_3: autoDraw = False
749.8230 	EXP 	text_pic: autoDraw = False
749.8230 	EXP 	croix_3: autoDraw = False
749.8230 	EXP 	thermode_locali_pic: height = 0.02
749.8230 	EXP 	thermode_locali_pic: height = 0.02
749.8230 	EXP 	thermode_locali_pic: height = 0.02
749.8230 	EXP 	thermode_locali_pic: text = 'T : 3'
749.8230 	EXP 	responsel: text = 'NON              '
749.8230 	EXP 	thermode_locali_pic: autoDraw = True
757.8064 	EXP 	responsel: autoDraw = True
757.8064 	EXP 	percu_or: autoDraw = True
757.8064 	EXP 	responser: autoDraw = True
760.7731 	EXP 	thermode_locali_pic: autoDraw = False
760.7903 	EXP 	New trial (rep=2, index=0): None
760.8065 	EXP 	responsel: autoDraw = False
760.8065 	EXP 	percu_or: autoDraw = False
760.8065 	EXP 	responser: autoDraw = False
760.8065 	EXP 	thermode_locali_pic: autoDraw = False
760.8065 	EXP 	responsel: autoDraw = False
760.8065 	EXP 	percu_or: autoDraw = False
760.8065 	EXP 	responser: autoDraw = False
760.8065 	EXP 	responsel: foreColor = 'white'
760.8065 	EXP 	responser: foreColor = 'white'
760.8065 	EXP 	text_7: autoDraw = True
763.2234 	EXP 	Created sequence: random, trialTypes=1, nReps=2, seed=None
763.2234 	EXP 	New trial (rep=0, index=0): None
763.2250 	DATA 	Keypress: p
763.2398 	EXP 	text_7: autoDraw = False
763.2398 	EXP 	text_eva: autoDraw = True
763.2398 	EXP 	croix_2: autoDraw = True
768.2399 	EXP 	text_eva: autoDraw = False
768.2399 	EXP 	croix_2: autoDraw = False
768.2399 	EXP 	thermode_locali_EVA: autoDraw = True
780.2235 	EXP 	window1: mouseVisible = True
780.2243 	EXP 	Created unnamed Rect = Rect(__class__=<class 'psychopy.visual.rect.Rect'>, anchor=('center', 'center'), autoDraw=False, autoLog=True, closeShape=True, color=method-wrapper(...), colorSpace='rgb', contrast=None, depth=0, draggable=False, fillColor=array([1, 1, 1]), fillColorSpace='rgb', fillRGB=array([1, 1, 1]), interpolate=True, lineColor=array([1., 1., 1.]), lineColorSpace='rgb', lineRGB=array([1, 1, 1]), lineWidth=1.5, name='unnamed Rect', opacity=1.0, ori=0.0, pos=array([0., 0.]), size=array([0.01, 0.1 ]), units='norm', vertices=ndarray(...), win=Window(...))
780.2244 	EXP 	window1: mouseVisible = True
780.2245 	EXP 	window1: mouseVisible = True
780.2250 	EXP 	window1: mouseVisible = True
780.2262 	EXP 	window1: mouseVisible = True
780.2273 	EXP 	window1: mouseVisible = True
780.2275 	EXP 	window1: mouseVisible = True
780.2276 	EXP 	window1: mouseVisible = True
780.2278 	EXP 	window1: mouseVisible = True
780.2279 	EXP 	window1: mouseVisible = True
780.2280 	EXP 	window1: mouseVisible = True
780.2282 	EXP 	window1: mouseVisible = True
780.2283 	EXP 	window1: mouseVisible = True
780.2284 	EXP 	window1: mouseVisible = True
780.2286 	EXP 	window1: mouseVisible = True
780.2287 	EXP 	window1: mouseVisible = True
780.2288 	EXP 	window1: mouseVisible = True
780.2289 	EXP 	window1: mouseVisible = True
780.2291 	EXP 	window1: mouseVisible = True
780.2292 	EXP 	window1: mouseVisible = True
780.2294 	EXP 	window1: mouseVisible = True
780.2295 	EXP 	window1: mouseVisible = True
780.2297 	EXP 	window1: mouseVisible = True
780.2298 	EXP 	window1: mouseVisible = True
780.2299 	EXP 	window1: mouseVisible = True
780.2300 	EXP 	window1: mouseVisible = True
780.2302 	EXP 	window1: mouseVisible = True
780.2303 	EXP 	window1: mouseVisible = True
780.2304 	EXP 	window1: mouseVisible = True
780.2305 	EXP 	window1: mouseVisible = True
780.2307 	EXP 	window1: mouseVisible = True
780.2308 	EXP 	window1: mouseVisible = True
780.2309 	EXP 	window1: mouseVisible = True
780.2311 	EXP 	window1: mouseVisible = True
780.2313 	EXP 	window1: mouseVisible = True
780.2314 	EXP 	window1: mouseVisible = True
780.2315 	EXP 	window1: mouseVisible = True
780.2316 	EXP 	window1: mouseVisible = True
780.2318 	EXP 	window1: mouseVisible = True
780.2319 	EXP 	window1: mouseVisible = True
780.2320 	EXP 	window1: mouseVisible = True
780.2322 	EXP 	window1: mouseVisible = True
780.2323 	EXP 	window1: mouseVisible = True
780.2324 	EXP 	window1: mouseVisible = True
780.2326 	EXP 	window1: mouseVisible = True
780.2327 	EXP 	window1: mouseVisible = True
780.2328 	EXP 	window1: mouseVisible = True
780.2329 	EXP 	window1: mouseVisible = True
780.2331 	EXP 	window1: mouseVisible = True
780.2332 	EXP 	window1: mouseVisible = True
780.2333 	EXP 	window1: mouseVisible = True
780.2334 	EXP 	window1: mouseVisible = True
780.2336 	EXP 	window1: mouseVisible = True
780.2337 	EXP 	window1: mouseVisible = True
780.2338 	EXP 	window1: mouseVisible = True
780.2340 	EXP 	window1: mouseVisible = True
780.2341 	EXP 	window1: mouseVisible = True
780.2342 	EXP 	window1: mouseVisible = True
780.2343 	EXP 	window1: mouseVisible = True
780.2345 	EXP 	window1: mouseVisible = True
780.2346 	EXP 	window1: mouseVisible = True
780.2347 	EXP 	window1: mouseVisible = True
780.2348 	EXP 	window1: mouseVisible = True
780.2350 	EXP 	window1: mouseVisible = True
780.2351 	EXP 	window1: mouseVisible = True
780.2353 	EXP 	window1: mouseVisible = True
780.2354 	EXP 	window1: mouseVisible = True
780.2355 	EXP 	window1: mouseVisible = True
780.2356 	EXP 	window1: mouseVisible = True
780.2358 	EXP 	window1: mouseVisible = True
780.2359 	EXP 	window1: mouseVisible = True
780.2360 	EXP 	window1: mouseVisible = True
780.2362 	EXP 	window1: mouseVisible = True
780.2363 	EXP 	window1: mouseVisible = True
780.2364 	EXP 	window1: mouseVisible = True
780.2365 	EXP 	window1: mouseVisible = True
780.2367 	EXP 	window1: mouseVisible = True
780.2368 	EXP 	window1: mouseVisible = True
780.2369 	EXP 	window1: mouseVisible = True
780.2370 	EXP 	window1: mouseVisible = True
780.2372 	EXP 	window1: mouseVisible = True
780.2373 	EXP 	window1: mouseVisible = True
780.2374 	EXP 	window1: mouseVisible = True
780.2375 	EXP 	window1: mouseVisible = True
780.2377 	EXP 	window1: mouseVisible = True
780.2378 	EXP 	window1: mouseVisible = True
780.2379 	EXP 	window1: mouseVisible = True
780.2380 	EXP 	window1: mouseVisible = True
780.2382 	EXP 	window1: mouseVisible = True
780.2383 	EXP 	window1: mouseVisible = True
780.2384 	EXP 	window1: mouseVisible = True
780.2386 	EXP 	window1: mouseVisible = True
780.2387 	EXP 	window1: mouseVisible = True
780.2388 	EXP 	window1: mouseVisible = True
780.2390 	EXP 	window1: mouseVisible = True
780.2391 	EXP 	window1: mouseVisible = True
780.2392 	EXP 	window1: mouseVisible = True
780.2394 	EXP 	window1: mouseVisible = True
780.2395 	EXP 	window1: mouseVisible = True
780.2396 	EXP 	window1: mouseVisible = True
780.2397 	EXP 	window1: mouseVisible = True
780.2399 	EXP 	window1: mouseVisible = True
780.2400 	EXP 	window1: mouseVisible = True
780.2401 	EXP 	window1: mouseVisible = True
780.2403 	EXP 	window1: mouseVisible = True
780.2423 	EXP 	Created ratingScale = RatingScale(__class__=type(...), acceptKeys=['return'], acceptPreText=UNKNOWN, acceptSize=UNKNOWN, acceptText=UNKNOWN, autoLog=True, choices=False, colorSpace='rgb', depth=0, disappear=False, flipVert=False, high=100, kwargs=UNKNOWN, labels=list(...), leftKeys=['left'], lineColor=(255, 255, 255), low=0, marker=Rect(...), markerColor=(255, 255, 255), markerExpansion=UNKNOWN, markerStart=0.5, maxTime=0.0, minTime=0.4, mouseOnly=False, name='ratingScale', noMouse=False, pos=[0.0, 0.0], precision=100, respKeys=[], rightKeys=['right'], scale=None, self=UNKNOWN, showAccept=False, showValue=False, singleClick=False, size=0.6, skipKeys=['tab'], stretch=2.0, textColor='white', textFont='Helvetica Bold', textSize=0.144, tickHeight=0, tickMarks=10.0, win=Window(...))
780.2423 	EXP 	RatingScale ratingScale: reset()
780.2443 	EXP 	window1: mouseVisible = False
780.2566 	EXP 	thermode_locali_EVA: autoDraw = False
780.2566 	EXP 	ratingScale: flipVert = False
780.2566 	EXP 	ratingScale: autoLog = True
780.2580 	EXP 	window1: mouseVisible = False
780.2746 	EXP 	window1: mouseVisible = False
780.2914 	EXP 	window1: mouseVisible = False
780.3080 	EXP 	window1: mouseVisible = False
780.3246 	EXP 	window1: mouseVisible = False
780.3413 	EXP 	window1: mouseVisible = False
780.3580 	EXP 	window1: mouseVisible = False
780.3746 	EXP 	window1: mouseVisible = False
780.3914 	EXP 	window1: mouseVisible = False
780.4081 	EXP 	window1: mouseVisible = False
780.4247 	EXP 	window1: mouseVisible = False
780.4414 	EXP 	window1: mouseVisible = False
780.4581 	EXP 	window1: mouseVisible = False
780.4748 	EXP 	window1: mouseVisible = False
780.4914 	EXP 	window1: mouseVisible = False
780.5081 	EXP 	window1: mouseVisible = False
780.5247 	EXP 	window1: mouseVisible = False
780.5414 	EXP 	window1: mouseVisible = False
780.5581 	EXP 	window1: mouseVisible = False
780.5748 	EXP 	window1: mouseVisible = False
780.5914 	EXP 	window1: mouseVisible = False
780.6081 	EXP 	window1: mouseVisible = False
780.6247 	EXP 	window1: mouseVisible = False
780.6414 	EXP 	window1: mouseVisible = False
780.6581 	EXP 	window1: mouseVisible = False
780.6747 	EXP 	window1: mouseVisible = False
780.6914 	EXP 	window1: mouseVisible = False
780.7082 	EXP 	window1: mouseVisible = False
780.7248 	EXP 	window1: mouseVisible = False
780.7414 	EXP 	window1: mouseVisible = False
780.7581 	EXP 	window1: mouseVisible = False
780.7754 	EXP 	window1: mouseVisible = False
780.7917 	EXP 	window1: mouseVisible = False
780.8081 	EXP 	window1: mouseVisible = False
780.8247 	EXP 	window1: mouseVisible = False
780.8427 	EXP 	window1: mouseVisible = False
780.8581 	EXP 	window1: mouseVisible = False
780.8747 	EXP 	window1: mouseVisible = False
780.8914 	EXP 	window1: mouseVisible = False
780.9081 	EXP 	window1: mouseVisible = False
780.9247 	EXP 	window1: mouseVisible = False
780.9414 	EXP 	window1: mouseVisible = False
780.9581 	EXP 	window1: mouseVisible = False
780.9747 	EXP 	window1: mouseVisible = False
780.9914 	EXP 	window1: mouseVisible = False
781.0081 	EXP 	window1: mouseVisible = False
781.0247 	EXP 	window1: mouseVisible = False
781.0413 	EXP 	window1: mouseVisible = False
781.0581 	EXP 	window1: mouseVisible = False
781.0747 	EXP 	window1: mouseVisible = False
781.0914 	EXP 	window1: mouseVisible = False
781.1080 	EXP 	window1: mouseVisible = False
781.1247 	EXP 	window1: mouseVisible = False
781.1414 	EXP 	window1: mouseVisible = False
781.1581 	EXP 	window1: mouseVisible = False
781.1747 	EXP 	window1: mouseVisible = False
781.1914 	EXP 	window1: mouseVisible = False
781.2081 	EXP 	window1: mouseVisible = False
781.2247 	EXP 	window1: mouseVisible = False
781.2414 	EXP 	window1: mouseVisible = False
781.2580 	EXP 	window1: mouseVisible = False
781.2747 	EXP 	window1: mouseVisible = False
781.2914 	EXP 	window1: mouseVisible = False
781.3081 	EXP 	window1: mouseVisible = False
781.3247 	EXP 	window1: mouseVisible = False
781.3414 	EXP 	window1: mouseVisible = False
781.3581 	EXP 	window1: mouseVisible = False
781.3747 	EXP 	window1: mouseVisible = False
781.3914 	EXP 	window1: mouseVisible = False
781.4081 	EXP 	window1: mouseVisible = False
781.4248 	EXP 	window1: mouseVisible = False
781.4414 	EXP 	window1: mouseVisible = False
781.4581 	EXP 	window1: mouseVisible = False
781.4744 	DATA 	Keypress: m
781.4749 	EXP 	window1: mouseVisible = False
781.4914 	EXP 	window1: mouseVisible = False
781.5082 	EXP 	window1: mouseVisible = False
781.5247 	EXP 	window1: mouseVisible = False
781.5414 	EXP 	window1: mouseVisible = False
781.5581 	EXP 	window1: mouseVisible = False
781.5748 	EXP 	window1: mouseVisible = False
781.5914 	EXP 	window1: mouseVisible = False
781.6082 	EXP 	window1: mouseVisible = False
781.6247 	EXP 	window1: mouseVisible = False
781.6415 	EXP 	window1: mouseVisible = False
781.6581 	EXP 	window1: mouseVisible = False
781.6747 	EXP 	window1: mouseVisible = False
781.6914 	EXP 	window1: mouseVisible = False
781.7081 	EXP 	window1: mouseVisible = False
781.7247 	EXP 	window1: mouseVisible = False
781.7414 	EXP 	window1: mouseVisible = False
781.7581 	EXP 	window1: mouseVisible = False
781.7749 	EXP 	window1: mouseVisible = False
781.7915 	EXP 	window1: mouseVisible = False
781.8083 	EXP 	window1: mouseVisible = False
781.8248 	EXP 	window1: mouseVisible = False
781.8413 	EXP 	window1: mouseVisible = False
781.8580 	EXP 	window1: mouseVisible = False
781.8747 	EXP 	window1: mouseVisible = False
781.8913 	EXP 	window1: mouseVisible = False
781.9081 	EXP 	window1: mouseVisible = False
781.9247 	EXP 	window1: mouseVisible = False
781.9414 	EXP 	window1: mouseVisible = False
781.9581 	EXP 	window1: mouseVisible = False
781.9748 	EXP 	window1: mouseVisible = False
781.9914 	EXP 	window1: mouseVisible = False
782.0081 	EXP 	window1: mouseVisible = False
782.0247 	EXP 	window1: mouseVisible = False
782.0413 	EXP 	window1: mouseVisible = False
782.0580 	EXP 	window1: mouseVisible = False
782.0747 	EXP 	window1: mouseVisible = False
782.0913 	EXP 	window1: mouseVisible = False
782.1081 	EXP 	window1: mouseVisible = False
782.1247 	EXP 	window1: mouseVisible = False
782.1414 	EXP 	window1: mouseVisible = False
782.1581 	EXP 	window1: mouseVisible = False
782.1747 	EXP 	window1: mouseVisible = False
782.1913 	EXP 	window1: mouseVisible = False
782.2083 	EXP 	window1: mouseVisible = False
782.2247 	EXP 	window1: mouseVisible = False
782.2413 	EXP 	window1: mouseVisible = False
782.2580 	EXP 	window1: mouseVisible = False
782.2748 	EXP 	window1: mouseVisible = False
782.2921 	EXP 	window1: mouseVisible = False
782.3081 	EXP 	window1: mouseVisible = False
782.3247 	EXP 	window1: mouseVisible = False
782.3413 	EXP 	window1: mouseVisible = False
782.3580 	EXP 	window1: mouseVisible = False
782.3747 	EXP 	window1: mouseVisible = False
782.3914 	EXP 	window1: mouseVisible = False
782.4080 	EXP 	window1: mouseVisible = False
782.4247 	EXP 	window1: mouseVisible = False
782.4414 	EXP 	window1: mouseVisible = False
782.4582 	EXP 	window1: mouseVisible = False
782.4747 	EXP 	window1: mouseVisible = False
782.4914 	EXP 	window1: mouseVisible = False
782.5082 	EXP 	window1: mouseVisible = False
782.5247 	EXP 	window1: mouseVisible = False
782.5413 	EXP 	window1: mouseVisible = False
782.5581 	EXP 	window1: mouseVisible = False
782.5746 	EXP 	window1: mouseVisible = False
782.5913 	EXP 	window1: mouseVisible = False
782.6082 	EXP 	window1: mouseVisible = False
782.6247 	EXP 	window1: mouseVisible = False
782.6414 	EXP 	window1: mouseVisible = False
782.6580 	EXP 	window1: mouseVisible = False
782.6747 	EXP 	window1: mouseVisible = False
782.6913 	EXP 	window1: mouseVisible = False
782.7080 	EXP 	window1: mouseVisible = False
782.7247 	EXP 	window1: mouseVisible = False
782.7426 	EXP 	window1: mouseVisible = False
782.7584 	DATA 	Keypress: space
782.8585 	EXP 	New trial (rep=1, index=0): None
782.8733 	EXP 	main_text: autoDraw = True
782.8733 	EXP 	confirm_text: autoDraw = True
782.8733 	EXP 	ratingScale: autoDraw = False
782.8733 	EXP 	main_text: autoDraw = False
782.8733 	EXP 	confirm_text: autoDraw = False
782.8733 	EXP 	text_eva: autoDraw = True
782.8733 	EXP 	croix_2: autoDraw = True
787.8734 	EXP 	text_eva: autoDraw = False
787.8734 	EXP 	croix_2: autoDraw = False
787.8734 	EXP 	text_eva: autoDraw = False
787.8734 	EXP 	croix_2: autoDraw = False
787.8734 	EXP 	thermode_locali_EVA: autoDraw = True
799.8572 	EXP 	window1: mouseVisible = True
799.8580 	EXP 	Created unnamed Rect = Rect(__class__=<class 'psychopy.visual.rect.Rect'>, anchor=('center', 'center'), autoDraw=False, autoLog=True, closeShape=True, color=method-wrapper(...), colorSpace='rgb', contrast=None, depth=0, draggable=False, fillColor=array([1, 1, 1]), fillColorSpace='rgb', fillRGB=array([1, 1, 1]), interpolate=True, lineColor=array([1., 1., 1.]), lineColorSpace='rgb', lineRGB=array([1, 1, 1]), lineWidth=1.5, name='unnamed Rect', opacity=1.0, ori=0.0, pos=array([0., 0.]), size=array([0.01, 0.1 ]), units='norm', vertices=ndarray(...), win=Window(...))
799.8581 	EXP 	window1: mouseVisible = True
799.8582 	EXP 	window1: mouseVisible = True
799.8587 	EXP 	window1: mouseVisible = True
799.8602 	EXP 	window1: mouseVisible = True
799.8613 	EXP 	window1: mouseVisible = True
799.8615 	EXP 	window1: mouseVisible = True
799.8617 	EXP 	window1: mouseVisible = True
799.8618 	EXP 	window1: mouseVisible = True
799.8619 	EXP 	window1: mouseVisible = True
799.8621 	EXP 	window1: mouseVisible = True
799.8622 	EXP 	window1: mouseVisible = True
799.8623 	EXP 	window1: mouseVisible = True
799.8625 	EXP 	window1: mouseVisible = True
799.8626 	EXP 	window1: mouseVisible = True
799.8627 	EXP 	window1: mouseVisible = True
799.8628 	EXP 	window1: mouseVisible = True
799.8630 	EXP 	window1: mouseVisible = True
799.8631 	EXP 	window1: mouseVisible = True
799.8632 	EXP 	window1: mouseVisible = True
799.8633 	EXP 	window1: mouseVisible = True
799.8635 	EXP 	window1: mouseVisible = True
799.8636 	EXP 	window1: mouseVisible = True
799.8637 	EXP 	window1: mouseVisible = True
799.8639 	EXP 	window1: mouseVisible = True
799.8640 	EXP 	window1: mouseVisible = True
799.8641 	EXP 	window1: mouseVisible = True
799.8642 	EXP 	window1: mouseVisible = True
799.8644 	EXP 	window1: mouseVisible = True
799.8645 	EXP 	window1: mouseVisible = True
799.8647 	EXP 	window1: mouseVisible = True
799.8648 	EXP 	window1: mouseVisible = True
799.8649 	EXP 	window1: mouseVisible = True
799.8651 	EXP 	window1: mouseVisible = True
799.8652 	EXP 	window1: mouseVisible = True
799.8654 	EXP 	window1: mouseVisible = True
799.8655 	EXP 	window1: mouseVisible = True
799.8656 	EXP 	window1: mouseVisible = True
799.8658 	EXP 	window1: mouseVisible = True
799.8659 	EXP 	window1: mouseVisible = True
799.8660 	EXP 	window1: mouseVisible = True
799.8661 	EXP 	window1: mouseVisible = True
799.8663 	EXP 	window1: mouseVisible = True
799.8664 	EXP 	window1: mouseVisible = True
799.8665 	EXP 	window1: mouseVisible = True
799.8666 	EXP 	window1: mouseVisible = True
799.8668 	EXP 	window1: mouseVisible = True
799.8669 	EXP 	window1: mouseVisible = True
799.8673 	EXP 	window1: mouseVisible = True
799.8676 	EXP 	window1: mouseVisible = True
799.8677 	EXP 	window1: mouseVisible = True
799.8679 	EXP 	window1: mouseVisible = True
799.8680 	EXP 	window1: mouseVisible = True
799.8681 	EXP 	window1: mouseVisible = True
799.8683 	EXP 	window1: mouseVisible = True
799.8684 	EXP 	window1: mouseVisible = True
799.8685 	EXP 	window1: mouseVisible = True
799.8687 	EXP 	window1: mouseVisible = True
799.8688 	EXP 	window1: mouseVisible = True
799.8689 	EXP 	window1: mouseVisible = True
799.8691 	EXP 	window1: mouseVisible = True
799.8693 	EXP 	window1: mouseVisible = True
799.8694 	EXP 	window1: mouseVisible = True
799.8696 	EXP 	window1: mouseVisible = True
799.8697 	EXP 	window1: mouseVisible = True
799.8699 	EXP 	window1: mouseVisible = True
799.8700 	EXP 	window1: mouseVisible = True
799.8701 	EXP 	window1: mouseVisible = True
799.8702 	EXP 	window1: mouseVisible = True
799.8704 	EXP 	window1: mouseVisible = True
799.8705 	EXP 	window1: mouseVisible = True
799.8706 	EXP 	window1: mouseVisible = True
799.8707 	EXP 	window1: mouseVisible = True
799.8709 	EXP 	window1: mouseVisible = True
799.8710 	EXP 	window1: mouseVisible = True
799.8711 	EXP 	window1: mouseVisible = True
799.8713 	EXP 	window1: mouseVisible = True
799.8714 	EXP 	window1: mouseVisible = True
799.8715 	EXP 	window1: mouseVisible = True
799.8716 	EXP 	window1: mouseVisible = True
799.8718 	EXP 	window1: mouseVisible = True
799.8719 	EXP 	window1: mouseVisible = True
799.8720 	EXP 	window1: mouseVisible = True
799.8721 	EXP 	window1: mouseVisible = True
799.8723 	EXP 	window1: mouseVisible = True
799.8724 	EXP 	window1: mouseVisible = True
799.8725 	EXP 	window1: mouseVisible = True
799.8727 	EXP 	window1: mouseVisible = True
799.8728 	EXP 	window1: mouseVisible = True
799.8729 	EXP 	window1: mouseVisible = True
799.8731 	EXP 	window1: mouseVisible = True
799.8732 	EXP 	window1: mouseVisible = True
799.8733 	EXP 	window1: mouseVisible = True
799.8735 	EXP 	window1: mouseVisible = True
799.8736 	EXP 	window1: mouseVisible = True
799.8737 	EXP 	window1: mouseVisible = True
799.8739 	EXP 	window1: mouseVisible = True
799.8740 	EXP 	window1: mouseVisible = True
799.8741 	EXP 	window1: mouseVisible = True
799.8743 	EXP 	window1: mouseVisible = True
799.8744 	EXP 	window1: mouseVisible = True
799.8745 	EXP 	window1: mouseVisible = True
799.8746 	EXP 	window1: mouseVisible = True
799.8748 	EXP 	window1: mouseVisible = True
799.8749 	EXP 	window1: mouseVisible = True
799.8770 	EXP 	Created ratingScale = RatingScale(__class__=type(...), acceptKeys=['return'], acceptPreText=UNKNOWN, acceptSize=UNKNOWN, acceptText=UNKNOWN, autoLog=True, choices=False, colorSpace='rgb', depth=0, disappear=False, flipVert=False, high=100, kwargs=UNKNOWN, labels=list(...), leftKeys=['left'], lineColor=(255, 255, 255), low=0, marker=Rect(...), markerColor=(255, 255, 255), markerExpansion=UNKNOWN, markerStart=0.5, maxTime=0.0, minTime=0.4, mouseOnly=False, name='ratingScale', noMouse=False, pos=[0.0, 0.0], precision=100, respKeys=[], rightKeys=['right'], scale=None, self=UNKNOWN, showAccept=False, showValue=False, singleClick=False, size=0.6, skipKeys=['tab'], stretch=2.0, textColor='white', textFont='Helvetica Bold', textSize=0.144, tickHeight=0, tickMarks=10.0, win=Window(...))
799.8770 	EXP 	RatingScale ratingScale: reset()
799.8790 	EXP 	window1: mouseVisible = False
799.8902 	EXP 	thermode_locali_EVA: autoDraw = False
799.8902 	EXP 	thermode_locali_EVA: autoDraw = False
799.8902 	EXP 	ratingScale: flipVert = False
799.8902 	EXP 	ratingScale: autoLog = True
799.8919 	EXP 	window1: mouseVisible = False
799.9084 	EXP 	window1: mouseVisible = False
799.9250 	EXP 	window1: mouseVisible = False
799.9417 	EXP 	window1: mouseVisible = False
799.9583 	EXP 	window1: mouseVisible = False
799.9750 	EXP 	window1: mouseVisible = False
799.9918 	EXP 	window1: mouseVisible = False
800.0083 	EXP 	window1: mouseVisible = False
800.0250 	EXP 	window1: mouseVisible = False
800.0416 	EXP 	window1: mouseVisible = False
800.0583 	EXP 	window1: mouseVisible = False
800.0750 	EXP 	window1: mouseVisible = False
800.0923 	EXP 	window1: mouseVisible = False
800.1083 	EXP 	window1: mouseVisible = False
800.1249 	EXP 	window1: mouseVisible = False
800.1415 	EXP 	window1: mouseVisible = False
800.1583 	EXP 	window1: mouseVisible = False
800.1749 	EXP 	window1: mouseVisible = False
800.1918 	EXP 	window1: mouseVisible = False
800.2083 	EXP 	window1: mouseVisible = False
800.2250 	EXP 	window1: mouseVisible = False
800.2416 	EXP 	window1: mouseVisible = False
800.2585 	EXP 	window1: mouseVisible = False
800.2749 	EXP 	window1: mouseVisible = False
800.2915 	EXP 	window1: mouseVisible = False
800.3082 	EXP 	window1: mouseVisible = False
800.3249 	EXP 	window1: mouseVisible = False
800.3415 	EXP 	window1: mouseVisible = False
800.3582 	EXP 	window1: mouseVisible = False
800.3749 	EXP 	window1: mouseVisible = False
800.3915 	EXP 	window1: mouseVisible = False
800.4082 	EXP 	window1: mouseVisible = False
800.4249 	EXP 	window1: mouseVisible = False
800.4415 	EXP 	window1: mouseVisible = False
800.4582 	EXP 	window1: mouseVisible = False
800.4747 	DATA 	Keypress: n
800.4753 	EXP 	window1: mouseVisible = False
800.4920 	EXP 	window1: mouseVisible = False
800.5084 	EXP 	window1: mouseVisible = False
800.5250 	EXP 	window1: mouseVisible = False
800.5416 	EXP 	window1: mouseVisible = False
800.5583 	EXP 	window1: mouseVisible = False
800.5750 	EXP 	window1: mouseVisible = False
800.5916 	EXP 	window1: mouseVisible = False
800.6083 	EXP 	window1: mouseVisible = False
800.6250 	EXP 	window1: mouseVisible = False
800.6416 	EXP 	window1: mouseVisible = False
800.6583 	EXP 	window1: mouseVisible = False
800.6749 	EXP 	window1: mouseVisible = False
800.6917 	EXP 	window1: mouseVisible = False
800.7083 	EXP 	window1: mouseVisible = False
800.7250 	EXP 	window1: mouseVisible = False
800.7416 	EXP 	window1: mouseVisible = False
800.7583 	EXP 	window1: mouseVisible = False
800.7750 	EXP 	window1: mouseVisible = False
800.7918 	EXP 	window1: mouseVisible = False
800.8083 	EXP 	window1: mouseVisible = False
800.8250 	EXP 	window1: mouseVisible = False
800.8417 	EXP 	window1: mouseVisible = False
800.8583 	EXP 	window1: mouseVisible = False
800.8750 	EXP 	window1: mouseVisible = False
800.8917 	EXP 	window1: mouseVisible = False
800.9083 	EXP 	window1: mouseVisible = False
800.9250 	EXP 	window1: mouseVisible = False
800.9418 	EXP 	window1: mouseVisible = False
800.9586 	EXP 	window1: mouseVisible = False
800.9751 	EXP 	window1: mouseVisible = False
800.9917 	EXP 	window1: mouseVisible = False
801.0083 	EXP 	window1: mouseVisible = False
801.0250 	EXP 	window1: mouseVisible = False
801.0416 	EXP 	window1: mouseVisible = False
801.0583 	EXP 	window1: mouseVisible = False
801.0750 	EXP 	window1: mouseVisible = False
801.0916 	EXP 	window1: mouseVisible = False
801.1083 	EXP 	window1: mouseVisible = False
801.1250 	EXP 	window1: mouseVisible = False
801.1416 	EXP 	window1: mouseVisible = False
801.1583 	EXP 	window1: mouseVisible = False
801.1750 	EXP 	window1: mouseVisible = False
801.1918 	EXP 	window1: mouseVisible = False
801.2083 	EXP 	window1: mouseVisible = False
801.2250 	EXP 	window1: mouseVisible = False
801.2417 	EXP 	window1: mouseVisible = False
801.2583 	EXP 	window1: mouseVisible = False
801.2750 	EXP 	window1: mouseVisible = False
801.2917 	EXP 	window1: mouseVisible = False
801.3084 	EXP 	window1: mouseVisible = False
801.3250 	EXP 	window1: mouseVisible = False
801.3416 	EXP 	window1: mouseVisible = False
801.3583 	EXP 	window1: mouseVisible = False
801.3750 	EXP 	window1: mouseVisible = False
801.3917 	EXP 	window1: mouseVisible = False
801.4083 	EXP 	window1: mouseVisible = False
801.4261 	EXP 	window1: mouseVisible = False
801.4419 	EXP 	window1: mouseVisible = False
801.4584 	DATA 	Keypress: space
801.5736 	EXP 	main_text: autoDraw = True
801.5736 	EXP 	confirm_text: autoDraw = True
801.5736 	EXP 	ratingScale: autoDraw = False
801.5736 	EXP 	main_text: autoDraw = False
801.5736 	EXP 	confirm_text: autoDraw = False
801.5736 	EXP 	text_8: autoDraw = True
802.7572 	EXP 	Created sequence: random, trialTypes=1, nReps=4, seed=None
802.7573 	EXP 	New trial (rep=0, index=0): None
802.7589 	DATA 	Keypress: p
802.7735 	EXP 	text_8: autoDraw = False
802.7735 	EXP 	text_pic: autoDraw = True
802.7735 	EXP 	croix_3: autoDraw = True
807.7737 	EXP 	text_pic: autoDraw = False
807.7737 	EXP 	croix_3: autoDraw = False
807.7737 	EXP 	text_pic: autoDraw = False
807.7737 	EXP 	croix_3: autoDraw = False
807.7737 	EXP 	thermode_locali_pic: height = 0.02
807.7737 	EXP 	thermode_locali_pic: height = 0.02
807.7737 	EXP 	thermode_locali_pic: height = 0.02
807.7737 	EXP 	thermode_locali_pic: text = 'T : 2'
807.7737 	EXP 	responsel: text = 'NON              '
807.7737 	EXP 	thermode_locali_pic: autoDraw = True
815.7570 	EXP 	responsel: autoDraw = True
815.7570 	EXP 	percu_or: autoDraw = True
815.7570 	EXP 	responser: autoDraw = True
816.2248 	DATA 	Keypress: m
816.2570 	EXP 	responsel: foreColor = (0, 0, 0)
816.2737 	EXP 	responsel: foreColor = (0, 0, 0)
816.2903 	EXP 	responsel: foreColor = (0, 0, 0)
816.3071 	EXP 	responsel: foreColor = (0, 0, 0)
816.3237 	EXP 	responsel: foreColor = (0, 0, 0)
816.3403 	EXP 	responsel: foreColor = (0, 0, 0)
816.3570 	EXP 	responsel: foreColor = (0, 0, 0)
816.3737 	EXP 	responsel: foreColor = (0, 0, 0)
816.3904 	EXP 	responsel: foreColor = (0, 0, 0)
816.4070 	EXP 	responsel: foreColor = (0, 0, 0)
816.4237 	EXP 	responsel: foreColor = (0, 0, 0)
816.4404 	EXP 	responsel: foreColor = (0, 0, 0)
816.4570 	EXP 	responsel: foreColor = (0, 0, 0)
816.4737 	EXP 	responsel: foreColor = (0, 0, 0)
816.4903 	EXP 	responsel: foreColor = (0, 0, 0)
816.5071 	EXP 	responsel: foreColor = (0, 0, 0)
816.5237 	EXP 	responsel: foreColor = (0, 0, 0)
816.5403 	EXP 	responsel: foreColor = (0, 0, 0)
816.5570 	EXP 	responsel: foreColor = (0, 0, 0)
816.5737 	EXP 	responsel: foreColor = (0, 0, 0)
816.5903 	EXP 	responsel: foreColor = (0, 0, 0)
816.6070 	EXP 	responsel: foreColor = (0, 0, 0)
816.6237 	EXP 	responsel: foreColor = (0, 0, 0)
816.6403 	EXP 	responsel: foreColor = (0, 0, 0)
816.6571 	EXP 	responsel: foreColor = (0, 0, 0)
816.6737 	EXP 	responsel: foreColor = (0, 0, 0)
816.6903 	EXP 	responsel: foreColor = (0, 0, 0)
816.7071 	EXP 	responsel: foreColor = (0, 0, 0)
816.7237 	EXP 	responsel: foreColor = (0, 0, 0)
816.7403 	EXP 	responsel: foreColor = (0, 0, 0)
816.7571 	EXP 	responsel: foreColor = (0, 0, 0)
816.7737 	EXP 	responsel: foreColor = (0, 0, 0)
816.7904 	EXP 	responsel: foreColor = (0, 0, 0)
816.8070 	EXP 	responsel: foreColor = (0, 0, 0)
816.8237 	EXP 	responsel: foreColor = (0, 0, 0)
816.8403 	EXP 	responsel: foreColor = (0, 0, 0)
816.8570 	EXP 	responsel: foreColor = (0, 0, 0)
816.8737 	EXP 	responsel: foreColor = (0, 0, 0)
816.8903 	EXP 	responsel: foreColor = (0, 0, 0)
816.9071 	EXP 	responsel: foreColor = (0, 0, 0)
816.9237 	EXP 	responsel: foreColor = (0, 0, 0)
816.9403 	EXP 	responsel: foreColor = (0, 0, 0)
816.9570 	EXP 	responsel: foreColor = (0, 0, 0)
816.9737 	EXP 	responsel: foreColor = (0, 0, 0)
816.9903 	EXP 	responsel: foreColor = (0, 0, 0)
817.0071 	EXP 	responsel: foreColor = (0, 0, 0)
817.0237 	EXP 	responsel: foreColor = (0, 0, 0)
817.0403 	EXP 	responsel: foreColor = (0, 0, 0)
817.0571 	EXP 	responsel: foreColor = (0, 0, 0)
817.0737 	EXP 	responsel: foreColor = (0, 0, 0)
817.0903 	EXP 	responsel: foreColor = (0, 0, 0)
817.1071 	EXP 	responsel: foreColor = (0, 0, 0)
817.1237 	EXP 	responsel: foreColor = (0, 0, 0)
817.1404 	EXP 	responsel: foreColor = (0, 0, 0)
817.1570 	EXP 	responsel: foreColor = (0, 0, 0)
817.1737 	EXP 	responsel: foreColor = (0, 0, 0)
817.1903 	EXP 	responsel: foreColor = (0, 0, 0)
817.2071 	EXP 	responsel: foreColor = (0, 0, 0)
817.2237 	EXP 	responsel: foreColor = (0, 0, 0)
817.2403 	EXP 	responsel: foreColor = (0, 0, 0)
817.2571 	EXP 	responsel: foreColor = (0, 0, 0)
817.2737 	EXP 	responsel: foreColor = (0, 0, 0)
817.2904 	EXP 	responsel: foreColor = (0, 0, 0)
817.3070 	EXP 	responsel: foreColor = (0, 0, 0)
817.3237 	EXP 	responsel: foreColor = (0, 0, 0)
817.3403 	EXP 	responsel: foreColor = (0, 0, 0)
817.3570 	EXP 	responsel: foreColor = (0, 0, 0)
817.3737 	EXP 	responsel: foreColor = (0, 0, 0)
817.3904 	EXP 	responsel: foreColor = (0, 0, 0)
817.4070 	EXP 	responsel: foreColor = (0, 0, 0)
817.4237 	EXP 	responsel: foreColor = (0, 0, 0)
817.4403 	EXP 	responsel: foreColor = (0, 0, 0)
817.4570 	EXP 	responsel: foreColor = (0, 0, 0)
817.4737 	EXP 	responsel: foreColor = (0, 0, 0)
817.4903 	EXP 	responsel: foreColor = (0, 0, 0)
817.5070 	EXP 	responsel: foreColor = (0, 0, 0)
817.5237 	EXP 	responsel: foreColor = (0, 0, 0)
817.5403 	EXP 	responsel: foreColor = (0, 0, 0)
817.5570 	EXP 	responsel: foreColor = (0, 0, 0)
817.5737 	EXP 	responsel: foreColor = (0, 0, 0)
817.5903 	EXP 	responsel: foreColor = (0, 0, 0)
817.6070 	EXP 	responsel: foreColor = (0, 0, 0)
817.6237 	EXP 	responsel: foreColor = (0, 0, 0)
817.6404 	EXP 	responsel: foreColor = (0, 0, 0)
817.6570 	EXP 	responsel: foreColor = (0, 0, 0)
817.6737 	EXP 	responsel: foreColor = (0, 0, 0)
817.6903 	EXP 	responsel: foreColor = (0, 0, 0)
817.7070 	EXP 	responsel: foreColor = (0, 0, 0)
817.7237 	EXP 	responsel: foreColor = (0, 0, 0)
817.7404 	EXP 	responsel: foreColor = (0, 0, 0)
817.7570 	EXP 	responsel: foreColor = (0, 0, 0)
817.7737 	EXP 	responsel: foreColor = (0, 0, 0)
817.7903 	EXP 	responsel: foreColor = (0, 0, 0)
817.8070 	EXP 	responsel: foreColor = (0, 0, 0)
817.8237 	EXP 	responsel: foreColor = (0, 0, 0)
817.8404 	EXP 	responsel: foreColor = (0, 0, 0)
817.8570 	EXP 	responsel: foreColor = (0, 0, 0)
817.8737 	EXP 	responsel: foreColor = (0, 0, 0)
817.8904 	EXP 	responsel: foreColor = (0, 0, 0)
817.9070 	EXP 	responsel: foreColor = (0, 0, 0)
817.9237 	EXP 	responsel: foreColor = (0, 0, 0)
817.9404 	EXP 	responsel: foreColor = (0, 0, 0)
817.9570 	EXP 	responsel: foreColor = (0, 0, 0)
817.9737 	EXP 	responsel: foreColor = (0, 0, 0)
817.9904 	EXP 	responsel: foreColor = (0, 0, 0)
818.0070 	EXP 	responsel: foreColor = (0, 0, 0)
818.0237 	EXP 	responsel: foreColor = (0, 0, 0)
818.0404 	EXP 	responsel: foreColor = (0, 0, 0)
818.0570 	EXP 	responsel: foreColor = (0, 0, 0)
818.0737 	EXP 	responsel: foreColor = (0, 0, 0)
818.0904 	EXP 	responsel: foreColor = (0, 0, 0)
818.1070 	EXP 	responsel: foreColor = (0, 0, 0)
818.1237 	EXP 	responsel: foreColor = (0, 0, 0)
818.1403 	EXP 	responsel: foreColor = (0, 0, 0)
818.1570 	EXP 	responsel: foreColor = (0, 0, 0)
818.1737 	EXP 	responsel: foreColor = (0, 0, 0)
818.1903 	EXP 	responsel: foreColor = (0, 0, 0)
818.2070 	EXP 	responsel: foreColor = (0, 0, 0)
818.2265 	EXP 	responsel: foreColor = (0, 0, 0)
818.2403 	EXP 	responsel: foreColor = (0, 0, 0)
818.2570 	EXP 	responsel: foreColor = (0, 0, 0)
818.2737 	EXP 	responsel: foreColor = (0, 0, 0)
818.2903 	EXP 	responsel: foreColor = (0, 0, 0)
818.3070 	EXP 	responsel: foreColor = (0, 0, 0)
818.3237 	EXP 	responsel: foreColor = (0, 0, 0)
818.3403 	EXP 	responsel: foreColor = (0, 0, 0)
818.3570 	EXP 	responsel: foreColor = (0, 0, 0)
818.3737 	EXP 	responsel: foreColor = (0, 0, 0)
818.3903 	EXP 	responsel: foreColor = (0, 0, 0)
818.4070 	EXP 	responsel: foreColor = (0, 0, 0)
818.4237 	EXP 	responsel: foreColor = (0, 0, 0)
818.4403 	EXP 	responsel: foreColor = (0, 0, 0)
818.4570 	EXP 	responsel: foreColor = (0, 0, 0)
818.4737 	EXP 	responsel: foreColor = (0, 0, 0)
818.4903 	EXP 	responsel: foreColor = (0, 0, 0)
818.5070 	EXP 	responsel: foreColor = (0, 0, 0)
818.5236 	EXP 	responsel: foreColor = (0, 0, 0)
818.5403 	EXP 	responsel: foreColor = (0, 0, 0)
818.5570 	EXP 	responsel: foreColor = (0, 0, 0)
818.5737 	EXP 	responsel: foreColor = (0, 0, 0)
818.5903 	EXP 	responsel: foreColor = (0, 0, 0)
818.6070 	EXP 	responsel: foreColor = (0, 0, 0)
818.6237 	EXP 	responsel: foreColor = (0, 0, 0)
818.6403 	EXP 	responsel: foreColor = (0, 0, 0)
818.6570 	EXP 	responsel: foreColor = (0, 0, 0)
818.6737 	EXP 	responsel: foreColor = (0, 0, 0)
818.6903 	EXP 	responsel: foreColor = (0, 0, 0)
818.7070 	EXP 	responsel: foreColor = (0, 0, 0)
818.7237 	EXP 	responsel: foreColor = (0, 0, 0)
818.7237 	EXP 	thermode_locali_pic: autoDraw = False
818.7403 	EXP 	responsel: foreColor = (0, 0, 0)
818.7409 	EXP 	New trial (rep=1, index=0): None
818.7570 	EXP 	responsel: foreColor = (0, 0, 0)
818.7570 	EXP 	responsel: autoDraw = False
818.7570 	EXP 	percu_or: autoDraw = False
818.7570 	EXP 	responser: autoDraw = False
818.7570 	EXP 	thermode_locali_pic: autoDraw = False
818.7570 	EXP 	responsel: autoDraw = False
818.7570 	EXP 	percu_or: autoDraw = False
818.7570 	EXP 	responser: autoDraw = False
818.7570 	EXP 	responsel: foreColor = 'white'
818.7570 	EXP 	responser: foreColor = 'white'
818.7570 	EXP 	text_pic: autoDraw = True
818.7570 	EXP 	croix_3: autoDraw = True
823.7571 	EXP 	text_pic: autoDraw = False
823.7571 	EXP 	croix_3: autoDraw = False
823.7571 	EXP 	text_pic: autoDraw = False
823.7571 	EXP 	croix_3: autoDraw = False
823.7571 	EXP 	thermode_locali_pic: height = 0.02
823.7571 	EXP 	thermode_locali_pic: height = 0.02
823.7571 	EXP 	thermode_locali_pic: height = 0.02
823.7571 	EXP 	thermode_locali_pic: text = 'T : 3'
823.7571 	EXP 	responsel: text = 'NON              '
823.7571 	EXP 	thermode_locali_pic: autoDraw = True
831.7406 	EXP 	responsel: autoDraw = True
831.7406 	EXP 	percu_or: autoDraw = True
831.7406 	EXP 	responser: autoDraw = True
832.9584 	DATA 	Keypress: n
832.9906 	EXP 	responser: foreColor = (0, 0, 0)
833.0073 	EXP 	responser: foreColor = (0, 0, 0)
833.0239 	EXP 	responser: foreColor = (0, 0, 0)
833.0406 	EXP 	responser: foreColor = (0, 0, 0)
833.0573 	EXP 	responser: foreColor = (0, 0, 0)
833.0740 	EXP 	responser: foreColor = (0, 0, 0)
833.0906 	EXP 	responser: foreColor = (0, 0, 0)
833.1073 	EXP 	responser: foreColor = (0, 0, 0)
833.1240 	EXP 	responser: foreColor = (0, 0, 0)
833.1406 	EXP 	responser: foreColor = (0, 0, 0)
833.1572 	EXP 	responser: foreColor = (0, 0, 0)
833.1740 	EXP 	responser: foreColor = (0, 0, 0)
833.1906 	EXP 	responser: foreColor = (0, 0, 0)
833.2073 	EXP 	responser: foreColor = (0, 0, 0)
833.2240 	EXP 	responser: foreColor = (0, 0, 0)
833.2406 	EXP 	responser: foreColor = (0, 0, 0)
833.2573 	EXP 	responser: foreColor = (0, 0, 0)
833.2740 	EXP 	responser: foreColor = (0, 0, 0)
833.2906 	EXP 	responser: foreColor = (0, 0, 0)
833.3073 	EXP 	responser: foreColor = (0, 0, 0)
833.3240 	EXP 	responser: foreColor = (0, 0, 0)
833.3406 	EXP 	responser: foreColor = (0, 0, 0)
833.3573 	EXP 	responser: foreColor = (0, 0, 0)
833.3740 	EXP 	responser: foreColor = (0, 0, 0)
833.3906 	EXP 	responser: foreColor = (0, 0, 0)
833.4073 	EXP 	responser: foreColor = (0, 0, 0)
833.4239 	EXP 	responser: foreColor = (0, 0, 0)
833.4406 	EXP 	responser: foreColor = (0, 0, 0)
833.4573 	EXP 	responser: foreColor = (0, 0, 0)
833.4740 	EXP 	responser: foreColor = (0, 0, 0)
833.4906 	EXP 	responser: foreColor = (0, 0, 0)
833.5073 	EXP 	responser: foreColor = (0, 0, 0)
833.5240 	EXP 	responser: foreColor = (0, 0, 0)
833.5406 	EXP 	responser: foreColor = (0, 0, 0)
833.5573 	EXP 	responser: foreColor = (0, 0, 0)
833.5740 	EXP 	responser: foreColor = (0, 0, 0)
833.5906 	EXP 	responser: foreColor = (0, 0, 0)
833.6073 	EXP 	responser: foreColor = (0, 0, 0)
833.6240 	EXP 	responser: foreColor = (0, 0, 0)
833.6406 	EXP 	responser: foreColor = (0, 0, 0)
833.6573 	EXP 	responser: foreColor = (0, 0, 0)
833.6740 	EXP 	responser: foreColor = (0, 0, 0)
833.6906 	EXP 	responser: foreColor = (0, 0, 0)
833.7073 	EXP 	responser: foreColor = (0, 0, 0)
833.7240 	EXP 	responser: foreColor = (0, 0, 0)
833.7406 	EXP 	responser: foreColor = (0, 0, 0)
833.7573 	EXP 	responser: foreColor = (0, 0, 0)
833.7740 	EXP 	responser: foreColor = (0, 0, 0)
833.7906 	EXP 	responser: foreColor = (0, 0, 0)
833.8073 	EXP 	responser: foreColor = (0, 0, 0)
833.8240 	EXP 	responser: foreColor = (0, 0, 0)
833.8406 	EXP 	responser: foreColor = (0, 0, 0)
833.8573 	EXP 	responser: foreColor = (0, 0, 0)
833.8740 	EXP 	responser: foreColor = (0, 0, 0)
833.8906 	EXP 	responser: foreColor = (0, 0, 0)
833.9073 	EXP 	responser: foreColor = (0, 0, 0)
833.9240 	EXP 	responser: foreColor = (0, 0, 0)
833.9406 	EXP 	responser: foreColor = (0, 0, 0)
833.9573 	EXP 	responser: foreColor = (0, 0, 0)
833.9740 	EXP 	responser: foreColor = (0, 0, 0)
833.9906 	EXP 	responser: foreColor = (0, 0, 0)
834.0073 	EXP 	responser: foreColor = (0, 0, 0)
834.0240 	EXP 	responser: foreColor = (0, 0, 0)
834.0406 	EXP 	responser: foreColor = (0, 0, 0)
834.0573 	EXP 	responser: foreColor = (0, 0, 0)
834.0740 	EXP 	responser: foreColor = (0, 0, 0)
834.0906 	EXP 	responser: foreColor = (0, 0, 0)
834.1073 	EXP 	responser: foreColor = (0, 0, 0)
834.1240 	EXP 	responser: foreColor = (0, 0, 0)
834.1406 	EXP 	responser: foreColor = (0, 0, 0)
834.1573 	EXP 	responser: foreColor = (0, 0, 0)
834.1740 	EXP 	responser: foreColor = (0, 0, 0)
834.1906 	EXP 	responser: foreColor = (0, 0, 0)
834.2073 	EXP 	responser: foreColor = (0, 0, 0)
834.2240 	EXP 	responser: foreColor = (0, 0, 0)
834.2406 	EXP 	responser: foreColor = (0, 0, 0)
834.2573 	EXP 	responser: foreColor = (0, 0, 0)
834.2740 	EXP 	responser: foreColor = (0, 0, 0)
834.2906 	EXP 	responser: foreColor = (0, 0, 0)
834.3073 	EXP 	responser: foreColor = (0, 0, 0)
834.3240 	EXP 	responser: foreColor = (0, 0, 0)
834.3406 	EXP 	responser: foreColor = (0, 0, 0)
834.3573 	EXP 	responser: foreColor = (0, 0, 0)
834.3740 	EXP 	responser: foreColor = (0, 0, 0)
834.3906 	EXP 	responser: foreColor = (0, 0, 0)
834.4073 	EXP 	responser: foreColor = (0, 0, 0)
834.4240 	EXP 	responser: foreColor = (0, 0, 0)
834.4406 	EXP 	responser: foreColor = (0, 0, 0)
834.4573 	EXP 	responser: foreColor = (0, 0, 0)
834.4740 	EXP 	responser: foreColor = (0, 0, 0)
834.4906 	EXP 	responser: foreColor = (0, 0, 0)
834.5073 	EXP 	responser: foreColor = (0, 0, 0)
834.5240 	EXP 	responser: foreColor = (0, 0, 0)
834.5406 	EXP 	responser: foreColor = (0, 0, 0)
834.5573 	EXP 	responser: foreColor = (0, 0, 0)
834.5740 	EXP 	responser: foreColor = (0, 0, 0)
834.5906 	EXP 	responser: foreColor = (0, 0, 0)
834.6073 	EXP 	responser: foreColor = (0, 0, 0)
834.6240 	EXP 	responser: foreColor = (0, 0, 0)
834.6406 	EXP 	responser: foreColor = (0, 0, 0)
834.6573 	EXP 	responser: foreColor = (0, 0, 0)
834.6740 	EXP 	responser: foreColor = (0, 0, 0)
834.6906 	EXP 	responser: foreColor = (0, 0, 0)
834.7073 	EXP 	responser: foreColor = (0, 0, 0)
834.7073 	EXP 	thermode_locali_pic: autoDraw = False
834.7240 	EXP 	responser: foreColor = (0, 0, 0)
834.7245 	EXP 	New trial (rep=2, index=0): None
834.7406 	EXP 	responser: foreColor = (0, 0, 0)
834.7406 	EXP 	responsel: autoDraw = False
834.7406 	EXP 	percu_or: autoDraw = False
834.7406 	EXP 	responser: autoDraw = False
834.7406 	EXP 	thermode_locali_pic: autoDraw = False
834.7406 	EXP 	responsel: autoDraw = False
834.7406 	EXP 	percu_or: autoDraw = False
834.7406 	EXP 	responser: autoDraw = False
834.7406 	EXP 	responsel: foreColor = 'white'
834.7406 	EXP 	responser: foreColor = 'white'
834.7406 	EXP 	text_pic: autoDraw = True
834.7406 	EXP 	croix_3: autoDraw = True
839.7406 	EXP 	text_pic: autoDraw = False
839.7406 	EXP 	croix_3: autoDraw = False
839.7406 	EXP 	text_pic: autoDraw = False
839.7406 	EXP 	croix_3: autoDraw = False
839.7406 	EXP 	thermode_locali_pic: height = 0.02
839.7406 	EXP 	thermode_locali_pic: height = 0.02
839.7406 	EXP 	thermode_locali_pic: height = 0.02
839.7406 	EXP 	thermode_locali_pic: text = 'T : 0'
839.7406 	EXP 	responsel: text = 'NON              '
839.7406 	EXP 	thermode_locali_pic: autoDraw = True
847.7241 	EXP 	responsel: autoDraw = True
847.7241 	EXP 	percu_or: autoDraw = True
847.7241 	EXP 	responser: autoDraw = True
848.5921 	DATA 	Keypress: m
848.6240 	EXP 	responsel: foreColor = (0, 0, 0)
848.6408 	EXP 	responsel: foreColor = (0, 0, 0)
848.6575 	EXP 	responsel: foreColor = (0, 0, 0)
848.6741 	EXP 	responsel: foreColor = (0, 0, 0)
848.6908 	EXP 	responsel: foreColor = (0, 0, 0)
848.7074 	EXP 	responsel: foreColor = (0, 0, 0)
848.7240 	EXP 	responsel: foreColor = (0, 0, 0)
848.7407 	EXP 	responsel: foreColor = (0, 0, 0)
848.7574 	EXP 	responsel: foreColor = (0, 0, 0)
848.7741 	EXP 	responsel: foreColor = (0, 0, 0)
848.7907 	EXP 	responsel: foreColor = (0, 0, 0)
848.8074 	EXP 	responsel: foreColor = (0, 0, 0)
848.8241 	EXP 	responsel: foreColor = (0, 0, 0)
848.8407 	EXP 	responsel: foreColor = (0, 0, 0)
848.8574 	EXP 	responsel: foreColor = (0, 0, 0)
848.8740 	EXP 	responsel: foreColor = (0, 0, 0)
848.8907 	EXP 	responsel: foreColor = (0, 0, 0)
848.9074 	EXP 	responsel: foreColor = (0, 0, 0)
848.9241 	EXP 	responsel: foreColor = (0, 0, 0)
848.9407 	EXP 	responsel: foreColor = (0, 0, 0)
848.9574 	EXP 	responsel: foreColor = (0, 0, 0)
848.9741 	EXP 	responsel: foreColor = (0, 0, 0)
848.9907 	EXP 	responsel: foreColor = (0, 0, 0)
849.0074 	EXP 	responsel: foreColor = (0, 0, 0)
849.0241 	EXP 	responsel: foreColor = (0, 0, 0)
849.0407 	EXP 	responsel: foreColor = (0, 0, 0)
849.0574 	EXP 	responsel: foreColor = (0, 0, 0)
849.0741 	EXP 	responsel: foreColor = (0, 0, 0)
849.0907 	EXP 	responsel: foreColor = (0, 0, 0)
849.1074 	EXP 	responsel: foreColor = (0, 0, 0)
849.1241 	EXP 	responsel: foreColor = (0, 0, 0)
849.1407 	EXP 	responsel: foreColor = (0, 0, 0)
849.1574 	EXP 	responsel: foreColor = (0, 0, 0)
849.1741 	EXP 	responsel: foreColor = (0, 0, 0)
849.1907 	EXP 	responsel: foreColor = (0, 0, 0)
849.2074 	EXP 	responsel: foreColor = (0, 0, 0)
849.2241 	EXP 	responsel: foreColor = (0, 0, 0)
849.2407 	EXP 	responsel: foreColor = (0, 0, 0)
849.2574 	EXP 	responsel: foreColor = (0, 0, 0)
849.2740 	EXP 	responsel: foreColor = (0, 0, 0)
849.2907 	EXP 	responsel: foreColor = (0, 0, 0)
849.3074 	EXP 	responsel: foreColor = (0, 0, 0)
849.3241 	EXP 	responsel: foreColor = (0, 0, 0)
849.3407 	EXP 	responsel: foreColor = (0, 0, 0)
849.3574 	EXP 	responsel: foreColor = (0, 0, 0)
849.3741 	EXP 	responsel: foreColor = (0, 0, 0)
849.3907 	EXP 	responsel: foreColor = (0, 0, 0)
849.4073 	EXP 	responsel: foreColor = (0, 0, 0)
849.4240 	EXP 	responsel: foreColor = (0, 0, 0)
849.4407 	EXP 	responsel: foreColor = (0, 0, 0)
849.4573 	EXP 	responsel: foreColor = (0, 0, 0)
849.4740 	EXP 	responsel: foreColor = (0, 0, 0)
849.4907 	EXP 	responsel: foreColor = (0, 0, 0)
849.5074 	EXP 	responsel: foreColor = (0, 0, 0)
849.5240 	EXP 	responsel: foreColor = (0, 0, 0)
849.5407 	EXP 	responsel: foreColor = (0, 0, 0)
849.5573 	EXP 	responsel: foreColor = (0, 0, 0)
849.5740 	EXP 	responsel: foreColor = (0, 0, 0)
849.5907 	EXP 	responsel: foreColor = (0, 0, 0)
849.6073 	EXP 	responsel: foreColor = (0, 0, 0)
849.6240 	EXP 	responsel: foreColor = (0, 0, 0)
849.6407 	EXP 	responsel: foreColor = (0, 0, 0)
849.6573 	EXP 	responsel: foreColor = (0, 0, 0)
849.6740 	EXP 	responsel: foreColor = (0, 0, 0)
849.6907 	EXP 	responsel: foreColor = (0, 0, 0)
849.7073 	EXP 	responsel: foreColor = (0, 0, 0)
849.7240 	EXP 	responsel: foreColor = (0, 0, 0)
849.7407 	EXP 	responsel: foreColor = (0, 0, 0)
849.7573 	EXP 	responsel: foreColor = (0, 0, 0)
849.7740 	EXP 	responsel: foreColor = (0, 0, 0)
849.7907 	EXP 	responsel: foreColor = (0, 0, 0)
849.8074 	EXP 	responsel: foreColor = (0, 0, 0)
849.8240 	EXP 	responsel: foreColor = (0, 0, 0)
849.8407 	EXP 	responsel: foreColor = (0, 0, 0)
849.8573 	EXP 	responsel: foreColor = (0, 0, 0)
849.8740 	EXP 	responsel: foreColor = (0, 0, 0)
849.8907 	EXP 	responsel: foreColor = (0, 0, 0)
849.9073 	EXP 	responsel: foreColor = (0, 0, 0)
849.9240 	EXP 	responsel: foreColor = (0, 0, 0)
849.9407 	EXP 	responsel: foreColor = (0, 0, 0)
849.9573 	EXP 	responsel: foreColor = (0, 0, 0)
849.9741 	EXP 	responsel: foreColor = (0, 0, 0)
849.9907 	EXP 	responsel: foreColor = (0, 0, 0)
850.0074 	EXP 	responsel: foreColor = (0, 0, 0)
850.0240 	EXP 	responsel: foreColor = (0, 0, 0)
850.0407 	EXP 	responsel: foreColor = (0, 0, 0)
850.0574 	EXP 	responsel: foreColor = (0, 0, 0)
850.0740 	EXP 	responsel: foreColor = (0, 0, 0)
850.0907 	EXP 	responsel: foreColor = (0, 0, 0)
850.1073 	EXP 	responsel: foreColor = (0, 0, 0)
850.1240 	EXP 	responsel: foreColor = (0, 0, 0)
850.1407 	EXP 	responsel: foreColor = (0, 0, 0)
850.1574 	EXP 	responsel: foreColor = (0, 0, 0)
850.1740 	EXP 	responsel: foreColor = (0, 0, 0)
850.1907 	EXP 	responsel: foreColor = (0, 0, 0)
850.2074 	EXP 	responsel: foreColor = (0, 0, 0)
850.2240 	EXP 	responsel: foreColor = (0, 0, 0)
850.2407 	EXP 	responsel: foreColor = (0, 0, 0)
850.2574 	EXP 	responsel: foreColor = (0, 0, 0)
850.2740 	EXP 	responsel: foreColor = (0, 0, 0)
850.2907 	EXP 	responsel: foreColor = (0, 0, 0)
850.3074 	EXP 	responsel: foreColor = (0, 0, 0)
850.3240 	EXP 	responsel: foreColor = (0, 0, 0)
850.3407 	EXP 	responsel: foreColor = (0, 0, 0)
850.3574 	EXP 	responsel: foreColor = (0, 0, 0)
850.3740 	EXP 	responsel: foreColor = (0, 0, 0)
850.3907 	EXP 	responsel: foreColor = (0, 0, 0)
850.4074 	EXP 	responsel: foreColor = (0, 0, 0)
850.4240 	EXP 	responsel: foreColor = (0, 0, 0)
850.4407 	EXP 	responsel: foreColor = (0, 0, 0)
850.4574 	EXP 	responsel: foreColor = (0, 0, 0)
850.4740 	EXP 	responsel: foreColor = (0, 0, 0)
850.4907 	EXP 	responsel: foreColor = (0, 0, 0)
850.5074 	EXP 	responsel: foreColor = (0, 0, 0)
850.5241 	EXP 	responsel: foreColor = (0, 0, 0)
850.5407 	EXP 	responsel: foreColor = (0, 0, 0)
850.5574 	EXP 	responsel: foreColor = (0, 0, 0)
850.5741 	EXP 	responsel: foreColor = (0, 0, 0)
850.5907 	EXP 	responsel: foreColor = (0, 0, 0)
850.6074 	EXP 	responsel: foreColor = (0, 0, 0)
850.6240 	EXP 	responsel: foreColor = (0, 0, 0)
850.6407 	EXP 	responsel: foreColor = (0, 0, 0)
850.6574 	EXP 	responsel: foreColor = (0, 0, 0)
850.6740 	EXP 	responsel: foreColor = (0, 0, 0)
850.6907 	EXP 	responsel: foreColor = (0, 0, 0)
850.6907 	EXP 	thermode_locali_pic: autoDraw = False
850.7074 	EXP 	responsel: foreColor = (0, 0, 0)
850.7079 	EXP 	New trial (rep=3, index=0): None
850.7240 	EXP 	responsel: foreColor = (0, 0, 0)
850.7240 	EXP 	responsel: autoDraw = False
850.7240 	EXP 	percu_or: autoDraw = False
850.7240 	EXP 	responser: autoDraw = False
850.7240 	EXP 	thermode_locali_pic: autoDraw = False
850.7240 	EXP 	responsel: autoDraw = False
850.7240 	EXP 	percu_or: autoDraw = False
850.7240 	EXP 	responser: autoDraw = False
850.7240 	EXP 	responsel: foreColor = 'white'
850.7240 	EXP 	responser: foreColor = 'white'
850.7240 	EXP 	text_pic: autoDraw = True
850.7240 	EXP 	croix_3: autoDraw = True
855.7241 	EXP 	text_pic: autoDraw = False
855.7241 	EXP 	croix_3: autoDraw = False
855.7241 	EXP 	text_pic: autoDraw = False
855.7241 	EXP 	croix_3: autoDraw = False
855.7241 	EXP 	thermode_locali_pic: height = 0.02
855.7241 	EXP 	thermode_locali_pic: height = 0.02
855.7241 	EXP 	thermode_locali_pic: height = 0.02
855.7241 	EXP 	thermode_locali_pic: text = 'T : 1'
855.7241 	EXP 	responsel: text = 'NON              '
855.7241 	EXP 	thermode_locali_pic: autoDraw = True
863.7077 	EXP 	responsel: autoDraw = True
863.7077 	EXP 	percu_or: autoDraw = True
863.7077 	EXP 	responser: autoDraw = True
864.2589 	DATA 	Keypress: n
864.3076 	EXP 	responser: foreColor = (0, 0, 0)
864.3243 	EXP 	responser: foreColor = (0, 0, 0)
864.3410 	EXP 	responser: foreColor = (0, 0, 0)
864.3576 	EXP 	responser: foreColor = (0, 0, 0)
864.3743 	EXP 	responser: foreColor = (0, 0, 0)
864.3910 	EXP 	responser: foreColor = (0, 0, 0)
864.4076 	EXP 	responser: foreColor = (0, 0, 0)
864.4243 	EXP 	responser: foreColor = (0, 0, 0)
864.4410 	EXP 	responser: foreColor = (0, 0, 0)
864.4576 	EXP 	responser: foreColor = (0, 0, 0)
864.4743 	EXP 	responser: foreColor = (0, 0, 0)
864.4910 	EXP 	responser: foreColor = (0, 0, 0)
864.5076 	EXP 	responser: foreColor = (0, 0, 0)
864.5243 	EXP 	responser: foreColor = (0, 0, 0)
864.5410 	EXP 	responser: foreColor = (0, 0, 0)
864.5577 	EXP 	responser: foreColor = (0, 0, 0)
864.5743 	EXP 	responser: foreColor = (0, 0, 0)
864.5910 	EXP 	responser: foreColor = (0, 0, 0)
864.6076 	EXP 	responser: foreColor = (0, 0, 0)
864.6243 	EXP 	responser: foreColor = (0, 0, 0)
864.6410 	EXP 	responser: foreColor = (0, 0, 0)
864.6576 	EXP 	responser: foreColor = (0, 0, 0)
864.6743 	EXP 	responser: foreColor = (0, 0, 0)
864.6910 	EXP 	responser: foreColor = (0, 0, 0)
864.7077 	EXP 	responser: foreColor = (0, 0, 0)
864.7243 	EXP 	responser: foreColor = (0, 0, 0)
864.7410 	EXP 	responser: foreColor = (0, 0, 0)
864.7576 	EXP 	responser: foreColor = (0, 0, 0)
864.7743 	EXP 	responser: foreColor = (0, 0, 0)
864.7910 	EXP 	responser: foreColor = (0, 0, 0)
864.8076 	EXP 	responser: foreColor = (0, 0, 0)
864.8243 	EXP 	responser: foreColor = (0, 0, 0)
864.8410 	EXP 	responser: foreColor = (0, 0, 0)
864.8576 	EXP 	responser: foreColor = (0, 0, 0)
864.8743 	EXP 	responser: foreColor = (0, 0, 0)
864.8910 	EXP 	responser: foreColor = (0, 0, 0)
864.9076 	EXP 	responser: foreColor = (0, 0, 0)
864.9243 	EXP 	responser: foreColor = (0, 0, 0)
864.9410 	EXP 	responser: foreColor = (0, 0, 0)
864.9576 	EXP 	responser: foreColor = (0, 0, 0)
864.9743 	EXP 	responser: foreColor = (0, 0, 0)
864.9910 	EXP 	responser: foreColor = (0, 0, 0)
865.0076 	EXP 	responser: foreColor = (0, 0, 0)
865.0243 	EXP 	responser: foreColor = (0, 0, 0)
865.0410 	EXP 	responser: foreColor = (0, 0, 0)
865.0577 	EXP 	responser: foreColor = (0, 0, 0)
865.0743 	EXP 	responser: foreColor = (0, 0, 0)
865.0910 	EXP 	responser: foreColor = (0, 0, 0)
865.1077 	EXP 	responser: foreColor = (0, 0, 0)
865.1243 	EXP 	responser: foreColor = (0, 0, 0)
865.1410 	EXP 	responser: foreColor = (0, 0, 0)
865.1576 	EXP 	responser: foreColor = (0, 0, 0)
865.1743 	EXP 	responser: foreColor = (0, 0, 0)
865.1909 	EXP 	responser: foreColor = (0, 0, 0)
865.2077 	EXP 	responser: foreColor = (0, 0, 0)
865.2243 	EXP 	responser: foreColor = (0, 0, 0)
865.2409 	EXP 	responser: foreColor = (0, 0, 0)
865.2576 	EXP 	responser: foreColor = (0, 0, 0)
865.2743 	EXP 	responser: foreColor = (0, 0, 0)
865.2909 	EXP 	responser: foreColor = (0, 0, 0)
865.3077 	EXP 	responser: foreColor = (0, 0, 0)
865.3243 	EXP 	responser: foreColor = (0, 0, 0)
865.3410 	EXP 	responser: foreColor = (0, 0, 0)
865.3577 	EXP 	responser: foreColor = (0, 0, 0)
865.3743 	EXP 	responser: foreColor = (0, 0, 0)
865.3910 	EXP 	responser: foreColor = (0, 0, 0)
865.4077 	EXP 	responser: foreColor = (0, 0, 0)
865.4243 	EXP 	responser: foreColor = (0, 0, 0)
865.4410 	EXP 	responser: foreColor = (0, 0, 0)
865.4577 	EXP 	responser: foreColor = (0, 0, 0)
865.4743 	EXP 	responser: foreColor = (0, 0, 0)
865.4910 	EXP 	responser: foreColor = (0, 0, 0)
865.5077 	EXP 	responser: foreColor = (0, 0, 0)
865.5243 	EXP 	responser: foreColor = (0, 0, 0)
865.5409 	EXP 	responser: foreColor = (0, 0, 0)
865.5577 	EXP 	responser: foreColor = (0, 0, 0)
865.5743 	EXP 	responser: foreColor = (0, 0, 0)
865.5910 	EXP 	responser: foreColor = (0, 0, 0)
865.6076 	EXP 	responser: foreColor = (0, 0, 0)
865.6243 	EXP 	responser: foreColor = (0, 0, 0)
865.6409 	EXP 	responser: foreColor = (0, 0, 0)
865.6577 	EXP 	responser: foreColor = (0, 0, 0)
865.6743 	EXP 	responser: foreColor = (0, 0, 0)
865.6910 	EXP 	responser: foreColor = (0, 0, 0)
865.7077 	EXP 	responser: foreColor = (0, 0, 0)
865.7243 	EXP 	responser: foreColor = (0, 0, 0)
865.7410 	EXP 	responser: foreColor = (0, 0, 0)
865.7577 	EXP 	responser: foreColor = (0, 0, 0)
865.7743 	EXP 	responser: foreColor = (0, 0, 0)
865.7910 	EXP 	responser: foreColor = (0, 0, 0)
865.8076 	EXP 	responser: foreColor = (0, 0, 0)
865.8243 	EXP 	responser: foreColor = (0, 0, 0)
865.8410 	EXP 	responser: foreColor = (0, 0, 0)
865.8577 	EXP 	responser: foreColor = (0, 0, 0)
865.8743 	EXP 	responser: foreColor = (0, 0, 0)
865.8910 	EXP 	responser: foreColor = (0, 0, 0)
865.9077 	EXP 	responser: foreColor = (0, 0, 0)
865.9243 	EXP 	responser: foreColor = (0, 0, 0)
865.9409 	EXP 	responser: foreColor = (0, 0, 0)
865.9576 	EXP 	responser: foreColor = (0, 0, 0)
865.9743 	EXP 	responser: foreColor = (0, 0, 0)
865.9909 	EXP 	responser: foreColor = (0, 0, 0)
866.0077 	EXP 	responser: foreColor = (0, 0, 0)
866.0243 	EXP 	responser: foreColor = (0, 0, 0)
866.0410 	EXP 	responser: foreColor = (0, 0, 0)
866.0577 	EXP 	responser: foreColor = (0, 0, 0)
866.0743 	EXP 	responser: foreColor = (0, 0, 0)
866.0910 	EXP 	responser: foreColor = (0, 0, 0)
866.1077 	EXP 	responser: foreColor = (0, 0, 0)
866.1243 	EXP 	responser: foreColor = (0, 0, 0)
866.1410 	EXP 	responser: foreColor = (0, 0, 0)
866.1577 	EXP 	responser: foreColor = (0, 0, 0)
866.1743 	EXP 	responser: foreColor = (0, 0, 0)
866.1909 	EXP 	responser: foreColor = (0, 0, 0)
866.2077 	EXP 	responser: foreColor = (0, 0, 0)
866.2243 	EXP 	responser: foreColor = (0, 0, 0)
866.2410 	EXP 	responser: foreColor = (0, 0, 0)
866.2577 	EXP 	responser: foreColor = (0, 0, 0)
866.2743 	EXP 	responser: foreColor = (0, 0, 0)
866.2910 	EXP 	responser: foreColor = (0, 0, 0)
866.3077 	EXP 	responser: foreColor = (0, 0, 0)
866.3243 	EXP 	responser: foreColor = (0, 0, 0)
866.3409 	EXP 	responser: foreColor = (0, 0, 0)
866.3577 	EXP 	responser: foreColor = (0, 0, 0)
866.3743 	EXP 	responser: foreColor = (0, 0, 0)
866.3910 	EXP 	responser: foreColor = (0, 0, 0)
866.4077 	EXP 	responser: foreColor = (0, 0, 0)
866.4243 	EXP 	responser: foreColor = (0, 0, 0)
866.4410 	EXP 	responser: foreColor = (0, 0, 0)
866.4577 	EXP 	responser: foreColor = (0, 0, 0)
866.4743 	EXP 	responser: foreColor = (0, 0, 0)
866.4910 	EXP 	responser: foreColor = (0, 0, 0)
866.5077 	EXP 	responser: foreColor = (0, 0, 0)
866.5243 	EXP 	responser: foreColor = (0, 0, 0)
866.5410 	EXP 	responser: foreColor = (0, 0, 0)
866.5577 	EXP 	responser: foreColor = (0, 0, 0)
866.5744 	EXP 	responser: foreColor = (0, 0, 0)
866.5910 	EXP 	responser: foreColor = (0, 0, 0)
866.6077 	EXP 	responser: foreColor = (0, 0, 0)
866.6244 	EXP 	responser: foreColor = (0, 0, 0)
866.6410 	EXP 	responser: foreColor = (0, 0, 0)
866.6577 	EXP 	responser: foreColor = (0, 0, 0)
866.6743 	EXP 	responser: foreColor = (0, 0, 0)
866.6743 	EXP 	thermode_locali_pic: autoDraw = False
866.6910 	EXP 	responser: foreColor = (0, 0, 0)
866.6915 	EXP 	New trial (rep=3, index=0): None
866.7076 	EXP 	responser: foreColor = (0, 0, 0)
866.7076 	EXP 	responsel: autoDraw = False
866.7076 	EXP 	percu_or: autoDraw = False
866.7076 	EXP 	responser: autoDraw = False
866.7076 	EXP 	thermode_locali_pic: autoDraw = False
866.7076 	EXP 	responsel: autoDraw = False
866.7076 	EXP 	percu_or: autoDraw = False
866.7076 	EXP 	responser: autoDraw = False
866.7076 	EXP 	responsel: foreColor = 'white'
866.7076 	EXP 	responser: foreColor = 'white'
866.7076 	EXP 	text_7: autoDraw = True
867.0579 	EXP 	Created sequence: random, trialTypes=1, nReps=2, seed=None
867.0580 	EXP 	New trial (rep=0, index=0): None
867.0596 	DATA 	Keypress: p
867.0743 	EXP 	text_7: autoDraw = False
867.0743 	EXP 	text_eva: autoDraw = True
867.0743 	EXP 	croix_2: autoDraw = True
872.0744 	EXP 	text_eva: autoDraw = False
872.0744 	EXP 	croix_2: autoDraw = False
872.0744 	EXP 	text_eva: autoDraw = False
872.0744 	EXP 	croix_2: autoDraw = False
872.0744 	EXP 	thermode_locali_EVA: autoDraw = True
884.0580 	EXP 	window1: mouseVisible = True
884.0589 	EXP 	Created unnamed Rect = Rect(__class__=<class 'psychopy.visual.rect.Rect'>, anchor=('center', 'center'), autoDraw=False, autoLog=True, closeShape=True, color=method-wrapper(...), colorSpace='rgb', contrast=None, depth=0, draggable=False, fillColor=array([1, 1, 1]), fillColorSpace='rgb', fillRGB=array([1, 1, 1]), interpolate=True, lineColor=array([1., 1., 1.]), lineColorSpace='rgb', lineRGB=array([1, 1, 1]), lineWidth=1.5, name='unnamed Rect', opacity=1.0, ori=0.0, pos=array([0., 0.]), size=array([0.01, 0.1 ]), units='norm', vertices=ndarray(...), win=Window(...))
884.0590 	EXP 	window1: mouseVisible = True
884.0591 	EXP 	window1: mouseVisible = True
884.0596 	EXP 	window1: mouseVisible = True
884.0607 	EXP 	window1: mouseVisible = True
884.0618 	EXP 	window1: mouseVisible = True
884.0619 	EXP 	window1: mouseVisible = True
884.0621 	EXP 	window1: mouseVisible = True
884.0622 	EXP 	window1: mouseVisible = True
884.0624 	EXP 	window1: mouseVisible = True
884.0625 	EXP 	window1: mouseVisible = True
884.0626 	EXP 	window1: mouseVisible = True
884.0628 	EXP 	window1: mouseVisible = True
884.0630 	EXP 	window1: mouseVisible = True
884.0631 	EXP 	window1: mouseVisible = True
884.0633 	EXP 	window1: mouseVisible = True
884.0634 	EXP 	window1: mouseVisible = True
884.0635 	EXP 	window1: mouseVisible = True
884.0637 	EXP 	window1: mouseVisible = True
884.0638 	EXP 	window1: mouseVisible = True
884.0641 	EXP 	window1: mouseVisible = True
884.0643 	EXP 	window1: mouseVisible = True
884.0645 	EXP 	window1: mouseVisible = True
884.0647 	EXP 	window1: mouseVisible = True
884.0649 	EXP 	window1: mouseVisible = True
884.0651 	EXP 	window1: mouseVisible = True
884.0653 	EXP 	window1: mouseVisible = True
884.0655 	EXP 	window1: mouseVisible = True
884.0657 	EXP 	window1: mouseVisible = True
884.0659 	EXP 	window1: mouseVisible = True
884.0660 	EXP 	window1: mouseVisible = True
884.0661 	EXP 	window1: mouseVisible = True
884.0663 	EXP 	window1: mouseVisible = True
884.0664 	EXP 	window1: mouseVisible = True
884.0665 	EXP 	window1: mouseVisible = True
884.0666 	EXP 	window1: mouseVisible = True
884.0668 	EXP 	window1: mouseVisible = True
884.0669 	EXP 	window1: mouseVisible = True
884.0670 	EXP 	window1: mouseVisible = True
884.0672 	EXP 	window1: mouseVisible = True
884.0673 	EXP 	window1: mouseVisible = True
884.0674 	EXP 	window1: mouseVisible = True
884.0675 	EXP 	window1: mouseVisible = True
884.0677 	EXP 	window1: mouseVisible = True
884.0678 	EXP 	window1: mouseVisible = True
884.0679 	EXP 	window1: mouseVisible = True
884.0683 	EXP 	window1: mouseVisible = True
884.0684 	EXP 	window1: mouseVisible = True
884.0686 	EXP 	window1: mouseVisible = True
884.0687 	EXP 	window1: mouseVisible = True
884.0688 	EXP 	window1: mouseVisible = True
884.0690 	EXP 	window1: mouseVisible = True
884.0691 	EXP 	window1: mouseVisible = True
884.0692 	EXP 	window1: mouseVisible = True
884.0693 	EXP 	window1: mouseVisible = True
884.0695 	EXP 	window1: mouseVisible = True
884.0696 	EXP 	window1: mouseVisible = True
884.0697 	EXP 	window1: mouseVisible = True
884.0698 	EXP 	window1: mouseVisible = True
884.0700 	EXP 	window1: mouseVisible = True
884.0701 	EXP 	window1: mouseVisible = True
884.0702 	EXP 	window1: mouseVisible = True
884.0704 	EXP 	window1: mouseVisible = True
884.0705 	EXP 	window1: mouseVisible = True
884.0706 	EXP 	window1: mouseVisible = True
884.0708 	EXP 	window1: mouseVisible = True
884.0709 	EXP 	window1: mouseVisible = True
884.0710 	EXP 	window1: mouseVisible = True
884.0711 	EXP 	window1: mouseVisible = True
884.0713 	EXP 	window1: mouseVisible = True
884.0714 	EXP 	window1: mouseVisible = True
884.0715 	EXP 	window1: mouseVisible = True
884.0716 	EXP 	window1: mouseVisible = True
884.0718 	EXP 	window1: mouseVisible = True
884.0719 	EXP 	window1: mouseVisible = True
884.0720 	EXP 	window1: mouseVisible = True
884.0722 	EXP 	window1: mouseVisible = True
884.0723 	EXP 	window1: mouseVisible = True
884.0724 	EXP 	window1: mouseVisible = True
884.0726 	EXP 	window1: mouseVisible = True
884.0727 	EXP 	window1: mouseVisible = True
884.0728 	EXP 	window1: mouseVisible = True
884.0730 	EXP 	window1: mouseVisible = True
884.0731 	EXP 	window1: mouseVisible = True
884.0732 	EXP 	window1: mouseVisible = True
884.0733 	EXP 	window1: mouseVisible = True
884.0735 	EXP 	window1: mouseVisible = True
884.0736 	EXP 	window1: mouseVisible = True
884.0737 	EXP 	window1: mouseVisible = True
884.0738 	EXP 	window1: mouseVisible = True
884.0740 	EXP 	window1: mouseVisible = True
884.0741 	EXP 	window1: mouseVisible = True
884.0742 	EXP 	window1: mouseVisible = True
884.0743 	EXP 	window1: mouseVisible = True
884.0745 	EXP 	window1: mouseVisible = True
884.0746 	EXP 	window1: mouseVisible = True
884.0747 	EXP 	window1: mouseVisible = True
884.0748 	EXP 	window1: mouseVisible = True
884.0750 	EXP 	window1: mouseVisible = True
884.0751 	EXP 	window1: mouseVisible = True
884.0752 	EXP 	window1: mouseVisible = True
884.0753 	EXP 	window1: mouseVisible = True
884.0755 	EXP 	window1: mouseVisible = True
884.0756 	EXP 	window1: mouseVisible = True
884.0757 	EXP 	window1: mouseVisible = True
884.0778 	EXP 	Created ratingScale = RatingScale(__class__=type(...), acceptKeys=['return'], acceptPreText=UNKNOWN, acceptSize=UNKNOWN, acceptText=UNKNOWN, autoLog=True, choices=False, colorSpace='rgb', depth=0, disappear=False, flipVert=False, high=100, kwargs=UNKNOWN, labels=list(...), leftKeys=['left'], lineColor=(255, 255, 255), low=0, marker=Rect(...), markerColor=(255, 255, 255), markerExpansion=UNKNOWN, markerStart=0.5, maxTime=0.0, minTime=0.4, mouseOnly=False, name='ratingScale', noMouse=False, pos=[0.0, 0.0], precision=100, respKeys=[], rightKeys=['right'], scale=None, self=UNKNOWN, showAccept=False, showValue=False, singleClick=False, size=0.6, skipKeys=['tab'], stretch=2.0, textColor='white', textFont='Helvetica Bold', textSize=0.144, tickHeight=0, tickMarks=10.0, win=Window(...))
884.0778 	EXP 	RatingScale ratingScale: reset()
884.0799 	EXP 	window1: mouseVisible = False
884.0911 	EXP 	thermode_locali_EVA: autoDraw = False
884.0911 	EXP 	ratingScale: flipVert = False
884.0911 	EXP 	ratingScale: autoLog = True
884.0926 	EXP 	window1: mouseVisible = False
884.1092 	EXP 	window1: mouseVisible = False
884.1258 	EXP 	window1: mouseVisible = False
884.1425 	EXP 	window1: mouseVisible = False
884.1592 	EXP 	window1: mouseVisible = False
884.1758 	EXP 	window1: mouseVisible = False
884.1931 	EXP 	window1: mouseVisible = False
884.2092 	EXP 	window1: mouseVisible = False
884.2258 	EXP 	window1: mouseVisible = False
884.2425 	EXP 	window1: mouseVisible = False
884.2592 	EXP 	window1: mouseVisible = False
884.2758 	EXP 	window1: mouseVisible = False
884.2925 	EXP 	window1: mouseVisible = False
884.3092 	EXP 	window1: mouseVisible = False
884.3258 	EXP 	window1: mouseVisible = False
884.3425 	EXP 	window1: mouseVisible = False
884.3591 	EXP 	window1: mouseVisible = False
884.3758 	EXP 	window1: mouseVisible = False
884.3925 	EXP 	window1: mouseVisible = False
884.4092 	EXP 	window1: mouseVisible = False
884.4258 	EXP 	window1: mouseVisible = False
884.4425 	EXP 	window1: mouseVisible = False
884.4592 	EXP 	window1: mouseVisible = False
884.4759 	EXP 	window1: mouseVisible = False
884.4925 	EXP 	window1: mouseVisible = False
884.5092 	EXP 	window1: mouseVisible = False
884.5258 	EXP 	window1: mouseVisible = False
884.5425 	EXP 	window1: mouseVisible = False
884.5592 	EXP 	window1: mouseVisible = False
884.5758 	EXP 	window1: mouseVisible = False
884.5925 	EXP 	window1: mouseVisible = False
884.6094 	EXP 	window1: mouseVisible = False
884.6259 	EXP 	window1: mouseVisible = False
884.6426 	EXP 	window1: mouseVisible = False
884.6593 	EXP 	window1: mouseVisible = False
884.6760 	EXP 	window1: mouseVisible = False
884.6926 	EXP 	window1: mouseVisible = False
884.7094 	EXP 	window1: mouseVisible = False
884.7259 	EXP 	window1: mouseVisible = False
884.7425 	EXP 	window1: mouseVisible = False
884.7592 	EXP 	window1: mouseVisible = False
884.7759 	EXP 	window1: mouseVisible = False
884.7925 	EXP 	window1: mouseVisible = False
884.8093 	EXP 	window1: mouseVisible = False
884.8260 	EXP 	window1: mouseVisible = False
884.8426 	EXP 	window1: mouseVisible = False
884.8588 	DATA 	Keypress: m
884.8594 	EXP 	window1: mouseVisible = False
884.8759 	EXP 	window1: mouseVisible = False
884.8925 	EXP 	window1: mouseVisible = False
884.9092 	EXP 	window1: mouseVisible = False
884.9259 	EXP 	window1: mouseVisible = False
884.9425 	EXP 	window1: mouseVisible = False
884.9592 	EXP 	window1: mouseVisible = False
884.9758 	EXP 	window1: mouseVisible = False
884.9925 	EXP 	window1: mouseVisible = False
885.0094 	EXP 	window1: mouseVisible = False
885.0259 	EXP 	window1: mouseVisible = False
885.0425 	EXP 	window1: mouseVisible = False
885.0592 	EXP 	window1: mouseVisible = False
885.0759 	EXP 	window1: mouseVisible = False
885.0925 	EXP 	window1: mouseVisible = False
885.1092 	EXP 	window1: mouseVisible = False
885.1258 	EXP 	window1: mouseVisible = False
885.1425 	EXP 	window1: mouseVisible = False
885.1592 	EXP 	window1: mouseVisible = False
885.1759 	EXP 	window1: mouseVisible = False
885.1930 	EXP 	window1: mouseVisible = False
885.2093 	EXP 	window1: mouseVisible = False
885.2259 	EXP 	window1: mouseVisible = False
885.2425 	EXP 	window1: mouseVisible = False
885.2592 	EXP 	window1: mouseVisible = False
885.2758 	EXP 	window1: mouseVisible = False
885.2925 	EXP 	window1: mouseVisible = False
885.3091 	EXP 	window1: mouseVisible = False
885.3258 	EXP 	window1: mouseVisible = False
885.3425 	EXP 	window1: mouseVisible = False
885.3593 	EXP 	window1: mouseVisible = False
885.3759 	EXP 	window1: mouseVisible = False
885.3926 	EXP 	window1: mouseVisible = False
885.4093 	EXP 	window1: mouseVisible = False
885.4259 	EXP 	window1: mouseVisible = False
885.4425 	EXP 	window1: mouseVisible = False
885.4592 	EXP 	window1: mouseVisible = False
885.4759 	EXP 	window1: mouseVisible = False
885.4925 	EXP 	window1: mouseVisible = False
885.5093 	EXP 	window1: mouseVisible = False
885.5259 	EXP 	window1: mouseVisible = False
885.5426 	EXP 	window1: mouseVisible = False
885.5592 	EXP 	window1: mouseVisible = False
885.5759 	EXP 	window1: mouseVisible = False
885.5925 	EXP 	window1: mouseVisible = False
885.6095 	EXP 	window1: mouseVisible = False
885.6259 	EXP 	window1: mouseVisible = False
885.6428 	EXP 	window1: mouseVisible = False
885.6595 	EXP 	window1: mouseVisible = False
885.6761 	EXP 	window1: mouseVisible = False
885.6928 	EXP 	window1: mouseVisible = False
885.7095 	EXP 	window1: mouseVisible = False
885.7262 	EXP 	window1: mouseVisible = False
885.7427 	EXP 	window1: mouseVisible = False
885.7596 	EXP 	window1: mouseVisible = False
885.7760 	EXP 	window1: mouseVisible = False
885.7927 	EXP 	window1: mouseVisible = False
885.8093 	EXP 	window1: mouseVisible = False
885.8260 	EXP 	window1: mouseVisible = False
885.8426 	EXP 	window1: mouseVisible = False
885.8593 	EXP 	window1: mouseVisible = False
885.8760 	EXP 	window1: mouseVisible = False
885.8926 	EXP 	window1: mouseVisible = False
885.9094 	EXP 	window1: mouseVisible = False
885.9259 	EXP 	window1: mouseVisible = False
885.9425 	EXP 	window1: mouseVisible = False
885.9592 	EXP 	window1: mouseVisible = False
885.9759 	EXP 	window1: mouseVisible = False
885.9925 	EXP 	window1: mouseVisible = False
886.0092 	EXP 	window1: mouseVisible = False
886.0259 	EXP 	window1: mouseVisible = False
886.0425 	EXP 	window1: mouseVisible = False
886.0592 	EXP 	window1: mouseVisible = False
886.0759 	EXP 	window1: mouseVisible = False
886.0926 	EXP 	window1: mouseVisible = False
886.1093 	EXP 	window1: mouseVisible = False
886.1259 	EXP 	window1: mouseVisible = False
886.1425 	EXP 	window1: mouseVisible = False
886.1592 	EXP 	window1: mouseVisible = False
886.1759 	EXP 	window1: mouseVisible = False
886.1932 	EXP 	window1: mouseVisible = False
886.2095 	EXP 	window1: mouseVisible = False
886.2259 	EXP 	window1: mouseVisible = False
886.2426 	EXP 	window1: mouseVisible = False
886.2592 	EXP 	window1: mouseVisible = False
886.2760 	EXP 	window1: mouseVisible = False
886.2926 	EXP 	window1: mouseVisible = False
886.3092 	EXP 	window1: mouseVisible = False
886.3260 	EXP 	window1: mouseVisible = False
886.3426 	EXP 	window1: mouseVisible = False
886.3593 	EXP 	window1: mouseVisible = False
886.3758 	EXP 	window1: mouseVisible = False
886.3925 	EXP 	window1: mouseVisible = False
886.4092 	EXP 	window1: mouseVisible = False
886.4260 	EXP 	window1: mouseVisible = False
886.4426 	EXP 	window1: mouseVisible = False
886.4593 	EXP 	window1: mouseVisible = False
886.4759 	EXP 	window1: mouseVisible = False
886.4925 	EXP 	window1: mouseVisible = False
886.5092 	EXP 	window1: mouseVisible = False
886.5259 	EXP 	window1: mouseVisible = False
886.5426 	EXP 	window1: mouseVisible = False
886.5592 	EXP 	window1: mouseVisible = False
886.5759 	EXP 	window1: mouseVisible = False
886.5926 	EXP 	window1: mouseVisible = False
886.6092 	EXP 	window1: mouseVisible = False
886.6259 	EXP 	window1: mouseVisible = False
886.6426 	EXP 	window1: mouseVisible = False
886.6592 	EXP 	window1: mouseVisible = False
886.6759 	EXP 	window1: mouseVisible = False
886.6926 	EXP 	window1: mouseVisible = False
886.7092 	EXP 	window1: mouseVisible = False
886.7260 	EXP 	window1: mouseVisible = False
886.7426 	EXP 	window1: mouseVisible = False
886.7592 	EXP 	window1: mouseVisible = False
886.7759 	EXP 	window1: mouseVisible = False
886.7926 	EXP 	window1: mouseVisible = False
886.8092 	EXP 	window1: mouseVisible = False
886.8259 	EXP 	window1: mouseVisible = False
886.8426 	EXP 	window1: mouseVisible = False
886.8592 	EXP 	window1: mouseVisible = False
886.8759 	EXP 	window1: mouseVisible = False
886.8926 	EXP 	window1: mouseVisible = False
886.9092 	EXP 	window1: mouseVisible = False
886.9259 	EXP 	window1: mouseVisible = False
886.9426 	EXP 	window1: mouseVisible = False
886.9592 	EXP 	window1: mouseVisible = False
886.9759 	EXP 	window1: mouseVisible = False
886.9926 	EXP 	window1: mouseVisible = False
887.0092 	EXP 	window1: mouseVisible = False
887.0259 	EXP 	window1: mouseVisible = False
887.0433 	DATA 	Keypress: space
887.1425 	EXP 	New trial (rep=1, index=0): None
887.1579 	EXP 	main_text: autoDraw = True
887.1579 	EXP 	confirm_text: autoDraw = True
887.1579 	EXP 	ratingScale: autoDraw = False
887.1579 	EXP 	main_text: autoDraw = False
887.1579 	EXP 	confirm_text: autoDraw = False
887.1579 	EXP 	text_eva: autoDraw = True
887.1579 	EXP 	croix_2: autoDraw = True
892.1580 	EXP 	text_eva: autoDraw = False
892.1580 	EXP 	croix_2: autoDraw = False
892.1580 	EXP 	text_eva: autoDraw = False
892.1580 	EXP 	croix_2: autoDraw = False
892.1580 	EXP 	thermode_locali_EVA: autoDraw = True
904.1417 	EXP 	window1: mouseVisible = True
904.1425 	EXP 	Created unnamed Rect = Rect(__class__=<class 'psychopy.visual.rect.Rect'>, anchor=('center', 'center'), autoDraw=False, autoLog=True, closeShape=True, color=method-wrapper(...), colorSpace='rgb', contrast=None, depth=0, draggable=False, fillColor=array([1, 1, 1]), fillColorSpace='rgb', fillRGB=array([1, 1, 1]), interpolate=True, lineColor=array([1., 1., 1.]), lineColorSpace='rgb', lineRGB=array([1, 1, 1]), lineWidth=1.5, name='unnamed Rect', opacity=1.0, ori=0.0, pos=array([0., 0.]), size=array([0.01, 0.1 ]), units='norm', vertices=ndarray(...), win=Window(...))
904.1426 	EXP 	window1: mouseVisible = True
904.1427 	EXP 	window1: mouseVisible = True
904.1433 	EXP 	window1: mouseVisible = True
904.1444 	EXP 	window1: mouseVisible = True
904.1454 	EXP 	window1: mouseVisible = True
904.1456 	EXP 	window1: mouseVisible = True
904.1458 	EXP 	window1: mouseVisible = True
904.1459 	EXP 	window1: mouseVisible = True
904.1460 	EXP 	window1: mouseVisible = True
904.1462 	EXP 	window1: mouseVisible = True
904.1463 	EXP 	window1: mouseVisible = True
904.1464 	EXP 	window1: mouseVisible = True
904.1466 	EXP 	window1: mouseVisible = True
904.1467 	EXP 	window1: mouseVisible = True
904.1468 	EXP 	window1: mouseVisible = True
904.1469 	EXP 	window1: mouseVisible = True
904.1471 	EXP 	window1: mouseVisible = True
904.1472 	EXP 	window1: mouseVisible = True
904.1473 	EXP 	window1: mouseVisible = True
904.1475 	EXP 	window1: mouseVisible = True
904.1476 	EXP 	window1: mouseVisible = True
904.1477 	EXP 	window1: mouseVisible = True
904.1479 	EXP 	window1: mouseVisible = True
904.1481 	EXP 	window1: mouseVisible = True
904.1482 	EXP 	window1: mouseVisible = True
904.1483 	EXP 	window1: mouseVisible = True
904.1485 	EXP 	window1: mouseVisible = True
904.1486 	EXP 	window1: mouseVisible = True
904.1487 	EXP 	window1: mouseVisible = True
904.1488 	EXP 	window1: mouseVisible = True
904.1490 	EXP 	window1: mouseVisible = True
904.1491 	EXP 	window1: mouseVisible = True
904.1492 	EXP 	window1: mouseVisible = True
904.1494 	EXP 	window1: mouseVisible = True
904.1495 	EXP 	window1: mouseVisible = True
904.1496 	EXP 	window1: mouseVisible = True
904.1497 	EXP 	window1: mouseVisible = True
904.1499 	EXP 	window1: mouseVisible = True
904.1500 	EXP 	window1: mouseVisible = True
904.1501 	EXP 	window1: mouseVisible = True
904.1503 	EXP 	window1: mouseVisible = True
904.1504 	EXP 	window1: mouseVisible = True
904.1505 	EXP 	window1: mouseVisible = True
904.1506 	EXP 	window1: mouseVisible = True
904.1508 	EXP 	window1: mouseVisible = True
904.1509 	EXP 	window1: mouseVisible = True
904.1510 	EXP 	window1: mouseVisible = True
904.1511 	EXP 	window1: mouseVisible = True
904.1513 	EXP 	window1: mouseVisible = True
904.1514 	EXP 	window1: mouseVisible = True
904.1515 	EXP 	window1: mouseVisible = True
904.1517 	EXP 	window1: mouseVisible = True
904.1518 	EXP 	window1: mouseVisible = True
904.1519 	EXP 	window1: mouseVisible = True
904.1521 	EXP 	window1: mouseVisible = True
904.1522 	EXP 	window1: mouseVisible = True
904.1523 	EXP 	window1: mouseVisible = True
904.1525 	EXP 	window1: mouseVisible = True
904.1526 	EXP 	window1: mouseVisible = True
904.1527 	EXP 	window1: mouseVisible = True
904.1528 	EXP 	window1: mouseVisible = True
904.1530 	EXP 	window1: mouseVisible = True
904.1531 	EXP 	window1: mouseVisible = True
904.1532 	EXP 	window1: mouseVisible = True
904.1534 	EXP 	window1: mouseVisible = True
904.1535 	EXP 	window1: mouseVisible = True
904.1536 	EXP 	window1: mouseVisible = True
904.1537 	EXP 	window1: mouseVisible = True
904.1539 	EXP 	window1: mouseVisible = True
904.1540 	EXP 	window1: mouseVisible = True
904.1541 	EXP 	window1: mouseVisible = True
904.1542 	EXP 	window1: mouseVisible = True
904.1544 	EXP 	window1: mouseVisible = True
904.1545 	EXP 	window1: mouseVisible = True
904.1546 	EXP 	window1: mouseVisible = True
904.1547 	EXP 	window1: mouseVisible = True
904.1549 	EXP 	window1: mouseVisible = True
904.1550 	EXP 	window1: mouseVisible = True
904.1551 	EXP 	window1: mouseVisible = True
904.1552 	EXP 	window1: mouseVisible = True
904.1554 	EXP 	window1: mouseVisible = True
904.1555 	EXP 	window1: mouseVisible = True
904.1556 	EXP 	window1: mouseVisible = True
904.1558 	EXP 	window1: mouseVisible = True
904.1559 	EXP 	window1: mouseVisible = True
904.1560 	EXP 	window1: mouseVisible = True
904.1562 	EXP 	window1: mouseVisible = True
904.1564 	EXP 	window1: mouseVisible = True
904.1565 	EXP 	window1: mouseVisible = True
904.1566 	EXP 	window1: mouseVisible = True
904.1567 	EXP 	window1: mouseVisible = True
904.1569 	EXP 	window1: mouseVisible = True
904.1570 	EXP 	window1: mouseVisible = True
904.1571 	EXP 	window1: mouseVisible = True
904.1573 	EXP 	window1: mouseVisible = True
904.1574 	EXP 	window1: mouseVisible = True
904.1575 	EXP 	window1: mouseVisible = True
904.1576 	EXP 	window1: mouseVisible = True
904.1578 	EXP 	window1: mouseVisible = True
904.1579 	EXP 	window1: mouseVisible = True
904.1580 	EXP 	window1: mouseVisible = True
904.1581 	EXP 	window1: mouseVisible = True
904.1583 	EXP 	window1: mouseVisible = True
904.1584 	EXP 	window1: mouseVisible = True
904.1607 	EXP 	Created ratingScale = RatingScale(__class__=type(...), acceptKeys=['return'], acceptPreText=UNKNOWN, acceptSize=UNKNOWN, acceptText=UNKNOWN, autoLog=True, choices=False, colorSpace='rgb', depth=0, disappear=False, flipVert=False, high=100, kwargs=UNKNOWN, labels=list(...), leftKeys=['left'], lineColor=(255, 255, 255), low=0, marker=Rect(...), markerColor=(255, 255, 255), markerExpansion=UNKNOWN, markerStart=0.5, maxTime=0.0, minTime=0.4, mouseOnly=False, name='ratingScale', noMouse=False, pos=[0.0, 0.0], precision=100, respKeys=[], rightKeys=['right'], scale=None, self=UNKNOWN, showAccept=False, showValue=False, singleClick=False, size=0.6, skipKeys=['tab'], stretch=2.0, textColor='white', textFont='Helvetica Bold', textSize=0.144, tickHeight=0, tickMarks=10.0, win=Window(...))
904.1608 	EXP 	RatingScale ratingScale: reset()
904.1628 	EXP 	window1: mouseVisible = False
904.1747 	EXP 	thermode_locali_EVA: autoDraw = False
904.1747 	EXP 	thermode_locali_EVA: autoDraw = False
904.1747 	EXP 	ratingScale: flipVert = False
904.1747 	EXP 	ratingScale: autoLog = True
904.1761 	EXP 	window1: mouseVisible = False
904.1927 	EXP 	window1: mouseVisible = False
904.2096 	EXP 	window1: mouseVisible = False
904.2262 	EXP 	window1: mouseVisible = False
904.2428 	EXP 	window1: mouseVisible = False
904.2594 	EXP 	window1: mouseVisible = False
904.2761 	EXP 	window1: mouseVisible = False
904.2927 	EXP 	window1: mouseVisible = False
904.3094 	EXP 	window1: mouseVisible = False
904.3261 	EXP 	window1: mouseVisible = False
904.3427 	EXP 	window1: mouseVisible = False
904.3594 	EXP 	window1: mouseVisible = False
904.3764 	EXP 	window1: mouseVisible = False
904.3928 	EXP 	window1: mouseVisible = False
904.4095 	EXP 	window1: mouseVisible = False
904.4262 	EXP 	window1: mouseVisible = False
904.4427 	EXP 	window1: mouseVisible = False
904.4594 	EXP 	window1: mouseVisible = False
904.4761 	EXP 	window1: mouseVisible = False
904.4927 	EXP 	window1: mouseVisible = False
904.5094 	EXP 	window1: mouseVisible = False
904.5261 	EXP 	window1: mouseVisible = False
904.5427 	EXP 	window1: mouseVisible = False
904.5594 	EXP 	window1: mouseVisible = False
904.5760 	EXP 	window1: mouseVisible = False
904.5927 	EXP 	window1: mouseVisible = False
904.6095 	EXP 	window1: mouseVisible = False
904.6261 	EXP 	window1: mouseVisible = False
904.6427 	EXP 	window1: mouseVisible = False
904.6594 	EXP 	window1: mouseVisible = False
904.6761 	EXP 	window1: mouseVisible = False
904.6936 	EXP 	window1: mouseVisible = False
904.7094 	EXP 	window1: mouseVisible = False
904.7262 	EXP 	window1: mouseVisible = False
904.7429 	EXP 	window1: mouseVisible = False
904.7594 	EXP 	window1: mouseVisible = False
904.7761 	EXP 	window1: mouseVisible = False
904.7927 	EXP 	window1: mouseVisible = False
904.8095 	EXP 	window1: mouseVisible = False
904.8261 	EXP 	window1: mouseVisible = False
904.8427 	EXP 	window1: mouseVisible = False
904.8594 	EXP 	window1: mouseVisible = False
904.8760 	EXP 	window1: mouseVisible = False
904.8927 	EXP 	window1: mouseVisible = False
904.9094 	EXP 	window1: mouseVisible = False
904.9260 	EXP 	window1: mouseVisible = False
904.9427 	EXP 	window1: mouseVisible = False
904.9594 	EXP 	window1: mouseVisible = False
904.9760 	EXP 	window1: mouseVisible = False
904.9927 	EXP 	window1: mouseVisible = False
905.0094 	EXP 	window1: mouseVisible = False
905.0260 	EXP 	window1: mouseVisible = False
905.0427 	EXP 	window1: mouseVisible = False
905.0593 	EXP 	window1: mouseVisible = False
905.0760 	EXP 	window1: mouseVisible = False
905.0923 	DATA 	Keypress: n
905.0929 	EXP 	window1: mouseVisible = False
905.1095 	EXP 	window1: mouseVisible = False
905.1261 	EXP 	window1: mouseVisible = False
905.1427 	EXP 	window1: mouseVisible = False
905.1594 	EXP 	window1: mouseVisible = False
905.1761 	EXP 	window1: mouseVisible = False
905.1927 	EXP 	window1: mouseVisible = False
905.2094 	EXP 	window1: mouseVisible = False
905.2260 	EXP 	window1: mouseVisible = False
905.2427 	EXP 	window1: mouseVisible = False
905.2594 	EXP 	window1: mouseVisible = False
905.2760 	EXP 	window1: mouseVisible = False
905.2927 	EXP 	window1: mouseVisible = False
905.3094 	EXP 	window1: mouseVisible = False
905.3261 	EXP 	window1: mouseVisible = False
905.3427 	EXP 	window1: mouseVisible = False
905.3593 	EXP 	window1: mouseVisible = False
905.3760 	EXP 	window1: mouseVisible = False
905.3927 	EXP 	window1: mouseVisible = False
905.4094 	EXP 	window1: mouseVisible = False
905.4260 	EXP 	window1: mouseVisible = False
905.4427 	EXP 	window1: mouseVisible = False
905.4594 	EXP 	window1: mouseVisible = False
905.4760 	EXP 	window1: mouseVisible = False
905.4927 	EXP 	window1: mouseVisible = False
905.5094 	EXP 	window1: mouseVisible = False
905.5261 	EXP 	window1: mouseVisible = False
905.5427 	EXP 	window1: mouseVisible = False
905.5594 	EXP 	window1: mouseVisible = False
905.5761 	EXP 	window1: mouseVisible = False
905.5928 	EXP 	window1: mouseVisible = False
905.6094 	EXP 	window1: mouseVisible = False
905.6261 	EXP 	window1: mouseVisible = False
905.6427 	EXP 	window1: mouseVisible = False
905.6595 	EXP 	window1: mouseVisible = False
905.6760 	EXP 	window1: mouseVisible = False
905.6928 	EXP 	window1: mouseVisible = False
905.7541 	EXP 	window1: mouseVisible = False
905.7596 	EXP 	window1: mouseVisible = False
905.7765 	EXP 	window1: mouseVisible = False
905.7932 	EXP 	window1: mouseVisible = False
905.8096 	EXP 	window1: mouseVisible = False
905.8261 	EXP 	window1: mouseVisible = False
905.8427 	EXP 	window1: mouseVisible = False
905.8594 	EXP 	window1: mouseVisible = False
905.8761 	EXP 	window1: mouseVisible = False
905.8928 	EXP 	window1: mouseVisible = False
905.9095 	EXP 	window1: mouseVisible = False
905.9262 	EXP 	window1: mouseVisible = False
905.9428 	EXP 	window1: mouseVisible = False
905.9595 	EXP 	window1: mouseVisible = False
905.9761 	EXP 	window1: mouseVisible = False
905.9929 	EXP 	window1: mouseVisible = False
906.0094 	EXP 	window1: mouseVisible = False
906.0261 	EXP 	window1: mouseVisible = False
906.0428 	EXP 	window1: mouseVisible = False
906.0594 	EXP 	window1: mouseVisible = False
906.0763 	EXP 	window1: mouseVisible = False
906.0928 	EXP 	window1: mouseVisible = False
906.1094 	EXP 	window1: mouseVisible = False
906.1261 	EXP 	window1: mouseVisible = False
906.1432 	EXP 	window1: mouseVisible = False
906.1594 	EXP 	window1: mouseVisible = False
906.1761 	EXP 	window1: mouseVisible = False
906.1927 	EXP 	window1: mouseVisible = False
906.2099 	EXP 	window1: mouseVisible = False
906.2261 	EXP 	window1: mouseVisible = False
906.2423 	DATA 	Keypress: n
906.2429 	EXP 	window1: mouseVisible = False
906.2594 	EXP 	window1: mouseVisible = False
906.2761 	EXP 	window1: mouseVisible = False
906.2928 	EXP 	window1: mouseVisible = False
906.3094 	EXP 	window1: mouseVisible = False
906.3260 	EXP 	window1: mouseVisible = False
906.3429 	EXP 	window1: mouseVisible = False
906.3594 	EXP 	window1: mouseVisible = False
906.3761 	EXP 	window1: mouseVisible = False
906.3928 	EXP 	window1: mouseVisible = False
906.4095 	EXP 	window1: mouseVisible = False
906.4261 	EXP 	window1: mouseVisible = False
906.4427 	EXP 	window1: mouseVisible = False
906.4594 	EXP 	window1: mouseVisible = False
906.4761 	EXP 	window1: mouseVisible = False
906.4927 	EXP 	window1: mouseVisible = False
906.5094 	EXP 	window1: mouseVisible = False
906.5261 	EXP 	window1: mouseVisible = False
906.5427 	EXP 	window1: mouseVisible = False
906.5594 	EXP 	window1: mouseVisible = False
906.5761 	EXP 	window1: mouseVisible = False
906.5928 	EXP 	window1: mouseVisible = False
906.6094 	EXP 	window1: mouseVisible = False
906.6261 	EXP 	window1: mouseVisible = False
906.6427 	EXP 	window1: mouseVisible = False
906.6594 	EXP 	window1: mouseVisible = False
906.6758 	DATA 	Keypress: n
906.6763 	EXP 	window1: mouseVisible = False
906.6928 	EXP 	window1: mouseVisible = False
906.7095 	EXP 	window1: mouseVisible = False
906.7261 	EXP 	window1: mouseVisible = False
906.7428 	EXP 	window1: mouseVisible = False
906.7594 	EXP 	window1: mouseVisible = False
906.7761 	EXP 	window1: mouseVisible = False
906.7929 	EXP 	window1: mouseVisible = False
906.8095 	EXP 	window1: mouseVisible = False
906.8261 	EXP 	window1: mouseVisible = False
906.8428 	EXP 	window1: mouseVisible = False
906.8594 	EXP 	window1: mouseVisible = False
906.8761 	EXP 	window1: mouseVisible = False
906.8928 	EXP 	window1: mouseVisible = False
906.9095 	EXP 	window1: mouseVisible = False
906.9262 	EXP 	window1: mouseVisible = False
906.9428 	EXP 	window1: mouseVisible = False
906.9594 	EXP 	window1: mouseVisible = False
906.9761 	EXP 	window1: mouseVisible = False
906.9923 	DATA 	Keypress: n
906.9929 	EXP 	window1: mouseVisible = False
907.0095 	EXP 	window1: mouseVisible = False
907.0261 	EXP 	window1: mouseVisible = False
907.0427 	EXP 	window1: mouseVisible = False
907.0594 	EXP 	window1: mouseVisible = False
907.0761 	EXP 	window1: mouseVisible = False
907.0927 	EXP 	window1: mouseVisible = False
907.1094 	EXP 	window1: mouseVisible = False
907.1262 	EXP 	window1: mouseVisible = False
907.1427 	EXP 	window1: mouseVisible = False
907.1595 	EXP 	window1: mouseVisible = False
907.1761 	EXP 	window1: mouseVisible = False
907.1927 	EXP 	window1: mouseVisible = False
907.2098 	EXP 	window1: mouseVisible = False
907.2262 	EXP 	window1: mouseVisible = False
907.2427 	EXP 	window1: mouseVisible = False
907.2594 	EXP 	window1: mouseVisible = False
907.2761 	EXP 	window1: mouseVisible = False
907.2928 	EXP 	window1: mouseVisible = False
907.3094 	EXP 	window1: mouseVisible = False
907.3261 	EXP 	window1: mouseVisible = False
907.3428 	EXP 	window1: mouseVisible = False
907.3594 	EXP 	window1: mouseVisible = False
907.3761 	EXP 	window1: mouseVisible = False
907.3928 	EXP 	window1: mouseVisible = False
907.4094 	EXP 	window1: mouseVisible = False
907.4264 	DATA 	Keypress: space
907.5414 	EXP 	main_text: autoDraw = True
907.5414 	EXP 	confirm_text: autoDraw = True
907.5414 	EXP 	ratingScale: autoDraw = False
907.5414 	EXP 	main_text: autoDraw = False
907.5414 	EXP 	confirm_text: autoDraw = False
907.5414 	EXP 	text_8: autoDraw = True
908.5586 	DATA 	Keypress: p
908.5750 	EXP 	Created sequence: random, trialTypes=1, nReps=4, seed=None
908.5751 	EXP 	New trial (rep=0, index=0): None
908.5767 	DATA 	Keypress: o
908.5913 	EXP 	text_8: autoDraw = False
908.5913 	EXP 	text_pic: autoDraw = True
908.5913 	EXP 	croix_3: autoDraw = True
913.5915 	EXP 	text_pic: autoDraw = False
913.5915 	EXP 	croix_3: autoDraw = False
913.5915 	EXP 	text_pic: autoDraw = False
913.5915 	EXP 	croix_3: autoDraw = False
913.5915 	EXP 	thermode_locali_pic: height = 0.02
913.5915 	EXP 	thermode_locali_pic: height = 0.02
913.5915 	EXP 	thermode_locali_pic: height = 0.02
913.5915 	EXP 	thermode_locali_pic: text = 'T : 0'
913.5915 	EXP 	responsel: text = 'NON              '
913.5915 	EXP 	thermode_locali_pic: autoDraw = True
921.5750 	EXP 	responsel: autoDraw = True
921.5750 	EXP 	percu_or: autoDraw = True
921.5750 	EXP 	responser: autoDraw = True
923.0260 	DATA 	Keypress: n
923.0583 	EXP 	responser: foreColor = (0, 0, 0)
923.0750 	EXP 	responser: foreColor = (0, 0, 0)
923.0916 	EXP 	responser: foreColor = (0, 0, 0)
923.1083 	EXP 	responser: foreColor = (0, 0, 0)
923.1250 	EXP 	responser: foreColor = (0, 0, 0)
923.1417 	EXP 	responser: foreColor = (0, 0, 0)
923.1583 	EXP 	responser: foreColor = (0, 0, 0)
923.1750 	EXP 	responser: foreColor = (0, 0, 0)
923.1916 	EXP 	responser: foreColor = (0, 0, 0)
923.2083 	EXP 	responser: foreColor = (0, 0, 0)
923.2249 	EXP 	responser: foreColor = (0, 0, 0)
923.2416 	EXP 	responser: foreColor = (0, 0, 0)
923.2583 	EXP 	responser: foreColor = (0, 0, 0)
923.2750 	EXP 	responser: foreColor = (0, 0, 0)
923.2916 	EXP 	responser: foreColor = (0, 0, 0)
923.3083 	EXP 	responser: foreColor = (0, 0, 0)
923.3249 	EXP 	responser: foreColor = (0, 0, 0)
923.3416 	EXP 	responser: foreColor = (0, 0, 0)
923.3583 	EXP 	responser: foreColor = (0, 0, 0)
923.3750 	EXP 	responser: foreColor = (0, 0, 0)
923.3916 	EXP 	responser: foreColor = (0, 0, 0)
923.4083 	EXP 	responser: foreColor = (0, 0, 0)
923.4250 	EXP 	responser: foreColor = (0, 0, 0)
923.4416 	EXP 	responser: foreColor = (0, 0, 0)
923.4583 	EXP 	responser: foreColor = (0, 0, 0)
923.4750 	EXP 	responser: foreColor = (0, 0, 0)
923.4917 	EXP 	responser: foreColor = (0, 0, 0)
923.5083 	EXP 	responser: foreColor = (0, 0, 0)
923.5250 	EXP 	responser: foreColor = (0, 0, 0)
923.5416 	EXP 	responser: foreColor = (0, 0, 0)
923.5583 	EXP 	responser: foreColor = (0, 0, 0)
923.5750 	EXP 	responser: foreColor = (0, 0, 0)
923.5916 	EXP 	responser: foreColor = (0, 0, 0)
923.6083 	EXP 	responser: foreColor = (0, 0, 0)
923.6249 	EXP 	responser: foreColor = (0, 0, 0)
923.6416 	EXP 	responser: foreColor = (0, 0, 0)
923.6583 	EXP 	responser: foreColor = (0, 0, 0)
923.6750 	EXP 	responser: foreColor = (0, 0, 0)
923.6917 	EXP 	responser: foreColor = (0, 0, 0)
923.7083 	EXP 	responser: foreColor = (0, 0, 0)
923.7250 	EXP 	responser: foreColor = (0, 0, 0)
923.7416 	EXP 	responser: foreColor = (0, 0, 0)
923.7583 	EXP 	responser: foreColor = (0, 0, 0)
923.7750 	EXP 	responser: foreColor = (0, 0, 0)
923.7917 	EXP 	responser: foreColor = (0, 0, 0)
923.8083 	EXP 	responser: foreColor = (0, 0, 0)
923.8250 	EXP 	responser: foreColor = (0, 0, 0)
923.8417 	EXP 	responser: foreColor = (0, 0, 0)
923.8583 	EXP 	responser: foreColor = (0, 0, 0)
923.8750 	EXP 	responser: foreColor = (0, 0, 0)
923.8917 	EXP 	responser: foreColor = (0, 0, 0)
923.9083 	EXP 	responser: foreColor = (0, 0, 0)
923.9250 	EXP 	responser: foreColor = (0, 0, 0)
923.9417 	EXP 	responser: foreColor = (0, 0, 0)
923.9583 	EXP 	responser: foreColor = (0, 0, 0)
923.9750 	EXP 	responser: foreColor = (0, 0, 0)
923.9917 	EXP 	responser: foreColor = (0, 0, 0)
924.0083 	EXP 	responser: foreColor = (0, 0, 0)
924.0249 	EXP 	responser: foreColor = (0, 0, 0)
924.0416 	EXP 	responser: foreColor = (0, 0, 0)
924.0583 	EXP 	responser: foreColor = (0, 0, 0)
924.0750 	EXP 	responser: foreColor = (0, 0, 0)
924.0917 	EXP 	responser: foreColor = (0, 0, 0)
924.1083 	EXP 	responser: foreColor = (0, 0, 0)
924.1250 	EXP 	responser: foreColor = (0, 0, 0)
924.1417 	EXP 	responser: foreColor = (0, 0, 0)
924.1583 	EXP 	responser: foreColor = (0, 0, 0)
924.1750 	EXP 	responser: foreColor = (0, 0, 0)
924.1917 	EXP 	responser: foreColor = (0, 0, 0)
924.2083 	EXP 	responser: foreColor = (0, 0, 0)
924.2250 	EXP 	responser: foreColor = (0, 0, 0)
924.2417 	EXP 	responser: foreColor = (0, 0, 0)
924.2583 	EXP 	responser: foreColor = (0, 0, 0)
924.2749 	EXP 	responser: foreColor = (0, 0, 0)
924.2916 	EXP 	responser: foreColor = (0, 0, 0)
924.3083 	EXP 	responser: foreColor = (0, 0, 0)
924.3250 	EXP 	responser: foreColor = (0, 0, 0)
924.3417 	EXP 	responser: foreColor = (0, 0, 0)
924.3583 	EXP 	responser: foreColor = (0, 0, 0)
924.3750 	EXP 	responser: foreColor = (0, 0, 0)
924.3917 	EXP 	responser: foreColor = (0, 0, 0)
924.4083 	EXP 	responser: foreColor = (0, 0, 0)
924.4250 	EXP 	responser: foreColor = (0, 0, 0)
924.4416 	EXP 	responser: foreColor = (0, 0, 0)
924.4583 	EXP 	responser: foreColor = (0, 0, 0)
924.4750 	EXP 	responser: foreColor = (0, 0, 0)
924.4917 	EXP 	responser: foreColor = (0, 0, 0)
924.5083 	EXP 	responser: foreColor = (0, 0, 0)
924.5250 	EXP 	responser: foreColor = (0, 0, 0)
924.5417 	EXP 	responser: foreColor = (0, 0, 0)
924.5417 	EXP 	thermode_locali_pic: autoDraw = False
924.5583 	EXP 	responser: foreColor = (0, 0, 0)
924.5588 	EXP 	New trial (rep=1, index=0): None
924.5750 	EXP 	responser: foreColor = (0, 0, 0)
924.5750 	EXP 	responsel: autoDraw = False
924.5750 	EXP 	percu_or: autoDraw = False
924.5750 	EXP 	responser: autoDraw = False
924.5750 	EXP 	thermode_locali_pic: autoDraw = False
924.5750 	EXP 	responsel: autoDraw = False
924.5750 	EXP 	percu_or: autoDraw = False
924.5750 	EXP 	responser: autoDraw = False
924.5750 	EXP 	responsel: foreColor = 'white'
924.5750 	EXP 	responser: foreColor = 'white'
924.5750 	EXP 	text_pic: autoDraw = True
924.5750 	EXP 	croix_3: autoDraw = True
929.5750 	EXP 	text_pic: autoDraw = False
929.5750 	EXP 	croix_3: autoDraw = False
929.5750 	EXP 	text_pic: autoDraw = False
929.5750 	EXP 	croix_3: autoDraw = False
929.5750 	EXP 	thermode_locali_pic: height = 0.02
929.5750 	EXP 	thermode_locali_pic: height = 0.02
929.5750 	EXP 	thermode_locali_pic: height = 0.02
929.5750 	EXP 	thermode_locali_pic: text = 'T : 1'
929.5750 	EXP 	responsel: text = 'NON              '
929.5750 	EXP 	thermode_locali_pic: autoDraw = True
937.5584 	EXP 	responsel: autoDraw = True
937.5584 	EXP 	percu_or: autoDraw = True
937.5584 	EXP 	responser: autoDraw = True
937.9428 	DATA 	Keypress: m
937.9750 	EXP 	responsel: foreColor = (0, 0, 0)
937.9917 	EXP 	responsel: foreColor = (0, 0, 0)
938.0083 	EXP 	responsel: foreColor = (0, 0, 0)
938.0250 	EXP 	responsel: foreColor = (0, 0, 0)
938.0417 	EXP 	responsel: foreColor = (0, 0, 0)
938.0583 	EXP 	responsel: foreColor = (0, 0, 0)
938.0750 	EXP 	responsel: foreColor = (0, 0, 0)
938.0917 	EXP 	responsel: foreColor = (0, 0, 0)
938.1084 	EXP 	responsel: foreColor = (0, 0, 0)
938.1250 	EXP 	responsel: foreColor = (0, 0, 0)
938.1417 	EXP 	responsel: foreColor = (0, 0, 0)
938.1584 	EXP 	responsel: foreColor = (0, 0, 0)
938.1750 	EXP 	responsel: foreColor = (0, 0, 0)
938.1917 	EXP 	responsel: foreColor = (0, 0, 0)
938.2084 	EXP 	responsel: foreColor = (0, 0, 0)
938.2250 	EXP 	responsel: foreColor = (0, 0, 0)
938.2417 	EXP 	responsel: foreColor = (0, 0, 0)
938.2584 	EXP 	responsel: foreColor = (0, 0, 0)
938.2750 	EXP 	responsel: foreColor = (0, 0, 0)
938.2917 	EXP 	responsel: foreColor = (0, 0, 0)
938.3084 	EXP 	responsel: foreColor = (0, 0, 0)
938.3250 	EXP 	responsel: foreColor = (0, 0, 0)
938.3417 	EXP 	responsel: foreColor = (0, 0, 0)
938.3584 	EXP 	responsel: foreColor = (0, 0, 0)
938.3750 	EXP 	responsel: foreColor = (0, 0, 0)
938.3917 	EXP 	responsel: foreColor = (0, 0, 0)
938.4084 	EXP 	responsel: foreColor = (0, 0, 0)
938.4250 	EXP 	responsel: foreColor = (0, 0, 0)
938.4417 	EXP 	responsel: foreColor = (0, 0, 0)
938.4584 	EXP 	responsel: foreColor = (0, 0, 0)
938.4750 	EXP 	responsel: foreColor = (0, 0, 0)
938.4917 	EXP 	responsel: foreColor = (0, 0, 0)
938.5084 	EXP 	responsel: foreColor = (0, 0, 0)
938.5250 	EXP 	responsel: foreColor = (0, 0, 0)
938.5417 	EXP 	responsel: foreColor = (0, 0, 0)
938.5584 	EXP 	responsel: foreColor = (0, 0, 0)
938.5750 	EXP 	responsel: foreColor = (0, 0, 0)
938.5917 	EXP 	responsel: foreColor = (0, 0, 0)
938.6084 	EXP 	responsel: foreColor = (0, 0, 0)
938.6250 	EXP 	responsel: foreColor = (0, 0, 0)
938.6417 	EXP 	responsel: foreColor = (0, 0, 0)
938.6584 	EXP 	responsel: foreColor = (0, 0, 0)
938.6750 	EXP 	responsel: foreColor = (0, 0, 0)
938.6917 	EXP 	responsel: foreColor = (0, 0, 0)
938.7084 	EXP 	responsel: foreColor = (0, 0, 0)
938.7250 	EXP 	responsel: foreColor = (0, 0, 0)
938.7417 	EXP 	responsel: foreColor = (0, 0, 0)
938.7584 	EXP 	responsel: foreColor = (0, 0, 0)
938.7750 	EXP 	responsel: foreColor = (0, 0, 0)
938.7917 	EXP 	responsel: foreColor = (0, 0, 0)
938.8084 	EXP 	responsel: foreColor = (0, 0, 0)
938.8250 	EXP 	responsel: foreColor = (0, 0, 0)
938.8417 	EXP 	responsel: foreColor = (0, 0, 0)
938.8584 	EXP 	responsel: foreColor = (0, 0, 0)
938.8750 	EXP 	responsel: foreColor = (0, 0, 0)
938.8917 	EXP 	responsel: foreColor = (0, 0, 0)
938.9084 	EXP 	responsel: foreColor = (0, 0, 0)
938.9250 	EXP 	responsel: foreColor = (0, 0, 0)
938.9417 	EXP 	responsel: foreColor = (0, 0, 0)
938.9584 	EXP 	responsel: foreColor = (0, 0, 0)
938.9750 	EXP 	responsel: foreColor = (0, 0, 0)
938.9917 	EXP 	responsel: foreColor = (0, 0, 0)
939.0084 	EXP 	responsel: foreColor = (0, 0, 0)
939.0250 	EXP 	responsel: foreColor = (0, 0, 0)
939.0417 	EXP 	responsel: foreColor = (0, 0, 0)
939.0584 	EXP 	responsel: foreColor = (0, 0, 0)
939.0750 	EXP 	responsel: foreColor = (0, 0, 0)
939.0917 	EXP 	responsel: foreColor = (0, 0, 0)
939.1084 	EXP 	responsel: foreColor = (0, 0, 0)
939.1250 	EXP 	responsel: foreColor = (0, 0, 0)
939.1417 	EXP 	responsel: foreColor = (0, 0, 0)
939.1584 	EXP 	responsel: foreColor = (0, 0, 0)
939.1750 	EXP 	responsel: foreColor = (0, 0, 0)
939.1917 	EXP 	responsel: foreColor = (0, 0, 0)
939.2084 	EXP 	responsel: foreColor = (0, 0, 0)
939.2250 	EXP 	responsel: foreColor = (0, 0, 0)
939.2417 	EXP 	responsel: foreColor = (0, 0, 0)
939.2584 	EXP 	responsel: foreColor = (0, 0, 0)
939.2750 	EXP 	responsel: foreColor = (0, 0, 0)
939.2917 	EXP 	responsel: foreColor = (0, 0, 0)
939.3084 	EXP 	responsel: foreColor = (0, 0, 0)
939.3250 	EXP 	responsel: foreColor = (0, 0, 0)
939.3417 	EXP 	responsel: foreColor = (0, 0, 0)
939.3584 	EXP 	responsel: foreColor = (0, 0, 0)
939.3750 	EXP 	responsel: foreColor = (0, 0, 0)
939.3917 	EXP 	responsel: foreColor = (0, 0, 0)
939.4084 	EXP 	responsel: foreColor = (0, 0, 0)
939.4250 	EXP 	responsel: foreColor = (0, 0, 0)
939.4417 	EXP 	responsel: foreColor = (0, 0, 0)
939.4584 	EXP 	responsel: foreColor = (0, 0, 0)
939.4750 	EXP 	responsel: foreColor = (0, 0, 0)
939.4917 	EXP 	responsel: foreColor = (0, 0, 0)
939.5084 	EXP 	responsel: foreColor = (0, 0, 0)
939.5250 	EXP 	responsel: foreColor = (0, 0, 0)
939.5417 	EXP 	responsel: foreColor = (0, 0, 0)
939.5584 	EXP 	responsel: foreColor = (0, 0, 0)
939.5750 	EXP 	responsel: foreColor = (0, 0, 0)
939.5917 	EXP 	responsel: foreColor = (0, 0, 0)
939.6084 	EXP 	responsel: foreColor = (0, 0, 0)
939.6251 	EXP 	responsel: foreColor = (0, 0, 0)
939.6417 	EXP 	responsel: foreColor = (0, 0, 0)
939.6584 	EXP 	responsel: foreColor = (0, 0, 0)
939.6751 	EXP 	responsel: foreColor = (0, 0, 0)
939.6917 	EXP 	responsel: foreColor = (0, 0, 0)
939.7084 	EXP 	responsel: foreColor = (0, 0, 0)
939.7251 	EXP 	responsel: foreColor = (0, 0, 0)
939.7417 	EXP 	responsel: foreColor = (0, 0, 0)
939.7584 	EXP 	responsel: foreColor = (0, 0, 0)
939.7751 	EXP 	responsel: foreColor = (0, 0, 0)
939.7917 	EXP 	responsel: foreColor = (0, 0, 0)
939.8084 	EXP 	responsel: foreColor = (0, 0, 0)
939.8251 	EXP 	responsel: foreColor = (0, 0, 0)
939.8417 	EXP 	responsel: foreColor = (0, 0, 0)
939.8584 	EXP 	responsel: foreColor = (0, 0, 0)
939.8750 	EXP 	responsel: foreColor = (0, 0, 0)
939.8917 	EXP 	responsel: foreColor = (0, 0, 0)
939.9084 	EXP 	responsel: foreColor = (0, 0, 0)
939.9251 	EXP 	responsel: foreColor = (0, 0, 0)
939.9417 	EXP 	responsel: foreColor = (0, 0, 0)
939.9584 	EXP 	responsel: foreColor = (0, 0, 0)
939.9751 	EXP 	responsel: foreColor = (0, 0, 0)
939.9917 	EXP 	responsel: foreColor = (0, 0, 0)
940.0084 	EXP 	responsel: foreColor = (0, 0, 0)
940.0251 	EXP 	responsel: foreColor = (0, 0, 0)
940.0417 	EXP 	responsel: foreColor = (0, 0, 0)
940.0584 	EXP 	responsel: foreColor = (0, 0, 0)
940.0751 	EXP 	responsel: foreColor = (0, 0, 0)
940.0917 	EXP 	responsel: foreColor = (0, 0, 0)
940.1084 	EXP 	responsel: foreColor = (0, 0, 0)
940.1251 	EXP 	responsel: foreColor = (0, 0, 0)
940.1418 	EXP 	responsel: foreColor = (0, 0, 0)
940.1584 	EXP 	responsel: foreColor = (0, 0, 0)
940.1751 	EXP 	responsel: foreColor = (0, 0, 0)
940.1917 	EXP 	responsel: foreColor = (0, 0, 0)
940.2084 	EXP 	responsel: foreColor = (0, 0, 0)
940.2251 	EXP 	responsel: foreColor = (0, 0, 0)
940.2417 	EXP 	responsel: foreColor = (0, 0, 0)
940.2584 	EXP 	responsel: foreColor = (0, 0, 0)
940.2751 	EXP 	responsel: foreColor = (0, 0, 0)
940.2917 	EXP 	responsel: foreColor = (0, 0, 0)
940.3084 	EXP 	responsel: foreColor = (0, 0, 0)
940.3251 	EXP 	responsel: foreColor = (0, 0, 0)
940.3417 	EXP 	responsel: foreColor = (0, 0, 0)
940.3584 	EXP 	responsel: foreColor = (0, 0, 0)
940.3751 	EXP 	responsel: foreColor = (0, 0, 0)
940.3917 	EXP 	responsel: foreColor = (0, 0, 0)
940.4084 	EXP 	responsel: foreColor = (0, 0, 0)
940.4251 	EXP 	responsel: foreColor = (0, 0, 0)
940.4417 	EXP 	responsel: foreColor = (0, 0, 0)
940.4584 	EXP 	responsel: foreColor = (0, 0, 0)
940.4751 	EXP 	responsel: foreColor = (0, 0, 0)
940.4917 	EXP 	responsel: foreColor = (0, 0, 0)
940.5084 	EXP 	responsel: foreColor = (0, 0, 0)
940.5251 	EXP 	responsel: foreColor = (0, 0, 0)
940.5251 	EXP 	thermode_locali_pic: autoDraw = False
940.5417 	EXP 	responsel: foreColor = (0, 0, 0)
940.5422 	EXP 	New trial (rep=2, index=0): None
940.5585 	EXP 	responsel: foreColor = (0, 0, 0)
940.5585 	EXP 	responsel: autoDraw = False
940.5585 	EXP 	percu_or: autoDraw = False
940.5585 	EXP 	responser: autoDraw = False
940.5585 	EXP 	thermode_locali_pic: autoDraw = False
940.5585 	EXP 	responsel: autoDraw = False
940.5585 	EXP 	percu_or: autoDraw = False
940.5585 	EXP 	responser: autoDraw = False
940.5585 	EXP 	responsel: foreColor = 'white'
940.5585 	EXP 	responser: foreColor = 'white'
940.5585 	EXP 	text_pic: autoDraw = True
940.5585 	EXP 	croix_3: autoDraw = True
945.5585 	EXP 	text_pic: autoDraw = False
945.5585 	EXP 	croix_3: autoDraw = False
945.5585 	EXP 	text_pic: autoDraw = False
945.5585 	EXP 	croix_3: autoDraw = False
945.5585 	EXP 	thermode_locali_pic: height = 0.02
945.5585 	EXP 	thermode_locali_pic: height = 0.02
945.5585 	EXP 	thermode_locali_pic: height = 0.02
945.5585 	EXP 	thermode_locali_pic: text = 'T : 2'
945.5585 	EXP 	responsel: text = 'NON              '
945.5585 	EXP 	thermode_locali_pic: autoDraw = True
953.5420 	EXP 	responsel: autoDraw = True
953.5420 	EXP 	percu_or: autoDraw = True
953.5420 	EXP 	responser: autoDraw = True
953.9432 	DATA 	Keypress: m
953.9753 	EXP 	responsel: foreColor = (0, 0, 0)
953.9920 	EXP 	responsel: foreColor = (0, 0, 0)
954.0087 	EXP 	responsel: foreColor = (0, 0, 0)
954.0253 	EXP 	responsel: foreColor = (0, 0, 0)
954.0420 	EXP 	responsel: foreColor = (0, 0, 0)
954.0586 	EXP 	responsel: foreColor = (0, 0, 0)
954.0753 	EXP 	responsel: foreColor = (0, 0, 0)
954.0919 	EXP 	responsel: foreColor = (0, 0, 0)
954.1086 	EXP 	responsel: foreColor = (0, 0, 0)
954.1253 	EXP 	responsel: foreColor = (0, 0, 0)
954.1420 	EXP 	responsel: foreColor = (0, 0, 0)
954.1586 	EXP 	responsel: foreColor = (0, 0, 0)
954.1753 	EXP 	responsel: foreColor = (0, 0, 0)
954.1920 	EXP 	responsel: foreColor = (0, 0, 0)
954.2087 	EXP 	responsel: foreColor = (0, 0, 0)
954.2253 	EXP 	responsel: foreColor = (0, 0, 0)
954.2420 	EXP 	responsel: foreColor = (0, 0, 0)
954.2586 	EXP 	responsel: foreColor = (0, 0, 0)
954.2753 	EXP 	responsel: foreColor = (0, 0, 0)
954.2920 	EXP 	responsel: foreColor = (0, 0, 0)
954.3087 	EXP 	responsel: foreColor = (0, 0, 0)
954.3253 	EXP 	responsel: foreColor = (0, 0, 0)
954.3420 	EXP 	responsel: foreColor = (0, 0, 0)
954.3586 	EXP 	responsel: foreColor = (0, 0, 0)
954.3753 	EXP 	responsel: foreColor = (0, 0, 0)
954.3920 	EXP 	responsel: foreColor = (0, 0, 0)
954.4087 	EXP 	responsel: foreColor = (0, 0, 0)
954.4253 	EXP 	responsel: foreColor = (0, 0, 0)
954.4420 	EXP 	responsel: foreColor = (0, 0, 0)
954.4586 	EXP 	responsel: foreColor = (0, 0, 0)
954.4753 	EXP 	responsel: foreColor = (0, 0, 0)
954.4920 	EXP 	responsel: foreColor = (0, 0, 0)
954.5086 	EXP 	responsel: foreColor = (0, 0, 0)
954.5253 	EXP 	responsel: foreColor = (0, 0, 0)
954.5420 	EXP 	responsel: foreColor = (0, 0, 0)
954.5586 	EXP 	responsel: foreColor = (0, 0, 0)
954.5753 	EXP 	responsel: foreColor = (0, 0, 0)
954.5920 	EXP 	responsel: foreColor = (0, 0, 0)
954.6087 	EXP 	responsel: foreColor = (0, 0, 0)
954.6253 	EXP 	responsel: foreColor = (0, 0, 0)
954.6420 	EXP 	responsel: foreColor = (0, 0, 0)
954.6586 	EXP 	responsel: foreColor = (0, 0, 0)
954.6753 	EXP 	responsel: foreColor = (0, 0, 0)
954.6920 	EXP 	responsel: foreColor = (0, 0, 0)
954.7087 	EXP 	responsel: foreColor = (0, 0, 0)
954.7253 	EXP 	responsel: foreColor = (0, 0, 0)
954.7420 	EXP 	responsel: foreColor = (0, 0, 0)
954.7586 	EXP 	responsel: foreColor = (0, 0, 0)
954.7753 	EXP 	responsel: foreColor = (0, 0, 0)
954.7920 	EXP 	responsel: foreColor = (0, 0, 0)
954.8087 	EXP 	responsel: foreColor = (0, 0, 0)
954.8253 	EXP 	responsel: foreColor = (0, 0, 0)
954.8420 	EXP 	responsel: foreColor = (0, 0, 0)
954.8586 	EXP 	responsel: foreColor = (0, 0, 0)
954.8753 	EXP 	responsel: foreColor = (0, 0, 0)
954.8920 	EXP 	responsel: foreColor = (0, 0, 0)
954.9086 	EXP 	responsel: foreColor = (0, 0, 0)
954.9253 	EXP 	responsel: foreColor = (0, 0, 0)
954.9420 	EXP 	responsel: foreColor = (0, 0, 0)
954.9586 	EXP 	responsel: foreColor = (0, 0, 0)
954.9753 	EXP 	responsel: foreColor = (0, 0, 0)
954.9920 	EXP 	responsel: foreColor = (0, 0, 0)
955.0087 	EXP 	responsel: foreColor = (0, 0, 0)
955.0253 	EXP 	responsel: foreColor = (0, 0, 0)
955.0420 	EXP 	responsel: foreColor = (0, 0, 0)
955.0587 	EXP 	responsel: foreColor = (0, 0, 0)
955.0753 	EXP 	responsel: foreColor = (0, 0, 0)
955.0920 	EXP 	responsel: foreColor = (0, 0, 0)
955.1087 	EXP 	responsel: foreColor = (0, 0, 0)
955.1253 	EXP 	responsel: foreColor = (0, 0, 0)
955.1420 	EXP 	responsel: foreColor = (0, 0, 0)
955.1587 	EXP 	responsel: foreColor = (0, 0, 0)
955.1753 	EXP 	responsel: foreColor = (0, 0, 0)
955.1920 	EXP 	responsel: foreColor = (0, 0, 0)
955.2086 	EXP 	responsel: foreColor = (0, 0, 0)
955.2253 	EXP 	responsel: foreColor = (0, 0, 0)
955.2420 	EXP 	responsel: foreColor = (0, 0, 0)
955.2586 	EXP 	responsel: foreColor = (0, 0, 0)
955.2753 	EXP 	responsel: foreColor = (0, 0, 0)
955.2920 	EXP 	responsel: foreColor = (0, 0, 0)
955.3088 	EXP 	responsel: foreColor = (0, 0, 0)
955.3253 	EXP 	responsel: foreColor = (0, 0, 0)
955.3420 	EXP 	responsel: foreColor = (0, 0, 0)
955.3587 	EXP 	responsel: foreColor = (0, 0, 0)
955.3753 	EXP 	responsel: foreColor = (0, 0, 0)
955.3920 	EXP 	responsel: foreColor = (0, 0, 0)
955.4086 	EXP 	responsel: foreColor = (0, 0, 0)
955.4253 	EXP 	responsel: foreColor = (0, 0, 0)
955.4420 	EXP 	responsel: foreColor = (0, 0, 0)
955.4587 	EXP 	responsel: foreColor = (0, 0, 0)
955.4753 	EXP 	responsel: foreColor = (0, 0, 0)
955.4920 	EXP 	responsel: foreColor = (0, 0, 0)
955.5087 	EXP 	responsel: foreColor = (0, 0, 0)
955.5253 	EXP 	responsel: foreColor = (0, 0, 0)
955.5420 	EXP 	responsel: foreColor = (0, 0, 0)
955.5587 	EXP 	responsel: foreColor = (0, 0, 0)
955.5753 	EXP 	responsel: foreColor = (0, 0, 0)
955.5920 	EXP 	responsel: foreColor = (0, 0, 0)
955.6087 	EXP 	responsel: foreColor = (0, 0, 0)
955.6253 	EXP 	responsel: foreColor = (0, 0, 0)
955.6420 	EXP 	responsel: foreColor = (0, 0, 0)
955.6587 	EXP 	responsel: foreColor = (0, 0, 0)
955.6754 	EXP 	responsel: foreColor = (0, 0, 0)
955.6920 	EXP 	responsel: foreColor = (0, 0, 0)
955.7087 	EXP 	responsel: foreColor = (0, 0, 0)
955.7253 	EXP 	responsel: foreColor = (0, 0, 0)
955.7420 	EXP 	responsel: foreColor = (0, 0, 0)
955.7587 	EXP 	responsel: foreColor = (0, 0, 0)
955.7753 	EXP 	responsel: foreColor = (0, 0, 0)
955.7920 	EXP 	responsel: foreColor = (0, 0, 0)
955.8087 	EXP 	responsel: foreColor = (0, 0, 0)
955.8254 	EXP 	responsel: foreColor = (0, 0, 0)
955.8420 	EXP 	responsel: foreColor = (0, 0, 0)
955.8586 	EXP 	responsel: foreColor = (0, 0, 0)
955.8753 	EXP 	responsel: foreColor = (0, 0, 0)
955.8920 	EXP 	responsel: foreColor = (0, 0, 0)
955.9087 	EXP 	responsel: foreColor = (0, 0, 0)
955.9253 	EXP 	responsel: foreColor = (0, 0, 0)
955.9420 	EXP 	responsel: foreColor = (0, 0, 0)
955.9586 	EXP 	responsel: foreColor = (0, 0, 0)
955.9754 	EXP 	responsel: foreColor = (0, 0, 0)
955.9920 	EXP 	responsel: foreColor = (0, 0, 0)
956.0087 	EXP 	responsel: foreColor = (0, 0, 0)
956.0254 	EXP 	responsel: foreColor = (0, 0, 0)
956.0420 	EXP 	responsel: foreColor = (0, 0, 0)
956.0587 	EXP 	responsel: foreColor = (0, 0, 0)
956.0753 	EXP 	responsel: foreColor = (0, 0, 0)
956.0920 	EXP 	responsel: foreColor = (0, 0, 0)
956.1087 	EXP 	responsel: foreColor = (0, 0, 0)
956.1253 	EXP 	responsel: foreColor = (0, 0, 0)
956.1420 	EXP 	responsel: foreColor = (0, 0, 0)
956.1587 	EXP 	responsel: foreColor = (0, 0, 0)
956.1754 	EXP 	responsel: foreColor = (0, 0, 0)
956.1920 	EXP 	responsel: foreColor = (0, 0, 0)
956.2087 	EXP 	responsel: foreColor = (0, 0, 0)
956.2253 	EXP 	responsel: foreColor = (0, 0, 0)
956.2420 	EXP 	responsel: foreColor = (0, 0, 0)
956.2587 	EXP 	responsel: foreColor = (0, 0, 0)
956.2753 	EXP 	responsel: foreColor = (0, 0, 0)
956.2920 	EXP 	responsel: foreColor = (0, 0, 0)
956.3086 	EXP 	responsel: foreColor = (0, 0, 0)
956.3254 	EXP 	responsel: foreColor = (0, 0, 0)
956.3420 	EXP 	responsel: foreColor = (0, 0, 0)
956.3587 	EXP 	responsel: foreColor = (0, 0, 0)
956.3754 	EXP 	responsel: foreColor = (0, 0, 0)
956.3920 	EXP 	responsel: foreColor = (0, 0, 0)
956.4087 	EXP 	responsel: foreColor = (0, 0, 0)
956.4254 	EXP 	responsel: foreColor = (0, 0, 0)
956.4420 	EXP 	responsel: foreColor = (0, 0, 0)
956.4587 	EXP 	responsel: foreColor = (0, 0, 0)
956.4754 	EXP 	responsel: foreColor = (0, 0, 0)
956.4920 	EXP 	responsel: foreColor = (0, 0, 0)
956.5087 	EXP 	responsel: foreColor = (0, 0, 0)
956.5087 	EXP 	thermode_locali_pic: autoDraw = False
956.5254 	EXP 	responsel: foreColor = (0, 0, 0)
956.5259 	EXP 	New trial (rep=3, index=0): None
956.5420 	EXP 	responsel: foreColor = (0, 0, 0)
956.5420 	EXP 	responsel: autoDraw = False
956.5420 	EXP 	percu_or: autoDraw = False
956.5420 	EXP 	responser: autoDraw = False
956.5420 	EXP 	thermode_locali_pic: autoDraw = False
956.5420 	EXP 	responsel: autoDraw = False
956.5420 	EXP 	percu_or: autoDraw = False
956.5420 	EXP 	responser: autoDraw = False
956.5420 	EXP 	responsel: foreColor = 'white'
956.5420 	EXP 	responser: foreColor = 'white'
956.5420 	EXP 	text_pic: autoDraw = True
956.5420 	EXP 	croix_3: autoDraw = True
961.5421 	EXP 	text_pic: autoDraw = False
961.5421 	EXP 	croix_3: autoDraw = False
961.5421 	EXP 	text_pic: autoDraw = False
961.5421 	EXP 	croix_3: autoDraw = False
961.5421 	EXP 	thermode_locali_pic: height = 0.02
961.5421 	EXP 	thermode_locali_pic: height = 0.02
961.5421 	EXP 	thermode_locali_pic: height = 0.02
961.5421 	EXP 	thermode_locali_pic: text = 'T : 3'
961.5421 	EXP 	responsel: text = 'NON              '
961.5421 	EXP 	thermode_locali_pic: autoDraw = True
969.5254 	EXP 	responsel: autoDraw = True
969.5254 	EXP 	percu_or: autoDraw = True
969.5254 	EXP 	responser: autoDraw = True
970.1599 	DATA 	Keypress: n
970.1921 	EXP 	responser: foreColor = (0, 0, 0)
970.2087 	EXP 	responser: foreColor = (0, 0, 0)
970.2254 	EXP 	responser: foreColor = (0, 0, 0)
970.2421 	EXP 	responser: foreColor = (0, 0, 0)
970.2587 	EXP 	responser: foreColor = (0, 0, 0)
970.2754 	EXP 	responser: foreColor = (0, 0, 0)
970.2921 	EXP 	responser: foreColor = (0, 0, 0)
970.3087 	EXP 	responser: foreColor = (0, 0, 0)
970.3254 	EXP 	responser: foreColor = (0, 0, 0)
970.3421 	EXP 	responser: foreColor = (0, 0, 0)
970.3587 	EXP 	responser: foreColor = (0, 0, 0)
970.3754 	EXP 	responser: foreColor = (0, 0, 0)
970.3921 	EXP 	responser: foreColor = (0, 0, 0)
970.4087 	EXP 	responser: foreColor = (0, 0, 0)
970.4254 	EXP 	responser: foreColor = (0, 0, 0)
970.4421 	EXP 	responser: foreColor = (0, 0, 0)
970.4588 	EXP 	responser: foreColor = (0, 0, 0)
970.4754 	EXP 	responser: foreColor = (0, 0, 0)
970.4921 	EXP 	responser: foreColor = (0, 0, 0)
970.5088 	EXP 	responser: foreColor = (0, 0, 0)
970.5254 	EXP 	responser: foreColor = (0, 0, 0)
970.5421 	EXP 	responser: foreColor = (0, 0, 0)
970.5588 	EXP 	responser: foreColor = (0, 0, 0)
970.5754 	EXP 	responser: foreColor = (0, 0, 0)
970.5921 	EXP 	responser: foreColor = (0, 0, 0)
970.6087 	EXP 	responser: foreColor = (0, 0, 0)
970.6254 	EXP 	responser: foreColor = (0, 0, 0)
970.6421 	EXP 	responser: foreColor = (0, 0, 0)
970.6588 	EXP 	responser: foreColor = (0, 0, 0)
970.6754 	EXP 	responser: foreColor = (0, 0, 0)
970.6921 	EXP 	responser: foreColor = (0, 0, 0)
970.7088 	EXP 	responser: foreColor = (0, 0, 0)
970.7254 	EXP 	responser: foreColor = (0, 0, 0)
970.7421 	EXP 	responser: foreColor = (0, 0, 0)
970.7587 	EXP 	responser: foreColor = (0, 0, 0)
970.7754 	EXP 	responser: foreColor = (0, 0, 0)
970.7921 	EXP 	responser: foreColor = (0, 0, 0)
970.8088 	EXP 	responser: foreColor = (0, 0, 0)
970.8254 	EXP 	responser: foreColor = (0, 0, 0)
970.8421 	EXP 	responser: foreColor = (0, 0, 0)
970.8588 	EXP 	responser: foreColor = (0, 0, 0)
970.8754 	EXP 	responser: foreColor = (0, 0, 0)
970.8921 	EXP 	responser: foreColor = (0, 0, 0)
970.9088 	EXP 	responser: foreColor = (0, 0, 0)
970.9254 	EXP 	responser: foreColor = (0, 0, 0)
970.9421 	EXP 	responser: foreColor = (0, 0, 0)
970.9588 	EXP 	responser: foreColor = (0, 0, 0)
970.9754 	EXP 	responser: foreColor = (0, 0, 0)
970.9921 	EXP 	responser: foreColor = (0, 0, 0)
971.0088 	EXP 	responser: foreColor = (0, 0, 0)
971.0254 	EXP 	responser: foreColor = (0, 0, 0)
971.0421 	EXP 	responser: foreColor = (0, 0, 0)
971.0588 	EXP 	responser: foreColor = (0, 0, 0)
971.0754 	EXP 	responser: foreColor = (0, 0, 0)
971.0921 	EXP 	responser: foreColor = (0, 0, 0)
971.1088 	EXP 	responser: foreColor = (0, 0, 0)
971.1254 	EXP 	responser: foreColor = (0, 0, 0)
971.1421 	EXP 	responser: foreColor = (0, 0, 0)
971.1588 	EXP 	responser: foreColor = (0, 0, 0)
971.1755 	EXP 	responser: foreColor = (0, 0, 0)
971.1921 	EXP 	responser: foreColor = (0, 0, 0)
971.2088 	EXP 	responser: foreColor = (0, 0, 0)
971.2254 	EXP 	responser: foreColor = (0, 0, 0)
971.2423 	EXP 	responser: foreColor = (0, 0, 0)
971.2589 	EXP 	responser: foreColor = (0, 0, 0)
971.2756 	EXP 	responser: foreColor = (0, 0, 0)
971.2923 	EXP 	responser: foreColor = (0, 0, 0)
971.3089 	EXP 	responser: foreColor = (0, 0, 0)
971.3254 	EXP 	responser: foreColor = (0, 0, 0)
971.3421 	EXP 	responser: foreColor = (0, 0, 0)
971.3588 	EXP 	responser: foreColor = (0, 0, 0)
971.3754 	EXP 	responser: foreColor = (0, 0, 0)
971.3921 	EXP 	responser: foreColor = (0, 0, 0)
971.4088 	EXP 	responser: foreColor = (0, 0, 0)
971.4254 	EXP 	responser: foreColor = (0, 0, 0)
971.4421 	EXP 	responser: foreColor = (0, 0, 0)
971.4588 	EXP 	responser: foreColor = (0, 0, 0)
971.4754 	EXP 	responser: foreColor = (0, 0, 0)
971.4921 	EXP 	responser: foreColor = (0, 0, 0)
971.5088 	EXP 	responser: foreColor = (0, 0, 0)
971.5255 	EXP 	responser: foreColor = (0, 0, 0)
971.5421 	EXP 	responser: foreColor = (0, 0, 0)
971.5588 	EXP 	responser: foreColor = (0, 0, 0)
971.5754 	EXP 	responser: foreColor = (0, 0, 0)
971.5921 	EXP 	responser: foreColor = (0, 0, 0)
971.6088 	EXP 	responser: foreColor = (0, 0, 0)
971.6254 	EXP 	responser: foreColor = (0, 0, 0)
971.6421 	EXP 	responser: foreColor = (0, 0, 0)
971.6588 	EXP 	responser: foreColor = (0, 0, 0)
971.6754 	EXP 	responser: foreColor = (0, 0, 0)
971.6921 	EXP 	responser: foreColor = (0, 0, 0)
971.7088 	EXP 	responser: foreColor = (0, 0, 0)
971.7254 	EXP 	responser: foreColor = (0, 0, 0)
971.7421 	EXP 	responser: foreColor = (0, 0, 0)
971.7588 	EXP 	responser: foreColor = (0, 0, 0)
971.7754 	EXP 	responser: foreColor = (0, 0, 0)
971.7921 	EXP 	responser: foreColor = (0, 0, 0)
971.8088 	EXP 	responser: foreColor = (0, 0, 0)
971.8254 	EXP 	responser: foreColor = (0, 0, 0)
971.8421 	EXP 	responser: foreColor = (0, 0, 0)
971.8589 	EXP 	responser: foreColor = (0, 0, 0)
971.8754 	EXP 	responser: foreColor = (0, 0, 0)
971.8921 	EXP 	responser: foreColor = (0, 0, 0)
971.9088 	EXP 	responser: foreColor = (0, 0, 0)
971.9254 	EXP 	responser: foreColor = (0, 0, 0)
971.9421 	EXP 	responser: foreColor = (0, 0, 0)
971.9588 	EXP 	responser: foreColor = (0, 0, 0)
971.9754 	EXP 	responser: foreColor = (0, 0, 0)
971.9921 	EXP 	responser: foreColor = (0, 0, 0)
972.0088 	EXP 	responser: foreColor = (0, 0, 0)
972.0254 	EXP 	responser: foreColor = (0, 0, 0)
972.0421 	EXP 	responser: foreColor = (0, 0, 0)
972.0588 	EXP 	responser: foreColor = (0, 0, 0)
972.0754 	EXP 	responser: foreColor = (0, 0, 0)
972.0921 	EXP 	responser: foreColor = (0, 0, 0)
972.1088 	EXP 	responser: foreColor = (0, 0, 0)
972.1254 	EXP 	responser: foreColor = (0, 0, 0)
972.1421 	EXP 	responser: foreColor = (0, 0, 0)
972.1588 	EXP 	responser: foreColor = (0, 0, 0)
972.1754 	EXP 	responser: foreColor = (0, 0, 0)
972.1921 	EXP 	responser: foreColor = (0, 0, 0)
972.2088 	EXP 	responser: foreColor = (0, 0, 0)
972.2254 	EXP 	responser: foreColor = (0, 0, 0)
972.2421 	EXP 	responser: foreColor = (0, 0, 0)
972.2588 	EXP 	responser: foreColor = (0, 0, 0)
972.2754 	EXP 	responser: foreColor = (0, 0, 0)
972.2921 	EXP 	responser: foreColor = (0, 0, 0)
972.3088 	EXP 	responser: foreColor = (0, 0, 0)
972.3254 	EXP 	responser: foreColor = (0, 0, 0)
972.3421 	EXP 	responser: foreColor = (0, 0, 0)
972.3588 	EXP 	responser: foreColor = (0, 0, 0)
972.3754 	EXP 	responser: foreColor = (0, 0, 0)
972.3921 	EXP 	responser: foreColor = (0, 0, 0)
972.4088 	EXP 	responser: foreColor = (0, 0, 0)
972.4254 	EXP 	responser: foreColor = (0, 0, 0)
972.4421 	EXP 	responser: foreColor = (0, 0, 0)
972.4588 	EXP 	responser: foreColor = (0, 0, 0)
972.4754 	EXP 	responser: foreColor = (0, 0, 0)
972.4921 	EXP 	responser: foreColor = (0, 0, 0)
972.4921 	EXP 	thermode_locali_pic: autoDraw = False
972.5088 	EXP 	responser: foreColor = (0, 0, 0)
972.5254 	EXP 	responser: foreColor = (0, 0, 0)
972.5254 	EXP 	responsel: autoDraw = False
972.5254 	EXP 	percu_or: autoDraw = False
972.5254 	EXP 	responser: autoDraw = False
972.5254 	EXP 	thermode_locali_pic: autoDraw = False
972.5254 	EXP 	responsel: autoDraw = False
972.5254 	EXP 	percu_or: autoDraw = False
972.5254 	EXP 	responser: autoDraw = False
972.5254 	EXP 	responsel: foreColor = 'white'
972.5254 	EXP 	responser: foreColor = 'white'
972.5254 	EXP 	text_3: autoDraw = True
989.9259 	EXP 	New trial (rep=1, index=0): None
989.9264 	DATA 	Keypress: p
989.9424 	EXP 	text_3: autoDraw = False
989.9424 	EXP 	text_4: autoDraw = True
990.6430 	DATA 	Keypress: p
990.6590 	EXP 	text_4: autoDraw = False
990.6590 	EXP 	text_7: autoDraw = True
991.1093 	EXP 	Created sequence: sequential, trialTypes=1, nReps=16, seed=None
991.1094 	EXP 	New trial (rep=0, index=0): None
991.1118 	DATA 	Keypress: p
991.1257 	EXP 	text_7: autoDraw = False
991.1257 	EXP 	text_2: autoDraw = True
991.1257 	EXP 	croix: autoDraw = True
996.1258 	EXP 	text_2: autoDraw = False
996.1258 	EXP 	croix: autoDraw = False
996.1258 	EXP 	text_2: autoDraw = False
996.1258 	EXP 	croix: autoDraw = False
996.1258 	EXP 	thermode_locali: autoDraw = True
1008.1097 	EXP 	window1: mouseVisible = True
1008.1106 	EXP 	Created unnamed Rect = Rect(__class__=<class 'psychopy.visual.rect.Rect'>, anchor=('center', 'center'), autoDraw=False, autoLog=True, closeShape=True, color=method-wrapper(...), colorSpace='rgb', contrast=None, depth=0, draggable=False, fillColor=array([1, 1, 1]), fillColorSpace='rgb', fillRGB=array([1, 1, 1]), interpolate=True, lineColor=array([1., 1., 1.]), lineColorSpace='rgb', lineRGB=array([1, 1, 1]), lineWidth=1.5, name='unnamed Rect', opacity=1.0, ori=0.0, pos=array([0., 0.]), size=array([0.01, 0.1 ]), units='norm', vertices=ndarray(...), win=Window(...))
1008.1107 	EXP 	window1: mouseVisible = True
1008.1108 	EXP 	window1: mouseVisible = True
1008.1115 	EXP 	window1: mouseVisible = True
1008.1139 	EXP 	window1: mouseVisible = True
1008.1164 	EXP 	window1: mouseVisible = True
1008.1165 	EXP 	window1: mouseVisible = True
1008.1167 	EXP 	window1: mouseVisible = True
1008.1168 	EXP 	window1: mouseVisible = True
1008.1170 	EXP 	window1: mouseVisible = True
1008.1171 	EXP 	window1: mouseVisible = True
1008.1172 	EXP 	window1: mouseVisible = True
1008.1174 	EXP 	window1: mouseVisible = True
1008.1175 	EXP 	window1: mouseVisible = True
1008.1176 	EXP 	window1: mouseVisible = True
1008.1178 	EXP 	window1: mouseVisible = True
1008.1179 	EXP 	window1: mouseVisible = True
1008.1180 	EXP 	window1: mouseVisible = True
1008.1182 	EXP 	window1: mouseVisible = True
1008.1183 	EXP 	window1: mouseVisible = True
1008.1184 	EXP 	window1: mouseVisible = True
1008.1186 	EXP 	window1: mouseVisible = True
1008.1187 	EXP 	window1: mouseVisible = True
1008.1188 	EXP 	window1: mouseVisible = True
1008.1189 	EXP 	window1: mouseVisible = True
1008.1191 	EXP 	window1: mouseVisible = True
1008.1192 	EXP 	window1: mouseVisible = True
1008.1193 	EXP 	window1: mouseVisible = True
1008.1195 	EXP 	window1: mouseVisible = True
1008.1196 	EXP 	window1: mouseVisible = True
1008.1197 	EXP 	window1: mouseVisible = True
1008.1198 	EXP 	window1: mouseVisible = True
1008.1200 	EXP 	window1: mouseVisible = True
1008.1201 	EXP 	window1: mouseVisible = True
1008.1202 	EXP 	window1: mouseVisible = True
1008.1203 	EXP 	window1: mouseVisible = True
1008.1205 	EXP 	window1: mouseVisible = True
1008.1206 	EXP 	window1: mouseVisible = True
1008.1207 	EXP 	window1: mouseVisible = True
1008.1209 	EXP 	window1: mouseVisible = True
1008.1210 	EXP 	window1: mouseVisible = True
1008.1212 	EXP 	window1: mouseVisible = True
1008.1213 	EXP 	window1: mouseVisible = True
1008.1214 	EXP 	window1: mouseVisible = True
1008.1215 	EXP 	window1: mouseVisible = True
1008.1217 	EXP 	window1: mouseVisible = True
1008.1218 	EXP 	window1: mouseVisible = True
1008.1220 	EXP 	window1: mouseVisible = True
1008.1221 	EXP 	window1: mouseVisible = True
1008.1222 	EXP 	window1: mouseVisible = True
1008.1223 	EXP 	window1: mouseVisible = True
1008.1225 	EXP 	window1: mouseVisible = True
1008.1226 	EXP 	window1: mouseVisible = True
1008.1227 	EXP 	window1: mouseVisible = True
1008.1229 	EXP 	window1: mouseVisible = True
1008.1230 	EXP 	window1: mouseVisible = True
1008.1231 	EXP 	window1: mouseVisible = True
1008.1232 	EXP 	window1: mouseVisible = True
1008.1234 	EXP 	window1: mouseVisible = True
1008.1235 	EXP 	window1: mouseVisible = True
1008.1236 	EXP 	window1: mouseVisible = True
1008.1237 	EXP 	window1: mouseVisible = True
1008.1239 	EXP 	window1: mouseVisible = True
1008.1240 	EXP 	window1: mouseVisible = True
1008.1241 	EXP 	window1: mouseVisible = True
1008.1242 	EXP 	window1: mouseVisible = True
1008.1244 	EXP 	window1: mouseVisible = True
1008.1245 	EXP 	window1: mouseVisible = True
1008.1246 	EXP 	window1: mouseVisible = True
1008.1247 	EXP 	window1: mouseVisible = True
1008.1249 	EXP 	window1: mouseVisible = True
1008.1250 	EXP 	window1: mouseVisible = True
1008.1252 	EXP 	window1: mouseVisible = True
1008.1253 	EXP 	window1: mouseVisible = True
1008.1254 	EXP 	window1: mouseVisible = True
1008.1255 	EXP 	window1: mouseVisible = True
1008.1257 	EXP 	window1: mouseVisible = True
1008.1258 	EXP 	window1: mouseVisible = True
1008.1259 	EXP 	window1: mouseVisible = True
1008.1261 	EXP 	window1: mouseVisible = True
1008.1262 	EXP 	window1: mouseVisible = True
1008.1263 	EXP 	window1: mouseVisible = True
1008.1264 	EXP 	window1: mouseVisible = True
1008.1266 	EXP 	window1: mouseVisible = True
1008.1267 	EXP 	window1: mouseVisible = True
1008.1268 	EXP 	window1: mouseVisible = True
1008.1269 	EXP 	window1: mouseVisible = True
1008.1271 	EXP 	window1: mouseVisible = True
1008.1272 	EXP 	window1: mouseVisible = True
1008.1273 	EXP 	window1: mouseVisible = True
1008.1274 	EXP 	window1: mouseVisible = True
1008.1276 	EXP 	window1: mouseVisible = True
1008.1277 	EXP 	window1: mouseVisible = True
1008.1278 	EXP 	window1: mouseVisible = True
1008.1279 	EXP 	window1: mouseVisible = True
1008.1281 	EXP 	window1: mouseVisible = True
1008.1282 	EXP 	window1: mouseVisible = True
1008.1283 	EXP 	window1: mouseVisible = True
1008.1284 	EXP 	window1: mouseVisible = True
1008.1286 	EXP 	window1: mouseVisible = True
1008.1287 	EXP 	window1: mouseVisible = True
1008.1288 	EXP 	window1: mouseVisible = True
1008.1290 	EXP 	window1: mouseVisible = True
1008.1291 	EXP 	window1: mouseVisible = True
1008.1292 	EXP 	window1: mouseVisible = True
1008.1324 	EXP 	Created ratingScale = RatingScale(__class__=type(...), acceptKeys=['return'], acceptPreText=UNKNOWN, acceptSize=UNKNOWN, acceptText=UNKNOWN, autoLog=True, choices=False, colorSpace='rgb', depth=0, disappear=False, flipVert=False, high=100, kwargs=UNKNOWN, labels=list(...), leftKeys=['left'], lineColor=(255, 255, 255), low=0, marker=Rect(...), markerColor=(255, 255, 255), markerExpansion=UNKNOWN, markerStart=0.5, maxTime=0.0, minTime=0.4, mouseOnly=False, name='ratingScale', noMouse=False, pos=[0.0, 0.0], precision=100, respKeys=[], rightKeys=['right'], scale=None, self=UNKNOWN, showAccept=False, showValue=False, singleClick=False, size=0.6, skipKeys=['tab'], stretch=2.0, textColor='white', textFont='Helvetica Bold', textSize=0.144, tickHeight=0, tickMarks=10.0, win=Window(...))
1008.1324 	EXP 	RatingScale ratingScale: reset()
1008.1345 	EXP 	window1: mouseVisible = False
1008.1425 	EXP 	thermode_locali: autoDraw = False
1008.1425 	EXP 	ratingScale: flipVert = False
1008.1425 	EXP 	ratingScale: autoLog = True
1008.1439 	EXP 	window1: mouseVisible = False
1008.1606 	EXP 	window1: mouseVisible = False
1008.1772 	EXP 	window1: mouseVisible = False
1008.1939 	EXP 	window1: mouseVisible = False
1008.2106 	EXP 	window1: mouseVisible = False
1008.2272 	EXP 	window1: mouseVisible = False
1008.2439 	EXP 	window1: mouseVisible = False
1008.2606 	EXP 	window1: mouseVisible = False
1008.2772 	EXP 	window1: mouseVisible = False
1008.2939 	EXP 	window1: mouseVisible = False
1008.3106 	EXP 	window1: mouseVisible = False
1008.3272 	EXP 	window1: mouseVisible = False
1008.3439 	EXP 	window1: mouseVisible = False
1008.3606 	EXP 	window1: mouseVisible = False
1008.3776 	EXP 	window1: mouseVisible = False
1008.3940 	EXP 	window1: mouseVisible = False
1008.4108 	EXP 	window1: mouseVisible = False
1008.4274 	EXP 	window1: mouseVisible = False
1008.4441 	EXP 	window1: mouseVisible = False
1008.4608 	EXP 	window1: mouseVisible = False
1008.4775 	EXP 	window1: mouseVisible = False
1008.4941 	EXP 	window1: mouseVisible = False
1008.5106 	EXP 	window1: mouseVisible = False
1008.5272 	EXP 	window1: mouseVisible = False
1008.5439 	EXP 	window1: mouseVisible = False
1008.5606 	EXP 	window1: mouseVisible = False
1008.5772 	EXP 	window1: mouseVisible = False
1008.5939 	EXP 	window1: mouseVisible = False
1008.6106 	EXP 	window1: mouseVisible = False
1008.6274 	EXP 	window1: mouseVisible = False
1008.6439 	EXP 	window1: mouseVisible = False
1008.6618 	EXP 	window1: mouseVisible = False
1008.6773 	EXP 	window1: mouseVisible = False
1008.6939 	EXP 	window1: mouseVisible = False
1008.7106 	EXP 	window1: mouseVisible = False
1008.7272 	EXP 	window1: mouseVisible = False
1008.7439 	EXP 	window1: mouseVisible = False
1008.7606 	EXP 	window1: mouseVisible = False
1008.7772 	EXP 	window1: mouseVisible = False
1008.7939 	EXP 	window1: mouseVisible = False
1008.8106 	EXP 	window1: mouseVisible = False
1008.8270 	DATA 	Keypress: n
1008.8275 	EXP 	window1: mouseVisible = False
1008.8439 	EXP 	window1: mouseVisible = False
1008.8606 	EXP 	window1: mouseVisible = False
1008.8772 	EXP 	window1: mouseVisible = False
1008.8939 	EXP 	window1: mouseVisible = False
1008.9106 	EXP 	window1: mouseVisible = False
1008.9274 	EXP 	window1: mouseVisible = False
1008.9439 	EXP 	window1: mouseVisible = False
1008.9606 	EXP 	window1: mouseVisible = False
1008.9773 	EXP 	window1: mouseVisible = False
1008.9939 	EXP 	window1: mouseVisible = False
1009.0106 	EXP 	window1: mouseVisible = False
1009.0272 	EXP 	window1: mouseVisible = False
1009.0439 	EXP 	window1: mouseVisible = False
1009.0607 	EXP 	window1: mouseVisible = False
1009.0772 	EXP 	window1: mouseVisible = False
1009.0939 	EXP 	window1: mouseVisible = False
1009.1106 	EXP 	window1: mouseVisible = False
1009.1272 	EXP 	window1: mouseVisible = False
1009.1439 	EXP 	window1: mouseVisible = False
1009.1606 	EXP 	window1: mouseVisible = False
1009.1772 	EXP 	window1: mouseVisible = False
1009.1939 	EXP 	window1: mouseVisible = False
1009.2106 	EXP 	window1: mouseVisible = False
1009.2272 	EXP 	window1: mouseVisible = False
1009.2439 	EXP 	window1: mouseVisible = False
1009.2606 	EXP 	window1: mouseVisible = False
1009.2773 	EXP 	window1: mouseVisible = False
1009.2939 	EXP 	window1: mouseVisible = False
1009.3107 	EXP 	window1: mouseVisible = False
1009.3272 	EXP 	window1: mouseVisible = False
1009.3442 	EXP 	window1: mouseVisible = False
1009.3608 	EXP 	window1: mouseVisible = False
1009.3773 	EXP 	window1: mouseVisible = False
1009.3940 	EXP 	window1: mouseVisible = False
1009.4106 	EXP 	window1: mouseVisible = False
1009.4273 	EXP 	window1: mouseVisible = False
1009.4439 	EXP 	window1: mouseVisible = False
1009.4607 	EXP 	window1: mouseVisible = False
1009.4773 	EXP 	window1: mouseVisible = False
1009.4940 	EXP 	window1: mouseVisible = False
1009.5106 	EXP 	window1: mouseVisible = False
1009.5273 	EXP 	window1: mouseVisible = False
1009.5439 	EXP 	window1: mouseVisible = False
1009.5607 	EXP 	window1: mouseVisible = False
1009.5773 	EXP 	window1: mouseVisible = False
1009.5940 	EXP 	window1: mouseVisible = False
1009.6106 	EXP 	window1: mouseVisible = False
1009.6273 	EXP 	window1: mouseVisible = False
1009.6439 	EXP 	window1: mouseVisible = False
1009.6607 	EXP 	window1: mouseVisible = False
1009.6776 	EXP 	window1: mouseVisible = False
1009.6941 	EXP 	window1: mouseVisible = False
1009.7108 	EXP 	window1: mouseVisible = False
1009.7276 	EXP 	window1: mouseVisible = False
1009.7442 	EXP 	window1: mouseVisible = False
1009.7609 	EXP 	window1: mouseVisible = False
1009.7775 	EXP 	window1: mouseVisible = False
1009.7942 	EXP 	window1: mouseVisible = False
1009.8108 	EXP 	window1: mouseVisible = False
1009.8275 	EXP 	window1: mouseVisible = False
1009.8441 	EXP 	window1: mouseVisible = False
1009.8607 	EXP 	window1: mouseVisible = False
1009.8773 	EXP 	window1: mouseVisible = False
1009.8942 	EXP 	window1: mouseVisible = False
1009.9106 	EXP 	window1: mouseVisible = False
1009.9273 	EXP 	window1: mouseVisible = False
1009.9442 	EXP 	window1: mouseVisible = False
1009.9606 	EXP 	window1: mouseVisible = False
1009.9773 	EXP 	window1: mouseVisible = False
1009.9940 	EXP 	window1: mouseVisible = False
1010.0106 	EXP 	window1: mouseVisible = False
1010.0275 	EXP 	window1: mouseVisible = False
1010.0441 	EXP 	window1: mouseVisible = False
1010.0607 	EXP 	window1: mouseVisible = False
1010.0773 	EXP 	window1: mouseVisible = False
1010.0940 	EXP 	window1: mouseVisible = False
1010.1106 	EXP 	window1: mouseVisible = False
1010.1273 	EXP 	window1: mouseVisible = False
1010.1442 	EXP 	window1: mouseVisible = False
1010.1607 	EXP 	window1: mouseVisible = False
1010.1773 	EXP 	window1: mouseVisible = False
1010.1941 	EXP 	window1: mouseVisible = False
1010.2110 	EXP 	window1: mouseVisible = False
1010.2275 	EXP 	window1: mouseVisible = False
1010.2441 	EXP 	window1: mouseVisible = False
1010.2608 	EXP 	window1: mouseVisible = False
1010.2772 	EXP 	window1: mouseVisible = False
1010.2940 	EXP 	window1: mouseVisible = False
1010.3106 	EXP 	window1: mouseVisible = False
1010.3273 	EXP 	window1: mouseVisible = False
1010.3439 	EXP 	window1: mouseVisible = False
1010.3606 	EXP 	window1: mouseVisible = False
1010.3773 	EXP 	window1: mouseVisible = False
1010.3941 	EXP 	window1: mouseVisible = False
1010.4106 	EXP 	window1: mouseVisible = False
1010.4268 	DATA 	Keypress: n
1010.4274 	EXP 	window1: mouseVisible = False
1010.4440 	EXP 	window1: mouseVisible = False
1010.4606 	EXP 	window1: mouseVisible = False
1010.4772 	EXP 	window1: mouseVisible = False
1010.4939 	EXP 	window1: mouseVisible = False
1010.5107 	EXP 	window1: mouseVisible = False
1010.5273 	EXP 	window1: mouseVisible = False
1010.5440 	EXP 	window1: mouseVisible = False
1010.5607 	EXP 	window1: mouseVisible = False
1010.5774 	EXP 	window1: mouseVisible = False
1010.5940 	EXP 	window1: mouseVisible = False
1010.6106 	EXP 	window1: mouseVisible = False
1010.6272 	EXP 	window1: mouseVisible = False
1010.6439 	EXP 	window1: mouseVisible = False
1010.6606 	EXP 	window1: mouseVisible = False
1010.6773 	EXP 	window1: mouseVisible = False
1010.6935 	DATA 	Keypress: n
1010.6941 	EXP 	window1: mouseVisible = False
1010.7106 	EXP 	window1: mouseVisible = False
1010.7273 	EXP 	window1: mouseVisible = False
1010.7441 	EXP 	window1: mouseVisible = False
1010.7606 	EXP 	window1: mouseVisible = False
1010.7773 	EXP 	window1: mouseVisible = False
1010.7941 	EXP 	window1: mouseVisible = False
1010.8106 	EXP 	window1: mouseVisible = False
1010.8273 	EXP 	window1: mouseVisible = False
1010.8439 	EXP 	window1: mouseVisible = False
1010.8606 	EXP 	window1: mouseVisible = False
1010.8773 	EXP 	window1: mouseVisible = False
1010.8939 	EXP 	window1: mouseVisible = False
1010.9106 	EXP 	window1: mouseVisible = False
1010.9272 	EXP 	window1: mouseVisible = False
1010.9441 	EXP 	window1: mouseVisible = False
1010.9606 	EXP 	window1: mouseVisible = False
1010.9773 	EXP 	window1: mouseVisible = False
1010.9939 	EXP 	window1: mouseVisible = False
1011.0106 	EXP 	window1: mouseVisible = False
1011.0273 	EXP 	window1: mouseVisible = False
1011.0441 	EXP 	window1: mouseVisible = False
1011.0606 	EXP 	window1: mouseVisible = False
1011.0773 	EXP 	window1: mouseVisible = False
1011.0939 	EXP 	window1: mouseVisible = False
1011.1102 	DATA 	Keypress: m
1011.1107 	EXP 	window1: mouseVisible = False
1011.1273 	EXP 	window1: mouseVisible = False
1011.1439 	EXP 	window1: mouseVisible = False
1011.1606 	EXP 	window1: mouseVisible = False
1011.1773 	EXP 	window1: mouseVisible = False
1011.1939 	EXP 	window1: mouseVisible = False
1011.2106 	EXP 	window1: mouseVisible = False
1011.2273 	EXP 	window1: mouseVisible = False
1011.2440 	EXP 	window1: mouseVisible = False
1011.2608 	EXP 	window1: mouseVisible = False
1011.2773 	EXP 	window1: mouseVisible = False
1011.2939 	EXP 	window1: mouseVisible = False
1011.3106 	EXP 	window1: mouseVisible = False
1011.3272 	EXP 	window1: mouseVisible = False
1011.3440 	EXP 	window1: mouseVisible = False
1011.3606 	EXP 	window1: mouseVisible = False
1011.3773 	EXP 	window1: mouseVisible = False
1011.3939 	EXP 	window1: mouseVisible = False
1011.4106 	EXP 	window1: mouseVisible = False
1011.4276 	DATA 	Keypress: space
1011.5285 	EXP 	New trial (rep=1, index=0): None
1011.5426 	EXP 	main_text: autoDraw = True
1011.5426 	EXP 	confirm_text: autoDraw = True
1011.5426 	EXP 	ratingScale: autoDraw = False
1011.5426 	EXP 	main_text: autoDraw = False
1011.5426 	EXP 	confirm_text: autoDraw = False
1011.5426 	EXP 	text_2: autoDraw = True
1011.5426 	EXP 	croix: autoDraw = True
1016.5427 	EXP 	text_2: autoDraw = False
1016.5427 	EXP 	croix: autoDraw = False
1016.5427 	EXP 	text_2: autoDraw = False
1016.5427 	EXP 	croix: autoDraw = False
1016.5427 	EXP 	thermode_locali: autoDraw = True
1028.5266 	EXP 	window1: mouseVisible = True
1028.5276 	EXP 	Created unnamed Rect = Rect(__class__=<class 'psychopy.visual.rect.Rect'>, anchor=('center', 'center'), autoDraw=False, autoLog=True, closeShape=True, color=method-wrapper(...), colorSpace='rgb', contrast=None, depth=0, draggable=False, fillColor=array([1, 1, 1]), fillColorSpace='rgb', fillRGB=array([1, 1, 1]), interpolate=True, lineColor=array([1., 1., 1.]), lineColorSpace='rgb', lineRGB=array([1, 1, 1]), lineWidth=1.5, name='unnamed Rect', opacity=1.0, ori=0.0, pos=array([0., 0.]), size=array([0.01, 0.1 ]), units='norm', vertices=ndarray(...), win=Window(...))
1028.5277 	EXP 	window1: mouseVisible = True
1028.5278 	EXP 	window1: mouseVisible = True
1028.5284 	EXP 	window1: mouseVisible = True
1028.5295 	EXP 	window1: mouseVisible = True
1028.5307 	EXP 	window1: mouseVisible = True
1028.5308 	EXP 	window1: mouseVisible = True
1028.5310 	EXP 	window1: mouseVisible = True
1028.5311 	EXP 	window1: mouseVisible = True
1028.5313 	EXP 	window1: mouseVisible = True
1028.5314 	EXP 	window1: mouseVisible = True
1028.5315 	EXP 	window1: mouseVisible = True
1028.5317 	EXP 	window1: mouseVisible = True
1028.5318 	EXP 	window1: mouseVisible = True
1028.5319 	EXP 	window1: mouseVisible = True
1028.5320 	EXP 	window1: mouseVisible = True
1028.5322 	EXP 	window1: mouseVisible = True
1028.5323 	EXP 	window1: mouseVisible = True
1028.5324 	EXP 	window1: mouseVisible = True
1028.5325 	EXP 	window1: mouseVisible = True
1028.5327 	EXP 	window1: mouseVisible = True
1028.5329 	EXP 	window1: mouseVisible = True
1028.5330 	EXP 	window1: mouseVisible = True
1028.5332 	EXP 	window1: mouseVisible = True
1028.5333 	EXP 	window1: mouseVisible = True
1028.5334 	EXP 	window1: mouseVisible = True
1028.5336 	EXP 	window1: mouseVisible = True
1028.5337 	EXP 	window1: mouseVisible = True
1028.5338 	EXP 	window1: mouseVisible = True
1028.5340 	EXP 	window1: mouseVisible = True
1028.5341 	EXP 	window1: mouseVisible = True
1028.5342 	EXP 	window1: mouseVisible = True
1028.5343 	EXP 	window1: mouseVisible = True
1028.5345 	EXP 	window1: mouseVisible = True
1028.5346 	EXP 	window1: mouseVisible = True
1028.5347 	EXP 	window1: mouseVisible = True
1028.5348 	EXP 	window1: mouseVisible = True
1028.5350 	EXP 	window1: mouseVisible = True
1028.5351 	EXP 	window1: mouseVisible = True
1028.5352 	EXP 	window1: mouseVisible = True
1028.5354 	EXP 	window1: mouseVisible = True
1028.5355 	EXP 	window1: mouseVisible = True
1028.5356 	EXP 	window1: mouseVisible = True
1028.5358 	EXP 	window1: mouseVisible = True
1028.5359 	EXP 	window1: mouseVisible = True
1028.5360 	EXP 	window1: mouseVisible = True
1028.5361 	EXP 	window1: mouseVisible = True
1028.5363 	EXP 	window1: mouseVisible = True
1028.5364 	EXP 	window1: mouseVisible = True
1028.5365 	EXP 	window1: mouseVisible = True
1028.5366 	EXP 	window1: mouseVisible = True
1028.5367 	EXP 	window1: mouseVisible = True
1028.5369 	EXP 	window1: mouseVisible = True
1028.5370 	EXP 	window1: mouseVisible = True
1028.5372 	EXP 	window1: mouseVisible = True
1028.5373 	EXP 	window1: mouseVisible = True
1028.5374 	EXP 	window1: mouseVisible = True
1028.5375 	EXP 	window1: mouseVisible = True
1028.5377 	EXP 	window1: mouseVisible = True
1028.5378 	EXP 	window1: mouseVisible = True
1028.5379 	EXP 	window1: mouseVisible = True
1028.5381 	EXP 	window1: mouseVisible = True
1028.5382 	EXP 	window1: mouseVisible = True
1028.5383 	EXP 	window1: mouseVisible = True
1028.5384 	EXP 	window1: mouseVisible = True
1028.5386 	EXP 	window1: mouseVisible = True
1028.5389 	EXP 	window1: mouseVisible = True
1028.5392 	EXP 	window1: mouseVisible = True
1028.5393 	EXP 	window1: mouseVisible = True
1028.5395 	EXP 	window1: mouseVisible = True
1028.5396 	EXP 	window1: mouseVisible = True
1028.5397 	EXP 	window1: mouseVisible = True
1028.5399 	EXP 	window1: mouseVisible = True
1028.5400 	EXP 	window1: mouseVisible = True
1028.5401 	EXP 	window1: mouseVisible = True
1028.5403 	EXP 	window1: mouseVisible = True
1028.5404 	EXP 	window1: mouseVisible = True
1028.5405 	EXP 	window1: mouseVisible = True
1028.5407 	EXP 	window1: mouseVisible = True
1028.5408 	EXP 	window1: mouseVisible = True
1028.5409 	EXP 	window1: mouseVisible = True
1028.5411 	EXP 	window1: mouseVisible = True
1028.5412 	EXP 	window1: mouseVisible = True
1028.5414 	EXP 	window1: mouseVisible = True
1028.5415 	EXP 	window1: mouseVisible = True
1028.5416 	EXP 	window1: mouseVisible = True
1028.5417 	EXP 	window1: mouseVisible = True
1028.5419 	EXP 	window1: mouseVisible = True
1028.5420 	EXP 	window1: mouseVisible = True
1028.5421 	EXP 	window1: mouseVisible = True
1028.5423 	EXP 	window1: mouseVisible = True
1028.5424 	EXP 	window1: mouseVisible = True
1028.5425 	EXP 	window1: mouseVisible = True
1028.5426 	EXP 	window1: mouseVisible = True
1028.5428 	EXP 	window1: mouseVisible = True
1028.5429 	EXP 	window1: mouseVisible = True
1028.5430 	EXP 	window1: mouseVisible = True
1028.5432 	EXP 	window1: mouseVisible = True
1028.5433 	EXP 	window1: mouseVisible = True
1028.5434 	EXP 	window1: mouseVisible = True
1028.5435 	EXP 	window1: mouseVisible = True
1028.5437 	EXP 	window1: mouseVisible = True
1028.5438 	EXP 	window1: mouseVisible = True
1028.5439 	EXP 	window1: mouseVisible = True
1028.5440 	EXP 	window1: mouseVisible = True
1028.5461 	EXP 	Created ratingScale = RatingScale(__class__=type(...), acceptKeys=['return'], acceptPreText=UNKNOWN, acceptSize=UNKNOWN, acceptText=UNKNOWN, autoLog=True, choices=False, colorSpace='rgb', depth=0, disappear=False, flipVert=False, high=100, kwargs=UNKNOWN, labels=list(...), leftKeys=['left'], lineColor=(255, 255, 255), low=0, marker=Rect(...), markerColor=(255, 255, 255), markerExpansion=UNKNOWN, markerStart=0.5, maxTime=0.0, minTime=0.4, mouseOnly=False, name='ratingScale', noMouse=False, pos=[0.0, 0.0], precision=100, respKeys=[], rightKeys=['right'], scale=None, self=UNKNOWN, showAccept=False, showValue=False, singleClick=False, size=0.6, skipKeys=['tab'], stretch=2.0, textColor='white', textFont='Helvetica Bold', textSize=0.144, tickHeight=0, tickMarks=10.0, win=Window(...))
1028.5461 	EXP 	RatingScale ratingScale: reset()
1028.5482 	EXP 	window1: mouseVisible = False
1028.5595 	EXP 	thermode_locali: autoDraw = False
1028.5595 	EXP 	thermode_locali: autoDraw = False
1028.5595 	EXP 	ratingScale: flipVert = False
1028.5595 	EXP 	ratingScale: autoLog = True
1028.5610 	EXP 	window1: mouseVisible = False
1028.5776 	EXP 	window1: mouseVisible = False
1028.5943 	EXP 	window1: mouseVisible = False
1028.6110 	EXP 	window1: mouseVisible = False
1028.6276 	EXP 	window1: mouseVisible = False
1028.6442 	EXP 	window1: mouseVisible = False
1028.6609 	EXP 	window1: mouseVisible = False
1028.6777 	EXP 	window1: mouseVisible = False
1028.6943 	EXP 	window1: mouseVisible = False
1028.7109 	EXP 	window1: mouseVisible = False
1028.7276 	EXP 	window1: mouseVisible = False
1028.7443 	EXP 	window1: mouseVisible = False
1028.7609 	EXP 	window1: mouseVisible = False
1028.7776 	EXP 	window1: mouseVisible = False
1028.7944 	EXP 	window1: mouseVisible = False
1028.8109 	EXP 	window1: mouseVisible = False
1028.8276 	EXP 	window1: mouseVisible = False
1028.8443 	EXP 	window1: mouseVisible = False
1028.8609 	EXP 	window1: mouseVisible = False
1028.8776 	EXP 	window1: mouseVisible = False
1028.8942 	EXP 	window1: mouseVisible = False
1028.9109 	EXP 	window1: mouseVisible = False
1028.9276 	EXP 	window1: mouseVisible = False
1028.9443 	EXP 	window1: mouseVisible = False
1028.9609 	EXP 	window1: mouseVisible = False
1028.9775 	EXP 	window1: mouseVisible = False
1028.9943 	EXP 	window1: mouseVisible = False
1029.0109 	EXP 	window1: mouseVisible = False
1029.0276 	EXP 	window1: mouseVisible = False
1029.0443 	EXP 	window1: mouseVisible = False
1029.0609 	EXP 	window1: mouseVisible = False
1029.0776 	EXP 	window1: mouseVisible = False
1029.0945 	EXP 	window1: mouseVisible = False
1029.1110 	EXP 	window1: mouseVisible = False
1029.1278 	EXP 	window1: mouseVisible = False
1029.1445 	EXP 	window1: mouseVisible = False
1029.1611 	EXP 	window1: mouseVisible = False
1029.1777 	EXP 	window1: mouseVisible = False
1029.1944 	EXP 	window1: mouseVisible = False
1029.2109 	EXP 	window1: mouseVisible = False
1029.2276 	EXP 	window1: mouseVisible = False
1029.2446 	EXP 	window1: mouseVisible = False
1029.2609 	EXP 	window1: mouseVisible = False
1029.2776 	EXP 	window1: mouseVisible = False
1029.2943 	EXP 	window1: mouseVisible = False
1029.3109 	EXP 	window1: mouseVisible = False
1029.3276 	EXP 	window1: mouseVisible = False
1029.3443 	EXP 	window1: mouseVisible = False
1029.3609 	EXP 	window1: mouseVisible = False
1029.3776 	EXP 	window1: mouseVisible = False
1029.3942 	EXP 	window1: mouseVisible = False
1029.4109 	EXP 	window1: mouseVisible = False
1029.4276 	EXP 	window1: mouseVisible = False
1029.4442 	EXP 	window1: mouseVisible = False
1029.4609 	EXP 	window1: mouseVisible = False
1029.4776 	EXP 	window1: mouseVisible = False
1029.4939 	DATA 	Keypress: m
1029.4944 	EXP 	window1: mouseVisible = False
1029.5110 	EXP 	window1: mouseVisible = False
1029.5276 	EXP 	window1: mouseVisible = False
1029.5442 	EXP 	window1: mouseVisible = False
1029.5609 	EXP 	window1: mouseVisible = False
1029.5776 	EXP 	window1: mouseVisible = False
1029.5943 	EXP 	window1: mouseVisible = False
1029.6109 	EXP 	window1: mouseVisible = False
1029.6276 	EXP 	window1: mouseVisible = False
1029.6443 	EXP 	window1: mouseVisible = False
1029.6608 	EXP 	window1: mouseVisible = False
1029.6776 	EXP 	window1: mouseVisible = False
1029.6943 	EXP 	window1: mouseVisible = False
1029.7109 	EXP 	window1: mouseVisible = False
1029.7276 	EXP 	window1: mouseVisible = False
1029.7443 	EXP 	window1: mouseVisible = False
1029.7609 	EXP 	window1: mouseVisible = False
1029.7777 	EXP 	window1: mouseVisible = False
1029.7943 	EXP 	window1: mouseVisible = False
1029.8109 	EXP 	window1: mouseVisible = False
1029.8276 	EXP 	window1: mouseVisible = False
1029.8443 	EXP 	window1: mouseVisible = False
1029.8609 	EXP 	window1: mouseVisible = False
1029.8776 	EXP 	window1: mouseVisible = False
1029.8943 	EXP 	window1: mouseVisible = False
1029.9109 	EXP 	window1: mouseVisible = False
1029.9276 	EXP 	window1: mouseVisible = False
1029.9443 	EXP 	window1: mouseVisible = False
1029.9609 	EXP 	window1: mouseVisible = False
1029.9776 	EXP 	window1: mouseVisible = False
1029.9943 	EXP 	window1: mouseVisible = False
1030.0111 	EXP 	window1: mouseVisible = False
1030.0276 	EXP 	window1: mouseVisible = False
1030.0443 	EXP 	window1: mouseVisible = False
1030.0610 	EXP 	window1: mouseVisible = False
1030.0776 	EXP 	window1: mouseVisible = False
1030.0943 	EXP 	window1: mouseVisible = False
1030.1110 	EXP 	window1: mouseVisible = False
1030.1280 	EXP 	window1: mouseVisible = False
1030.1444 	EXP 	window1: mouseVisible = False
1030.1611 	EXP 	window1: mouseVisible = False
1030.1777 	EXP 	window1: mouseVisible = False
1030.1945 	EXP 	window1: mouseVisible = False
1030.2111 	EXP 	window1: mouseVisible = False
1030.2277 	EXP 	window1: mouseVisible = False
1030.2443 	EXP 	window1: mouseVisible = False
1030.2610 	EXP 	window1: mouseVisible = False
1030.2776 	EXP 	window1: mouseVisible = False
1030.2943 	EXP 	window1: mouseVisible = False
1030.3109 	EXP 	window1: mouseVisible = False
1030.3277 	EXP 	window1: mouseVisible = False
1030.3443 	EXP 	window1: mouseVisible = False
1030.3610 	EXP 	window1: mouseVisible = False
1030.3776 	EXP 	window1: mouseVisible = False
1030.3943 	EXP 	window1: mouseVisible = False
1030.4110 	EXP 	window1: mouseVisible = False
1030.4278 	EXP 	window1: mouseVisible = False
1030.4444 	EXP 	window1: mouseVisible = False
1030.4610 	EXP 	window1: mouseVisible = False
1030.4776 	EXP 	window1: mouseVisible = False
1030.4943 	EXP 	window1: mouseVisible = False
1030.5109 	EXP 	window1: mouseVisible = False
1030.5277 	EXP 	window1: mouseVisible = False
1030.5443 	EXP 	window1: mouseVisible = False
1030.5610 	EXP 	window1: mouseVisible = False
1030.5779 	EXP 	window1: mouseVisible = False
1030.5945 	EXP 	window1: mouseVisible = False
1030.6110 	EXP 	window1: mouseVisible = False
1030.6276 	EXP 	window1: mouseVisible = False
1030.6443 	EXP 	window1: mouseVisible = False
1030.6610 	EXP 	window1: mouseVisible = False
1030.6777 	EXP 	window1: mouseVisible = False
1030.6943 	EXP 	window1: mouseVisible = False
1030.7109 	EXP 	window1: mouseVisible = False
1030.7276 	EXP 	window1: mouseVisible = False
1030.7443 	EXP 	window1: mouseVisible = False
1030.7609 	EXP 	window1: mouseVisible = False
1030.7778 	EXP 	window1: mouseVisible = False
1030.7942 	EXP 	window1: mouseVisible = False
1030.8110 	EXP 	window1: mouseVisible = False
1030.8276 	EXP 	window1: mouseVisible = False
1030.8443 	EXP 	window1: mouseVisible = False
1030.8609 	EXP 	window1: mouseVisible = False
1030.8776 	EXP 	window1: mouseVisible = False
1030.8942 	EXP 	window1: mouseVisible = False
1030.9112 	EXP 	window1: mouseVisible = False
1030.9278 	EXP 	window1: mouseVisible = False
1030.9442 	EXP 	window1: mouseVisible = False
1030.9610 	EXP 	window1: mouseVisible = False
1030.9776 	EXP 	window1: mouseVisible = False
1030.9943 	EXP 	window1: mouseVisible = False
1031.0105 	DATA 	Keypress: m
1031.0111 	EXP 	window1: mouseVisible = False
1031.0277 	EXP 	window1: mouseVisible = False
1031.0443 	EXP 	window1: mouseVisible = False
1031.0610 	EXP 	window1: mouseVisible = False
1031.0776 	EXP 	window1: mouseVisible = False
1031.0943 	EXP 	window1: mouseVisible = False
1031.1109 	EXP 	window1: mouseVisible = False
1031.1278 	EXP 	window1: mouseVisible = False
1031.1444 	EXP 	window1: mouseVisible = False
1031.1610 	EXP 	window1: mouseVisible = False
1031.1777 	EXP 	window1: mouseVisible = False
1031.1943 	EXP 	window1: mouseVisible = False
1031.2110 	EXP 	window1: mouseVisible = False
1031.2276 	EXP 	window1: mouseVisible = False
1031.2444 	EXP 	window1: mouseVisible = False
1031.2610 	EXP 	window1: mouseVisible = False
1031.2777 	EXP 	window1: mouseVisible = False
1031.2943 	EXP 	window1: mouseVisible = False
1031.3113 	EXP 	window1: mouseVisible = False
1031.3277 	EXP 	window1: mouseVisible = False
1031.3443 	EXP 	window1: mouseVisible = False
1031.3610 	EXP 	window1: mouseVisible = False
1031.3776 	EXP 	window1: mouseVisible = False
1031.3943 	EXP 	window1: mouseVisible = False
1031.4110 	EXP 	window1: mouseVisible = False
1031.4276 	EXP 	window1: mouseVisible = False
1031.4443 	EXP 	window1: mouseVisible = False
1031.4609 	EXP 	window1: mouseVisible = False
1031.4776 	EXP 	window1: mouseVisible = False
1031.4944 	EXP 	window1: mouseVisible = False
1031.5110 	EXP 	window1: mouseVisible = False
1031.5276 	EXP 	window1: mouseVisible = False
1031.5445 	EXP 	window1: mouseVisible = False
1031.5610 	EXP 	window1: mouseVisible = False
1031.5776 	EXP 	window1: mouseVisible = False
1031.5943 	EXP 	window1: mouseVisible = False
1031.6110 	EXP 	window1: mouseVisible = False
1031.6277 	EXP 	window1: mouseVisible = False
1031.6444 	EXP 	window1: mouseVisible = False
1031.6610 	EXP 	window1: mouseVisible = False
1031.6776 	EXP 	window1: mouseVisible = False
1031.6943 	EXP 	window1: mouseVisible = False
1031.7109 	EXP 	window1: mouseVisible = False
1031.7276 	EXP 	window1: mouseVisible = False
1031.7443 	EXP 	window1: mouseVisible = False
1031.7609 	EXP 	window1: mouseVisible = False
1031.7776 	EXP 	window1: mouseVisible = False
1031.7943 	EXP 	window1: mouseVisible = False
1031.8110 	EXP 	window1: mouseVisible = False
1031.8276 	EXP 	window1: mouseVisible = False
1031.8444 	EXP 	window1: mouseVisible = False
1031.8610 	EXP 	window1: mouseVisible = False
1031.8776 	EXP 	window1: mouseVisible = False
1031.8943 	EXP 	window1: mouseVisible = False
1031.9109 	EXP 	window1: mouseVisible = False
1031.9276 	EXP 	window1: mouseVisible = False
1031.9443 	EXP 	window1: mouseVisible = False
1031.9609 	EXP 	window1: mouseVisible = False
1031.9776 	EXP 	window1: mouseVisible = False
1031.9943 	EXP 	window1: mouseVisible = False
1032.0109 	EXP 	window1: mouseVisible = False
1032.0276 	EXP 	window1: mouseVisible = False
1032.0443 	EXP 	window1: mouseVisible = False
1032.0610 	EXP 	window1: mouseVisible = False
1032.0777 	EXP 	window1: mouseVisible = False
1032.0949 	DATA 	Keypress: space
1032.1959 	EXP 	New trial (rep=2, index=0): None
1032.2096 	EXP 	main_text: autoDraw = True
1032.2096 	EXP 	confirm_text: autoDraw = True
1032.2096 	EXP 	ratingScale: autoDraw = False
1032.2096 	EXP 	main_text: autoDraw = False
1032.2096 	EXP 	confirm_text: autoDraw = False
1032.2096 	EXP 	text_2: autoDraw = True
1032.2096 	EXP 	croix: autoDraw = True
1037.2096 	EXP 	text_2: autoDraw = False
1037.2096 	EXP 	croix: autoDraw = False
1037.2096 	EXP 	text_2: autoDraw = False
1037.2096 	EXP 	croix: autoDraw = False
1037.2096 	EXP 	thermode_locali: autoDraw = True
1049.1935 	EXP 	window1: mouseVisible = True
1049.1944 	EXP 	Created unnamed Rect = Rect(__class__=<class 'psychopy.visual.rect.Rect'>, anchor=('center', 'center'), autoDraw=False, autoLog=True, closeShape=True, color=method-wrapper(...), colorSpace='rgb', contrast=None, depth=0, draggable=False, fillColor=array([1, 1, 1]), fillColorSpace='rgb', fillRGB=array([1, 1, 1]), interpolate=True, lineColor=array([1., 1., 1.]), lineColorSpace='rgb', lineRGB=array([1, 1, 1]), lineWidth=1.5, name='unnamed Rect', opacity=1.0, ori=0.0, pos=array([0., 0.]), size=array([0.01, 0.1 ]), units='norm', vertices=ndarray(...), win=Window(...))
1049.1944 	EXP 	window1: mouseVisible = True
1049.1946 	EXP 	window1: mouseVisible = True
1049.1950 	EXP 	window1: mouseVisible = True
1049.1963 	EXP 	window1: mouseVisible = True
1049.1973 	EXP 	window1: mouseVisible = True
1049.1975 	EXP 	window1: mouseVisible = True
1049.1976 	EXP 	window1: mouseVisible = True
1049.1978 	EXP 	window1: mouseVisible = True
1049.1979 	EXP 	window1: mouseVisible = True
1049.1980 	EXP 	window1: mouseVisible = True
1049.1982 	EXP 	window1: mouseVisible = True
1049.1983 	EXP 	window1: mouseVisible = True
1049.1984 	EXP 	window1: mouseVisible = True
1049.1986 	EXP 	window1: mouseVisible = True
1049.1991 	EXP 	window1: mouseVisible = True
1049.1993 	EXP 	window1: mouseVisible = True
1049.1994 	EXP 	window1: mouseVisible = True
1049.1995 	EXP 	window1: mouseVisible = True
1049.1997 	EXP 	window1: mouseVisible = True
1049.1998 	EXP 	window1: mouseVisible = True
1049.2000 	EXP 	window1: mouseVisible = True
1049.2001 	EXP 	window1: mouseVisible = True
1049.2002 	EXP 	window1: mouseVisible = True
1049.2004 	EXP 	window1: mouseVisible = True
1049.2005 	EXP 	window1: mouseVisible = True
1049.2006 	EXP 	window1: mouseVisible = True
1049.2008 	EXP 	window1: mouseVisible = True
1049.2009 	EXP 	window1: mouseVisible = True
1049.2010 	EXP 	window1: mouseVisible = True
1049.2011 	EXP 	window1: mouseVisible = True
1049.2013 	EXP 	window1: mouseVisible = True
1049.2014 	EXP 	window1: mouseVisible = True
1049.2015 	EXP 	window1: mouseVisible = True
1049.2017 	EXP 	window1: mouseVisible = True
1049.2018 	EXP 	window1: mouseVisible = True
1049.2019 	EXP 	window1: mouseVisible = True
1049.2020 	EXP 	window1: mouseVisible = True
1049.2022 	EXP 	window1: mouseVisible = True
1049.2023 	EXP 	window1: mouseVisible = True
1049.2025 	EXP 	window1: mouseVisible = True
1049.2026 	EXP 	window1: mouseVisible = True
1049.2027 	EXP 	window1: mouseVisible = True
1049.2028 	EXP 	window1: mouseVisible = True
1049.2030 	EXP 	window1: mouseVisible = True
1049.2031 	EXP 	window1: mouseVisible = True
1049.2032 	EXP 	window1: mouseVisible = True
1049.2034 	EXP 	window1: mouseVisible = True
1049.2035 	EXP 	window1: mouseVisible = True
1049.2037 	EXP 	window1: mouseVisible = True
1049.2038 	EXP 	window1: mouseVisible = True
1049.2039 	EXP 	window1: mouseVisible = True
1049.2041 	EXP 	window1: mouseVisible = True
1049.2042 	EXP 	window1: mouseVisible = True
1049.2043 	EXP 	window1: mouseVisible = True
1049.2045 	EXP 	window1: mouseVisible = True
1049.2046 	EXP 	window1: mouseVisible = True
1049.2047 	EXP 	window1: mouseVisible = True
1049.2048 	EXP 	window1: mouseVisible = True
1049.2050 	EXP 	window1: mouseVisible = True
1049.2051 	EXP 	window1: mouseVisible = True
1049.2052 	EXP 	window1: mouseVisible = True
1049.2053 	EXP 	window1: mouseVisible = True
1049.2055 	EXP 	window1: mouseVisible = True
1049.2056 	EXP 	window1: mouseVisible = True
1049.2057 	EXP 	window1: mouseVisible = True
1049.2059 	EXP 	window1: mouseVisible = True
1049.2060 	EXP 	window1: mouseVisible = True
1049.2061 	EXP 	window1: mouseVisible = True
1049.2062 	EXP 	window1: mouseVisible = True
1049.2064 	EXP 	window1: mouseVisible = True
1049.2065 	EXP 	window1: mouseVisible = True
1049.2066 	EXP 	window1: mouseVisible = True
1049.2067 	EXP 	window1: mouseVisible = True
1049.2069 	EXP 	window1: mouseVisible = True
1049.2070 	EXP 	window1: mouseVisible = True
1049.2071 	EXP 	window1: mouseVisible = True
1049.2073 	EXP 	window1: mouseVisible = True
1049.2074 	EXP 	window1: mouseVisible = True
1049.2075 	EXP 	window1: mouseVisible = True
1049.2077 	EXP 	window1: mouseVisible = True
1049.2078 	EXP 	window1: mouseVisible = True
1049.2079 	EXP 	window1: mouseVisible = True
1049.2081 	EXP 	window1: mouseVisible = True
1049.2082 	EXP 	window1: mouseVisible = True
1049.2083 	EXP 	window1: mouseVisible = True
1049.2084 	EXP 	window1: mouseVisible = True
1049.2086 	EXP 	window1: mouseVisible = True
1049.2087 	EXP 	window1: mouseVisible = True
1049.2088 	EXP 	window1: mouseVisible = True
1049.2089 	EXP 	window1: mouseVisible = True
1049.2091 	EXP 	window1: mouseVisible = True
1049.2092 	EXP 	window1: mouseVisible = True
1049.2093 	EXP 	window1: mouseVisible = True
1049.2094 	EXP 	window1: mouseVisible = True
1049.2096 	EXP 	window1: mouseVisible = True
1049.2097 	EXP 	window1: mouseVisible = True
1049.2098 	EXP 	window1: mouseVisible = True
1049.2099 	EXP 	window1: mouseVisible = True
1049.2101 	EXP 	window1: mouseVisible = True
1049.2102 	EXP 	window1: mouseVisible = True
1049.2103 	EXP 	window1: mouseVisible = True
1049.2104 	EXP 	window1: mouseVisible = True
1049.2106 	EXP 	window1: mouseVisible = True
1049.2107 	EXP 	window1: mouseVisible = True
1049.2127 	EXP 	Created ratingScale = RatingScale(__class__=type(...), acceptKeys=['return'], acceptPreText=UNKNOWN, acceptSize=UNKNOWN, acceptText=UNKNOWN, autoLog=True, choices=False, colorSpace='rgb', depth=0, disappear=False, flipVert=False, high=100, kwargs=UNKNOWN, labels=list(...), leftKeys=['left'], lineColor=(255, 255, 255), low=0, marker=Rect(...), markerColor=(255, 255, 255), markerExpansion=UNKNOWN, markerStart=0.5, maxTime=0.0, minTime=0.4, mouseOnly=False, name='ratingScale', noMouse=False, pos=[0.0, 0.0], precision=100, respKeys=[], rightKeys=['right'], scale=None, self=UNKNOWN, showAccept=False, showValue=False, singleClick=False, size=0.6, skipKeys=['tab'], stretch=2.0, textColor='white', textFont='Helvetica Bold', textSize=0.144, tickHeight=0, tickMarks=10.0, win=Window(...))
1049.2128 	EXP 	RatingScale ratingScale: reset()
1049.2148 	EXP 	window1: mouseVisible = False
1049.2263 	EXP 	thermode_locali: autoDraw = False
1049.2263 	EXP 	thermode_locali: autoDraw = False
1049.2263 	EXP 	ratingScale: flipVert = False
1049.2263 	EXP 	ratingScale: autoLog = True
1049.2280 	EXP 	window1: mouseVisible = False
1049.2444 	EXP 	window1: mouseVisible = False
1049.2611 	EXP 	window1: mouseVisible = False
1049.2778 	EXP 	window1: mouseVisible = False
1049.2944 	EXP 	window1: mouseVisible = False
1049.3111 	EXP 	window1: mouseVisible = False
1049.3278 	EXP 	window1: mouseVisible = False
1049.3444 	EXP 	window1: mouseVisible = False
1049.3611 	EXP 	window1: mouseVisible = False
1049.3778 	EXP 	window1: mouseVisible = False
1049.3944 	EXP 	window1: mouseVisible = False
1049.4111 	EXP 	window1: mouseVisible = False
1049.4278 	EXP 	window1: mouseVisible = False
1049.4444 	EXP 	window1: mouseVisible = False
1049.4611 	EXP 	window1: mouseVisible = False
1049.4777 	EXP 	window1: mouseVisible = False
1049.4944 	EXP 	window1: mouseVisible = False
1049.5111 	EXP 	window1: mouseVisible = False
1049.5284 	EXP 	window1: mouseVisible = False
1049.5445 	EXP 	window1: mouseVisible = False
1049.5611 	EXP 	window1: mouseVisible = False
1049.5777 	EXP 	window1: mouseVisible = False
1049.5945 	EXP 	window1: mouseVisible = False
1049.6111 	EXP 	window1: mouseVisible = False
1049.6277 	EXP 	window1: mouseVisible = False
1049.6446 	EXP 	window1: mouseVisible = False
1049.6612 	EXP 	window1: mouseVisible = False
1049.6778 	EXP 	window1: mouseVisible = False
1049.6945 	EXP 	window1: mouseVisible = False
1049.7111 	EXP 	window1: mouseVisible = False
1049.7278 	EXP 	window1: mouseVisible = False
1049.7445 	EXP 	window1: mouseVisible = False
1049.7612 	EXP 	window1: mouseVisible = False
1049.7778 	EXP 	window1: mouseVisible = False
1049.7945 	EXP 	window1: mouseVisible = False
1049.8112 	EXP 	window1: mouseVisible = False
1049.8278 	EXP 	window1: mouseVisible = False
1049.8445 	EXP 	window1: mouseVisible = False
1049.8612 	EXP 	window1: mouseVisible = False
1049.8778 	EXP 	window1: mouseVisible = False
1049.8945 	EXP 	window1: mouseVisible = False
1049.9111 	EXP 	window1: mouseVisible = False
1049.9280 	EXP 	window1: mouseVisible = False
1049.9445 	EXP 	window1: mouseVisible = False
1049.9612 	EXP 	window1: mouseVisible = False
1049.9778 	EXP 	window1: mouseVisible = False
1049.9945 	EXP 	window1: mouseVisible = False
1050.0111 	EXP 	window1: mouseVisible = False
1050.0278 	EXP 	window1: mouseVisible = False
1050.0445 	EXP 	window1: mouseVisible = False
1050.0612 	EXP 	window1: mouseVisible = False
1050.0778 	EXP 	window1: mouseVisible = False
1050.0941 	DATA 	Keypress: n
1050.0948 	EXP 	window1: mouseVisible = False
1050.1113 	EXP 	window1: mouseVisible = False
1050.1280 	EXP 	window1: mouseVisible = False
1050.1445 	EXP 	window1: mouseVisible = False
1050.1612 	EXP 	window1: mouseVisible = False
1050.1779 	EXP 	window1: mouseVisible = False
1050.1945 	EXP 	window1: mouseVisible = False
1050.2111 	EXP 	window1: mouseVisible = False
1050.2279 	EXP 	window1: mouseVisible = False
1050.2445 	EXP 	window1: mouseVisible = False
1050.2612 	EXP 	window1: mouseVisible = False
1050.2779 	EXP 	window1: mouseVisible = False
1050.2945 	EXP 	window1: mouseVisible = False
1050.3112 	EXP 	window1: mouseVisible = False
1050.3279 	EXP 	window1: mouseVisible = False
1050.3445 	EXP 	window1: mouseVisible = False
1050.3614 	EXP 	window1: mouseVisible = False
1050.3779 	EXP 	window1: mouseVisible = False
1050.3945 	EXP 	window1: mouseVisible = False
1050.4112 	EXP 	window1: mouseVisible = False
1050.4280 	EXP 	window1: mouseVisible = False
1050.4446 	EXP 	window1: mouseVisible = False
1050.4612 	EXP 	window1: mouseVisible = False
1050.4779 	EXP 	window1: mouseVisible = False
1050.4945 	EXP 	window1: mouseVisible = False
1050.5113 	EXP 	window1: mouseVisible = False
1050.5278 	EXP 	window1: mouseVisible = False
1050.5445 	EXP 	window1: mouseVisible = False
1050.5612 	EXP 	window1: mouseVisible = False
1050.5779 	EXP 	window1: mouseVisible = False
1050.5946 	EXP 	window1: mouseVisible = False
1050.6112 	EXP 	window1: mouseVisible = False
1050.6279 	EXP 	window1: mouseVisible = False
1050.6445 	EXP 	window1: mouseVisible = False
1050.6612 	EXP 	window1: mouseVisible = False
1050.6779 	EXP 	window1: mouseVisible = False
1050.6946 	EXP 	window1: mouseVisible = False
1050.7112 	EXP 	window1: mouseVisible = False
1050.7279 	EXP 	window1: mouseVisible = False
1050.7444 	EXP 	window1: mouseVisible = False
1050.7614 	EXP 	window1: mouseVisible = False
1050.7779 	EXP 	window1: mouseVisible = False
1050.7948 	EXP 	window1: mouseVisible = False
1050.8113 	EXP 	window1: mouseVisible = False
1050.8281 	EXP 	window1: mouseVisible = False
1050.8446 	EXP 	window1: mouseVisible = False
1050.8615 	EXP 	window1: mouseVisible = False
1050.8781 	EXP 	window1: mouseVisible = False
1050.8946 	EXP 	window1: mouseVisible = False
1050.9113 	EXP 	window1: mouseVisible = False
1050.9280 	EXP 	window1: mouseVisible = False
1050.9447 	EXP 	window1: mouseVisible = False
1050.9612 	EXP 	window1: mouseVisible = False
1050.9778 	EXP 	window1: mouseVisible = False
1050.9945 	EXP 	window1: mouseVisible = False
1051.0112 	EXP 	window1: mouseVisible = False
1051.0280 	EXP 	window1: mouseVisible = False
1051.0445 	EXP 	window1: mouseVisible = False
1051.0612 	EXP 	window1: mouseVisible = False
1051.0779 	EXP 	window1: mouseVisible = False
1051.0945 	EXP 	window1: mouseVisible = False
1051.1112 	EXP 	window1: mouseVisible = False
1051.1278 	EXP 	window1: mouseVisible = False
1051.1447 	EXP 	window1: mouseVisible = False
1051.1613 	EXP 	window1: mouseVisible = False
1051.1779 	EXP 	window1: mouseVisible = False
1051.1946 	EXP 	window1: mouseVisible = False
1051.2108 	DATA 	Keypress: n
1051.2113 	EXP 	window1: mouseVisible = False
1051.2279 	EXP 	window1: mouseVisible = False
1051.2445 	EXP 	window1: mouseVisible = False
1051.2612 	EXP 	window1: mouseVisible = False
1051.2779 	EXP 	window1: mouseVisible = False
1051.2945 	EXP 	window1: mouseVisible = False
1051.3111 	EXP 	window1: mouseVisible = False
1051.3279 	EXP 	window1: mouseVisible = False
1051.3445 	EXP 	window1: mouseVisible = False
1051.3613 	EXP 	window1: mouseVisible = False
1051.3779 	EXP 	window1: mouseVisible = False
1051.3945 	EXP 	window1: mouseVisible = False
1051.4112 	EXP 	window1: mouseVisible = False
1051.4279 	EXP 	window1: mouseVisible = False
1051.4445 	EXP 	window1: mouseVisible = False
1051.4612 	EXP 	window1: mouseVisible = False
1051.4778 	EXP 	window1: mouseVisible = False
1051.4945 	EXP 	window1: mouseVisible = False
1051.5112 	EXP 	window1: mouseVisible = False
1051.5279 	EXP 	window1: mouseVisible = False
1051.5445 	EXP 	window1: mouseVisible = False
1051.5612 	EXP 	window1: mouseVisible = False
1051.5779 	EXP 	window1: mouseVisible = False
1051.5944 	EXP 	window1: mouseVisible = False
1051.6111 	EXP 	window1: mouseVisible = False
1051.6279 	EXP 	window1: mouseVisible = False
1051.6445 	EXP 	window1: mouseVisible = False
1051.6612 	EXP 	window1: mouseVisible = False
1051.6779 	EXP 	window1: mouseVisible = False
1051.6946 	EXP 	window1: mouseVisible = False
1051.7112 	EXP 	window1: mouseVisible = False
1051.7279 	EXP 	window1: mouseVisible = False
1051.7445 	EXP 	window1: mouseVisible = False
1051.7612 	EXP 	window1: mouseVisible = False
1051.7779 	EXP 	window1: mouseVisible = False
1051.7945 	EXP 	window1: mouseVisible = False
1051.8112 	EXP 	window1: mouseVisible = False
1051.8280 	EXP 	window1: mouseVisible = False
1051.8441 	DATA 	Keypress: m
1051.8447 	EXP 	window1: mouseVisible = False
1051.8612 	EXP 	window1: mouseVisible = False
1051.8779 	EXP 	window1: mouseVisible = False
1051.8945 	EXP 	window1: mouseVisible = False
1051.9112 	EXP 	window1: mouseVisible = False
1051.9279 	EXP 	window1: mouseVisible = False
1051.9446 	EXP 	window1: mouseVisible = False
1051.9612 	EXP 	window1: mouseVisible = False
1051.9781 	EXP 	window1: mouseVisible = False
1051.9947 	EXP 	window1: mouseVisible = False
1052.0111 	EXP 	window1: mouseVisible = False
1052.0278 	EXP 	window1: mouseVisible = False
1052.0444 	EXP 	window1: mouseVisible = False
1052.0611 	EXP 	window1: mouseVisible = False
1052.0778 	EXP 	window1: mouseVisible = False
1052.0944 	EXP 	window1: mouseVisible = False
1052.1110 	EXP 	window1: mouseVisible = False
1052.1278 	EXP 	window1: mouseVisible = False
1052.1444 	EXP 	window1: mouseVisible = False
1052.1611 	EXP 	window1: mouseVisible = False
1052.1778 	EXP 	window1: mouseVisible = False
1052.1945 	EXP 	window1: mouseVisible = False
1052.2111 	EXP 	window1: mouseVisible = False
1052.2279 	EXP 	window1: mouseVisible = False
1052.2445 	EXP 	window1: mouseVisible = False
1052.2610 	EXP 	window1: mouseVisible = False
1052.2778 	EXP 	window1: mouseVisible = False
1052.2944 	EXP 	window1: mouseVisible = False
1052.3111 	EXP 	window1: mouseVisible = False
1052.3278 	EXP 	window1: mouseVisible = False
1052.3444 	EXP 	window1: mouseVisible = False
1052.3611 	EXP 	window1: mouseVisible = False
1052.3778 	EXP 	window1: mouseVisible = False
1052.3945 	EXP 	window1: mouseVisible = False
1052.4111 	EXP 	window1: mouseVisible = False
1052.4278 	EXP 	window1: mouseVisible = False
1052.4445 	DATA 	Keypress: space
1052.5456 	EXP 	New trial (rep=3, index=0): None
1052.5598 	EXP 	main_text: autoDraw = True
1052.5598 	EXP 	confirm_text: autoDraw = True
1052.5598 	EXP 	ratingScale: autoDraw = False
1052.5598 	EXP 	main_text: autoDraw = False
1052.5598 	EXP 	confirm_text: autoDraw = False
1052.5598 	EXP 	text_2: autoDraw = True
1052.5598 	EXP 	croix: autoDraw = True
1057.5598 	EXP 	text_2: autoDraw = False
1057.5598 	EXP 	croix: autoDraw = False
1057.5598 	EXP 	text_2: autoDraw = False
1057.5598 	EXP 	croix: autoDraw = False
1057.5598 	EXP 	thermode_locali: autoDraw = True
1069.5437 	EXP 	window1: mouseVisible = True
1069.5446 	EXP 	Created unnamed Rect = Rect(__class__=<class 'psychopy.visual.rect.Rect'>, anchor=('center', 'center'), autoDraw=False, autoLog=True, closeShape=True, color=method-wrapper(...), colorSpace='rgb', contrast=None, depth=0, draggable=False, fillColor=array([1, 1, 1]), fillColorSpace='rgb', fillRGB=array([1, 1, 1]), interpolate=True, lineColor=array([1., 1., 1.]), lineColorSpace='rgb', lineRGB=array([1, 1, 1]), lineWidth=1.5, name='unnamed Rect', opacity=1.0, ori=0.0, pos=array([0., 0.]), size=array([0.01, 0.1 ]), units='norm', vertices=ndarray(...), win=Window(...))
1069.5447 	EXP 	window1: mouseVisible = True
1069.5448 	EXP 	window1: mouseVisible = True
1069.5454 	EXP 	window1: mouseVisible = True
1069.5465 	EXP 	window1: mouseVisible = True
1069.5475 	EXP 	window1: mouseVisible = True
1069.5477 	EXP 	window1: mouseVisible = True
1069.5479 	EXP 	window1: mouseVisible = True
1069.5480 	EXP 	window1: mouseVisible = True
1069.5481 	EXP 	window1: mouseVisible = True
1069.5483 	EXP 	window1: mouseVisible = True
1069.5484 	EXP 	window1: mouseVisible = True
1069.5485 	EXP 	window1: mouseVisible = True
1069.5487 	EXP 	window1: mouseVisible = True
1069.5488 	EXP 	window1: mouseVisible = True
1069.5489 	EXP 	window1: mouseVisible = True
1069.5491 	EXP 	window1: mouseVisible = True
1069.5492 	EXP 	window1: mouseVisible = True
1069.5493 	EXP 	window1: mouseVisible = True
1069.5494 	EXP 	window1: mouseVisible = True
1069.5496 	EXP 	window1: mouseVisible = True
1069.5497 	EXP 	window1: mouseVisible = True
1069.5498 	EXP 	window1: mouseVisible = True
1069.5500 	EXP 	window1: mouseVisible = True
1069.5501 	EXP 	window1: mouseVisible = True
1069.5503 	EXP 	window1: mouseVisible = True
1069.5504 	EXP 	window1: mouseVisible = True
1069.5505 	EXP 	window1: mouseVisible = True
1069.5507 	EXP 	window1: mouseVisible = True
1069.5508 	EXP 	window1: mouseVisible = True
1069.5509 	EXP 	window1: mouseVisible = True
1069.5510 	EXP 	window1: mouseVisible = True
1069.5512 	EXP 	window1: mouseVisible = True
1069.5513 	EXP 	window1: mouseVisible = True
1069.5514 	EXP 	window1: mouseVisible = True
1069.5516 	EXP 	window1: mouseVisible = True
1069.5517 	EXP 	window1: mouseVisible = True
1069.5518 	EXP 	window1: mouseVisible = True
1069.5519 	EXP 	window1: mouseVisible = True
1069.5521 	EXP 	window1: mouseVisible = True
1069.5522 	EXP 	window1: mouseVisible = True
1069.5523 	EXP 	window1: mouseVisible = True
1069.5524 	EXP 	window1: mouseVisible = True
1069.5526 	EXP 	window1: mouseVisible = True
1069.5527 	EXP 	window1: mouseVisible = True
1069.5528 	EXP 	window1: mouseVisible = True
1069.5529 	EXP 	window1: mouseVisible = True
1069.5531 	EXP 	window1: mouseVisible = True
1069.5532 	EXP 	window1: mouseVisible = True
1069.5533 	EXP 	window1: mouseVisible = True
1069.5534 	EXP 	window1: mouseVisible = True
1069.5536 	EXP 	window1: mouseVisible = True
1069.5537 	EXP 	window1: mouseVisible = True
1069.5538 	EXP 	window1: mouseVisible = True
1069.5543 	EXP 	window1: mouseVisible = True
1069.5545 	EXP 	window1: mouseVisible = True
1069.5546 	EXP 	window1: mouseVisible = True
1069.5548 	EXP 	window1: mouseVisible = True
1069.5549 	EXP 	window1: mouseVisible = True
1069.5550 	EXP 	window1: mouseVisible = True
1069.5552 	EXP 	window1: mouseVisible = True
1069.5553 	EXP 	window1: mouseVisible = True
1069.5554 	EXP 	window1: mouseVisible = True
1069.5556 	EXP 	window1: mouseVisible = True
1069.5557 	EXP 	window1: mouseVisible = True
1069.5558 	EXP 	window1: mouseVisible = True
1069.5560 	EXP 	window1: mouseVisible = True
1069.5562 	EXP 	window1: mouseVisible = True
1069.5565 	EXP 	window1: mouseVisible = True
1069.5567 	EXP 	window1: mouseVisible = True
1069.5569 	EXP 	window1: mouseVisible = True
1069.5571 	EXP 	window1: mouseVisible = True
1069.5572 	EXP 	window1: mouseVisible = True
1069.5574 	EXP 	window1: mouseVisible = True
1069.5576 	EXP 	window1: mouseVisible = True
1069.5578 	EXP 	window1: mouseVisible = True
1069.5580 	EXP 	window1: mouseVisible = True
1069.5582 	EXP 	window1: mouseVisible = True
1069.5585 	EXP 	window1: mouseVisible = True
1069.5586 	EXP 	window1: mouseVisible = True
1069.5588 	EXP 	window1: mouseVisible = True
1069.5589 	EXP 	window1: mouseVisible = True
1069.5590 	EXP 	window1: mouseVisible = True
1069.5592 	EXP 	window1: mouseVisible = True
1069.5593 	EXP 	window1: mouseVisible = True
1069.5595 	EXP 	window1: mouseVisible = True
1069.5596 	EXP 	window1: mouseVisible = True
1069.5597 	EXP 	window1: mouseVisible = True
1069.5598 	EXP 	window1: mouseVisible = True
1069.5600 	EXP 	window1: mouseVisible = True
1069.5601 	EXP 	window1: mouseVisible = True
1069.5602 	EXP 	window1: mouseVisible = True
1069.5604 	EXP 	window1: mouseVisible = True
1069.5605 	EXP 	window1: mouseVisible = True
1069.5606 	EXP 	window1: mouseVisible = True
1069.5607 	EXP 	window1: mouseVisible = True
1069.5609 	EXP 	window1: mouseVisible = True
1069.5610 	EXP 	window1: mouseVisible = True
1069.5611 	EXP 	window1: mouseVisible = True
1069.5612 	EXP 	window1: mouseVisible = True
1069.5614 	EXP 	window1: mouseVisible = True
1069.5615 	EXP 	window1: mouseVisible = True
1069.5616 	EXP 	window1: mouseVisible = True
1069.5618 	EXP 	window1: mouseVisible = True
1069.5619 	EXP 	window1: mouseVisible = True
1069.5640 	EXP 	Created ratingScale = RatingScale(__class__=type(...), acceptKeys=['return'], acceptPreText=UNKNOWN, acceptSize=UNKNOWN, acceptText=UNKNOWN, autoLog=True, choices=False, colorSpace='rgb', depth=0, disappear=False, flipVert=False, high=100, kwargs=UNKNOWN, labels=list(...), leftKeys=['left'], lineColor=(255, 255, 255), low=0, marker=Rect(...), markerColor=(255, 255, 255), markerExpansion=UNKNOWN, markerStart=0.5, maxTime=0.0, minTime=0.4, mouseOnly=False, name='ratingScale', noMouse=False, pos=[0.0, 0.0], precision=100, respKeys=[], rightKeys=['right'], scale=None, self=UNKNOWN, showAccept=False, showValue=False, singleClick=False, size=0.6, skipKeys=['tab'], stretch=2.0, textColor='white', textFont='Helvetica Bold', textSize=0.144, tickHeight=0, tickMarks=10.0, win=Window(...))
1069.5640 	EXP 	RatingScale ratingScale: reset()
1069.5660 	EXP 	window1: mouseVisible = False
1069.5765 	EXP 	thermode_locali: autoDraw = False
1069.5765 	EXP 	thermode_locali: autoDraw = False
1069.5765 	EXP 	ratingScale: flipVert = False
1069.5765 	EXP 	ratingScale: autoLog = True
1069.5780 	EXP 	window1: mouseVisible = False
1069.5947 	EXP 	window1: mouseVisible = False
1069.6114 	EXP 	window1: mouseVisible = False
1069.6281 	EXP 	window1: mouseVisible = False
1069.6447 	EXP 	window1: mouseVisible = False
1069.6615 	EXP 	window1: mouseVisible = False
1069.6782 	EXP 	window1: mouseVisible = False
1069.6947 	EXP 	window1: mouseVisible = False
1069.7114 	EXP 	window1: mouseVisible = False
1069.7281 	EXP 	window1: mouseVisible = False
1069.7447 	EXP 	window1: mouseVisible = False
1069.7614 	EXP 	window1: mouseVisible = False
1069.7781 	EXP 	window1: mouseVisible = False
1069.7947 	EXP 	window1: mouseVisible = False
1069.8114 	EXP 	window1: mouseVisible = False
1069.8281 	EXP 	window1: mouseVisible = False
1069.8448 	EXP 	window1: mouseVisible = False
1069.8614 	EXP 	window1: mouseVisible = False
1069.8780 	EXP 	window1: mouseVisible = False
1069.8947 	EXP 	window1: mouseVisible = False
1069.9114 	EXP 	window1: mouseVisible = False
1069.9281 	EXP 	window1: mouseVisible = False
1069.9447 	EXP 	window1: mouseVisible = False
1069.9614 	EXP 	window1: mouseVisible = False
1069.9781 	EXP 	window1: mouseVisible = False
1069.9947 	EXP 	window1: mouseVisible = False
1070.0114 	EXP 	window1: mouseVisible = False
1070.0282 	EXP 	window1: mouseVisible = False
1070.0448 	EXP 	window1: mouseVisible = False
1070.0613 	EXP 	window1: mouseVisible = False
1070.0781 	EXP 	window1: mouseVisible = False
1070.0943 	DATA 	Keypress: n
1070.0949 	EXP 	window1: mouseVisible = False
1070.1114 	EXP 	window1: mouseVisible = False
1070.1281 	EXP 	window1: mouseVisible = False
1070.1447 	EXP 	window1: mouseVisible = False
1070.1614 	EXP 	window1: mouseVisible = False
1070.1780 	EXP 	window1: mouseVisible = False
1070.1948 	EXP 	window1: mouseVisible = False
1070.2114 	EXP 	window1: mouseVisible = False
1070.2281 	EXP 	window1: mouseVisible = False
1070.2447 	EXP 	window1: mouseVisible = False
1070.2614 	EXP 	window1: mouseVisible = False
1070.2780 	EXP 	window1: mouseVisible = False
1070.2951 	EXP 	window1: mouseVisible = False
1070.3115 	EXP 	window1: mouseVisible = False
1070.3281 	EXP 	window1: mouseVisible = False
1070.3447 	EXP 	window1: mouseVisible = False
1070.3614 	EXP 	window1: mouseVisible = False
1070.3780 	EXP 	window1: mouseVisible = False
1070.3947 	EXP 	window1: mouseVisible = False
1070.4114 	EXP 	window1: mouseVisible = False
1070.4281 	EXP 	window1: mouseVisible = False
1070.4447 	EXP 	window1: mouseVisible = False
1070.4614 	EXP 	window1: mouseVisible = False
1070.4781 	EXP 	window1: mouseVisible = False
1070.4948 	EXP 	window1: mouseVisible = False
1070.5110 	DATA 	Keypress: m
1070.5115 	EXP 	window1: mouseVisible = False
1070.5281 	EXP 	window1: mouseVisible = False
1070.5447 	EXP 	window1: mouseVisible = False
1070.5614 	EXP 	window1: mouseVisible = False
1070.5781 	EXP 	window1: mouseVisible = False
1070.5947 	EXP 	window1: mouseVisible = False
1070.6114 	EXP 	window1: mouseVisible = False
1070.6281 	EXP 	window1: mouseVisible = False
1070.6448 	EXP 	window1: mouseVisible = False
1070.6615 	EXP 	window1: mouseVisible = False
1070.6781 	EXP 	window1: mouseVisible = False
1070.6947 	EXP 	window1: mouseVisible = False
1070.7114 	EXP 	window1: mouseVisible = False
1070.7280 	EXP 	window1: mouseVisible = False
1070.7447 	EXP 	window1: mouseVisible = False
1070.7614 	EXP 	window1: mouseVisible = False
1070.7782 	EXP 	window1: mouseVisible = False
1070.7948 	EXP 	window1: mouseVisible = False
1070.8114 	EXP 	window1: mouseVisible = False
1070.8281 	EXP 	window1: mouseVisible = False
1070.8448 	EXP 	window1: mouseVisible = False
1070.8613 	EXP 	window1: mouseVisible = False
1070.8780 	EXP 	window1: mouseVisible = False
1070.8946 	EXP 	window1: mouseVisible = False
1070.9113 	EXP 	window1: mouseVisible = False
1070.9280 	EXP 	window1: mouseVisible = False
1070.9446 	EXP 	window1: mouseVisible = False
1070.9609 	DATA 	Keypress: m
1070.9614 	EXP 	window1: mouseVisible = False
1070.9780 	EXP 	window1: mouseVisible = False
1070.9947 	EXP 	window1: mouseVisible = False
1071.0113 	EXP 	window1: mouseVisible = False
1071.0282 	EXP 	window1: mouseVisible = False
1071.0447 	EXP 	window1: mouseVisible = False
1071.0615 	EXP 	window1: mouseVisible = False
1071.0782 	EXP 	window1: mouseVisible = False
1071.0942 	DATA 	Keypress: m
1071.0948 	EXP 	window1: mouseVisible = False
1071.1115 	EXP 	window1: mouseVisible = False
1071.1280 	EXP 	window1: mouseVisible = False
1071.1448 	EXP 	window1: mouseVisible = False
1071.1615 	EXP 	window1: mouseVisible = False
1071.1783 	EXP 	window1: mouseVisible = False
1071.1948 	EXP 	window1: mouseVisible = False
1071.2115 	EXP 	window1: mouseVisible = False
1071.2280 	EXP 	window1: mouseVisible = False
1071.2446 	EXP 	window1: mouseVisible = False
1071.2613 	EXP 	window1: mouseVisible = False
1071.2780 	EXP 	window1: mouseVisible = False
1071.2947 	EXP 	window1: mouseVisible = False
1071.3116 	EXP 	window1: mouseVisible = False
1071.3280 	EXP 	window1: mouseVisible = False
1071.3446 	EXP 	window1: mouseVisible = False
1071.3614 	EXP 	window1: mouseVisible = False
1071.3780 	EXP 	window1: mouseVisible = False
1071.3946 	EXP 	window1: mouseVisible = False
1071.4113 	EXP 	window1: mouseVisible = False
1071.4279 	EXP 	window1: mouseVisible = False
1071.4446 	EXP 	window1: mouseVisible = False
1071.4613 	EXP 	window1: mouseVisible = False
1071.4779 	EXP 	window1: mouseVisible = False
1071.4946 	EXP 	window1: mouseVisible = False
1071.5113 	EXP 	window1: mouseVisible = False
1071.5280 	EXP 	window1: mouseVisible = False
1071.5446 	EXP 	window1: mouseVisible = False
1071.5613 	EXP 	window1: mouseVisible = False
1071.5780 	EXP 	window1: mouseVisible = False
1071.5946 	EXP 	window1: mouseVisible = False
1071.6113 	EXP 	window1: mouseVisible = False
1071.6280 	EXP 	window1: mouseVisible = False
1071.6446 	EXP 	window1: mouseVisible = False
1071.6613 	EXP 	window1: mouseVisible = False
1071.6780 	EXP 	window1: mouseVisible = False
1071.6946 	EXP 	window1: mouseVisible = False
1071.7113 	EXP 	window1: mouseVisible = False
1071.7279 	EXP 	window1: mouseVisible = False
1071.7446 	EXP 	window1: mouseVisible = False
1071.7613 	EXP 	window1: mouseVisible = False
1071.7780 	EXP 	window1: mouseVisible = False
1071.7946 	EXP 	window1: mouseVisible = False
1071.8115 	EXP 	window1: mouseVisible = False
1071.8281 	EXP 	window1: mouseVisible = False
1071.8446 	EXP 	window1: mouseVisible = False
1071.8613 	EXP 	window1: mouseVisible = False
1071.8780 	EXP 	window1: mouseVisible = False
1071.8946 	EXP 	window1: mouseVisible = False
1071.9111 	DATA 	Keypress: n
1071.9116 	EXP 	window1: mouseVisible = False
1071.9282 	EXP 	window1: mouseVisible = False
1071.9447 	EXP 	window1: mouseVisible = False
1071.9613 	EXP 	window1: mouseVisible = False
1071.9780 	EXP 	window1: mouseVisible = False
1071.9947 	EXP 	window1: mouseVisible = False
1072.0113 	EXP 	window1: mouseVisible = False
1072.0280 	EXP 	window1: mouseVisible = False
1072.0446 	EXP 	window1: mouseVisible = False
1072.0614 	EXP 	window1: mouseVisible = False
1072.0780 	EXP 	window1: mouseVisible = False
1072.0946 	EXP 	window1: mouseVisible = False
1072.1119 	EXP 	window1: mouseVisible = False
1072.1281 	EXP 	window1: mouseVisible = False
1072.1446 	EXP 	window1: mouseVisible = False
1072.1614 	EXP 	window1: mouseVisible = False
1072.1780 	EXP 	window1: mouseVisible = False
1072.1946 	EXP 	window1: mouseVisible = False
1072.2113 	EXP 	window1: mouseVisible = False
1072.2280 	EXP 	window1: mouseVisible = False
1072.2447 	EXP 	window1: mouseVisible = False
1072.2613 	EXP 	window1: mouseVisible = False
1072.2780 	EXP 	window1: mouseVisible = False
1072.2946 	EXP 	window1: mouseVisible = False
1072.3114 	EXP 	window1: mouseVisible = False
1072.3280 	EXP 	window1: mouseVisible = False
1072.3447 	EXP 	window1: mouseVisible = False
1072.3613 	EXP 	window1: mouseVisible = False
1072.3781 	DATA 	Keypress: space
1072.4781 	EXP 	New trial (rep=4, index=0): None
1072.4933 	EXP 	main_text: autoDraw = True
1072.4933 	EXP 	confirm_text: autoDraw = True
1072.4933 	EXP 	ratingScale: autoDraw = False
1072.4933 	EXP 	main_text: autoDraw = False
1072.4933 	EXP 	confirm_text: autoDraw = False
1072.4933 	EXP 	text_2: autoDraw = True
1072.4933 	EXP 	croix: autoDraw = True
1077.4934 	EXP 	text_2: autoDraw = False
1077.4934 	EXP 	croix: autoDraw = False
1077.4934 	EXP 	text_2: autoDraw = False
1077.4934 	EXP 	croix: autoDraw = False
1077.4934 	EXP 	thermode_locali: autoDraw = True
1089.4773 	EXP 	window1: mouseVisible = True
1089.4781 	EXP 	Created unnamed Rect = Rect(__class__=<class 'psychopy.visual.rect.Rect'>, anchor=('center', 'center'), autoDraw=False, autoLog=True, closeShape=True, color=method-wrapper(...), colorSpace='rgb', contrast=None, depth=0, draggable=False, fillColor=array([1, 1, 1]), fillColorSpace='rgb', fillRGB=array([1, 1, 1]), interpolate=True, lineColor=array([1., 1., 1.]), lineColorSpace='rgb', lineRGB=array([1, 1, 1]), lineWidth=1.5, name='unnamed Rect', opacity=1.0, ori=0.0, pos=array([0., 0.]), size=array([0.01, 0.1 ]), units='norm', vertices=ndarray(...), win=Window(...))
1089.4782 	EXP 	window1: mouseVisible = True
1089.4784 	EXP 	window1: mouseVisible = True
1089.4790 	EXP 	window1: mouseVisible = True
1089.4802 	EXP 	window1: mouseVisible = True
1089.4813 	EXP 	window1: mouseVisible = True
1089.4814 	EXP 	window1: mouseVisible = True
1089.4816 	EXP 	window1: mouseVisible = True
1089.4817 	EXP 	window1: mouseVisible = True
1089.4819 	EXP 	window1: mouseVisible = True
1089.4820 	EXP 	window1: mouseVisible = True
1089.4822 	EXP 	window1: mouseVisible = True
1089.4823 	EXP 	window1: mouseVisible = True
1089.4824 	EXP 	window1: mouseVisible = True
1089.4825 	EXP 	window1: mouseVisible = True
1089.4827 	EXP 	window1: mouseVisible = True
1089.4828 	EXP 	window1: mouseVisible = True
1089.4829 	EXP 	window1: mouseVisible = True
1089.4831 	EXP 	window1: mouseVisible = True
1089.4832 	EXP 	window1: mouseVisible = True
1089.4833 	EXP 	window1: mouseVisible = True
1089.4835 	EXP 	window1: mouseVisible = True
1089.4836 	EXP 	window1: mouseVisible = True
1089.4837 	EXP 	window1: mouseVisible = True
1089.4838 	EXP 	window1: mouseVisible = True
1089.4840 	EXP 	window1: mouseVisible = True
1089.4841 	EXP 	window1: mouseVisible = True
1089.4842 	EXP 	window1: mouseVisible = True
1089.4843 	EXP 	window1: mouseVisible = True
1089.4845 	EXP 	window1: mouseVisible = True
1089.4846 	EXP 	window1: mouseVisible = True
1089.4847 	EXP 	window1: mouseVisible = True
1089.4849 	EXP 	window1: mouseVisible = True
1089.4850 	EXP 	window1: mouseVisible = True
1089.4852 	EXP 	window1: mouseVisible = True
1089.4853 	EXP 	window1: mouseVisible = True
1089.4854 	EXP 	window1: mouseVisible = True
1089.4856 	EXP 	window1: mouseVisible = True
1089.4857 	EXP 	window1: mouseVisible = True
1089.4858 	EXP 	window1: mouseVisible = True
1089.4859 	EXP 	window1: mouseVisible = True
1089.4861 	EXP 	window1: mouseVisible = True
1089.4862 	EXP 	window1: mouseVisible = True
1089.4863 	EXP 	window1: mouseVisible = True
1089.4864 	EXP 	window1: mouseVisible = True
1089.4866 	EXP 	window1: mouseVisible = True
1089.4867 	EXP 	window1: mouseVisible = True
1089.4868 	EXP 	window1: mouseVisible = True
1089.4869 	EXP 	window1: mouseVisible = True
1089.4871 	EXP 	window1: mouseVisible = True
1089.4872 	EXP 	window1: mouseVisible = True
1089.4873 	EXP 	window1: mouseVisible = True
1089.4874 	EXP 	window1: mouseVisible = True
1089.4876 	EXP 	window1: mouseVisible = True
1089.4877 	EXP 	window1: mouseVisible = True
1089.4878 	EXP 	window1: mouseVisible = True
1089.4880 	EXP 	window1: mouseVisible = True
1089.4881 	EXP 	window1: mouseVisible = True
1089.4882 	EXP 	window1: mouseVisible = True
1089.4883 	EXP 	window1: mouseVisible = True
1089.4885 	EXP 	window1: mouseVisible = True
1089.4888 	EXP 	window1: mouseVisible = True
1089.4890 	EXP 	window1: mouseVisible = True
1089.4892 	EXP 	window1: mouseVisible = True
1089.4894 	EXP 	window1: mouseVisible = True
1089.4895 	EXP 	window1: mouseVisible = True
1089.4896 	EXP 	window1: mouseVisible = True
1089.4898 	EXP 	window1: mouseVisible = True
1089.4899 	EXP 	window1: mouseVisible = True
1089.4900 	EXP 	window1: mouseVisible = True
1089.4902 	EXP 	window1: mouseVisible = True
1089.4903 	EXP 	window1: mouseVisible = True
1089.4904 	EXP 	window1: mouseVisible = True
1089.4906 	EXP 	window1: mouseVisible = True
1089.4907 	EXP 	window1: mouseVisible = True
1089.4908 	EXP 	window1: mouseVisible = True
1089.4909 	EXP 	window1: mouseVisible = True
1089.4911 	EXP 	window1: mouseVisible = True
1089.4912 	EXP 	window1: mouseVisible = True
1089.4913 	EXP 	window1: mouseVisible = True
1089.4915 	EXP 	window1: mouseVisible = True
1089.4916 	EXP 	window1: mouseVisible = True
1089.4917 	EXP 	window1: mouseVisible = True
1089.4919 	EXP 	window1: mouseVisible = True
1089.4920 	EXP 	window1: mouseVisible = True
1089.4921 	EXP 	window1: mouseVisible = True
1089.4923 	EXP 	window1: mouseVisible = True
1089.4924 	EXP 	window1: mouseVisible = True
1089.4925 	EXP 	window1: mouseVisible = True
1089.4926 	EXP 	window1: mouseVisible = True
1089.4928 	EXP 	window1: mouseVisible = True
1089.4929 	EXP 	window1: mouseVisible = True
1089.4930 	EXP 	window1: mouseVisible = True
1089.4932 	EXP 	window1: mouseVisible = True
1089.4933 	EXP 	window1: mouseVisible = True
1089.4935 	EXP 	window1: mouseVisible = True
1089.4936 	EXP 	window1: mouseVisible = True
1089.4937 	EXP 	window1: mouseVisible = True
1089.4938 	EXP 	window1: mouseVisible = True
1089.4940 	EXP 	window1: mouseVisible = True
1089.4941 	EXP 	window1: mouseVisible = True
1089.4942 	EXP 	window1: mouseVisible = True
1089.4944 	EXP 	window1: mouseVisible = True
1089.4945 	EXP 	window1: mouseVisible = True
1089.4946 	EXP 	window1: mouseVisible = True
1089.4967 	EXP 	Created ratingScale = RatingScale(__class__=type(...), acceptKeys=['return'], acceptPreText=UNKNOWN, acceptSize=UNKNOWN, acceptText=UNKNOWN, autoLog=True, choices=False, colorSpace='rgb', depth=0, disappear=False, flipVert=False, high=100, kwargs=UNKNOWN, labels=list(...), leftKeys=['left'], lineColor=(255, 255, 255), low=0, marker=Rect(...), markerColor=(255, 255, 255), markerExpansion=UNKNOWN, markerStart=0.5, maxTime=0.0, minTime=0.4, mouseOnly=False, name='ratingScale', noMouse=False, pos=[0.0, 0.0], precision=100, respKeys=[], rightKeys=['right'], scale=None, self=UNKNOWN, showAccept=False, showValue=False, singleClick=False, size=0.6, skipKeys=['tab'], stretch=2.0, textColor='white', textFont='Helvetica Bold', textSize=0.144, tickHeight=0, tickMarks=10.0, win=Window(...))
1089.4967 	EXP 	RatingScale ratingScale: reset()
1089.4988 	EXP 	window1: mouseVisible = False
1089.5102 	EXP 	thermode_locali: autoDraw = False
1089.5102 	EXP 	thermode_locali: autoDraw = False
1089.5102 	EXP 	ratingScale: flipVert = False
1089.5102 	EXP 	ratingScale: autoLog = True
1089.5117 	EXP 	window1: mouseVisible = False
1089.5283 	EXP 	window1: mouseVisible = False
1089.5449 	EXP 	window1: mouseVisible = False
1089.5616 	EXP 	window1: mouseVisible = False
1089.5783 	EXP 	window1: mouseVisible = False
1089.5950 	EXP 	window1: mouseVisible = False
1089.6116 	EXP 	window1: mouseVisible = False
1089.6283 	EXP 	window1: mouseVisible = False
1089.6449 	EXP 	window1: mouseVisible = False
1089.6616 	EXP 	window1: mouseVisible = False
1089.6783 	EXP 	window1: mouseVisible = False
1089.6950 	EXP 	window1: mouseVisible = False
1089.7116 	EXP 	window1: mouseVisible = False
1089.7283 	EXP 	window1: mouseVisible = False
1089.7450 	EXP 	window1: mouseVisible = False
1089.7619 	EXP 	window1: mouseVisible = False
1089.7783 	EXP 	window1: mouseVisible = False
1089.7950 	EXP 	window1: mouseVisible = False
1089.8116 	EXP 	window1: mouseVisible = False
1089.8284 	EXP 	window1: mouseVisible = False
1089.8450 	EXP 	window1: mouseVisible = False
1089.8617 	EXP 	window1: mouseVisible = False
1089.8783 	EXP 	window1: mouseVisible = False
1089.8950 	EXP 	window1: mouseVisible = False
1089.9117 	EXP 	window1: mouseVisible = False
1089.9284 	EXP 	window1: mouseVisible = False
1089.9450 	EXP 	window1: mouseVisible = False
1089.9617 	EXP 	window1: mouseVisible = False
1089.9783 	EXP 	window1: mouseVisible = False
1089.9950 	EXP 	window1: mouseVisible = False
1090.0116 	EXP 	window1: mouseVisible = False
1090.0283 	EXP 	window1: mouseVisible = False
1090.0450 	EXP 	window1: mouseVisible = False
1090.0616 	EXP 	window1: mouseVisible = False
1090.0790 	EXP 	window1: mouseVisible = False
1090.0951 	EXP 	window1: mouseVisible = False
1090.1116 	EXP 	window1: mouseVisible = False
1090.1283 	EXP 	window1: mouseVisible = False
1090.1450 	EXP 	window1: mouseVisible = False
1090.1616 	EXP 	window1: mouseVisible = False
1090.1783 	EXP 	window1: mouseVisible = False
1090.1950 	EXP 	window1: mouseVisible = False
1090.2116 	EXP 	window1: mouseVisible = False
1090.2283 	EXP 	window1: mouseVisible = False
1090.2450 	EXP 	window1: mouseVisible = False
1090.2616 	EXP 	window1: mouseVisible = False
1090.2783 	EXP 	window1: mouseVisible = False
1090.2949 	EXP 	window1: mouseVisible = False
1090.3117 	EXP 	window1: mouseVisible = False
1090.3283 	EXP 	window1: mouseVisible = False
1090.3450 	EXP 	window1: mouseVisible = False
1090.3616 	EXP 	window1: mouseVisible = False
1090.3783 	EXP 	window1: mouseVisible = False
1090.3950 	EXP 	window1: mouseVisible = False
1090.4116 	EXP 	window1: mouseVisible = False
1090.4283 	EXP 	window1: mouseVisible = False
1090.4449 	EXP 	window1: mouseVisible = False
1090.4616 	EXP 	window1: mouseVisible = False
1090.4783 	EXP 	window1: mouseVisible = False
1090.4949 	EXP 	window1: mouseVisible = False
1090.5116 	EXP 	window1: mouseVisible = False
1090.5283 	EXP 	window1: mouseVisible = False
1090.5450 	EXP 	window1: mouseVisible = False
1090.5616 	EXP 	window1: mouseVisible = False
1090.5783 	EXP 	window1: mouseVisible = False
1090.5949 	EXP 	window1: mouseVisible = False
1090.6116 	EXP 	window1: mouseVisible = False
1090.6283 	EXP 	window1: mouseVisible = False
1090.6451 	EXP 	window1: mouseVisible = False
1090.6617 	EXP 	window1: mouseVisible = False
1090.6784 	EXP 	window1: mouseVisible = False
1090.6949 	EXP 	window1: mouseVisible = False
1090.7116 	EXP 	window1: mouseVisible = False
1090.7285 	EXP 	window1: mouseVisible = False
1090.7450 	EXP 	window1: mouseVisible = False
1090.7616 	EXP 	window1: mouseVisible = False
1090.7783 	EXP 	window1: mouseVisible = False
1090.7949 	EXP 	window1: mouseVisible = False
1090.8116 	EXP 	window1: mouseVisible = False
1090.8284 	EXP 	window1: mouseVisible = False
1090.8450 	EXP 	window1: mouseVisible = False
1090.8616 	EXP 	window1: mouseVisible = False
1090.8783 	EXP 	window1: mouseVisible = False
1090.8950 	EXP 	window1: mouseVisible = False
1090.9117 	EXP 	window1: mouseVisible = False
1090.9283 	EXP 	window1: mouseVisible = False
1090.9450 	EXP 	window1: mouseVisible = False
1090.9617 	EXP 	window1: mouseVisible = False
1090.9783 	EXP 	window1: mouseVisible = False
1090.9949 	EXP 	window1: mouseVisible = False
1091.0116 	EXP 	window1: mouseVisible = False
1091.0283 	EXP 	window1: mouseVisible = False
1091.0450 	EXP 	window1: mouseVisible = False
1091.0616 	EXP 	window1: mouseVisible = False
1091.0783 	EXP 	window1: mouseVisible = False
1091.0950 	EXP 	window1: mouseVisible = False
1091.1117 	EXP 	window1: mouseVisible = False
1091.1279 	DATA 	Keypress: n
1091.1285 	EXP 	window1: mouseVisible = False
1091.1450 	EXP 	window1: mouseVisible = False
1091.1617 	EXP 	window1: mouseVisible = False
1091.1783 	EXP 	window1: mouseVisible = False
1091.1950 	EXP 	window1: mouseVisible = False
1091.2117 	EXP 	window1: mouseVisible = False
1091.2285 	EXP 	window1: mouseVisible = False
1091.2450 	EXP 	window1: mouseVisible = False
1091.2618 	EXP 	window1: mouseVisible = False
1091.2784 	EXP 	window1: mouseVisible = False
1091.2955 	EXP 	window1: mouseVisible = False
1091.3118 	EXP 	window1: mouseVisible = False
1091.3283 	EXP 	window1: mouseVisible = False
1091.3450 	EXP 	window1: mouseVisible = False
1091.3617 	EXP 	window1: mouseVisible = False
1091.3783 	EXP 	window1: mouseVisible = False
1091.3950 	EXP 	window1: mouseVisible = False
1091.4116 	EXP 	window1: mouseVisible = False
1091.4284 	EXP 	window1: mouseVisible = False
1091.4450 	EXP 	window1: mouseVisible = False
1091.4617 	EXP 	window1: mouseVisible = False
1091.4779 	DATA 	Keypress: n
1091.4785 	EXP 	window1: mouseVisible = False
1091.4951 	EXP 	window1: mouseVisible = False
1091.5119 	EXP 	window1: mouseVisible = False
1091.5284 	EXP 	window1: mouseVisible = False
1091.5450 	EXP 	window1: mouseVisible = False
1091.5616 	EXP 	window1: mouseVisible = False
1091.5783 	EXP 	window1: mouseVisible = False
1091.5953 	EXP 	window1: mouseVisible = False
1091.6117 	EXP 	window1: mouseVisible = False
1091.6283 	EXP 	window1: mouseVisible = False
1091.6450 	EXP 	window1: mouseVisible = False
1091.6612 	DATA 	Keypress: n
1091.6618 	EXP 	window1: mouseVisible = False
1091.6783 	EXP 	window1: mouseVisible = False
1091.6954 	EXP 	window1: mouseVisible = False
1091.7117 	EXP 	window1: mouseVisible = False
1091.7283 	EXP 	window1: mouseVisible = False
1091.7451 	EXP 	window1: mouseVisible = False
1091.7617 	EXP 	window1: mouseVisible = False
1091.7784 	EXP 	window1: mouseVisible = False
1091.7955 	EXP 	window1: mouseVisible = False
1091.8116 	EXP 	window1: mouseVisible = False
1091.8278 	DATA 	Keypress: n
1091.8284 	EXP 	window1: mouseVisible = False
1091.8450 	EXP 	window1: mouseVisible = False
1091.8619 	EXP 	window1: mouseVisible = False
1091.8798 	EXP 	window1: mouseVisible = False
1091.8954 	EXP 	window1: mouseVisible = False
1091.9117 	EXP 	window1: mouseVisible = False
1091.9285 	EXP 	window1: mouseVisible = False
1091.9449 	EXP 	window1: mouseVisible = False
1091.9618 	EXP 	window1: mouseVisible = False
1091.9784 	EXP 	window1: mouseVisible = False
1091.9954 	EXP 	window1: mouseVisible = False
1092.0117 	EXP 	window1: mouseVisible = False
1092.0285 	EXP 	window1: mouseVisible = False
1092.0450 	EXP 	window1: mouseVisible = False
1092.0617 	EXP 	window1: mouseVisible = False
1092.0783 	EXP 	window1: mouseVisible = False
1092.0950 	EXP 	window1: mouseVisible = False
1092.1117 	EXP 	window1: mouseVisible = False
1092.1284 	EXP 	window1: mouseVisible = False
1092.1450 	EXP 	window1: mouseVisible = False
1092.1617 	EXP 	window1: mouseVisible = False
1092.1784 	EXP 	window1: mouseVisible = False
1092.1953 	EXP 	window1: mouseVisible = False
1092.2117 	EXP 	window1: mouseVisible = False
1092.2285 	EXP 	window1: mouseVisible = False
1092.2451 	EXP 	window1: mouseVisible = False
1092.2616 	EXP 	window1: mouseVisible = False
1092.2783 	EXP 	window1: mouseVisible = False
1092.2953 	EXP 	window1: mouseVisible = False
1092.3117 	EXP 	window1: mouseVisible = False
1092.3286 	EXP 	window1: mouseVisible = False
1092.3450 	EXP 	window1: mouseVisible = False
1092.3617 	EXP 	window1: mouseVisible = False
1092.3783 	EXP 	window1: mouseVisible = False
1092.3950 	EXP 	window1: mouseVisible = False
1092.4116 	EXP 	window1: mouseVisible = False
1092.4283 	EXP 	window1: mouseVisible = False
1092.4450 	EXP 	window1: mouseVisible = False
1092.4616 	EXP 	window1: mouseVisible = False
1092.4783 	EXP 	window1: mouseVisible = False
1092.4950 	EXP 	window1: mouseVisible = False
1092.5116 	EXP 	window1: mouseVisible = False
1092.5284 	EXP 	window1: mouseVisible = False
1092.5451 	EXP 	window1: mouseVisible = False
1092.5618 	EXP 	window1: mouseVisible = False
1092.5783 	EXP 	window1: mouseVisible = False
1092.5951 	EXP 	window1: mouseVisible = False
1092.6123 	DATA 	Keypress: space
1092.7131 	EXP 	New trial (rep=5, index=0): None
1092.7269 	EXP 	main_text: autoDraw = True
1092.7269 	EXP 	confirm_text: autoDraw = True
1092.7269 	EXP 	ratingScale: autoDraw = False
1092.7269 	EXP 	main_text: autoDraw = False
1092.7269 	EXP 	confirm_text: autoDraw = False
1092.7269 	EXP 	text_2: autoDraw = True
1092.7269 	EXP 	croix: autoDraw = True
1097.7270 	EXP 	text_2: autoDraw = False
1097.7270 	EXP 	croix: autoDraw = False
1097.7270 	EXP 	text_2: autoDraw = False
1097.7270 	EXP 	croix: autoDraw = False
1097.7270 	EXP 	thermode_locali: autoDraw = True
1109.7108 	EXP 	window1: mouseVisible = True
1109.7117 	EXP 	Created unnamed Rect = Rect(__class__=<class 'psychopy.visual.rect.Rect'>, anchor=('center', 'center'), autoDraw=False, autoLog=True, closeShape=True, color=method-wrapper(...), colorSpace='rgb', contrast=None, depth=0, draggable=False, fillColor=array([1, 1, 1]), fillColorSpace='rgb', fillRGB=array([1, 1, 1]), interpolate=True, lineColor=array([1., 1., 1.]), lineColorSpace='rgb', lineRGB=array([1, 1, 1]), lineWidth=1.5, name='unnamed Rect', opacity=1.0, ori=0.0, pos=array([0., 0.]), size=array([0.01, 0.1 ]), units='norm', vertices=ndarray(...), win=Window(...))
1109.7117 	EXP 	window1: mouseVisible = True
1109.7118 	EXP 	window1: mouseVisible = True
1109.7124 	EXP 	window1: mouseVisible = True
1109.7138 	EXP 	window1: mouseVisible = True
1109.7149 	EXP 	window1: mouseVisible = True
1109.7151 	EXP 	window1: mouseVisible = True
1109.7152 	EXP 	window1: mouseVisible = True
1109.7154 	EXP 	window1: mouseVisible = True
1109.7155 	EXP 	window1: mouseVisible = True
1109.7157 	EXP 	window1: mouseVisible = True
1109.7158 	EXP 	window1: mouseVisible = True
1109.7159 	EXP 	window1: mouseVisible = True
1109.7161 	EXP 	window1: mouseVisible = True
1109.7162 	EXP 	window1: mouseVisible = True
1109.7163 	EXP 	window1: mouseVisible = True
1109.7165 	EXP 	window1: mouseVisible = True
1109.7166 	EXP 	window1: mouseVisible = True
1109.7167 	EXP 	window1: mouseVisible = True
1109.7168 	EXP 	window1: mouseVisible = True
1109.7170 	EXP 	window1: mouseVisible = True
1109.7171 	EXP 	window1: mouseVisible = True
1109.7172 	EXP 	window1: mouseVisible = True
1109.7173 	EXP 	window1: mouseVisible = True
1109.7175 	EXP 	window1: mouseVisible = True
1109.7176 	EXP 	window1: mouseVisible = True
1109.7178 	EXP 	window1: mouseVisible = True
1109.7179 	EXP 	window1: mouseVisible = True
1109.7180 	EXP 	window1: mouseVisible = True
1109.7182 	EXP 	window1: mouseVisible = True
1109.7183 	EXP 	window1: mouseVisible = True
1109.7184 	EXP 	window1: mouseVisible = True
1109.7186 	EXP 	window1: mouseVisible = True
1109.7187 	EXP 	window1: mouseVisible = True
1109.7188 	EXP 	window1: mouseVisible = True
1109.7190 	EXP 	window1: mouseVisible = True
1109.7191 	EXP 	window1: mouseVisible = True
1109.7192 	EXP 	window1: mouseVisible = True
1109.7193 	EXP 	window1: mouseVisible = True
1109.7195 	EXP 	window1: mouseVisible = True
1109.7196 	EXP 	window1: mouseVisible = True
1109.7197 	EXP 	window1: mouseVisible = True
1109.7198 	EXP 	window1: mouseVisible = True
1109.7200 	EXP 	window1: mouseVisible = True
1109.7201 	EXP 	window1: mouseVisible = True
1109.7202 	EXP 	window1: mouseVisible = True
1109.7203 	EXP 	window1: mouseVisible = True
1109.7205 	EXP 	window1: mouseVisible = True
1109.7206 	EXP 	window1: mouseVisible = True
1109.7207 	EXP 	window1: mouseVisible = True
1109.7208 	EXP 	window1: mouseVisible = True
1109.7210 	EXP 	window1: mouseVisible = True
1109.7211 	EXP 	window1: mouseVisible = True
1109.7212 	EXP 	window1: mouseVisible = True
1109.7214 	EXP 	window1: mouseVisible = True
1109.7215 	EXP 	window1: mouseVisible = True
1109.7216 	EXP 	window1: mouseVisible = True
1109.7218 	EXP 	window1: mouseVisible = True
1109.7219 	EXP 	window1: mouseVisible = True
1109.7220 	EXP 	window1: mouseVisible = True
1109.7222 	EXP 	window1: mouseVisible = True
1109.7223 	EXP 	window1: mouseVisible = True
1109.7224 	EXP 	window1: mouseVisible = True
1109.7226 	EXP 	window1: mouseVisible = True
1109.7227 	EXP 	window1: mouseVisible = True
1109.7228 	EXP 	window1: mouseVisible = True
1109.7229 	EXP 	window1: mouseVisible = True
1109.7231 	EXP 	window1: mouseVisible = True
1109.7232 	EXP 	window1: mouseVisible = True
1109.7233 	EXP 	window1: mouseVisible = True
1109.7234 	EXP 	window1: mouseVisible = True
1109.7236 	EXP 	window1: mouseVisible = True
1109.7237 	EXP 	window1: mouseVisible = True
1109.7238 	EXP 	window1: mouseVisible = True
1109.7239 	EXP 	window1: mouseVisible = True
1109.7241 	EXP 	window1: mouseVisible = True
1109.7242 	EXP 	window1: mouseVisible = True
1109.7243 	EXP 	window1: mouseVisible = True
1109.7244 	EXP 	window1: mouseVisible = True
1109.7246 	EXP 	window1: mouseVisible = True
1109.7247 	EXP 	window1: mouseVisible = True
1109.7248 	EXP 	window1: mouseVisible = True
1109.7249 	EXP 	window1: mouseVisible = True
1109.7251 	EXP 	window1: mouseVisible = True
1109.7252 	EXP 	window1: mouseVisible = True
1109.7253 	EXP 	window1: mouseVisible = True
1109.7255 	EXP 	window1: mouseVisible = True
1109.7256 	EXP 	window1: mouseVisible = True
1109.7257 	EXP 	window1: mouseVisible = True
1109.7259 	EXP 	window1: mouseVisible = True
1109.7260 	EXP 	window1: mouseVisible = True
1109.7261 	EXP 	window1: mouseVisible = True
1109.7263 	EXP 	window1: mouseVisible = True
1109.7264 	EXP 	window1: mouseVisible = True
1109.7265 	EXP 	window1: mouseVisible = True
1109.7266 	EXP 	window1: mouseVisible = True
1109.7268 	EXP 	window1: mouseVisible = True
1109.7269 	EXP 	window1: mouseVisible = True
1109.7270 	EXP 	window1: mouseVisible = True
1109.7272 	EXP 	window1: mouseVisible = True
1109.7273 	EXP 	window1: mouseVisible = True
1109.7275 	EXP 	window1: mouseVisible = True
1109.7276 	EXP 	window1: mouseVisible = True
1109.7277 	EXP 	window1: mouseVisible = True
1109.7278 	EXP 	window1: mouseVisible = True
1109.7299 	EXP 	Created ratingScale = RatingScale(__class__=type(...), acceptKeys=['return'], acceptPreText=UNKNOWN, acceptSize=UNKNOWN, acceptText=UNKNOWN, autoLog=True, choices=False, colorSpace='rgb', depth=0, disappear=False, flipVert=False, high=100, kwargs=UNKNOWN, labels=list(...), leftKeys=['left'], lineColor=(255, 255, 255), low=0, marker=Rect(...), markerColor=(255, 255, 255), markerExpansion=UNKNOWN, markerStart=0.5, maxTime=0.0, minTime=0.4, mouseOnly=False, name='ratingScale', noMouse=False, pos=[0.0, 0.0], precision=100, respKeys=[], rightKeys=['right'], scale=None, self=UNKNOWN, showAccept=False, showValue=False, singleClick=False, size=0.6, skipKeys=['tab'], stretch=2.0, textColor='white', textFont='Helvetica Bold', textSize=0.144, tickHeight=0, tickMarks=10.0, win=Window(...))
1109.7299 	EXP 	RatingScale ratingScale: reset()
1109.7320 	EXP 	window1: mouseVisible = False
1109.7436 	EXP 	thermode_locali: autoDraw = False
1109.7436 	EXP 	thermode_locali: autoDraw = False
1109.7436 	EXP 	ratingScale: flipVert = False
1109.7436 	EXP 	ratingScale: autoLog = True
1109.7451 	EXP 	window1: mouseVisible = False
1109.7618 	EXP 	window1: mouseVisible = False
1109.7784 	EXP 	window1: mouseVisible = False
1109.7951 	EXP 	window1: mouseVisible = False
1109.8117 	EXP 	window1: mouseVisible = False
1109.8286 	EXP 	window1: mouseVisible = False
1109.8451 	EXP 	window1: mouseVisible = False
1109.8619 	EXP 	window1: mouseVisible = False
1109.8785 	EXP 	window1: mouseVisible = False
1109.8951 	EXP 	window1: mouseVisible = False
1109.9118 	EXP 	window1: mouseVisible = False
1109.9284 	EXP 	window1: mouseVisible = False
1109.9451 	EXP 	window1: mouseVisible = False
1109.9617 	EXP 	window1: mouseVisible = False
1109.9785 	EXP 	window1: mouseVisible = False
1109.9951 	EXP 	window1: mouseVisible = False
1110.0117 	EXP 	window1: mouseVisible = False
1110.0285 	EXP 	window1: mouseVisible = False
1110.0451 	EXP 	window1: mouseVisible = False
1110.0617 	EXP 	window1: mouseVisible = False
1110.0784 	EXP 	window1: mouseVisible = False
1110.0951 	EXP 	window1: mouseVisible = False
1110.1118 	EXP 	window1: mouseVisible = False
1110.1284 	EXP 	window1: mouseVisible = False
1110.1451 	EXP 	window1: mouseVisible = False
1110.1618 	EXP 	window1: mouseVisible = False
1110.1784 	EXP 	window1: mouseVisible = False
1110.1951 	EXP 	window1: mouseVisible = False
1110.2117 	EXP 	window1: mouseVisible = False
1110.2282 	DATA 	Keypress: n
1110.2287 	EXP 	window1: mouseVisible = False
1110.2453 	EXP 	window1: mouseVisible = False
1110.2618 	EXP 	window1: mouseVisible = False
1110.2785 	EXP 	window1: mouseVisible = False
1110.2951 	EXP 	window1: mouseVisible = False
1110.3117 	EXP 	window1: mouseVisible = False
1110.3286 	EXP 	window1: mouseVisible = False
1110.3451 	EXP 	window1: mouseVisible = False
1110.3618 	EXP 	window1: mouseVisible = False
1110.3784 	EXP 	window1: mouseVisible = False
1110.3951 	EXP 	window1: mouseVisible = False
1110.4118 	EXP 	window1: mouseVisible = False
1110.4286 	EXP 	window1: mouseVisible = False
1110.4451 	EXP 	window1: mouseVisible = False
1110.4618 	EXP 	window1: mouseVisible = False
1110.4784 	EXP 	window1: mouseVisible = False
1110.4951 	EXP 	window1: mouseVisible = False
1110.5117 	EXP 	window1: mouseVisible = False
1110.5285 	EXP 	window1: mouseVisible = False
1110.5451 	EXP 	window1: mouseVisible = False
1110.5618 	EXP 	window1: mouseVisible = False
1110.5784 	EXP 	window1: mouseVisible = False
1110.5951 	EXP 	window1: mouseVisible = False
1110.6118 	EXP 	window1: mouseVisible = False
1110.6285 	EXP 	window1: mouseVisible = False
1110.6451 	EXP 	window1: mouseVisible = False
1110.6618 	EXP 	window1: mouseVisible = False
1110.6784 	EXP 	window1: mouseVisible = False
1110.6951 	EXP 	window1: mouseVisible = False
1110.7117 	EXP 	window1: mouseVisible = False
1110.7286 	EXP 	window1: mouseVisible = False
1110.7452 	EXP 	window1: mouseVisible = False
1110.7618 	EXP 	window1: mouseVisible = False
1110.7785 	EXP 	window1: mouseVisible = False
1110.7951 	EXP 	window1: mouseVisible = False
1110.8119 	EXP 	window1: mouseVisible = False
1110.8284 	EXP 	window1: mouseVisible = False
1110.8452 	EXP 	window1: mouseVisible = False
1110.8618 	EXP 	window1: mouseVisible = False
1110.8785 	EXP 	window1: mouseVisible = False
1110.8951 	EXP 	window1: mouseVisible = False
1110.9118 	EXP 	window1: mouseVisible = False
1110.9286 	EXP 	window1: mouseVisible = False
1110.9451 	EXP 	window1: mouseVisible = False
1110.9618 	EXP 	window1: mouseVisible = False
1110.9786 	EXP 	window1: mouseVisible = False
1110.9951 	EXP 	window1: mouseVisible = False
1111.0120 	EXP 	window1: mouseVisible = False
1111.0286 	EXP 	window1: mouseVisible = False
1111.0452 	EXP 	window1: mouseVisible = False
1111.0619 	EXP 	window1: mouseVisible = False
1111.0785 	EXP 	window1: mouseVisible = False
1111.0953 	EXP 	window1: mouseVisible = False
1111.1118 	EXP 	window1: mouseVisible = False
1111.1286 	EXP 	window1: mouseVisible = False
1111.1452 	EXP 	window1: mouseVisible = False
1111.1618 	EXP 	window1: mouseVisible = False
1111.1786 	EXP 	window1: mouseVisible = False
1111.1952 	EXP 	window1: mouseVisible = False
1111.2119 	EXP 	window1: mouseVisible = False
1111.2285 	EXP 	window1: mouseVisible = False
1111.2453 	EXP 	window1: mouseVisible = False
1111.2618 	EXP 	window1: mouseVisible = False
1111.2789 	EXP 	window1: mouseVisible = False
1111.2955 	EXP 	window1: mouseVisible = False
1111.3119 	EXP 	window1: mouseVisible = False
1111.3287 	EXP 	window1: mouseVisible = False
1111.3453 	EXP 	window1: mouseVisible = False
1111.3620 	EXP 	window1: mouseVisible = False
1111.3786 	EXP 	window1: mouseVisible = False
1111.3955 	EXP 	window1: mouseVisible = False
1111.4120 	EXP 	window1: mouseVisible = False
1111.4287 	EXP 	window1: mouseVisible = False
1111.4453 	EXP 	window1: mouseVisible = False
1111.4619 	EXP 	window1: mouseVisible = False
1111.4785 	EXP 	window1: mouseVisible = False
1111.4952 	EXP 	window1: mouseVisible = False
1111.5118 	EXP 	window1: mouseVisible = False
1111.5285 	EXP 	window1: mouseVisible = False
1111.5452 	EXP 	window1: mouseVisible = False
1111.5618 	EXP 	window1: mouseVisible = False
1111.5785 	EXP 	window1: mouseVisible = False
1111.5952 	EXP 	window1: mouseVisible = False
1111.6120 	EXP 	window1: mouseVisible = False
1111.6287 	EXP 	window1: mouseVisible = False
1111.6452 	EXP 	window1: mouseVisible = False
1111.6619 	EXP 	window1: mouseVisible = False
1111.6785 	EXP 	window1: mouseVisible = False
1111.6952 	EXP 	window1: mouseVisible = False
1111.7118 	EXP 	window1: mouseVisible = False
1111.7285 	EXP 	window1: mouseVisible = False
1111.7453 	EXP 	window1: mouseVisible = False
1111.7619 	EXP 	window1: mouseVisible = False
1111.7785 	EXP 	window1: mouseVisible = False
1111.7952 	EXP 	window1: mouseVisible = False
1111.8118 	EXP 	window1: mouseVisible = False
1111.8285 	EXP 	window1: mouseVisible = False
1111.8452 	EXP 	window1: mouseVisible = False
1111.8619 	EXP 	window1: mouseVisible = False
1111.8785 	EXP 	window1: mouseVisible = False
1111.8951 	EXP 	window1: mouseVisible = False
1111.9119 	EXP 	window1: mouseVisible = False
1111.9285 	EXP 	window1: mouseVisible = False
1111.9452 	EXP 	window1: mouseVisible = False
1111.9619 	EXP 	window1: mouseVisible = False
1111.9785 	EXP 	window1: mouseVisible = False
1111.9952 	EXP 	window1: mouseVisible = False
1112.0118 	EXP 	window1: mouseVisible = False
1112.0285 	EXP 	window1: mouseVisible = False
1112.0452 	EXP 	window1: mouseVisible = False
1112.0619 	EXP 	window1: mouseVisible = False
1112.0785 	EXP 	window1: mouseVisible = False
1112.0954 	EXP 	window1: mouseVisible = False
1112.1118 	EXP 	window1: mouseVisible = False
1112.1286 	EXP 	window1: mouseVisible = False
1112.1452 	EXP 	window1: mouseVisible = False
1112.1619 	EXP 	window1: mouseVisible = False
1112.1785 	EXP 	window1: mouseVisible = False
1112.1953 	EXP 	window1: mouseVisible = False
1112.2118 	EXP 	window1: mouseVisible = False
1112.2285 	EXP 	window1: mouseVisible = False
1112.2452 	EXP 	window1: mouseVisible = False
1112.2619 	EXP 	window1: mouseVisible = False
1112.2785 	EXP 	window1: mouseVisible = False
1112.2954 	EXP 	window1: mouseVisible = False
1112.3119 	EXP 	window1: mouseVisible = False
1112.3285 	EXP 	window1: mouseVisible = False
1112.3452 	EXP 	window1: mouseVisible = False
1112.3621 	EXP 	window1: mouseVisible = False
1112.3785 	EXP 	window1: mouseVisible = False
1112.3953 	EXP 	window1: mouseVisible = False
1112.4118 	EXP 	window1: mouseVisible = False
1112.4286 	EXP 	window1: mouseVisible = False
1112.4451 	EXP 	window1: mouseVisible = False
1112.4620 	EXP 	window1: mouseVisible = False
1112.4785 	EXP 	window1: mouseVisible = False
1112.4952 	EXP 	window1: mouseVisible = False
1112.5119 	EXP 	window1: mouseVisible = False
1112.5286 	EXP 	window1: mouseVisible = False
1112.5452 	EXP 	window1: mouseVisible = False
1112.5619 	EXP 	window1: mouseVisible = False
1112.5785 	EXP 	window1: mouseVisible = False
1112.5952 	EXP 	window1: mouseVisible = False
1112.6120 	EXP 	window1: mouseVisible = False
1112.6285 	EXP 	window1: mouseVisible = False
1112.6452 	EXP 	window1: mouseVisible = False
1112.6618 	EXP 	window1: mouseVisible = False
1112.6786 	EXP 	window1: mouseVisible = False
1112.6952 	EXP 	window1: mouseVisible = False
1112.7119 	EXP 	window1: mouseVisible = False
1112.7285 	EXP 	window1: mouseVisible = False
1112.7452 	EXP 	window1: mouseVisible = False
1112.7619 	EXP 	window1: mouseVisible = False
1112.7785 	EXP 	window1: mouseVisible = False
1112.7952 	EXP 	window1: mouseVisible = False
1112.8119 	EXP 	window1: mouseVisible = False
1112.8286 	EXP 	window1: mouseVisible = False
1112.8452 	EXP 	window1: mouseVisible = False
1112.8619 	EXP 	window1: mouseVisible = False
1112.8785 	EXP 	window1: mouseVisible = False
1112.8953 	EXP 	window1: mouseVisible = False
1112.9119 	EXP 	window1: mouseVisible = False
1112.9285 	EXP 	window1: mouseVisible = False
1112.9451 	EXP 	window1: mouseVisible = False
1112.9621 	EXP 	window1: mouseVisible = False
1112.9786 	EXP 	window1: mouseVisible = False
1112.9952 	EXP 	window1: mouseVisible = False
1113.0118 	EXP 	window1: mouseVisible = False
1113.0285 	EXP 	window1: mouseVisible = False
1113.0453 	EXP 	window1: mouseVisible = False
1113.0618 	EXP 	window1: mouseVisible = False
1113.0785 	EXP 	window1: mouseVisible = False
1113.0952 	EXP 	window1: mouseVisible = False
1113.1118 	EXP 	window1: mouseVisible = False
1113.1285 	EXP 	window1: mouseVisible = False
1113.1452 	EXP 	window1: mouseVisible = False
1113.1618 	EXP 	window1: mouseVisible = False
1113.1785 	EXP 	window1: mouseVisible = False
1113.1953 	EXP 	window1: mouseVisible = False
1113.2119 	EXP 	window1: mouseVisible = False
1113.2285 	EXP 	window1: mouseVisible = False
1113.2452 	EXP 	window1: mouseVisible = False
1113.2618 	EXP 	window1: mouseVisible = False
1113.2785 	EXP 	window1: mouseVisible = False
1113.2952 	EXP 	window1: mouseVisible = False
1113.3115 	DATA 	Keypress: space
1113.3121 	EXP 	window1: mouseVisible = False
1113.4302 	EXP 	New trial (rep=6, index=0): None
1113.4437 	EXP 	main_text: autoDraw = True
1113.4437 	EXP 	confirm_text: autoDraw = True
1113.4437 	EXP 	ratingScale: autoDraw = False
1113.4437 	EXP 	main_text: autoDraw = False
1113.4437 	EXP 	confirm_text: autoDraw = False
1113.4437 	EXP 	text_2: autoDraw = True
1113.4437 	EXP 	croix: autoDraw = True
1118.4438 	EXP 	text_2: autoDraw = False
1118.4438 	EXP 	croix: autoDraw = False
1118.4438 	EXP 	text_2: autoDraw = False
1118.4438 	EXP 	croix: autoDraw = False
1118.4438 	EXP 	thermode_locali: autoDraw = True
1130.4278 	EXP 	window1: mouseVisible = True
1130.4286 	EXP 	Created unnamed Rect = Rect(__class__=<class 'psychopy.visual.rect.Rect'>, anchor=('center', 'center'), autoDraw=False, autoLog=True, closeShape=True, color=method-wrapper(...), colorSpace='rgb', contrast=None, depth=0, draggable=False, fillColor=array([1, 1, 1]), fillColorSpace='rgb', fillRGB=array([1, 1, 1]), interpolate=True, lineColor=array([1., 1., 1.]), lineColorSpace='rgb', lineRGB=array([1, 1, 1]), lineWidth=1.5, name='unnamed Rect', opacity=1.0, ori=0.0, pos=array([0., 0.]), size=array([0.01, 0.1 ]), units='norm', vertices=ndarray(...), win=Window(...))
1130.4287 	EXP 	window1: mouseVisible = True
1130.4288 	EXP 	window1: mouseVisible = True
1130.4293 	EXP 	window1: mouseVisible = True
1130.4304 	EXP 	window1: mouseVisible = True
1130.4315 	EXP 	window1: mouseVisible = True
1130.4316 	EXP 	window1: mouseVisible = True
1130.4318 	EXP 	window1: mouseVisible = True
1130.4319 	EXP 	window1: mouseVisible = True
1130.4320 	EXP 	window1: mouseVisible = True
1130.4322 	EXP 	window1: mouseVisible = True
1130.4323 	EXP 	window1: mouseVisible = True
1130.4325 	EXP 	window1: mouseVisible = True
1130.4327 	EXP 	window1: mouseVisible = True
1130.4328 	EXP 	window1: mouseVisible = True
1130.4329 	EXP 	window1: mouseVisible = True
1130.4331 	EXP 	window1: mouseVisible = True
1130.4332 	EXP 	window1: mouseVisible = True
1130.4333 	EXP 	window1: mouseVisible = True
1130.4335 	EXP 	window1: mouseVisible = True
1130.4336 	EXP 	window1: mouseVisible = True
1130.4337 	EXP 	window1: mouseVisible = True
1130.4339 	EXP 	window1: mouseVisible = True
1130.4340 	EXP 	window1: mouseVisible = True
1130.4341 	EXP 	window1: mouseVisible = True
1130.4342 	EXP 	window1: mouseVisible = True
1130.4344 	EXP 	window1: mouseVisible = True
1130.4345 	EXP 	window1: mouseVisible = True
1130.4346 	EXP 	window1: mouseVisible = True
1130.4348 	EXP 	window1: mouseVisible = True
1130.4349 	EXP 	window1: mouseVisible = True
1130.4350 	EXP 	window1: mouseVisible = True
1130.4351 	EXP 	window1: mouseVisible = True
1130.4353 	EXP 	window1: mouseVisible = True
1130.4354 	EXP 	window1: mouseVisible = True
1130.4355 	EXP 	window1: mouseVisible = True
1130.4357 	EXP 	window1: mouseVisible = True
1130.4358 	EXP 	window1: mouseVisible = True
1130.4359 	EXP 	window1: mouseVisible = True
1130.4360 	EXP 	window1: mouseVisible = True
1130.4362 	EXP 	window1: mouseVisible = True
1130.4363 	EXP 	window1: mouseVisible = True
1130.4364 	EXP 	window1: mouseVisible = True
1130.4365 	EXP 	window1: mouseVisible = True
1130.4367 	EXP 	window1: mouseVisible = True
1130.4368 	EXP 	window1: mouseVisible = True
1130.4369 	EXP 	window1: mouseVisible = True
1130.4371 	EXP 	window1: mouseVisible = True
1130.4372 	EXP 	window1: mouseVisible = True
1130.4373 	EXP 	window1: mouseVisible = True
1130.4375 	EXP 	window1: mouseVisible = True
1130.4376 	EXP 	window1: mouseVisible = True
1130.4377 	EXP 	window1: mouseVisible = True
1130.4378 	EXP 	window1: mouseVisible = True
1130.4380 	EXP 	window1: mouseVisible = True
1130.4381 	EXP 	window1: mouseVisible = True
1130.4382 	EXP 	window1: mouseVisible = True
1130.4383 	EXP 	window1: mouseVisible = True
1130.4385 	EXP 	window1: mouseVisible = True
1130.4386 	EXP 	window1: mouseVisible = True
1130.4387 	EXP 	window1: mouseVisible = True
1130.4388 	EXP 	window1: mouseVisible = True
1130.4389 	EXP 	window1: mouseVisible = True
1130.4391 	EXP 	window1: mouseVisible = True
1130.4392 	EXP 	window1: mouseVisible = True
1130.4393 	EXP 	window1: mouseVisible = True
1130.4395 	EXP 	window1: mouseVisible = True
1130.4396 	EXP 	window1: mouseVisible = True
1130.4397 	EXP 	window1: mouseVisible = True
1130.4398 	EXP 	window1: mouseVisible = True
1130.4400 	EXP 	window1: mouseVisible = True
1130.4401 	EXP 	window1: mouseVisible = True
1130.4402 	EXP 	window1: mouseVisible = True
1130.4403 	EXP 	window1: mouseVisible = True
1130.4405 	EXP 	window1: mouseVisible = True
1130.4406 	EXP 	window1: mouseVisible = True
1130.4407 	EXP 	window1: mouseVisible = True
1130.4409 	EXP 	window1: mouseVisible = True
1130.4410 	EXP 	window1: mouseVisible = True
1130.4411 	EXP 	window1: mouseVisible = True
1130.4413 	EXP 	window1: mouseVisible = True
1130.4414 	EXP 	window1: mouseVisible = True
1130.4415 	EXP 	window1: mouseVisible = True
1130.4416 	EXP 	window1: mouseVisible = True
1130.4418 	EXP 	window1: mouseVisible = True
1130.4419 	EXP 	window1: mouseVisible = True
1130.4420 	EXP 	window1: mouseVisible = True
1130.4421 	EXP 	window1: mouseVisible = True
1130.4423 	EXP 	window1: mouseVisible = True
1130.4424 	EXP 	window1: mouseVisible = True
1130.4425 	EXP 	window1: mouseVisible = True
1130.4427 	EXP 	window1: mouseVisible = True
1130.4428 	EXP 	window1: mouseVisible = True
1130.4429 	EXP 	window1: mouseVisible = True
1130.4430 	EXP 	window1: mouseVisible = True
1130.4432 	EXP 	window1: mouseVisible = True
1130.4433 	EXP 	window1: mouseVisible = True
1130.4434 	EXP 	window1: mouseVisible = True
1130.4435 	EXP 	window1: mouseVisible = True
1130.4437 	EXP 	window1: mouseVisible = True
1130.4438 	EXP 	window1: mouseVisible = True
1130.4439 	EXP 	window1: mouseVisible = True
1130.4441 	EXP 	window1: mouseVisible = True
1130.4442 	EXP 	window1: mouseVisible = True
1130.4443 	EXP 	window1: mouseVisible = True
1130.4463 	EXP 	Created ratingScale = RatingScale(__class__=type(...), acceptKeys=['return'], acceptPreText=UNKNOWN, acceptSize=UNKNOWN, acceptText=UNKNOWN, autoLog=True, choices=False, colorSpace='rgb', depth=0, disappear=False, flipVert=False, high=100, kwargs=UNKNOWN, labels=list(...), leftKeys=['left'], lineColor=(255, 255, 255), low=0, marker=Rect(...), markerColor=(255, 255, 255), markerExpansion=UNKNOWN, markerStart=0.5, maxTime=0.0, minTime=0.4, mouseOnly=False, name='ratingScale', noMouse=False, pos=[0.0, 0.0], precision=100, respKeys=[], rightKeys=['right'], scale=None, self=UNKNOWN, showAccept=False, showValue=False, singleClick=False, size=0.6, skipKeys=['tab'], stretch=2.0, textColor='white', textFont='Helvetica Bold', textSize=0.144, tickHeight=0, tickMarks=10.0, win=Window(...))
1130.4464 	EXP 	RatingScale ratingScale: reset()
1130.4484 	EXP 	window1: mouseVisible = False
1130.4607 	EXP 	thermode_locali: autoDraw = False
1130.4607 	EXP 	thermode_locali: autoDraw = False
1130.4607 	EXP 	ratingScale: flipVert = False
1130.4607 	EXP 	ratingScale: autoLog = True
1130.4622 	EXP 	window1: mouseVisible = False
1130.4788 	EXP 	window1: mouseVisible = False
1130.4956 	EXP 	window1: mouseVisible = False
1130.5122 	EXP 	window1: mouseVisible = False
1130.5289 	EXP 	window1: mouseVisible = False
1130.5455 	EXP 	window1: mouseVisible = False
1130.5623 	EXP 	window1: mouseVisible = False
1130.5788 	EXP 	window1: mouseVisible = False
1130.5954 	EXP 	window1: mouseVisible = False
1130.6121 	EXP 	window1: mouseVisible = False
1130.6288 	EXP 	window1: mouseVisible = False
1130.6455 	EXP 	window1: mouseVisible = False
1130.6621 	EXP 	window1: mouseVisible = False
1130.6788 	EXP 	window1: mouseVisible = False
1130.6954 	EXP 	window1: mouseVisible = False
1130.7121 	EXP 	window1: mouseVisible = False
1130.7288 	EXP 	window1: mouseVisible = False
1130.7455 	EXP 	window1: mouseVisible = False
1130.7623 	EXP 	window1: mouseVisible = False
1130.7788 	EXP 	window1: mouseVisible = False
1130.7954 	EXP 	window1: mouseVisible = False
1130.8121 	EXP 	window1: mouseVisible = False
1130.8289 	EXP 	window1: mouseVisible = False
1130.8455 	EXP 	window1: mouseVisible = False
1130.8621 	EXP 	window1: mouseVisible = False
1130.8788 	EXP 	window1: mouseVisible = False
1130.8954 	EXP 	window1: mouseVisible = False
1130.9124 	EXP 	window1: mouseVisible = False
1130.9288 	EXP 	window1: mouseVisible = False
1130.9454 	EXP 	window1: mouseVisible = False
1130.9621 	EXP 	window1: mouseVisible = False
1130.9793 	EXP 	window1: mouseVisible = False
1130.9955 	EXP 	window1: mouseVisible = False
1131.0121 	EXP 	window1: mouseVisible = False
1131.0288 	EXP 	window1: mouseVisible = False
1131.0454 	EXP 	window1: mouseVisible = False
1131.0621 	EXP 	window1: mouseVisible = False
1131.0788 	EXP 	window1: mouseVisible = False
1131.0954 	EXP 	window1: mouseVisible = False
1131.1121 	EXP 	window1: mouseVisible = False
1131.1288 	EXP 	window1: mouseVisible = False
1131.1454 	EXP 	window1: mouseVisible = False
1131.1621 	EXP 	window1: mouseVisible = False
1131.1790 	EXP 	window1: mouseVisible = False
1131.1955 	EXP 	window1: mouseVisible = False
1131.2121 	EXP 	window1: mouseVisible = False
1131.2287 	EXP 	window1: mouseVisible = False
1131.2455 	EXP 	window1: mouseVisible = False
1131.2621 	EXP 	window1: mouseVisible = False
1131.2789 	EXP 	window1: mouseVisible = False
1131.2954 	EXP 	window1: mouseVisible = False
1131.3121 	EXP 	window1: mouseVisible = False
1131.3288 	EXP 	window1: mouseVisible = False
1131.3456 	EXP 	window1: mouseVisible = False
1131.3621 	EXP 	window1: mouseVisible = False
1131.3790 	EXP 	window1: mouseVisible = False
1131.3955 	EXP 	window1: mouseVisible = False
1131.4121 	EXP 	window1: mouseVisible = False
1131.4288 	EXP 	window1: mouseVisible = False
1131.4455 	EXP 	window1: mouseVisible = False
1131.4621 	EXP 	window1: mouseVisible = False
1131.4788 	EXP 	window1: mouseVisible = False
1131.4954 	EXP 	window1: mouseVisible = False
1131.5121 	EXP 	window1: mouseVisible = False
1131.5288 	EXP 	window1: mouseVisible = False
1131.5456 	EXP 	window1: mouseVisible = False
1131.5621 	EXP 	window1: mouseVisible = False
1131.5784 	DATA 	Keypress: n
1131.5790 	EXP 	window1: mouseVisible = False
1131.5955 	EXP 	window1: mouseVisible = False
1131.6121 	EXP 	window1: mouseVisible = False
1131.6288 	EXP 	window1: mouseVisible = False
1131.6455 	EXP 	window1: mouseVisible = False
1131.6623 	EXP 	window1: mouseVisible = False
1131.6789 	EXP 	window1: mouseVisible = False
1131.6954 	EXP 	window1: mouseVisible = False
1131.7121 	EXP 	window1: mouseVisible = False
1131.7288 	EXP 	window1: mouseVisible = False
1131.7455 	EXP 	window1: mouseVisible = False
1131.7620 	EXP 	window1: mouseVisible = False
1131.7787 	EXP 	window1: mouseVisible = False
1131.7954 	EXP 	window1: mouseVisible = False
1131.8120 	EXP 	window1: mouseVisible = False
1131.8287 	EXP 	window1: mouseVisible = False
1131.8453 	EXP 	window1: mouseVisible = False
1131.8620 	EXP 	window1: mouseVisible = False
1131.8787 	EXP 	window1: mouseVisible = False
1131.8953 	EXP 	window1: mouseVisible = False
1131.9120 	EXP 	window1: mouseVisible = False
1131.9286 	EXP 	window1: mouseVisible = False
1131.9455 	EXP 	window1: mouseVisible = False
1131.9620 	EXP 	window1: mouseVisible = False
1131.9787 	EXP 	window1: mouseVisible = False
1131.9956 	EXP 	window1: mouseVisible = False
1132.0122 	EXP 	window1: mouseVisible = False
1132.0288 	EXP 	window1: mouseVisible = False
1132.0455 	EXP 	window1: mouseVisible = False
1132.0621 	EXP 	window1: mouseVisible = False
1132.0789 	EXP 	window1: mouseVisible = False
1132.0953 	EXP 	window1: mouseVisible = False
1132.1121 	EXP 	window1: mouseVisible = False
1132.1287 	EXP 	window1: mouseVisible = False
1132.1455 	EXP 	window1: mouseVisible = False
1132.1622 	EXP 	window1: mouseVisible = False
1132.1787 	EXP 	window1: mouseVisible = False
1132.1953 	EXP 	window1: mouseVisible = False
1132.2120 	EXP 	window1: mouseVisible = False
1132.2286 	EXP 	window1: mouseVisible = False
1132.2454 	EXP 	window1: mouseVisible = False
1132.2620 	EXP 	window1: mouseVisible = False
1132.2787 	EXP 	window1: mouseVisible = False
1132.2953 	EXP 	window1: mouseVisible = False
1132.3121 	EXP 	window1: mouseVisible = False
1132.3287 	EXP 	window1: mouseVisible = False
1132.3453 	EXP 	window1: mouseVisible = False
1132.3620 	EXP 	window1: mouseVisible = False
1132.3787 	EXP 	window1: mouseVisible = False
1132.3953 	EXP 	window1: mouseVisible = False
1132.4121 	EXP 	window1: mouseVisible = False
1132.4287 	EXP 	window1: mouseVisible = False
1132.4454 	EXP 	window1: mouseVisible = False
1132.4620 	EXP 	window1: mouseVisible = False
1132.4791 	EXP 	window1: mouseVisible = False
1132.4954 	EXP 	window1: mouseVisible = False
1132.5120 	EXP 	window1: mouseVisible = False
1132.5287 	EXP 	window1: mouseVisible = False
1132.5454 	EXP 	window1: mouseVisible = False
1132.5620 	EXP 	window1: mouseVisible = False
1132.5787 	EXP 	window1: mouseVisible = False
1132.5957 	DATA 	Keypress: space
1132.6965 	EXP 	New trial (rep=7, index=0): None
1132.7106 	EXP 	main_text: autoDraw = True
1132.7106 	EXP 	confirm_text: autoDraw = True
1132.7106 	EXP 	ratingScale: autoDraw = False
1132.7106 	EXP 	main_text: autoDraw = False
1132.7106 	EXP 	confirm_text: autoDraw = False
1132.7106 	EXP 	text_2: autoDraw = True
1132.7106 	EXP 	croix: autoDraw = True
1137.7106 	EXP 	text_2: autoDraw = False
1137.7106 	EXP 	croix: autoDraw = False
1137.7106 	EXP 	text_2: autoDraw = False
1137.7106 	EXP 	croix: autoDraw = False
1137.7106 	EXP 	thermode_locali: autoDraw = True
1149.6946 	EXP 	window1: mouseVisible = True
1149.6956 	EXP 	Created unnamed Rect = Rect(__class__=<class 'psychopy.visual.rect.Rect'>, anchor=('center', 'center'), autoDraw=False, autoLog=True, closeShape=True, color=method-wrapper(...), colorSpace='rgb', contrast=None, depth=0, draggable=False, fillColor=array([1, 1, 1]), fillColorSpace='rgb', fillRGB=array([1, 1, 1]), interpolate=True, lineColor=array([1., 1., 1.]), lineColorSpace='rgb', lineRGB=array([1, 1, 1]), lineWidth=1.5, name='unnamed Rect', opacity=1.0, ori=0.0, pos=array([0., 0.]), size=array([0.01, 0.1 ]), units='norm', vertices=ndarray(...), win=Window(...))
1149.6956 	EXP 	window1: mouseVisible = True
1149.6958 	EXP 	window1: mouseVisible = True
1149.6962 	EXP 	window1: mouseVisible = True
1149.6974 	EXP 	window1: mouseVisible = True
1149.6984 	EXP 	window1: mouseVisible = True
1149.6986 	EXP 	window1: mouseVisible = True
1149.6988 	EXP 	window1: mouseVisible = True
1149.6989 	EXP 	window1: mouseVisible = True
1149.6990 	EXP 	window1: mouseVisible = True
1149.6992 	EXP 	window1: mouseVisible = True
1149.6993 	EXP 	window1: mouseVisible = True
1149.6994 	EXP 	window1: mouseVisible = True
1149.6995 	EXP 	window1: mouseVisible = True
1149.6997 	EXP 	window1: mouseVisible = True
1149.6998 	EXP 	window1: mouseVisible = True
1149.6999 	EXP 	window1: mouseVisible = True
1149.7001 	EXP 	window1: mouseVisible = True
1149.7002 	EXP 	window1: mouseVisible = True
1149.7003 	EXP 	window1: mouseVisible = True
1149.7005 	EXP 	window1: mouseVisible = True
1149.7007 	EXP 	window1: mouseVisible = True
1149.7008 	EXP 	window1: mouseVisible = True
1149.7009 	EXP 	window1: mouseVisible = True
1149.7011 	EXP 	window1: mouseVisible = True
1149.7012 	EXP 	window1: mouseVisible = True
1149.7013 	EXP 	window1: mouseVisible = True
1149.7015 	EXP 	window1: mouseVisible = True
1149.7016 	EXP 	window1: mouseVisible = True
1149.7017 	EXP 	window1: mouseVisible = True
1149.7018 	EXP 	window1: mouseVisible = True
1149.7020 	EXP 	window1: mouseVisible = True
1149.7021 	EXP 	window1: mouseVisible = True
1149.7022 	EXP 	window1: mouseVisible = True
1149.7028 	EXP 	window1: mouseVisible = True
1149.7030 	EXP 	window1: mouseVisible = True
1149.7032 	EXP 	window1: mouseVisible = True
1149.7033 	EXP 	window1: mouseVisible = True
1149.7034 	EXP 	window1: mouseVisible = True
1149.7036 	EXP 	window1: mouseVisible = True
1149.7037 	EXP 	window1: mouseVisible = True
1149.7038 	EXP 	window1: mouseVisible = True
1149.7040 	EXP 	window1: mouseVisible = True
1149.7041 	EXP 	window1: mouseVisible = True
1149.7042 	EXP 	window1: mouseVisible = True
1149.7043 	EXP 	window1: mouseVisible = True
1149.7045 	EXP 	window1: mouseVisible = True
1149.7046 	EXP 	window1: mouseVisible = True
1149.7047 	EXP 	window1: mouseVisible = True
1149.7048 	EXP 	window1: mouseVisible = True
1149.7050 	EXP 	window1: mouseVisible = True
1149.7051 	EXP 	window1: mouseVisible = True
1149.7056 	EXP 	window1: mouseVisible = True
1149.7057 	EXP 	window1: mouseVisible = True
1149.7059 	EXP 	window1: mouseVisible = True
1149.7060 	EXP 	window1: mouseVisible = True
1149.7061 	EXP 	window1: mouseVisible = True
1149.7063 	EXP 	window1: mouseVisible = True
1149.7064 	EXP 	window1: mouseVisible = True
1149.7065 	EXP 	window1: mouseVisible = True
1149.7067 	EXP 	window1: mouseVisible = True
1149.7068 	EXP 	window1: mouseVisible = True
1149.7069 	EXP 	window1: mouseVisible = True
1149.7070 	EXP 	window1: mouseVisible = True
1149.7072 	EXP 	window1: mouseVisible = True
1149.7073 	EXP 	window1: mouseVisible = True
1149.7074 	EXP 	window1: mouseVisible = True
1149.7075 	EXP 	window1: mouseVisible = True
1149.7077 	EXP 	window1: mouseVisible = True
1149.7078 	EXP 	window1: mouseVisible = True
1149.7079 	EXP 	window1: mouseVisible = True
1149.7081 	EXP 	window1: mouseVisible = True
1149.7082 	EXP 	window1: mouseVisible = True
1149.7083 	EXP 	window1: mouseVisible = True
1149.7084 	EXP 	window1: mouseVisible = True
1149.7086 	EXP 	window1: mouseVisible = True
1149.7087 	EXP 	window1: mouseVisible = True
1149.7088 	EXP 	window1: mouseVisible = True
1149.7090 	EXP 	window1: mouseVisible = True
1149.7091 	EXP 	window1: mouseVisible = True
1149.7092 	EXP 	window1: mouseVisible = True
1149.7093 	EXP 	window1: mouseVisible = True
1149.7094 	EXP 	window1: mouseVisible = True
1149.7096 	EXP 	window1: mouseVisible = True
1149.7097 	EXP 	window1: mouseVisible = True
1149.7099 	EXP 	window1: mouseVisible = True
1149.7100 	EXP 	window1: mouseVisible = True
1149.7101 	EXP 	window1: mouseVisible = True
1149.7102 	EXP 	window1: mouseVisible = True
1149.7104 	EXP 	window1: mouseVisible = True
1149.7105 	EXP 	window1: mouseVisible = True
1149.7106 	EXP 	window1: mouseVisible = True
1149.7107 	EXP 	window1: mouseVisible = True
1149.7109 	EXP 	window1: mouseVisible = True
1149.7110 	EXP 	window1: mouseVisible = True
1149.7111 	EXP 	window1: mouseVisible = True
1149.7112 	EXP 	window1: mouseVisible = True
1149.7114 	EXP 	window1: mouseVisible = True
1149.7115 	EXP 	window1: mouseVisible = True
1149.7116 	EXP 	window1: mouseVisible = True
1149.7117 	EXP 	window1: mouseVisible = True
1149.7119 	EXP 	window1: mouseVisible = True
1149.7120 	EXP 	window1: mouseVisible = True
1149.7121 	EXP 	window1: mouseVisible = True
1149.7122 	EXP 	window1: mouseVisible = True
1149.7143 	EXP 	Created ratingScale = RatingScale(__class__=type(...), acceptKeys=['return'], acceptPreText=UNKNOWN, acceptSize=UNKNOWN, acceptText=UNKNOWN, autoLog=True, choices=False, colorSpace='rgb', depth=0, disappear=False, flipVert=False, high=100, kwargs=UNKNOWN, labels=list(...), leftKeys=['left'], lineColor=(255, 255, 255), low=0, marker=Rect(...), markerColor=(255, 255, 255), markerExpansion=UNKNOWN, markerStart=0.5, maxTime=0.0, minTime=0.4, mouseOnly=False, name='ratingScale', noMouse=False, pos=[0.0, 0.0], precision=100, respKeys=[], rightKeys=['right'], scale=None, self=UNKNOWN, showAccept=False, showValue=False, singleClick=False, size=0.6, skipKeys=['tab'], stretch=2.0, textColor='white', textFont='Helvetica Bold', textSize=0.144, tickHeight=0, tickMarks=10.0, win=Window(...))
1149.7143 	EXP 	RatingScale ratingScale: reset()
1149.7163 	EXP 	window1: mouseVisible = False
1149.7275 	EXP 	thermode_locali: autoDraw = False
1149.7275 	EXP 	thermode_locali: autoDraw = False
1149.7275 	EXP 	ratingScale: flipVert = False
1149.7275 	EXP 	ratingScale: autoLog = True
1149.7290 	EXP 	window1: mouseVisible = False
1149.7461 	EXP 	window1: mouseVisible = False
1149.7623 	EXP 	window1: mouseVisible = False
1149.7789 	EXP 	window1: mouseVisible = False
1149.7956 	EXP 	window1: mouseVisible = False
1149.8123 	EXP 	window1: mouseVisible = False
1149.8290 	EXP 	window1: mouseVisible = False
1149.8462 	EXP 	window1: mouseVisible = False
1149.8625 	EXP 	window1: mouseVisible = False
1149.8790 	EXP 	window1: mouseVisible = False
1149.8957 	EXP 	window1: mouseVisible = False
1149.9125 	EXP 	window1: mouseVisible = False
1149.9290 	EXP 	window1: mouseVisible = False
1149.9457 	EXP 	window1: mouseVisible = False
1149.9625 	EXP 	window1: mouseVisible = False
1149.9790 	EXP 	window1: mouseVisible = False
1149.9957 	EXP 	window1: mouseVisible = False
1150.0124 	EXP 	window1: mouseVisible = False
1150.0289 	EXP 	window1: mouseVisible = False
1150.0457 	EXP 	window1: mouseVisible = False
1150.0624 	EXP 	window1: mouseVisible = False
1150.0790 	EXP 	window1: mouseVisible = False
1150.0957 	EXP 	window1: mouseVisible = False
1150.1124 	EXP 	window1: mouseVisible = False
1150.1290 	EXP 	window1: mouseVisible = False
1150.1458 	EXP 	window1: mouseVisible = False
1150.1624 	EXP 	window1: mouseVisible = False
1150.1790 	EXP 	window1: mouseVisible = False
1150.1959 	EXP 	window1: mouseVisible = False
1150.2125 	EXP 	window1: mouseVisible = False
1150.2290 	EXP 	window1: mouseVisible = False
1150.2458 	EXP 	window1: mouseVisible = False
1150.2625 	EXP 	window1: mouseVisible = False
1150.2790 	EXP 	window1: mouseVisible = False
1150.2958 	EXP 	window1: mouseVisible = False
1150.3119 	DATA 	Keypress: m
1150.3125 	EXP 	window1: mouseVisible = False
1150.3290 	EXP 	window1: mouseVisible = False
1150.3457 	EXP 	window1: mouseVisible = False
1150.3624 	EXP 	window1: mouseVisible = False
1150.3790 	EXP 	window1: mouseVisible = False
1150.3957 	EXP 	window1: mouseVisible = False
1150.4123 	EXP 	window1: mouseVisible = False
1150.4290 	EXP 	window1: mouseVisible = False
1150.4458 	EXP 	window1: mouseVisible = False
1150.4623 	EXP 	window1: mouseVisible = False
1150.4790 	EXP 	window1: mouseVisible = False
1150.4957 	EXP 	window1: mouseVisible = False
1150.5125 	EXP 	window1: mouseVisible = False
1150.5291 	EXP 	window1: mouseVisible = False
1150.5458 	EXP 	window1: mouseVisible = False
1150.5623 	EXP 	window1: mouseVisible = False
1150.5790 	EXP 	window1: mouseVisible = False
1150.5957 	EXP 	window1: mouseVisible = False
1150.6124 	EXP 	window1: mouseVisible = False
1150.6290 	EXP 	window1: mouseVisible = False
1150.6458 	EXP 	window1: mouseVisible = False
1150.6624 	EXP 	window1: mouseVisible = False
1150.6790 	EXP 	window1: mouseVisible = False
1150.6957 	EXP 	window1: mouseVisible = False
1150.7123 	EXP 	window1: mouseVisible = False
1150.7291 	EXP 	window1: mouseVisible = False
1150.7457 	EXP 	window1: mouseVisible = False
1150.7625 	EXP 	window1: mouseVisible = False
1150.7790 	EXP 	window1: mouseVisible = False
1150.7957 	EXP 	window1: mouseVisible = False
1150.8125 	EXP 	window1: mouseVisible = False
1150.8290 	EXP 	window1: mouseVisible = False
1150.8457 	EXP 	window1: mouseVisible = False
1150.8623 	EXP 	window1: mouseVisible = False
1150.8790 	EXP 	window1: mouseVisible = False
1150.8956 	EXP 	window1: mouseVisible = False
1150.9126 	EXP 	window1: mouseVisible = False
1150.9290 	EXP 	window1: mouseVisible = False
1150.9457 	EXP 	window1: mouseVisible = False
1150.9624 	EXP 	window1: mouseVisible = False
1150.9791 	EXP 	window1: mouseVisible = False
1150.9957 	EXP 	window1: mouseVisible = False
1151.0123 	EXP 	window1: mouseVisible = False
1151.0293 	EXP 	window1: mouseVisible = False
1151.0457 	EXP 	window1: mouseVisible = False
1151.0624 	EXP 	window1: mouseVisible = False
1151.0790 	EXP 	window1: mouseVisible = False
1151.0959 	EXP 	window1: mouseVisible = False
1151.1124 	EXP 	window1: mouseVisible = False
1151.1291 	EXP 	window1: mouseVisible = False
1151.1457 	EXP 	window1: mouseVisible = False
1151.1637 	EXP 	window1: mouseVisible = False
1151.1792 	EXP 	window1: mouseVisible = False
1151.1956 	EXP 	window1: mouseVisible = False
1151.2124 	EXP 	window1: mouseVisible = False
1151.2290 	EXP 	window1: mouseVisible = False
1151.2457 	EXP 	window1: mouseVisible = False
1151.2628 	EXP 	window1: mouseVisible = False
1151.2793 	EXP 	window1: mouseVisible = False
1151.2957 	EXP 	window1: mouseVisible = False
1151.3125 	EXP 	window1: mouseVisible = False
1151.3292 	EXP 	window1: mouseVisible = False
1151.3459 	EXP 	window1: mouseVisible = False
1151.3625 	EXP 	window1: mouseVisible = False
1151.3792 	EXP 	window1: mouseVisible = False
1151.3957 	EXP 	window1: mouseVisible = False
1151.4125 	EXP 	window1: mouseVisible = False
1151.4290 	EXP 	window1: mouseVisible = False
1151.4457 	EXP 	window1: mouseVisible = False
1151.4623 	EXP 	window1: mouseVisible = False
1151.4790 	EXP 	window1: mouseVisible = False
1151.4959 	EXP 	window1: mouseVisible = False
1151.5124 	EXP 	window1: mouseVisible = False
1151.5290 	EXP 	window1: mouseVisible = False
1151.5457 	EXP 	window1: mouseVisible = False
1151.5623 	EXP 	window1: mouseVisible = False
1151.5790 	EXP 	window1: mouseVisible = False
1151.5957 	EXP 	window1: mouseVisible = False
1151.6123 	EXP 	window1: mouseVisible = False
1151.6290 	EXP 	window1: mouseVisible = False
1151.6457 	EXP 	window1: mouseVisible = False
1151.6623 	EXP 	window1: mouseVisible = False
1151.6792 	EXP 	window1: mouseVisible = False
1151.6957 	EXP 	window1: mouseVisible = False
1151.7124 	EXP 	window1: mouseVisible = False
1151.7290 	EXP 	window1: mouseVisible = False
1151.7457 	EXP 	window1: mouseVisible = False
1151.7623 	EXP 	window1: mouseVisible = False
1151.7786 	DATA 	Keypress: m
1151.7791 	EXP 	window1: mouseVisible = False
1151.7957 	EXP 	window1: mouseVisible = False
1151.8123 	EXP 	window1: mouseVisible = False
1151.8290 	EXP 	window1: mouseVisible = False
1151.8457 	EXP 	window1: mouseVisible = False
1151.8625 	EXP 	window1: mouseVisible = False
1151.8789 	EXP 	window1: mouseVisible = False
1151.8959 	EXP 	window1: mouseVisible = False
1151.9124 	EXP 	window1: mouseVisible = False
1151.9291 	EXP 	window1: mouseVisible = False
1151.9457 	EXP 	window1: mouseVisible = False
1151.9623 	EXP 	window1: mouseVisible = False
1151.9790 	EXP 	window1: mouseVisible = False
1151.9957 	EXP 	window1: mouseVisible = False
1152.0124 	EXP 	window1: mouseVisible = False
1152.0290 	EXP 	window1: mouseVisible = False
1152.0457 	EXP 	window1: mouseVisible = False
1152.0623 	EXP 	window1: mouseVisible = False
1152.0790 	EXP 	window1: mouseVisible = False
1152.0957 	EXP 	window1: mouseVisible = False
1152.1123 	EXP 	window1: mouseVisible = False
1152.1290 	EXP 	window1: mouseVisible = False
1152.1459 	EXP 	window1: mouseVisible = False
1152.1624 	EXP 	window1: mouseVisible = False
1152.1790 	EXP 	window1: mouseVisible = False
1152.1957 	EXP 	window1: mouseVisible = False
1152.2124 	EXP 	window1: mouseVisible = False
1152.2291 	EXP 	window1: mouseVisible = False
1152.2463 	DATA 	Keypress: space
1152.3470 	EXP 	New trial (rep=8, index=0): None
1152.3609 	EXP 	main_text: autoDraw = True
1152.3609 	EXP 	confirm_text: autoDraw = True
1152.3609 	EXP 	ratingScale: autoDraw = False
1152.3609 	EXP 	main_text: autoDraw = False
1152.3609 	EXP 	confirm_text: autoDraw = False
1152.3609 	EXP 	text_2: autoDraw = True
1152.3609 	EXP 	croix: autoDraw = True
1157.3610 	EXP 	text_2: autoDraw = False
1157.3610 	EXP 	croix: autoDraw = False
1157.3610 	EXP 	text_2: autoDraw = False
1157.3610 	EXP 	croix: autoDraw = False
1157.3610 	EXP 	thermode_locali: autoDraw = True
1169.3448 	EXP 	window1: mouseVisible = True
1169.3457 	EXP 	Created unnamed Rect = Rect(__class__=<class 'psychopy.visual.rect.Rect'>, anchor=('center', 'center'), autoDraw=False, autoLog=True, closeShape=True, color=method-wrapper(...), colorSpace='rgb', contrast=None, depth=0, draggable=False, fillColor=array([1, 1, 1]), fillColorSpace='rgb', fillRGB=array([1, 1, 1]), interpolate=True, lineColor=array([1., 1., 1.]), lineColorSpace='rgb', lineRGB=array([1, 1, 1]), lineWidth=1.5, name='unnamed Rect', opacity=1.0, ori=0.0, pos=array([0., 0.]), size=array([0.01, 0.1 ]), units='norm', vertices=ndarray(...), win=Window(...))
1169.3457 	EXP 	window1: mouseVisible = True
1169.3459 	EXP 	window1: mouseVisible = True
1169.3465 	EXP 	window1: mouseVisible = True
1169.3478 	EXP 	window1: mouseVisible = True
1169.3489 	EXP 	window1: mouseVisible = True
1169.3490 	EXP 	window1: mouseVisible = True
1169.3492 	EXP 	window1: mouseVisible = True
1169.3493 	EXP 	window1: mouseVisible = True
1169.3495 	EXP 	window1: mouseVisible = True
1169.3496 	EXP 	window1: mouseVisible = True
1169.3498 	EXP 	window1: mouseVisible = True
1169.3499 	EXP 	window1: mouseVisible = True
1169.3500 	EXP 	window1: mouseVisible = True
1169.3501 	EXP 	window1: mouseVisible = True
1169.3503 	EXP 	window1: mouseVisible = True
1169.3504 	EXP 	window1: mouseVisible = True
1169.3505 	EXP 	window1: mouseVisible = True
1169.3506 	EXP 	window1: mouseVisible = True
1169.3508 	EXP 	window1: mouseVisible = True
1169.3509 	EXP 	window1: mouseVisible = True
1169.3510 	EXP 	window1: mouseVisible = True
1169.3512 	EXP 	window1: mouseVisible = True
1169.3514 	EXP 	window1: mouseVisible = True
1169.3515 	EXP 	window1: mouseVisible = True
1169.3516 	EXP 	window1: mouseVisible = True
1169.3518 	EXP 	window1: mouseVisible = True
1169.3519 	EXP 	window1: mouseVisible = True
1169.3520 	EXP 	window1: mouseVisible = True
1169.3522 	EXP 	window1: mouseVisible = True
1169.3523 	EXP 	window1: mouseVisible = True
1169.3524 	EXP 	window1: mouseVisible = True
1169.3526 	EXP 	window1: mouseVisible = True
1169.3527 	EXP 	window1: mouseVisible = True
1169.3528 	EXP 	window1: mouseVisible = True
1169.3529 	EXP 	window1: mouseVisible = True
1169.3531 	EXP 	window1: mouseVisible = True
1169.3532 	EXP 	window1: mouseVisible = True
1169.3533 	EXP 	window1: mouseVisible = True
1169.3535 	EXP 	window1: mouseVisible = True
1169.3536 	EXP 	window1: mouseVisible = True
1169.3537 	EXP 	window1: mouseVisible = True
1169.3538 	EXP 	window1: mouseVisible = True
1169.3540 	EXP 	window1: mouseVisible = True
1169.3541 	EXP 	window1: mouseVisible = True
1169.3542 	EXP 	window1: mouseVisible = True
1169.3544 	EXP 	window1: mouseVisible = True
1169.3545 	EXP 	window1: mouseVisible = True
1169.3546 	EXP 	window1: mouseVisible = True
1169.3547 	EXP 	window1: mouseVisible = True
1169.3549 	EXP 	window1: mouseVisible = True
1169.3550 	EXP 	window1: mouseVisible = True
1169.3551 	EXP 	window1: mouseVisible = True
1169.3552 	EXP 	window1: mouseVisible = True
1169.3554 	EXP 	window1: mouseVisible = True
1169.3555 	EXP 	window1: mouseVisible = True
1169.3557 	EXP 	window1: mouseVisible = True
1169.3558 	EXP 	window1: mouseVisible = True
1169.3559 	EXP 	window1: mouseVisible = True
1169.3560 	EXP 	window1: mouseVisible = True
1169.3562 	EXP 	window1: mouseVisible = True
1169.3563 	EXP 	window1: mouseVisible = True
1169.3564 	EXP 	window1: mouseVisible = True
1169.3566 	EXP 	window1: mouseVisible = True
1169.3567 	EXP 	window1: mouseVisible = True
1169.3568 	EXP 	window1: mouseVisible = True
1169.3569 	EXP 	window1: mouseVisible = True
1169.3571 	EXP 	window1: mouseVisible = True
1169.3572 	EXP 	window1: mouseVisible = True
1169.3573 	EXP 	window1: mouseVisible = True
1169.3574 	EXP 	window1: mouseVisible = True
1169.3576 	EXP 	window1: mouseVisible = True
1169.3577 	EXP 	window1: mouseVisible = True
1169.3578 	EXP 	window1: mouseVisible = True
1169.3579 	EXP 	window1: mouseVisible = True
1169.3581 	EXP 	window1: mouseVisible = True
1169.3582 	EXP 	window1: mouseVisible = True
1169.3583 	EXP 	window1: mouseVisible = True
1169.3584 	EXP 	window1: mouseVisible = True
1169.3586 	EXP 	window1: mouseVisible = True
1169.3587 	EXP 	window1: mouseVisible = True
1169.3588 	EXP 	window1: mouseVisible = True
1169.3589 	EXP 	window1: mouseVisible = True
1169.3591 	EXP 	window1: mouseVisible = True
1169.3592 	EXP 	window1: mouseVisible = True
1169.3594 	EXP 	window1: mouseVisible = True
1169.3595 	EXP 	window1: mouseVisible = True
1169.3596 	EXP 	window1: mouseVisible = True
1169.3598 	EXP 	window1: mouseVisible = True
1169.3599 	EXP 	window1: mouseVisible = True
1169.3600 	EXP 	window1: mouseVisible = True
1169.3601 	EXP 	window1: mouseVisible = True
1169.3603 	EXP 	window1: mouseVisible = True
1169.3604 	EXP 	window1: mouseVisible = True
1169.3605 	EXP 	window1: mouseVisible = True
1169.3606 	EXP 	window1: mouseVisible = True
1169.3608 	EXP 	window1: mouseVisible = True
1169.3609 	EXP 	window1: mouseVisible = True
1169.3610 	EXP 	window1: mouseVisible = True
1169.3611 	EXP 	window1: mouseVisible = True
1169.3613 	EXP 	window1: mouseVisible = True
1169.3614 	EXP 	window1: mouseVisible = True
1169.3615 	EXP 	window1: mouseVisible = True
1169.3616 	EXP 	window1: mouseVisible = True
1169.3618 	EXP 	window1: mouseVisible = True
1169.3641 	EXP 	Created ratingScale = RatingScale(__class__=type(...), acceptKeys=['return'], acceptPreText=UNKNOWN, acceptSize=UNKNOWN, acceptText=UNKNOWN, autoLog=True, choices=False, colorSpace='rgb', depth=0, disappear=False, flipVert=False, high=100, kwargs=UNKNOWN, labels=list(...), leftKeys=['left'], lineColor=(255, 255, 255), low=0, marker=Rect(...), markerColor=(255, 255, 255), markerExpansion=UNKNOWN, markerStart=0.5, maxTime=0.0, minTime=0.4, mouseOnly=False, name='ratingScale', noMouse=False, pos=[0.0, 0.0], precision=100, respKeys=[], rightKeys=['right'], scale=None, self=UNKNOWN, showAccept=False, showValue=False, singleClick=False, size=0.6, skipKeys=['tab'], stretch=2.0, textColor='white', textFont='Helvetica Bold', textSize=0.144, tickHeight=0, tickMarks=10.0, win=Window(...))
1169.3641 	EXP 	RatingScale ratingScale: reset()
1169.3667 	EXP 	window1: mouseVisible = False
1169.3777 	EXP 	thermode_locali: autoDraw = False
1169.3777 	EXP 	thermode_locali: autoDraw = False
1169.3777 	EXP 	ratingScale: flipVert = False
1169.3777 	EXP 	ratingScale: autoLog = True
1169.3793 	EXP 	window1: mouseVisible = False
1169.3958 	EXP 	window1: mouseVisible = False
1169.4125 	EXP 	window1: mouseVisible = False
1169.4291 	EXP 	window1: mouseVisible = False
1169.4458 	EXP 	window1: mouseVisible = False
1169.4625 	EXP 	window1: mouseVisible = False
1169.4791 	EXP 	window1: mouseVisible = False
1169.4958 	EXP 	window1: mouseVisible = False
1169.5124 	EXP 	window1: mouseVisible = False
1169.5291 	EXP 	window1: mouseVisible = False
1169.5458 	EXP 	window1: mouseVisible = False
1169.5625 	EXP 	window1: mouseVisible = False
1169.5791 	EXP 	window1: mouseVisible = False
1169.5958 	EXP 	window1: mouseVisible = False
1169.6124 	EXP 	window1: mouseVisible = False
1169.6291 	EXP 	window1: mouseVisible = False
1169.6458 	EXP 	window1: mouseVisible = False
1169.6625 	EXP 	window1: mouseVisible = False
1169.6791 	EXP 	window1: mouseVisible = False
1169.6958 	EXP 	window1: mouseVisible = False
1169.7124 	EXP 	window1: mouseVisible = False
1169.7293 	EXP 	window1: mouseVisible = False
1169.7459 	EXP 	window1: mouseVisible = False
1169.7626 	EXP 	window1: mouseVisible = False
1169.7792 	EXP 	window1: mouseVisible = False
1169.7964 	EXP 	window1: mouseVisible = False
1169.8125 	EXP 	window1: mouseVisible = False
1169.8292 	EXP 	window1: mouseVisible = False
1169.8460 	EXP 	window1: mouseVisible = False
1169.8626 	EXP 	window1: mouseVisible = False
1169.8792 	EXP 	window1: mouseVisible = False
1169.8979 	EXP 	window1: mouseVisible = False
1169.9126 	EXP 	window1: mouseVisible = False
1169.9292 	EXP 	window1: mouseVisible = False
1169.9459 	EXP 	window1: mouseVisible = False
1169.9627 	EXP 	window1: mouseVisible = False
1169.9792 	EXP 	window1: mouseVisible = False
1169.9958 	EXP 	window1: mouseVisible = False
1170.0124 	EXP 	window1: mouseVisible = False
1170.0292 	EXP 	window1: mouseVisible = False
1170.0458 	EXP 	window1: mouseVisible = False
1170.0624 	EXP 	window1: mouseVisible = False
1170.0791 	EXP 	window1: mouseVisible = False
1170.0958 	EXP 	window1: mouseVisible = False
1170.1124 	EXP 	window1: mouseVisible = False
1170.1292 	EXP 	window1: mouseVisible = False
1170.1459 	EXP 	window1: mouseVisible = False
1170.1625 	EXP 	window1: mouseVisible = False
1170.1791 	EXP 	window1: mouseVisible = False
1170.1958 	EXP 	window1: mouseVisible = False
1170.2125 	EXP 	window1: mouseVisible = False
1170.2291 	EXP 	window1: mouseVisible = False
1170.2458 	EXP 	window1: mouseVisible = False
1170.2625 	EXP 	window1: mouseVisible = False
1170.2793 	EXP 	window1: mouseVisible = False
1170.2958 	EXP 	window1: mouseVisible = False
1170.3126 	EXP 	window1: mouseVisible = False
1170.3293 	EXP 	window1: mouseVisible = False
1170.3458 	EXP 	window1: mouseVisible = False
1170.3626 	EXP 	window1: mouseVisible = False
1170.3793 	EXP 	window1: mouseVisible = False
1170.3958 	EXP 	window1: mouseVisible = False
1170.4125 	EXP 	window1: mouseVisible = False
1170.4292 	EXP 	window1: mouseVisible = False
1170.4459 	EXP 	window1: mouseVisible = False
1170.4625 	EXP 	window1: mouseVisible = False
1170.4791 	EXP 	window1: mouseVisible = False
1170.4958 	EXP 	window1: mouseVisible = False
1170.5125 	EXP 	window1: mouseVisible = False
1170.5287 	DATA 	Keypress: n
1170.5293 	EXP 	window1: mouseVisible = False
1170.5459 	EXP 	window1: mouseVisible = False
1170.5626 	EXP 	window1: mouseVisible = False
1170.5792 	EXP 	window1: mouseVisible = False
1170.5958 	EXP 	window1: mouseVisible = False
1170.6126 	EXP 	window1: mouseVisible = False
1170.6291 	EXP 	window1: mouseVisible = False
1170.6459 	EXP 	window1: mouseVisible = False
1170.6625 	EXP 	window1: mouseVisible = False
1170.6792 	EXP 	window1: mouseVisible = False
1170.6958 	EXP 	window1: mouseVisible = False
1170.7126 	EXP 	window1: mouseVisible = False
1170.7291 	EXP 	window1: mouseVisible = False
1170.7460 	EXP 	window1: mouseVisible = False
1170.7625 	EXP 	window1: mouseVisible = False
1170.7791 	EXP 	window1: mouseVisible = False
1170.7958 	EXP 	window1: mouseVisible = False
1170.8125 	EXP 	window1: mouseVisible = False
1170.8292 	EXP 	window1: mouseVisible = False
1170.8459 	EXP 	window1: mouseVisible = False
1170.8625 	EXP 	window1: mouseVisible = False
1170.8791 	EXP 	window1: mouseVisible = False
1170.8960 	EXP 	window1: mouseVisible = False
1170.9128 	EXP 	window1: mouseVisible = False
1170.9294 	EXP 	window1: mouseVisible = False
1170.9460 	EXP 	window1: mouseVisible = False
1170.9627 	EXP 	window1: mouseVisible = False
1170.9794 	DATA 	Keypress: space
1171.0800 	EXP 	New trial (rep=9, index=0): None
1171.0943 	EXP 	main_text: autoDraw = True
1171.0943 	EXP 	confirm_text: autoDraw = True
1171.0943 	EXP 	ratingScale: autoDraw = False
1171.0943 	EXP 	main_text: autoDraw = False
1171.0943 	EXP 	confirm_text: autoDraw = False
1171.0943 	EXP 	text_2: autoDraw = True
1171.0943 	EXP 	croix: autoDraw = True
1176.0945 	EXP 	text_2: autoDraw = False
1176.0945 	EXP 	croix: autoDraw = False
1176.0945 	EXP 	text_2: autoDraw = False
1176.0945 	EXP 	croix: autoDraw = False
1176.0945 	EXP 	thermode_locali: autoDraw = True
1188.0788 	EXP 	window1: mouseVisible = True
1188.0796 	EXP 	Created unnamed Rect = Rect(__class__=<class 'psychopy.visual.rect.Rect'>, anchor=('center', 'center'), autoDraw=False, autoLog=True, closeShape=True, color=method-wrapper(...), colorSpace='rgb', contrast=None, depth=0, draggable=False, fillColor=array([1, 1, 1]), fillColorSpace='rgb', fillRGB=array([1, 1, 1]), interpolate=True, lineColor=array([1., 1., 1.]), lineColorSpace='rgb', lineRGB=array([1, 1, 1]), lineWidth=1.5, name='unnamed Rect', opacity=1.0, ori=0.0, pos=array([0., 0.]), size=array([0.01, 0.1 ]), units='norm', vertices=ndarray(...), win=Window(...))
1188.0797 	EXP 	window1: mouseVisible = True
1188.0798 	EXP 	window1: mouseVisible = True
1188.0804 	EXP 	window1: mouseVisible = True
1188.0818 	EXP 	window1: mouseVisible = True
1188.0829 	EXP 	window1: mouseVisible = True
1188.0830 	EXP 	window1: mouseVisible = True
1188.0832 	EXP 	window1: mouseVisible = True
1188.0833 	EXP 	window1: mouseVisible = True
1188.0835 	EXP 	window1: mouseVisible = True
1188.0836 	EXP 	window1: mouseVisible = True
1188.0837 	EXP 	window1: mouseVisible = True
1188.0839 	EXP 	window1: mouseVisible = True
1188.0841 	EXP 	window1: mouseVisible = True
1188.0842 	EXP 	window1: mouseVisible = True
1188.0844 	EXP 	window1: mouseVisible = True
1188.0845 	EXP 	window1: mouseVisible = True
1188.0846 	EXP 	window1: mouseVisible = True
1188.0848 	EXP 	window1: mouseVisible = True
1188.0849 	EXP 	window1: mouseVisible = True
1188.0850 	EXP 	window1: mouseVisible = True
1188.0852 	EXP 	window1: mouseVisible = True
1188.0853 	EXP 	window1: mouseVisible = True
1188.0854 	EXP 	window1: mouseVisible = True
1188.0856 	EXP 	window1: mouseVisible = True
1188.0857 	EXP 	window1: mouseVisible = True
1188.0858 	EXP 	window1: mouseVisible = True
1188.0859 	EXP 	window1: mouseVisible = True
1188.0861 	EXP 	window1: mouseVisible = True
1188.0862 	EXP 	window1: mouseVisible = True
1188.0863 	EXP 	window1: mouseVisible = True
1188.0864 	EXP 	window1: mouseVisible = True
1188.0866 	EXP 	window1: mouseVisible = True
1188.0867 	EXP 	window1: mouseVisible = True
1188.0868 	EXP 	window1: mouseVisible = True
1188.0869 	EXP 	window1: mouseVisible = True
1188.0871 	EXP 	window1: mouseVisible = True
1188.0872 	EXP 	window1: mouseVisible = True
1188.0873 	EXP 	window1: mouseVisible = True
1188.0875 	EXP 	window1: mouseVisible = True
1188.0876 	EXP 	window1: mouseVisible = True
1188.0877 	EXP 	window1: mouseVisible = True
1188.0878 	EXP 	window1: mouseVisible = True
1188.0880 	EXP 	window1: mouseVisible = True
1188.0881 	EXP 	window1: mouseVisible = True
1188.0882 	EXP 	window1: mouseVisible = True
1188.0883 	EXP 	window1: mouseVisible = True
1188.0885 	EXP 	window1: mouseVisible = True
1188.0887 	EXP 	window1: mouseVisible = True
1188.0888 	EXP 	window1: mouseVisible = True
1188.0889 	EXP 	window1: mouseVisible = True
1188.0891 	EXP 	window1: mouseVisible = True
1188.0892 	EXP 	window1: mouseVisible = True
1188.0893 	EXP 	window1: mouseVisible = True
1188.0895 	EXP 	window1: mouseVisible = True
1188.0896 	EXP 	window1: mouseVisible = True
1188.0897 	EXP 	window1: mouseVisible = True
1188.0898 	EXP 	window1: mouseVisible = True
1188.0900 	EXP 	window1: mouseVisible = True
1188.0901 	EXP 	window1: mouseVisible = True
1188.0902 	EXP 	window1: mouseVisible = True
1188.0903 	EXP 	window1: mouseVisible = True
1188.0905 	EXP 	window1: mouseVisible = True
1188.0906 	EXP 	window1: mouseVisible = True
1188.0907 	EXP 	window1: mouseVisible = True
1188.0908 	EXP 	window1: mouseVisible = True
1188.0910 	EXP 	window1: mouseVisible = True
1188.0911 	EXP 	window1: mouseVisible = True
1188.0912 	EXP 	window1: mouseVisible = True
1188.0914 	EXP 	window1: mouseVisible = True
1188.0915 	EXP 	window1: mouseVisible = True
1188.0916 	EXP 	window1: mouseVisible = True
1188.0917 	EXP 	window1: mouseVisible = True
1188.0918 	EXP 	window1: mouseVisible = True
1188.0920 	EXP 	window1: mouseVisible = True
1188.0921 	EXP 	window1: mouseVisible = True
1188.0922 	EXP 	window1: mouseVisible = True
1188.0924 	EXP 	window1: mouseVisible = True
1188.0925 	EXP 	window1: mouseVisible = True
1188.0927 	EXP 	window1: mouseVisible = True
1188.0928 	EXP 	window1: mouseVisible = True
1188.0929 	EXP 	window1: mouseVisible = True
1188.0930 	EXP 	window1: mouseVisible = True
1188.0932 	EXP 	window1: mouseVisible = True
1188.0933 	EXP 	window1: mouseVisible = True
1188.0934 	EXP 	window1: mouseVisible = True
1188.0935 	EXP 	window1: mouseVisible = True
1188.0937 	EXP 	window1: mouseVisible = True
1188.0938 	EXP 	window1: mouseVisible = True
1188.0939 	EXP 	window1: mouseVisible = True
1188.0941 	EXP 	window1: mouseVisible = True
1188.0942 	EXP 	window1: mouseVisible = True
1188.0943 	EXP 	window1: mouseVisible = True
1188.0944 	EXP 	window1: mouseVisible = True
1188.0946 	EXP 	window1: mouseVisible = True
1188.0947 	EXP 	window1: mouseVisible = True
1188.0948 	EXP 	window1: mouseVisible = True
1188.0950 	EXP 	window1: mouseVisible = True
1188.0951 	EXP 	window1: mouseVisible = True
1188.0952 	EXP 	window1: mouseVisible = True
1188.0953 	EXP 	window1: mouseVisible = True
1188.0955 	EXP 	window1: mouseVisible = True
1188.0956 	EXP 	window1: mouseVisible = True
1188.0957 	EXP 	window1: mouseVisible = True
1188.0958 	EXP 	window1: mouseVisible = True
1188.0979 	EXP 	Created ratingScale = RatingScale(__class__=type(...), acceptKeys=['return'], acceptPreText=UNKNOWN, acceptSize=UNKNOWN, acceptText=UNKNOWN, autoLog=True, choices=False, colorSpace='rgb', depth=0, disappear=False, flipVert=False, high=100, kwargs=UNKNOWN, labels=list(...), leftKeys=['left'], lineColor=(255, 255, 255), low=0, marker=Rect(...), markerColor=(255, 255, 255), markerExpansion=UNKNOWN, markerStart=0.5, maxTime=0.0, minTime=0.4, mouseOnly=False, name='ratingScale', noMouse=False, pos=[0.0, 0.0], precision=100, respKeys=[], rightKeys=['right'], scale=None, self=UNKNOWN, showAccept=False, showValue=False, singleClick=False, size=0.6, skipKeys=['tab'], stretch=2.0, textColor='white', textFont='Helvetica Bold', textSize=0.144, tickHeight=0, tickMarks=10.0, win=Window(...))
1188.0980 	EXP 	RatingScale ratingScale: reset()
1188.1000 	EXP 	window1: mouseVisible = False
1188.1113 	EXP 	thermode_locali: autoDraw = False
1188.1113 	EXP 	thermode_locali: autoDraw = False
1188.1113 	EXP 	ratingScale: flipVert = False
1188.1113 	EXP 	ratingScale: autoLog = True
1188.1129 	EXP 	window1: mouseVisible = False
1188.1294 	EXP 	window1: mouseVisible = False
1188.1462 	EXP 	window1: mouseVisible = False
1188.1628 	EXP 	window1: mouseVisible = False
1188.1795 	EXP 	window1: mouseVisible = False
1188.1961 	EXP 	window1: mouseVisible = False
1188.2127 	EXP 	window1: mouseVisible = False
1188.2295 	EXP 	window1: mouseVisible = False
1188.2461 	EXP 	window1: mouseVisible = False
1188.2628 	EXP 	window1: mouseVisible = False
1188.2796 	EXP 	window1: mouseVisible = False
1188.2961 	EXP 	window1: mouseVisible = False
1188.3128 	EXP 	window1: mouseVisible = False
1188.3295 	EXP 	window1: mouseVisible = False
1188.3463 	EXP 	window1: mouseVisible = False
1188.3628 	EXP 	window1: mouseVisible = False
1188.3800 	EXP 	window1: mouseVisible = False
1188.3962 	EXP 	window1: mouseVisible = False
1188.4128 	EXP 	window1: mouseVisible = False
1188.4295 	EXP 	window1: mouseVisible = False
1188.4462 	EXP 	window1: mouseVisible = False
1188.4629 	EXP 	window1: mouseVisible = False
1188.4797 	EXP 	window1: mouseVisible = False
1188.4961 	EXP 	window1: mouseVisible = False
1188.5127 	EXP 	window1: mouseVisible = False
1188.5295 	EXP 	window1: mouseVisible = False
1188.5461 	EXP 	window1: mouseVisible = False
1188.5628 	EXP 	window1: mouseVisible = False
1188.5794 	EXP 	window1: mouseVisible = False
1188.5961 	EXP 	window1: mouseVisible = False
1188.6128 	EXP 	window1: mouseVisible = False
1188.6297 	EXP 	window1: mouseVisible = False
1188.6462 	EXP 	window1: mouseVisible = False
1188.6628 	EXP 	window1: mouseVisible = False
1188.6795 	EXP 	window1: mouseVisible = False
1188.6961 	EXP 	window1: mouseVisible = False
1188.7128 	EXP 	window1: mouseVisible = False
1188.7295 	EXP 	window1: mouseVisible = False
1188.7462 	EXP 	window1: mouseVisible = False
1188.7628 	EXP 	window1: mouseVisible = False
1188.7798 	EXP 	window1: mouseVisible = False
1188.7962 	EXP 	window1: mouseVisible = False
1188.8128 	EXP 	window1: mouseVisible = False
1188.8296 	EXP 	window1: mouseVisible = False
1188.8462 	EXP 	window1: mouseVisible = False
1188.8627 	DATA 	Keypress: m
1188.8632 	EXP 	window1: mouseVisible = False
1188.8799 	EXP 	window1: mouseVisible = False
1188.8962 	EXP 	window1: mouseVisible = False
1188.9128 	EXP 	window1: mouseVisible = False
1188.9295 	EXP 	window1: mouseVisible = False
1188.9461 	EXP 	window1: mouseVisible = False
1188.9628 	EXP 	window1: mouseVisible = False
1188.9794 	EXP 	window1: mouseVisible = False
1188.9961 	EXP 	window1: mouseVisible = False
1189.0128 	EXP 	window1: mouseVisible = False
1189.0295 	EXP 	window1: mouseVisible = False
1189.0462 	EXP 	window1: mouseVisible = False
1189.0630 	EXP 	window1: mouseVisible = False
1189.0798 	EXP 	window1: mouseVisible = False
1189.0963 	EXP 	window1: mouseVisible = False
1189.1128 	EXP 	window1: mouseVisible = False
1189.1296 	EXP 	window1: mouseVisible = False
1189.1462 	EXP 	window1: mouseVisible = False
1189.1630 	EXP 	window1: mouseVisible = False
1189.1795 	EXP 	window1: mouseVisible = False
1189.1961 	EXP 	window1: mouseVisible = False
1189.2128 	EXP 	window1: mouseVisible = False
1189.2295 	EXP 	window1: mouseVisible = False
1189.2462 	EXP 	window1: mouseVisible = False
1189.2628 	EXP 	window1: mouseVisible = False
1189.2795 	EXP 	window1: mouseVisible = False
1189.2963 	EXP 	window1: mouseVisible = False
1189.3127 	EXP 	window1: mouseVisible = False
1189.3294 	EXP 	window1: mouseVisible = False
1189.3461 	EXP 	window1: mouseVisible = False
1189.3628 	EXP 	window1: mouseVisible = False
1189.3795 	EXP 	window1: mouseVisible = False
1189.3962 	EXP 	window1: mouseVisible = False
1189.4129 	EXP 	window1: mouseVisible = False
1189.4294 	EXP 	window1: mouseVisible = False
1189.4463 	EXP 	window1: mouseVisible = False
1189.4628 	EXP 	window1: mouseVisible = False
1189.4795 	EXP 	window1: mouseVisible = False
1189.4963 	EXP 	window1: mouseVisible = False
1189.5129 	EXP 	window1: mouseVisible = False
1189.5295 	EXP 	window1: mouseVisible = False
1189.5464 	EXP 	window1: mouseVisible = False
1189.5629 	EXP 	window1: mouseVisible = False
1189.5795 	EXP 	window1: mouseVisible = False
1189.5962 	EXP 	window1: mouseVisible = False
1189.6129 	EXP 	window1: mouseVisible = False
1189.6295 	EXP 	window1: mouseVisible = False
1189.6464 	EXP 	window1: mouseVisible = False
1189.6630 	EXP 	window1: mouseVisible = False
1189.6798 	EXP 	window1: mouseVisible = False
1189.6966 	EXP 	window1: mouseVisible = False
1189.7130 	EXP 	window1: mouseVisible = False
1189.7294 	EXP 	window1: mouseVisible = False
1189.7462 	EXP 	window1: mouseVisible = False
1189.7628 	EXP 	window1: mouseVisible = False
1189.7795 	EXP 	window1: mouseVisible = False
1189.7964 	EXP 	window1: mouseVisible = False
1189.8137 	EXP 	window1: mouseVisible = False
1189.8295 	EXP 	window1: mouseVisible = False
1189.8462 	EXP 	window1: mouseVisible = False
1189.8628 	EXP 	window1: mouseVisible = False
1189.8795 	EXP 	window1: mouseVisible = False
1189.8961 	EXP 	window1: mouseVisible = False
1189.9128 	EXP 	window1: mouseVisible = False
1189.9294 	EXP 	window1: mouseVisible = False
1189.9461 	EXP 	window1: mouseVisible = False
1189.9629 	EXP 	window1: mouseVisible = False
1189.9795 	EXP 	window1: mouseVisible = False
1189.9961 	EXP 	window1: mouseVisible = False
1190.0128 	EXP 	window1: mouseVisible = False
1190.0296 	EXP 	window1: mouseVisible = False
1190.0462 	EXP 	window1: mouseVisible = False
1190.0628 	EXP 	window1: mouseVisible = False
1190.0792 	DATA 	Keypress: m
1190.0798 	EXP 	window1: mouseVisible = False
1190.0963 	EXP 	window1: mouseVisible = False
1190.1132 	EXP 	window1: mouseVisible = False
1190.1294 	EXP 	window1: mouseVisible = False
1190.1462 	EXP 	window1: mouseVisible = False
1190.1628 	EXP 	window1: mouseVisible = False
1190.1795 	EXP 	window1: mouseVisible = False
1190.1961 	EXP 	window1: mouseVisible = False
1190.2128 	EXP 	window1: mouseVisible = False
1190.2294 	EXP 	window1: mouseVisible = False
1190.2463 	EXP 	window1: mouseVisible = False
1190.2628 	EXP 	window1: mouseVisible = False
1190.2795 	EXP 	window1: mouseVisible = False
1190.2962 	EXP 	window1: mouseVisible = False
1190.3128 	EXP 	window1: mouseVisible = False
1190.3294 	EXP 	window1: mouseVisible = False
1190.3463 	EXP 	window1: mouseVisible = False
1190.3628 	EXP 	window1: mouseVisible = False
1190.3795 	EXP 	window1: mouseVisible = False
1190.3965 	DATA 	Keypress: space
1190.4967 	EXP 	New trial (rep=10, index=0): None
1190.5114 	EXP 	main_text: autoDraw = True
1190.5114 	EXP 	confirm_text: autoDraw = True
1190.5114 	EXP 	ratingScale: autoDraw = False
1190.5114 	EXP 	main_text: autoDraw = False
1190.5114 	EXP 	confirm_text: autoDraw = False
1190.5114 	EXP 	text_2: autoDraw = True
1190.5114 	EXP 	croix: autoDraw = True
1195.5114 	EXP 	text_2: autoDraw = False
1195.5114 	EXP 	croix: autoDraw = False
1195.5114 	EXP 	text_2: autoDraw = False
1195.5114 	EXP 	croix: autoDraw = False
1195.5114 	EXP 	thermode_locali: autoDraw = True
1207.4953 	EXP 	window1: mouseVisible = True
1207.4962 	EXP 	Created unnamed Rect = Rect(__class__=<class 'psychopy.visual.rect.Rect'>, anchor=('center', 'center'), autoDraw=False, autoLog=True, closeShape=True, color=method-wrapper(...), colorSpace='rgb', contrast=None, depth=0, draggable=False, fillColor=array([1, 1, 1]), fillColorSpace='rgb', fillRGB=array([1, 1, 1]), interpolate=True, lineColor=array([1., 1., 1.]), lineColorSpace='rgb', lineRGB=array([1, 1, 1]), lineWidth=1.5, name='unnamed Rect', opacity=1.0, ori=0.0, pos=array([0., 0.]), size=array([0.01, 0.1 ]), units='norm', vertices=ndarray(...), win=Window(...))
1207.4963 	EXP 	window1: mouseVisible = True
1207.4964 	EXP 	window1: mouseVisible = True
1207.4968 	EXP 	window1: mouseVisible = True
1207.4980 	EXP 	window1: mouseVisible = True
1207.4995 	EXP 	window1: mouseVisible = True
1207.4996 	EXP 	window1: mouseVisible = True
1207.4998 	EXP 	window1: mouseVisible = True
1207.4999 	EXP 	window1: mouseVisible = True
1207.5001 	EXP 	window1: mouseVisible = True
1207.5002 	EXP 	window1: mouseVisible = True
1207.5004 	EXP 	window1: mouseVisible = True
1207.5005 	EXP 	window1: mouseVisible = True
1207.5006 	EXP 	window1: mouseVisible = True
1207.5008 	EXP 	window1: mouseVisible = True
1207.5009 	EXP 	window1: mouseVisible = True
1207.5010 	EXP 	window1: mouseVisible = True
1207.5012 	EXP 	window1: mouseVisible = True
1207.5013 	EXP 	window1: mouseVisible = True
1207.5014 	EXP 	window1: mouseVisible = True
1207.5015 	EXP 	window1: mouseVisible = True
1207.5017 	EXP 	window1: mouseVisible = True
1207.5018 	EXP 	window1: mouseVisible = True
1207.5019 	EXP 	window1: mouseVisible = True
1207.5021 	EXP 	window1: mouseVisible = True
1207.5022 	EXP 	window1: mouseVisible = True
1207.5023 	EXP 	window1: mouseVisible = True
1207.5024 	EXP 	window1: mouseVisible = True
1207.5026 	EXP 	window1: mouseVisible = True
1207.5027 	EXP 	window1: mouseVisible = True
1207.5028 	EXP 	window1: mouseVisible = True
1207.5029 	EXP 	window1: mouseVisible = True
1207.5031 	EXP 	window1: mouseVisible = True
1207.5032 	EXP 	window1: mouseVisible = True
1207.5033 	EXP 	window1: mouseVisible = True
1207.5035 	EXP 	window1: mouseVisible = True
1207.5036 	EXP 	window1: mouseVisible = True
1207.5038 	EXP 	window1: mouseVisible = True
1207.5039 	EXP 	window1: mouseVisible = True
1207.5040 	EXP 	window1: mouseVisible = True
1207.5042 	EXP 	window1: mouseVisible = True
1207.5043 	EXP 	window1: mouseVisible = True
1207.5044 	EXP 	window1: mouseVisible = True
1207.5046 	EXP 	window1: mouseVisible = True
1207.5047 	EXP 	window1: mouseVisible = True
1207.5048 	EXP 	window1: mouseVisible = True
1207.5049 	EXP 	window1: mouseVisible = True
1207.5051 	EXP 	window1: mouseVisible = True
1207.5052 	EXP 	window1: mouseVisible = True
1207.5053 	EXP 	window1: mouseVisible = True
1207.5054 	EXP 	window1: mouseVisible = True
1207.5056 	EXP 	window1: mouseVisible = True
1207.5057 	EXP 	window1: mouseVisible = True
1207.5058 	EXP 	window1: mouseVisible = True
1207.5060 	EXP 	window1: mouseVisible = True
1207.5061 	EXP 	window1: mouseVisible = True
1207.5062 	EXP 	window1: mouseVisible = True
1207.5063 	EXP 	window1: mouseVisible = True
1207.5065 	EXP 	window1: mouseVisible = True
1207.5066 	EXP 	window1: mouseVisible = True
1207.5067 	EXP 	window1: mouseVisible = True
1207.5068 	EXP 	window1: mouseVisible = True
1207.5070 	EXP 	window1: mouseVisible = True
1207.5071 	EXP 	window1: mouseVisible = True
1207.5072 	EXP 	window1: mouseVisible = True
1207.5073 	EXP 	window1: mouseVisible = True
1207.5075 	EXP 	window1: mouseVisible = True
1207.5076 	EXP 	window1: mouseVisible = True
1207.5078 	EXP 	window1: mouseVisible = True
1207.5079 	EXP 	window1: mouseVisible = True
1207.5080 	EXP 	window1: mouseVisible = True
1207.5081 	EXP 	window1: mouseVisible = True
1207.5083 	EXP 	window1: mouseVisible = True
1207.5084 	EXP 	window1: mouseVisible = True
1207.5085 	EXP 	window1: mouseVisible = True
1207.5087 	EXP 	window1: mouseVisible = True
1207.5088 	EXP 	window1: mouseVisible = True
1207.5090 	EXP 	window1: mouseVisible = True
1207.5091 	EXP 	window1: mouseVisible = True
1207.5092 	EXP 	window1: mouseVisible = True
1207.5093 	EXP 	window1: mouseVisible = True
1207.5095 	EXP 	window1: mouseVisible = True
1207.5096 	EXP 	window1: mouseVisible = True
1207.5097 	EXP 	window1: mouseVisible = True
1207.5098 	EXP 	window1: mouseVisible = True
1207.5100 	EXP 	window1: mouseVisible = True
1207.5101 	EXP 	window1: mouseVisible = True
1207.5102 	EXP 	window1: mouseVisible = True
1207.5103 	EXP 	window1: mouseVisible = True
1207.5105 	EXP 	window1: mouseVisible = True
1207.5106 	EXP 	window1: mouseVisible = True
1207.5107 	EXP 	window1: mouseVisible = True
1207.5109 	EXP 	window1: mouseVisible = True
1207.5110 	EXP 	window1: mouseVisible = True
1207.5111 	EXP 	window1: mouseVisible = True
1207.5112 	EXP 	window1: mouseVisible = True
1207.5114 	EXP 	window1: mouseVisible = True
1207.5115 	EXP 	window1: mouseVisible = True
1207.5116 	EXP 	window1: mouseVisible = True
1207.5118 	EXP 	window1: mouseVisible = True
1207.5119 	EXP 	window1: mouseVisible = True
1207.5120 	EXP 	window1: mouseVisible = True
1207.5121 	EXP 	window1: mouseVisible = True
1207.5123 	EXP 	window1: mouseVisible = True
1207.5124 	EXP 	window1: mouseVisible = True
1207.5145 	EXP 	Created ratingScale = RatingScale(__class__=type(...), acceptKeys=['return'], acceptPreText=UNKNOWN, acceptSize=UNKNOWN, acceptText=UNKNOWN, autoLog=True, choices=False, colorSpace='rgb', depth=0, disappear=False, flipVert=False, high=100, kwargs=UNKNOWN, labels=list(...), leftKeys=['left'], lineColor=(255, 255, 255), low=0, marker=Rect(...), markerColor=(255, 255, 255), markerExpansion=UNKNOWN, markerStart=0.5, maxTime=0.0, minTime=0.4, mouseOnly=False, name='ratingScale', noMouse=False, pos=[0.0, 0.0], precision=100, respKeys=[], rightKeys=['right'], scale=None, self=UNKNOWN, showAccept=False, showValue=False, singleClick=False, size=0.6, skipKeys=['tab'], stretch=2.0, textColor='white', textFont='Helvetica Bold', textSize=0.144, tickHeight=0, tickMarks=10.0, win=Window(...))
1207.5145 	EXP 	RatingScale ratingScale: reset()
1207.5166 	EXP 	window1: mouseVisible = False
1207.5281 	EXP 	thermode_locali: autoDraw = False
1207.5281 	EXP 	thermode_locali: autoDraw = False
1207.5281 	EXP 	ratingScale: flipVert = False
1207.5281 	EXP 	ratingScale: autoLog = True
1207.5297 	EXP 	window1: mouseVisible = False
1207.5464 	EXP 	window1: mouseVisible = False
1207.5629 	EXP 	window1: mouseVisible = False
1207.5796 	EXP 	window1: mouseVisible = False
1207.5963 	EXP 	window1: mouseVisible = False
1207.6130 	EXP 	window1: mouseVisible = False
1207.6296 	EXP 	window1: mouseVisible = False
1207.6464 	EXP 	window1: mouseVisible = False
1207.6629 	EXP 	window1: mouseVisible = False
1207.6796 	EXP 	window1: mouseVisible = False
1207.6963 	EXP 	window1: mouseVisible = False
1207.7129 	EXP 	window1: mouseVisible = False
1207.7296 	EXP 	window1: mouseVisible = False
1207.7463 	EXP 	window1: mouseVisible = False
1207.7629 	EXP 	window1: mouseVisible = False
1207.7796 	EXP 	window1: mouseVisible = False
1207.7963 	EXP 	window1: mouseVisible = False
1207.8129 	EXP 	window1: mouseVisible = False
1207.8296 	EXP 	window1: mouseVisible = False
1207.8465 	EXP 	window1: mouseVisible = False
1207.8630 	EXP 	window1: mouseVisible = False
1207.8797 	EXP 	window1: mouseVisible = False
1207.8963 	EXP 	window1: mouseVisible = False
1207.9130 	EXP 	window1: mouseVisible = False
1207.9297 	EXP 	window1: mouseVisible = False
1207.9465 	EXP 	window1: mouseVisible = False
1207.9631 	EXP 	window1: mouseVisible = False
1207.9797 	EXP 	window1: mouseVisible = False
1207.9963 	EXP 	window1: mouseVisible = False
1208.0130 	EXP 	window1: mouseVisible = False
1208.0297 	EXP 	window1: mouseVisible = False
1208.0481 	EXP 	window1: mouseVisible = False
1208.0631 	EXP 	window1: mouseVisible = False
1208.0796 	EXP 	window1: mouseVisible = False
1208.0963 	EXP 	window1: mouseVisible = False
1208.1130 	EXP 	window1: mouseVisible = False
1208.1297 	EXP 	window1: mouseVisible = False
1208.1465 	EXP 	window1: mouseVisible = False
1208.1629 	EXP 	window1: mouseVisible = False
1208.1796 	EXP 	window1: mouseVisible = False
1208.1962 	EXP 	window1: mouseVisible = False
1208.2125 	DATA 	Keypress: n
1208.2131 	EXP 	window1: mouseVisible = False
1208.2296 	EXP 	window1: mouseVisible = False
1208.2464 	EXP 	window1: mouseVisible = False
1208.2630 	EXP 	window1: mouseVisible = False
1208.2796 	EXP 	window1: mouseVisible = False
1208.2962 	EXP 	window1: mouseVisible = False
1208.3129 	EXP 	window1: mouseVisible = False
1208.3296 	EXP 	window1: mouseVisible = False
1208.3463 	EXP 	window1: mouseVisible = False
1208.3632 	EXP 	window1: mouseVisible = False
1208.3796 	EXP 	window1: mouseVisible = False
1208.3963 	EXP 	window1: mouseVisible = False
1208.4129 	EXP 	window1: mouseVisible = False
1208.4296 	EXP 	window1: mouseVisible = False
1208.4462 	EXP 	window1: mouseVisible = False
1208.4629 	EXP 	window1: mouseVisible = False
1208.4796 	EXP 	window1: mouseVisible = False
1208.4962 	EXP 	window1: mouseVisible = False
1208.5129 	EXP 	window1: mouseVisible = False
1208.5296 	EXP 	window1: mouseVisible = False
1208.5462 	EXP 	window1: mouseVisible = False
1208.5629 	EXP 	window1: mouseVisible = False
1208.5796 	EXP 	window1: mouseVisible = False
1208.5964 	EXP 	window1: mouseVisible = False
1208.6131 	EXP 	window1: mouseVisible = False
1208.6298 	EXP 	window1: mouseVisible = False
1208.6464 	EXP 	window1: mouseVisible = False
1208.6631 	EXP 	window1: mouseVisible = False
1208.6798 	EXP 	window1: mouseVisible = False
1208.6962 	EXP 	window1: mouseVisible = False
1208.7131 	EXP 	window1: mouseVisible = False
1208.7296 	EXP 	window1: mouseVisible = False
1208.7464 	EXP 	window1: mouseVisible = False
1208.7630 	EXP 	window1: mouseVisible = False
1208.7796 	EXP 	window1: mouseVisible = False
1208.7963 	EXP 	window1: mouseVisible = False
1208.8129 	EXP 	window1: mouseVisible = False
1208.8296 	EXP 	window1: mouseVisible = False
1208.8462 	EXP 	window1: mouseVisible = False
1208.8629 	EXP 	window1: mouseVisible = False
1208.8796 	EXP 	window1: mouseVisible = False
1208.8963 	EXP 	window1: mouseVisible = False
1208.9129 	EXP 	window1: mouseVisible = False
1208.9296 	EXP 	window1: mouseVisible = False
1208.9463 	EXP 	window1: mouseVisible = False
1208.9631 	EXP 	window1: mouseVisible = False
1208.9797 	EXP 	window1: mouseVisible = False
1208.9963 	EXP 	window1: mouseVisible = False
1209.0125 	DATA 	Keypress: n
1209.0131 	EXP 	window1: mouseVisible = False
1209.0296 	EXP 	window1: mouseVisible = False
1209.0464 	EXP 	window1: mouseVisible = False
1209.0629 	EXP 	window1: mouseVisible = False
1209.0797 	EXP 	window1: mouseVisible = False
1209.0963 	EXP 	window1: mouseVisible = False
1209.1131 	EXP 	window1: mouseVisible = False
1209.1298 	EXP 	window1: mouseVisible = False
1209.1466 	EXP 	window1: mouseVisible = False
1209.1631 	EXP 	window1: mouseVisible = False
1209.1796 	EXP 	window1: mouseVisible = False
1209.1963 	EXP 	window1: mouseVisible = False
1209.2129 	EXP 	window1: mouseVisible = False
1209.2296 	EXP 	window1: mouseVisible = False
1209.2463 	EXP 	window1: mouseVisible = False
1209.2629 	EXP 	window1: mouseVisible = False
1209.2796 	EXP 	window1: mouseVisible = False
1209.2962 	EXP 	window1: mouseVisible = False
1209.3129 	EXP 	window1: mouseVisible = False
1209.3296 	EXP 	window1: mouseVisible = False
1209.3463 	EXP 	window1: mouseVisible = False
1209.3629 	EXP 	window1: mouseVisible = False
1209.3798 	EXP 	window1: mouseVisible = False
1209.3963 	EXP 	window1: mouseVisible = False
1209.4130 	EXP 	window1: mouseVisible = False
1209.4302 	DATA 	Keypress: space
1209.5299 	EXP 	New trial (rep=11, index=0): None
1209.5448 	EXP 	main_text: autoDraw = True
1209.5448 	EXP 	confirm_text: autoDraw = True
1209.5448 	EXP 	ratingScale: autoDraw = False
1209.5448 	EXP 	main_text: autoDraw = False
1209.5448 	EXP 	confirm_text: autoDraw = False
1209.5448 	EXP 	text_2: autoDraw = True
1209.5448 	EXP 	croix: autoDraw = True
1214.5450 	EXP 	text_2: autoDraw = False
1214.5450 	EXP 	croix: autoDraw = False
1214.5450 	EXP 	text_2: autoDraw = False
1214.5450 	EXP 	croix: autoDraw = False
1214.5450 	EXP 	thermode_locali: autoDraw = True
1226.5290 	EXP 	window1: mouseVisible = True
1226.5298 	EXP 	Created unnamed Rect = Rect(__class__=<class 'psychopy.visual.rect.Rect'>, anchor=('center', 'center'), autoDraw=False, autoLog=True, closeShape=True, color=method-wrapper(...), colorSpace='rgb', contrast=None, depth=0, draggable=False, fillColor=array([1, 1, 1]), fillColorSpace='rgb', fillRGB=array([1, 1, 1]), interpolate=True, lineColor=array([1., 1., 1.]), lineColorSpace='rgb', lineRGB=array([1, 1, 1]), lineWidth=1.5, name='unnamed Rect', opacity=1.0, ori=0.0, pos=array([0., 0.]), size=array([0.01, 0.1 ]), units='norm', vertices=ndarray(...), win=Window(...))
1226.5299 	EXP 	window1: mouseVisible = True
1226.5300 	EXP 	window1: mouseVisible = True
1226.5304 	EXP 	window1: mouseVisible = True
1226.5316 	EXP 	window1: mouseVisible = True
1226.5326 	EXP 	window1: mouseVisible = True
1226.5328 	EXP 	window1: mouseVisible = True
1226.5329 	EXP 	window1: mouseVisible = True
1226.5331 	EXP 	window1: mouseVisible = True
1226.5333 	EXP 	window1: mouseVisible = True
1226.5334 	EXP 	window1: mouseVisible = True
1226.5336 	EXP 	window1: mouseVisible = True
1226.5337 	EXP 	window1: mouseVisible = True
1226.5338 	EXP 	window1: mouseVisible = True
1226.5340 	EXP 	window1: mouseVisible = True
1226.5341 	EXP 	window1: mouseVisible = True
1226.5342 	EXP 	window1: mouseVisible = True
1226.5346 	EXP 	window1: mouseVisible = True
1226.5348 	EXP 	window1: mouseVisible = True
1226.5350 	EXP 	window1: mouseVisible = True
1226.5351 	EXP 	window1: mouseVisible = True
1226.5353 	EXP 	window1: mouseVisible = True
1226.5354 	EXP 	window1: mouseVisible = True
1226.5355 	EXP 	window1: mouseVisible = True
1226.5357 	EXP 	window1: mouseVisible = True
1226.5358 	EXP 	window1: mouseVisible = True
1226.5359 	EXP 	window1: mouseVisible = True
1226.5361 	EXP 	window1: mouseVisible = True
1226.5362 	EXP 	window1: mouseVisible = True
1226.5363 	EXP 	window1: mouseVisible = True
1226.5364 	EXP 	window1: mouseVisible = True
1226.5366 	EXP 	window1: mouseVisible = True
1226.5367 	EXP 	window1: mouseVisible = True
1226.5368 	EXP 	window1: mouseVisible = True
1226.5369 	EXP 	window1: mouseVisible = True
1226.5371 	EXP 	window1: mouseVisible = True
1226.5372 	EXP 	window1: mouseVisible = True
1226.5373 	EXP 	window1: mouseVisible = True
1226.5374 	EXP 	window1: mouseVisible = True
1226.5376 	EXP 	window1: mouseVisible = True
1226.5377 	EXP 	window1: mouseVisible = True
1226.5378 	EXP 	window1: mouseVisible = True
1226.5379 	EXP 	window1: mouseVisible = True
1226.5381 	EXP 	window1: mouseVisible = True
1226.5382 	EXP 	window1: mouseVisible = True
1226.5384 	EXP 	window1: mouseVisible = True
1226.5385 	EXP 	window1: mouseVisible = True
1226.5386 	EXP 	window1: mouseVisible = True
1226.5387 	EXP 	window1: mouseVisible = True
1226.5389 	EXP 	window1: mouseVisible = True
1226.5390 	EXP 	window1: mouseVisible = True
1226.5391 	EXP 	window1: mouseVisible = True
1226.5393 	EXP 	window1: mouseVisible = True
1226.5394 	EXP 	window1: mouseVisible = True
1226.5395 	EXP 	window1: mouseVisible = True
1226.5396 	EXP 	window1: mouseVisible = True
1226.5398 	EXP 	window1: mouseVisible = True
1226.5399 	EXP 	window1: mouseVisible = True
1226.5400 	EXP 	window1: mouseVisible = True
1226.5401 	EXP 	window1: mouseVisible = True
1226.5403 	EXP 	window1: mouseVisible = True
1226.5404 	EXP 	window1: mouseVisible = True
1226.5405 	EXP 	window1: mouseVisible = True
1226.5407 	EXP 	window1: mouseVisible = True
1226.5408 	EXP 	window1: mouseVisible = True
1226.5410 	EXP 	window1: mouseVisible = True
1226.5411 	EXP 	window1: mouseVisible = True
1226.5412 	EXP 	window1: mouseVisible = True
1226.5413 	EXP 	window1: mouseVisible = True
1226.5415 	EXP 	window1: mouseVisible = True
1226.5416 	EXP 	window1: mouseVisible = True
1226.5417 	EXP 	window1: mouseVisible = True
1226.5419 	EXP 	window1: mouseVisible = True
1226.5423 	EXP 	window1: mouseVisible = True
1226.5425 	EXP 	window1: mouseVisible = True
1226.5426 	EXP 	window1: mouseVisible = True
1226.5428 	EXP 	window1: mouseVisible = True
1226.5429 	EXP 	window1: mouseVisible = True
1226.5431 	EXP 	window1: mouseVisible = True
1226.5432 	EXP 	window1: mouseVisible = True
1226.5433 	EXP 	window1: mouseVisible = True
1226.5435 	EXP 	window1: mouseVisible = True
1226.5436 	EXP 	window1: mouseVisible = True
1226.5437 	EXP 	window1: mouseVisible = True
1226.5438 	EXP 	window1: mouseVisible = True
1226.5440 	EXP 	window1: mouseVisible = True
1226.5441 	EXP 	window1: mouseVisible = True
1226.5442 	EXP 	window1: mouseVisible = True
1226.5443 	EXP 	window1: mouseVisible = True
1226.5445 	EXP 	window1: mouseVisible = True
1226.5446 	EXP 	window1: mouseVisible = True
1226.5447 	EXP 	window1: mouseVisible = True
1226.5448 	EXP 	window1: mouseVisible = True
1226.5450 	EXP 	window1: mouseVisible = True
1226.5451 	EXP 	window1: mouseVisible = True
1226.5452 	EXP 	window1: mouseVisible = True
1226.5453 	EXP 	window1: mouseVisible = True
1226.5455 	EXP 	window1: mouseVisible = True
1226.5456 	EXP 	window1: mouseVisible = True
1226.5457 	EXP 	window1: mouseVisible = True
1226.5459 	EXP 	window1: mouseVisible = True
1226.5460 	EXP 	window1: mouseVisible = True
1226.5461 	EXP 	window1: mouseVisible = True
1226.5463 	EXP 	window1: mouseVisible = True
1226.5464 	EXP 	window1: mouseVisible = True
1226.5484 	EXP 	Created ratingScale = RatingScale(__class__=type(...), acceptKeys=['return'], acceptPreText=UNKNOWN, acceptSize=UNKNOWN, acceptText=UNKNOWN, autoLog=True, choices=False, colorSpace='rgb', depth=0, disappear=False, flipVert=False, high=100, kwargs=UNKNOWN, labels=list(...), leftKeys=['left'], lineColor=(255, 255, 255), low=0, marker=Rect(...), markerColor=(255, 255, 255), markerExpansion=UNKNOWN, markerStart=0.5, maxTime=0.0, minTime=0.4, mouseOnly=False, name='ratingScale', noMouse=False, pos=[0.0, 0.0], precision=100, respKeys=[], rightKeys=['right'], scale=None, self=UNKNOWN, showAccept=False, showValue=False, singleClick=False, size=0.6, skipKeys=['tab'], stretch=2.0, textColor='white', textFont='Helvetica Bold', textSize=0.144, tickHeight=0, tickMarks=10.0, win=Window(...))
1226.5485 	EXP 	RatingScale ratingScale: reset()
1226.5506 	EXP 	window1: mouseVisible = False
1226.5617 	EXP 	thermode_locali: autoDraw = False
1226.5617 	EXP 	thermode_locali: autoDraw = False
1226.5617 	EXP 	ratingScale: flipVert = False
1226.5617 	EXP 	ratingScale: autoLog = True
1226.5632 	EXP 	window1: mouseVisible = False
1226.5798 	EXP 	window1: mouseVisible = False
1226.5965 	EXP 	window1: mouseVisible = False
1226.6132 	EXP 	window1: mouseVisible = False
1226.6298 	EXP 	window1: mouseVisible = False
1226.6467 	EXP 	window1: mouseVisible = False
1226.6632 	EXP 	window1: mouseVisible = False
1226.6799 	EXP 	window1: mouseVisible = False
1226.6965 	EXP 	window1: mouseVisible = False
1226.7134 	EXP 	window1: mouseVisible = False
1226.7299 	EXP 	window1: mouseVisible = False
1226.7467 	EXP 	window1: mouseVisible = False
1226.7633 	EXP 	window1: mouseVisible = False
1226.7799 	EXP 	window1: mouseVisible = False
1226.7966 	EXP 	window1: mouseVisible = False
1226.8132 	EXP 	window1: mouseVisible = False
1226.8299 	EXP 	window1: mouseVisible = False
1226.8466 	EXP 	window1: mouseVisible = False
1226.8632 	EXP 	window1: mouseVisible = False
1226.8799 	EXP 	window1: mouseVisible = False
1226.8967 	EXP 	window1: mouseVisible = False
1226.9133 	EXP 	window1: mouseVisible = False
1226.9298 	EXP 	window1: mouseVisible = False
1226.9466 	EXP 	window1: mouseVisible = False
1226.9632 	EXP 	window1: mouseVisible = False
1226.9799 	EXP 	window1: mouseVisible = False
1226.9966 	EXP 	window1: mouseVisible = False
1227.0132 	EXP 	window1: mouseVisible = False
1227.0301 	EXP 	window1: mouseVisible = False
1227.0466 	EXP 	window1: mouseVisible = False
1227.0633 	EXP 	window1: mouseVisible = False
1227.0799 	EXP 	window1: mouseVisible = False
1227.0966 	EXP 	window1: mouseVisible = False
1227.1134 	EXP 	window1: mouseVisible = False
1227.1301 	EXP 	window1: mouseVisible = False
1227.1467 	EXP 	window1: mouseVisible = False
1227.1634 	EXP 	window1: mouseVisible = False
1227.1800 	EXP 	window1: mouseVisible = False
1227.1965 	EXP 	window1: mouseVisible = False
1227.2132 	EXP 	window1: mouseVisible = False
1227.2301 	EXP 	window1: mouseVisible = False
1227.2466 	EXP 	window1: mouseVisible = False
1227.2632 	EXP 	window1: mouseVisible = False
1227.2799 	EXP 	window1: mouseVisible = False
1227.2967 	EXP 	window1: mouseVisible = False
1227.3133 	EXP 	window1: mouseVisible = False
1227.3299 	EXP 	window1: mouseVisible = False
1227.3466 	EXP 	window1: mouseVisible = False
1227.3632 	EXP 	window1: mouseVisible = False
1227.3799 	EXP 	window1: mouseVisible = False
1227.3961 	DATA 	Keypress: n
1227.3967 	EXP 	window1: mouseVisible = False
1227.4133 	EXP 	window1: mouseVisible = False
1227.4299 	EXP 	window1: mouseVisible = False
1227.4467 	EXP 	window1: mouseVisible = False
1227.4634 	EXP 	window1: mouseVisible = False
1227.4801 	EXP 	window1: mouseVisible = False
1227.4965 	EXP 	window1: mouseVisible = False
1227.5133 	EXP 	window1: mouseVisible = False
1227.5298 	EXP 	window1: mouseVisible = False
1227.5465 	EXP 	window1: mouseVisible = False
1227.5632 	EXP 	window1: mouseVisible = False
1227.5798 	EXP 	window1: mouseVisible = False
1227.5965 	EXP 	window1: mouseVisible = False
1227.6132 	EXP 	window1: mouseVisible = False
1227.6298 	EXP 	window1: mouseVisible = False
1227.6465 	EXP 	window1: mouseVisible = False
1227.6632 	EXP 	window1: mouseVisible = False
1227.6798 	EXP 	window1: mouseVisible = False
1227.6965 	EXP 	window1: mouseVisible = False
1227.7132 	EXP 	window1: mouseVisible = False
1227.7298 	EXP 	window1: mouseVisible = False
1227.7465 	EXP 	window1: mouseVisible = False
1227.7632 	EXP 	window1: mouseVisible = False
1227.7798 	EXP 	window1: mouseVisible = False
1227.7965 	EXP 	window1: mouseVisible = False
1227.8132 	EXP 	window1: mouseVisible = False
1227.8298 	EXP 	window1: mouseVisible = False
1227.8468 	EXP 	window1: mouseVisible = False
1227.8632 	EXP 	window1: mouseVisible = False
1227.8798 	EXP 	window1: mouseVisible = False
1227.8965 	EXP 	window1: mouseVisible = False
1227.9132 	EXP 	window1: mouseVisible = False
1227.9299 	EXP 	window1: mouseVisible = False
1227.9466 	EXP 	window1: mouseVisible = False
1227.9631 	EXP 	window1: mouseVisible = False
1227.9799 	EXP 	window1: mouseVisible = False
1227.9966 	EXP 	window1: mouseVisible = False
1228.0134 	EXP 	window1: mouseVisible = False
1228.0298 	EXP 	window1: mouseVisible = False
1228.0467 	EXP 	window1: mouseVisible = False
1228.0632 	EXP 	window1: mouseVisible = False
1228.0799 	EXP 	window1: mouseVisible = False
1228.0967 	EXP 	window1: mouseVisible = False
1228.1134 	EXP 	window1: mouseVisible = False
1228.1303 	EXP 	window1: mouseVisible = False
1228.1468 	EXP 	window1: mouseVisible = False
1228.1638 	EXP 	window1: mouseVisible = False
1228.1801 	EXP 	window1: mouseVisible = False
1228.1965 	EXP 	window1: mouseVisible = False
1228.2134 	EXP 	window1: mouseVisible = False
1228.2300 	EXP 	window1: mouseVisible = False
1228.2466 	EXP 	window1: mouseVisible = False
1228.2634 	EXP 	window1: mouseVisible = False
1228.2800 	EXP 	window1: mouseVisible = False
1228.2967 	EXP 	window1: mouseVisible = False
1228.3132 	EXP 	window1: mouseVisible = False
1228.3300 	EXP 	window1: mouseVisible = False
1228.3467 	EXP 	window1: mouseVisible = False
1228.3633 	EXP 	window1: mouseVisible = False
1228.3800 	EXP 	window1: mouseVisible = False
1228.3966 	EXP 	window1: mouseVisible = False
1228.4133 	EXP 	window1: mouseVisible = False
1228.4299 	EXP 	window1: mouseVisible = False
1228.4466 	EXP 	window1: mouseVisible = False
1228.4632 	EXP 	window1: mouseVisible = False
1228.4801 	EXP 	window1: mouseVisible = False
1228.4969 	EXP 	window1: mouseVisible = False
1228.5133 	EXP 	window1: mouseVisible = False
1228.5300 	EXP 	window1: mouseVisible = False
1228.5466 	EXP 	window1: mouseVisible = False
1228.5633 	EXP 	window1: mouseVisible = False
1228.5799 	EXP 	window1: mouseVisible = False
1228.5968 	EXP 	window1: mouseVisible = False
1228.6132 	EXP 	window1: mouseVisible = False
1228.6299 	EXP 	window1: mouseVisible = False
1228.6465 	EXP 	window1: mouseVisible = False
1228.6632 	EXP 	window1: mouseVisible = False
1228.6798 	EXP 	window1: mouseVisible = False
1228.6965 	EXP 	window1: mouseVisible = False
1228.7132 	EXP 	window1: mouseVisible = False
1228.7299 	EXP 	window1: mouseVisible = False
1228.7465 	EXP 	window1: mouseVisible = False
1228.7632 	EXP 	window1: mouseVisible = False
1228.7798 	EXP 	window1: mouseVisible = False
1228.7965 	EXP 	window1: mouseVisible = False
1228.8132 	EXP 	window1: mouseVisible = False
1228.8298 	EXP 	window1: mouseVisible = False
1228.8466 	EXP 	window1: mouseVisible = False
1228.8632 	EXP 	window1: mouseVisible = False
1228.8798 	EXP 	window1: mouseVisible = False
1228.8966 	EXP 	window1: mouseVisible = False
1228.9132 	EXP 	window1: mouseVisible = False
1228.9299 	EXP 	window1: mouseVisible = False
1228.9465 	EXP 	window1: mouseVisible = False
1228.9632 	EXP 	window1: mouseVisible = False
1228.9799 	EXP 	window1: mouseVisible = False
1228.9965 	EXP 	window1: mouseVisible = False
1229.0131 	EXP 	window1: mouseVisible = False
1229.0299 	EXP 	window1: mouseVisible = False
1229.0465 	EXP 	window1: mouseVisible = False
1229.0633 	EXP 	window1: mouseVisible = False
1229.0799 	EXP 	window1: mouseVisible = False
1229.0966 	EXP 	window1: mouseVisible = False
1229.1132 	EXP 	window1: mouseVisible = False
1229.1298 	EXP 	window1: mouseVisible = False
1229.1465 	EXP 	window1: mouseVisible = False
1229.1632 	EXP 	window1: mouseVisible = False
1229.1799 	EXP 	window1: mouseVisible = False
1229.1966 	EXP 	window1: mouseVisible = False
1229.2132 	EXP 	window1: mouseVisible = False
1229.2299 	EXP 	window1: mouseVisible = False
1229.2465 	EXP 	window1: mouseVisible = False
1229.2632 	EXP 	window1: mouseVisible = False
1229.2799 	EXP 	window1: mouseVisible = False
1229.2966 	EXP 	window1: mouseVisible = False
1229.3132 	EXP 	window1: mouseVisible = False
1229.3302 	EXP 	window1: mouseVisible = False
1229.3466 	EXP 	window1: mouseVisible = False
1229.3633 	EXP 	window1: mouseVisible = False
1229.3800 	EXP 	window1: mouseVisible = False
1229.3966 	EXP 	window1: mouseVisible = False
1229.4132 	EXP 	window1: mouseVisible = False
1229.4300 	EXP 	window1: mouseVisible = False
1229.4466 	EXP 	window1: mouseVisible = False
1229.4633 	EXP 	window1: mouseVisible = False
1229.4798 	EXP 	window1: mouseVisible = False
1229.4966 	EXP 	window1: mouseVisible = False
1229.5132 	EXP 	window1: mouseVisible = False
1229.5299 	EXP 	window1: mouseVisible = False
1229.5465 	EXP 	window1: mouseVisible = False
1229.5634 	EXP 	window1: mouseVisible = False
1229.5798 	EXP 	window1: mouseVisible = False
1229.5966 	EXP 	window1: mouseVisible = False
1229.6132 	EXP 	window1: mouseVisible = False
1229.6299 	EXP 	window1: mouseVisible = False
1229.6465 	EXP 	window1: mouseVisible = False
1229.6632 	EXP 	window1: mouseVisible = False
1229.6798 	EXP 	window1: mouseVisible = False
1229.6965 	EXP 	window1: mouseVisible = False
1229.7132 	EXP 	window1: mouseVisible = False
1229.7299 	EXP 	window1: mouseVisible = False
1229.7465 	EXP 	window1: mouseVisible = False
1229.7633 	EXP 	window1: mouseVisible = False
1229.7798 	EXP 	window1: mouseVisible = False
1229.7967 	EXP 	window1: mouseVisible = False
1229.8133 	EXP 	window1: mouseVisible = False
1229.8300 	EXP 	window1: mouseVisible = False
1229.8466 	EXP 	window1: mouseVisible = False
1229.8632 	EXP 	window1: mouseVisible = False
1229.8799 	EXP 	window1: mouseVisible = False
1229.8965 	EXP 	window1: mouseVisible = False
1229.9132 	EXP 	window1: mouseVisible = False
1229.9298 	EXP 	window1: mouseVisible = False
1229.9465 	EXP 	window1: mouseVisible = False
1229.9632 	EXP 	window1: mouseVisible = False
1229.9798 	EXP 	window1: mouseVisible = False
1229.9965 	EXP 	window1: mouseVisible = False
1230.0133 	EXP 	window1: mouseVisible = False
1230.0298 	EXP 	window1: mouseVisible = False
1230.0466 	EXP 	window1: mouseVisible = False
1230.0632 	EXP 	window1: mouseVisible = False
1230.0798 	EXP 	window1: mouseVisible = False
1230.0965 	EXP 	window1: mouseVisible = False
1230.1132 	EXP 	window1: mouseVisible = False
1230.1298 	EXP 	window1: mouseVisible = False
1230.1465 	EXP 	window1: mouseVisible = False
1230.1632 	EXP 	window1: mouseVisible = False
1230.1798 	EXP 	window1: mouseVisible = False
1230.1965 	EXP 	window1: mouseVisible = False
1230.2132 	EXP 	window1: mouseVisible = False
1230.2298 	EXP 	window1: mouseVisible = False
1230.2465 	EXP 	window1: mouseVisible = False
1230.2632 	EXP 	window1: mouseVisible = False
1230.2798 	EXP 	window1: mouseVisible = False
1230.2964 	EXP 	window1: mouseVisible = False
1230.3132 	EXP 	window1: mouseVisible = False
1230.3298 	EXP 	window1: mouseVisible = False
1230.3465 	EXP 	window1: mouseVisible = False
1230.3633 	EXP 	window1: mouseVisible = False
1230.3798 	EXP 	window1: mouseVisible = False
1230.3965 	EXP 	window1: mouseVisible = False
1230.4132 	EXP 	window1: mouseVisible = False
1230.4298 	EXP 	window1: mouseVisible = False
1230.4465 	EXP 	window1: mouseVisible = False
1230.4632 	EXP 	window1: mouseVisible = False
1230.4798 	EXP 	window1: mouseVisible = False
1230.4968 	DATA 	Keypress: space
1230.5976 	EXP 	New trial (rep=12, index=0): None
1230.6117 	EXP 	main_text: autoDraw = True
1230.6117 	EXP 	confirm_text: autoDraw = True
1230.6117 	EXP 	ratingScale: autoDraw = False
1230.6117 	EXP 	main_text: autoDraw = False
1230.6117 	EXP 	confirm_text: autoDraw = False
1230.6117 	EXP 	text_2: autoDraw = True
1230.6117 	EXP 	croix: autoDraw = True
1235.6117 	EXP 	text_2: autoDraw = False
1235.6117 	EXP 	croix: autoDraw = False
1235.6117 	EXP 	text_2: autoDraw = False
1235.6117 	EXP 	croix: autoDraw = False
1235.6117 	EXP 	thermode_locali: autoDraw = True
1247.5958 	EXP 	window1: mouseVisible = True
1247.5967 	EXP 	Created unnamed Rect = Rect(__class__=<class 'psychopy.visual.rect.Rect'>, anchor=('center', 'center'), autoDraw=False, autoLog=True, closeShape=True, color=method-wrapper(...), colorSpace='rgb', contrast=None, depth=0, draggable=False, fillColor=array([1, 1, 1]), fillColorSpace='rgb', fillRGB=array([1, 1, 1]), interpolate=True, lineColor=array([1., 1., 1.]), lineColorSpace='rgb', lineRGB=array([1, 1, 1]), lineWidth=1.5, name='unnamed Rect', opacity=1.0, ori=0.0, pos=array([0., 0.]), size=array([0.01, 0.1 ]), units='norm', vertices=ndarray(...), win=Window(...))
1247.5967 	EXP 	window1: mouseVisible = True
1247.5968 	EXP 	window1: mouseVisible = True
1247.5973 	EXP 	window1: mouseVisible = True
1247.5985 	EXP 	window1: mouseVisible = True
1247.5996 	EXP 	window1: mouseVisible = True
1247.5998 	EXP 	window1: mouseVisible = True
1247.5999 	EXP 	window1: mouseVisible = True
1247.6001 	EXP 	window1: mouseVisible = True
1247.6002 	EXP 	window1: mouseVisible = True
1247.6004 	EXP 	window1: mouseVisible = True
1247.6005 	EXP 	window1: mouseVisible = True
1247.6006 	EXP 	window1: mouseVisible = True
1247.6007 	EXP 	window1: mouseVisible = True
1247.6009 	EXP 	window1: mouseVisible = True
1247.6010 	EXP 	window1: mouseVisible = True
1247.6011 	EXP 	window1: mouseVisible = True
1247.6013 	EXP 	window1: mouseVisible = True
1247.6014 	EXP 	window1: mouseVisible = True
1247.6015 	EXP 	window1: mouseVisible = True
1247.6017 	EXP 	window1: mouseVisible = True
1247.6018 	EXP 	window1: mouseVisible = True
1247.6019 	EXP 	window1: mouseVisible = True
1247.6020 	EXP 	window1: mouseVisible = True
1247.6022 	EXP 	window1: mouseVisible = True
1247.6023 	EXP 	window1: mouseVisible = True
1247.6024 	EXP 	window1: mouseVisible = True
1247.6025 	EXP 	window1: mouseVisible = True
1247.6027 	EXP 	window1: mouseVisible = True
1247.6029 	EXP 	window1: mouseVisible = True
1247.6030 	EXP 	window1: mouseVisible = True
1247.6031 	EXP 	window1: mouseVisible = True
1247.6033 	EXP 	window1: mouseVisible = True
1247.6034 	EXP 	window1: mouseVisible = True
1247.6035 	EXP 	window1: mouseVisible = True
1247.6039 	EXP 	window1: mouseVisible = True
1247.6041 	EXP 	window1: mouseVisible = True
1247.6044 	EXP 	window1: mouseVisible = True
1247.6046 	EXP 	window1: mouseVisible = True
1247.6047 	EXP 	window1: mouseVisible = True
1247.6049 	EXP 	window1: mouseVisible = True
1247.6050 	EXP 	window1: mouseVisible = True
1247.6051 	EXP 	window1: mouseVisible = True
1247.6053 	EXP 	window1: mouseVisible = True
1247.6054 	EXP 	window1: mouseVisible = True
1247.6055 	EXP 	window1: mouseVisible = True
1247.6057 	EXP 	window1: mouseVisible = True
1247.6058 	EXP 	window1: mouseVisible = True
1247.6059 	EXP 	window1: mouseVisible = True
1247.6061 	EXP 	window1: mouseVisible = True
1247.6062 	EXP 	window1: mouseVisible = True
1247.6063 	EXP 	window1: mouseVisible = True
1247.6065 	EXP 	window1: mouseVisible = True
1247.6066 	EXP 	window1: mouseVisible = True
1247.6067 	EXP 	window1: mouseVisible = True
1247.6068 	EXP 	window1: mouseVisible = True
1247.6070 	EXP 	window1: mouseVisible = True
1247.6071 	EXP 	window1: mouseVisible = True
1247.6072 	EXP 	window1: mouseVisible = True
1247.6074 	EXP 	window1: mouseVisible = True
1247.6075 	EXP 	window1: mouseVisible = True
1247.6077 	EXP 	window1: mouseVisible = True
1247.6078 	EXP 	window1: mouseVisible = True
1247.6079 	EXP 	window1: mouseVisible = True
1247.6081 	EXP 	window1: mouseVisible = True
1247.6082 	EXP 	window1: mouseVisible = True
1247.6083 	EXP 	window1: mouseVisible = True
1247.6084 	EXP 	window1: mouseVisible = True
1247.6086 	EXP 	window1: mouseVisible = True
1247.6087 	EXP 	window1: mouseVisible = True
1247.6088 	EXP 	window1: mouseVisible = True
1247.6090 	EXP 	window1: mouseVisible = True
1247.6091 	EXP 	window1: mouseVisible = True
1247.6092 	EXP 	window1: mouseVisible = True
1247.6093 	EXP 	window1: mouseVisible = True
1247.6095 	EXP 	window1: mouseVisible = True
1247.6096 	EXP 	window1: mouseVisible = True
1247.6097 	EXP 	window1: mouseVisible = True
1247.6098 	EXP 	window1: mouseVisible = True
1247.6100 	EXP 	window1: mouseVisible = True
1247.6101 	EXP 	window1: mouseVisible = True
1247.6102 	EXP 	window1: mouseVisible = True
1247.6104 	EXP 	window1: mouseVisible = True
1247.6105 	EXP 	window1: mouseVisible = True
1247.6106 	EXP 	window1: mouseVisible = True
1247.6107 	EXP 	window1: mouseVisible = True
1247.6109 	EXP 	window1: mouseVisible = True
1247.6110 	EXP 	window1: mouseVisible = True
1247.6111 	EXP 	window1: mouseVisible = True
1247.6112 	EXP 	window1: mouseVisible = True
1247.6114 	EXP 	window1: mouseVisible = True
1247.6115 	EXP 	window1: mouseVisible = True
1247.6117 	EXP 	window1: mouseVisible = True
1247.6118 	EXP 	window1: mouseVisible = True
1247.6119 	EXP 	window1: mouseVisible = True
1247.6120 	EXP 	window1: mouseVisible = True
1247.6122 	EXP 	window1: mouseVisible = True
1247.6123 	EXP 	window1: mouseVisible = True
1247.6124 	EXP 	window1: mouseVisible = True
1247.6126 	EXP 	window1: mouseVisible = True
1247.6127 	EXP 	window1: mouseVisible = True
1247.6128 	EXP 	window1: mouseVisible = True
1247.6129 	EXP 	window1: mouseVisible = True
1247.6131 	EXP 	window1: mouseVisible = True
1247.6132 	EXP 	window1: mouseVisible = True
1247.6153 	EXP 	Created ratingScale = RatingScale(__class__=type(...), acceptKeys=['return'], acceptPreText=UNKNOWN, acceptSize=UNKNOWN, acceptText=UNKNOWN, autoLog=True, choices=False, colorSpace='rgb', depth=0, disappear=False, flipVert=False, high=100, kwargs=UNKNOWN, labels=list(...), leftKeys=['left'], lineColor=(255, 255, 255), low=0, marker=Rect(...), markerColor=(255, 255, 255), markerExpansion=UNKNOWN, markerStart=0.5, maxTime=0.0, minTime=0.4, mouseOnly=False, name='ratingScale', noMouse=False, pos=[0.0, 0.0], precision=100, respKeys=[], rightKeys=['right'], scale=None, self=UNKNOWN, showAccept=False, showValue=False, singleClick=False, size=0.6, skipKeys=['tab'], stretch=2.0, textColor='white', textFont='Helvetica Bold', textSize=0.144, tickHeight=0, tickMarks=10.0, win=Window(...))
1247.6153 	EXP 	RatingScale ratingScale: reset()
1247.6175 	EXP 	window1: mouseVisible = False
1247.6285 	EXP 	thermode_locali: autoDraw = False
1247.6285 	EXP 	thermode_locali: autoDraw = False
1247.6285 	EXP 	ratingScale: flipVert = False
1247.6285 	EXP 	ratingScale: autoLog = True
1247.6301 	EXP 	window1: mouseVisible = False
1247.6468 	EXP 	window1: mouseVisible = False
1247.6633 	EXP 	window1: mouseVisible = False
1247.6800 	EXP 	window1: mouseVisible = False
1247.6967 	EXP 	window1: mouseVisible = False
1247.7133 	EXP 	window1: mouseVisible = False
1247.7300 	EXP 	window1: mouseVisible = False
1247.7468 	EXP 	window1: mouseVisible = False
1247.7634 	EXP 	window1: mouseVisible = False
1247.7800 	EXP 	window1: mouseVisible = False
1247.7967 	EXP 	window1: mouseVisible = False
1247.8134 	EXP 	window1: mouseVisible = False
1247.8300 	EXP 	window1: mouseVisible = False
1247.8467 	EXP 	window1: mouseVisible = False
1247.8633 	EXP 	window1: mouseVisible = False
1247.8800 	EXP 	window1: mouseVisible = False
1247.8967 	EXP 	window1: mouseVisible = False
1247.9133 	EXP 	window1: mouseVisible = False
1247.9300 	EXP 	window1: mouseVisible = False
1247.9467 	EXP 	window1: mouseVisible = False
1247.9633 	EXP 	window1: mouseVisible = False
1247.9800 	EXP 	window1: mouseVisible = False
1247.9967 	EXP 	window1: mouseVisible = False
1248.0133 	EXP 	window1: mouseVisible = False
1248.0300 	EXP 	window1: mouseVisible = False
1248.0467 	EXP 	window1: mouseVisible = False
1248.0633 	EXP 	window1: mouseVisible = False
1248.0800 	EXP 	window1: mouseVisible = False
1248.0967 	EXP 	window1: mouseVisible = False
1248.1134 	EXP 	window1: mouseVisible = False
1248.1300 	EXP 	window1: mouseVisible = False
1248.1469 	EXP 	window1: mouseVisible = False
1248.1634 	EXP 	window1: mouseVisible = False
1248.1800 	EXP 	window1: mouseVisible = False
1248.1967 	EXP 	window1: mouseVisible = False
1248.2134 	EXP 	window1: mouseVisible = False
1248.2300 	EXP 	window1: mouseVisible = False
1248.2467 	EXP 	window1: mouseVisible = False
1248.2633 	EXP 	window1: mouseVisible = False
1248.2800 	EXP 	window1: mouseVisible = False
1248.2967 	EXP 	window1: mouseVisible = False
1248.3133 	EXP 	window1: mouseVisible = False
1248.3300 	EXP 	window1: mouseVisible = False
1248.3467 	EXP 	window1: mouseVisible = False
1248.3633 	EXP 	window1: mouseVisible = False
1248.3796 	DATA 	Keypress: m
1248.3802 	EXP 	window1: mouseVisible = False
1248.3967 	EXP 	window1: mouseVisible = False
1248.4133 	EXP 	window1: mouseVisible = False
1248.4300 	EXP 	window1: mouseVisible = False
1248.4467 	EXP 	window1: mouseVisible = False
1248.4634 	EXP 	window1: mouseVisible = False
1248.4800 	EXP 	window1: mouseVisible = False
1248.4967 	EXP 	window1: mouseVisible = False
1248.5134 	EXP 	window1: mouseVisible = False
1248.5300 	EXP 	window1: mouseVisible = False
1248.5467 	EXP 	window1: mouseVisible = False
1248.5634 	EXP 	window1: mouseVisible = False
1248.5800 	EXP 	window1: mouseVisible = False
1248.5967 	EXP 	window1: mouseVisible = False
1248.6134 	EXP 	window1: mouseVisible = False
1248.6300 	EXP 	window1: mouseVisible = False
1248.6467 	EXP 	window1: mouseVisible = False
1248.6634 	EXP 	window1: mouseVisible = False
1248.6800 	EXP 	window1: mouseVisible = False
1248.6967 	EXP 	window1: mouseVisible = False
1248.7133 	EXP 	window1: mouseVisible = False
1248.7300 	EXP 	window1: mouseVisible = False
1248.7467 	EXP 	window1: mouseVisible = False
1248.7633 	EXP 	window1: mouseVisible = False
1248.7800 	EXP 	window1: mouseVisible = False
1248.7967 	EXP 	window1: mouseVisible = False
1248.8134 	EXP 	window1: mouseVisible = False
1248.8300 	EXP 	window1: mouseVisible = False
1248.8467 	EXP 	window1: mouseVisible = False
1248.8633 	EXP 	window1: mouseVisible = False
1248.8801 	EXP 	window1: mouseVisible = False
1248.8967 	EXP 	window1: mouseVisible = False
1248.9134 	EXP 	window1: mouseVisible = False
1248.9300 	EXP 	window1: mouseVisible = False
1248.9468 	EXP 	window1: mouseVisible = False
1248.9633 	EXP 	window1: mouseVisible = False
1248.9801 	EXP 	window1: mouseVisible = False
1248.9967 	EXP 	window1: mouseVisible = False
1249.0134 	EXP 	window1: mouseVisible = False
1249.0300 	EXP 	window1: mouseVisible = False
1249.0468 	EXP 	window1: mouseVisible = False
1249.0634 	EXP 	window1: mouseVisible = False
1249.0801 	EXP 	window1: mouseVisible = False
1249.0967 	EXP 	window1: mouseVisible = False
1249.1134 	EXP 	window1: mouseVisible = False
1249.1301 	EXP 	window1: mouseVisible = False
1249.1476 	EXP 	window1: mouseVisible = False
1249.1635 	EXP 	window1: mouseVisible = False
1249.1801 	EXP 	window1: mouseVisible = False
1249.1969 	EXP 	window1: mouseVisible = False
1249.2134 	EXP 	window1: mouseVisible = False
1249.2301 	EXP 	window1: mouseVisible = False
1249.2467 	EXP 	window1: mouseVisible = False
1249.2634 	EXP 	window1: mouseVisible = False
1249.2800 	EXP 	window1: mouseVisible = False
1249.2967 	EXP 	window1: mouseVisible = False
1249.3134 	EXP 	window1: mouseVisible = False
1249.3301 	EXP 	window1: mouseVisible = False
1249.3468 	EXP 	window1: mouseVisible = False
1249.3634 	EXP 	window1: mouseVisible = False
1249.3803 	EXP 	window1: mouseVisible = False
1249.3968 	EXP 	window1: mouseVisible = False
1249.4137 	EXP 	window1: mouseVisible = False
1249.4301 	EXP 	window1: mouseVisible = False
1249.4467 	EXP 	window1: mouseVisible = False
1249.4634 	EXP 	window1: mouseVisible = False
1249.4801 	EXP 	window1: mouseVisible = False
1249.4967 	EXP 	window1: mouseVisible = False
1249.5133 	EXP 	window1: mouseVisible = False
1249.5300 	EXP 	window1: mouseVisible = False
1249.5467 	EXP 	window1: mouseVisible = False
1249.5633 	EXP 	window1: mouseVisible = False
1249.5800 	EXP 	window1: mouseVisible = False
1249.5967 	EXP 	window1: mouseVisible = False
1249.6132 	DATA 	Keypress: space
1249.7133 	EXP 	New trial (rep=13, index=0): None
1249.7287 	EXP 	main_text: autoDraw = True
1249.7287 	EXP 	confirm_text: autoDraw = True
1249.7287 	EXP 	ratingScale: autoDraw = False
1249.7287 	EXP 	main_text: autoDraw = False
1249.7287 	EXP 	confirm_text: autoDraw = False
1249.7287 	EXP 	text_2: autoDraw = True
1249.7287 	EXP 	croix: autoDraw = True
1254.7287 	EXP 	text_2: autoDraw = False
1254.7287 	EXP 	croix: autoDraw = False
1254.7287 	EXP 	text_2: autoDraw = False
1254.7287 	EXP 	croix: autoDraw = False
1254.7287 	EXP 	thermode_locali: autoDraw = True
1266.7127 	EXP 	window1: mouseVisible = True
1266.7136 	EXP 	Created unnamed Rect = Rect(__class__=<class 'psychopy.visual.rect.Rect'>, anchor=('center', 'center'), autoDraw=False, autoLog=True, closeShape=True, color=method-wrapper(...), colorSpace='rgb', contrast=None, depth=0, draggable=False, fillColor=array([1, 1, 1]), fillColorSpace='rgb', fillRGB=array([1, 1, 1]), interpolate=True, lineColor=array([1., 1., 1.]), lineColorSpace='rgb', lineRGB=array([1, 1, 1]), lineWidth=1.5, name='unnamed Rect', opacity=1.0, ori=0.0, pos=array([0., 0.]), size=array([0.01, 0.1 ]), units='norm', vertices=ndarray(...), win=Window(...))
1266.7136 	EXP 	window1: mouseVisible = True
1266.7137 	EXP 	window1: mouseVisible = True
1266.7142 	EXP 	window1: mouseVisible = True
1266.7153 	EXP 	window1: mouseVisible = True
1266.7165 	EXP 	window1: mouseVisible = True
1266.7167 	EXP 	window1: mouseVisible = True
1266.7168 	EXP 	window1: mouseVisible = True
1266.7170 	EXP 	window1: mouseVisible = True
1266.7171 	EXP 	window1: mouseVisible = True
1266.7173 	EXP 	window1: mouseVisible = True
1266.7174 	EXP 	window1: mouseVisible = True
1266.7175 	EXP 	window1: mouseVisible = True
1266.7177 	EXP 	window1: mouseVisible = True
1266.7178 	EXP 	window1: mouseVisible = True
1266.7179 	EXP 	window1: mouseVisible = True
1266.7180 	EXP 	window1: mouseVisible = True
1266.7182 	EXP 	window1: mouseVisible = True
1266.7183 	EXP 	window1: mouseVisible = True
1266.7184 	EXP 	window1: mouseVisible = True
1266.7186 	EXP 	window1: mouseVisible = True
1266.7187 	EXP 	window1: mouseVisible = True
1266.7188 	EXP 	window1: mouseVisible = True
1266.7189 	EXP 	window1: mouseVisible = True
1266.7191 	EXP 	window1: mouseVisible = True
1266.7192 	EXP 	window1: mouseVisible = True
1266.7193 	EXP 	window1: mouseVisible = True
1266.7195 	EXP 	window1: mouseVisible = True
1266.7196 	EXP 	window1: mouseVisible = True
1266.7199 	EXP 	window1: mouseVisible = True
1266.7202 	EXP 	window1: mouseVisible = True
1266.7204 	EXP 	window1: mouseVisible = True
1266.7205 	EXP 	window1: mouseVisible = True
1266.7206 	EXP 	window1: mouseVisible = True
1266.7207 	EXP 	window1: mouseVisible = True
1266.7209 	EXP 	window1: mouseVisible = True
1266.7210 	EXP 	window1: mouseVisible = True
1266.7211 	EXP 	window1: mouseVisible = True
1266.7213 	EXP 	window1: mouseVisible = True
1266.7214 	EXP 	window1: mouseVisible = True
1266.7216 	EXP 	window1: mouseVisible = True
1266.7217 	EXP 	window1: mouseVisible = True
1266.7218 	EXP 	window1: mouseVisible = True
1266.7220 	EXP 	window1: mouseVisible = True
1266.7221 	EXP 	window1: mouseVisible = True
1266.7222 	EXP 	window1: mouseVisible = True
1266.7223 	EXP 	window1: mouseVisible = True
1266.7225 	EXP 	window1: mouseVisible = True
1266.7226 	EXP 	window1: mouseVisible = True
1266.7227 	EXP 	window1: mouseVisible = True
1266.7228 	EXP 	window1: mouseVisible = True
1266.7230 	EXP 	window1: mouseVisible = True
1266.7231 	EXP 	window1: mouseVisible = True
1266.7232 	EXP 	window1: mouseVisible = True
1266.7233 	EXP 	window1: mouseVisible = True
1266.7235 	EXP 	window1: mouseVisible = True
1266.7236 	EXP 	window1: mouseVisible = True
1266.7237 	EXP 	window1: mouseVisible = True
1266.7239 	EXP 	window1: mouseVisible = True
1266.7240 	EXP 	window1: mouseVisible = True
1266.7241 	EXP 	window1: mouseVisible = True
1266.7242 	EXP 	window1: mouseVisible = True
1266.7244 	EXP 	window1: mouseVisible = True
1266.7245 	EXP 	window1: mouseVisible = True
1266.7246 	EXP 	window1: mouseVisible = True
1266.7247 	EXP 	window1: mouseVisible = True
1266.7249 	EXP 	window1: mouseVisible = True
1266.7250 	EXP 	window1: mouseVisible = True
1266.7251 	EXP 	window1: mouseVisible = True
1266.7252 	EXP 	window1: mouseVisible = True
1266.7254 	EXP 	window1: mouseVisible = True
1266.7256 	EXP 	window1: mouseVisible = True
1266.7257 	EXP 	window1: mouseVisible = True
1266.7258 	EXP 	window1: mouseVisible = True
1266.7259 	EXP 	window1: mouseVisible = True
1266.7261 	EXP 	window1: mouseVisible = True
1266.7262 	EXP 	window1: mouseVisible = True
1266.7263 	EXP 	window1: mouseVisible = True
1266.7264 	EXP 	window1: mouseVisible = True
1266.7266 	EXP 	window1: mouseVisible = True
1266.7267 	EXP 	window1: mouseVisible = True
1266.7268 	EXP 	window1: mouseVisible = True
1266.7269 	EXP 	window1: mouseVisible = True
1266.7271 	EXP 	window1: mouseVisible = True
1266.7272 	EXP 	window1: mouseVisible = True
1266.7274 	EXP 	window1: mouseVisible = True
1266.7275 	EXP 	window1: mouseVisible = True
1266.7276 	EXP 	window1: mouseVisible = True
1266.7277 	EXP 	window1: mouseVisible = True
1266.7279 	EXP 	window1: mouseVisible = True
1266.7280 	EXP 	window1: mouseVisible = True
1266.7281 	EXP 	window1: mouseVisible = True
1266.7282 	EXP 	window1: mouseVisible = True
1266.7284 	EXP 	window1: mouseVisible = True
1266.7285 	EXP 	window1: mouseVisible = True
1266.7286 	EXP 	window1: mouseVisible = True
1266.7287 	EXP 	window1: mouseVisible = True
1266.7288 	EXP 	window1: mouseVisible = True
1266.7290 	EXP 	window1: mouseVisible = True
1266.7291 	EXP 	window1: mouseVisible = True
1266.7292 	EXP 	window1: mouseVisible = True
1266.7294 	EXP 	window1: mouseVisible = True
1266.7295 	EXP 	window1: mouseVisible = True
1266.7296 	EXP 	window1: mouseVisible = True
1266.7298 	EXP 	window1: mouseVisible = True
1266.7319 	EXP 	Created ratingScale = RatingScale(__class__=type(...), acceptKeys=['return'], acceptPreText=UNKNOWN, acceptSize=UNKNOWN, acceptText=UNKNOWN, autoLog=True, choices=False, colorSpace='rgb', depth=0, disappear=False, flipVert=False, high=100, kwargs=UNKNOWN, labels=list(...), leftKeys=['left'], lineColor=(255, 255, 255), low=0, marker=Rect(...), markerColor=(255, 255, 255), markerExpansion=UNKNOWN, markerStart=0.5, maxTime=0.0, minTime=0.4, mouseOnly=False, name='ratingScale', noMouse=False, pos=[0.0, 0.0], precision=100, respKeys=[], rightKeys=['right'], scale=None, self=UNKNOWN, showAccept=False, showValue=False, singleClick=False, size=0.6, skipKeys=['tab'], stretch=2.0, textColor='white', textFont='Helvetica Bold', textSize=0.144, tickHeight=0, tickMarks=10.0, win=Window(...))
1266.7319 	EXP 	RatingScale ratingScale: reset()
1266.7340 	EXP 	window1: mouseVisible = False
1266.7454 	EXP 	thermode_locali: autoDraw = False
1266.7454 	EXP 	thermode_locali: autoDraw = False
1266.7454 	EXP 	ratingScale: flipVert = False
1266.7454 	EXP 	ratingScale: autoLog = True
1266.7470 	EXP 	window1: mouseVisible = False
1266.7636 	EXP 	window1: mouseVisible = False
1266.7802 	EXP 	window1: mouseVisible = False
1266.7970 	EXP 	window1: mouseVisible = False
1266.8136 	EXP 	window1: mouseVisible = False
1266.8304 	EXP 	window1: mouseVisible = False
1266.8469 	EXP 	window1: mouseVisible = False
1266.8636 	EXP 	window1: mouseVisible = False
1266.8803 	EXP 	window1: mouseVisible = False
1266.8969 	EXP 	window1: mouseVisible = False
1266.9136 	EXP 	window1: mouseVisible = False
1266.9303 	EXP 	window1: mouseVisible = False
1266.9470 	EXP 	window1: mouseVisible = False
1266.9636 	EXP 	window1: mouseVisible = False
1266.9804 	EXP 	window1: mouseVisible = False
1266.9969 	EXP 	window1: mouseVisible = False
1267.0136 	EXP 	window1: mouseVisible = False
1267.0302 	EXP 	window1: mouseVisible = False
1267.0469 	EXP 	window1: mouseVisible = False
1267.0636 	EXP 	window1: mouseVisible = False
1267.0802 	EXP 	window1: mouseVisible = False
1267.0969 	EXP 	window1: mouseVisible = False
1267.1136 	EXP 	window1: mouseVisible = False
1267.1302 	EXP 	window1: mouseVisible = False
1267.1469 	EXP 	window1: mouseVisible = False
1267.1636 	EXP 	window1: mouseVisible = False
1267.1802 	EXP 	window1: mouseVisible = False
1267.1969 	EXP 	window1: mouseVisible = False
1267.2136 	EXP 	window1: mouseVisible = False
1267.2304 	EXP 	window1: mouseVisible = False
1267.2469 	EXP 	window1: mouseVisible = False
1267.2636 	EXP 	window1: mouseVisible = False
1267.2803 	EXP 	window1: mouseVisible = False
1267.2969 	EXP 	window1: mouseVisible = False
1267.3137 	EXP 	window1: mouseVisible = False
1267.3304 	EXP 	window1: mouseVisible = False
1267.3469 	EXP 	window1: mouseVisible = False
1267.3637 	EXP 	window1: mouseVisible = False
1267.3798 	DATA 	Keypress: n
1267.3804 	EXP 	window1: mouseVisible = False
1267.3970 	EXP 	window1: mouseVisible = False
1267.4136 	EXP 	window1: mouseVisible = False
1267.4303 	EXP 	window1: mouseVisible = False
1267.4469 	EXP 	window1: mouseVisible = False
1267.4636 	EXP 	window1: mouseVisible = False
1267.4802 	EXP 	window1: mouseVisible = False
1267.4969 	EXP 	window1: mouseVisible = False
1267.5136 	EXP 	window1: mouseVisible = False
1267.5304 	EXP 	window1: mouseVisible = False
1267.5469 	EXP 	window1: mouseVisible = False
1267.5636 	EXP 	window1: mouseVisible = False
1267.5802 	EXP 	window1: mouseVisible = False
1267.5969 	EXP 	window1: mouseVisible = False
1267.6136 	EXP 	window1: mouseVisible = False
1267.6303 	EXP 	window1: mouseVisible = False
1267.6469 	EXP 	window1: mouseVisible = False
1267.6637 	EXP 	window1: mouseVisible = False
1267.6803 	EXP 	window1: mouseVisible = False
1267.6969 	EXP 	window1: mouseVisible = False
1267.7136 	EXP 	window1: mouseVisible = False
1267.7305 	EXP 	window1: mouseVisible = False
1267.7469 	EXP 	window1: mouseVisible = False
1267.7636 	EXP 	window1: mouseVisible = False
1267.7803 	EXP 	window1: mouseVisible = False
1267.7969 	EXP 	window1: mouseVisible = False
1267.8137 	EXP 	window1: mouseVisible = False
1267.8302 	EXP 	window1: mouseVisible = False
1267.8469 	EXP 	window1: mouseVisible = False
1267.8635 	EXP 	window1: mouseVisible = False
1267.8804 	EXP 	window1: mouseVisible = False
1267.8969 	EXP 	window1: mouseVisible = False
1267.9136 	EXP 	window1: mouseVisible = False
1267.9303 	EXP 	window1: mouseVisible = False
1267.9470 	EXP 	window1: mouseVisible = False
1267.9636 	EXP 	window1: mouseVisible = False
1267.9803 	EXP 	window1: mouseVisible = False
1267.9969 	EXP 	window1: mouseVisible = False
1268.0137 	EXP 	window1: mouseVisible = False
1268.0303 	EXP 	window1: mouseVisible = False
1268.0471 	EXP 	window1: mouseVisible = False
1268.0636 	EXP 	window1: mouseVisible = False
1268.0803 	EXP 	window1: mouseVisible = False
1268.0969 	EXP 	window1: mouseVisible = False
1268.1140 	EXP 	window1: mouseVisible = False
1268.1303 	EXP 	window1: mouseVisible = False
1268.1471 	EXP 	window1: mouseVisible = False
1268.1638 	EXP 	window1: mouseVisible = False
1268.1803 	EXP 	window1: mouseVisible = False
1268.1969 	EXP 	window1: mouseVisible = False
1268.2137 	EXP 	window1: mouseVisible = False
1268.2303 	EXP 	window1: mouseVisible = False
1268.2470 	EXP 	window1: mouseVisible = False
1268.2637 	EXP 	window1: mouseVisible = False
1268.2804 	EXP 	window1: mouseVisible = False
1268.2973 	EXP 	window1: mouseVisible = False
1268.3140 	EXP 	window1: mouseVisible = False
1268.3304 	EXP 	window1: mouseVisible = False
1268.3472 	EXP 	window1: mouseVisible = False
1268.3638 	EXP 	window1: mouseVisible = False
1268.3804 	EXP 	window1: mouseVisible = False
1268.3970 	EXP 	window1: mouseVisible = False
1268.4138 	EXP 	window1: mouseVisible = False
1268.4303 	EXP 	window1: mouseVisible = False
1268.4471 	EXP 	window1: mouseVisible = False
1268.4636 	EXP 	window1: mouseVisible = False
1268.4803 	EXP 	window1: mouseVisible = False
1268.4972 	EXP 	window1: mouseVisible = False
1268.5136 	EXP 	window1: mouseVisible = False
1268.5305 	EXP 	window1: mouseVisible = False
1268.5470 	EXP 	window1: mouseVisible = False
1268.5637 	EXP 	window1: mouseVisible = False
1268.5803 	EXP 	window1: mouseVisible = False
1268.5969 	EXP 	window1: mouseVisible = False
1268.6137 	EXP 	window1: mouseVisible = False
1268.6303 	EXP 	window1: mouseVisible = False
1268.6470 	EXP 	window1: mouseVisible = False
1268.6636 	EXP 	window1: mouseVisible = False
1268.6803 	EXP 	window1: mouseVisible = False
1268.6971 	EXP 	window1: mouseVisible = False
1268.7137 	EXP 	window1: mouseVisible = False
1268.7303 	EXP 	window1: mouseVisible = False
1268.7474 	EXP 	window1: mouseVisible = False
1268.7639 	EXP 	window1: mouseVisible = False
1268.7810 	EXP 	window1: mouseVisible = False
1268.7970 	EXP 	window1: mouseVisible = False
1268.8136 	EXP 	window1: mouseVisible = False
1268.8303 	EXP 	window1: mouseVisible = False
1268.8469 	EXP 	window1: mouseVisible = False
1268.8637 	EXP 	window1: mouseVisible = False
1268.8802 	EXP 	window1: mouseVisible = False
1268.8970 	EXP 	window1: mouseVisible = False
1268.9136 	EXP 	window1: mouseVisible = False
1268.9303 	EXP 	window1: mouseVisible = False
1268.9469 	EXP 	window1: mouseVisible = False
1268.9636 	EXP 	window1: mouseVisible = False
1268.9803 	EXP 	window1: mouseVisible = False
1268.9969 	EXP 	window1: mouseVisible = False
1269.0139 	EXP 	window1: mouseVisible = False
1269.0303 	EXP 	window1: mouseVisible = False
1269.0470 	EXP 	window1: mouseVisible = False
1269.0636 	EXP 	window1: mouseVisible = False
1269.0803 	EXP 	window1: mouseVisible = False
1269.0971 	EXP 	window1: mouseVisible = False
1269.1136 	EXP 	window1: mouseVisible = False
1269.1303 	EXP 	window1: mouseVisible = False
1269.1469 	EXP 	window1: mouseVisible = False
1269.1637 	EXP 	window1: mouseVisible = False
1269.1802 	EXP 	window1: mouseVisible = False
1269.1970 	EXP 	window1: mouseVisible = False
1269.2136 	EXP 	window1: mouseVisible = False
1269.2303 	EXP 	window1: mouseVisible = False
1269.2469 	EXP 	window1: mouseVisible = False
1269.2637 	EXP 	window1: mouseVisible = False
1269.2802 	EXP 	window1: mouseVisible = False
1269.2970 	EXP 	window1: mouseVisible = False
1269.3136 	EXP 	window1: mouseVisible = False
1269.3303 	EXP 	window1: mouseVisible = False
1269.3469 	EXP 	window1: mouseVisible = False
1269.3636 	EXP 	window1: mouseVisible = False
1269.3803 	EXP 	window1: mouseVisible = False
1269.3970 	EXP 	window1: mouseVisible = False
1269.4136 	EXP 	window1: mouseVisible = False
1269.4302 	EXP 	window1: mouseVisible = False
1269.4470 	EXP 	window1: mouseVisible = False
1269.4639 	EXP 	window1: mouseVisible = False
1269.4804 	EXP 	window1: mouseVisible = False
1269.4971 	EXP 	window1: mouseVisible = False
1269.5138 	EXP 	window1: mouseVisible = False
1269.5304 	EXP 	window1: mouseVisible = False
1269.5470 	EXP 	window1: mouseVisible = False
1269.5637 	EXP 	window1: mouseVisible = False
1269.5804 	EXP 	window1: mouseVisible = False
1269.5970 	EXP 	window1: mouseVisible = False
1269.6138 	EXP 	window1: mouseVisible = False
1269.6304 	EXP 	window1: mouseVisible = False
1269.6472 	EXP 	window1: mouseVisible = False
1269.6638 	EXP 	window1: mouseVisible = False
1269.6804 	EXP 	window1: mouseVisible = False
1269.6971 	EXP 	window1: mouseVisible = False
1269.7138 	EXP 	window1: mouseVisible = False
1269.7304 	EXP 	window1: mouseVisible = False
1269.7472 	EXP 	window1: mouseVisible = False
1269.7637 	EXP 	window1: mouseVisible = False
1269.7806 	EXP 	window1: mouseVisible = False
1269.7971 	EXP 	window1: mouseVisible = False
1269.8137 	EXP 	window1: mouseVisible = False
1269.8304 	EXP 	window1: mouseVisible = False
1269.8471 	EXP 	window1: mouseVisible = False
1269.8637 	EXP 	window1: mouseVisible = False
1269.8804 	EXP 	window1: mouseVisible = False
1269.8971 	EXP 	window1: mouseVisible = False
1269.9138 	EXP 	window1: mouseVisible = False
1269.9304 	EXP 	window1: mouseVisible = False
1269.9470 	EXP 	window1: mouseVisible = False
1269.9637 	EXP 	window1: mouseVisible = False
1269.9804 	EXP 	window1: mouseVisible = False
1269.9971 	EXP 	window1: mouseVisible = False
1270.0138 	EXP 	window1: mouseVisible = False
1270.0304 	EXP 	window1: mouseVisible = False
1270.0468 	DATA 	Keypress: n
1270.0473 	EXP 	window1: mouseVisible = False
1270.0638 	EXP 	window1: mouseVisible = False
1270.0804 	EXP 	window1: mouseVisible = False
1270.0970 	EXP 	window1: mouseVisible = False
1270.1136 	EXP 	window1: mouseVisible = False
1270.1304 	EXP 	window1: mouseVisible = False
1270.1472 	EXP 	window1: mouseVisible = False
1270.1637 	EXP 	window1: mouseVisible = False
1270.1805 	EXP 	window1: mouseVisible = False
1270.1971 	EXP 	window1: mouseVisible = False
1270.2137 	EXP 	window1: mouseVisible = False
1270.2304 	EXP 	window1: mouseVisible = False
1270.2471 	EXP 	window1: mouseVisible = False
1270.2637 	EXP 	window1: mouseVisible = False
1270.2804 	EXP 	window1: mouseVisible = False
1270.2971 	EXP 	window1: mouseVisible = False
1270.3137 	EXP 	window1: mouseVisible = False
1270.3304 	EXP 	window1: mouseVisible = False
1270.3474 	DATA 	Keypress: space
1270.4484 	EXP 	New trial (rep=14, index=0): None
1270.4622 	EXP 	main_text: autoDraw = True
1270.4622 	EXP 	confirm_text: autoDraw = True
1270.4622 	EXP 	ratingScale: autoDraw = False
1270.4622 	EXP 	main_text: autoDraw = False
1270.4622 	EXP 	confirm_text: autoDraw = False
1270.4622 	EXP 	text_2: autoDraw = True
1270.4622 	EXP 	croix: autoDraw = True
1275.4623 	EXP 	text_2: autoDraw = False
1275.4623 	EXP 	croix: autoDraw = False
1275.4623 	EXP 	text_2: autoDraw = False
1275.4623 	EXP 	croix: autoDraw = False
1275.4623 	EXP 	thermode_locali: autoDraw = True
1287.4463 	EXP 	window1: mouseVisible = True
1287.4471 	EXP 	Created unnamed Rect = Rect(__class__=<class 'psychopy.visual.rect.Rect'>, anchor=('center', 'center'), autoDraw=False, autoLog=True, closeShape=True, color=method-wrapper(...), colorSpace='rgb', contrast=None, depth=0, draggable=False, fillColor=array([1, 1, 1]), fillColorSpace='rgb', fillRGB=array([1, 1, 1]), interpolate=True, lineColor=array([1., 1., 1.]), lineColorSpace='rgb', lineRGB=array([1, 1, 1]), lineWidth=1.5, name='unnamed Rect', opacity=1.0, ori=0.0, pos=array([0., 0.]), size=array([0.01, 0.1 ]), units='norm', vertices=ndarray(...), win=Window(...))
1287.4472 	EXP 	window1: mouseVisible = True
1287.4473 	EXP 	window1: mouseVisible = True
1287.4478 	EXP 	window1: mouseVisible = True
1287.4489 	EXP 	window1: mouseVisible = True
1287.4500 	EXP 	window1: mouseVisible = True
1287.4502 	EXP 	window1: mouseVisible = True
1287.4504 	EXP 	window1: mouseVisible = True
1287.4505 	EXP 	window1: mouseVisible = True
1287.4507 	EXP 	window1: mouseVisible = True
1287.4508 	EXP 	window1: mouseVisible = True
1287.4509 	EXP 	window1: mouseVisible = True
1287.4511 	EXP 	window1: mouseVisible = True
1287.4512 	EXP 	window1: mouseVisible = True
1287.4513 	EXP 	window1: mouseVisible = True
1287.4514 	EXP 	window1: mouseVisible = True
1287.4516 	EXP 	window1: mouseVisible = True
1287.4517 	EXP 	window1: mouseVisible = True
1287.4518 	EXP 	window1: mouseVisible = True
1287.4519 	EXP 	window1: mouseVisible = True
1287.4521 	EXP 	window1: mouseVisible = True
1287.4522 	EXP 	window1: mouseVisible = True
1287.4523 	EXP 	window1: mouseVisible = True
1287.4525 	EXP 	window1: mouseVisible = True
1287.4526 	EXP 	window1: mouseVisible = True
1287.4527 	EXP 	window1: mouseVisible = True
1287.4530 	EXP 	window1: mouseVisible = True
1287.4533 	EXP 	window1: mouseVisible = True
1287.4535 	EXP 	window1: mouseVisible = True
1287.4537 	EXP 	window1: mouseVisible = True
1287.4539 	EXP 	window1: mouseVisible = True
1287.4541 	EXP 	window1: mouseVisible = True
1287.4543 	EXP 	window1: mouseVisible = True
1287.4544 	EXP 	window1: mouseVisible = True
1287.4545 	EXP 	window1: mouseVisible = True
1287.4547 	EXP 	window1: mouseVisible = True
1287.4548 	EXP 	window1: mouseVisible = True
1287.4550 	EXP 	window1: mouseVisible = True
1287.4551 	EXP 	window1: mouseVisible = True
1287.4552 	EXP 	window1: mouseVisible = True
1287.4554 	EXP 	window1: mouseVisible = True
1287.4555 	EXP 	window1: mouseVisible = True
1287.4556 	EXP 	window1: mouseVisible = True
1287.4557 	EXP 	window1: mouseVisible = True
1287.4559 	EXP 	window1: mouseVisible = True
1287.4560 	EXP 	window1: mouseVisible = True
1287.4561 	EXP 	window1: mouseVisible = True
1287.4562 	EXP 	window1: mouseVisible = True
1287.4564 	EXP 	window1: mouseVisible = True
1287.4565 	EXP 	window1: mouseVisible = True
1287.4566 	EXP 	window1: mouseVisible = True
1287.4568 	EXP 	window1: mouseVisible = True
1287.4569 	EXP 	window1: mouseVisible = True
1287.4570 	EXP 	window1: mouseVisible = True
1287.4571 	EXP 	window1: mouseVisible = True
1287.4573 	EXP 	window1: mouseVisible = True
1287.4574 	EXP 	window1: mouseVisible = True
1287.4575 	EXP 	window1: mouseVisible = True
1287.4576 	EXP 	window1: mouseVisible = True
1287.4578 	EXP 	window1: mouseVisible = True
1287.4579 	EXP 	window1: mouseVisible = True
1287.4580 	EXP 	window1: mouseVisible = True
1287.4581 	EXP 	window1: mouseVisible = True
1287.4583 	EXP 	window1: mouseVisible = True
1287.4584 	EXP 	window1: mouseVisible = True
1287.4585 	EXP 	window1: mouseVisible = True
1287.4586 	EXP 	window1: mouseVisible = True
1287.4588 	EXP 	window1: mouseVisible = True
1287.4589 	EXP 	window1: mouseVisible = True
1287.4591 	EXP 	window1: mouseVisible = True
1287.4592 	EXP 	window1: mouseVisible = True
1287.4593 	EXP 	window1: mouseVisible = True
1287.4594 	EXP 	window1: mouseVisible = True
1287.4596 	EXP 	window1: mouseVisible = True
1287.4597 	EXP 	window1: mouseVisible = True
1287.4598 	EXP 	window1: mouseVisible = True
1287.4599 	EXP 	window1: mouseVisible = True
1287.4601 	EXP 	window1: mouseVisible = True
1287.4602 	EXP 	window1: mouseVisible = True
1287.4603 	EXP 	window1: mouseVisible = True
1287.4605 	EXP 	window1: mouseVisible = True
1287.4606 	EXP 	window1: mouseVisible = True
1287.4607 	EXP 	window1: mouseVisible = True
1287.4608 	EXP 	window1: mouseVisible = True
1287.4610 	EXP 	window1: mouseVisible = True
1287.4611 	EXP 	window1: mouseVisible = True
1287.4612 	EXP 	window1: mouseVisible = True
1287.4613 	EXP 	window1: mouseVisible = True
1287.4615 	EXP 	window1: mouseVisible = True
1287.4616 	EXP 	window1: mouseVisible = True
1287.4617 	EXP 	window1: mouseVisible = True
1287.4618 	EXP 	window1: mouseVisible = True
1287.4620 	EXP 	window1: mouseVisible = True
1287.4621 	EXP 	window1: mouseVisible = True
1287.4622 	EXP 	window1: mouseVisible = True
1287.4623 	EXP 	window1: mouseVisible = True
1287.4625 	EXP 	window1: mouseVisible = True
1287.4626 	EXP 	window1: mouseVisible = True
1287.4627 	EXP 	window1: mouseVisible = True
1287.4629 	EXP 	window1: mouseVisible = True
1287.4630 	EXP 	window1: mouseVisible = True
1287.4631 	EXP 	window1: mouseVisible = True
1287.4633 	EXP 	window1: mouseVisible = True
1287.4634 	EXP 	window1: mouseVisible = True
1287.4635 	EXP 	window1: mouseVisible = True
1287.4656 	EXP 	Created ratingScale = RatingScale(__class__=type(...), acceptKeys=['return'], acceptPreText=UNKNOWN, acceptSize=UNKNOWN, acceptText=UNKNOWN, autoLog=True, choices=False, colorSpace='rgb', depth=0, disappear=False, flipVert=False, high=100, kwargs=UNKNOWN, labels=list(...), leftKeys=['left'], lineColor=(255, 255, 255), low=0, marker=Rect(...), markerColor=(255, 255, 255), markerExpansion=UNKNOWN, markerStart=0.5, maxTime=0.0, minTime=0.4, mouseOnly=False, name='ratingScale', noMouse=False, pos=[0.0, 0.0], precision=100, respKeys=[], rightKeys=['right'], scale=None, self=UNKNOWN, showAccept=False, showValue=False, singleClick=False, size=0.6, skipKeys=['tab'], stretch=2.0, textColor='white', textFont='Helvetica Bold', textSize=0.144, tickHeight=0, tickMarks=10.0, win=Window(...))
1287.4656 	EXP 	RatingScale ratingScale: reset()
1287.4677 	EXP 	window1: mouseVisible = False
1287.4791 	EXP 	thermode_locali: autoDraw = False
1287.4791 	EXP 	thermode_locali: autoDraw = False
1287.4791 	EXP 	ratingScale: flipVert = False
1287.4791 	EXP 	ratingScale: autoLog = True
1287.4806 	EXP 	window1: mouseVisible = False
1287.4973 	EXP 	window1: mouseVisible = False
1287.5139 	EXP 	window1: mouseVisible = False
1287.5306 	EXP 	window1: mouseVisible = False
1287.5472 	EXP 	window1: mouseVisible = False
1287.5639 	EXP 	window1: mouseVisible = False
1287.5806 	EXP 	window1: mouseVisible = False
1287.5972 	EXP 	window1: mouseVisible = False
1287.6140 	EXP 	window1: mouseVisible = False
1287.6307 	EXP 	window1: mouseVisible = False
1287.6473 	EXP 	window1: mouseVisible = False
1287.6640 	EXP 	window1: mouseVisible = False
1287.6806 	EXP 	window1: mouseVisible = False
1287.6973 	EXP 	window1: mouseVisible = False
1287.7139 	EXP 	window1: mouseVisible = False
1287.7306 	EXP 	window1: mouseVisible = False
1287.7473 	EXP 	window1: mouseVisible = False
1287.7640 	EXP 	window1: mouseVisible = False
1287.7806 	EXP 	window1: mouseVisible = False
1287.7974 	EXP 	window1: mouseVisible = False
1287.8139 	EXP 	window1: mouseVisible = False
1287.8306 	EXP 	window1: mouseVisible = False
1287.8473 	EXP 	window1: mouseVisible = False
1287.8639 	EXP 	window1: mouseVisible = False
1287.8806 	EXP 	window1: mouseVisible = False
1287.8973 	EXP 	window1: mouseVisible = False
1287.9139 	EXP 	window1: mouseVisible = False
1287.9306 	EXP 	window1: mouseVisible = False
1287.9473 	EXP 	window1: mouseVisible = False
1287.9639 	EXP 	window1: mouseVisible = False
1287.9806 	EXP 	window1: mouseVisible = False
1287.9972 	EXP 	window1: mouseVisible = False
1288.0140 	EXP 	window1: mouseVisible = False
1288.0306 	EXP 	window1: mouseVisible = False
1288.0472 	EXP 	window1: mouseVisible = False
1288.0639 	EXP 	window1: mouseVisible = False
1288.0806 	EXP 	window1: mouseVisible = False
1288.0972 	EXP 	window1: mouseVisible = False
1288.1139 	EXP 	window1: mouseVisible = False
1288.1302 	DATA 	Keypress: n
1288.1308 	EXP 	window1: mouseVisible = False
1288.1473 	EXP 	window1: mouseVisible = False
1288.1640 	EXP 	window1: mouseVisible = False
1288.1806 	EXP 	window1: mouseVisible = False
1288.1973 	EXP 	window1: mouseVisible = False
1288.2139 	EXP 	window1: mouseVisible = False
1288.2306 	EXP 	window1: mouseVisible = False
1288.2472 	EXP 	window1: mouseVisible = False
1288.2639 	EXP 	window1: mouseVisible = False
1288.2806 	EXP 	window1: mouseVisible = False
1288.2972 	EXP 	window1: mouseVisible = False
1288.3139 	EXP 	window1: mouseVisible = False
1288.3306 	EXP 	window1: mouseVisible = False
1288.3474 	EXP 	window1: mouseVisible = False
1288.3641 	EXP 	window1: mouseVisible = False
1288.3808 	EXP 	window1: mouseVisible = False
1288.3977 	EXP 	window1: mouseVisible = False
1288.4142 	EXP 	window1: mouseVisible = False
1288.4308 	EXP 	window1: mouseVisible = False
1288.4473 	EXP 	window1: mouseVisible = False
1288.4642 	EXP 	window1: mouseVisible = False
1288.4807 	EXP 	window1: mouseVisible = False
1288.4973 	EXP 	window1: mouseVisible = False
1288.5139 	EXP 	window1: mouseVisible = False
1288.5306 	EXP 	window1: mouseVisible = False
1288.5473 	EXP 	window1: mouseVisible = False
1288.5639 	EXP 	window1: mouseVisible = False
1288.5806 	EXP 	window1: mouseVisible = False
1288.5973 	EXP 	window1: mouseVisible = False
1288.6139 	EXP 	window1: mouseVisible = False
1288.6307 	EXP 	window1: mouseVisible = False
1288.6473 	EXP 	window1: mouseVisible = False
1288.6640 	EXP 	window1: mouseVisible = False
1288.6806 	EXP 	window1: mouseVisible = False
1288.6973 	EXP 	window1: mouseVisible = False
1288.7139 	EXP 	window1: mouseVisible = False
1288.7307 	EXP 	window1: mouseVisible = False
1288.7474 	EXP 	window1: mouseVisible = False
1288.7640 	EXP 	window1: mouseVisible = False
1288.7806 	EXP 	window1: mouseVisible = False
1288.7974 	EXP 	window1: mouseVisible = False
1288.8140 	EXP 	window1: mouseVisible = False
1288.8307 	EXP 	window1: mouseVisible = False
1288.8472 	EXP 	window1: mouseVisible = False
1288.8640 	EXP 	window1: mouseVisible = False
1288.8807 	EXP 	window1: mouseVisible = False
1288.8974 	EXP 	window1: mouseVisible = False
1288.9141 	EXP 	window1: mouseVisible = False
1288.9306 	EXP 	window1: mouseVisible = False
1288.9473 	EXP 	window1: mouseVisible = False
1288.9639 	EXP 	window1: mouseVisible = False
1288.9806 	EXP 	window1: mouseVisible = False
1288.9972 	EXP 	window1: mouseVisible = False
1289.0141 	EXP 	window1: mouseVisible = False
1289.0307 	EXP 	window1: mouseVisible = False
1289.0475 	EXP 	window1: mouseVisible = False
1289.0641 	EXP 	window1: mouseVisible = False
1289.0808 	EXP 	window1: mouseVisible = False
1289.0975 	EXP 	window1: mouseVisible = False
1289.1141 	EXP 	window1: mouseVisible = False
1289.1306 	EXP 	window1: mouseVisible = False
1289.1474 	EXP 	window1: mouseVisible = False
1289.1640 	EXP 	window1: mouseVisible = False
1289.1808 	EXP 	window1: mouseVisible = False
1289.1973 	EXP 	window1: mouseVisible = False
1289.2140 	EXP 	window1: mouseVisible = False
1289.2306 	EXP 	window1: mouseVisible = False
1289.2473 	EXP 	window1: mouseVisible = False
1289.2639 	EXP 	window1: mouseVisible = False
1289.2806 	EXP 	window1: mouseVisible = False
1289.2972 	EXP 	window1: mouseVisible = False
1289.3139 	EXP 	window1: mouseVisible = False
1289.3306 	EXP 	window1: mouseVisible = False
1289.3473 	EXP 	window1: mouseVisible = False
1289.3639 	EXP 	window1: mouseVisible = False
1289.3806 	EXP 	window1: mouseVisible = False
1289.3973 	EXP 	window1: mouseVisible = False
1289.4139 	EXP 	window1: mouseVisible = False
1289.4306 	EXP 	window1: mouseVisible = False
1289.4473 	EXP 	window1: mouseVisible = False
1289.4639 	EXP 	window1: mouseVisible = False
1289.4806 	EXP 	window1: mouseVisible = False
1289.4973 	EXP 	window1: mouseVisible = False
1289.5140 	EXP 	window1: mouseVisible = False
1289.5306 	EXP 	window1: mouseVisible = False
1289.5471 	DATA 	Keypress: space
1289.5477 	EXP 	window1: mouseVisible = False
1289.6649 	EXP 	New trial (rep=15, index=0): None
1289.6791 	EXP 	main_text: autoDraw = True
1289.6791 	EXP 	confirm_text: autoDraw = True
1289.6791 	EXP 	ratingScale: autoDraw = False
1289.6791 	EXP 	main_text: autoDraw = False
1289.6791 	EXP 	confirm_text: autoDraw = False
1289.6791 	EXP 	text_2: autoDraw = True
1289.6791 	EXP 	croix: autoDraw = True
1294.6791 	EXP 	text_2: autoDraw = False
1294.6791 	EXP 	croix: autoDraw = False
1294.6791 	EXP 	text_2: autoDraw = False
1294.6791 	EXP 	croix: autoDraw = False
1294.6791 	EXP 	thermode_locali: autoDraw = True
1306.6631 	EXP 	window1: mouseVisible = True
1306.6640 	EXP 	Created unnamed Rect = Rect(__class__=<class 'psychopy.visual.rect.Rect'>, anchor=('center', 'center'), autoDraw=False, autoLog=True, closeShape=True, color=method-wrapper(...), colorSpace='rgb', contrast=None, depth=0, draggable=False, fillColor=array([1, 1, 1]), fillColorSpace='rgb', fillRGB=array([1, 1, 1]), interpolate=True, lineColor=array([1., 1., 1.]), lineColorSpace='rgb', lineRGB=array([1, 1, 1]), lineWidth=1.5, name='unnamed Rect', opacity=1.0, ori=0.0, pos=array([0., 0.]), size=array([0.01, 0.1 ]), units='norm', vertices=ndarray(...), win=Window(...))
1306.6640 	EXP 	window1: mouseVisible = True
1306.6641 	EXP 	window1: mouseVisible = True
1306.6646 	EXP 	window1: mouseVisible = True
1306.6659 	EXP 	window1: mouseVisible = True
1306.6671 	EXP 	window1: mouseVisible = True
1306.6673 	EXP 	window1: mouseVisible = True
1306.6674 	EXP 	window1: mouseVisible = True
1306.6676 	EXP 	window1: mouseVisible = True
1306.6677 	EXP 	window1: mouseVisible = True
1306.6678 	EXP 	window1: mouseVisible = True
1306.6680 	EXP 	window1: mouseVisible = True
1306.6681 	EXP 	window1: mouseVisible = True
1306.6682 	EXP 	window1: mouseVisible = True
1306.6684 	EXP 	window1: mouseVisible = True
1306.6685 	EXP 	window1: mouseVisible = True
1306.6686 	EXP 	window1: mouseVisible = True
1306.6687 	EXP 	window1: mouseVisible = True
1306.6689 	EXP 	window1: mouseVisible = True
1306.6690 	EXP 	window1: mouseVisible = True
1306.6691 	EXP 	window1: mouseVisible = True
1306.6693 	EXP 	window1: mouseVisible = True
1306.6694 	EXP 	window1: mouseVisible = True
1306.6695 	EXP 	window1: mouseVisible = True
1306.6696 	EXP 	window1: mouseVisible = True
1306.6698 	EXP 	window1: mouseVisible = True
1306.6699 	EXP 	window1: mouseVisible = True
1306.6700 	EXP 	window1: mouseVisible = True
1306.6701 	EXP 	window1: mouseVisible = True
1306.6703 	EXP 	window1: mouseVisible = True
1306.6704 	EXP 	window1: mouseVisible = True
1306.6705 	EXP 	window1: mouseVisible = True
1306.6707 	EXP 	window1: mouseVisible = True
1306.6708 	EXP 	window1: mouseVisible = True
1306.6709 	EXP 	window1: mouseVisible = True
1306.6710 	EXP 	window1: mouseVisible = True
1306.6712 	EXP 	window1: mouseVisible = True
1306.6714 	EXP 	window1: mouseVisible = True
1306.6715 	EXP 	window1: mouseVisible = True
1306.6716 	EXP 	window1: mouseVisible = True
1306.6717 	EXP 	window1: mouseVisible = True
1306.6719 	EXP 	window1: mouseVisible = True
1306.6720 	EXP 	window1: mouseVisible = True
1306.6721 	EXP 	window1: mouseVisible = True
1306.6723 	EXP 	window1: mouseVisible = True
1306.6724 	EXP 	window1: mouseVisible = True
1306.6725 	EXP 	window1: mouseVisible = True
1306.6726 	EXP 	window1: mouseVisible = True
1306.6728 	EXP 	window1: mouseVisible = True
1306.6729 	EXP 	window1: mouseVisible = True
1306.6730 	EXP 	window1: mouseVisible = True
1306.6731 	EXP 	window1: mouseVisible = True
1306.6733 	EXP 	window1: mouseVisible = True
1306.6734 	EXP 	window1: mouseVisible = True
1306.6735 	EXP 	window1: mouseVisible = True
1306.6737 	EXP 	window1: mouseVisible = True
1306.6738 	EXP 	window1: mouseVisible = True
1306.6739 	EXP 	window1: mouseVisible = True
1306.6740 	EXP 	window1: mouseVisible = True
1306.6742 	EXP 	window1: mouseVisible = True
1306.6743 	EXP 	window1: mouseVisible = True
1306.6744 	EXP 	window1: mouseVisible = True
1306.6745 	EXP 	window1: mouseVisible = True
1306.6747 	EXP 	window1: mouseVisible = True
1306.6748 	EXP 	window1: mouseVisible = True
1306.6749 	EXP 	window1: mouseVisible = True
1306.6750 	EXP 	window1: mouseVisible = True
1306.6752 	EXP 	window1: mouseVisible = True
1306.6753 	EXP 	window1: mouseVisible = True
1306.6755 	EXP 	window1: mouseVisible = True
1306.6756 	EXP 	window1: mouseVisible = True
1306.6757 	EXP 	window1: mouseVisible = True
1306.6759 	EXP 	window1: mouseVisible = True
1306.6760 	EXP 	window1: mouseVisible = True
1306.6761 	EXP 	window1: mouseVisible = True
1306.6762 	EXP 	window1: mouseVisible = True
1306.6764 	EXP 	window1: mouseVisible = True
1306.6765 	EXP 	window1: mouseVisible = True
1306.6766 	EXP 	window1: mouseVisible = True
1306.6768 	EXP 	window1: mouseVisible = True
1306.6769 	EXP 	window1: mouseVisible = True
1306.6770 	EXP 	window1: mouseVisible = True
1306.6771 	EXP 	window1: mouseVisible = True
1306.6773 	EXP 	window1: mouseVisible = True
1306.6774 	EXP 	window1: mouseVisible = True
1306.6775 	EXP 	window1: mouseVisible = True
1306.6776 	EXP 	window1: mouseVisible = True
1306.6778 	EXP 	window1: mouseVisible = True
1306.6779 	EXP 	window1: mouseVisible = True
1306.6780 	EXP 	window1: mouseVisible = True
1306.6781 	EXP 	window1: mouseVisible = True
1306.6783 	EXP 	window1: mouseVisible = True
1306.6784 	EXP 	window1: mouseVisible = True
1306.6785 	EXP 	window1: mouseVisible = True
1306.6786 	EXP 	window1: mouseVisible = True
1306.6788 	EXP 	window1: mouseVisible = True
1306.6789 	EXP 	window1: mouseVisible = True
1306.6794 	EXP 	window1: mouseVisible = True
1306.6796 	EXP 	window1: mouseVisible = True
1306.6797 	EXP 	window1: mouseVisible = True
1306.6799 	EXP 	window1: mouseVisible = True
1306.6800 	EXP 	window1: mouseVisible = True
1306.6801 	EXP 	window1: mouseVisible = True
1306.6803 	EXP 	window1: mouseVisible = True
1306.6804 	EXP 	window1: mouseVisible = True
1306.6825 	EXP 	Created ratingScale = RatingScale(__class__=type(...), acceptKeys=['return'], acceptPreText=UNKNOWN, acceptSize=UNKNOWN, acceptText=UNKNOWN, autoLog=True, choices=False, colorSpace='rgb', depth=0, disappear=False, flipVert=False, high=100, kwargs=UNKNOWN, labels=list(...), leftKeys=['left'], lineColor=(255, 255, 255), low=0, marker=Rect(...), markerColor=(255, 255, 255), markerExpansion=UNKNOWN, markerStart=0.5, maxTime=0.0, minTime=0.4, mouseOnly=False, name='ratingScale', noMouse=False, pos=[0.0, 0.0], precision=100, respKeys=[], rightKeys=['right'], scale=None, self=UNKNOWN, showAccept=False, showValue=False, singleClick=False, size=0.6, skipKeys=['tab'], stretch=2.0, textColor='white', textFont='Helvetica Bold', textSize=0.144, tickHeight=0, tickMarks=10.0, win=Window(...))
1306.6825 	EXP 	RatingScale ratingScale: reset()
1306.6846 	EXP 	window1: mouseVisible = False
1306.6959 	EXP 	thermode_locali: autoDraw = False
1306.6959 	EXP 	thermode_locali: autoDraw = False
1306.6959 	EXP 	ratingScale: flipVert = False
1306.6959 	EXP 	ratingScale: autoLog = True
1306.6975 	EXP 	window1: mouseVisible = False
1306.7140 	EXP 	window1: mouseVisible = False
1306.7307 	EXP 	window1: mouseVisible = False
1306.7474 	EXP 	window1: mouseVisible = False
1306.7640 	EXP 	window1: mouseVisible = False
1306.7807 	EXP 	window1: mouseVisible = False
1306.7974 	EXP 	window1: mouseVisible = False
1306.8140 	EXP 	window1: mouseVisible = False
1306.8308 	EXP 	window1: mouseVisible = False
1306.8473 	EXP 	window1: mouseVisible = False
1306.8641 	EXP 	window1: mouseVisible = False
1306.8807 	EXP 	window1: mouseVisible = False
1306.8973 	EXP 	window1: mouseVisible = False
1306.9140 	EXP 	window1: mouseVisible = False
1306.9307 	EXP 	window1: mouseVisible = False
1306.9474 	EXP 	window1: mouseVisible = False
1306.9641 	EXP 	window1: mouseVisible = False
1306.9807 	EXP 	window1: mouseVisible = False
1306.9974 	EXP 	window1: mouseVisible = False
1307.0140 	EXP 	window1: mouseVisible = False
1307.0307 	EXP 	window1: mouseVisible = False
1307.0474 	EXP 	window1: mouseVisible = False
1307.0640 	EXP 	window1: mouseVisible = False
1307.0807 	EXP 	window1: mouseVisible = False
1307.0974 	EXP 	window1: mouseVisible = False
1307.1143 	EXP 	window1: mouseVisible = False
1307.1309 	EXP 	window1: mouseVisible = False
1307.1474 	EXP 	window1: mouseVisible = False
1307.1641 	EXP 	window1: mouseVisible = False
1307.1808 	EXP 	window1: mouseVisible = False
1307.1974 	EXP 	window1: mouseVisible = False
1307.2152 	EXP 	window1: mouseVisible = False
1307.2309 	EXP 	window1: mouseVisible = False
1307.2475 	EXP 	window1: mouseVisible = False
1307.2641 	EXP 	window1: mouseVisible = False
1307.2808 	EXP 	window1: mouseVisible = False
1307.2974 	EXP 	window1: mouseVisible = False
1307.3141 	EXP 	window1: mouseVisible = False
1307.3309 	EXP 	window1: mouseVisible = False
1307.3474 	EXP 	window1: mouseVisible = False
1307.3641 	EXP 	window1: mouseVisible = False
1307.3808 	EXP 	window1: mouseVisible = False
1307.3975 	EXP 	window1: mouseVisible = False
1307.4141 	EXP 	window1: mouseVisible = False
1307.4308 	EXP 	window1: mouseVisible = False
1307.4474 	EXP 	window1: mouseVisible = False
1307.4641 	EXP 	window1: mouseVisible = False
1307.4808 	EXP 	window1: mouseVisible = False
1307.4974 	EXP 	window1: mouseVisible = False
1307.5140 	EXP 	window1: mouseVisible = False
1307.5309 	EXP 	window1: mouseVisible = False
1307.5474 	EXP 	window1: mouseVisible = False
1307.5640 	EXP 	window1: mouseVisible = False
1307.5807 	EXP 	window1: mouseVisible = False
1307.5974 	EXP 	window1: mouseVisible = False
1307.6141 	EXP 	window1: mouseVisible = False
1307.6308 	EXP 	window1: mouseVisible = False
1307.6474 	EXP 	window1: mouseVisible = False
1307.6642 	EXP 	window1: mouseVisible = False
1307.6808 	EXP 	window1: mouseVisible = False
1307.6974 	EXP 	window1: mouseVisible = False
1307.7141 	EXP 	window1: mouseVisible = False
1307.7309 	EXP 	window1: mouseVisible = False
1307.7474 	EXP 	window1: mouseVisible = False
1307.7641 	EXP 	window1: mouseVisible = False
1307.7808 	EXP 	window1: mouseVisible = False
1307.7970 	DATA 	Keypress: n
1307.7976 	EXP 	window1: mouseVisible = False
1307.8141 	EXP 	window1: mouseVisible = False
1307.8309 	EXP 	window1: mouseVisible = False
1307.8474 	EXP 	window1: mouseVisible = False
1307.8641 	EXP 	window1: mouseVisible = False
1307.8808 	EXP 	window1: mouseVisible = False
1307.8974 	EXP 	window1: mouseVisible = False
1307.9140 	EXP 	window1: mouseVisible = False
1307.9307 	EXP 	window1: mouseVisible = False
1307.9474 	EXP 	window1: mouseVisible = False
1307.9641 	EXP 	window1: mouseVisible = False
1307.9808 	EXP 	window1: mouseVisible = False
1307.9974 	EXP 	window1: mouseVisible = False
1308.0141 	EXP 	window1: mouseVisible = False
1308.0308 	EXP 	window1: mouseVisible = False
1308.0474 	EXP 	window1: mouseVisible = False
1308.0641 	EXP 	window1: mouseVisible = False
1308.0808 	EXP 	window1: mouseVisible = False
1308.0975 	EXP 	window1: mouseVisible = False
1308.1141 	EXP 	window1: mouseVisible = False
1308.1308 	EXP 	window1: mouseVisible = False
1308.1474 	EXP 	window1: mouseVisible = False
1308.1640 	EXP 	window1: mouseVisible = False
1308.1808 	EXP 	window1: mouseVisible = False
1308.1974 	EXP 	window1: mouseVisible = False
1308.2141 	EXP 	window1: mouseVisible = False
1308.2312 	EXP 	window1: mouseVisible = False
1308.2476 	EXP 	window1: mouseVisible = False
1308.2642 	EXP 	window1: mouseVisible = False
1308.2809 	EXP 	window1: mouseVisible = False
1308.2975 	EXP 	window1: mouseVisible = False
1308.3144 	EXP 	window1: mouseVisible = False
1308.3309 	EXP 	window1: mouseVisible = False
1308.3474 	EXP 	window1: mouseVisible = False
1308.3642 	EXP 	window1: mouseVisible = False
1308.3808 	EXP 	window1: mouseVisible = False
1308.3975 	EXP 	window1: mouseVisible = False
1308.4141 	EXP 	window1: mouseVisible = False
1308.4309 	EXP 	window1: mouseVisible = False
1308.4474 	EXP 	window1: mouseVisible = False
1308.4641 	EXP 	window1: mouseVisible = False
1308.4808 	EXP 	window1: mouseVisible = False
1308.4974 	EXP 	window1: mouseVisible = False
1308.5141 	EXP 	window1: mouseVisible = False
1308.5308 	EXP 	window1: mouseVisible = False
1308.5475 	EXP 	window1: mouseVisible = False
1308.5641 	EXP 	window1: mouseVisible = False
1308.5808 	EXP 	window1: mouseVisible = False
1308.5974 	EXP 	window1: mouseVisible = False
1308.6141 	EXP 	window1: mouseVisible = False
1308.6308 	EXP 	window1: mouseVisible = False
1308.6475 	EXP 	window1: mouseVisible = False
1308.6651 	EXP 	window1: mouseVisible = False
1308.6809 	EXP 	window1: mouseVisible = False
1308.6975 	EXP 	window1: mouseVisible = False
1308.7141 	EXP 	window1: mouseVisible = False
1308.7308 	EXP 	window1: mouseVisible = False
1308.7476 	EXP 	window1: mouseVisible = False
1308.7642 	EXP 	window1: mouseVisible = False
1308.7808 	EXP 	window1: mouseVisible = False
1308.7976 	EXP 	window1: mouseVisible = False
1308.8141 	EXP 	window1: mouseVisible = False
1308.8308 	EXP 	window1: mouseVisible = False
1308.8474 	EXP 	window1: mouseVisible = False
1308.8641 	EXP 	window1: mouseVisible = False
1308.8807 	EXP 	window1: mouseVisible = False
1308.8974 	EXP 	window1: mouseVisible = False
1308.9141 	EXP 	window1: mouseVisible = False
1308.9307 	EXP 	window1: mouseVisible = False
1308.9475 	EXP 	window1: mouseVisible = False
1308.9641 	EXP 	window1: mouseVisible = False
1308.9809 	EXP 	window1: mouseVisible = False
1308.9975 	EXP 	window1: mouseVisible = False
1309.0141 	EXP 	window1: mouseVisible = False
1309.0307 	EXP 	window1: mouseVisible = False
1309.0474 	EXP 	window1: mouseVisible = False
1309.0641 	EXP 	window1: mouseVisible = False
1309.0808 	EXP 	window1: mouseVisible = False
1309.0974 	EXP 	window1: mouseVisible = False
1309.1141 	EXP 	window1: mouseVisible = False
1309.1308 	EXP 	window1: mouseVisible = False
1309.1474 	EXP 	window1: mouseVisible = False
1309.1641 	EXP 	window1: mouseVisible = False
1309.1808 	EXP 	window1: mouseVisible = False
1309.1976 	EXP 	window1: mouseVisible = False
1309.2141 	EXP 	window1: mouseVisible = False
1309.2308 	EXP 	window1: mouseVisible = False
1309.2476 	EXP 	window1: mouseVisible = False
1309.2641 	EXP 	window1: mouseVisible = False
1309.2808 	EXP 	window1: mouseVisible = False
1309.2974 	EXP 	window1: mouseVisible = False
1309.3141 	EXP 	window1: mouseVisible = False
1309.3309 	EXP 	window1: mouseVisible = False
1309.3474 	EXP 	window1: mouseVisible = False
1309.3643 	DATA 	Keypress: space
1309.4793 	EXP 	main_text: autoDraw = True
1309.4793 	EXP 	confirm_text: autoDraw = True
1309.4793 	EXP 	ratingScale: autoDraw = False
1309.4793 	EXP 	main_text: autoDraw = False
1309.4793 	EXP 	confirm_text: autoDraw = False
1309.4793 	EXP 	text: autoDraw = True
1322.3631 	EXP 	Created sequence: random, trialTypes=1, nReps=4, seed=None
1322.3632 	EXP 	New trial (rep=0, index=0): None
1322.3636 	DATA 	Keypress: p
1322.3794 	EXP 	text: autoDraw = False
1322.3794 	EXP 	text_7: autoDraw = True
1322.5463 	EXP 	Created sequence: random, trialTypes=1, nReps=2, seed=None
1322.5464 	EXP 	New trial (rep=0, index=0): None
1322.5484 	DATA 	Keypress: p
1322.5628 	EXP 	text_7: autoDraw = False
1322.5628 	EXP 	text_eva: autoDraw = True
1322.5628 	EXP 	croix_2: autoDraw = True
1327.5629 	EXP 	text_eva: autoDraw = False
1327.5629 	EXP 	croix_2: autoDraw = False
1327.5629 	EXP 	thermode_locali_EVA: autoDraw = True
1339.5465 	EXP 	window1: mouseVisible = True
1339.5474 	EXP 	Created unnamed Rect = Rect(__class__=<class 'psychopy.visual.rect.Rect'>, anchor=('center', 'center'), autoDraw=False, autoLog=True, closeShape=True, color=method-wrapper(...), colorSpace='rgb', contrast=None, depth=0, draggable=False, fillColor=array([1, 1, 1]), fillColorSpace='rgb', fillRGB=array([1, 1, 1]), interpolate=True, lineColor=array([1., 1., 1.]), lineColorSpace='rgb', lineRGB=array([1, 1, 1]), lineWidth=1.5, name='unnamed Rect', opacity=1.0, ori=0.0, pos=array([0., 0.]), size=array([0.01, 0.1 ]), units='norm', vertices=ndarray(...), win=Window(...))
1339.5475 	EXP 	window1: mouseVisible = True
1339.5476 	EXP 	window1: mouseVisible = True
1339.5481 	EXP 	window1: mouseVisible = True
1339.5493 	EXP 	window1: mouseVisible = True
1339.5506 	EXP 	window1: mouseVisible = True
1339.5509 	EXP 	window1: mouseVisible = True
1339.5511 	EXP 	window1: mouseVisible = True
1339.5514 	EXP 	window1: mouseVisible = True
1339.5516 	EXP 	window1: mouseVisible = True
1339.5518 	EXP 	window1: mouseVisible = True
1339.5519 	EXP 	window1: mouseVisible = True
1339.5521 	EXP 	window1: mouseVisible = True
1339.5523 	EXP 	window1: mouseVisible = True
1339.5525 	EXP 	window1: mouseVisible = True
1339.5527 	EXP 	window1: mouseVisible = True
1339.5529 	EXP 	window1: mouseVisible = True
1339.5530 	EXP 	window1: mouseVisible = True
1339.5531 	EXP 	window1: mouseVisible = True
1339.5533 	EXP 	window1: mouseVisible = True
1339.5534 	EXP 	window1: mouseVisible = True
1339.5535 	EXP 	window1: mouseVisible = True
1339.5537 	EXP 	window1: mouseVisible = True
1339.5539 	EXP 	window1: mouseVisible = True
1339.5540 	EXP 	window1: mouseVisible = True
1339.5542 	EXP 	window1: mouseVisible = True
1339.5543 	EXP 	window1: mouseVisible = True
1339.5544 	EXP 	window1: mouseVisible = True
1339.5546 	EXP 	window1: mouseVisible = True
1339.5547 	EXP 	window1: mouseVisible = True
1339.5548 	EXP 	window1: mouseVisible = True
1339.5550 	EXP 	window1: mouseVisible = True
1339.5551 	EXP 	window1: mouseVisible = True
1339.5552 	EXP 	window1: mouseVisible = True
1339.5553 	EXP 	window1: mouseVisible = True
1339.5555 	EXP 	window1: mouseVisible = True
1339.5556 	EXP 	window1: mouseVisible = True
1339.5557 	EXP 	window1: mouseVisible = True
1339.5559 	EXP 	window1: mouseVisible = True
1339.5560 	EXP 	window1: mouseVisible = True
1339.5561 	EXP 	window1: mouseVisible = True
1339.5562 	EXP 	window1: mouseVisible = True
1339.5564 	EXP 	window1: mouseVisible = True
1339.5565 	EXP 	window1: mouseVisible = True
1339.5566 	EXP 	window1: mouseVisible = True
1339.5567 	EXP 	window1: mouseVisible = True
1339.5569 	EXP 	window1: mouseVisible = True
1339.5570 	EXP 	window1: mouseVisible = True
1339.5571 	EXP 	window1: mouseVisible = True
1339.5573 	EXP 	window1: mouseVisible = True
1339.5574 	EXP 	window1: mouseVisible = True
1339.5575 	EXP 	window1: mouseVisible = True
1339.5576 	EXP 	window1: mouseVisible = True
1339.5578 	EXP 	window1: mouseVisible = True
1339.5579 	EXP 	window1: mouseVisible = True
1339.5581 	EXP 	window1: mouseVisible = True
1339.5582 	EXP 	window1: mouseVisible = True
1339.5583 	EXP 	window1: mouseVisible = True
1339.5585 	EXP 	window1: mouseVisible = True
1339.5586 	EXP 	window1: mouseVisible = True
1339.5587 	EXP 	window1: mouseVisible = True
1339.5588 	EXP 	window1: mouseVisible = True
1339.5590 	EXP 	window1: mouseVisible = True
1339.5591 	EXP 	window1: mouseVisible = True
1339.5592 	EXP 	window1: mouseVisible = True
1339.5593 	EXP 	window1: mouseVisible = True
1339.5595 	EXP 	window1: mouseVisible = True
1339.5596 	EXP 	window1: mouseVisible = True
1339.5597 	EXP 	window1: mouseVisible = True
1339.5599 	EXP 	window1: mouseVisible = True
1339.5600 	EXP 	window1: mouseVisible = True
1339.5601 	EXP 	window1: mouseVisible = True
1339.5602 	EXP 	window1: mouseVisible = True
1339.5604 	EXP 	window1: mouseVisible = True
1339.5605 	EXP 	window1: mouseVisible = True
1339.5606 	EXP 	window1: mouseVisible = True
1339.5607 	EXP 	window1: mouseVisible = True
1339.5609 	EXP 	window1: mouseVisible = True
1339.5610 	EXP 	window1: mouseVisible = True
1339.5611 	EXP 	window1: mouseVisible = True
1339.5612 	EXP 	window1: mouseVisible = True
1339.5614 	EXP 	window1: mouseVisible = True
1339.5615 	EXP 	window1: mouseVisible = True
1339.5616 	EXP 	window1: mouseVisible = True
1339.5618 	EXP 	window1: mouseVisible = True
1339.5619 	EXP 	window1: mouseVisible = True
1339.5620 	EXP 	window1: mouseVisible = True
1339.5621 	EXP 	window1: mouseVisible = True
1339.5623 	EXP 	window1: mouseVisible = True
1339.5624 	EXP 	window1: mouseVisible = True
1339.5626 	EXP 	window1: mouseVisible = True
1339.5627 	EXP 	window1: mouseVisible = True
1339.5628 	EXP 	window1: mouseVisible = True
1339.5629 	EXP 	window1: mouseVisible = True
1339.5631 	EXP 	window1: mouseVisible = True
1339.5632 	EXP 	window1: mouseVisible = True
1339.5633 	EXP 	window1: mouseVisible = True
1339.5635 	EXP 	window1: mouseVisible = True
1339.5636 	EXP 	window1: mouseVisible = True
1339.5637 	EXP 	window1: mouseVisible = True
1339.5638 	EXP 	window1: mouseVisible = True
1339.5640 	EXP 	window1: mouseVisible = True
1339.5641 	EXP 	window1: mouseVisible = True
1339.5642 	EXP 	window1: mouseVisible = True
1339.5643 	EXP 	window1: mouseVisible = True
1339.5664 	EXP 	Created ratingScale = RatingScale(__class__=type(...), acceptKeys=['return'], acceptPreText=UNKNOWN, acceptSize=UNKNOWN, acceptText=UNKNOWN, autoLog=True, choices=False, colorSpace='rgb', depth=0, disappear=False, flipVert=False, high=100, kwargs=UNKNOWN, labels=list(...), leftKeys=['left'], lineColor=(255, 255, 255), low=0, marker=Rect(...), markerColor=(255, 255, 255), markerExpansion=UNKNOWN, markerStart=0.5, maxTime=0.0, minTime=0.4, mouseOnly=False, name='ratingScale', noMouse=False, pos=[0.0, 0.0], precision=100, respKeys=[], rightKeys=['right'], scale=None, self=UNKNOWN, showAccept=False, showValue=False, singleClick=False, size=0.6, skipKeys=['tab'], stretch=2.0, textColor='white', textFont='Helvetica Bold', textSize=0.144, tickHeight=0, tickMarks=10.0, win=Window(...))
1339.5665 	EXP 	RatingScale ratingScale: reset()
1339.5685 	EXP 	window1: mouseVisible = False
1339.5796 	EXP 	thermode_locali_EVA: autoDraw = False
1339.5796 	EXP 	ratingScale: flipVert = False
1339.5796 	EXP 	ratingScale: autoLog = True
1339.5812 	EXP 	window1: mouseVisible = False
1339.5977 	EXP 	window1: mouseVisible = False
1339.6144 	EXP 	window1: mouseVisible = False
1339.6311 	EXP 	window1: mouseVisible = False
1339.6477 	EXP 	window1: mouseVisible = False
1339.6644 	EXP 	window1: mouseVisible = False
1339.6810 	EXP 	window1: mouseVisible = False
1339.6977 	EXP 	window1: mouseVisible = False
1339.7144 	EXP 	window1: mouseVisible = False
1339.7311 	EXP 	window1: mouseVisible = False
1339.7477 	EXP 	window1: mouseVisible = False
1339.7645 	EXP 	window1: mouseVisible = False
1339.7810 	EXP 	window1: mouseVisible = False
1339.7977 	EXP 	window1: mouseVisible = False
1339.8144 	EXP 	window1: mouseVisible = False
1339.8310 	EXP 	window1: mouseVisible = False
1339.8477 	EXP 	window1: mouseVisible = False
1339.8643 	EXP 	window1: mouseVisible = False
1339.8810 	EXP 	window1: mouseVisible = False
1339.8977 	EXP 	window1: mouseVisible = False
1339.9143 	EXP 	window1: mouseVisible = False
1339.9310 	EXP 	window1: mouseVisible = False
1339.9477 	EXP 	window1: mouseVisible = False
1339.9643 	EXP 	window1: mouseVisible = False
1339.9810 	EXP 	window1: mouseVisible = False
1339.9977 	EXP 	window1: mouseVisible = False
1340.0144 	EXP 	window1: mouseVisible = False
1340.0310 	EXP 	window1: mouseVisible = False
1340.0477 	EXP 	window1: mouseVisible = False
1340.0643 	EXP 	window1: mouseVisible = False
1340.0810 	EXP 	window1: mouseVisible = False
1340.0978 	EXP 	window1: mouseVisible = False
1340.1145 	EXP 	window1: mouseVisible = False
1340.1310 	EXP 	window1: mouseVisible = False
1340.1476 	EXP 	window1: mouseVisible = False
1340.1643 	EXP 	window1: mouseVisible = False
1340.1810 	EXP 	window1: mouseVisible = False
1340.1978 	EXP 	window1: mouseVisible = False
1340.2144 	EXP 	window1: mouseVisible = False
1340.2311 	EXP 	window1: mouseVisible = False
1340.2477 	EXP 	window1: mouseVisible = False
1340.2644 	EXP 	window1: mouseVisible = False
1340.2811 	EXP 	window1: mouseVisible = False
1340.2977 	EXP 	window1: mouseVisible = False
1340.3143 	EXP 	window1: mouseVisible = False
1340.3310 	EXP 	window1: mouseVisible = False
1340.3472 	DATA 	Keypress: m
1340.3478 	EXP 	window1: mouseVisible = False
1340.3644 	EXP 	window1: mouseVisible = False
1340.3810 	EXP 	window1: mouseVisible = False
1340.3977 	EXP 	window1: mouseVisible = False
1340.4143 	EXP 	window1: mouseVisible = False
1340.4310 	EXP 	window1: mouseVisible = False
1340.4477 	EXP 	window1: mouseVisible = False
1340.4644 	EXP 	window1: mouseVisible = False
1340.4810 	EXP 	window1: mouseVisible = False
1340.4977 	EXP 	window1: mouseVisible = False
1340.5145 	EXP 	window1: mouseVisible = False
1340.5310 	EXP 	window1: mouseVisible = False
1340.5477 	EXP 	window1: mouseVisible = False
1340.5645 	EXP 	window1: mouseVisible = False
1340.5812 	EXP 	window1: mouseVisible = False
1340.5977 	EXP 	window1: mouseVisible = False
1340.6144 	EXP 	window1: mouseVisible = False
1340.6313 	EXP 	window1: mouseVisible = False
1340.6477 	EXP 	window1: mouseVisible = False
1340.6644 	EXP 	window1: mouseVisible = False
1340.6810 	EXP 	window1: mouseVisible = False
1340.6977 	EXP 	window1: mouseVisible = False
1340.7144 	EXP 	window1: mouseVisible = False
1340.7312 	EXP 	window1: mouseVisible = False
1340.7477 	EXP 	window1: mouseVisible = False
1340.7643 	EXP 	window1: mouseVisible = False
1340.7810 	EXP 	window1: mouseVisible = False
1340.7977 	EXP 	window1: mouseVisible = False
1340.8144 	EXP 	window1: mouseVisible = False
1340.8310 	EXP 	window1: mouseVisible = False
1340.8477 	EXP 	window1: mouseVisible = False
1340.8644 	EXP 	window1: mouseVisible = False
1340.8810 	EXP 	window1: mouseVisible = False
1340.8977 	EXP 	window1: mouseVisible = False
1340.9143 	EXP 	window1: mouseVisible = False
1340.9310 	EXP 	window1: mouseVisible = False
1340.9477 	EXP 	window1: mouseVisible = False
1340.9644 	EXP 	window1: mouseVisible = False
1340.9810 	EXP 	window1: mouseVisible = False
1340.9979 	EXP 	window1: mouseVisible = False
1341.0144 	EXP 	window1: mouseVisible = False
1341.0314 	EXP 	window1: mouseVisible = False
1341.0477 	EXP 	window1: mouseVisible = False
1341.0644 	EXP 	window1: mouseVisible = False
1341.0810 	EXP 	window1: mouseVisible = False
1341.0978 	EXP 	window1: mouseVisible = False
1341.1145 	EXP 	window1: mouseVisible = False
1341.1311 	EXP 	window1: mouseVisible = False
1341.1477 	EXP 	window1: mouseVisible = False
1341.1644 	EXP 	window1: mouseVisible = False
1341.1810 	EXP 	window1: mouseVisible = False
1341.1977 	EXP 	window1: mouseVisible = False
1341.2144 	EXP 	window1: mouseVisible = False
1341.2311 	EXP 	window1: mouseVisible = False
1341.2477 	EXP 	window1: mouseVisible = False
1341.2644 	EXP 	window1: mouseVisible = False
1341.2810 	EXP 	window1: mouseVisible = False
1341.2978 	EXP 	window1: mouseVisible = False
1341.3143 	EXP 	window1: mouseVisible = False
1341.3311 	EXP 	window1: mouseVisible = False
1341.3477 	EXP 	window1: mouseVisible = False
1341.3644 	EXP 	window1: mouseVisible = False
1341.3810 	EXP 	window1: mouseVisible = False
1341.3977 	EXP 	window1: mouseVisible = False
1341.4144 	EXP 	window1: mouseVisible = False
1341.4310 	EXP 	window1: mouseVisible = False
1341.4477 	EXP 	window1: mouseVisible = False
1341.4644 	EXP 	window1: mouseVisible = False
1341.4810 	EXP 	window1: mouseVisible = False
1341.4977 	EXP 	window1: mouseVisible = False
1341.5144 	EXP 	window1: mouseVisible = False
1341.5146 	DATA 	Keypress: n
1341.5312 	EXP 	window1: mouseVisible = False
1341.5477 	EXP 	window1: mouseVisible = False
1341.5644 	EXP 	window1: mouseVisible = False
1341.5811 	EXP 	window1: mouseVisible = False
1341.5977 	EXP 	window1: mouseVisible = False
1341.6146 	EXP 	window1: mouseVisible = False
1341.6310 	EXP 	window1: mouseVisible = False
1341.6477 	EXP 	window1: mouseVisible = False
1341.6644 	EXP 	window1: mouseVisible = False
1341.6810 	EXP 	window1: mouseVisible = False
1341.6978 	EXP 	window1: mouseVisible = False
1341.7145 	EXP 	window1: mouseVisible = False
1341.7310 	EXP 	window1: mouseVisible = False
1341.7478 	EXP 	window1: mouseVisible = False
1341.7644 	EXP 	window1: mouseVisible = False
1341.7811 	EXP 	window1: mouseVisible = False
1341.7978 	EXP 	window1: mouseVisible = False
1341.8144 	EXP 	window1: mouseVisible = False
1341.8310 	EXP 	window1: mouseVisible = False
1341.8477 	EXP 	window1: mouseVisible = False
1341.8646 	EXP 	window1: mouseVisible = False
1341.8816 	DATA 	Keypress: space
1341.9823 	EXP 	New trial (rep=1, index=0): None
1341.9963 	EXP 	main_text: autoDraw = True
1341.9963 	EXP 	confirm_text: autoDraw = True
1341.9963 	EXP 	ratingScale: autoDraw = False
1341.9963 	EXP 	main_text: autoDraw = False
1341.9963 	EXP 	confirm_text: autoDraw = False
1341.9963 	EXP 	text_eva: autoDraw = True
1341.9963 	EXP 	croix_2: autoDraw = True
1346.9965 	EXP 	text_eva: autoDraw = False
1346.9965 	EXP 	croix_2: autoDraw = False
1346.9965 	EXP 	text_eva: autoDraw = False
1346.9965 	EXP 	croix_2: autoDraw = False
1346.9965 	EXP 	thermode_locali_EVA: autoDraw = True
1358.9803 	EXP 	window1: mouseVisible = True
1358.9812 	EXP 	Created unnamed Rect = Rect(__class__=<class 'psychopy.visual.rect.Rect'>, anchor=('center', 'center'), autoDraw=False, autoLog=True, closeShape=True, color=method-wrapper(...), colorSpace='rgb', contrast=None, depth=0, draggable=False, fillColor=array([1, 1, 1]), fillColorSpace='rgb', fillRGB=array([1, 1, 1]), interpolate=True, lineColor=array([1., 1., 1.]), lineColorSpace='rgb', lineRGB=array([1, 1, 1]), lineWidth=1.5, name='unnamed Rect', opacity=1.0, ori=0.0, pos=array([0., 0.]), size=array([0.01, 0.1 ]), units='norm', vertices=ndarray(...), win=Window(...))
1358.9812 	EXP 	window1: mouseVisible = True
1358.9814 	EXP 	window1: mouseVisible = True
1358.9819 	EXP 	window1: mouseVisible = True
1358.9830 	EXP 	window1: mouseVisible = True
1358.9841 	EXP 	window1: mouseVisible = True
1358.9843 	EXP 	window1: mouseVisible = True
1358.9845 	EXP 	window1: mouseVisible = True
1358.9846 	EXP 	window1: mouseVisible = True
1358.9847 	EXP 	window1: mouseVisible = True
1358.9849 	EXP 	window1: mouseVisible = True
1358.9850 	EXP 	window1: mouseVisible = True
1358.9851 	EXP 	window1: mouseVisible = True
1358.9853 	EXP 	window1: mouseVisible = True
1358.9854 	EXP 	window1: mouseVisible = True
1358.9855 	EXP 	window1: mouseVisible = True
1358.9857 	EXP 	window1: mouseVisible = True
1358.9858 	EXP 	window1: mouseVisible = True
1358.9861 	EXP 	window1: mouseVisible = True
1358.9863 	EXP 	window1: mouseVisible = True
1358.9864 	EXP 	window1: mouseVisible = True
1358.9866 	EXP 	window1: mouseVisible = True
1358.9868 	EXP 	window1: mouseVisible = True
1358.9869 	EXP 	window1: mouseVisible = True
1358.9870 	EXP 	window1: mouseVisible = True
1358.9872 	EXP 	window1: mouseVisible = True
1358.9873 	EXP 	window1: mouseVisible = True
1358.9874 	EXP 	window1: mouseVisible = True
1358.9876 	EXP 	window1: mouseVisible = True
1358.9877 	EXP 	window1: mouseVisible = True
1358.9878 	EXP 	window1: mouseVisible = True
1358.9879 	EXP 	window1: mouseVisible = True
1358.9881 	EXP 	window1: mouseVisible = True
1358.9882 	EXP 	window1: mouseVisible = True
1358.9883 	EXP 	window1: mouseVisible = True
1358.9885 	EXP 	window1: mouseVisible = True
1358.9886 	EXP 	window1: mouseVisible = True
1358.9887 	EXP 	window1: mouseVisible = True
1358.9888 	EXP 	window1: mouseVisible = True
1358.9890 	EXP 	window1: mouseVisible = True
1358.9891 	EXP 	window1: mouseVisible = True
1358.9892 	EXP 	window1: mouseVisible = True
1358.9893 	EXP 	window1: mouseVisible = True
1358.9895 	EXP 	window1: mouseVisible = True
1358.9896 	EXP 	window1: mouseVisible = True
1358.9897 	EXP 	window1: mouseVisible = True
1358.9898 	EXP 	window1: mouseVisible = True
1358.9900 	EXP 	window1: mouseVisible = True
1358.9901 	EXP 	window1: mouseVisible = True
1358.9902 	EXP 	window1: mouseVisible = True
1358.9903 	EXP 	window1: mouseVisible = True
1358.9905 	EXP 	window1: mouseVisible = True
1358.9906 	EXP 	window1: mouseVisible = True
1358.9908 	EXP 	window1: mouseVisible = True
1358.9909 	EXP 	window1: mouseVisible = True
1358.9910 	EXP 	window1: mouseVisible = True
1358.9911 	EXP 	window1: mouseVisible = True
1358.9913 	EXP 	window1: mouseVisible = True
1358.9914 	EXP 	window1: mouseVisible = True
1358.9915 	EXP 	window1: mouseVisible = True
1358.9917 	EXP 	window1: mouseVisible = True
1358.9918 	EXP 	window1: mouseVisible = True
1358.9919 	EXP 	window1: mouseVisible = True
1358.9920 	EXP 	window1: mouseVisible = True
1358.9922 	EXP 	window1: mouseVisible = True
1358.9923 	EXP 	window1: mouseVisible = True
1358.9924 	EXP 	window1: mouseVisible = True
1358.9925 	EXP 	window1: mouseVisible = True
1358.9927 	EXP 	window1: mouseVisible = True
1358.9928 	EXP 	window1: mouseVisible = True
1358.9929 	EXP 	window1: mouseVisible = True
1358.9930 	EXP 	window1: mouseVisible = True
1358.9932 	EXP 	window1: mouseVisible = True
1358.9933 	EXP 	window1: mouseVisible = True
1358.9934 	EXP 	window1: mouseVisible = True
1358.9935 	EXP 	window1: mouseVisible = True
1358.9937 	EXP 	window1: mouseVisible = True
1358.9938 	EXP 	window1: mouseVisible = True
1358.9939 	EXP 	window1: mouseVisible = True
1358.9941 	EXP 	window1: mouseVisible = True
1358.9942 	EXP 	window1: mouseVisible = True
1358.9943 	EXP 	window1: mouseVisible = True
1358.9945 	EXP 	window1: mouseVisible = True
1358.9946 	EXP 	window1: mouseVisible = True
1358.9947 	EXP 	window1: mouseVisible = True
1358.9948 	EXP 	window1: mouseVisible = True
1358.9950 	EXP 	window1: mouseVisible = True
1358.9951 	EXP 	window1: mouseVisible = True
1358.9952 	EXP 	window1: mouseVisible = True
1358.9954 	EXP 	window1: mouseVisible = True
1358.9955 	EXP 	window1: mouseVisible = True
1358.9956 	EXP 	window1: mouseVisible = True
1358.9957 	EXP 	window1: mouseVisible = True
1358.9959 	EXP 	window1: mouseVisible = True
1358.9960 	EXP 	window1: mouseVisible = True
1358.9961 	EXP 	window1: mouseVisible = True
1358.9962 	EXP 	window1: mouseVisible = True
1358.9964 	EXP 	window1: mouseVisible = True
1358.9965 	EXP 	window1: mouseVisible = True
1358.9966 	EXP 	window1: mouseVisible = True
1358.9967 	EXP 	window1: mouseVisible = True
1358.9969 	EXP 	window1: mouseVisible = True
1358.9970 	EXP 	window1: mouseVisible = True
1358.9971 	EXP 	window1: mouseVisible = True
1358.9972 	EXP 	window1: mouseVisible = True
1358.9994 	EXP 	Created ratingScale = RatingScale(__class__=type(...), acceptKeys=['return'], acceptPreText=UNKNOWN, acceptSize=UNKNOWN, acceptText=UNKNOWN, autoLog=True, choices=False, colorSpace='rgb', depth=0, disappear=False, flipVert=False, high=100, kwargs=UNKNOWN, labels=list(...), leftKeys=['left'], lineColor=(255, 255, 255), low=0, marker=Rect(...), markerColor=(255, 255, 255), markerExpansion=UNKNOWN, markerStart=0.5, maxTime=0.0, minTime=0.4, mouseOnly=False, name='ratingScale', noMouse=False, pos=[0.0, 0.0], precision=100, respKeys=[], rightKeys=['right'], scale=None, self=UNKNOWN, showAccept=False, showValue=False, singleClick=False, size=0.6, skipKeys=['tab'], stretch=2.0, textColor='white', textFont='Helvetica Bold', textSize=0.144, tickHeight=0, tickMarks=10.0, win=Window(...))
1358.9994 	EXP 	RatingScale ratingScale: reset()
1359.0014 	EXP 	window1: mouseVisible = False
1359.0132 	EXP 	thermode_locali_EVA: autoDraw = False
1359.0132 	EXP 	thermode_locali_EVA: autoDraw = False
1359.0132 	EXP 	ratingScale: flipVert = False
1359.0132 	EXP 	ratingScale: autoLog = True
1359.0147 	EXP 	window1: mouseVisible = False
1359.0314 	EXP 	window1: mouseVisible = False
1359.0480 	EXP 	window1: mouseVisible = False
1359.0647 	EXP 	window1: mouseVisible = False
1359.0814 	EXP 	window1: mouseVisible = False
1359.0984 	EXP 	window1: mouseVisible = False
1359.1147 	EXP 	window1: mouseVisible = False
1359.1314 	EXP 	window1: mouseVisible = False
1359.1480 	EXP 	window1: mouseVisible = False
1359.1647 	EXP 	window1: mouseVisible = False
1359.1815 	EXP 	window1: mouseVisible = False
1359.1981 	EXP 	window1: mouseVisible = False
1359.2148 	EXP 	window1: mouseVisible = False
1359.2314 	EXP 	window1: mouseVisible = False
1359.2481 	EXP 	window1: mouseVisible = False
1359.2648 	EXP 	window1: mouseVisible = False
1359.2814 	EXP 	window1: mouseVisible = False
1359.2982 	EXP 	window1: mouseVisible = False
1359.3148 	EXP 	window1: mouseVisible = False
1359.3314 	EXP 	window1: mouseVisible = False
1359.3480 	EXP 	window1: mouseVisible = False
1359.3647 	EXP 	window1: mouseVisible = False
1359.3814 	EXP 	window1: mouseVisible = False
1359.3980 	EXP 	window1: mouseVisible = False
1359.4148 	EXP 	window1: mouseVisible = False
1359.4314 	EXP 	window1: mouseVisible = False
1359.4480 	EXP 	window1: mouseVisible = False
1359.4647 	EXP 	window1: mouseVisible = False
1359.4813 	EXP 	window1: mouseVisible = False
1359.4980 	EXP 	window1: mouseVisible = False
1359.5147 	EXP 	window1: mouseVisible = False
1359.5314 	EXP 	window1: mouseVisible = False
1359.5480 	EXP 	window1: mouseVisible = False
1359.5647 	EXP 	window1: mouseVisible = False
1359.5813 	EXP 	window1: mouseVisible = False
1359.5980 	EXP 	window1: mouseVisible = False
1359.6147 	EXP 	window1: mouseVisible = False
1359.6313 	EXP 	window1: mouseVisible = False
1359.6480 	EXP 	window1: mouseVisible = False
1359.6647 	EXP 	window1: mouseVisible = False
1359.6815 	EXP 	window1: mouseVisible = False
1359.6980 	EXP 	window1: mouseVisible = False
1359.7147 	EXP 	window1: mouseVisible = False
1359.7314 	EXP 	window1: mouseVisible = False
1359.7480 	EXP 	window1: mouseVisible = False
1359.7647 	EXP 	window1: mouseVisible = False
1359.7814 	EXP 	window1: mouseVisible = False
1359.7980 	EXP 	window1: mouseVisible = False
1359.8147 	EXP 	window1: mouseVisible = False
1359.8309 	DATA 	Keypress: m
1359.8315 	EXP 	window1: mouseVisible = False
1359.8482 	EXP 	window1: mouseVisible = False
1359.8647 	EXP 	window1: mouseVisible = False
1359.8815 	EXP 	window1: mouseVisible = False
1359.8981 	EXP 	window1: mouseVisible = False
1359.9147 	EXP 	window1: mouseVisible = False
1359.9313 	EXP 	window1: mouseVisible = False
1359.9480 	EXP 	window1: mouseVisible = False
1359.9647 	EXP 	window1: mouseVisible = False
1359.9813 	EXP 	window1: mouseVisible = False
1359.9980 	EXP 	window1: mouseVisible = False
1360.0147 	EXP 	window1: mouseVisible = False
1360.0314 	EXP 	window1: mouseVisible = False
1360.0479 	EXP 	window1: mouseVisible = False
1360.0647 	EXP 	window1: mouseVisible = False
1360.0814 	EXP 	window1: mouseVisible = False
1360.0980 	EXP 	window1: mouseVisible = False
1360.1147 	EXP 	window1: mouseVisible = False
1360.1313 	EXP 	window1: mouseVisible = False
1360.1480 	EXP 	window1: mouseVisible = False
1360.1647 	EXP 	window1: mouseVisible = False
1360.1814 	EXP 	window1: mouseVisible = False
1360.1980 	EXP 	window1: mouseVisible = False
1360.2147 	EXP 	window1: mouseVisible = False
1360.2314 	EXP 	window1: mouseVisible = False
1360.2480 	EXP 	window1: mouseVisible = False
1360.2648 	EXP 	window1: mouseVisible = False
1360.2814 	EXP 	window1: mouseVisible = False
1360.2980 	EXP 	window1: mouseVisible = False
1360.3147 	EXP 	window1: mouseVisible = False
1360.3314 	EXP 	window1: mouseVisible = False
1360.3480 	EXP 	window1: mouseVisible = False
1360.3646 	EXP 	window1: mouseVisible = False
1360.3814 	EXP 	window1: mouseVisible = False
1360.3980 	EXP 	window1: mouseVisible = False
1360.4147 	EXP 	window1: mouseVisible = False
1360.4314 	EXP 	window1: mouseVisible = False
1360.4482 	EXP 	window1: mouseVisible = False
1360.4648 	EXP 	window1: mouseVisible = False
1360.4815 	EXP 	window1: mouseVisible = False
1360.4980 	EXP 	window1: mouseVisible = False
1360.5147 	EXP 	window1: mouseVisible = False
1360.5314 	EXP 	window1: mouseVisible = False
1360.5480 	EXP 	window1: mouseVisible = False
1360.5646 	EXP 	window1: mouseVisible = False
1360.5814 	EXP 	window1: mouseVisible = False
1360.5980 	EXP 	window1: mouseVisible = False
1360.6147 	EXP 	window1: mouseVisible = False
1360.6314 	EXP 	window1: mouseVisible = False
1360.6480 	EXP 	window1: mouseVisible = False
1360.6647 	EXP 	window1: mouseVisible = False
1360.6813 	EXP 	window1: mouseVisible = False
1360.6980 	EXP 	window1: mouseVisible = False
1360.7147 	EXP 	window1: mouseVisible = False
1360.7314 	EXP 	window1: mouseVisible = False
1360.7485 	EXP 	window1: mouseVisible = False
1360.7647 	EXP 	window1: mouseVisible = False
1360.7813 	EXP 	window1: mouseVisible = False
1360.7983 	DATA 	Keypress: space
1360.9132 	EXP 	main_text: autoDraw = True
1360.9132 	EXP 	confirm_text: autoDraw = True
1360.9132 	EXP 	ratingScale: autoDraw = False
1360.9132 	EXP 	main_text: autoDraw = False
1360.9132 	EXP 	confirm_text: autoDraw = False
1360.9132 	EXP 	text_8: autoDraw = True
1362.0801 	EXP 	Created sequence: random, trialTypes=1, nReps=4, seed=None
1362.0802 	EXP 	New trial (rep=0, index=0): None
1362.0819 	DATA 	Keypress: p
1362.0965 	EXP 	text_8: autoDraw = False
1362.0965 	EXP 	text_pic: autoDraw = True
1362.0965 	EXP 	croix_3: autoDraw = True
1367.0966 	EXP 	text_pic: autoDraw = False
1367.0966 	EXP 	croix_3: autoDraw = False
1367.0966 	EXP 	thermode_locali_pic: height = 0.02
1367.0966 	EXP 	thermode_locali_pic: height = 0.02
1367.0966 	EXP 	thermode_locali_pic: height = 0.02
1367.0966 	EXP 	thermode_locali_pic: text = 'T : 2'
1367.0966 	EXP 	responsel: text = 'NON              '
1367.0966 	EXP 	thermode_locali_pic: autoDraw = True
1375.0801 	EXP 	responsel: autoDraw = True
1375.0801 	EXP 	percu_or: autoDraw = True
1375.0801 	EXP 	responser: autoDraw = True
1376.2145 	DATA 	Keypress: n
1376.2467 	EXP 	responser: foreColor = (0, 0, 0)
1376.2634 	EXP 	responser: foreColor = (0, 0, 0)
1376.2800 	EXP 	responser: foreColor = (0, 0, 0)
1376.2967 	EXP 	responser: foreColor = (0, 0, 0)
1376.3134 	EXP 	responser: foreColor = (0, 0, 0)
1376.3300 	EXP 	responser: foreColor = (0, 0, 0)
1376.3467 	EXP 	responser: foreColor = (0, 0, 0)
1376.3634 	EXP 	responser: foreColor = (0, 0, 0)
1376.3800 	EXP 	responser: foreColor = (0, 0, 0)
1376.3967 	EXP 	responser: foreColor = (0, 0, 0)
1376.4134 	EXP 	responser: foreColor = (0, 0, 0)
1376.4300 	EXP 	responser: foreColor = (0, 0, 0)
1376.4467 	EXP 	responser: foreColor = (0, 0, 0)
1376.4634 	EXP 	responser: foreColor = (0, 0, 0)
1376.4800 	EXP 	responser: foreColor = (0, 0, 0)
1376.4967 	EXP 	responser: foreColor = (0, 0, 0)
1376.5134 	EXP 	responser: foreColor = (0, 0, 0)
1376.5300 	EXP 	responser: foreColor = (0, 0, 0)
1376.5467 	EXP 	responser: foreColor = (0, 0, 0)
1376.5634 	EXP 	responser: foreColor = (0, 0, 0)
1376.5800 	EXP 	responser: foreColor = (0, 0, 0)
1376.5967 	EXP 	responser: foreColor = (0, 0, 0)
1376.6134 	EXP 	responser: foreColor = (0, 0, 0)
1376.6301 	EXP 	responser: foreColor = (0, 0, 0)
1376.6467 	EXP 	responser: foreColor = (0, 0, 0)
1376.6634 	EXP 	responser: foreColor = (0, 0, 0)
1376.6800 	EXP 	responser: foreColor = (0, 0, 0)
1376.6967 	EXP 	responser: foreColor = (0, 0, 0)
1376.7134 	EXP 	responser: foreColor = (0, 0, 0)
1376.7301 	EXP 	responser: foreColor = (0, 0, 0)
1376.7467 	EXP 	responser: foreColor = (0, 0, 0)
1376.7634 	EXP 	responser: foreColor = (0, 0, 0)
1376.7800 	EXP 	responser: foreColor = (0, 0, 0)
1376.7967 	EXP 	responser: foreColor = (0, 0, 0)
1376.8134 	EXP 	responser: foreColor = (0, 0, 0)
1376.8300 	EXP 	responser: foreColor = (0, 0, 0)
1376.8468 	EXP 	responser: foreColor = (0, 0, 0)
1376.8634 	EXP 	responser: foreColor = (0, 0, 0)
1376.8800 	EXP 	responser: foreColor = (0, 0, 0)
1376.8967 	EXP 	responser: foreColor = (0, 0, 0)
1376.9134 	EXP 	responser: foreColor = (0, 0, 0)
1376.9300 	EXP 	responser: foreColor = (0, 0, 0)
1376.9467 	EXP 	responser: foreColor = (0, 0, 0)
1376.9634 	EXP 	responser: foreColor = (0, 0, 0)
1376.9800 	EXP 	responser: foreColor = (0, 0, 0)
1376.9967 	EXP 	responser: foreColor = (0, 0, 0)
1377.0134 	EXP 	responser: foreColor = (0, 0, 0)
1377.0300 	EXP 	responser: foreColor = (0, 0, 0)
1377.0467 	EXP 	responser: foreColor = (0, 0, 0)
1377.0634 	EXP 	responser: foreColor = (0, 0, 0)
1377.0800 	EXP 	responser: foreColor = (0, 0, 0)
1377.0968 	EXP 	responser: foreColor = (0, 0, 0)
1377.1134 	EXP 	responser: foreColor = (0, 0, 0)
1377.1300 	EXP 	responser: foreColor = (0, 0, 0)
1377.1467 	EXP 	responser: foreColor = (0, 0, 0)
1377.1634 	EXP 	responser: foreColor = (0, 0, 0)
1377.1800 	EXP 	responser: foreColor = (0, 0, 0)
1377.1968 	EXP 	responser: foreColor = (0, 0, 0)
1377.2134 	EXP 	responser: foreColor = (0, 0, 0)
1377.2300 	EXP 	responser: foreColor = (0, 0, 0)
1377.2467 	EXP 	responser: foreColor = (0, 0, 0)
1377.2634 	EXP 	responser: foreColor = (0, 0, 0)
1377.2800 	EXP 	responser: foreColor = (0, 0, 0)
1377.2967 	EXP 	responser: foreColor = (0, 0, 0)
1377.3134 	EXP 	responser: foreColor = (0, 0, 0)
1377.3301 	EXP 	responser: foreColor = (0, 0, 0)
1377.3467 	EXP 	responser: foreColor = (0, 0, 0)
1377.3634 	EXP 	responser: foreColor = (0, 0, 0)
1377.3800 	EXP 	responser: foreColor = (0, 0, 0)
1377.3968 	EXP 	responser: foreColor = (0, 0, 0)
1377.4134 	EXP 	responser: foreColor = (0, 0, 0)
1377.4300 	EXP 	responser: foreColor = (0, 0, 0)
1377.4468 	EXP 	responser: foreColor = (0, 0, 0)
1377.4635 	EXP 	responser: foreColor = (0, 0, 0)
1377.4801 	EXP 	responser: foreColor = (0, 0, 0)
1377.4968 	EXP 	responser: foreColor = (0, 0, 0)
1377.5135 	EXP 	responser: foreColor = (0, 0, 0)
1377.5301 	EXP 	responser: foreColor = (0, 0, 0)
1377.5468 	EXP 	responser: foreColor = (0, 0, 0)
1377.5635 	EXP 	responser: foreColor = (0, 0, 0)
1377.5801 	EXP 	responser: foreColor = (0, 0, 0)
1377.5968 	EXP 	responser: foreColor = (0, 0, 0)
1377.6135 	EXP 	responser: foreColor = (0, 0, 0)
1377.6301 	EXP 	responser: foreColor = (0, 0, 0)
1377.6468 	EXP 	responser: foreColor = (0, 0, 0)
1377.6635 	EXP 	responser: foreColor = (0, 0, 0)
1377.6801 	EXP 	responser: foreColor = (0, 0, 0)
1377.6968 	EXP 	responser: foreColor = (0, 0, 0)
1377.7135 	EXP 	responser: foreColor = (0, 0, 0)
1377.7302 	EXP 	responser: foreColor = (0, 0, 0)
1377.7468 	EXP 	responser: foreColor = (0, 0, 0)
1377.7635 	EXP 	responser: foreColor = (0, 0, 0)
1377.7801 	EXP 	responser: foreColor = (0, 0, 0)
1377.7968 	EXP 	responser: foreColor = (0, 0, 0)
1377.8135 	EXP 	responser: foreColor = (0, 0, 0)
1377.8301 	EXP 	responser: foreColor = (0, 0, 0)
1377.8468 	EXP 	responser: foreColor = (0, 0, 0)
1377.8635 	EXP 	responser: foreColor = (0, 0, 0)
1377.8801 	EXP 	responser: foreColor = (0, 0, 0)
1377.8968 	EXP 	responser: foreColor = (0, 0, 0)
1377.9135 	EXP 	responser: foreColor = (0, 0, 0)
1377.9301 	EXP 	responser: foreColor = (0, 0, 0)
1377.9468 	EXP 	responser: foreColor = (0, 0, 0)
1377.9635 	EXP 	responser: foreColor = (0, 0, 0)
1377.9801 	EXP 	responser: foreColor = (0, 0, 0)
1377.9968 	EXP 	responser: foreColor = (0, 0, 0)
1378.0135 	EXP 	responser: foreColor = (0, 0, 0)
1378.0301 	EXP 	responser: foreColor = (0, 0, 0)
1378.0468 	EXP 	responser: foreColor = (0, 0, 0)
1378.0468 	EXP 	thermode_locali_pic: autoDraw = False
1378.0635 	EXP 	responser: foreColor = (0, 0, 0)
1378.0640 	EXP 	New trial (rep=1, index=0): None
1378.0801 	EXP 	responser: foreColor = (0, 0, 0)
1378.0801 	EXP 	responsel: autoDraw = False
1378.0801 	EXP 	percu_or: autoDraw = False
1378.0801 	EXP 	responser: autoDraw = False
1378.0801 	EXP 	thermode_locali_pic: autoDraw = False
1378.0801 	EXP 	responsel: autoDraw = False
1378.0801 	EXP 	percu_or: autoDraw = False
1378.0801 	EXP 	responser: autoDraw = False
1378.0801 	EXP 	responsel: foreColor = 'white'
1378.0801 	EXP 	responser: foreColor = 'white'
1378.0801 	EXP 	text_pic: autoDraw = True
1378.0801 	EXP 	croix_3: autoDraw = True
1383.0802 	EXP 	text_pic: autoDraw = False
1383.0802 	EXP 	croix_3: autoDraw = False
1383.0802 	EXP 	text_pic: autoDraw = False
1383.0802 	EXP 	croix_3: autoDraw = False
1383.0802 	EXP 	thermode_locali_pic: height = 0.02
1383.0802 	EXP 	thermode_locali_pic: height = 0.02
1383.0802 	EXP 	thermode_locali_pic: height = 0.02
1383.0802 	EXP 	thermode_locali_pic: text = 'T : 3'
1383.0802 	EXP 	responsel: text = 'NON              '
1383.0802 	EXP 	thermode_locali_pic: autoDraw = True
1391.0636 	EXP 	responsel: autoDraw = True
1391.0636 	EXP 	percu_or: autoDraw = True
1391.0636 	EXP 	responser: autoDraw = True
1391.6148 	DATA 	Keypress: m
1391.6469 	EXP 	responsel: foreColor = (0, 0, 0)
1391.6636 	EXP 	responsel: foreColor = (0, 0, 0)
1391.6803 	EXP 	responsel: foreColor = (0, 0, 0)
1391.6970 	EXP 	responsel: foreColor = (0, 0, 0)
1391.7136 	EXP 	responsel: foreColor = (0, 0, 0)
1391.7303 	EXP 	responsel: foreColor = (0, 0, 0)
1391.7470 	EXP 	responsel: foreColor = (0, 0, 0)
1391.7636 	EXP 	responsel: foreColor = (0, 0, 0)
1391.7803 	EXP 	responsel: foreColor = (0, 0, 0)
1391.7970 	EXP 	responsel: foreColor = (0, 0, 0)
1391.8136 	EXP 	responsel: foreColor = (0, 0, 0)
1391.8303 	EXP 	responsel: foreColor = (0, 0, 0)
1391.8470 	EXP 	responsel: foreColor = (0, 0, 0)
1391.8637 	EXP 	responsel: foreColor = (0, 0, 0)
1391.8803 	EXP 	responsel: foreColor = (0, 0, 0)
1391.8970 	EXP 	responsel: foreColor = (0, 0, 0)
1391.9136 	EXP 	responsel: foreColor = (0, 0, 0)
1391.9302 	EXP 	responsel: foreColor = (0, 0, 0)
1391.9469 	EXP 	responsel: foreColor = (0, 0, 0)
1391.9636 	EXP 	responsel: foreColor = (0, 0, 0)
1391.9803 	EXP 	responsel: foreColor = (0, 0, 0)
1391.9970 	EXP 	responsel: foreColor = (0, 0, 0)
1392.0137 	EXP 	responsel: foreColor = (0, 0, 0)
1392.0303 	EXP 	responsel: foreColor = (0, 0, 0)
1392.0469 	EXP 	responsel: foreColor = (0, 0, 0)
1392.0636 	EXP 	responsel: foreColor = (0, 0, 0)
1392.0803 	EXP 	responsel: foreColor = (0, 0, 0)
1392.0970 	EXP 	responsel: foreColor = (0, 0, 0)
1392.1137 	EXP 	responsel: foreColor = (0, 0, 0)
1392.1303 	EXP 	responsel: foreColor = (0, 0, 0)
1392.1470 	EXP 	responsel: foreColor = (0, 0, 0)
1392.1637 	EXP 	responsel: foreColor = (0, 0, 0)
1392.1803 	EXP 	responsel: foreColor = (0, 0, 0)
1392.1970 	EXP 	responsel: foreColor = (0, 0, 0)
1392.2136 	EXP 	responsel: foreColor = (0, 0, 0)
1392.2303 	EXP 	responsel: foreColor = (0, 0, 0)
1392.2470 	EXP 	responsel: foreColor = (0, 0, 0)
1392.2636 	EXP 	responsel: foreColor = (0, 0, 0)
1392.2802 	EXP 	responsel: foreColor = (0, 0, 0)
1392.2970 	EXP 	responsel: foreColor = (0, 0, 0)
1392.3136 	EXP 	responsel: foreColor = (0, 0, 0)
1392.3303 	EXP 	responsel: foreColor = (0, 0, 0)
1392.3470 	EXP 	responsel: foreColor = (0, 0, 0)
1392.3636 	EXP 	responsel: foreColor = (0, 0, 0)
1392.3803 	EXP 	responsel: foreColor = (0, 0, 0)
1392.3970 	EXP 	responsel: foreColor = (0, 0, 0)
1392.4136 	EXP 	responsel: foreColor = (0, 0, 0)
1392.4303 	EXP 	responsel: foreColor = (0, 0, 0)
1392.4469 	EXP 	responsel: foreColor = (0, 0, 0)
1392.4636 	EXP 	responsel: foreColor = (0, 0, 0)
1392.4803 	EXP 	responsel: foreColor = (0, 0, 0)
1392.4970 	EXP 	responsel: foreColor = (0, 0, 0)
1392.5136 	EXP 	responsel: foreColor = (0, 0, 0)
1392.5303 	EXP 	responsel: foreColor = (0, 0, 0)
1392.5470 	EXP 	responsel: foreColor = (0, 0, 0)
1392.5636 	EXP 	responsel: foreColor = (0, 0, 0)
1392.5803 	EXP 	responsel: foreColor = (0, 0, 0)
1392.5970 	EXP 	responsel: foreColor = (0, 0, 0)
1392.6136 	EXP 	responsel: foreColor = (0, 0, 0)
1392.6303 	EXP 	responsel: foreColor = (0, 0, 0)
1392.6470 	EXP 	responsel: foreColor = (0, 0, 0)
1392.6636 	EXP 	responsel: foreColor = (0, 0, 0)
1392.6803 	EXP 	responsel: foreColor = (0, 0, 0)
1392.6970 	EXP 	responsel: foreColor = (0, 0, 0)
1392.7137 	EXP 	responsel: foreColor = (0, 0, 0)
1392.7303 	EXP 	responsel: foreColor = (0, 0, 0)
1392.7469 	EXP 	responsel: foreColor = (0, 0, 0)
1392.7636 	EXP 	responsel: foreColor = (0, 0, 0)
1392.7803 	EXP 	responsel: foreColor = (0, 0, 0)
1392.7970 	EXP 	responsel: foreColor = (0, 0, 0)
1392.8137 	EXP 	responsel: foreColor = (0, 0, 0)
1392.8303 	EXP 	responsel: foreColor = (0, 0, 0)
1392.8470 	EXP 	responsel: foreColor = (0, 0, 0)
1392.8636 	EXP 	responsel: foreColor = (0, 0, 0)
1392.8803 	EXP 	responsel: foreColor = (0, 0, 0)
1392.8970 	EXP 	responsel: foreColor = (0, 0, 0)
1392.9137 	EXP 	responsel: foreColor = (0, 0, 0)
1392.9303 	EXP 	responsel: foreColor = (0, 0, 0)
1392.9470 	EXP 	responsel: foreColor = (0, 0, 0)
1392.9637 	EXP 	responsel: foreColor = (0, 0, 0)
1392.9803 	EXP 	responsel: foreColor = (0, 0, 0)
1392.9970 	EXP 	responsel: foreColor = (0, 0, 0)
1393.0137 	EXP 	responsel: foreColor = (0, 0, 0)
1393.0303 	EXP 	responsel: foreColor = (0, 0, 0)
1393.0470 	EXP 	responsel: foreColor = (0, 0, 0)
1393.0637 	EXP 	responsel: foreColor = (0, 0, 0)
1393.0803 	EXP 	responsel: foreColor = (0, 0, 0)
1393.0970 	EXP 	responsel: foreColor = (0, 0, 0)
1393.1137 	EXP 	responsel: foreColor = (0, 0, 0)
1393.1303 	EXP 	responsel: foreColor = (0, 0, 0)
1393.1470 	EXP 	responsel: foreColor = (0, 0, 0)
1393.1637 	EXP 	responsel: foreColor = (0, 0, 0)
1393.1803 	EXP 	responsel: foreColor = (0, 0, 0)
1393.1970 	EXP 	responsel: foreColor = (0, 0, 0)
1393.2136 	EXP 	responsel: foreColor = (0, 0, 0)
1393.2303 	EXP 	responsel: foreColor = (0, 0, 0)
1393.2470 	EXP 	responsel: foreColor = (0, 0, 0)
1393.2636 	EXP 	responsel: foreColor = (0, 0, 0)
1393.2803 	EXP 	responsel: foreColor = (0, 0, 0)
1393.2970 	EXP 	responsel: foreColor = (0, 0, 0)
1393.3137 	EXP 	responsel: foreColor = (0, 0, 0)
1393.3303 	EXP 	responsel: foreColor = (0, 0, 0)
1393.3470 	EXP 	responsel: foreColor = (0, 0, 0)
1393.3637 	EXP 	responsel: foreColor = (0, 0, 0)
1393.3803 	EXP 	responsel: foreColor = (0, 0, 0)
1393.3970 	EXP 	responsel: foreColor = (0, 0, 0)
1393.4137 	EXP 	responsel: foreColor = (0, 0, 0)
1393.4303 	EXP 	responsel: foreColor = (0, 0, 0)
1393.4470 	EXP 	responsel: foreColor = (0, 0, 0)
1393.4637 	EXP 	responsel: foreColor = (0, 0, 0)
1393.4803 	EXP 	responsel: foreColor = (0, 0, 0)
1393.4970 	EXP 	responsel: foreColor = (0, 0, 0)
1393.5137 	EXP 	responsel: foreColor = (0, 0, 0)
1393.5303 	EXP 	responsel: foreColor = (0, 0, 0)
1393.5470 	EXP 	responsel: foreColor = (0, 0, 0)
1393.5637 	EXP 	responsel: foreColor = (0, 0, 0)
1393.5803 	EXP 	responsel: foreColor = (0, 0, 0)
1393.5970 	EXP 	responsel: foreColor = (0, 0, 0)
1393.6136 	EXP 	responsel: foreColor = (0, 0, 0)
1393.6303 	EXP 	responsel: foreColor = (0, 0, 0)
1393.6470 	EXP 	responsel: foreColor = (0, 0, 0)
1393.6636 	EXP 	responsel: foreColor = (0, 0, 0)
1393.6803 	EXP 	responsel: foreColor = (0, 0, 0)
1393.6970 	EXP 	responsel: foreColor = (0, 0, 0)
1393.7137 	EXP 	responsel: foreColor = (0, 0, 0)
1393.7303 	EXP 	responsel: foreColor = (0, 0, 0)
1393.7470 	EXP 	responsel: foreColor = (0, 0, 0)
1393.7637 	EXP 	responsel: foreColor = (0, 0, 0)
1393.7803 	EXP 	responsel: foreColor = (0, 0, 0)
1393.7970 	EXP 	responsel: foreColor = (0, 0, 0)
1393.8137 	EXP 	responsel: foreColor = (0, 0, 0)
1393.8303 	EXP 	responsel: foreColor = (0, 0, 0)
1393.8470 	EXP 	responsel: foreColor = (0, 0, 0)
1393.8637 	EXP 	responsel: foreColor = (0, 0, 0)
1393.8803 	EXP 	responsel: foreColor = (0, 0, 0)
1393.8970 	EXP 	responsel: foreColor = (0, 0, 0)
1393.9137 	EXP 	responsel: foreColor = (0, 0, 0)
1393.9303 	EXP 	responsel: foreColor = (0, 0, 0)
1393.9470 	EXP 	responsel: foreColor = (0, 0, 0)
1393.9636 	EXP 	responsel: foreColor = (0, 0, 0)
1393.9803 	EXP 	responsel: foreColor = (0, 0, 0)
1393.9969 	EXP 	responsel: foreColor = (0, 0, 0)
1394.0137 	EXP 	responsel: foreColor = (0, 0, 0)
1394.0303 	EXP 	responsel: foreColor = (0, 0, 0)
1394.0303 	EXP 	thermode_locali_pic: autoDraw = False
1394.0470 	EXP 	responsel: foreColor = (0, 0, 0)
1394.0475 	EXP 	New trial (rep=2, index=0): None
1394.0638 	EXP 	responsel: foreColor = (0, 0, 0)
1394.0638 	EXP 	responsel: autoDraw = False
1394.0638 	EXP 	percu_or: autoDraw = False
1394.0638 	EXP 	responser: autoDraw = False
1394.0638 	EXP 	thermode_locali_pic: autoDraw = False
1394.0638 	EXP 	responsel: autoDraw = False
1394.0638 	EXP 	percu_or: autoDraw = False
1394.0638 	EXP 	responser: autoDraw = False
1394.0638 	EXP 	responsel: foreColor = 'white'
1394.0638 	EXP 	responser: foreColor = 'white'
1394.0638 	EXP 	text_pic: autoDraw = True
1394.0638 	EXP 	croix_3: autoDraw = True
1399.0636 	EXP 	text_pic: autoDraw = False
1399.0636 	EXP 	croix_3: autoDraw = False
1399.0636 	EXP 	text_pic: autoDraw = False
1399.0636 	EXP 	croix_3: autoDraw = False
1399.0636 	EXP 	thermode_locali_pic: height = 0.02
1399.0636 	EXP 	thermode_locali_pic: height = 0.02
1399.0636 	EXP 	thermode_locali_pic: height = 0.02
1399.0636 	EXP 	thermode_locali_pic: text = 'T : 0'
1399.0636 	EXP 	responsel: text = 'NON              '
1399.0636 	EXP 	thermode_locali_pic: autoDraw = True
1407.0471 	EXP 	responsel: autoDraw = True
1407.0471 	EXP 	percu_or: autoDraw = True
1407.0471 	EXP 	responser: autoDraw = True
1407.8482 	DATA 	Keypress: m
1407.8805 	EXP 	responsel: foreColor = (0, 0, 0)
1407.8971 	EXP 	responsel: foreColor = (0, 0, 0)
1407.9138 	EXP 	responsel: foreColor = (0, 0, 0)
1407.9305 	EXP 	responsel: foreColor = (0, 0, 0)
1407.9471 	EXP 	responsel: foreColor = (0, 0, 0)
1407.9638 	EXP 	responsel: foreColor = (0, 0, 0)
1407.9805 	EXP 	responsel: foreColor = (0, 0, 0)
1407.9971 	EXP 	responsel: foreColor = (0, 0, 0)
1408.0138 	EXP 	responsel: foreColor = (0, 0, 0)
1408.0304 	EXP 	responsel: foreColor = (0, 0, 0)
1408.0471 	EXP 	responsel: foreColor = (0, 0, 0)
1408.0637 	EXP 	responsel: foreColor = (0, 0, 0)
1408.0804 	EXP 	responsel: foreColor = (0, 0, 0)
1408.0971 	EXP 	responsel: foreColor = (0, 0, 0)
1408.1137 	EXP 	responsel: foreColor = (0, 0, 0)
1408.1304 	EXP 	responsel: foreColor = (0, 0, 0)
1408.1471 	EXP 	responsel: foreColor = (0, 0, 0)
1408.1637 	EXP 	responsel: foreColor = (0, 0, 0)
1408.1804 	EXP 	responsel: foreColor = (0, 0, 0)
1408.1971 	EXP 	responsel: foreColor = (0, 0, 0)
1408.2137 	EXP 	responsel: foreColor = (0, 0, 0)
1408.2304 	EXP 	responsel: foreColor = (0, 0, 0)
1408.2471 	EXP 	responsel: foreColor = (0, 0, 0)
1408.2637 	EXP 	responsel: foreColor = (0, 0, 0)
1408.2804 	EXP 	responsel: foreColor = (0, 0, 0)
1408.2971 	EXP 	responsel: foreColor = (0, 0, 0)
1408.3137 	EXP 	responsel: foreColor = (0, 0, 0)
1408.3304 	EXP 	responsel: foreColor = (0, 0, 0)
1408.3471 	EXP 	responsel: foreColor = (0, 0, 0)
1408.3637 	EXP 	responsel: foreColor = (0, 0, 0)
1408.3804 	EXP 	responsel: foreColor = (0, 0, 0)
1408.3971 	EXP 	responsel: foreColor = (0, 0, 0)
1408.4137 	EXP 	responsel: foreColor = (0, 0, 0)
1408.4304 	EXP 	responsel: foreColor = (0, 0, 0)
1408.4471 	EXP 	responsel: foreColor = (0, 0, 0)
1408.4637 	EXP 	responsel: foreColor = (0, 0, 0)
1408.4804 	EXP 	responsel: foreColor = (0, 0, 0)
1408.4971 	EXP 	responsel: foreColor = (0, 0, 0)
1408.5137 	EXP 	responsel: foreColor = (0, 0, 0)
1408.5304 	EXP 	responsel: foreColor = (0, 0, 0)
1408.5471 	EXP 	responsel: foreColor = (0, 0, 0)
1408.5637 	EXP 	responsel: foreColor = (0, 0, 0)
1408.5806 	EXP 	responsel: foreColor = (0, 0, 0)
1408.5972 	EXP 	responsel: foreColor = (0, 0, 0)
1408.6139 	EXP 	responsel: foreColor = (0, 0, 0)
1408.6306 	EXP 	responsel: foreColor = (0, 0, 0)
1408.6472 	EXP 	responsel: foreColor = (0, 0, 0)
1408.6637 	EXP 	responsel: foreColor = (0, 0, 0)
1408.6804 	EXP 	responsel: foreColor = (0, 0, 0)
1408.6971 	EXP 	responsel: foreColor = (0, 0, 0)
1408.7137 	EXP 	responsel: foreColor = (0, 0, 0)
1408.7304 	EXP 	responsel: foreColor = (0, 0, 0)
1408.7471 	EXP 	responsel: foreColor = (0, 0, 0)
1408.7637 	EXP 	responsel: foreColor = (0, 0, 0)
1408.7804 	EXP 	responsel: foreColor = (0, 0, 0)
1408.7971 	EXP 	responsel: foreColor = (0, 0, 0)
1408.8137 	EXP 	responsel: foreColor = (0, 0, 0)
1408.8304 	EXP 	responsel: foreColor = (0, 0, 0)
1408.8471 	EXP 	responsel: foreColor = (0, 0, 0)
1408.8637 	EXP 	responsel: foreColor = (0, 0, 0)
1408.8804 	EXP 	responsel: foreColor = (0, 0, 0)
1408.8971 	EXP 	responsel: foreColor = (0, 0, 0)
1408.9137 	EXP 	responsel: foreColor = (0, 0, 0)
1408.9304 	EXP 	responsel: foreColor = (0, 0, 0)
1408.9471 	EXP 	responsel: foreColor = (0, 0, 0)
1408.9637 	EXP 	responsel: foreColor = (0, 0, 0)
1408.9804 	EXP 	responsel: foreColor = (0, 0, 0)
1408.9971 	EXP 	responsel: foreColor = (0, 0, 0)
1409.0137 	EXP 	responsel: foreColor = (0, 0, 0)
1409.0304 	EXP 	responsel: foreColor = (0, 0, 0)
1409.0471 	EXP 	responsel: foreColor = (0, 0, 0)
1409.0637 	EXP 	responsel: foreColor = (0, 0, 0)
1409.0804 	EXP 	responsel: foreColor = (0, 0, 0)
1409.0971 	EXP 	responsel: foreColor = (0, 0, 0)
1409.1137 	EXP 	responsel: foreColor = (0, 0, 0)
1409.1304 	EXP 	responsel: foreColor = (0, 0, 0)
1409.1471 	EXP 	responsel: foreColor = (0, 0, 0)
1409.1637 	EXP 	responsel: foreColor = (0, 0, 0)
1409.1804 	EXP 	responsel: foreColor = (0, 0, 0)
1409.1971 	EXP 	responsel: foreColor = (0, 0, 0)
1409.2137 	EXP 	responsel: foreColor = (0, 0, 0)
1409.2304 	EXP 	responsel: foreColor = (0, 0, 0)
1409.2471 	EXP 	responsel: foreColor = (0, 0, 0)
1409.2637 	EXP 	responsel: foreColor = (0, 0, 0)
1409.2804 	EXP 	responsel: foreColor = (0, 0, 0)
1409.2971 	EXP 	responsel: foreColor = (0, 0, 0)
1409.3137 	EXP 	responsel: foreColor = (0, 0, 0)
1409.3304 	EXP 	responsel: foreColor = (0, 0, 0)
1409.3471 	EXP 	responsel: foreColor = (0, 0, 0)
1409.3637 	EXP 	responsel: foreColor = (0, 0, 0)
1409.3804 	EXP 	responsel: foreColor = (0, 0, 0)
1409.3971 	EXP 	responsel: foreColor = (0, 0, 0)
1409.4137 	EXP 	responsel: foreColor = (0, 0, 0)
1409.4304 	EXP 	responsel: foreColor = (0, 0, 0)
1409.4471 	EXP 	responsel: foreColor = (0, 0, 0)
1409.4637 	EXP 	responsel: foreColor = (0, 0, 0)
1409.4804 	EXP 	responsel: foreColor = (0, 0, 0)
1409.4971 	EXP 	responsel: foreColor = (0, 0, 0)
1409.5138 	EXP 	responsel: foreColor = (0, 0, 0)
1409.5304 	EXP 	responsel: foreColor = (0, 0, 0)
1409.5471 	EXP 	responsel: foreColor = (0, 0, 0)
1409.5638 	EXP 	responsel: foreColor = (0, 0, 0)
1409.5804 	EXP 	responsel: foreColor = (0, 0, 0)
1409.5971 	EXP 	responsel: foreColor = (0, 0, 0)
1409.6138 	EXP 	responsel: foreColor = (0, 0, 0)
1409.6304 	EXP 	responsel: foreColor = (0, 0, 0)
1409.6471 	EXP 	responsel: foreColor = (0, 0, 0)
1409.6638 	EXP 	responsel: foreColor = (0, 0, 0)
1409.6804 	EXP 	responsel: foreColor = (0, 0, 0)
1409.6971 	EXP 	responsel: foreColor = (0, 0, 0)
1409.7138 	EXP 	responsel: foreColor = (0, 0, 0)
1409.7305 	EXP 	responsel: foreColor = (0, 0, 0)
1409.7472 	EXP 	responsel: foreColor = (0, 0, 0)
1409.7638 	EXP 	responsel: foreColor = (0, 0, 0)
1409.7805 	EXP 	responsel: foreColor = (0, 0, 0)
1409.7972 	EXP 	responsel: foreColor = (0, 0, 0)
1409.8138 	EXP 	responsel: foreColor = (0, 0, 0)
1409.8305 	EXP 	responsel: foreColor = (0, 0, 0)
1409.8472 	EXP 	responsel: foreColor = (0, 0, 0)
1409.8638 	EXP 	responsel: foreColor = (0, 0, 0)
1409.8805 	EXP 	responsel: foreColor = (0, 0, 0)
1409.8972 	EXP 	responsel: foreColor = (0, 0, 0)
1409.9138 	EXP 	responsel: foreColor = (0, 0, 0)
1409.9308 	EXP 	responsel: foreColor = (0, 0, 0)
1409.9472 	EXP 	responsel: foreColor = (0, 0, 0)
1409.9638 	EXP 	responsel: foreColor = (0, 0, 0)
1409.9805 	EXP 	responsel: foreColor = (0, 0, 0)
1409.9972 	EXP 	responsel: foreColor = (0, 0, 0)
1410.0138 	EXP 	responsel: foreColor = (0, 0, 0)
1410.0138 	EXP 	thermode_locali_pic: autoDraw = False
1410.0304 	EXP 	responsel: foreColor = (0, 0, 0)
1410.0310 	EXP 	New trial (rep=3, index=0): None
1410.0472 	EXP 	responsel: foreColor = (0, 0, 0)
1410.0472 	EXP 	responsel: autoDraw = False
1410.0472 	EXP 	percu_or: autoDraw = False
1410.0472 	EXP 	responser: autoDraw = False
1410.0472 	EXP 	thermode_locali_pic: autoDraw = False
1410.0472 	EXP 	responsel: autoDraw = False
1410.0472 	EXP 	percu_or: autoDraw = False
1410.0472 	EXP 	responser: autoDraw = False
1410.0472 	EXP 	responsel: foreColor = 'white'
1410.0472 	EXP 	responser: foreColor = 'white'
1410.0472 	EXP 	text_pic: autoDraw = True
1410.0472 	EXP 	croix_3: autoDraw = True
1415.0472 	EXP 	text_pic: autoDraw = False
1415.0472 	EXP 	croix_3: autoDraw = False
1415.0472 	EXP 	text_pic: autoDraw = False
1415.0472 	EXP 	croix_3: autoDraw = False
1415.0472 	EXP 	thermode_locali_pic: height = 0.02
1415.0472 	EXP 	thermode_locali_pic: height = 0.02
1415.0472 	EXP 	thermode_locali_pic: height = 0.02
1415.0472 	EXP 	thermode_locali_pic: text = 'T : 1'
1415.0472 	EXP 	responsel: text = 'NON              '
1415.0472 	EXP 	thermode_locali_pic: autoDraw = True
1423.0307 	EXP 	responsel: autoDraw = True
1423.0307 	EXP 	percu_or: autoDraw = True
1423.0307 	EXP 	responser: autoDraw = True
1423.5823 	DATA 	Keypress: m
1423.6139 	EXP 	responsel: foreColor = (0, 0, 0)
1423.6305 	EXP 	responsel: foreColor = (0, 0, 0)
1423.6472 	EXP 	responsel: foreColor = (0, 0, 0)
1423.6639 	EXP 	responsel: foreColor = (0, 0, 0)
1423.6805 	EXP 	responsel: foreColor = (0, 0, 0)
1423.6972 	EXP 	responsel: foreColor = (0, 0, 0)
1423.7139 	EXP 	responsel: foreColor = (0, 0, 0)
1423.7305 	EXP 	responsel: foreColor = (0, 0, 0)
1423.7472 	EXP 	responsel: foreColor = (0, 0, 0)
1423.7639 	EXP 	responsel: foreColor = (0, 0, 0)
1423.7805 	EXP 	responsel: foreColor = (0, 0, 0)
1423.7973 	EXP 	responsel: foreColor = (0, 0, 0)
1423.8140 	EXP 	responsel: foreColor = (0, 0, 0)
1423.8307 	EXP 	responsel: foreColor = (0, 0, 0)
1423.8473 	EXP 	responsel: foreColor = (0, 0, 0)
1423.8640 	EXP 	responsel: foreColor = (0, 0, 0)
1423.8807 	EXP 	responsel: foreColor = (0, 0, 0)
1423.8973 	EXP 	responsel: foreColor = (0, 0, 0)
1423.9140 	EXP 	responsel: foreColor = (0, 0, 0)
1423.9307 	EXP 	responsel: foreColor = (0, 0, 0)
1423.9473 	EXP 	responsel: foreColor = (0, 0, 0)
1423.9640 	EXP 	responsel: foreColor = (0, 0, 0)
1423.9807 	EXP 	responsel: foreColor = (0, 0, 0)
1423.9973 	EXP 	responsel: foreColor = (0, 0, 0)
1424.0140 	EXP 	responsel: foreColor = (0, 0, 0)
1424.0307 	EXP 	responsel: foreColor = (0, 0, 0)
1424.0473 	EXP 	responsel: foreColor = (0, 0, 0)
1424.0640 	EXP 	responsel: foreColor = (0, 0, 0)
1424.0807 	EXP 	responsel: foreColor = (0, 0, 0)
1424.0973 	EXP 	responsel: foreColor = (0, 0, 0)
1424.1139 	EXP 	responsel: foreColor = (0, 0, 0)
1424.1307 	EXP 	responsel: foreColor = (0, 0, 0)
1424.1473 	EXP 	responsel: foreColor = (0, 0, 0)
1424.1639 	EXP 	responsel: foreColor = (0, 0, 0)
1424.1805 	EXP 	responsel: foreColor = (0, 0, 0)
1424.1972 	EXP 	responsel: foreColor = (0, 0, 0)
1424.2139 	EXP 	responsel: foreColor = (0, 0, 0)
1424.2305 	EXP 	responsel: foreColor = (0, 0, 0)
1424.2472 	EXP 	responsel: foreColor = (0, 0, 0)
1424.2640 	EXP 	responsel: foreColor = (0, 0, 0)
1424.2807 	EXP 	responsel: foreColor = (0, 0, 0)
1424.2973 	EXP 	responsel: foreColor = (0, 0, 0)
1424.3140 	EXP 	responsel: foreColor = (0, 0, 0)
1424.3307 	EXP 	responsel: foreColor = (0, 0, 0)
1424.3473 	EXP 	responsel: foreColor = (0, 0, 0)
1424.3640 	EXP 	responsel: foreColor = (0, 0, 0)
1424.3807 	EXP 	responsel: foreColor = (0, 0, 0)
1424.3973 	EXP 	responsel: foreColor = (0, 0, 0)
1424.4140 	EXP 	responsel: foreColor = (0, 0, 0)
1424.4307 	EXP 	responsel: foreColor = (0, 0, 0)
1424.4474 	EXP 	responsel: foreColor = (0, 0, 0)
1424.4640 	EXP 	responsel: foreColor = (0, 0, 0)
1424.4807 	EXP 	responsel: foreColor = (0, 0, 0)
1424.4973 	EXP 	responsel: foreColor = (0, 0, 0)
1424.5140 	EXP 	responsel: foreColor = (0, 0, 0)
1424.5307 	EXP 	responsel: foreColor = (0, 0, 0)
1424.5473 	EXP 	responsel: foreColor = (0, 0, 0)
1424.5640 	EXP 	responsel: foreColor = (0, 0, 0)
1424.5807 	EXP 	responsel: foreColor = (0, 0, 0)
1424.5973 	EXP 	responsel: foreColor = (0, 0, 0)
1424.6140 	EXP 	responsel: foreColor = (0, 0, 0)
1424.6307 	EXP 	responsel: foreColor = (0, 0, 0)
1424.6473 	EXP 	responsel: foreColor = (0, 0, 0)
1424.6640 	EXP 	responsel: foreColor = (0, 0, 0)
1424.6806 	EXP 	responsel: foreColor = (0, 0, 0)
1424.6973 	EXP 	responsel: foreColor = (0, 0, 0)
1424.7140 	EXP 	responsel: foreColor = (0, 0, 0)
1424.7307 	EXP 	responsel: foreColor = (0, 0, 0)
1424.7473 	EXP 	responsel: foreColor = (0, 0, 0)
1424.7640 	EXP 	responsel: foreColor = (0, 0, 0)
1424.7807 	EXP 	responsel: foreColor = (0, 0, 0)
1424.7973 	EXP 	responsel: foreColor = (0, 0, 0)
1424.8140 	EXP 	responsel: foreColor = (0, 0, 0)
1424.8307 	EXP 	responsel: foreColor = (0, 0, 0)
1424.8473 	EXP 	responsel: foreColor = (0, 0, 0)
1424.8640 	EXP 	responsel: foreColor = (0, 0, 0)
1424.8807 	EXP 	responsel: foreColor = (0, 0, 0)
1424.8973 	EXP 	responsel: foreColor = (0, 0, 0)
1424.9140 	EXP 	responsel: foreColor = (0, 0, 0)
1424.9307 	EXP 	responsel: foreColor = (0, 0, 0)
1424.9473 	EXP 	responsel: foreColor = (0, 0, 0)
1424.9640 	EXP 	responsel: foreColor = (0, 0, 0)
1424.9807 	EXP 	responsel: foreColor = (0, 0, 0)
1424.9973 	EXP 	responsel: foreColor = (0, 0, 0)
1425.0140 	EXP 	responsel: foreColor = (0, 0, 0)
1425.0306 	EXP 	responsel: foreColor = (0, 0, 0)
1425.0473 	EXP 	responsel: foreColor = (0, 0, 0)
1425.0640 	EXP 	responsel: foreColor = (0, 0, 0)
1425.0807 	EXP 	responsel: foreColor = (0, 0, 0)
1425.0973 	EXP 	responsel: foreColor = (0, 0, 0)
1425.1140 	EXP 	responsel: foreColor = (0, 0, 0)
1425.1307 	EXP 	responsel: foreColor = (0, 0, 0)
1425.1473 	EXP 	responsel: foreColor = (0, 0, 0)
1425.1640 	EXP 	responsel: foreColor = (0, 0, 0)
1425.1807 	EXP 	responsel: foreColor = (0, 0, 0)
1425.1974 	EXP 	responsel: foreColor = (0, 0, 0)
1425.2140 	EXP 	responsel: foreColor = (0, 0, 0)
1425.2307 	EXP 	responsel: foreColor = (0, 0, 0)
1425.2474 	EXP 	responsel: foreColor = (0, 0, 0)
1425.2640 	EXP 	responsel: foreColor = (0, 0, 0)
1425.2807 	EXP 	responsel: foreColor = (0, 0, 0)
1425.2974 	EXP 	responsel: foreColor = (0, 0, 0)
1425.3140 	EXP 	responsel: foreColor = (0, 0, 0)
1425.3307 	EXP 	responsel: foreColor = (0, 0, 0)
1425.3474 	EXP 	responsel: foreColor = (0, 0, 0)
1425.3640 	EXP 	responsel: foreColor = (0, 0, 0)
1425.3807 	EXP 	responsel: foreColor = (0, 0, 0)
1425.3973 	EXP 	responsel: foreColor = (0, 0, 0)
1425.4140 	EXP 	responsel: foreColor = (0, 0, 0)
1425.4306 	EXP 	responsel: foreColor = (0, 0, 0)
1425.4474 	EXP 	responsel: foreColor = (0, 0, 0)
1425.4640 	EXP 	responsel: foreColor = (0, 0, 0)
1425.4807 	EXP 	responsel: foreColor = (0, 0, 0)
1425.4974 	EXP 	responsel: foreColor = (0, 0, 0)
1425.5140 	EXP 	responsel: foreColor = (0, 0, 0)
1425.5307 	EXP 	responsel: foreColor = (0, 0, 0)
1425.5474 	EXP 	responsel: foreColor = (0, 0, 0)
1425.5640 	EXP 	responsel: foreColor = (0, 0, 0)
1425.5807 	EXP 	responsel: foreColor = (0, 0, 0)
1425.5974 	EXP 	responsel: foreColor = (0, 0, 0)
1425.6140 	EXP 	responsel: foreColor = (0, 0, 0)
1425.6307 	EXP 	responsel: foreColor = (0, 0, 0)
1425.6474 	EXP 	responsel: foreColor = (0, 0, 0)
1425.6640 	EXP 	responsel: foreColor = (0, 0, 0)
1425.6807 	EXP 	responsel: foreColor = (0, 0, 0)
1425.6974 	EXP 	responsel: foreColor = (0, 0, 0)
1425.7140 	EXP 	responsel: foreColor = (0, 0, 0)
1425.7307 	EXP 	responsel: foreColor = (0, 0, 0)
1425.7474 	EXP 	responsel: foreColor = (0, 0, 0)
1425.7640 	EXP 	responsel: foreColor = (0, 0, 0)
1425.7806 	EXP 	responsel: foreColor = (0, 0, 0)
1425.7973 	EXP 	responsel: foreColor = (0, 0, 0)
1425.8140 	EXP 	responsel: foreColor = (0, 0, 0)
1425.8306 	EXP 	responsel: foreColor = (0, 0, 0)
1425.8474 	EXP 	responsel: foreColor = (0, 0, 0)
1425.8640 	EXP 	responsel: foreColor = (0, 0, 0)
1425.8807 	EXP 	responsel: foreColor = (0, 0, 0)
1425.8974 	EXP 	responsel: foreColor = (0, 0, 0)
1425.9140 	EXP 	responsel: foreColor = (0, 0, 0)
1425.9307 	EXP 	responsel: foreColor = (0, 0, 0)
1425.9474 	EXP 	responsel: foreColor = (0, 0, 0)
1425.9640 	EXP 	responsel: foreColor = (0, 0, 0)
1425.9807 	EXP 	responsel: foreColor = (0, 0, 0)
1425.9974 	EXP 	responsel: foreColor = (0, 0, 0)
1425.9974 	EXP 	thermode_locali_pic: autoDraw = False
1426.0140 	EXP 	responsel: foreColor = (0, 0, 0)
1426.0146 	EXP 	New trial (rep=1, index=0): None
1426.0307 	EXP 	responsel: foreColor = (0, 0, 0)
1426.0307 	EXP 	responsel: autoDraw = False
1426.0307 	EXP 	percu_or: autoDraw = False
1426.0307 	EXP 	responser: autoDraw = False
1426.0307 	EXP 	thermode_locali_pic: autoDraw = False
1426.0307 	EXP 	responsel: autoDraw = False
1426.0307 	EXP 	percu_or: autoDraw = False
1426.0307 	EXP 	responser: autoDraw = False
1426.0307 	EXP 	responsel: foreColor = 'white'
1426.0307 	EXP 	responser: foreColor = 'white'
1426.0307 	EXP 	text_7: autoDraw = True
1426.3146 	DATA 	Keypress: p
1426.3310 	EXP 	Created sequence: random, trialTypes=1, nReps=2, seed=None
1426.3310 	EXP 	New trial (rep=0, index=0): None
1426.3474 	EXP 	text_7: autoDraw = False
1426.3474 	EXP 	text_eva: autoDraw = True
1426.3474 	EXP 	croix_2: autoDraw = True
1431.3474 	EXP 	text_eva: autoDraw = False
1431.3474 	EXP 	croix_2: autoDraw = False
1431.3474 	EXP 	text_eva: autoDraw = False
1431.3474 	EXP 	croix_2: autoDraw = False
1431.3474 	EXP 	thermode_locali_EVA: autoDraw = True
1443.3311 	EXP 	window1: mouseVisible = True
1443.3320 	EXP 	Created unnamed Rect = Rect(__class__=<class 'psychopy.visual.rect.Rect'>, anchor=('center', 'center'), autoDraw=False, autoLog=True, closeShape=True, color=method-wrapper(...), colorSpace='rgb', contrast=None, depth=0, draggable=False, fillColor=array([1, 1, 1]), fillColorSpace='rgb', fillRGB=array([1, 1, 1]), interpolate=True, lineColor=array([1., 1., 1.]), lineColorSpace='rgb', lineRGB=array([1, 1, 1]), lineWidth=1.5, name='unnamed Rect', opacity=1.0, ori=0.0, pos=array([0., 0.]), size=array([0.01, 0.1 ]), units='norm', vertices=ndarray(...), win=Window(...))
1443.3321 	EXP 	window1: mouseVisible = True
1443.3323 	EXP 	window1: mouseVisible = True
1443.3329 	EXP 	window1: mouseVisible = True
1443.3341 	EXP 	window1: mouseVisible = True
1443.3352 	EXP 	window1: mouseVisible = True
1443.3353 	EXP 	window1: mouseVisible = True
1443.3355 	EXP 	window1: mouseVisible = True
1443.3356 	EXP 	window1: mouseVisible = True
1443.3358 	EXP 	window1: mouseVisible = True
1443.3359 	EXP 	window1: mouseVisible = True
1443.3360 	EXP 	window1: mouseVisible = True
1443.3362 	EXP 	window1: mouseVisible = True
1443.3363 	EXP 	window1: mouseVisible = True
1443.3364 	EXP 	window1: mouseVisible = True
1443.3365 	EXP 	window1: mouseVisible = True
1443.3367 	EXP 	window1: mouseVisible = True
1443.3368 	EXP 	window1: mouseVisible = True
1443.3369 	EXP 	window1: mouseVisible = True
1443.3371 	EXP 	window1: mouseVisible = True
1443.3372 	EXP 	window1: mouseVisible = True
1443.3373 	EXP 	window1: mouseVisible = True
1443.3374 	EXP 	window1: mouseVisible = True
1443.3376 	EXP 	window1: mouseVisible = True
1443.3377 	EXP 	window1: mouseVisible = True
1443.3378 	EXP 	window1: mouseVisible = True
1443.3379 	EXP 	window1: mouseVisible = True
1443.3381 	EXP 	window1: mouseVisible = True
1443.3382 	EXP 	window1: mouseVisible = True
1443.3384 	EXP 	window1: mouseVisible = True
1443.3385 	EXP 	window1: mouseVisible = True
1443.3387 	EXP 	window1: mouseVisible = True
1443.3388 	EXP 	window1: mouseVisible = True
1443.3390 	EXP 	window1: mouseVisible = True
1443.3391 	EXP 	window1: mouseVisible = True
1443.3392 	EXP 	window1: mouseVisible = True
1443.3393 	EXP 	window1: mouseVisible = True
1443.3395 	EXP 	window1: mouseVisible = True
1443.3396 	EXP 	window1: mouseVisible = True
1443.3397 	EXP 	window1: mouseVisible = True
1443.3398 	EXP 	window1: mouseVisible = True
1443.3400 	EXP 	window1: mouseVisible = True
1443.3401 	EXP 	window1: mouseVisible = True
1443.3402 	EXP 	window1: mouseVisible = True
1443.3404 	EXP 	window1: mouseVisible = True
1443.3405 	EXP 	window1: mouseVisible = True
1443.3406 	EXP 	window1: mouseVisible = True
1443.3407 	EXP 	window1: mouseVisible = True
1443.3409 	EXP 	window1: mouseVisible = True
1443.3410 	EXP 	window1: mouseVisible = True
1443.3411 	EXP 	window1: mouseVisible = True
1443.3412 	EXP 	window1: mouseVisible = True
1443.3414 	EXP 	window1: mouseVisible = True
1443.3415 	EXP 	window1: mouseVisible = True
1443.3416 	EXP 	window1: mouseVisible = True
1443.3417 	EXP 	window1: mouseVisible = True
1443.3419 	EXP 	window1: mouseVisible = True
1443.3420 	EXP 	window1: mouseVisible = True
1443.3421 	EXP 	window1: mouseVisible = True
1443.3422 	EXP 	window1: mouseVisible = True
1443.3424 	EXP 	window1: mouseVisible = True
1443.3425 	EXP 	window1: mouseVisible = True
1443.3426 	EXP 	window1: mouseVisible = True
1443.3429 	EXP 	window1: mouseVisible = True
1443.3431 	EXP 	window1: mouseVisible = True
1443.3433 	EXP 	window1: mouseVisible = True
1443.3435 	EXP 	window1: mouseVisible = True
1443.3437 	EXP 	window1: mouseVisible = True
1443.3439 	EXP 	window1: mouseVisible = True
1443.3441 	EXP 	window1: mouseVisible = True
1443.3443 	EXP 	window1: mouseVisible = True
1443.3445 	EXP 	window1: mouseVisible = True
1443.3447 	EXP 	window1: mouseVisible = True
1443.3448 	EXP 	window1: mouseVisible = True
1443.3450 	EXP 	window1: mouseVisible = True
1443.3451 	EXP 	window1: mouseVisible = True
1443.3452 	EXP 	window1: mouseVisible = True
1443.3454 	EXP 	window1: mouseVisible = True
1443.3455 	EXP 	window1: mouseVisible = True
1443.3457 	EXP 	window1: mouseVisible = True
1443.3458 	EXP 	window1: mouseVisible = True
1443.3460 	EXP 	window1: mouseVisible = True
1443.3461 	EXP 	window1: mouseVisible = True
1443.3462 	EXP 	window1: mouseVisible = True
1443.3464 	EXP 	window1: mouseVisible = True
1443.3465 	EXP 	window1: mouseVisible = True
1443.3466 	EXP 	window1: mouseVisible = True
1443.3467 	EXP 	window1: mouseVisible = True
1443.3469 	EXP 	window1: mouseVisible = True
1443.3470 	EXP 	window1: mouseVisible = True
1443.3471 	EXP 	window1: mouseVisible = True
1443.3473 	EXP 	window1: mouseVisible = True
1443.3475 	EXP 	window1: mouseVisible = True
1443.3476 	EXP 	window1: mouseVisible = True
1443.3478 	EXP 	window1: mouseVisible = True
1443.3480 	EXP 	window1: mouseVisible = True
1443.3482 	EXP 	window1: mouseVisible = True
1443.3483 	EXP 	window1: mouseVisible = True
1443.3485 	EXP 	window1: mouseVisible = True
1443.3486 	EXP 	window1: mouseVisible = True
1443.3487 	EXP 	window1: mouseVisible = True
1443.3488 	EXP 	window1: mouseVisible = True
1443.3490 	EXP 	window1: mouseVisible = True
1443.3491 	EXP 	window1: mouseVisible = True
1443.3492 	EXP 	window1: mouseVisible = True
1443.3513 	EXP 	Created ratingScale = RatingScale(__class__=type(...), acceptKeys=['return'], acceptPreText=UNKNOWN, acceptSize=UNKNOWN, acceptText=UNKNOWN, autoLog=True, choices=False, colorSpace='rgb', depth=0, disappear=False, flipVert=False, high=100, kwargs=UNKNOWN, labels=list(...), leftKeys=['left'], lineColor=(255, 255, 255), low=0, marker=Rect(...), markerColor=(255, 255, 255), markerExpansion=UNKNOWN, markerStart=0.5, maxTime=0.0, minTime=0.4, mouseOnly=False, name='ratingScale', noMouse=False, pos=[0.0, 0.0], precision=100, respKeys=[], rightKeys=['right'], scale=None, self=UNKNOWN, showAccept=False, showValue=False, singleClick=False, size=0.6, skipKeys=['tab'], stretch=2.0, textColor='white', textFont='Helvetica Bold', textSize=0.144, tickHeight=0, tickMarks=10.0, win=Window(...))
1443.3514 	EXP 	RatingScale ratingScale: reset()
1443.3536 	EXP 	window1: mouseVisible = False
1443.3642 	EXP 	thermode_locali_EVA: autoDraw = False
1443.3642 	EXP 	ratingScale: flipVert = False
1443.3642 	EXP 	ratingScale: autoLog = True
1443.3657 	EXP 	window1: mouseVisible = False
1443.3824 	EXP 	window1: mouseVisible = False
1443.3990 	EXP 	window1: mouseVisible = False
1443.4157 	EXP 	window1: mouseVisible = False
1443.4323 	EXP 	window1: mouseVisible = False
1443.4490 	EXP 	window1: mouseVisible = False
1443.4656 	EXP 	window1: mouseVisible = False
1443.4823 	EXP 	window1: mouseVisible = False
1443.4990 	EXP 	window1: mouseVisible = False
1443.5158 	EXP 	window1: mouseVisible = False
1443.5325 	EXP 	window1: mouseVisible = False
1443.5492 	EXP 	window1: mouseVisible = False
1443.5658 	EXP 	window1: mouseVisible = False
1443.5825 	EXP 	window1: mouseVisible = False
1443.5992 	EXP 	window1: mouseVisible = False
1443.6157 	EXP 	window1: mouseVisible = False
1443.6323 	EXP 	window1: mouseVisible = False
1443.6489 	EXP 	window1: mouseVisible = False
1443.6657 	EXP 	window1: mouseVisible = False
1443.6823 	EXP 	window1: mouseVisible = False
1443.6988 	EXP 	window1: mouseVisible = False
1443.7158 	EXP 	window1: mouseVisible = False
1443.7323 	EXP 	window1: mouseVisible = False
1443.7490 	EXP 	window1: mouseVisible = False
1443.7657 	EXP 	window1: mouseVisible = False
1443.7823 	EXP 	window1: mouseVisible = False
1443.7990 	EXP 	window1: mouseVisible = False
1443.8157 	EXP 	window1: mouseVisible = False
1443.8323 	EXP 	window1: mouseVisible = False
1443.8490 	EXP 	window1: mouseVisible = False
1443.8657 	EXP 	window1: mouseVisible = False
1443.8823 	EXP 	window1: mouseVisible = False
1443.8990 	EXP 	window1: mouseVisible = False
1443.9158 	EXP 	window1: mouseVisible = False
1443.9323 	EXP 	window1: mouseVisible = False
1443.9490 	EXP 	window1: mouseVisible = False
1443.9657 	EXP 	window1: mouseVisible = False
1443.9823 	EXP 	window1: mouseVisible = False
1443.9992 	EXP 	window1: mouseVisible = False
1444.0157 	EXP 	window1: mouseVisible = False
1444.0323 	EXP 	window1: mouseVisible = False
1444.0489 	EXP 	window1: mouseVisible = False
1444.0656 	EXP 	window1: mouseVisible = False
1444.0823 	EXP 	window1: mouseVisible = False
1444.0993 	EXP 	window1: mouseVisible = False
1444.1157 	EXP 	window1: mouseVisible = False
1444.1323 	EXP 	window1: mouseVisible = False
1444.1490 	EXP 	window1: mouseVisible = False
1444.1657 	EXP 	window1: mouseVisible = False
1444.1823 	EXP 	window1: mouseVisible = False
1444.1991 	EXP 	window1: mouseVisible = False
1444.2157 	EXP 	window1: mouseVisible = False
1444.2324 	EXP 	window1: mouseVisible = False
1444.2490 	EXP 	window1: mouseVisible = False
1444.2656 	EXP 	window1: mouseVisible = False
1444.2823 	EXP 	window1: mouseVisible = False
1444.2997 	EXP 	window1: mouseVisible = False
1444.3157 	EXP 	window1: mouseVisible = False
1444.3324 	EXP 	window1: mouseVisible = False
1444.3494 	EXP 	window1: mouseVisible = False
1444.3657 	EXP 	window1: mouseVisible = False
1444.3823 	EXP 	window1: mouseVisible = False
1444.3990 	EXP 	window1: mouseVisible = False
1444.4157 	EXP 	window1: mouseVisible = False
1444.4323 	EXP 	window1: mouseVisible = False
1444.4490 	EXP 	window1: mouseVisible = False
1444.4656 	EXP 	window1: mouseVisible = False
1444.4823 	EXP 	window1: mouseVisible = False
1444.4991 	EXP 	window1: mouseVisible = False
1444.5157 	EXP 	window1: mouseVisible = False
1444.5323 	EXP 	window1: mouseVisible = False
1444.5490 	EXP 	window1: mouseVisible = False
1444.5656 	EXP 	window1: mouseVisible = False
1444.5823 	EXP 	window1: mouseVisible = False
1444.5992 	EXP 	window1: mouseVisible = False
1444.6156 	EXP 	window1: mouseVisible = False
1444.6324 	EXP 	window1: mouseVisible = False
1444.6489 	EXP 	window1: mouseVisible = False
1444.6656 	EXP 	window1: mouseVisible = False
1444.6823 	EXP 	window1: mouseVisible = False
1444.6990 	EXP 	window1: mouseVisible = False
1444.7153 	DATA 	Keypress: m
1444.7159 	EXP 	window1: mouseVisible = False
1444.7323 	EXP 	window1: mouseVisible = False
1444.7490 	EXP 	window1: mouseVisible = False
1444.7657 	EXP 	window1: mouseVisible = False
1444.7823 	EXP 	window1: mouseVisible = False
1444.7990 	EXP 	window1: mouseVisible = False
1444.8157 	EXP 	window1: mouseVisible = False
1444.8323 	EXP 	window1: mouseVisible = False
1444.8490 	EXP 	window1: mouseVisible = False
1444.8656 	EXP 	window1: mouseVisible = False
1444.8823 	EXP 	window1: mouseVisible = False
1444.8992 	EXP 	window1: mouseVisible = False
1444.9157 	EXP 	window1: mouseVisible = False
1444.9324 	EXP 	window1: mouseVisible = False
1444.9490 	EXP 	window1: mouseVisible = False
1444.9658 	EXP 	window1: mouseVisible = False
1444.9823 	EXP 	window1: mouseVisible = False
1444.9991 	EXP 	window1: mouseVisible = False
1445.0158 	EXP 	window1: mouseVisible = False
1445.0323 	EXP 	window1: mouseVisible = False
1445.0490 	EXP 	window1: mouseVisible = False
1445.0657 	EXP 	window1: mouseVisible = False
1445.0823 	EXP 	window1: mouseVisible = False
1445.0994 	EXP 	window1: mouseVisible = False
1445.1157 	EXP 	window1: mouseVisible = False
1445.1323 	EXP 	window1: mouseVisible = False
1445.1490 	EXP 	window1: mouseVisible = False
1445.1657 	EXP 	window1: mouseVisible = False
1445.1823 	EXP 	window1: mouseVisible = False
1445.1990 	EXP 	window1: mouseVisible = False
1445.2157 	EXP 	window1: mouseVisible = False
1445.2324 	EXP 	window1: mouseVisible = False
1445.2479 	DATA 	Keypress: space
1445.3502 	EXP 	New trial (rep=1, index=0): None
1445.3642 	EXP 	main_text: autoDraw = True
1445.3642 	EXP 	confirm_text: autoDraw = True
1445.3642 	EXP 	ratingScale: autoDraw = False
1445.3642 	EXP 	main_text: autoDraw = False
1445.3642 	EXP 	confirm_text: autoDraw = False
1445.3642 	EXP 	text_eva: autoDraw = True
1445.3642 	EXP 	croix_2: autoDraw = True
1450.3643 	EXP 	text_eva: autoDraw = False
1450.3643 	EXP 	croix_2: autoDraw = False
1450.3643 	EXP 	text_eva: autoDraw = False
1450.3643 	EXP 	croix_2: autoDraw = False
1450.3643 	EXP 	thermode_locali_EVA: autoDraw = True
1462.3481 	EXP 	window1: mouseVisible = True
1462.3490 	EXP 	Created unnamed Rect = Rect(__class__=<class 'psychopy.visual.rect.Rect'>, anchor=('center', 'center'), autoDraw=False, autoLog=True, closeShape=True, color=method-wrapper(...), colorSpace='rgb', contrast=None, depth=0, draggable=False, fillColor=array([1, 1, 1]), fillColorSpace='rgb', fillRGB=array([1, 1, 1]), interpolate=True, lineColor=array([1., 1., 1.]), lineColorSpace='rgb', lineRGB=array([1, 1, 1]), lineWidth=1.5, name='unnamed Rect', opacity=1.0, ori=0.0, pos=array([0., 0.]), size=array([0.01, 0.1 ]), units='norm', vertices=ndarray(...), win=Window(...))
1462.3490 	EXP 	window1: mouseVisible = True
1462.3492 	EXP 	window1: mouseVisible = True
1462.3501 	EXP 	window1: mouseVisible = True
1462.3513 	EXP 	window1: mouseVisible = True
1462.3523 	EXP 	window1: mouseVisible = True
1462.3525 	EXP 	window1: mouseVisible = True
1462.3527 	EXP 	window1: mouseVisible = True
1462.3528 	EXP 	window1: mouseVisible = True
1462.3529 	EXP 	window1: mouseVisible = True
1462.3531 	EXP 	window1: mouseVisible = True
1462.3532 	EXP 	window1: mouseVisible = True
1462.3533 	EXP 	window1: mouseVisible = True
1462.3535 	EXP 	window1: mouseVisible = True
1462.3536 	EXP 	window1: mouseVisible = True
1462.3537 	EXP 	window1: mouseVisible = True
1462.3539 	EXP 	window1: mouseVisible = True
1462.3540 	EXP 	window1: mouseVisible = True
1462.3541 	EXP 	window1: mouseVisible = True
1462.3542 	EXP 	window1: mouseVisible = True
1462.3544 	EXP 	window1: mouseVisible = True
1462.3545 	EXP 	window1: mouseVisible = True
1462.3546 	EXP 	window1: mouseVisible = True
1462.3548 	EXP 	window1: mouseVisible = True
1462.3549 	EXP 	window1: mouseVisible = True
1462.3551 	EXP 	window1: mouseVisible = True
1462.3552 	EXP 	window1: mouseVisible = True
1462.3554 	EXP 	window1: mouseVisible = True
1462.3555 	EXP 	window1: mouseVisible = True
1462.3556 	EXP 	window1: mouseVisible = True
1462.3558 	EXP 	window1: mouseVisible = True
1462.3559 	EXP 	window1: mouseVisible = True
1462.3560 	EXP 	window1: mouseVisible = True
1462.3561 	EXP 	window1: mouseVisible = True
1462.3563 	EXP 	window1: mouseVisible = True
1462.3564 	EXP 	window1: mouseVisible = True
1462.3565 	EXP 	window1: mouseVisible = True
1462.3567 	EXP 	window1: mouseVisible = True
1462.3568 	EXP 	window1: mouseVisible = True
1462.3569 	EXP 	window1: mouseVisible = True
1462.3570 	EXP 	window1: mouseVisible = True
1462.3572 	EXP 	window1: mouseVisible = True
1462.3573 	EXP 	window1: mouseVisible = True
1462.3574 	EXP 	window1: mouseVisible = True
1462.3575 	EXP 	window1: mouseVisible = True
1462.3577 	EXP 	window1: mouseVisible = True
1462.3578 	EXP 	window1: mouseVisible = True
1462.3579 	EXP 	window1: mouseVisible = True
1462.3580 	EXP 	window1: mouseVisible = True
1462.3582 	EXP 	window1: mouseVisible = True
1462.3583 	EXP 	window1: mouseVisible = True
1462.3584 	EXP 	window1: mouseVisible = True
1462.3586 	EXP 	window1: mouseVisible = True
1462.3587 	EXP 	window1: mouseVisible = True
1462.3588 	EXP 	window1: mouseVisible = True
1462.3589 	EXP 	window1: mouseVisible = True
1462.3591 	EXP 	window1: mouseVisible = True
1462.3592 	EXP 	window1: mouseVisible = True
1462.3594 	EXP 	window1: mouseVisible = True
1462.3595 	EXP 	window1: mouseVisible = True
1462.3596 	EXP 	window1: mouseVisible = True
1462.3597 	EXP 	window1: mouseVisible = True
1462.3599 	EXP 	window1: mouseVisible = True
1462.3600 	EXP 	window1: mouseVisible = True
1462.3601 	EXP 	window1: mouseVisible = True
1462.3602 	EXP 	window1: mouseVisible = True
1462.3604 	EXP 	window1: mouseVisible = True
1462.3607 	EXP 	window1: mouseVisible = True
1462.3609 	EXP 	window1: mouseVisible = True
1462.3610 	EXP 	window1: mouseVisible = True
1462.3612 	EXP 	window1: mouseVisible = True
1462.3613 	EXP 	window1: mouseVisible = True
1462.3614 	EXP 	window1: mouseVisible = True
1462.3616 	EXP 	window1: mouseVisible = True
1462.3617 	EXP 	window1: mouseVisible = True
1462.3618 	EXP 	window1: mouseVisible = True
1462.3620 	EXP 	window1: mouseVisible = True
1462.3621 	EXP 	window1: mouseVisible = True
1462.3622 	EXP 	window1: mouseVisible = True
1462.3623 	EXP 	window1: mouseVisible = True
1462.3625 	EXP 	window1: mouseVisible = True
1462.3626 	EXP 	window1: mouseVisible = True
1462.3627 	EXP 	window1: mouseVisible = True
1462.3629 	EXP 	window1: mouseVisible = True
1462.3630 	EXP 	window1: mouseVisible = True
1462.3631 	EXP 	window1: mouseVisible = True
1462.3633 	EXP 	window1: mouseVisible = True
1462.3634 	EXP 	window1: mouseVisible = True
1462.3636 	EXP 	window1: mouseVisible = True
1462.3637 	EXP 	window1: mouseVisible = True
1462.3638 	EXP 	window1: mouseVisible = True
1462.3640 	EXP 	window1: mouseVisible = True
1462.3641 	EXP 	window1: mouseVisible = True
1462.3642 	EXP 	window1: mouseVisible = True
1462.3644 	EXP 	window1: mouseVisible = True
1462.3645 	EXP 	window1: mouseVisible = True
1462.3646 	EXP 	window1: mouseVisible = True
1462.3647 	EXP 	window1: mouseVisible = True
1462.3649 	EXP 	window1: mouseVisible = True
1462.3650 	EXP 	window1: mouseVisible = True
1462.3651 	EXP 	window1: mouseVisible = True
1462.3653 	EXP 	window1: mouseVisible = True
1462.3654 	EXP 	window1: mouseVisible = True
1462.3655 	EXP 	window1: mouseVisible = True
1462.3656 	EXP 	window1: mouseVisible = True
1462.3677 	EXP 	Created ratingScale = RatingScale(__class__=type(...), acceptKeys=['return'], acceptPreText=UNKNOWN, acceptSize=UNKNOWN, acceptText=UNKNOWN, autoLog=True, choices=False, colorSpace='rgb', depth=0, disappear=False, flipVert=False, high=100, kwargs=UNKNOWN, labels=list(...), leftKeys=['left'], lineColor=(255, 255, 255), low=0, marker=Rect(...), markerColor=(255, 255, 255), markerExpansion=UNKNOWN, markerStart=0.5, maxTime=0.0, minTime=0.4, mouseOnly=False, name='ratingScale', noMouse=False, pos=[0.0, 0.0], precision=100, respKeys=[], rightKeys=['right'], scale=None, self=UNKNOWN, showAccept=False, showValue=False, singleClick=False, size=0.6, skipKeys=['tab'], stretch=2.0, textColor='white', textFont='Helvetica Bold', textSize=0.144, tickHeight=0, tickMarks=10.0, win=Window(...))
1462.3678 	EXP 	RatingScale ratingScale: reset()
1462.3698 	EXP 	window1: mouseVisible = False
1462.3810 	EXP 	thermode_locali_EVA: autoDraw = False
1462.3810 	EXP 	thermode_locali_EVA: autoDraw = False
1462.3810 	EXP 	ratingScale: flipVert = False
1462.3810 	EXP 	ratingScale: autoLog = True
1462.3825 	EXP 	window1: mouseVisible = False
1462.3991 	EXP 	window1: mouseVisible = False
1462.4158 	EXP 	window1: mouseVisible = False
1462.4324 	EXP 	window1: mouseVisible = False
1462.4492 	EXP 	window1: mouseVisible = False
1462.4657 	EXP 	window1: mouseVisible = False
1462.4824 	EXP 	window1: mouseVisible = False
1462.4991 	EXP 	window1: mouseVisible = False
1462.5157 	EXP 	window1: mouseVisible = False
1462.5324 	EXP 	window1: mouseVisible = False
1462.5491 	EXP 	window1: mouseVisible = False
1462.5657 	EXP 	window1: mouseVisible = False
1462.5824 	EXP 	window1: mouseVisible = False
1462.5991 	EXP 	window1: mouseVisible = False
1462.6158 	EXP 	window1: mouseVisible = False
1462.6324 	EXP 	window1: mouseVisible = False
1462.6491 	EXP 	window1: mouseVisible = False
1462.6657 	EXP 	window1: mouseVisible = False
1462.6824 	EXP 	window1: mouseVisible = False
1462.6990 	EXP 	window1: mouseVisible = False
1462.7157 	EXP 	window1: mouseVisible = False
1462.7324 	EXP 	window1: mouseVisible = False
1462.7491 	EXP 	window1: mouseVisible = False
1462.7657 	EXP 	window1: mouseVisible = False
1462.7824 	EXP 	window1: mouseVisible = False
1462.7992 	EXP 	window1: mouseVisible = False
1462.8157 	EXP 	window1: mouseVisible = False
1462.8324 	EXP 	window1: mouseVisible = False
1462.8491 	EXP 	window1: mouseVisible = False
1462.8657 	EXP 	window1: mouseVisible = False
1462.8824 	EXP 	window1: mouseVisible = False
1462.8993 	EXP 	window1: mouseVisible = False
1462.9159 	EXP 	window1: mouseVisible = False
1462.9325 	EXP 	window1: mouseVisible = False
1462.9492 	EXP 	window1: mouseVisible = False
1462.9659 	EXP 	window1: mouseVisible = False
1462.9825 	EXP 	window1: mouseVisible = False
1462.9992 	EXP 	window1: mouseVisible = False
1463.0159 	EXP 	window1: mouseVisible = False
1463.0325 	EXP 	window1: mouseVisible = False
1463.0492 	EXP 	window1: mouseVisible = False
1463.0658 	EXP 	window1: mouseVisible = False
1463.0830 	EXP 	window1: mouseVisible = False
1463.0993 	EXP 	window1: mouseVisible = False
1463.1159 	EXP 	window1: mouseVisible = False
1463.1326 	EXP 	window1: mouseVisible = False
1463.1492 	EXP 	window1: mouseVisible = False
1463.1658 	EXP 	window1: mouseVisible = False
1463.1825 	EXP 	window1: mouseVisible = False
1463.1992 	EXP 	window1: mouseVisible = False
1463.2155 	DATA 	Keypress: n
1463.2160 	EXP 	window1: mouseVisible = False
1463.2325 	EXP 	window1: mouseVisible = False
1463.2492 	EXP 	window1: mouseVisible = False
1463.2659 	EXP 	window1: mouseVisible = False
1463.2825 	EXP 	window1: mouseVisible = False
1463.2992 	EXP 	window1: mouseVisible = False
1463.3159 	EXP 	window1: mouseVisible = False
1463.3325 	EXP 	window1: mouseVisible = False
1463.3492 	EXP 	window1: mouseVisible = False
1463.3658 	EXP 	window1: mouseVisible = False
1463.3824 	EXP 	window1: mouseVisible = False
1463.3992 	EXP 	window1: mouseVisible = False
1463.4157 	EXP 	window1: mouseVisible = False
1463.4325 	EXP 	window1: mouseVisible = False
1463.4491 	EXP 	window1: mouseVisible = False
1463.4657 	EXP 	window1: mouseVisible = False
1463.4824 	EXP 	window1: mouseVisible = False
1463.4991 	EXP 	window1: mouseVisible = False
1463.5157 	EXP 	window1: mouseVisible = False
1463.5325 	EXP 	window1: mouseVisible = False
1463.5491 	EXP 	window1: mouseVisible = False
1463.5658 	EXP 	window1: mouseVisible = False
1463.5825 	EXP 	window1: mouseVisible = False
1463.5991 	EXP 	window1: mouseVisible = False
1463.6158 	EXP 	window1: mouseVisible = False
1463.6324 	EXP 	window1: mouseVisible = False
1463.6491 	EXP 	window1: mouseVisible = False
1463.6657 	EXP 	window1: mouseVisible = False
1463.6824 	EXP 	window1: mouseVisible = False
1463.6991 	EXP 	window1: mouseVisible = False
1463.7157 	EXP 	window1: mouseVisible = False
1463.7324 	EXP 	window1: mouseVisible = False
1463.7491 	EXP 	window1: mouseVisible = False
1463.7658 	EXP 	window1: mouseVisible = False
1463.7826 	EXP 	window1: mouseVisible = False
1463.7992 	EXP 	window1: mouseVisible = False
1463.8162 	DATA 	Keypress: space
1463.9310 	EXP 	main_text: autoDraw = True
1463.9310 	EXP 	confirm_text: autoDraw = True
1463.9310 	EXP 	ratingScale: autoDraw = False
1463.9310 	EXP 	main_text: autoDraw = False
1463.9310 	EXP 	confirm_text: autoDraw = False
1463.9310 	EXP 	text_8: autoDraw = True
1465.1146 	EXP 	Created sequence: random, trialTypes=1, nReps=4, seed=None
1465.1147 	EXP 	New trial (rep=0, index=0): None
1465.1163 	DATA 	Keypress: p
1465.1310 	EXP 	text_8: autoDraw = False
1465.1310 	EXP 	text_pic: autoDraw = True
1465.1310 	EXP 	croix_3: autoDraw = True
1470.1312 	EXP 	text_pic: autoDraw = False
1470.1312 	EXP 	croix_3: autoDraw = False
1470.1312 	EXP 	text_pic: autoDraw = False
1470.1312 	EXP 	croix_3: autoDraw = False
1470.1312 	EXP 	thermode_locali_pic: height = 0.02
1470.1312 	EXP 	thermode_locali_pic: height = 0.02
1470.1312 	EXP 	thermode_locali_pic: height = 0.02
1470.1312 	EXP 	thermode_locali_pic: text = 'T : 0'
1470.1312 	EXP 	responsel: text = 'NON              '
1470.1312 	EXP 	thermode_locali_pic: autoDraw = True
1478.1146 	EXP 	responsel: autoDraw = True
1478.1146 	EXP 	percu_or: autoDraw = True
1478.1146 	EXP 	responser: autoDraw = True
1478.6157 	DATA 	Keypress: n
1478.6480 	EXP 	responser: foreColor = (0, 0, 0)
1478.6646 	EXP 	responser: foreColor = (0, 0, 0)
1478.6813 	EXP 	responser: foreColor = (0, 0, 0)
1478.6980 	EXP 	responser: foreColor = (0, 0, 0)
1478.7146 	EXP 	responser: foreColor = (0, 0, 0)
1478.7313 	EXP 	responser: foreColor = (0, 0, 0)
1478.7479 	EXP 	responser: foreColor = (0, 0, 0)
1478.7646 	EXP 	responser: foreColor = (0, 0, 0)
1478.7812 	EXP 	responser: foreColor = (0, 0, 0)
1478.7979 	EXP 	responser: foreColor = (0, 0, 0)
1478.8146 	EXP 	responser: foreColor = (0, 0, 0)
1478.8313 	EXP 	responser: foreColor = (0, 0, 0)
1478.8480 	EXP 	responser: foreColor = (0, 0, 0)
1478.8646 	EXP 	responser: foreColor = (0, 0, 0)
1478.8813 	EXP 	responser: foreColor = (0, 0, 0)
1478.8980 	EXP 	responser: foreColor = (0, 0, 0)
1478.9146 	EXP 	responser: foreColor = (0, 0, 0)
1478.9313 	EXP 	responser: foreColor = (0, 0, 0)
1478.9480 	EXP 	responser: foreColor = (0, 0, 0)
1478.9646 	EXP 	responser: foreColor = (0, 0, 0)
1478.9812 	EXP 	responser: foreColor = (0, 0, 0)
1478.9978 	EXP 	responser: foreColor = (0, 0, 0)
1479.0145 	EXP 	responser: foreColor = (0, 0, 0)
1479.0312 	EXP 	responser: foreColor = (0, 0, 0)
1479.0478 	EXP 	responser: foreColor = (0, 0, 0)
1479.0645 	EXP 	responser: foreColor = (0, 0, 0)
1479.0812 	EXP 	responser: foreColor = (0, 0, 0)
1479.0978 	EXP 	responser: foreColor = (0, 0, 0)
1479.1145 	EXP 	responser: foreColor = (0, 0, 0)
1479.1312 	EXP 	responser: foreColor = (0, 0, 0)
1479.1478 	EXP 	responser: foreColor = (0, 0, 0)
1479.1645 	EXP 	responser: foreColor = (0, 0, 0)
1479.1812 	EXP 	responser: foreColor = (0, 0, 0)
1479.1978 	EXP 	responser: foreColor = (0, 0, 0)
1479.2145 	EXP 	responser: foreColor = (0, 0, 0)
1479.2312 	EXP 	responser: foreColor = (0, 0, 0)
1479.2478 	EXP 	responser: foreColor = (0, 0, 0)
1479.2645 	EXP 	responser: foreColor = (0, 0, 0)
1479.2812 	EXP 	responser: foreColor = (0, 0, 0)
1479.2978 	EXP 	responser: foreColor = (0, 0, 0)
1479.3145 	EXP 	responser: foreColor = (0, 0, 0)
1479.3312 	EXP 	responser: foreColor = (0, 0, 0)
1479.3481 	EXP 	responser: foreColor = (0, 0, 0)
1479.3646 	EXP 	responser: foreColor = (0, 0, 0)
1479.3812 	EXP 	responser: foreColor = (0, 0, 0)
1479.3980 	EXP 	responser: foreColor = (0, 0, 0)
1479.4147 	EXP 	responser: foreColor = (0, 0, 0)
1479.4314 	EXP 	responser: foreColor = (0, 0, 0)
1479.4478 	EXP 	responser: foreColor = (0, 0, 0)
1479.4645 	EXP 	responser: foreColor = (0, 0, 0)
1479.4812 	EXP 	responser: foreColor = (0, 0, 0)
1479.4978 	EXP 	responser: foreColor = (0, 0, 0)
1479.5145 	EXP 	responser: foreColor = (0, 0, 0)
1479.5312 	EXP 	responser: foreColor = (0, 0, 0)
1479.5479 	EXP 	responser: foreColor = (0, 0, 0)
1479.5646 	EXP 	responser: foreColor = (0, 0, 0)
1479.5812 	EXP 	responser: foreColor = (0, 0, 0)
1479.5978 	EXP 	responser: foreColor = (0, 0, 0)
1479.6146 	EXP 	responser: foreColor = (0, 0, 0)
1479.6312 	EXP 	responser: foreColor = (0, 0, 0)
1479.6478 	EXP 	responser: foreColor = (0, 0, 0)
1479.6645 	EXP 	responser: foreColor = (0, 0, 0)
1479.6812 	EXP 	responser: foreColor = (0, 0, 0)
1479.6978 	EXP 	responser: foreColor = (0, 0, 0)
1479.7146 	EXP 	responser: foreColor = (0, 0, 0)
1479.7312 	EXP 	responser: foreColor = (0, 0, 0)
1479.7478 	EXP 	responser: foreColor = (0, 0, 0)
1479.7646 	EXP 	responser: foreColor = (0, 0, 0)
1479.7812 	EXP 	responser: foreColor = (0, 0, 0)
1479.7979 	EXP 	responser: foreColor = (0, 0, 0)
1479.8146 	EXP 	responser: foreColor = (0, 0, 0)
1479.8313 	EXP 	responser: foreColor = (0, 0, 0)
1479.8480 	EXP 	responser: foreColor = (0, 0, 0)
1479.8646 	EXP 	responser: foreColor = (0, 0, 0)
1479.8813 	EXP 	responser: foreColor = (0, 0, 0)
1479.8980 	EXP 	responser: foreColor = (0, 0, 0)
1479.9147 	EXP 	responser: foreColor = (0, 0, 0)
1479.9313 	EXP 	responser: foreColor = (0, 0, 0)
1479.9480 	EXP 	responser: foreColor = (0, 0, 0)
1479.9646 	EXP 	responser: foreColor = (0, 0, 0)
1479.9813 	EXP 	responser: foreColor = (0, 0, 0)
1479.9980 	EXP 	responser: foreColor = (0, 0, 0)
1480.0146 	EXP 	responser: foreColor = (0, 0, 0)
1480.0313 	EXP 	responser: foreColor = (0, 0, 0)
1480.0480 	EXP 	responser: foreColor = (0, 0, 0)
1480.0646 	EXP 	responser: foreColor = (0, 0, 0)
1480.0813 	EXP 	responser: foreColor = (0, 0, 0)
1480.0980 	EXP 	responser: foreColor = (0, 0, 0)
1480.1146 	EXP 	responser: foreColor = (0, 0, 0)
1480.1313 	EXP 	responser: foreColor = (0, 0, 0)
1480.1480 	EXP 	responser: foreColor = (0, 0, 0)
1480.1646 	EXP 	responser: foreColor = (0, 0, 0)
1480.1813 	EXP 	responser: foreColor = (0, 0, 0)
1480.1979 	EXP 	responser: foreColor = (0, 0, 0)
1480.2146 	EXP 	responser: foreColor = (0, 0, 0)
1480.2313 	EXP 	responser: foreColor = (0, 0, 0)
1480.2480 	EXP 	responser: foreColor = (0, 0, 0)
1480.2647 	EXP 	responser: foreColor = (0, 0, 0)
1480.2813 	EXP 	responser: foreColor = (0, 0, 0)
1480.2980 	EXP 	responser: foreColor = (0, 0, 0)
1480.3147 	EXP 	responser: foreColor = (0, 0, 0)
1480.3312 	EXP 	responser: foreColor = (0, 0, 0)
1480.3479 	EXP 	responser: foreColor = (0, 0, 0)
1480.3647 	EXP 	responser: foreColor = (0, 0, 0)
1480.3813 	EXP 	responser: foreColor = (0, 0, 0)
1480.3980 	EXP 	responser: foreColor = (0, 0, 0)
1480.4147 	EXP 	responser: foreColor = (0, 0, 0)
1480.4313 	EXP 	responser: foreColor = (0, 0, 0)
1480.4480 	EXP 	responser: foreColor = (0, 0, 0)
1480.4646 	EXP 	responser: foreColor = (0, 0, 0)
1480.4813 	EXP 	responser: foreColor = (0, 0, 0)
1480.4980 	EXP 	responser: foreColor = (0, 0, 0)
1480.5146 	EXP 	responser: foreColor = (0, 0, 0)
1480.5312 	EXP 	responser: foreColor = (0, 0, 0)
1480.5479 	EXP 	responser: foreColor = (0, 0, 0)
1480.5645 	EXP 	responser: foreColor = (0, 0, 0)
1480.5812 	EXP 	responser: foreColor = (0, 0, 0)
1480.5979 	EXP 	responser: foreColor = (0, 0, 0)
1480.6145 	EXP 	responser: foreColor = (0, 0, 0)
1480.6312 	EXP 	responser: foreColor = (0, 0, 0)
1480.6479 	EXP 	responser: foreColor = (0, 0, 0)
1480.6645 	EXP 	responser: foreColor = (0, 0, 0)
1480.6812 	EXP 	responser: foreColor = (0, 0, 0)
1480.6979 	EXP 	responser: foreColor = (0, 0, 0)
1480.7145 	EXP 	responser: foreColor = (0, 0, 0)
1480.7312 	EXP 	responser: foreColor = (0, 0, 0)
1480.7479 	EXP 	responser: foreColor = (0, 0, 0)
1480.7645 	EXP 	responser: foreColor = (0, 0, 0)
1480.7812 	EXP 	responser: foreColor = (0, 0, 0)
1480.7979 	EXP 	responser: foreColor = (0, 0, 0)
1480.8145 	EXP 	responser: foreColor = (0, 0, 0)
1480.8312 	EXP 	responser: foreColor = (0, 0, 0)
1480.8479 	EXP 	responser: foreColor = (0, 0, 0)
1480.8645 	EXP 	responser: foreColor = (0, 0, 0)
1480.8812 	EXP 	responser: foreColor = (0, 0, 0)
1480.8979 	EXP 	responser: foreColor = (0, 0, 0)
1480.9146 	EXP 	responser: foreColor = (0, 0, 0)
1480.9312 	EXP 	responser: foreColor = (0, 0, 0)
1480.9479 	EXP 	responser: foreColor = (0, 0, 0)
1480.9645 	EXP 	responser: foreColor = (0, 0, 0)
1480.9812 	EXP 	responser: foreColor = (0, 0, 0)
1480.9979 	EXP 	responser: foreColor = (0, 0, 0)
1481.0146 	EXP 	responser: foreColor = (0, 0, 0)
1481.0313 	EXP 	responser: foreColor = (0, 0, 0)
1481.0480 	EXP 	responser: foreColor = (0, 0, 0)
1481.0647 	EXP 	responser: foreColor = (0, 0, 0)
1481.0813 	EXP 	responser: foreColor = (0, 0, 0)
1481.0813 	EXP 	thermode_locali_pic: autoDraw = False
1481.0980 	EXP 	responser: foreColor = (0, 0, 0)
1481.0985 	EXP 	New trial (rep=1, index=0): None
1481.1147 	EXP 	responser: foreColor = (0, 0, 0)
1481.1147 	EXP 	responsel: autoDraw = False
1481.1147 	EXP 	percu_or: autoDraw = False
1481.1147 	EXP 	responser: autoDraw = False
1481.1147 	EXP 	thermode_locali_pic: autoDraw = False
1481.1147 	EXP 	responsel: autoDraw = False
1481.1147 	EXP 	percu_or: autoDraw = False
1481.1147 	EXP 	responser: autoDraw = False
1481.1147 	EXP 	responsel: foreColor = 'white'
1481.1147 	EXP 	responser: foreColor = 'white'
1481.1147 	EXP 	text_pic: autoDraw = True
1481.1147 	EXP 	croix_3: autoDraw = True
1486.1146 	EXP 	text_pic: autoDraw = False
1486.1146 	EXP 	croix_3: autoDraw = False
1486.1146 	EXP 	text_pic: autoDraw = False
1486.1146 	EXP 	croix_3: autoDraw = False
1486.1146 	EXP 	thermode_locali_pic: height = 0.02
1486.1146 	EXP 	thermode_locali_pic: height = 0.02
1486.1146 	EXP 	thermode_locali_pic: height = 0.02
1486.1146 	EXP 	thermode_locali_pic: text = 'T : 1'
1486.1146 	EXP 	responsel: text = 'NON              '
1486.1146 	EXP 	thermode_locali_pic: autoDraw = True
1494.0980 	EXP 	responsel: autoDraw = True
1494.0980 	EXP 	percu_or: autoDraw = True
1494.0980 	EXP 	responser: autoDraw = True
1494.4824 	DATA 	Keypress: m
1494.5147 	EXP 	responsel: foreColor = (0, 0, 0)
1494.5314 	EXP 	responsel: foreColor = (0, 0, 0)
1494.5480 	EXP 	responsel: foreColor = (0, 0, 0)
1494.5647 	EXP 	responsel: foreColor = (0, 0, 0)
1494.5814 	EXP 	responsel: foreColor = (0, 0, 0)
1494.5980 	EXP 	responsel: foreColor = (0, 0, 0)
1494.6147 	EXP 	responsel: foreColor = (0, 0, 0)
1494.6314 	EXP 	responsel: foreColor = (0, 0, 0)
1494.6480 	EXP 	responsel: foreColor = (0, 0, 0)
1494.6647 	EXP 	responsel: foreColor = (0, 0, 0)
1494.6814 	EXP 	responsel: foreColor = (0, 0, 0)
1494.6980 	EXP 	responsel: foreColor = (0, 0, 0)
1494.7147 	EXP 	responsel: foreColor = (0, 0, 0)
1494.7314 	EXP 	responsel: foreColor = (0, 0, 0)
1494.7480 	EXP 	responsel: foreColor = (0, 0, 0)
1494.7647 	EXP 	responsel: foreColor = (0, 0, 0)
1494.7814 	EXP 	responsel: foreColor = (0, 0, 0)
1494.7980 	EXP 	responsel: foreColor = (0, 0, 0)
1494.8147 	EXP 	responsel: foreColor = (0, 0, 0)
1494.8314 	EXP 	responsel: foreColor = (0, 0, 0)
1494.8480 	EXP 	responsel: foreColor = (0, 0, 0)
1494.8647 	EXP 	responsel: foreColor = (0, 0, 0)
1494.8814 	EXP 	responsel: foreColor = (0, 0, 0)
1494.8980 	EXP 	responsel: foreColor = (0, 0, 0)
1494.9147 	EXP 	responsel: foreColor = (0, 0, 0)
1494.9314 	EXP 	responsel: foreColor = (0, 0, 0)
1494.9480 	EXP 	responsel: foreColor = (0, 0, 0)
1494.9647 	EXP 	responsel: foreColor = (0, 0, 0)
1494.9814 	EXP 	responsel: foreColor = (0, 0, 0)
1494.9980 	EXP 	responsel: foreColor = (0, 0, 0)
1495.0147 	EXP 	responsel: foreColor = (0, 0, 0)
1495.0314 	EXP 	responsel: foreColor = (0, 0, 0)
1495.0480 	EXP 	responsel: foreColor = (0, 0, 0)
1495.0647 	EXP 	responsel: foreColor = (0, 0, 0)
1495.0814 	EXP 	responsel: foreColor = (0, 0, 0)
1495.0980 	EXP 	responsel: foreColor = (0, 0, 0)
1495.1147 	EXP 	responsel: foreColor = (0, 0, 0)
1495.1314 	EXP 	responsel: foreColor = (0, 0, 0)
1495.1480 	EXP 	responsel: foreColor = (0, 0, 0)
1495.1647 	EXP 	responsel: foreColor = (0, 0, 0)
1495.1814 	EXP 	responsel: foreColor = (0, 0, 0)
1495.1980 	EXP 	responsel: foreColor = (0, 0, 0)
1495.2147 	EXP 	responsel: foreColor = (0, 0, 0)
1495.2314 	EXP 	responsel: foreColor = (0, 0, 0)
1495.2480 	EXP 	responsel: foreColor = (0, 0, 0)
1495.2647 	EXP 	responsel: foreColor = (0, 0, 0)
1495.2814 	EXP 	responsel: foreColor = (0, 0, 0)
1495.2980 	EXP 	responsel: foreColor = (0, 0, 0)
1495.3147 	EXP 	responsel: foreColor = (0, 0, 0)
1495.3314 	EXP 	responsel: foreColor = (0, 0, 0)
1495.3480 	EXP 	responsel: foreColor = (0, 0, 0)
1495.3647 	EXP 	responsel: foreColor = (0, 0, 0)
1495.3814 	EXP 	responsel: foreColor = (0, 0, 0)
1495.3980 	EXP 	responsel: foreColor = (0, 0, 0)
1495.4147 	EXP 	responsel: foreColor = (0, 0, 0)
1495.4314 	EXP 	responsel: foreColor = (0, 0, 0)
1495.4480 	EXP 	responsel: foreColor = (0, 0, 0)
1495.4647 	EXP 	responsel: foreColor = (0, 0, 0)
1495.4814 	EXP 	responsel: foreColor = (0, 0, 0)
1495.4980 	EXP 	responsel: foreColor = (0, 0, 0)
1495.5147 	EXP 	responsel: foreColor = (0, 0, 0)
1495.5314 	EXP 	responsel: foreColor = (0, 0, 0)
1495.5480 	EXP 	responsel: foreColor = (0, 0, 0)
1495.5647 	EXP 	responsel: foreColor = (0, 0, 0)
1495.5814 	EXP 	responsel: foreColor = (0, 0, 0)
1495.5980 	EXP 	responsel: foreColor = (0, 0, 0)
1495.6147 	EXP 	responsel: foreColor = (0, 0, 0)
1495.6314 	EXP 	responsel: foreColor = (0, 0, 0)
1495.6480 	EXP 	responsel: foreColor = (0, 0, 0)
1495.6647 	EXP 	responsel: foreColor = (0, 0, 0)
1495.6814 	EXP 	responsel: foreColor = (0, 0, 0)
1495.6980 	EXP 	responsel: foreColor = (0, 0, 0)
1495.7147 	EXP 	responsel: foreColor = (0, 0, 0)
1495.7314 	EXP 	responsel: foreColor = (0, 0, 0)
1495.7480 	EXP 	responsel: foreColor = (0, 0, 0)
1495.7647 	EXP 	responsel: foreColor = (0, 0, 0)
1495.7814 	EXP 	responsel: foreColor = (0, 0, 0)
1495.7980 	EXP 	responsel: foreColor = (0, 0, 0)
1495.8147 	EXP 	responsel: foreColor = (0, 0, 0)
1495.8314 	EXP 	responsel: foreColor = (0, 0, 0)
1495.8480 	EXP 	responsel: foreColor = (0, 0, 0)
1495.8647 	EXP 	responsel: foreColor = (0, 0, 0)
1495.8814 	EXP 	responsel: foreColor = (0, 0, 0)
1495.8980 	EXP 	responsel: foreColor = (0, 0, 0)
1495.9147 	EXP 	responsel: foreColor = (0, 0, 0)
1495.9314 	EXP 	responsel: foreColor = (0, 0, 0)
1495.9480 	EXP 	responsel: foreColor = (0, 0, 0)
1495.9647 	EXP 	responsel: foreColor = (0, 0, 0)
1495.9814 	EXP 	responsel: foreColor = (0, 0, 0)
1495.9980 	EXP 	responsel: foreColor = (0, 0, 0)
1496.0147 	EXP 	responsel: foreColor = (0, 0, 0)
1496.0314 	EXP 	responsel: foreColor = (0, 0, 0)
1496.0480 	EXP 	responsel: foreColor = (0, 0, 0)
1496.0647 	EXP 	responsel: foreColor = (0, 0, 0)
1496.0814 	EXP 	responsel: foreColor = (0, 0, 0)
1496.0980 	EXP 	responsel: foreColor = (0, 0, 0)
1496.1147 	EXP 	responsel: foreColor = (0, 0, 0)
1496.1314 	EXP 	responsel: foreColor = (0, 0, 0)
1496.1480 	EXP 	responsel: foreColor = (0, 0, 0)
1496.1647 	EXP 	responsel: foreColor = (0, 0, 0)
1496.1814 	EXP 	responsel: foreColor = (0, 0, 0)
1496.1980 	EXP 	responsel: foreColor = (0, 0, 0)
1496.2147 	EXP 	responsel: foreColor = (0, 0, 0)
1496.2314 	EXP 	responsel: foreColor = (0, 0, 0)
1496.2480 	EXP 	responsel: foreColor = (0, 0, 0)
1496.2647 	EXP 	responsel: foreColor = (0, 0, 0)
1496.2814 	EXP 	responsel: foreColor = (0, 0, 0)
1496.2980 	EXP 	responsel: foreColor = (0, 0, 0)
1496.3147 	EXP 	responsel: foreColor = (0, 0, 0)
1496.3314 	EXP 	responsel: foreColor = (0, 0, 0)
1496.3480 	EXP 	responsel: foreColor = (0, 0, 0)
1496.3647 	EXP 	responsel: foreColor = (0, 0, 0)
1496.3814 	EXP 	responsel: foreColor = (0, 0, 0)
1496.3980 	EXP 	responsel: foreColor = (0, 0, 0)
1496.4147 	EXP 	responsel: foreColor = (0, 0, 0)
1496.4314 	EXP 	responsel: foreColor = (0, 0, 0)
1496.4480 	EXP 	responsel: foreColor = (0, 0, 0)
1496.4647 	EXP 	responsel: foreColor = (0, 0, 0)
1496.4814 	EXP 	responsel: foreColor = (0, 0, 0)
1496.4980 	EXP 	responsel: foreColor = (0, 0, 0)
1496.5147 	EXP 	responsel: foreColor = (0, 0, 0)
1496.5314 	EXP 	responsel: foreColor = (0, 0, 0)
1496.5480 	EXP 	responsel: foreColor = (0, 0, 0)
1496.5647 	EXP 	responsel: foreColor = (0, 0, 0)
1496.5814 	EXP 	responsel: foreColor = (0, 0, 0)
1496.5980 	EXP 	responsel: foreColor = (0, 0, 0)
1496.6147 	EXP 	responsel: foreColor = (0, 0, 0)
1496.6314 	EXP 	responsel: foreColor = (0, 0, 0)
1496.6480 	EXP 	responsel: foreColor = (0, 0, 0)
1496.6648 	EXP 	responsel: foreColor = (0, 0, 0)
1496.6814 	EXP 	responsel: foreColor = (0, 0, 0)
1496.6981 	EXP 	responsel: foreColor = (0, 0, 0)
1496.7149 	EXP 	responsel: foreColor = (0, 0, 0)
1496.7315 	EXP 	responsel: foreColor = (0, 0, 0)
1496.7480 	EXP 	responsel: foreColor = (0, 0, 0)
1496.7647 	EXP 	responsel: foreColor = (0, 0, 0)
1496.7814 	EXP 	responsel: foreColor = (0, 0, 0)
1496.7980 	EXP 	responsel: foreColor = (0, 0, 0)
1496.8147 	EXP 	responsel: foreColor = (0, 0, 0)
1496.8314 	EXP 	responsel: foreColor = (0, 0, 0)
1496.8480 	EXP 	responsel: foreColor = (0, 0, 0)
1496.8647 	EXP 	responsel: foreColor = (0, 0, 0)
1496.8814 	EXP 	responsel: foreColor = (0, 0, 0)
1496.8980 	EXP 	responsel: foreColor = (0, 0, 0)
1496.9147 	EXP 	responsel: foreColor = (0, 0, 0)
1496.9314 	EXP 	responsel: foreColor = (0, 0, 0)
1496.9480 	EXP 	responsel: foreColor = (0, 0, 0)
1496.9647 	EXP 	responsel: foreColor = (0, 0, 0)
1496.9813 	EXP 	responsel: foreColor = (0, 0, 0)
1496.9981 	EXP 	responsel: foreColor = (0, 0, 0)
1497.0148 	EXP 	responsel: foreColor = (0, 0, 0)
1497.0314 	EXP 	responsel: foreColor = (0, 0, 0)
1497.0481 	EXP 	responsel: foreColor = (0, 0, 0)
1497.0647 	EXP 	responsel: foreColor = (0, 0, 0)
1497.0647 	EXP 	thermode_locali_pic: autoDraw = False
1497.0814 	EXP 	responsel: foreColor = (0, 0, 0)
1497.0819 	EXP 	New trial (rep=2, index=0): None
1497.0981 	EXP 	responsel: foreColor = (0, 0, 0)
1497.0981 	EXP 	responsel: autoDraw = False
1497.0981 	EXP 	percu_or: autoDraw = False
1497.0981 	EXP 	responser: autoDraw = False
1497.0981 	EXP 	thermode_locali_pic: autoDraw = False
1497.0981 	EXP 	responsel: autoDraw = False
1497.0981 	EXP 	percu_or: autoDraw = False
1497.0981 	EXP 	responser: autoDraw = False
1497.0981 	EXP 	responsel: foreColor = 'white'
1497.0981 	EXP 	responser: foreColor = 'white'
1497.0981 	EXP 	text_pic: autoDraw = True
1497.0981 	EXP 	croix_3: autoDraw = True
1502.0981 	EXP 	text_pic: autoDraw = False
1502.0981 	EXP 	croix_3: autoDraw = False
1502.0981 	EXP 	text_pic: autoDraw = False
1502.0981 	EXP 	croix_3: autoDraw = False
1502.0981 	EXP 	thermode_locali_pic: height = 0.02
1502.0981 	EXP 	thermode_locali_pic: height = 0.02
1502.0981 	EXP 	thermode_locali_pic: height = 0.02
1502.0981 	EXP 	thermode_locali_pic: text = 'T : 2'
1502.0981 	EXP 	responsel: text = 'NON              '
1502.0981 	EXP 	thermode_locali_pic: autoDraw = True
1510.0817 	EXP 	responsel: autoDraw = True
1510.0817 	EXP 	percu_or: autoDraw = True
1510.0817 	EXP 	responser: autoDraw = True
1510.8328 	DATA 	Keypress: m
1510.8650 	EXP 	responsel: foreColor = (0, 0, 0)
1510.8817 	EXP 	responsel: foreColor = (0, 0, 0)
1510.8983 	EXP 	responsel: foreColor = (0, 0, 0)
1510.9150 	EXP 	responsel: foreColor = (0, 0, 0)
1510.9317 	EXP 	responsel: foreColor = (0, 0, 0)
1510.9483 	EXP 	responsel: foreColor = (0, 0, 0)
1510.9650 	EXP 	responsel: foreColor = (0, 0, 0)
1510.9817 	EXP 	responsel: foreColor = (0, 0, 0)
1510.9983 	EXP 	responsel: foreColor = (0, 0, 0)
1511.0150 	EXP 	responsel: foreColor = (0, 0, 0)
1511.0317 	EXP 	responsel: foreColor = (0, 0, 0)
1511.0483 	EXP 	responsel: foreColor = (0, 0, 0)
1511.0650 	EXP 	responsel: foreColor = (0, 0, 0)
1511.0816 	EXP 	responsel: foreColor = (0, 0, 0)
1511.0982 	EXP 	responsel: foreColor = (0, 0, 0)
1511.1149 	EXP 	responsel: foreColor = (0, 0, 0)
1511.1316 	EXP 	responsel: foreColor = (0, 0, 0)
1511.1482 	EXP 	responsel: foreColor = (0, 0, 0)
1511.1649 	EXP 	responsel: foreColor = (0, 0, 0)
1511.1816 	EXP 	responsel: foreColor = (0, 0, 0)
1511.1982 	EXP 	responsel: foreColor = (0, 0, 0)
1511.2149 	EXP 	responsel: foreColor = (0, 0, 0)
1511.2316 	EXP 	responsel: foreColor = (0, 0, 0)
1511.2482 	EXP 	responsel: foreColor = (0, 0, 0)
1511.2649 	EXP 	responsel: foreColor = (0, 0, 0)
1511.2816 	EXP 	responsel: foreColor = (0, 0, 0)
1511.2982 	EXP 	responsel: foreColor = (0, 0, 0)
1511.3149 	EXP 	responsel: foreColor = (0, 0, 0)
1511.3316 	EXP 	responsel: foreColor = (0, 0, 0)
1511.3482 	EXP 	responsel: foreColor = (0, 0, 0)
1511.3649 	EXP 	responsel: foreColor = (0, 0, 0)
1511.3816 	EXP 	responsel: foreColor = (0, 0, 0)
1511.3982 	EXP 	responsel: foreColor = (0, 0, 0)
1511.4149 	EXP 	responsel: foreColor = (0, 0, 0)
1511.4316 	EXP 	responsel: foreColor = (0, 0, 0)
1511.4484 	EXP 	responsel: foreColor = (0, 0, 0)
1511.4650 	EXP 	responsel: foreColor = (0, 0, 0)
1511.4816 	EXP 	responsel: foreColor = (0, 0, 0)
1511.4983 	EXP 	responsel: foreColor = (0, 0, 0)
1511.5150 	EXP 	responsel: foreColor = (0, 0, 0)
1511.5316 	EXP 	responsel: foreColor = (0, 0, 0)
1511.5483 	EXP 	responsel: foreColor = (0, 0, 0)
1511.5650 	EXP 	responsel: foreColor = (0, 0, 0)
1511.5817 	EXP 	responsel: foreColor = (0, 0, 0)
1511.5983 	EXP 	responsel: foreColor = (0, 0, 0)
1511.6150 	EXP 	responsel: foreColor = (0, 0, 0)
1511.6317 	EXP 	responsel: foreColor = (0, 0, 0)
1511.6483 	EXP 	responsel: foreColor = (0, 0, 0)
1511.6650 	EXP 	responsel: foreColor = (0, 0, 0)
1511.6817 	EXP 	responsel: foreColor = (0, 0, 0)
1511.6983 	EXP 	responsel: foreColor = (0, 0, 0)
1511.7150 	EXP 	responsel: foreColor = (0, 0, 0)
1511.7317 	EXP 	responsel: foreColor = (0, 0, 0)
1511.7483 	EXP 	responsel: foreColor = (0, 0, 0)
1511.7650 	EXP 	responsel: foreColor = (0, 0, 0)
1511.7817 	EXP 	responsel: foreColor = (0, 0, 0)
1511.7983 	EXP 	responsel: foreColor = (0, 0, 0)
1511.8150 	EXP 	responsel: foreColor = (0, 0, 0)
1511.8317 	EXP 	responsel: foreColor = (0, 0, 0)
1511.8483 	EXP 	responsel: foreColor = (0, 0, 0)
1511.8650 	EXP 	responsel: foreColor = (0, 0, 0)
1511.8817 	EXP 	responsel: foreColor = (0, 0, 0)
1511.8983 	EXP 	responsel: foreColor = (0, 0, 0)
1511.9150 	EXP 	responsel: foreColor = (0, 0, 0)
1511.9317 	EXP 	responsel: foreColor = (0, 0, 0)
1511.9483 	EXP 	responsel: foreColor = (0, 0, 0)
1511.9650 	EXP 	responsel: foreColor = (0, 0, 0)
1511.9817 	EXP 	responsel: foreColor = (0, 0, 0)
1511.9983 	EXP 	responsel: foreColor = (0, 0, 0)
1512.0150 	EXP 	responsel: foreColor = (0, 0, 0)
1512.0317 	EXP 	responsel: foreColor = (0, 0, 0)
1512.0483 	EXP 	responsel: foreColor = (0, 0, 0)
1512.0650 	EXP 	responsel: foreColor = (0, 0, 0)
1512.0817 	EXP 	responsel: foreColor = (0, 0, 0)
1512.0983 	EXP 	responsel: foreColor = (0, 0, 0)
1512.1150 	EXP 	responsel: foreColor = (0, 0, 0)
1512.1317 	EXP 	responsel: foreColor = (0, 0, 0)
1512.1483 	EXP 	responsel: foreColor = (0, 0, 0)
1512.1650 	EXP 	responsel: foreColor = (0, 0, 0)
1512.1817 	EXP 	responsel: foreColor = (0, 0, 0)
1512.1983 	EXP 	responsel: foreColor = (0, 0, 0)
1512.2150 	EXP 	responsel: foreColor = (0, 0, 0)
1512.2316 	EXP 	responsel: foreColor = (0, 0, 0)
1512.2483 	EXP 	responsel: foreColor = (0, 0, 0)
1512.2650 	EXP 	responsel: foreColor = (0, 0, 0)
1512.2817 	EXP 	responsel: foreColor = (0, 0, 0)
1512.2984 	EXP 	responsel: foreColor = (0, 0, 0)
1512.3150 	EXP 	responsel: foreColor = (0, 0, 0)
1512.3317 	EXP 	responsel: foreColor = (0, 0, 0)
1512.3483 	EXP 	responsel: foreColor = (0, 0, 0)
1512.3650 	EXP 	responsel: foreColor = (0, 0, 0)
1512.3817 	EXP 	responsel: foreColor = (0, 0, 0)
1512.3983 	EXP 	responsel: foreColor = (0, 0, 0)
1512.4150 	EXP 	responsel: foreColor = (0, 0, 0)
1512.4317 	EXP 	responsel: foreColor = (0, 0, 0)
1512.4484 	EXP 	responsel: foreColor = (0, 0, 0)
1512.4650 	EXP 	responsel: foreColor = (0, 0, 0)
1512.4817 	EXP 	responsel: foreColor = (0, 0, 0)
1512.4984 	EXP 	responsel: foreColor = (0, 0, 0)
1512.5150 	EXP 	responsel: foreColor = (0, 0, 0)
1512.5317 	EXP 	responsel: foreColor = (0, 0, 0)
1512.5483 	EXP 	responsel: foreColor = (0, 0, 0)
1512.5650 	EXP 	responsel: foreColor = (0, 0, 0)
1512.5817 	EXP 	responsel: foreColor = (0, 0, 0)
1512.5983 	EXP 	responsel: foreColor = (0, 0, 0)
1512.6150 	EXP 	responsel: foreColor = (0, 0, 0)
1512.6317 	EXP 	responsel: foreColor = (0, 0, 0)
1512.6484 	EXP 	responsel: foreColor = (0, 0, 0)
1512.6650 	EXP 	responsel: foreColor = (0, 0, 0)
1512.6817 	EXP 	responsel: foreColor = (0, 0, 0)
1512.6984 	EXP 	responsel: foreColor = (0, 0, 0)
1512.7150 	EXP 	responsel: foreColor = (0, 0, 0)
1512.7317 	EXP 	responsel: foreColor = (0, 0, 0)
1512.7484 	EXP 	responsel: foreColor = (0, 0, 0)
1512.7650 	EXP 	responsel: foreColor = (0, 0, 0)
1512.7817 	EXP 	responsel: foreColor = (0, 0, 0)
1512.7984 	EXP 	responsel: foreColor = (0, 0, 0)
1512.8150 	EXP 	responsel: foreColor = (0, 0, 0)
1512.8317 	EXP 	responsel: foreColor = (0, 0, 0)
1512.8484 	EXP 	responsel: foreColor = (0, 0, 0)
1512.8650 	EXP 	responsel: foreColor = (0, 0, 0)
1512.8817 	EXP 	responsel: foreColor = (0, 0, 0)
1512.8984 	EXP 	responsel: foreColor = (0, 0, 0)
1512.9150 	EXP 	responsel: foreColor = (0, 0, 0)
1512.9317 	EXP 	responsel: foreColor = (0, 0, 0)
1512.9484 	EXP 	responsel: foreColor = (0, 0, 0)
1512.9650 	EXP 	responsel: foreColor = (0, 0, 0)
1512.9817 	EXP 	responsel: foreColor = (0, 0, 0)
1512.9984 	EXP 	responsel: foreColor = (0, 0, 0)
1513.0150 	EXP 	responsel: foreColor = (0, 0, 0)
1513.0317 	EXP 	responsel: foreColor = (0, 0, 0)
1513.0484 	EXP 	responsel: foreColor = (0, 0, 0)
1513.0484 	EXP 	thermode_locali_pic: autoDraw = False
1513.0650 	EXP 	responsel: foreColor = (0, 0, 0)
1513.0655 	EXP 	New trial (rep=3, index=0): None
1513.0817 	EXP 	responsel: foreColor = (0, 0, 0)
1513.0817 	EXP 	responsel: autoDraw = False
1513.0817 	EXP 	percu_or: autoDraw = False
1513.0817 	EXP 	responser: autoDraw = False
1513.0817 	EXP 	thermode_locali_pic: autoDraw = False
1513.0817 	EXP 	responsel: autoDraw = False
1513.0817 	EXP 	percu_or: autoDraw = False
1513.0817 	EXP 	responser: autoDraw = False
1513.0817 	EXP 	responsel: foreColor = 'white'
1513.0817 	EXP 	responser: foreColor = 'white'
1513.0817 	EXP 	text_pic: autoDraw = True
1513.0817 	EXP 	croix_3: autoDraw = True
1518.0817 	EXP 	text_pic: autoDraw = False
1518.0817 	EXP 	croix_3: autoDraw = False
1518.0817 	EXP 	text_pic: autoDraw = False
1518.0817 	EXP 	croix_3: autoDraw = False
1518.0817 	EXP 	thermode_locali_pic: height = 0.02
1518.0817 	EXP 	thermode_locali_pic: height = 0.02
1518.0817 	EXP 	thermode_locali_pic: height = 0.02
1518.0817 	EXP 	thermode_locali_pic: text = 'T : 3'
1518.0817 	EXP 	responsel: text = 'NON              '
1518.0817 	EXP 	thermode_locali_pic: autoDraw = True
1526.0650 	EXP 	responsel: autoDraw = True
1526.0650 	EXP 	percu_or: autoDraw = True
1526.0650 	EXP 	responser: autoDraw = True
1526.6661 	DATA 	Keypress: n
1526.6984 	EXP 	responser: foreColor = (0, 0, 0)
1526.7150 	EXP 	responser: foreColor = (0, 0, 0)
1526.7317 	EXP 	responser: foreColor = (0, 0, 0)
1526.7484 	EXP 	responser: foreColor = (0, 0, 0)
1526.7651 	EXP 	responser: foreColor = (0, 0, 0)
1526.7817 	EXP 	responser: foreColor = (0, 0, 0)
1526.7984 	EXP 	responser: foreColor = (0, 0, 0)
1526.8151 	EXP 	responser: foreColor = (0, 0, 0)
1526.8317 	EXP 	responser: foreColor = (0, 0, 0)
1526.8485 	EXP 	responser: foreColor = (0, 0, 0)
1526.8652 	EXP 	responser: foreColor = (0, 0, 0)
1526.8818 	EXP 	responser: foreColor = (0, 0, 0)
1526.8985 	EXP 	responser: foreColor = (0, 0, 0)
1526.9152 	EXP 	responser: foreColor = (0, 0, 0)
1526.9318 	EXP 	responser: foreColor = (0, 0, 0)
1526.9485 	EXP 	responser: foreColor = (0, 0, 0)
1526.9652 	EXP 	responser: foreColor = (0, 0, 0)
1526.9818 	EXP 	responser: foreColor = (0, 0, 0)
1526.9985 	EXP 	responser: foreColor = (0, 0, 0)
1527.0152 	EXP 	responser: foreColor = (0, 0, 0)
1527.0318 	EXP 	responser: foreColor = (0, 0, 0)
1527.0485 	EXP 	responser: foreColor = (0, 0, 0)
1527.0651 	EXP 	responser: foreColor = (0, 0, 0)
1527.0817 	EXP 	responser: foreColor = (0, 0, 0)
1527.0984 	EXP 	responser: foreColor = (0, 0, 0)
1527.1150 	EXP 	responser: foreColor = (0, 0, 0)
1527.1317 	EXP 	responser: foreColor = (0, 0, 0)
1527.1484 	EXP 	responser: foreColor = (0, 0, 0)
1527.1651 	EXP 	responser: foreColor = (0, 0, 0)
1527.1817 	EXP 	responser: foreColor = (0, 0, 0)
1527.1984 	EXP 	responser: foreColor = (0, 0, 0)
1527.2150 	EXP 	responser: foreColor = (0, 0, 0)
1527.2317 	EXP 	responser: foreColor = (0, 0, 0)
1527.2484 	EXP 	responser: foreColor = (0, 0, 0)
1527.2651 	EXP 	responser: foreColor = (0, 0, 0)
1527.2817 	EXP 	responser: foreColor = (0, 0, 0)
1527.2984 	EXP 	responser: foreColor = (0, 0, 0)
1527.3150 	EXP 	responser: foreColor = (0, 0, 0)
1527.3317 	EXP 	responser: foreColor = (0, 0, 0)
1527.3484 	EXP 	responser: foreColor = (0, 0, 0)
1527.3651 	EXP 	responser: foreColor = (0, 0, 0)
1527.3817 	EXP 	responser: foreColor = (0, 0, 0)
1527.3984 	EXP 	responser: foreColor = (0, 0, 0)
1527.4151 	EXP 	responser: foreColor = (0, 0, 0)
1527.4317 	EXP 	responser: foreColor = (0, 0, 0)
1527.4484 	EXP 	responser: foreColor = (0, 0, 0)
1527.4651 	EXP 	responser: foreColor = (0, 0, 0)
1527.4817 	EXP 	responser: foreColor = (0, 0, 0)
1527.4984 	EXP 	responser: foreColor = (0, 0, 0)
1527.5150 	EXP 	responser: foreColor = (0, 0, 0)
1527.5317 	EXP 	responser: foreColor = (0, 0, 0)
1527.5484 	EXP 	responser: foreColor = (0, 0, 0)
1527.5651 	EXP 	responser: foreColor = (0, 0, 0)
1527.5817 	EXP 	responser: foreColor = (0, 0, 0)
1527.5984 	EXP 	responser: foreColor = (0, 0, 0)
1527.6151 	EXP 	responser: foreColor = (0, 0, 0)
1527.6317 	EXP 	responser: foreColor = (0, 0, 0)
1527.6484 	EXP 	responser: foreColor = (0, 0, 0)
1527.6651 	EXP 	responser: foreColor = (0, 0, 0)
1527.6817 	EXP 	responser: foreColor = (0, 0, 0)
1527.6984 	EXP 	responser: foreColor = (0, 0, 0)
1527.7151 	EXP 	responser: foreColor = (0, 0, 0)
1527.7317 	EXP 	responser: foreColor = (0, 0, 0)
1527.7484 	EXP 	responser: foreColor = (0, 0, 0)
1527.7651 	EXP 	responser: foreColor = (0, 0, 0)
1527.7817 	EXP 	responser: foreColor = (0, 0, 0)
1527.7984 	EXP 	responser: foreColor = (0, 0, 0)
1527.8151 	EXP 	responser: foreColor = (0, 0, 0)
1527.8317 	EXP 	responser: foreColor = (0, 0, 0)
1527.8484 	EXP 	responser: foreColor = (0, 0, 0)
1527.8650 	EXP 	responser: foreColor = (0, 0, 0)
1527.8817 	EXP 	responser: foreColor = (0, 0, 0)
1527.8984 	EXP 	responser: foreColor = (0, 0, 0)
1527.9151 	EXP 	responser: foreColor = (0, 0, 0)
1527.9317 	EXP 	responser: foreColor = (0, 0, 0)
1527.9484 	EXP 	responser: foreColor = (0, 0, 0)
1527.9651 	EXP 	responser: foreColor = (0, 0, 0)
1527.9817 	EXP 	responser: foreColor = (0, 0, 0)
1527.9984 	EXP 	responser: foreColor = (0, 0, 0)
1528.0151 	EXP 	responser: foreColor = (0, 0, 0)
1528.0317 	EXP 	responser: foreColor = (0, 0, 0)
1528.0484 	EXP 	responser: foreColor = (0, 0, 0)
1528.0651 	EXP 	responser: foreColor = (0, 0, 0)
1528.0817 	EXP 	responser: foreColor = (0, 0, 0)
1528.0984 	EXP 	responser: foreColor = (0, 0, 0)
1528.1151 	EXP 	responser: foreColor = (0, 0, 0)
1528.1317 	EXP 	responser: foreColor = (0, 0, 0)
1528.1484 	EXP 	responser: foreColor = (0, 0, 0)
1528.1651 	EXP 	responser: foreColor = (0, 0, 0)
1528.1817 	EXP 	responser: foreColor = (0, 0, 0)
1528.1984 	EXP 	responser: foreColor = (0, 0, 0)
1528.2151 	EXP 	responser: foreColor = (0, 0, 0)
1528.2317 	EXP 	responser: foreColor = (0, 0, 0)
1528.2484 	EXP 	responser: foreColor = (0, 0, 0)
1528.2651 	EXP 	responser: foreColor = (0, 0, 0)
1528.2817 	EXP 	responser: foreColor = (0, 0, 0)
1528.2984 	EXP 	responser: foreColor = (0, 0, 0)
1528.3151 	EXP 	responser: foreColor = (0, 0, 0)
1528.3317 	EXP 	responser: foreColor = (0, 0, 0)
1528.3484 	EXP 	responser: foreColor = (0, 0, 0)
1528.3651 	EXP 	responser: foreColor = (0, 0, 0)
1528.3817 	EXP 	responser: foreColor = (0, 0, 0)
1528.3984 	EXP 	responser: foreColor = (0, 0, 0)
1528.4151 	EXP 	responser: foreColor = (0, 0, 0)
1528.4317 	EXP 	responser: foreColor = (0, 0, 0)
1528.4484 	EXP 	responser: foreColor = (0, 0, 0)
1528.4651 	EXP 	responser: foreColor = (0, 0, 0)
1528.4817 	EXP 	responser: foreColor = (0, 0, 0)
1528.4984 	EXP 	responser: foreColor = (0, 0, 0)
1528.5151 	EXP 	responser: foreColor = (0, 0, 0)
1528.5317 	EXP 	responser: foreColor = (0, 0, 0)
1528.5484 	EXP 	responser: foreColor = (0, 0, 0)
1528.5651 	EXP 	responser: foreColor = (0, 0, 0)
1528.5817 	EXP 	responser: foreColor = (0, 0, 0)
1528.5984 	EXP 	responser: foreColor = (0, 0, 0)
1528.6151 	EXP 	responser: foreColor = (0, 0, 0)
1528.6317 	EXP 	responser: foreColor = (0, 0, 0)
1528.6484 	EXP 	responser: foreColor = (0, 0, 0)
1528.6651 	EXP 	responser: foreColor = (0, 0, 0)
1528.6817 	EXP 	responser: foreColor = (0, 0, 0)
1528.6984 	EXP 	responser: foreColor = (0, 0, 0)
1528.7151 	EXP 	responser: foreColor = (0, 0, 0)
1528.7317 	EXP 	responser: foreColor = (0, 0, 0)
1528.7484 	EXP 	responser: foreColor = (0, 0, 0)
1528.7651 	EXP 	responser: foreColor = (0, 0, 0)
1528.7817 	EXP 	responser: foreColor = (0, 0, 0)
1528.7984 	EXP 	responser: foreColor = (0, 0, 0)
1528.8151 	EXP 	responser: foreColor = (0, 0, 0)
1528.8318 	EXP 	responser: foreColor = (0, 0, 0)
1528.8484 	EXP 	responser: foreColor = (0, 0, 0)
1528.8651 	EXP 	responser: foreColor = (0, 0, 0)
1528.8818 	EXP 	responser: foreColor = (0, 0, 0)
1528.8984 	EXP 	responser: foreColor = (0, 0, 0)
1528.9151 	EXP 	responser: foreColor = (0, 0, 0)
1528.9318 	EXP 	responser: foreColor = (0, 0, 0)
1528.9484 	EXP 	responser: foreColor = (0, 0, 0)
1528.9651 	EXP 	responser: foreColor = (0, 0, 0)
1528.9818 	EXP 	responser: foreColor = (0, 0, 0)
1528.9984 	EXP 	responser: foreColor = (0, 0, 0)
1529.0151 	EXP 	responser: foreColor = (0, 0, 0)
1529.0318 	EXP 	responser: foreColor = (0, 0, 0)
1529.0318 	EXP 	thermode_locali_pic: autoDraw = False
1529.0484 	EXP 	responser: foreColor = (0, 0, 0)
1529.0489 	EXP 	New trial (rep=2, index=0): None
1529.0652 	EXP 	responser: foreColor = (0, 0, 0)
1529.0652 	EXP 	responsel: autoDraw = False
1529.0652 	EXP 	percu_or: autoDraw = False
1529.0652 	EXP 	responser: autoDraw = False
1529.0652 	EXP 	thermode_locali_pic: autoDraw = False
1529.0652 	EXP 	responsel: autoDraw = False
1529.0652 	EXP 	percu_or: autoDraw = False
1529.0652 	EXP 	responser: autoDraw = False
1529.0652 	EXP 	responsel: foreColor = 'white'
1529.0652 	EXP 	responser: foreColor = 'white'
1529.0652 	EXP 	text_7: autoDraw = True
1530.5987 	EXP 	Created sequence: random, trialTypes=1, nReps=2, seed=None
1530.5988 	EXP 	New trial (rep=0, index=0): None
1530.6004 	DATA 	Keypress: p
1530.6152 	EXP 	text_7: autoDraw = False
1530.6152 	EXP 	text_eva: autoDraw = True
1530.6152 	EXP 	croix_2: autoDraw = True
1535.6153 	EXP 	text_eva: autoDraw = False
1535.6153 	EXP 	croix_2: autoDraw = False
1535.6153 	EXP 	thermode_locali_EVA: autoDraw = True
1547.5990 	EXP 	window1: mouseVisible = True
1547.5998 	EXP 	Created unnamed Rect = Rect(__class__=<class 'psychopy.visual.rect.Rect'>, anchor=('center', 'center'), autoDraw=False, autoLog=True, closeShape=True, color=method-wrapper(...), colorSpace='rgb', contrast=None, depth=0, draggable=False, fillColor=array([1, 1, 1]), fillColorSpace='rgb', fillRGB=array([1, 1, 1]), interpolate=True, lineColor=array([1., 1., 1.]), lineColorSpace='rgb', lineRGB=array([1, 1, 1]), lineWidth=1.5, name='unnamed Rect', opacity=1.0, ori=0.0, pos=array([0., 0.]), size=array([0.01, 0.1 ]), units='norm', vertices=ndarray(...), win=Window(...))
1547.5999 	EXP 	window1: mouseVisible = True
1547.6000 	EXP 	window1: mouseVisible = True
1547.6007 	EXP 	window1: mouseVisible = True
1547.6023 	EXP 	window1: mouseVisible = True
1547.6034 	EXP 	window1: mouseVisible = True
1547.6035 	EXP 	window1: mouseVisible = True
1547.6037 	EXP 	window1: mouseVisible = True
1547.6038 	EXP 	window1: mouseVisible = True
1547.6040 	EXP 	window1: mouseVisible = True
1547.6041 	EXP 	window1: mouseVisible = True
1547.6043 	EXP 	window1: mouseVisible = True
1547.6044 	EXP 	window1: mouseVisible = True
1547.6045 	EXP 	window1: mouseVisible = True
1547.6047 	EXP 	window1: mouseVisible = True
1547.6048 	EXP 	window1: mouseVisible = True
1547.6049 	EXP 	window1: mouseVisible = True
1547.6050 	EXP 	window1: mouseVisible = True
1547.6052 	EXP 	window1: mouseVisible = True
1547.6053 	EXP 	window1: mouseVisible = True
1547.6054 	EXP 	window1: mouseVisible = True
1547.6055 	EXP 	window1: mouseVisible = True
1547.6057 	EXP 	window1: mouseVisible = True
1547.6058 	EXP 	window1: mouseVisible = True
1547.6059 	EXP 	window1: mouseVisible = True
1547.6061 	EXP 	window1: mouseVisible = True
1547.6063 	EXP 	window1: mouseVisible = True
1547.6064 	EXP 	window1: mouseVisible = True
1547.6065 	EXP 	window1: mouseVisible = True
1547.6067 	EXP 	window1: mouseVisible = True
1547.6068 	EXP 	window1: mouseVisible = True
1547.6070 	EXP 	window1: mouseVisible = True
1547.6071 	EXP 	window1: mouseVisible = True
1547.6072 	EXP 	window1: mouseVisible = True
1547.6073 	EXP 	window1: mouseVisible = True
1547.6075 	EXP 	window1: mouseVisible = True
1547.6076 	EXP 	window1: mouseVisible = True
1547.6078 	EXP 	window1: mouseVisible = True
1547.6079 	EXP 	window1: mouseVisible = True
1547.6080 	EXP 	window1: mouseVisible = True
1547.6082 	EXP 	window1: mouseVisible = True
1547.6083 	EXP 	window1: mouseVisible = True
1547.6084 	EXP 	window1: mouseVisible = True
1547.6085 	EXP 	window1: mouseVisible = True
1547.6087 	EXP 	window1: mouseVisible = True
1547.6088 	EXP 	window1: mouseVisible = True
1547.6089 	EXP 	window1: mouseVisible = True
1547.6090 	EXP 	window1: mouseVisible = True
1547.6092 	EXP 	window1: mouseVisible = True
1547.6093 	EXP 	window1: mouseVisible = True
1547.6094 	EXP 	window1: mouseVisible = True
1547.6095 	EXP 	window1: mouseVisible = True
1547.6097 	EXP 	window1: mouseVisible = True
1547.6098 	EXP 	window1: mouseVisible = True
1547.6099 	EXP 	window1: mouseVisible = True
1547.6100 	EXP 	window1: mouseVisible = True
1547.6102 	EXP 	window1: mouseVisible = True
1547.6103 	EXP 	window1: mouseVisible = True
1547.6105 	EXP 	window1: mouseVisible = True
1547.6106 	EXP 	window1: mouseVisible = True
1547.6107 	EXP 	window1: mouseVisible = True
1547.6108 	EXP 	window1: mouseVisible = True
1547.6110 	EXP 	window1: mouseVisible = True
1547.6111 	EXP 	window1: mouseVisible = True
1547.6112 	EXP 	window1: mouseVisible = True
1547.6114 	EXP 	window1: mouseVisible = True
1547.6115 	EXP 	window1: mouseVisible = True
1547.6116 	EXP 	window1: mouseVisible = True
1547.6117 	EXP 	window1: mouseVisible = True
1547.6119 	EXP 	window1: mouseVisible = True
1547.6120 	EXP 	window1: mouseVisible = True
1547.6121 	EXP 	window1: mouseVisible = True
1547.6122 	EXP 	window1: mouseVisible = True
1547.6124 	EXP 	window1: mouseVisible = True
1547.6125 	EXP 	window1: mouseVisible = True
1547.6126 	EXP 	window1: mouseVisible = True
1547.6127 	EXP 	window1: mouseVisible = True
1547.6129 	EXP 	window1: mouseVisible = True
1547.6130 	EXP 	window1: mouseVisible = True
1547.6131 	EXP 	window1: mouseVisible = True
1547.6132 	EXP 	window1: mouseVisible = True
1547.6134 	EXP 	window1: mouseVisible = True
1547.6135 	EXP 	window1: mouseVisible = True
1547.6136 	EXP 	window1: mouseVisible = True
1547.6137 	EXP 	window1: mouseVisible = True
1547.6139 	EXP 	window1: mouseVisible = True
1547.6140 	EXP 	window1: mouseVisible = True
1547.6141 	EXP 	window1: mouseVisible = True
1547.6143 	EXP 	window1: mouseVisible = True
1547.6144 	EXP 	window1: mouseVisible = True
1547.6145 	EXP 	window1: mouseVisible = True
1547.6146 	EXP 	window1: mouseVisible = True
1547.6148 	EXP 	window1: mouseVisible = True
1547.6149 	EXP 	window1: mouseVisible = True
1547.6150 	EXP 	window1: mouseVisible = True
1547.6151 	EXP 	window1: mouseVisible = True
1547.6153 	EXP 	window1: mouseVisible = True
1547.6154 	EXP 	window1: mouseVisible = True
1547.6155 	EXP 	window1: mouseVisible = True
1547.6156 	EXP 	window1: mouseVisible = True
1547.6158 	EXP 	window1: mouseVisible = True
1547.6159 	EXP 	window1: mouseVisible = True
1547.6160 	EXP 	window1: mouseVisible = True
1547.6162 	EXP 	window1: mouseVisible = True
1547.6163 	EXP 	window1: mouseVisible = True
1547.6183 	EXP 	Created ratingScale = RatingScale(__class__=type(...), acceptKeys=['return'], acceptPreText=UNKNOWN, acceptSize=UNKNOWN, acceptText=UNKNOWN, autoLog=True, choices=False, colorSpace='rgb', depth=0, disappear=False, flipVert=False, high=100, kwargs=UNKNOWN, labels=list(...), leftKeys=['left'], lineColor=(255, 255, 255), low=0, marker=Rect(...), markerColor=(255, 255, 255), markerExpansion=UNKNOWN, markerStart=0.5, maxTime=0.0, minTime=0.4, mouseOnly=False, name='ratingScale', noMouse=False, pos=[0.0, 0.0], precision=100, respKeys=[], rightKeys=['right'], scale=None, self=UNKNOWN, showAccept=False, showValue=False, singleClick=False, size=0.6, skipKeys=['tab'], stretch=2.0, textColor='white', textFont='Helvetica Bold', textSize=0.144, tickHeight=0, tickMarks=10.0, win=Window(...))
1547.6184 	EXP 	RatingScale ratingScale: reset()
1547.6205 	EXP 	window1: mouseVisible = False
1547.6321 	EXP 	thermode_locali_EVA: autoDraw = False
1547.6321 	EXP 	ratingScale: flipVert = False
1547.6321 	EXP 	ratingScale: autoLog = True
1547.6335 	EXP 	window1: mouseVisible = False
1547.6500 	EXP 	window1: mouseVisible = False
1547.6667 	EXP 	window1: mouseVisible = False
1547.6835 	EXP 	window1: mouseVisible = False
1547.7001 	EXP 	window1: mouseVisible = False
1547.7167 	EXP 	window1: mouseVisible = False
1547.7335 	EXP 	window1: mouseVisible = False
1547.7500 	EXP 	window1: mouseVisible = False
1547.7667 	EXP 	window1: mouseVisible = False
1547.7834 	EXP 	window1: mouseVisible = False
1547.8001 	EXP 	window1: mouseVisible = False
1547.8167 	EXP 	window1: mouseVisible = False
1547.8335 	EXP 	window1: mouseVisible = False
1547.8501 	EXP 	window1: mouseVisible = False
1547.8667 	EXP 	window1: mouseVisible = False
1547.8834 	EXP 	window1: mouseVisible = False
1547.9000 	EXP 	window1: mouseVisible = False
1547.9167 	EXP 	window1: mouseVisible = False
1547.9334 	EXP 	window1: mouseVisible = False
1547.9500 	EXP 	window1: mouseVisible = False
1547.9667 	EXP 	window1: mouseVisible = False
1547.9834 	EXP 	window1: mouseVisible = False
1548.0000 	EXP 	window1: mouseVisible = False
1548.0167 	EXP 	window1: mouseVisible = False
1548.0334 	EXP 	window1: mouseVisible = False
1548.0502 	EXP 	window1: mouseVisible = False
1548.0667 	EXP 	window1: mouseVisible = False
1548.0834 	EXP 	window1: mouseVisible = False
1548.1001 	EXP 	window1: mouseVisible = False
1548.1167 	EXP 	window1: mouseVisible = False
1548.1336 	EXP 	window1: mouseVisible = False
1548.1523 	EXP 	window1: mouseVisible = False
1548.1669 	EXP 	window1: mouseVisible = False
1548.1834 	EXP 	window1: mouseVisible = False
1548.2001 	EXP 	window1: mouseVisible = False
1548.2164 	DATA 	Keypress: m
1548.2169 	EXP 	window1: mouseVisible = False
1548.2334 	EXP 	window1: mouseVisible = False
1548.2501 	EXP 	window1: mouseVisible = False
1548.2667 	EXP 	window1: mouseVisible = False
1548.2834 	EXP 	window1: mouseVisible = False
1548.3001 	EXP 	window1: mouseVisible = False
1548.3167 	EXP 	window1: mouseVisible = False
1548.3334 	EXP 	window1: mouseVisible = False
1548.3501 	EXP 	window1: mouseVisible = False
1548.3667 	EXP 	window1: mouseVisible = False
1548.3834 	EXP 	window1: mouseVisible = False
1548.4001 	EXP 	window1: mouseVisible = False
1548.4167 	EXP 	window1: mouseVisible = False
1548.4335 	EXP 	window1: mouseVisible = False
1548.4501 	EXP 	window1: mouseVisible = False
1548.4668 	EXP 	window1: mouseVisible = False
1548.4834 	EXP 	window1: mouseVisible = False
1548.5001 	EXP 	window1: mouseVisible = False
1548.5167 	EXP 	window1: mouseVisible = False
1548.5335 	EXP 	window1: mouseVisible = False
1548.5500 	EXP 	window1: mouseVisible = False
1548.5667 	EXP 	window1: mouseVisible = False
1548.5835 	EXP 	window1: mouseVisible = False
1548.6001 	EXP 	window1: mouseVisible = False
1548.6167 	EXP 	window1: mouseVisible = False
1548.6334 	EXP 	window1: mouseVisible = False
1548.6501 	EXP 	window1: mouseVisible = False
1548.6667 	EXP 	window1: mouseVisible = False
1548.6835 	EXP 	window1: mouseVisible = False
1548.7001 	EXP 	window1: mouseVisible = False
1548.7169 	EXP 	window1: mouseVisible = False
1548.7335 	EXP 	window1: mouseVisible = False
1548.7502 	EXP 	window1: mouseVisible = False
1548.7668 	EXP 	window1: mouseVisible = False
1548.7835 	EXP 	window1: mouseVisible = False
1548.8001 	EXP 	window1: mouseVisible = False
1548.8167 	EXP 	window1: mouseVisible = False
1548.8335 	EXP 	window1: mouseVisible = False
1548.8502 	EXP 	window1: mouseVisible = False
1548.8668 	EXP 	window1: mouseVisible = False
1548.8835 	EXP 	window1: mouseVisible = False
1548.9001 	EXP 	window1: mouseVisible = False
1548.9167 	EXP 	window1: mouseVisible = False
1548.9335 	EXP 	window1: mouseVisible = False
1548.9501 	EXP 	window1: mouseVisible = False
1548.9668 	EXP 	window1: mouseVisible = False
1548.9834 	EXP 	window1: mouseVisible = False
1549.0002 	EXP 	window1: mouseVisible = False
1549.0168 	EXP 	window1: mouseVisible = False
1549.0334 	EXP 	window1: mouseVisible = False
1549.0502 	EXP 	window1: mouseVisible = False
1549.0667 	EXP 	window1: mouseVisible = False
1549.0836 	EXP 	window1: mouseVisible = False
1549.1001 	EXP 	window1: mouseVisible = False
1549.1168 	EXP 	window1: mouseVisible = False
1549.1335 	EXP 	window1: mouseVisible = False
1549.1502 	EXP 	window1: mouseVisible = False
1549.1668 	EXP 	window1: mouseVisible = False
1549.1836 	EXP 	window1: mouseVisible = False
1549.2002 	EXP 	window1: mouseVisible = False
1549.2168 	EXP 	window1: mouseVisible = False
1549.2336 	EXP 	window1: mouseVisible = False
1549.2502 	EXP 	window1: mouseVisible = False
1549.2669 	EXP 	window1: mouseVisible = False
1549.2835 	EXP 	window1: mouseVisible = False
1549.3002 	EXP 	window1: mouseVisible = False
1549.3167 	EXP 	window1: mouseVisible = False
1549.3339 	EXP 	window1: mouseVisible = False
1549.3501 	EXP 	window1: mouseVisible = False
1549.3667 	EXP 	window1: mouseVisible = False
1549.3834 	EXP 	window1: mouseVisible = False
1549.4001 	EXP 	window1: mouseVisible = False
1549.4168 	EXP 	window1: mouseVisible = False
1549.4334 	EXP 	window1: mouseVisible = False
1549.4501 	EXP 	window1: mouseVisible = False
1549.4667 	EXP 	window1: mouseVisible = False
1549.4834 	EXP 	window1: mouseVisible = False
1549.5001 	EXP 	window1: mouseVisible = False
1549.5168 	EXP 	window1: mouseVisible = False
1549.5334 	EXP 	window1: mouseVisible = False
1549.5501 	EXP 	window1: mouseVisible = False
1549.5667 	EXP 	window1: mouseVisible = False
1549.5834 	EXP 	window1: mouseVisible = False
1549.6001 	EXP 	window1: mouseVisible = False
1549.6167 	EXP 	window1: mouseVisible = False
1549.6335 	EXP 	window1: mouseVisible = False
1549.6501 	EXP 	window1: mouseVisible = False
1549.6668 	EXP 	window1: mouseVisible = False
1549.6836 	EXP 	window1: mouseVisible = False
1549.7002 	EXP 	window1: mouseVisible = False
1549.7167 	EXP 	window1: mouseVisible = False
1549.7335 	EXP 	window1: mouseVisible = False
1549.7501 	EXP 	window1: mouseVisible = False
1549.7668 	EXP 	window1: mouseVisible = False
1549.7834 	EXP 	window1: mouseVisible = False
1549.8001 	EXP 	window1: mouseVisible = False
1549.8168 	EXP 	window1: mouseVisible = False
1549.8334 	EXP 	window1: mouseVisible = False
1549.8501 	EXP 	window1: mouseVisible = False
1549.8675 	DATA 	Keypress: space
1549.9685 	EXP 	New trial (rep=1, index=0): None
1549.9821 	EXP 	main_text: autoDraw = True
1549.9821 	EXP 	confirm_text: autoDraw = True
1549.9821 	EXP 	ratingScale: autoDraw = False
1549.9821 	EXP 	main_text: autoDraw = False
1549.9821 	EXP 	confirm_text: autoDraw = False
1549.9821 	EXP 	text_eva: autoDraw = True
1549.9821 	EXP 	croix_2: autoDraw = True
1554.9822 	EXP 	text_eva: autoDraw = False
1554.9822 	EXP 	croix_2: autoDraw = False
1554.9822 	EXP 	text_eva: autoDraw = False
1554.9822 	EXP 	croix_2: autoDraw = False
1554.9822 	EXP 	thermode_locali_EVA: autoDraw = True
1566.9658 	EXP 	window1: mouseVisible = True
1566.9667 	EXP 	Created unnamed Rect = Rect(__class__=<class 'psychopy.visual.rect.Rect'>, anchor=('center', 'center'), autoDraw=False, autoLog=True, closeShape=True, color=method-wrapper(...), colorSpace='rgb', contrast=None, depth=0, draggable=False, fillColor=array([1, 1, 1]), fillColorSpace='rgb', fillRGB=array([1, 1, 1]), interpolate=True, lineColor=array([1., 1., 1.]), lineColorSpace='rgb', lineRGB=array([1, 1, 1]), lineWidth=1.5, name='unnamed Rect', opacity=1.0, ori=0.0, pos=array([0., 0.]), size=array([0.01, 0.1 ]), units='norm', vertices=ndarray(...), win=Window(...))
1566.9668 	EXP 	window1: mouseVisible = True
1566.9669 	EXP 	window1: mouseVisible = True
1566.9674 	EXP 	window1: mouseVisible = True
1566.9685 	EXP 	window1: mouseVisible = True
1566.9695 	EXP 	window1: mouseVisible = True
1566.9697 	EXP 	window1: mouseVisible = True
1566.9699 	EXP 	window1: mouseVisible = True
1566.9700 	EXP 	window1: mouseVisible = True
1566.9702 	EXP 	window1: mouseVisible = True
1566.9703 	EXP 	window1: mouseVisible = True
1566.9704 	EXP 	window1: mouseVisible = True
1566.9705 	EXP 	window1: mouseVisible = True
1566.9707 	EXP 	window1: mouseVisible = True
1566.9708 	EXP 	window1: mouseVisible = True
1566.9709 	EXP 	window1: mouseVisible = True
1566.9711 	EXP 	window1: mouseVisible = True
1566.9715 	EXP 	window1: mouseVisible = True
1566.9717 	EXP 	window1: mouseVisible = True
1566.9719 	EXP 	window1: mouseVisible = True
1566.9720 	EXP 	window1: mouseVisible = True
1566.9721 	EXP 	window1: mouseVisible = True
1566.9723 	EXP 	window1: mouseVisible = True
1566.9726 	EXP 	window1: mouseVisible = True
1566.9729 	EXP 	window1: mouseVisible = True
1566.9731 	EXP 	window1: mouseVisible = True
1566.9733 	EXP 	window1: mouseVisible = True
1566.9735 	EXP 	window1: mouseVisible = True
1566.9736 	EXP 	window1: mouseVisible = True
1566.9737 	EXP 	window1: mouseVisible = True
1566.9739 	EXP 	window1: mouseVisible = True
1566.9740 	EXP 	window1: mouseVisible = True
1566.9741 	EXP 	window1: mouseVisible = True
1566.9742 	EXP 	window1: mouseVisible = True
1566.9744 	EXP 	window1: mouseVisible = True
1566.9745 	EXP 	window1: mouseVisible = True
1566.9746 	EXP 	window1: mouseVisible = True
1566.9747 	EXP 	window1: mouseVisible = True
1566.9749 	EXP 	window1: mouseVisible = True
1566.9750 	EXP 	window1: mouseVisible = True
1566.9751 	EXP 	window1: mouseVisible = True
1566.9752 	EXP 	window1: mouseVisible = True
1566.9754 	EXP 	window1: mouseVisible = True
1566.9755 	EXP 	window1: mouseVisible = True
1566.9756 	EXP 	window1: mouseVisible = True
1566.9757 	EXP 	window1: mouseVisible = True
1566.9759 	EXP 	window1: mouseVisible = True
1566.9760 	EXP 	window1: mouseVisible = True
1566.9761 	EXP 	window1: mouseVisible = True
1566.9763 	EXP 	window1: mouseVisible = True
1566.9764 	EXP 	window1: mouseVisible = True
1566.9766 	EXP 	window1: mouseVisible = True
1566.9767 	EXP 	window1: mouseVisible = True
1566.9768 	EXP 	window1: mouseVisible = True
1566.9770 	EXP 	window1: mouseVisible = True
1566.9771 	EXP 	window1: mouseVisible = True
1566.9772 	EXP 	window1: mouseVisible = True
1566.9773 	EXP 	window1: mouseVisible = True
1566.9775 	EXP 	window1: mouseVisible = True
1566.9776 	EXP 	window1: mouseVisible = True
1566.9777 	EXP 	window1: mouseVisible = True
1566.9779 	EXP 	window1: mouseVisible = True
1566.9780 	EXP 	window1: mouseVisible = True
1566.9781 	EXP 	window1: mouseVisible = True
1566.9782 	EXP 	window1: mouseVisible = True
1566.9784 	EXP 	window1: mouseVisible = True
1566.9785 	EXP 	window1: mouseVisible = True
1566.9786 	EXP 	window1: mouseVisible = True
1566.9787 	EXP 	window1: mouseVisible = True
1566.9789 	EXP 	window1: mouseVisible = True
1566.9790 	EXP 	window1: mouseVisible = True
1566.9791 	EXP 	window1: mouseVisible = True
1566.9792 	EXP 	window1: mouseVisible = True
1566.9794 	EXP 	window1: mouseVisible = True
1566.9795 	EXP 	window1: mouseVisible = True
1566.9796 	EXP 	window1: mouseVisible = True
1566.9797 	EXP 	window1: mouseVisible = True
1566.9799 	EXP 	window1: mouseVisible = True
1566.9800 	EXP 	window1: mouseVisible = True
1566.9801 	EXP 	window1: mouseVisible = True
1566.9803 	EXP 	window1: mouseVisible = True
1566.9804 	EXP 	window1: mouseVisible = True
1566.9805 	EXP 	window1: mouseVisible = True
1566.9807 	EXP 	window1: mouseVisible = True
1566.9808 	EXP 	window1: mouseVisible = True
1566.9809 	EXP 	window1: mouseVisible = True
1566.9811 	EXP 	window1: mouseVisible = True
1566.9812 	EXP 	window1: mouseVisible = True
1566.9813 	EXP 	window1: mouseVisible = True
1566.9814 	EXP 	window1: mouseVisible = True
1566.9816 	EXP 	window1: mouseVisible = True
1566.9817 	EXP 	window1: mouseVisible = True
1566.9819 	EXP 	window1: mouseVisible = True
1566.9820 	EXP 	window1: mouseVisible = True
1566.9821 	EXP 	window1: mouseVisible = True
1566.9822 	EXP 	window1: mouseVisible = True
1566.9824 	EXP 	window1: mouseVisible = True
1566.9825 	EXP 	window1: mouseVisible = True
1566.9826 	EXP 	window1: mouseVisible = True
1566.9827 	EXP 	window1: mouseVisible = True
1566.9829 	EXP 	window1: mouseVisible = True
1566.9830 	EXP 	window1: mouseVisible = True
1566.9831 	EXP 	window1: mouseVisible = True
1566.9832 	EXP 	window1: mouseVisible = True
1566.9834 	EXP 	window1: mouseVisible = True
1566.9854 	EXP 	Created ratingScale = RatingScale(__class__=type(...), acceptKeys=['return'], acceptPreText=UNKNOWN, acceptSize=UNKNOWN, acceptText=UNKNOWN, autoLog=True, choices=False, colorSpace='rgb', depth=0, disappear=False, flipVert=False, high=100, kwargs=UNKNOWN, labels=list(...), leftKeys=['left'], lineColor=(255, 255, 255), low=0, marker=Rect(...), markerColor=(255, 255, 255), markerExpansion=UNKNOWN, markerStart=0.5, maxTime=0.0, minTime=0.4, mouseOnly=False, name='ratingScale', noMouse=False, pos=[0.0, 0.0], precision=100, respKeys=[], rightKeys=['right'], scale=None, self=UNKNOWN, showAccept=False, showValue=False, singleClick=False, size=0.6, skipKeys=['tab'], stretch=2.0, textColor='white', textFont='Helvetica Bold', textSize=0.144, tickHeight=0, tickMarks=10.0, win=Window(...))
1566.9855 	EXP 	RatingScale ratingScale: reset()
1566.9875 	EXP 	window1: mouseVisible = False
1566.9988 	EXP 	thermode_locali_EVA: autoDraw = False
1566.9988 	EXP 	thermode_locali_EVA: autoDraw = False
1566.9988 	EXP 	ratingScale: flipVert = False
1566.9988 	EXP 	ratingScale: autoLog = True
1567.0003 	EXP 	window1: mouseVisible = False
1567.0169 	EXP 	window1: mouseVisible = False
1567.0336 	EXP 	window1: mouseVisible = False
1567.0502 	EXP 	window1: mouseVisible = False
1567.0669 	EXP 	window1: mouseVisible = False
1567.0836 	EXP 	window1: mouseVisible = False
1567.1003 	EXP 	window1: mouseVisible = False
1567.1170 	EXP 	window1: mouseVisible = False
1567.1336 	EXP 	window1: mouseVisible = False
1567.1502 	EXP 	window1: mouseVisible = False
1567.1669 	EXP 	window1: mouseVisible = False
1567.1836 	EXP 	window1: mouseVisible = False
1567.2002 	EXP 	window1: mouseVisible = False
1567.2169 	EXP 	window1: mouseVisible = False
1567.2336 	EXP 	window1: mouseVisible = False
1567.2503 	EXP 	window1: mouseVisible = False
1567.2669 	EXP 	window1: mouseVisible = False
1567.2836 	EXP 	window1: mouseVisible = False
1567.3003 	EXP 	window1: mouseVisible = False
1567.3169 	EXP 	window1: mouseVisible = False
1567.3337 	EXP 	window1: mouseVisible = False
1567.3502 	EXP 	window1: mouseVisible = False
1567.3669 	EXP 	window1: mouseVisible = False
1567.3836 	EXP 	window1: mouseVisible = False
1567.4002 	EXP 	window1: mouseVisible = False
1567.4169 	EXP 	window1: mouseVisible = False
1567.4336 	EXP 	window1: mouseVisible = False
1567.4503 	EXP 	window1: mouseVisible = False
1567.4669 	EXP 	window1: mouseVisible = False
1567.4836 	EXP 	window1: mouseVisible = False
1567.5002 	EXP 	window1: mouseVisible = False
1567.5171 	EXP 	window1: mouseVisible = False
1567.5337 	EXP 	window1: mouseVisible = False
1567.5503 	EXP 	window1: mouseVisible = False
1567.5671 	EXP 	window1: mouseVisible = False
1567.5837 	EXP 	window1: mouseVisible = False
1567.6003 	EXP 	window1: mouseVisible = False
1567.6170 	EXP 	window1: mouseVisible = False
1567.6336 	EXP 	window1: mouseVisible = False
1567.6503 	EXP 	window1: mouseVisible = False
1567.6670 	EXP 	window1: mouseVisible = False
1567.6836 	EXP 	window1: mouseVisible = False
1567.7002 	EXP 	window1: mouseVisible = False
1567.7170 	EXP 	window1: mouseVisible = False
1567.7332 	DATA 	Keypress: m
1567.7338 	EXP 	window1: mouseVisible = False
1567.7503 	EXP 	window1: mouseVisible = False
1567.7670 	EXP 	window1: mouseVisible = False
1567.7836 	EXP 	window1: mouseVisible = False
1567.8003 	EXP 	window1: mouseVisible = False
1567.8169 	EXP 	window1: mouseVisible = False
1567.8336 	EXP 	window1: mouseVisible = False
1567.8503 	EXP 	window1: mouseVisible = False
1567.8670 	EXP 	window1: mouseVisible = False
1567.8836 	EXP 	window1: mouseVisible = False
1567.9003 	EXP 	window1: mouseVisible = False
1567.9170 	EXP 	window1: mouseVisible = False
1567.9336 	EXP 	window1: mouseVisible = False
1567.9504 	EXP 	window1: mouseVisible = False
1567.9670 	EXP 	window1: mouseVisible = False
1567.9836 	EXP 	window1: mouseVisible = False
1568.0003 	EXP 	window1: mouseVisible = False
1568.0169 	EXP 	window1: mouseVisible = False
1568.0338 	EXP 	window1: mouseVisible = False
1568.0504 	EXP 	window1: mouseVisible = False
1568.0670 	EXP 	window1: mouseVisible = False
1568.0837 	EXP 	window1: mouseVisible = False
1568.1003 	EXP 	window1: mouseVisible = False
1568.1170 	EXP 	window1: mouseVisible = False
1568.1336 	EXP 	window1: mouseVisible = False
1568.1503 	EXP 	window1: mouseVisible = False
1568.1669 	EXP 	window1: mouseVisible = False
1568.1837 	EXP 	window1: mouseVisible = False
1568.2003 	EXP 	window1: mouseVisible = False
1568.2170 	EXP 	window1: mouseVisible = False
1568.2337 	EXP 	window1: mouseVisible = False
1568.2503 	EXP 	window1: mouseVisible = False
1568.2670 	EXP 	window1: mouseVisible = False
1568.2837 	EXP 	window1: mouseVisible = False
1568.3003 	EXP 	window1: mouseVisible = False
1568.3170 	EXP 	window1: mouseVisible = False
1568.3337 	EXP 	window1: mouseVisible = False
1568.3505 	DATA 	Keypress: space
1568.4656 	EXP 	main_text: autoDraw = True
1568.4656 	EXP 	confirm_text: autoDraw = True
1568.4656 	EXP 	ratingScale: autoDraw = False
1568.4656 	EXP 	main_text: autoDraw = False
1568.4656 	EXP 	confirm_text: autoDraw = False
1568.4656 	EXP 	text_8: autoDraw = True
1569.4658 	EXP 	Created sequence: random, trialTypes=1, nReps=4, seed=None
1569.4659 	EXP 	New trial (rep=0, index=0): None
1569.4675 	DATA 	Keypress: p
1569.4823 	EXP 	text_8: autoDraw = False
1569.4823 	EXP 	text_pic: autoDraw = True
1569.4823 	EXP 	croix_3: autoDraw = True
1574.4824 	EXP 	text_pic: autoDraw = False
1574.4824 	EXP 	croix_3: autoDraw = False
1574.4824 	EXP 	thermode_locali_pic: height = 0.02
1574.4824 	EXP 	thermode_locali_pic: height = 0.02
1574.4824 	EXP 	thermode_locali_pic: height = 0.02
1574.4824 	EXP 	thermode_locali_pic: text = 'T : 2'
1574.4824 	EXP 	responsel: text = 'NON              '
1574.4824 	EXP 	thermode_locali_pic: autoDraw = True
1582.4658 	EXP 	responsel: autoDraw = True
1582.4658 	EXP 	percu_or: autoDraw = True
1582.4658 	EXP 	responser: autoDraw = True
1583.0002 	DATA 	Keypress: m
1583.0324 	EXP 	responsel: foreColor = (0, 0, 0)
1583.0491 	EXP 	responsel: foreColor = (0, 0, 0)
1583.0658 	EXP 	responsel: foreColor = (0, 0, 0)
1583.0825 	EXP 	responsel: foreColor = (0, 0, 0)
1583.0991 	EXP 	responsel: foreColor = (0, 0, 0)
1583.1158 	EXP 	responsel: foreColor = (0, 0, 0)
1583.1325 	EXP 	responsel: foreColor = (0, 0, 0)
1583.1491 	EXP 	responsel: foreColor = (0, 0, 0)
1583.1658 	EXP 	responsel: foreColor = (0, 0, 0)
1583.1825 	EXP 	responsel: foreColor = (0, 0, 0)
1583.1992 	EXP 	responsel: foreColor = (0, 0, 0)
1583.2158 	EXP 	responsel: foreColor = (0, 0, 0)
1583.2325 	EXP 	responsel: foreColor = (0, 0, 0)
1583.2492 	EXP 	responsel: foreColor = (0, 0, 0)
1583.2658 	EXP 	responsel: foreColor = (0, 0, 0)
1583.2825 	EXP 	responsel: foreColor = (0, 0, 0)
1583.2992 	EXP 	responsel: foreColor = (0, 0, 0)
1583.3158 	EXP 	responsel: foreColor = (0, 0, 0)
1583.3325 	EXP 	responsel: foreColor = (0, 0, 0)
1583.3491 	EXP 	responsel: foreColor = (0, 0, 0)
1583.3658 	EXP 	responsel: foreColor = (0, 0, 0)
1583.3825 	EXP 	responsel: foreColor = (0, 0, 0)
1583.3991 	EXP 	responsel: foreColor = (0, 0, 0)
1583.4158 	EXP 	responsel: foreColor = (0, 0, 0)
1583.4325 	EXP 	responsel: foreColor = (0, 0, 0)
1583.4492 	EXP 	responsel: foreColor = (0, 0, 0)
1583.4658 	EXP 	responsel: foreColor = (0, 0, 0)
1583.4825 	EXP 	responsel: foreColor = (0, 0, 0)
1583.4992 	EXP 	responsel: foreColor = (0, 0, 0)
1583.5158 	EXP 	responsel: foreColor = (0, 0, 0)
1583.5325 	EXP 	responsel: foreColor = (0, 0, 0)
1583.5492 	EXP 	responsel: foreColor = (0, 0, 0)
1583.5658 	EXP 	responsel: foreColor = (0, 0, 0)
1583.5825 	EXP 	responsel: foreColor = (0, 0, 0)
1583.5992 	EXP 	responsel: foreColor = (0, 0, 0)
1583.6158 	EXP 	responsel: foreColor = (0, 0, 0)
1583.6325 	EXP 	responsel: foreColor = (0, 0, 0)
1583.6491 	EXP 	responsel: foreColor = (0, 0, 0)
1583.6658 	EXP 	responsel: foreColor = (0, 0, 0)
1583.6824 	EXP 	responsel: foreColor = (0, 0, 0)
1583.6992 	EXP 	responsel: foreColor = (0, 0, 0)
1583.7158 	EXP 	responsel: foreColor = (0, 0, 0)
1583.7325 	EXP 	responsel: foreColor = (0, 0, 0)
1583.7491 	EXP 	responsel: foreColor = (0, 0, 0)
1583.7658 	EXP 	responsel: foreColor = (0, 0, 0)
1583.7825 	EXP 	responsel: foreColor = (0, 0, 0)
1583.7991 	EXP 	responsel: foreColor = (0, 0, 0)
1583.8158 	EXP 	responsel: foreColor = (0, 0, 0)
1583.8325 	EXP 	responsel: foreColor = (0, 0, 0)
1583.8492 	EXP 	responsel: foreColor = (0, 0, 0)
1583.8658 	EXP 	responsel: foreColor = (0, 0, 0)
1583.8825 	EXP 	responsel: foreColor = (0, 0, 0)
1583.8992 	EXP 	responsel: foreColor = (0, 0, 0)
1583.9158 	EXP 	responsel: foreColor = (0, 0, 0)
1583.9325 	EXP 	responsel: foreColor = (0, 0, 0)
1583.9492 	EXP 	responsel: foreColor = (0, 0, 0)
1583.9658 	EXP 	responsel: foreColor = (0, 0, 0)
1583.9825 	EXP 	responsel: foreColor = (0, 0, 0)
1583.9991 	EXP 	responsel: foreColor = (0, 0, 0)
1584.0158 	EXP 	responsel: foreColor = (0, 0, 0)
1584.0325 	EXP 	responsel: foreColor = (0, 0, 0)
1584.0492 	EXP 	responsel: foreColor = (0, 0, 0)
1584.0658 	EXP 	responsel: foreColor = (0, 0, 0)
1584.0825 	EXP 	responsel: foreColor = (0, 0, 0)
1584.0992 	EXP 	responsel: foreColor = (0, 0, 0)
1584.1158 	EXP 	responsel: foreColor = (0, 0, 0)
1584.1325 	EXP 	responsel: foreColor = (0, 0, 0)
1584.1492 	EXP 	responsel: foreColor = (0, 0, 0)
1584.1658 	EXP 	responsel: foreColor = (0, 0, 0)
1584.1825 	EXP 	responsel: foreColor = (0, 0, 0)
1584.1991 	EXP 	responsel: foreColor = (0, 0, 0)
1584.2158 	EXP 	responsel: foreColor = (0, 0, 0)
1584.2325 	EXP 	responsel: foreColor = (0, 0, 0)
1584.2492 	EXP 	responsel: foreColor = (0, 0, 0)
1584.2658 	EXP 	responsel: foreColor = (0, 0, 0)
1584.2825 	EXP 	responsel: foreColor = (0, 0, 0)
1584.2992 	EXP 	responsel: foreColor = (0, 0, 0)
1584.3158 	EXP 	responsel: foreColor = (0, 0, 0)
1584.3326 	EXP 	responsel: foreColor = (0, 0, 0)
1584.3491 	EXP 	responsel: foreColor = (0, 0, 0)
1584.3658 	EXP 	responsel: foreColor = (0, 0, 0)
1584.3825 	EXP 	responsel: foreColor = (0, 0, 0)
1584.3992 	EXP 	responsel: foreColor = (0, 0, 0)
1584.4158 	EXP 	responsel: foreColor = (0, 0, 0)
1584.4325 	EXP 	responsel: foreColor = (0, 0, 0)
1584.4492 	EXP 	responsel: foreColor = (0, 0, 0)
1584.4658 	EXP 	responsel: foreColor = (0, 0, 0)
1584.4825 	EXP 	responsel: foreColor = (0, 0, 0)
1584.4991 	EXP 	responsel: foreColor = (0, 0, 0)
1584.5158 	EXP 	responsel: foreColor = (0, 0, 0)
1584.5325 	EXP 	responsel: foreColor = (0, 0, 0)
1584.5492 	EXP 	responsel: foreColor = (0, 0, 0)
1584.5658 	EXP 	responsel: foreColor = (0, 0, 0)
1584.5825 	EXP 	responsel: foreColor = (0, 0, 0)
1584.5992 	EXP 	responsel: foreColor = (0, 0, 0)
1584.6158 	EXP 	responsel: foreColor = (0, 0, 0)
1584.6325 	EXP 	responsel: foreColor = (0, 0, 0)
1584.6492 	EXP 	responsel: foreColor = (0, 0, 0)
1584.6658 	EXP 	responsel: foreColor = (0, 0, 0)
1584.6825 	EXP 	responsel: foreColor = (0, 0, 0)
1584.6991 	EXP 	responsel: foreColor = (0, 0, 0)
1584.7158 	EXP 	responsel: foreColor = (0, 0, 0)
1584.7325 	EXP 	responsel: foreColor = (0, 0, 0)
1584.7492 	EXP 	responsel: foreColor = (0, 0, 0)
1584.7658 	EXP 	responsel: foreColor = (0, 0, 0)
1584.7825 	EXP 	responsel: foreColor = (0, 0, 0)
1584.7992 	EXP 	responsel: foreColor = (0, 0, 0)
1584.8158 	EXP 	responsel: foreColor = (0, 0, 0)
1584.8325 	EXP 	responsel: foreColor = (0, 0, 0)
1584.8492 	EXP 	responsel: foreColor = (0, 0, 0)
1584.8658 	EXP 	responsel: foreColor = (0, 0, 0)
1584.8825 	EXP 	responsel: foreColor = (0, 0, 0)
1584.8992 	EXP 	responsel: foreColor = (0, 0, 0)
1584.9158 	EXP 	responsel: foreColor = (0, 0, 0)
1584.9325 	EXP 	responsel: foreColor = (0, 0, 0)
1584.9492 	EXP 	responsel: foreColor = (0, 0, 0)
1584.9658 	EXP 	responsel: foreColor = (0, 0, 0)
1584.9825 	EXP 	responsel: foreColor = (0, 0, 0)
1584.9992 	EXP 	responsel: foreColor = (0, 0, 0)
1585.0158 	EXP 	responsel: foreColor = (0, 0, 0)
1585.0325 	EXP 	responsel: foreColor = (0, 0, 0)
1585.0492 	EXP 	responsel: foreColor = (0, 0, 0)
1585.0658 	EXP 	responsel: foreColor = (0, 0, 0)
1585.0825 	EXP 	responsel: foreColor = (0, 0, 0)
1585.0992 	EXP 	responsel: foreColor = (0, 0, 0)
1585.1158 	EXP 	responsel: foreColor = (0, 0, 0)
1585.1325 	EXP 	responsel: foreColor = (0, 0, 0)
1585.1492 	EXP 	responsel: foreColor = (0, 0, 0)
1585.1658 	EXP 	responsel: foreColor = (0, 0, 0)
1585.1825 	EXP 	responsel: foreColor = (0, 0, 0)
1585.1992 	EXP 	responsel: foreColor = (0, 0, 0)
1585.2158 	EXP 	responsel: foreColor = (0, 0, 0)
1585.2325 	EXP 	responsel: foreColor = (0, 0, 0)
1585.2492 	EXP 	responsel: foreColor = (0, 0, 0)
1585.2658 	EXP 	responsel: foreColor = (0, 0, 0)
1585.2825 	EXP 	responsel: foreColor = (0, 0, 0)
1585.2992 	EXP 	responsel: foreColor = (0, 0, 0)
1585.3158 	EXP 	responsel: foreColor = (0, 0, 0)
1585.3325 	EXP 	responsel: foreColor = (0, 0, 0)
1585.3492 	EXP 	responsel: foreColor = (0, 0, 0)
1585.3658 	EXP 	responsel: foreColor = (0, 0, 0)
1585.3825 	EXP 	responsel: foreColor = (0, 0, 0)
1585.3992 	EXP 	responsel: foreColor = (0, 0, 0)
1585.4158 	EXP 	responsel: foreColor = (0, 0, 0)
1585.4325 	EXP 	responsel: foreColor = (0, 0, 0)
1585.4325 	EXP 	thermode_locali_pic: autoDraw = False
1585.4492 	EXP 	responsel: foreColor = (0, 0, 0)
1585.4498 	EXP 	New trial (rep=1, index=0): None
1585.4658 	EXP 	responsel: foreColor = (0, 0, 0)
1585.4658 	EXP 	responsel: autoDraw = False
1585.4658 	EXP 	percu_or: autoDraw = False
1585.4658 	EXP 	responser: autoDraw = False
1585.4658 	EXP 	thermode_locali_pic: autoDraw = False
1585.4658 	EXP 	responsel: autoDraw = False
1585.4658 	EXP 	percu_or: autoDraw = False
1585.4658 	EXP 	responser: autoDraw = False
1585.4658 	EXP 	responsel: foreColor = 'white'
1585.4658 	EXP 	responser: foreColor = 'white'
1585.4658 	EXP 	text_pic: autoDraw = True
1585.4658 	EXP 	croix_3: autoDraw = True
1590.4658 	EXP 	text_pic: autoDraw = False
1590.4658 	EXP 	croix_3: autoDraw = False
1590.4658 	EXP 	text_pic: autoDraw = False
1590.4658 	EXP 	croix_3: autoDraw = False
1590.4658 	EXP 	thermode_locali_pic: height = 0.02
1590.4658 	EXP 	thermode_locali_pic: height = 0.02
1590.4658 	EXP 	thermode_locali_pic: height = 0.02
1590.4658 	EXP 	thermode_locali_pic: text = 'T : 3'
1590.4658 	EXP 	responsel: text = 'NON              '
1590.4658 	EXP 	thermode_locali_pic: autoDraw = True
1598.4492 	EXP 	responsel: autoDraw = True
1598.4492 	EXP 	percu_or: autoDraw = True
1598.4492 	EXP 	responser: autoDraw = True
1599.9837 	DATA 	Keypress: n
1600.0159 	EXP 	responser: foreColor = (0, 0, 0)
1600.0326 	EXP 	responser: foreColor = (0, 0, 0)
1600.0492 	EXP 	responser: foreColor = (0, 0, 0)
1600.0659 	EXP 	responser: foreColor = (0, 0, 0)
1600.0826 	EXP 	responser: foreColor = (0, 0, 0)
1600.0992 	EXP 	responser: foreColor = (0, 0, 0)
1600.1159 	EXP 	responser: foreColor = (0, 0, 0)
1600.1325 	EXP 	responser: foreColor = (0, 0, 0)
1600.1492 	EXP 	responser: foreColor = (0, 0, 0)
1600.1659 	EXP 	responser: foreColor = (0, 0, 0)
1600.1826 	EXP 	responser: foreColor = (0, 0, 0)
1600.1992 	EXP 	responser: foreColor = (0, 0, 0)
1600.2159 	EXP 	responser: foreColor = (0, 0, 0)
1600.2325 	EXP 	responser: foreColor = (0, 0, 0)
1600.2492 	EXP 	responser: foreColor = (0, 0, 0)
1600.2659 	EXP 	responser: foreColor = (0, 0, 0)
1600.2826 	EXP 	responser: foreColor = (0, 0, 0)
1600.2992 	EXP 	responser: foreColor = (0, 0, 0)
1600.3159 	EXP 	responser: foreColor = (0, 0, 0)
1600.3325 	EXP 	responser: foreColor = (0, 0, 0)
1600.3492 	EXP 	responser: foreColor = (0, 0, 0)
1600.3659 	EXP 	responser: foreColor = (0, 0, 0)
1600.3826 	EXP 	responser: foreColor = (0, 0, 0)
1600.3992 	EXP 	responser: foreColor = (0, 0, 0)
1600.4159 	EXP 	responser: foreColor = (0, 0, 0)
1600.4326 	EXP 	responser: foreColor = (0, 0, 0)
1600.4492 	EXP 	responser: foreColor = (0, 0, 0)
1600.4659 	EXP 	responser: foreColor = (0, 0, 0)
1600.4826 	EXP 	responser: foreColor = (0, 0, 0)
1600.4992 	EXP 	responser: foreColor = (0, 0, 0)
1600.5159 	EXP 	responser: foreColor = (0, 0, 0)
1600.5326 	EXP 	responser: foreColor = (0, 0, 0)
1600.5492 	EXP 	responser: foreColor = (0, 0, 0)
1600.5659 	EXP 	responser: foreColor = (0, 0, 0)
1600.5826 	EXP 	responser: foreColor = (0, 0, 0)
1600.5992 	EXP 	responser: foreColor = (0, 0, 0)
1600.6159 	EXP 	responser: foreColor = (0, 0, 0)
1600.6326 	EXP 	responser: foreColor = (0, 0, 0)
1600.6492 	EXP 	responser: foreColor = (0, 0, 0)
1600.6659 	EXP 	responser: foreColor = (0, 0, 0)
1600.6826 	EXP 	responser: foreColor = (0, 0, 0)
1600.6992 	EXP 	responser: foreColor = (0, 0, 0)
1600.7159 	EXP 	responser: foreColor = (0, 0, 0)
1600.7326 	EXP 	responser: foreColor = (0, 0, 0)
1600.7492 	EXP 	responser: foreColor = (0, 0, 0)
1600.7659 	EXP 	responser: foreColor = (0, 0, 0)
1600.7826 	EXP 	responser: foreColor = (0, 0, 0)
1600.7992 	EXP 	responser: foreColor = (0, 0, 0)
1600.8159 	EXP 	responser: foreColor = (0, 0, 0)
1600.8326 	EXP 	responser: foreColor = (0, 0, 0)
1600.8492 	EXP 	responser: foreColor = (0, 0, 0)
1600.8659 	EXP 	responser: foreColor = (0, 0, 0)
1600.8826 	EXP 	responser: foreColor = (0, 0, 0)
1600.8992 	EXP 	responser: foreColor = (0, 0, 0)
1600.9159 	EXP 	responser: foreColor = (0, 0, 0)
1600.9325 	EXP 	responser: foreColor = (0, 0, 0)
1600.9493 	EXP 	responser: foreColor = (0, 0, 0)
1600.9660 	EXP 	responser: foreColor = (0, 0, 0)
1600.9826 	EXP 	responser: foreColor = (0, 0, 0)
1600.9994 	EXP 	responser: foreColor = (0, 0, 0)
1601.0160 	EXP 	responser: foreColor = (0, 0, 0)
1601.0327 	EXP 	responser: foreColor = (0, 0, 0)
1601.0494 	EXP 	responser: foreColor = (0, 0, 0)
1601.0660 	EXP 	responser: foreColor = (0, 0, 0)
1601.0827 	EXP 	responser: foreColor = (0, 0, 0)
1601.0994 	EXP 	responser: foreColor = (0, 0, 0)
1601.1160 	EXP 	responser: foreColor = (0, 0, 0)
1601.1326 	EXP 	responser: foreColor = (0, 0, 0)
1601.1494 	EXP 	responser: foreColor = (0, 0, 0)
1601.1660 	EXP 	responser: foreColor = (0, 0, 0)
1601.1827 	EXP 	responser: foreColor = (0, 0, 0)
1601.1994 	EXP 	responser: foreColor = (0, 0, 0)
1601.2160 	EXP 	responser: foreColor = (0, 0, 0)
1601.2326 	EXP 	responser: foreColor = (0, 0, 0)
1601.2493 	EXP 	responser: foreColor = (0, 0, 0)
1601.2660 	EXP 	responser: foreColor = (0, 0, 0)
1601.2827 	EXP 	responser: foreColor = (0, 0, 0)
1601.2994 	EXP 	responser: foreColor = (0, 0, 0)
1601.3160 	EXP 	responser: foreColor = (0, 0, 0)
1601.3326 	EXP 	responser: foreColor = (0, 0, 0)
1601.3494 	EXP 	responser: foreColor = (0, 0, 0)
1601.3660 	EXP 	responser: foreColor = (0, 0, 0)
1601.3827 	EXP 	responser: foreColor = (0, 0, 0)
1601.3994 	EXP 	responser: foreColor = (0, 0, 0)
1601.4160 	EXP 	responser: foreColor = (0, 0, 0)
1601.4160 	EXP 	thermode_locali_pic: autoDraw = False
1601.4327 	EXP 	responser: foreColor = (0, 0, 0)
1601.4332 	EXP 	New trial (rep=2, index=0): None
1601.4494 	EXP 	responser: foreColor = (0, 0, 0)
1601.4494 	EXP 	responsel: autoDraw = False
1601.4494 	EXP 	percu_or: autoDraw = False
1601.4494 	EXP 	responser: autoDraw = False
1601.4494 	EXP 	thermode_locali_pic: autoDraw = False
1601.4494 	EXP 	responsel: autoDraw = False
1601.4494 	EXP 	percu_or: autoDraw = False
1601.4494 	EXP 	responser: autoDraw = False
1601.4494 	EXP 	responsel: foreColor = 'white'
1601.4494 	EXP 	responser: foreColor = 'white'
1601.4494 	EXP 	text_pic: autoDraw = True
1601.4494 	EXP 	croix_3: autoDraw = True
1606.4494 	EXP 	text_pic: autoDraw = False
1606.4494 	EXP 	croix_3: autoDraw = False
1606.4494 	EXP 	text_pic: autoDraw = False
1606.4494 	EXP 	croix_3: autoDraw = False
1606.4494 	EXP 	thermode_locali_pic: height = 0.02
1606.4494 	EXP 	thermode_locali_pic: height = 0.02
1606.4494 	EXP 	thermode_locali_pic: height = 0.02
1606.4494 	EXP 	thermode_locali_pic: text = 'T : 0'
1606.4494 	EXP 	responsel: text = 'NON              '
1606.4494 	EXP 	thermode_locali_pic: autoDraw = True
1614.4328 	EXP 	responsel: autoDraw = True
1614.4328 	EXP 	percu_or: autoDraw = True
1614.4328 	EXP 	responser: autoDraw = True
1614.9006 	DATA 	Keypress: n
1614.9328 	EXP 	responser: foreColor = (0, 0, 0)
1614.9495 	EXP 	responser: foreColor = (0, 0, 0)
1614.9662 	EXP 	responser: foreColor = (0, 0, 0)
1614.9828 	EXP 	responser: foreColor = (0, 0, 0)
1614.9995 	EXP 	responser: foreColor = (0, 0, 0)
1615.0162 	EXP 	responser: foreColor = (0, 0, 0)
1615.0328 	EXP 	responser: foreColor = (0, 0, 0)
1615.0495 	EXP 	responser: foreColor = (0, 0, 0)
1615.0662 	EXP 	responser: foreColor = (0, 0, 0)
1615.0828 	EXP 	responser: foreColor = (0, 0, 0)
1615.0995 	EXP 	responser: foreColor = (0, 0, 0)
1615.1161 	EXP 	responser: foreColor = (0, 0, 0)
1615.1328 	EXP 	responser: foreColor = (0, 0, 0)
1615.1495 	EXP 	responser: foreColor = (0, 0, 0)
1615.1662 	EXP 	responser: foreColor = (0, 0, 0)
1615.1828 	EXP 	responser: foreColor = (0, 0, 0)
1615.1995 	EXP 	responser: foreColor = (0, 0, 0)
1615.2162 	EXP 	responser: foreColor = (0, 0, 0)
1615.2328 	EXP 	responser: foreColor = (0, 0, 0)
1615.2495 	EXP 	responser: foreColor = (0, 0, 0)
1615.2662 	EXP 	responser: foreColor = (0, 0, 0)
1615.2828 	EXP 	responser: foreColor = (0, 0, 0)
1615.2995 	EXP 	responser: foreColor = (0, 0, 0)
1615.3162 	EXP 	responser: foreColor = (0, 0, 0)
1615.3328 	EXP 	responser: foreColor = (0, 0, 0)
1615.3495 	EXP 	responser: foreColor = (0, 0, 0)
1615.3662 	EXP 	responser: foreColor = (0, 0, 0)
1615.3828 	EXP 	responser: foreColor = (0, 0, 0)
1615.3995 	EXP 	responser: foreColor = (0, 0, 0)
1615.4162 	EXP 	responser: foreColor = (0, 0, 0)
1615.4328 	EXP 	responser: foreColor = (0, 0, 0)
1615.4495 	EXP 	responser: foreColor = (0, 0, 0)
1615.4662 	EXP 	responser: foreColor = (0, 0, 0)
1615.4828 	EXP 	responser: foreColor = (0, 0, 0)
1615.4995 	EXP 	responser: foreColor = (0, 0, 0)
1615.5162 	EXP 	responser: foreColor = (0, 0, 0)
1615.5329 	EXP 	responser: foreColor = (0, 0, 0)
1615.5494 	EXP 	responser: foreColor = (0, 0, 0)
1615.5662 	EXP 	responser: foreColor = (0, 0, 0)
1615.5828 	EXP 	responser: foreColor = (0, 0, 0)
1615.5995 	EXP 	responser: foreColor = (0, 0, 0)
1615.6162 	EXP 	responser: foreColor = (0, 0, 0)
1615.6328 	EXP 	responser: foreColor = (0, 0, 0)
1615.6495 	EXP 	responser: foreColor = (0, 0, 0)
1615.6662 	EXP 	responser: foreColor = (0, 0, 0)
1615.6828 	EXP 	responser: foreColor = (0, 0, 0)
1615.6995 	EXP 	responser: foreColor = (0, 0, 0)
1615.7162 	EXP 	responser: foreColor = (0, 0, 0)
1615.7328 	EXP 	responser: foreColor = (0, 0, 0)
1615.7495 	EXP 	responser: foreColor = (0, 0, 0)
1615.7661 	EXP 	responser: foreColor = (0, 0, 0)
1615.7828 	EXP 	responser: foreColor = (0, 0, 0)
1615.7995 	EXP 	responser: foreColor = (0, 0, 0)
1615.8162 	EXP 	responser: foreColor = (0, 0, 0)
1615.8328 	EXP 	responser: foreColor = (0, 0, 0)
1615.8495 	EXP 	responser: foreColor = (0, 0, 0)
1615.8662 	EXP 	responser: foreColor = (0, 0, 0)
1615.8829 	EXP 	responser: foreColor = (0, 0, 0)
1615.8995 	EXP 	responser: foreColor = (0, 0, 0)
1615.9162 	EXP 	responser: foreColor = (0, 0, 0)
1615.9329 	EXP 	responser: foreColor = (0, 0, 0)
1615.9495 	EXP 	responser: foreColor = (0, 0, 0)
1615.9662 	EXP 	responser: foreColor = (0, 0, 0)
1615.9828 	EXP 	responser: foreColor = (0, 0, 0)
1615.9995 	EXP 	responser: foreColor = (0, 0, 0)
1616.0162 	EXP 	responser: foreColor = (0, 0, 0)
1616.0329 	EXP 	responser: foreColor = (0, 0, 0)
1616.0495 	EXP 	responser: foreColor = (0, 0, 0)
1616.0662 	EXP 	responser: foreColor = (0, 0, 0)
1616.0828 	EXP 	responser: foreColor = (0, 0, 0)
1616.0995 	EXP 	responser: foreColor = (0, 0, 0)
1616.1161 	EXP 	responser: foreColor = (0, 0, 0)
1616.1328 	EXP 	responser: foreColor = (0, 0, 0)
1616.1495 	EXP 	responser: foreColor = (0, 0, 0)
1616.1662 	EXP 	responser: foreColor = (0, 0, 0)
1616.1829 	EXP 	responser: foreColor = (0, 0, 0)
1616.1995 	EXP 	responser: foreColor = (0, 0, 0)
1616.2162 	EXP 	responser: foreColor = (0, 0, 0)
1616.2329 	EXP 	responser: foreColor = (0, 0, 0)
1616.2495 	EXP 	responser: foreColor = (0, 0, 0)
1616.2662 	EXP 	responser: foreColor = (0, 0, 0)
1616.2829 	EXP 	responser: foreColor = (0, 0, 0)
1616.2995 	EXP 	responser: foreColor = (0, 0, 0)
1616.3162 	EXP 	responser: foreColor = (0, 0, 0)
1616.3329 	EXP 	responser: foreColor = (0, 0, 0)
1616.3495 	EXP 	responser: foreColor = (0, 0, 0)
1616.3662 	EXP 	responser: foreColor = (0, 0, 0)
1616.3829 	EXP 	responser: foreColor = (0, 0, 0)
1616.3995 	EXP 	responser: foreColor = (0, 0, 0)
1616.4161 	EXP 	responser: foreColor = (0, 0, 0)
1616.4329 	EXP 	responser: foreColor = (0, 0, 0)
1616.4495 	EXP 	responser: foreColor = (0, 0, 0)
1616.4662 	EXP 	responser: foreColor = (0, 0, 0)
1616.4828 	EXP 	responser: foreColor = (0, 0, 0)
1616.4995 	EXP 	responser: foreColor = (0, 0, 0)
1616.5162 	EXP 	responser: foreColor = (0, 0, 0)
1616.5329 	EXP 	responser: foreColor = (0, 0, 0)
1616.5495 	EXP 	responser: foreColor = (0, 0, 0)
1616.5662 	EXP 	responser: foreColor = (0, 0, 0)
1616.5829 	EXP 	responser: foreColor = (0, 0, 0)
1616.5995 	EXP 	responser: foreColor = (0, 0, 0)
1616.6162 	EXP 	responser: foreColor = (0, 0, 0)
1616.6329 	EXP 	responser: foreColor = (0, 0, 0)
1616.6495 	EXP 	responser: foreColor = (0, 0, 0)
1616.6662 	EXP 	responser: foreColor = (0, 0, 0)
1616.6829 	EXP 	responser: foreColor = (0, 0, 0)
1616.6995 	EXP 	responser: foreColor = (0, 0, 0)
1616.7162 	EXP 	responser: foreColor = (0, 0, 0)
1616.7329 	EXP 	responser: foreColor = (0, 0, 0)
1616.7495 	EXP 	responser: foreColor = (0, 0, 0)
1616.7662 	EXP 	responser: foreColor = (0, 0, 0)
1616.7829 	EXP 	responser: foreColor = (0, 0, 0)
1616.7995 	EXP 	responser: foreColor = (0, 0, 0)
1616.8162 	EXP 	responser: foreColor = (0, 0, 0)
1616.8328 	EXP 	responser: foreColor = (0, 0, 0)
1616.8495 	EXP 	responser: foreColor = (0, 0, 0)
1616.8662 	EXP 	responser: foreColor = (0, 0, 0)
1616.8829 	EXP 	responser: foreColor = (0, 0, 0)
1616.8995 	EXP 	responser: foreColor = (0, 0, 0)
1616.9162 	EXP 	responser: foreColor = (0, 0, 0)
1616.9329 	EXP 	responser: foreColor = (0, 0, 0)
1616.9495 	EXP 	responser: foreColor = (0, 0, 0)
1616.9662 	EXP 	responser: foreColor = (0, 0, 0)
1616.9829 	EXP 	responser: foreColor = (0, 0, 0)
1616.9995 	EXP 	responser: foreColor = (0, 0, 0)
1617.0162 	EXP 	responser: foreColor = (0, 0, 0)
1617.0328 	EXP 	responser: foreColor = (0, 0, 0)
1617.0495 	EXP 	responser: foreColor = (0, 0, 0)
1617.0662 	EXP 	responser: foreColor = (0, 0, 0)
1617.0829 	EXP 	responser: foreColor = (0, 0, 0)
1617.0996 	EXP 	responser: foreColor = (0, 0, 0)
1617.1162 	EXP 	responser: foreColor = (0, 0, 0)
1617.1329 	EXP 	responser: foreColor = (0, 0, 0)
1617.1495 	EXP 	responser: foreColor = (0, 0, 0)
1617.1662 	EXP 	responser: foreColor = (0, 0, 0)
1617.1829 	EXP 	responser: foreColor = (0, 0, 0)
1617.1995 	EXP 	responser: foreColor = (0, 0, 0)
1617.2162 	EXP 	responser: foreColor = (0, 0, 0)
1617.2329 	EXP 	responser: foreColor = (0, 0, 0)
1617.2495 	EXP 	responser: foreColor = (0, 0, 0)
1617.2662 	EXP 	responser: foreColor = (0, 0, 0)
1617.2829 	EXP 	responser: foreColor = (0, 0, 0)
1617.2995 	EXP 	responser: foreColor = (0, 0, 0)
1617.3162 	EXP 	responser: foreColor = (0, 0, 0)
1617.3329 	EXP 	responser: foreColor = (0, 0, 0)
1617.3495 	EXP 	responser: foreColor = (0, 0, 0)
1617.3662 	EXP 	responser: foreColor = (0, 0, 0)
1617.3829 	EXP 	responser: foreColor = (0, 0, 0)
1617.3995 	EXP 	responser: foreColor = (0, 0, 0)
1617.3995 	EXP 	thermode_locali_pic: autoDraw = False
1617.4162 	EXP 	responser: foreColor = (0, 0, 0)
1617.4167 	EXP 	New trial (rep=3, index=0): None
1617.4329 	EXP 	responser: foreColor = (0, 0, 0)
1617.4329 	EXP 	responsel: autoDraw = False
1617.4329 	EXP 	percu_or: autoDraw = False
1617.4329 	EXP 	responser: autoDraw = False
1617.4329 	EXP 	thermode_locali_pic: autoDraw = False
1617.4329 	EXP 	responsel: autoDraw = False
1617.4329 	EXP 	percu_or: autoDraw = False
1617.4329 	EXP 	responser: autoDraw = False
1617.4329 	EXP 	responsel: foreColor = 'white'
1617.4329 	EXP 	responser: foreColor = 'white'
1617.4329 	EXP 	text_pic: autoDraw = True
1617.4329 	EXP 	croix_3: autoDraw = True
1622.4329 	EXP 	text_pic: autoDraw = False
1622.4329 	EXP 	croix_3: autoDraw = False
1622.4329 	EXP 	text_pic: autoDraw = False
1622.4329 	EXP 	croix_3: autoDraw = False
1622.4329 	EXP 	thermode_locali_pic: height = 0.02
1622.4329 	EXP 	thermode_locali_pic: height = 0.02
1622.4329 	EXP 	thermode_locali_pic: height = 0.02
1622.4329 	EXP 	thermode_locali_pic: text = 'T : 1'
1622.4329 	EXP 	responsel: text = 'NON              '
1622.4329 	EXP 	thermode_locali_pic: autoDraw = True
1630.4162 	EXP 	responsel: autoDraw = True
1630.4162 	EXP 	percu_or: autoDraw = True
1630.4162 	EXP 	responser: autoDraw = True
1630.7840 	DATA 	Keypress: m
1630.8163 	EXP 	responsel: foreColor = (0, 0, 0)
1630.8329 	EXP 	responsel: foreColor = (0, 0, 0)
1630.8496 	EXP 	responsel: foreColor = (0, 0, 0)
1630.8663 	EXP 	responsel: foreColor = (0, 0, 0)
1630.8829 	EXP 	responsel: foreColor = (0, 0, 0)
1630.8996 	EXP 	responsel: foreColor = (0, 0, 0)
1630.9162 	EXP 	responsel: foreColor = (0, 0, 0)
1630.9329 	EXP 	responsel: foreColor = (0, 0, 0)
1630.9496 	EXP 	responsel: foreColor = (0, 0, 0)
1630.9663 	EXP 	responsel: foreColor = (0, 0, 0)
1630.9829 	EXP 	responsel: foreColor = (0, 0, 0)
1630.9996 	EXP 	responsel: foreColor = (0, 0, 0)
1631.0162 	EXP 	responsel: foreColor = (0, 0, 0)
1631.0329 	EXP 	responsel: foreColor = (0, 0, 0)
1631.0496 	EXP 	responsel: foreColor = (0, 0, 0)
1631.0663 	EXP 	responsel: foreColor = (0, 0, 0)
1631.0829 	EXP 	responsel: foreColor = (0, 0, 0)
1631.0996 	EXP 	responsel: foreColor = (0, 0, 0)
1631.1163 	EXP 	responsel: foreColor = (0, 0, 0)
1631.1329 	EXP 	responsel: foreColor = (0, 0, 0)
1631.1496 	EXP 	responsel: foreColor = (0, 0, 0)
1631.1663 	EXP 	responsel: foreColor = (0, 0, 0)
1631.1829 	EXP 	responsel: foreColor = (0, 0, 0)
1631.1996 	EXP 	responsel: foreColor = (0, 0, 0)
1631.2163 	EXP 	responsel: foreColor = (0, 0, 0)
1631.2329 	EXP 	responsel: foreColor = (0, 0, 0)
1631.2496 	EXP 	responsel: foreColor = (0, 0, 0)
1631.2663 	EXP 	responsel: foreColor = (0, 0, 0)
1631.2829 	EXP 	responsel: foreColor = (0, 0, 0)
1631.2996 	EXP 	responsel: foreColor = (0, 0, 0)
1631.3163 	EXP 	responsel: foreColor = (0, 0, 0)
1631.3329 	EXP 	responsel: foreColor = (0, 0, 0)
1631.3496 	EXP 	responsel: foreColor = (0, 0, 0)
1631.3663 	EXP 	responsel: foreColor = (0, 0, 0)
1631.3829 	EXP 	responsel: foreColor = (0, 0, 0)
1631.3996 	EXP 	responsel: foreColor = (0, 0, 0)
1631.4163 	EXP 	responsel: foreColor = (0, 0, 0)
1631.4329 	EXP 	responsel: foreColor = (0, 0, 0)
1631.4496 	EXP 	responsel: foreColor = (0, 0, 0)
1631.4663 	EXP 	responsel: foreColor = (0, 0, 0)
1631.4829 	EXP 	responsel: foreColor = (0, 0, 0)
1631.4996 	EXP 	responsel: foreColor = (0, 0, 0)
1631.5163 	EXP 	responsel: foreColor = (0, 0, 0)
1631.5329 	EXP 	responsel: foreColor = (0, 0, 0)
1631.5496 	EXP 	responsel: foreColor = (0, 0, 0)
1631.5663 	EXP 	responsel: foreColor = (0, 0, 0)
1631.5829 	EXP 	responsel: foreColor = (0, 0, 0)
1631.5996 	EXP 	responsel: foreColor = (0, 0, 0)
1631.6163 	EXP 	responsel: foreColor = (0, 0, 0)
1631.6329 	EXP 	responsel: foreColor = (0, 0, 0)
1631.6496 	EXP 	responsel: foreColor = (0, 0, 0)
1631.6663 	EXP 	responsel: foreColor = (0, 0, 0)
1631.6829 	EXP 	responsel: foreColor = (0, 0, 0)
1631.6996 	EXP 	responsel: foreColor = (0, 0, 0)
1631.7163 	EXP 	responsel: foreColor = (0, 0, 0)
1631.7329 	EXP 	responsel: foreColor = (0, 0, 0)
1631.7496 	EXP 	responsel: foreColor = (0, 0, 0)
1631.7663 	EXP 	responsel: foreColor = (0, 0, 0)
1631.7829 	EXP 	responsel: foreColor = (0, 0, 0)
1631.7996 	EXP 	responsel: foreColor = (0, 0, 0)
1631.8163 	EXP 	responsel: foreColor = (0, 0, 0)
1631.8329 	EXP 	responsel: foreColor = (0, 0, 0)
1631.8496 	EXP 	responsel: foreColor = (0, 0, 0)
1631.8663 	EXP 	responsel: foreColor = (0, 0, 0)
1631.8829 	EXP 	responsel: foreColor = (0, 0, 0)
1631.8996 	EXP 	responsel: foreColor = (0, 0, 0)
1631.9163 	EXP 	responsel: foreColor = (0, 0, 0)
1631.9330 	EXP 	responsel: foreColor = (0, 0, 0)
1631.9498 	EXP 	responsel: foreColor = (0, 0, 0)
1631.9664 	EXP 	responsel: foreColor = (0, 0, 0)
1631.9831 	EXP 	responsel: foreColor = (0, 0, 0)
1631.9997 	EXP 	responsel: foreColor = (0, 0, 0)
1632.0163 	EXP 	responsel: foreColor = (0, 0, 0)
1632.0329 	EXP 	responsel: foreColor = (0, 0, 0)
1632.0496 	EXP 	responsel: foreColor = (0, 0, 0)
1632.0663 	EXP 	responsel: foreColor = (0, 0, 0)
1632.0829 	EXP 	responsel: foreColor = (0, 0, 0)
1632.0996 	EXP 	responsel: foreColor = (0, 0, 0)
1632.1163 	EXP 	responsel: foreColor = (0, 0, 0)
1632.1329 	EXP 	responsel: foreColor = (0, 0, 0)
1632.1496 	EXP 	responsel: foreColor = (0, 0, 0)
1632.1663 	EXP 	responsel: foreColor = (0, 0, 0)
1632.1829 	EXP 	responsel: foreColor = (0, 0, 0)
1632.1996 	EXP 	responsel: foreColor = (0, 0, 0)
1632.2163 	EXP 	responsel: foreColor = (0, 0, 0)
1632.2329 	EXP 	responsel: foreColor = (0, 0, 0)
1632.2496 	EXP 	responsel: foreColor = (0, 0, 0)
1632.2663 	EXP 	responsel: foreColor = (0, 0, 0)
1632.2830 	EXP 	responsel: foreColor = (0, 0, 0)
1632.2996 	EXP 	responsel: foreColor = (0, 0, 0)
1632.3163 	EXP 	responsel: foreColor = (0, 0, 0)
1632.3329 	EXP 	responsel: foreColor = (0, 0, 0)
1632.3496 	EXP 	responsel: foreColor = (0, 0, 0)
1632.3663 	EXP 	responsel: foreColor = (0, 0, 0)
1632.3829 	EXP 	responsel: foreColor = (0, 0, 0)
1632.3996 	EXP 	responsel: foreColor = (0, 0, 0)
1632.4163 	EXP 	responsel: foreColor = (0, 0, 0)
1632.4329 	EXP 	responsel: foreColor = (0, 0, 0)
1632.4496 	EXP 	responsel: foreColor = (0, 0, 0)
1632.4663 	EXP 	responsel: foreColor = (0, 0, 0)
1632.4830 	EXP 	responsel: foreColor = (0, 0, 0)
1632.4996 	EXP 	responsel: foreColor = (0, 0, 0)
1632.5163 	EXP 	responsel: foreColor = (0, 0, 0)
1632.5331 	EXP 	responsel: foreColor = (0, 0, 0)
1632.5496 	EXP 	responsel: foreColor = (0, 0, 0)
1632.5663 	EXP 	responsel: foreColor = (0, 0, 0)
1632.5830 	EXP 	responsel: foreColor = (0, 0, 0)
1632.5996 	EXP 	responsel: foreColor = (0, 0, 0)
1632.6163 	EXP 	responsel: foreColor = (0, 0, 0)
1632.6330 	EXP 	responsel: foreColor = (0, 0, 0)
1632.6496 	EXP 	responsel: foreColor = (0, 0, 0)
1632.6663 	EXP 	responsel: foreColor = (0, 0, 0)
1632.6830 	EXP 	responsel: foreColor = (0, 0, 0)
1632.6996 	EXP 	responsel: foreColor = (0, 0, 0)
1632.7163 	EXP 	responsel: foreColor = (0, 0, 0)
1632.7330 	EXP 	responsel: foreColor = (0, 0, 0)
1632.7496 	EXP 	responsel: foreColor = (0, 0, 0)
1632.7663 	EXP 	responsel: foreColor = (0, 0, 0)
1632.7830 	EXP 	responsel: foreColor = (0, 0, 0)
1632.7996 	EXP 	responsel: foreColor = (0, 0, 0)
1632.8163 	EXP 	responsel: foreColor = (0, 0, 0)
1632.8330 	EXP 	responsel: foreColor = (0, 0, 0)
1632.8496 	EXP 	responsel: foreColor = (0, 0, 0)
1632.8663 	EXP 	responsel: foreColor = (0, 0, 0)
1632.8830 	EXP 	responsel: foreColor = (0, 0, 0)
1632.8996 	EXP 	responsel: foreColor = (0, 0, 0)
1632.9163 	EXP 	responsel: foreColor = (0, 0, 0)
1632.9330 	EXP 	responsel: foreColor = (0, 0, 0)
1632.9496 	EXP 	responsel: foreColor = (0, 0, 0)
1632.9663 	EXP 	responsel: foreColor = (0, 0, 0)
1632.9830 	EXP 	responsel: foreColor = (0, 0, 0)
1632.9996 	EXP 	responsel: foreColor = (0, 0, 0)
1633.0163 	EXP 	responsel: foreColor = (0, 0, 0)
1633.0330 	EXP 	responsel: foreColor = (0, 0, 0)
1633.0496 	EXP 	responsel: foreColor = (0, 0, 0)
1633.0663 	EXP 	responsel: foreColor = (0, 0, 0)
1633.0830 	EXP 	responsel: foreColor = (0, 0, 0)
1633.0996 	EXP 	responsel: foreColor = (0, 0, 0)
1633.1163 	EXP 	responsel: foreColor = (0, 0, 0)
1633.1330 	EXP 	responsel: foreColor = (0, 0, 0)
1633.1496 	EXP 	responsel: foreColor = (0, 0, 0)
1633.1663 	EXP 	responsel: foreColor = (0, 0, 0)
1633.1830 	EXP 	responsel: foreColor = (0, 0, 0)
1633.1996 	EXP 	responsel: foreColor = (0, 0, 0)
1633.2163 	EXP 	responsel: foreColor = (0, 0, 0)
1633.2330 	EXP 	responsel: foreColor = (0, 0, 0)
1633.2496 	EXP 	responsel: foreColor = (0, 0, 0)
1633.2663 	EXP 	responsel: foreColor = (0, 0, 0)
1633.2830 	EXP 	responsel: foreColor = (0, 0, 0)
1633.2996 	EXP 	responsel: foreColor = (0, 0, 0)
1633.3163 	EXP 	responsel: foreColor = (0, 0, 0)
1633.3330 	EXP 	responsel: foreColor = (0, 0, 0)
1633.3496 	EXP 	responsel: foreColor = (0, 0, 0)
1633.3663 	EXP 	responsel: foreColor = (0, 0, 0)
1633.3830 	EXP 	responsel: foreColor = (0, 0, 0)
1633.3830 	EXP 	thermode_locali_pic: autoDraw = False
1633.3996 	EXP 	responsel: foreColor = (0, 0, 0)
1633.4001 	EXP 	New trial (rep=3, index=0): None
1633.4163 	EXP 	responsel: foreColor = (0, 0, 0)
1633.4163 	EXP 	responsel: autoDraw = False
1633.4163 	EXP 	percu_or: autoDraw = False
1633.4163 	EXP 	responser: autoDraw = False
1633.4163 	EXP 	thermode_locali_pic: autoDraw = False
1633.4163 	EXP 	responsel: autoDraw = False
1633.4163 	EXP 	percu_or: autoDraw = False
1633.4163 	EXP 	responser: autoDraw = False
1633.4163 	EXP 	responsel: foreColor = 'white'
1633.4163 	EXP 	responser: foreColor = 'white'
1633.4163 	EXP 	text_7: autoDraw = True
1634.5666 	EXP 	Created sequence: random, trialTypes=1, nReps=2, seed=None
1634.5666 	EXP 	New trial (rep=0, index=0): None
1634.5682 	DATA 	Keypress: p
1634.5830 	EXP 	text_7: autoDraw = False
1634.5830 	EXP 	text_eva: autoDraw = True
1634.5830 	EXP 	croix_2: autoDraw = True
1639.5831 	EXP 	text_eva: autoDraw = False
1639.5831 	EXP 	croix_2: autoDraw = False
1639.5831 	EXP 	thermode_locali_EVA: autoDraw = True
1651.5668 	EXP 	window1: mouseVisible = True
1651.5677 	EXP 	Created unnamed Rect = Rect(__class__=<class 'psychopy.visual.rect.Rect'>, anchor=('center', 'center'), autoDraw=False, autoLog=True, closeShape=True, color=method-wrapper(...), colorSpace='rgb', contrast=None, depth=0, draggable=False, fillColor=array([1, 1, 1]), fillColorSpace='rgb', fillRGB=array([1, 1, 1]), interpolate=True, lineColor=array([1., 1., 1.]), lineColorSpace='rgb', lineRGB=array([1, 1, 1]), lineWidth=1.5, name='unnamed Rect', opacity=1.0, ori=0.0, pos=array([0., 0.]), size=array([0.01, 0.1 ]), units='norm', vertices=ndarray(...), win=Window(...))
1651.5678 	EXP 	window1: mouseVisible = True
1651.5679 	EXP 	window1: mouseVisible = True
1651.5684 	EXP 	window1: mouseVisible = True
1651.5701 	EXP 	window1: mouseVisible = True
1651.5713 	EXP 	window1: mouseVisible = True
1651.5715 	EXP 	window1: mouseVisible = True
1651.5716 	EXP 	window1: mouseVisible = True
1651.5718 	EXP 	window1: mouseVisible = True
1651.5719 	EXP 	window1: mouseVisible = True
1651.5720 	EXP 	window1: mouseVisible = True
1651.5722 	EXP 	window1: mouseVisible = True
1651.5723 	EXP 	window1: mouseVisible = True
1651.5724 	EXP 	window1: mouseVisible = True
1651.5726 	EXP 	window1: mouseVisible = True
1651.5727 	EXP 	window1: mouseVisible = True
1651.5728 	EXP 	window1: mouseVisible = True
1651.5730 	EXP 	window1: mouseVisible = True
1651.5731 	EXP 	window1: mouseVisible = True
1651.5732 	EXP 	window1: mouseVisible = True
1651.5734 	EXP 	window1: mouseVisible = True
1651.5735 	EXP 	window1: mouseVisible = True
1651.5736 	EXP 	window1: mouseVisible = True
1651.5737 	EXP 	window1: mouseVisible = True
1651.5739 	EXP 	window1: mouseVisible = True
1651.5740 	EXP 	window1: mouseVisible = True
1651.5741 	EXP 	window1: mouseVisible = True
1651.5742 	EXP 	window1: mouseVisible = True
1651.5744 	EXP 	window1: mouseVisible = True
1651.5745 	EXP 	window1: mouseVisible = True
1651.5746 	EXP 	window1: mouseVisible = True
1651.5748 	EXP 	window1: mouseVisible = True
1651.5749 	EXP 	window1: mouseVisible = True
1651.5751 	EXP 	window1: mouseVisible = True
1651.5752 	EXP 	window1: mouseVisible = True
1651.5753 	EXP 	window1: mouseVisible = True
1651.5754 	EXP 	window1: mouseVisible = True
1651.5756 	EXP 	window1: mouseVisible = True
1651.5757 	EXP 	window1: mouseVisible = True
1651.5758 	EXP 	window1: mouseVisible = True
1651.5759 	EXP 	window1: mouseVisible = True
1651.5761 	EXP 	window1: mouseVisible = True
1651.5762 	EXP 	window1: mouseVisible = True
1651.5763 	EXP 	window1: mouseVisible = True
1651.5764 	EXP 	window1: mouseVisible = True
1651.5766 	EXP 	window1: mouseVisible = True
1651.5767 	EXP 	window1: mouseVisible = True
1651.5768 	EXP 	window1: mouseVisible = True
1651.5769 	EXP 	window1: mouseVisible = True
1651.5771 	EXP 	window1: mouseVisible = True
1651.5772 	EXP 	window1: mouseVisible = True
1651.5773 	EXP 	window1: mouseVisible = True
1651.5774 	EXP 	window1: mouseVisible = True
1651.5776 	EXP 	window1: mouseVisible = True
1651.5777 	EXP 	window1: mouseVisible = True
1651.5778 	EXP 	window1: mouseVisible = True
1651.5779 	EXP 	window1: mouseVisible = True
1651.5781 	EXP 	window1: mouseVisible = True
1651.5782 	EXP 	window1: mouseVisible = True
1651.5783 	EXP 	window1: mouseVisible = True
1651.5785 	EXP 	window1: mouseVisible = True
1651.5786 	EXP 	window1: mouseVisible = True
1651.5787 	EXP 	window1: mouseVisible = True
1651.5789 	EXP 	window1: mouseVisible = True
1651.5790 	EXP 	window1: mouseVisible = True
1651.5792 	EXP 	window1: mouseVisible = True
1651.5793 	EXP 	window1: mouseVisible = True
1651.5794 	EXP 	window1: mouseVisible = True
1651.5795 	EXP 	window1: mouseVisible = True
1651.5797 	EXP 	window1: mouseVisible = True
1651.5798 	EXP 	window1: mouseVisible = True
1651.5799 	EXP 	window1: mouseVisible = True
1651.5800 	EXP 	window1: mouseVisible = True
1651.5802 	EXP 	window1: mouseVisible = True
1651.5803 	EXP 	window1: mouseVisible = True
1651.5804 	EXP 	window1: mouseVisible = True
1651.5805 	EXP 	window1: mouseVisible = True
1651.5807 	EXP 	window1: mouseVisible = True
1651.5808 	EXP 	window1: mouseVisible = True
1651.5809 	EXP 	window1: mouseVisible = True
1651.5810 	EXP 	window1: mouseVisible = True
1651.5812 	EXP 	window1: mouseVisible = True
1651.5813 	EXP 	window1: mouseVisible = True
1651.5814 	EXP 	window1: mouseVisible = True
1651.5816 	EXP 	window1: mouseVisible = True
1651.5817 	EXP 	window1: mouseVisible = True
1651.5818 	EXP 	window1: mouseVisible = True
1651.5819 	EXP 	window1: mouseVisible = True
1651.5821 	EXP 	window1: mouseVisible = True
1651.5822 	EXP 	window1: mouseVisible = True
1651.5823 	EXP 	window1: mouseVisible = True
1651.5824 	EXP 	window1: mouseVisible = True
1651.5826 	EXP 	window1: mouseVisible = True
1651.5827 	EXP 	window1: mouseVisible = True
1651.5828 	EXP 	window1: mouseVisible = True
1651.5830 	EXP 	window1: mouseVisible = True
1651.5831 	EXP 	window1: mouseVisible = True
1651.5832 	EXP 	window1: mouseVisible = True
1651.5834 	EXP 	window1: mouseVisible = True
1651.5835 	EXP 	window1: mouseVisible = True
1651.5836 	EXP 	window1: mouseVisible = True
1651.5837 	EXP 	window1: mouseVisible = True
1651.5839 	EXP 	window1: mouseVisible = True
1651.5840 	EXP 	window1: mouseVisible = True
1651.5841 	EXP 	window1: mouseVisible = True
1651.5861 	EXP 	Created ratingScale = RatingScale(__class__=type(...), acceptKeys=['return'], acceptPreText=UNKNOWN, acceptSize=UNKNOWN, acceptText=UNKNOWN, autoLog=True, choices=False, colorSpace='rgb', depth=0, disappear=False, flipVert=False, high=100, kwargs=UNKNOWN, labels=list(...), leftKeys=['left'], lineColor=(255, 255, 255), low=0, marker=Rect(...), markerColor=(255, 255, 255), markerExpansion=UNKNOWN, markerStart=0.5, maxTime=0.0, minTime=0.4, mouseOnly=False, name='ratingScale', noMouse=False, pos=[0.0, 0.0], precision=100, respKeys=[], rightKeys=['right'], scale=None, self=UNKNOWN, showAccept=False, showValue=False, singleClick=False, size=0.6, skipKeys=['tab'], stretch=2.0, textColor='white', textFont='Helvetica Bold', textSize=0.144, tickHeight=0, tickMarks=10.0, win=Window(...))
1651.5861 	EXP 	RatingScale ratingScale: reset()
1651.5882 	EXP 	window1: mouseVisible = False
1651.5999 	EXP 	thermode_locali_EVA: autoDraw = False
1651.5999 	EXP 	ratingScale: flipVert = False
1651.5999 	EXP 	ratingScale: autoLog = True
1651.6014 	EXP 	window1: mouseVisible = False
1651.6190 	EXP 	window1: mouseVisible = False
1651.6348 	EXP 	window1: mouseVisible = False
1651.6514 	EXP 	window1: mouseVisible = False
1651.6680 	EXP 	window1: mouseVisible = False
1651.6847 	EXP 	window1: mouseVisible = False
1651.7013 	EXP 	window1: mouseVisible = False
1651.7180 	EXP 	window1: mouseVisible = False
1651.7347 	EXP 	window1: mouseVisible = False
1651.7513 	EXP 	window1: mouseVisible = False
1651.7680 	EXP 	window1: mouseVisible = False
1651.7847 	EXP 	window1: mouseVisible = False
1651.8014 	EXP 	window1: mouseVisible = False
1651.8180 	EXP 	window1: mouseVisible = False
1651.8347 	EXP 	window1: mouseVisible = False
1651.8514 	EXP 	window1: mouseVisible = False
1651.8680 	EXP 	window1: mouseVisible = False
1651.8847 	EXP 	window1: mouseVisible = False
1651.9013 	EXP 	window1: mouseVisible = False
1651.9180 	EXP 	window1: mouseVisible = False
1651.9349 	EXP 	window1: mouseVisible = False
1651.9513 	EXP 	window1: mouseVisible = False
1651.9680 	EXP 	window1: mouseVisible = False
1651.9847 	EXP 	window1: mouseVisible = False
1652.0014 	EXP 	window1: mouseVisible = False
1652.0185 	EXP 	window1: mouseVisible = False
1652.0346 	EXP 	window1: mouseVisible = False
1652.0513 	EXP 	window1: mouseVisible = False
1652.0681 	EXP 	window1: mouseVisible = False
1652.0847 	EXP 	window1: mouseVisible = False
1652.1013 	EXP 	window1: mouseVisible = False
1652.1199 	EXP 	window1: mouseVisible = False
1652.1347 	EXP 	window1: mouseVisible = False
1652.1513 	EXP 	window1: mouseVisible = False
1652.1682 	EXP 	window1: mouseVisible = False
1652.1847 	EXP 	window1: mouseVisible = False
1652.2013 	EXP 	window1: mouseVisible = False
1652.2180 	EXP 	window1: mouseVisible = False
1652.2347 	EXP 	window1: mouseVisible = False
1652.2513 	EXP 	window1: mouseVisible = False
1652.2679 	EXP 	window1: mouseVisible = False
1652.2847 	EXP 	window1: mouseVisible = False
1652.3013 	EXP 	window1: mouseVisible = False
1652.3180 	EXP 	window1: mouseVisible = False
1652.3347 	EXP 	window1: mouseVisible = False
1652.3513 	EXP 	window1: mouseVisible = False
1652.3680 	EXP 	window1: mouseVisible = False
1652.3849 	EXP 	window1: mouseVisible = False
1652.4014 	EXP 	window1: mouseVisible = False
1652.4180 	EXP 	window1: mouseVisible = False
1652.4347 	EXP 	window1: mouseVisible = False
1652.4513 	EXP 	window1: mouseVisible = False
1652.4680 	EXP 	window1: mouseVisible = False
1652.4847 	EXP 	window1: mouseVisible = False
1652.5013 	EXP 	window1: mouseVisible = False
1652.5180 	EXP 	window1: mouseVisible = False
1652.5347 	EXP 	window1: mouseVisible = False
1652.5513 	EXP 	window1: mouseVisible = False
1652.5676 	DATA 	Keypress: n
1652.5682 	EXP 	window1: mouseVisible = False
1652.5847 	EXP 	window1: mouseVisible = False
1652.6013 	EXP 	window1: mouseVisible = False
1652.6180 	EXP 	window1: mouseVisible = False
1652.6347 	EXP 	window1: mouseVisible = False
1652.6514 	EXP 	window1: mouseVisible = False
1652.6681 	EXP 	window1: mouseVisible = False
1652.6847 	EXP 	window1: mouseVisible = False
1652.7013 	EXP 	window1: mouseVisible = False
1652.7180 	EXP 	window1: mouseVisible = False
1652.7347 	EXP 	window1: mouseVisible = False
1652.7514 	EXP 	window1: mouseVisible = False
1652.7682 	EXP 	window1: mouseVisible = False
1652.7847 	EXP 	window1: mouseVisible = False
1652.8013 	EXP 	window1: mouseVisible = False
1652.8181 	EXP 	window1: mouseVisible = False
1652.8347 	EXP 	window1: mouseVisible = False
1652.8513 	EXP 	window1: mouseVisible = False
1652.8680 	EXP 	window1: mouseVisible = False
1652.8847 	EXP 	window1: mouseVisible = False
1652.9013 	EXP 	window1: mouseVisible = False
1652.9180 	EXP 	window1: mouseVisible = False
1652.9349 	EXP 	window1: mouseVisible = False
1652.9513 	EXP 	window1: mouseVisible = False
1652.9679 	EXP 	window1: mouseVisible = False
1652.9846 	EXP 	window1: mouseVisible = False
1653.0012 	EXP 	window1: mouseVisible = False
1653.0179 	EXP 	window1: mouseVisible = False
1653.0346 	EXP 	window1: mouseVisible = False
1653.0513 	EXP 	window1: mouseVisible = False
1653.0680 	EXP 	window1: mouseVisible = False
1653.0845 	EXP 	window1: mouseVisible = False
1653.1013 	EXP 	window1: mouseVisible = False
1653.1179 	EXP 	window1: mouseVisible = False
1653.1353 	EXP 	window1: mouseVisible = False
1653.1514 	EXP 	window1: mouseVisible = False
1653.1683 	EXP 	window1: mouseVisible = False
1653.1846 	EXP 	window1: mouseVisible = False
1653.2015 	EXP 	window1: mouseVisible = False
1653.2181 	EXP 	window1: mouseVisible = False
1653.2349 	EXP 	window1: mouseVisible = False
1653.2514 	EXP 	window1: mouseVisible = False
1653.2681 	EXP 	window1: mouseVisible = False
1653.2846 	EXP 	window1: mouseVisible = False
1653.3013 	EXP 	window1: mouseVisible = False
1653.3179 	EXP 	window1: mouseVisible = False
1653.3347 	EXP 	window1: mouseVisible = False
1653.3513 	EXP 	window1: mouseVisible = False
1653.3680 	EXP 	window1: mouseVisible = False
1653.3846 	EXP 	window1: mouseVisible = False
1653.4013 	EXP 	window1: mouseVisible = False
1653.4179 	EXP 	window1: mouseVisible = False
1653.4347 	EXP 	window1: mouseVisible = False
1653.4513 	EXP 	window1: mouseVisible = False
1653.4680 	EXP 	window1: mouseVisible = False
1653.4846 	EXP 	window1: mouseVisible = False
1653.5013 	EXP 	window1: mouseVisible = False
1653.5180 	EXP 	window1: mouseVisible = False
1653.5346 	EXP 	window1: mouseVisible = False
1653.5513 	EXP 	window1: mouseVisible = False
1653.5679 	EXP 	window1: mouseVisible = False
1653.5846 	EXP 	window1: mouseVisible = False
1653.6013 	EXP 	window1: mouseVisible = False
1653.6179 	EXP 	window1: mouseVisible = False
1653.6346 	EXP 	window1: mouseVisible = False
1653.6513 	EXP 	window1: mouseVisible = False
1653.6680 	EXP 	window1: mouseVisible = False
1653.6846 	EXP 	window1: mouseVisible = False
1653.7013 	EXP 	window1: mouseVisible = False
1653.7180 	EXP 	window1: mouseVisible = False
1653.7349 	EXP 	window1: mouseVisible = False
1653.7513 	EXP 	window1: mouseVisible = False
1653.7680 	EXP 	window1: mouseVisible = False
1653.7847 	EXP 	window1: mouseVisible = False
1653.8014 	EXP 	window1: mouseVisible = False
1653.8180 	EXP 	window1: mouseVisible = False
1653.8347 	EXP 	window1: mouseVisible = False
1653.8524 	EXP 	window1: mouseVisible = False
1653.8681 	EXP 	window1: mouseVisible = False
1653.8847 	EXP 	window1: mouseVisible = False
1653.9014 	EXP 	window1: mouseVisible = False
1653.9180 	EXP 	window1: mouseVisible = False
1653.9347 	EXP 	window1: mouseVisible = False
1653.9514 	EXP 	window1: mouseVisible = False
1653.9681 	EXP 	window1: mouseVisible = False
1653.9847 	EXP 	window1: mouseVisible = False
1654.0013 	EXP 	window1: mouseVisible = False
1654.0180 	EXP 	window1: mouseVisible = False
1654.0347 	EXP 	window1: mouseVisible = False
1654.0514 	EXP 	window1: mouseVisible = False
1654.0680 	EXP 	window1: mouseVisible = False
1654.0847 	EXP 	window1: mouseVisible = False
1654.1010 	DATA 	Keypress: m
1654.1015 	EXP 	window1: mouseVisible = False
1654.1180 	EXP 	window1: mouseVisible = False
1654.1347 	EXP 	window1: mouseVisible = False
1654.1514 	EXP 	window1: mouseVisible = False
1654.1681 	EXP 	window1: mouseVisible = False
1654.1847 	EXP 	window1: mouseVisible = False
1654.2014 	EXP 	window1: mouseVisible = False
1654.2182 	EXP 	window1: mouseVisible = False
1654.2347 	EXP 	window1: mouseVisible = False
1654.2513 	EXP 	window1: mouseVisible = False
1654.2682 	EXP 	window1: mouseVisible = False
1654.2847 	EXP 	window1: mouseVisible = False
1654.3014 	EXP 	window1: mouseVisible = False
1654.3181 	EXP 	window1: mouseVisible = False
1654.3347 	EXP 	window1: mouseVisible = False
1654.3514 	EXP 	window1: mouseVisible = False
1654.3681 	EXP 	window1: mouseVisible = False
1654.3854 	DATA 	Keypress: space
1654.4855 	EXP 	New trial (rep=1, index=0): None
1654.4999 	EXP 	main_text: autoDraw = True
1654.4999 	EXP 	confirm_text: autoDraw = True
1654.4999 	EXP 	ratingScale: autoDraw = False
1654.4999 	EXP 	main_text: autoDraw = False
1654.4999 	EXP 	confirm_text: autoDraw = False
1654.4999 	EXP 	text_eva: autoDraw = True
1654.4999 	EXP 	croix_2: autoDraw = True
1659.4999 	EXP 	text_eva: autoDraw = False
1659.4999 	EXP 	croix_2: autoDraw = False
1659.4999 	EXP 	text_eva: autoDraw = False
1659.4999 	EXP 	croix_2: autoDraw = False
1659.4999 	EXP 	thermode_locali_EVA: autoDraw = True
1671.4838 	EXP 	window1: mouseVisible = True
1671.4847 	EXP 	Created unnamed Rect = Rect(__class__=<class 'psychopy.visual.rect.Rect'>, anchor=('center', 'center'), autoDraw=False, autoLog=True, closeShape=True, color=method-wrapper(...), colorSpace='rgb', contrast=None, depth=0, draggable=False, fillColor=array([1, 1, 1]), fillColorSpace='rgb', fillRGB=array([1, 1, 1]), interpolate=True, lineColor=array([1., 1., 1.]), lineColorSpace='rgb', lineRGB=array([1, 1, 1]), lineWidth=1.5, name='unnamed Rect', opacity=1.0, ori=0.0, pos=array([0., 0.]), size=array([0.01, 0.1 ]), units='norm', vertices=ndarray(...), win=Window(...))
1671.4847 	EXP 	window1: mouseVisible = True
1671.4849 	EXP 	window1: mouseVisible = True
1671.4854 	EXP 	window1: mouseVisible = True
1671.4870 	EXP 	window1: mouseVisible = True
1671.4882 	EXP 	window1: mouseVisible = True
1671.4884 	EXP 	window1: mouseVisible = True
1671.4885 	EXP 	window1: mouseVisible = True
1671.4886 	EXP 	window1: mouseVisible = True
1671.4888 	EXP 	window1: mouseVisible = True
1671.4889 	EXP 	window1: mouseVisible = True
1671.4890 	EXP 	window1: mouseVisible = True
1671.4892 	EXP 	window1: mouseVisible = True
1671.4893 	EXP 	window1: mouseVisible = True
1671.4894 	EXP 	window1: mouseVisible = True
1671.4896 	EXP 	window1: mouseVisible = True
1671.4898 	EXP 	window1: mouseVisible = True
1671.4899 	EXP 	window1: mouseVisible = True
1671.4901 	EXP 	window1: mouseVisible = True
1671.4902 	EXP 	window1: mouseVisible = True
1671.4903 	EXP 	window1: mouseVisible = True
1671.4905 	EXP 	window1: mouseVisible = True
1671.4906 	EXP 	window1: mouseVisible = True
1671.4907 	EXP 	window1: mouseVisible = True
1671.4909 	EXP 	window1: mouseVisible = True
1671.4910 	EXP 	window1: mouseVisible = True
1671.4911 	EXP 	window1: mouseVisible = True
1671.4913 	EXP 	window1: mouseVisible = True
1671.4914 	EXP 	window1: mouseVisible = True
1671.4915 	EXP 	window1: mouseVisible = True
1671.4916 	EXP 	window1: mouseVisible = True
1671.4918 	EXP 	window1: mouseVisible = True
1671.4919 	EXP 	window1: mouseVisible = True
1671.4920 	EXP 	window1: mouseVisible = True
1671.4921 	EXP 	window1: mouseVisible = True
1671.4923 	EXP 	window1: mouseVisible = True
1671.4924 	EXP 	window1: mouseVisible = True
1671.4926 	EXP 	window1: mouseVisible = True
1671.4927 	EXP 	window1: mouseVisible = True
1671.4928 	EXP 	window1: mouseVisible = True
1671.4931 	EXP 	window1: mouseVisible = True
1671.4932 	EXP 	window1: mouseVisible = True
1671.4934 	EXP 	window1: mouseVisible = True
1671.4935 	EXP 	window1: mouseVisible = True
1671.4936 	EXP 	window1: mouseVisible = True
1671.4938 	EXP 	window1: mouseVisible = True
1671.4939 	EXP 	window1: mouseVisible = True
1671.4940 	EXP 	window1: mouseVisible = True
1671.4942 	EXP 	window1: mouseVisible = True
1671.4943 	EXP 	window1: mouseVisible = True
1671.4944 	EXP 	window1: mouseVisible = True
1671.4946 	EXP 	window1: mouseVisible = True
1671.4947 	EXP 	window1: mouseVisible = True
1671.4948 	EXP 	window1: mouseVisible = True
1671.4949 	EXP 	window1: mouseVisible = True
1671.4951 	EXP 	window1: mouseVisible = True
1671.4952 	EXP 	window1: mouseVisible = True
1671.4953 	EXP 	window1: mouseVisible = True
1671.4954 	EXP 	window1: mouseVisible = True
1671.4956 	EXP 	window1: mouseVisible = True
1671.4957 	EXP 	window1: mouseVisible = True
1671.4958 	EXP 	window1: mouseVisible = True
1671.4959 	EXP 	window1: mouseVisible = True
1671.4961 	EXP 	window1: mouseVisible = True
1671.4962 	EXP 	window1: mouseVisible = True
1671.4963 	EXP 	window1: mouseVisible = True
1671.4964 	EXP 	window1: mouseVisible = True
1671.4966 	EXP 	window1: mouseVisible = True
1671.4970 	EXP 	window1: mouseVisible = True
1671.4972 	EXP 	window1: mouseVisible = True
1671.4973 	EXP 	window1: mouseVisible = True
1671.4975 	EXP 	window1: mouseVisible = True
1671.4976 	EXP 	window1: mouseVisible = True
1671.4977 	EXP 	window1: mouseVisible = True
1671.4979 	EXP 	window1: mouseVisible = True
1671.4980 	EXP 	window1: mouseVisible = True
1671.4981 	EXP 	window1: mouseVisible = True
1671.4982 	EXP 	window1: mouseVisible = True
1671.4984 	EXP 	window1: mouseVisible = True
1671.4986 	EXP 	window1: mouseVisible = True
1671.4987 	EXP 	window1: mouseVisible = True
1671.4989 	EXP 	window1: mouseVisible = True
1671.4990 	EXP 	window1: mouseVisible = True
1671.4991 	EXP 	window1: mouseVisible = True
1671.4992 	EXP 	window1: mouseVisible = True
1671.4994 	EXP 	window1: mouseVisible = True
1671.4995 	EXP 	window1: mouseVisible = True
1671.4996 	EXP 	window1: mouseVisible = True
1671.4997 	EXP 	window1: mouseVisible = True
1671.4999 	EXP 	window1: mouseVisible = True
1671.5000 	EXP 	window1: mouseVisible = True
1671.5001 	EXP 	window1: mouseVisible = True
1671.5002 	EXP 	window1: mouseVisible = True
1671.5004 	EXP 	window1: mouseVisible = True
1671.5005 	EXP 	window1: mouseVisible = True
1671.5006 	EXP 	window1: mouseVisible = True
1671.5007 	EXP 	window1: mouseVisible = True
1671.5009 	EXP 	window1: mouseVisible = True
1671.5010 	EXP 	window1: mouseVisible = True
1671.5012 	EXP 	window1: mouseVisible = True
1671.5013 	EXP 	window1: mouseVisible = True
1671.5014 	EXP 	window1: mouseVisible = True
1671.5015 	EXP 	window1: mouseVisible = True
1671.5017 	EXP 	window1: mouseVisible = True
1671.5018 	EXP 	window1: mouseVisible = True
1671.5038 	EXP 	Created ratingScale = RatingScale(__class__=type(...), acceptKeys=['return'], acceptPreText=UNKNOWN, acceptSize=UNKNOWN, acceptText=UNKNOWN, autoLog=True, choices=False, colorSpace='rgb', depth=0, disappear=False, flipVert=False, high=100, kwargs=UNKNOWN, labels=list(...), leftKeys=['left'], lineColor=(255, 255, 255), low=0, marker=Rect(...), markerColor=(255, 255, 255), markerExpansion=UNKNOWN, markerStart=0.5, maxTime=0.0, minTime=0.4, mouseOnly=False, name='ratingScale', noMouse=False, pos=[0.0, 0.0], precision=100, respKeys=[], rightKeys=['right'], scale=None, self=UNKNOWN, showAccept=False, showValue=False, singleClick=False, size=0.6, skipKeys=['tab'], stretch=2.0, textColor='white', textFont='Helvetica Bold', textSize=0.144, tickHeight=0, tickMarks=10.0, win=Window(...))
1671.5038 	EXP 	RatingScale ratingScale: reset()
1671.5058 	EXP 	window1: mouseVisible = False
1671.5168 	EXP 	thermode_locali_EVA: autoDraw = False
1671.5168 	EXP 	thermode_locali_EVA: autoDraw = False
1671.5168 	EXP 	ratingScale: flipVert = False
1671.5168 	EXP 	ratingScale: autoLog = True
1671.5183 	EXP 	window1: mouseVisible = False
1671.5349 	EXP 	window1: mouseVisible = False
1671.5516 	EXP 	window1: mouseVisible = False
1671.5682 	EXP 	window1: mouseVisible = False
1671.5849 	EXP 	window1: mouseVisible = False
1671.6016 	EXP 	window1: mouseVisible = False
1671.6184 	EXP 	window1: mouseVisible = False
1671.6349 	EXP 	window1: mouseVisible = False
1671.6516 	EXP 	window1: mouseVisible = False
1671.6683 	EXP 	window1: mouseVisible = False
1671.6849 	EXP 	window1: mouseVisible = False
1671.7016 	EXP 	window1: mouseVisible = False
1671.7182 	EXP 	window1: mouseVisible = False
1671.7350 	EXP 	window1: mouseVisible = False
1671.7516 	EXP 	window1: mouseVisible = False
1671.7683 	EXP 	window1: mouseVisible = False
1671.7849 	EXP 	window1: mouseVisible = False
1671.8016 	EXP 	window1: mouseVisible = False
1671.8183 	EXP 	window1: mouseVisible = False
1671.8349 	EXP 	window1: mouseVisible = False
1671.8516 	EXP 	window1: mouseVisible = False
1671.8683 	EXP 	window1: mouseVisible = False
1671.8849 	EXP 	window1: mouseVisible = False
1671.9016 	EXP 	window1: mouseVisible = False
1671.9182 	EXP 	window1: mouseVisible = False
1671.9353 	EXP 	window1: mouseVisible = False
1671.9515 	EXP 	window1: mouseVisible = False
1671.9683 	EXP 	window1: mouseVisible = False
1671.9849 	EXP 	window1: mouseVisible = False
1672.0015 	EXP 	window1: mouseVisible = False
1672.0182 	EXP 	window1: mouseVisible = False
1672.0367 	EXP 	window1: mouseVisible = False
1672.0518 	EXP 	window1: mouseVisible = False
1672.0682 	EXP 	window1: mouseVisible = False
1672.0848 	EXP 	window1: mouseVisible = False
1672.1011 	DATA 	Keypress: m
1672.1017 	EXP 	window1: mouseVisible = False
1672.1181 	EXP 	window1: mouseVisible = False
1672.1348 	EXP 	window1: mouseVisible = False
1672.1517 	EXP 	window1: mouseVisible = False
1672.1683 	EXP 	window1: mouseVisible = False
1672.1850 	EXP 	window1: mouseVisible = False
1672.2015 	EXP 	window1: mouseVisible = False
1672.2182 	EXP 	window1: mouseVisible = False
1672.2349 	EXP 	window1: mouseVisible = False
1672.2519 	EXP 	window1: mouseVisible = False
1672.2682 	EXP 	window1: mouseVisible = False
1672.2849 	EXP 	window1: mouseVisible = False
1672.3016 	EXP 	window1: mouseVisible = False
1672.3182 	EXP 	window1: mouseVisible = False
1672.3349 	EXP 	window1: mouseVisible = False
1672.3515 	EXP 	window1: mouseVisible = False
1672.3683 	EXP 	window1: mouseVisible = False
1672.3849 	EXP 	window1: mouseVisible = False
1672.4016 	EXP 	window1: mouseVisible = False
1672.4182 	EXP 	window1: mouseVisible = False
1672.4349 	EXP 	window1: mouseVisible = False
1672.4516 	EXP 	window1: mouseVisible = False
1672.4683 	EXP 	window1: mouseVisible = False
1672.4849 	EXP 	window1: mouseVisible = False
1672.5016 	EXP 	window1: mouseVisible = False
1672.5183 	EXP 	window1: mouseVisible = False
1672.5349 	EXP 	window1: mouseVisible = False
1672.5516 	EXP 	window1: mouseVisible = False
1672.5682 	EXP 	window1: mouseVisible = False
1672.5849 	EXP 	window1: mouseVisible = False
1672.6020 	EXP 	window1: mouseVisible = False
1672.6186 	EXP 	window1: mouseVisible = False
1672.6350 	EXP 	window1: mouseVisible = False
1672.6516 	EXP 	window1: mouseVisible = False
1672.6683 	EXP 	window1: mouseVisible = False
1672.6850 	EXP 	window1: mouseVisible = False
1672.7016 	EXP 	window1: mouseVisible = False
1672.7183 	EXP 	window1: mouseVisible = False
1672.7350 	EXP 	window1: mouseVisible = False
1672.7515 	EXP 	window1: mouseVisible = False
1672.7682 	EXP 	window1: mouseVisible = False
1672.7849 	EXP 	window1: mouseVisible = False
1672.8016 	EXP 	window1: mouseVisible = False
1672.8183 	EXP 	window1: mouseVisible = False
1672.8349 	EXP 	window1: mouseVisible = False
1672.8516 	EXP 	window1: mouseVisible = False
1672.8682 	EXP 	window1: mouseVisible = False
1672.8849 	EXP 	window1: mouseVisible = False
1672.9016 	EXP 	window1: mouseVisible = False
1672.9183 	EXP 	window1: mouseVisible = False
1672.9349 	EXP 	window1: mouseVisible = False
1672.9517 	EXP 	window1: mouseVisible = False
1672.9683 	EXP 	window1: mouseVisible = False
1672.9849 	EXP 	window1: mouseVisible = False
1673.0016 	EXP 	window1: mouseVisible = False
1673.0186 	EXP 	window1: mouseVisible = False
1673.0355 	EXP 	window1: mouseVisible = False
1673.0517 	EXP 	window1: mouseVisible = False
1673.0684 	EXP 	window1: mouseVisible = False
1673.0851 	EXP 	window1: mouseVisible = False
1673.1017 	EXP 	window1: mouseVisible = False
1673.1186 	EXP 	window1: mouseVisible = False
1673.1351 	EXP 	window1: mouseVisible = False
1673.1517 	EXP 	window1: mouseVisible = False
1673.1682 	EXP 	window1: mouseVisible = False
1673.1849 	EXP 	window1: mouseVisible = False
1673.2016 	EXP 	window1: mouseVisible = False
1673.2182 	EXP 	window1: mouseVisible = False
1673.2349 	EXP 	window1: mouseVisible = False
1673.2518 	EXP 	window1: mouseVisible = False
1673.2682 	EXP 	window1: mouseVisible = False
1673.2848 	EXP 	window1: mouseVisible = False
1673.3016 	EXP 	window1: mouseVisible = False
1673.3182 	EXP 	window1: mouseVisible = False
1673.3348 	EXP 	window1: mouseVisible = False
1673.3515 	EXP 	window1: mouseVisible = False
1673.3682 	EXP 	window1: mouseVisible = False
1673.3848 	EXP 	window1: mouseVisible = False
1673.4017 	EXP 	window1: mouseVisible = False
1673.4182 	EXP 	window1: mouseVisible = False
1673.4349 	EXP 	window1: mouseVisible = False
1673.4516 	EXP 	window1: mouseVisible = False
1673.4682 	EXP 	window1: mouseVisible = False
1673.4849 	EXP 	window1: mouseVisible = False
1673.5016 	EXP 	window1: mouseVisible = False
1673.5183 	EXP 	window1: mouseVisible = False
1673.5349 	EXP 	window1: mouseVisible = False
1673.5518 	EXP 	window1: mouseVisible = False
1673.5682 	EXP 	window1: mouseVisible = False
1673.5849 	EXP 	window1: mouseVisible = False
1673.6016 	EXP 	window1: mouseVisible = False
1673.6185 	EXP 	window1: mouseVisible = False
1673.6350 	EXP 	window1: mouseVisible = False
1673.6516 	EXP 	window1: mouseVisible = False
1673.6683 	EXP 	window1: mouseVisible = False
1673.6849 	EXP 	window1: mouseVisible = False
1673.7016 	EXP 	window1: mouseVisible = False
1673.7182 	EXP 	window1: mouseVisible = False
1673.7349 	EXP 	window1: mouseVisible = False
1673.7516 	EXP 	window1: mouseVisible = False
1673.7682 	EXP 	window1: mouseVisible = False
1673.7849 	EXP 	window1: mouseVisible = False
1673.8016 	EXP 	window1: mouseVisible = False
1673.8184 	DATA 	Keypress: space
1673.9335 	EXP 	main_text: autoDraw = True
1673.9335 	EXP 	confirm_text: autoDraw = True
1673.9335 	EXP 	ratingScale: autoDraw = False
1673.9335 	EXP 	main_text: autoDraw = False
1673.9335 	EXP 	confirm_text: autoDraw = False
1673.9335 	EXP 	text_8: autoDraw = True
1675.2171 	EXP 	Created sequence: random, trialTypes=1, nReps=4, seed=None
1675.2172 	EXP 	New trial (rep=0, index=0): None
1675.2188 	DATA 	Keypress: p
1675.2335 	EXP 	text_8: autoDraw = False
1675.2335 	EXP 	text_pic: autoDraw = True
1675.2335 	EXP 	croix_3: autoDraw = True
1680.2336 	EXP 	text_pic: autoDraw = False
1680.2336 	EXP 	croix_3: autoDraw = False
1680.2336 	EXP 	text_pic: autoDraw = False
1680.2336 	EXP 	croix_3: autoDraw = False
1680.2336 	EXP 	thermode_locali_pic: height = 0.02
1680.2336 	EXP 	thermode_locali_pic: height = 0.02
1680.2336 	EXP 	thermode_locali_pic: height = 0.02
1680.2336 	EXP 	thermode_locali_pic: text = 'T : 0'
1680.2336 	EXP 	responsel: text = 'NON              '
1680.2336 	EXP 	thermode_locali_pic: autoDraw = True
1688.2170 	EXP 	responsel: autoDraw = True
1688.2170 	EXP 	percu_or: autoDraw = True
1688.2170 	EXP 	responser: autoDraw = True
1688.9348 	DATA 	Keypress: m
1688.9669 	EXP 	responsel: foreColor = (0, 0, 0)
1688.9836 	EXP 	responsel: foreColor = (0, 0, 0)
1689.0002 	EXP 	responsel: foreColor = (0, 0, 0)
1689.0169 	EXP 	responsel: foreColor = (0, 0, 0)
1689.0336 	EXP 	responsel: foreColor = (0, 0, 0)
1689.0502 	EXP 	responsel: foreColor = (0, 0, 0)
1689.0669 	EXP 	responsel: foreColor = (0, 0, 0)
1689.0836 	EXP 	responsel: foreColor = (0, 0, 0)
1689.1002 	EXP 	responsel: foreColor = (0, 0, 0)
1689.1169 	EXP 	responsel: foreColor = (0, 0, 0)
1689.1336 	EXP 	responsel: foreColor = (0, 0, 0)
1689.1502 	EXP 	responsel: foreColor = (0, 0, 0)
1689.1669 	EXP 	responsel: foreColor = (0, 0, 0)
1689.1836 	EXP 	responsel: foreColor = (0, 0, 0)
1689.2002 	EXP 	responsel: foreColor = (0, 0, 0)
1689.2169 	EXP 	responsel: foreColor = (0, 0, 0)
1689.2336 	EXP 	responsel: foreColor = (0, 0, 0)
1689.2502 	EXP 	responsel: foreColor = (0, 0, 0)
1689.2669 	EXP 	responsel: foreColor = (0, 0, 0)
1689.2836 	EXP 	responsel: foreColor = (0, 0, 0)
1689.3002 	EXP 	responsel: foreColor = (0, 0, 0)
1689.3169 	EXP 	responsel: foreColor = (0, 0, 0)
1689.3336 	EXP 	responsel: foreColor = (0, 0, 0)
1689.3502 	EXP 	responsel: foreColor = (0, 0, 0)
1689.3669 	EXP 	responsel: foreColor = (0, 0, 0)
1689.3836 	EXP 	responsel: foreColor = (0, 0, 0)
1689.4003 	EXP 	responsel: foreColor = (0, 0, 0)
1689.4169 	EXP 	responsel: foreColor = (0, 0, 0)
1689.4336 	EXP 	responsel: foreColor = (0, 0, 0)
1689.4502 	EXP 	responsel: foreColor = (0, 0, 0)
1689.4669 	EXP 	responsel: foreColor = (0, 0, 0)
1689.4836 	EXP 	responsel: foreColor = (0, 0, 0)
1689.5002 	EXP 	responsel: foreColor = (0, 0, 0)
1689.5169 	EXP 	responsel: foreColor = (0, 0, 0)
1689.5336 	EXP 	responsel: foreColor = (0, 0, 0)
1689.5502 	EXP 	responsel: foreColor = (0, 0, 0)
1689.5669 	EXP 	responsel: foreColor = (0, 0, 0)
1689.5836 	EXP 	responsel: foreColor = (0, 0, 0)
1689.6002 	EXP 	responsel: foreColor = (0, 0, 0)
1689.6169 	EXP 	responsel: foreColor = (0, 0, 0)
1689.6336 	EXP 	responsel: foreColor = (0, 0, 0)
1689.6502 	EXP 	responsel: foreColor = (0, 0, 0)
1689.6669 	EXP 	responsel: foreColor = (0, 0, 0)
1689.6836 	EXP 	responsel: foreColor = (0, 0, 0)
1689.7002 	EXP 	responsel: foreColor = (0, 0, 0)
1689.7169 	EXP 	responsel: foreColor = (0, 0, 0)
1689.7336 	EXP 	responsel: foreColor = (0, 0, 0)
1689.7502 	EXP 	responsel: foreColor = (0, 0, 0)
1689.7669 	EXP 	responsel: foreColor = (0, 0, 0)
1689.7836 	EXP 	responsel: foreColor = (0, 0, 0)
1689.8002 	EXP 	responsel: foreColor = (0, 0, 0)
1689.8169 	EXP 	responsel: foreColor = (0, 0, 0)
1689.8336 	EXP 	responsel: foreColor = (0, 0, 0)
1689.8502 	EXP 	responsel: foreColor = (0, 0, 0)
1689.8669 	EXP 	responsel: foreColor = (0, 0, 0)
1689.8836 	EXP 	responsel: foreColor = (0, 0, 0)
1689.9002 	EXP 	responsel: foreColor = (0, 0, 0)
1689.9169 	EXP 	responsel: foreColor = (0, 0, 0)
1689.9336 	EXP 	responsel: foreColor = (0, 0, 0)
1689.9502 	EXP 	responsel: foreColor = (0, 0, 0)
1689.9669 	EXP 	responsel: foreColor = (0, 0, 0)
1689.9836 	EXP 	responsel: foreColor = (0, 0, 0)
1690.0002 	EXP 	responsel: foreColor = (0, 0, 0)
1690.0169 	EXP 	responsel: foreColor = (0, 0, 0)
1690.0336 	EXP 	responsel: foreColor = (0, 0, 0)
1690.0502 	EXP 	responsel: foreColor = (0, 0, 0)
1690.0669 	EXP 	responsel: foreColor = (0, 0, 0)
1690.0836 	EXP 	responsel: foreColor = (0, 0, 0)
1690.1002 	EXP 	responsel: foreColor = (0, 0, 0)
1690.1169 	EXP 	responsel: foreColor = (0, 0, 0)
1690.1336 	EXP 	responsel: foreColor = (0, 0, 0)
1690.1502 	EXP 	responsel: foreColor = (0, 0, 0)
1690.1669 	EXP 	responsel: foreColor = (0, 0, 0)
1690.1836 	EXP 	responsel: foreColor = (0, 0, 0)
1690.2002 	EXP 	responsel: foreColor = (0, 0, 0)
1690.2169 	EXP 	responsel: foreColor = (0, 0, 0)
1690.2336 	EXP 	responsel: foreColor = (0, 0, 0)
1690.2502 	EXP 	responsel: foreColor = (0, 0, 0)
1690.2669 	EXP 	responsel: foreColor = (0, 0, 0)
1690.2836 	EXP 	responsel: foreColor = (0, 0, 0)
1690.3002 	EXP 	responsel: foreColor = (0, 0, 0)
1690.3169 	EXP 	responsel: foreColor = (0, 0, 0)
1690.3336 	EXP 	responsel: foreColor = (0, 0, 0)
1690.3502 	EXP 	responsel: foreColor = (0, 0, 0)
1690.3669 	EXP 	responsel: foreColor = (0, 0, 0)
1690.3836 	EXP 	responsel: foreColor = (0, 0, 0)
1690.4002 	EXP 	responsel: foreColor = (0, 0, 0)
1690.4169 	EXP 	responsel: foreColor = (0, 0, 0)
1690.4336 	EXP 	responsel: foreColor = (0, 0, 0)
1690.4502 	EXP 	responsel: foreColor = (0, 0, 0)
1690.4669 	EXP 	responsel: foreColor = (0, 0, 0)
1690.4836 	EXP 	responsel: foreColor = (0, 0, 0)
1690.5002 	EXP 	responsel: foreColor = (0, 0, 0)
1690.5169 	EXP 	responsel: foreColor = (0, 0, 0)
1690.5336 	EXP 	responsel: foreColor = (0, 0, 0)
1690.5502 	EXP 	responsel: foreColor = (0, 0, 0)
1690.5669 	EXP 	responsel: foreColor = (0, 0, 0)
1690.5836 	EXP 	responsel: foreColor = (0, 0, 0)
1690.6002 	EXP 	responsel: foreColor = (0, 0, 0)
1690.6169 	EXP 	responsel: foreColor = (0, 0, 0)
1690.6336 	EXP 	responsel: foreColor = (0, 0, 0)
1690.6502 	EXP 	responsel: foreColor = (0, 0, 0)
1690.6669 	EXP 	responsel: foreColor = (0, 0, 0)
1690.6836 	EXP 	responsel: foreColor = (0, 0, 0)
1690.7003 	EXP 	responsel: foreColor = (0, 0, 0)
1690.7169 	EXP 	responsel: foreColor = (0, 0, 0)
1690.7336 	EXP 	responsel: foreColor = (0, 0, 0)
1690.7503 	EXP 	responsel: foreColor = (0, 0, 0)
1690.7669 	EXP 	responsel: foreColor = (0, 0, 0)
1690.7836 	EXP 	responsel: foreColor = (0, 0, 0)
1690.8002 	EXP 	responsel: foreColor = (0, 0, 0)
1690.8169 	EXP 	responsel: foreColor = (0, 0, 0)
1690.8336 	EXP 	responsel: foreColor = (0, 0, 0)
1690.8502 	EXP 	responsel: foreColor = (0, 0, 0)
1690.8669 	EXP 	responsel: foreColor = (0, 0, 0)
1690.8836 	EXP 	responsel: foreColor = (0, 0, 0)
1690.9002 	EXP 	responsel: foreColor = (0, 0, 0)
1690.9169 	EXP 	responsel: foreColor = (0, 0, 0)
1690.9336 	EXP 	responsel: foreColor = (0, 0, 0)
1690.9502 	EXP 	responsel: foreColor = (0, 0, 0)
1690.9669 	EXP 	responsel: foreColor = (0, 0, 0)
1690.9836 	EXP 	responsel: foreColor = (0, 0, 0)
1691.0002 	EXP 	responsel: foreColor = (0, 0, 0)
1691.0169 	EXP 	responsel: foreColor = (0, 0, 0)
1691.0336 	EXP 	responsel: foreColor = (0, 0, 0)
1691.0503 	EXP 	responsel: foreColor = (0, 0, 0)
1691.0669 	EXP 	responsel: foreColor = (0, 0, 0)
1691.0836 	EXP 	responsel: foreColor = (0, 0, 0)
1691.1003 	EXP 	responsel: foreColor = (0, 0, 0)
1691.1169 	EXP 	responsel: foreColor = (0, 0, 0)
1691.1336 	EXP 	responsel: foreColor = (0, 0, 0)
1691.1502 	EXP 	responsel: foreColor = (0, 0, 0)
1691.1669 	EXP 	responsel: foreColor = (0, 0, 0)
1691.1836 	EXP 	responsel: foreColor = (0, 0, 0)
1691.1836 	EXP 	thermode_locali_pic: autoDraw = False
1691.2002 	EXP 	responsel: foreColor = (0, 0, 0)
1691.2008 	EXP 	New trial (rep=1, index=0): None
1691.2169 	EXP 	responsel: foreColor = (0, 0, 0)
1691.2169 	EXP 	responsel: autoDraw = False
1691.2169 	EXP 	percu_or: autoDraw = False
1691.2169 	EXP 	responser: autoDraw = False
1691.2169 	EXP 	thermode_locali_pic: autoDraw = False
1691.2169 	EXP 	responsel: autoDraw = False
1691.2169 	EXP 	percu_or: autoDraw = False
1691.2169 	EXP 	responser: autoDraw = False
1691.2169 	EXP 	responsel: foreColor = 'white'
1691.2169 	EXP 	responser: foreColor = 'white'
1691.2169 	EXP 	text_pic: autoDraw = True
1691.2169 	EXP 	croix_3: autoDraw = True
1696.2170 	EXP 	text_pic: autoDraw = False
1696.2170 	EXP 	croix_3: autoDraw = False
1696.2170 	EXP 	text_pic: autoDraw = False
1696.2170 	EXP 	croix_3: autoDraw = False
1696.2170 	EXP 	thermode_locali_pic: height = 0.02
1696.2170 	EXP 	thermode_locali_pic: height = 0.02
1696.2170 	EXP 	thermode_locali_pic: height = 0.02
1696.2170 	EXP 	thermode_locali_pic: text = 'T : 1'
1696.2170 	EXP 	responsel: text = 'NON              '
1696.2170 	EXP 	thermode_locali_pic: autoDraw = True
1704.2004 	EXP 	responsel: autoDraw = True
1704.2004 	EXP 	percu_or: autoDraw = True
1704.2004 	EXP 	responser: autoDraw = True
1704.6183 	DATA 	Keypress: m
1704.6504 	EXP 	responsel: foreColor = (0, 0, 0)
1704.6671 	EXP 	responsel: foreColor = (0, 0, 0)
1704.6838 	EXP 	responsel: foreColor = (0, 0, 0)
1704.7004 	EXP 	responsel: foreColor = (0, 0, 0)
1704.7171 	EXP 	responsel: foreColor = (0, 0, 0)
1704.7338 	EXP 	responsel: foreColor = (0, 0, 0)
1704.7504 	EXP 	responsel: foreColor = (0, 0, 0)
1704.7671 	EXP 	responsel: foreColor = (0, 0, 0)
1704.7838 	EXP 	responsel: foreColor = (0, 0, 0)
1704.8004 	EXP 	responsel: foreColor = (0, 0, 0)
1704.8171 	EXP 	responsel: foreColor = (0, 0, 0)
1704.8338 	EXP 	responsel: foreColor = (0, 0, 0)
1704.8504 	EXP 	responsel: foreColor = (0, 0, 0)
1704.8672 	EXP 	responsel: foreColor = (0, 0, 0)
1704.8839 	EXP 	responsel: foreColor = (0, 0, 0)
1704.9005 	EXP 	responsel: foreColor = (0, 0, 0)
1704.9172 	EXP 	responsel: foreColor = (0, 0, 0)
1704.9339 	EXP 	responsel: foreColor = (0, 0, 0)
1704.9505 	EXP 	responsel: foreColor = (0, 0, 0)
1704.9671 	EXP 	responsel: foreColor = (0, 0, 0)
1704.9838 	EXP 	responsel: foreColor = (0, 0, 0)
1705.0004 	EXP 	responsel: foreColor = (0, 0, 0)
1705.0171 	EXP 	responsel: foreColor = (0, 0, 0)
1705.0338 	EXP 	responsel: foreColor = (0, 0, 0)
1705.0504 	EXP 	responsel: foreColor = (0, 0, 0)
1705.0671 	EXP 	responsel: foreColor = (0, 0, 0)
1705.0838 	EXP 	responsel: foreColor = (0, 0, 0)
1705.1004 	EXP 	responsel: foreColor = (0, 0, 0)
1705.1171 	EXP 	responsel: foreColor = (0, 0, 0)
1705.1338 	EXP 	responsel: foreColor = (0, 0, 0)
1705.1504 	EXP 	responsel: foreColor = (0, 0, 0)
1705.1671 	EXP 	responsel: foreColor = (0, 0, 0)
1705.1838 	EXP 	responsel: foreColor = (0, 0, 0)
1705.2004 	EXP 	responsel: foreColor = (0, 0, 0)
1705.2171 	EXP 	responsel: foreColor = (0, 0, 0)
1705.2338 	EXP 	responsel: foreColor = (0, 0, 0)
1705.2505 	EXP 	responsel: foreColor = (0, 0, 0)
1705.2671 	EXP 	responsel: foreColor = (0, 0, 0)
1705.2838 	EXP 	responsel: foreColor = (0, 0, 0)
1705.3004 	EXP 	responsel: foreColor = (0, 0, 0)
1705.3171 	EXP 	responsel: foreColor = (0, 0, 0)
1705.3338 	EXP 	responsel: foreColor = (0, 0, 0)
1705.3505 	EXP 	responsel: foreColor = (0, 0, 0)
1705.3671 	EXP 	responsel: foreColor = (0, 0, 0)
1705.3838 	EXP 	responsel: foreColor = (0, 0, 0)
1705.4005 	EXP 	responsel: foreColor = (0, 0, 0)
1705.4171 	EXP 	responsel: foreColor = (0, 0, 0)
1705.4338 	EXP 	responsel: foreColor = (0, 0, 0)
1705.4504 	EXP 	responsel: foreColor = (0, 0, 0)
1705.4671 	EXP 	responsel: foreColor = (0, 0, 0)
1705.4838 	EXP 	responsel: foreColor = (0, 0, 0)
1705.5004 	EXP 	responsel: foreColor = (0, 0, 0)
1705.5171 	EXP 	responsel: foreColor = (0, 0, 0)
1705.5338 	EXP 	responsel: foreColor = (0, 0, 0)
1705.5504 	EXP 	responsel: foreColor = (0, 0, 0)
1705.5671 	EXP 	responsel: foreColor = (0, 0, 0)
1705.5838 	EXP 	responsel: foreColor = (0, 0, 0)
1705.6004 	EXP 	responsel: foreColor = (0, 0, 0)
1705.6171 	EXP 	responsel: foreColor = (0, 0, 0)
1705.6338 	EXP 	responsel: foreColor = (0, 0, 0)
1705.6505 	EXP 	responsel: foreColor = (0, 0, 0)
1705.6672 	EXP 	responsel: foreColor = (0, 0, 0)
1705.6839 	EXP 	responsel: foreColor = (0, 0, 0)
1705.7005 	EXP 	responsel: foreColor = (0, 0, 0)
1705.7172 	EXP 	responsel: foreColor = (0, 0, 0)
1705.7339 	EXP 	responsel: foreColor = (0, 0, 0)
1705.7505 	EXP 	responsel: foreColor = (0, 0, 0)
1705.7672 	EXP 	responsel: foreColor = (0, 0, 0)
1705.7839 	EXP 	responsel: foreColor = (0, 0, 0)
1705.8005 	EXP 	responsel: foreColor = (0, 0, 0)
1705.8172 	EXP 	responsel: foreColor = (0, 0, 0)
1705.8339 	EXP 	responsel: foreColor = (0, 0, 0)
1705.8505 	EXP 	responsel: foreColor = (0, 0, 0)
1705.8672 	EXP 	responsel: foreColor = (0, 0, 0)
1705.8838 	EXP 	responsel: foreColor = (0, 0, 0)
1705.9005 	EXP 	responsel: foreColor = (0, 0, 0)
1705.9172 	EXP 	responsel: foreColor = (0, 0, 0)
1705.9339 	EXP 	responsel: foreColor = (0, 0, 0)
1705.9505 	EXP 	responsel: foreColor = (0, 0, 0)
1705.9672 	EXP 	responsel: foreColor = (0, 0, 0)
1705.9839 	EXP 	responsel: foreColor = (0, 0, 0)
1706.0005 	EXP 	responsel: foreColor = (0, 0, 0)
1706.0172 	EXP 	responsel: foreColor = (0, 0, 0)
1706.0339 	EXP 	responsel: foreColor = (0, 0, 0)
1706.0505 	EXP 	responsel: foreColor = (0, 0, 0)
1706.0672 	EXP 	responsel: foreColor = (0, 0, 0)
1706.0839 	EXP 	responsel: foreColor = (0, 0, 0)
1706.1005 	EXP 	responsel: foreColor = (0, 0, 0)
1706.1172 	EXP 	responsel: foreColor = (0, 0, 0)
1706.1339 	EXP 	responsel: foreColor = (0, 0, 0)
1706.1505 	EXP 	responsel: foreColor = (0, 0, 0)
1706.1672 	EXP 	responsel: foreColor = (0, 0, 0)
1706.1840 	EXP 	responsel: foreColor = (0, 0, 0)
1706.2005 	EXP 	responsel: foreColor = (0, 0, 0)
1706.2172 	EXP 	responsel: foreColor = (0, 0, 0)
1706.2338 	EXP 	responsel: foreColor = (0, 0, 0)
1706.2505 	EXP 	responsel: foreColor = (0, 0, 0)
1706.2672 	EXP 	responsel: foreColor = (0, 0, 0)
1706.2839 	EXP 	responsel: foreColor = (0, 0, 0)
1706.3005 	EXP 	responsel: foreColor = (0, 0, 0)
1706.3172 	EXP 	responsel: foreColor = (0, 0, 0)
1706.3339 	EXP 	responsel: foreColor = (0, 0, 0)
1706.3505 	EXP 	responsel: foreColor = (0, 0, 0)
1706.3672 	EXP 	responsel: foreColor = (0, 0, 0)
1706.3839 	EXP 	responsel: foreColor = (0, 0, 0)
1706.4006 	EXP 	responsel: foreColor = (0, 0, 0)
1706.4172 	EXP 	responsel: foreColor = (0, 0, 0)
1706.4339 	EXP 	responsel: foreColor = (0, 0, 0)
1706.4505 	EXP 	responsel: foreColor = (0, 0, 0)
1706.4672 	EXP 	responsel: foreColor = (0, 0, 0)
1706.4838 	EXP 	responsel: foreColor = (0, 0, 0)
1706.5005 	EXP 	responsel: foreColor = (0, 0, 0)
1706.5172 	EXP 	responsel: foreColor = (0, 0, 0)
1706.5339 	EXP 	responsel: foreColor = (0, 0, 0)
1706.5505 	EXP 	responsel: foreColor = (0, 0, 0)
1706.5672 	EXP 	responsel: foreColor = (0, 0, 0)
1706.5839 	EXP 	responsel: foreColor = (0, 0, 0)
1706.6005 	EXP 	responsel: foreColor = (0, 0, 0)
1706.6172 	EXP 	responsel: foreColor = (0, 0, 0)
1706.6339 	EXP 	responsel: foreColor = (0, 0, 0)
1706.6506 	EXP 	responsel: foreColor = (0, 0, 0)
1706.6672 	EXP 	responsel: foreColor = (0, 0, 0)
1706.6839 	EXP 	responsel: foreColor = (0, 0, 0)
1706.7005 	EXP 	responsel: foreColor = (0, 0, 0)
1706.7172 	EXP 	responsel: foreColor = (0, 0, 0)
1706.7339 	EXP 	responsel: foreColor = (0, 0, 0)
1706.7506 	EXP 	responsel: foreColor = (0, 0, 0)
1706.7672 	EXP 	responsel: foreColor = (0, 0, 0)
1706.7839 	EXP 	responsel: foreColor = (0, 0, 0)
1706.8006 	EXP 	responsel: foreColor = (0, 0, 0)
1706.8172 	EXP 	responsel: foreColor = (0, 0, 0)
1706.8339 	EXP 	responsel: foreColor = (0, 0, 0)
1706.8505 	EXP 	responsel: foreColor = (0, 0, 0)
1706.8672 	EXP 	responsel: foreColor = (0, 0, 0)
1706.8838 	EXP 	responsel: foreColor = (0, 0, 0)
1706.9005 	EXP 	responsel: foreColor = (0, 0, 0)
1706.9172 	EXP 	responsel: foreColor = (0, 0, 0)
1706.9338 	EXP 	responsel: foreColor = (0, 0, 0)
1706.9506 	EXP 	responsel: foreColor = (0, 0, 0)
1706.9672 	EXP 	responsel: foreColor = (0, 0, 0)
1706.9839 	EXP 	responsel: foreColor = (0, 0, 0)
1707.0006 	EXP 	responsel: foreColor = (0, 0, 0)
1707.0172 	EXP 	responsel: foreColor = (0, 0, 0)
1707.0339 	EXP 	responsel: foreColor = (0, 0, 0)
1707.0506 	EXP 	responsel: foreColor = (0, 0, 0)
1707.0672 	EXP 	responsel: foreColor = (0, 0, 0)
1707.0839 	EXP 	responsel: foreColor = (0, 0, 0)
1707.1006 	EXP 	responsel: foreColor = (0, 0, 0)
1707.1172 	EXP 	responsel: foreColor = (0, 0, 0)
1707.1339 	EXP 	responsel: foreColor = (0, 0, 0)
1707.1506 	EXP 	responsel: foreColor = (0, 0, 0)
1707.1672 	EXP 	responsel: foreColor = (0, 0, 0)
1707.1672 	EXP 	thermode_locali_pic: autoDraw = False
1707.1839 	EXP 	responsel: foreColor = (0, 0, 0)
1707.1844 	EXP 	New trial (rep=2, index=0): None
1707.2006 	EXP 	responsel: foreColor = (0, 0, 0)
1707.2006 	EXP 	responsel: autoDraw = False
1707.2006 	EXP 	percu_or: autoDraw = False
1707.2006 	EXP 	responser: autoDraw = False
1707.2006 	EXP 	thermode_locali_pic: autoDraw = False
1707.2006 	EXP 	responsel: autoDraw = False
1707.2006 	EXP 	percu_or: autoDraw = False
1707.2006 	EXP 	responser: autoDraw = False
1707.2006 	EXP 	responsel: foreColor = 'white'
1707.2006 	EXP 	responser: foreColor = 'white'
1707.2006 	EXP 	text_pic: autoDraw = True
1707.2006 	EXP 	croix_3: autoDraw = True
1712.2006 	EXP 	text_pic: autoDraw = False
1712.2006 	EXP 	croix_3: autoDraw = False
1712.2006 	EXP 	text_pic: autoDraw = False
1712.2006 	EXP 	croix_3: autoDraw = False
1712.2006 	EXP 	thermode_locali_pic: height = 0.02
1712.2006 	EXP 	thermode_locali_pic: height = 0.02
1712.2006 	EXP 	thermode_locali_pic: height = 0.02
1712.2006 	EXP 	thermode_locali_pic: text = 'T : 2'
1712.2006 	EXP 	responsel: text = 'NON              '
1712.2006 	EXP 	thermode_locali_pic: autoDraw = True
1720.1840 	EXP 	responsel: autoDraw = True
1720.1840 	EXP 	percu_or: autoDraw = True
1720.1840 	EXP 	responser: autoDraw = True
1720.5851 	DATA 	Keypress: n
1720.6173 	EXP 	responser: foreColor = (0, 0, 0)
1720.6339 	EXP 	responser: foreColor = (0, 0, 0)
1720.6506 	EXP 	responser: foreColor = (0, 0, 0)
1720.6673 	EXP 	responser: foreColor = (0, 0, 0)
1720.6840 	EXP 	responser: foreColor = (0, 0, 0)
1720.7007 	EXP 	responser: foreColor = (0, 0, 0)
1720.7174 	EXP 	responser: foreColor = (0, 0, 0)
1720.7340 	EXP 	responser: foreColor = (0, 0, 0)
1720.7507 	EXP 	responser: foreColor = (0, 0, 0)
1720.7673 	EXP 	responser: foreColor = (0, 0, 0)
1720.7840 	EXP 	responser: foreColor = (0, 0, 0)
1720.8007 	EXP 	responser: foreColor = (0, 0, 0)
1720.8173 	EXP 	responser: foreColor = (0, 0, 0)
1720.8340 	EXP 	responser: foreColor = (0, 0, 0)
1720.8507 	EXP 	responser: foreColor = (0, 0, 0)
1720.8674 	EXP 	responser: foreColor = (0, 0, 0)
1720.8840 	EXP 	responser: foreColor = (0, 0, 0)
1720.9007 	EXP 	responser: foreColor = (0, 0, 0)
1720.9174 	EXP 	responser: foreColor = (0, 0, 0)
1720.9341 	EXP 	responser: foreColor = (0, 0, 0)
1720.9507 	EXP 	responser: foreColor = (0, 0, 0)
1720.9674 	EXP 	responser: foreColor = (0, 0, 0)
1720.9841 	EXP 	responser: foreColor = (0, 0, 0)
1721.0006 	EXP 	responser: foreColor = (0, 0, 0)
1721.0173 	EXP 	responser: foreColor = (0, 0, 0)
1721.0339 	EXP 	responser: foreColor = (0, 0, 0)
1721.0506 	EXP 	responser: foreColor = (0, 0, 0)
1721.0673 	EXP 	responser: foreColor = (0, 0, 0)
1721.0839 	EXP 	responser: foreColor = (0, 0, 0)
1721.1006 	EXP 	responser: foreColor = (0, 0, 0)
1721.1172 	EXP 	responser: foreColor = (0, 0, 0)
1721.1339 	EXP 	responser: foreColor = (0, 0, 0)
1721.1506 	EXP 	responser: foreColor = (0, 0, 0)
1721.1673 	EXP 	responser: foreColor = (0, 0, 0)
1721.1839 	EXP 	responser: foreColor = (0, 0, 0)
1721.2006 	EXP 	responser: foreColor = (0, 0, 0)
1721.2173 	EXP 	responser: foreColor = (0, 0, 0)
1721.2339 	EXP 	responser: foreColor = (0, 0, 0)
1721.2506 	EXP 	responser: foreColor = (0, 0, 0)
1721.2673 	EXP 	responser: foreColor = (0, 0, 0)
1721.2839 	EXP 	responser: foreColor = (0, 0, 0)
1721.3006 	EXP 	responser: foreColor = (0, 0, 0)
1721.3173 	EXP 	responser: foreColor = (0, 0, 0)
1721.3340 	EXP 	responser: foreColor = (0, 0, 0)
1721.3506 	EXP 	responser: foreColor = (0, 0, 0)
1721.3673 	EXP 	responser: foreColor = (0, 0, 0)
1721.3839 	EXP 	responser: foreColor = (0, 0, 0)
1721.4006 	EXP 	responser: foreColor = (0, 0, 0)
1721.4173 	EXP 	responser: foreColor = (0, 0, 0)
1721.4339 	EXP 	responser: foreColor = (0, 0, 0)
1721.4506 	EXP 	responser: foreColor = (0, 0, 0)
1721.4673 	EXP 	responser: foreColor = (0, 0, 0)
1721.4839 	EXP 	responser: foreColor = (0, 0, 0)
1721.5006 	EXP 	responser: foreColor = (0, 0, 0)
1721.5173 	EXP 	responser: foreColor = (0, 0, 0)
1721.5339 	EXP 	responser: foreColor = (0, 0, 0)
1721.5506 	EXP 	responser: foreColor = (0, 0, 0)
1721.5673 	EXP 	responser: foreColor = (0, 0, 0)
1721.5839 	EXP 	responser: foreColor = (0, 0, 0)
1721.6006 	EXP 	responser: foreColor = (0, 0, 0)
1721.6173 	EXP 	responser: foreColor = (0, 0, 0)
1721.6339 	EXP 	responser: foreColor = (0, 0, 0)
1721.6506 	EXP 	responser: foreColor = (0, 0, 0)
1721.6673 	EXP 	responser: foreColor = (0, 0, 0)
1721.6839 	EXP 	responser: foreColor = (0, 0, 0)
1721.7006 	EXP 	responser: foreColor = (0, 0, 0)
1721.7173 	EXP 	responser: foreColor = (0, 0, 0)
1721.7339 	EXP 	responser: foreColor = (0, 0, 0)
1721.7506 	EXP 	responser: foreColor = (0, 0, 0)
1721.7673 	EXP 	responser: foreColor = (0, 0, 0)
1721.7839 	EXP 	responser: foreColor = (0, 0, 0)
1721.8006 	EXP 	responser: foreColor = (0, 0, 0)
1721.8173 	EXP 	responser: foreColor = (0, 0, 0)
1721.8339 	EXP 	responser: foreColor = (0, 0, 0)
1721.8506 	EXP 	responser: foreColor = (0, 0, 0)
1721.8673 	EXP 	responser: foreColor = (0, 0, 0)
1721.8840 	EXP 	responser: foreColor = (0, 0, 0)
1721.9006 	EXP 	responser: foreColor = (0, 0, 0)
1721.9173 	EXP 	responser: foreColor = (0, 0, 0)
1721.9339 	EXP 	responser: foreColor = (0, 0, 0)
1721.9506 	EXP 	responser: foreColor = (0, 0, 0)
1721.9673 	EXP 	responser: foreColor = (0, 0, 0)
1721.9839 	EXP 	responser: foreColor = (0, 0, 0)
1722.0006 	EXP 	responser: foreColor = (0, 0, 0)
1722.0173 	EXP 	responser: foreColor = (0, 0, 0)
1722.0339 	EXP 	responser: foreColor = (0, 0, 0)
1722.0506 	EXP 	responser: foreColor = (0, 0, 0)
1722.0673 	EXP 	responser: foreColor = (0, 0, 0)
1722.0839 	EXP 	responser: foreColor = (0, 0, 0)
1722.1006 	EXP 	responser: foreColor = (0, 0, 0)
1722.1173 	EXP 	responser: foreColor = (0, 0, 0)
1722.1339 	EXP 	responser: foreColor = (0, 0, 0)
1722.1506 	EXP 	responser: foreColor = (0, 0, 0)
1722.1673 	EXP 	responser: foreColor = (0, 0, 0)
1722.1839 	EXP 	responser: foreColor = (0, 0, 0)
1722.2006 	EXP 	responser: foreColor = (0, 0, 0)
1722.2173 	EXP 	responser: foreColor = (0, 0, 0)
1722.2340 	EXP 	responser: foreColor = (0, 0, 0)
1722.2506 	EXP 	responser: foreColor = (0, 0, 0)
1722.2673 	EXP 	responser: foreColor = (0, 0, 0)
1722.2840 	EXP 	responser: foreColor = (0, 0, 0)
1722.3006 	EXP 	responser: foreColor = (0, 0, 0)
1722.3173 	EXP 	responser: foreColor = (0, 0, 0)
1722.3339 	EXP 	responser: foreColor = (0, 0, 0)
1722.3506 	EXP 	responser: foreColor = (0, 0, 0)
1722.3673 	EXP 	responser: foreColor = (0, 0, 0)
1722.3840 	EXP 	responser: foreColor = (0, 0, 0)
1722.4006 	EXP 	responser: foreColor = (0, 0, 0)
1722.4173 	EXP 	responser: foreColor = (0, 0, 0)
1722.4339 	EXP 	responser: foreColor = (0, 0, 0)
1722.4506 	EXP 	responser: foreColor = (0, 0, 0)
1722.4673 	EXP 	responser: foreColor = (0, 0, 0)
1722.4839 	EXP 	responser: foreColor = (0, 0, 0)
1722.5006 	EXP 	responser: foreColor = (0, 0, 0)
1722.5173 	EXP 	responser: foreColor = (0, 0, 0)
1722.5339 	EXP 	responser: foreColor = (0, 0, 0)
1722.5506 	EXP 	responser: foreColor = (0, 0, 0)
1722.5673 	EXP 	responser: foreColor = (0, 0, 0)
1722.5839 	EXP 	responser: foreColor = (0, 0, 0)
1722.6006 	EXP 	responser: foreColor = (0, 0, 0)
1722.6173 	EXP 	responser: foreColor = (0, 0, 0)
1722.6339 	EXP 	responser: foreColor = (0, 0, 0)
1722.6506 	EXP 	responser: foreColor = (0, 0, 0)
1722.6673 	EXP 	responser: foreColor = (0, 0, 0)
1722.6839 	EXP 	responser: foreColor = (0, 0, 0)
1722.7006 	EXP 	responser: foreColor = (0, 0, 0)
1722.7173 	EXP 	responser: foreColor = (0, 0, 0)
1722.7339 	EXP 	responser: foreColor = (0, 0, 0)
1722.7506 	EXP 	responser: foreColor = (0, 0, 0)
1722.7673 	EXP 	responser: foreColor = (0, 0, 0)
1722.7839 	EXP 	responser: foreColor = (0, 0, 0)
1722.8006 	EXP 	responser: foreColor = (0, 0, 0)
1722.8173 	EXP 	responser: foreColor = (0, 0, 0)
1722.8339 	EXP 	responser: foreColor = (0, 0, 0)
1722.8506 	EXP 	responser: foreColor = (0, 0, 0)
1722.8673 	EXP 	responser: foreColor = (0, 0, 0)
1722.8839 	EXP 	responser: foreColor = (0, 0, 0)
1722.9006 	EXP 	responser: foreColor = (0, 0, 0)
1722.9173 	EXP 	responser: foreColor = (0, 0, 0)
1722.9339 	EXP 	responser: foreColor = (0, 0, 0)
1722.9506 	EXP 	responser: foreColor = (0, 0, 0)
1722.9673 	EXP 	responser: foreColor = (0, 0, 0)
1722.9839 	EXP 	responser: foreColor = (0, 0, 0)
1723.0006 	EXP 	responser: foreColor = (0, 0, 0)
1723.0173 	EXP 	responser: foreColor = (0, 0, 0)
1723.0339 	EXP 	responser: foreColor = (0, 0, 0)
1723.0506 	EXP 	responser: foreColor = (0, 0, 0)
1723.0673 	EXP 	responser: foreColor = (0, 0, 0)
1723.0839 	EXP 	responser: foreColor = (0, 0, 0)
1723.1006 	EXP 	responser: foreColor = (0, 0, 0)
1723.1173 	EXP 	responser: foreColor = (0, 0, 0)
1723.1339 	EXP 	responser: foreColor = (0, 0, 0)
1723.1506 	EXP 	responser: foreColor = (0, 0, 0)
1723.1506 	EXP 	thermode_locali_pic: autoDraw = False
1723.1673 	EXP 	responser: foreColor = (0, 0, 0)
1723.1678 	EXP 	New trial (rep=3, index=0): None
1723.1840 	EXP 	responser: foreColor = (0, 0, 0)
1723.1840 	EXP 	responsel: autoDraw = False
1723.1840 	EXP 	percu_or: autoDraw = False
1723.1840 	EXP 	responser: autoDraw = False
1723.1840 	EXP 	thermode_locali_pic: autoDraw = False
1723.1840 	EXP 	responsel: autoDraw = False
1723.1840 	EXP 	percu_or: autoDraw = False
1723.1840 	EXP 	responser: autoDraw = False
1723.1840 	EXP 	responsel: foreColor = 'white'
1723.1840 	EXP 	responser: foreColor = 'white'
1723.1840 	EXP 	text_pic: autoDraw = True
1723.1840 	EXP 	croix_3: autoDraw = True
1728.1840 	EXP 	text_pic: autoDraw = False
1728.1840 	EXP 	croix_3: autoDraw = False
1728.1840 	EXP 	text_pic: autoDraw = False
1728.1840 	EXP 	croix_3: autoDraw = False
1728.1840 	EXP 	thermode_locali_pic: height = 0.02
1728.1840 	EXP 	thermode_locali_pic: height = 0.02
1728.1840 	EXP 	thermode_locali_pic: height = 0.02
1728.1840 	EXP 	thermode_locali_pic: text = 'T : 3'
1728.1840 	EXP 	responsel: text = 'NON              '
1728.1840 	EXP 	thermode_locali_pic: autoDraw = True
1736.1676 	EXP 	responsel: autoDraw = True
1736.1676 	EXP 	percu_or: autoDraw = True
1736.1676 	EXP 	responser: autoDraw = True
1736.4521 	DATA 	Keypress: m
1736.4843 	EXP 	responsel: foreColor = (0, 0, 0)
1736.5008 	EXP 	responsel: foreColor = (0, 0, 0)
1736.5175 	EXP 	responsel: foreColor = (0, 0, 0)
1736.5342 	EXP 	responsel: foreColor = (0, 0, 0)
1736.5509 	EXP 	responsel: foreColor = (0, 0, 0)
1736.5676 	EXP 	responsel: foreColor = (0, 0, 0)
1736.5843 	EXP 	responsel: foreColor = (0, 0, 0)
1736.6008 	EXP 	responsel: foreColor = (0, 0, 0)
1736.6176 	EXP 	responsel: foreColor = (0, 0, 0)
1736.6343 	EXP 	responsel: foreColor = (0, 0, 0)
1736.6509 	EXP 	responsel: foreColor = (0, 0, 0)
1736.6676 	EXP 	responsel: foreColor = (0, 0, 0)
1736.6842 	EXP 	responsel: foreColor = (0, 0, 0)
1736.7009 	EXP 	responsel: foreColor = (0, 0, 0)
1736.7176 	EXP 	responsel: foreColor = (0, 0, 0)
1736.7342 	EXP 	responsel: foreColor = (0, 0, 0)
1736.7509 	EXP 	responsel: foreColor = (0, 0, 0)
1736.7675 	EXP 	responsel: foreColor = (0, 0, 0)
1736.7842 	EXP 	responsel: foreColor = (0, 0, 0)
1736.8009 	EXP 	responsel: foreColor = (0, 0, 0)
1736.8176 	EXP 	responsel: foreColor = (0, 0, 0)
1736.8343 	EXP 	responsel: foreColor = (0, 0, 0)
1736.8509 	EXP 	responsel: foreColor = (0, 0, 0)
1736.8676 	EXP 	responsel: foreColor = (0, 0, 0)
1736.8843 	EXP 	responsel: foreColor = (0, 0, 0)
1736.9009 	EXP 	responsel: foreColor = (0, 0, 0)
1736.9176 	EXP 	responsel: foreColor = (0, 0, 0)
1736.9342 	EXP 	responsel: foreColor = (0, 0, 0)
1736.9509 	EXP 	responsel: foreColor = (0, 0, 0)
1736.9676 	EXP 	responsel: foreColor = (0, 0, 0)
1736.9842 	EXP 	responsel: foreColor = (0, 0, 0)
1737.0009 	EXP 	responsel: foreColor = (0, 0, 0)
1737.0176 	EXP 	responsel: foreColor = (0, 0, 0)
1737.0342 	EXP 	responsel: foreColor = (0, 0, 0)
1737.0509 	EXP 	responsel: foreColor = (0, 0, 0)
1737.0676 	EXP 	responsel: foreColor = (0, 0, 0)
1737.0842 	EXP 	responsel: foreColor = (0, 0, 0)
1737.1009 	EXP 	responsel: foreColor = (0, 0, 0)
1737.1176 	EXP 	responsel: foreColor = (0, 0, 0)
1737.1342 	EXP 	responsel: foreColor = (0, 0, 0)
1737.1509 	EXP 	responsel: foreColor = (0, 0, 0)
1737.1675 	EXP 	responsel: foreColor = (0, 0, 0)
1737.1843 	EXP 	responsel: foreColor = (0, 0, 0)
1737.2009 	EXP 	responsel: foreColor = (0, 0, 0)
1737.2176 	EXP 	responsel: foreColor = (0, 0, 0)
1737.2343 	EXP 	responsel: foreColor = (0, 0, 0)
1737.2509 	EXP 	responsel: foreColor = (0, 0, 0)
1737.2676 	EXP 	responsel: foreColor = (0, 0, 0)
1737.2842 	EXP 	responsel: foreColor = (0, 0, 0)
1737.3009 	EXP 	responsel: foreColor = (0, 0, 0)
1737.3176 	EXP 	responsel: foreColor = (0, 0, 0)
1737.3343 	EXP 	responsel: foreColor = (0, 0, 0)
1737.3509 	EXP 	responsel: foreColor = (0, 0, 0)
1737.3675 	EXP 	responsel: foreColor = (0, 0, 0)
1737.3842 	EXP 	responsel: foreColor = (0, 0, 0)
1737.4009 	EXP 	responsel: foreColor = (0, 0, 0)
1737.4176 	EXP 	responsel: foreColor = (0, 0, 0)
1737.4342 	EXP 	responsel: foreColor = (0, 0, 0)
1737.4509 	EXP 	responsel: foreColor = (0, 0, 0)
1737.4675 	EXP 	responsel: foreColor = (0, 0, 0)
1737.4842 	EXP 	responsel: foreColor = (0, 0, 0)
1737.5009 	EXP 	responsel: foreColor = (0, 0, 0)
1737.5176 	EXP 	responsel: foreColor = (0, 0, 0)
1737.5343 	EXP 	responsel: foreColor = (0, 0, 0)
1737.5509 	EXP 	responsel: foreColor = (0, 0, 0)
1737.5676 	EXP 	responsel: foreColor = (0, 0, 0)
1737.5842 	EXP 	responsel: foreColor = (0, 0, 0)
1737.6009 	EXP 	responsel: foreColor = (0, 0, 0)
1737.6176 	EXP 	responsel: foreColor = (0, 0, 0)
1737.6342 	EXP 	responsel: foreColor = (0, 0, 0)
1737.6509 	EXP 	responsel: foreColor = (0, 0, 0)
1737.6676 	EXP 	responsel: foreColor = (0, 0, 0)
1737.6842 	EXP 	responsel: foreColor = (0, 0, 0)
1737.7009 	EXP 	responsel: foreColor = (0, 0, 0)
1737.7176 	EXP 	responsel: foreColor = (0, 0, 0)
1737.7342 	EXP 	responsel: foreColor = (0, 0, 0)
1737.7509 	EXP 	responsel: foreColor = (0, 0, 0)
1737.7675 	EXP 	responsel: foreColor = (0, 0, 0)
1737.7842 	EXP 	responsel: foreColor = (0, 0, 0)
1737.8009 	EXP 	responsel: foreColor = (0, 0, 0)
1737.8176 	EXP 	responsel: foreColor = (0, 0, 0)
1737.8342 	EXP 	responsel: foreColor = (0, 0, 0)
1737.8509 	EXP 	responsel: foreColor = (0, 0, 0)
1737.8676 	EXP 	responsel: foreColor = (0, 0, 0)
1737.8842 	EXP 	responsel: foreColor = (0, 0, 0)
1737.9009 	EXP 	responsel: foreColor = (0, 0, 0)
1737.9176 	EXP 	responsel: foreColor = (0, 0, 0)
1737.9342 	EXP 	responsel: foreColor = (0, 0, 0)
1737.9509 	EXP 	responsel: foreColor = (0, 0, 0)
1737.9676 	EXP 	responsel: foreColor = (0, 0, 0)
1737.9842 	EXP 	responsel: foreColor = (0, 0, 0)
1738.0009 	EXP 	responsel: foreColor = (0, 0, 0)
1738.0176 	EXP 	responsel: foreColor = (0, 0, 0)
1738.0342 	EXP 	responsel: foreColor = (0, 0, 0)
1738.0509 	EXP 	responsel: foreColor = (0, 0, 0)
1738.0676 	EXP 	responsel: foreColor = (0, 0, 0)
1738.0842 	EXP 	responsel: foreColor = (0, 0, 0)
1738.1009 	EXP 	responsel: foreColor = (0, 0, 0)
1738.1176 	EXP 	responsel: foreColor = (0, 0, 0)
1738.1342 	EXP 	responsel: foreColor = (0, 0, 0)
1738.1509 	EXP 	responsel: foreColor = (0, 0, 0)
1738.1675 	EXP 	responsel: foreColor = (0, 0, 0)
1738.1842 	EXP 	responsel: foreColor = (0, 0, 0)
1738.2009 	EXP 	responsel: foreColor = (0, 0, 0)
1738.2176 	EXP 	responsel: foreColor = (0, 0, 0)
1738.2342 	EXP 	responsel: foreColor = (0, 0, 0)
1738.2509 	EXP 	responsel: foreColor = (0, 0, 0)
1738.2676 	EXP 	responsel: foreColor = (0, 0, 0)
1738.2842 	EXP 	responsel: foreColor = (0, 0, 0)
1738.3009 	EXP 	responsel: foreColor = (0, 0, 0)
1738.3176 	EXP 	responsel: foreColor = (0, 0, 0)
1738.3342 	EXP 	responsel: foreColor = (0, 0, 0)
1738.3509 	EXP 	responsel: foreColor = (0, 0, 0)
1738.3676 	EXP 	responsel: foreColor = (0, 0, 0)
1738.3842 	EXP 	responsel: foreColor = (0, 0, 0)
1738.4009 	EXP 	responsel: foreColor = (0, 0, 0)
1738.4176 	EXP 	responsel: foreColor = (0, 0, 0)
1738.4343 	EXP 	responsel: foreColor = (0, 0, 0)
1738.4509 	EXP 	responsel: foreColor = (0, 0, 0)
1738.4676 	EXP 	responsel: foreColor = (0, 0, 0)
1738.4842 	EXP 	responsel: foreColor = (0, 0, 0)
1738.5009 	EXP 	responsel: foreColor = (0, 0, 0)
1738.5176 	EXP 	responsel: foreColor = (0, 0, 0)
1738.5342 	EXP 	responsel: foreColor = (0, 0, 0)
1738.5509 	EXP 	responsel: foreColor = (0, 0, 0)
1738.5675 	EXP 	responsel: foreColor = (0, 0, 0)
1738.5842 	EXP 	responsel: foreColor = (0, 0, 0)
1738.6009 	EXP 	responsel: foreColor = (0, 0, 0)
1738.6176 	EXP 	responsel: foreColor = (0, 0, 0)
1738.6342 	EXP 	responsel: foreColor = (0, 0, 0)
1738.6509 	EXP 	responsel: foreColor = (0, 0, 0)
1738.6676 	EXP 	responsel: foreColor = (0, 0, 0)
1738.6843 	EXP 	responsel: foreColor = (0, 0, 0)
1738.7009 	EXP 	responsel: foreColor = (0, 0, 0)
1738.7176 	EXP 	responsel: foreColor = (0, 0, 0)
1738.7342 	EXP 	responsel: foreColor = (0, 0, 0)
1738.7509 	EXP 	responsel: foreColor = (0, 0, 0)
1738.7676 	EXP 	responsel: foreColor = (0, 0, 0)
1738.7843 	EXP 	responsel: foreColor = (0, 0, 0)
1738.8009 	EXP 	responsel: foreColor = (0, 0, 0)
1738.8176 	EXP 	responsel: foreColor = (0, 0, 0)
1738.8343 	EXP 	responsel: foreColor = (0, 0, 0)
1738.8509 	EXP 	responsel: foreColor = (0, 0, 0)
1738.8676 	EXP 	responsel: foreColor = (0, 0, 0)
1738.8843 	EXP 	responsel: foreColor = (0, 0, 0)
1738.9009 	EXP 	responsel: foreColor = (0, 0, 0)
1738.9176 	EXP 	responsel: foreColor = (0, 0, 0)
1738.9342 	EXP 	responsel: foreColor = (0, 0, 0)
1738.9509 	EXP 	responsel: foreColor = (0, 0, 0)
1738.9675 	EXP 	responsel: foreColor = (0, 0, 0)
1738.9842 	EXP 	responsel: foreColor = (0, 0, 0)
1739.0009 	EXP 	responsel: foreColor = (0, 0, 0)
1739.0176 	EXP 	responsel: foreColor = (0, 0, 0)
1739.0343 	EXP 	responsel: foreColor = (0, 0, 0)
1739.0509 	EXP 	responsel: foreColor = (0, 0, 0)
1739.0676 	EXP 	responsel: foreColor = (0, 0, 0)
1739.0843 	EXP 	responsel: foreColor = (0, 0, 0)
1739.1009 	EXP 	responsel: foreColor = (0, 0, 0)
1739.1176 	EXP 	responsel: foreColor = (0, 0, 0)
1739.1343 	EXP 	responsel: foreColor = (0, 0, 0)
1739.1343 	EXP 	thermode_locali_pic: autoDraw = False
1739.1508 	EXP 	responsel: foreColor = (0, 0, 0)
1739.1677 	EXP 	responsel: foreColor = (0, 0, 0)
1739.1677 	EXP 	responsel: autoDraw = False
1739.1677 	EXP 	percu_or: autoDraw = False
1739.1677 	EXP 	responser: autoDraw = False
1739.1677 	EXP 	thermode_locali_pic: autoDraw = False
1739.1677 	EXP 	responsel: autoDraw = False
1739.1677 	EXP 	percu_or: autoDraw = False
1739.1677 	EXP 	responser: autoDraw = False
1739.1677 	EXP 	responsel: foreColor = 'white'
1739.1677 	EXP 	responser: foreColor = 'white'
1739.1677 	EXP 	text_3: autoDraw = True
1740.4682 	DATA 	Keypress: p
1740.4843 	EXP 	text_3: autoDraw = False
1740.4843 	EXP 	text_6: autoDraw = True
1750.4844 	EXP 	text_6: autoDraw = False
1750.4844 	EXP 	2024_RDpaindiscrimination_maintask: status = STOPPED
1750.8104 	EXP 	window1: mouseVisible = True
