13.2049 	EXP 	Created window1 = Window(allowGUI=True, allowStencil=False, autoLog=True, backendConf=UNKNOWN, backgroundFit=<method-wrapper '__getattribute__' of attributeSetter object at 0x000002024FA80BB0>, backgroundImage=<method-wrapper '__getattribute__' of attributeSetter object at 0x000002024FA80B50>, bitsMode=UNKNOWN, blendMode='avg', bpc=(8, 8, 8), color='0', colorSpace='named', depthBits=8, fullscr=<method-wrapper '__getattribute__' of attributeSetter object at 0x000002024FA80970>, gamma=None, gammaErrorPolicy='raise', lms=UNKNOWN, monitor=<psychopy.monitors.calibTools.Monitor object at 0x000002024FCB5070>, multiSample=False, name='window1', numSamples=2, pos=(0, 0), screen=0, size=array([1920, 1080]), stencilBits=0, stereo=False, title='PsychoPy', units='height', useFBO=True, useRetina=False, viewOri=0.0, viewPos=None, viewScale=None, waitBlanking=True, winType='pyglet')
13.2050 	EXP 	window1: mouseVisible = True
13.2050 	EXP 	window1: backgroundImage = ''
13.2050 	EXP 	window1: backgroundFit = 'none'
13.2057 	EXP 	window1: Attempting to measure frame rate of screen (0) ...
13.2058 	EXP 	window1: recordFrameIntervals = False
13.3714 	EXP 	window1: recordFrameIntervals = True
13.5549 	EXP 	Screen (0) actual frame rate measured at 59.97Hz
13.5549 	EXP 	window1: recordFrameIntervals = False
13.5549 	EXP 	window1: mouseVisible = False
13.6447 	EXP 	2024_RDpaindiscrimination_QUEST: status = STARTED
14.1884 	EXP 	window1: mouseVisible = True
14.1913 	EXP 	Created polygon = Circle(__class__=<class 'psychopy.visual.circle.Circle'>, anchor=('center', 'center'), autoDraw=False, autoLog=True, closeShape=True, color=method-wrapper(...), colorSpace='rgb', contrast=None, depth=-1.0, draggable=False, fillColor=array([1, 1, 1]), fillColorSpace='rgb', fillRGB=array([1, 1, 1]), interpolate=True, lineColor=array([1., 1., 1.]), lineColorSpace='rgb', lineRGB=array([1, 1, 1]), lineWidth=1.0, name='polygon', opacity=1.0, ori=0.0, pos=array([0., 0.]), size=array([0.5, 0.5]), units='height', vertices=ndarray(...), win=Window(...))
14.1925 	EXP 	window1: mouseVisible = True
14.1948 	EXP 	Created polygon_1_black = Circle(__class__=<class 'psychopy.visual.circle.Circle'>, anchor=('center', 'center'), autoDraw=False, autoLog=True, closeShape=True, color=method-wrapper(...), colorSpace='rgb', contrast=None, depth=-1.0, draggable=False, fillColor=array([-0.5, -0.5, -0.5]), fillColorSpace='rgb', fillRGB=array([-0.5, -0.5, -0.5]), interpolate=True, lineColor=array([-0.5, -0.5, -0.5]), lineColorSpace='rgb', lineRGB=array([-0.5, -0.5, -0.5]), lineWidth=1.0, name='polygon_1_black', opacity=1.0, ori=0.0, pos=array([0., 0.]), size=array([0.4, 0.4]), units='height', vertices=ndarray(...), win=Window(...))
14.1949 	EXP 	window1: mouseVisible = True
14.2324 	EXP 	Created text_bonjour = TextStim(__class__=<class 'psychopy.visual.text.TextStim'>, alignHoriz=method-wrapper(...), alignText='center', alignVert=method-wrapper(...), anchorHoriz='center', anchorVert='center', antialias=True, autoDraw=False, autoLog=True, bold=False, color=array([1., 1., 1.]), colorSpace='rgb', contrast=1.0, depth=-1.0, draggable=False, flipHoriz=False, flipVert=False, font='Open Sans', fontFiles=[], height=0.05, italic=False, languageStyle='LTR', name='text_bonjour', opacity=1.0, ori=0.0, pos=array([0., 0.]), rgb=UNKNOWN, text=str(...), units='height', win=Window(...), wrapWidth=1)
14.2325 	EXP 	window1: mouseVisible = True
14.2331 	EXP 	Created text_pic = TextStim(__class__=<class 'psychopy.visual.text.TextStim'>, alignHoriz=method-wrapper(...), alignText='center', alignVert=method-wrapper(...), anchorHoriz='center', anchorVert='center', antialias=True, autoDraw=False, autoLog=True, bold=False, color=array([1., 1., 1.]), colorSpace='rgb', contrast=1.0, depth=-1.0, draggable=False, flipHoriz=False, flipVert=False, font='Open Sans', fontFiles=[], height=0.02, italic=False, languageStyle='LTR', name='text_pic', opacity=1.0, ori=0.0, pos=array([-0.7 , -0.45]), rgb=UNKNOWN, text='', units='height', win=Window(...), wrapWidth=1)
14.2332 	EXP 	window1: mouseVisible = True
14.2362 	EXP 	Created croix_3 = TextStim(__class__=<class 'psychopy.visual.text.TextStim'>, alignHoriz=method-wrapper(...), alignText='center', alignVert=method-wrapper(...), anchorHoriz='center', anchorVert='center', antialias=True, autoDraw=False, autoLog=True, bold=False, color=array([1., 1., 1.]), colorSpace='rgb', contrast=1.0, depth=-2.0, draggable=False, flipHoriz=False, flipVert=False, font='Open Sans', fontFiles=[], height=0.2, italic=False, languageStyle='LTR', name='croix_3', opacity=1.0, ori=0.0, pos=array([0., 0.]), rgb=UNKNOWN, text='+', units='height', win=Window(...), wrapWidth=1)
14.2363 	EXP 	window1: mouseVisible = True
14.2367 	EXP 	Created thermode_locali_pic = TextStim(__class__=<class 'psychopy.visual.text.TextStim'>, alignHoriz=method-wrapper(...), alignText='center', alignVert=method-wrapper(...), anchorHoriz='center', anchorVert='center', antialias=True, autoDraw=False, autoLog=True, bold=False, color=array([1., 1., 1.]), colorSpace='rgb', contrast=1.0, depth=-1.0, draggable=False, flipHoriz=False, flipVert=False, font='Open Sans', fontFiles=[], height=0.02, italic=False, languageStyle='LTR', name='thermode_locali_pic', opacity=1.0, ori=0.0, pos=array([-0.7 , -0.45]), rgb=UNKNOWN, text='', units='height', win=Window(...), wrapWidth=1)
14.2368 	EXP 	window1: mouseVisible = True
14.2374 	EXP 	Created responsel = TextStim(__class__=<class 'psychopy.visual.text.TextStim'>, alignHoriz=method-wrapper(...), alignText='center', alignVert=method-wrapper(...), anchorHoriz='center', anchorVert='center', antialias=True, autoDraw=False, autoLog=True, bold=False, color=array([1., 1., 1.]), colorSpace='rgb', contrast=1.0, depth=-3.0, draggable=False, flipHoriz=False, flipVert=False, font='Open Sans', fontFiles=[], height=0.08, italic=False, languageStyle='LTR', name='responsel', opacity=1.0, ori=0.0, pos=array([0., 0.]), rgb=UNKNOWN, text='', units='height', win=Window(...), wrapWidth=1)
14.2375 	EXP 	window1: mouseVisible = True
14.2420 	EXP 	Created percu_or = TextStim(__class__=<class 'psychopy.visual.text.TextStim'>, alignHoriz=method-wrapper(...), alignText='center', alignVert=method-wrapper(...), anchorHoriz='center', anchorVert='center', antialias=True, autoDraw=False, autoLog=True, bold=False, color=array([1., 1., 1.]), colorSpace='rgb', contrast=1.0, depth=-4.0, draggable=False, flipHoriz=False, flipVert=False, font='Open Sans', fontFiles=[], height=0.05, italic=False, languageStyle='LTR', name='percu_or', opacity=1.0, ori=0.0, pos=array([0. , 0.3]), rgb=UNKNOWN, text='Avez-vous perçu un changement?', units='height', win=Window(...), wrapWidth=1)
14.2421 	EXP 	window1: mouseVisible = True
14.2444 	EXP 	Created responser = TextStim(__class__=<class 'psychopy.visual.text.TextStim'>, alignHoriz=method-wrapper(...), alignText='center', alignVert=method-wrapper(...), anchorHoriz='center', anchorVert='center', antialias=True, autoDraw=False, autoLog=True, bold=False, color=array([1., 1., 1.]), colorSpace='rgb', contrast=1.0, depth=-5.0, draggable=False, flipHoriz=False, flipVert=False, font='Open Sans', fontFiles=[], height=0.08, italic=False, languageStyle='LTR', name='responser', opacity=1.0, ori=0.0, pos=array([0., 0.]), rgb=UNKNOWN, text='              NON', units='height', win=Window(...), wrapWidth=1)
14.2445 	EXP 	window1: mouseVisible = True
14.2469 	EXP 	Created text = TextStim(__class__=<class 'psychopy.visual.text.TextStim'>, alignHoriz=method-wrapper(...), alignText='center', alignVert=method-wrapper(...), anchorHoriz='center', anchorVert='center', antialias=True, autoDraw=False, autoLog=True, bold=False, color=array([1., 1., 1.]), colorSpace='rgb', contrast=1.0, depth=0.0, draggable=False, flipHoriz=False, flipVert=False, font='Open Sans', fontFiles=[], height=0.05, italic=False, languageStyle='LTR', name='text', opacity=1.0, ori=0.0, pos=array([0., 0.]), rgb=UNKNOWN, text='Calibration terminée.', units='height', win=Window(...), wrapWidth=1)
0.0248 	EXP 	window1: mouseVisible = False
0.0411 	EXP 	text_bonjour: autoDraw = True
163.5932 	EXP 	Created sequence: sequential, trialTypes=1, nReps=40, seed=None
163.5934 	EXP 	New trial (rep=0, index=0): None
163.5967 	DATA 	Keypress: p
163.6095 	EXP 	text_bonjour: autoDraw = False
163.6095 	EXP 	text_pic: autoDraw = True
163.6095 	EXP 	croix_3: autoDraw = True
168.6096 	EXP 	text_pic: autoDraw = False
168.6096 	EXP 	croix_3: autoDraw = False
168.6096 	EXP 	text_pic: autoDraw = False
168.6096 	EXP 	croix_3: autoDraw = False
168.6096 	EXP 	thermode_locali_pic: height = 0.02
168.6096 	EXP 	thermode_locali_pic: height = 0.02
168.6096 	EXP 	thermode_locali_pic: height = 0.02
168.6096 	EXP 	thermode_locali_pic: text = 'T : 0'
168.6096 	EXP 	responsel: height = 0.08
168.6096 	EXP 	responsel: height = 0.08
168.6096 	EXP 	responsel: height = 0.08
168.6096 	EXP 	responsel: text = 'OUI              '
168.6096 	EXP 	thermode_locali_pic: autoDraw = True
176.5931 	EXP 	responsel: autoDraw = True
176.5931 	EXP 	percu_or: autoDraw = True
176.5931 	EXP 	responser: autoDraw = True
178.4608 	DATA 	Keypress: n
178.4931 	EXP 	responser: foreColor = (0, 0, 0)
178.5098 	EXP 	responser: foreColor = (0, 0, 0)
178.5264 	EXP 	responser: foreColor = (0, 0, 0)
178.5431 	EXP 	responser: foreColor = (0, 0, 0)
178.5597 	EXP 	responser: foreColor = (0, 0, 0)
178.5764 	EXP 	responser: foreColor = (0, 0, 0)
178.5931 	EXP 	responser: foreColor = (0, 0, 0)
178.6097 	EXP 	responser: foreColor = (0, 0, 0)
178.6264 	EXP 	responser: foreColor = (0, 0, 0)
178.6431 	EXP 	responser: foreColor = (0, 0, 0)
178.6598 	EXP 	responser: foreColor = (0, 0, 0)
178.6764 	EXP 	responser: foreColor = (0, 0, 0)
178.6930 	EXP 	responser: foreColor = (0, 0, 0)
178.7098 	EXP 	responser: foreColor = (0, 0, 0)
178.7264 	EXP 	responser: foreColor = (0, 0, 0)
178.7430 	EXP 	responser: foreColor = (0, 0, 0)
178.7597 	EXP 	responser: foreColor = (0, 0, 0)
178.7764 	EXP 	responser: foreColor = (0, 0, 0)
178.7930 	EXP 	responser: foreColor = (0, 0, 0)
178.8097 	EXP 	responser: foreColor = (0, 0, 0)
178.8097 	EXP 	thermode_locali_pic: autoDraw = False
178.8264 	EXP 	responser: foreColor = (0, 0, 0)
178.8431 	EXP 	responser: foreColor = (0, 0, 0)
178.8598 	EXP 	responser: foreColor = (0, 0, 0)
178.8764 	EXP 	responser: foreColor = (0, 0, 0)
178.8930 	EXP 	responser: foreColor = (0, 0, 0)
178.9098 	EXP 	responser: foreColor = (0, 0, 0)
178.9264 	EXP 	responser: foreColor = (0, 0, 0)
178.9431 	EXP 	responser: foreColor = (0, 0, 0)
178.9598 	EXP 	responser: foreColor = (0, 0, 0)
178.9764 	EXP 	responser: foreColor = (0, 0, 0)
178.9930 	EXP 	responser: foreColor = (0, 0, 0)
179.0098 	EXP 	responser: foreColor = (0, 0, 0)
179.0264 	EXP 	responser: foreColor = (0, 0, 0)
179.0431 	EXP 	responser: foreColor = (0, 0, 0)
179.0597 	EXP 	responser: foreColor = (0, 0, 0)
179.0764 	EXP 	responser: foreColor = (0, 0, 0)
179.0930 	EXP 	responser: foreColor = (0, 0, 0)
179.1098 	EXP 	responser: foreColor = (0, 0, 0)
179.1264 	EXP 	responser: foreColor = (0, 0, 0)
179.1431 	EXP 	responser: foreColor = (0, 0, 0)
179.1597 	EXP 	responser: foreColor = (0, 0, 0)
179.1764 	EXP 	responser: foreColor = (0, 0, 0)
179.1930 	EXP 	responser: foreColor = (0, 0, 0)
179.2098 	EXP 	responser: foreColor = (0, 0, 0)
179.2264 	EXP 	responser: foreColor = (0, 0, 0)
179.2431 	EXP 	responser: foreColor = (0, 0, 0)
179.2598 	EXP 	responser: foreColor = (0, 0, 0)
179.2764 	EXP 	responser: foreColor = (0, 0, 0)
179.2931 	EXP 	responser: foreColor = (0, 0, 0)
179.3098 	EXP 	responser: foreColor = (0, 0, 0)
179.3264 	EXP 	responser: foreColor = (0, 0, 0)
179.3431 	EXP 	responser: foreColor = (0, 0, 0)
179.3598 	EXP 	responser: foreColor = (0, 0, 0)
179.3764 	EXP 	responser: foreColor = (0, 0, 0)
179.3931 	EXP 	responser: foreColor = (0, 0, 0)
179.4097 	EXP 	responser: foreColor = (0, 0, 0)
179.4264 	EXP 	responser: foreColor = (0, 0, 0)
179.4431 	EXP 	responser: foreColor = (0, 0, 0)
179.4598 	EXP 	responser: foreColor = (0, 0, 0)
179.4764 	EXP 	responser: foreColor = (0, 0, 0)
179.4931 	EXP 	responser: foreColor = (0, 0, 0)
179.5098 	EXP 	responser: foreColor = (0, 0, 0)
179.5264 	EXP 	responser: foreColor = (0, 0, 0)
179.5431 	EXP 	responser: foreColor = (0, 0, 0)
179.5597 	EXP 	responser: foreColor = (0, 0, 0)
179.5764 	EXP 	responser: foreColor = (0, 0, 0)
179.5776 	EXP 	New trial (rep=1, index=0): None
179.5931 	EXP 	responser: foreColor = (0, 0, 0)
179.5931 	EXP 	responsel: autoDraw = False
179.5931 	EXP 	percu_or: autoDraw = False
179.5931 	EXP 	responser: autoDraw = False
179.5931 	EXP 	thermode_locali_pic: autoDraw = False
179.5931 	EXP 	responsel: autoDraw = False
179.5931 	EXP 	percu_or: autoDraw = False
179.5931 	EXP 	responser: autoDraw = False
179.5931 	EXP 	responsel: foreColor = 'white'
179.5931 	EXP 	responser: foreColor = 'white'
179.5931 	EXP 	text_pic: autoDraw = True
179.5931 	EXP 	croix_3: autoDraw = True
184.5932 	EXP 	text_pic: autoDraw = False
184.5932 	EXP 	croix_3: autoDraw = False
184.5932 	EXP 	text_pic: autoDraw = False
184.5932 	EXP 	croix_3: autoDraw = False
184.5932 	EXP 	thermode_locali_pic: height = 0.02
184.5932 	EXP 	thermode_locali_pic: height = 0.02
184.5932 	EXP 	thermode_locali_pic: height = 0.02
184.5932 	EXP 	thermode_locali_pic: text = 'T : 1'
184.5932 	EXP 	responsel: text = 'OUI              '
184.5932 	EXP 	thermode_locali_pic: autoDraw = True
192.5931 	EXP 	responsel: autoDraw = True
192.5931 	EXP 	percu_or: autoDraw = True
192.5931 	EXP 	responser: autoDraw = True
193.1609 	DATA 	Keypress: n
193.1932 	EXP 	responser: foreColor = (0, 0, 0)
193.2098 	EXP 	responser: foreColor = (0, 0, 0)
193.2265 	EXP 	responser: foreColor = (0, 0, 0)
193.2432 	EXP 	responser: foreColor = (0, 0, 0)
193.2598 	EXP 	responser: foreColor = (0, 0, 0)
193.2765 	EXP 	responser: foreColor = (0, 0, 0)
193.2932 	EXP 	responser: foreColor = (0, 0, 0)
193.3098 	EXP 	responser: foreColor = (0, 0, 0)
193.3267 	EXP 	responser: foreColor = (0, 0, 0)
193.3433 	EXP 	responser: foreColor = (0, 0, 0)
193.3599 	EXP 	responser: foreColor = (0, 0, 0)
193.3767 	EXP 	responser: foreColor = (0, 0, 0)
193.3933 	EXP 	responser: foreColor = (0, 0, 0)
193.4098 	EXP 	responser: foreColor = (0, 0, 0)
193.4265 	EXP 	responser: foreColor = (0, 0, 0)
193.4432 	EXP 	responser: foreColor = (0, 0, 0)
193.4598 	EXP 	responser: foreColor = (0, 0, 0)
193.4765 	EXP 	responser: foreColor = (0, 0, 0)
193.4932 	EXP 	responser: foreColor = (0, 0, 0)
193.5098 	EXP 	responser: foreColor = (0, 0, 0)
193.5265 	EXP 	responser: foreColor = (0, 0, 0)
193.5432 	EXP 	responser: foreColor = (0, 0, 0)
193.5598 	EXP 	responser: foreColor = (0, 0, 0)
193.5765 	EXP 	responser: foreColor = (0, 0, 0)
193.5932 	EXP 	responser: foreColor = (0, 0, 0)
193.6098 	EXP 	responser: foreColor = (0, 0, 0)
193.6265 	EXP 	responser: foreColor = (0, 0, 0)
193.6432 	EXP 	responser: foreColor = (0, 0, 0)
193.6598 	EXP 	responser: foreColor = (0, 0, 0)
193.6765 	EXP 	responser: foreColor = (0, 0, 0)
193.6932 	EXP 	responser: foreColor = (0, 0, 0)
193.7098 	EXP 	responser: foreColor = (0, 0, 0)
193.7265 	EXP 	responser: foreColor = (0, 0, 0)
193.7432 	EXP 	responser: foreColor = (0, 0, 0)
193.7598 	EXP 	responser: foreColor = (0, 0, 0)
193.7765 	EXP 	responser: foreColor = (0, 0, 0)
193.7932 	EXP 	responser: foreColor = (0, 0, 0)
193.8099 	EXP 	responser: foreColor = (0, 0, 0)
193.8265 	EXP 	responser: foreColor = (0, 0, 0)
193.8432 	EXP 	responser: foreColor = (0, 0, 0)
193.8598 	EXP 	responser: foreColor = (0, 0, 0)
193.8765 	EXP 	responser: foreColor = (0, 0, 0)
193.8932 	EXP 	responser: foreColor = (0, 0, 0)
193.9098 	EXP 	responser: foreColor = (0, 0, 0)
193.9265 	EXP 	responser: foreColor = (0, 0, 0)
193.9432 	EXP 	responser: foreColor = (0, 0, 0)
193.9598 	EXP 	responser: foreColor = (0, 0, 0)
193.9765 	EXP 	responser: foreColor = (0, 0, 0)
193.9932 	EXP 	responser: foreColor = (0, 0, 0)
194.0098 	EXP 	responser: foreColor = (0, 0, 0)
194.0265 	EXP 	responser: foreColor = (0, 0, 0)
194.0432 	EXP 	responser: foreColor = (0, 0, 0)
194.0598 	EXP 	responser: foreColor = (0, 0, 0)
194.0765 	EXP 	responser: foreColor = (0, 0, 0)
194.0932 	EXP 	responser: foreColor = (0, 0, 0)
194.1098 	EXP 	responser: foreColor = (0, 0, 0)
194.1265 	EXP 	responser: foreColor = (0, 0, 0)
194.1432 	EXP 	responser: foreColor = (0, 0, 0)
194.1598 	EXP 	responser: foreColor = (0, 0, 0)
194.1765 	EXP 	responser: foreColor = (0, 0, 0)
194.1932 	EXP 	responser: foreColor = (0, 0, 0)
194.2098 	EXP 	responser: foreColor = (0, 0, 0)
194.2265 	EXP 	responser: foreColor = (0, 0, 0)
194.2432 	EXP 	responser: foreColor = (0, 0, 0)
194.2598 	EXP 	responser: foreColor = (0, 0, 0)
194.2765 	EXP 	responser: foreColor = (0, 0, 0)
194.2932 	EXP 	responser: foreColor = (0, 0, 0)
194.3098 	EXP 	responser: foreColor = (0, 0, 0)
194.3265 	EXP 	responser: foreColor = (0, 0, 0)
194.3432 	EXP 	responser: foreColor = (0, 0, 0)
194.3598 	EXP 	responser: foreColor = (0, 0, 0)
194.3765 	EXP 	responser: foreColor = (0, 0, 0)
194.3932 	EXP 	responser: foreColor = (0, 0, 0)
194.4098 	EXP 	responser: foreColor = (0, 0, 0)
194.4265 	EXP 	responser: foreColor = (0, 0, 0)
194.4432 	EXP 	responser: foreColor = (0, 0, 0)
194.4598 	EXP 	responser: foreColor = (0, 0, 0)
194.4765 	EXP 	responser: foreColor = (0, 0, 0)
194.4932 	EXP 	responser: foreColor = (0, 0, 0)
194.5099 	EXP 	responser: foreColor = (0, 0, 0)
194.5265 	EXP 	responser: foreColor = (0, 0, 0)
194.5432 	EXP 	responser: foreColor = (0, 0, 0)
194.5598 	EXP 	responser: foreColor = (0, 0, 0)
194.5765 	EXP 	responser: foreColor = (0, 0, 0)
194.5932 	EXP 	responser: foreColor = (0, 0, 0)
194.6098 	EXP 	responser: foreColor = (0, 0, 0)
194.6265 	EXP 	responser: foreColor = (0, 0, 0)
194.6432 	EXP 	responser: foreColor = (0, 0, 0)
194.6598 	EXP 	responser: foreColor = (0, 0, 0)
194.6765 	EXP 	responser: foreColor = (0, 0, 0)
194.6932 	EXP 	responser: foreColor = (0, 0, 0)
194.7098 	EXP 	responser: foreColor = (0, 0, 0)
194.7265 	EXP 	responser: foreColor = (0, 0, 0)
194.7432 	EXP 	responser: foreColor = (0, 0, 0)
194.7599 	EXP 	responser: foreColor = (0, 0, 0)
194.7765 	EXP 	responser: foreColor = (0, 0, 0)
194.7932 	EXP 	responser: foreColor = (0, 0, 0)
194.7932 	EXP 	thermode_locali_pic: autoDraw = False
194.8098 	EXP 	responser: foreColor = (0, 0, 0)
194.8265 	EXP 	responser: foreColor = (0, 0, 0)
194.8432 	EXP 	responser: foreColor = (0, 0, 0)
194.8598 	EXP 	responser: foreColor = (0, 0, 0)
194.8765 	EXP 	responser: foreColor = (0, 0, 0)
194.8932 	EXP 	responser: foreColor = (0, 0, 0)
194.9098 	EXP 	responser: foreColor = (0, 0, 0)
194.9265 	EXP 	responser: foreColor = (0, 0, 0)
194.9432 	EXP 	responser: foreColor = (0, 0, 0)
194.9598 	EXP 	responser: foreColor = (0, 0, 0)
194.9765 	EXP 	responser: foreColor = (0, 0, 0)
194.9932 	EXP 	responser: foreColor = (0, 0, 0)
195.0099 	EXP 	responser: foreColor = (0, 0, 0)
195.0266 	EXP 	responser: foreColor = (0, 0, 0)
195.0432 	EXP 	responser: foreColor = (0, 0, 0)
195.0598 	EXP 	responser: foreColor = (0, 0, 0)
195.0766 	EXP 	responser: foreColor = (0, 0, 0)
195.0932 	EXP 	responser: foreColor = (0, 0, 0)
195.1098 	EXP 	responser: foreColor = (0, 0, 0)
195.1265 	EXP 	responser: foreColor = (0, 0, 0)
195.1432 	EXP 	responser: foreColor = (0, 0, 0)
195.1598 	EXP 	responser: foreColor = (0, 0, 0)
195.1765 	EXP 	responser: foreColor = (0, 0, 0)
195.1932 	EXP 	responser: foreColor = (0, 0, 0)
195.2098 	EXP 	responser: foreColor = (0, 0, 0)
195.2265 	EXP 	responser: foreColor = (0, 0, 0)
195.2432 	EXP 	responser: foreColor = (0, 0, 0)
195.2598 	EXP 	responser: foreColor = (0, 0, 0)
195.2765 	EXP 	responser: foreColor = (0, 0, 0)
195.2932 	EXP 	responser: foreColor = (0, 0, 0)
195.3099 	EXP 	responser: foreColor = (0, 0, 0)
195.3265 	EXP 	responser: foreColor = (0, 0, 0)
195.3432 	EXP 	responser: foreColor = (0, 0, 0)
195.3598 	EXP 	responser: foreColor = (0, 0, 0)
195.3765 	EXP 	responser: foreColor = (0, 0, 0)
195.3932 	EXP 	responser: foreColor = (0, 0, 0)
195.4099 	EXP 	responser: foreColor = (0, 0, 0)
195.4265 	EXP 	responser: foreColor = (0, 0, 0)
195.4432 	EXP 	responser: foreColor = (0, 0, 0)
195.4598 	EXP 	responser: foreColor = (0, 0, 0)
195.4765 	EXP 	responser: foreColor = (0, 0, 0)
195.4932 	EXP 	responser: foreColor = (0, 0, 0)
195.5099 	EXP 	responser: foreColor = (0, 0, 0)
195.5265 	EXP 	responser: foreColor = (0, 0, 0)
195.5432 	EXP 	responser: foreColor = (0, 0, 0)
195.5599 	EXP 	responser: foreColor = (0, 0, 0)
195.5765 	EXP 	responser: foreColor = (0, 0, 0)
195.5775 	EXP 	New trial (rep=2, index=0): None
195.5932 	EXP 	responser: foreColor = (0, 0, 0)
195.5932 	EXP 	responsel: autoDraw = False
195.5932 	EXP 	percu_or: autoDraw = False
195.5932 	EXP 	responser: autoDraw = False
195.5932 	EXP 	thermode_locali_pic: autoDraw = False
195.5932 	EXP 	responsel: autoDraw = False
195.5932 	EXP 	percu_or: autoDraw = False
195.5932 	EXP 	responser: autoDraw = False
195.5932 	EXP 	responsel: foreColor = 'white'
195.5932 	EXP 	responser: foreColor = 'white'
195.5932 	EXP 	text_pic: autoDraw = True
195.5932 	EXP 	croix_3: autoDraw = True
200.5933 	EXP 	text_pic: autoDraw = False
200.5933 	EXP 	croix_3: autoDraw = False
200.5933 	EXP 	text_pic: autoDraw = False
200.5933 	EXP 	croix_3: autoDraw = False
200.5933 	EXP 	thermode_locali_pic: height = 0.02
200.5933 	EXP 	thermode_locali_pic: height = 0.02
200.5933 	EXP 	thermode_locali_pic: height = 0.02
200.5933 	EXP 	thermode_locali_pic: text = 'T : 2'
200.5933 	EXP 	responsel: text = 'OUI              '
200.5933 	EXP 	thermode_locali_pic: autoDraw = True
208.5768 	EXP 	responsel: autoDraw = True
208.5768 	EXP 	percu_or: autoDraw = True
208.5768 	EXP 	responser: autoDraw = True
209.2277 	DATA 	Keypress: n
209.2600 	EXP 	responser: foreColor = (0, 0, 0)
209.2766 	EXP 	responser: foreColor = (0, 0, 0)
209.2933 	EXP 	responser: foreColor = (0, 0, 0)
209.3100 	EXP 	responser: foreColor = (0, 0, 0)
209.3266 	EXP 	responser: foreColor = (0, 0, 0)
209.3433 	EXP 	responser: foreColor = (0, 0, 0)
209.3600 	EXP 	responser: foreColor = (0, 0, 0)
209.3766 	EXP 	responser: foreColor = (0, 0, 0)
209.3933 	EXP 	responser: foreColor = (0, 0, 0)
209.4100 	EXP 	responser: foreColor = (0, 0, 0)
209.4266 	EXP 	responser: foreColor = (0, 0, 0)
209.4433 	EXP 	responser: foreColor = (0, 0, 0)
209.4600 	EXP 	responser: foreColor = (0, 0, 0)
209.4766 	EXP 	responser: foreColor = (0, 0, 0)
209.4933 	EXP 	responser: foreColor = (0, 0, 0)
209.5100 	EXP 	responser: foreColor = (0, 0, 0)
209.5266 	EXP 	responser: foreColor = (0, 0, 0)
209.5433 	EXP 	responser: foreColor = (0, 0, 0)
209.5600 	EXP 	responser: foreColor = (0, 0, 0)
209.5766 	EXP 	responser: foreColor = (0, 0, 0)
209.5933 	EXP 	responser: foreColor = (0, 0, 0)
209.6100 	EXP 	responser: foreColor = (0, 0, 0)
209.6266 	EXP 	responser: foreColor = (0, 0, 0)
209.6433 	EXP 	responser: foreColor = (0, 0, 0)
209.6600 	EXP 	responser: foreColor = (0, 0, 0)
209.6767 	EXP 	responser: foreColor = (0, 0, 0)
209.6934 	EXP 	responser: foreColor = (0, 0, 0)
209.7101 	EXP 	responser: foreColor = (0, 0, 0)
209.7268 	EXP 	responser: foreColor = (0, 0, 0)
209.7434 	EXP 	responser: foreColor = (0, 0, 0)
209.7601 	EXP 	responser: foreColor = (0, 0, 0)
209.7768 	EXP 	responser: foreColor = (0, 0, 0)
209.7934 	EXP 	responser: foreColor = (0, 0, 0)
209.8101 	EXP 	responser: foreColor = (0, 0, 0)
209.8268 	EXP 	responser: foreColor = (0, 0, 0)
209.8434 	EXP 	responser: foreColor = (0, 0, 0)
209.8601 	EXP 	responser: foreColor = (0, 0, 0)
209.8768 	EXP 	responser: foreColor = (0, 0, 0)
209.8934 	EXP 	responser: foreColor = (0, 0, 0)
209.9101 	EXP 	responser: foreColor = (0, 0, 0)
209.9268 	EXP 	responser: foreColor = (0, 0, 0)
209.9434 	EXP 	responser: foreColor = (0, 0, 0)
209.9601 	EXP 	responser: foreColor = (0, 0, 0)
209.9768 	EXP 	responser: foreColor = (0, 0, 0)
209.9934 	EXP 	responser: foreColor = (0, 0, 0)
210.0101 	EXP 	responser: foreColor = (0, 0, 0)
210.0268 	EXP 	responser: foreColor = (0, 0, 0)
210.0434 	EXP 	responser: foreColor = (0, 0, 0)
210.0601 	EXP 	responser: foreColor = (0, 0, 0)
210.0768 	EXP 	responser: foreColor = (0, 0, 0)
210.0934 	EXP 	responser: foreColor = (0, 0, 0)
210.1101 	EXP 	responser: foreColor = (0, 0, 0)
210.1268 	EXP 	responser: foreColor = (0, 0, 0)
210.1434 	EXP 	responser: foreColor = (0, 0, 0)
210.1601 	EXP 	responser: foreColor = (0, 0, 0)
210.1768 	EXP 	responser: foreColor = (0, 0, 0)
210.1934 	EXP 	responser: foreColor = (0, 0, 0)
210.2101 	EXP 	responser: foreColor = (0, 0, 0)
210.2268 	EXP 	responser: foreColor = (0, 0, 0)
210.2434 	EXP 	responser: foreColor = (0, 0, 0)
210.2601 	EXP 	responser: foreColor = (0, 0, 0)
210.2768 	EXP 	responser: foreColor = (0, 0, 0)
210.2934 	EXP 	responser: foreColor = (0, 0, 0)
210.3101 	EXP 	responser: foreColor = (0, 0, 0)
210.3268 	EXP 	responser: foreColor = (0, 0, 0)
210.3434 	EXP 	responser: foreColor = (0, 0, 0)
210.3601 	EXP 	responser: foreColor = (0, 0, 0)
210.3768 	EXP 	responser: foreColor = (0, 0, 0)
210.3935 	EXP 	responser: foreColor = (0, 0, 0)
210.4101 	EXP 	responser: foreColor = (0, 0, 0)
210.4268 	EXP 	responser: foreColor = (0, 0, 0)
210.4434 	EXP 	responser: foreColor = (0, 0, 0)
210.4601 	EXP 	responser: foreColor = (0, 0, 0)
210.4768 	EXP 	responser: foreColor = (0, 0, 0)
210.4934 	EXP 	responser: foreColor = (0, 0, 0)
210.5101 	EXP 	responser: foreColor = (0, 0, 0)
210.5267 	EXP 	responser: foreColor = (0, 0, 0)
210.5434 	EXP 	responser: foreColor = (0, 0, 0)
210.5601 	EXP 	responser: foreColor = (0, 0, 0)
210.5768 	EXP 	responser: foreColor = (0, 0, 0)
210.5935 	EXP 	responser: foreColor = (0, 0, 0)
210.6101 	EXP 	responser: foreColor = (0, 0, 0)
210.6268 	EXP 	responser: foreColor = (0, 0, 0)
210.6435 	EXP 	responser: foreColor = (0, 0, 0)
210.6601 	EXP 	responser: foreColor = (0, 0, 0)
210.6768 	EXP 	responser: foreColor = (0, 0, 0)
210.6935 	EXP 	responser: foreColor = (0, 0, 0)
210.7101 	EXP 	responser: foreColor = (0, 0, 0)
210.7268 	EXP 	responser: foreColor = (0, 0, 0)
210.7435 	EXP 	responser: foreColor = (0, 0, 0)
210.7601 	EXP 	responser: foreColor = (0, 0, 0)
210.7768 	EXP 	responser: foreColor = (0, 0, 0)
210.7935 	EXP 	responser: foreColor = (0, 0, 0)
210.7935 	EXP 	thermode_locali_pic: autoDraw = False
210.8101 	EXP 	responser: foreColor = (0, 0, 0)
210.8268 	EXP 	responser: foreColor = (0, 0, 0)
210.8434 	EXP 	responser: foreColor = (0, 0, 0)
210.8601 	EXP 	responser: foreColor = (0, 0, 0)
210.8768 	EXP 	responser: foreColor = (0, 0, 0)
210.8934 	EXP 	responser: foreColor = (0, 0, 0)
210.9101 	EXP 	responser: foreColor = (0, 0, 0)
210.9268 	EXP 	responser: foreColor = (0, 0, 0)
210.9434 	EXP 	responser: foreColor = (0, 0, 0)
210.9601 	EXP 	responser: foreColor = (0, 0, 0)
210.9768 	EXP 	responser: foreColor = (0, 0, 0)
210.9934 	EXP 	responser: foreColor = (0, 0, 0)
211.0101 	EXP 	responser: foreColor = (0, 0, 0)
211.0268 	EXP 	responser: foreColor = (0, 0, 0)
211.0434 	EXP 	responser: foreColor = (0, 0, 0)
211.0601 	EXP 	responser: foreColor = (0, 0, 0)
211.0768 	EXP 	responser: foreColor = (0, 0, 0)
211.0934 	EXP 	responser: foreColor = (0, 0, 0)
211.1101 	EXP 	responser: foreColor = (0, 0, 0)
211.1268 	EXP 	responser: foreColor = (0, 0, 0)
211.1434 	EXP 	responser: foreColor = (0, 0, 0)
211.1601 	EXP 	responser: foreColor = (0, 0, 0)
211.1768 	EXP 	responser: foreColor = (0, 0, 0)
211.1934 	EXP 	responser: foreColor = (0, 0, 0)
211.2101 	EXP 	responser: foreColor = (0, 0, 0)
211.2267 	EXP 	responser: foreColor = (0, 0, 0)
211.2434 	EXP 	responser: foreColor = (0, 0, 0)
211.2601 	EXP 	responser: foreColor = (0, 0, 0)
211.2768 	EXP 	responser: foreColor = (0, 0, 0)
211.2934 	EXP 	responser: foreColor = (0, 0, 0)
211.3101 	EXP 	responser: foreColor = (0, 0, 0)
211.3268 	EXP 	responser: foreColor = (0, 0, 0)
211.3434 	EXP 	responser: foreColor = (0, 0, 0)
211.3601 	EXP 	responser: foreColor = (0, 0, 0)
211.3768 	EXP 	responser: foreColor = (0, 0, 0)
211.3935 	EXP 	responser: foreColor = (0, 0, 0)
211.4101 	EXP 	responser: foreColor = (0, 0, 0)
211.4268 	EXP 	responser: foreColor = (0, 0, 0)
211.4435 	EXP 	responser: foreColor = (0, 0, 0)
211.4601 	EXP 	responser: foreColor = (0, 0, 0)
211.4768 	EXP 	responser: foreColor = (0, 0, 0)
211.4935 	EXP 	responser: foreColor = (0, 0, 0)
211.5101 	EXP 	responser: foreColor = (0, 0, 0)
211.5268 	EXP 	responser: foreColor = (0, 0, 0)
211.5434 	EXP 	responser: foreColor = (0, 0, 0)
211.5601 	EXP 	responser: foreColor = (0, 0, 0)
211.5611 	EXP 	New trial (rep=3, index=0): None
211.5768 	EXP 	responser: foreColor = (0, 0, 0)
211.5768 	EXP 	responsel: autoDraw = False
211.5768 	EXP 	percu_or: autoDraw = False
211.5768 	EXP 	responser: autoDraw = False
211.5768 	EXP 	thermode_locali_pic: autoDraw = False
211.5768 	EXP 	responsel: autoDraw = False
211.5768 	EXP 	percu_or: autoDraw = False
211.5768 	EXP 	responser: autoDraw = False
211.5768 	EXP 	responsel: foreColor = 'white'
211.5768 	EXP 	responser: foreColor = 'white'
211.5768 	EXP 	text_pic: autoDraw = True
211.5768 	EXP 	croix_3: autoDraw = True
216.5768 	EXP 	text_pic: autoDraw = False
216.5768 	EXP 	croix_3: autoDraw = False
216.5768 	EXP 	text_pic: autoDraw = False
216.5768 	EXP 	croix_3: autoDraw = False
216.5768 	EXP 	thermode_locali_pic: height = 0.02
216.5768 	EXP 	thermode_locali_pic: height = 0.02
216.5768 	EXP 	thermode_locali_pic: height = 0.02
216.5768 	EXP 	thermode_locali_pic: text = 'T : 3'
216.5768 	EXP 	responsel: text = 'OUI              '
216.5768 	EXP 	thermode_locali_pic: autoDraw = True
224.5602 	EXP 	responsel: autoDraw = True
224.5602 	EXP 	percu_or: autoDraw = True
224.5602 	EXP 	responser: autoDraw = True
224.9613 	DATA 	Keypress: n
224.9937 	EXP 	responser: foreColor = (0, 0, 0)
225.0103 	EXP 	responser: foreColor = (0, 0, 0)
225.0270 	EXP 	responser: foreColor = (0, 0, 0)
225.0437 	EXP 	responser: foreColor = (0, 0, 0)
225.0604 	EXP 	responser: foreColor = (0, 0, 0)
225.0770 	EXP 	responser: foreColor = (0, 0, 0)
225.0935 	EXP 	responser: foreColor = (0, 0, 0)
225.1102 	EXP 	responser: foreColor = (0, 0, 0)
225.1268 	EXP 	responser: foreColor = (0, 0, 0)
225.1435 	EXP 	responser: foreColor = (0, 0, 0)
225.1602 	EXP 	responser: foreColor = (0, 0, 0)
225.1768 	EXP 	responser: foreColor = (0, 0, 0)
225.1935 	EXP 	responser: foreColor = (0, 0, 0)
225.2102 	EXP 	responser: foreColor = (0, 0, 0)
225.2268 	EXP 	responser: foreColor = (0, 0, 0)
225.2435 	EXP 	responser: foreColor = (0, 0, 0)
225.2602 	EXP 	responser: foreColor = (0, 0, 0)
225.2768 	EXP 	responser: foreColor = (0, 0, 0)
225.2935 	EXP 	responser: foreColor = (0, 0, 0)
225.3102 	EXP 	responser: foreColor = (0, 0, 0)
225.3269 	EXP 	responser: foreColor = (0, 0, 0)
225.3435 	EXP 	responser: foreColor = (0, 0, 0)
225.3602 	EXP 	responser: foreColor = (0, 0, 0)
225.3769 	EXP 	responser: foreColor = (0, 0, 0)
225.3935 	EXP 	responser: foreColor = (0, 0, 0)
225.4102 	EXP 	responser: foreColor = (0, 0, 0)
225.4269 	EXP 	responser: foreColor = (0, 0, 0)
225.4435 	EXP 	responser: foreColor = (0, 0, 0)
225.4602 	EXP 	responser: foreColor = (0, 0, 0)
225.4768 	EXP 	responser: foreColor = (0, 0, 0)
225.4935 	EXP 	responser: foreColor = (0, 0, 0)
225.5102 	EXP 	responser: foreColor = (0, 0, 0)
225.5269 	EXP 	responser: foreColor = (0, 0, 0)
225.5435 	EXP 	responser: foreColor = (0, 0, 0)
225.5602 	EXP 	responser: foreColor = (0, 0, 0)
225.5768 	EXP 	responser: foreColor = (0, 0, 0)
225.5935 	EXP 	responser: foreColor = (0, 0, 0)
225.6102 	EXP 	responser: foreColor = (0, 0, 0)
225.6268 	EXP 	responser: foreColor = (0, 0, 0)
225.6435 	EXP 	responser: foreColor = (0, 0, 0)
225.6602 	EXP 	responser: foreColor = (0, 0, 0)
225.6769 	EXP 	responser: foreColor = (0, 0, 0)
225.6935 	EXP 	responser: foreColor = (0, 0, 0)
225.7102 	EXP 	responser: foreColor = (0, 0, 0)
225.7268 	EXP 	responser: foreColor = (0, 0, 0)
225.7435 	EXP 	responser: foreColor = (0, 0, 0)
225.7602 	EXP 	responser: foreColor = (0, 0, 0)
225.7768 	EXP 	responser: foreColor = (0, 0, 0)
225.7935 	EXP 	responser: foreColor = (0, 0, 0)
225.8102 	EXP 	responser: foreColor = (0, 0, 0)
225.8269 	EXP 	responser: foreColor = (0, 0, 0)
225.8435 	EXP 	responser: foreColor = (0, 0, 0)
225.8602 	EXP 	responser: foreColor = (0, 0, 0)
225.8769 	EXP 	responser: foreColor = (0, 0, 0)
225.8935 	EXP 	responser: foreColor = (0, 0, 0)
225.9102 	EXP 	responser: foreColor = (0, 0, 0)
225.9269 	EXP 	responser: foreColor = (0, 0, 0)
225.9435 	EXP 	responser: foreColor = (0, 0, 0)
225.9602 	EXP 	responser: foreColor = (0, 0, 0)
225.9768 	EXP 	responser: foreColor = (0, 0, 0)
225.9936 	EXP 	responser: foreColor = (0, 0, 0)
226.0102 	EXP 	responser: foreColor = (0, 0, 0)
226.0269 	EXP 	responser: foreColor = (0, 0, 0)
226.0435 	EXP 	responser: foreColor = (0, 0, 0)
226.0602 	EXP 	responser: foreColor = (0, 0, 0)
226.0769 	EXP 	responser: foreColor = (0, 0, 0)
226.0935 	EXP 	responser: foreColor = (0, 0, 0)
226.1102 	EXP 	responser: foreColor = (0, 0, 0)
226.1269 	EXP 	responser: foreColor = (0, 0, 0)
226.1435 	EXP 	responser: foreColor = (0, 0, 0)
226.1602 	EXP 	responser: foreColor = (0, 0, 0)
226.1769 	EXP 	responser: foreColor = (0, 0, 0)
226.1935 	EXP 	responser: foreColor = (0, 0, 0)
226.2102 	EXP 	responser: foreColor = (0, 0, 0)
226.2269 	EXP 	responser: foreColor = (0, 0, 0)
226.2435 	EXP 	responser: foreColor = (0, 0, 0)
226.2602 	EXP 	responser: foreColor = (0, 0, 0)
226.2769 	EXP 	responser: foreColor = (0, 0, 0)
226.2935 	EXP 	responser: foreColor = (0, 0, 0)
226.3102 	EXP 	responser: foreColor = (0, 0, 0)
226.3268 	EXP 	responser: foreColor = (0, 0, 0)
226.3435 	EXP 	responser: foreColor = (0, 0, 0)
226.3602 	EXP 	responser: foreColor = (0, 0, 0)
226.3769 	EXP 	responser: foreColor = (0, 0, 0)
226.3935 	EXP 	responser: foreColor = (0, 0, 0)
226.4102 	EXP 	responser: foreColor = (0, 0, 0)
226.4269 	EXP 	responser: foreColor = (0, 0, 0)
226.4435 	EXP 	responser: foreColor = (0, 0, 0)
226.4602 	EXP 	responser: foreColor = (0, 0, 0)
226.4769 	EXP 	responser: foreColor = (0, 0, 0)
226.4935 	EXP 	responser: foreColor = (0, 0, 0)
226.5102 	EXP 	responser: foreColor = (0, 0, 0)
226.5269 	EXP 	responser: foreColor = (0, 0, 0)
226.5435 	EXP 	responser: foreColor = (0, 0, 0)
226.5603 	EXP 	responser: foreColor = (0, 0, 0)
226.5769 	EXP 	responser: foreColor = (0, 0, 0)
226.5935 	EXP 	responser: foreColor = (0, 0, 0)
226.6102 	EXP 	responser: foreColor = (0, 0, 0)
226.6269 	EXP 	responser: foreColor = (0, 0, 0)
226.6435 	EXP 	responser: foreColor = (0, 0, 0)
226.6602 	EXP 	responser: foreColor = (0, 0, 0)
226.6768 	EXP 	responser: foreColor = (0, 0, 0)
226.6936 	EXP 	responser: foreColor = (0, 0, 0)
226.7102 	EXP 	responser: foreColor = (0, 0, 0)
226.7269 	EXP 	responser: foreColor = (0, 0, 0)
226.7435 	EXP 	responser: foreColor = (0, 0, 0)
226.7602 	EXP 	responser: foreColor = (0, 0, 0)
226.7769 	EXP 	responser: foreColor = (0, 0, 0)
226.7769 	EXP 	thermode_locali_pic: autoDraw = False
226.7935 	EXP 	responser: foreColor = (0, 0, 0)
226.8102 	EXP 	responser: foreColor = (0, 0, 0)
226.8269 	EXP 	responser: foreColor = (0, 0, 0)
226.8435 	EXP 	responser: foreColor = (0, 0, 0)
226.8602 	EXP 	responser: foreColor = (0, 0, 0)
226.8769 	EXP 	responser: foreColor = (0, 0, 0)
226.8935 	EXP 	responser: foreColor = (0, 0, 0)
226.9102 	EXP 	responser: foreColor = (0, 0, 0)
226.9269 	EXP 	responser: foreColor = (0, 0, 0)
226.9435 	EXP 	responser: foreColor = (0, 0, 0)
226.9602 	EXP 	responser: foreColor = (0, 0, 0)
226.9769 	EXP 	responser: foreColor = (0, 0, 0)
226.9935 	EXP 	responser: foreColor = (0, 0, 0)
227.0102 	EXP 	responser: foreColor = (0, 0, 0)
227.0269 	EXP 	responser: foreColor = (0, 0, 0)
227.0435 	EXP 	responser: foreColor = (0, 0, 0)
227.0602 	EXP 	responser: foreColor = (0, 0, 0)
227.0768 	EXP 	responser: foreColor = (0, 0, 0)
227.0935 	EXP 	responser: foreColor = (0, 0, 0)
227.1102 	EXP 	responser: foreColor = (0, 0, 0)
227.1269 	EXP 	responser: foreColor = (0, 0, 0)
227.1436 	EXP 	responser: foreColor = (0, 0, 0)
227.1602 	EXP 	responser: foreColor = (0, 0, 0)
227.1769 	EXP 	responser: foreColor = (0, 0, 0)
227.1936 	EXP 	responser: foreColor = (0, 0, 0)
227.2102 	EXP 	responser: foreColor = (0, 0, 0)
227.2269 	EXP 	responser: foreColor = (0, 0, 0)
227.2436 	EXP 	responser: foreColor = (0, 0, 0)
227.2602 	EXP 	responser: foreColor = (0, 0, 0)
227.2769 	EXP 	responser: foreColor = (0, 0, 0)
227.2936 	EXP 	responser: foreColor = (0, 0, 0)
227.3102 	EXP 	responser: foreColor = (0, 0, 0)
227.3269 	EXP 	responser: foreColor = (0, 0, 0)
227.3435 	EXP 	responser: foreColor = (0, 0, 0)
227.3602 	EXP 	responser: foreColor = (0, 0, 0)
227.3769 	EXP 	responser: foreColor = (0, 0, 0)
227.3935 	EXP 	responser: foreColor = (0, 0, 0)
227.4102 	EXP 	responser: foreColor = (0, 0, 0)
227.4269 	EXP 	responser: foreColor = (0, 0, 0)
227.4435 	EXP 	responser: foreColor = (0, 0, 0)
227.4602 	EXP 	responser: foreColor = (0, 0, 0)
227.4769 	EXP 	responser: foreColor = (0, 0, 0)
227.4935 	EXP 	responser: foreColor = (0, 0, 0)
227.5102 	EXP 	responser: foreColor = (0, 0, 0)
227.5269 	EXP 	responser: foreColor = (0, 0, 0)
227.5435 	EXP 	responser: foreColor = (0, 0, 0)
227.5445 	EXP 	New trial (rep=4, index=0): None
227.5602 	EXP 	responser: foreColor = (0, 0, 0)
227.5602 	EXP 	responsel: autoDraw = False
227.5602 	EXP 	percu_or: autoDraw = False
227.5602 	EXP 	responser: autoDraw = False
227.5602 	EXP 	thermode_locali_pic: autoDraw = False
227.5602 	EXP 	responsel: autoDraw = False
227.5602 	EXP 	percu_or: autoDraw = False
227.5602 	EXP 	responser: autoDraw = False
227.5602 	EXP 	responsel: foreColor = 'white'
227.5602 	EXP 	responser: foreColor = 'white'
227.5602 	EXP 	text_pic: autoDraw = True
227.5602 	EXP 	croix_3: autoDraw = True
232.5604 	EXP 	text_pic: autoDraw = False
232.5604 	EXP 	croix_3: autoDraw = False
232.5604 	EXP 	text_pic: autoDraw = False
232.5604 	EXP 	croix_3: autoDraw = False
232.5604 	EXP 	thermode_locali_pic: height = 0.02
232.5604 	EXP 	thermode_locali_pic: height = 0.02
232.5604 	EXP 	thermode_locali_pic: height = 0.02
232.5604 	EXP 	thermode_locali_pic: text = 'T : 0'
232.5604 	EXP 	responsel: text = 'OUI              '
232.5604 	EXP 	thermode_locali_pic: autoDraw = True
240.5438 	EXP 	responsel: autoDraw = True
240.5438 	EXP 	percu_or: autoDraw = True
240.5438 	EXP 	responser: autoDraw = True
241.2782 	DATA 	Keypress: n
241.3105 	EXP 	responser: foreColor = (0, 0, 0)
241.3271 	EXP 	responser: foreColor = (0, 0, 0)
241.3438 	EXP 	responser: foreColor = (0, 0, 0)
241.3605 	EXP 	responser: foreColor = (0, 0, 0)
241.3771 	EXP 	responser: foreColor = (0, 0, 0)
241.3937 	EXP 	responser: foreColor = (0, 0, 0)
241.4105 	EXP 	responser: foreColor = (0, 0, 0)
241.4271 	EXP 	responser: foreColor = (0, 0, 0)
241.4438 	EXP 	responser: foreColor = (0, 0, 0)
241.4605 	EXP 	responser: foreColor = (0, 0, 0)
241.4771 	EXP 	responser: foreColor = (0, 0, 0)
241.4938 	EXP 	responser: foreColor = (0, 0, 0)
241.5105 	EXP 	responser: foreColor = (0, 0, 0)
241.5271 	EXP 	responser: foreColor = (0, 0, 0)
241.5438 	EXP 	responser: foreColor = (0, 0, 0)
241.5604 	EXP 	responser: foreColor = (0, 0, 0)
241.5771 	EXP 	responser: foreColor = (0, 0, 0)
241.5938 	EXP 	responser: foreColor = (0, 0, 0)
241.6104 	EXP 	responser: foreColor = (0, 0, 0)
241.6271 	EXP 	responser: foreColor = (0, 0, 0)
241.6437 	EXP 	responser: foreColor = (0, 0, 0)
241.6605 	EXP 	responser: foreColor = (0, 0, 0)
241.6771 	EXP 	responser: foreColor = (0, 0, 0)
241.6938 	EXP 	responser: foreColor = (0, 0, 0)
241.7105 	EXP 	responser: foreColor = (0, 0, 0)
241.7271 	EXP 	responser: foreColor = (0, 0, 0)
241.7438 	EXP 	responser: foreColor = (0, 0, 0)
241.7605 	EXP 	responser: foreColor = (0, 0, 0)
241.7771 	EXP 	responser: foreColor = (0, 0, 0)
241.7938 	EXP 	responser: foreColor = (0, 0, 0)
241.8105 	EXP 	responser: foreColor = (0, 0, 0)
241.8271 	EXP 	responser: foreColor = (0, 0, 0)
241.8438 	EXP 	responser: foreColor = (0, 0, 0)
241.8605 	EXP 	responser: foreColor = (0, 0, 0)
241.8771 	EXP 	responser: foreColor = (0, 0, 0)
241.8938 	EXP 	responser: foreColor = (0, 0, 0)
241.9104 	EXP 	responser: foreColor = (0, 0, 0)
241.9271 	EXP 	responser: foreColor = (0, 0, 0)
241.9437 	EXP 	responser: foreColor = (0, 0, 0)
241.9605 	EXP 	responser: foreColor = (0, 0, 0)
241.9771 	EXP 	responser: foreColor = (0, 0, 0)
241.9938 	EXP 	responser: foreColor = (0, 0, 0)
242.0104 	EXP 	responser: foreColor = (0, 0, 0)
242.0271 	EXP 	responser: foreColor = (0, 0, 0)
242.0437 	EXP 	responser: foreColor = (0, 0, 0)
242.0604 	EXP 	responser: foreColor = (0, 0, 0)
242.0771 	EXP 	responser: foreColor = (0, 0, 0)
242.0938 	EXP 	responser: foreColor = (0, 0, 0)
242.1105 	EXP 	responser: foreColor = (0, 0, 0)
242.1271 	EXP 	responser: foreColor = (0, 0, 0)
242.1438 	EXP 	responser: foreColor = (0, 0, 0)
242.1605 	EXP 	responser: foreColor = (0, 0, 0)
242.1771 	EXP 	responser: foreColor = (0, 0, 0)
242.1938 	EXP 	responser: foreColor = (0, 0, 0)
242.2104 	EXP 	responser: foreColor = (0, 0, 0)
242.2271 	EXP 	responser: foreColor = (0, 0, 0)
242.2438 	EXP 	responser: foreColor = (0, 0, 0)
242.2604 	EXP 	responser: foreColor = (0, 0, 0)
242.2771 	EXP 	responser: foreColor = (0, 0, 0)
242.2937 	EXP 	responser: foreColor = (0, 0, 0)
242.3105 	EXP 	responser: foreColor = (0, 0, 0)
242.3271 	EXP 	responser: foreColor = (0, 0, 0)
242.3438 	EXP 	responser: foreColor = (0, 0, 0)
242.3605 	EXP 	responser: foreColor = (0, 0, 0)
242.3771 	EXP 	responser: foreColor = (0, 0, 0)
242.3938 	EXP 	responser: foreColor = (0, 0, 0)
242.4105 	EXP 	responser: foreColor = (0, 0, 0)
242.4271 	EXP 	responser: foreColor = (0, 0, 0)
242.4438 	EXP 	responser: foreColor = (0, 0, 0)
242.4604 	EXP 	responser: foreColor = (0, 0, 0)
242.4771 	EXP 	responser: foreColor = (0, 0, 0)
242.4938 	EXP 	responser: foreColor = (0, 0, 0)
242.5105 	EXP 	responser: foreColor = (0, 0, 0)
242.5271 	EXP 	responser: foreColor = (0, 0, 0)
242.5438 	EXP 	responser: foreColor = (0, 0, 0)
242.5605 	EXP 	responser: foreColor = (0, 0, 0)
242.5771 	EXP 	responser: foreColor = (0, 0, 0)
242.5938 	EXP 	responser: foreColor = (0, 0, 0)
242.6104 	EXP 	responser: foreColor = (0, 0, 0)
242.6271 	EXP 	responser: foreColor = (0, 0, 0)
242.6438 	EXP 	responser: foreColor = (0, 0, 0)
242.6605 	EXP 	responser: foreColor = (0, 0, 0)
242.6771 	EXP 	responser: foreColor = (0, 0, 0)
242.6938 	EXP 	responser: foreColor = (0, 0, 0)
242.7105 	EXP 	responser: foreColor = (0, 0, 0)
242.7271 	EXP 	responser: foreColor = (0, 0, 0)
242.7438 	EXP 	responser: foreColor = (0, 0, 0)
242.7605 	EXP 	responser: foreColor = (0, 0, 0)
242.7605 	EXP 	thermode_locali_pic: autoDraw = False
242.7771 	EXP 	responser: foreColor = (0, 0, 0)
242.7938 	EXP 	responser: foreColor = (0, 0, 0)
242.8105 	EXP 	responser: foreColor = (0, 0, 0)
242.8271 	EXP 	responser: foreColor = (0, 0, 0)
242.8438 	EXP 	responser: foreColor = (0, 0, 0)
242.8604 	EXP 	responser: foreColor = (0, 0, 0)
242.8771 	EXP 	responser: foreColor = (0, 0, 0)
242.8938 	EXP 	responser: foreColor = (0, 0, 0)
242.9105 	EXP 	responser: foreColor = (0, 0, 0)
242.9271 	EXP 	responser: foreColor = (0, 0, 0)
242.9438 	EXP 	responser: foreColor = (0, 0, 0)
242.9605 	EXP 	responser: foreColor = (0, 0, 0)
242.9771 	EXP 	responser: foreColor = (0, 0, 0)
242.9938 	EXP 	responser: foreColor = (0, 0, 0)
243.0105 	EXP 	responser: foreColor = (0, 0, 0)
243.0271 	EXP 	responser: foreColor = (0, 0, 0)
243.0438 	EXP 	responser: foreColor = (0, 0, 0)
243.0605 	EXP 	responser: foreColor = (0, 0, 0)
243.0771 	EXP 	responser: foreColor = (0, 0, 0)
243.0938 	EXP 	responser: foreColor = (0, 0, 0)
243.1105 	EXP 	responser: foreColor = (0, 0, 0)
243.1271 	EXP 	responser: foreColor = (0, 0, 0)
243.1438 	EXP 	responser: foreColor = (0, 0, 0)
243.1605 	EXP 	responser: foreColor = (0, 0, 0)
243.1771 	EXP 	responser: foreColor = (0, 0, 0)
243.1938 	EXP 	responser: foreColor = (0, 0, 0)
243.2105 	EXP 	responser: foreColor = (0, 0, 0)
243.2271 	EXP 	responser: foreColor = (0, 0, 0)
243.2438 	EXP 	responser: foreColor = (0, 0, 0)
243.2604 	EXP 	responser: foreColor = (0, 0, 0)
243.2771 	EXP 	responser: foreColor = (0, 0, 0)
243.2938 	EXP 	responser: foreColor = (0, 0, 0)
243.3105 	EXP 	responser: foreColor = (0, 0, 0)
243.3271 	EXP 	responser: foreColor = (0, 0, 0)
243.3438 	EXP 	responser: foreColor = (0, 0, 0)
243.3605 	EXP 	responser: foreColor = (0, 0, 0)
243.3771 	EXP 	responser: foreColor = (0, 0, 0)
243.3938 	EXP 	responser: foreColor = (0, 0, 0)
243.4105 	EXP 	responser: foreColor = (0, 0, 0)
243.4271 	EXP 	responser: foreColor = (0, 0, 0)
243.4438 	EXP 	responser: foreColor = (0, 0, 0)
243.4605 	EXP 	responser: foreColor = (0, 0, 0)
243.4771 	EXP 	responser: foreColor = (0, 0, 0)
243.4938 	EXP 	responser: foreColor = (0, 0, 0)
243.5105 	EXP 	responser: foreColor = (0, 0, 0)
243.5271 	EXP 	responser: foreColor = (0, 0, 0)
243.5281 	EXP 	New trial (rep=5, index=0): None
243.5438 	EXP 	responser: foreColor = (0, 0, 0)
243.5438 	EXP 	responsel: autoDraw = False
243.5438 	EXP 	percu_or: autoDraw = False
243.5438 	EXP 	responser: autoDraw = False
243.5438 	EXP 	thermode_locali_pic: autoDraw = False
243.5438 	EXP 	responsel: autoDraw = False
243.5438 	EXP 	percu_or: autoDraw = False
243.5438 	EXP 	responser: autoDraw = False
243.5438 	EXP 	responsel: foreColor = 'white'
243.5438 	EXP 	responser: foreColor = 'white'
243.5438 	EXP 	text_pic: autoDraw = True
243.5438 	EXP 	croix_3: autoDraw = True
248.5438 	EXP 	text_pic: autoDraw = False
248.5438 	EXP 	croix_3: autoDraw = False
248.5438 	EXP 	text_pic: autoDraw = False
248.5438 	EXP 	croix_3: autoDraw = False
248.5438 	EXP 	thermode_locali_pic: height = 0.02
248.5438 	EXP 	thermode_locali_pic: height = 0.02
248.5438 	EXP 	thermode_locali_pic: height = 0.02
248.5438 	EXP 	thermode_locali_pic: text = 'T : 1'
248.5438 	EXP 	responsel: text = 'OUI              '
248.5438 	EXP 	thermode_locali_pic: autoDraw = True
256.5272 	EXP 	responsel: autoDraw = True
256.5272 	EXP 	percu_or: autoDraw = True
256.5272 	EXP 	responser: autoDraw = True
257.4621 	DATA 	Keypress: n
257.4939 	EXP 	responser: foreColor = (0, 0, 0)
257.5106 	EXP 	responser: foreColor = (0, 0, 0)
257.5272 	EXP 	responser: foreColor = (0, 0, 0)
257.5439 	EXP 	responser: foreColor = (0, 0, 0)
257.5606 	EXP 	responser: foreColor = (0, 0, 0)
257.5772 	EXP 	responser: foreColor = (0, 0, 0)
257.5939 	EXP 	responser: foreColor = (0, 0, 0)
257.6106 	EXP 	responser: foreColor = (0, 0, 0)
257.6272 	EXP 	responser: foreColor = (0, 0, 0)
257.6439 	EXP 	responser: foreColor = (0, 0, 0)
257.6606 	EXP 	responser: foreColor = (0, 0, 0)
257.6772 	EXP 	responser: foreColor = (0, 0, 0)
257.6939 	EXP 	responser: foreColor = (0, 0, 0)
257.7106 	EXP 	responser: foreColor = (0, 0, 0)
257.7272 	EXP 	responser: foreColor = (0, 0, 0)
257.7439 	EXP 	responser: foreColor = (0, 0, 0)
257.7606 	EXP 	responser: foreColor = (0, 0, 0)
257.7772 	EXP 	responser: foreColor = (0, 0, 0)
257.7939 	EXP 	responser: foreColor = (0, 0, 0)
257.8106 	EXP 	responser: foreColor = (0, 0, 0)
257.8272 	EXP 	responser: foreColor = (0, 0, 0)
257.8439 	EXP 	responser: foreColor = (0, 0, 0)
257.8606 	EXP 	responser: foreColor = (0, 0, 0)
257.8772 	EXP 	responser: foreColor = (0, 0, 0)
257.8939 	EXP 	responser: foreColor = (0, 0, 0)
257.9106 	EXP 	responser: foreColor = (0, 0, 0)
257.9272 	EXP 	responser: foreColor = (0, 0, 0)
257.9439 	EXP 	responser: foreColor = (0, 0, 0)
257.9606 	EXP 	responser: foreColor = (0, 0, 0)
257.9772 	EXP 	responser: foreColor = (0, 0, 0)
257.9939 	EXP 	responser: foreColor = (0, 0, 0)
258.0106 	EXP 	responser: foreColor = (0, 0, 0)
258.0272 	EXP 	responser: foreColor = (0, 0, 0)
258.0439 	EXP 	responser: foreColor = (0, 0, 0)
258.0606 	EXP 	responser: foreColor = (0, 0, 0)
258.0772 	EXP 	responser: foreColor = (0, 0, 0)
258.0939 	EXP 	responser: foreColor = (0, 0, 0)
258.1106 	EXP 	responser: foreColor = (0, 0, 0)
258.1272 	EXP 	responser: foreColor = (0, 0, 0)
258.1439 	EXP 	responser: foreColor = (0, 0, 0)
258.1605 	EXP 	responser: foreColor = (0, 0, 0)
258.1772 	EXP 	responser: foreColor = (0, 0, 0)
258.1939 	EXP 	responser: foreColor = (0, 0, 0)
258.2105 	EXP 	responser: foreColor = (0, 0, 0)
258.2272 	EXP 	responser: foreColor = (0, 0, 0)
258.2439 	EXP 	responser: foreColor = (0, 0, 0)
258.2605 	EXP 	responser: foreColor = (0, 0, 0)
258.2772 	EXP 	responser: foreColor = (0, 0, 0)
258.2939 	EXP 	responser: foreColor = (0, 0, 0)
258.3105 	EXP 	responser: foreColor = (0, 0, 0)
258.3272 	EXP 	responser: foreColor = (0, 0, 0)
258.3439 	EXP 	responser: foreColor = (0, 0, 0)
258.3605 	EXP 	responser: foreColor = (0, 0, 0)
258.3772 	EXP 	responser: foreColor = (0, 0, 0)
258.3939 	EXP 	responser: foreColor = (0, 0, 0)
258.4105 	EXP 	responser: foreColor = (0, 0, 0)
258.4272 	EXP 	responser: foreColor = (0, 0, 0)
258.4439 	EXP 	responser: foreColor = (0, 0, 0)
258.4605 	EXP 	responser: foreColor = (0, 0, 0)
258.4772 	EXP 	responser: foreColor = (0, 0, 0)
258.4939 	EXP 	responser: foreColor = (0, 0, 0)
258.5105 	EXP 	responser: foreColor = (0, 0, 0)
258.5272 	EXP 	responser: foreColor = (0, 0, 0)
258.5439 	EXP 	responser: foreColor = (0, 0, 0)
258.5605 	EXP 	responser: foreColor = (0, 0, 0)
258.5772 	EXP 	responser: foreColor = (0, 0, 0)
258.5939 	EXP 	responser: foreColor = (0, 0, 0)
258.6105 	EXP 	responser: foreColor = (0, 0, 0)
258.6272 	EXP 	responser: foreColor = (0, 0, 0)
258.6439 	EXP 	responser: foreColor = (0, 0, 0)
258.6605 	EXP 	responser: foreColor = (0, 0, 0)
258.6772 	EXP 	responser: foreColor = (0, 0, 0)
258.6940 	EXP 	responser: foreColor = (0, 0, 0)
258.7105 	EXP 	responser: foreColor = (0, 0, 0)
258.7272 	EXP 	responser: foreColor = (0, 0, 0)
258.7439 	EXP 	responser: foreColor = (0, 0, 0)
258.7439 	EXP 	thermode_locali_pic: autoDraw = False
258.7605 	EXP 	responser: foreColor = (0, 0, 0)
258.7772 	EXP 	responser: foreColor = (0, 0, 0)
258.7939 	EXP 	responser: foreColor = (0, 0, 0)
258.8105 	EXP 	responser: foreColor = (0, 0, 0)
258.8272 	EXP 	responser: foreColor = (0, 0, 0)
258.8439 	EXP 	responser: foreColor = (0, 0, 0)
258.8606 	EXP 	responser: foreColor = (0, 0, 0)
258.8772 	EXP 	responser: foreColor = (0, 0, 0)
258.8939 	EXP 	responser: foreColor = (0, 0, 0)
258.9105 	EXP 	responser: foreColor = (0, 0, 0)
258.9272 	EXP 	responser: foreColor = (0, 0, 0)
258.9439 	EXP 	responser: foreColor = (0, 0, 0)
258.9605 	EXP 	responser: foreColor = (0, 0, 0)
258.9772 	EXP 	responser: foreColor = (0, 0, 0)
258.9939 	EXP 	responser: foreColor = (0, 0, 0)
259.0105 	EXP 	responser: foreColor = (0, 0, 0)
259.0272 	EXP 	responser: foreColor = (0, 0, 0)
259.0439 	EXP 	responser: foreColor = (0, 0, 0)
259.0605 	EXP 	responser: foreColor = (0, 0, 0)
259.0772 	EXP 	responser: foreColor = (0, 0, 0)
259.0939 	EXP 	responser: foreColor = (0, 0, 0)
259.1106 	EXP 	responser: foreColor = (0, 0, 0)
259.1272 	EXP 	responser: foreColor = (0, 0, 0)
259.1439 	EXP 	responser: foreColor = (0, 0, 0)
259.1605 	EXP 	responser: foreColor = (0, 0, 0)
259.1772 	EXP 	responser: foreColor = (0, 0, 0)
259.1939 	EXP 	responser: foreColor = (0, 0, 0)
259.2106 	EXP 	responser: foreColor = (0, 0, 0)
259.2272 	EXP 	responser: foreColor = (0, 0, 0)
259.2439 	EXP 	responser: foreColor = (0, 0, 0)
259.2606 	EXP 	responser: foreColor = (0, 0, 0)
259.2772 	EXP 	responser: foreColor = (0, 0, 0)
259.2939 	EXP 	responser: foreColor = (0, 0, 0)
259.3106 	EXP 	responser: foreColor = (0, 0, 0)
259.3272 	EXP 	responser: foreColor = (0, 0, 0)
259.3439 	EXP 	responser: foreColor = (0, 0, 0)
259.3605 	EXP 	responser: foreColor = (0, 0, 0)
259.3772 	EXP 	responser: foreColor = (0, 0, 0)
259.3939 	EXP 	responser: foreColor = (0, 0, 0)
259.4105 	EXP 	responser: foreColor = (0, 0, 0)
259.4272 	EXP 	responser: foreColor = (0, 0, 0)
259.4439 	EXP 	responser: foreColor = (0, 0, 0)
259.4606 	EXP 	responser: foreColor = (0, 0, 0)
259.4772 	EXP 	responser: foreColor = (0, 0, 0)
259.4939 	EXP 	responser: foreColor = (0, 0, 0)
259.5105 	EXP 	responser: foreColor = (0, 0, 0)
259.5115 	EXP 	New trial (rep=6, index=0): None
259.5273 	EXP 	responser: foreColor = (0, 0, 0)
259.5273 	EXP 	responsel: autoDraw = False
259.5273 	EXP 	percu_or: autoDraw = False
259.5273 	EXP 	responser: autoDraw = False
259.5273 	EXP 	thermode_locali_pic: autoDraw = False
259.5273 	EXP 	responsel: autoDraw = False
259.5273 	EXP 	percu_or: autoDraw = False
259.5273 	EXP 	responser: autoDraw = False
259.5273 	EXP 	responsel: foreColor = 'white'
259.5273 	EXP 	responser: foreColor = 'white'
259.5273 	EXP 	text_pic: autoDraw = True
259.5273 	EXP 	croix_3: autoDraw = True
264.5273 	EXP 	text_pic: autoDraw = False
264.5273 	EXP 	croix_3: autoDraw = False
264.5273 	EXP 	text_pic: autoDraw = False
264.5273 	EXP 	croix_3: autoDraw = False
264.5273 	EXP 	thermode_locali_pic: height = 0.02
264.5273 	EXP 	thermode_locali_pic: height = 0.02
264.5273 	EXP 	thermode_locali_pic: height = 0.02
264.5273 	EXP 	thermode_locali_pic: text = 'T : 2'
264.5273 	EXP 	responsel: text = 'OUI              '
264.5273 	EXP 	thermode_locali_pic: autoDraw = True
272.5108 	EXP 	responsel: autoDraw = True
272.5108 	EXP 	percu_or: autoDraw = True
272.5108 	EXP 	responser: autoDraw = True
272.8453 	DATA 	Keypress: m
272.8775 	EXP 	responsel: foreColor = (0, 0, 0)
272.8941 	EXP 	responsel: foreColor = (0, 0, 0)
272.9107 	EXP 	responsel: foreColor = (0, 0, 0)
272.9275 	EXP 	responsel: foreColor = (0, 0, 0)
272.9441 	EXP 	responsel: foreColor = (0, 0, 0)
272.9608 	EXP 	responsel: foreColor = (0, 0, 0)
272.9775 	EXP 	responsel: foreColor = (0, 0, 0)
272.9941 	EXP 	responsel: foreColor = (0, 0, 0)
273.0108 	EXP 	responsel: foreColor = (0, 0, 0)
273.0275 	EXP 	responsel: foreColor = (0, 0, 0)
273.0441 	EXP 	responsel: foreColor = (0, 0, 0)
273.0608 	EXP 	responsel: foreColor = (0, 0, 0)
273.0775 	EXP 	responsel: foreColor = (0, 0, 0)
273.0941 	EXP 	responsel: foreColor = (0, 0, 0)
273.1108 	EXP 	responsel: foreColor = (0, 0, 0)
273.1275 	EXP 	responsel: foreColor = (0, 0, 0)
273.1441 	EXP 	responsel: foreColor = (0, 0, 0)
273.1608 	EXP 	responsel: foreColor = (0, 0, 0)
273.1774 	EXP 	responsel: foreColor = (0, 0, 0)
273.1941 	EXP 	responsel: foreColor = (0, 0, 0)
273.2108 	EXP 	responsel: foreColor = (0, 0, 0)
273.2275 	EXP 	responsel: foreColor = (0, 0, 0)
273.2441 	EXP 	responsel: foreColor = (0, 0, 0)
273.2608 	EXP 	responsel: foreColor = (0, 0, 0)
273.2775 	EXP 	responsel: foreColor = (0, 0, 0)
273.2941 	EXP 	responsel: foreColor = (0, 0, 0)
273.3108 	EXP 	responsel: foreColor = (0, 0, 0)
273.3275 	EXP 	responsel: foreColor = (0, 0, 0)
273.3441 	EXP 	responsel: foreColor = (0, 0, 0)
273.3608 	EXP 	responsel: foreColor = (0, 0, 0)
273.3775 	EXP 	responsel: foreColor = (0, 0, 0)
273.3942 	EXP 	responsel: foreColor = (0, 0, 0)
273.4108 	EXP 	responsel: foreColor = (0, 0, 0)
273.4275 	EXP 	responsel: foreColor = (0, 0, 0)
273.4441 	EXP 	responsel: foreColor = (0, 0, 0)
273.4608 	EXP 	responsel: foreColor = (0, 0, 0)
273.4775 	EXP 	responsel: foreColor = (0, 0, 0)
273.4941 	EXP 	responsel: foreColor = (0, 0, 0)
273.5108 	EXP 	responsel: foreColor = (0, 0, 0)
273.5274 	EXP 	responsel: foreColor = (0, 0, 0)
273.5441 	EXP 	responsel: foreColor = (0, 0, 0)
273.5608 	EXP 	responsel: foreColor = (0, 0, 0)
273.5775 	EXP 	responsel: foreColor = (0, 0, 0)
273.5941 	EXP 	responsel: foreColor = (0, 0, 0)
273.6108 	EXP 	responsel: foreColor = (0, 0, 0)
273.6275 	EXP 	responsel: foreColor = (0, 0, 0)
273.6441 	EXP 	responsel: foreColor = (0, 0, 0)
273.6608 	EXP 	responsel: foreColor = (0, 0, 0)
273.6775 	EXP 	responsel: foreColor = (0, 0, 0)
273.6942 	EXP 	responsel: foreColor = (0, 0, 0)
273.7108 	EXP 	responsel: foreColor = (0, 0, 0)
273.7275 	EXP 	responsel: foreColor = (0, 0, 0)
273.7441 	EXP 	responsel: foreColor = (0, 0, 0)
273.7608 	EXP 	responsel: foreColor = (0, 0, 0)
273.7775 	EXP 	responsel: foreColor = (0, 0, 0)
273.7941 	EXP 	responsel: foreColor = (0, 0, 0)
273.8108 	EXP 	responsel: foreColor = (0, 0, 0)
273.8275 	EXP 	responsel: foreColor = (0, 0, 0)
273.8441 	EXP 	responsel: foreColor = (0, 0, 0)
273.8608 	EXP 	responsel: foreColor = (0, 0, 0)
273.8774 	EXP 	responsel: foreColor = (0, 0, 0)
273.8941 	EXP 	responsel: foreColor = (0, 0, 0)
273.9108 	EXP 	responsel: foreColor = (0, 0, 0)
273.9275 	EXP 	responsel: foreColor = (0, 0, 0)
273.9442 	EXP 	responsel: foreColor = (0, 0, 0)
273.9608 	EXP 	responsel: foreColor = (0, 0, 0)
273.9775 	EXP 	responsel: foreColor = (0, 0, 0)
273.9941 	EXP 	responsel: foreColor = (0, 0, 0)
274.0108 	EXP 	responsel: foreColor = (0, 0, 0)
274.0275 	EXP 	responsel: foreColor = (0, 0, 0)
274.0441 	EXP 	responsel: foreColor = (0, 0, 0)
274.0608 	EXP 	responsel: foreColor = (0, 0, 0)
274.0775 	EXP 	responsel: foreColor = (0, 0, 0)
274.0941 	EXP 	responsel: foreColor = (0, 0, 0)
274.1108 	EXP 	responsel: foreColor = (0, 0, 0)
274.1274 	EXP 	responsel: foreColor = (0, 0, 0)
274.1441 	EXP 	responsel: foreColor = (0, 0, 0)
274.1608 	EXP 	responsel: foreColor = (0, 0, 0)
274.1774 	EXP 	responsel: foreColor = (0, 0, 0)
274.1941 	EXP 	responsel: foreColor = (0, 0, 0)
274.2108 	EXP 	responsel: foreColor = (0, 0, 0)
274.2275 	EXP 	responsel: foreColor = (0, 0, 0)
274.2441 	EXP 	responsel: foreColor = (0, 0, 0)
274.2608 	EXP 	responsel: foreColor = (0, 0, 0)
274.2775 	EXP 	responsel: foreColor = (0, 0, 0)
274.2941 	EXP 	responsel: foreColor = (0, 0, 0)
274.3108 	EXP 	responsel: foreColor = (0, 0, 0)
274.3275 	EXP 	responsel: foreColor = (0, 0, 0)
274.3442 	EXP 	responsel: foreColor = (0, 0, 0)
274.3608 	EXP 	responsel: foreColor = (0, 0, 0)
274.3774 	EXP 	responsel: foreColor = (0, 0, 0)
274.3941 	EXP 	responsel: foreColor = (0, 0, 0)
274.4108 	EXP 	responsel: foreColor = (0, 0, 0)
274.4275 	EXP 	responsel: foreColor = (0, 0, 0)
274.4441 	EXP 	responsel: foreColor = (0, 0, 0)
274.4608 	EXP 	responsel: foreColor = (0, 0, 0)
274.4774 	EXP 	responsel: foreColor = (0, 0, 0)
274.4941 	EXP 	responsel: foreColor = (0, 0, 0)
274.5108 	EXP 	responsel: foreColor = (0, 0, 0)
274.5274 	EXP 	responsel: foreColor = (0, 0, 0)
274.5441 	EXP 	responsel: foreColor = (0, 0, 0)
274.5608 	EXP 	responsel: foreColor = (0, 0, 0)
274.5774 	EXP 	responsel: foreColor = (0, 0, 0)
274.5941 	EXP 	responsel: foreColor = (0, 0, 0)
274.6108 	EXP 	responsel: foreColor = (0, 0, 0)
274.6275 	EXP 	responsel: foreColor = (0, 0, 0)
274.6441 	EXP 	responsel: foreColor = (0, 0, 0)
274.6608 	EXP 	responsel: foreColor = (0, 0, 0)
274.6774 	EXP 	responsel: foreColor = (0, 0, 0)
274.6941 	EXP 	responsel: foreColor = (0, 0, 0)
274.7108 	EXP 	responsel: foreColor = (0, 0, 0)
274.7275 	EXP 	responsel: foreColor = (0, 0, 0)
274.7275 	EXP 	thermode_locali_pic: autoDraw = False
274.7441 	EXP 	responsel: foreColor = (0, 0, 0)
274.7608 	EXP 	responsel: foreColor = (0, 0, 0)
274.7774 	EXP 	responsel: foreColor = (0, 0, 0)
274.7941 	EXP 	responsel: foreColor = (0, 0, 0)
274.8108 	EXP 	responsel: foreColor = (0, 0, 0)
274.8275 	EXP 	responsel: foreColor = (0, 0, 0)
274.8441 	EXP 	responsel: foreColor = (0, 0, 0)
274.8608 	EXP 	responsel: foreColor = (0, 0, 0)
274.8774 	EXP 	responsel: foreColor = (0, 0, 0)
274.8941 	EXP 	responsel: foreColor = (0, 0, 0)
274.9108 	EXP 	responsel: foreColor = (0, 0, 0)
274.9274 	EXP 	responsel: foreColor = (0, 0, 0)
274.9441 	EXP 	responsel: foreColor = (0, 0, 0)
274.9608 	EXP 	responsel: foreColor = (0, 0, 0)
274.9774 	EXP 	responsel: foreColor = (0, 0, 0)
274.9941 	EXP 	responsel: foreColor = (0, 0, 0)
275.0108 	EXP 	responsel: foreColor = (0, 0, 0)
275.0275 	EXP 	responsel: foreColor = (0, 0, 0)
275.0441 	EXP 	responsel: foreColor = (0, 0, 0)
275.0608 	EXP 	responsel: foreColor = (0, 0, 0)
275.0776 	EXP 	responsel: foreColor = (0, 0, 0)
275.0943 	EXP 	responsel: foreColor = (0, 0, 0)
275.1110 	EXP 	responsel: foreColor = (0, 0, 0)
275.1277 	EXP 	responsel: foreColor = (0, 0, 0)
275.1443 	EXP 	responsel: foreColor = (0, 0, 0)
275.1608 	EXP 	responsel: foreColor = (0, 0, 0)
275.1774 	EXP 	responsel: foreColor = (0, 0, 0)
275.1941 	EXP 	responsel: foreColor = (0, 0, 0)
275.2108 	EXP 	responsel: foreColor = (0, 0, 0)
275.2275 	EXP 	responsel: foreColor = (0, 0, 0)
275.2441 	EXP 	responsel: foreColor = (0, 0, 0)
275.2608 	EXP 	responsel: foreColor = (0, 0, 0)
275.2774 	EXP 	responsel: foreColor = (0, 0, 0)
275.2941 	EXP 	responsel: foreColor = (0, 0, 0)
275.3107 	EXP 	responsel: foreColor = (0, 0, 0)
275.3274 	EXP 	responsel: foreColor = (0, 0, 0)
275.3440 	EXP 	responsel: foreColor = (0, 0, 0)
275.3607 	EXP 	responsel: foreColor = (0, 0, 0)
275.3774 	EXP 	responsel: foreColor = (0, 0, 0)
275.3940 	EXP 	responsel: foreColor = (0, 0, 0)
275.4107 	EXP 	responsel: foreColor = (0, 0, 0)
275.4274 	EXP 	responsel: foreColor = (0, 0, 0)
275.4440 	EXP 	responsel: foreColor = (0, 0, 0)
275.4607 	EXP 	responsel: foreColor = (0, 0, 0)
275.4774 	EXP 	responsel: foreColor = (0, 0, 0)
275.4940 	EXP 	responsel: foreColor = (0, 0, 0)
275.4950 	EXP 	New trial (rep=7, index=0): None
275.5107 	EXP 	responsel: foreColor = (0, 0, 0)
275.5107 	EXP 	responsel: autoDraw = False
275.5107 	EXP 	percu_or: autoDraw = False
275.5107 	EXP 	responser: autoDraw = False
275.5107 	EXP 	thermode_locali_pic: autoDraw = False
275.5107 	EXP 	responsel: autoDraw = False
275.5107 	EXP 	percu_or: autoDraw = False
275.5107 	EXP 	responser: autoDraw = False
275.5107 	EXP 	responsel: foreColor = 'white'
275.5107 	EXP 	responser: foreColor = 'white'
275.5107 	EXP 	text_pic: autoDraw = True
275.5107 	EXP 	croix_3: autoDraw = True
280.5109 	EXP 	text_pic: autoDraw = False
280.5109 	EXP 	croix_3: autoDraw = False
280.5109 	EXP 	text_pic: autoDraw = False
280.5109 	EXP 	croix_3: autoDraw = False
280.5109 	EXP 	thermode_locali_pic: height = 0.02
280.5109 	EXP 	thermode_locali_pic: height = 0.02
280.5109 	EXP 	thermode_locali_pic: height = 0.02
280.5109 	EXP 	thermode_locali_pic: text = 'T : 3'
280.5109 	EXP 	responsel: text = 'OUI              '
280.5109 	EXP 	thermode_locali_pic: autoDraw = True
288.4942 	EXP 	responsel: autoDraw = True
288.4942 	EXP 	percu_or: autoDraw = True
288.4942 	EXP 	responser: autoDraw = True
288.9119 	DATA 	Keypress: m
288.9442 	EXP 	responsel: foreColor = (0, 0, 0)
288.9608 	EXP 	responsel: foreColor = (0, 0, 0)
288.9775 	EXP 	responsel: foreColor = (0, 0, 0)
288.9942 	EXP 	responsel: foreColor = (0, 0, 0)
289.0108 	EXP 	responsel: foreColor = (0, 0, 0)
289.0275 	EXP 	responsel: foreColor = (0, 0, 0)
289.0442 	EXP 	responsel: foreColor = (0, 0, 0)
289.0609 	EXP 	responsel: foreColor = (0, 0, 0)
289.0775 	EXP 	responsel: foreColor = (0, 0, 0)
289.0942 	EXP 	responsel: foreColor = (0, 0, 0)
289.1108 	EXP 	responsel: foreColor = (0, 0, 0)
289.1275 	EXP 	responsel: foreColor = (0, 0, 0)
289.1442 	EXP 	responsel: foreColor = (0, 0, 0)
289.1609 	EXP 	responsel: foreColor = (0, 0, 0)
289.1776 	EXP 	responsel: foreColor = (0, 0, 0)
289.1942 	EXP 	responsel: foreColor = (0, 0, 0)
289.2108 	EXP 	responsel: foreColor = (0, 0, 0)
289.2275 	EXP 	responsel: foreColor = (0, 0, 0)
289.2442 	EXP 	responsel: foreColor = (0, 0, 0)
289.2609 	EXP 	responsel: foreColor = (0, 0, 0)
289.2775 	EXP 	responsel: foreColor = (0, 0, 0)
289.2942 	EXP 	responsel: foreColor = (0, 0, 0)
289.3108 	EXP 	responsel: foreColor = (0, 0, 0)
289.3275 	EXP 	responsel: foreColor = (0, 0, 0)
289.3442 	EXP 	responsel: foreColor = (0, 0, 0)
289.3608 	EXP 	responsel: foreColor = (0, 0, 0)
289.3775 	EXP 	responsel: foreColor = (0, 0, 0)
289.3942 	EXP 	responsel: foreColor = (0, 0, 0)
289.4109 	EXP 	responsel: foreColor = (0, 0, 0)
289.4275 	EXP 	responsel: foreColor = (0, 0, 0)
289.4442 	EXP 	responsel: foreColor = (0, 0, 0)
289.4609 	EXP 	responsel: foreColor = (0, 0, 0)
289.4775 	EXP 	responsel: foreColor = (0, 0, 0)
289.4942 	EXP 	responsel: foreColor = (0, 0, 0)
289.5109 	EXP 	responsel: foreColor = (0, 0, 0)
289.5275 	EXP 	responsel: foreColor = (0, 0, 0)
289.5442 	EXP 	responsel: foreColor = (0, 0, 0)
289.5609 	EXP 	responsel: foreColor = (0, 0, 0)
289.5775 	EXP 	responsel: foreColor = (0, 0, 0)
289.5942 	EXP 	responsel: foreColor = (0, 0, 0)
289.6109 	EXP 	responsel: foreColor = (0, 0, 0)
289.6275 	EXP 	responsel: foreColor = (0, 0, 0)
289.6442 	EXP 	responsel: foreColor = (0, 0, 0)
289.6609 	EXP 	responsel: foreColor = (0, 0, 0)
289.6775 	EXP 	responsel: foreColor = (0, 0, 0)
289.6942 	EXP 	responsel: foreColor = (0, 0, 0)
289.7109 	EXP 	responsel: foreColor = (0, 0, 0)
289.7275 	EXP 	responsel: foreColor = (0, 0, 0)
289.7442 	EXP 	responsel: foreColor = (0, 0, 0)
289.7609 	EXP 	responsel: foreColor = (0, 0, 0)
289.7775 	EXP 	responsel: foreColor = (0, 0, 0)
289.7942 	EXP 	responsel: foreColor = (0, 0, 0)
289.8109 	EXP 	responsel: foreColor = (0, 0, 0)
289.8275 	EXP 	responsel: foreColor = (0, 0, 0)
289.8442 	EXP 	responsel: foreColor = (0, 0, 0)
289.8609 	EXP 	responsel: foreColor = (0, 0, 0)
289.8775 	EXP 	responsel: foreColor = (0, 0, 0)
289.8942 	EXP 	responsel: foreColor = (0, 0, 0)
289.9109 	EXP 	responsel: foreColor = (0, 0, 0)
289.9275 	EXP 	responsel: foreColor = (0, 0, 0)
289.9442 	EXP 	responsel: foreColor = (0, 0, 0)
289.9609 	EXP 	responsel: foreColor = (0, 0, 0)
289.9776 	EXP 	responsel: foreColor = (0, 0, 0)
289.9942 	EXP 	responsel: foreColor = (0, 0, 0)
290.0109 	EXP 	responsel: foreColor = (0, 0, 0)
290.0276 	EXP 	responsel: foreColor = (0, 0, 0)
290.0443 	EXP 	responsel: foreColor = (0, 0, 0)
290.0610 	EXP 	responsel: foreColor = (0, 0, 0)
290.0777 	EXP 	responsel: foreColor = (0, 0, 0)
290.0943 	EXP 	responsel: foreColor = (0, 0, 0)
290.1110 	EXP 	responsel: foreColor = (0, 0, 0)
290.1277 	EXP 	responsel: foreColor = (0, 0, 0)
290.1443 	EXP 	responsel: foreColor = (0, 0, 0)
290.1610 	EXP 	responsel: foreColor = (0, 0, 0)
290.1777 	EXP 	responsel: foreColor = (0, 0, 0)
290.1943 	EXP 	responsel: foreColor = (0, 0, 0)
290.2110 	EXP 	responsel: foreColor = (0, 0, 0)
290.2277 	EXP 	responsel: foreColor = (0, 0, 0)
290.2443 	EXP 	responsel: foreColor = (0, 0, 0)
290.2610 	EXP 	responsel: foreColor = (0, 0, 0)
290.2776 	EXP 	responsel: foreColor = (0, 0, 0)
290.2943 	EXP 	responsel: foreColor = (0, 0, 0)
290.3109 	EXP 	responsel: foreColor = (0, 0, 0)
290.3277 	EXP 	responsel: foreColor = (0, 0, 0)
290.3443 	EXP 	responsel: foreColor = (0, 0, 0)
290.3610 	EXP 	responsel: foreColor = (0, 0, 0)
290.3777 	EXP 	responsel: foreColor = (0, 0, 0)
290.3943 	EXP 	responsel: foreColor = (0, 0, 0)
290.4110 	EXP 	responsel: foreColor = (0, 0, 0)
290.4276 	EXP 	responsel: foreColor = (0, 0, 0)
290.4443 	EXP 	responsel: foreColor = (0, 0, 0)
290.4610 	EXP 	responsel: foreColor = (0, 0, 0)
290.4777 	EXP 	responsel: foreColor = (0, 0, 0)
290.4943 	EXP 	responsel: foreColor = (0, 0, 0)
290.5110 	EXP 	responsel: foreColor = (0, 0, 0)
290.5276 	EXP 	responsel: foreColor = (0, 0, 0)
290.5443 	EXP 	responsel: foreColor = (0, 0, 0)
290.5610 	EXP 	responsel: foreColor = (0, 0, 0)
290.5777 	EXP 	responsel: foreColor = (0, 0, 0)
290.5943 	EXP 	responsel: foreColor = (0, 0, 0)
290.6110 	EXP 	responsel: foreColor = (0, 0, 0)
290.6276 	EXP 	responsel: foreColor = (0, 0, 0)
290.6443 	EXP 	responsel: foreColor = (0, 0, 0)
290.6610 	EXP 	responsel: foreColor = (0, 0, 0)
290.6777 	EXP 	responsel: foreColor = (0, 0, 0)
290.6943 	EXP 	responsel: foreColor = (0, 0, 0)
290.7110 	EXP 	responsel: foreColor = (0, 0, 0)
290.7110 	EXP 	thermode_locali_pic: autoDraw = False
290.7277 	EXP 	responsel: foreColor = (0, 0, 0)
290.7442 	EXP 	responsel: foreColor = (0, 0, 0)
290.7609 	EXP 	responsel: foreColor = (0, 0, 0)
290.7776 	EXP 	responsel: foreColor = (0, 0, 0)
290.7942 	EXP 	responsel: foreColor = (0, 0, 0)
290.8109 	EXP 	responsel: foreColor = (0, 0, 0)
290.8276 	EXP 	responsel: foreColor = (0, 0, 0)
290.8442 	EXP 	responsel: foreColor = (0, 0, 0)
290.8609 	EXP 	responsel: foreColor = (0, 0, 0)
290.8776 	EXP 	responsel: foreColor = (0, 0, 0)
290.8942 	EXP 	responsel: foreColor = (0, 0, 0)
290.9109 	EXP 	responsel: foreColor = (0, 0, 0)
290.9276 	EXP 	responsel: foreColor = (0, 0, 0)
290.9442 	EXP 	responsel: foreColor = (0, 0, 0)
290.9609 	EXP 	responsel: foreColor = (0, 0, 0)
290.9776 	EXP 	responsel: foreColor = (0, 0, 0)
290.9942 	EXP 	responsel: foreColor = (0, 0, 0)
291.0109 	EXP 	responsel: foreColor = (0, 0, 0)
291.0276 	EXP 	responsel: foreColor = (0, 0, 0)
291.0442 	EXP 	responsel: foreColor = (0, 0, 0)
291.0609 	EXP 	responsel: foreColor = (0, 0, 0)
291.0776 	EXP 	responsel: foreColor = (0, 0, 0)
291.0942 	EXP 	responsel: foreColor = (0, 0, 0)
291.1109 	EXP 	responsel: foreColor = (0, 0, 0)
291.1276 	EXP 	responsel: foreColor = (0, 0, 0)
291.1443 	EXP 	responsel: foreColor = (0, 0, 0)
291.1609 	EXP 	responsel: foreColor = (0, 0, 0)
291.1776 	EXP 	responsel: foreColor = (0, 0, 0)
291.1942 	EXP 	responsel: foreColor = (0, 0, 0)
291.2109 	EXP 	responsel: foreColor = (0, 0, 0)
291.2276 	EXP 	responsel: foreColor = (0, 0, 0)
291.2442 	EXP 	responsel: foreColor = (0, 0, 0)
291.2609 	EXP 	responsel: foreColor = (0, 0, 0)
291.2776 	EXP 	responsel: foreColor = (0, 0, 0)
291.2942 	EXP 	responsel: foreColor = (0, 0, 0)
291.3109 	EXP 	responsel: foreColor = (0, 0, 0)
291.3276 	EXP 	responsel: foreColor = (0, 0, 0)
291.3442 	EXP 	responsel: foreColor = (0, 0, 0)
291.3609 	EXP 	responsel: foreColor = (0, 0, 0)
291.3776 	EXP 	responsel: foreColor = (0, 0, 0)
291.3943 	EXP 	responsel: foreColor = (0, 0, 0)
291.4109 	EXP 	responsel: foreColor = (0, 0, 0)
291.4276 	EXP 	responsel: foreColor = (0, 0, 0)
291.4442 	EXP 	responsel: foreColor = (0, 0, 0)
291.4609 	EXP 	responsel: foreColor = (0, 0, 0)
291.4776 	EXP 	responsel: foreColor = (0, 0, 0)
291.4786 	EXP 	New trial (rep=8, index=0): None
291.4942 	EXP 	responsel: foreColor = (0, 0, 0)
291.4942 	EXP 	responsel: autoDraw = False
291.4942 	EXP 	percu_or: autoDraw = False
291.4942 	EXP 	responser: autoDraw = False
291.4942 	EXP 	thermode_locali_pic: autoDraw = False
291.4942 	EXP 	responsel: autoDraw = False
291.4942 	EXP 	percu_or: autoDraw = False
291.4942 	EXP 	responser: autoDraw = False
291.4942 	EXP 	responsel: foreColor = 'white'
291.4942 	EXP 	responser: foreColor = 'white'
291.4942 	EXP 	text_pic: autoDraw = True
291.4942 	EXP 	croix_3: autoDraw = True
296.4945 	EXP 	text_pic: autoDraw = False
296.4945 	EXP 	croix_3: autoDraw = False
296.4945 	EXP 	text_pic: autoDraw = False
296.4945 	EXP 	croix_3: autoDraw = False
296.4945 	EXP 	thermode_locali_pic: height = 0.02
296.4945 	EXP 	thermode_locali_pic: height = 0.02
296.4945 	EXP 	thermode_locali_pic: height = 0.02
296.4945 	EXP 	thermode_locali_pic: text = 'T : 0'
296.4945 	EXP 	responsel: text = 'OUI              '
296.4945 	EXP 	thermode_locali_pic: autoDraw = True
304.4778 	EXP 	responsel: autoDraw = True
304.4778 	EXP 	percu_or: autoDraw = True
304.4778 	EXP 	responser: autoDraw = True
304.9955 	DATA 	Keypress: n
305.0279 	EXP 	responser: foreColor = (0, 0, 0)
305.0445 	EXP 	responser: foreColor = (0, 0, 0)
305.0611 	EXP 	responser: foreColor = (0, 0, 0)
305.0778 	EXP 	responser: foreColor = (0, 0, 0)
305.0945 	EXP 	responser: foreColor = (0, 0, 0)
305.1111 	EXP 	responser: foreColor = (0, 0, 0)
305.1278 	EXP 	responser: foreColor = (0, 0, 0)
305.1445 	EXP 	responser: foreColor = (0, 0, 0)
305.1611 	EXP 	responser: foreColor = (0, 0, 0)
305.1778 	EXP 	responser: foreColor = (0, 0, 0)
305.1945 	EXP 	responser: foreColor = (0, 0, 0)
305.2112 	EXP 	responser: foreColor = (0, 0, 0)
305.2278 	EXP 	responser: foreColor = (0, 0, 0)
305.2445 	EXP 	responser: foreColor = (0, 0, 0)
305.2611 	EXP 	responser: foreColor = (0, 0, 0)
305.2778 	EXP 	responser: foreColor = (0, 0, 0)
305.2945 	EXP 	responser: foreColor = (0, 0, 0)
305.3112 	EXP 	responser: foreColor = (0, 0, 0)
305.3278 	EXP 	responser: foreColor = (0, 0, 0)
305.3445 	EXP 	responser: foreColor = (0, 0, 0)
305.3611 	EXP 	responser: foreColor = (0, 0, 0)
305.3779 	EXP 	responser: foreColor = (0, 0, 0)
305.3945 	EXP 	responser: foreColor = (0, 0, 0)
305.4112 	EXP 	responser: foreColor = (0, 0, 0)
305.4278 	EXP 	responser: foreColor = (0, 0, 0)
305.4445 	EXP 	responser: foreColor = (0, 0, 0)
305.4612 	EXP 	responser: foreColor = (0, 0, 0)
305.4778 	EXP 	responser: foreColor = (0, 0, 0)
305.4945 	EXP 	responser: foreColor = (0, 0, 0)
305.5111 	EXP 	responser: foreColor = (0, 0, 0)
305.5279 	EXP 	responser: foreColor = (0, 0, 0)
305.5445 	EXP 	responser: foreColor = (0, 0, 0)
305.5611 	EXP 	responser: foreColor = (0, 0, 0)
305.5778 	EXP 	responser: foreColor = (0, 0, 0)
305.5945 	EXP 	responser: foreColor = (0, 0, 0)
305.6111 	EXP 	responser: foreColor = (0, 0, 0)
305.6278 	EXP 	responser: foreColor = (0, 0, 0)
305.6445 	EXP 	responser: foreColor = (0, 0, 0)
305.6612 	EXP 	responser: foreColor = (0, 0, 0)
305.6778 	EXP 	responser: foreColor = (0, 0, 0)
305.6945 	EXP 	responser: foreColor = (0, 0, 0)
305.7112 	EXP 	responser: foreColor = (0, 0, 0)
305.7278 	EXP 	responser: foreColor = (0, 0, 0)
305.7445 	EXP 	responser: foreColor = (0, 0, 0)
305.7611 	EXP 	responser: foreColor = (0, 0, 0)
305.7778 	EXP 	responser: foreColor = (0, 0, 0)
305.7945 	EXP 	responser: foreColor = (0, 0, 0)
305.8112 	EXP 	responser: foreColor = (0, 0, 0)
305.8278 	EXP 	responser: foreColor = (0, 0, 0)
305.8445 	EXP 	responser: foreColor = (0, 0, 0)
305.8611 	EXP 	responser: foreColor = (0, 0, 0)
305.8778 	EXP 	responser: foreColor = (0, 0, 0)
305.8945 	EXP 	responser: foreColor = (0, 0, 0)
305.9112 	EXP 	responser: foreColor = (0, 0, 0)
305.9278 	EXP 	responser: foreColor = (0, 0, 0)
305.9445 	EXP 	responser: foreColor = (0, 0, 0)
305.9612 	EXP 	responser: foreColor = (0, 0, 0)
305.9778 	EXP 	responser: foreColor = (0, 0, 0)
305.9945 	EXP 	responser: foreColor = (0, 0, 0)
306.0112 	EXP 	responser: foreColor = (0, 0, 0)
306.0278 	EXP 	responser: foreColor = (0, 0, 0)
306.0445 	EXP 	responser: foreColor = (0, 0, 0)
306.0612 	EXP 	responser: foreColor = (0, 0, 0)
306.0778 	EXP 	responser: foreColor = (0, 0, 0)
306.0945 	EXP 	responser: foreColor = (0, 0, 0)
306.1112 	EXP 	responser: foreColor = (0, 0, 0)
306.1278 	EXP 	responser: foreColor = (0, 0, 0)
306.1445 	EXP 	responser: foreColor = (0, 0, 0)
306.1612 	EXP 	responser: foreColor = (0, 0, 0)
306.1778 	EXP 	responser: foreColor = (0, 0, 0)
306.1944 	EXP 	responser: foreColor = (0, 0, 0)
306.2112 	EXP 	responser: foreColor = (0, 0, 0)
306.2278 	EXP 	responser: foreColor = (0, 0, 0)
306.2445 	EXP 	responser: foreColor = (0, 0, 0)
306.2612 	EXP 	responser: foreColor = (0, 0, 0)
306.2778 	EXP 	responser: foreColor = (0, 0, 0)
306.2945 	EXP 	responser: foreColor = (0, 0, 0)
306.3112 	EXP 	responser: foreColor = (0, 0, 0)
306.3278 	EXP 	responser: foreColor = (0, 0, 0)
306.3445 	EXP 	responser: foreColor = (0, 0, 0)
306.3612 	EXP 	responser: foreColor = (0, 0, 0)
306.3778 	EXP 	responser: foreColor = (0, 0, 0)
306.3945 	EXP 	responser: foreColor = (0, 0, 0)
306.4112 	EXP 	responser: foreColor = (0, 0, 0)
306.4278 	EXP 	responser: foreColor = (0, 0, 0)
306.4445 	EXP 	responser: foreColor = (0, 0, 0)
306.4612 	EXP 	responser: foreColor = (0, 0, 0)
306.4778 	EXP 	responser: foreColor = (0, 0, 0)
306.4945 	EXP 	responser: foreColor = (0, 0, 0)
306.5112 	EXP 	responser: foreColor = (0, 0, 0)
306.5278 	EXP 	responser: foreColor = (0, 0, 0)
306.5445 	EXP 	responser: foreColor = (0, 0, 0)
306.5612 	EXP 	responser: foreColor = (0, 0, 0)
306.5778 	EXP 	responser: foreColor = (0, 0, 0)
306.5945 	EXP 	responser: foreColor = (0, 0, 0)
306.6112 	EXP 	responser: foreColor = (0, 0, 0)
306.6278 	EXP 	responser: foreColor = (0, 0, 0)
306.6445 	EXP 	responser: foreColor = (0, 0, 0)
306.6612 	EXP 	responser: foreColor = (0, 0, 0)
306.6778 	EXP 	responser: foreColor = (0, 0, 0)
306.6945 	EXP 	responser: foreColor = (0, 0, 0)
306.6945 	EXP 	thermode_locali_pic: autoDraw = False
306.7112 	EXP 	responser: foreColor = (0, 0, 0)
306.7278 	EXP 	responser: foreColor = (0, 0, 0)
306.7445 	EXP 	responser: foreColor = (0, 0, 0)
306.7612 	EXP 	responser: foreColor = (0, 0, 0)
306.7778 	EXP 	responser: foreColor = (0, 0, 0)
306.7945 	EXP 	responser: foreColor = (0, 0, 0)
306.8112 	EXP 	responser: foreColor = (0, 0, 0)
306.8278 	EXP 	responser: foreColor = (0, 0, 0)
306.8445 	EXP 	responser: foreColor = (0, 0, 0)
306.8611 	EXP 	responser: foreColor = (0, 0, 0)
306.8778 	EXP 	responser: foreColor = (0, 0, 0)
306.8945 	EXP 	responser: foreColor = (0, 0, 0)
306.9112 	EXP 	responser: foreColor = (0, 0, 0)
306.9278 	EXP 	responser: foreColor = (0, 0, 0)
306.9445 	EXP 	responser: foreColor = (0, 0, 0)
306.9612 	EXP 	responser: foreColor = (0, 0, 0)
306.9778 	EXP 	responser: foreColor = (0, 0, 0)
306.9945 	EXP 	responser: foreColor = (0, 0, 0)
307.0112 	EXP 	responser: foreColor = (0, 0, 0)
307.0278 	EXP 	responser: foreColor = (0, 0, 0)
307.0445 	EXP 	responser: foreColor = (0, 0, 0)
307.0612 	EXP 	responser: foreColor = (0, 0, 0)
307.0778 	EXP 	responser: foreColor = (0, 0, 0)
307.0945 	EXP 	responser: foreColor = (0, 0, 0)
307.1112 	EXP 	responser: foreColor = (0, 0, 0)
307.1278 	EXP 	responser: foreColor = (0, 0, 0)
307.1445 	EXP 	responser: foreColor = (0, 0, 0)
307.1612 	EXP 	responser: foreColor = (0, 0, 0)
307.1778 	EXP 	responser: foreColor = (0, 0, 0)
307.1945 	EXP 	responser: foreColor = (0, 0, 0)
307.2111 	EXP 	responser: foreColor = (0, 0, 0)
307.2278 	EXP 	responser: foreColor = (0, 0, 0)
307.2445 	EXP 	responser: foreColor = (0, 0, 0)
307.2612 	EXP 	responser: foreColor = (0, 0, 0)
307.2778 	EXP 	responser: foreColor = (0, 0, 0)
307.2945 	EXP 	responser: foreColor = (0, 0, 0)
307.3112 	EXP 	responser: foreColor = (0, 0, 0)
307.3278 	EXP 	responser: foreColor = (0, 0, 0)
307.3445 	EXP 	responser: foreColor = (0, 0, 0)
307.3612 	EXP 	responser: foreColor = (0, 0, 0)
307.3778 	EXP 	responser: foreColor = (0, 0, 0)
307.3945 	EXP 	responser: foreColor = (0, 0, 0)
307.4112 	EXP 	responser: foreColor = (0, 0, 0)
307.4278 	EXP 	responser: foreColor = (0, 0, 0)
307.4445 	EXP 	responser: foreColor = (0, 0, 0)
307.4612 	EXP 	responser: foreColor = (0, 0, 0)
307.4622 	EXP 	New trial (rep=9, index=0): None
307.4778 	EXP 	responser: foreColor = (0, 0, 0)
307.4778 	EXP 	responsel: autoDraw = False
307.4778 	EXP 	percu_or: autoDraw = False
307.4778 	EXP 	responser: autoDraw = False
307.4778 	EXP 	thermode_locali_pic: autoDraw = False
307.4778 	EXP 	responsel: autoDraw = False
307.4778 	EXP 	percu_or: autoDraw = False
307.4778 	EXP 	responser: autoDraw = False
307.4778 	EXP 	responsel: foreColor = 'white'
307.4778 	EXP 	responser: foreColor = 'white'
307.4778 	EXP 	text_pic: autoDraw = True
307.4778 	EXP 	croix_3: autoDraw = True
312.4779 	EXP 	text_pic: autoDraw = False
312.4779 	EXP 	croix_3: autoDraw = False
312.4779 	EXP 	text_pic: autoDraw = False
312.4779 	EXP 	croix_3: autoDraw = False
312.4779 	EXP 	thermode_locali_pic: height = 0.02
312.4779 	EXP 	thermode_locali_pic: height = 0.02
312.4779 	EXP 	thermode_locali_pic: height = 0.02
312.4779 	EXP 	thermode_locali_pic: text = 'T : 1'
312.4779 	EXP 	responsel: text = 'OUI              '
312.4779 	EXP 	thermode_locali_pic: autoDraw = True
320.4612 	EXP 	responsel: autoDraw = True
320.4612 	EXP 	percu_or: autoDraw = True
320.4612 	EXP 	responser: autoDraw = True
320.8790 	DATA 	Keypress: n
320.9112 	EXP 	responser: foreColor = (0, 0, 0)
320.9279 	EXP 	responser: foreColor = (0, 0, 0)
320.9445 	EXP 	responser: foreColor = (0, 0, 0)
320.9612 	EXP 	responser: foreColor = (0, 0, 0)
320.9779 	EXP 	responser: foreColor = (0, 0, 0)
320.9945 	EXP 	responser: foreColor = (0, 0, 0)
321.0112 	EXP 	responser: foreColor = (0, 0, 0)
321.0279 	EXP 	responser: foreColor = (0, 0, 0)
321.0445 	EXP 	responser: foreColor = (0, 0, 0)
321.0612 	EXP 	responser: foreColor = (0, 0, 0)
321.0779 	EXP 	responser: foreColor = (0, 0, 0)
321.0945 	EXP 	responser: foreColor = (0, 0, 0)
321.1112 	EXP 	responser: foreColor = (0, 0, 0)
321.1279 	EXP 	responser: foreColor = (0, 0, 0)
321.1445 	EXP 	responser: foreColor = (0, 0, 0)
321.1612 	EXP 	responser: foreColor = (0, 0, 0)
321.1779 	EXP 	responser: foreColor = (0, 0, 0)
321.1946 	EXP 	responser: foreColor = (0, 0, 0)
321.2112 	EXP 	responser: foreColor = (0, 0, 0)
321.2279 	EXP 	responser: foreColor = (0, 0, 0)
321.2445 	EXP 	responser: foreColor = (0, 0, 0)
321.2612 	EXP 	responser: foreColor = (0, 0, 0)
321.2779 	EXP 	responser: foreColor = (0, 0, 0)
321.2945 	EXP 	responser: foreColor = (0, 0, 0)
321.3112 	EXP 	responser: foreColor = (0, 0, 0)
321.3279 	EXP 	responser: foreColor = (0, 0, 0)
321.3445 	EXP 	responser: foreColor = (0, 0, 0)
321.3612 	EXP 	responser: foreColor = (0, 0, 0)
321.3779 	EXP 	responser: foreColor = (0, 0, 0)
321.3946 	EXP 	responser: foreColor = (0, 0, 0)
321.4112 	EXP 	responser: foreColor = (0, 0, 0)
321.4279 	EXP 	responser: foreColor = (0, 0, 0)
321.4445 	EXP 	responser: foreColor = (0, 0, 0)
321.4612 	EXP 	responser: foreColor = (0, 0, 0)
321.4779 	EXP 	responser: foreColor = (0, 0, 0)
321.4945 	EXP 	responser: foreColor = (0, 0, 0)
321.5112 	EXP 	responser: foreColor = (0, 0, 0)
321.5279 	EXP 	responser: foreColor = (0, 0, 0)
321.5445 	EXP 	responser: foreColor = (0, 0, 0)
321.5612 	EXP 	responser: foreColor = (0, 0, 0)
321.5779 	EXP 	responser: foreColor = (0, 0, 0)
321.5945 	EXP 	responser: foreColor = (0, 0, 0)
321.6112 	EXP 	responser: foreColor = (0, 0, 0)
321.6279 	EXP 	responser: foreColor = (0, 0, 0)
321.6445 	EXP 	responser: foreColor = (0, 0, 0)
321.6612 	EXP 	responser: foreColor = (0, 0, 0)
321.6779 	EXP 	responser: foreColor = (0, 0, 0)
321.6945 	EXP 	responser: foreColor = (0, 0, 0)
321.7112 	EXP 	responser: foreColor = (0, 0, 0)
321.7279 	EXP 	responser: foreColor = (0, 0, 0)
321.7445 	EXP 	responser: foreColor = (0, 0, 0)
321.7612 	EXP 	responser: foreColor = (0, 0, 0)
321.7779 	EXP 	responser: foreColor = (0, 0, 0)
321.7945 	EXP 	responser: foreColor = (0, 0, 0)
321.8112 	EXP 	responser: foreColor = (0, 0, 0)
321.8279 	EXP 	responser: foreColor = (0, 0, 0)
321.8445 	EXP 	responser: foreColor = (0, 0, 0)
321.8612 	EXP 	responser: foreColor = (0, 0, 0)
321.8779 	EXP 	responser: foreColor = (0, 0, 0)
321.8945 	EXP 	responser: foreColor = (0, 0, 0)
321.9112 	EXP 	responser: foreColor = (0, 0, 0)
321.9279 	EXP 	responser: foreColor = (0, 0, 0)
321.9445 	EXP 	responser: foreColor = (0, 0, 0)
321.9612 	EXP 	responser: foreColor = (0, 0, 0)
321.9779 	EXP 	responser: foreColor = (0, 0, 0)
321.9946 	EXP 	responser: foreColor = (0, 0, 0)
322.0112 	EXP 	responser: foreColor = (0, 0, 0)
322.0279 	EXP 	responser: foreColor = (0, 0, 0)
322.0445 	EXP 	responser: foreColor = (0, 0, 0)
322.0612 	EXP 	responser: foreColor = (0, 0, 0)
322.0779 	EXP 	responser: foreColor = (0, 0, 0)
322.0945 	EXP 	responser: foreColor = (0, 0, 0)
322.1112 	EXP 	responser: foreColor = (0, 0, 0)
322.1279 	EXP 	responser: foreColor = (0, 0, 0)
322.1446 	EXP 	responser: foreColor = (0, 0, 0)
322.1613 	EXP 	responser: foreColor = (0, 0, 0)
322.1779 	EXP 	responser: foreColor = (0, 0, 0)
322.1946 	EXP 	responser: foreColor = (0, 0, 0)
322.2113 	EXP 	responser: foreColor = (0, 0, 0)
322.2279 	EXP 	responser: foreColor = (0, 0, 0)
322.2446 	EXP 	responser: foreColor = (0, 0, 0)
322.2613 	EXP 	responser: foreColor = (0, 0, 0)
322.2779 	EXP 	responser: foreColor = (0, 0, 0)
322.2946 	EXP 	responser: foreColor = (0, 0, 0)
322.3113 	EXP 	responser: foreColor = (0, 0, 0)
322.3279 	EXP 	responser: foreColor = (0, 0, 0)
322.3446 	EXP 	responser: foreColor = (0, 0, 0)
322.3613 	EXP 	responser: foreColor = (0, 0, 0)
322.3779 	EXP 	responser: foreColor = (0, 0, 0)
322.3946 	EXP 	responser: foreColor = (0, 0, 0)
322.4113 	EXP 	responser: foreColor = (0, 0, 0)
322.4279 	EXP 	responser: foreColor = (0, 0, 0)
322.4446 	EXP 	responser: foreColor = (0, 0, 0)
322.4613 	EXP 	responser: foreColor = (0, 0, 0)
322.4779 	EXP 	responser: foreColor = (0, 0, 0)
322.4946 	EXP 	responser: foreColor = (0, 0, 0)
322.5113 	EXP 	responser: foreColor = (0, 0, 0)
322.5279 	EXP 	responser: foreColor = (0, 0, 0)
322.5446 	EXP 	responser: foreColor = (0, 0, 0)
322.5613 	EXP 	responser: foreColor = (0, 0, 0)
322.5779 	EXP 	responser: foreColor = (0, 0, 0)
322.5946 	EXP 	responser: foreColor = (0, 0, 0)
322.6113 	EXP 	responser: foreColor = (0, 0, 0)
322.6279 	EXP 	responser: foreColor = (0, 0, 0)
322.6446 	EXP 	responser: foreColor = (0, 0, 0)
322.6613 	EXP 	responser: foreColor = (0, 0, 0)
322.6779 	EXP 	responser: foreColor = (0, 0, 0)
322.6779 	EXP 	thermode_locali_pic: autoDraw = False
322.6946 	EXP 	responser: foreColor = (0, 0, 0)
322.7113 	EXP 	responser: foreColor = (0, 0, 0)
322.7279 	EXP 	responser: foreColor = (0, 0, 0)
322.7446 	EXP 	responser: foreColor = (0, 0, 0)
322.7613 	EXP 	responser: foreColor = (0, 0, 0)
322.7779 	EXP 	responser: foreColor = (0, 0, 0)
322.7946 	EXP 	responser: foreColor = (0, 0, 0)
322.8113 	EXP 	responser: foreColor = (0, 0, 0)
322.8279 	EXP 	responser: foreColor = (0, 0, 0)
322.8446 	EXP 	responser: foreColor = (0, 0, 0)
322.8612 	EXP 	responser: foreColor = (0, 0, 0)
322.8779 	EXP 	responser: foreColor = (0, 0, 0)
322.8946 	EXP 	responser: foreColor = (0, 0, 0)
322.9113 	EXP 	responser: foreColor = (0, 0, 0)
322.9279 	EXP 	responser: foreColor = (0, 0, 0)
322.9446 	EXP 	responser: foreColor = (0, 0, 0)
322.9613 	EXP 	responser: foreColor = (0, 0, 0)
322.9779 	EXP 	responser: foreColor = (0, 0, 0)
322.9946 	EXP 	responser: foreColor = (0, 0, 0)
323.0113 	EXP 	responser: foreColor = (0, 0, 0)
323.0279 	EXP 	responser: foreColor = (0, 0, 0)
323.0446 	EXP 	responser: foreColor = (0, 0, 0)
323.0613 	EXP 	responser: foreColor = (0, 0, 0)
323.0779 	EXP 	responser: foreColor = (0, 0, 0)
323.0946 	EXP 	responser: foreColor = (0, 0, 0)
323.1113 	EXP 	responser: foreColor = (0, 0, 0)
323.1279 	EXP 	responser: foreColor = (0, 0, 0)
323.1446 	EXP 	responser: foreColor = (0, 0, 0)
323.1613 	EXP 	responser: foreColor = (0, 0, 0)
323.1779 	EXP 	responser: foreColor = (0, 0, 0)
323.1946 	EXP 	responser: foreColor = (0, 0, 0)
323.2113 	EXP 	responser: foreColor = (0, 0, 0)
323.2280 	EXP 	responser: foreColor = (0, 0, 0)
323.2446 	EXP 	responser: foreColor = (0, 0, 0)
323.2613 	EXP 	responser: foreColor = (0, 0, 0)
323.2779 	EXP 	responser: foreColor = (0, 0, 0)
323.2946 	EXP 	responser: foreColor = (0, 0, 0)
323.3113 	EXP 	responser: foreColor = (0, 0, 0)
323.3279 	EXP 	responser: foreColor = (0, 0, 0)
323.3446 	EXP 	responser: foreColor = (0, 0, 0)
323.3613 	EXP 	responser: foreColor = (0, 0, 0)
323.3779 	EXP 	responser: foreColor = (0, 0, 0)
323.3946 	EXP 	responser: foreColor = (0, 0, 0)
323.4113 	EXP 	responser: foreColor = (0, 0, 0)
323.4279 	EXP 	responser: foreColor = (0, 0, 0)
323.4446 	EXP 	responser: foreColor = (0, 0, 0)
323.4456 	EXP 	New trial (rep=10, index=0): None
323.4613 	EXP 	responser: foreColor = (0, 0, 0)
323.4613 	EXP 	responsel: autoDraw = False
323.4613 	EXP 	percu_or: autoDraw = False
323.4613 	EXP 	responser: autoDraw = False
323.4613 	EXP 	thermode_locali_pic: autoDraw = False
323.4613 	EXP 	responsel: autoDraw = False
323.4613 	EXP 	percu_or: autoDraw = False
323.4613 	EXP 	responser: autoDraw = False
323.4613 	EXP 	responsel: foreColor = 'white'
323.4613 	EXP 	responser: foreColor = 'white'
323.4613 	EXP 	text_pic: autoDraw = True
323.4613 	EXP 	croix_3: autoDraw = True
328.4614 	EXP 	text_pic: autoDraw = False
328.4614 	EXP 	croix_3: autoDraw = False
328.4614 	EXP 	text_pic: autoDraw = False
328.4614 	EXP 	croix_3: autoDraw = False
328.4614 	EXP 	thermode_locali_pic: height = 0.02
328.4614 	EXP 	thermode_locali_pic: height = 0.02
328.4614 	EXP 	thermode_locali_pic: height = 0.02
328.4614 	EXP 	thermode_locali_pic: text = 'T : 2'
328.4614 	EXP 	responsel: text = 'OUI              '
328.4614 	EXP 	thermode_locali_pic: autoDraw = True
336.4448 	EXP 	responsel: autoDraw = True
336.4448 	EXP 	percu_or: autoDraw = True
336.4448 	EXP 	responser: autoDraw = True
337.3460 	DATA 	Keypress: m
337.3782 	EXP 	responsel: foreColor = (0, 0, 0)
337.3948 	EXP 	responsel: foreColor = (0, 0, 0)
337.4114 	EXP 	responsel: foreColor = (0, 0, 0)
337.4281 	EXP 	responsel: foreColor = (0, 0, 0)
337.4448 	EXP 	responsel: foreColor = (0, 0, 0)
337.4614 	EXP 	responsel: foreColor = (0, 0, 0)
337.4781 	EXP 	responsel: foreColor = (0, 0, 0)
337.4948 	EXP 	responsel: foreColor = (0, 0, 0)
337.5114 	EXP 	responsel: foreColor = (0, 0, 0)
337.5281 	EXP 	responsel: foreColor = (0, 0, 0)
337.5448 	EXP 	responsel: foreColor = (0, 0, 0)
337.5614 	EXP 	responsel: foreColor = (0, 0, 0)
337.5781 	EXP 	responsel: foreColor = (0, 0, 0)
337.5948 	EXP 	responsel: foreColor = (0, 0, 0)
337.6114 	EXP 	responsel: foreColor = (0, 0, 0)
337.6281 	EXP 	responsel: foreColor = (0, 0, 0)
337.6448 	EXP 	responsel: foreColor = (0, 0, 0)
337.6614 	EXP 	responsel: foreColor = (0, 0, 0)
337.6781 	EXP 	responsel: foreColor = (0, 0, 0)
337.6948 	EXP 	responsel: foreColor = (0, 0, 0)
337.7114 	EXP 	responsel: foreColor = (0, 0, 0)
337.7281 	EXP 	responsel: foreColor = (0, 0, 0)
337.7448 	EXP 	responsel: foreColor = (0, 0, 0)
337.7614 	EXP 	responsel: foreColor = (0, 0, 0)
337.7781 	EXP 	responsel: foreColor = (0, 0, 0)
337.7948 	EXP 	responsel: foreColor = (0, 0, 0)
337.8114 	EXP 	responsel: foreColor = (0, 0, 0)
337.8281 	EXP 	responsel: foreColor = (0, 0, 0)
337.8448 	EXP 	responsel: foreColor = (0, 0, 0)
337.8614 	EXP 	responsel: foreColor = (0, 0, 0)
337.8781 	EXP 	responsel: foreColor = (0, 0, 0)
337.8948 	EXP 	responsel: foreColor = (0, 0, 0)
337.9115 	EXP 	responsel: foreColor = (0, 0, 0)
337.9282 	EXP 	responsel: foreColor = (0, 0, 0)
337.9448 	EXP 	responsel: foreColor = (0, 0, 0)
337.9615 	EXP 	responsel: foreColor = (0, 0, 0)
337.9781 	EXP 	responsel: foreColor = (0, 0, 0)
337.9948 	EXP 	responsel: foreColor = (0, 0, 0)
338.0115 	EXP 	responsel: foreColor = (0, 0, 0)
338.0282 	EXP 	responsel: foreColor = (0, 0, 0)
338.0448 	EXP 	responsel: foreColor = (0, 0, 0)
338.0615 	EXP 	responsel: foreColor = (0, 0, 0)
338.0782 	EXP 	responsel: foreColor = (0, 0, 0)
338.0948 	EXP 	responsel: foreColor = (0, 0, 0)
338.1115 	EXP 	responsel: foreColor = (0, 0, 0)
338.1282 	EXP 	responsel: foreColor = (0, 0, 0)
338.1448 	EXP 	responsel: foreColor = (0, 0, 0)
338.1615 	EXP 	responsel: foreColor = (0, 0, 0)
338.1782 	EXP 	responsel: foreColor = (0, 0, 0)
338.1948 	EXP 	responsel: foreColor = (0, 0, 0)
338.2116 	EXP 	responsel: foreColor = (0, 0, 0)
338.2281 	EXP 	responsel: foreColor = (0, 0, 0)
338.2449 	EXP 	responsel: foreColor = (0, 0, 0)
338.2615 	EXP 	responsel: foreColor = (0, 0, 0)
338.2782 	EXP 	responsel: foreColor = (0, 0, 0)
338.2948 	EXP 	responsel: foreColor = (0, 0, 0)
338.3115 	EXP 	responsel: foreColor = (0, 0, 0)
338.3281 	EXP 	responsel: foreColor = (0, 0, 0)
338.3448 	EXP 	responsel: foreColor = (0, 0, 0)
338.3615 	EXP 	responsel: foreColor = (0, 0, 0)
338.3782 	EXP 	responsel: foreColor = (0, 0, 0)
338.3949 	EXP 	responsel: foreColor = (0, 0, 0)
338.4115 	EXP 	responsel: foreColor = (0, 0, 0)
338.4282 	EXP 	responsel: foreColor = (0, 0, 0)
338.4448 	EXP 	responsel: foreColor = (0, 0, 0)
338.4615 	EXP 	responsel: foreColor = (0, 0, 0)
338.4781 	EXP 	responsel: foreColor = (0, 0, 0)
338.4949 	EXP 	responsel: foreColor = (0, 0, 0)
338.5115 	EXP 	responsel: foreColor = (0, 0, 0)
338.5282 	EXP 	responsel: foreColor = (0, 0, 0)
338.5449 	EXP 	responsel: foreColor = (0, 0, 0)
338.5615 	EXP 	responsel: foreColor = (0, 0, 0)
338.5782 	EXP 	responsel: foreColor = (0, 0, 0)
338.5949 	EXP 	responsel: foreColor = (0, 0, 0)
338.6115 	EXP 	responsel: foreColor = (0, 0, 0)
338.6281 	EXP 	responsel: foreColor = (0, 0, 0)
338.6448 	EXP 	responsel: foreColor = (0, 0, 0)
338.6615 	EXP 	responsel: foreColor = (0, 0, 0)
338.6615 	EXP 	thermode_locali_pic: autoDraw = False
338.6781 	EXP 	responsel: foreColor = (0, 0, 0)
338.6949 	EXP 	responsel: foreColor = (0, 0, 0)
338.7115 	EXP 	responsel: foreColor = (0, 0, 0)
338.7282 	EXP 	responsel: foreColor = (0, 0, 0)
338.7449 	EXP 	responsel: foreColor = (0, 0, 0)
338.7615 	EXP 	responsel: foreColor = (0, 0, 0)
338.7782 	EXP 	responsel: foreColor = (0, 0, 0)
338.7949 	EXP 	responsel: foreColor = (0, 0, 0)
338.8115 	EXP 	responsel: foreColor = (0, 0, 0)
338.8282 	EXP 	responsel: foreColor = (0, 0, 0)
338.8449 	EXP 	responsel: foreColor = (0, 0, 0)
338.8615 	EXP 	responsel: foreColor = (0, 0, 0)
338.8782 	EXP 	responsel: foreColor = (0, 0, 0)
338.8949 	EXP 	responsel: foreColor = (0, 0, 0)
338.9115 	EXP 	responsel: foreColor = (0, 0, 0)
338.9282 	EXP 	responsel: foreColor = (0, 0, 0)
338.9449 	EXP 	responsel: foreColor = (0, 0, 0)
338.9615 	EXP 	responsel: foreColor = (0, 0, 0)
338.9782 	EXP 	responsel: foreColor = (0, 0, 0)
338.9949 	EXP 	responsel: foreColor = (0, 0, 0)
339.0115 	EXP 	responsel: foreColor = (0, 0, 0)
339.0281 	EXP 	responsel: foreColor = (0, 0, 0)
339.0448 	EXP 	responsel: foreColor = (0, 0, 0)
339.0615 	EXP 	responsel: foreColor = (0, 0, 0)
339.0782 	EXP 	responsel: foreColor = (0, 0, 0)
339.0949 	EXP 	responsel: foreColor = (0, 0, 0)
339.1115 	EXP 	responsel: foreColor = (0, 0, 0)
339.1282 	EXP 	responsel: foreColor = (0, 0, 0)
339.1449 	EXP 	responsel: foreColor = (0, 0, 0)
339.1615 	EXP 	responsel: foreColor = (0, 0, 0)
339.1782 	EXP 	responsel: foreColor = (0, 0, 0)
339.1949 	EXP 	responsel: foreColor = (0, 0, 0)
339.2115 	EXP 	responsel: foreColor = (0, 0, 0)
339.2282 	EXP 	responsel: foreColor = (0, 0, 0)
339.2449 	EXP 	responsel: foreColor = (0, 0, 0)
339.2615 	EXP 	responsel: foreColor = (0, 0, 0)
339.2782 	EXP 	responsel: foreColor = (0, 0, 0)
339.2949 	EXP 	responsel: foreColor = (0, 0, 0)
339.3115 	EXP 	responsel: foreColor = (0, 0, 0)
339.3282 	EXP 	responsel: foreColor = (0, 0, 0)
339.3449 	EXP 	responsel: foreColor = (0, 0, 0)
339.3615 	EXP 	responsel: foreColor = (0, 0, 0)
339.3782 	EXP 	responsel: foreColor = (0, 0, 0)
339.3948 	EXP 	responsel: foreColor = (0, 0, 0)
339.4116 	EXP 	responsel: foreColor = (0, 0, 0)
339.4282 	EXP 	responsel: foreColor = (0, 0, 0)
339.4292 	EXP 	New trial (rep=11, index=0): None
339.4448 	EXP 	responsel: foreColor = (0, 0, 0)
339.4448 	EXP 	responsel: autoDraw = False
339.4448 	EXP 	percu_or: autoDraw = False
339.4448 	EXP 	responser: autoDraw = False
339.4448 	EXP 	thermode_locali_pic: autoDraw = False
339.4448 	EXP 	responsel: autoDraw = False
339.4448 	EXP 	percu_or: autoDraw = False
339.4448 	EXP 	responser: autoDraw = False
339.4448 	EXP 	responsel: foreColor = 'white'
339.4448 	EXP 	responser: foreColor = 'white'
339.4448 	EXP 	text_pic: autoDraw = True
339.4448 	EXP 	croix_3: autoDraw = True
344.4449 	EXP 	text_pic: autoDraw = False
344.4449 	EXP 	croix_3: autoDraw = False
344.4449 	EXP 	text_pic: autoDraw = False
344.4449 	EXP 	croix_3: autoDraw = False
344.4449 	EXP 	thermode_locali_pic: height = 0.02
344.4449 	EXP 	thermode_locali_pic: height = 0.02
344.4449 	EXP 	thermode_locali_pic: height = 0.02
344.4449 	EXP 	thermode_locali_pic: text = 'T : 3'
344.4449 	EXP 	responsel: text = 'OUI              '
344.4449 	EXP 	thermode_locali_pic: autoDraw = True
352.4283 	EXP 	responsel: autoDraw = True
352.4283 	EXP 	percu_or: autoDraw = True
352.4283 	EXP 	responser: autoDraw = True
353.1627 	DATA 	Keypress: n
353.1949 	EXP 	responser: foreColor = (0, 0, 0)
353.2116 	EXP 	responser: foreColor = (0, 0, 0)
353.2282 	EXP 	responser: foreColor = (0, 0, 0)
353.2468 	EXP 	responser: foreColor = (0, 0, 0)
353.2616 	EXP 	responser: foreColor = (0, 0, 0)
353.2783 	EXP 	responser: foreColor = (0, 0, 0)
353.2949 	EXP 	responser: foreColor = (0, 0, 0)
353.3116 	EXP 	responser: foreColor = (0, 0, 0)
353.3282 	EXP 	responser: foreColor = (0, 0, 0)
353.3449 	EXP 	responser: foreColor = (0, 0, 0)
353.3616 	EXP 	responser: foreColor = (0, 0, 0)
353.3783 	EXP 	responser: foreColor = (0, 0, 0)
353.3949 	EXP 	responser: foreColor = (0, 0, 0)
353.4116 	EXP 	responser: foreColor = (0, 0, 0)
353.4283 	EXP 	responser: foreColor = (0, 0, 0)
353.4449 	EXP 	responser: foreColor = (0, 0, 0)
353.4616 	EXP 	responser: foreColor = (0, 0, 0)
353.4782 	EXP 	responser: foreColor = (0, 0, 0)
353.4949 	EXP 	responser: foreColor = (0, 0, 0)
353.5116 	EXP 	responser: foreColor = (0, 0, 0)
353.5282 	EXP 	responser: foreColor = (0, 0, 0)
353.5449 	EXP 	responser: foreColor = (0, 0, 0)
353.5616 	EXP 	responser: foreColor = (0, 0, 0)
353.5782 	EXP 	responser: foreColor = (0, 0, 0)
353.5949 	EXP 	responser: foreColor = (0, 0, 0)
353.6116 	EXP 	responser: foreColor = (0, 0, 0)
353.6282 	EXP 	responser: foreColor = (0, 0, 0)
353.6449 	EXP 	responser: foreColor = (0, 0, 0)
353.6617 	EXP 	responser: foreColor = (0, 0, 0)
353.6783 	EXP 	responser: foreColor = (0, 0, 0)
353.6950 	EXP 	responser: foreColor = (0, 0, 0)
353.7117 	EXP 	responser: foreColor = (0, 0, 0)
353.7284 	EXP 	responser: foreColor = (0, 0, 0)
353.7449 	EXP 	responser: foreColor = (0, 0, 0)
353.7616 	EXP 	responser: foreColor = (0, 0, 0)
353.7783 	EXP 	responser: foreColor = (0, 0, 0)
353.7949 	EXP 	responser: foreColor = (0, 0, 0)
353.8116 	EXP 	responser: foreColor = (0, 0, 0)
353.8283 	EXP 	responser: foreColor = (0, 0, 0)
353.8449 	EXP 	responser: foreColor = (0, 0, 0)
353.8616 	EXP 	responser: foreColor = (0, 0, 0)
353.8783 	EXP 	responser: foreColor = (0, 0, 0)
353.8949 	EXP 	responser: foreColor = (0, 0, 0)
353.9116 	EXP 	responser: foreColor = (0, 0, 0)
353.9283 	EXP 	responser: foreColor = (0, 0, 0)
353.9449 	EXP 	responser: foreColor = (0, 0, 0)
353.9616 	EXP 	responser: foreColor = (0, 0, 0)
353.9783 	EXP 	responser: foreColor = (0, 0, 0)
353.9949 	EXP 	responser: foreColor = (0, 0, 0)
354.0116 	EXP 	responser: foreColor = (0, 0, 0)
354.0283 	EXP 	responser: foreColor = (0, 0, 0)
354.0449 	EXP 	responser: foreColor = (0, 0, 0)
354.0616 	EXP 	responser: foreColor = (0, 0, 0)
354.0783 	EXP 	responser: foreColor = (0, 0, 0)
354.0949 	EXP 	responser: foreColor = (0, 0, 0)
354.1116 	EXP 	responser: foreColor = (0, 0, 0)
354.1283 	EXP 	responser: foreColor = (0, 0, 0)
354.1449 	EXP 	responser: foreColor = (0, 0, 0)
354.1616 	EXP 	responser: foreColor = (0, 0, 0)
354.1783 	EXP 	responser: foreColor = (0, 0, 0)
354.1949 	EXP 	responser: foreColor = (0, 0, 0)
354.2116 	EXP 	responser: foreColor = (0, 0, 0)
354.2283 	EXP 	responser: foreColor = (0, 0, 0)
354.2449 	EXP 	responser: foreColor = (0, 0, 0)
354.2616 	EXP 	responser: foreColor = (0, 0, 0)
354.2783 	EXP 	responser: foreColor = (0, 0, 0)
354.2949 	EXP 	responser: foreColor = (0, 0, 0)
354.3116 	EXP 	responser: foreColor = (0, 0, 0)
354.3283 	EXP 	responser: foreColor = (0, 0, 0)
354.3449 	EXP 	responser: foreColor = (0, 0, 0)
354.3616 	EXP 	responser: foreColor = (0, 0, 0)
354.3783 	EXP 	responser: foreColor = (0, 0, 0)
354.3949 	EXP 	responser: foreColor = (0, 0, 0)
354.4116 	EXP 	responser: foreColor = (0, 0, 0)
354.4283 	EXP 	responser: foreColor = (0, 0, 0)
354.4449 	EXP 	responser: foreColor = (0, 0, 0)
354.4616 	EXP 	responser: foreColor = (0, 0, 0)
354.4783 	EXP 	responser: foreColor = (0, 0, 0)
354.4949 	EXP 	responser: foreColor = (0, 0, 0)
354.5116 	EXP 	responser: foreColor = (0, 0, 0)
354.5283 	EXP 	responser: foreColor = (0, 0, 0)
354.5449 	EXP 	responser: foreColor = (0, 0, 0)
354.5616 	EXP 	responser: foreColor = (0, 0, 0)
354.5783 	EXP 	responser: foreColor = (0, 0, 0)
354.5949 	EXP 	responser: foreColor = (0, 0, 0)
354.6116 	EXP 	responser: foreColor = (0, 0, 0)
354.6283 	EXP 	responser: foreColor = (0, 0, 0)
354.6449 	EXP 	responser: foreColor = (0, 0, 0)
354.6449 	EXP 	thermode_locali_pic: autoDraw = False
354.6616 	EXP 	responser: foreColor = (0, 0, 0)
354.6783 	EXP 	responser: foreColor = (0, 0, 0)
354.6949 	EXP 	responser: foreColor = (0, 0, 0)
354.7116 	EXP 	responser: foreColor = (0, 0, 0)
354.7283 	EXP 	responser: foreColor = (0, 0, 0)
354.7449 	EXP 	responser: foreColor = (0, 0, 0)
354.7616 	EXP 	responser: foreColor = (0, 0, 0)
354.7783 	EXP 	responser: foreColor = (0, 0, 0)
354.7949 	EXP 	responser: foreColor = (0, 0, 0)
354.8116 	EXP 	responser: foreColor = (0, 0, 0)
354.8283 	EXP 	responser: foreColor = (0, 0, 0)
354.8449 	EXP 	responser: foreColor = (0, 0, 0)
354.8616 	EXP 	responser: foreColor = (0, 0, 0)
354.8783 	EXP 	responser: foreColor = (0, 0, 0)
354.8949 	EXP 	responser: foreColor = (0, 0, 0)
354.9116 	EXP 	responser: foreColor = (0, 0, 0)
354.9283 	EXP 	responser: foreColor = (0, 0, 0)
354.9449 	EXP 	responser: foreColor = (0, 0, 0)
354.9616 	EXP 	responser: foreColor = (0, 0, 0)
354.9783 	EXP 	responser: foreColor = (0, 0, 0)
354.9949 	EXP 	responser: foreColor = (0, 0, 0)
355.0116 	EXP 	responser: foreColor = (0, 0, 0)
355.0283 	EXP 	responser: foreColor = (0, 0, 0)
355.0449 	EXP 	responser: foreColor = (0, 0, 0)
355.0616 	EXP 	responser: foreColor = (0, 0, 0)
355.0783 	EXP 	responser: foreColor = (0, 0, 0)
355.0949 	EXP 	responser: foreColor = (0, 0, 0)
355.1116 	EXP 	responser: foreColor = (0, 0, 0)
355.1283 	EXP 	responser: foreColor = (0, 0, 0)
355.1449 	EXP 	responser: foreColor = (0, 0, 0)
355.1616 	EXP 	responser: foreColor = (0, 0, 0)
355.1783 	EXP 	responser: foreColor = (0, 0, 0)
355.1949 	EXP 	responser: foreColor = (0, 0, 0)
355.2116 	EXP 	responser: foreColor = (0, 0, 0)
355.2283 	EXP 	responser: foreColor = (0, 0, 0)
355.2449 	EXP 	responser: foreColor = (0, 0, 0)
355.2616 	EXP 	responser: foreColor = (0, 0, 0)
355.2782 	EXP 	responser: foreColor = (0, 0, 0)
355.2949 	EXP 	responser: foreColor = (0, 0, 0)
355.3116 	EXP 	responser: foreColor = (0, 0, 0)
355.3283 	EXP 	responser: foreColor = (0, 0, 0)
355.3449 	EXP 	responser: foreColor = (0, 0, 0)
355.3616 	EXP 	responser: foreColor = (0, 0, 0)
355.3783 	EXP 	responser: foreColor = (0, 0, 0)
355.3950 	EXP 	responser: foreColor = (0, 0, 0)
355.4116 	EXP 	responser: foreColor = (0, 0, 0)
355.4125 	EXP 	New trial (rep=12, index=0): None
355.4283 	EXP 	responser: foreColor = (0, 0, 0)
355.4283 	EXP 	responsel: autoDraw = False
355.4283 	EXP 	percu_or: autoDraw = False
355.4283 	EXP 	responser: autoDraw = False
355.4283 	EXP 	thermode_locali_pic: autoDraw = False
355.4283 	EXP 	responsel: autoDraw = False
355.4283 	EXP 	percu_or: autoDraw = False
355.4283 	EXP 	responser: autoDraw = False
355.4283 	EXP 	responsel: foreColor = 'white'
355.4283 	EXP 	responser: foreColor = 'white'
355.4283 	EXP 	text_pic: autoDraw = True
355.4283 	EXP 	croix_3: autoDraw = True
360.4284 	EXP 	text_pic: autoDraw = False
360.4284 	EXP 	croix_3: autoDraw = False
360.4284 	EXP 	text_pic: autoDraw = False
360.4284 	EXP 	croix_3: autoDraw = False
360.4284 	EXP 	thermode_locali_pic: height = 0.02
360.4284 	EXP 	thermode_locali_pic: height = 0.02
360.4284 	EXP 	thermode_locali_pic: height = 0.02
360.4284 	EXP 	thermode_locali_pic: text = 'T : 0'
360.4284 	EXP 	responsel: text = 'OUI              '
360.4284 	EXP 	thermode_locali_pic: autoDraw = True
368.4118 	EXP 	responsel: autoDraw = True
368.4118 	EXP 	percu_or: autoDraw = True
368.4118 	EXP 	responser: autoDraw = True
368.8296 	DATA 	Keypress: n
368.8618 	EXP 	responser: foreColor = (0, 0, 0)
368.8786 	EXP 	responser: foreColor = (0, 0, 0)
368.8952 	EXP 	responser: foreColor = (0, 0, 0)
368.9119 	EXP 	responser: foreColor = (0, 0, 0)
368.9286 	EXP 	responser: foreColor = (0, 0, 0)
368.9452 	EXP 	responser: foreColor = (0, 0, 0)
368.9619 	EXP 	responser: foreColor = (0, 0, 0)
368.9785 	EXP 	responser: foreColor = (0, 0, 0)
368.9951 	EXP 	responser: foreColor = (0, 0, 0)
369.0118 	EXP 	responser: foreColor = (0, 0, 0)
369.0284 	EXP 	responser: foreColor = (0, 0, 0)
369.0451 	EXP 	responser: foreColor = (0, 0, 0)
369.0618 	EXP 	responser: foreColor = (0, 0, 0)
369.0784 	EXP 	responser: foreColor = (0, 0, 0)
369.0951 	EXP 	responser: foreColor = (0, 0, 0)
369.1118 	EXP 	responser: foreColor = (0, 0, 0)
369.1284 	EXP 	responser: foreColor = (0, 0, 0)
369.1451 	EXP 	responser: foreColor = (0, 0, 0)
369.1617 	EXP 	responser: foreColor = (0, 0, 0)
369.1784 	EXP 	responser: foreColor = (0, 0, 0)
369.1951 	EXP 	responser: foreColor = (0, 0, 0)
369.2118 	EXP 	responser: foreColor = (0, 0, 0)
369.2284 	EXP 	responser: foreColor = (0, 0, 0)
369.2451 	EXP 	responser: foreColor = (0, 0, 0)
369.2618 	EXP 	responser: foreColor = (0, 0, 0)
369.2784 	EXP 	responser: foreColor = (0, 0, 0)
369.2951 	EXP 	responser: foreColor = (0, 0, 0)
369.3118 	EXP 	responser: foreColor = (0, 0, 0)
369.3284 	EXP 	responser: foreColor = (0, 0, 0)
369.3451 	EXP 	responser: foreColor = (0, 0, 0)
369.3618 	EXP 	responser: foreColor = (0, 0, 0)
369.3784 	EXP 	responser: foreColor = (0, 0, 0)
369.3951 	EXP 	responser: foreColor = (0, 0, 0)
369.4118 	EXP 	responser: foreColor = (0, 0, 0)
369.4284 	EXP 	responser: foreColor = (0, 0, 0)
369.4451 	EXP 	responser: foreColor = (0, 0, 0)
369.4618 	EXP 	responser: foreColor = (0, 0, 0)
369.4785 	EXP 	responser: foreColor = (0, 0, 0)
369.4951 	EXP 	responser: foreColor = (0, 0, 0)
369.5118 	EXP 	responser: foreColor = (0, 0, 0)
369.5285 	EXP 	responser: foreColor = (0, 0, 0)
369.5451 	EXP 	responser: foreColor = (0, 0, 0)
369.5618 	EXP 	responser: foreColor = (0, 0, 0)
369.5784 	EXP 	responser: foreColor = (0, 0, 0)
369.5951 	EXP 	responser: foreColor = (0, 0, 0)
369.6118 	EXP 	responser: foreColor = (0, 0, 0)
369.6285 	EXP 	responser: foreColor = (0, 0, 0)
369.6451 	EXP 	responser: foreColor = (0, 0, 0)
369.6618 	EXP 	responser: foreColor = (0, 0, 0)
369.6785 	EXP 	responser: foreColor = (0, 0, 0)
369.6951 	EXP 	responser: foreColor = (0, 0, 0)
369.7118 	EXP 	responser: foreColor = (0, 0, 0)
369.7285 	EXP 	responser: foreColor = (0, 0, 0)
369.7451 	EXP 	responser: foreColor = (0, 0, 0)
369.7618 	EXP 	responser: foreColor = (0, 0, 0)
369.7785 	EXP 	responser: foreColor = (0, 0, 0)
369.7951 	EXP 	responser: foreColor = (0, 0, 0)
369.8118 	EXP 	responser: foreColor = (0, 0, 0)
369.8285 	EXP 	responser: foreColor = (0, 0, 0)
369.8451 	EXP 	responser: foreColor = (0, 0, 0)
369.8618 	EXP 	responser: foreColor = (0, 0, 0)
369.8785 	EXP 	responser: foreColor = (0, 0, 0)
369.8952 	EXP 	responser: foreColor = (0, 0, 0)
369.9118 	EXP 	responser: foreColor = (0, 0, 0)
369.9285 	EXP 	responser: foreColor = (0, 0, 0)
369.9452 	EXP 	responser: foreColor = (0, 0, 0)
369.9619 	EXP 	responser: foreColor = (0, 0, 0)
369.9785 	EXP 	responser: foreColor = (0, 0, 0)
369.9953 	EXP 	responser: foreColor = (0, 0, 0)
370.0118 	EXP 	responser: foreColor = (0, 0, 0)
370.0285 	EXP 	responser: foreColor = (0, 0, 0)
370.0452 	EXP 	responser: foreColor = (0, 0, 0)
370.0619 	EXP 	responser: foreColor = (0, 0, 0)
370.0785 	EXP 	responser: foreColor = (0, 0, 0)
370.0952 	EXP 	responser: foreColor = (0, 0, 0)
370.1118 	EXP 	responser: foreColor = (0, 0, 0)
370.1285 	EXP 	responser: foreColor = (0, 0, 0)
370.1452 	EXP 	responser: foreColor = (0, 0, 0)
370.1618 	EXP 	responser: foreColor = (0, 0, 0)
370.1785 	EXP 	responser: foreColor = (0, 0, 0)
370.1952 	EXP 	responser: foreColor = (0, 0, 0)
370.2118 	EXP 	responser: foreColor = (0, 0, 0)
370.2285 	EXP 	responser: foreColor = (0, 0, 0)
370.2452 	EXP 	responser: foreColor = (0, 0, 0)
370.2619 	EXP 	responser: foreColor = (0, 0, 0)
370.2785 	EXP 	responser: foreColor = (0, 0, 0)
370.2952 	EXP 	responser: foreColor = (0, 0, 0)
370.3119 	EXP 	responser: foreColor = (0, 0, 0)
370.3285 	EXP 	responser: foreColor = (0, 0, 0)
370.3452 	EXP 	responser: foreColor = (0, 0, 0)
370.3619 	EXP 	responser: foreColor = (0, 0, 0)
370.3785 	EXP 	responser: foreColor = (0, 0, 0)
370.3952 	EXP 	responser: foreColor = (0, 0, 0)
370.4118 	EXP 	responser: foreColor = (0, 0, 0)
370.4285 	EXP 	responser: foreColor = (0, 0, 0)
370.4452 	EXP 	responser: foreColor = (0, 0, 0)
370.4619 	EXP 	responser: foreColor = (0, 0, 0)
370.4786 	EXP 	responser: foreColor = (0, 0, 0)
370.4952 	EXP 	responser: foreColor = (0, 0, 0)
370.5119 	EXP 	responser: foreColor = (0, 0, 0)
370.5285 	EXP 	responser: foreColor = (0, 0, 0)
370.5452 	EXP 	responser: foreColor = (0, 0, 0)
370.5619 	EXP 	responser: foreColor = (0, 0, 0)
370.5785 	EXP 	responser: foreColor = (0, 0, 0)
370.5952 	EXP 	responser: foreColor = (0, 0, 0)
370.6119 	EXP 	responser: foreColor = (0, 0, 0)
370.6286 	EXP 	responser: foreColor = (0, 0, 0)
370.6286 	EXP 	thermode_locali_pic: autoDraw = False
370.6452 	EXP 	responser: foreColor = (0, 0, 0)
370.6619 	EXP 	responser: foreColor = (0, 0, 0)
370.6785 	EXP 	responser: foreColor = (0, 0, 0)
370.6952 	EXP 	responser: foreColor = (0, 0, 0)
370.7119 	EXP 	responser: foreColor = (0, 0, 0)
370.7285 	EXP 	responser: foreColor = (0, 0, 0)
370.7452 	EXP 	responser: foreColor = (0, 0, 0)
370.7619 	EXP 	responser: foreColor = (0, 0, 0)
370.7786 	EXP 	responser: foreColor = (0, 0, 0)
370.7952 	EXP 	responser: foreColor = (0, 0, 0)
370.8119 	EXP 	responser: foreColor = (0, 0, 0)
370.8285 	EXP 	responser: foreColor = (0, 0, 0)
370.8452 	EXP 	responser: foreColor = (0, 0, 0)
370.8619 	EXP 	responser: foreColor = (0, 0, 0)
370.8785 	EXP 	responser: foreColor = (0, 0, 0)
370.8952 	EXP 	responser: foreColor = (0, 0, 0)
370.9119 	EXP 	responser: foreColor = (0, 0, 0)
370.9285 	EXP 	responser: foreColor = (0, 0, 0)
370.9452 	EXP 	responser: foreColor = (0, 0, 0)
370.9619 	EXP 	responser: foreColor = (0, 0, 0)
370.9785 	EXP 	responser: foreColor = (0, 0, 0)
370.9952 	EXP 	responser: foreColor = (0, 0, 0)
371.0119 	EXP 	responser: foreColor = (0, 0, 0)
371.0286 	EXP 	responser: foreColor = (0, 0, 0)
371.0452 	EXP 	responser: foreColor = (0, 0, 0)
371.0619 	EXP 	responser: foreColor = (0, 0, 0)
371.0786 	EXP 	responser: foreColor = (0, 0, 0)
371.0952 	EXP 	responser: foreColor = (0, 0, 0)
371.1119 	EXP 	responser: foreColor = (0, 0, 0)
371.1286 	EXP 	responser: foreColor = (0, 0, 0)
371.1452 	EXP 	responser: foreColor = (0, 0, 0)
371.1619 	EXP 	responser: foreColor = (0, 0, 0)
371.1785 	EXP 	responser: foreColor = (0, 0, 0)
371.1952 	EXP 	responser: foreColor = (0, 0, 0)
371.2118 	EXP 	responser: foreColor = (0, 0, 0)
371.2285 	EXP 	responser: foreColor = (0, 0, 0)
371.2452 	EXP 	responser: foreColor = (0, 0, 0)
371.2619 	EXP 	responser: foreColor = (0, 0, 0)
371.2785 	EXP 	responser: foreColor = (0, 0, 0)
371.2952 	EXP 	responser: foreColor = (0, 0, 0)
371.3119 	EXP 	responser: foreColor = (0, 0, 0)
371.3286 	EXP 	responser: foreColor = (0, 0, 0)
371.3452 	EXP 	responser: foreColor = (0, 0, 0)
371.3619 	EXP 	responser: foreColor = (0, 0, 0)
371.3785 	EXP 	responser: foreColor = (0, 0, 0)
371.3952 	EXP 	responser: foreColor = (0, 0, 0)
371.3962 	EXP 	New trial (rep=13, index=0): None
371.4119 	EXP 	responser: foreColor = (0, 0, 0)
371.4119 	EXP 	responsel: autoDraw = False
371.4119 	EXP 	percu_or: autoDraw = False
371.4119 	EXP 	responser: autoDraw = False
371.4119 	EXP 	thermode_locali_pic: autoDraw = False
371.4119 	EXP 	responsel: autoDraw = False
371.4119 	EXP 	percu_or: autoDraw = False
371.4119 	EXP 	responser: autoDraw = False
371.4119 	EXP 	responsel: foreColor = 'white'
371.4119 	EXP 	responser: foreColor = 'white'
371.4119 	EXP 	text_pic: autoDraw = True
371.4119 	EXP 	croix_3: autoDraw = True
376.4119 	EXP 	text_pic: autoDraw = False
376.4119 	EXP 	croix_3: autoDraw = False
376.4119 	EXP 	text_pic: autoDraw = False
376.4119 	EXP 	croix_3: autoDraw = False
376.4119 	EXP 	thermode_locali_pic: height = 0.02
376.4119 	EXP 	thermode_locali_pic: height = 0.02
376.4119 	EXP 	thermode_locali_pic: height = 0.02
376.4119 	EXP 	thermode_locali_pic: text = 'T : 1'
376.4119 	EXP 	responsel: text = 'OUI              '
376.4119 	EXP 	thermode_locali_pic: autoDraw = True
384.3954 	EXP 	responsel: autoDraw = True
384.3954 	EXP 	percu_or: autoDraw = True
384.3954 	EXP 	responser: autoDraw = True
384.9798 	DATA 	Keypress: n
385.0286 	EXP 	responser: foreColor = (0, 0, 0)
385.0452 	EXP 	responser: foreColor = (0, 0, 0)
385.0619 	EXP 	responser: foreColor = (0, 0, 0)
385.0786 	EXP 	responser: foreColor = (0, 0, 0)
385.0952 	EXP 	responser: foreColor = (0, 0, 0)
385.1119 	EXP 	responser: foreColor = (0, 0, 0)
385.1286 	EXP 	responser: foreColor = (0, 0, 0)
385.1453 	EXP 	responser: foreColor = (0, 0, 0)
385.1621 	EXP 	responser: foreColor = (0, 0, 0)
385.1786 	EXP 	responser: foreColor = (0, 0, 0)
385.1954 	EXP 	responser: foreColor = (0, 0, 0)
385.2120 	EXP 	responser: foreColor = (0, 0, 0)
385.2286 	EXP 	responser: foreColor = (0, 0, 0)
385.2452 	EXP 	responser: foreColor = (0, 0, 0)
385.2619 	EXP 	responser: foreColor = (0, 0, 0)
385.2786 	EXP 	responser: foreColor = (0, 0, 0)
385.2952 	EXP 	responser: foreColor = (0, 0, 0)
385.3119 	EXP 	responser: foreColor = (0, 0, 0)
385.3286 	EXP 	responser: foreColor = (0, 0, 0)
385.3452 	EXP 	responser: foreColor = (0, 0, 0)
385.3619 	EXP 	responser: foreColor = (0, 0, 0)
385.3786 	EXP 	responser: foreColor = (0, 0, 0)
385.3953 	EXP 	responser: foreColor = (0, 0, 0)
385.4119 	EXP 	responser: foreColor = (0, 0, 0)
385.4286 	EXP 	responser: foreColor = (0, 0, 0)
385.4453 	EXP 	responser: foreColor = (0, 0, 0)
385.4619 	EXP 	responser: foreColor = (0, 0, 0)
385.4786 	EXP 	responser: foreColor = (0, 0, 0)
385.4953 	EXP 	responser: foreColor = (0, 0, 0)
385.5119 	EXP 	responser: foreColor = (0, 0, 0)
385.5286 	EXP 	responser: foreColor = (0, 0, 0)
385.5453 	EXP 	responser: foreColor = (0, 0, 0)
385.5619 	EXP 	responser: foreColor = (0, 0, 0)
385.5785 	EXP 	responser: foreColor = (0, 0, 0)
385.5953 	EXP 	responser: foreColor = (0, 0, 0)
385.6119 	EXP 	responser: foreColor = (0, 0, 0)
385.6286 	EXP 	responser: foreColor = (0, 0, 0)
385.6453 	EXP 	responser: foreColor = (0, 0, 0)
385.6619 	EXP 	responser: foreColor = (0, 0, 0)
385.6786 	EXP 	responser: foreColor = (0, 0, 0)
385.6953 	EXP 	responser: foreColor = (0, 0, 0)
385.7119 	EXP 	responser: foreColor = (0, 0, 0)
385.7286 	EXP 	responser: foreColor = (0, 0, 0)
385.7452 	EXP 	responser: foreColor = (0, 0, 0)
385.7619 	EXP 	responser: foreColor = (0, 0, 0)
385.7786 	EXP 	responser: foreColor = (0, 0, 0)
385.7953 	EXP 	responser: foreColor = (0, 0, 0)
385.8119 	EXP 	responser: foreColor = (0, 0, 0)
385.8286 	EXP 	responser: foreColor = (0, 0, 0)
385.8453 	EXP 	responser: foreColor = (0, 0, 0)
385.8619 	EXP 	responser: foreColor = (0, 0, 0)
385.8786 	EXP 	responser: foreColor = (0, 0, 0)
385.8953 	EXP 	responser: foreColor = (0, 0, 0)
385.9119 	EXP 	responser: foreColor = (0, 0, 0)
385.9286 	EXP 	responser: foreColor = (0, 0, 0)
385.9453 	EXP 	responser: foreColor = (0, 0, 0)
385.9619 	EXP 	responser: foreColor = (0, 0, 0)
385.9786 	EXP 	responser: foreColor = (0, 0, 0)
385.9953 	EXP 	responser: foreColor = (0, 0, 0)
386.0119 	EXP 	responser: foreColor = (0, 0, 0)
386.0286 	EXP 	responser: foreColor = (0, 0, 0)
386.0453 	EXP 	responser: foreColor = (0, 0, 0)
386.0619 	EXP 	responser: foreColor = (0, 0, 0)
386.0786 	EXP 	responser: foreColor = (0, 0, 0)
386.0953 	EXP 	responser: foreColor = (0, 0, 0)
386.1120 	EXP 	responser: foreColor = (0, 0, 0)
386.1286 	EXP 	responser: foreColor = (0, 0, 0)
386.1453 	EXP 	responser: foreColor = (0, 0, 0)
386.1619 	EXP 	responser: foreColor = (0, 0, 0)
386.1786 	EXP 	responser: foreColor = (0, 0, 0)
386.1953 	EXP 	responser: foreColor = (0, 0, 0)
386.2119 	EXP 	responser: foreColor = (0, 0, 0)
386.2286 	EXP 	responser: foreColor = (0, 0, 0)
386.2453 	EXP 	responser: foreColor = (0, 0, 0)
386.2619 	EXP 	responser: foreColor = (0, 0, 0)
386.2786 	EXP 	responser: foreColor = (0, 0, 0)
386.2953 	EXP 	responser: foreColor = (0, 0, 0)
386.3119 	EXP 	responser: foreColor = (0, 0, 0)
386.3286 	EXP 	responser: foreColor = (0, 0, 0)
386.3453 	EXP 	responser: foreColor = (0, 0, 0)
386.3619 	EXP 	responser: foreColor = (0, 0, 0)
386.3786 	EXP 	responser: foreColor = (0, 0, 0)
386.3953 	EXP 	responser: foreColor = (0, 0, 0)
386.4119 	EXP 	responser: foreColor = (0, 0, 0)
386.4286 	EXP 	responser: foreColor = (0, 0, 0)
386.4453 	EXP 	responser: foreColor = (0, 0, 0)
386.4619 	EXP 	responser: foreColor = (0, 0, 0)
386.4786 	EXP 	responser: foreColor = (0, 0, 0)
386.4953 	EXP 	responser: foreColor = (0, 0, 0)
386.5119 	EXP 	responser: foreColor = (0, 0, 0)
386.5286 	EXP 	responser: foreColor = (0, 0, 0)
386.5453 	EXP 	responser: foreColor = (0, 0, 0)
386.5619 	EXP 	responser: foreColor = (0, 0, 0)
386.5786 	EXP 	responser: foreColor = (0, 0, 0)
386.5953 	EXP 	responser: foreColor = (0, 0, 0)
386.6119 	EXP 	responser: foreColor = (0, 0, 0)
386.6119 	EXP 	thermode_locali_pic: autoDraw = False
386.6286 	EXP 	responser: foreColor = (0, 0, 0)
386.6453 	EXP 	responser: foreColor = (0, 0, 0)
386.6619 	EXP 	responser: foreColor = (0, 0, 0)
386.6786 	EXP 	responser: foreColor = (0, 0, 0)
386.6953 	EXP 	responser: foreColor = (0, 0, 0)
386.7119 	EXP 	responser: foreColor = (0, 0, 0)
386.7286 	EXP 	responser: foreColor = (0, 0, 0)
386.7453 	EXP 	responser: foreColor = (0, 0, 0)
386.7619 	EXP 	responser: foreColor = (0, 0, 0)
386.7786 	EXP 	responser: foreColor = (0, 0, 0)
386.7953 	EXP 	responser: foreColor = (0, 0, 0)
386.8119 	EXP 	responser: foreColor = (0, 0, 0)
386.8286 	EXP 	responser: foreColor = (0, 0, 0)
386.8453 	EXP 	responser: foreColor = (0, 0, 0)
386.8619 	EXP 	responser: foreColor = (0, 0, 0)
386.8786 	EXP 	responser: foreColor = (0, 0, 0)
386.8953 	EXP 	responser: foreColor = (0, 0, 0)
386.9119 	EXP 	responser: foreColor = (0, 0, 0)
386.9286 	EXP 	responser: foreColor = (0, 0, 0)
386.9453 	EXP 	responser: foreColor = (0, 0, 0)
386.9619 	EXP 	responser: foreColor = (0, 0, 0)
386.9786 	EXP 	responser: foreColor = (0, 0, 0)
386.9953 	EXP 	responser: foreColor = (0, 0, 0)
387.0119 	EXP 	responser: foreColor = (0, 0, 0)
387.0286 	EXP 	responser: foreColor = (0, 0, 0)
387.0453 	EXP 	responser: foreColor = (0, 0, 0)
387.0619 	EXP 	responser: foreColor = (0, 0, 0)
387.0786 	EXP 	responser: foreColor = (0, 0, 0)
387.0953 	EXP 	responser: foreColor = (0, 0, 0)
387.1119 	EXP 	responser: foreColor = (0, 0, 0)
387.1286 	EXP 	responser: foreColor = (0, 0, 0)
387.1453 	EXP 	responser: foreColor = (0, 0, 0)
387.1619 	EXP 	responser: foreColor = (0, 0, 0)
387.1787 	EXP 	responser: foreColor = (0, 0, 0)
387.1953 	EXP 	responser: foreColor = (0, 0, 0)
387.2119 	EXP 	responser: foreColor = (0, 0, 0)
387.2286 	EXP 	responser: foreColor = (0, 0, 0)
387.2453 	EXP 	responser: foreColor = (0, 0, 0)
387.2619 	EXP 	responser: foreColor = (0, 0, 0)
387.2786 	EXP 	responser: foreColor = (0, 0, 0)
387.2953 	EXP 	responser: foreColor = (0, 0, 0)
387.3119 	EXP 	responser: foreColor = (0, 0, 0)
387.3286 	EXP 	responser: foreColor = (0, 0, 0)
387.3453 	EXP 	responser: foreColor = (0, 0, 0)
387.3619 	EXP 	responser: foreColor = (0, 0, 0)
387.3786 	EXP 	responser: foreColor = (0, 0, 0)
387.3796 	EXP 	New trial (rep=14, index=0): None
387.3953 	EXP 	responser: foreColor = (0, 0, 0)
387.3953 	EXP 	responsel: autoDraw = False
387.3953 	EXP 	percu_or: autoDraw = False
387.3953 	EXP 	responser: autoDraw = False
387.3953 	EXP 	thermode_locali_pic: autoDraw = False
387.3953 	EXP 	responsel: autoDraw = False
387.3953 	EXP 	percu_or: autoDraw = False
387.3953 	EXP 	responser: autoDraw = False
387.3953 	EXP 	responsel: foreColor = 'white'
387.3953 	EXP 	responser: foreColor = 'white'
387.3953 	EXP 	text_pic: autoDraw = True
387.3953 	EXP 	croix_3: autoDraw = True
392.3955 	EXP 	text_pic: autoDraw = False
392.3955 	EXP 	croix_3: autoDraw = False
392.3955 	EXP 	text_pic: autoDraw = False
392.3955 	EXP 	croix_3: autoDraw = False
392.3955 	EXP 	thermode_locali_pic: height = 0.02
392.3955 	EXP 	thermode_locali_pic: height = 0.02
392.3955 	EXP 	thermode_locali_pic: height = 0.02
392.3955 	EXP 	thermode_locali_pic: text = 'T : 2'
392.3955 	EXP 	responsel: text = 'OUI              '
392.3955 	EXP 	thermode_locali_pic: autoDraw = True
400.3789 	EXP 	responsel: autoDraw = True
400.3789 	EXP 	percu_or: autoDraw = True
400.3789 	EXP 	responser: autoDraw = True
400.7466 	DATA 	Keypress: m
400.7789 	EXP 	responsel: foreColor = (0, 0, 0)
400.7956 	EXP 	responsel: foreColor = (0, 0, 0)
400.8122 	EXP 	responsel: foreColor = (0, 0, 0)
400.8289 	EXP 	responsel: foreColor = (0, 0, 0)
400.8455 	EXP 	responsel: foreColor = (0, 0, 0)
400.8622 	EXP 	responsel: foreColor = (0, 0, 0)
400.8789 	EXP 	responsel: foreColor = (0, 0, 0)
400.8955 	EXP 	responsel: foreColor = (0, 0, 0)
400.9122 	EXP 	responsel: foreColor = (0, 0, 0)
400.9289 	EXP 	responsel: foreColor = (0, 0, 0)
400.9455 	EXP 	responsel: foreColor = (0, 0, 0)
400.9622 	EXP 	responsel: foreColor = (0, 0, 0)
400.9789 	EXP 	responsel: foreColor = (0, 0, 0)
400.9955 	EXP 	responsel: foreColor = (0, 0, 0)
401.0122 	EXP 	responsel: foreColor = (0, 0, 0)
401.0289 	EXP 	responsel: foreColor = (0, 0, 0)
401.0455 	EXP 	responsel: foreColor = (0, 0, 0)
401.0622 	EXP 	responsel: foreColor = (0, 0, 0)
401.0789 	EXP 	responsel: foreColor = (0, 0, 0)
401.0956 	EXP 	responsel: foreColor = (0, 0, 0)
401.1122 	EXP 	responsel: foreColor = (0, 0, 0)
401.1288 	EXP 	responsel: foreColor = (0, 0, 0)
401.1455 	EXP 	responsel: foreColor = (0, 0, 0)
401.1622 	EXP 	responsel: foreColor = (0, 0, 0)
401.1789 	EXP 	responsel: foreColor = (0, 0, 0)
401.1956 	EXP 	responsel: foreColor = (0, 0, 0)
401.2122 	EXP 	responsel: foreColor = (0, 0, 0)
401.2288 	EXP 	responsel: foreColor = (0, 0, 0)
401.2455 	EXP 	responsel: foreColor = (0, 0, 0)
401.2622 	EXP 	responsel: foreColor = (0, 0, 0)
401.2789 	EXP 	responsel: foreColor = (0, 0, 0)
401.2955 	EXP 	responsel: foreColor = (0, 0, 0)
401.3122 	EXP 	responsel: foreColor = (0, 0, 0)
401.3289 	EXP 	responsel: foreColor = (0, 0, 0)
401.3456 	EXP 	responsel: foreColor = (0, 0, 0)
401.3622 	EXP 	responsel: foreColor = (0, 0, 0)
401.3789 	EXP 	responsel: foreColor = (0, 0, 0)
401.3956 	EXP 	responsel: foreColor = (0, 0, 0)
401.4122 	EXP 	responsel: foreColor = (0, 0, 0)
401.4289 	EXP 	responsel: foreColor = (0, 0, 0)
401.4456 	EXP 	responsel: foreColor = (0, 0, 0)
401.4622 	EXP 	responsel: foreColor = (0, 0, 0)
401.4788 	EXP 	responsel: foreColor = (0, 0, 0)
401.4956 	EXP 	responsel: foreColor = (0, 0, 0)
401.5122 	EXP 	responsel: foreColor = (0, 0, 0)
401.5289 	EXP 	responsel: foreColor = (0, 0, 0)
401.5457 	EXP 	responsel: foreColor = (0, 0, 0)
401.5623 	EXP 	responsel: foreColor = (0, 0, 0)
401.5789 	EXP 	responsel: foreColor = (0, 0, 0)
401.5956 	EXP 	responsel: foreColor = (0, 0, 0)
401.6122 	EXP 	responsel: foreColor = (0, 0, 0)
401.6289 	EXP 	responsel: foreColor = (0, 0, 0)
401.6456 	EXP 	responsel: foreColor = (0, 0, 0)
401.6622 	EXP 	responsel: foreColor = (0, 0, 0)
401.6789 	EXP 	responsel: foreColor = (0, 0, 0)
401.6956 	EXP 	responsel: foreColor = (0, 0, 0)
401.7122 	EXP 	responsel: foreColor = (0, 0, 0)
401.7289 	EXP 	responsel: foreColor = (0, 0, 0)
401.7456 	EXP 	responsel: foreColor = (0, 0, 0)
401.7622 	EXP 	responsel: foreColor = (0, 0, 0)
401.7789 	EXP 	responsel: foreColor = (0, 0, 0)
401.7956 	EXP 	responsel: foreColor = (0, 0, 0)
401.8122 	EXP 	responsel: foreColor = (0, 0, 0)
401.8289 	EXP 	responsel: foreColor = (0, 0, 0)
401.8455 	EXP 	responsel: foreColor = (0, 0, 0)
401.8622 	EXP 	responsel: foreColor = (0, 0, 0)
401.8789 	EXP 	responsel: foreColor = (0, 0, 0)
401.8955 	EXP 	responsel: foreColor = (0, 0, 0)
401.9122 	EXP 	responsel: foreColor = (0, 0, 0)
401.9288 	EXP 	responsel: foreColor = (0, 0, 0)
401.9455 	EXP 	responsel: foreColor = (0, 0, 0)
401.9621 	EXP 	responsel: foreColor = (0, 0, 0)
401.9788 	EXP 	responsel: foreColor = (0, 0, 0)
401.9955 	EXP 	responsel: foreColor = (0, 0, 0)
402.0121 	EXP 	responsel: foreColor = (0, 0, 0)
402.0288 	EXP 	responsel: foreColor = (0, 0, 0)
402.0455 	EXP 	responsel: foreColor = (0, 0, 0)
402.0621 	EXP 	responsel: foreColor = (0, 0, 0)
402.0788 	EXP 	responsel: foreColor = (0, 0, 0)
402.0955 	EXP 	responsel: foreColor = (0, 0, 0)
402.1121 	EXP 	responsel: foreColor = (0, 0, 0)
402.1288 	EXP 	responsel: foreColor = (0, 0, 0)
402.1455 	EXP 	responsel: foreColor = (0, 0, 0)
402.1621 	EXP 	responsel: foreColor = (0, 0, 0)
402.1788 	EXP 	responsel: foreColor = (0, 0, 0)
402.1955 	EXP 	responsel: foreColor = (0, 0, 0)
402.2121 	EXP 	responsel: foreColor = (0, 0, 0)
402.2288 	EXP 	responsel: foreColor = (0, 0, 0)
402.2455 	EXP 	responsel: foreColor = (0, 0, 0)
402.2621 	EXP 	responsel: foreColor = (0, 0, 0)
402.2788 	EXP 	responsel: foreColor = (0, 0, 0)
402.2955 	EXP 	responsel: foreColor = (0, 0, 0)
402.3121 	EXP 	responsel: foreColor = (0, 0, 0)
402.3289 	EXP 	responsel: foreColor = (0, 0, 0)
402.3456 	EXP 	responsel: foreColor = (0, 0, 0)
402.3622 	EXP 	responsel: foreColor = (0, 0, 0)
402.3789 	EXP 	responsel: foreColor = (0, 0, 0)
402.3956 	EXP 	responsel: foreColor = (0, 0, 0)
402.4122 	EXP 	responsel: foreColor = (0, 0, 0)
402.4289 	EXP 	responsel: foreColor = (0, 0, 0)
402.4456 	EXP 	responsel: foreColor = (0, 0, 0)
402.4622 	EXP 	responsel: foreColor = (0, 0, 0)
402.4789 	EXP 	responsel: foreColor = (0, 0, 0)
402.4956 	EXP 	responsel: foreColor = (0, 0, 0)
402.5122 	EXP 	responsel: foreColor = (0, 0, 0)
402.5289 	EXP 	responsel: foreColor = (0, 0, 0)
402.5456 	EXP 	responsel: foreColor = (0, 0, 0)
402.5622 	EXP 	responsel: foreColor = (0, 0, 0)
402.5789 	EXP 	responsel: foreColor = (0, 0, 0)
402.5956 	EXP 	responsel: foreColor = (0, 0, 0)
402.5956 	EXP 	thermode_locali_pic: autoDraw = False
402.6122 	EXP 	responsel: foreColor = (0, 0, 0)
402.6289 	EXP 	responsel: foreColor = (0, 0, 0)
402.6456 	EXP 	responsel: foreColor = (0, 0, 0)
402.6622 	EXP 	responsel: foreColor = (0, 0, 0)
402.6789 	EXP 	responsel: foreColor = (0, 0, 0)
402.6956 	EXP 	responsel: foreColor = (0, 0, 0)
402.7122 	EXP 	responsel: foreColor = (0, 0, 0)
402.7289 	EXP 	responsel: foreColor = (0, 0, 0)
402.7456 	EXP 	responsel: foreColor = (0, 0, 0)
402.7622 	EXP 	responsel: foreColor = (0, 0, 0)
402.7789 	EXP 	responsel: foreColor = (0, 0, 0)
402.7956 	EXP 	responsel: foreColor = (0, 0, 0)
402.8122 	EXP 	responsel: foreColor = (0, 0, 0)
402.8289 	EXP 	responsel: foreColor = (0, 0, 0)
402.8456 	EXP 	responsel: foreColor = (0, 0, 0)
402.8622 	EXP 	responsel: foreColor = (0, 0, 0)
402.8789 	EXP 	responsel: foreColor = (0, 0, 0)
402.8956 	EXP 	responsel: foreColor = (0, 0, 0)
402.9122 	EXP 	responsel: foreColor = (0, 0, 0)
402.9289 	EXP 	responsel: foreColor = (0, 0, 0)
402.9456 	EXP 	responsel: foreColor = (0, 0, 0)
402.9622 	EXP 	responsel: foreColor = (0, 0, 0)
402.9789 	EXP 	responsel: foreColor = (0, 0, 0)
402.9956 	EXP 	responsel: foreColor = (0, 0, 0)
403.0122 	EXP 	responsel: foreColor = (0, 0, 0)
403.0289 	EXP 	responsel: foreColor = (0, 0, 0)
403.0456 	EXP 	responsel: foreColor = (0, 0, 0)
403.0623 	EXP 	responsel: foreColor = (0, 0, 0)
403.0789 	EXP 	responsel: foreColor = (0, 0, 0)
403.0956 	EXP 	responsel: foreColor = (0, 0, 0)
403.1122 	EXP 	responsel: foreColor = (0, 0, 0)
403.1289 	EXP 	responsel: foreColor = (0, 0, 0)
403.1455 	EXP 	responsel: foreColor = (0, 0, 0)
403.1623 	EXP 	responsel: foreColor = (0, 0, 0)
403.1789 	EXP 	responsel: foreColor = (0, 0, 0)
403.1956 	EXP 	responsel: foreColor = (0, 0, 0)
403.2122 	EXP 	responsel: foreColor = (0, 0, 0)
403.2289 	EXP 	responsel: foreColor = (0, 0, 0)
403.2455 	EXP 	responsel: foreColor = (0, 0, 0)
403.2622 	EXP 	responsel: foreColor = (0, 0, 0)
403.2789 	EXP 	responsel: foreColor = (0, 0, 0)
403.2956 	EXP 	responsel: foreColor = (0, 0, 0)
403.3122 	EXP 	responsel: foreColor = (0, 0, 0)
403.3289 	EXP 	responsel: foreColor = (0, 0, 0)
403.3455 	EXP 	responsel: foreColor = (0, 0, 0)
403.3622 	EXP 	responsel: foreColor = (0, 0, 0)
403.3632 	EXP 	New trial (rep=15, index=0): None
403.3789 	EXP 	responsel: foreColor = (0, 0, 0)
403.3789 	EXP 	responsel: autoDraw = False
403.3789 	EXP 	percu_or: autoDraw = False
403.3789 	EXP 	responser: autoDraw = False
403.3789 	EXP 	thermode_locali_pic: autoDraw = False
403.3789 	EXP 	responsel: autoDraw = False
403.3789 	EXP 	percu_or: autoDraw = False
403.3789 	EXP 	responser: autoDraw = False
403.3789 	EXP 	responsel: foreColor = 'white'
403.3789 	EXP 	responser: foreColor = 'white'
403.3789 	EXP 	text_pic: autoDraw = True
403.3789 	EXP 	croix_3: autoDraw = True
408.3790 	EXP 	text_pic: autoDraw = False
408.3790 	EXP 	croix_3: autoDraw = False
408.3790 	EXP 	text_pic: autoDraw = False
408.3790 	EXP 	croix_3: autoDraw = False
408.3790 	EXP 	thermode_locali_pic: height = 0.02
408.3790 	EXP 	thermode_locali_pic: height = 0.02
408.3790 	EXP 	thermode_locali_pic: height = 0.02
408.3790 	EXP 	thermode_locali_pic: text = 'T : 3'
408.3790 	EXP 	responsel: text = 'OUI              '
408.3790 	EXP 	thermode_locali_pic: autoDraw = True
416.3623 	EXP 	responsel: autoDraw = True
416.3623 	EXP 	percu_or: autoDraw = True
416.3623 	EXP 	responser: autoDraw = True
416.9635 	DATA 	Keypress: n
416.9956 	EXP 	responser: foreColor = (0, 0, 0)
417.0123 	EXP 	responser: foreColor = (0, 0, 0)
417.0290 	EXP 	responser: foreColor = (0, 0, 0)
417.0456 	EXP 	responser: foreColor = (0, 0, 0)
417.0623 	EXP 	responser: foreColor = (0, 0, 0)
417.0790 	EXP 	responser: foreColor = (0, 0, 0)
417.0956 	EXP 	responser: foreColor = (0, 0, 0)
417.1123 	EXP 	responser: foreColor = (0, 0, 0)
417.1290 	EXP 	responser: foreColor = (0, 0, 0)
417.1456 	EXP 	responser: foreColor = (0, 0, 0)
417.1623 	EXP 	responser: foreColor = (0, 0, 0)
417.1790 	EXP 	responser: foreColor = (0, 0, 0)
417.1956 	EXP 	responser: foreColor = (0, 0, 0)
417.2123 	EXP 	responser: foreColor = (0, 0, 0)
417.2290 	EXP 	responser: foreColor = (0, 0, 0)
417.2456 	EXP 	responser: foreColor = (0, 0, 0)
417.2623 	EXP 	responser: foreColor = (0, 0, 0)
417.2790 	EXP 	responser: foreColor = (0, 0, 0)
417.2956 	EXP 	responser: foreColor = (0, 0, 0)
417.3123 	EXP 	responser: foreColor = (0, 0, 0)
417.3290 	EXP 	responser: foreColor = (0, 0, 0)
417.3456 	EXP 	responser: foreColor = (0, 0, 0)
417.3623 	EXP 	responser: foreColor = (0, 0, 0)
417.3790 	EXP 	responser: foreColor = (0, 0, 0)
417.3956 	EXP 	responser: foreColor = (0, 0, 0)
417.4123 	EXP 	responser: foreColor = (0, 0, 0)
417.4290 	EXP 	responser: foreColor = (0, 0, 0)
417.4457 	EXP 	responser: foreColor = (0, 0, 0)
417.4623 	EXP 	responser: foreColor = (0, 0, 0)
417.4790 	EXP 	responser: foreColor = (0, 0, 0)
417.4956 	EXP 	responser: foreColor = (0, 0, 0)
417.5123 	EXP 	responser: foreColor = (0, 0, 0)
417.5290 	EXP 	responser: foreColor = (0, 0, 0)
417.5456 	EXP 	responser: foreColor = (0, 0, 0)
417.5623 	EXP 	responser: foreColor = (0, 0, 0)
417.5790 	EXP 	responser: foreColor = (0, 0, 0)
417.5956 	EXP 	responser: foreColor = (0, 0, 0)
417.6123 	EXP 	responser: foreColor = (0, 0, 0)
417.6290 	EXP 	responser: foreColor = (0, 0, 0)
417.6457 	EXP 	responser: foreColor = (0, 0, 0)
417.6623 	EXP 	responser: foreColor = (0, 0, 0)
417.6789 	EXP 	responser: foreColor = (0, 0, 0)
417.6956 	EXP 	responser: foreColor = (0, 0, 0)
417.7123 	EXP 	responser: foreColor = (0, 0, 0)
417.7289 	EXP 	responser: foreColor = (0, 0, 0)
417.7456 	EXP 	responser: foreColor = (0, 0, 0)
417.7623 	EXP 	responser: foreColor = (0, 0, 0)
417.7789 	EXP 	responser: foreColor = (0, 0, 0)
417.7956 	EXP 	responser: foreColor = (0, 0, 0)
417.8123 	EXP 	responser: foreColor = (0, 0, 0)
417.8289 	EXP 	responser: foreColor = (0, 0, 0)
417.8456 	EXP 	responser: foreColor = (0, 0, 0)
417.8622 	EXP 	responser: foreColor = (0, 0, 0)
417.8789 	EXP 	responser: foreColor = (0, 0, 0)
417.8956 	EXP 	responser: foreColor = (0, 0, 0)
417.9123 	EXP 	responser: foreColor = (0, 0, 0)
417.9289 	EXP 	responser: foreColor = (0, 0, 0)
417.9456 	EXP 	responser: foreColor = (0, 0, 0)
417.9623 	EXP 	responser: foreColor = (0, 0, 0)
417.9789 	EXP 	responser: foreColor = (0, 0, 0)
417.9956 	EXP 	responser: foreColor = (0, 0, 0)
418.0123 	EXP 	responser: foreColor = (0, 0, 0)
418.0289 	EXP 	responser: foreColor = (0, 0, 0)
418.0456 	EXP 	responser: foreColor = (0, 0, 0)
418.0623 	EXP 	responser: foreColor = (0, 0, 0)
418.0789 	EXP 	responser: foreColor = (0, 0, 0)
418.0956 	EXP 	responser: foreColor = (0, 0, 0)
418.1123 	EXP 	responser: foreColor = (0, 0, 0)
418.1289 	EXP 	responser: foreColor = (0, 0, 0)
418.1456 	EXP 	responser: foreColor = (0, 0, 0)
418.1623 	EXP 	responser: foreColor = (0, 0, 0)
418.1789 	EXP 	responser: foreColor = (0, 0, 0)
418.1957 	EXP 	responser: foreColor = (0, 0, 0)
418.2123 	EXP 	responser: foreColor = (0, 0, 0)
418.2289 	EXP 	responser: foreColor = (0, 0, 0)
418.2456 	EXP 	responser: foreColor = (0, 0, 0)
418.2623 	EXP 	responser: foreColor = (0, 0, 0)
418.2790 	EXP 	responser: foreColor = (0, 0, 0)
418.2956 	EXP 	responser: foreColor = (0, 0, 0)
418.3123 	EXP 	responser: foreColor = (0, 0, 0)
418.3290 	EXP 	responser: foreColor = (0, 0, 0)
418.3456 	EXP 	responser: foreColor = (0, 0, 0)
418.3623 	EXP 	responser: foreColor = (0, 0, 0)
418.3790 	EXP 	responser: foreColor = (0, 0, 0)
418.3956 	EXP 	responser: foreColor = (0, 0, 0)
418.4123 	EXP 	responser: foreColor = (0, 0, 0)
418.4290 	EXP 	responser: foreColor = (0, 0, 0)
418.4456 	EXP 	responser: foreColor = (0, 0, 0)
418.4623 	EXP 	responser: foreColor = (0, 0, 0)
418.4790 	EXP 	responser: foreColor = (0, 0, 0)
418.4956 	EXP 	responser: foreColor = (0, 0, 0)
418.5123 	EXP 	responser: foreColor = (0, 0, 0)
418.5290 	EXP 	responser: foreColor = (0, 0, 0)
418.5456 	EXP 	responser: foreColor = (0, 0, 0)
418.5623 	EXP 	responser: foreColor = (0, 0, 0)
418.5790 	EXP 	responser: foreColor = (0, 0, 0)
418.5790 	EXP 	thermode_locali_pic: autoDraw = False
418.5956 	EXP 	responser: foreColor = (0, 0, 0)
418.6123 	EXP 	responser: foreColor = (0, 0, 0)
418.6290 	EXP 	responser: foreColor = (0, 0, 0)
418.6456 	EXP 	responser: foreColor = (0, 0, 0)
418.6623 	EXP 	responser: foreColor = (0, 0, 0)
418.6789 	EXP 	responser: foreColor = (0, 0, 0)
418.6956 	EXP 	responser: foreColor = (0, 0, 0)
418.7123 	EXP 	responser: foreColor = (0, 0, 0)
418.7290 	EXP 	responser: foreColor = (0, 0, 0)
418.7456 	EXP 	responser: foreColor = (0, 0, 0)
418.7623 	EXP 	responser: foreColor = (0, 0, 0)
418.7790 	EXP 	responser: foreColor = (0, 0, 0)
418.7956 	EXP 	responser: foreColor = (0, 0, 0)
418.8123 	EXP 	responser: foreColor = (0, 0, 0)
418.8290 	EXP 	responser: foreColor = (0, 0, 0)
418.8456 	EXP 	responser: foreColor = (0, 0, 0)
418.8623 	EXP 	responser: foreColor = (0, 0, 0)
418.8790 	EXP 	responser: foreColor = (0, 0, 0)
418.8956 	EXP 	responser: foreColor = (0, 0, 0)
418.9123 	EXP 	responser: foreColor = (0, 0, 0)
418.9290 	EXP 	responser: foreColor = (0, 0, 0)
418.9456 	EXP 	responser: foreColor = (0, 0, 0)
418.9623 	EXP 	responser: foreColor = (0, 0, 0)
418.9790 	EXP 	responser: foreColor = (0, 0, 0)
418.9956 	EXP 	responser: foreColor = (0, 0, 0)
419.0123 	EXP 	responser: foreColor = (0, 0, 0)
419.0290 	EXP 	responser: foreColor = (0, 0, 0)
419.0456 	EXP 	responser: foreColor = (0, 0, 0)
419.0623 	EXP 	responser: foreColor = (0, 0, 0)
419.0790 	EXP 	responser: foreColor = (0, 0, 0)
419.0956 	EXP 	responser: foreColor = (0, 0, 0)
419.1123 	EXP 	responser: foreColor = (0, 0, 0)
419.1290 	EXP 	responser: foreColor = (0, 0, 0)
419.1456 	EXP 	responser: foreColor = (0, 0, 0)
419.1623 	EXP 	responser: foreColor = (0, 0, 0)
419.1790 	EXP 	responser: foreColor = (0, 0, 0)
419.1956 	EXP 	responser: foreColor = (0, 0, 0)
419.2123 	EXP 	responser: foreColor = (0, 0, 0)
419.2290 	EXP 	responser: foreColor = (0, 0, 0)
419.2456 	EXP 	responser: foreColor = (0, 0, 0)
419.2623 	EXP 	responser: foreColor = (0, 0, 0)
419.2790 	EXP 	responser: foreColor = (0, 0, 0)
419.2956 	EXP 	responser: foreColor = (0, 0, 0)
419.3123 	EXP 	responser: foreColor = (0, 0, 0)
419.3290 	EXP 	responser: foreColor = (0, 0, 0)
419.3456 	EXP 	responser: foreColor = (0, 0, 0)
419.3466 	EXP 	New trial (rep=16, index=0): None
419.3625 	EXP 	responser: foreColor = (0, 0, 0)
419.3625 	EXP 	responsel: autoDraw = False
419.3625 	EXP 	percu_or: autoDraw = False
419.3625 	EXP 	responser: autoDraw = False
419.3625 	EXP 	thermode_locali_pic: autoDraw = False
419.3625 	EXP 	responsel: autoDraw = False
419.3625 	EXP 	percu_or: autoDraw = False
419.3625 	EXP 	responser: autoDraw = False
419.3625 	EXP 	responsel: foreColor = 'white'
419.3625 	EXP 	responser: foreColor = 'white'
419.3625 	EXP 	text_pic: autoDraw = True
419.3625 	EXP 	croix_3: autoDraw = True
424.3625 	EXP 	text_pic: autoDraw = False
424.3625 	EXP 	croix_3: autoDraw = False
424.3625 	EXP 	text_pic: autoDraw = False
424.3625 	EXP 	croix_3: autoDraw = False
424.3625 	EXP 	thermode_locali_pic: height = 0.02
424.3625 	EXP 	thermode_locali_pic: height = 0.02
424.3625 	EXP 	thermode_locali_pic: height = 0.02
424.3625 	EXP 	thermode_locali_pic: text = 'T : 0'
424.3625 	EXP 	responsel: text = 'OUI              '
424.3625 	EXP 	thermode_locali_pic: autoDraw = True
432.3458 	EXP 	responsel: autoDraw = True
432.3458 	EXP 	percu_or: autoDraw = True
432.3458 	EXP 	responser: autoDraw = True
433.5970 	DATA 	Keypress: m
433.6293 	EXP 	responsel: foreColor = (0, 0, 0)
433.6459 	EXP 	responsel: foreColor = (0, 0, 0)
433.6626 	EXP 	responsel: foreColor = (0, 0, 0)
433.6792 	EXP 	responsel: foreColor = (0, 0, 0)
433.6959 	EXP 	responsel: foreColor = (0, 0, 0)
433.7126 	EXP 	responsel: foreColor = (0, 0, 0)
433.7293 	EXP 	responsel: foreColor = (0, 0, 0)
433.7459 	EXP 	responsel: foreColor = (0, 0, 0)
433.7626 	EXP 	responsel: foreColor = (0, 0, 0)
433.7793 	EXP 	responsel: foreColor = (0, 0, 0)
433.7959 	EXP 	responsel: foreColor = (0, 0, 0)
433.8126 	EXP 	responsel: foreColor = (0, 0, 0)
433.8292 	EXP 	responsel: foreColor = (0, 0, 0)
433.8459 	EXP 	responsel: foreColor = (0, 0, 0)
433.8626 	EXP 	responsel: foreColor = (0, 0, 0)
433.8792 	EXP 	responsel: foreColor = (0, 0, 0)
433.8959 	EXP 	responsel: foreColor = (0, 0, 0)
433.9126 	EXP 	responsel: foreColor = (0, 0, 0)
433.9293 	EXP 	responsel: foreColor = (0, 0, 0)
433.9459 	EXP 	responsel: foreColor = (0, 0, 0)
433.9626 	EXP 	responsel: foreColor = (0, 0, 0)
433.9792 	EXP 	responsel: foreColor = (0, 0, 0)
433.9959 	EXP 	responsel: foreColor = (0, 0, 0)
434.0126 	EXP 	responsel: foreColor = (0, 0, 0)
434.0292 	EXP 	responsel: foreColor = (0, 0, 0)
434.0459 	EXP 	responsel: foreColor = (0, 0, 0)
434.0626 	EXP 	responsel: foreColor = (0, 0, 0)
434.0793 	EXP 	responsel: foreColor = (0, 0, 0)
434.0959 	EXP 	responsel: foreColor = (0, 0, 0)
434.1126 	EXP 	responsel: foreColor = (0, 0, 0)
434.1292 	EXP 	responsel: foreColor = (0, 0, 0)
434.1459 	EXP 	responsel: foreColor = (0, 0, 0)
434.1626 	EXP 	responsel: foreColor = (0, 0, 0)
434.1793 	EXP 	responsel: foreColor = (0, 0, 0)
434.1959 	EXP 	responsel: foreColor = (0, 0, 0)
434.2125 	EXP 	responsel: foreColor = (0, 0, 0)
434.2293 	EXP 	responsel: foreColor = (0, 0, 0)
434.2459 	EXP 	responsel: foreColor = (0, 0, 0)
434.2626 	EXP 	responsel: foreColor = (0, 0, 0)
434.2792 	EXP 	responsel: foreColor = (0, 0, 0)
434.2959 	EXP 	responsel: foreColor = (0, 0, 0)
434.3125 	EXP 	responsel: foreColor = (0, 0, 0)
434.3293 	EXP 	responsel: foreColor = (0, 0, 0)
434.3459 	EXP 	responsel: foreColor = (0, 0, 0)
434.3626 	EXP 	responsel: foreColor = (0, 0, 0)
434.3792 	EXP 	responsel: foreColor = (0, 0, 0)
434.3960 	EXP 	responsel: foreColor = (0, 0, 0)
434.4126 	EXP 	responsel: foreColor = (0, 0, 0)
434.4293 	EXP 	responsel: foreColor = (0, 0, 0)
434.4459 	EXP 	responsel: foreColor = (0, 0, 0)
434.4626 	EXP 	responsel: foreColor = (0, 0, 0)
434.4793 	EXP 	responsel: foreColor = (0, 0, 0)
434.4959 	EXP 	responsel: foreColor = (0, 0, 0)
434.5126 	EXP 	responsel: foreColor = (0, 0, 0)
434.5293 	EXP 	responsel: foreColor = (0, 0, 0)
434.5459 	EXP 	responsel: foreColor = (0, 0, 0)
434.5626 	EXP 	responsel: foreColor = (0, 0, 0)
434.5626 	EXP 	thermode_locali_pic: autoDraw = False
434.5793 	EXP 	responsel: foreColor = (0, 0, 0)
434.5959 	EXP 	responsel: foreColor = (0, 0, 0)
434.6126 	EXP 	responsel: foreColor = (0, 0, 0)
434.6293 	EXP 	responsel: foreColor = (0, 0, 0)
434.6459 	EXP 	responsel: foreColor = (0, 0, 0)
434.6626 	EXP 	responsel: foreColor = (0, 0, 0)
434.6792 	EXP 	responsel: foreColor = (0, 0, 0)
434.6958 	EXP 	responsel: foreColor = (0, 0, 0)
434.7126 	EXP 	responsel: foreColor = (0, 0, 0)
434.7293 	EXP 	responsel: foreColor = (0, 0, 0)
434.7459 	EXP 	responsel: foreColor = (0, 0, 0)
434.7626 	EXP 	responsel: foreColor = (0, 0, 0)
434.7793 	EXP 	responsel: foreColor = (0, 0, 0)
434.7959 	EXP 	responsel: foreColor = (0, 0, 0)
434.8126 	EXP 	responsel: foreColor = (0, 0, 0)
434.8293 	EXP 	responsel: foreColor = (0, 0, 0)
434.8459 	EXP 	responsel: foreColor = (0, 0, 0)
434.8626 	EXP 	responsel: foreColor = (0, 0, 0)
434.8793 	EXP 	responsel: foreColor = (0, 0, 0)
434.8959 	EXP 	responsel: foreColor = (0, 0, 0)
434.9126 	EXP 	responsel: foreColor = (0, 0, 0)
434.9292 	EXP 	responsel: foreColor = (0, 0, 0)
434.9459 	EXP 	responsel: foreColor = (0, 0, 0)
434.9626 	EXP 	responsel: foreColor = (0, 0, 0)
434.9792 	EXP 	responsel: foreColor = (0, 0, 0)
434.9959 	EXP 	responsel: foreColor = (0, 0, 0)
435.0125 	EXP 	responsel: foreColor = (0, 0, 0)
435.0293 	EXP 	responsel: foreColor = (0, 0, 0)
435.0459 	EXP 	responsel: foreColor = (0, 0, 0)
435.0626 	EXP 	responsel: foreColor = (0, 0, 0)
435.0793 	EXP 	responsel: foreColor = (0, 0, 0)
435.0959 	EXP 	responsel: foreColor = (0, 0, 0)
435.1126 	EXP 	responsel: foreColor = (0, 0, 0)
435.1293 	EXP 	responsel: foreColor = (0, 0, 0)
435.1459 	EXP 	responsel: foreColor = (0, 0, 0)
435.1626 	EXP 	responsel: foreColor = (0, 0, 0)
435.1792 	EXP 	responsel: foreColor = (0, 0, 0)
435.1959 	EXP 	responsel: foreColor = (0, 0, 0)
435.2126 	EXP 	responsel: foreColor = (0, 0, 0)
435.2293 	EXP 	responsel: foreColor = (0, 0, 0)
435.2459 	EXP 	responsel: foreColor = (0, 0, 0)
435.2626 	EXP 	responsel: foreColor = (0, 0, 0)
435.2793 	EXP 	responsel: foreColor = (0, 0, 0)
435.2959 	EXP 	responsel: foreColor = (0, 0, 0)
435.3126 	EXP 	responsel: foreColor = (0, 0, 0)
435.3293 	EXP 	responsel: foreColor = (0, 0, 0)
435.3303 	EXP 	New trial (rep=17, index=0): None
435.3459 	EXP 	responsel: foreColor = (0, 0, 0)
435.3459 	EXP 	responsel: autoDraw = False
435.3459 	EXP 	percu_or: autoDraw = False
435.3459 	EXP 	responser: autoDraw = False
435.3459 	EXP 	thermode_locali_pic: autoDraw = False
435.3459 	EXP 	responsel: autoDraw = False
435.3459 	EXP 	percu_or: autoDraw = False
435.3459 	EXP 	responser: autoDraw = False
435.3459 	EXP 	responsel: foreColor = 'white'
435.3459 	EXP 	responser: foreColor = 'white'
435.3459 	EXP 	text_pic: autoDraw = True
435.3459 	EXP 	croix_3: autoDraw = True
440.3460 	EXP 	text_pic: autoDraw = False
440.3460 	EXP 	croix_3: autoDraw = False
440.3460 	EXP 	text_pic: autoDraw = False
440.3460 	EXP 	croix_3: autoDraw = False
440.3460 	EXP 	thermode_locali_pic: height = 0.02
440.3460 	EXP 	thermode_locali_pic: height = 0.02
440.3460 	EXP 	thermode_locali_pic: height = 0.02
440.3460 	EXP 	thermode_locali_pic: text = 'T : 1'
440.3460 	EXP 	responsel: text = 'OUI              '
440.3460 	EXP 	thermode_locali_pic: autoDraw = True
448.3293 	EXP 	responsel: autoDraw = True
448.3293 	EXP 	percu_or: autoDraw = True
448.3293 	EXP 	responser: autoDraw = True
448.6638 	DATA 	Keypress: n
448.6961 	EXP 	responser: foreColor = (0, 0, 0)
448.7128 	EXP 	responser: foreColor = (0, 0, 0)
448.7294 	EXP 	responser: foreColor = (0, 0, 0)
448.7461 	EXP 	responser: foreColor = (0, 0, 0)
448.7627 	EXP 	responser: foreColor = (0, 0, 0)
448.7793 	EXP 	responser: foreColor = (0, 0, 0)
448.7960 	EXP 	responser: foreColor = (0, 0, 0)
448.8126 	EXP 	responser: foreColor = (0, 0, 0)
448.8293 	EXP 	responser: foreColor = (0, 0, 0)
448.8460 	EXP 	responser: foreColor = (0, 0, 0)
448.8627 	EXP 	responser: foreColor = (0, 0, 0)
448.8793 	EXP 	responser: foreColor = (0, 0, 0)
448.8960 	EXP 	responser: foreColor = (0, 0, 0)
448.9127 	EXP 	responser: foreColor = (0, 0, 0)
448.9293 	EXP 	responser: foreColor = (0, 0, 0)
448.9460 	EXP 	responser: foreColor = (0, 0, 0)
448.9627 	EXP 	responser: foreColor = (0, 0, 0)
448.9793 	EXP 	responser: foreColor = (0, 0, 0)
448.9959 	EXP 	responser: foreColor = (0, 0, 0)
449.0126 	EXP 	responser: foreColor = (0, 0, 0)
449.0293 	EXP 	responser: foreColor = (0, 0, 0)
449.0460 	EXP 	responser: foreColor = (0, 0, 0)
449.0626 	EXP 	responser: foreColor = (0, 0, 0)
449.0793 	EXP 	responser: foreColor = (0, 0, 0)
449.0959 	EXP 	responser: foreColor = (0, 0, 0)
449.1126 	EXP 	responser: foreColor = (0, 0, 0)
449.1293 	EXP 	responser: foreColor = (0, 0, 0)
449.1460 	EXP 	responser: foreColor = (0, 0, 0)
449.1626 	EXP 	responser: foreColor = (0, 0, 0)
449.1793 	EXP 	responser: foreColor = (0, 0, 0)
449.1959 	EXP 	responser: foreColor = (0, 0, 0)
449.2126 	EXP 	responser: foreColor = (0, 0, 0)
449.2293 	EXP 	responser: foreColor = (0, 0, 0)
449.2460 	EXP 	responser: foreColor = (0, 0, 0)
449.2626 	EXP 	responser: foreColor = (0, 0, 0)
449.2793 	EXP 	responser: foreColor = (0, 0, 0)
449.2960 	EXP 	responser: foreColor = (0, 0, 0)
449.3126 	EXP 	responser: foreColor = (0, 0, 0)
449.3293 	EXP 	responser: foreColor = (0, 0, 0)
449.3460 	EXP 	responser: foreColor = (0, 0, 0)
449.3626 	EXP 	responser: foreColor = (0, 0, 0)
449.3793 	EXP 	responser: foreColor = (0, 0, 0)
449.3960 	EXP 	responser: foreColor = (0, 0, 0)
449.4126 	EXP 	responser: foreColor = (0, 0, 0)
449.4293 	EXP 	responser: foreColor = (0, 0, 0)
449.4460 	EXP 	responser: foreColor = (0, 0, 0)
449.4626 	EXP 	responser: foreColor = (0, 0, 0)
449.4793 	EXP 	responser: foreColor = (0, 0, 0)
449.4960 	EXP 	responser: foreColor = (0, 0, 0)
449.5126 	EXP 	responser: foreColor = (0, 0, 0)
449.5293 	EXP 	responser: foreColor = (0, 0, 0)
449.5460 	EXP 	responser: foreColor = (0, 0, 0)
449.5626 	EXP 	responser: foreColor = (0, 0, 0)
449.5793 	EXP 	responser: foreColor = (0, 0, 0)
449.5960 	EXP 	responser: foreColor = (0, 0, 0)
449.6126 	EXP 	responser: foreColor = (0, 0, 0)
449.6293 	EXP 	responser: foreColor = (0, 0, 0)
449.6460 	EXP 	responser: foreColor = (0, 0, 0)
449.6626 	EXP 	responser: foreColor = (0, 0, 0)
449.6793 	EXP 	responser: foreColor = (0, 0, 0)
449.6960 	EXP 	responser: foreColor = (0, 0, 0)
449.7126 	EXP 	responser: foreColor = (0, 0, 0)
449.7293 	EXP 	responser: foreColor = (0, 0, 0)
449.7460 	EXP 	responser: foreColor = (0, 0, 0)
449.7627 	EXP 	responser: foreColor = (0, 0, 0)
449.7793 	EXP 	responser: foreColor = (0, 0, 0)
449.7960 	EXP 	responser: foreColor = (0, 0, 0)
449.8127 	EXP 	responser: foreColor = (0, 0, 0)
449.8293 	EXP 	responser: foreColor = (0, 0, 0)
449.8460 	EXP 	responser: foreColor = (0, 0, 0)
449.8627 	EXP 	responser: foreColor = (0, 0, 0)
449.8793 	EXP 	responser: foreColor = (0, 0, 0)
449.8960 	EXP 	responser: foreColor = (0, 0, 0)
449.9127 	EXP 	responser: foreColor = (0, 0, 0)
449.9293 	EXP 	responser: foreColor = (0, 0, 0)
449.9460 	EXP 	responser: foreColor = (0, 0, 0)
449.9627 	EXP 	responser: foreColor = (0, 0, 0)
449.9793 	EXP 	responser: foreColor = (0, 0, 0)
449.9960 	EXP 	responser: foreColor = (0, 0, 0)
450.0127 	EXP 	responser: foreColor = (0, 0, 0)
450.0293 	EXP 	responser: foreColor = (0, 0, 0)
450.0460 	EXP 	responser: foreColor = (0, 0, 0)
450.0627 	EXP 	responser: foreColor = (0, 0, 0)
450.0793 	EXP 	responser: foreColor = (0, 0, 0)
450.0960 	EXP 	responser: foreColor = (0, 0, 0)
450.1127 	EXP 	responser: foreColor = (0, 0, 0)
450.1293 	EXP 	responser: foreColor = (0, 0, 0)
450.1460 	EXP 	responser: foreColor = (0, 0, 0)
450.1627 	EXP 	responser: foreColor = (0, 0, 0)
450.1793 	EXP 	responser: foreColor = (0, 0, 0)
450.1960 	EXP 	responser: foreColor = (0, 0, 0)
450.2126 	EXP 	responser: foreColor = (0, 0, 0)
450.2293 	EXP 	responser: foreColor = (0, 0, 0)
450.2460 	EXP 	responser: foreColor = (0, 0, 0)
450.2627 	EXP 	responser: foreColor = (0, 0, 0)
450.2793 	EXP 	responser: foreColor = (0, 0, 0)
450.2960 	EXP 	responser: foreColor = (0, 0, 0)
450.3127 	EXP 	responser: foreColor = (0, 0, 0)
450.3293 	EXP 	responser: foreColor = (0, 0, 0)
450.3460 	EXP 	responser: foreColor = (0, 0, 0)
450.3627 	EXP 	responser: foreColor = (0, 0, 0)
450.3793 	EXP 	responser: foreColor = (0, 0, 0)
450.3960 	EXP 	responser: foreColor = (0, 0, 0)
450.4127 	EXP 	responser: foreColor = (0, 0, 0)
450.4293 	EXP 	responser: foreColor = (0, 0, 0)
450.4460 	EXP 	responser: foreColor = (0, 0, 0)
450.4627 	EXP 	responser: foreColor = (0, 0, 0)
450.4793 	EXP 	responser: foreColor = (0, 0, 0)
450.4960 	EXP 	responser: foreColor = (0, 0, 0)
450.5127 	EXP 	responser: foreColor = (0, 0, 0)
450.5293 	EXP 	responser: foreColor = (0, 0, 0)
450.5460 	EXP 	responser: foreColor = (0, 0, 0)
450.5460 	EXP 	thermode_locali_pic: autoDraw = False
450.5627 	EXP 	responser: foreColor = (0, 0, 0)
450.5793 	EXP 	responser: foreColor = (0, 0, 0)
450.5960 	EXP 	responser: foreColor = (0, 0, 0)
450.6126 	EXP 	responser: foreColor = (0, 0, 0)
450.6293 	EXP 	responser: foreColor = (0, 0, 0)
450.6460 	EXP 	responser: foreColor = (0, 0, 0)
450.6626 	EXP 	responser: foreColor = (0, 0, 0)
450.6793 	EXP 	responser: foreColor = (0, 0, 0)
450.6960 	EXP 	responser: foreColor = (0, 0, 0)
450.7126 	EXP 	responser: foreColor = (0, 0, 0)
450.7293 	EXP 	responser: foreColor = (0, 0, 0)
450.7460 	EXP 	responser: foreColor = (0, 0, 0)
450.7626 	EXP 	responser: foreColor = (0, 0, 0)
450.7793 	EXP 	responser: foreColor = (0, 0, 0)
450.7960 	EXP 	responser: foreColor = (0, 0, 0)
450.8126 	EXP 	responser: foreColor = (0, 0, 0)
450.8293 	EXP 	responser: foreColor = (0, 0, 0)
450.8460 	EXP 	responser: foreColor = (0, 0, 0)
450.8626 	EXP 	responser: foreColor = (0, 0, 0)
450.8793 	EXP 	responser: foreColor = (0, 0, 0)
450.8960 	EXP 	responser: foreColor = (0, 0, 0)
450.9126 	EXP 	responser: foreColor = (0, 0, 0)
450.9293 	EXP 	responser: foreColor = (0, 0, 0)
450.9460 	EXP 	responser: foreColor = (0, 0, 0)
450.9626 	EXP 	responser: foreColor = (0, 0, 0)
450.9793 	EXP 	responser: foreColor = (0, 0, 0)
450.9960 	EXP 	responser: foreColor = (0, 0, 0)
451.0127 	EXP 	responser: foreColor = (0, 0, 0)
451.0293 	EXP 	responser: foreColor = (0, 0, 0)
451.0460 	EXP 	responser: foreColor = (0, 0, 0)
451.0626 	EXP 	responser: foreColor = (0, 0, 0)
451.0793 	EXP 	responser: foreColor = (0, 0, 0)
451.0960 	EXP 	responser: foreColor = (0, 0, 0)
451.1127 	EXP 	responser: foreColor = (0, 0, 0)
451.1293 	EXP 	responser: foreColor = (0, 0, 0)
451.1460 	EXP 	responser: foreColor = (0, 0, 0)
451.1626 	EXP 	responser: foreColor = (0, 0, 0)
451.1793 	EXP 	responser: foreColor = (0, 0, 0)
451.1960 	EXP 	responser: foreColor = (0, 0, 0)
451.2126 	EXP 	responser: foreColor = (0, 0, 0)
451.2293 	EXP 	responser: foreColor = (0, 0, 0)
451.2460 	EXP 	responser: foreColor = (0, 0, 0)
451.2626 	EXP 	responser: foreColor = (0, 0, 0)
451.2793 	EXP 	responser: foreColor = (0, 0, 0)
451.2960 	EXP 	responser: foreColor = (0, 0, 0)
451.3126 	EXP 	responser: foreColor = (0, 0, 0)
451.3136 	EXP 	New trial (rep=18, index=0): None
451.3294 	EXP 	responser: foreColor = (0, 0, 0)
451.3294 	EXP 	responsel: autoDraw = False
451.3294 	EXP 	percu_or: autoDraw = False
451.3294 	EXP 	responser: autoDraw = False
451.3294 	EXP 	thermode_locali_pic: autoDraw = False
451.3294 	EXP 	responsel: autoDraw = False
451.3294 	EXP 	percu_or: autoDraw = False
451.3294 	EXP 	responser: autoDraw = False
451.3294 	EXP 	responsel: foreColor = 'white'
451.3294 	EXP 	responser: foreColor = 'white'
451.3294 	EXP 	text_pic: autoDraw = True
451.3294 	EXP 	croix_3: autoDraw = True
456.3294 	EXP 	text_pic: autoDraw = False
456.3294 	EXP 	croix_3: autoDraw = False
456.3294 	EXP 	text_pic: autoDraw = False
456.3294 	EXP 	croix_3: autoDraw = False
456.3294 	EXP 	thermode_locali_pic: height = 0.02
456.3294 	EXP 	thermode_locali_pic: height = 0.02
456.3294 	EXP 	thermode_locali_pic: height = 0.02
456.3294 	EXP 	thermode_locali_pic: text = 'T : 2'
456.3294 	EXP 	responsel: text = 'OUI              '
456.3294 	EXP 	thermode_locali_pic: autoDraw = True
464.3129 	EXP 	responsel: autoDraw = True
464.3129 	EXP 	percu_or: autoDraw = True
464.3129 	EXP 	responser: autoDraw = True
464.6473 	DATA 	Keypress: m
464.6795 	EXP 	responsel: foreColor = (0, 0, 0)
464.6962 	EXP 	responsel: foreColor = (0, 0, 0)
464.7129 	EXP 	responsel: foreColor = (0, 0, 0)
464.7296 	EXP 	responsel: foreColor = (0, 0, 0)
464.7462 	EXP 	responsel: foreColor = (0, 0, 0)
464.7629 	EXP 	responsel: foreColor = (0, 0, 0)
464.7796 	EXP 	responsel: foreColor = (0, 0, 0)
464.7963 	EXP 	responsel: foreColor = (0, 0, 0)
464.8129 	EXP 	responsel: foreColor = (0, 0, 0)
464.8296 	EXP 	responsel: foreColor = (0, 0, 0)
464.8462 	EXP 	responsel: foreColor = (0, 0, 0)
464.8629 	EXP 	responsel: foreColor = (0, 0, 0)
464.8796 	EXP 	responsel: foreColor = (0, 0, 0)
464.8963 	EXP 	responsel: foreColor = (0, 0, 0)
464.9129 	EXP 	responsel: foreColor = (0, 0, 0)
464.9296 	EXP 	responsel: foreColor = (0, 0, 0)
464.9462 	EXP 	responsel: foreColor = (0, 0, 0)
464.9629 	EXP 	responsel: foreColor = (0, 0, 0)
464.9796 	EXP 	responsel: foreColor = (0, 0, 0)
464.9962 	EXP 	responsel: foreColor = (0, 0, 0)
465.0129 	EXP 	responsel: foreColor = (0, 0, 0)
465.0296 	EXP 	responsel: foreColor = (0, 0, 0)
465.0461 	EXP 	responsel: foreColor = (0, 0, 0)
465.0629 	EXP 	responsel: foreColor = (0, 0, 0)
465.0796 	EXP 	responsel: foreColor = (0, 0, 0)
465.0963 	EXP 	responsel: foreColor = (0, 0, 0)
465.1129 	EXP 	responsel: foreColor = (0, 0, 0)
465.1296 	EXP 	responsel: foreColor = (0, 0, 0)
465.1462 	EXP 	responsel: foreColor = (0, 0, 0)
465.1629 	EXP 	responsel: foreColor = (0, 0, 0)
465.1796 	EXP 	responsel: foreColor = (0, 0, 0)
465.1963 	EXP 	responsel: foreColor = (0, 0, 0)
465.2129 	EXP 	responsel: foreColor = (0, 0, 0)
465.2296 	EXP 	responsel: foreColor = (0, 0, 0)
465.2461 	EXP 	responsel: foreColor = (0, 0, 0)
465.2629 	EXP 	responsel: foreColor = (0, 0, 0)
465.2796 	EXP 	responsel: foreColor = (0, 0, 0)
465.2963 	EXP 	responsel: foreColor = (0, 0, 0)
465.3129 	EXP 	responsel: foreColor = (0, 0, 0)
465.3296 	EXP 	responsel: foreColor = (0, 0, 0)
465.3463 	EXP 	responsel: foreColor = (0, 0, 0)
465.3629 	EXP 	responsel: foreColor = (0, 0, 0)
465.3796 	EXP 	responsel: foreColor = (0, 0, 0)
465.3963 	EXP 	responsel: foreColor = (0, 0, 0)
465.4129 	EXP 	responsel: foreColor = (0, 0, 0)
465.4296 	EXP 	responsel: foreColor = (0, 0, 0)
465.4463 	EXP 	responsel: foreColor = (0, 0, 0)
465.4629 	EXP 	responsel: foreColor = (0, 0, 0)
465.4796 	EXP 	responsel: foreColor = (0, 0, 0)
465.4963 	EXP 	responsel: foreColor = (0, 0, 0)
465.5129 	EXP 	responsel: foreColor = (0, 0, 0)
465.5296 	EXP 	responsel: foreColor = (0, 0, 0)
465.5463 	EXP 	responsel: foreColor = (0, 0, 0)
465.5629 	EXP 	responsel: foreColor = (0, 0, 0)
465.5796 	EXP 	responsel: foreColor = (0, 0, 0)
465.5963 	EXP 	responsel: foreColor = (0, 0, 0)
465.6129 	EXP 	responsel: foreColor = (0, 0, 0)
465.6296 	EXP 	responsel: foreColor = (0, 0, 0)
465.6463 	EXP 	responsel: foreColor = (0, 0, 0)
465.6629 	EXP 	responsel: foreColor = (0, 0, 0)
465.6796 	EXP 	responsel: foreColor = (0, 0, 0)
465.6963 	EXP 	responsel: foreColor = (0, 0, 0)
465.7129 	EXP 	responsel: foreColor = (0, 0, 0)
465.7296 	EXP 	responsel: foreColor = (0, 0, 0)
465.7463 	EXP 	responsel: foreColor = (0, 0, 0)
465.7629 	EXP 	responsel: foreColor = (0, 0, 0)
465.7796 	EXP 	responsel: foreColor = (0, 0, 0)
465.7963 	EXP 	responsel: foreColor = (0, 0, 0)
465.8129 	EXP 	responsel: foreColor = (0, 0, 0)
465.8296 	EXP 	responsel: foreColor = (0, 0, 0)
465.8463 	EXP 	responsel: foreColor = (0, 0, 0)
465.8629 	EXP 	responsel: foreColor = (0, 0, 0)
465.8796 	EXP 	responsel: foreColor = (0, 0, 0)
465.8963 	EXP 	responsel: foreColor = (0, 0, 0)
465.9129 	EXP 	responsel: foreColor = (0, 0, 0)
465.9296 	EXP 	responsel: foreColor = (0, 0, 0)
465.9463 	EXP 	responsel: foreColor = (0, 0, 0)
465.9631 	EXP 	responsel: foreColor = (0, 0, 0)
465.9798 	EXP 	responsel: foreColor = (0, 0, 0)
465.9964 	EXP 	responsel: foreColor = (0, 0, 0)
466.0130 	EXP 	responsel: foreColor = (0, 0, 0)
466.0296 	EXP 	responsel: foreColor = (0, 0, 0)
466.0463 	EXP 	responsel: foreColor = (0, 0, 0)
466.0629 	EXP 	responsel: foreColor = (0, 0, 0)
466.0796 	EXP 	responsel: foreColor = (0, 0, 0)
466.0963 	EXP 	responsel: foreColor = (0, 0, 0)
466.1129 	EXP 	responsel: foreColor = (0, 0, 0)
466.1296 	EXP 	responsel: foreColor = (0, 0, 0)
466.1463 	EXP 	responsel: foreColor = (0, 0, 0)
466.1629 	EXP 	responsel: foreColor = (0, 0, 0)
466.1796 	EXP 	responsel: foreColor = (0, 0, 0)
466.1963 	EXP 	responsel: foreColor = (0, 0, 0)
466.2129 	EXP 	responsel: foreColor = (0, 0, 0)
466.2296 	EXP 	responsel: foreColor = (0, 0, 0)
466.2463 	EXP 	responsel: foreColor = (0, 0, 0)
466.2629 	EXP 	responsel: foreColor = (0, 0, 0)
466.2796 	EXP 	responsel: foreColor = (0, 0, 0)
466.2963 	EXP 	responsel: foreColor = (0, 0, 0)
466.3129 	EXP 	responsel: foreColor = (0, 0, 0)
466.3296 	EXP 	responsel: foreColor = (0, 0, 0)
466.3463 	EXP 	responsel: foreColor = (0, 0, 0)
466.3629 	EXP 	responsel: foreColor = (0, 0, 0)
466.3796 	EXP 	responsel: foreColor = (0, 0, 0)
466.3963 	EXP 	responsel: foreColor = (0, 0, 0)
466.4129 	EXP 	responsel: foreColor = (0, 0, 0)
466.4296 	EXP 	responsel: foreColor = (0, 0, 0)
466.4463 	EXP 	responsel: foreColor = (0, 0, 0)
466.4629 	EXP 	responsel: foreColor = (0, 0, 0)
466.4796 	EXP 	responsel: foreColor = (0, 0, 0)
466.4963 	EXP 	responsel: foreColor = (0, 0, 0)
466.5129 	EXP 	responsel: foreColor = (0, 0, 0)
466.5296 	EXP 	responsel: foreColor = (0, 0, 0)
466.5296 	EXP 	thermode_locali_pic: autoDraw = False
466.5463 	EXP 	responsel: foreColor = (0, 0, 0)
466.5629 	EXP 	responsel: foreColor = (0, 0, 0)
466.5796 	EXP 	responsel: foreColor = (0, 0, 0)
466.5963 	EXP 	responsel: foreColor = (0, 0, 0)
466.6129 	EXP 	responsel: foreColor = (0, 0, 0)
466.6296 	EXP 	responsel: foreColor = (0, 0, 0)
466.6463 	EXP 	responsel: foreColor = (0, 0, 0)
466.6629 	EXP 	responsel: foreColor = (0, 0, 0)
466.6796 	EXP 	responsel: foreColor = (0, 0, 0)
466.6963 	EXP 	responsel: foreColor = (0, 0, 0)
466.7129 	EXP 	responsel: foreColor = (0, 0, 0)
466.7296 	EXP 	responsel: foreColor = (0, 0, 0)
466.7463 	EXP 	responsel: foreColor = (0, 0, 0)
466.7629 	EXP 	responsel: foreColor = (0, 0, 0)
466.7796 	EXP 	responsel: foreColor = (0, 0, 0)
466.7963 	EXP 	responsel: foreColor = (0, 0, 0)
466.8129 	EXP 	responsel: foreColor = (0, 0, 0)
466.8296 	EXP 	responsel: foreColor = (0, 0, 0)
466.8462 	EXP 	responsel: foreColor = (0, 0, 0)
466.8629 	EXP 	responsel: foreColor = (0, 0, 0)
466.8796 	EXP 	responsel: foreColor = (0, 0, 0)
466.8963 	EXP 	responsel: foreColor = (0, 0, 0)
466.9130 	EXP 	responsel: foreColor = (0, 0, 0)
466.9296 	EXP 	responsel: foreColor = (0, 0, 0)
466.9463 	EXP 	responsel: foreColor = (0, 0, 0)
466.9629 	EXP 	responsel: foreColor = (0, 0, 0)
466.9796 	EXP 	responsel: foreColor = (0, 0, 0)
466.9963 	EXP 	responsel: foreColor = (0, 0, 0)
467.0129 	EXP 	responsel: foreColor = (0, 0, 0)
467.0296 	EXP 	responsel: foreColor = (0, 0, 0)
467.0463 	EXP 	responsel: foreColor = (0, 0, 0)
467.0629 	EXP 	responsel: foreColor = (0, 0, 0)
467.0796 	EXP 	responsel: foreColor = (0, 0, 0)
467.0963 	EXP 	responsel: foreColor = (0, 0, 0)
467.1129 	EXP 	responsel: foreColor = (0, 0, 0)
467.1296 	EXP 	responsel: foreColor = (0, 0, 0)
467.1463 	EXP 	responsel: foreColor = (0, 0, 0)
467.1630 	EXP 	responsel: foreColor = (0, 0, 0)
467.1796 	EXP 	responsel: foreColor = (0, 0, 0)
467.1963 	EXP 	responsel: foreColor = (0, 0, 0)
467.2129 	EXP 	responsel: foreColor = (0, 0, 0)
467.2296 	EXP 	responsel: foreColor = (0, 0, 0)
467.2462 	EXP 	responsel: foreColor = (0, 0, 0)
467.2630 	EXP 	responsel: foreColor = (0, 0, 0)
467.2796 	EXP 	responsel: foreColor = (0, 0, 0)
467.2963 	EXP 	responsel: foreColor = (0, 0, 0)
467.2972 	EXP 	New trial (rep=19, index=0): None
467.3130 	EXP 	responsel: foreColor = (0, 0, 0)
467.3130 	EXP 	responsel: autoDraw = False
467.3130 	EXP 	percu_or: autoDraw = False
467.3130 	EXP 	responser: autoDraw = False
467.3130 	EXP 	thermode_locali_pic: autoDraw = False
467.3130 	EXP 	responsel: autoDraw = False
467.3130 	EXP 	percu_or: autoDraw = False
467.3130 	EXP 	responser: autoDraw = False
467.3130 	EXP 	responsel: foreColor = 'white'
467.3130 	EXP 	responser: foreColor = 'white'
467.3130 	EXP 	text_pic: autoDraw = True
467.3130 	EXP 	croix_3: autoDraw = True
472.3130 	EXP 	text_pic: autoDraw = False
472.3130 	EXP 	croix_3: autoDraw = False
472.3130 	EXP 	text_pic: autoDraw = False
472.3130 	EXP 	croix_3: autoDraw = False
472.3130 	EXP 	thermode_locali_pic: height = 0.02
472.3130 	EXP 	thermode_locali_pic: height = 0.02
472.3130 	EXP 	thermode_locali_pic: height = 0.02
472.3130 	EXP 	thermode_locali_pic: text = 'T : 3'
472.3130 	EXP 	responsel: text = 'OUI              '
472.3130 	EXP 	thermode_locali_pic: autoDraw = True
480.2963 	EXP 	responsel: autoDraw = True
480.2963 	EXP 	percu_or: autoDraw = True
480.2963 	EXP 	responser: autoDraw = True
480.6641 	DATA 	Keypress: m
480.6963 	EXP 	responsel: foreColor = (0, 0, 0)
480.7130 	EXP 	responsel: foreColor = (0, 0, 0)
480.7296 	EXP 	responsel: foreColor = (0, 0, 0)
480.7463 	EXP 	responsel: foreColor = (0, 0, 0)
480.7630 	EXP 	responsel: foreColor = (0, 0, 0)
480.7796 	EXP 	responsel: foreColor = (0, 0, 0)
480.7963 	EXP 	responsel: foreColor = (0, 0, 0)
480.8130 	EXP 	responsel: foreColor = (0, 0, 0)
480.8297 	EXP 	responsel: foreColor = (0, 0, 0)
480.8463 	EXP 	responsel: foreColor = (0, 0, 0)
480.8630 	EXP 	responsel: foreColor = (0, 0, 0)
480.8797 	EXP 	responsel: foreColor = (0, 0, 0)
480.8963 	EXP 	responsel: foreColor = (0, 0, 0)
480.9130 	EXP 	responsel: foreColor = (0, 0, 0)
480.9297 	EXP 	responsel: foreColor = (0, 0, 0)
480.9463 	EXP 	responsel: foreColor = (0, 0, 0)
480.9630 	EXP 	responsel: foreColor = (0, 0, 0)
480.9797 	EXP 	responsel: foreColor = (0, 0, 0)
480.9963 	EXP 	responsel: foreColor = (0, 0, 0)
481.0130 	EXP 	responsel: foreColor = (0, 0, 0)
481.0297 	EXP 	responsel: foreColor = (0, 0, 0)
481.0463 	EXP 	responsel: foreColor = (0, 0, 0)
481.0630 	EXP 	responsel: foreColor = (0, 0, 0)
481.0796 	EXP 	responsel: foreColor = (0, 0, 0)
481.0963 	EXP 	responsel: foreColor = (0, 0, 0)
481.1130 	EXP 	responsel: foreColor = (0, 0, 0)
481.1296 	EXP 	responsel: foreColor = (0, 0, 0)
481.1464 	EXP 	responsel: foreColor = (0, 0, 0)
481.1631 	EXP 	responsel: foreColor = (0, 0, 0)
481.1797 	EXP 	responsel: foreColor = (0, 0, 0)
481.1964 	EXP 	responsel: foreColor = (0, 0, 0)
481.2130 	EXP 	responsel: foreColor = (0, 0, 0)
481.2297 	EXP 	responsel: foreColor = (0, 0, 0)
481.2463 	EXP 	responsel: foreColor = (0, 0, 0)
481.2630 	EXP 	responsel: foreColor = (0, 0, 0)
481.2797 	EXP 	responsel: foreColor = (0, 0, 0)
481.2963 	EXP 	responsel: foreColor = (0, 0, 0)
481.3130 	EXP 	responsel: foreColor = (0, 0, 0)
481.3296 	EXP 	responsel: foreColor = (0, 0, 0)
481.3463 	EXP 	responsel: foreColor = (0, 0, 0)
481.3630 	EXP 	responsel: foreColor = (0, 0, 0)
481.3796 	EXP 	responsel: foreColor = (0, 0, 0)
481.3963 	EXP 	responsel: foreColor = (0, 0, 0)
481.4130 	EXP 	responsel: foreColor = (0, 0, 0)
481.4296 	EXP 	responsel: foreColor = (0, 0, 0)
481.4463 	EXP 	responsel: foreColor = (0, 0, 0)
481.4630 	EXP 	responsel: foreColor = (0, 0, 0)
481.4797 	EXP 	responsel: foreColor = (0, 0, 0)
481.4963 	EXP 	responsel: foreColor = (0, 0, 0)
481.5130 	EXP 	responsel: foreColor = (0, 0, 0)
481.5296 	EXP 	responsel: foreColor = (0, 0, 0)
481.5463 	EXP 	responsel: foreColor = (0, 0, 0)
481.5630 	EXP 	responsel: foreColor = (0, 0, 0)
481.5796 	EXP 	responsel: foreColor = (0, 0, 0)
481.5963 	EXP 	responsel: foreColor = (0, 0, 0)
481.6130 	EXP 	responsel: foreColor = (0, 0, 0)
481.6296 	EXP 	responsel: foreColor = (0, 0, 0)
481.6463 	EXP 	responsel: foreColor = (0, 0, 0)
481.6630 	EXP 	responsel: foreColor = (0, 0, 0)
481.6797 	EXP 	responsel: foreColor = (0, 0, 0)
481.6964 	EXP 	responsel: foreColor = (0, 0, 0)
481.7130 	EXP 	responsel: foreColor = (0, 0, 0)
481.7296 	EXP 	responsel: foreColor = (0, 0, 0)
481.7463 	EXP 	responsel: foreColor = (0, 0, 0)
481.7630 	EXP 	responsel: foreColor = (0, 0, 0)
481.7797 	EXP 	responsel: foreColor = (0, 0, 0)
481.7963 	EXP 	responsel: foreColor = (0, 0, 0)
481.8130 	EXP 	responsel: foreColor = (0, 0, 0)
481.8297 	EXP 	responsel: foreColor = (0, 0, 0)
481.8463 	EXP 	responsel: foreColor = (0, 0, 0)
481.8630 	EXP 	responsel: foreColor = (0, 0, 0)
481.8797 	EXP 	responsel: foreColor = (0, 0, 0)
481.8964 	EXP 	responsel: foreColor = (0, 0, 0)
481.9130 	EXP 	responsel: foreColor = (0, 0, 0)
481.9297 	EXP 	responsel: foreColor = (0, 0, 0)
481.9464 	EXP 	responsel: foreColor = (0, 0, 0)
481.9630 	EXP 	responsel: foreColor = (0, 0, 0)
481.9797 	EXP 	responsel: foreColor = (0, 0, 0)
481.9964 	EXP 	responsel: foreColor = (0, 0, 0)
482.0130 	EXP 	responsel: foreColor = (0, 0, 0)
482.0297 	EXP 	responsel: foreColor = (0, 0, 0)
482.0464 	EXP 	responsel: foreColor = (0, 0, 0)
482.0630 	EXP 	responsel: foreColor = (0, 0, 0)
482.0797 	EXP 	responsel: foreColor = (0, 0, 0)
482.0964 	EXP 	responsel: foreColor = (0, 0, 0)
482.1130 	EXP 	responsel: foreColor = (0, 0, 0)
482.1297 	EXP 	responsel: foreColor = (0, 0, 0)
482.1464 	EXP 	responsel: foreColor = (0, 0, 0)
482.1630 	EXP 	responsel: foreColor = (0, 0, 0)
482.1797 	EXP 	responsel: foreColor = (0, 0, 0)
482.1964 	EXP 	responsel: foreColor = (0, 0, 0)
482.2130 	EXP 	responsel: foreColor = (0, 0, 0)
482.2297 	EXP 	responsel: foreColor = (0, 0, 0)
482.2464 	EXP 	responsel: foreColor = (0, 0, 0)
482.2630 	EXP 	responsel: foreColor = (0, 0, 0)
482.2797 	EXP 	responsel: foreColor = (0, 0, 0)
482.2964 	EXP 	responsel: foreColor = (0, 0, 0)
482.3130 	EXP 	responsel: foreColor = (0, 0, 0)
482.3297 	EXP 	responsel: foreColor = (0, 0, 0)
482.3464 	EXP 	responsel: foreColor = (0, 0, 0)
482.3630 	EXP 	responsel: foreColor = (0, 0, 0)
482.3797 	EXP 	responsel: foreColor = (0, 0, 0)
482.3964 	EXP 	responsel: foreColor = (0, 0, 0)
482.4130 	EXP 	responsel: foreColor = (0, 0, 0)
482.4297 	EXP 	responsel: foreColor = (0, 0, 0)
482.4464 	EXP 	responsel: foreColor = (0, 0, 0)
482.4630 	EXP 	responsel: foreColor = (0, 0, 0)
482.4797 	EXP 	responsel: foreColor = (0, 0, 0)
482.4964 	EXP 	responsel: foreColor = (0, 0, 0)
482.5130 	EXP 	responsel: foreColor = (0, 0, 0)
482.5130 	EXP 	thermode_locali_pic: autoDraw = False
482.5297 	EXP 	responsel: foreColor = (0, 0, 0)
482.5464 	EXP 	responsel: foreColor = (0, 0, 0)
482.5630 	EXP 	responsel: foreColor = (0, 0, 0)
482.5797 	EXP 	responsel: foreColor = (0, 0, 0)
482.5963 	EXP 	responsel: foreColor = (0, 0, 0)
482.6130 	EXP 	responsel: foreColor = (0, 0, 0)
482.6297 	EXP 	responsel: foreColor = (0, 0, 0)
482.6463 	EXP 	responsel: foreColor = (0, 0, 0)
482.6630 	EXP 	responsel: foreColor = (0, 0, 0)
482.6797 	EXP 	responsel: foreColor = (0, 0, 0)
482.6963 	EXP 	responsel: foreColor = (0, 0, 0)
482.7130 	EXP 	responsel: foreColor = (0, 0, 0)
482.7297 	EXP 	responsel: foreColor = (0, 0, 0)
482.7463 	EXP 	responsel: foreColor = (0, 0, 0)
482.7630 	EXP 	responsel: foreColor = (0, 0, 0)
482.7797 	EXP 	responsel: foreColor = (0, 0, 0)
482.7963 	EXP 	responsel: foreColor = (0, 0, 0)
482.8130 	EXP 	responsel: foreColor = (0, 0, 0)
482.8297 	EXP 	responsel: foreColor = (0, 0, 0)
482.8463 	EXP 	responsel: foreColor = (0, 0, 0)
482.8630 	EXP 	responsel: foreColor = (0, 0, 0)
482.8797 	EXP 	responsel: foreColor = (0, 0, 0)
482.8963 	EXP 	responsel: foreColor = (0, 0, 0)
482.9130 	EXP 	responsel: foreColor = (0, 0, 0)
482.9297 	EXP 	responsel: foreColor = (0, 0, 0)
482.9463 	EXP 	responsel: foreColor = (0, 0, 0)
482.9630 	EXP 	responsel: foreColor = (0, 0, 0)
482.9797 	EXP 	responsel: foreColor = (0, 0, 0)
482.9963 	EXP 	responsel: foreColor = (0, 0, 0)
483.0130 	EXP 	responsel: foreColor = (0, 0, 0)
483.0297 	EXP 	responsel: foreColor = (0, 0, 0)
483.0463 	EXP 	responsel: foreColor = (0, 0, 0)
483.0631 	EXP 	responsel: foreColor = (0, 0, 0)
483.0797 	EXP 	responsel: foreColor = (0, 0, 0)
483.0963 	EXP 	responsel: foreColor = (0, 0, 0)
483.1130 	EXP 	responsel: foreColor = (0, 0, 0)
483.1297 	EXP 	responsel: foreColor = (0, 0, 0)
483.1463 	EXP 	responsel: foreColor = (0, 0, 0)
483.1630 	EXP 	responsel: foreColor = (0, 0, 0)
483.1797 	EXP 	responsel: foreColor = (0, 0, 0)
483.1965 	EXP 	responsel: foreColor = (0, 0, 0)
483.2131 	EXP 	responsel: foreColor = (0, 0, 0)
483.2298 	EXP 	responsel: foreColor = (0, 0, 0)
483.2465 	EXP 	responsel: foreColor = (0, 0, 0)
483.2631 	EXP 	responsel: foreColor = (0, 0, 0)
483.2798 	EXP 	responsel: foreColor = (0, 0, 0)
483.2808 	EXP 	New trial (rep=20, index=0): None
483.2964 	EXP 	responsel: foreColor = (0, 0, 0)
483.2964 	EXP 	responsel: autoDraw = False
483.2964 	EXP 	percu_or: autoDraw = False
483.2964 	EXP 	responser: autoDraw = False
483.2964 	EXP 	thermode_locali_pic: autoDraw = False
483.2964 	EXP 	responsel: autoDraw = False
483.2964 	EXP 	percu_or: autoDraw = False
483.2964 	EXP 	responser: autoDraw = False
483.2964 	EXP 	responsel: foreColor = 'white'
483.2964 	EXP 	responser: foreColor = 'white'
483.2964 	EXP 	text_pic: autoDraw = True
483.2964 	EXP 	croix_3: autoDraw = True
488.2965 	EXP 	text_pic: autoDraw = False
488.2965 	EXP 	croix_3: autoDraw = False
488.2965 	EXP 	text_pic: autoDraw = False
488.2965 	EXP 	croix_3: autoDraw = False
488.2965 	EXP 	thermode_locali_pic: height = 0.02
488.2965 	EXP 	thermode_locali_pic: height = 0.02
488.2965 	EXP 	thermode_locali_pic: height = 0.02
488.2965 	EXP 	thermode_locali_pic: text = 'T : 0'
488.2965 	EXP 	responsel: text = 'OUI              '
488.2965 	EXP 	thermode_locali_pic: autoDraw = True
496.2799 	EXP 	responsel: autoDraw = True
496.2799 	EXP 	percu_or: autoDraw = True
496.2799 	EXP 	responser: autoDraw = True
496.7311 	DATA 	Keypress: n
496.7633 	EXP 	responser: foreColor = (0, 0, 0)
496.7799 	EXP 	responser: foreColor = (0, 0, 0)
496.7966 	EXP 	responser: foreColor = (0, 0, 0)
496.8133 	EXP 	responser: foreColor = (0, 0, 0)
496.8300 	EXP 	responser: foreColor = (0, 0, 0)
496.8466 	EXP 	responser: foreColor = (0, 0, 0)
496.8632 	EXP 	responser: foreColor = (0, 0, 0)
496.8799 	EXP 	responser: foreColor = (0, 0, 0)
496.8966 	EXP 	responser: foreColor = (0, 0, 0)
496.9133 	EXP 	responser: foreColor = (0, 0, 0)
496.9299 	EXP 	responser: foreColor = (0, 0, 0)
496.9466 	EXP 	responser: foreColor = (0, 0, 0)
496.9633 	EXP 	responser: foreColor = (0, 0, 0)
496.9799 	EXP 	responser: foreColor = (0, 0, 0)
496.9966 	EXP 	responser: foreColor = (0, 0, 0)
497.0133 	EXP 	responser: foreColor = (0, 0, 0)
497.0299 	EXP 	responser: foreColor = (0, 0, 0)
497.0466 	EXP 	responser: foreColor = (0, 0, 0)
497.0633 	EXP 	responser: foreColor = (0, 0, 0)
497.0799 	EXP 	responser: foreColor = (0, 0, 0)
497.0966 	EXP 	responser: foreColor = (0, 0, 0)
497.1133 	EXP 	responser: foreColor = (0, 0, 0)
497.1300 	EXP 	responser: foreColor = (0, 0, 0)
497.1467 	EXP 	responser: foreColor = (0, 0, 0)
497.1633 	EXP 	responser: foreColor = (0, 0, 0)
497.1799 	EXP 	responser: foreColor = (0, 0, 0)
497.1966 	EXP 	responser: foreColor = (0, 0, 0)
497.2133 	EXP 	responser: foreColor = (0, 0, 0)
497.2299 	EXP 	responser: foreColor = (0, 0, 0)
497.2466 	EXP 	responser: foreColor = (0, 0, 0)
497.2634 	EXP 	responser: foreColor = (0, 0, 0)
497.2799 	EXP 	responser: foreColor = (0, 0, 0)
497.2966 	EXP 	responser: foreColor = (0, 0, 0)
497.3133 	EXP 	responser: foreColor = (0, 0, 0)
497.3299 	EXP 	responser: foreColor = (0, 0, 0)
497.3466 	EXP 	responser: foreColor = (0, 0, 0)
497.3633 	EXP 	responser: foreColor = (0, 0, 0)
497.3799 	EXP 	responser: foreColor = (0, 0, 0)
497.3966 	EXP 	responser: foreColor = (0, 0, 0)
497.4133 	EXP 	responser: foreColor = (0, 0, 0)
497.4299 	EXP 	responser: foreColor = (0, 0, 0)
497.4465 	EXP 	responser: foreColor = (0, 0, 0)
497.4634 	EXP 	responser: foreColor = (0, 0, 0)
497.4801 	EXP 	responser: foreColor = (0, 0, 0)
497.4968 	EXP 	responser: foreColor = (0, 0, 0)
497.5134 	EXP 	responser: foreColor = (0, 0, 0)
497.5301 	EXP 	responser: foreColor = (0, 0, 0)
497.5466 	EXP 	responser: foreColor = (0, 0, 0)
497.5633 	EXP 	responser: foreColor = (0, 0, 0)
497.5799 	EXP 	responser: foreColor = (0, 0, 0)
497.5966 	EXP 	responser: foreColor = (0, 0, 0)
497.6133 	EXP 	responser: foreColor = (0, 0, 0)
497.6299 	EXP 	responser: foreColor = (0, 0, 0)
497.6466 	EXP 	responser: foreColor = (0, 0, 0)
497.6633 	EXP 	responser: foreColor = (0, 0, 0)
497.6799 	EXP 	responser: foreColor = (0, 0, 0)
497.6966 	EXP 	responser: foreColor = (0, 0, 0)
497.7133 	EXP 	responser: foreColor = (0, 0, 0)
497.7300 	EXP 	responser: foreColor = (0, 0, 0)
497.7466 	EXP 	responser: foreColor = (0, 0, 0)
497.7633 	EXP 	responser: foreColor = (0, 0, 0)
497.7799 	EXP 	responser: foreColor = (0, 0, 0)
497.7966 	EXP 	responser: foreColor = (0, 0, 0)
497.8133 	EXP 	responser: foreColor = (0, 0, 0)
497.8300 	EXP 	responser: foreColor = (0, 0, 0)
497.8466 	EXP 	responser: foreColor = (0, 0, 0)
497.8633 	EXP 	responser: foreColor = (0, 0, 0)
497.8799 	EXP 	responser: foreColor = (0, 0, 0)
497.8966 	EXP 	responser: foreColor = (0, 0, 0)
497.9132 	EXP 	responser: foreColor = (0, 0, 0)
497.9300 	EXP 	responser: foreColor = (0, 0, 0)
497.9466 	EXP 	responser: foreColor = (0, 0, 0)
497.9633 	EXP 	responser: foreColor = (0, 0, 0)
497.9800 	EXP 	responser: foreColor = (0, 0, 0)
497.9966 	EXP 	responser: foreColor = (0, 0, 0)
498.0133 	EXP 	responser: foreColor = (0, 0, 0)
498.0300 	EXP 	responser: foreColor = (0, 0, 0)
498.0466 	EXP 	responser: foreColor = (0, 0, 0)
498.0633 	EXP 	responser: foreColor = (0, 0, 0)
498.0799 	EXP 	responser: foreColor = (0, 0, 0)
498.0966 	EXP 	responser: foreColor = (0, 0, 0)
498.1133 	EXP 	responser: foreColor = (0, 0, 0)
498.1300 	EXP 	responser: foreColor = (0, 0, 0)
498.1466 	EXP 	responser: foreColor = (0, 0, 0)
498.1633 	EXP 	responser: foreColor = (0, 0, 0)
498.1800 	EXP 	responser: foreColor = (0, 0, 0)
498.1966 	EXP 	responser: foreColor = (0, 0, 0)
498.2133 	EXP 	responser: foreColor = (0, 0, 0)
498.2300 	EXP 	responser: foreColor = (0, 0, 0)
498.2466 	EXP 	responser: foreColor = (0, 0, 0)
498.2633 	EXP 	responser: foreColor = (0, 0, 0)
498.2800 	EXP 	responser: foreColor = (0, 0, 0)
498.2966 	EXP 	responser: foreColor = (0, 0, 0)
498.3133 	EXP 	responser: foreColor = (0, 0, 0)
498.3300 	EXP 	responser: foreColor = (0, 0, 0)
498.3466 	EXP 	responser: foreColor = (0, 0, 0)
498.3633 	EXP 	responser: foreColor = (0, 0, 0)
498.3800 	EXP 	responser: foreColor = (0, 0, 0)
498.3966 	EXP 	responser: foreColor = (0, 0, 0)
498.4133 	EXP 	responser: foreColor = (0, 0, 0)
498.4300 	EXP 	responser: foreColor = (0, 0, 0)
498.4466 	EXP 	responser: foreColor = (0, 0, 0)
498.4633 	EXP 	responser: foreColor = (0, 0, 0)
498.4800 	EXP 	responser: foreColor = (0, 0, 0)
498.4966 	EXP 	responser: foreColor = (0, 0, 0)
498.4966 	EXP 	thermode_locali_pic: autoDraw = False
498.5133 	EXP 	responser: foreColor = (0, 0, 0)
498.5300 	EXP 	responser: foreColor = (0, 0, 0)
498.5466 	EXP 	responser: foreColor = (0, 0, 0)
498.5633 	EXP 	responser: foreColor = (0, 0, 0)
498.5800 	EXP 	responser: foreColor = (0, 0, 0)
498.5966 	EXP 	responser: foreColor = (0, 0, 0)
498.6133 	EXP 	responser: foreColor = (0, 0, 0)
498.6300 	EXP 	responser: foreColor = (0, 0, 0)
498.6466 	EXP 	responser: foreColor = (0, 0, 0)
498.6633 	EXP 	responser: foreColor = (0, 0, 0)
498.6800 	EXP 	responser: foreColor = (0, 0, 0)
498.6966 	EXP 	responser: foreColor = (0, 0, 0)
498.7133 	EXP 	responser: foreColor = (0, 0, 0)
498.7300 	EXP 	responser: foreColor = (0, 0, 0)
498.7467 	EXP 	responser: foreColor = (0, 0, 0)
498.7633 	EXP 	responser: foreColor = (0, 0, 0)
498.7800 	EXP 	responser: foreColor = (0, 0, 0)
498.7966 	EXP 	responser: foreColor = (0, 0, 0)
498.8133 	EXP 	responser: foreColor = (0, 0, 0)
498.8300 	EXP 	responser: foreColor = (0, 0, 0)
498.8466 	EXP 	responser: foreColor = (0, 0, 0)
498.8633 	EXP 	responser: foreColor = (0, 0, 0)
498.8800 	EXP 	responser: foreColor = (0, 0, 0)
498.8966 	EXP 	responser: foreColor = (0, 0, 0)
498.9133 	EXP 	responser: foreColor = (0, 0, 0)
498.9300 	EXP 	responser: foreColor = (0, 0, 0)
498.9467 	EXP 	responser: foreColor = (0, 0, 0)
498.9633 	EXP 	responser: foreColor = (0, 0, 0)
498.9800 	EXP 	responser: foreColor = (0, 0, 0)
498.9967 	EXP 	responser: foreColor = (0, 0, 0)
499.0133 	EXP 	responser: foreColor = (0, 0, 0)
499.0300 	EXP 	responser: foreColor = (0, 0, 0)
499.0466 	EXP 	responser: foreColor = (0, 0, 0)
499.0633 	EXP 	responser: foreColor = (0, 0, 0)
499.0799 	EXP 	responser: foreColor = (0, 0, 0)
499.0966 	EXP 	responser: foreColor = (0, 0, 0)
499.1133 	EXP 	responser: foreColor = (0, 0, 0)
499.1300 	EXP 	responser: foreColor = (0, 0, 0)
499.1467 	EXP 	responser: foreColor = (0, 0, 0)
499.1633 	EXP 	responser: foreColor = (0, 0, 0)
499.1799 	EXP 	responser: foreColor = (0, 0, 0)
499.1967 	EXP 	responser: foreColor = (0, 0, 0)
499.2133 	EXP 	responser: foreColor = (0, 0, 0)
499.2300 	EXP 	responser: foreColor = (0, 0, 0)
499.2466 	EXP 	responser: foreColor = (0, 0, 0)
499.2633 	EXP 	responser: foreColor = (0, 0, 0)
499.2643 	EXP 	New trial (rep=21, index=0): None
499.2799 	EXP 	responser: foreColor = (0, 0, 0)
499.2799 	EXP 	responsel: autoDraw = False
499.2799 	EXP 	percu_or: autoDraw = False
499.2799 	EXP 	responser: autoDraw = False
499.2799 	EXP 	thermode_locali_pic: autoDraw = False
499.2799 	EXP 	responsel: autoDraw = False
499.2799 	EXP 	percu_or: autoDraw = False
499.2799 	EXP 	responser: autoDraw = False
499.2799 	EXP 	responsel: foreColor = 'white'
499.2799 	EXP 	responser: foreColor = 'white'
499.2799 	EXP 	text_pic: autoDraw = True
499.2799 	EXP 	croix_3: autoDraw = True
504.2800 	EXP 	text_pic: autoDraw = False
504.2800 	EXP 	croix_3: autoDraw = False
504.2800 	EXP 	text_pic: autoDraw = False
504.2800 	EXP 	croix_3: autoDraw = False
504.2800 	EXP 	thermode_locali_pic: height = 0.02
504.2800 	EXP 	thermode_locali_pic: height = 0.02
504.2800 	EXP 	thermode_locali_pic: height = 0.02
504.2800 	EXP 	thermode_locali_pic: text = 'T : 1'
504.2800 	EXP 	responsel: text = 'OUI              '
504.2800 	EXP 	thermode_locali_pic: autoDraw = True
512.2633 	EXP 	responsel: autoDraw = True
512.2633 	EXP 	percu_or: autoDraw = True
512.2633 	EXP 	responser: autoDraw = True
512.6144 	DATA 	Keypress: n
512.6467 	EXP 	responser: foreColor = (0, 0, 0)
512.6633 	EXP 	responser: foreColor = (0, 0, 0)
512.6800 	EXP 	responser: foreColor = (0, 0, 0)
512.6967 	EXP 	responser: foreColor = (0, 0, 0)
512.7135 	EXP 	responser: foreColor = (0, 0, 0)
512.7300 	EXP 	responser: foreColor = (0, 0, 0)
512.7467 	EXP 	responser: foreColor = (0, 0, 0)
512.7634 	EXP 	responser: foreColor = (0, 0, 0)
512.7800 	EXP 	responser: foreColor = (0, 0, 0)
512.7967 	EXP 	responser: foreColor = (0, 0, 0)
512.8134 	EXP 	responser: foreColor = (0, 0, 0)
512.8300 	EXP 	responser: foreColor = (0, 0, 0)
512.8467 	EXP 	responser: foreColor = (0, 0, 0)
512.8634 	EXP 	responser: foreColor = (0, 0, 0)
512.8800 	EXP 	responser: foreColor = (0, 0, 0)
512.8967 	EXP 	responser: foreColor = (0, 0, 0)
512.9134 	EXP 	responser: foreColor = (0, 0, 0)
512.9300 	EXP 	responser: foreColor = (0, 0, 0)
512.9467 	EXP 	responser: foreColor = (0, 0, 0)
512.9634 	EXP 	responser: foreColor = (0, 0, 0)
512.9800 	EXP 	responser: foreColor = (0, 0, 0)
512.9967 	EXP 	responser: foreColor = (0, 0, 0)
513.0134 	EXP 	responser: foreColor = (0, 0, 0)
513.0300 	EXP 	responser: foreColor = (0, 0, 0)
513.0467 	EXP 	responser: foreColor = (0, 0, 0)
513.0634 	EXP 	responser: foreColor = (0, 0, 0)
513.0800 	EXP 	responser: foreColor = (0, 0, 0)
513.0967 	EXP 	responser: foreColor = (0, 0, 0)
513.1134 	EXP 	responser: foreColor = (0, 0, 0)
513.1300 	EXP 	responser: foreColor = (0, 0, 0)
513.1467 	EXP 	responser: foreColor = (0, 0, 0)
513.1634 	EXP 	responser: foreColor = (0, 0, 0)
513.1800 	EXP 	responser: foreColor = (0, 0, 0)
513.1967 	EXP 	responser: foreColor = (0, 0, 0)
513.2133 	EXP 	responser: foreColor = (0, 0, 0)
513.2300 	EXP 	responser: foreColor = (0, 0, 0)
513.2467 	EXP 	responser: foreColor = (0, 0, 0)
513.2634 	EXP 	responser: foreColor = (0, 0, 0)
513.2800 	EXP 	responser: foreColor = (0, 0, 0)
513.2967 	EXP 	responser: foreColor = (0, 0, 0)
513.3134 	EXP 	responser: foreColor = (0, 0, 0)
513.3300 	EXP 	responser: foreColor = (0, 0, 0)
513.3467 	EXP 	responser: foreColor = (0, 0, 0)
513.3634 	EXP 	responser: foreColor = (0, 0, 0)
513.3800 	EXP 	responser: foreColor = (0, 0, 0)
513.3967 	EXP 	responser: foreColor = (0, 0, 0)
513.4135 	EXP 	responser: foreColor = (0, 0, 0)
513.4300 	EXP 	responser: foreColor = (0, 0, 0)
513.4467 	EXP 	responser: foreColor = (0, 0, 0)
513.4634 	EXP 	responser: foreColor = (0, 0, 0)
513.4800 	EXP 	responser: foreColor = (0, 0, 0)
513.4967 	EXP 	responser: foreColor = (0, 0, 0)
513.5134 	EXP 	responser: foreColor = (0, 0, 0)
513.5300 	EXP 	responser: foreColor = (0, 0, 0)
513.5467 	EXP 	responser: foreColor = (0, 0, 0)
513.5634 	EXP 	responser: foreColor = (0, 0, 0)
513.5800 	EXP 	responser: foreColor = (0, 0, 0)
513.5967 	EXP 	responser: foreColor = (0, 0, 0)
513.6134 	EXP 	responser: foreColor = (0, 0, 0)
513.6300 	EXP 	responser: foreColor = (0, 0, 0)
513.6467 	EXP 	responser: foreColor = (0, 0, 0)
513.6634 	EXP 	responser: foreColor = (0, 0, 0)
513.6800 	EXP 	responser: foreColor = (0, 0, 0)
513.6967 	EXP 	responser: foreColor = (0, 0, 0)
513.7134 	EXP 	responser: foreColor = (0, 0, 0)
513.7300 	EXP 	responser: foreColor = (0, 0, 0)
513.7467 	EXP 	responser: foreColor = (0, 0, 0)
513.7634 	EXP 	responser: foreColor = (0, 0, 0)
513.7801 	EXP 	responser: foreColor = (0, 0, 0)
513.7967 	EXP 	responser: foreColor = (0, 0, 0)
513.8134 	EXP 	responser: foreColor = (0, 0, 0)
513.8301 	EXP 	responser: foreColor = (0, 0, 0)
513.8467 	EXP 	responser: foreColor = (0, 0, 0)
513.8634 	EXP 	responser: foreColor = (0, 0, 0)
513.8800 	EXP 	responser: foreColor = (0, 0, 0)
513.8967 	EXP 	responser: foreColor = (0, 0, 0)
513.9134 	EXP 	responser: foreColor = (0, 0, 0)
513.9300 	EXP 	responser: foreColor = (0, 0, 0)
513.9467 	EXP 	responser: foreColor = (0, 0, 0)
513.9634 	EXP 	responser: foreColor = (0, 0, 0)
513.9800 	EXP 	responser: foreColor = (0, 0, 0)
513.9967 	EXP 	responser: foreColor = (0, 0, 0)
514.0133 	EXP 	responser: foreColor = (0, 0, 0)
514.0300 	EXP 	responser: foreColor = (0, 0, 0)
514.0467 	EXP 	responser: foreColor = (0, 0, 0)
514.0634 	EXP 	responser: foreColor = (0, 0, 0)
514.0800 	EXP 	responser: foreColor = (0, 0, 0)
514.0967 	EXP 	responser: foreColor = (0, 0, 0)
514.1134 	EXP 	responser: foreColor = (0, 0, 0)
514.1300 	EXP 	responser: foreColor = (0, 0, 0)
514.1467 	EXP 	responser: foreColor = (0, 0, 0)
514.1634 	EXP 	responser: foreColor = (0, 0, 0)
514.1800 	EXP 	responser: foreColor = (0, 0, 0)
514.1967 	EXP 	responser: foreColor = (0, 0, 0)
514.2134 	EXP 	responser: foreColor = (0, 0, 0)
514.2300 	EXP 	responser: foreColor = (0, 0, 0)
514.2467 	EXP 	responser: foreColor = (0, 0, 0)
514.2634 	EXP 	responser: foreColor = (0, 0, 0)
514.2800 	EXP 	responser: foreColor = (0, 0, 0)
514.2967 	EXP 	responser: foreColor = (0, 0, 0)
514.3133 	EXP 	responser: foreColor = (0, 0, 0)
514.3301 	EXP 	responser: foreColor = (0, 0, 0)
514.3467 	EXP 	responser: foreColor = (0, 0, 0)
514.3634 	EXP 	responser: foreColor = (0, 0, 0)
514.3800 	EXP 	responser: foreColor = (0, 0, 0)
514.3967 	EXP 	responser: foreColor = (0, 0, 0)
514.4134 	EXP 	responser: foreColor = (0, 0, 0)
514.4300 	EXP 	responser: foreColor = (0, 0, 0)
514.4467 	EXP 	responser: foreColor = (0, 0, 0)
514.4634 	EXP 	responser: foreColor = (0, 0, 0)
514.4800 	EXP 	responser: foreColor = (0, 0, 0)
514.4800 	EXP 	thermode_locali_pic: autoDraw = False
514.4967 	EXP 	responser: foreColor = (0, 0, 0)
514.5134 	EXP 	responser: foreColor = (0, 0, 0)
514.5300 	EXP 	responser: foreColor = (0, 0, 0)
514.5467 	EXP 	responser: foreColor = (0, 0, 0)
514.5634 	EXP 	responser: foreColor = (0, 0, 0)
514.5800 	EXP 	responser: foreColor = (0, 0, 0)
514.5967 	EXP 	responser: foreColor = (0, 0, 0)
514.6134 	EXP 	responser: foreColor = (0, 0, 0)
514.6300 	EXP 	responser: foreColor = (0, 0, 0)
514.6467 	EXP 	responser: foreColor = (0, 0, 0)
514.6634 	EXP 	responser: foreColor = (0, 0, 0)
514.6800 	EXP 	responser: foreColor = (0, 0, 0)
514.6967 	EXP 	responser: foreColor = (0, 0, 0)
514.7134 	EXP 	responser: foreColor = (0, 0, 0)
514.7300 	EXP 	responser: foreColor = (0, 0, 0)
514.7467 	EXP 	responser: foreColor = (0, 0, 0)
514.7633 	EXP 	responser: foreColor = (0, 0, 0)
514.7800 	EXP 	responser: foreColor = (0, 0, 0)
514.7967 	EXP 	responser: foreColor = (0, 0, 0)
514.8134 	EXP 	responser: foreColor = (0, 0, 0)
514.8300 	EXP 	responser: foreColor = (0, 0, 0)
514.8467 	EXP 	responser: foreColor = (0, 0, 0)
514.8634 	EXP 	responser: foreColor = (0, 0, 0)
514.8800 	EXP 	responser: foreColor = (0, 0, 0)
514.8967 	EXP 	responser: foreColor = (0, 0, 0)
514.9134 	EXP 	responser: foreColor = (0, 0, 0)
514.9300 	EXP 	responser: foreColor = (0, 0, 0)
514.9467 	EXP 	responser: foreColor = (0, 0, 0)
514.9634 	EXP 	responser: foreColor = (0, 0, 0)
514.9800 	EXP 	responser: foreColor = (0, 0, 0)
514.9967 	EXP 	responser: foreColor = (0, 0, 0)
515.0134 	EXP 	responser: foreColor = (0, 0, 0)
515.0300 	EXP 	responser: foreColor = (0, 0, 0)
515.0468 	EXP 	responser: foreColor = (0, 0, 0)
515.0635 	EXP 	responser: foreColor = (0, 0, 0)
515.0802 	EXP 	responser: foreColor = (0, 0, 0)
515.0969 	EXP 	responser: foreColor = (0, 0, 0)
515.1136 	EXP 	responser: foreColor = (0, 0, 0)
515.1302 	EXP 	responser: foreColor = (0, 0, 0)
515.1469 	EXP 	responser: foreColor = (0, 0, 0)
515.1634 	EXP 	responser: foreColor = (0, 0, 0)
515.1800 	EXP 	responser: foreColor = (0, 0, 0)
515.1967 	EXP 	responser: foreColor = (0, 0, 0)
515.2134 	EXP 	responser: foreColor = (0, 0, 0)
515.2300 	EXP 	responser: foreColor = (0, 0, 0)
515.2467 	EXP 	responser: foreColor = (0, 0, 0)
515.2477 	EXP 	New trial (rep=22, index=0): None
515.2634 	EXP 	responser: foreColor = (0, 0, 0)
515.2634 	EXP 	responsel: autoDraw = False
515.2634 	EXP 	percu_or: autoDraw = False
515.2634 	EXP 	responser: autoDraw = False
515.2634 	EXP 	thermode_locali_pic: autoDraw = False
515.2634 	EXP 	responsel: autoDraw = False
515.2634 	EXP 	percu_or: autoDraw = False
515.2634 	EXP 	responser: autoDraw = False
515.2634 	EXP 	responsel: foreColor = 'white'
515.2634 	EXP 	responser: foreColor = 'white'
515.2634 	EXP 	text_pic: autoDraw = True
515.2634 	EXP 	croix_3: autoDraw = True
520.2635 	EXP 	text_pic: autoDraw = False
520.2635 	EXP 	croix_3: autoDraw = False
520.2635 	EXP 	text_pic: autoDraw = False
520.2635 	EXP 	croix_3: autoDraw = False
520.2635 	EXP 	thermode_locali_pic: height = 0.02
520.2635 	EXP 	thermode_locali_pic: height = 0.02
520.2635 	EXP 	thermode_locali_pic: height = 0.02
520.2635 	EXP 	thermode_locali_pic: text = 'T : 2'
520.2635 	EXP 	responsel: text = 'OUI              '
520.2635 	EXP 	thermode_locali_pic: autoDraw = True
528.2469 	EXP 	responsel: autoDraw = True
528.2469 	EXP 	percu_or: autoDraw = True
528.2469 	EXP 	responser: autoDraw = True
528.7647 	DATA 	Keypress: n
528.7970 	EXP 	responser: foreColor = (0, 0, 0)
528.8136 	EXP 	responser: foreColor = (0, 0, 0)
528.8303 	EXP 	responser: foreColor = (0, 0, 0)
528.8470 	EXP 	responser: foreColor = (0, 0, 0)
528.8636 	EXP 	responser: foreColor = (0, 0, 0)
528.8803 	EXP 	responser: foreColor = (0, 0, 0)
528.8970 	EXP 	responser: foreColor = (0, 0, 0)
528.9135 	EXP 	responser: foreColor = (0, 0, 0)
528.9302 	EXP 	responser: foreColor = (0, 0, 0)
528.9468 	EXP 	responser: foreColor = (0, 0, 0)
528.9635 	EXP 	responser: foreColor = (0, 0, 0)
528.9802 	EXP 	responser: foreColor = (0, 0, 0)
528.9969 	EXP 	responser: foreColor = (0, 0, 0)
529.0135 	EXP 	responser: foreColor = (0, 0, 0)
529.0302 	EXP 	responser: foreColor = (0, 0, 0)
529.0469 	EXP 	responser: foreColor = (0, 0, 0)
529.0635 	EXP 	responser: foreColor = (0, 0, 0)
529.0802 	EXP 	responser: foreColor = (0, 0, 0)
529.0968 	EXP 	responser: foreColor = (0, 0, 0)
529.1135 	EXP 	responser: foreColor = (0, 0, 0)
529.1302 	EXP 	responser: foreColor = (0, 0, 0)
529.1468 	EXP 	responser: foreColor = (0, 0, 0)
529.1635 	EXP 	responser: foreColor = (0, 0, 0)
529.1802 	EXP 	responser: foreColor = (0, 0, 0)
529.1969 	EXP 	responser: foreColor = (0, 0, 0)
529.2135 	EXP 	responser: foreColor = (0, 0, 0)
529.2302 	EXP 	responser: foreColor = (0, 0, 0)
529.2469 	EXP 	responser: foreColor = (0, 0, 0)
529.2635 	EXP 	responser: foreColor = (0, 0, 0)
529.2802 	EXP 	responser: foreColor = (0, 0, 0)
529.2969 	EXP 	responser: foreColor = (0, 0, 0)
529.3136 	EXP 	responser: foreColor = (0, 0, 0)
529.3302 	EXP 	responser: foreColor = (0, 0, 0)
529.3469 	EXP 	responser: foreColor = (0, 0, 0)
529.3635 	EXP 	responser: foreColor = (0, 0, 0)
529.3802 	EXP 	responser: foreColor = (0, 0, 0)
529.3969 	EXP 	responser: foreColor = (0, 0, 0)
529.4136 	EXP 	responser: foreColor = (0, 0, 0)
529.4302 	EXP 	responser: foreColor = (0, 0, 0)
529.4468 	EXP 	responser: foreColor = (0, 0, 0)
529.4636 	EXP 	responser: foreColor = (0, 0, 0)
529.4802 	EXP 	responser: foreColor = (0, 0, 0)
529.4968 	EXP 	responser: foreColor = (0, 0, 0)
529.5135 	EXP 	responser: foreColor = (0, 0, 0)
529.5302 	EXP 	responser: foreColor = (0, 0, 0)
529.5469 	EXP 	responser: foreColor = (0, 0, 0)
529.5636 	EXP 	responser: foreColor = (0, 0, 0)
529.5802 	EXP 	responser: foreColor = (0, 0, 0)
529.5968 	EXP 	responser: foreColor = (0, 0, 0)
529.6135 	EXP 	responser: foreColor = (0, 0, 0)
529.6302 	EXP 	responser: foreColor = (0, 0, 0)
529.6469 	EXP 	responser: foreColor = (0, 0, 0)
529.6636 	EXP 	responser: foreColor = (0, 0, 0)
529.6802 	EXP 	responser: foreColor = (0, 0, 0)
529.6968 	EXP 	responser: foreColor = (0, 0, 0)
529.7136 	EXP 	responser: foreColor = (0, 0, 0)
529.7302 	EXP 	responser: foreColor = (0, 0, 0)
529.7469 	EXP 	responser: foreColor = (0, 0, 0)
529.7636 	EXP 	responser: foreColor = (0, 0, 0)
529.7802 	EXP 	responser: foreColor = (0, 0, 0)
529.7968 	EXP 	responser: foreColor = (0, 0, 0)
529.8136 	EXP 	responser: foreColor = (0, 0, 0)
529.8302 	EXP 	responser: foreColor = (0, 0, 0)
529.8469 	EXP 	responser: foreColor = (0, 0, 0)
529.8636 	EXP 	responser: foreColor = (0, 0, 0)
529.8802 	EXP 	responser: foreColor = (0, 0, 0)
529.8969 	EXP 	responser: foreColor = (0, 0, 0)
529.9136 	EXP 	responser: foreColor = (0, 0, 0)
529.9302 	EXP 	responser: foreColor = (0, 0, 0)
529.9469 	EXP 	responser: foreColor = (0, 0, 0)
529.9636 	EXP 	responser: foreColor = (0, 0, 0)
529.9802 	EXP 	responser: foreColor = (0, 0, 0)
529.9969 	EXP 	responser: foreColor = (0, 0, 0)
530.0136 	EXP 	responser: foreColor = (0, 0, 0)
530.0302 	EXP 	responser: foreColor = (0, 0, 0)
530.0469 	EXP 	responser: foreColor = (0, 0, 0)
530.0636 	EXP 	responser: foreColor = (0, 0, 0)
530.0802 	EXP 	responser: foreColor = (0, 0, 0)
530.0969 	EXP 	responser: foreColor = (0, 0, 0)
530.1136 	EXP 	responser: foreColor = (0, 0, 0)
530.1302 	EXP 	responser: foreColor = (0, 0, 0)
530.1469 	EXP 	responser: foreColor = (0, 0, 0)
530.1637 	EXP 	responser: foreColor = (0, 0, 0)
530.1803 	EXP 	responser: foreColor = (0, 0, 0)
530.1970 	EXP 	responser: foreColor = (0, 0, 0)
530.2137 	EXP 	responser: foreColor = (0, 0, 0)
530.2303 	EXP 	responser: foreColor = (0, 0, 0)
530.2470 	EXP 	responser: foreColor = (0, 0, 0)
530.2637 	EXP 	responser: foreColor = (0, 0, 0)
530.2803 	EXP 	responser: foreColor = (0, 0, 0)
530.2970 	EXP 	responser: foreColor = (0, 0, 0)
530.3136 	EXP 	responser: foreColor = (0, 0, 0)
530.3303 	EXP 	responser: foreColor = (0, 0, 0)
530.3470 	EXP 	responser: foreColor = (0, 0, 0)
530.3636 	EXP 	responser: foreColor = (0, 0, 0)
530.3803 	EXP 	responser: foreColor = (0, 0, 0)
530.3970 	EXP 	responser: foreColor = (0, 0, 0)
530.4136 	EXP 	responser: foreColor = (0, 0, 0)
530.4303 	EXP 	responser: foreColor = (0, 0, 0)
530.4470 	EXP 	responser: foreColor = (0, 0, 0)
530.4637 	EXP 	responser: foreColor = (0, 0, 0)
530.4637 	EXP 	thermode_locali_pic: autoDraw = False
530.4803 	EXP 	responser: foreColor = (0, 0, 0)
530.4970 	EXP 	responser: foreColor = (0, 0, 0)
530.5137 	EXP 	responser: foreColor = (0, 0, 0)
530.5303 	EXP 	responser: foreColor = (0, 0, 0)
530.5469 	EXP 	responser: foreColor = (0, 0, 0)
530.5636 	EXP 	responser: foreColor = (0, 0, 0)
530.5803 	EXP 	responser: foreColor = (0, 0, 0)
530.5970 	EXP 	responser: foreColor = (0, 0, 0)
530.6137 	EXP 	responser: foreColor = (0, 0, 0)
530.6303 	EXP 	responser: foreColor = (0, 0, 0)
530.6470 	EXP 	responser: foreColor = (0, 0, 0)
530.6637 	EXP 	responser: foreColor = (0, 0, 0)
530.6803 	EXP 	responser: foreColor = (0, 0, 0)
530.6969 	EXP 	responser: foreColor = (0, 0, 0)
530.7137 	EXP 	responser: foreColor = (0, 0, 0)
530.7303 	EXP 	responser: foreColor = (0, 0, 0)
530.7470 	EXP 	responser: foreColor = (0, 0, 0)
530.7637 	EXP 	responser: foreColor = (0, 0, 0)
530.7803 	EXP 	responser: foreColor = (0, 0, 0)
530.7970 	EXP 	responser: foreColor = (0, 0, 0)
530.8137 	EXP 	responser: foreColor = (0, 0, 0)
530.8303 	EXP 	responser: foreColor = (0, 0, 0)
530.8470 	EXP 	responser: foreColor = (0, 0, 0)
530.8637 	EXP 	responser: foreColor = (0, 0, 0)
530.8803 	EXP 	responser: foreColor = (0, 0, 0)
530.8970 	EXP 	responser: foreColor = (0, 0, 0)
530.9137 	EXP 	responser: foreColor = (0, 0, 0)
530.9303 	EXP 	responser: foreColor = (0, 0, 0)
530.9470 	EXP 	responser: foreColor = (0, 0, 0)
530.9636 	EXP 	responser: foreColor = (0, 0, 0)
530.9803 	EXP 	responser: foreColor = (0, 0, 0)
530.9970 	EXP 	responser: foreColor = (0, 0, 0)
531.0137 	EXP 	responser: foreColor = (0, 0, 0)
531.0303 	EXP 	responser: foreColor = (0, 0, 0)
531.0470 	EXP 	responser: foreColor = (0, 0, 0)
531.0637 	EXP 	responser: foreColor = (0, 0, 0)
531.0803 	EXP 	responser: foreColor = (0, 0, 0)
531.0970 	EXP 	responser: foreColor = (0, 0, 0)
531.1137 	EXP 	responser: foreColor = (0, 0, 0)
531.1303 	EXP 	responser: foreColor = (0, 0, 0)
531.1470 	EXP 	responser: foreColor = (0, 0, 0)
531.1637 	EXP 	responser: foreColor = (0, 0, 0)
531.1803 	EXP 	responser: foreColor = (0, 0, 0)
531.1970 	EXP 	responser: foreColor = (0, 0, 0)
531.2137 	EXP 	responser: foreColor = (0, 0, 0)
531.2303 	EXP 	responser: foreColor = (0, 0, 0)
531.2313 	EXP 	New trial (rep=23, index=0): None
531.2472 	EXP 	responser: foreColor = (0, 0, 0)
531.2472 	EXP 	responsel: autoDraw = False
531.2472 	EXP 	percu_or: autoDraw = False
531.2472 	EXP 	responser: autoDraw = False
531.2472 	EXP 	thermode_locali_pic: autoDraw = False
531.2472 	EXP 	responsel: autoDraw = False
531.2472 	EXP 	percu_or: autoDraw = False
531.2472 	EXP 	responser: autoDraw = False
531.2472 	EXP 	responsel: foreColor = 'white'
531.2472 	EXP 	responser: foreColor = 'white'
531.2472 	EXP 	text_pic: autoDraw = True
531.2472 	EXP 	croix_3: autoDraw = True
536.2470 	EXP 	text_pic: autoDraw = False
536.2470 	EXP 	croix_3: autoDraw = False
536.2470 	EXP 	text_pic: autoDraw = False
536.2470 	EXP 	croix_3: autoDraw = False
536.2470 	EXP 	thermode_locali_pic: height = 0.02
536.2470 	EXP 	thermode_locali_pic: height = 0.02
536.2470 	EXP 	thermode_locali_pic: height = 0.02
536.2470 	EXP 	thermode_locali_pic: text = 'T : 3'
536.2470 	EXP 	responsel: text = 'OUI              '
536.2470 	EXP 	thermode_locali_pic: autoDraw = True
544.2305 	EXP 	responsel: autoDraw = True
544.2305 	EXP 	percu_or: autoDraw = True
544.2305 	EXP 	responser: autoDraw = True
544.6316 	DATA 	Keypress: m
544.6638 	EXP 	responsel: foreColor = (0, 0, 0)
544.6805 	EXP 	responsel: foreColor = (0, 0, 0)
544.6971 	EXP 	responsel: foreColor = (0, 0, 0)
544.7138 	EXP 	responsel: foreColor = (0, 0, 0)
544.7305 	EXP 	responsel: foreColor = (0, 0, 0)
544.7471 	EXP 	responsel: foreColor = (0, 0, 0)
544.7638 	EXP 	responsel: foreColor = (0, 0, 0)
544.7805 	EXP 	responsel: foreColor = (0, 0, 0)
544.7971 	EXP 	responsel: foreColor = (0, 0, 0)
544.8138 	EXP 	responsel: foreColor = (0, 0, 0)
544.8305 	EXP 	responsel: foreColor = (0, 0, 0)
544.8471 	EXP 	responsel: foreColor = (0, 0, 0)
544.8638 	EXP 	responsel: foreColor = (0, 0, 0)
544.8805 	EXP 	responsel: foreColor = (0, 0, 0)
544.8971 	EXP 	responsel: foreColor = (0, 0, 0)
544.9138 	EXP 	responsel: foreColor = (0, 0, 0)
544.9305 	EXP 	responsel: foreColor = (0, 0, 0)
544.9472 	EXP 	responsel: foreColor = (0, 0, 0)
544.9638 	EXP 	responsel: foreColor = (0, 0, 0)
544.9805 	EXP 	responsel: foreColor = (0, 0, 0)
544.9971 	EXP 	responsel: foreColor = (0, 0, 0)
545.0138 	EXP 	responsel: foreColor = (0, 0, 0)
545.0305 	EXP 	responsel: foreColor = (0, 0, 0)
545.0472 	EXP 	responsel: foreColor = (0, 0, 0)
545.0638 	EXP 	responsel: foreColor = (0, 0, 0)
545.0805 	EXP 	responsel: foreColor = (0, 0, 0)
545.0971 	EXP 	responsel: foreColor = (0, 0, 0)
545.1138 	EXP 	responsel: foreColor = (0, 0, 0)
545.1304 	EXP 	responsel: foreColor = (0, 0, 0)
545.1471 	EXP 	responsel: foreColor = (0, 0, 0)
545.1638 	EXP 	responsel: foreColor = (0, 0, 0)
545.1805 	EXP 	responsel: foreColor = (0, 0, 0)
545.1972 	EXP 	responsel: foreColor = (0, 0, 0)
545.2138 	EXP 	responsel: foreColor = (0, 0, 0)
545.2305 	EXP 	responsel: foreColor = (0, 0, 0)
545.2472 	EXP 	responsel: foreColor = (0, 0, 0)
545.2638 	EXP 	responsel: foreColor = (0, 0, 0)
545.2805 	EXP 	responsel: foreColor = (0, 0, 0)
545.2972 	EXP 	responsel: foreColor = (0, 0, 0)
545.3138 	EXP 	responsel: foreColor = (0, 0, 0)
545.3305 	EXP 	responsel: foreColor = (0, 0, 0)
545.3472 	EXP 	responsel: foreColor = (0, 0, 0)
545.3638 	EXP 	responsel: foreColor = (0, 0, 0)
545.3805 	EXP 	responsel: foreColor = (0, 0, 0)
545.3972 	EXP 	responsel: foreColor = (0, 0, 0)
545.4138 	EXP 	responsel: foreColor = (0, 0, 0)
545.4305 	EXP 	responsel: foreColor = (0, 0, 0)
545.4472 	EXP 	responsel: foreColor = (0, 0, 0)
545.4638 	EXP 	responsel: foreColor = (0, 0, 0)
545.4805 	EXP 	responsel: foreColor = (0, 0, 0)
545.4971 	EXP 	responsel: foreColor = (0, 0, 0)
545.5138 	EXP 	responsel: foreColor = (0, 0, 0)
545.5304 	EXP 	responsel: foreColor = (0, 0, 0)
545.5472 	EXP 	responsel: foreColor = (0, 0, 0)
545.5637 	EXP 	responsel: foreColor = (0, 0, 0)
545.5804 	EXP 	responsel: foreColor = (0, 0, 0)
545.5970 	EXP 	responsel: foreColor = (0, 0, 0)
545.6137 	EXP 	responsel: foreColor = (0, 0, 0)
545.6304 	EXP 	responsel: foreColor = (0, 0, 0)
545.6470 	EXP 	responsel: foreColor = (0, 0, 0)
545.6637 	EXP 	responsel: foreColor = (0, 0, 0)
545.6805 	EXP 	responsel: foreColor = (0, 0, 0)
545.6971 	EXP 	responsel: foreColor = (0, 0, 0)
545.7137 	EXP 	responsel: foreColor = (0, 0, 0)
545.7304 	EXP 	responsel: foreColor = (0, 0, 0)
545.7471 	EXP 	responsel: foreColor = (0, 0, 0)
545.7637 	EXP 	responsel: foreColor = (0, 0, 0)
545.7804 	EXP 	responsel: foreColor = (0, 0, 0)
545.7971 	EXP 	responsel: foreColor = (0, 0, 0)
545.8137 	EXP 	responsel: foreColor = (0, 0, 0)
545.8304 	EXP 	responsel: foreColor = (0, 0, 0)
545.8471 	EXP 	responsel: foreColor = (0, 0, 0)
545.8637 	EXP 	responsel: foreColor = (0, 0, 0)
545.8804 	EXP 	responsel: foreColor = (0, 0, 0)
545.8971 	EXP 	responsel: foreColor = (0, 0, 0)
545.9138 	EXP 	responsel: foreColor = (0, 0, 0)
545.9305 	EXP 	responsel: foreColor = (0, 0, 0)
545.9471 	EXP 	responsel: foreColor = (0, 0, 0)
545.9637 	EXP 	responsel: foreColor = (0, 0, 0)
545.9805 	EXP 	responsel: foreColor = (0, 0, 0)
545.9971 	EXP 	responsel: foreColor = (0, 0, 0)
546.0137 	EXP 	responsel: foreColor = (0, 0, 0)
546.0304 	EXP 	responsel: foreColor = (0, 0, 0)
546.0471 	EXP 	responsel: foreColor = (0, 0, 0)
546.0637 	EXP 	responsel: foreColor = (0, 0, 0)
546.0804 	EXP 	responsel: foreColor = (0, 0, 0)
546.0971 	EXP 	responsel: foreColor = (0, 0, 0)
546.1137 	EXP 	responsel: foreColor = (0, 0, 0)
546.1304 	EXP 	responsel: foreColor = (0, 0, 0)
546.1471 	EXP 	responsel: foreColor = (0, 0, 0)
546.1637 	EXP 	responsel: foreColor = (0, 0, 0)
546.1804 	EXP 	responsel: foreColor = (0, 0, 0)
546.1971 	EXP 	responsel: foreColor = (0, 0, 0)
546.2137 	EXP 	responsel: foreColor = (0, 0, 0)
546.2304 	EXP 	responsel: foreColor = (0, 0, 0)
546.2471 	EXP 	responsel: foreColor = (0, 0, 0)
546.2638 	EXP 	responsel: foreColor = (0, 0, 0)
546.2804 	EXP 	responsel: foreColor = (0, 0, 0)
546.2971 	EXP 	responsel: foreColor = (0, 0, 0)
546.3137 	EXP 	responsel: foreColor = (0, 0, 0)
546.3304 	EXP 	responsel: foreColor = (0, 0, 0)
546.3471 	EXP 	responsel: foreColor = (0, 0, 0)
546.3637 	EXP 	responsel: foreColor = (0, 0, 0)
546.3804 	EXP 	responsel: foreColor = (0, 0, 0)
546.3971 	EXP 	responsel: foreColor = (0, 0, 0)
546.4138 	EXP 	responsel: foreColor = (0, 0, 0)
546.4304 	EXP 	responsel: foreColor = (0, 0, 0)
546.4471 	EXP 	responsel: foreColor = (0, 0, 0)
546.4471 	EXP 	thermode_locali_pic: autoDraw = False
546.4638 	EXP 	responsel: foreColor = (0, 0, 0)
546.4804 	EXP 	responsel: foreColor = (0, 0, 0)
546.4971 	EXP 	responsel: foreColor = (0, 0, 0)
546.5138 	EXP 	responsel: foreColor = (0, 0, 0)
546.5304 	EXP 	responsel: foreColor = (0, 0, 0)
546.5471 	EXP 	responsel: foreColor = (0, 0, 0)
546.5638 	EXP 	responsel: foreColor = (0, 0, 0)
546.5804 	EXP 	responsel: foreColor = (0, 0, 0)
546.5971 	EXP 	responsel: foreColor = (0, 0, 0)
546.6138 	EXP 	responsel: foreColor = (0, 0, 0)
546.6304 	EXP 	responsel: foreColor = (0, 0, 0)
546.6471 	EXP 	responsel: foreColor = (0, 0, 0)
546.6638 	EXP 	responsel: foreColor = (0, 0, 0)
546.6804 	EXP 	responsel: foreColor = (0, 0, 0)
546.6971 	EXP 	responsel: foreColor = (0, 0, 0)
546.7137 	EXP 	responsel: foreColor = (0, 0, 0)
546.7304 	EXP 	responsel: foreColor = (0, 0, 0)
546.7471 	EXP 	responsel: foreColor = (0, 0, 0)
546.7638 	EXP 	responsel: foreColor = (0, 0, 0)
546.7804 	EXP 	responsel: foreColor = (0, 0, 0)
546.7971 	EXP 	responsel: foreColor = (0, 0, 0)
546.8137 	EXP 	responsel: foreColor = (0, 0, 0)
546.8304 	EXP 	responsel: foreColor = (0, 0, 0)
546.8471 	EXP 	responsel: foreColor = (0, 0, 0)
546.8638 	EXP 	responsel: foreColor = (0, 0, 0)
546.8805 	EXP 	responsel: foreColor = (0, 0, 0)
546.8971 	EXP 	responsel: foreColor = (0, 0, 0)
546.9137 	EXP 	responsel: foreColor = (0, 0, 0)
546.9304 	EXP 	responsel: foreColor = (0, 0, 0)
546.9471 	EXP 	responsel: foreColor = (0, 0, 0)
546.9637 	EXP 	responsel: foreColor = (0, 0, 0)
546.9804 	EXP 	responsel: foreColor = (0, 0, 0)
546.9971 	EXP 	responsel: foreColor = (0, 0, 0)
547.0137 	EXP 	responsel: foreColor = (0, 0, 0)
547.0304 	EXP 	responsel: foreColor = (0, 0, 0)
547.0471 	EXP 	responsel: foreColor = (0, 0, 0)
547.0637 	EXP 	responsel: foreColor = (0, 0, 0)
547.0804 	EXP 	responsel: foreColor = (0, 0, 0)
547.0971 	EXP 	responsel: foreColor = (0, 0, 0)
547.1137 	EXP 	responsel: foreColor = (0, 0, 0)
547.1304 	EXP 	responsel: foreColor = (0, 0, 0)
547.1471 	EXP 	responsel: foreColor = (0, 0, 0)
547.1637 	EXP 	responsel: foreColor = (0, 0, 0)
547.1804 	EXP 	responsel: foreColor = (0, 0, 0)
547.1971 	EXP 	responsel: foreColor = (0, 0, 0)
547.2137 	EXP 	responsel: foreColor = (0, 0, 0)
547.2147 	EXP 	New trial (rep=24, index=0): None
547.2304 	EXP 	responsel: foreColor = (0, 0, 0)
547.2304 	EXP 	responsel: autoDraw = False
547.2304 	EXP 	percu_or: autoDraw = False
547.2304 	EXP 	responser: autoDraw = False
547.2304 	EXP 	thermode_locali_pic: autoDraw = False
547.2304 	EXP 	responsel: autoDraw = False
547.2304 	EXP 	percu_or: autoDraw = False
547.2304 	EXP 	responser: autoDraw = False
547.2304 	EXP 	responsel: foreColor = 'white'
547.2304 	EXP 	responser: foreColor = 'white'
547.2304 	EXP 	text_pic: autoDraw = True
547.2304 	EXP 	croix_3: autoDraw = True
552.2305 	EXP 	text_pic: autoDraw = False
552.2305 	EXP 	croix_3: autoDraw = False
552.2305 	EXP 	text_pic: autoDraw = False
552.2305 	EXP 	croix_3: autoDraw = False
552.2305 	EXP 	thermode_locali_pic: height = 0.02
552.2305 	EXP 	thermode_locali_pic: height = 0.02
552.2305 	EXP 	thermode_locali_pic: height = 0.02
552.2305 	EXP 	thermode_locali_pic: text = 'T : 0'
552.2305 	EXP 	responsel: text = 'OUI              '
552.2305 	EXP 	thermode_locali_pic: autoDraw = True
560.2139 	EXP 	responsel: autoDraw = True
560.2139 	EXP 	percu_or: autoDraw = True
560.2139 	EXP 	responser: autoDraw = True
560.5984 	DATA 	Keypress: m
560.6307 	EXP 	responsel: foreColor = (0, 0, 0)
560.6473 	EXP 	responsel: foreColor = (0, 0, 0)
560.6640 	EXP 	responsel: foreColor = (0, 0, 0)
560.6807 	EXP 	responsel: foreColor = (0, 0, 0)
560.6973 	EXP 	responsel: foreColor = (0, 0, 0)
560.7140 	EXP 	responsel: foreColor = (0, 0, 0)
560.7307 	EXP 	responsel: foreColor = (0, 0, 0)
560.7473 	EXP 	responsel: foreColor = (0, 0, 0)
560.7640 	EXP 	responsel: foreColor = (0, 0, 0)
560.7807 	EXP 	responsel: foreColor = (0, 0, 0)
560.7973 	EXP 	responsel: foreColor = (0, 0, 0)
560.8140 	EXP 	responsel: foreColor = (0, 0, 0)
560.8307 	EXP 	responsel: foreColor = (0, 0, 0)
560.8473 	EXP 	responsel: foreColor = (0, 0, 0)
560.8640 	EXP 	responsel: foreColor = (0, 0, 0)
560.8807 	EXP 	responsel: foreColor = (0, 0, 0)
560.8973 	EXP 	responsel: foreColor = (0, 0, 0)
560.9139 	EXP 	responsel: foreColor = (0, 0, 0)
560.9306 	EXP 	responsel: foreColor = (0, 0, 0)
560.9473 	EXP 	responsel: foreColor = (0, 0, 0)
560.9640 	EXP 	responsel: foreColor = (0, 0, 0)
560.9806 	EXP 	responsel: foreColor = (0, 0, 0)
560.9973 	EXP 	responsel: foreColor = (0, 0, 0)
561.0140 	EXP 	responsel: foreColor = (0, 0, 0)
561.0307 	EXP 	responsel: foreColor = (0, 0, 0)
561.0473 	EXP 	responsel: foreColor = (0, 0, 0)
561.0640 	EXP 	responsel: foreColor = (0, 0, 0)
561.0807 	EXP 	responsel: foreColor = (0, 0, 0)
561.0973 	EXP 	responsel: foreColor = (0, 0, 0)
561.1140 	EXP 	responsel: foreColor = (0, 0, 0)
561.1307 	EXP 	responsel: foreColor = (0, 0, 0)
561.1473 	EXP 	responsel: foreColor = (0, 0, 0)
561.1640 	EXP 	responsel: foreColor = (0, 0, 0)
561.1807 	EXP 	responsel: foreColor = (0, 0, 0)
561.1973 	EXP 	responsel: foreColor = (0, 0, 0)
561.2139 	EXP 	responsel: foreColor = (0, 0, 0)
561.2307 	EXP 	responsel: foreColor = (0, 0, 0)
561.2473 	EXP 	responsel: foreColor = (0, 0, 0)
561.2640 	EXP 	responsel: foreColor = (0, 0, 0)
561.2807 	EXP 	responsel: foreColor = (0, 0, 0)
561.2973 	EXP 	responsel: foreColor = (0, 0, 0)
561.3140 	EXP 	responsel: foreColor = (0, 0, 0)
561.3307 	EXP 	responsel: foreColor = (0, 0, 0)
561.3473 	EXP 	responsel: foreColor = (0, 0, 0)
561.3640 	EXP 	responsel: foreColor = (0, 0, 0)
561.3806 	EXP 	responsel: foreColor = (0, 0, 0)
561.3973 	EXP 	responsel: foreColor = (0, 0, 0)
561.4140 	EXP 	responsel: foreColor = (0, 0, 0)
561.4307 	EXP 	responsel: foreColor = (0, 0, 0)
561.4473 	EXP 	responsel: foreColor = (0, 0, 0)
561.4640 	EXP 	responsel: foreColor = (0, 0, 0)
561.4806 	EXP 	responsel: foreColor = (0, 0, 0)
561.4973 	EXP 	responsel: foreColor = (0, 0, 0)
561.5140 	EXP 	responsel: foreColor = (0, 0, 0)
561.5306 	EXP 	responsel: foreColor = (0, 0, 0)
561.5473 	EXP 	responsel: foreColor = (0, 0, 0)
561.5640 	EXP 	responsel: foreColor = (0, 0, 0)
561.5807 	EXP 	responsel: foreColor = (0, 0, 0)
561.5973 	EXP 	responsel: foreColor = (0, 0, 0)
561.6140 	EXP 	responsel: foreColor = (0, 0, 0)
561.6307 	EXP 	responsel: foreColor = (0, 0, 0)
561.6473 	EXP 	responsel: foreColor = (0, 0, 0)
561.6640 	EXP 	responsel: foreColor = (0, 0, 0)
561.6807 	EXP 	responsel: foreColor = (0, 0, 0)
561.6973 	EXP 	responsel: foreColor = (0, 0, 0)
561.7140 	EXP 	responsel: foreColor = (0, 0, 0)
561.7307 	EXP 	responsel: foreColor = (0, 0, 0)
561.7473 	EXP 	responsel: foreColor = (0, 0, 0)
561.7640 	EXP 	responsel: foreColor = (0, 0, 0)
561.7806 	EXP 	responsel: foreColor = (0, 0, 0)
561.7973 	EXP 	responsel: foreColor = (0, 0, 0)
561.8140 	EXP 	responsel: foreColor = (0, 0, 0)
561.8307 	EXP 	responsel: foreColor = (0, 0, 0)
561.8473 	EXP 	responsel: foreColor = (0, 0, 0)
561.8640 	EXP 	responsel: foreColor = (0, 0, 0)
561.8807 	EXP 	responsel: foreColor = (0, 0, 0)
561.8974 	EXP 	responsel: foreColor = (0, 0, 0)
561.9140 	EXP 	responsel: foreColor = (0, 0, 0)
561.9307 	EXP 	responsel: foreColor = (0, 0, 0)
561.9473 	EXP 	responsel: foreColor = (0, 0, 0)
561.9640 	EXP 	responsel: foreColor = (0, 0, 0)
561.9807 	EXP 	responsel: foreColor = (0, 0, 0)
561.9974 	EXP 	responsel: foreColor = (0, 0, 0)
562.0140 	EXP 	responsel: foreColor = (0, 0, 0)
562.0307 	EXP 	responsel: foreColor = (0, 0, 0)
562.0474 	EXP 	responsel: foreColor = (0, 0, 0)
562.0640 	EXP 	responsel: foreColor = (0, 0, 0)
562.0807 	EXP 	responsel: foreColor = (0, 0, 0)
562.0974 	EXP 	responsel: foreColor = (0, 0, 0)
562.1140 	EXP 	responsel: foreColor = (0, 0, 0)
562.1307 	EXP 	responsel: foreColor = (0, 0, 0)
562.1474 	EXP 	responsel: foreColor = (0, 0, 0)
562.1640 	EXP 	responsel: foreColor = (0, 0, 0)
562.1807 	EXP 	responsel: foreColor = (0, 0, 0)
562.1973 	EXP 	responsel: foreColor = (0, 0, 0)
562.2140 	EXP 	responsel: foreColor = (0, 0, 0)
562.2307 	EXP 	responsel: foreColor = (0, 0, 0)
562.2474 	EXP 	responsel: foreColor = (0, 0, 0)
562.2640 	EXP 	responsel: foreColor = (0, 0, 0)
562.2807 	EXP 	responsel: foreColor = (0, 0, 0)
562.2973 	EXP 	responsel: foreColor = (0, 0, 0)
562.3140 	EXP 	responsel: foreColor = (0, 0, 0)
562.3307 	EXP 	responsel: foreColor = (0, 0, 0)
562.3474 	EXP 	responsel: foreColor = (0, 0, 0)
562.3640 	EXP 	responsel: foreColor = (0, 0, 0)
562.3807 	EXP 	responsel: foreColor = (0, 0, 0)
562.3973 	EXP 	responsel: foreColor = (0, 0, 0)
562.4140 	EXP 	responsel: foreColor = (0, 0, 0)
562.4307 	EXP 	responsel: foreColor = (0, 0, 0)
562.4307 	EXP 	thermode_locali_pic: autoDraw = False
562.4474 	EXP 	responsel: foreColor = (0, 0, 0)
562.4640 	EXP 	responsel: foreColor = (0, 0, 0)
562.4807 	EXP 	responsel: foreColor = (0, 0, 0)
562.4973 	EXP 	responsel: foreColor = (0, 0, 0)
562.5140 	EXP 	responsel: foreColor = (0, 0, 0)
562.5307 	EXP 	responsel: foreColor = (0, 0, 0)
562.5474 	EXP 	responsel: foreColor = (0, 0, 0)
562.5640 	EXP 	responsel: foreColor = (0, 0, 0)
562.5807 	EXP 	responsel: foreColor = (0, 0, 0)
562.5973 	EXP 	responsel: foreColor = (0, 0, 0)
562.6140 	EXP 	responsel: foreColor = (0, 0, 0)
562.6307 	EXP 	responsel: foreColor = (0, 0, 0)
562.6474 	EXP 	responsel: foreColor = (0, 0, 0)
562.6640 	EXP 	responsel: foreColor = (0, 0, 0)
562.6807 	EXP 	responsel: foreColor = (0, 0, 0)
562.6974 	EXP 	responsel: foreColor = (0, 0, 0)
562.7140 	EXP 	responsel: foreColor = (0, 0, 0)
562.7307 	EXP 	responsel: foreColor = (0, 0, 0)
562.7474 	EXP 	responsel: foreColor = (0, 0, 0)
562.7640 	EXP 	responsel: foreColor = (0, 0, 0)
562.7807 	EXP 	responsel: foreColor = (0, 0, 0)
562.7974 	EXP 	responsel: foreColor = (0, 0, 0)
562.8140 	EXP 	responsel: foreColor = (0, 0, 0)
562.8307 	EXP 	responsel: foreColor = (0, 0, 0)
562.8474 	EXP 	responsel: foreColor = (0, 0, 0)
562.8640 	EXP 	responsel: foreColor = (0, 0, 0)
562.8807 	EXP 	responsel: foreColor = (0, 0, 0)
562.8973 	EXP 	responsel: foreColor = (0, 0, 0)
562.9140 	EXP 	responsel: foreColor = (0, 0, 0)
562.9307 	EXP 	responsel: foreColor = (0, 0, 0)
562.9474 	EXP 	responsel: foreColor = (0, 0, 0)
562.9640 	EXP 	responsel: foreColor = (0, 0, 0)
562.9807 	EXP 	responsel: foreColor = (0, 0, 0)
562.9973 	EXP 	responsel: foreColor = (0, 0, 0)
563.0140 	EXP 	responsel: foreColor = (0, 0, 0)
563.0307 	EXP 	responsel: foreColor = (0, 0, 0)
563.0474 	EXP 	responsel: foreColor = (0, 0, 0)
563.0640 	EXP 	responsel: foreColor = (0, 0, 0)
563.0807 	EXP 	responsel: foreColor = (0, 0, 0)
563.0974 	EXP 	responsel: foreColor = (0, 0, 0)
563.1140 	EXP 	responsel: foreColor = (0, 0, 0)
563.1307 	EXP 	responsel: foreColor = (0, 0, 0)
563.1474 	EXP 	responsel: foreColor = (0, 0, 0)
563.1640 	EXP 	responsel: foreColor = (0, 0, 0)
563.1807 	EXP 	responsel: foreColor = (0, 0, 0)
563.1974 	EXP 	responsel: foreColor = (0, 0, 0)
563.1983 	EXP 	New trial (rep=25, index=0): None
563.2140 	EXP 	responsel: foreColor = (0, 0, 0)
563.2140 	EXP 	responsel: autoDraw = False
563.2140 	EXP 	percu_or: autoDraw = False
563.2140 	EXP 	responser: autoDraw = False
563.2140 	EXP 	thermode_locali_pic: autoDraw = False
563.2140 	EXP 	responsel: autoDraw = False
563.2140 	EXP 	percu_or: autoDraw = False
563.2140 	EXP 	responser: autoDraw = False
563.2140 	EXP 	responsel: foreColor = 'white'
563.2140 	EXP 	responser: foreColor = 'white'
563.2140 	EXP 	text_pic: autoDraw = True
563.2140 	EXP 	croix_3: autoDraw = True
568.2140 	EXP 	text_pic: autoDraw = False
568.2140 	EXP 	croix_3: autoDraw = False
568.2140 	EXP 	text_pic: autoDraw = False
568.2140 	EXP 	croix_3: autoDraw = False
568.2140 	EXP 	thermode_locali_pic: height = 0.02
568.2140 	EXP 	thermode_locali_pic: height = 0.02
568.2140 	EXP 	thermode_locali_pic: height = 0.02
568.2140 	EXP 	thermode_locali_pic: text = 'T : 1'
568.2140 	EXP 	responsel: text = 'OUI              '
568.2140 	EXP 	thermode_locali_pic: autoDraw = True
576.1975 	EXP 	responsel: autoDraw = True
576.1975 	EXP 	percu_or: autoDraw = True
576.1975 	EXP 	responser: autoDraw = True
576.6151 	DATA 	Keypress: n
576.6474 	EXP 	responser: foreColor = (0, 0, 0)
576.6640 	EXP 	responser: foreColor = (0, 0, 0)
576.6807 	EXP 	responser: foreColor = (0, 0, 0)
576.6974 	EXP 	responser: foreColor = (0, 0, 0)
576.7140 	EXP 	responser: foreColor = (0, 0, 0)
576.7307 	EXP 	responser: foreColor = (0, 0, 0)
576.7474 	EXP 	responser: foreColor = (0, 0, 0)
576.7640 	EXP 	responser: foreColor = (0, 0, 0)
576.7807 	EXP 	responser: foreColor = (0, 0, 0)
576.7974 	EXP 	responser: foreColor = (0, 0, 0)
576.8140 	EXP 	responser: foreColor = (0, 0, 0)
576.8308 	EXP 	responser: foreColor = (0, 0, 0)
576.8474 	EXP 	responser: foreColor = (0, 0, 0)
576.8640 	EXP 	responser: foreColor = (0, 0, 0)
576.8807 	EXP 	responser: foreColor = (0, 0, 0)
576.8974 	EXP 	responser: foreColor = (0, 0, 0)
576.9140 	EXP 	responser: foreColor = (0, 0, 0)
576.9307 	EXP 	responser: foreColor = (0, 0, 0)
576.9474 	EXP 	responser: foreColor = (0, 0, 0)
576.9640 	EXP 	responser: foreColor = (0, 0, 0)
576.9808 	EXP 	responser: foreColor = (0, 0, 0)
576.9974 	EXP 	responser: foreColor = (0, 0, 0)
577.0140 	EXP 	responser: foreColor = (0, 0, 0)
577.0308 	EXP 	responser: foreColor = (0, 0, 0)
577.0474 	EXP 	responser: foreColor = (0, 0, 0)
577.0640 	EXP 	responser: foreColor = (0, 0, 0)
577.0808 	EXP 	responser: foreColor = (0, 0, 0)
577.0974 	EXP 	responser: foreColor = (0, 0, 0)
577.1141 	EXP 	responser: foreColor = (0, 0, 0)
577.1308 	EXP 	responser: foreColor = (0, 0, 0)
577.1474 	EXP 	responser: foreColor = (0, 0, 0)
577.1641 	EXP 	responser: foreColor = (0, 0, 0)
577.1807 	EXP 	responser: foreColor = (0, 0, 0)
577.1974 	EXP 	responser: foreColor = (0, 0, 0)
577.2141 	EXP 	responser: foreColor = (0, 0, 0)
577.2308 	EXP 	responser: foreColor = (0, 0, 0)
577.2474 	EXP 	responser: foreColor = (0, 0, 0)
577.2641 	EXP 	responser: foreColor = (0, 0, 0)
577.2808 	EXP 	responser: foreColor = (0, 0, 0)
577.2974 	EXP 	responser: foreColor = (0, 0, 0)
577.3141 	EXP 	responser: foreColor = (0, 0, 0)
577.3308 	EXP 	responser: foreColor = (0, 0, 0)
577.3474 	EXP 	responser: foreColor = (0, 0, 0)
577.3641 	EXP 	responser: foreColor = (0, 0, 0)
577.3807 	EXP 	responser: foreColor = (0, 0, 0)
577.3974 	EXP 	responser: foreColor = (0, 0, 0)
577.4141 	EXP 	responser: foreColor = (0, 0, 0)
577.4308 	EXP 	responser: foreColor = (0, 0, 0)
577.4474 	EXP 	responser: foreColor = (0, 0, 0)
577.4641 	EXP 	responser: foreColor = (0, 0, 0)
577.4807 	EXP 	responser: foreColor = (0, 0, 0)
577.4974 	EXP 	responser: foreColor = (0, 0, 0)
577.5141 	EXP 	responser: foreColor = (0, 0, 0)
577.5308 	EXP 	responser: foreColor = (0, 0, 0)
577.5474 	EXP 	responser: foreColor = (0, 0, 0)
577.5641 	EXP 	responser: foreColor = (0, 0, 0)
577.5808 	EXP 	responser: foreColor = (0, 0, 0)
577.5974 	EXP 	responser: foreColor = (0, 0, 0)
577.6141 	EXP 	responser: foreColor = (0, 0, 0)
577.6307 	EXP 	responser: foreColor = (0, 0, 0)
577.6474 	EXP 	responser: foreColor = (0, 0, 0)
577.6641 	EXP 	responser: foreColor = (0, 0, 0)
577.6808 	EXP 	responser: foreColor = (0, 0, 0)
577.6974 	EXP 	responser: foreColor = (0, 0, 0)
577.7141 	EXP 	responser: foreColor = (0, 0, 0)
577.7308 	EXP 	responser: foreColor = (0, 0, 0)
577.7474 	EXP 	responser: foreColor = (0, 0, 0)
577.7641 	EXP 	responser: foreColor = (0, 0, 0)
577.7807 	EXP 	responser: foreColor = (0, 0, 0)
577.7974 	EXP 	responser: foreColor = (0, 0, 0)
577.8141 	EXP 	responser: foreColor = (0, 0, 0)
577.8307 	EXP 	responser: foreColor = (0, 0, 0)
577.8474 	EXP 	responser: foreColor = (0, 0, 0)
577.8641 	EXP 	responser: foreColor = (0, 0, 0)
577.8807 	EXP 	responser: foreColor = (0, 0, 0)
577.8974 	EXP 	responser: foreColor = (0, 0, 0)
577.9141 	EXP 	responser: foreColor = (0, 0, 0)
577.9307 	EXP 	responser: foreColor = (0, 0, 0)
577.9474 	EXP 	responser: foreColor = (0, 0, 0)
577.9641 	EXP 	responser: foreColor = (0, 0, 0)
577.9807 	EXP 	responser: foreColor = (0, 0, 0)
577.9974 	EXP 	responser: foreColor = (0, 0, 0)
578.0141 	EXP 	responser: foreColor = (0, 0, 0)
578.0308 	EXP 	responser: foreColor = (0, 0, 0)
578.0474 	EXP 	responser: foreColor = (0, 0, 0)
578.0641 	EXP 	responser: foreColor = (0, 0, 0)
578.0807 	EXP 	responser: foreColor = (0, 0, 0)
578.0974 	EXP 	responser: foreColor = (0, 0, 0)
578.1141 	EXP 	responser: foreColor = (0, 0, 0)
578.1307 	EXP 	responser: foreColor = (0, 0, 0)
578.1474 	EXP 	responser: foreColor = (0, 0, 0)
578.1641 	EXP 	responser: foreColor = (0, 0, 0)
578.1807 	EXP 	responser: foreColor = (0, 0, 0)
578.1974 	EXP 	responser: foreColor = (0, 0, 0)
578.2141 	EXP 	responser: foreColor = (0, 0, 0)
578.2307 	EXP 	responser: foreColor = (0, 0, 0)
578.2474 	EXP 	responser: foreColor = (0, 0, 0)
578.2641 	EXP 	responser: foreColor = (0, 0, 0)
578.2807 	EXP 	responser: foreColor = (0, 0, 0)
578.2974 	EXP 	responser: foreColor = (0, 0, 0)
578.3141 	EXP 	responser: foreColor = (0, 0, 0)
578.3307 	EXP 	responser: foreColor = (0, 0, 0)
578.3474 	EXP 	responser: foreColor = (0, 0, 0)
578.3642 	EXP 	responser: foreColor = (0, 0, 0)
578.3809 	EXP 	responser: foreColor = (0, 0, 0)
578.3975 	EXP 	responser: foreColor = (0, 0, 0)
578.4142 	EXP 	responser: foreColor = (0, 0, 0)
578.4142 	EXP 	thermode_locali_pic: autoDraw = False
578.4308 	EXP 	responser: foreColor = (0, 0, 0)
578.4475 	EXP 	responser: foreColor = (0, 0, 0)
578.4642 	EXP 	responser: foreColor = (0, 0, 0)
578.4809 	EXP 	responser: foreColor = (0, 0, 0)
578.4975 	EXP 	responser: foreColor = (0, 0, 0)
578.5141 	EXP 	responser: foreColor = (0, 0, 0)
578.5309 	EXP 	responser: foreColor = (0, 0, 0)
578.5475 	EXP 	responser: foreColor = (0, 0, 0)
578.5642 	EXP 	responser: foreColor = (0, 0, 0)
578.5809 	EXP 	responser: foreColor = (0, 0, 0)
578.5975 	EXP 	responser: foreColor = (0, 0, 0)
578.6142 	EXP 	responser: foreColor = (0, 0, 0)
578.6309 	EXP 	responser: foreColor = (0, 0, 0)
578.6475 	EXP 	responser: foreColor = (0, 0, 0)
578.6644 	EXP 	responser: foreColor = (0, 0, 0)
578.6810 	EXP 	responser: foreColor = (0, 0, 0)
578.6977 	EXP 	responser: foreColor = (0, 0, 0)
578.7143 	EXP 	responser: foreColor = (0, 0, 0)
578.7310 	EXP 	responser: foreColor = (0, 0, 0)
578.7477 	EXP 	responser: foreColor = (0, 0, 0)
578.7642 	EXP 	responser: foreColor = (0, 0, 0)
578.7808 	EXP 	responser: foreColor = (0, 0, 0)
578.7975 	EXP 	responser: foreColor = (0, 0, 0)
578.8142 	EXP 	responser: foreColor = (0, 0, 0)
578.8308 	EXP 	responser: foreColor = (0, 0, 0)
578.8475 	EXP 	responser: foreColor = (0, 0, 0)
578.8642 	EXP 	responser: foreColor = (0, 0, 0)
578.8809 	EXP 	responser: foreColor = (0, 0, 0)
578.8975 	EXP 	responser: foreColor = (0, 0, 0)
578.9142 	EXP 	responser: foreColor = (0, 0, 0)
578.9309 	EXP 	responser: foreColor = (0, 0, 0)
578.9475 	EXP 	responser: foreColor = (0, 0, 0)
578.9642 	EXP 	responser: foreColor = (0, 0, 0)
578.9809 	EXP 	responser: foreColor = (0, 0, 0)
578.9975 	EXP 	responser: foreColor = (0, 0, 0)
579.0142 	EXP 	responser: foreColor = (0, 0, 0)
579.0309 	EXP 	responser: foreColor = (0, 0, 0)
579.0475 	EXP 	responser: foreColor = (0, 0, 0)
579.0642 	EXP 	responser: foreColor = (0, 0, 0)
579.0809 	EXP 	responser: foreColor = (0, 0, 0)
579.0975 	EXP 	responser: foreColor = (0, 0, 0)
579.1142 	EXP 	responser: foreColor = (0, 0, 0)
579.1309 	EXP 	responser: foreColor = (0, 0, 0)
579.1475 	EXP 	responser: foreColor = (0, 0, 0)
579.1642 	EXP 	responser: foreColor = (0, 0, 0)
579.1809 	EXP 	responser: foreColor = (0, 0, 0)
579.1818 	EXP 	New trial (rep=26, index=0): None
579.1975 	EXP 	responser: foreColor = (0, 0, 0)
579.1975 	EXP 	responsel: autoDraw = False
579.1975 	EXP 	percu_or: autoDraw = False
579.1975 	EXP 	responser: autoDraw = False
579.1975 	EXP 	thermode_locali_pic: autoDraw = False
579.1975 	EXP 	responsel: autoDraw = False
579.1975 	EXP 	percu_or: autoDraw = False
579.1975 	EXP 	responser: autoDraw = False
579.1975 	EXP 	responsel: foreColor = 'white'
579.1975 	EXP 	responser: foreColor = 'white'
579.1975 	EXP 	text_pic: autoDraw = True
579.1975 	EXP 	croix_3: autoDraw = True
584.1975 	EXP 	text_pic: autoDraw = False
584.1975 	EXP 	croix_3: autoDraw = False
584.1975 	EXP 	text_pic: autoDraw = False
584.1975 	EXP 	croix_3: autoDraw = False
584.1975 	EXP 	thermode_locali_pic: height = 0.02
584.1975 	EXP 	thermode_locali_pic: height = 0.02
584.1975 	EXP 	thermode_locali_pic: height = 0.02
584.1975 	EXP 	thermode_locali_pic: text = 'T : 2'
584.1975 	EXP 	responsel: text = 'OUI              '
584.1975 	EXP 	thermode_locali_pic: autoDraw = True
592.1810 	EXP 	responsel: autoDraw = True
592.1810 	EXP 	percu_or: autoDraw = True
592.1810 	EXP 	responser: autoDraw = True
592.5487 	DATA 	Keypress: n
592.5810 	EXP 	responser: foreColor = (0, 0, 0)
592.5977 	EXP 	responser: foreColor = (0, 0, 0)
592.6143 	EXP 	responser: foreColor = (0, 0, 0)
592.6310 	EXP 	responser: foreColor = (0, 0, 0)
592.6477 	EXP 	responser: foreColor = (0, 0, 0)
592.6644 	EXP 	responser: foreColor = (0, 0, 0)
592.6810 	EXP 	responser: foreColor = (0, 0, 0)
592.6977 	EXP 	responser: foreColor = (0, 0, 0)
592.7143 	EXP 	responser: foreColor = (0, 0, 0)
592.7309 	EXP 	responser: foreColor = (0, 0, 0)
592.7476 	EXP 	responser: foreColor = (0, 0, 0)
592.7642 	EXP 	responser: foreColor = (0, 0, 0)
592.7809 	EXP 	responser: foreColor = (0, 0, 0)
592.7976 	EXP 	responser: foreColor = (0, 0, 0)
592.8142 	EXP 	responser: foreColor = (0, 0, 0)
592.8309 	EXP 	responser: foreColor = (0, 0, 0)
592.8476 	EXP 	responser: foreColor = (0, 0, 0)
592.8642 	EXP 	responser: foreColor = (0, 0, 0)
592.8810 	EXP 	responser: foreColor = (0, 0, 0)
592.8976 	EXP 	responser: foreColor = (0, 0, 0)
592.9143 	EXP 	responser: foreColor = (0, 0, 0)
592.9309 	EXP 	responser: foreColor = (0, 0, 0)
592.9476 	EXP 	responser: foreColor = (0, 0, 0)
592.9643 	EXP 	responser: foreColor = (0, 0, 0)
592.9809 	EXP 	responser: foreColor = (0, 0, 0)
592.9976 	EXP 	responser: foreColor = (0, 0, 0)
593.0143 	EXP 	responser: foreColor = (0, 0, 0)
593.0309 	EXP 	responser: foreColor = (0, 0, 0)
593.0476 	EXP 	responser: foreColor = (0, 0, 0)
593.0643 	EXP 	responser: foreColor = (0, 0, 0)
593.0809 	EXP 	responser: foreColor = (0, 0, 0)
593.0976 	EXP 	responser: foreColor = (0, 0, 0)
593.1143 	EXP 	responser: foreColor = (0, 0, 0)
593.1309 	EXP 	responser: foreColor = (0, 0, 0)
593.1476 	EXP 	responser: foreColor = (0, 0, 0)
593.1643 	EXP 	responser: foreColor = (0, 0, 0)
593.1809 	EXP 	responser: foreColor = (0, 0, 0)
593.1976 	EXP 	responser: foreColor = (0, 0, 0)
593.2143 	EXP 	responser: foreColor = (0, 0, 0)
593.2309 	EXP 	responser: foreColor = (0, 0, 0)
593.2476 	EXP 	responser: foreColor = (0, 0, 0)
593.2643 	EXP 	responser: foreColor = (0, 0, 0)
593.2809 	EXP 	responser: foreColor = (0, 0, 0)
593.2976 	EXP 	responser: foreColor = (0, 0, 0)
593.3143 	EXP 	responser: foreColor = (0, 0, 0)
593.3309 	EXP 	responser: foreColor = (0, 0, 0)
593.3476 	EXP 	responser: foreColor = (0, 0, 0)
593.3643 	EXP 	responser: foreColor = (0, 0, 0)
593.3809 	EXP 	responser: foreColor = (0, 0, 0)
593.3976 	EXP 	responser: foreColor = (0, 0, 0)
593.4143 	EXP 	responser: foreColor = (0, 0, 0)
593.4309 	EXP 	responser: foreColor = (0, 0, 0)
593.4476 	EXP 	responser: foreColor = (0, 0, 0)
593.4643 	EXP 	responser: foreColor = (0, 0, 0)
593.4809 	EXP 	responser: foreColor = (0, 0, 0)
593.4976 	EXP 	responser: foreColor = (0, 0, 0)
593.5143 	EXP 	responser: foreColor = (0, 0, 0)
593.5309 	EXP 	responser: foreColor = (0, 0, 0)
593.5476 	EXP 	responser: foreColor = (0, 0, 0)
593.5643 	EXP 	responser: foreColor = (0, 0, 0)
593.5809 	EXP 	responser: foreColor = (0, 0, 0)
593.5977 	EXP 	responser: foreColor = (0, 0, 0)
593.6143 	EXP 	responser: foreColor = (0, 0, 0)
593.6309 	EXP 	responser: foreColor = (0, 0, 0)
593.6476 	EXP 	responser: foreColor = (0, 0, 0)
593.6643 	EXP 	responser: foreColor = (0, 0, 0)
593.6809 	EXP 	responser: foreColor = (0, 0, 0)
593.6977 	EXP 	responser: foreColor = (0, 0, 0)
593.7143 	EXP 	responser: foreColor = (0, 0, 0)
593.7309 	EXP 	responser: foreColor = (0, 0, 0)
593.7476 	EXP 	responser: foreColor = (0, 0, 0)
593.7643 	EXP 	responser: foreColor = (0, 0, 0)
593.7809 	EXP 	responser: foreColor = (0, 0, 0)
593.7976 	EXP 	responser: foreColor = (0, 0, 0)
593.8143 	EXP 	responser: foreColor = (0, 0, 0)
593.8310 	EXP 	responser: foreColor = (0, 0, 0)
593.8477 	EXP 	responser: foreColor = (0, 0, 0)
593.8643 	EXP 	responser: foreColor = (0, 0, 0)
593.8809 	EXP 	responser: foreColor = (0, 0, 0)
593.8976 	EXP 	responser: foreColor = (0, 0, 0)
593.9142 	EXP 	responser: foreColor = (0, 0, 0)
593.9309 	EXP 	responser: foreColor = (0, 0, 0)
593.9476 	EXP 	responser: foreColor = (0, 0, 0)
593.9644 	EXP 	responser: foreColor = (0, 0, 0)
593.9810 	EXP 	responser: foreColor = (0, 0, 0)
593.9977 	EXP 	responser: foreColor = (0, 0, 0)
594.0144 	EXP 	responser: foreColor = (0, 0, 0)
594.0310 	EXP 	responser: foreColor = (0, 0, 0)
594.0477 	EXP 	responser: foreColor = (0, 0, 0)
594.0644 	EXP 	responser: foreColor = (0, 0, 0)
594.0810 	EXP 	responser: foreColor = (0, 0, 0)
594.0977 	EXP 	responser: foreColor = (0, 0, 0)
594.1144 	EXP 	responser: foreColor = (0, 0, 0)
594.1310 	EXP 	responser: foreColor = (0, 0, 0)
594.1477 	EXP 	responser: foreColor = (0, 0, 0)
594.1644 	EXP 	responser: foreColor = (0, 0, 0)
594.1810 	EXP 	responser: foreColor = (0, 0, 0)
594.1977 	EXP 	responser: foreColor = (0, 0, 0)
594.2144 	EXP 	responser: foreColor = (0, 0, 0)
594.2310 	EXP 	responser: foreColor = (0, 0, 0)
594.2477 	EXP 	responser: foreColor = (0, 0, 0)
594.2644 	EXP 	responser: foreColor = (0, 0, 0)
594.2810 	EXP 	responser: foreColor = (0, 0, 0)
594.2977 	EXP 	responser: foreColor = (0, 0, 0)
594.3144 	EXP 	responser: foreColor = (0, 0, 0)
594.3310 	EXP 	responser: foreColor = (0, 0, 0)
594.3477 	EXP 	responser: foreColor = (0, 0, 0)
594.3644 	EXP 	responser: foreColor = (0, 0, 0)
594.3810 	EXP 	responser: foreColor = (0, 0, 0)
594.3977 	EXP 	responser: foreColor = (0, 0, 0)
594.3977 	EXP 	thermode_locali_pic: autoDraw = False
594.4144 	EXP 	responser: foreColor = (0, 0, 0)
594.4310 	EXP 	responser: foreColor = (0, 0, 0)
594.4477 	EXP 	responser: foreColor = (0, 0, 0)
594.4644 	EXP 	responser: foreColor = (0, 0, 0)
594.4810 	EXP 	responser: foreColor = (0, 0, 0)
594.4977 	EXP 	responser: foreColor = (0, 0, 0)
594.5144 	EXP 	responser: foreColor = (0, 0, 0)
594.5310 	EXP 	responser: foreColor = (0, 0, 0)
594.5477 	EXP 	responser: foreColor = (0, 0, 0)
594.5644 	EXP 	responser: foreColor = (0, 0, 0)
594.5810 	EXP 	responser: foreColor = (0, 0, 0)
594.5977 	EXP 	responser: foreColor = (0, 0, 0)
594.6144 	EXP 	responser: foreColor = (0, 0, 0)
594.6310 	EXP 	responser: foreColor = (0, 0, 0)
594.6476 	EXP 	responser: foreColor = (0, 0, 0)
594.6643 	EXP 	responser: foreColor = (0, 0, 0)
594.6810 	EXP 	responser: foreColor = (0, 0, 0)
594.6977 	EXP 	responser: foreColor = (0, 0, 0)
594.7144 	EXP 	responser: foreColor = (0, 0, 0)
594.7310 	EXP 	responser: foreColor = (0, 0, 0)
594.7477 	EXP 	responser: foreColor = (0, 0, 0)
594.7644 	EXP 	responser: foreColor = (0, 0, 0)
594.7810 	EXP 	responser: foreColor = (0, 0, 0)
594.7977 	EXP 	responser: foreColor = (0, 0, 0)
594.8144 	EXP 	responser: foreColor = (0, 0, 0)
594.8310 	EXP 	responser: foreColor = (0, 0, 0)
594.8477 	EXP 	responser: foreColor = (0, 0, 0)
594.8644 	EXP 	responser: foreColor = (0, 0, 0)
594.8810 	EXP 	responser: foreColor = (0, 0, 0)
594.8977 	EXP 	responser: foreColor = (0, 0, 0)
594.9144 	EXP 	responser: foreColor = (0, 0, 0)
594.9310 	EXP 	responser: foreColor = (0, 0, 0)
594.9477 	EXP 	responser: foreColor = (0, 0, 0)
594.9644 	EXP 	responser: foreColor = (0, 0, 0)
594.9810 	EXP 	responser: foreColor = (0, 0, 0)
594.9977 	EXP 	responser: foreColor = (0, 0, 0)
595.0144 	EXP 	responser: foreColor = (0, 0, 0)
595.0310 	EXP 	responser: foreColor = (0, 0, 0)
595.0478 	EXP 	responser: foreColor = (0, 0, 0)
595.0643 	EXP 	responser: foreColor = (0, 0, 0)
595.0810 	EXP 	responser: foreColor = (0, 0, 0)
595.0977 	EXP 	responser: foreColor = (0, 0, 0)
595.1144 	EXP 	responser: foreColor = (0, 0, 0)
595.1310 	EXP 	responser: foreColor = (0, 0, 0)
595.1477 	EXP 	responser: foreColor = (0, 0, 0)
595.1644 	EXP 	responser: foreColor = (0, 0, 0)
595.1654 	EXP 	New trial (rep=27, index=0): None
595.1810 	EXP 	responser: foreColor = (0, 0, 0)
595.1810 	EXP 	responsel: autoDraw = False
595.1810 	EXP 	percu_or: autoDraw = False
595.1810 	EXP 	responser: autoDraw = False
595.1810 	EXP 	thermode_locali_pic: autoDraw = False
595.1810 	EXP 	responsel: autoDraw = False
595.1810 	EXP 	percu_or: autoDraw = False
595.1810 	EXP 	responser: autoDraw = False
595.1810 	EXP 	responsel: foreColor = 'white'
595.1810 	EXP 	responser: foreColor = 'white'
595.1810 	EXP 	text_pic: autoDraw = True
595.1810 	EXP 	croix_3: autoDraw = True
600.1811 	EXP 	text_pic: autoDraw = False
600.1811 	EXP 	croix_3: autoDraw = False
600.1811 	EXP 	text_pic: autoDraw = False
600.1811 	EXP 	croix_3: autoDraw = False
600.1811 	EXP 	thermode_locali_pic: height = 0.02
600.1811 	EXP 	thermode_locali_pic: height = 0.02
600.1811 	EXP 	thermode_locali_pic: height = 0.02
600.1811 	EXP 	thermode_locali_pic: text = 'T : 3'
600.1811 	EXP 	responsel: text = 'OUI              '
600.1811 	EXP 	thermode_locali_pic: autoDraw = True
608.1644 	EXP 	responsel: autoDraw = True
608.1644 	EXP 	percu_or: autoDraw = True
608.1644 	EXP 	responser: autoDraw = True
608.6322 	DATA 	Keypress: n
608.6644 	EXP 	responser: foreColor = (0, 0, 0)
608.6811 	EXP 	responser: foreColor = (0, 0, 0)
608.6977 	EXP 	responser: foreColor = (0, 0, 0)
608.7144 	EXP 	responser: foreColor = (0, 0, 0)
608.7311 	EXP 	responser: foreColor = (0, 0, 0)
608.7477 	EXP 	responser: foreColor = (0, 0, 0)
608.7644 	EXP 	responser: foreColor = (0, 0, 0)
608.7811 	EXP 	responser: foreColor = (0, 0, 0)
608.7977 	EXP 	responser: foreColor = (0, 0, 0)
608.8144 	EXP 	responser: foreColor = (0, 0, 0)
608.8311 	EXP 	responser: foreColor = (0, 0, 0)
608.8477 	EXP 	responser: foreColor = (0, 0, 0)
608.8644 	EXP 	responser: foreColor = (0, 0, 0)
608.8811 	EXP 	responser: foreColor = (0, 0, 0)
608.8977 	EXP 	responser: foreColor = (0, 0, 0)
608.9144 	EXP 	responser: foreColor = (0, 0, 0)
608.9311 	EXP 	responser: foreColor = (0, 0, 0)
608.9477 	EXP 	responser: foreColor = (0, 0, 0)
608.9644 	EXP 	responser: foreColor = (0, 0, 0)
608.9811 	EXP 	responser: foreColor = (0, 0, 0)
608.9977 	EXP 	responser: foreColor = (0, 0, 0)
609.0144 	EXP 	responser: foreColor = (0, 0, 0)
609.0311 	EXP 	responser: foreColor = (0, 0, 0)
609.0477 	EXP 	responser: foreColor = (0, 0, 0)
609.0644 	EXP 	responser: foreColor = (0, 0, 0)
609.0811 	EXP 	responser: foreColor = (0, 0, 0)
609.0977 	EXP 	responser: foreColor = (0, 0, 0)
609.1144 	EXP 	responser: foreColor = (0, 0, 0)
609.1311 	EXP 	responser: foreColor = (0, 0, 0)
609.1477 	EXP 	responser: foreColor = (0, 0, 0)
609.1644 	EXP 	responser: foreColor = (0, 0, 0)
609.1811 	EXP 	responser: foreColor = (0, 0, 0)
609.1977 	EXP 	responser: foreColor = (0, 0, 0)
609.2144 	EXP 	responser: foreColor = (0, 0, 0)
609.2311 	EXP 	responser: foreColor = (0, 0, 0)
609.2477 	EXP 	responser: foreColor = (0, 0, 0)
609.2644 	EXP 	responser: foreColor = (0, 0, 0)
609.2811 	EXP 	responser: foreColor = (0, 0, 0)
609.2978 	EXP 	responser: foreColor = (0, 0, 0)
609.3144 	EXP 	responser: foreColor = (0, 0, 0)
609.3311 	EXP 	responser: foreColor = (0, 0, 0)
609.3477 	EXP 	responser: foreColor = (0, 0, 0)
609.3644 	EXP 	responser: foreColor = (0, 0, 0)
609.3811 	EXP 	responser: foreColor = (0, 0, 0)
609.3977 	EXP 	responser: foreColor = (0, 0, 0)
609.4144 	EXP 	responser: foreColor = (0, 0, 0)
609.4311 	EXP 	responser: foreColor = (0, 0, 0)
609.4477 	EXP 	responser: foreColor = (0, 0, 0)
609.4644 	EXP 	responser: foreColor = (0, 0, 0)
609.4811 	EXP 	responser: foreColor = (0, 0, 0)
609.4977 	EXP 	responser: foreColor = (0, 0, 0)
609.5144 	EXP 	responser: foreColor = (0, 0, 0)
609.5311 	EXP 	responser: foreColor = (0, 0, 0)
609.5477 	EXP 	responser: foreColor = (0, 0, 0)
609.5644 	EXP 	responser: foreColor = (0, 0, 0)
609.5811 	EXP 	responser: foreColor = (0, 0, 0)
609.5977 	EXP 	responser: foreColor = (0, 0, 0)
609.6144 	EXP 	responser: foreColor = (0, 0, 0)
609.6311 	EXP 	responser: foreColor = (0, 0, 0)
609.6478 	EXP 	responser: foreColor = (0, 0, 0)
609.6644 	EXP 	responser: foreColor = (0, 0, 0)
609.6811 	EXP 	responser: foreColor = (0, 0, 0)
609.6977 	EXP 	responser: foreColor = (0, 0, 0)
609.7144 	EXP 	responser: foreColor = (0, 0, 0)
609.7311 	EXP 	responser: foreColor = (0, 0, 0)
609.7478 	EXP 	responser: foreColor = (0, 0, 0)
609.7645 	EXP 	responser: foreColor = (0, 0, 0)
609.7811 	EXP 	responser: foreColor = (0, 0, 0)
609.7977 	EXP 	responser: foreColor = (0, 0, 0)
609.8145 	EXP 	responser: foreColor = (0, 0, 0)
609.8311 	EXP 	responser: foreColor = (0, 0, 0)
609.8477 	EXP 	responser: foreColor = (0, 0, 0)
609.8645 	EXP 	responser: foreColor = (0, 0, 0)
609.8811 	EXP 	responser: foreColor = (0, 0, 0)
609.8978 	EXP 	responser: foreColor = (0, 0, 0)
609.9145 	EXP 	responser: foreColor = (0, 0, 0)
609.9311 	EXP 	responser: foreColor = (0, 0, 0)
609.9478 	EXP 	responser: foreColor = (0, 0, 0)
609.9645 	EXP 	responser: foreColor = (0, 0, 0)
609.9811 	EXP 	responser: foreColor = (0, 0, 0)
609.9978 	EXP 	responser: foreColor = (0, 0, 0)
610.0145 	EXP 	responser: foreColor = (0, 0, 0)
610.0311 	EXP 	responser: foreColor = (0, 0, 0)
610.0478 	EXP 	responser: foreColor = (0, 0, 0)
610.0645 	EXP 	responser: foreColor = (0, 0, 0)
610.0811 	EXP 	responser: foreColor = (0, 0, 0)
610.0978 	EXP 	responser: foreColor = (0, 0, 0)
610.1145 	EXP 	responser: foreColor = (0, 0, 0)
610.1311 	EXP 	responser: foreColor = (0, 0, 0)
610.1478 	EXP 	responser: foreColor = (0, 0, 0)
610.1645 	EXP 	responser: foreColor = (0, 0, 0)
610.1811 	EXP 	responser: foreColor = (0, 0, 0)
610.1978 	EXP 	responser: foreColor = (0, 0, 0)
610.2145 	EXP 	responser: foreColor = (0, 0, 0)
610.2311 	EXP 	responser: foreColor = (0, 0, 0)
610.2478 	EXP 	responser: foreColor = (0, 0, 0)
610.2645 	EXP 	responser: foreColor = (0, 0, 0)
610.2811 	EXP 	responser: foreColor = (0, 0, 0)
610.2977 	EXP 	responser: foreColor = (0, 0, 0)
610.3145 	EXP 	responser: foreColor = (0, 0, 0)
610.3311 	EXP 	responser: foreColor = (0, 0, 0)
610.3478 	EXP 	responser: foreColor = (0, 0, 0)
610.3645 	EXP 	responser: foreColor = (0, 0, 0)
610.3811 	EXP 	responser: foreColor = (0, 0, 0)
610.3811 	EXP 	thermode_locali_pic: autoDraw = False
610.3978 	EXP 	responser: foreColor = (0, 0, 0)
610.4145 	EXP 	responser: foreColor = (0, 0, 0)
610.4311 	EXP 	responser: foreColor = (0, 0, 0)
610.4478 	EXP 	responser: foreColor = (0, 0, 0)
610.4645 	EXP 	responser: foreColor = (0, 0, 0)
610.4811 	EXP 	responser: foreColor = (0, 0, 0)
610.4978 	EXP 	responser: foreColor = (0, 0, 0)
610.5145 	EXP 	responser: foreColor = (0, 0, 0)
610.5311 	EXP 	responser: foreColor = (0, 0, 0)
610.5478 	EXP 	responser: foreColor = (0, 0, 0)
610.5645 	EXP 	responser: foreColor = (0, 0, 0)
610.5811 	EXP 	responser: foreColor = (0, 0, 0)
610.5978 	EXP 	responser: foreColor = (0, 0, 0)
610.6145 	EXP 	responser: foreColor = (0, 0, 0)
610.6311 	EXP 	responser: foreColor = (0, 0, 0)
610.6478 	EXP 	responser: foreColor = (0, 0, 0)
610.6644 	EXP 	responser: foreColor = (0, 0, 0)
610.6811 	EXP 	responser: foreColor = (0, 0, 0)
610.6978 	EXP 	responser: foreColor = (0, 0, 0)
610.7144 	EXP 	responser: foreColor = (0, 0, 0)
610.7311 	EXP 	responser: foreColor = (0, 0, 0)
610.7478 	EXP 	responser: foreColor = (0, 0, 0)
610.7644 	EXP 	responser: foreColor = (0, 0, 0)
610.7811 	EXP 	responser: foreColor = (0, 0, 0)
610.7978 	EXP 	responser: foreColor = (0, 0, 0)
610.8144 	EXP 	responser: foreColor = (0, 0, 0)
610.8311 	EXP 	responser: foreColor = (0, 0, 0)
610.8478 	EXP 	responser: foreColor = (0, 0, 0)
610.8644 	EXP 	responser: foreColor = (0, 0, 0)
610.8811 	EXP 	responser: foreColor = (0, 0, 0)
610.8978 	EXP 	responser: foreColor = (0, 0, 0)
610.9144 	EXP 	responser: foreColor = (0, 0, 0)
610.9311 	EXP 	responser: foreColor = (0, 0, 0)
610.9478 	EXP 	responser: foreColor = (0, 0, 0)
610.9644 	EXP 	responser: foreColor = (0, 0, 0)
610.9811 	EXP 	responser: foreColor = (0, 0, 0)
610.9978 	EXP 	responser: foreColor = (0, 0, 0)
611.0145 	EXP 	responser: foreColor = (0, 0, 0)
611.0311 	EXP 	responser: foreColor = (0, 0, 0)
611.0478 	EXP 	responser: foreColor = (0, 0, 0)
611.0644 	EXP 	responser: foreColor = (0, 0, 0)
611.0811 	EXP 	responser: foreColor = (0, 0, 0)
611.0978 	EXP 	responser: foreColor = (0, 0, 0)
611.1144 	EXP 	responser: foreColor = (0, 0, 0)
611.1311 	EXP 	responser: foreColor = (0, 0, 0)
611.1478 	EXP 	responser: foreColor = (0, 0, 0)
611.1488 	EXP 	New trial (rep=28, index=0): None
611.1644 	EXP 	responser: foreColor = (0, 0, 0)
611.1644 	EXP 	responsel: autoDraw = False
611.1644 	EXP 	percu_or: autoDraw = False
611.1644 	EXP 	responser: autoDraw = False
611.1644 	EXP 	thermode_locali_pic: autoDraw = False
611.1644 	EXP 	responsel: autoDraw = False
611.1644 	EXP 	percu_or: autoDraw = False
611.1644 	EXP 	responser: autoDraw = False
611.1644 	EXP 	responsel: foreColor = 'white'
611.1644 	EXP 	responser: foreColor = 'white'
611.1644 	EXP 	text_pic: autoDraw = True
611.1644 	EXP 	croix_3: autoDraw = True
616.1645 	EXP 	text_pic: autoDraw = False
616.1645 	EXP 	croix_3: autoDraw = False
616.1645 	EXP 	text_pic: autoDraw = False
616.1645 	EXP 	croix_3: autoDraw = False
616.1645 	EXP 	thermode_locali_pic: height = 0.02
616.1645 	EXP 	thermode_locali_pic: height = 0.02
616.1645 	EXP 	thermode_locali_pic: height = 0.02
616.1645 	EXP 	thermode_locali_pic: text = 'T : 0'
616.1645 	EXP 	responsel: text = 'OUI              '
616.1645 	EXP 	thermode_locali_pic: autoDraw = True
624.1480 	EXP 	responsel: autoDraw = True
624.1480 	EXP 	percu_or: autoDraw = True
624.1480 	EXP 	responser: autoDraw = True
624.5159 	DATA 	Keypress: n
624.5480 	EXP 	responser: foreColor = (0, 0, 0)
624.5647 	EXP 	responser: foreColor = (0, 0, 0)
624.5814 	EXP 	responser: foreColor = (0, 0, 0)
624.5980 	EXP 	responser: foreColor = (0, 0, 0)
624.6147 	EXP 	responser: foreColor = (0, 0, 0)
624.6314 	EXP 	responser: foreColor = (0, 0, 0)
624.6480 	EXP 	responser: foreColor = (0, 0, 0)
624.6647 	EXP 	responser: foreColor = (0, 0, 0)
624.6813 	EXP 	responser: foreColor = (0, 0, 0)
624.6980 	EXP 	responser: foreColor = (0, 0, 0)
624.7147 	EXP 	responser: foreColor = (0, 0, 0)
624.7314 	EXP 	responser: foreColor = (0, 0, 0)
624.7480 	EXP 	responser: foreColor = (0, 0, 0)
624.7647 	EXP 	responser: foreColor = (0, 0, 0)
624.7814 	EXP 	responser: foreColor = (0, 0, 0)
624.7980 	EXP 	responser: foreColor = (0, 0, 0)
624.8147 	EXP 	responser: foreColor = (0, 0, 0)
624.8314 	EXP 	responser: foreColor = (0, 0, 0)
624.8480 	EXP 	responser: foreColor = (0, 0, 0)
624.8647 	EXP 	responser: foreColor = (0, 0, 0)
624.8814 	EXP 	responser: foreColor = (0, 0, 0)
624.8980 	EXP 	responser: foreColor = (0, 0, 0)
624.9147 	EXP 	responser: foreColor = (0, 0, 0)
624.9314 	EXP 	responser: foreColor = (0, 0, 0)
624.9480 	EXP 	responser: foreColor = (0, 0, 0)
624.9647 	EXP 	responser: foreColor = (0, 0, 0)
624.9814 	EXP 	responser: foreColor = (0, 0, 0)
624.9980 	EXP 	responser: foreColor = (0, 0, 0)
625.0147 	EXP 	responser: foreColor = (0, 0, 0)
625.0314 	EXP 	responser: foreColor = (0, 0, 0)
625.0480 	EXP 	responser: foreColor = (0, 0, 0)
625.0647 	EXP 	responser: foreColor = (0, 0, 0)
625.0813 	EXP 	responser: foreColor = (0, 0, 0)
625.0980 	EXP 	responser: foreColor = (0, 0, 0)
625.1147 	EXP 	responser: foreColor = (0, 0, 0)
625.1314 	EXP 	responser: foreColor = (0, 0, 0)
625.1480 	EXP 	responser: foreColor = (0, 0, 0)
625.1647 	EXP 	responser: foreColor = (0, 0, 0)
625.1814 	EXP 	responser: foreColor = (0, 0, 0)
625.1980 	EXP 	responser: foreColor = (0, 0, 0)
625.2147 	EXP 	responser: foreColor = (0, 0, 0)
625.2314 	EXP 	responser: foreColor = (0, 0, 0)
625.2480 	EXP 	responser: foreColor = (0, 0, 0)
625.2647 	EXP 	responser: foreColor = (0, 0, 0)
625.2814 	EXP 	responser: foreColor = (0, 0, 0)
625.2980 	EXP 	responser: foreColor = (0, 0, 0)
625.3147 	EXP 	responser: foreColor = (0, 0, 0)
625.3314 	EXP 	responser: foreColor = (0, 0, 0)
625.3480 	EXP 	responser: foreColor = (0, 0, 0)
625.3647 	EXP 	responser: foreColor = (0, 0, 0)
625.3814 	EXP 	responser: foreColor = (0, 0, 0)
625.3980 	EXP 	responser: foreColor = (0, 0, 0)
625.4147 	EXP 	responser: foreColor = (0, 0, 0)
625.4314 	EXP 	responser: foreColor = (0, 0, 0)
625.4481 	EXP 	responser: foreColor = (0, 0, 0)
625.4647 	EXP 	responser: foreColor = (0, 0, 0)
625.4813 	EXP 	responser: foreColor = (0, 0, 0)
625.4980 	EXP 	responser: foreColor = (0, 0, 0)
625.5147 	EXP 	responser: foreColor = (0, 0, 0)
625.5314 	EXP 	responser: foreColor = (0, 0, 0)
625.5480 	EXP 	responser: foreColor = (0, 0, 0)
625.5647 	EXP 	responser: foreColor = (0, 0, 0)
625.5814 	EXP 	responser: foreColor = (0, 0, 0)
625.5980 	EXP 	responser: foreColor = (0, 0, 0)
625.6147 	EXP 	responser: foreColor = (0, 0, 0)
625.6314 	EXP 	responser: foreColor = (0, 0, 0)
625.6480 	EXP 	responser: foreColor = (0, 0, 0)
625.6647 	EXP 	responser: foreColor = (0, 0, 0)
625.6814 	EXP 	responser: foreColor = (0, 0, 0)
625.6980 	EXP 	responser: foreColor = (0, 0, 0)
625.7147 	EXP 	responser: foreColor = (0, 0, 0)
625.7314 	EXP 	responser: foreColor = (0, 0, 0)
625.7481 	EXP 	responser: foreColor = (0, 0, 0)
625.7647 	EXP 	responser: foreColor = (0, 0, 0)
625.7814 	EXP 	responser: foreColor = (0, 0, 0)
625.7981 	EXP 	responser: foreColor = (0, 0, 0)
625.8147 	EXP 	responser: foreColor = (0, 0, 0)
625.8314 	EXP 	responser: foreColor = (0, 0, 0)
625.8480 	EXP 	responser: foreColor = (0, 0, 0)
625.8647 	EXP 	responser: foreColor = (0, 0, 0)
625.8814 	EXP 	responser: foreColor = (0, 0, 0)
625.8980 	EXP 	responser: foreColor = (0, 0, 0)
625.9147 	EXP 	responser: foreColor = (0, 0, 0)
625.9314 	EXP 	responser: foreColor = (0, 0, 0)
625.9481 	EXP 	responser: foreColor = (0, 0, 0)
625.9647 	EXP 	responser: foreColor = (0, 0, 0)
625.9814 	EXP 	responser: foreColor = (0, 0, 0)
625.9981 	EXP 	responser: foreColor = (0, 0, 0)
626.0147 	EXP 	responser: foreColor = (0, 0, 0)
626.0314 	EXP 	responser: foreColor = (0, 0, 0)
626.0481 	EXP 	responser: foreColor = (0, 0, 0)
626.0647 	EXP 	responser: foreColor = (0, 0, 0)
626.0814 	EXP 	responser: foreColor = (0, 0, 0)
626.0981 	EXP 	responser: foreColor = (0, 0, 0)
626.1147 	EXP 	responser: foreColor = (0, 0, 0)
626.1314 	EXP 	responser: foreColor = (0, 0, 0)
626.1481 	EXP 	responser: foreColor = (0, 0, 0)
626.1647 	EXP 	responser: foreColor = (0, 0, 0)
626.1814 	EXP 	responser: foreColor = (0, 0, 0)
626.1980 	EXP 	responser: foreColor = (0, 0, 0)
626.2147 	EXP 	responser: foreColor = (0, 0, 0)
626.2314 	EXP 	responser: foreColor = (0, 0, 0)
626.2481 	EXP 	responser: foreColor = (0, 0, 0)
626.2647 	EXP 	responser: foreColor = (0, 0, 0)
626.2814 	EXP 	responser: foreColor = (0, 0, 0)
626.2980 	EXP 	responser: foreColor = (0, 0, 0)
626.3147 	EXP 	responser: foreColor = (0, 0, 0)
626.3314 	EXP 	responser: foreColor = (0, 0, 0)
626.3481 	EXP 	responser: foreColor = (0, 0, 0)
626.3647 	EXP 	responser: foreColor = (0, 0, 0)
626.3647 	EXP 	thermode_locali_pic: autoDraw = False
626.3814 	EXP 	responser: foreColor = (0, 0, 0)
626.3981 	EXP 	responser: foreColor = (0, 0, 0)
626.4147 	EXP 	responser: foreColor = (0, 0, 0)
626.4314 	EXP 	responser: foreColor = (0, 0, 0)
626.4481 	EXP 	responser: foreColor = (0, 0, 0)
626.4647 	EXP 	responser: foreColor = (0, 0, 0)
626.4814 	EXP 	responser: foreColor = (0, 0, 0)
626.4981 	EXP 	responser: foreColor = (0, 0, 0)
626.5147 	EXP 	responser: foreColor = (0, 0, 0)
626.5314 	EXP 	responser: foreColor = (0, 0, 0)
626.5481 	EXP 	responser: foreColor = (0, 0, 0)
626.5647 	EXP 	responser: foreColor = (0, 0, 0)
626.5814 	EXP 	responser: foreColor = (0, 0, 0)
626.5981 	EXP 	responser: foreColor = (0, 0, 0)
626.6147 	EXP 	responser: foreColor = (0, 0, 0)
626.6314 	EXP 	responser: foreColor = (0, 0, 0)
626.6481 	EXP 	responser: foreColor = (0, 0, 0)
626.6647 	EXP 	responser: foreColor = (0, 0, 0)
626.6814 	EXP 	responser: foreColor = (0, 0, 0)
626.6981 	EXP 	responser: foreColor = (0, 0, 0)
626.7147 	EXP 	responser: foreColor = (0, 0, 0)
626.7314 	EXP 	responser: foreColor = (0, 0, 0)
626.7481 	EXP 	responser: foreColor = (0, 0, 0)
626.7647 	EXP 	responser: foreColor = (0, 0, 0)
626.7814 	EXP 	responser: foreColor = (0, 0, 0)
626.7981 	EXP 	responser: foreColor = (0, 0, 0)
626.8147 	EXP 	responser: foreColor = (0, 0, 0)
626.8314 	EXP 	responser: foreColor = (0, 0, 0)
626.8481 	EXP 	responser: foreColor = (0, 0, 0)
626.8647 	EXP 	responser: foreColor = (0, 0, 0)
626.8814 	EXP 	responser: foreColor = (0, 0, 0)
626.8981 	EXP 	responser: foreColor = (0, 0, 0)
626.9147 	EXP 	responser: foreColor = (0, 0, 0)
626.9314 	EXP 	responser: foreColor = (0, 0, 0)
626.9481 	EXP 	responser: foreColor = (0, 0, 0)
626.9647 	EXP 	responser: foreColor = (0, 0, 0)
626.9814 	EXP 	responser: foreColor = (0, 0, 0)
626.9981 	EXP 	responser: foreColor = (0, 0, 0)
627.0147 	EXP 	responser: foreColor = (0, 0, 0)
627.0314 	EXP 	responser: foreColor = (0, 0, 0)
627.0481 	EXP 	responser: foreColor = (0, 0, 0)
627.0647 	EXP 	responser: foreColor = (0, 0, 0)
627.0814 	EXP 	responser: foreColor = (0, 0, 0)
627.0981 	EXP 	responser: foreColor = (0, 0, 0)
627.1147 	EXP 	responser: foreColor = (0, 0, 0)
627.1314 	EXP 	responser: foreColor = (0, 0, 0)
627.1324 	EXP 	New trial (rep=29, index=0): None
627.1481 	EXP 	responser: foreColor = (0, 0, 0)
627.1481 	EXP 	responsel: autoDraw = False
627.1481 	EXP 	percu_or: autoDraw = False
627.1481 	EXP 	responser: autoDraw = False
627.1481 	EXP 	thermode_locali_pic: autoDraw = False
627.1481 	EXP 	responsel: autoDraw = False
627.1481 	EXP 	percu_or: autoDraw = False
627.1481 	EXP 	responser: autoDraw = False
627.1481 	EXP 	responsel: foreColor = 'white'
627.1481 	EXP 	responser: foreColor = 'white'
627.1481 	EXP 	text_pic: autoDraw = True
627.1481 	EXP 	croix_3: autoDraw = True
632.1481 	EXP 	text_pic: autoDraw = False
632.1481 	EXP 	croix_3: autoDraw = False
632.1481 	EXP 	text_pic: autoDraw = False
632.1481 	EXP 	croix_3: autoDraw = False
632.1481 	EXP 	thermode_locali_pic: height = 0.02
632.1481 	EXP 	thermode_locali_pic: height = 0.02
632.1481 	EXP 	thermode_locali_pic: height = 0.02
632.1481 	EXP 	thermode_locali_pic: text = 'T : 1'
632.1481 	EXP 	responsel: text = 'OUI              '
632.1481 	EXP 	thermode_locali_pic: autoDraw = True
640.1315 	EXP 	responsel: autoDraw = True
640.1315 	EXP 	percu_or: autoDraw = True
640.1315 	EXP 	responser: autoDraw = True
640.4993 	DATA 	Keypress: n
640.5316 	EXP 	responser: foreColor = (0, 0, 0)
640.5482 	EXP 	responser: foreColor = (0, 0, 0)
640.5649 	EXP 	responser: foreColor = (0, 0, 0)
640.5816 	EXP 	responser: foreColor = (0, 0, 0)
640.5982 	EXP 	responser: foreColor = (0, 0, 0)
640.6149 	EXP 	responser: foreColor = (0, 0, 0)
640.6315 	EXP 	responser: foreColor = (0, 0, 0)
640.6482 	EXP 	responser: foreColor = (0, 0, 0)
640.6649 	EXP 	responser: foreColor = (0, 0, 0)
640.6815 	EXP 	responser: foreColor = (0, 0, 0)
640.6982 	EXP 	responser: foreColor = (0, 0, 0)
640.7149 	EXP 	responser: foreColor = (0, 0, 0)
640.7315 	EXP 	responser: foreColor = (0, 0, 0)
640.7482 	EXP 	responser: foreColor = (0, 0, 0)
640.7649 	EXP 	responser: foreColor = (0, 0, 0)
640.7815 	EXP 	responser: foreColor = (0, 0, 0)
640.7982 	EXP 	responser: foreColor = (0, 0, 0)
640.8149 	EXP 	responser: foreColor = (0, 0, 0)
640.8315 	EXP 	responser: foreColor = (0, 0, 0)
640.8482 	EXP 	responser: foreColor = (0, 0, 0)
640.8649 	EXP 	responser: foreColor = (0, 0, 0)
640.8816 	EXP 	responser: foreColor = (0, 0, 0)
640.8982 	EXP 	responser: foreColor = (0, 0, 0)
640.9149 	EXP 	responser: foreColor = (0, 0, 0)
640.9315 	EXP 	responser: foreColor = (0, 0, 0)
640.9482 	EXP 	responser: foreColor = (0, 0, 0)
640.9648 	EXP 	responser: foreColor = (0, 0, 0)
640.9815 	EXP 	responser: foreColor = (0, 0, 0)
640.9982 	EXP 	responser: foreColor = (0, 0, 0)
641.0148 	EXP 	responser: foreColor = (0, 0, 0)
641.0314 	EXP 	responser: foreColor = (0, 0, 0)
641.0481 	EXP 	responser: foreColor = (0, 0, 0)
641.0648 	EXP 	responser: foreColor = (0, 0, 0)
641.0814 	EXP 	responser: foreColor = (0, 0, 0)
641.0981 	EXP 	responser: foreColor = (0, 0, 0)
641.1148 	EXP 	responser: foreColor = (0, 0, 0)
641.1314 	EXP 	responser: foreColor = (0, 0, 0)
641.1481 	EXP 	responser: foreColor = (0, 0, 0)
641.1648 	EXP 	responser: foreColor = (0, 0, 0)
641.1814 	EXP 	responser: foreColor = (0, 0, 0)
641.1981 	EXP 	responser: foreColor = (0, 0, 0)
641.2148 	EXP 	responser: foreColor = (0, 0, 0)
641.2314 	EXP 	responser: foreColor = (0, 0, 0)
641.2481 	EXP 	responser: foreColor = (0, 0, 0)
641.2648 	EXP 	responser: foreColor = (0, 0, 0)
641.2815 	EXP 	responser: foreColor = (0, 0, 0)
641.2981 	EXP 	responser: foreColor = (0, 0, 0)
641.3148 	EXP 	responser: foreColor = (0, 0, 0)
641.3315 	EXP 	responser: foreColor = (0, 0, 0)
641.3481 	EXP 	responser: foreColor = (0, 0, 0)
641.3648 	EXP 	responser: foreColor = (0, 0, 0)
641.3815 	EXP 	responser: foreColor = (0, 0, 0)
641.3981 	EXP 	responser: foreColor = (0, 0, 0)
641.4148 	EXP 	responser: foreColor = (0, 0, 0)
641.4314 	EXP 	responser: foreColor = (0, 0, 0)
641.4481 	EXP 	responser: foreColor = (0, 0, 0)
641.4648 	EXP 	responser: foreColor = (0, 0, 0)
641.4814 	EXP 	responser: foreColor = (0, 0, 0)
641.4981 	EXP 	responser: foreColor = (0, 0, 0)
641.5148 	EXP 	responser: foreColor = (0, 0, 0)
641.5314 	EXP 	responser: foreColor = (0, 0, 0)
641.5481 	EXP 	responser: foreColor = (0, 0, 0)
641.5648 	EXP 	responser: foreColor = (0, 0, 0)
641.5814 	EXP 	responser: foreColor = (0, 0, 0)
641.5981 	EXP 	responser: foreColor = (0, 0, 0)
641.6148 	EXP 	responser: foreColor = (0, 0, 0)
641.6314 	EXP 	responser: foreColor = (0, 0, 0)
641.6481 	EXP 	responser: foreColor = (0, 0, 0)
641.6648 	EXP 	responser: foreColor = (0, 0, 0)
641.6814 	EXP 	responser: foreColor = (0, 0, 0)
641.6981 	EXP 	responser: foreColor = (0, 0, 0)
641.7148 	EXP 	responser: foreColor = (0, 0, 0)
641.7315 	EXP 	responser: foreColor = (0, 0, 0)
641.7481 	EXP 	responser: foreColor = (0, 0, 0)
641.7648 	EXP 	responser: foreColor = (0, 0, 0)
641.7814 	EXP 	responser: foreColor = (0, 0, 0)
641.7981 	EXP 	responser: foreColor = (0, 0, 0)
641.8148 	EXP 	responser: foreColor = (0, 0, 0)
641.8314 	EXP 	responser: foreColor = (0, 0, 0)
641.8481 	EXP 	responser: foreColor = (0, 0, 0)
641.8648 	EXP 	responser: foreColor = (0, 0, 0)
641.8814 	EXP 	responser: foreColor = (0, 0, 0)
641.8981 	EXP 	responser: foreColor = (0, 0, 0)
641.9148 	EXP 	responser: foreColor = (0, 0, 0)
641.9314 	EXP 	responser: foreColor = (0, 0, 0)
641.9481 	EXP 	responser: foreColor = (0, 0, 0)
641.9648 	EXP 	responser: foreColor = (0, 0, 0)
641.9815 	EXP 	responser: foreColor = (0, 0, 0)
641.9981 	EXP 	responser: foreColor = (0, 0, 0)
642.0148 	EXP 	responser: foreColor = (0, 0, 0)
642.0314 	EXP 	responser: foreColor = (0, 0, 0)
642.0481 	EXP 	responser: foreColor = (0, 0, 0)
642.0648 	EXP 	responser: foreColor = (0, 0, 0)
642.0814 	EXP 	responser: foreColor = (0, 0, 0)
642.0981 	EXP 	responser: foreColor = (0, 0, 0)
642.1149 	EXP 	responser: foreColor = (0, 0, 0)
642.1315 	EXP 	responser: foreColor = (0, 0, 0)
642.1481 	EXP 	responser: foreColor = (0, 0, 0)
642.1648 	EXP 	responser: foreColor = (0, 0, 0)
642.1815 	EXP 	responser: foreColor = (0, 0, 0)
642.1981 	EXP 	responser: foreColor = (0, 0, 0)
642.2148 	EXP 	responser: foreColor = (0, 0, 0)
642.2315 	EXP 	responser: foreColor = (0, 0, 0)
642.2482 	EXP 	responser: foreColor = (0, 0, 0)
642.2649 	EXP 	responser: foreColor = (0, 0, 0)
642.2816 	EXP 	responser: foreColor = (0, 0, 0)
642.2982 	EXP 	responser: foreColor = (0, 0, 0)
642.3149 	EXP 	responser: foreColor = (0, 0, 0)
642.3316 	EXP 	responser: foreColor = (0, 0, 0)
642.3482 	EXP 	responser: foreColor = (0, 0, 0)
642.3482 	EXP 	thermode_locali_pic: autoDraw = False
642.3649 	EXP 	responser: foreColor = (0, 0, 0)
642.3816 	EXP 	responser: foreColor = (0, 0, 0)
642.3982 	EXP 	responser: foreColor = (0, 0, 0)
642.4149 	EXP 	responser: foreColor = (0, 0, 0)
642.4316 	EXP 	responser: foreColor = (0, 0, 0)
642.4482 	EXP 	responser: foreColor = (0, 0, 0)
642.4649 	EXP 	responser: foreColor = (0, 0, 0)
642.4816 	EXP 	responser: foreColor = (0, 0, 0)
642.4982 	EXP 	responser: foreColor = (0, 0, 0)
642.5149 	EXP 	responser: foreColor = (0, 0, 0)
642.5315 	EXP 	responser: foreColor = (0, 0, 0)
642.5482 	EXP 	responser: foreColor = (0, 0, 0)
642.5649 	EXP 	responser: foreColor = (0, 0, 0)
642.5816 	EXP 	responser: foreColor = (0, 0, 0)
642.5982 	EXP 	responser: foreColor = (0, 0, 0)
642.6149 	EXP 	responser: foreColor = (0, 0, 0)
642.6316 	EXP 	responser: foreColor = (0, 0, 0)
642.6482 	EXP 	responser: foreColor = (0, 0, 0)
642.6649 	EXP 	responser: foreColor = (0, 0, 0)
642.6816 	EXP 	responser: foreColor = (0, 0, 0)
642.6982 	EXP 	responser: foreColor = (0, 0, 0)
642.7149 	EXP 	responser: foreColor = (0, 0, 0)
642.7316 	EXP 	responser: foreColor = (0, 0, 0)
642.7482 	EXP 	responser: foreColor = (0, 0, 0)
642.7649 	EXP 	responser: foreColor = (0, 0, 0)
642.7816 	EXP 	responser: foreColor = (0, 0, 0)
642.7982 	EXP 	responser: foreColor = (0, 0, 0)
642.8149 	EXP 	responser: foreColor = (0, 0, 0)
642.8316 	EXP 	responser: foreColor = (0, 0, 0)
642.8482 	EXP 	responser: foreColor = (0, 0, 0)
642.8649 	EXP 	responser: foreColor = (0, 0, 0)
642.8816 	EXP 	responser: foreColor = (0, 0, 0)
642.8982 	EXP 	responser: foreColor = (0, 0, 0)
642.9149 	EXP 	responser: foreColor = (0, 0, 0)
642.9315 	EXP 	responser: foreColor = (0, 0, 0)
642.9482 	EXP 	responser: foreColor = (0, 0, 0)
642.9649 	EXP 	responser: foreColor = (0, 0, 0)
642.9816 	EXP 	responser: foreColor = (0, 0, 0)
642.9982 	EXP 	responser: foreColor = (0, 0, 0)
643.0149 	EXP 	responser: foreColor = (0, 0, 0)
643.0316 	EXP 	responser: foreColor = (0, 0, 0)
643.0482 	EXP 	responser: foreColor = (0, 0, 0)
643.0649 	EXP 	responser: foreColor = (0, 0, 0)
643.0816 	EXP 	responser: foreColor = (0, 0, 0)
643.0982 	EXP 	responser: foreColor = (0, 0, 0)
643.1149 	EXP 	responser: foreColor = (0, 0, 0)
643.1158 	EXP 	New trial (rep=30, index=0): None
643.1316 	EXP 	responser: foreColor = (0, 0, 0)
643.1316 	EXP 	responsel: autoDraw = False
643.1316 	EXP 	percu_or: autoDraw = False
643.1316 	EXP 	responser: autoDraw = False
643.1316 	EXP 	thermode_locali_pic: autoDraw = False
643.1316 	EXP 	responsel: autoDraw = False
643.1316 	EXP 	percu_or: autoDraw = False
643.1316 	EXP 	responser: autoDraw = False
643.1316 	EXP 	responsel: foreColor = 'white'
643.1316 	EXP 	responser: foreColor = 'white'
643.1316 	EXP 	text_pic: autoDraw = True
643.1316 	EXP 	croix_3: autoDraw = True
648.1316 	EXP 	text_pic: autoDraw = False
648.1316 	EXP 	croix_3: autoDraw = False
648.1316 	EXP 	text_pic: autoDraw = False
648.1316 	EXP 	croix_3: autoDraw = False
648.1316 	EXP 	thermode_locali_pic: height = 0.02
648.1316 	EXP 	thermode_locali_pic: height = 0.02
648.1316 	EXP 	thermode_locali_pic: height = 0.02
648.1316 	EXP 	thermode_locali_pic: text = 'T : 2'
648.1316 	EXP 	responsel: text = 'OUI              '
648.1316 	EXP 	thermode_locali_pic: autoDraw = True
656.1149 	EXP 	responsel: autoDraw = True
656.1149 	EXP 	percu_or: autoDraw = True
656.1149 	EXP 	responser: autoDraw = True
656.7160 	DATA 	Keypress: m
656.7484 	EXP 	responsel: foreColor = (0, 0, 0)
656.7651 	EXP 	responsel: foreColor = (0, 0, 0)
656.7817 	EXP 	responsel: foreColor = (0, 0, 0)
656.7984 	EXP 	responsel: foreColor = (0, 0, 0)
656.8151 	EXP 	responsel: foreColor = (0, 0, 0)
656.8317 	EXP 	responsel: foreColor = (0, 0, 0)
656.8484 	EXP 	responsel: foreColor = (0, 0, 0)
656.8651 	EXP 	responsel: foreColor = (0, 0, 0)
656.8817 	EXP 	responsel: foreColor = (0, 0, 0)
656.8984 	EXP 	responsel: foreColor = (0, 0, 0)
656.9151 	EXP 	responsel: foreColor = (0, 0, 0)
656.9317 	EXP 	responsel: foreColor = (0, 0, 0)
656.9484 	EXP 	responsel: foreColor = (0, 0, 0)
656.9651 	EXP 	responsel: foreColor = (0, 0, 0)
656.9817 	EXP 	responsel: foreColor = (0, 0, 0)
656.9984 	EXP 	responsel: foreColor = (0, 0, 0)
657.0151 	EXP 	responsel: foreColor = (0, 0, 0)
657.0317 	EXP 	responsel: foreColor = (0, 0, 0)
657.0484 	EXP 	responsel: foreColor = (0, 0, 0)
657.0651 	EXP 	responsel: foreColor = (0, 0, 0)
657.0817 	EXP 	responsel: foreColor = (0, 0, 0)
657.0984 	EXP 	responsel: foreColor = (0, 0, 0)
657.1151 	EXP 	responsel: foreColor = (0, 0, 0)
657.1317 	EXP 	responsel: foreColor = (0, 0, 0)
657.1484 	EXP 	responsel: foreColor = (0, 0, 0)
657.1651 	EXP 	responsel: foreColor = (0, 0, 0)
657.1817 	EXP 	responsel: foreColor = (0, 0, 0)
657.1984 	EXP 	responsel: foreColor = (0, 0, 0)
657.2151 	EXP 	responsel: foreColor = (0, 0, 0)
657.2317 	EXP 	responsel: foreColor = (0, 0, 0)
657.2484 	EXP 	responsel: foreColor = (0, 0, 0)
657.2651 	EXP 	responsel: foreColor = (0, 0, 0)
657.2817 	EXP 	responsel: foreColor = (0, 0, 0)
657.2983 	EXP 	responsel: foreColor = (0, 0, 0)
657.3150 	EXP 	responsel: foreColor = (0, 0, 0)
657.3316 	EXP 	responsel: foreColor = (0, 0, 0)
657.3483 	EXP 	responsel: foreColor = (0, 0, 0)
657.3650 	EXP 	responsel: foreColor = (0, 0, 0)
657.3816 	EXP 	responsel: foreColor = (0, 0, 0)
657.3983 	EXP 	responsel: foreColor = (0, 0, 0)
657.4150 	EXP 	responsel: foreColor = (0, 0, 0)
657.4316 	EXP 	responsel: foreColor = (0, 0, 0)
657.4483 	EXP 	responsel: foreColor = (0, 0, 0)
657.4650 	EXP 	responsel: foreColor = (0, 0, 0)
657.4816 	EXP 	responsel: foreColor = (0, 0, 0)
657.4983 	EXP 	responsel: foreColor = (0, 0, 0)
657.5150 	EXP 	responsel: foreColor = (0, 0, 0)
657.5316 	EXP 	responsel: foreColor = (0, 0, 0)
657.5483 	EXP 	responsel: foreColor = (0, 0, 0)
657.5650 	EXP 	responsel: foreColor = (0, 0, 0)
657.5816 	EXP 	responsel: foreColor = (0, 0, 0)
657.5983 	EXP 	responsel: foreColor = (0, 0, 0)
657.6150 	EXP 	responsel: foreColor = (0, 0, 0)
657.6316 	EXP 	responsel: foreColor = (0, 0, 0)
657.6483 	EXP 	responsel: foreColor = (0, 0, 0)
657.6650 	EXP 	responsel: foreColor = (0, 0, 0)
657.6816 	EXP 	responsel: foreColor = (0, 0, 0)
657.6983 	EXP 	responsel: foreColor = (0, 0, 0)
657.7150 	EXP 	responsel: foreColor = (0, 0, 0)
657.7316 	EXP 	responsel: foreColor = (0, 0, 0)
657.7483 	EXP 	responsel: foreColor = (0, 0, 0)
657.7650 	EXP 	responsel: foreColor = (0, 0, 0)
657.7816 	EXP 	responsel: foreColor = (0, 0, 0)
657.7983 	EXP 	responsel: foreColor = (0, 0, 0)
657.8150 	EXP 	responsel: foreColor = (0, 0, 0)
657.8316 	EXP 	responsel: foreColor = (0, 0, 0)
657.8483 	EXP 	responsel: foreColor = (0, 0, 0)
657.8650 	EXP 	responsel: foreColor = (0, 0, 0)
657.8816 	EXP 	responsel: foreColor = (0, 0, 0)
657.8983 	EXP 	responsel: foreColor = (0, 0, 0)
657.9150 	EXP 	responsel: foreColor = (0, 0, 0)
657.9316 	EXP 	responsel: foreColor = (0, 0, 0)
657.9483 	EXP 	responsel: foreColor = (0, 0, 0)
657.9650 	EXP 	responsel: foreColor = (0, 0, 0)
657.9816 	EXP 	responsel: foreColor = (0, 0, 0)
657.9983 	EXP 	responsel: foreColor = (0, 0, 0)
658.0150 	EXP 	responsel: foreColor = (0, 0, 0)
658.0316 	EXP 	responsel: foreColor = (0, 0, 0)
658.0483 	EXP 	responsel: foreColor = (0, 0, 0)
658.0650 	EXP 	responsel: foreColor = (0, 0, 0)
658.0816 	EXP 	responsel: foreColor = (0, 0, 0)
658.0983 	EXP 	responsel: foreColor = (0, 0, 0)
658.1150 	EXP 	responsel: foreColor = (0, 0, 0)
658.1316 	EXP 	responsel: foreColor = (0, 0, 0)
658.1483 	EXP 	responsel: foreColor = (0, 0, 0)
658.1650 	EXP 	responsel: foreColor = (0, 0, 0)
658.1816 	EXP 	responsel: foreColor = (0, 0, 0)
658.1983 	EXP 	responsel: foreColor = (0, 0, 0)
658.2150 	EXP 	responsel: foreColor = (0, 0, 0)
658.2316 	EXP 	responsel: foreColor = (0, 0, 0)
658.2484 	EXP 	responsel: foreColor = (0, 0, 0)
658.2650 	EXP 	responsel: foreColor = (0, 0, 0)
658.2818 	EXP 	responsel: foreColor = (0, 0, 0)
658.2984 	EXP 	responsel: foreColor = (0, 0, 0)
658.3151 	EXP 	responsel: foreColor = (0, 0, 0)
658.3318 	EXP 	responsel: foreColor = (0, 0, 0)
658.3318 	EXP 	thermode_locali_pic: autoDraw = False
658.3484 	EXP 	responsel: foreColor = (0, 0, 0)
658.3651 	EXP 	responsel: foreColor = (0, 0, 0)
658.3818 	EXP 	responsel: foreColor = (0, 0, 0)
658.3984 	EXP 	responsel: foreColor = (0, 0, 0)
658.4151 	EXP 	responsel: foreColor = (0, 0, 0)
658.4318 	EXP 	responsel: foreColor = (0, 0, 0)
658.4484 	EXP 	responsel: foreColor = (0, 0, 0)
658.4651 	EXP 	responsel: foreColor = (0, 0, 0)
658.4818 	EXP 	responsel: foreColor = (0, 0, 0)
658.4984 	EXP 	responsel: foreColor = (0, 0, 0)
658.5151 	EXP 	responsel: foreColor = (0, 0, 0)
658.5318 	EXP 	responsel: foreColor = (0, 0, 0)
658.5484 	EXP 	responsel: foreColor = (0, 0, 0)
658.5651 	EXP 	responsel: foreColor = (0, 0, 0)
658.5817 	EXP 	responsel: foreColor = (0, 0, 0)
658.5984 	EXP 	responsel: foreColor = (0, 0, 0)
658.6150 	EXP 	responsel: foreColor = (0, 0, 0)
658.6318 	EXP 	responsel: foreColor = (0, 0, 0)
658.6484 	EXP 	responsel: foreColor = (0, 0, 0)
658.6651 	EXP 	responsel: foreColor = (0, 0, 0)
658.6818 	EXP 	responsel: foreColor = (0, 0, 0)
658.6984 	EXP 	responsel: foreColor = (0, 0, 0)
658.7151 	EXP 	responsel: foreColor = (0, 0, 0)
658.7318 	EXP 	responsel: foreColor = (0, 0, 0)
658.7484 	EXP 	responsel: foreColor = (0, 0, 0)
658.7651 	EXP 	responsel: foreColor = (0, 0, 0)
658.7818 	EXP 	responsel: foreColor = (0, 0, 0)
658.7984 	EXP 	responsel: foreColor = (0, 0, 0)
658.8151 	EXP 	responsel: foreColor = (0, 0, 0)
658.8318 	EXP 	responsel: foreColor = (0, 0, 0)
658.8484 	EXP 	responsel: foreColor = (0, 0, 0)
658.8651 	EXP 	responsel: foreColor = (0, 0, 0)
658.8818 	EXP 	responsel: foreColor = (0, 0, 0)
658.8984 	EXP 	responsel: foreColor = (0, 0, 0)
658.9151 	EXP 	responsel: foreColor = (0, 0, 0)
658.9317 	EXP 	responsel: foreColor = (0, 0, 0)
658.9484 	EXP 	responsel: foreColor = (0, 0, 0)
658.9651 	EXP 	responsel: foreColor = (0, 0, 0)
658.9818 	EXP 	responsel: foreColor = (0, 0, 0)
658.9984 	EXP 	responsel: foreColor = (0, 0, 0)
659.0151 	EXP 	responsel: foreColor = (0, 0, 0)
659.0318 	EXP 	responsel: foreColor = (0, 0, 0)
659.0484 	EXP 	responsel: foreColor = (0, 0, 0)
659.0651 	EXP 	responsel: foreColor = (0, 0, 0)
659.0818 	EXP 	responsel: foreColor = (0, 0, 0)
659.0984 	EXP 	responsel: foreColor = (0, 0, 0)
659.0994 	EXP 	New trial (rep=31, index=0): None
659.1151 	EXP 	responsel: foreColor = (0, 0, 0)
659.1151 	EXP 	responsel: autoDraw = False
659.1151 	EXP 	percu_or: autoDraw = False
659.1151 	EXP 	responser: autoDraw = False
659.1151 	EXP 	thermode_locali_pic: autoDraw = False
659.1151 	EXP 	responsel: autoDraw = False
659.1151 	EXP 	percu_or: autoDraw = False
659.1151 	EXP 	responser: autoDraw = False
659.1151 	EXP 	responsel: foreColor = 'white'
659.1151 	EXP 	responser: foreColor = 'white'
659.1151 	EXP 	text_pic: autoDraw = True
659.1151 	EXP 	croix_3: autoDraw = True
664.1152 	EXP 	text_pic: autoDraw = False
664.1152 	EXP 	croix_3: autoDraw = False
664.1152 	EXP 	text_pic: autoDraw = False
664.1152 	EXP 	croix_3: autoDraw = False
664.1152 	EXP 	thermode_locali_pic: height = 0.02
664.1152 	EXP 	thermode_locali_pic: height = 0.02
664.1152 	EXP 	thermode_locali_pic: height = 0.02
664.1152 	EXP 	thermode_locali_pic: text = 'T : 3'
664.1152 	EXP 	responsel: text = 'OUI              '
664.1152 	EXP 	thermode_locali_pic: autoDraw = True
672.0986 	EXP 	responsel: autoDraw = True
672.0986 	EXP 	percu_or: autoDraw = True
672.0986 	EXP 	responser: autoDraw = True
672.5329 	DATA 	Keypress: m
672.5652 	EXP 	responsel: foreColor = (0, 0, 0)
672.5818 	EXP 	responsel: foreColor = (0, 0, 0)
672.5985 	EXP 	responsel: foreColor = (0, 0, 0)
672.6152 	EXP 	responsel: foreColor = (0, 0, 0)
672.6318 	EXP 	responsel: foreColor = (0, 0, 0)
672.6485 	EXP 	responsel: foreColor = (0, 0, 0)
672.6651 	EXP 	responsel: foreColor = (0, 0, 0)
672.6818 	EXP 	responsel: foreColor = (0, 0, 0)
672.6985 	EXP 	responsel: foreColor = (0, 0, 0)
672.7151 	EXP 	responsel: foreColor = (0, 0, 0)
672.7318 	EXP 	responsel: foreColor = (0, 0, 0)
672.7485 	EXP 	responsel: foreColor = (0, 0, 0)
672.7651 	EXP 	responsel: foreColor = (0, 0, 0)
672.7818 	EXP 	responsel: foreColor = (0, 0, 0)
672.7985 	EXP 	responsel: foreColor = (0, 0, 0)
672.8151 	EXP 	responsel: foreColor = (0, 0, 0)
672.8318 	EXP 	responsel: foreColor = (0, 0, 0)
672.8485 	EXP 	responsel: foreColor = (0, 0, 0)
672.8651 	EXP 	responsel: foreColor = (0, 0, 0)
672.8818 	EXP 	responsel: foreColor = (0, 0, 0)
672.8985 	EXP 	responsel: foreColor = (0, 0, 0)
672.9151 	EXP 	responsel: foreColor = (0, 0, 0)
672.9318 	EXP 	responsel: foreColor = (0, 0, 0)
672.9485 	EXP 	responsel: foreColor = (0, 0, 0)
672.9651 	EXP 	responsel: foreColor = (0, 0, 0)
672.9818 	EXP 	responsel: foreColor = (0, 0, 0)
672.9985 	EXP 	responsel: foreColor = (0, 0, 0)
673.0151 	EXP 	responsel: foreColor = (0, 0, 0)
673.0318 	EXP 	responsel: foreColor = (0, 0, 0)
673.0486 	EXP 	responsel: foreColor = (0, 0, 0)
673.0653 	EXP 	responsel: foreColor = (0, 0, 0)
673.0819 	EXP 	responsel: foreColor = (0, 0, 0)
673.0986 	EXP 	responsel: foreColor = (0, 0, 0)
673.1153 	EXP 	responsel: foreColor = (0, 0, 0)
673.1318 	EXP 	responsel: foreColor = (0, 0, 0)
673.1484 	EXP 	responsel: foreColor = (0, 0, 0)
673.1651 	EXP 	responsel: foreColor = (0, 0, 0)
673.1818 	EXP 	responsel: foreColor = (0, 0, 0)
673.1985 	EXP 	responsel: foreColor = (0, 0, 0)
673.2151 	EXP 	responsel: foreColor = (0, 0, 0)
673.2318 	EXP 	responsel: foreColor = (0, 0, 0)
673.2485 	EXP 	responsel: foreColor = (0, 0, 0)
673.2651 	EXP 	responsel: foreColor = (0, 0, 0)
673.2818 	EXP 	responsel: foreColor = (0, 0, 0)
673.2985 	EXP 	responsel: foreColor = (0, 0, 0)
673.3151 	EXP 	responsel: foreColor = (0, 0, 0)
673.3318 	EXP 	responsel: foreColor = (0, 0, 0)
673.3485 	EXP 	responsel: foreColor = (0, 0, 0)
673.3651 	EXP 	responsel: foreColor = (0, 0, 0)
673.3818 	EXP 	responsel: foreColor = (0, 0, 0)
673.3985 	EXP 	responsel: foreColor = (0, 0, 0)
673.4151 	EXP 	responsel: foreColor = (0, 0, 0)
673.4318 	EXP 	responsel: foreColor = (0, 0, 0)
673.4485 	EXP 	responsel: foreColor = (0, 0, 0)
673.4651 	EXP 	responsel: foreColor = (0, 0, 0)
673.4818 	EXP 	responsel: foreColor = (0, 0, 0)
673.4985 	EXP 	responsel: foreColor = (0, 0, 0)
673.5151 	EXP 	responsel: foreColor = (0, 0, 0)
673.5318 	EXP 	responsel: foreColor = (0, 0, 0)
673.5485 	EXP 	responsel: foreColor = (0, 0, 0)
673.5651 	EXP 	responsel: foreColor = (0, 0, 0)
673.5818 	EXP 	responsel: foreColor = (0, 0, 0)
673.5985 	EXP 	responsel: foreColor = (0, 0, 0)
673.6151 	EXP 	responsel: foreColor = (0, 0, 0)
673.6318 	EXP 	responsel: foreColor = (0, 0, 0)
673.6485 	EXP 	responsel: foreColor = (0, 0, 0)
673.6651 	EXP 	responsel: foreColor = (0, 0, 0)
673.6818 	EXP 	responsel: foreColor = (0, 0, 0)
673.6985 	EXP 	responsel: foreColor = (0, 0, 0)
673.7151 	EXP 	responsel: foreColor = (0, 0, 0)
673.7318 	EXP 	responsel: foreColor = (0, 0, 0)
673.7485 	EXP 	responsel: foreColor = (0, 0, 0)
673.7651 	EXP 	responsel: foreColor = (0, 0, 0)
673.7818 	EXP 	responsel: foreColor = (0, 0, 0)
673.7985 	EXP 	responsel: foreColor = (0, 0, 0)
673.8151 	EXP 	responsel: foreColor = (0, 0, 0)
673.8318 	EXP 	responsel: foreColor = (0, 0, 0)
673.8485 	EXP 	responsel: foreColor = (0, 0, 0)
673.8651 	EXP 	responsel: foreColor = (0, 0, 0)
673.8818 	EXP 	responsel: foreColor = (0, 0, 0)
673.8985 	EXP 	responsel: foreColor = (0, 0, 0)
673.9151 	EXP 	responsel: foreColor = (0, 0, 0)
673.9318 	EXP 	responsel: foreColor = (0, 0, 0)
673.9485 	EXP 	responsel: foreColor = (0, 0, 0)
673.9651 	EXP 	responsel: foreColor = (0, 0, 0)
673.9818 	EXP 	responsel: foreColor = (0, 0, 0)
673.9985 	EXP 	responsel: foreColor = (0, 0, 0)
674.0151 	EXP 	responsel: foreColor = (0, 0, 0)
674.0318 	EXP 	responsel: foreColor = (0, 0, 0)
674.0485 	EXP 	responsel: foreColor = (0, 0, 0)
674.0651 	EXP 	responsel: foreColor = (0, 0, 0)
674.0818 	EXP 	responsel: foreColor = (0, 0, 0)
674.0985 	EXP 	responsel: foreColor = (0, 0, 0)
674.1151 	EXP 	responsel: foreColor = (0, 0, 0)
674.1318 	EXP 	responsel: foreColor = (0, 0, 0)
674.1485 	EXP 	responsel: foreColor = (0, 0, 0)
674.1651 	EXP 	responsel: foreColor = (0, 0, 0)
674.1818 	EXP 	responsel: foreColor = (0, 0, 0)
674.1985 	EXP 	responsel: foreColor = (0, 0, 0)
674.2151 	EXP 	responsel: foreColor = (0, 0, 0)
674.2318 	EXP 	responsel: foreColor = (0, 0, 0)
674.2485 	EXP 	responsel: foreColor = (0, 0, 0)
674.2651 	EXP 	responsel: foreColor = (0, 0, 0)
674.2818 	EXP 	responsel: foreColor = (0, 0, 0)
674.2985 	EXP 	responsel: foreColor = (0, 0, 0)
674.3151 	EXP 	responsel: foreColor = (0, 0, 0)
674.3151 	EXP 	thermode_locali_pic: autoDraw = False
674.3318 	EXP 	responsel: foreColor = (0, 0, 0)
674.3485 	EXP 	responsel: foreColor = (0, 0, 0)
674.3651 	EXP 	responsel: foreColor = (0, 0, 0)
674.3818 	EXP 	responsel: foreColor = (0, 0, 0)
674.3985 	EXP 	responsel: foreColor = (0, 0, 0)
674.4151 	EXP 	responsel: foreColor = (0, 0, 0)
674.4318 	EXP 	responsel: foreColor = (0, 0, 0)
674.4485 	EXP 	responsel: foreColor = (0, 0, 0)
674.4651 	EXP 	responsel: foreColor = (0, 0, 0)
674.4818 	EXP 	responsel: foreColor = (0, 0, 0)
674.4985 	EXP 	responsel: foreColor = (0, 0, 0)
674.5151 	EXP 	responsel: foreColor = (0, 0, 0)
674.5318 	EXP 	responsel: foreColor = (0, 0, 0)
674.5485 	EXP 	responsel: foreColor = (0, 0, 0)
674.5651 	EXP 	responsel: foreColor = (0, 0, 0)
674.5818 	EXP 	responsel: foreColor = (0, 0, 0)
674.5985 	EXP 	responsel: foreColor = (0, 0, 0)
674.6151 	EXP 	responsel: foreColor = (0, 0, 0)
674.6318 	EXP 	responsel: foreColor = (0, 0, 0)
674.6485 	EXP 	responsel: foreColor = (0, 0, 0)
674.6651 	EXP 	responsel: foreColor = (0, 0, 0)
674.6818 	EXP 	responsel: foreColor = (0, 0, 0)
674.6985 	EXP 	responsel: foreColor = (0, 0, 0)
674.7151 	EXP 	responsel: foreColor = (0, 0, 0)
674.7318 	EXP 	responsel: foreColor = (0, 0, 0)
674.7485 	EXP 	responsel: foreColor = (0, 0, 0)
674.7651 	EXP 	responsel: foreColor = (0, 0, 0)
674.7818 	EXP 	responsel: foreColor = (0, 0, 0)
674.7985 	EXP 	responsel: foreColor = (0, 0, 0)
674.8152 	EXP 	responsel: foreColor = (0, 0, 0)
674.8318 	EXP 	responsel: foreColor = (0, 0, 0)
674.8485 	EXP 	responsel: foreColor = (0, 0, 0)
674.8651 	EXP 	responsel: foreColor = (0, 0, 0)
674.8818 	EXP 	responsel: foreColor = (0, 0, 0)
674.8985 	EXP 	responsel: foreColor = (0, 0, 0)
674.9151 	EXP 	responsel: foreColor = (0, 0, 0)
674.9318 	EXP 	responsel: foreColor = (0, 0, 0)
674.9485 	EXP 	responsel: foreColor = (0, 0, 0)
674.9651 	EXP 	responsel: foreColor = (0, 0, 0)
674.9818 	EXP 	responsel: foreColor = (0, 0, 0)
674.9984 	EXP 	responsel: foreColor = (0, 0, 0)
675.0151 	EXP 	responsel: foreColor = (0, 0, 0)
675.0318 	EXP 	responsel: foreColor = (0, 0, 0)
675.0485 	EXP 	responsel: foreColor = (0, 0, 0)
675.0651 	EXP 	responsel: foreColor = (0, 0, 0)
675.0818 	EXP 	responsel: foreColor = (0, 0, 0)
675.0985 	EXP 	responsel: foreColor = (0, 0, 0)
675.0985 	EXP 	responsel: autoDraw = False
675.0985 	EXP 	percu_or: autoDraw = False
675.0985 	EXP 	responser: autoDraw = False
675.0985 	EXP 	thermode_locali_pic: autoDraw = False
675.0985 	EXP 	responsel: autoDraw = False
675.0985 	EXP 	percu_or: autoDraw = False
675.0985 	EXP 	responser: autoDraw = False
675.0985 	EXP 	responsel: foreColor = 'white'
675.0985 	EXP 	responser: foreColor = 'white'
675.0985 	EXP 	text: autoDraw = True
681.0987 	EXP 	text: autoDraw = False
681.0987 	EXP 	text: autoDraw = False
681.0987 	EXP 	2024_RDpaindiscrimination_QUEST: status = STOPPED
681.3376 	EXP 	window1: mouseVisible = True
