9.8195 	EXP 	Created window1 = Window(allowGUI=True, allowStencil=False, autoLog=True, backendConf=UNKNOWN, backgroundFit=<method-wrapper '__getattribute__' of attributeSetter object at 0x000001A2D8245CD0>, backgroundImage=<method-wrapper '__getattribute__' of attributeSetter object at 0x000001A2D8245C70>, bitsMode=UNKNOWN, blendMode='avg', bpc=(8, 8, 8), color='0', colorSpace='named', depthBits=8, fullscr=<method-wrapper '__getattribute__' of attributeSetter object at 0x000001A2D8245A60>, gamma=None, gammaErrorPolicy='raise', lms=UNKNOWN, monitor=<psychopy.monitors.calibTools.Monitor object at 0x000001A2D8478BE0>, multiSample=False, name='window1', numSamples=2, pos=(0, 0), screen=0, size=array([1920, 1080]), stencilBits=0, stereo=False, title='PsychoPy', units='height', useFBO=True, useRetina=False, viewOri=0.0, viewPos=None, viewScale=None, waitBlanking=True, winType='pyglet')
9.8196 	EXP 	window1: mouseVisible = True
9.8196 	EXP 	window1: backgroundImage = ''
9.8196 	EXP 	window1: backgroundFit = 'none'
9.8203 	EXP 	window1: Attempting to measure frame rate of screen (0) ...
9.8203 	EXP 	window1: recordFrameIntervals = False
9.9861 	EXP 	window1: recordFrameIntervals = True
10.1695 	EXP 	Screen (0) actual frame rate measured at 60.00Hz
10.1695 	EXP 	window1: recordFrameIntervals = False
10.1695 	EXP 	window1: mouseVisible = False
10.2800 	EXP 	2024_RDpaindiscrimination_QUEST: status = STARTED
11.0935 	EXP 	window1: mouseVisible = True
11.0963 	EXP 	Created polygon = Circle(__class__=<class 'psychopy.visual.circle.Circle'>, anchor=('center', 'center'), autoDraw=False, autoLog=True, closeShape=True, color=method-wrapper(...), colorSpace='rgb', contrast=None, depth=-1.0, draggable=False, fillColor=array([1, 1, 1]), fillColorSpace='rgb', fillRGB=array([1, 1, 1]), interpolate=True, lineColor=array([1., 1., 1.]), lineColorSpace='rgb', lineRGB=array([1, 1, 1]), lineWidth=1.0, name='polygon', opacity=1.0, ori=0.0, pos=array([0., 0.]), size=array([0.5, 0.5]), units='height', vertices=ndarray(...), win=Window(...))
11.0976 	EXP 	window1: mouseVisible = True
11.0999 	EXP 	Created polygon_1_black = Circle(__class__=<class 'psychopy.visual.circle.Circle'>, anchor=('center', 'center'), autoDraw=False, autoLog=True, closeShape=True, color=method-wrapper(...), colorSpace='rgb', contrast=None, depth=-1.0, draggable=False, fillColor=array([-0.5, -0.5, -0.5]), fillColorSpace='rgb', fillRGB=array([-0.5, -0.5, -0.5]), interpolate=True, lineColor=array([-0.5, -0.5, -0.5]), lineColorSpace='rgb', lineRGB=array([-0.5, -0.5, -0.5]), lineWidth=1.0, name='polygon_1_black', opacity=1.0, ori=0.0, pos=array([0., 0.]), size=array([0.4, 0.4]), units='height', vertices=ndarray(...), win=Window(...))
11.1000 	EXP 	window1: mouseVisible = True
11.1969 	EXP 	Created text_bonjour = TextStim(__class__=<class 'psychopy.visual.text.TextStim'>, alignHoriz=method-wrapper(...), alignText='center', alignVert=method-wrapper(...), anchorHoriz='center', anchorVert='center', antialias=True, autoDraw=False, autoLog=True, bold=False, color=array([1., 1., 1.]), colorSpace='rgb', contrast=1.0, depth=-1.0, draggable=False, flipHoriz=False, flipVert=False, font='Open Sans', fontFiles=[], height=0.05, italic=False, languageStyle='LTR', name='text_bonjour', opacity=1.0, ori=0.0, pos=array([0., 0.]), rgb=UNKNOWN, text=str(...), units='height', win=Window(...), wrapWidth=1)
11.1970 	EXP 	window1: mouseVisible = True
11.1977 	EXP 	Created text_pic = TextStim(__class__=<class 'psychopy.visual.text.TextStim'>, alignHoriz=method-wrapper(...), alignText='center', alignVert=method-wrapper(...), anchorHoriz='center', anchorVert='center', antialias=True, autoDraw=False, autoLog=True, bold=False, color=array([1., 1., 1.]), colorSpace='rgb', contrast=1.0, depth=-1.0, draggable=False, flipHoriz=False, flipVert=False, font='Open Sans', fontFiles=[], height=0.02, italic=False, languageStyle='LTR', name='text_pic', opacity=1.0, ori=0.0, pos=array([-0.7 , -0.45]), rgb=UNKNOWN, text='', units='height', win=Window(...), wrapWidth=1)
11.1978 	EXP 	window1: mouseVisible = True
11.2009 	EXP 	Created croix_3 = TextStim(__class__=<class 'psychopy.visual.text.TextStim'>, alignHoriz=method-wrapper(...), alignText='center', alignVert=method-wrapper(...), anchorHoriz='center', anchorVert='center', antialias=True, autoDraw=False, autoLog=True, bold=False, color=array([1., 1., 1.]), colorSpace='rgb', contrast=1.0, depth=-2.0, draggable=False, flipHoriz=False, flipVert=False, font='Open Sans', fontFiles=[], height=0.2, italic=False, languageStyle='LTR', name='croix_3', opacity=1.0, ori=0.0, pos=array([0., 0.]), rgb=UNKNOWN, text='+', units='height', win=Window(...), wrapWidth=1)
11.2010 	EXP 	window1: mouseVisible = True
11.2015 	EXP 	Created thermode_locali_pic = TextStim(__class__=<class 'psychopy.visual.text.TextStim'>, alignHoriz=method-wrapper(...), alignText='center', alignVert=method-wrapper(...), anchorHoriz='center', anchorVert='center', antialias=True, autoDraw=False, autoLog=True, bold=False, color=array([1., 1., 1.]), colorSpace='rgb', contrast=1.0, depth=-1.0, draggable=False, flipHoriz=False, flipVert=False, font='Open Sans', fontFiles=[], height=0.02, italic=False, languageStyle='LTR', name='thermode_locali_pic', opacity=1.0, ori=0.0, pos=array([-0.7 , -0.45]), rgb=UNKNOWN, text='', units='height', win=Window(...), wrapWidth=1)
11.2015 	EXP 	window1: mouseVisible = True
11.2022 	EXP 	Created responsel = TextStim(__class__=<class 'psychopy.visual.text.TextStim'>, alignHoriz=method-wrapper(...), alignText='center', alignVert=method-wrapper(...), anchorHoriz='center', anchorVert='center', antialias=True, autoDraw=False, autoLog=True, bold=False, color=array([1., 1., 1.]), colorSpace='rgb', contrast=1.0, depth=-3.0, draggable=False, flipHoriz=False, flipVert=False, font='Open Sans', fontFiles=[], height=0.08, italic=False, languageStyle='LTR', name='responsel', opacity=1.0, ori=0.0, pos=array([0., 0.]), rgb=UNKNOWN, text='', units='height', win=Window(...), wrapWidth=1)
11.2023 	EXP 	window1: mouseVisible = True
11.2097 	EXP 	Created percu_or = TextStim(__class__=<class 'psychopy.visual.text.TextStim'>, alignHoriz=method-wrapper(...), alignText='center', alignVert=method-wrapper(...), anchorHoriz='center', anchorVert='center', antialias=True, autoDraw=False, autoLog=True, bold=False, color=array([1., 1., 1.]), colorSpace='rgb', contrast=1.0, depth=-4.0, draggable=False, flipHoriz=False, flipVert=False, font='Open Sans', fontFiles=[], height=0.05, italic=False, languageStyle='LTR', name='percu_or', opacity=1.0, ori=0.0, pos=array([0. , 0.3]), rgb=UNKNOWN, text='Avez-vous perçu un changement?', units='height', win=Window(...), wrapWidth=1)
11.2097 	EXP 	window1: mouseVisible = True
11.2126 	EXP 	Created responser = TextStim(__class__=<class 'psychopy.visual.text.TextStim'>, alignHoriz=method-wrapper(...), alignText='center', alignVert=method-wrapper(...), anchorHoriz='center', anchorVert='center', antialias=True, autoDraw=False, autoLog=True, bold=False, color=array([1., 1., 1.]), colorSpace='rgb', contrast=1.0, depth=-5.0, draggable=False, flipHoriz=False, flipVert=False, font='Open Sans', fontFiles=[], height=0.08, italic=False, languageStyle='LTR', name='responser', opacity=1.0, ori=0.0, pos=array([0., 0.]), rgb=UNKNOWN, text='              OUI', units='height', win=Window(...), wrapWidth=1)
11.2127 	EXP 	window1: mouseVisible = True
11.2158 	EXP 	Created text = TextStim(__class__=<class 'psychopy.visual.text.TextStim'>, alignHoriz=method-wrapper(...), alignText='center', alignVert=method-wrapper(...), anchorHoriz='center', anchorVert='center', antialias=True, autoDraw=False, autoLog=True, bold=False, color=array([1., 1., 1.]), colorSpace='rgb', contrast=1.0, depth=0.0, draggable=False, flipHoriz=False, flipVert=False, font='Open Sans', fontFiles=[], height=0.05, italic=False, languageStyle='LTR', name='text', opacity=1.0, ori=0.0, pos=array([0., 0.]), rgb=UNKNOWN, text='Calibration terminée.', units='height', win=Window(...), wrapWidth=1)
0.0207 	EXP 	window1: mouseVisible = False
0.0370 	EXP 	text_bonjour: autoDraw = True
201.1394 	EXP 	Created sequence: sequential, trialTypes=1, nReps=40, seed=None
201.1395 	EXP 	New trial (rep=0, index=0): None
201.1430 	DATA 	Keypress: p
201.1557 	EXP 	text_bonjour: autoDraw = False
201.1557 	EXP 	text_pic: autoDraw = True
201.1557 	EXP 	croix_3: autoDraw = True
206.1559 	EXP 	text_pic: autoDraw = False
206.1559 	EXP 	croix_3: autoDraw = False
206.1559 	EXP 	text_pic: autoDraw = False
206.1559 	EXP 	croix_3: autoDraw = False
206.1559 	EXP 	thermode_locali_pic: height = 0.02
206.1559 	EXP 	thermode_locali_pic: height = 0.02
206.1559 	EXP 	thermode_locali_pic: height = 0.02
206.1559 	EXP 	thermode_locali_pic: text = 'T : 0'
206.1559 	EXP 	responsel: height = 0.08
206.1559 	EXP 	responsel: height = 0.08
206.1559 	EXP 	responsel: height = 0.08
206.1559 	EXP 	responsel: text = 'NON              '
206.1559 	EXP 	thermode_locali_pic: autoDraw = True
214.1393 	EXP 	responsel: autoDraw = True
214.1393 	EXP 	percu_or: autoDraw = True
214.1393 	EXP 	responser: autoDraw = True
215.1902 	DATA 	Keypress: m
215.2225 	EXP 	responsel: foreColor = (0, 0, 0)
215.2392 	EXP 	responsel: foreColor = (0, 0, 0)
215.2558 	EXP 	responsel: foreColor = (0, 0, 0)
215.2725 	EXP 	responsel: foreColor = (0, 0, 0)
215.2892 	EXP 	responsel: foreColor = (0, 0, 0)
215.3058 	EXP 	responsel: foreColor = (0, 0, 0)
215.3225 	EXP 	responsel: foreColor = (0, 0, 0)
215.3392 	EXP 	responsel: foreColor = (0, 0, 0)
215.3559 	EXP 	responsel: foreColor = (0, 0, 0)
215.3725 	EXP 	responsel: foreColor = (0, 0, 0)
215.3892 	EXP 	responsel: foreColor = (0, 0, 0)
215.4059 	EXP 	responsel: foreColor = (0, 0, 0)
215.4225 	EXP 	responsel: foreColor = (0, 0, 0)
215.4392 	EXP 	responsel: foreColor = (0, 0, 0)
215.4559 	EXP 	responsel: foreColor = (0, 0, 0)
215.4725 	EXP 	responsel: foreColor = (0, 0, 0)
215.4892 	EXP 	responsel: foreColor = (0, 0, 0)
215.5059 	EXP 	responsel: foreColor = (0, 0, 0)
215.5225 	EXP 	responsel: foreColor = (0, 0, 0)
215.5392 	EXP 	responsel: foreColor = (0, 0, 0)
215.5558 	EXP 	responsel: foreColor = (0, 0, 0)
215.5725 	EXP 	responsel: foreColor = (0, 0, 0)
215.5892 	EXP 	responsel: foreColor = (0, 0, 0)
215.6059 	EXP 	responsel: foreColor = (0, 0, 0)
215.6225 	EXP 	responsel: foreColor = (0, 0, 0)
215.6392 	EXP 	responsel: foreColor = (0, 0, 0)
215.6559 	EXP 	responsel: foreColor = (0, 0, 0)
215.6725 	EXP 	responsel: foreColor = (0, 0, 0)
215.6892 	EXP 	responsel: foreColor = (0, 0, 0)
215.7059 	EXP 	responsel: foreColor = (0, 0, 0)
215.7225 	EXP 	responsel: foreColor = (0, 0, 0)
215.7392 	EXP 	responsel: foreColor = (0, 0, 0)
215.7559 	EXP 	responsel: foreColor = (0, 0, 0)
215.7725 	EXP 	responsel: foreColor = (0, 0, 0)
215.7892 	EXP 	responsel: foreColor = (0, 0, 0)
215.8059 	EXP 	responsel: foreColor = (0, 0, 0)
215.8225 	EXP 	responsel: foreColor = (0, 0, 0)
215.8392 	EXP 	responsel: foreColor = (0, 0, 0)
215.8559 	EXP 	responsel: foreColor = (0, 0, 0)
215.8726 	EXP 	responsel: foreColor = (0, 0, 0)
215.8892 	EXP 	responsel: foreColor = (0, 0, 0)
215.9058 	EXP 	responsel: foreColor = (0, 0, 0)
215.9225 	EXP 	responsel: foreColor = (0, 0, 0)
215.9392 	EXP 	responsel: foreColor = (0, 0, 0)
215.9559 	EXP 	responsel: foreColor = (0, 0, 0)
215.9725 	EXP 	responsel: foreColor = (0, 0, 0)
215.9892 	EXP 	responsel: foreColor = (0, 0, 0)
216.0058 	EXP 	responsel: foreColor = (0, 0, 0)
216.0226 	EXP 	responsel: foreColor = (0, 0, 0)
216.0392 	EXP 	responsel: foreColor = (0, 0, 0)
216.0559 	EXP 	responsel: foreColor = (0, 0, 0)
216.0725 	EXP 	responsel: foreColor = (0, 0, 0)
216.0892 	EXP 	responsel: foreColor = (0, 0, 0)
216.1059 	EXP 	responsel: foreColor = (0, 0, 0)
216.1225 	EXP 	responsel: foreColor = (0, 0, 0)
216.1392 	EXP 	responsel: foreColor = (0, 0, 0)
216.1559 	EXP 	responsel: foreColor = (0, 0, 0)
216.1725 	EXP 	responsel: foreColor = (0, 0, 0)
216.1892 	EXP 	responsel: foreColor = (0, 0, 0)
216.2059 	EXP 	responsel: foreColor = (0, 0, 0)
216.2225 	EXP 	responsel: foreColor = (0, 0, 0)
216.2392 	EXP 	responsel: foreColor = (0, 0, 0)
216.2559 	EXP 	responsel: foreColor = (0, 0, 0)
216.2725 	EXP 	responsel: foreColor = (0, 0, 0)
216.2892 	EXP 	responsel: foreColor = (0, 0, 0)
216.3058 	EXP 	responsel: foreColor = (0, 0, 0)
216.3225 	EXP 	responsel: foreColor = (0, 0, 0)
216.3392 	EXP 	responsel: foreColor = (0, 0, 0)
216.3559 	EXP 	responsel: foreColor = (0, 0, 0)
216.3559 	EXP 	thermode_locali_pic: autoDraw = False
216.3725 	EXP 	responsel: foreColor = (0, 0, 0)
216.3892 	EXP 	responsel: foreColor = (0, 0, 0)
216.4058 	EXP 	responsel: foreColor = (0, 0, 0)
216.4226 	EXP 	responsel: foreColor = (0, 0, 0)
216.4392 	EXP 	responsel: foreColor = (0, 0, 0)
216.4559 	EXP 	responsel: foreColor = (0, 0, 0)
216.4725 	EXP 	responsel: foreColor = (0, 0, 0)
216.4892 	EXP 	responsel: foreColor = (0, 0, 0)
216.5059 	EXP 	responsel: foreColor = (0, 0, 0)
216.5225 	EXP 	responsel: foreColor = (0, 0, 0)
216.5393 	EXP 	responsel: foreColor = (0, 0, 0)
216.5558 	EXP 	responsel: foreColor = (0, 0, 0)
216.5725 	EXP 	responsel: foreColor = (0, 0, 0)
216.5892 	EXP 	responsel: foreColor = (0, 0, 0)
216.6059 	EXP 	responsel: foreColor = (0, 0, 0)
216.6225 	EXP 	responsel: foreColor = (0, 0, 0)
216.6392 	EXP 	responsel: foreColor = (0, 0, 0)
216.6559 	EXP 	responsel: foreColor = (0, 0, 0)
216.6725 	EXP 	responsel: foreColor = (0, 0, 0)
216.6893 	EXP 	responsel: foreColor = (0, 0, 0)
216.7059 	EXP 	responsel: foreColor = (0, 0, 0)
216.7226 	EXP 	responsel: foreColor = (0, 0, 0)
216.7392 	EXP 	responsel: foreColor = (0, 0, 0)
216.7559 	EXP 	responsel: foreColor = (0, 0, 0)
216.7725 	EXP 	responsel: foreColor = (0, 0, 0)
216.7892 	EXP 	responsel: foreColor = (0, 0, 0)
216.8058 	EXP 	responsel: foreColor = (0, 0, 0)
216.8225 	EXP 	responsel: foreColor = (0, 0, 0)
216.8392 	EXP 	responsel: foreColor = (0, 0, 0)
216.8559 	EXP 	responsel: foreColor = (0, 0, 0)
216.8725 	EXP 	responsel: foreColor = (0, 0, 0)
216.8892 	EXP 	responsel: foreColor = (0, 0, 0)
216.9059 	EXP 	responsel: foreColor = (0, 0, 0)
216.9225 	EXP 	responsel: foreColor = (0, 0, 0)
216.9392 	EXP 	responsel: foreColor = (0, 0, 0)
216.9559 	EXP 	responsel: foreColor = (0, 0, 0)
216.9725 	EXP 	responsel: foreColor = (0, 0, 0)
216.9892 	EXP 	responsel: foreColor = (0, 0, 0)
217.0059 	EXP 	responsel: foreColor = (0, 0, 0)
217.0225 	EXP 	responsel: foreColor = (0, 0, 0)
217.0392 	EXP 	responsel: foreColor = (0, 0, 0)
217.0559 	EXP 	responsel: foreColor = (0, 0, 0)
217.0725 	EXP 	responsel: foreColor = (0, 0, 0)
217.0892 	EXP 	responsel: foreColor = (0, 0, 0)
217.1058 	EXP 	responsel: foreColor = (0, 0, 0)
217.1225 	EXP 	responsel: foreColor = (0, 0, 0)
217.1237 	EXP 	New trial (rep=1, index=0): None
217.1392 	EXP 	responsel: foreColor = (0, 0, 0)
217.1392 	EXP 	responsel: autoDraw = False
217.1392 	EXP 	percu_or: autoDraw = False
217.1392 	EXP 	responser: autoDraw = False
217.1392 	EXP 	thermode_locali_pic: autoDraw = False
217.1392 	EXP 	responsel: autoDraw = False
217.1392 	EXP 	percu_or: autoDraw = False
217.1392 	EXP 	responser: autoDraw = False
217.1392 	EXP 	responsel: foreColor = 'white'
217.1392 	EXP 	responser: foreColor = 'white'
217.1392 	EXP 	text_pic: autoDraw = True
217.1392 	EXP 	croix_3: autoDraw = True
222.1392 	EXP 	text_pic: autoDraw = False
222.1392 	EXP 	croix_3: autoDraw = False
222.1392 	EXP 	text_pic: autoDraw = False
222.1392 	EXP 	croix_3: autoDraw = False
222.1392 	EXP 	thermode_locali_pic: height = 0.02
222.1392 	EXP 	thermode_locali_pic: height = 0.02
222.1392 	EXP 	thermode_locali_pic: height = 0.02
222.1392 	EXP 	thermode_locali_pic: text = 'T : 1'
222.1392 	EXP 	responsel: text = 'NON              '
222.1392 	EXP 	thermode_locali_pic: autoDraw = True
230.1393 	EXP 	responsel: autoDraw = True
230.1393 	EXP 	percu_or: autoDraw = True
230.1393 	EXP 	responser: autoDraw = True
230.5906 	DATA 	Keypress: m
230.6227 	EXP 	responsel: foreColor = (0, 0, 0)
230.6394 	EXP 	responsel: foreColor = (0, 0, 0)
230.6561 	EXP 	responsel: foreColor = (0, 0, 0)
230.6727 	EXP 	responsel: foreColor = (0, 0, 0)
230.6894 	EXP 	responsel: foreColor = (0, 0, 0)
230.7060 	EXP 	responsel: foreColor = (0, 0, 0)
230.7227 	EXP 	responsel: foreColor = (0, 0, 0)
230.7394 	EXP 	responsel: foreColor = (0, 0, 0)
230.7560 	EXP 	responsel: foreColor = (0, 0, 0)
230.7727 	EXP 	responsel: foreColor = (0, 0, 0)
230.7894 	EXP 	responsel: foreColor = (0, 0, 0)
230.8061 	EXP 	responsel: foreColor = (0, 0, 0)
230.8228 	EXP 	responsel: foreColor = (0, 0, 0)
230.8394 	EXP 	responsel: foreColor = (0, 0, 0)
230.8560 	EXP 	responsel: foreColor = (0, 0, 0)
230.8727 	EXP 	responsel: foreColor = (0, 0, 0)
230.8894 	EXP 	responsel: foreColor = (0, 0, 0)
230.9061 	EXP 	responsel: foreColor = (0, 0, 0)
230.9228 	EXP 	responsel: foreColor = (0, 0, 0)
230.9394 	EXP 	responsel: foreColor = (0, 0, 0)
230.9561 	EXP 	responsel: foreColor = (0, 0, 0)
230.9727 	EXP 	responsel: foreColor = (0, 0, 0)
230.9895 	EXP 	responsel: foreColor = (0, 0, 0)
231.0061 	EXP 	responsel: foreColor = (0, 0, 0)
231.0227 	EXP 	responsel: foreColor = (0, 0, 0)
231.0394 	EXP 	responsel: foreColor = (0, 0, 0)
231.0560 	EXP 	responsel: foreColor = (0, 0, 0)
231.0727 	EXP 	responsel: foreColor = (0, 0, 0)
231.0894 	EXP 	responsel: foreColor = (0, 0, 0)
231.1061 	EXP 	responsel: foreColor = (0, 0, 0)
231.1227 	EXP 	responsel: foreColor = (0, 0, 0)
231.1394 	EXP 	responsel: foreColor = (0, 0, 0)
231.1561 	EXP 	responsel: foreColor = (0, 0, 0)
231.1727 	EXP 	responsel: foreColor = (0, 0, 0)
231.1894 	EXP 	responsel: foreColor = (0, 0, 0)
231.2061 	EXP 	responsel: foreColor = (0, 0, 0)
231.2227 	EXP 	responsel: foreColor = (0, 0, 0)
231.2394 	EXP 	responsel: foreColor = (0, 0, 0)
231.2561 	EXP 	responsel: foreColor = (0, 0, 0)
231.2728 	EXP 	responsel: foreColor = (0, 0, 0)
231.2894 	EXP 	responsel: foreColor = (0, 0, 0)
231.3061 	EXP 	responsel: foreColor = (0, 0, 0)
231.3227 	EXP 	responsel: foreColor = (0, 0, 0)
231.3394 	EXP 	responsel: foreColor = (0, 0, 0)
231.3561 	EXP 	responsel: foreColor = (0, 0, 0)
231.3727 	EXP 	responsel: foreColor = (0, 0, 0)
231.3894 	EXP 	responsel: foreColor = (0, 0, 0)
231.4061 	EXP 	responsel: foreColor = (0, 0, 0)
231.4227 	EXP 	responsel: foreColor = (0, 0, 0)
231.4394 	EXP 	responsel: foreColor = (0, 0, 0)
231.4561 	EXP 	responsel: foreColor = (0, 0, 0)
231.4728 	EXP 	responsel: foreColor = (0, 0, 0)
231.4894 	EXP 	responsel: foreColor = (0, 0, 0)
231.5061 	EXP 	responsel: foreColor = (0, 0, 0)
231.5228 	EXP 	responsel: foreColor = (0, 0, 0)
231.5394 	EXP 	responsel: foreColor = (0, 0, 0)
231.5561 	EXP 	responsel: foreColor = (0, 0, 0)
231.5727 	EXP 	responsel: foreColor = (0, 0, 0)
231.5894 	EXP 	responsel: foreColor = (0, 0, 0)
231.6061 	EXP 	responsel: foreColor = (0, 0, 0)
231.6227 	EXP 	responsel: foreColor = (0, 0, 0)
231.6394 	EXP 	responsel: foreColor = (0, 0, 0)
231.6561 	EXP 	responsel: foreColor = (0, 0, 0)
231.6728 	EXP 	responsel: foreColor = (0, 0, 0)
231.6894 	EXP 	responsel: foreColor = (0, 0, 0)
231.7060 	EXP 	responsel: foreColor = (0, 0, 0)
231.7227 	EXP 	responsel: foreColor = (0, 0, 0)
231.7394 	EXP 	responsel: foreColor = (0, 0, 0)
231.7561 	EXP 	responsel: foreColor = (0, 0, 0)
231.7727 	EXP 	responsel: foreColor = (0, 0, 0)
231.7893 	EXP 	responsel: foreColor = (0, 0, 0)
231.8061 	EXP 	responsel: foreColor = (0, 0, 0)
231.8228 	EXP 	responsel: foreColor = (0, 0, 0)
231.8394 	EXP 	responsel: foreColor = (0, 0, 0)
231.8561 	EXP 	responsel: foreColor = (0, 0, 0)
231.8727 	EXP 	responsel: foreColor = (0, 0, 0)
231.8895 	EXP 	responsel: foreColor = (0, 0, 0)
231.9060 	EXP 	responsel: foreColor = (0, 0, 0)
231.9227 	EXP 	responsel: foreColor = (0, 0, 0)
231.9394 	EXP 	responsel: foreColor = (0, 0, 0)
231.9561 	EXP 	responsel: foreColor = (0, 0, 0)
231.9727 	EXP 	responsel: foreColor = (0, 0, 0)
231.9894 	EXP 	responsel: foreColor = (0, 0, 0)
232.0060 	EXP 	responsel: foreColor = (0, 0, 0)
232.0227 	EXP 	responsel: foreColor = (0, 0, 0)
232.0394 	EXP 	responsel: foreColor = (0, 0, 0)
232.0561 	EXP 	responsel: foreColor = (0, 0, 0)
232.0727 	EXP 	responsel: foreColor = (0, 0, 0)
232.0894 	EXP 	responsel: foreColor = (0, 0, 0)
232.1060 	EXP 	responsel: foreColor = (0, 0, 0)
232.1228 	EXP 	responsel: foreColor = (0, 0, 0)
232.1394 	EXP 	responsel: foreColor = (0, 0, 0)
232.1561 	EXP 	responsel: foreColor = (0, 0, 0)
232.1727 	EXP 	responsel: foreColor = (0, 0, 0)
232.1895 	EXP 	responsel: foreColor = (0, 0, 0)
232.2060 	EXP 	responsel: foreColor = (0, 0, 0)
232.2227 	EXP 	responsel: foreColor = (0, 0, 0)
232.2394 	EXP 	responsel: foreColor = (0, 0, 0)
232.2561 	EXP 	responsel: foreColor = (0, 0, 0)
232.2727 	EXP 	responsel: foreColor = (0, 0, 0)
232.2894 	EXP 	responsel: foreColor = (0, 0, 0)
232.3060 	EXP 	responsel: foreColor = (0, 0, 0)
232.3227 	EXP 	responsel: foreColor = (0, 0, 0)
232.3394 	EXP 	responsel: foreColor = (0, 0, 0)
232.3394 	EXP 	thermode_locali_pic: autoDraw = False
232.3561 	EXP 	responsel: foreColor = (0, 0, 0)
232.3727 	EXP 	responsel: foreColor = (0, 0, 0)
232.3894 	EXP 	responsel: foreColor = (0, 0, 0)
232.4059 	EXP 	responsel: foreColor = (0, 0, 0)
232.4227 	EXP 	responsel: foreColor = (0, 0, 0)
232.4394 	EXP 	responsel: foreColor = (0, 0, 0)
232.4560 	EXP 	responsel: foreColor = (0, 0, 0)
232.4727 	EXP 	responsel: foreColor = (0, 0, 0)
232.4893 	EXP 	responsel: foreColor = (0, 0, 0)
232.5060 	EXP 	responsel: foreColor = (0, 0, 0)
232.5227 	EXP 	responsel: foreColor = (0, 0, 0)
232.5394 	EXP 	responsel: foreColor = (0, 0, 0)
232.5560 	EXP 	responsel: foreColor = (0, 0, 0)
232.5727 	EXP 	responsel: foreColor = (0, 0, 0)
232.5894 	EXP 	responsel: foreColor = (0, 0, 0)
232.6060 	EXP 	responsel: foreColor = (0, 0, 0)
232.6227 	EXP 	responsel: foreColor = (0, 0, 0)
232.6394 	EXP 	responsel: foreColor = (0, 0, 0)
232.6560 	EXP 	responsel: foreColor = (0, 0, 0)
232.6727 	EXP 	responsel: foreColor = (0, 0, 0)
232.6894 	EXP 	responsel: foreColor = (0, 0, 0)
232.7060 	EXP 	responsel: foreColor = (0, 0, 0)
232.7227 	EXP 	responsel: foreColor = (0, 0, 0)
232.7394 	EXP 	responsel: foreColor = (0, 0, 0)
232.7560 	EXP 	responsel: foreColor = (0, 0, 0)
232.7727 	EXP 	responsel: foreColor = (0, 0, 0)
232.7894 	EXP 	responsel: foreColor = (0, 0, 0)
232.8060 	EXP 	responsel: foreColor = (0, 0, 0)
232.8227 	EXP 	responsel: foreColor = (0, 0, 0)
232.8394 	EXP 	responsel: foreColor = (0, 0, 0)
232.8560 	EXP 	responsel: foreColor = (0, 0, 0)
232.8727 	EXP 	responsel: foreColor = (0, 0, 0)
232.8894 	EXP 	responsel: foreColor = (0, 0, 0)
232.9060 	EXP 	responsel: foreColor = (0, 0, 0)
232.9228 	EXP 	responsel: foreColor = (0, 0, 0)
232.9394 	EXP 	responsel: foreColor = (0, 0, 0)
232.9561 	EXP 	responsel: foreColor = (0, 0, 0)
232.9727 	EXP 	responsel: foreColor = (0, 0, 0)
232.9894 	EXP 	responsel: foreColor = (0, 0, 0)
233.0060 	EXP 	responsel: foreColor = (0, 0, 0)
233.0228 	EXP 	responsel: foreColor = (0, 0, 0)
233.0394 	EXP 	responsel: foreColor = (0, 0, 0)
233.0561 	EXP 	responsel: foreColor = (0, 0, 0)
233.0727 	EXP 	responsel: foreColor = (0, 0, 0)
233.0894 	EXP 	responsel: foreColor = (0, 0, 0)
233.1061 	EXP 	responsel: foreColor = (0, 0, 0)
233.1227 	EXP 	responsel: foreColor = (0, 0, 0)
233.1237 	EXP 	New trial (rep=2, index=0): None
233.1394 	EXP 	responsel: foreColor = (0, 0, 0)
233.1394 	EXP 	responsel: autoDraw = False
233.1394 	EXP 	percu_or: autoDraw = False
233.1394 	EXP 	responser: autoDraw = False
233.1394 	EXP 	thermode_locali_pic: autoDraw = False
233.1394 	EXP 	responsel: autoDraw = False
233.1394 	EXP 	percu_or: autoDraw = False
233.1394 	EXP 	responser: autoDraw = False
233.1394 	EXP 	responsel: foreColor = 'white'
233.1394 	EXP 	responser: foreColor = 'white'
233.1394 	EXP 	text_pic: autoDraw = True
233.1394 	EXP 	croix_3: autoDraw = True
238.1395 	EXP 	text_pic: autoDraw = False
238.1395 	EXP 	croix_3: autoDraw = False
238.1395 	EXP 	text_pic: autoDraw = False
238.1395 	EXP 	croix_3: autoDraw = False
238.1395 	EXP 	thermode_locali_pic: height = 0.02
238.1395 	EXP 	thermode_locali_pic: height = 0.02
238.1395 	EXP 	thermode_locali_pic: height = 0.02
238.1395 	EXP 	thermode_locali_pic: text = 'T : 2'
238.1395 	EXP 	responsel: text = 'NON              '
238.1395 	EXP 	thermode_locali_pic: autoDraw = True
246.1227 	EXP 	responsel: autoDraw = True
246.1227 	EXP 	percu_or: autoDraw = True
246.1227 	EXP 	responser: autoDraw = True
246.7573 	DATA 	Keypress: n
246.7895 	EXP 	responser: foreColor = (0, 0, 0)
246.8061 	EXP 	responser: foreColor = (0, 0, 0)
246.8228 	EXP 	responser: foreColor = (0, 0, 0)
246.8395 	EXP 	responser: foreColor = (0, 0, 0)
246.8562 	EXP 	responser: foreColor = (0, 0, 0)
246.8728 	EXP 	responser: foreColor = (0, 0, 0)
246.8895 	EXP 	responser: foreColor = (0, 0, 0)
246.9061 	EXP 	responser: foreColor = (0, 0, 0)
246.9229 	EXP 	responser: foreColor = (0, 0, 0)
246.9394 	EXP 	responser: foreColor = (0, 0, 0)
246.9562 	EXP 	responser: foreColor = (0, 0, 0)
246.9728 	EXP 	responser: foreColor = (0, 0, 0)
246.9895 	EXP 	responser: foreColor = (0, 0, 0)
247.0062 	EXP 	responser: foreColor = (0, 0, 0)
247.0229 	EXP 	responser: foreColor = (0, 0, 0)
247.0395 	EXP 	responser: foreColor = (0, 0, 0)
247.0562 	EXP 	responser: foreColor = (0, 0, 0)
247.0729 	EXP 	responser: foreColor = (0, 0, 0)
247.0895 	EXP 	responser: foreColor = (0, 0, 0)
247.1061 	EXP 	responser: foreColor = (0, 0, 0)
247.1229 	EXP 	responser: foreColor = (0, 0, 0)
247.1395 	EXP 	responser: foreColor = (0, 0, 0)
247.1562 	EXP 	responser: foreColor = (0, 0, 0)
247.1729 	EXP 	responser: foreColor = (0, 0, 0)
247.1895 	EXP 	responser: foreColor = (0, 0, 0)
247.2061 	EXP 	responser: foreColor = (0, 0, 0)
247.2229 	EXP 	responser: foreColor = (0, 0, 0)
247.2395 	EXP 	responser: foreColor = (0, 0, 0)
247.2562 	EXP 	responser: foreColor = (0, 0, 0)
247.2729 	EXP 	responser: foreColor = (0, 0, 0)
247.2895 	EXP 	responser: foreColor = (0, 0, 0)
247.3062 	EXP 	responser: foreColor = (0, 0, 0)
247.3229 	EXP 	responser: foreColor = (0, 0, 0)
247.3395 	EXP 	responser: foreColor = (0, 0, 0)
247.3562 	EXP 	responser: foreColor = (0, 0, 0)
247.3729 	EXP 	responser: foreColor = (0, 0, 0)
247.3896 	EXP 	responser: foreColor = (0, 0, 0)
247.4062 	EXP 	responser: foreColor = (0, 0, 0)
247.4229 	EXP 	responser: foreColor = (0, 0, 0)
247.4395 	EXP 	responser: foreColor = (0, 0, 0)
247.4562 	EXP 	responser: foreColor = (0, 0, 0)
247.4729 	EXP 	responser: foreColor = (0, 0, 0)
247.4895 	EXP 	responser: foreColor = (0, 0, 0)
247.5062 	EXP 	responser: foreColor = (0, 0, 0)
247.5229 	EXP 	responser: foreColor = (0, 0, 0)
247.5395 	EXP 	responser: foreColor = (0, 0, 0)
247.5562 	EXP 	responser: foreColor = (0, 0, 0)
247.5729 	EXP 	responser: foreColor = (0, 0, 0)
247.5895 	EXP 	responser: foreColor = (0, 0, 0)
247.6062 	EXP 	responser: foreColor = (0, 0, 0)
247.6261 	EXP 	responser: foreColor = (0, 0, 0)
247.6396 	EXP 	responser: foreColor = (0, 0, 0)
247.6562 	EXP 	responser: foreColor = (0, 0, 0)
247.6729 	EXP 	responser: foreColor = (0, 0, 0)
247.6896 	EXP 	responser: foreColor = (0, 0, 0)
247.7063 	EXP 	responser: foreColor = (0, 0, 0)
247.7229 	EXP 	responser: foreColor = (0, 0, 0)
247.7396 	EXP 	responser: foreColor = (0, 0, 0)
247.7562 	EXP 	responser: foreColor = (0, 0, 0)
247.7729 	EXP 	responser: foreColor = (0, 0, 0)
247.7896 	EXP 	responser: foreColor = (0, 0, 0)
247.8062 	EXP 	responser: foreColor = (0, 0, 0)
247.8229 	EXP 	responser: foreColor = (0, 0, 0)
247.8396 	EXP 	responser: foreColor = (0, 0, 0)
247.8562 	EXP 	responser: foreColor = (0, 0, 0)
247.8729 	EXP 	responser: foreColor = (0, 0, 0)
247.8896 	EXP 	responser: foreColor = (0, 0, 0)
247.9062 	EXP 	responser: foreColor = (0, 0, 0)
247.9229 	EXP 	responser: foreColor = (0, 0, 0)
247.9396 	EXP 	responser: foreColor = (0, 0, 0)
247.9562 	EXP 	responser: foreColor = (0, 0, 0)
247.9729 	EXP 	responser: foreColor = (0, 0, 0)
247.9896 	EXP 	responser: foreColor = (0, 0, 0)
248.0062 	EXP 	responser: foreColor = (0, 0, 0)
248.0230 	EXP 	responser: foreColor = (0, 0, 0)
248.0396 	EXP 	responser: foreColor = (0, 0, 0)
248.0562 	EXP 	responser: foreColor = (0, 0, 0)
248.0729 	EXP 	responser: foreColor = (0, 0, 0)
248.0896 	EXP 	responser: foreColor = (0, 0, 0)
248.1063 	EXP 	responser: foreColor = (0, 0, 0)
248.1229 	EXP 	responser: foreColor = (0, 0, 0)
248.1396 	EXP 	responser: foreColor = (0, 0, 0)
248.1562 	EXP 	responser: foreColor = (0, 0, 0)
248.1730 	EXP 	responser: foreColor = (0, 0, 0)
248.1896 	EXP 	responser: foreColor = (0, 0, 0)
248.2062 	EXP 	responser: foreColor = (0, 0, 0)
248.2229 	EXP 	responser: foreColor = (0, 0, 0)
248.2395 	EXP 	responser: foreColor = (0, 0, 0)
248.2562 	EXP 	responser: foreColor = (0, 0, 0)
248.2729 	EXP 	responser: foreColor = (0, 0, 0)
248.2896 	EXP 	responser: foreColor = (0, 0, 0)
248.3062 	EXP 	responser: foreColor = (0, 0, 0)
248.3230 	EXP 	responser: foreColor = (0, 0, 0)
248.3396 	EXP 	responser: foreColor = (0, 0, 0)
248.3396 	EXP 	thermode_locali_pic: autoDraw = False
248.3562 	EXP 	responser: foreColor = (0, 0, 0)
248.3729 	EXP 	responser: foreColor = (0, 0, 0)
248.3895 	EXP 	responser: foreColor = (0, 0, 0)
248.4063 	EXP 	responser: foreColor = (0, 0, 0)
248.4229 	EXP 	responser: foreColor = (0, 0, 0)
248.4396 	EXP 	responser: foreColor = (0, 0, 0)
248.4562 	EXP 	responser: foreColor = (0, 0, 0)
248.4730 	EXP 	responser: foreColor = (0, 0, 0)
248.4896 	EXP 	responser: foreColor = (0, 0, 0)
248.5062 	EXP 	responser: foreColor = (0, 0, 0)
248.5229 	EXP 	responser: foreColor = (0, 0, 0)
248.5396 	EXP 	responser: foreColor = (0, 0, 0)
248.5562 	EXP 	responser: foreColor = (0, 0, 0)
248.5729 	EXP 	responser: foreColor = (0, 0, 0)
248.5896 	EXP 	responser: foreColor = (0, 0, 0)
248.6063 	EXP 	responser: foreColor = (0, 0, 0)
248.6229 	EXP 	responser: foreColor = (0, 0, 0)
248.6396 	EXP 	responser: foreColor = (0, 0, 0)
248.6563 	EXP 	responser: foreColor = (0, 0, 0)
248.6729 	EXP 	responser: foreColor = (0, 0, 0)
248.6896 	EXP 	responser: foreColor = (0, 0, 0)
248.7062 	EXP 	responser: foreColor = (0, 0, 0)
248.7229 	EXP 	responser: foreColor = (0, 0, 0)
248.7396 	EXP 	responser: foreColor = (0, 0, 0)
248.7562 	EXP 	responser: foreColor = (0, 0, 0)
248.7730 	EXP 	responser: foreColor = (0, 0, 0)
248.7896 	EXP 	responser: foreColor = (0, 0, 0)
248.8062 	EXP 	responser: foreColor = (0, 0, 0)
248.8229 	EXP 	responser: foreColor = (0, 0, 0)
248.8396 	EXP 	responser: foreColor = (0, 0, 0)
248.8562 	EXP 	responser: foreColor = (0, 0, 0)
248.8729 	EXP 	responser: foreColor = (0, 0, 0)
248.8895 	EXP 	responser: foreColor = (0, 0, 0)
248.9063 	EXP 	responser: foreColor = (0, 0, 0)
248.9229 	EXP 	responser: foreColor = (0, 0, 0)
248.9396 	EXP 	responser: foreColor = (0, 0, 0)
248.9563 	EXP 	responser: foreColor = (0, 0, 0)
248.9729 	EXP 	responser: foreColor = (0, 0, 0)
248.9896 	EXP 	responser: foreColor = (0, 0, 0)
249.0063 	EXP 	responser: foreColor = (0, 0, 0)
249.0229 	EXP 	responser: foreColor = (0, 0, 0)
249.0396 	EXP 	responser: foreColor = (0, 0, 0)
249.0562 	EXP 	responser: foreColor = (0, 0, 0)
249.0730 	EXP 	responser: foreColor = (0, 0, 0)
249.0896 	EXP 	responser: foreColor = (0, 0, 0)
249.1063 	EXP 	responser: foreColor = (0, 0, 0)
249.1073 	EXP 	New trial (rep=3, index=0): None
249.1229 	EXP 	responser: foreColor = (0, 0, 0)
249.1229 	EXP 	responsel: autoDraw = False
249.1229 	EXP 	percu_or: autoDraw = False
249.1229 	EXP 	responser: autoDraw = False
249.1229 	EXP 	thermode_locali_pic: autoDraw = False
249.1229 	EXP 	responsel: autoDraw = False
249.1229 	EXP 	percu_or: autoDraw = False
249.1229 	EXP 	responser: autoDraw = False
249.1229 	EXP 	responsel: foreColor = 'white'
249.1229 	EXP 	responser: foreColor = 'white'
249.1229 	EXP 	text_pic: autoDraw = True
249.1229 	EXP 	croix_3: autoDraw = True
254.1230 	EXP 	text_pic: autoDraw = False
254.1230 	EXP 	croix_3: autoDraw = False
254.1230 	EXP 	text_pic: autoDraw = False
254.1230 	EXP 	croix_3: autoDraw = False
254.1230 	EXP 	thermode_locali_pic: height = 0.02
254.1230 	EXP 	thermode_locali_pic: height = 0.02
254.1230 	EXP 	thermode_locali_pic: height = 0.02
254.1230 	EXP 	thermode_locali_pic: text = 'T : 3'
254.1230 	EXP 	responsel: text = 'NON              '
254.1230 	EXP 	thermode_locali_pic: autoDraw = True
262.1064 	EXP 	responsel: autoDraw = True
262.1064 	EXP 	percu_or: autoDraw = True
262.1064 	EXP 	responser: autoDraw = True
262.9742 	DATA 	Keypress: m
263.0064 	EXP 	responsel: foreColor = (0, 0, 0)
263.0231 	EXP 	responsel: foreColor = (0, 0, 0)
263.0397 	EXP 	responsel: foreColor = (0, 0, 0)
263.0565 	EXP 	responsel: foreColor = (0, 0, 0)
263.0731 	EXP 	responsel: foreColor = (0, 0, 0)
263.0897 	EXP 	responsel: foreColor = (0, 0, 0)
263.1064 	EXP 	responsel: foreColor = (0, 0, 0)
263.1231 	EXP 	responsel: foreColor = (0, 0, 0)
263.1397 	EXP 	responsel: foreColor = (0, 0, 0)
263.1564 	EXP 	responsel: foreColor = (0, 0, 0)
263.1731 	EXP 	responsel: foreColor = (0, 0, 0)
263.1897 	EXP 	responsel: foreColor = (0, 0, 0)
263.2064 	EXP 	responsel: foreColor = (0, 0, 0)
263.2231 	EXP 	responsel: foreColor = (0, 0, 0)
263.2398 	EXP 	responsel: foreColor = (0, 0, 0)
263.2564 	EXP 	responsel: foreColor = (0, 0, 0)
263.2730 	EXP 	responsel: foreColor = (0, 0, 0)
263.2897 	EXP 	responsel: foreColor = (0, 0, 0)
263.3064 	EXP 	responsel: foreColor = (0, 0, 0)
263.3231 	EXP 	responsel: foreColor = (0, 0, 0)
263.3397 	EXP 	responsel: foreColor = (0, 0, 0)
263.3564 	EXP 	responsel: foreColor = (0, 0, 0)
263.3731 	EXP 	responsel: foreColor = (0, 0, 0)
263.3897 	EXP 	responsel: foreColor = (0, 0, 0)
263.4064 	EXP 	responsel: foreColor = (0, 0, 0)
263.4231 	EXP 	responsel: foreColor = (0, 0, 0)
263.4397 	EXP 	responsel: foreColor = (0, 0, 0)
263.4564 	EXP 	responsel: foreColor = (0, 0, 0)
263.4730 	EXP 	responsel: foreColor = (0, 0, 0)
263.4897 	EXP 	responsel: foreColor = (0, 0, 0)
263.5064 	EXP 	responsel: foreColor = (0, 0, 0)
263.5231 	EXP 	responsel: foreColor = (0, 0, 0)
263.5397 	EXP 	responsel: foreColor = (0, 0, 0)
263.5564 	EXP 	responsel: foreColor = (0, 0, 0)
263.5730 	EXP 	responsel: foreColor = (0, 0, 0)
263.5897 	EXP 	responsel: foreColor = (0, 0, 0)
263.6064 	EXP 	responsel: foreColor = (0, 0, 0)
263.6231 	EXP 	responsel: foreColor = (0, 0, 0)
263.6397 	EXP 	responsel: foreColor = (0, 0, 0)
263.6564 	EXP 	responsel: foreColor = (0, 0, 0)
263.6730 	EXP 	responsel: foreColor = (0, 0, 0)
263.6897 	EXP 	responsel: foreColor = (0, 0, 0)
263.7064 	EXP 	responsel: foreColor = (0, 0, 0)
263.7231 	EXP 	responsel: foreColor = (0, 0, 0)
263.7397 	EXP 	responsel: foreColor = (0, 0, 0)
263.7564 	EXP 	responsel: foreColor = (0, 0, 0)
263.7730 	EXP 	responsel: foreColor = (0, 0, 0)
263.7897 	EXP 	responsel: foreColor = (0, 0, 0)
263.8064 	EXP 	responsel: foreColor = (0, 0, 0)
263.8231 	EXP 	responsel: foreColor = (0, 0, 0)
263.8397 	EXP 	responsel: foreColor = (0, 0, 0)
263.8564 	EXP 	responsel: foreColor = (0, 0, 0)
263.8731 	EXP 	responsel: foreColor = (0, 0, 0)
263.8897 	EXP 	responsel: foreColor = (0, 0, 0)
263.9064 	EXP 	responsel: foreColor = (0, 0, 0)
263.9231 	EXP 	responsel: foreColor = (0, 0, 0)
263.9397 	EXP 	responsel: foreColor = (0, 0, 0)
263.9564 	EXP 	responsel: foreColor = (0, 0, 0)
263.9731 	EXP 	responsel: foreColor = (0, 0, 0)
263.9898 	EXP 	responsel: foreColor = (0, 0, 0)
264.0064 	EXP 	responsel: foreColor = (0, 0, 0)
264.0231 	EXP 	responsel: foreColor = (0, 0, 0)
264.0397 	EXP 	responsel: foreColor = (0, 0, 0)
264.0564 	EXP 	responsel: foreColor = (0, 0, 0)
264.0731 	EXP 	responsel: foreColor = (0, 0, 0)
264.0897 	EXP 	responsel: foreColor = (0, 0, 0)
264.1064 	EXP 	responsel: foreColor = (0, 0, 0)
264.1231 	EXP 	responsel: foreColor = (0, 0, 0)
264.1397 	EXP 	responsel: foreColor = (0, 0, 0)
264.1564 	EXP 	responsel: foreColor = (0, 0, 0)
264.1731 	EXP 	responsel: foreColor = (0, 0, 0)
264.1897 	EXP 	responsel: foreColor = (0, 0, 0)
264.2064 	EXP 	responsel: foreColor = (0, 0, 0)
264.2231 	EXP 	responsel: foreColor = (0, 0, 0)
264.2397 	EXP 	responsel: foreColor = (0, 0, 0)
264.2564 	EXP 	responsel: foreColor = (0, 0, 0)
264.2731 	EXP 	responsel: foreColor = (0, 0, 0)
264.2897 	EXP 	responsel: foreColor = (0, 0, 0)
264.3065 	EXP 	responsel: foreColor = (0, 0, 0)
264.3231 	EXP 	responsel: foreColor = (0, 0, 0)
264.3231 	EXP 	thermode_locali_pic: autoDraw = False
264.3397 	EXP 	responsel: foreColor = (0, 0, 0)
264.3565 	EXP 	responsel: foreColor = (0, 0, 0)
264.3731 	EXP 	responsel: foreColor = (0, 0, 0)
264.3897 	EXP 	responsel: foreColor = (0, 0, 0)
264.4064 	EXP 	responsel: foreColor = (0, 0, 0)
264.4231 	EXP 	responsel: foreColor = (0, 0, 0)
264.4397 	EXP 	responsel: foreColor = (0, 0, 0)
264.4564 	EXP 	responsel: foreColor = (0, 0, 0)
264.4731 	EXP 	responsel: foreColor = (0, 0, 0)
264.4898 	EXP 	responsel: foreColor = (0, 0, 0)
264.5064 	EXP 	responsel: foreColor = (0, 0, 0)
264.5231 	EXP 	responsel: foreColor = (0, 0, 0)
264.5398 	EXP 	responsel: foreColor = (0, 0, 0)
264.5564 	EXP 	responsel: foreColor = (0, 0, 0)
264.5730 	EXP 	responsel: foreColor = (0, 0, 0)
264.5898 	EXP 	responsel: foreColor = (0, 0, 0)
264.6065 	EXP 	responsel: foreColor = (0, 0, 0)
264.6231 	EXP 	responsel: foreColor = (0, 0, 0)
264.6397 	EXP 	responsel: foreColor = (0, 0, 0)
264.6565 	EXP 	responsel: foreColor = (0, 0, 0)
264.6731 	EXP 	responsel: foreColor = (0, 0, 0)
264.6897 	EXP 	responsel: foreColor = (0, 0, 0)
264.7064 	EXP 	responsel: foreColor = (0, 0, 0)
264.7231 	EXP 	responsel: foreColor = (0, 0, 0)
264.7397 	EXP 	responsel: foreColor = (0, 0, 0)
264.7564 	EXP 	responsel: foreColor = (0, 0, 0)
264.7731 	EXP 	responsel: foreColor = (0, 0, 0)
264.7898 	EXP 	responsel: foreColor = (0, 0, 0)
264.8064 	EXP 	responsel: foreColor = (0, 0, 0)
264.8231 	EXP 	responsel: foreColor = (0, 0, 0)
264.8398 	EXP 	responsel: foreColor = (0, 0, 0)
264.8564 	EXP 	responsel: foreColor = (0, 0, 0)
264.8731 	EXP 	responsel: foreColor = (0, 0, 0)
264.8897 	EXP 	responsel: foreColor = (0, 0, 0)
264.9064 	EXP 	responsel: foreColor = (0, 0, 0)
264.9231 	EXP 	responsel: foreColor = (0, 0, 0)
264.9398 	EXP 	responsel: foreColor = (0, 0, 0)
264.9564 	EXP 	responsel: foreColor = (0, 0, 0)
264.9731 	EXP 	responsel: foreColor = (0, 0, 0)
264.9898 	EXP 	responsel: foreColor = (0, 0, 0)
265.0064 	EXP 	responsel: foreColor = (0, 0, 0)
265.0231 	EXP 	responsel: foreColor = (0, 0, 0)
265.0397 	EXP 	responsel: foreColor = (0, 0, 0)
265.0565 	EXP 	responsel: foreColor = (0, 0, 0)
265.0731 	EXP 	responsel: foreColor = (0, 0, 0)
265.0898 	EXP 	responsel: foreColor = (0, 0, 0)
265.0907 	EXP 	New trial (rep=4, index=0): None
265.1065 	EXP 	responsel: foreColor = (0, 0, 0)
265.1065 	EXP 	responsel: autoDraw = False
265.1065 	EXP 	percu_or: autoDraw = False
265.1065 	EXP 	responser: autoDraw = False
265.1065 	EXP 	thermode_locali_pic: autoDraw = False
265.1065 	EXP 	responsel: autoDraw = False
265.1065 	EXP 	percu_or: autoDraw = False
265.1065 	EXP 	responser: autoDraw = False
265.1065 	EXP 	responsel: foreColor = 'white'
265.1065 	EXP 	responser: foreColor = 'white'
265.1065 	EXP 	text_pic: autoDraw = True
265.1065 	EXP 	croix_3: autoDraw = True
270.1065 	EXP 	text_pic: autoDraw = False
270.1065 	EXP 	croix_3: autoDraw = False
270.1065 	EXP 	text_pic: autoDraw = False
270.1065 	EXP 	croix_3: autoDraw = False
270.1065 	EXP 	thermode_locali_pic: height = 0.02
270.1065 	EXP 	thermode_locali_pic: height = 0.02
270.1065 	EXP 	thermode_locali_pic: height = 0.02
270.1065 	EXP 	thermode_locali_pic: text = 'T : 0'
270.1065 	EXP 	responsel: text = 'NON              '
270.1065 	EXP 	thermode_locali_pic: autoDraw = True
278.0899 	EXP 	responsel: autoDraw = True
278.0899 	EXP 	percu_or: autoDraw = True
278.0899 	EXP 	responser: autoDraw = True
278.3744 	DATA 	Keypress: n
278.4065 	EXP 	responser: foreColor = (0, 0, 0)
278.4232 	EXP 	responser: foreColor = (0, 0, 0)
278.4399 	EXP 	responser: foreColor = (0, 0, 0)
278.4565 	EXP 	responser: foreColor = (0, 0, 0)
278.4732 	EXP 	responser: foreColor = (0, 0, 0)
278.4899 	EXP 	responser: foreColor = (0, 0, 0)
278.5065 	EXP 	responser: foreColor = (0, 0, 0)
278.5232 	EXP 	responser: foreColor = (0, 0, 0)
278.5399 	EXP 	responser: foreColor = (0, 0, 0)
278.5565 	EXP 	responser: foreColor = (0, 0, 0)
278.5732 	EXP 	responser: foreColor = (0, 0, 0)
278.5899 	EXP 	responser: foreColor = (0, 0, 0)
278.6065 	EXP 	responser: foreColor = (0, 0, 0)
278.6232 	EXP 	responser: foreColor = (0, 0, 0)
278.6399 	EXP 	responser: foreColor = (0, 0, 0)
278.6565 	EXP 	responser: foreColor = (0, 0, 0)
278.6732 	EXP 	responser: foreColor = (0, 0, 0)
278.6898 	EXP 	responser: foreColor = (0, 0, 0)
278.7064 	EXP 	responser: foreColor = (0, 0, 0)
278.7232 	EXP 	responser: foreColor = (0, 0, 0)
278.7399 	EXP 	responser: foreColor = (0, 0, 0)
278.7565 	EXP 	responser: foreColor = (0, 0, 0)
278.7732 	EXP 	responser: foreColor = (0, 0, 0)
278.7899 	EXP 	responser: foreColor = (0, 0, 0)
278.8065 	EXP 	responser: foreColor = (0, 0, 0)
278.8232 	EXP 	responser: foreColor = (0, 0, 0)
278.8398 	EXP 	responser: foreColor = (0, 0, 0)
278.8566 	EXP 	responser: foreColor = (0, 0, 0)
278.8733 	EXP 	responser: foreColor = (0, 0, 0)
278.8899 	EXP 	responser: foreColor = (0, 0, 0)
278.9066 	EXP 	responser: foreColor = (0, 0, 0)
278.9233 	EXP 	responser: foreColor = (0, 0, 0)
278.9399 	EXP 	responser: foreColor = (0, 0, 0)
278.9565 	EXP 	responser: foreColor = (0, 0, 0)
278.9732 	EXP 	responser: foreColor = (0, 0, 0)
278.9899 	EXP 	responser: foreColor = (0, 0, 0)
279.0065 	EXP 	responser: foreColor = (0, 0, 0)
279.0231 	EXP 	responser: foreColor = (0, 0, 0)
279.0399 	EXP 	responser: foreColor = (0, 0, 0)
279.0565 	EXP 	responser: foreColor = (0, 0, 0)
279.0732 	EXP 	responser: foreColor = (0, 0, 0)
279.0898 	EXP 	responser: foreColor = (0, 0, 0)
279.1065 	EXP 	responser: foreColor = (0, 0, 0)
279.1232 	EXP 	responser: foreColor = (0, 0, 0)
279.1399 	EXP 	responser: foreColor = (0, 0, 0)
279.1565 	EXP 	responser: foreColor = (0, 0, 0)
279.1732 	EXP 	responser: foreColor = (0, 0, 0)
279.1899 	EXP 	responser: foreColor = (0, 0, 0)
279.2066 	EXP 	responser: foreColor = (0, 0, 0)
279.2232 	EXP 	responser: foreColor = (0, 0, 0)
279.2399 	EXP 	responser: foreColor = (0, 0, 0)
279.2565 	EXP 	responser: foreColor = (0, 0, 0)
279.2732 	EXP 	responser: foreColor = (0, 0, 0)
279.2898 	EXP 	responser: foreColor = (0, 0, 0)
279.3065 	EXP 	responser: foreColor = (0, 0, 0)
279.3232 	EXP 	responser: foreColor = (0, 0, 0)
279.3398 	EXP 	responser: foreColor = (0, 0, 0)
279.3565 	EXP 	responser: foreColor = (0, 0, 0)
279.3732 	EXP 	responser: foreColor = (0, 0, 0)
279.3899 	EXP 	responser: foreColor = (0, 0, 0)
279.4065 	EXP 	responser: foreColor = (0, 0, 0)
279.4232 	EXP 	responser: foreColor = (0, 0, 0)
279.4399 	EXP 	responser: foreColor = (0, 0, 0)
279.4565 	EXP 	responser: foreColor = (0, 0, 0)
279.4732 	EXP 	responser: foreColor = (0, 0, 0)
279.4898 	EXP 	responser: foreColor = (0, 0, 0)
279.5065 	EXP 	responser: foreColor = (0, 0, 0)
279.5232 	EXP 	responser: foreColor = (0, 0, 0)
279.5399 	EXP 	responser: foreColor = (0, 0, 0)
279.5565 	EXP 	responser: foreColor = (0, 0, 0)
279.5732 	EXP 	responser: foreColor = (0, 0, 0)
279.5899 	EXP 	responser: foreColor = (0, 0, 0)
279.6065 	EXP 	responser: foreColor = (0, 0, 0)
279.6232 	EXP 	responser: foreColor = (0, 0, 0)
279.6399 	EXP 	responser: foreColor = (0, 0, 0)
279.6565 	EXP 	responser: foreColor = (0, 0, 0)
279.6732 	EXP 	responser: foreColor = (0, 0, 0)
279.6899 	EXP 	responser: foreColor = (0, 0, 0)
279.7065 	EXP 	responser: foreColor = (0, 0, 0)
279.7232 	EXP 	responser: foreColor = (0, 0, 0)
279.7399 	EXP 	responser: foreColor = (0, 0, 0)
279.7565 	EXP 	responser: foreColor = (0, 0, 0)
279.7732 	EXP 	responser: foreColor = (0, 0, 0)
279.7899 	EXP 	responser: foreColor = (0, 0, 0)
279.8066 	EXP 	responser: foreColor = (0, 0, 0)
279.8232 	EXP 	responser: foreColor = (0, 0, 0)
279.8399 	EXP 	responser: foreColor = (0, 0, 0)
279.8565 	EXP 	responser: foreColor = (0, 0, 0)
279.8732 	EXP 	responser: foreColor = (0, 0, 0)
279.8899 	EXP 	responser: foreColor = (0, 0, 0)
279.9065 	EXP 	responser: foreColor = (0, 0, 0)
279.9232 	EXP 	responser: foreColor = (0, 0, 0)
279.9399 	EXP 	responser: foreColor = (0, 0, 0)
279.9565 	EXP 	responser: foreColor = (0, 0, 0)
279.9731 	EXP 	responser: foreColor = (0, 0, 0)
279.9899 	EXP 	responser: foreColor = (0, 0, 0)
280.0065 	EXP 	responser: foreColor = (0, 0, 0)
280.0232 	EXP 	responser: foreColor = (0, 0, 0)
280.0399 	EXP 	responser: foreColor = (0, 0, 0)
280.0565 	EXP 	responser: foreColor = (0, 0, 0)
280.0732 	EXP 	responser: foreColor = (0, 0, 0)
280.0899 	EXP 	responser: foreColor = (0, 0, 0)
280.1066 	EXP 	responser: foreColor = (0, 0, 0)
280.1232 	EXP 	responser: foreColor = (0, 0, 0)
280.1399 	EXP 	responser: foreColor = (0, 0, 0)
280.1565 	EXP 	responser: foreColor = (0, 0, 0)
280.1732 	EXP 	responser: foreColor = (0, 0, 0)
280.1899 	EXP 	responser: foreColor = (0, 0, 0)
280.2066 	EXP 	responser: foreColor = (0, 0, 0)
280.2233 	EXP 	responser: foreColor = (0, 0, 0)
280.2399 	EXP 	responser: foreColor = (0, 0, 0)
280.2566 	EXP 	responser: foreColor = (0, 0, 0)
280.2732 	EXP 	responser: foreColor = (0, 0, 0)
280.2899 	EXP 	responser: foreColor = (0, 0, 0)
280.3065 	EXP 	responser: foreColor = (0, 0, 0)
280.3065 	EXP 	thermode_locali_pic: autoDraw = False
280.3233 	EXP 	responser: foreColor = (0, 0, 0)
280.3399 	EXP 	responser: foreColor = (0, 0, 0)
280.3565 	EXP 	responser: foreColor = (0, 0, 0)
280.3733 	EXP 	responser: foreColor = (0, 0, 0)
280.3899 	EXP 	responser: foreColor = (0, 0, 0)
280.4066 	EXP 	responser: foreColor = (0, 0, 0)
280.4233 	EXP 	responser: foreColor = (0, 0, 0)
280.4399 	EXP 	responser: foreColor = (0, 0, 0)
280.4565 	EXP 	responser: foreColor = (0, 0, 0)
280.4733 	EXP 	responser: foreColor = (0, 0, 0)
280.4899 	EXP 	responser: foreColor = (0, 0, 0)
280.5066 	EXP 	responser: foreColor = (0, 0, 0)
280.5232 	EXP 	responser: foreColor = (0, 0, 0)
280.5399 	EXP 	responser: foreColor = (0, 0, 0)
280.5565 	EXP 	responser: foreColor = (0, 0, 0)
280.5733 	EXP 	responser: foreColor = (0, 0, 0)
280.5899 	EXP 	responser: foreColor = (0, 0, 0)
280.6066 	EXP 	responser: foreColor = (0, 0, 0)
280.6232 	EXP 	responser: foreColor = (0, 0, 0)
280.6399 	EXP 	responser: foreColor = (0, 0, 0)
280.6565 	EXP 	responser: foreColor = (0, 0, 0)
280.6732 	EXP 	responser: foreColor = (0, 0, 0)
280.6900 	EXP 	responser: foreColor = (0, 0, 0)
280.7066 	EXP 	responser: foreColor = (0, 0, 0)
280.7232 	EXP 	responser: foreColor = (0, 0, 0)
280.7399 	EXP 	responser: foreColor = (0, 0, 0)
280.7565 	EXP 	responser: foreColor = (0, 0, 0)
280.7733 	EXP 	responser: foreColor = (0, 0, 0)
280.7899 	EXP 	responser: foreColor = (0, 0, 0)
280.8066 	EXP 	responser: foreColor = (0, 0, 0)
280.8232 	EXP 	responser: foreColor = (0, 0, 0)
280.8399 	EXP 	responser: foreColor = (0, 0, 0)
280.8566 	EXP 	responser: foreColor = (0, 0, 0)
280.8733 	EXP 	responser: foreColor = (0, 0, 0)
280.8899 	EXP 	responser: foreColor = (0, 0, 0)
280.9066 	EXP 	responser: foreColor = (0, 0, 0)
280.9232 	EXP 	responser: foreColor = (0, 0, 0)
280.9399 	EXP 	responser: foreColor = (0, 0, 0)
280.9566 	EXP 	responser: foreColor = (0, 0, 0)
280.9733 	EXP 	responser: foreColor = (0, 0, 0)
280.9900 	EXP 	responser: foreColor = (0, 0, 0)
281.0066 	EXP 	responser: foreColor = (0, 0, 0)
281.0232 	EXP 	responser: foreColor = (0, 0, 0)
281.0399 	EXP 	responser: foreColor = (0, 0, 0)
281.0566 	EXP 	responser: foreColor = (0, 0, 0)
281.0732 	EXP 	responser: foreColor = (0, 0, 0)
281.0742 	EXP 	New trial (rep=5, index=0): None
281.0900 	EXP 	responser: foreColor = (0, 0, 0)
281.0900 	EXP 	responsel: autoDraw = False
281.0900 	EXP 	percu_or: autoDraw = False
281.0900 	EXP 	responser: autoDraw = False
281.0900 	EXP 	thermode_locali_pic: autoDraw = False
281.0900 	EXP 	responsel: autoDraw = False
281.0900 	EXP 	percu_or: autoDraw = False
281.0900 	EXP 	responser: autoDraw = False
281.0900 	EXP 	responsel: foreColor = 'white'
281.0900 	EXP 	responser: foreColor = 'white'
281.0900 	EXP 	text_pic: autoDraw = True
281.0900 	EXP 	croix_3: autoDraw = True
286.0901 	EXP 	text_pic: autoDraw = False
286.0901 	EXP 	croix_3: autoDraw = False
286.0901 	EXP 	text_pic: autoDraw = False
286.0901 	EXP 	croix_3: autoDraw = False
286.0901 	EXP 	thermode_locali_pic: height = 0.02
286.0901 	EXP 	thermode_locali_pic: height = 0.02
286.0901 	EXP 	thermode_locali_pic: height = 0.02
286.0901 	EXP 	thermode_locali_pic: text = 'T : 1'
286.0901 	EXP 	responsel: text = 'NON              '
286.0901 	EXP 	thermode_locali_pic: autoDraw = True
289.7906 	DATA 	Keypress: m
294.0733 	EXP 	responsel: autoDraw = True
294.0733 	EXP 	percu_or: autoDraw = True
294.0733 	EXP 	responser: autoDraw = True
294.5412 	DATA 	Keypress: m
294.5734 	EXP 	responsel: foreColor = (0, 0, 0)
294.5902 	EXP 	responsel: foreColor = (0, 0, 0)
294.6067 	EXP 	responsel: foreColor = (0, 0, 0)
294.6234 	EXP 	responsel: foreColor = (0, 0, 0)
294.6400 	EXP 	responsel: foreColor = (0, 0, 0)
294.6567 	EXP 	responsel: foreColor = (0, 0, 0)
294.6733 	EXP 	responsel: foreColor = (0, 0, 0)
294.6901 	EXP 	responsel: foreColor = (0, 0, 0)
294.7067 	EXP 	responsel: foreColor = (0, 0, 0)
294.7234 	EXP 	responsel: foreColor = (0, 0, 0)
294.7400 	EXP 	responsel: foreColor = (0, 0, 0)
294.7567 	EXP 	responsel: foreColor = (0, 0, 0)
294.7734 	EXP 	responsel: foreColor = (0, 0, 0)
294.7900 	EXP 	responsel: foreColor = (0, 0, 0)
294.8067 	EXP 	responsel: foreColor = (0, 0, 0)
294.8234 	EXP 	responsel: foreColor = (0, 0, 0)
294.8400 	EXP 	responsel: foreColor = (0, 0, 0)
294.8567 	EXP 	responsel: foreColor = (0, 0, 0)
294.8734 	EXP 	responsel: foreColor = (0, 0, 0)
294.8900 	EXP 	responsel: foreColor = (0, 0, 0)
294.9067 	EXP 	responsel: foreColor = (0, 0, 0)
294.9234 	EXP 	responsel: foreColor = (0, 0, 0)
294.9401 	EXP 	responsel: foreColor = (0, 0, 0)
294.9567 	EXP 	responsel: foreColor = (0, 0, 0)
294.9733 	EXP 	responsel: foreColor = (0, 0, 0)
294.9900 	EXP 	responsel: foreColor = (0, 0, 0)
295.0066 	EXP 	responsel: foreColor = (0, 0, 0)
295.0267 	EXP 	responsel: foreColor = (0, 0, 0)
295.0400 	EXP 	responsel: foreColor = (0, 0, 0)
295.0567 	EXP 	responsel: foreColor = (0, 0, 0)
295.0734 	EXP 	responsel: foreColor = (0, 0, 0)
295.0901 	EXP 	responsel: foreColor = (0, 0, 0)
295.1067 	EXP 	responsel: foreColor = (0, 0, 0)
295.1234 	EXP 	responsel: foreColor = (0, 0, 0)
295.1401 	EXP 	responsel: foreColor = (0, 0, 0)
295.1567 	EXP 	responsel: foreColor = (0, 0, 0)
295.1733 	EXP 	responsel: foreColor = (0, 0, 0)
295.1900 	EXP 	responsel: foreColor = (0, 0, 0)
295.2067 	EXP 	responsel: foreColor = (0, 0, 0)
295.2234 	EXP 	responsel: foreColor = (0, 0, 0)
295.2400 	EXP 	responsel: foreColor = (0, 0, 0)
295.2567 	EXP 	responsel: foreColor = (0, 0, 0)
295.2734 	EXP 	responsel: foreColor = (0, 0, 0)
295.2900 	EXP 	responsel: foreColor = (0, 0, 0)
295.3067 	EXP 	responsel: foreColor = (0, 0, 0)
295.3234 	EXP 	responsel: foreColor = (0, 0, 0)
295.3400 	EXP 	responsel: foreColor = (0, 0, 0)
295.3567 	EXP 	responsel: foreColor = (0, 0, 0)
295.3734 	EXP 	responsel: foreColor = (0, 0, 0)
295.3901 	EXP 	responsel: foreColor = (0, 0, 0)
295.4068 	EXP 	responsel: foreColor = (0, 0, 0)
295.4234 	EXP 	responsel: foreColor = (0, 0, 0)
295.4401 	EXP 	responsel: foreColor = (0, 0, 0)
295.4567 	EXP 	responsel: foreColor = (0, 0, 0)
295.4734 	EXP 	responsel: foreColor = (0, 0, 0)
295.4901 	EXP 	responsel: foreColor = (0, 0, 0)
295.5067 	EXP 	responsel: foreColor = (0, 0, 0)
295.5234 	EXP 	responsel: foreColor = (0, 0, 0)
295.5401 	EXP 	responsel: foreColor = (0, 0, 0)
295.5567 	EXP 	responsel: foreColor = (0, 0, 0)
295.5734 	EXP 	responsel: foreColor = (0, 0, 0)
295.5900 	EXP 	responsel: foreColor = (0, 0, 0)
295.6067 	EXP 	responsel: foreColor = (0, 0, 0)
295.6234 	EXP 	responsel: foreColor = (0, 0, 0)
295.6401 	EXP 	responsel: foreColor = (0, 0, 0)
295.6568 	EXP 	responsel: foreColor = (0, 0, 0)
295.6734 	EXP 	responsel: foreColor = (0, 0, 0)
295.6901 	EXP 	responsel: foreColor = (0, 0, 0)
295.7067 	EXP 	responsel: foreColor = (0, 0, 0)
295.7234 	EXP 	responsel: foreColor = (0, 0, 0)
295.7401 	EXP 	responsel: foreColor = (0, 0, 0)
295.7567 	EXP 	responsel: foreColor = (0, 0, 0)
295.7734 	EXP 	responsel: foreColor = (0, 0, 0)
295.7901 	EXP 	responsel: foreColor = (0, 0, 0)
295.8067 	EXP 	responsel: foreColor = (0, 0, 0)
295.8233 	EXP 	responsel: foreColor = (0, 0, 0)
295.8400 	EXP 	responsel: foreColor = (0, 0, 0)
295.8568 	EXP 	responsel: foreColor = (0, 0, 0)
295.8734 	EXP 	responsel: foreColor = (0, 0, 0)
295.8901 	EXP 	responsel: foreColor = (0, 0, 0)
295.9067 	EXP 	responsel: foreColor = (0, 0, 0)
295.9234 	EXP 	responsel: foreColor = (0, 0, 0)
295.9401 	EXP 	responsel: foreColor = (0, 0, 0)
295.9567 	EXP 	responsel: foreColor = (0, 0, 0)
295.9734 	EXP 	responsel: foreColor = (0, 0, 0)
295.9901 	EXP 	responsel: foreColor = (0, 0, 0)
296.0068 	EXP 	responsel: foreColor = (0, 0, 0)
296.0234 	EXP 	responsel: foreColor = (0, 0, 0)
296.0401 	EXP 	responsel: foreColor = (0, 0, 0)
296.0567 	EXP 	responsel: foreColor = (0, 0, 0)
296.0734 	EXP 	responsel: foreColor = (0, 0, 0)
296.0901 	EXP 	responsel: foreColor = (0, 0, 0)
296.1068 	EXP 	responsel: foreColor = (0, 0, 0)
296.1234 	EXP 	responsel: foreColor = (0, 0, 0)
296.1401 	EXP 	responsel: foreColor = (0, 0, 0)
296.1568 	EXP 	responsel: foreColor = (0, 0, 0)
296.1734 	EXP 	responsel: foreColor = (0, 0, 0)
296.1901 	EXP 	responsel: foreColor = (0, 0, 0)
296.2067 	EXP 	responsel: foreColor = (0, 0, 0)
296.2235 	EXP 	responsel: foreColor = (0, 0, 0)
296.2400 	EXP 	responsel: foreColor = (0, 0, 0)
296.2568 	EXP 	responsel: foreColor = (0, 0, 0)
296.2734 	EXP 	responsel: foreColor = (0, 0, 0)
296.2902 	EXP 	responsel: foreColor = (0, 0, 0)
296.2902 	EXP 	thermode_locali_pic: autoDraw = False
296.3067 	EXP 	responsel: foreColor = (0, 0, 0)
296.3234 	EXP 	responsel: foreColor = (0, 0, 0)
296.3401 	EXP 	responsel: foreColor = (0, 0, 0)
296.3568 	EXP 	responsel: foreColor = (0, 0, 0)
296.3734 	EXP 	responsel: foreColor = (0, 0, 0)
296.3901 	EXP 	responsel: foreColor = (0, 0, 0)
296.4068 	EXP 	responsel: foreColor = (0, 0, 0)
296.4234 	EXP 	responsel: foreColor = (0, 0, 0)
296.4401 	EXP 	responsel: foreColor = (0, 0, 0)
296.4568 	EXP 	responsel: foreColor = (0, 0, 0)
296.4734 	EXP 	responsel: foreColor = (0, 0, 0)
296.4901 	EXP 	responsel: foreColor = (0, 0, 0)
296.5067 	EXP 	responsel: foreColor = (0, 0, 0)
296.5234 	EXP 	responsel: foreColor = (0, 0, 0)
296.5401 	EXP 	responsel: foreColor = (0, 0, 0)
296.5567 	EXP 	responsel: foreColor = (0, 0, 0)
296.5734 	EXP 	responsel: foreColor = (0, 0, 0)
296.5900 	EXP 	responsel: foreColor = (0, 0, 0)
296.6068 	EXP 	responsel: foreColor = (0, 0, 0)
296.6234 	EXP 	responsel: foreColor = (0, 0, 0)
296.6401 	EXP 	responsel: foreColor = (0, 0, 0)
296.6568 	EXP 	responsel: foreColor = (0, 0, 0)
296.6734 	EXP 	responsel: foreColor = (0, 0, 0)
296.6901 	EXP 	responsel: foreColor = (0, 0, 0)
296.7067 	EXP 	responsel: foreColor = (0, 0, 0)
296.7234 	EXP 	responsel: foreColor = (0, 0, 0)
296.7401 	EXP 	responsel: foreColor = (0, 0, 0)
296.7567 	EXP 	responsel: foreColor = (0, 0, 0)
296.7734 	EXP 	responsel: foreColor = (0, 0, 0)
296.7901 	EXP 	responsel: foreColor = (0, 0, 0)
296.8067 	EXP 	responsel: foreColor = (0, 0, 0)
296.8234 	EXP 	responsel: foreColor = (0, 0, 0)
296.8401 	EXP 	responsel: foreColor = (0, 0, 0)
296.8567 	EXP 	responsel: foreColor = (0, 0, 0)
296.8734 	EXP 	responsel: foreColor = (0, 0, 0)
296.8901 	EXP 	responsel: foreColor = (0, 0, 0)
296.9067 	EXP 	responsel: foreColor = (0, 0, 0)
296.9234 	EXP 	responsel: foreColor = (0, 0, 0)
296.9401 	EXP 	responsel: foreColor = (0, 0, 0)
296.9568 	EXP 	responsel: foreColor = (0, 0, 0)
296.9734 	EXP 	responsel: foreColor = (0, 0, 0)
296.9901 	EXP 	responsel: foreColor = (0, 0, 0)
297.0067 	EXP 	responsel: foreColor = (0, 0, 0)
297.0234 	EXP 	responsel: foreColor = (0, 0, 0)
297.0401 	EXP 	responsel: foreColor = (0, 0, 0)
297.0568 	EXP 	responsel: foreColor = (0, 0, 0)
297.0577 	EXP 	New trial (rep=6, index=0): None
297.0734 	EXP 	responsel: foreColor = (0, 0, 0)
297.0734 	EXP 	responsel: autoDraw = False
297.0734 	EXP 	percu_or: autoDraw = False
297.0734 	EXP 	responser: autoDraw = False
297.0734 	EXP 	thermode_locali_pic: autoDraw = False
297.0734 	EXP 	responsel: autoDraw = False
297.0734 	EXP 	percu_or: autoDraw = False
297.0734 	EXP 	responser: autoDraw = False
297.0734 	EXP 	responsel: foreColor = 'white'
297.0734 	EXP 	responser: foreColor = 'white'
297.0734 	EXP 	text_pic: autoDraw = True
297.0734 	EXP 	croix_3: autoDraw = True
302.0734 	EXP 	text_pic: autoDraw = False
302.0734 	EXP 	croix_3: autoDraw = False
302.0734 	EXP 	text_pic: autoDraw = False
302.0734 	EXP 	croix_3: autoDraw = False
302.0734 	EXP 	thermode_locali_pic: height = 0.02
302.0734 	EXP 	thermode_locali_pic: height = 0.02
302.0734 	EXP 	thermode_locali_pic: height = 0.02
302.0734 	EXP 	thermode_locali_pic: text = 'T : 2'
302.0734 	EXP 	responsel: text = 'NON              '
302.0734 	EXP 	thermode_locali_pic: autoDraw = True
310.0569 	EXP 	responsel: autoDraw = True
310.0569 	EXP 	percu_or: autoDraw = True
310.0569 	EXP 	responser: autoDraw = True
310.5080 	DATA 	Keypress: m
310.5403 	EXP 	responsel: foreColor = (0, 0, 0)
310.5569 	EXP 	responsel: foreColor = (0, 0, 0)
310.5736 	EXP 	responsel: foreColor = (0, 0, 0)
310.5902 	EXP 	responsel: foreColor = (0, 0, 0)
310.6069 	EXP 	responsel: foreColor = (0, 0, 0)
310.6236 	EXP 	responsel: foreColor = (0, 0, 0)
310.6402 	EXP 	responsel: foreColor = (0, 0, 0)
310.6569 	EXP 	responsel: foreColor = (0, 0, 0)
310.6735 	EXP 	responsel: foreColor = (0, 0, 0)
310.6902 	EXP 	responsel: foreColor = (0, 0, 0)
310.7069 	EXP 	responsel: foreColor = (0, 0, 0)
310.7236 	EXP 	responsel: foreColor = (0, 0, 0)
310.7402 	EXP 	responsel: foreColor = (0, 0, 0)
310.7569 	EXP 	responsel: foreColor = (0, 0, 0)
310.7735 	EXP 	responsel: foreColor = (0, 0, 0)
310.7903 	EXP 	responsel: foreColor = (0, 0, 0)
310.8069 	EXP 	responsel: foreColor = (0, 0, 0)
310.8235 	EXP 	responsel: foreColor = (0, 0, 0)
310.8402 	EXP 	responsel: foreColor = (0, 0, 0)
310.8569 	EXP 	responsel: foreColor = (0, 0, 0)
310.8735 	EXP 	responsel: foreColor = (0, 0, 0)
310.8902 	EXP 	responsel: foreColor = (0, 0, 0)
310.9069 	EXP 	responsel: foreColor = (0, 0, 0)
310.9235 	EXP 	responsel: foreColor = (0, 0, 0)
310.9402 	EXP 	responsel: foreColor = (0, 0, 0)
310.9569 	EXP 	responsel: foreColor = (0, 0, 0)
310.9736 	EXP 	responsel: foreColor = (0, 0, 0)
310.9902 	EXP 	responsel: foreColor = (0, 0, 0)
311.0069 	EXP 	responsel: foreColor = (0, 0, 0)
311.0235 	EXP 	responsel: foreColor = (0, 0, 0)
311.0402 	EXP 	responsel: foreColor = (0, 0, 0)
311.0569 	EXP 	responsel: foreColor = (0, 0, 0)
311.0735 	EXP 	responsel: foreColor = (0, 0, 0)
311.0902 	EXP 	responsel: foreColor = (0, 0, 0)
311.1069 	EXP 	responsel: foreColor = (0, 0, 0)
311.1235 	EXP 	responsel: foreColor = (0, 0, 0)
311.1402 	EXP 	responsel: foreColor = (0, 0, 0)
311.1569 	EXP 	responsel: foreColor = (0, 0, 0)
311.1735 	EXP 	responsel: foreColor = (0, 0, 0)
311.1902 	EXP 	responsel: foreColor = (0, 0, 0)
311.2069 	EXP 	responsel: foreColor = (0, 0, 0)
311.2235 	EXP 	responsel: foreColor = (0, 0, 0)
311.2402 	EXP 	responsel: foreColor = (0, 0, 0)
311.2569 	EXP 	responsel: foreColor = (0, 0, 0)
311.2736 	EXP 	responsel: foreColor = (0, 0, 0)
311.2902 	EXP 	responsel: foreColor = (0, 0, 0)
311.3068 	EXP 	responsel: foreColor = (0, 0, 0)
311.3235 	EXP 	responsel: foreColor = (0, 0, 0)
311.3402 	EXP 	responsel: foreColor = (0, 0, 0)
311.3569 	EXP 	responsel: foreColor = (0, 0, 0)
311.3735 	EXP 	responsel: foreColor = (0, 0, 0)
311.3903 	EXP 	responsel: foreColor = (0, 0, 0)
311.4069 	EXP 	responsel: foreColor = (0, 0, 0)
311.4235 	EXP 	responsel: foreColor = (0, 0, 0)
311.4402 	EXP 	responsel: foreColor = (0, 0, 0)
311.4569 	EXP 	responsel: foreColor = (0, 0, 0)
311.4735 	EXP 	responsel: foreColor = (0, 0, 0)
311.4902 	EXP 	responsel: foreColor = (0, 0, 0)
311.5069 	EXP 	responsel: foreColor = (0, 0, 0)
311.5235 	EXP 	responsel: foreColor = (0, 0, 0)
311.5402 	EXP 	responsel: foreColor = (0, 0, 0)
311.5568 	EXP 	responsel: foreColor = (0, 0, 0)
311.5735 	EXP 	responsel: foreColor = (0, 0, 0)
311.5902 	EXP 	responsel: foreColor = (0, 0, 0)
311.6069 	EXP 	responsel: foreColor = (0, 0, 0)
311.6236 	EXP 	responsel: foreColor = (0, 0, 0)
311.6403 	EXP 	responsel: foreColor = (0, 0, 0)
311.6570 	EXP 	responsel: foreColor = (0, 0, 0)
311.6736 	EXP 	responsel: foreColor = (0, 0, 0)
311.6902 	EXP 	responsel: foreColor = (0, 0, 0)
311.7069 	EXP 	responsel: foreColor = (0, 0, 0)
311.7236 	EXP 	responsel: foreColor = (0, 0, 0)
311.7402 	EXP 	responsel: foreColor = (0, 0, 0)
311.7569 	EXP 	responsel: foreColor = (0, 0, 0)
311.7736 	EXP 	responsel: foreColor = (0, 0, 0)
311.7902 	EXP 	responsel: foreColor = (0, 0, 0)
311.8069 	EXP 	responsel: foreColor = (0, 0, 0)
311.8236 	EXP 	responsel: foreColor = (0, 0, 0)
311.8402 	EXP 	responsel: foreColor = (0, 0, 0)
311.8569 	EXP 	responsel: foreColor = (0, 0, 0)
311.8737 	EXP 	responsel: foreColor = (0, 0, 0)
311.8903 	EXP 	responsel: foreColor = (0, 0, 0)
311.9069 	EXP 	responsel: foreColor = (0, 0, 0)
311.9236 	EXP 	responsel: foreColor = (0, 0, 0)
311.9402 	EXP 	responsel: foreColor = (0, 0, 0)
311.9569 	EXP 	responsel: foreColor = (0, 0, 0)
311.9736 	EXP 	responsel: foreColor = (0, 0, 0)
311.9903 	EXP 	responsel: foreColor = (0, 0, 0)
312.0069 	EXP 	responsel: foreColor = (0, 0, 0)
312.0236 	EXP 	responsel: foreColor = (0, 0, 0)
312.0403 	EXP 	responsel: foreColor = (0, 0, 0)
312.0570 	EXP 	responsel: foreColor = (0, 0, 0)
312.0736 	EXP 	responsel: foreColor = (0, 0, 0)
312.0903 	EXP 	responsel: foreColor = (0, 0, 0)
312.1069 	EXP 	responsel: foreColor = (0, 0, 0)
312.1236 	EXP 	responsel: foreColor = (0, 0, 0)
312.1403 	EXP 	responsel: foreColor = (0, 0, 0)
312.1569 	EXP 	responsel: foreColor = (0, 0, 0)
312.1737 	EXP 	responsel: foreColor = (0, 0, 0)
312.1903 	EXP 	responsel: foreColor = (0, 0, 0)
312.2069 	EXP 	responsel: foreColor = (0, 0, 0)
312.2236 	EXP 	responsel: foreColor = (0, 0, 0)
312.2403 	EXP 	responsel: foreColor = (0, 0, 0)
312.2569 	EXP 	responsel: foreColor = (0, 0, 0)
312.2736 	EXP 	responsel: foreColor = (0, 0, 0)
312.2736 	EXP 	thermode_locali_pic: autoDraw = False
312.2903 	EXP 	responsel: foreColor = (0, 0, 0)
312.3069 	EXP 	responsel: foreColor = (0, 0, 0)
312.3236 	EXP 	responsel: foreColor = (0, 0, 0)
312.3403 	EXP 	responsel: foreColor = (0, 0, 0)
312.3570 	EXP 	responsel: foreColor = (0, 0, 0)
312.3736 	EXP 	responsel: foreColor = (0, 0, 0)
312.3903 	EXP 	responsel: foreColor = (0, 0, 0)
312.4069 	EXP 	responsel: foreColor = (0, 0, 0)
312.4236 	EXP 	responsel: foreColor = (0, 0, 0)
312.4403 	EXP 	responsel: foreColor = (0, 0, 0)
312.4569 	EXP 	responsel: foreColor = (0, 0, 0)
312.4737 	EXP 	responsel: foreColor = (0, 0, 0)
312.4903 	EXP 	responsel: foreColor = (0, 0, 0)
312.5069 	EXP 	responsel: foreColor = (0, 0, 0)
312.5236 	EXP 	responsel: foreColor = (0, 0, 0)
312.5403 	EXP 	responsel: foreColor = (0, 0, 0)
312.5569 	EXP 	responsel: foreColor = (0, 0, 0)
312.5735 	EXP 	responsel: foreColor = (0, 0, 0)
312.5902 	EXP 	responsel: foreColor = (0, 0, 0)
312.6069 	EXP 	responsel: foreColor = (0, 0, 0)
312.6236 	EXP 	responsel: foreColor = (0, 0, 0)
312.6403 	EXP 	responsel: foreColor = (0, 0, 0)
312.6570 	EXP 	responsel: foreColor = (0, 0, 0)
312.6736 	EXP 	responsel: foreColor = (0, 0, 0)
312.6903 	EXP 	responsel: foreColor = (0, 0, 0)
312.7069 	EXP 	responsel: foreColor = (0, 0, 0)
312.7236 	EXP 	responsel: foreColor = (0, 0, 0)
312.7403 	EXP 	responsel: foreColor = (0, 0, 0)
312.7569 	EXP 	responsel: foreColor = (0, 0, 0)
312.7736 	EXP 	responsel: foreColor = (0, 0, 0)
312.7903 	EXP 	responsel: foreColor = (0, 0, 0)
312.8069 	EXP 	responsel: foreColor = (0, 0, 0)
312.8236 	EXP 	responsel: foreColor = (0, 0, 0)
312.8403 	EXP 	responsel: foreColor = (0, 0, 0)
312.8569 	EXP 	responsel: foreColor = (0, 0, 0)
312.8736 	EXP 	responsel: foreColor = (0, 0, 0)
312.8902 	EXP 	responsel: foreColor = (0, 0, 0)
312.9069 	EXP 	responsel: foreColor = (0, 0, 0)
312.9237 	EXP 	responsel: foreColor = (0, 0, 0)
312.9403 	EXP 	responsel: foreColor = (0, 0, 0)
312.9569 	EXP 	responsel: foreColor = (0, 0, 0)
312.9736 	EXP 	responsel: foreColor = (0, 0, 0)
312.9903 	EXP 	responsel: foreColor = (0, 0, 0)
313.0069 	EXP 	responsel: foreColor = (0, 0, 0)
313.0236 	EXP 	responsel: foreColor = (0, 0, 0)
313.0403 	EXP 	responsel: foreColor = (0, 0, 0)
313.0413 	EXP 	New trial (rep=7, index=0): None
313.0569 	EXP 	responsel: foreColor = (0, 0, 0)
313.0569 	EXP 	responsel: autoDraw = False
313.0569 	EXP 	percu_or: autoDraw = False
313.0569 	EXP 	responser: autoDraw = False
313.0569 	EXP 	thermode_locali_pic: autoDraw = False
313.0569 	EXP 	responsel: autoDraw = False
313.0569 	EXP 	percu_or: autoDraw = False
313.0569 	EXP 	responser: autoDraw = False
313.0569 	EXP 	responsel: foreColor = 'white'
313.0569 	EXP 	responser: foreColor = 'white'
313.0569 	EXP 	text_pic: autoDraw = True
313.0569 	EXP 	croix_3: autoDraw = True
318.0570 	EXP 	text_pic: autoDraw = False
318.0570 	EXP 	croix_3: autoDraw = False
318.0570 	EXP 	text_pic: autoDraw = False
318.0570 	EXP 	croix_3: autoDraw = False
318.0570 	EXP 	thermode_locali_pic: height = 0.02
318.0570 	EXP 	thermode_locali_pic: height = 0.02
318.0570 	EXP 	thermode_locali_pic: height = 0.02
318.0570 	EXP 	thermode_locali_pic: text = 'T : 3'
318.0570 	EXP 	responsel: text = 'NON              '
318.0570 	EXP 	thermode_locali_pic: autoDraw = True
326.0404 	EXP 	responsel: autoDraw = True
326.0404 	EXP 	percu_or: autoDraw = True
326.0404 	EXP 	responser: autoDraw = True
326.5081 	DATA 	Keypress: n
326.5403 	EXP 	responser: foreColor = (0, 0, 0)
326.5570 	EXP 	responser: foreColor = (0, 0, 0)
326.5737 	EXP 	responser: foreColor = (0, 0, 0)
326.5904 	EXP 	responser: foreColor = (0, 0, 0)
326.6070 	EXP 	responser: foreColor = (0, 0, 0)
326.6237 	EXP 	responser: foreColor = (0, 0, 0)
326.6404 	EXP 	responser: foreColor = (0, 0, 0)
326.6570 	EXP 	responser: foreColor = (0, 0, 0)
326.6737 	EXP 	responser: foreColor = (0, 0, 0)
326.6904 	EXP 	responser: foreColor = (0, 0, 0)
326.7071 	EXP 	responser: foreColor = (0, 0, 0)
326.7237 	EXP 	responser: foreColor = (0, 0, 0)
326.7404 	EXP 	responser: foreColor = (0, 0, 0)
326.7570 	EXP 	responser: foreColor = (0, 0, 0)
326.7737 	EXP 	responser: foreColor = (0, 0, 0)
326.7904 	EXP 	responser: foreColor = (0, 0, 0)
326.8070 	EXP 	responser: foreColor = (0, 0, 0)
326.8237 	EXP 	responser: foreColor = (0, 0, 0)
326.8403 	EXP 	responser: foreColor = (0, 0, 0)
326.8570 	EXP 	responser: foreColor = (0, 0, 0)
326.8737 	EXP 	responser: foreColor = (0, 0, 0)
326.8904 	EXP 	responser: foreColor = (0, 0, 0)
326.9070 	EXP 	responser: foreColor = (0, 0, 0)
326.9237 	EXP 	responser: foreColor = (0, 0, 0)
326.9404 	EXP 	responser: foreColor = (0, 0, 0)
326.9570 	EXP 	responser: foreColor = (0, 0, 0)
326.9737 	EXP 	responser: foreColor = (0, 0, 0)
326.9904 	EXP 	responser: foreColor = (0, 0, 0)
327.0070 	EXP 	responser: foreColor = (0, 0, 0)
327.0237 	EXP 	responser: foreColor = (0, 0, 0)
327.0405 	EXP 	responser: foreColor = (0, 0, 0)
327.0571 	EXP 	responser: foreColor = (0, 0, 0)
327.0737 	EXP 	responser: foreColor = (0, 0, 0)
327.0904 	EXP 	responser: foreColor = (0, 0, 0)
327.1071 	EXP 	responser: foreColor = (0, 0, 0)
327.1237 	EXP 	responser: foreColor = (0, 0, 0)
327.1404 	EXP 	responser: foreColor = (0, 0, 0)
327.1571 	EXP 	responser: foreColor = (0, 0, 0)
327.1737 	EXP 	responser: foreColor = (0, 0, 0)
327.1904 	EXP 	responser: foreColor = (0, 0, 0)
327.2071 	EXP 	responser: foreColor = (0, 0, 0)
327.2238 	EXP 	responser: foreColor = (0, 0, 0)
327.2404 	EXP 	responser: foreColor = (0, 0, 0)
327.2570 	EXP 	responser: foreColor = (0, 0, 0)
327.2737 	EXP 	responser: foreColor = (0, 0, 0)
327.2904 	EXP 	responser: foreColor = (0, 0, 0)
327.3070 	EXP 	responser: foreColor = (0, 0, 0)
327.3237 	EXP 	responser: foreColor = (0, 0, 0)
327.3404 	EXP 	responser: foreColor = (0, 0, 0)
327.3571 	EXP 	responser: foreColor = (0, 0, 0)
327.3736 	EXP 	responser: foreColor = (0, 0, 0)
327.3904 	EXP 	responser: foreColor = (0, 0, 0)
327.4071 	EXP 	responser: foreColor = (0, 0, 0)
327.4237 	EXP 	responser: foreColor = (0, 0, 0)
327.4404 	EXP 	responser: foreColor = (0, 0, 0)
327.4571 	EXP 	responser: foreColor = (0, 0, 0)
327.4737 	EXP 	responser: foreColor = (0, 0, 0)
327.4904 	EXP 	responser: foreColor = (0, 0, 0)
327.5071 	EXP 	responser: foreColor = (0, 0, 0)
327.5238 	EXP 	responser: foreColor = (0, 0, 0)
327.5404 	EXP 	responser: foreColor = (0, 0, 0)
327.5571 	EXP 	responser: foreColor = (0, 0, 0)
327.5737 	EXP 	responser: foreColor = (0, 0, 0)
327.5904 	EXP 	responser: foreColor = (0, 0, 0)
327.6071 	EXP 	responser: foreColor = (0, 0, 0)
327.6237 	EXP 	responser: foreColor = (0, 0, 0)
327.6404 	EXP 	responser: foreColor = (0, 0, 0)
327.6571 	EXP 	responser: foreColor = (0, 0, 0)
327.6737 	EXP 	responser: foreColor = (0, 0, 0)
327.6904 	EXP 	responser: foreColor = (0, 0, 0)
327.7071 	EXP 	responser: foreColor = (0, 0, 0)
327.7237 	EXP 	responser: foreColor = (0, 0, 0)
327.7404 	EXP 	responser: foreColor = (0, 0, 0)
327.7571 	EXP 	responser: foreColor = (0, 0, 0)
327.7737 	EXP 	responser: foreColor = (0, 0, 0)
327.7904 	EXP 	responser: foreColor = (0, 0, 0)
327.8071 	EXP 	responser: foreColor = (0, 0, 0)
327.8237 	EXP 	responser: foreColor = (0, 0, 0)
327.8404 	EXP 	responser: foreColor = (0, 0, 0)
327.8571 	EXP 	responser: foreColor = (0, 0, 0)
327.8738 	EXP 	responser: foreColor = (0, 0, 0)
327.8905 	EXP 	responser: foreColor = (0, 0, 0)
327.9070 	EXP 	responser: foreColor = (0, 0, 0)
327.9237 	EXP 	responser: foreColor = (0, 0, 0)
327.9403 	EXP 	responser: foreColor = (0, 0, 0)
327.9571 	EXP 	responser: foreColor = (0, 0, 0)
327.9738 	EXP 	responser: foreColor = (0, 0, 0)
327.9904 	EXP 	responser: foreColor = (0, 0, 0)
328.0071 	EXP 	responser: foreColor = (0, 0, 0)
328.0238 	EXP 	responser: foreColor = (0, 0, 0)
328.0404 	EXP 	responser: foreColor = (0, 0, 0)
328.0571 	EXP 	responser: foreColor = (0, 0, 0)
328.0738 	EXP 	responser: foreColor = (0, 0, 0)
328.0905 	EXP 	responser: foreColor = (0, 0, 0)
328.1071 	EXP 	responser: foreColor = (0, 0, 0)
328.1237 	EXP 	responser: foreColor = (0, 0, 0)
328.1404 	EXP 	responser: foreColor = (0, 0, 0)
328.1571 	EXP 	responser: foreColor = (0, 0, 0)
328.1738 	EXP 	responser: foreColor = (0, 0, 0)
328.1905 	EXP 	responser: foreColor = (0, 0, 0)
328.2071 	EXP 	responser: foreColor = (0, 0, 0)
328.2238 	EXP 	responser: foreColor = (0, 0, 0)
328.2404 	EXP 	responser: foreColor = (0, 0, 0)
328.2571 	EXP 	responser: foreColor = (0, 0, 0)
328.2571 	EXP 	thermode_locali_pic: autoDraw = False
328.2738 	EXP 	responser: foreColor = (0, 0, 0)
328.2904 	EXP 	responser: foreColor = (0, 0, 0)
328.3071 	EXP 	responser: foreColor = (0, 0, 0)
328.3237 	EXP 	responser: foreColor = (0, 0, 0)
328.3404 	EXP 	responser: foreColor = (0, 0, 0)
328.3571 	EXP 	responser: foreColor = (0, 0, 0)
328.3737 	EXP 	responser: foreColor = (0, 0, 0)
328.3904 	EXP 	responser: foreColor = (0, 0, 0)
328.4071 	EXP 	responser: foreColor = (0, 0, 0)
328.4237 	EXP 	responser: foreColor = (0, 0, 0)
328.4404 	EXP 	responser: foreColor = (0, 0, 0)
328.4571 	EXP 	responser: foreColor = (0, 0, 0)
328.4738 	EXP 	responser: foreColor = (0, 0, 0)
328.4904 	EXP 	responser: foreColor = (0, 0, 0)
328.5071 	EXP 	responser: foreColor = (0, 0, 0)
328.5237 	EXP 	responser: foreColor = (0, 0, 0)
328.5404 	EXP 	responser: foreColor = (0, 0, 0)
328.5571 	EXP 	responser: foreColor = (0, 0, 0)
328.5738 	EXP 	responser: foreColor = (0, 0, 0)
328.5904 	EXP 	responser: foreColor = (0, 0, 0)
328.6071 	EXP 	responser: foreColor = (0, 0, 0)
328.6238 	EXP 	responser: foreColor = (0, 0, 0)
328.6404 	EXP 	responser: foreColor = (0, 0, 0)
328.6571 	EXP 	responser: foreColor = (0, 0, 0)
328.6738 	EXP 	responser: foreColor = (0, 0, 0)
328.6904 	EXP 	responser: foreColor = (0, 0, 0)
328.7071 	EXP 	responser: foreColor = (0, 0, 0)
328.7237 	EXP 	responser: foreColor = (0, 0, 0)
328.7404 	EXP 	responser: foreColor = (0, 0, 0)
328.7571 	EXP 	responser: foreColor = (0, 0, 0)
328.7738 	EXP 	responser: foreColor = (0, 0, 0)
328.7904 	EXP 	responser: foreColor = (0, 0, 0)
328.8071 	EXP 	responser: foreColor = (0, 0, 0)
328.8238 	EXP 	responser: foreColor = (0, 0, 0)
328.8405 	EXP 	responser: foreColor = (0, 0, 0)
328.8571 	EXP 	responser: foreColor = (0, 0, 0)
328.8738 	EXP 	responser: foreColor = (0, 0, 0)
328.8904 	EXP 	responser: foreColor = (0, 0, 0)
328.9071 	EXP 	responser: foreColor = (0, 0, 0)
328.9237 	EXP 	responser: foreColor = (0, 0, 0)
328.9404 	EXP 	responser: foreColor = (0, 0, 0)
328.9571 	EXP 	responser: foreColor = (0, 0, 0)
328.9738 	EXP 	responser: foreColor = (0, 0, 0)
328.9904 	EXP 	responser: foreColor = (0, 0, 0)
329.0071 	EXP 	responser: foreColor = (0, 0, 0)
329.0237 	EXP 	responser: foreColor = (0, 0, 0)
329.0247 	EXP 	New trial (rep=8, index=0): None
329.0404 	EXP 	responser: foreColor = (0, 0, 0)
329.0404 	EXP 	responsel: autoDraw = False
329.0404 	EXP 	percu_or: autoDraw = False
329.0404 	EXP 	responser: autoDraw = False
329.0404 	EXP 	thermode_locali_pic: autoDraw = False
329.0404 	EXP 	responsel: autoDraw = False
329.0404 	EXP 	percu_or: autoDraw = False
329.0404 	EXP 	responser: autoDraw = False
329.0404 	EXP 	responsel: foreColor = 'white'
329.0404 	EXP 	responser: foreColor = 'white'
329.0404 	EXP 	text_pic: autoDraw = True
329.0404 	EXP 	croix_3: autoDraw = True
334.0405 	EXP 	text_pic: autoDraw = False
334.0405 	EXP 	croix_3: autoDraw = False
334.0405 	EXP 	text_pic: autoDraw = False
334.0405 	EXP 	croix_3: autoDraw = False
334.0405 	EXP 	thermode_locali_pic: height = 0.02
334.0405 	EXP 	thermode_locali_pic: height = 0.02
334.0405 	EXP 	thermode_locali_pic: height = 0.02
334.0405 	EXP 	thermode_locali_pic: text = 'T : 0'
334.0405 	EXP 	responsel: text = 'NON              '
334.0405 	EXP 	thermode_locali_pic: autoDraw = True
342.0239 	EXP 	responsel: autoDraw = True
342.0239 	EXP 	percu_or: autoDraw = True
342.0239 	EXP 	responser: autoDraw = True
342.5083 	DATA 	Keypress: m
342.5406 	EXP 	responsel: foreColor = (0, 0, 0)
342.5573 	EXP 	responsel: foreColor = (0, 0, 0)
342.5739 	EXP 	responsel: foreColor = (0, 0, 0)
342.5906 	EXP 	responsel: foreColor = (0, 0, 0)
342.6072 	EXP 	responsel: foreColor = (0, 0, 0)
342.6239 	EXP 	responsel: foreColor = (0, 0, 0)
342.6406 	EXP 	responsel: foreColor = (0, 0, 0)
342.6572 	EXP 	responsel: foreColor = (0, 0, 0)
342.6739 	EXP 	responsel: foreColor = (0, 0, 0)
342.6906 	EXP 	responsel: foreColor = (0, 0, 0)
342.7072 	EXP 	responsel: foreColor = (0, 0, 0)
342.7239 	EXP 	responsel: foreColor = (0, 0, 0)
342.7406 	EXP 	responsel: foreColor = (0, 0, 0)
342.7573 	EXP 	responsel: foreColor = (0, 0, 0)
342.7739 	EXP 	responsel: foreColor = (0, 0, 0)
342.7906 	EXP 	responsel: foreColor = (0, 0, 0)
342.8073 	EXP 	responsel: foreColor = (0, 0, 0)
342.8240 	EXP 	responsel: foreColor = (0, 0, 0)
342.8406 	EXP 	responsel: foreColor = (0, 0, 0)
342.8572 	EXP 	responsel: foreColor = (0, 0, 0)
342.8739 	EXP 	responsel: foreColor = (0, 0, 0)
342.8906 	EXP 	responsel: foreColor = (0, 0, 0)
342.9072 	EXP 	responsel: foreColor = (0, 0, 0)
342.9239 	EXP 	responsel: foreColor = (0, 0, 0)
342.9406 	EXP 	responsel: foreColor = (0, 0, 0)
342.9573 	EXP 	responsel: foreColor = (0, 0, 0)
342.9740 	EXP 	responsel: foreColor = (0, 0, 0)
342.9906 	EXP 	responsel: foreColor = (0, 0, 0)
343.0072 	EXP 	responsel: foreColor = (0, 0, 0)
343.0239 	EXP 	responsel: foreColor = (0, 0, 0)
343.0405 	EXP 	responsel: foreColor = (0, 0, 0)
343.0573 	EXP 	responsel: foreColor = (0, 0, 0)
343.0739 	EXP 	responsel: foreColor = (0, 0, 0)
343.0906 	EXP 	responsel: foreColor = (0, 0, 0)
343.1073 	EXP 	responsel: foreColor = (0, 0, 0)
343.1239 	EXP 	responsel: foreColor = (0, 0, 0)
343.1406 	EXP 	responsel: foreColor = (0, 0, 0)
343.1573 	EXP 	responsel: foreColor = (0, 0, 0)
343.1739 	EXP 	responsel: foreColor = (0, 0, 0)
343.1906 	EXP 	responsel: foreColor = (0, 0, 0)
343.2073 	EXP 	responsel: foreColor = (0, 0, 0)
343.2239 	EXP 	responsel: foreColor = (0, 0, 0)
343.2406 	EXP 	responsel: foreColor = (0, 0, 0)
343.2573 	EXP 	responsel: foreColor = (0, 0, 0)
343.2739 	EXP 	responsel: foreColor = (0, 0, 0)
343.2906 	EXP 	responsel: foreColor = (0, 0, 0)
343.3073 	EXP 	responsel: foreColor = (0, 0, 0)
343.3239 	EXP 	responsel: foreColor = (0, 0, 0)
343.3405 	EXP 	responsel: foreColor = (0, 0, 0)
343.3573 	EXP 	responsel: foreColor = (0, 0, 0)
343.3740 	EXP 	responsel: foreColor = (0, 0, 0)
343.3906 	EXP 	responsel: foreColor = (0, 0, 0)
343.4073 	EXP 	responsel: foreColor = (0, 0, 0)
343.4239 	EXP 	responsel: foreColor = (0, 0, 0)
343.4406 	EXP 	responsel: foreColor = (0, 0, 0)
343.4573 	EXP 	responsel: foreColor = (0, 0, 0)
343.4739 	EXP 	responsel: foreColor = (0, 0, 0)
343.4906 	EXP 	responsel: foreColor = (0, 0, 0)
343.5073 	EXP 	responsel: foreColor = (0, 0, 0)
343.5239 	EXP 	responsel: foreColor = (0, 0, 0)
343.5406 	EXP 	responsel: foreColor = (0, 0, 0)
343.5573 	EXP 	responsel: foreColor = (0, 0, 0)
343.5739 	EXP 	responsel: foreColor = (0, 0, 0)
343.5906 	EXP 	responsel: foreColor = (0, 0, 0)
343.6073 	EXP 	responsel: foreColor = (0, 0, 0)
343.6239 	EXP 	responsel: foreColor = (0, 0, 0)
343.6406 	EXP 	responsel: foreColor = (0, 0, 0)
343.6573 	EXP 	responsel: foreColor = (0, 0, 0)
343.6739 	EXP 	responsel: foreColor = (0, 0, 0)
343.6906 	EXP 	responsel: foreColor = (0, 0, 0)
343.7073 	EXP 	responsel: foreColor = (0, 0, 0)
343.7239 	EXP 	responsel: foreColor = (0, 0, 0)
343.7406 	EXP 	responsel: foreColor = (0, 0, 0)
343.7573 	EXP 	responsel: foreColor = (0, 0, 0)
343.7739 	EXP 	responsel: foreColor = (0, 0, 0)
343.7906 	EXP 	responsel: foreColor = (0, 0, 0)
343.8073 	EXP 	responsel: foreColor = (0, 0, 0)
343.8239 	EXP 	responsel: foreColor = (0, 0, 0)
343.8406 	EXP 	responsel: foreColor = (0, 0, 0)
343.8573 	EXP 	responsel: foreColor = (0, 0, 0)
343.8739 	EXP 	responsel: foreColor = (0, 0, 0)
343.8906 	EXP 	responsel: foreColor = (0, 0, 0)
343.9074 	EXP 	responsel: foreColor = (0, 0, 0)
343.9238 	EXP 	responsel: foreColor = (0, 0, 0)
343.9406 	EXP 	responsel: foreColor = (0, 0, 0)
343.9573 	EXP 	responsel: foreColor = (0, 0, 0)
343.9739 	EXP 	responsel: foreColor = (0, 0, 0)
343.9905 	EXP 	responsel: foreColor = (0, 0, 0)
344.0073 	EXP 	responsel: foreColor = (0, 0, 0)
344.0240 	EXP 	responsel: foreColor = (0, 0, 0)
344.0406 	EXP 	responsel: foreColor = (0, 0, 0)
344.0572 	EXP 	responsel: foreColor = (0, 0, 0)
344.0739 	EXP 	responsel: foreColor = (0, 0, 0)
344.0906 	EXP 	responsel: foreColor = (0, 0, 0)
344.1072 	EXP 	responsel: foreColor = (0, 0, 0)
344.1239 	EXP 	responsel: foreColor = (0, 0, 0)
344.1406 	EXP 	responsel: foreColor = (0, 0, 0)
344.1572 	EXP 	responsel: foreColor = (0, 0, 0)
344.1739 	EXP 	responsel: foreColor = (0, 0, 0)
344.1906 	EXP 	responsel: foreColor = (0, 0, 0)
344.2072 	EXP 	responsel: foreColor = (0, 0, 0)
344.2239 	EXP 	responsel: foreColor = (0, 0, 0)
344.2406 	EXP 	responsel: foreColor = (0, 0, 0)
344.2406 	EXP 	thermode_locali_pic: autoDraw = False
344.2572 	EXP 	responsel: foreColor = (0, 0, 0)
344.2739 	EXP 	responsel: foreColor = (0, 0, 0)
344.2905 	EXP 	responsel: foreColor = (0, 0, 0)
344.3072 	EXP 	responsel: foreColor = (0, 0, 0)
344.3239 	EXP 	responsel: foreColor = (0, 0, 0)
344.3406 	EXP 	responsel: foreColor = (0, 0, 0)
344.3572 	EXP 	responsel: foreColor = (0, 0, 0)
344.3739 	EXP 	responsel: foreColor = (0, 0, 0)
344.3906 	EXP 	responsel: foreColor = (0, 0, 0)
344.4073 	EXP 	responsel: foreColor = (0, 0, 0)
344.4239 	EXP 	responsel: foreColor = (0, 0, 0)
344.4406 	EXP 	responsel: foreColor = (0, 0, 0)
344.4572 	EXP 	responsel: foreColor = (0, 0, 0)
344.4739 	EXP 	responsel: foreColor = (0, 0, 0)
344.4906 	EXP 	responsel: foreColor = (0, 0, 0)
344.5073 	EXP 	responsel: foreColor = (0, 0, 0)
344.5239 	EXP 	responsel: foreColor = (0, 0, 0)
344.5406 	EXP 	responsel: foreColor = (0, 0, 0)
344.5572 	EXP 	responsel: foreColor = (0, 0, 0)
344.5739 	EXP 	responsel: foreColor = (0, 0, 0)
344.5905 	EXP 	responsel: foreColor = (0, 0, 0)
344.6072 	EXP 	responsel: foreColor = (0, 0, 0)
344.6239 	EXP 	responsel: foreColor = (0, 0, 0)
344.6406 	EXP 	responsel: foreColor = (0, 0, 0)
344.6572 	EXP 	responsel: foreColor = (0, 0, 0)
344.6739 	EXP 	responsel: foreColor = (0, 0, 0)
344.6906 	EXP 	responsel: foreColor = (0, 0, 0)
344.7072 	EXP 	responsel: foreColor = (0, 0, 0)
344.7239 	EXP 	responsel: foreColor = (0, 0, 0)
344.7406 	EXP 	responsel: foreColor = (0, 0, 0)
344.7572 	EXP 	responsel: foreColor = (0, 0, 0)
344.7739 	EXP 	responsel: foreColor = (0, 0, 0)
344.7906 	EXP 	responsel: foreColor = (0, 0, 0)
344.8073 	EXP 	responsel: foreColor = (0, 0, 0)
344.8239 	EXP 	responsel: foreColor = (0, 0, 0)
344.8406 	EXP 	responsel: foreColor = (0, 0, 0)
344.8572 	EXP 	responsel: foreColor = (0, 0, 0)
344.8739 	EXP 	responsel: foreColor = (0, 0, 0)
344.8906 	EXP 	responsel: foreColor = (0, 0, 0)
344.9072 	EXP 	responsel: foreColor = (0, 0, 0)
344.9239 	EXP 	responsel: foreColor = (0, 0, 0)
344.9405 	EXP 	responsel: foreColor = (0, 0, 0)
344.9572 	EXP 	responsel: foreColor = (0, 0, 0)
344.9739 	EXP 	responsel: foreColor = (0, 0, 0)
344.9906 	EXP 	responsel: foreColor = (0, 0, 0)
345.0072 	EXP 	responsel: foreColor = (0, 0, 0)
345.0082 	EXP 	New trial (rep=9, index=0): None
345.0239 	EXP 	responsel: foreColor = (0, 0, 0)
345.0239 	EXP 	responsel: autoDraw = False
345.0239 	EXP 	percu_or: autoDraw = False
345.0239 	EXP 	responser: autoDraw = False
345.0239 	EXP 	thermode_locali_pic: autoDraw = False
345.0239 	EXP 	responsel: autoDraw = False
345.0239 	EXP 	percu_or: autoDraw = False
345.0239 	EXP 	responser: autoDraw = False
345.0239 	EXP 	responsel: foreColor = 'white'
345.0239 	EXP 	responser: foreColor = 'white'
345.0239 	EXP 	text_pic: autoDraw = True
345.0239 	EXP 	croix_3: autoDraw = True
350.0240 	EXP 	text_pic: autoDraw = False
350.0240 	EXP 	croix_3: autoDraw = False
350.0240 	EXP 	text_pic: autoDraw = False
350.0240 	EXP 	croix_3: autoDraw = False
350.0240 	EXP 	thermode_locali_pic: height = 0.02
350.0240 	EXP 	thermode_locali_pic: height = 0.02
350.0240 	EXP 	thermode_locali_pic: height = 0.02
350.0240 	EXP 	thermode_locali_pic: text = 'T : 1'
350.0240 	EXP 	responsel: text = 'NON              '
350.0240 	EXP 	thermode_locali_pic: autoDraw = True
358.0074 	EXP 	responsel: autoDraw = True
358.0074 	EXP 	percu_or: autoDraw = True
358.0074 	EXP 	responser: autoDraw = True
358.7085 	DATA 	Keypress: n
358.7408 	EXP 	responser: foreColor = (0, 0, 0)
358.7574 	EXP 	responser: foreColor = (0, 0, 0)
358.7741 	EXP 	responser: foreColor = (0, 0, 0)
358.7907 	EXP 	responser: foreColor = (0, 0, 0)
358.8074 	EXP 	responser: foreColor = (0, 0, 0)
358.8240 	EXP 	responser: foreColor = (0, 0, 0)
358.8407 	EXP 	responser: foreColor = (0, 0, 0)
358.8574 	EXP 	responser: foreColor = (0, 0, 0)
358.8741 	EXP 	responser: foreColor = (0, 0, 0)
358.8907 	EXP 	responser: foreColor = (0, 0, 0)
358.9074 	EXP 	responser: foreColor = (0, 0, 0)
358.9240 	EXP 	responser: foreColor = (0, 0, 0)
358.9407 	EXP 	responser: foreColor = (0, 0, 0)
358.9574 	EXP 	responser: foreColor = (0, 0, 0)
358.9741 	EXP 	responser: foreColor = (0, 0, 0)
358.9907 	EXP 	responser: foreColor = (0, 0, 0)
359.0074 	EXP 	responser: foreColor = (0, 0, 0)
359.0240 	EXP 	responser: foreColor = (0, 0, 0)
359.0408 	EXP 	responser: foreColor = (0, 0, 0)
359.0574 	EXP 	responser: foreColor = (0, 0, 0)
359.0741 	EXP 	responser: foreColor = (0, 0, 0)
359.0907 	EXP 	responser: foreColor = (0, 0, 0)
359.1074 	EXP 	responser: foreColor = (0, 0, 0)
359.1240 	EXP 	responser: foreColor = (0, 0, 0)
359.1407 	EXP 	responser: foreColor = (0, 0, 0)
359.1574 	EXP 	responser: foreColor = (0, 0, 0)
359.1741 	EXP 	responser: foreColor = (0, 0, 0)
359.1907 	EXP 	responser: foreColor = (0, 0, 0)
359.2074 	EXP 	responser: foreColor = (0, 0, 0)
359.2240 	EXP 	responser: foreColor = (0, 0, 0)
359.2408 	EXP 	responser: foreColor = (0, 0, 0)
359.2574 	EXP 	responser: foreColor = (0, 0, 0)
359.2741 	EXP 	responser: foreColor = (0, 0, 0)
359.2908 	EXP 	responser: foreColor = (0, 0, 0)
359.3074 	EXP 	responser: foreColor = (0, 0, 0)
359.3241 	EXP 	responser: foreColor = (0, 0, 0)
359.3408 	EXP 	responser: foreColor = (0, 0, 0)
359.3574 	EXP 	responser: foreColor = (0, 0, 0)
359.3741 	EXP 	responser: foreColor = (0, 0, 0)
359.3907 	EXP 	responser: foreColor = (0, 0, 0)
359.4074 	EXP 	responser: foreColor = (0, 0, 0)
359.4240 	EXP 	responser: foreColor = (0, 0, 0)
359.4408 	EXP 	responser: foreColor = (0, 0, 0)
359.4574 	EXP 	responser: foreColor = (0, 0, 0)
359.4741 	EXP 	responser: foreColor = (0, 0, 0)
359.4908 	EXP 	responser: foreColor = (0, 0, 0)
359.5074 	EXP 	responser: foreColor = (0, 0, 0)
359.5241 	EXP 	responser: foreColor = (0, 0, 0)
359.5407 	EXP 	responser: foreColor = (0, 0, 0)
359.5574 	EXP 	responser: foreColor = (0, 0, 0)
359.5741 	EXP 	responser: foreColor = (0, 0, 0)
359.5907 	EXP 	responser: foreColor = (0, 0, 0)
359.6074 	EXP 	responser: foreColor = (0, 0, 0)
359.6241 	EXP 	responser: foreColor = (0, 0, 0)
359.6408 	EXP 	responser: foreColor = (0, 0, 0)
359.6574 	EXP 	responser: foreColor = (0, 0, 0)
359.6741 	EXP 	responser: foreColor = (0, 0, 0)
359.6907 	EXP 	responser: foreColor = (0, 0, 0)
359.7074 	EXP 	responser: foreColor = (0, 0, 0)
359.7240 	EXP 	responser: foreColor = (0, 0, 0)
359.7407 	EXP 	responser: foreColor = (0, 0, 0)
359.7574 	EXP 	responser: foreColor = (0, 0, 0)
359.7741 	EXP 	responser: foreColor = (0, 0, 0)
359.7907 	EXP 	responser: foreColor = (0, 0, 0)
359.8074 	EXP 	responser: foreColor = (0, 0, 0)
359.8241 	EXP 	responser: foreColor = (0, 0, 0)
359.8407 	EXP 	responser: foreColor = (0, 0, 0)
359.8574 	EXP 	responser: foreColor = (0, 0, 0)
359.8741 	EXP 	responser: foreColor = (0, 0, 0)
359.8908 	EXP 	responser: foreColor = (0, 0, 0)
359.9074 	EXP 	responser: foreColor = (0, 0, 0)
359.9241 	EXP 	responser: foreColor = (0, 0, 0)
359.9407 	EXP 	responser: foreColor = (0, 0, 0)
359.9574 	EXP 	responser: foreColor = (0, 0, 0)
359.9740 	EXP 	responser: foreColor = (0, 0, 0)
359.9907 	EXP 	responser: foreColor = (0, 0, 0)
360.0074 	EXP 	responser: foreColor = (0, 0, 0)
360.0241 	EXP 	responser: foreColor = (0, 0, 0)
360.0407 	EXP 	responser: foreColor = (0, 0, 0)
360.0574 	EXP 	responser: foreColor = (0, 0, 0)
360.0741 	EXP 	responser: foreColor = (0, 0, 0)
360.0907 	EXP 	responser: foreColor = (0, 0, 0)
360.1074 	EXP 	responser: foreColor = (0, 0, 0)
360.1240 	EXP 	responser: foreColor = (0, 0, 0)
360.1407 	EXP 	responser: foreColor = (0, 0, 0)
360.1574 	EXP 	responser: foreColor = (0, 0, 0)
360.1741 	EXP 	responser: foreColor = (0, 0, 0)
360.1908 	EXP 	responser: foreColor = (0, 0, 0)
360.2074 	EXP 	responser: foreColor = (0, 0, 0)
360.2241 	EXP 	responser: foreColor = (0, 0, 0)
360.2241 	EXP 	thermode_locali_pic: autoDraw = False
360.2408 	EXP 	responser: foreColor = (0, 0, 0)
360.2574 	EXP 	responser: foreColor = (0, 0, 0)
360.2741 	EXP 	responser: foreColor = (0, 0, 0)
360.2907 	EXP 	responser: foreColor = (0, 0, 0)
360.3075 	EXP 	responser: foreColor = (0, 0, 0)
360.3241 	EXP 	responser: foreColor = (0, 0, 0)
360.3407 	EXP 	responser: foreColor = (0, 0, 0)
360.3574 	EXP 	responser: foreColor = (0, 0, 0)
360.3741 	EXP 	responser: foreColor = (0, 0, 0)
360.3908 	EXP 	responser: foreColor = (0, 0, 0)
360.4074 	EXP 	responser: foreColor = (0, 0, 0)
360.4241 	EXP 	responser: foreColor = (0, 0, 0)
360.4407 	EXP 	responser: foreColor = (0, 0, 0)
360.4575 	EXP 	responser: foreColor = (0, 0, 0)
360.4741 	EXP 	responser: foreColor = (0, 0, 0)
360.4908 	EXP 	responser: foreColor = (0, 0, 0)
360.5074 	EXP 	responser: foreColor = (0, 0, 0)
360.5241 	EXP 	responser: foreColor = (0, 0, 0)
360.5408 	EXP 	responser: foreColor = (0, 0, 0)
360.5574 	EXP 	responser: foreColor = (0, 0, 0)
360.5741 	EXP 	responser: foreColor = (0, 0, 0)
360.5908 	EXP 	responser: foreColor = (0, 0, 0)
360.6074 	EXP 	responser: foreColor = (0, 0, 0)
360.6241 	EXP 	responser: foreColor = (0, 0, 0)
360.6408 	EXP 	responser: foreColor = (0, 0, 0)
360.6574 	EXP 	responser: foreColor = (0, 0, 0)
360.6741 	EXP 	responser: foreColor = (0, 0, 0)
360.6908 	EXP 	responser: foreColor = (0, 0, 0)
360.7074 	EXP 	responser: foreColor = (0, 0, 0)
360.7241 	EXP 	responser: foreColor = (0, 0, 0)
360.7408 	EXP 	responser: foreColor = (0, 0, 0)
360.7574 	EXP 	responser: foreColor = (0, 0, 0)
360.7741 	EXP 	responser: foreColor = (0, 0, 0)
360.7908 	EXP 	responser: foreColor = (0, 0, 0)
360.8074 	EXP 	responser: foreColor = (0, 0, 0)
360.8241 	EXP 	responser: foreColor = (0, 0, 0)
360.8408 	EXP 	responser: foreColor = (0, 0, 0)
360.8575 	EXP 	responser: foreColor = (0, 0, 0)
360.8741 	EXP 	responser: foreColor = (0, 0, 0)
360.8908 	EXP 	responser: foreColor = (0, 0, 0)
360.9074 	EXP 	responser: foreColor = (0, 0, 0)
360.9241 	EXP 	responser: foreColor = (0, 0, 0)
360.9407 	EXP 	responser: foreColor = (0, 0, 0)
360.9574 	EXP 	responser: foreColor = (0, 0, 0)
360.9741 	EXP 	responser: foreColor = (0, 0, 0)
360.9908 	EXP 	responser: foreColor = (0, 0, 0)
360.9917 	EXP 	New trial (rep=10, index=0): None
361.0074 	EXP 	responser: foreColor = (0, 0, 0)
361.0074 	EXP 	responsel: autoDraw = False
361.0074 	EXP 	percu_or: autoDraw = False
361.0074 	EXP 	responser: autoDraw = False
361.0074 	EXP 	thermode_locali_pic: autoDraw = False
361.0074 	EXP 	responsel: autoDraw = False
361.0074 	EXP 	percu_or: autoDraw = False
361.0074 	EXP 	responser: autoDraw = False
361.0074 	EXP 	responsel: foreColor = 'white'
361.0074 	EXP 	responser: foreColor = 'white'
361.0074 	EXP 	text_pic: autoDraw = True
361.0074 	EXP 	croix_3: autoDraw = True
366.0076 	EXP 	text_pic: autoDraw = False
366.0076 	EXP 	croix_3: autoDraw = False
366.0076 	EXP 	text_pic: autoDraw = False
366.0076 	EXP 	croix_3: autoDraw = False
366.0076 	EXP 	thermode_locali_pic: height = 0.02
366.0076 	EXP 	thermode_locali_pic: height = 0.02
366.0076 	EXP 	thermode_locali_pic: height = 0.02
366.0076 	EXP 	thermode_locali_pic: text = 'T : 2'
366.0076 	EXP 	responsel: text = 'NON              '
366.0076 	EXP 	thermode_locali_pic: autoDraw = True
373.9910 	EXP 	responsel: autoDraw = True
373.9910 	EXP 	percu_or: autoDraw = True
373.9910 	EXP 	responser: autoDraw = True
374.5419 	DATA 	Keypress: m
374.5742 	EXP 	responsel: foreColor = (0, 0, 0)
374.5909 	EXP 	responsel: foreColor = (0, 0, 0)
374.6076 	EXP 	responsel: foreColor = (0, 0, 0)
374.6243 	EXP 	responsel: foreColor = (0, 0, 0)
374.6409 	EXP 	responsel: foreColor = (0, 0, 0)
374.6576 	EXP 	responsel: foreColor = (0, 0, 0)
374.6743 	EXP 	responsel: foreColor = (0, 0, 0)
374.6910 	EXP 	responsel: foreColor = (0, 0, 0)
374.7075 	EXP 	responsel: foreColor = (0, 0, 0)
374.7243 	EXP 	responsel: foreColor = (0, 0, 0)
374.7409 	EXP 	responsel: foreColor = (0, 0, 0)
374.7576 	EXP 	responsel: foreColor = (0, 0, 0)
374.7742 	EXP 	responsel: foreColor = (0, 0, 0)
374.7909 	EXP 	responsel: foreColor = (0, 0, 0)
374.8075 	EXP 	responsel: foreColor = (0, 0, 0)
374.8242 	EXP 	responsel: foreColor = (0, 0, 0)
374.8408 	EXP 	responsel: foreColor = (0, 0, 0)
374.8576 	EXP 	responsel: foreColor = (0, 0, 0)
374.8742 	EXP 	responsel: foreColor = (0, 0, 0)
374.8909 	EXP 	responsel: foreColor = (0, 0, 0)
374.9076 	EXP 	responsel: foreColor = (0, 0, 0)
374.9243 	EXP 	responsel: foreColor = (0, 0, 0)
374.9409 	EXP 	responsel: foreColor = (0, 0, 0)
374.9576 	EXP 	responsel: foreColor = (0, 0, 0)
374.9742 	EXP 	responsel: foreColor = (0, 0, 0)
374.9910 	EXP 	responsel: foreColor = (0, 0, 0)
375.0076 	EXP 	responsel: foreColor = (0, 0, 0)
375.0242 	EXP 	responsel: foreColor = (0, 0, 0)
375.0409 	EXP 	responsel: foreColor = (0, 0, 0)
375.0576 	EXP 	responsel: foreColor = (0, 0, 0)
375.0742 	EXP 	responsel: foreColor = (0, 0, 0)
375.0908 	EXP 	responsel: foreColor = (0, 0, 0)
375.1076 	EXP 	responsel: foreColor = (0, 0, 0)
375.1242 	EXP 	responsel: foreColor = (0, 0, 0)
375.1409 	EXP 	responsel: foreColor = (0, 0, 0)
375.1576 	EXP 	responsel: foreColor = (0, 0, 0)
375.1743 	EXP 	responsel: foreColor = (0, 0, 0)
375.1909 	EXP 	responsel: foreColor = (0, 0, 0)
375.2076 	EXP 	responsel: foreColor = (0, 0, 0)
375.2243 	EXP 	responsel: foreColor = (0, 0, 0)
375.2409 	EXP 	responsel: foreColor = (0, 0, 0)
375.2576 	EXP 	responsel: foreColor = (0, 0, 0)
375.2743 	EXP 	responsel: foreColor = (0, 0, 0)
375.2910 	EXP 	responsel: foreColor = (0, 0, 0)
375.3076 	EXP 	responsel: foreColor = (0, 0, 0)
375.3243 	EXP 	responsel: foreColor = (0, 0, 0)
375.3409 	EXP 	responsel: foreColor = (0, 0, 0)
375.3576 	EXP 	responsel: foreColor = (0, 0, 0)
375.3743 	EXP 	responsel: foreColor = (0, 0, 0)
375.3909 	EXP 	responsel: foreColor = (0, 0, 0)
375.4075 	EXP 	responsel: foreColor = (0, 0, 0)
375.4242 	EXP 	responsel: foreColor = (0, 0, 0)
375.4409 	EXP 	responsel: foreColor = (0, 0, 0)
375.4576 	EXP 	responsel: foreColor = (0, 0, 0)
375.4743 	EXP 	responsel: foreColor = (0, 0, 0)
375.4909 	EXP 	responsel: foreColor = (0, 0, 0)
375.5076 	EXP 	responsel: foreColor = (0, 0, 0)
375.5242 	EXP 	responsel: foreColor = (0, 0, 0)
375.5409 	EXP 	responsel: foreColor = (0, 0, 0)
375.5576 	EXP 	responsel: foreColor = (0, 0, 0)
375.5742 	EXP 	responsel: foreColor = (0, 0, 0)
375.5910 	EXP 	responsel: foreColor = (0, 0, 0)
375.6076 	EXP 	responsel: foreColor = (0, 0, 0)
375.6242 	EXP 	responsel: foreColor = (0, 0, 0)
375.6408 	EXP 	responsel: foreColor = (0, 0, 0)
375.6576 	EXP 	responsel: foreColor = (0, 0, 0)
375.6742 	EXP 	responsel: foreColor = (0, 0, 0)
375.6909 	EXP 	responsel: foreColor = (0, 0, 0)
375.7076 	EXP 	responsel: foreColor = (0, 0, 0)
375.7242 	EXP 	responsel: foreColor = (0, 0, 0)
375.7409 	EXP 	responsel: foreColor = (0, 0, 0)
375.7575 	EXP 	responsel: foreColor = (0, 0, 0)
375.7743 	EXP 	responsel: foreColor = (0, 0, 0)
375.7909 	EXP 	responsel: foreColor = (0, 0, 0)
375.8076 	EXP 	responsel: foreColor = (0, 0, 0)
375.8243 	EXP 	responsel: foreColor = (0, 0, 0)
375.8408 	EXP 	responsel: foreColor = (0, 0, 0)
375.8576 	EXP 	responsel: foreColor = (0, 0, 0)
375.8743 	EXP 	responsel: foreColor = (0, 0, 0)
375.8910 	EXP 	responsel: foreColor = (0, 0, 0)
375.9076 	EXP 	responsel: foreColor = (0, 0, 0)
375.9242 	EXP 	responsel: foreColor = (0, 0, 0)
375.9409 	EXP 	responsel: foreColor = (0, 0, 0)
375.9576 	EXP 	responsel: foreColor = (0, 0, 0)
375.9742 	EXP 	responsel: foreColor = (0, 0, 0)
375.9909 	EXP 	responsel: foreColor = (0, 0, 0)
376.0076 	EXP 	responsel: foreColor = (0, 0, 0)
376.0243 	EXP 	responsel: foreColor = (0, 0, 0)
376.0408 	EXP 	responsel: foreColor = (0, 0, 0)
376.0576 	EXP 	responsel: foreColor = (0, 0, 0)
376.0742 	EXP 	responsel: foreColor = (0, 0, 0)
376.0909 	EXP 	responsel: foreColor = (0, 0, 0)
376.1076 	EXP 	responsel: foreColor = (0, 0, 0)
376.1242 	EXP 	responsel: foreColor = (0, 0, 0)
376.1409 	EXP 	responsel: foreColor = (0, 0, 0)
376.1576 	EXP 	responsel: foreColor = (0, 0, 0)
376.1742 	EXP 	responsel: foreColor = (0, 0, 0)
376.1909 	EXP 	responsel: foreColor = (0, 0, 0)
376.2076 	EXP 	responsel: foreColor = (0, 0, 0)
376.2076 	EXP 	thermode_locali_pic: autoDraw = False
376.2242 	EXP 	responsel: foreColor = (0, 0, 0)
376.2409 	EXP 	responsel: foreColor = (0, 0, 0)
376.2576 	EXP 	responsel: foreColor = (0, 0, 0)
376.2742 	EXP 	responsel: foreColor = (0, 0, 0)
376.2909 	EXP 	responsel: foreColor = (0, 0, 0)
376.3076 	EXP 	responsel: foreColor = (0, 0, 0)
376.3242 	EXP 	responsel: foreColor = (0, 0, 0)
376.3409 	EXP 	responsel: foreColor = (0, 0, 0)
376.3576 	EXP 	responsel: foreColor = (0, 0, 0)
376.3742 	EXP 	responsel: foreColor = (0, 0, 0)
376.3909 	EXP 	responsel: foreColor = (0, 0, 0)
376.4076 	EXP 	responsel: foreColor = (0, 0, 0)
376.4243 	EXP 	responsel: foreColor = (0, 0, 0)
376.4409 	EXP 	responsel: foreColor = (0, 0, 0)
376.4576 	EXP 	responsel: foreColor = (0, 0, 0)
376.4742 	EXP 	responsel: foreColor = (0, 0, 0)
376.4909 	EXP 	responsel: foreColor = (0, 0, 0)
376.5076 	EXP 	responsel: foreColor = (0, 0, 0)
376.5242 	EXP 	responsel: foreColor = (0, 0, 0)
376.5410 	EXP 	responsel: foreColor = (0, 0, 0)
376.5576 	EXP 	responsel: foreColor = (0, 0, 0)
376.5742 	EXP 	responsel: foreColor = (0, 0, 0)
376.5909 	EXP 	responsel: foreColor = (0, 0, 0)
376.6076 	EXP 	responsel: foreColor = (0, 0, 0)
376.6242 	EXP 	responsel: foreColor = (0, 0, 0)
376.6409 	EXP 	responsel: foreColor = (0, 0, 0)
376.6576 	EXP 	responsel: foreColor = (0, 0, 0)
376.6742 	EXP 	responsel: foreColor = (0, 0, 0)
376.6909 	EXP 	responsel: foreColor = (0, 0, 0)
376.7076 	EXP 	responsel: foreColor = (0, 0, 0)
376.7243 	EXP 	responsel: foreColor = (0, 0, 0)
376.7409 	EXP 	responsel: foreColor = (0, 0, 0)
376.7575 	EXP 	responsel: foreColor = (0, 0, 0)
376.7742 	EXP 	responsel: foreColor = (0, 0, 0)
376.7909 	EXP 	responsel: foreColor = (0, 0, 0)
376.8076 	EXP 	responsel: foreColor = (0, 0, 0)
376.8243 	EXP 	responsel: foreColor = (0, 0, 0)
376.8410 	EXP 	responsel: foreColor = (0, 0, 0)
376.8576 	EXP 	responsel: foreColor = (0, 0, 0)
376.8743 	EXP 	responsel: foreColor = (0, 0, 0)
376.8910 	EXP 	responsel: foreColor = (0, 0, 0)
376.9076 	EXP 	responsel: foreColor = (0, 0, 0)
376.9243 	EXP 	responsel: foreColor = (0, 0, 0)
376.9409 	EXP 	responsel: foreColor = (0, 0, 0)
376.9576 	EXP 	responsel: foreColor = (0, 0, 0)
376.9743 	EXP 	responsel: foreColor = (0, 0, 0)
376.9752 	EXP 	New trial (rep=11, index=0): None
376.9909 	EXP 	responsel: foreColor = (0, 0, 0)
376.9909 	EXP 	responsel: autoDraw = False
376.9909 	EXP 	percu_or: autoDraw = False
376.9909 	EXP 	responser: autoDraw = False
376.9909 	EXP 	thermode_locali_pic: autoDraw = False
376.9909 	EXP 	responsel: autoDraw = False
376.9909 	EXP 	percu_or: autoDraw = False
376.9909 	EXP 	responser: autoDraw = False
376.9909 	EXP 	responsel: foreColor = 'white'
376.9909 	EXP 	responser: foreColor = 'white'
376.9909 	EXP 	text_pic: autoDraw = True
376.9909 	EXP 	croix_3: autoDraw = True
381.9910 	EXP 	text_pic: autoDraw = False
381.9910 	EXP 	croix_3: autoDraw = False
381.9910 	EXP 	text_pic: autoDraw = False
381.9910 	EXP 	croix_3: autoDraw = False
381.9910 	EXP 	thermode_locali_pic: height = 0.02
381.9910 	EXP 	thermode_locali_pic: height = 0.02
381.9910 	EXP 	thermode_locali_pic: height = 0.02
381.9910 	EXP 	thermode_locali_pic: text = 'T : 3'
381.9910 	EXP 	responsel: text = 'NON              '
381.9910 	EXP 	thermode_locali_pic: autoDraw = True
389.9744 	EXP 	responsel: autoDraw = True
389.9744 	EXP 	percu_or: autoDraw = True
389.9744 	EXP 	responser: autoDraw = True
390.3421 	DATA 	Keypress: m
390.3744 	EXP 	responsel: foreColor = (0, 0, 0)
390.3911 	EXP 	responsel: foreColor = (0, 0, 0)
390.4078 	EXP 	responsel: foreColor = (0, 0, 0)
390.4244 	EXP 	responsel: foreColor = (0, 0, 0)
390.4411 	EXP 	responsel: foreColor = (0, 0, 0)
390.4578 	EXP 	responsel: foreColor = (0, 0, 0)
390.4744 	EXP 	responsel: foreColor = (0, 0, 0)
390.4911 	EXP 	responsel: foreColor = (0, 0, 0)
390.5077 	EXP 	responsel: foreColor = (0, 0, 0)
390.5243 	EXP 	responsel: foreColor = (0, 0, 0)
390.5412 	EXP 	responsel: foreColor = (0, 0, 0)
390.5577 	EXP 	responsel: foreColor = (0, 0, 0)
390.5744 	EXP 	responsel: foreColor = (0, 0, 0)
390.5911 	EXP 	responsel: foreColor = (0, 0, 0)
390.6077 	EXP 	responsel: foreColor = (0, 0, 0)
390.6244 	EXP 	responsel: foreColor = (0, 0, 0)
390.6411 	EXP 	responsel: foreColor = (0, 0, 0)
390.6577 	EXP 	responsel: foreColor = (0, 0, 0)
390.6744 	EXP 	responsel: foreColor = (0, 0, 0)
390.6911 	EXP 	responsel: foreColor = (0, 0, 0)
390.7077 	EXP 	responsel: foreColor = (0, 0, 0)
390.7244 	EXP 	responsel: foreColor = (0, 0, 0)
390.7411 	EXP 	responsel: foreColor = (0, 0, 0)
390.7577 	EXP 	responsel: foreColor = (0, 0, 0)
390.7744 	EXP 	responsel: foreColor = (0, 0, 0)
390.7911 	EXP 	responsel: foreColor = (0, 0, 0)
390.8078 	EXP 	responsel: foreColor = (0, 0, 0)
390.8244 	EXP 	responsel: foreColor = (0, 0, 0)
390.8411 	EXP 	responsel: foreColor = (0, 0, 0)
390.8577 	EXP 	responsel: foreColor = (0, 0, 0)
390.8744 	EXP 	responsel: foreColor = (0, 0, 0)
390.8911 	EXP 	responsel: foreColor = (0, 0, 0)
390.9077 	EXP 	responsel: foreColor = (0, 0, 0)
390.9244 	EXP 	responsel: foreColor = (0, 0, 0)
390.9410 	EXP 	responsel: foreColor = (0, 0, 0)
390.9577 	EXP 	responsel: foreColor = (0, 0, 0)
390.9744 	EXP 	responsel: foreColor = (0, 0, 0)
390.9911 	EXP 	responsel: foreColor = (0, 0, 0)
391.0078 	EXP 	responsel: foreColor = (0, 0, 0)
391.0244 	EXP 	responsel: foreColor = (0, 0, 0)
391.0411 	EXP 	responsel: foreColor = (0, 0, 0)
391.0578 	EXP 	responsel: foreColor = (0, 0, 0)
391.0744 	EXP 	responsel: foreColor = (0, 0, 0)
391.0911 	EXP 	responsel: foreColor = (0, 0, 0)
391.1078 	EXP 	responsel: foreColor = (0, 0, 0)
391.1244 	EXP 	responsel: foreColor = (0, 0, 0)
391.1411 	EXP 	responsel: foreColor = (0, 0, 0)
391.1578 	EXP 	responsel: foreColor = (0, 0, 0)
391.1744 	EXP 	responsel: foreColor = (0, 0, 0)
391.1911 	EXP 	responsel: foreColor = (0, 0, 0)
391.2077 	EXP 	responsel: foreColor = (0, 0, 0)
391.2245 	EXP 	responsel: foreColor = (0, 0, 0)
391.2411 	EXP 	responsel: foreColor = (0, 0, 0)
391.2577 	EXP 	responsel: foreColor = (0, 0, 0)
391.2744 	EXP 	responsel: foreColor = (0, 0, 0)
391.2911 	EXP 	responsel: foreColor = (0, 0, 0)
391.3078 	EXP 	responsel: foreColor = (0, 0, 0)
391.3244 	EXP 	responsel: foreColor = (0, 0, 0)
391.3411 	EXP 	responsel: foreColor = (0, 0, 0)
391.3578 	EXP 	responsel: foreColor = (0, 0, 0)
391.3744 	EXP 	responsel: foreColor = (0, 0, 0)
391.3911 	EXP 	responsel: foreColor = (0, 0, 0)
391.4078 	EXP 	responsel: foreColor = (0, 0, 0)
391.4244 	EXP 	responsel: foreColor = (0, 0, 0)
391.4411 	EXP 	responsel: foreColor = (0, 0, 0)
391.4578 	EXP 	responsel: foreColor = (0, 0, 0)
391.4744 	EXP 	responsel: foreColor = (0, 0, 0)
391.4911 	EXP 	responsel: foreColor = (0, 0, 0)
391.5078 	EXP 	responsel: foreColor = (0, 0, 0)
391.5245 	EXP 	responsel: foreColor = (0, 0, 0)
391.5411 	EXP 	responsel: foreColor = (0, 0, 0)
391.5577 	EXP 	responsel: foreColor = (0, 0, 0)
391.5744 	EXP 	responsel: foreColor = (0, 0, 0)
391.5911 	EXP 	responsel: foreColor = (0, 0, 0)
391.6078 	EXP 	responsel: foreColor = (0, 0, 0)
391.6244 	EXP 	responsel: foreColor = (0, 0, 0)
391.6411 	EXP 	responsel: foreColor = (0, 0, 0)
391.6578 	EXP 	responsel: foreColor = (0, 0, 0)
391.6744 	EXP 	responsel: foreColor = (0, 0, 0)
391.6911 	EXP 	responsel: foreColor = (0, 0, 0)
391.7078 	EXP 	responsel: foreColor = (0, 0, 0)
391.7244 	EXP 	responsel: foreColor = (0, 0, 0)
391.7411 	EXP 	responsel: foreColor = (0, 0, 0)
391.7578 	EXP 	responsel: foreColor = (0, 0, 0)
391.7744 	EXP 	responsel: foreColor = (0, 0, 0)
391.7911 	EXP 	responsel: foreColor = (0, 0, 0)
391.8077 	EXP 	responsel: foreColor = (0, 0, 0)
391.8245 	EXP 	responsel: foreColor = (0, 0, 0)
391.8410 	EXP 	responsel: foreColor = (0, 0, 0)
391.8578 	EXP 	responsel: foreColor = (0, 0, 0)
391.8744 	EXP 	responsel: foreColor = (0, 0, 0)
391.8911 	EXP 	responsel: foreColor = (0, 0, 0)
391.9077 	EXP 	responsel: foreColor = (0, 0, 0)
391.9244 	EXP 	responsel: foreColor = (0, 0, 0)
391.9411 	EXP 	responsel: foreColor = (0, 0, 0)
391.9577 	EXP 	responsel: foreColor = (0, 0, 0)
391.9744 	EXP 	responsel: foreColor = (0, 0, 0)
391.9911 	EXP 	responsel: foreColor = (0, 0, 0)
392.0078 	EXP 	responsel: foreColor = (0, 0, 0)
392.0244 	EXP 	responsel: foreColor = (0, 0, 0)
392.0411 	EXP 	responsel: foreColor = (0, 0, 0)
392.0578 	EXP 	responsel: foreColor = (0, 0, 0)
392.0744 	EXP 	responsel: foreColor = (0, 0, 0)
392.0911 	EXP 	responsel: foreColor = (0, 0, 0)
392.1078 	EXP 	responsel: foreColor = (0, 0, 0)
392.1245 	EXP 	responsel: foreColor = (0, 0, 0)
392.1410 	EXP 	responsel: foreColor = (0, 0, 0)
392.1578 	EXP 	responsel: foreColor = (0, 0, 0)
392.1744 	EXP 	responsel: foreColor = (0, 0, 0)
392.1911 	EXP 	responsel: foreColor = (0, 0, 0)
392.1911 	EXP 	thermode_locali_pic: autoDraw = False
392.2078 	EXP 	responsel: foreColor = (0, 0, 0)
392.2244 	EXP 	responsel: foreColor = (0, 0, 0)
392.2411 	EXP 	responsel: foreColor = (0, 0, 0)
392.2578 	EXP 	responsel: foreColor = (0, 0, 0)
392.2745 	EXP 	responsel: foreColor = (0, 0, 0)
392.2911 	EXP 	responsel: foreColor = (0, 0, 0)
392.3078 	EXP 	responsel: foreColor = (0, 0, 0)
392.3244 	EXP 	responsel: foreColor = (0, 0, 0)
392.3411 	EXP 	responsel: foreColor = (0, 0, 0)
392.3578 	EXP 	responsel: foreColor = (0, 0, 0)
392.3744 	EXP 	responsel: foreColor = (0, 0, 0)
392.3911 	EXP 	responsel: foreColor = (0, 0, 0)
392.4078 	EXP 	responsel: foreColor = (0, 0, 0)
392.4244 	EXP 	responsel: foreColor = (0, 0, 0)
392.4411 	EXP 	responsel: foreColor = (0, 0, 0)
392.4578 	EXP 	responsel: foreColor = (0, 0, 0)
392.4744 	EXP 	responsel: foreColor = (0, 0, 0)
392.4911 	EXP 	responsel: foreColor = (0, 0, 0)
392.5077 	EXP 	responsel: foreColor = (0, 0, 0)
392.5245 	EXP 	responsel: foreColor = (0, 0, 0)
392.5411 	EXP 	responsel: foreColor = (0, 0, 0)
392.5578 	EXP 	responsel: foreColor = (0, 0, 0)
392.5743 	EXP 	responsel: foreColor = (0, 0, 0)
392.5911 	EXP 	responsel: foreColor = (0, 0, 0)
392.6078 	EXP 	responsel: foreColor = (0, 0, 0)
392.6245 	EXP 	responsel: foreColor = (0, 0, 0)
392.6411 	EXP 	responsel: foreColor = (0, 0, 0)
392.6578 	EXP 	responsel: foreColor = (0, 0, 0)
392.6743 	EXP 	responsel: foreColor = (0, 0, 0)
392.6911 	EXP 	responsel: foreColor = (0, 0, 0)
392.7078 	EXP 	responsel: foreColor = (0, 0, 0)
392.7244 	EXP 	responsel: foreColor = (0, 0, 0)
392.7411 	EXP 	responsel: foreColor = (0, 0, 0)
392.7578 	EXP 	responsel: foreColor = (0, 0, 0)
392.7744 	EXP 	responsel: foreColor = (0, 0, 0)
392.7911 	EXP 	responsel: foreColor = (0, 0, 0)
392.8077 	EXP 	responsel: foreColor = (0, 0, 0)
392.8244 	EXP 	responsel: foreColor = (0, 0, 0)
392.8411 	EXP 	responsel: foreColor = (0, 0, 0)
392.8578 	EXP 	responsel: foreColor = (0, 0, 0)
392.8744 	EXP 	responsel: foreColor = (0, 0, 0)
392.8911 	EXP 	responsel: foreColor = (0, 0, 0)
392.9078 	EXP 	responsel: foreColor = (0, 0, 0)
392.9244 	EXP 	responsel: foreColor = (0, 0, 0)
392.9411 	EXP 	responsel: foreColor = (0, 0, 0)
392.9578 	EXP 	responsel: foreColor = (0, 0, 0)
392.9588 	EXP 	New trial (rep=12, index=0): None
392.9744 	EXP 	responsel: foreColor = (0, 0, 0)
392.9744 	EXP 	responsel: autoDraw = False
392.9744 	EXP 	percu_or: autoDraw = False
392.9744 	EXP 	responser: autoDraw = False
392.9744 	EXP 	thermode_locali_pic: autoDraw = False
392.9744 	EXP 	responsel: autoDraw = False
392.9744 	EXP 	percu_or: autoDraw = False
392.9744 	EXP 	responser: autoDraw = False
392.9744 	EXP 	responsel: foreColor = 'white'
392.9744 	EXP 	responser: foreColor = 'white'
392.9744 	EXP 	text_pic: autoDraw = True
392.9744 	EXP 	croix_3: autoDraw = True
397.9746 	EXP 	text_pic: autoDraw = False
397.9746 	EXP 	croix_3: autoDraw = False
397.9746 	EXP 	text_pic: autoDraw = False
397.9746 	EXP 	croix_3: autoDraw = False
397.9746 	EXP 	thermode_locali_pic: height = 0.02
397.9746 	EXP 	thermode_locali_pic: height = 0.02
397.9746 	EXP 	thermode_locali_pic: height = 0.02
397.9746 	EXP 	thermode_locali_pic: text = 'T : 0'
397.9746 	EXP 	responsel: text = 'NON              '
397.9746 	EXP 	thermode_locali_pic: autoDraw = True
405.9579 	EXP 	responsel: autoDraw = True
405.9579 	EXP 	percu_or: autoDraw = True
405.9579 	EXP 	responser: autoDraw = True
406.2590 	DATA 	Keypress: n
406.2913 	EXP 	responser: foreColor = (0, 0, 0)
406.3079 	EXP 	responser: foreColor = (0, 0, 0)
406.3246 	EXP 	responser: foreColor = (0, 0, 0)
406.3413 	EXP 	responser: foreColor = (0, 0, 0)
406.3579 	EXP 	responser: foreColor = (0, 0, 0)
406.3746 	EXP 	responser: foreColor = (0, 0, 0)
406.3913 	EXP 	responser: foreColor = (0, 0, 0)
406.4079 	EXP 	responser: foreColor = (0, 0, 0)
406.4246 	EXP 	responser: foreColor = (0, 0, 0)
406.4413 	EXP 	responser: foreColor = (0, 0, 0)
406.4579 	EXP 	responser: foreColor = (0, 0, 0)
406.4746 	EXP 	responser: foreColor = (0, 0, 0)
406.4913 	EXP 	responser: foreColor = (0, 0, 0)
406.5079 	EXP 	responser: foreColor = (0, 0, 0)
406.5246 	EXP 	responser: foreColor = (0, 0, 0)
406.5413 	EXP 	responser: foreColor = (0, 0, 0)
406.5579 	EXP 	responser: foreColor = (0, 0, 0)
406.5746 	EXP 	responser: foreColor = (0, 0, 0)
406.5913 	EXP 	responser: foreColor = (0, 0, 0)
406.6080 	EXP 	responser: foreColor = (0, 0, 0)
406.6246 	EXP 	responser: foreColor = (0, 0, 0)
406.6413 	EXP 	responser: foreColor = (0, 0, 0)
406.6579 	EXP 	responser: foreColor = (0, 0, 0)
406.6746 	EXP 	responser: foreColor = (0, 0, 0)
406.6913 	EXP 	responser: foreColor = (0, 0, 0)
406.7079 	EXP 	responser: foreColor = (0, 0, 0)
406.7246 	EXP 	responser: foreColor = (0, 0, 0)
406.7413 	EXP 	responser: foreColor = (0, 0, 0)
406.7579 	EXP 	responser: foreColor = (0, 0, 0)
406.7746 	EXP 	responser: foreColor = (0, 0, 0)
406.7913 	EXP 	responser: foreColor = (0, 0, 0)
406.8079 	EXP 	responser: foreColor = (0, 0, 0)
406.8246 	EXP 	responser: foreColor = (0, 0, 0)
406.8413 	EXP 	responser: foreColor = (0, 0, 0)
406.8579 	EXP 	responser: foreColor = (0, 0, 0)
406.8746 	EXP 	responser: foreColor = (0, 0, 0)
406.8913 	EXP 	responser: foreColor = (0, 0, 0)
406.9079 	EXP 	responser: foreColor = (0, 0, 0)
406.9246 	EXP 	responser: foreColor = (0, 0, 0)
406.9413 	EXP 	responser: foreColor = (0, 0, 0)
406.9579 	EXP 	responser: foreColor = (0, 0, 0)
406.9746 	EXP 	responser: foreColor = (0, 0, 0)
406.9913 	EXP 	responser: foreColor = (0, 0, 0)
407.0080 	EXP 	responser: foreColor = (0, 0, 0)
407.0246 	EXP 	responser: foreColor = (0, 0, 0)
407.0413 	EXP 	responser: foreColor = (0, 0, 0)
407.0579 	EXP 	responser: foreColor = (0, 0, 0)
407.0746 	EXP 	responser: foreColor = (0, 0, 0)
407.0913 	EXP 	responser: foreColor = (0, 0, 0)
407.1078 	EXP 	responser: foreColor = (0, 0, 0)
407.1246 	EXP 	responser: foreColor = (0, 0, 0)
407.1413 	EXP 	responser: foreColor = (0, 0, 0)
407.1579 	EXP 	responser: foreColor = (0, 0, 0)
407.1746 	EXP 	responser: foreColor = (0, 0, 0)
407.1913 	EXP 	responser: foreColor = (0, 0, 0)
407.2079 	EXP 	responser: foreColor = (0, 0, 0)
407.2246 	EXP 	responser: foreColor = (0, 0, 0)
407.2413 	EXP 	responser: foreColor = (0, 0, 0)
407.2580 	EXP 	responser: foreColor = (0, 0, 0)
407.2746 	EXP 	responser: foreColor = (0, 0, 0)
407.2913 	EXP 	responser: foreColor = (0, 0, 0)
407.3080 	EXP 	responser: foreColor = (0, 0, 0)
407.3246 	EXP 	responser: foreColor = (0, 0, 0)
407.3412 	EXP 	responser: foreColor = (0, 0, 0)
407.3579 	EXP 	responser: foreColor = (0, 0, 0)
407.3746 	EXP 	responser: foreColor = (0, 0, 0)
407.3913 	EXP 	responser: foreColor = (0, 0, 0)
407.4079 	EXP 	responser: foreColor = (0, 0, 0)
407.4246 	EXP 	responser: foreColor = (0, 0, 0)
407.4413 	EXP 	responser: foreColor = (0, 0, 0)
407.4579 	EXP 	responser: foreColor = (0, 0, 0)
407.4746 	EXP 	responser: foreColor = (0, 0, 0)
407.4913 	EXP 	responser: foreColor = (0, 0, 0)
407.5079 	EXP 	responser: foreColor = (0, 0, 0)
407.5246 	EXP 	responser: foreColor = (0, 0, 0)
407.5413 	EXP 	responser: foreColor = (0, 0, 0)
407.5579 	EXP 	responser: foreColor = (0, 0, 0)
407.5746 	EXP 	responser: foreColor = (0, 0, 0)
407.5912 	EXP 	responser: foreColor = (0, 0, 0)
407.6079 	EXP 	responser: foreColor = (0, 0, 0)
407.6245 	EXP 	responser: foreColor = (0, 0, 0)
407.6412 	EXP 	responser: foreColor = (0, 0, 0)
407.6579 	EXP 	responser: foreColor = (0, 0, 0)
407.6746 	EXP 	responser: foreColor = (0, 0, 0)
407.6912 	EXP 	responser: foreColor = (0, 0, 0)
407.7079 	EXP 	responser: foreColor = (0, 0, 0)
407.7246 	EXP 	responser: foreColor = (0, 0, 0)
407.7412 	EXP 	responser: foreColor = (0, 0, 0)
407.7579 	EXP 	responser: foreColor = (0, 0, 0)
407.7746 	EXP 	responser: foreColor = (0, 0, 0)
407.7912 	EXP 	responser: foreColor = (0, 0, 0)
407.8079 	EXP 	responser: foreColor = (0, 0, 0)
407.8246 	EXP 	responser: foreColor = (0, 0, 0)
407.8413 	EXP 	responser: foreColor = (0, 0, 0)
407.8579 	EXP 	responser: foreColor = (0, 0, 0)
407.8746 	EXP 	responser: foreColor = (0, 0, 0)
407.8912 	EXP 	responser: foreColor = (0, 0, 0)
407.9079 	EXP 	responser: foreColor = (0, 0, 0)
407.9246 	EXP 	responser: foreColor = (0, 0, 0)
407.9412 	EXP 	responser: foreColor = (0, 0, 0)
407.9579 	EXP 	responser: foreColor = (0, 0, 0)
407.9746 	EXP 	responser: foreColor = (0, 0, 0)
407.9912 	EXP 	responser: foreColor = (0, 0, 0)
408.0080 	EXP 	responser: foreColor = (0, 0, 0)
408.0246 	EXP 	responser: foreColor = (0, 0, 0)
408.0412 	EXP 	responser: foreColor = (0, 0, 0)
408.0579 	EXP 	responser: foreColor = (0, 0, 0)
408.0746 	EXP 	responser: foreColor = (0, 0, 0)
408.0912 	EXP 	responser: foreColor = (0, 0, 0)
408.1079 	EXP 	responser: foreColor = (0, 0, 0)
408.1246 	EXP 	responser: foreColor = (0, 0, 0)
408.1412 	EXP 	responser: foreColor = (0, 0, 0)
408.1579 	EXP 	responser: foreColor = (0, 0, 0)
408.1746 	EXP 	responser: foreColor = (0, 0, 0)
408.1746 	EXP 	thermode_locali_pic: autoDraw = False
408.1912 	EXP 	responser: foreColor = (0, 0, 0)
408.2079 	EXP 	responser: foreColor = (0, 0, 0)
408.2246 	EXP 	responser: foreColor = (0, 0, 0)
408.2412 	EXP 	responser: foreColor = (0, 0, 0)
408.2579 	EXP 	responser: foreColor = (0, 0, 0)
408.2746 	EXP 	responser: foreColor = (0, 0, 0)
408.2912 	EXP 	responser: foreColor = (0, 0, 0)
408.3079 	EXP 	responser: foreColor = (0, 0, 0)
408.3246 	EXP 	responser: foreColor = (0, 0, 0)
408.3413 	EXP 	responser: foreColor = (0, 0, 0)
408.3579 	EXP 	responser: foreColor = (0, 0, 0)
408.3746 	EXP 	responser: foreColor = (0, 0, 0)
408.3912 	EXP 	responser: foreColor = (0, 0, 0)
408.4080 	EXP 	responser: foreColor = (0, 0, 0)
408.4246 	EXP 	responser: foreColor = (0, 0, 0)
408.4412 	EXP 	responser: foreColor = (0, 0, 0)
408.4579 	EXP 	responser: foreColor = (0, 0, 0)
408.4746 	EXP 	responser: foreColor = (0, 0, 0)
408.4913 	EXP 	responser: foreColor = (0, 0, 0)
408.5079 	EXP 	responser: foreColor = (0, 0, 0)
408.5246 	EXP 	responser: foreColor = (0, 0, 0)
408.5412 	EXP 	responser: foreColor = (0, 0, 0)
408.5579 	EXP 	responser: foreColor = (0, 0, 0)
408.5746 	EXP 	responser: foreColor = (0, 0, 0)
408.5913 	EXP 	responser: foreColor = (0, 0, 0)
408.6079 	EXP 	responser: foreColor = (0, 0, 0)
408.6246 	EXP 	responser: foreColor = (0, 0, 0)
408.6412 	EXP 	responser: foreColor = (0, 0, 0)
408.6579 	EXP 	responser: foreColor = (0, 0, 0)
408.6746 	EXP 	responser: foreColor = (0, 0, 0)
408.6913 	EXP 	responser: foreColor = (0, 0, 0)
408.7079 	EXP 	responser: foreColor = (0, 0, 0)
408.7246 	EXP 	responser: foreColor = (0, 0, 0)
408.7413 	EXP 	responser: foreColor = (0, 0, 0)
408.7579 	EXP 	responser: foreColor = (0, 0, 0)
408.7746 	EXP 	responser: foreColor = (0, 0, 0)
408.7913 	EXP 	responser: foreColor = (0, 0, 0)
408.8079 	EXP 	responser: foreColor = (0, 0, 0)
408.8246 	EXP 	responser: foreColor = (0, 0, 0)
408.8413 	EXP 	responser: foreColor = (0, 0, 0)
408.8580 	EXP 	responser: foreColor = (0, 0, 0)
408.8746 	EXP 	responser: foreColor = (0, 0, 0)
408.8912 	EXP 	responser: foreColor = (0, 0, 0)
408.9080 	EXP 	responser: foreColor = (0, 0, 0)
408.9245 	EXP 	responser: foreColor = (0, 0, 0)
408.9413 	EXP 	responser: foreColor = (0, 0, 0)
408.9422 	EXP 	New trial (rep=13, index=0): None
408.9579 	EXP 	responser: foreColor = (0, 0, 0)
408.9579 	EXP 	responsel: autoDraw = False
408.9579 	EXP 	percu_or: autoDraw = False
408.9579 	EXP 	responser: autoDraw = False
408.9579 	EXP 	thermode_locali_pic: autoDraw = False
408.9579 	EXP 	responsel: autoDraw = False
408.9579 	EXP 	percu_or: autoDraw = False
408.9579 	EXP 	responser: autoDraw = False
408.9579 	EXP 	responsel: foreColor = 'white'
408.9579 	EXP 	responser: foreColor = 'white'
408.9579 	EXP 	text_pic: autoDraw = True
408.9579 	EXP 	croix_3: autoDraw = True
413.9581 	EXP 	text_pic: autoDraw = False
413.9581 	EXP 	croix_3: autoDraw = False
413.9581 	EXP 	text_pic: autoDraw = False
413.9581 	EXP 	croix_3: autoDraw = False
413.9581 	EXP 	thermode_locali_pic: height = 0.02
413.9581 	EXP 	thermode_locali_pic: height = 0.02
413.9581 	EXP 	thermode_locali_pic: height = 0.02
413.9581 	EXP 	thermode_locali_pic: text = 'T : 1'
413.9581 	EXP 	responsel: text = 'NON              '
413.9581 	EXP 	thermode_locali_pic: autoDraw = True
421.9414 	EXP 	responsel: autoDraw = True
421.9414 	EXP 	percu_or: autoDraw = True
421.9414 	EXP 	responser: autoDraw = True
422.2758 	DATA 	Keypress: m
422.3080 	EXP 	responsel: foreColor = (0, 0, 0)
422.3247 	EXP 	responsel: foreColor = (0, 0, 0)
422.3414 	EXP 	responsel: foreColor = (0, 0, 0)
422.3580 	EXP 	responsel: foreColor = (0, 0, 0)
422.3747 	EXP 	responsel: foreColor = (0, 0, 0)
422.3914 	EXP 	responsel: foreColor = (0, 0, 0)
422.4081 	EXP 	responsel: foreColor = (0, 0, 0)
422.4247 	EXP 	responsel: foreColor = (0, 0, 0)
422.4414 	EXP 	responsel: foreColor = (0, 0, 0)
422.4580 	EXP 	responsel: foreColor = (0, 0, 0)
422.4747 	EXP 	responsel: foreColor = (0, 0, 0)
422.4914 	EXP 	responsel: foreColor = (0, 0, 0)
422.5081 	EXP 	responsel: foreColor = (0, 0, 0)
422.5248 	EXP 	responsel: foreColor = (0, 0, 0)
422.5414 	EXP 	responsel: foreColor = (0, 0, 0)
422.5581 	EXP 	responsel: foreColor = (0, 0, 0)
422.5748 	EXP 	responsel: foreColor = (0, 0, 0)
422.5914 	EXP 	responsel: foreColor = (0, 0, 0)
422.6081 	EXP 	responsel: foreColor = (0, 0, 0)
422.6247 	EXP 	responsel: foreColor = (0, 0, 0)
422.6414 	EXP 	responsel: foreColor = (0, 0, 0)
422.6581 	EXP 	responsel: foreColor = (0, 0, 0)
422.6748 	EXP 	responsel: foreColor = (0, 0, 0)
422.6914 	EXP 	responsel: foreColor = (0, 0, 0)
422.7081 	EXP 	responsel: foreColor = (0, 0, 0)
422.7247 	EXP 	responsel: foreColor = (0, 0, 0)
422.7414 	EXP 	responsel: foreColor = (0, 0, 0)
422.7581 	EXP 	responsel: foreColor = (0, 0, 0)
422.7748 	EXP 	responsel: foreColor = (0, 0, 0)
422.7914 	EXP 	responsel: foreColor = (0, 0, 0)
422.8081 	EXP 	responsel: foreColor = (0, 0, 0)
422.8248 	EXP 	responsel: foreColor = (0, 0, 0)
422.8414 	EXP 	responsel: foreColor = (0, 0, 0)
422.8581 	EXP 	responsel: foreColor = (0, 0, 0)
422.8748 	EXP 	responsel: foreColor = (0, 0, 0)
422.8914 	EXP 	responsel: foreColor = (0, 0, 0)
422.9081 	EXP 	responsel: foreColor = (0, 0, 0)
422.9247 	EXP 	responsel: foreColor = (0, 0, 0)
422.9415 	EXP 	responsel: foreColor = (0, 0, 0)
422.9581 	EXP 	responsel: foreColor = (0, 0, 0)
422.9748 	EXP 	responsel: foreColor = (0, 0, 0)
422.9914 	EXP 	responsel: foreColor = (0, 0, 0)
423.0081 	EXP 	responsel: foreColor = (0, 0, 0)
423.0248 	EXP 	responsel: foreColor = (0, 0, 0)
423.0414 	EXP 	responsel: foreColor = (0, 0, 0)
423.0581 	EXP 	responsel: foreColor = (0, 0, 0)
423.0748 	EXP 	responsel: foreColor = (0, 0, 0)
423.0914 	EXP 	responsel: foreColor = (0, 0, 0)
423.1081 	EXP 	responsel: foreColor = (0, 0, 0)
423.1248 	EXP 	responsel: foreColor = (0, 0, 0)
423.1414 	EXP 	responsel: foreColor = (0, 0, 0)
423.1581 	EXP 	responsel: foreColor = (0, 0, 0)
423.1748 	EXP 	responsel: foreColor = (0, 0, 0)
423.1914 	EXP 	responsel: foreColor = (0, 0, 0)
423.2081 	EXP 	responsel: foreColor = (0, 0, 0)
423.2248 	EXP 	responsel: foreColor = (0, 0, 0)
423.2415 	EXP 	responsel: foreColor = (0, 0, 0)
423.2581 	EXP 	responsel: foreColor = (0, 0, 0)
423.2748 	EXP 	responsel: foreColor = (0, 0, 0)
423.2914 	EXP 	responsel: foreColor = (0, 0, 0)
423.3081 	EXP 	responsel: foreColor = (0, 0, 0)
423.3247 	EXP 	responsel: foreColor = (0, 0, 0)
423.3414 	EXP 	responsel: foreColor = (0, 0, 0)
423.3581 	EXP 	responsel: foreColor = (0, 0, 0)
423.3748 	EXP 	responsel: foreColor = (0, 0, 0)
423.3914 	EXP 	responsel: foreColor = (0, 0, 0)
423.4081 	EXP 	responsel: foreColor = (0, 0, 0)
423.4248 	EXP 	responsel: foreColor = (0, 0, 0)
423.4414 	EXP 	responsel: foreColor = (0, 0, 0)
423.4581 	EXP 	responsel: foreColor = (0, 0, 0)
423.4748 	EXP 	responsel: foreColor = (0, 0, 0)
423.4914 	EXP 	responsel: foreColor = (0, 0, 0)
423.5081 	EXP 	responsel: foreColor = (0, 0, 0)
423.5248 	EXP 	responsel: foreColor = (0, 0, 0)
423.5415 	EXP 	responsel: foreColor = (0, 0, 0)
423.5581 	EXP 	responsel: foreColor = (0, 0, 0)
423.5748 	EXP 	responsel: foreColor = (0, 0, 0)
423.5914 	EXP 	responsel: foreColor = (0, 0, 0)
423.6081 	EXP 	responsel: foreColor = (0, 0, 0)
423.6248 	EXP 	responsel: foreColor = (0, 0, 0)
423.6414 	EXP 	responsel: foreColor = (0, 0, 0)
423.6581 	EXP 	responsel: foreColor = (0, 0, 0)
423.6748 	EXP 	responsel: foreColor = (0, 0, 0)
423.6914 	EXP 	responsel: foreColor = (0, 0, 0)
423.7081 	EXP 	responsel: foreColor = (0, 0, 0)
423.7247 	EXP 	responsel: foreColor = (0, 0, 0)
423.7414 	EXP 	responsel: foreColor = (0, 0, 0)
423.7581 	EXP 	responsel: foreColor = (0, 0, 0)
423.7748 	EXP 	responsel: foreColor = (0, 0, 0)
423.7914 	EXP 	responsel: foreColor = (0, 0, 0)
423.8081 	EXP 	responsel: foreColor = (0, 0, 0)
423.8248 	EXP 	responsel: foreColor = (0, 0, 0)
423.8415 	EXP 	responsel: foreColor = (0, 0, 0)
423.8581 	EXP 	responsel: foreColor = (0, 0, 0)
423.8748 	EXP 	responsel: foreColor = (0, 0, 0)
423.8914 	EXP 	responsel: foreColor = (0, 0, 0)
423.9081 	EXP 	responsel: foreColor = (0, 0, 0)
423.9248 	EXP 	responsel: foreColor = (0, 0, 0)
423.9414 	EXP 	responsel: foreColor = (0, 0, 0)
423.9581 	EXP 	responsel: foreColor = (0, 0, 0)
423.9748 	EXP 	responsel: foreColor = (0, 0, 0)
423.9915 	EXP 	responsel: foreColor = (0, 0, 0)
424.0081 	EXP 	responsel: foreColor = (0, 0, 0)
424.0248 	EXP 	responsel: foreColor = (0, 0, 0)
424.0414 	EXP 	responsel: foreColor = (0, 0, 0)
424.0581 	EXP 	responsel: foreColor = (0, 0, 0)
424.0748 	EXP 	responsel: foreColor = (0, 0, 0)
424.0914 	EXP 	responsel: foreColor = (0, 0, 0)
424.1081 	EXP 	responsel: foreColor = (0, 0, 0)
424.1248 	EXP 	responsel: foreColor = (0, 0, 0)
424.1414 	EXP 	responsel: foreColor = (0, 0, 0)
424.1581 	EXP 	responsel: foreColor = (0, 0, 0)
424.1581 	EXP 	thermode_locali_pic: autoDraw = False
424.1748 	EXP 	responsel: foreColor = (0, 0, 0)
424.1914 	EXP 	responsel: foreColor = (0, 0, 0)
424.2081 	EXP 	responsel: foreColor = (0, 0, 0)
424.2248 	EXP 	responsel: foreColor = (0, 0, 0)
424.2414 	EXP 	responsel: foreColor = (0, 0, 0)
424.2580 	EXP 	responsel: foreColor = (0, 0, 0)
424.2748 	EXP 	responsel: foreColor = (0, 0, 0)
424.2914 	EXP 	responsel: foreColor = (0, 0, 0)
424.3081 	EXP 	responsel: foreColor = (0, 0, 0)
424.3248 	EXP 	responsel: foreColor = (0, 0, 0)
424.3414 	EXP 	responsel: foreColor = (0, 0, 0)
424.3581 	EXP 	responsel: foreColor = (0, 0, 0)
424.3748 	EXP 	responsel: foreColor = (0, 0, 0)
424.3915 	EXP 	responsel: foreColor = (0, 0, 0)
424.4081 	EXP 	responsel: foreColor = (0, 0, 0)
424.4248 	EXP 	responsel: foreColor = (0, 0, 0)
424.4414 	EXP 	responsel: foreColor = (0, 0, 0)
424.4581 	EXP 	responsel: foreColor = (0, 0, 0)
424.4748 	EXP 	responsel: foreColor = (0, 0, 0)
424.4914 	EXP 	responsel: foreColor = (0, 0, 0)
424.5082 	EXP 	responsel: foreColor = (0, 0, 0)
424.5248 	EXP 	responsel: foreColor = (0, 0, 0)
424.5414 	EXP 	responsel: foreColor = (0, 0, 0)
424.5581 	EXP 	responsel: foreColor = (0, 0, 0)
424.5748 	EXP 	responsel: foreColor = (0, 0, 0)
424.5914 	EXP 	responsel: foreColor = (0, 0, 0)
424.6081 	EXP 	responsel: foreColor = (0, 0, 0)
424.6248 	EXP 	responsel: foreColor = (0, 0, 0)
424.6414 	EXP 	responsel: foreColor = (0, 0, 0)
424.6581 	EXP 	responsel: foreColor = (0, 0, 0)
424.6748 	EXP 	responsel: foreColor = (0, 0, 0)
424.6915 	EXP 	responsel: foreColor = (0, 0, 0)
424.7081 	EXP 	responsel: foreColor = (0, 0, 0)
424.7247 	EXP 	responsel: foreColor = (0, 0, 0)
424.7414 	EXP 	responsel: foreColor = (0, 0, 0)
424.7581 	EXP 	responsel: foreColor = (0, 0, 0)
424.7748 	EXP 	responsel: foreColor = (0, 0, 0)
424.7914 	EXP 	responsel: foreColor = (0, 0, 0)
424.8081 	EXP 	responsel: foreColor = (0, 0, 0)
424.8248 	EXP 	responsel: foreColor = (0, 0, 0)
424.8414 	EXP 	responsel: foreColor = (0, 0, 0)
424.8581 	EXP 	responsel: foreColor = (0, 0, 0)
424.8748 	EXP 	responsel: foreColor = (0, 0, 0)
424.8915 	EXP 	responsel: foreColor = (0, 0, 0)
424.9081 	EXP 	responsel: foreColor = (0, 0, 0)
424.9247 	EXP 	responsel: foreColor = (0, 0, 0)
424.9256 	EXP 	New trial (rep=14, index=0): None
424.9415 	EXP 	responsel: foreColor = (0, 0, 0)
424.9415 	EXP 	responsel: autoDraw = False
424.9415 	EXP 	percu_or: autoDraw = False
424.9415 	EXP 	responser: autoDraw = False
424.9415 	EXP 	thermode_locali_pic: autoDraw = False
424.9415 	EXP 	responsel: autoDraw = False
424.9415 	EXP 	percu_or: autoDraw = False
424.9415 	EXP 	responser: autoDraw = False
424.9415 	EXP 	responsel: foreColor = 'white'
424.9415 	EXP 	responser: foreColor = 'white'
424.9415 	EXP 	text_pic: autoDraw = True
424.9415 	EXP 	croix_3: autoDraw = True
429.9415 	EXP 	text_pic: autoDraw = False
429.9415 	EXP 	croix_3: autoDraw = False
429.9415 	EXP 	text_pic: autoDraw = False
429.9415 	EXP 	croix_3: autoDraw = False
429.9415 	EXP 	thermode_locali_pic: height = 0.02
429.9415 	EXP 	thermode_locali_pic: height = 0.02
429.9415 	EXP 	thermode_locali_pic: height = 0.02
429.9415 	EXP 	thermode_locali_pic: text = 'T : 2'
429.9415 	EXP 	responsel: text = 'NON              '
429.9415 	EXP 	thermode_locali_pic: autoDraw = True
437.9250 	EXP 	responsel: autoDraw = True
437.9250 	EXP 	percu_or: autoDraw = True
437.9250 	EXP 	responser: autoDraw = True
438.2263 	DATA 	Keypress: m
438.2583 	EXP 	responsel: foreColor = (0, 0, 0)
438.2750 	EXP 	responsel: foreColor = (0, 0, 0)
438.2917 	EXP 	responsel: foreColor = (0, 0, 0)
438.3083 	EXP 	responsel: foreColor = (0, 0, 0)
438.3249 	EXP 	responsel: foreColor = (0, 0, 0)
438.3416 	EXP 	responsel: foreColor = (0, 0, 0)
438.3582 	EXP 	responsel: foreColor = (0, 0, 0)
438.3749 	EXP 	responsel: foreColor = (0, 0, 0)
438.3916 	EXP 	responsel: foreColor = (0, 0, 0)
438.4083 	EXP 	responsel: foreColor = (0, 0, 0)
438.4250 	EXP 	responsel: foreColor = (0, 0, 0)
438.4416 	EXP 	responsel: foreColor = (0, 0, 0)
438.4583 	EXP 	responsel: foreColor = (0, 0, 0)
438.4750 	EXP 	responsel: foreColor = (0, 0, 0)
438.4916 	EXP 	responsel: foreColor = (0, 0, 0)
438.5083 	EXP 	responsel: foreColor = (0, 0, 0)
438.5250 	EXP 	responsel: foreColor = (0, 0, 0)
438.5416 	EXP 	responsel: foreColor = (0, 0, 0)
438.5582 	EXP 	responsel: foreColor = (0, 0, 0)
438.5750 	EXP 	responsel: foreColor = (0, 0, 0)
438.5916 	EXP 	responsel: foreColor = (0, 0, 0)
438.6083 	EXP 	responsel: foreColor = (0, 0, 0)
438.6249 	EXP 	responsel: foreColor = (0, 0, 0)
438.6417 	EXP 	responsel: foreColor = (0, 0, 0)
438.6583 	EXP 	responsel: foreColor = (0, 0, 0)
438.6749 	EXP 	responsel: foreColor = (0, 0, 0)
438.6916 	EXP 	responsel: foreColor = (0, 0, 0)
438.7083 	EXP 	responsel: foreColor = (0, 0, 0)
438.7249 	EXP 	responsel: foreColor = (0, 0, 0)
438.7417 	EXP 	responsel: foreColor = (0, 0, 0)
438.7583 	EXP 	responsel: foreColor = (0, 0, 0)
438.7750 	EXP 	responsel: foreColor = (0, 0, 0)
438.7916 	EXP 	responsel: foreColor = (0, 0, 0)
438.8083 	EXP 	responsel: foreColor = (0, 0, 0)
438.8250 	EXP 	responsel: foreColor = (0, 0, 0)
438.8416 	EXP 	responsel: foreColor = (0, 0, 0)
438.8583 	EXP 	responsel: foreColor = (0, 0, 0)
438.8749 	EXP 	responsel: foreColor = (0, 0, 0)
438.8917 	EXP 	responsel: foreColor = (0, 0, 0)
438.9082 	EXP 	responsel: foreColor = (0, 0, 0)
438.9249 	EXP 	responsel: foreColor = (0, 0, 0)
438.9416 	EXP 	responsel: foreColor = (0, 0, 0)
438.9583 	EXP 	responsel: foreColor = (0, 0, 0)
438.9750 	EXP 	responsel: foreColor = (0, 0, 0)
438.9916 	EXP 	responsel: foreColor = (0, 0, 0)
439.0083 	EXP 	responsel: foreColor = (0, 0, 0)
439.0250 	EXP 	responsel: foreColor = (0, 0, 0)
439.0417 	EXP 	responsel: foreColor = (0, 0, 0)
439.0583 	EXP 	responsel: foreColor = (0, 0, 0)
439.0750 	EXP 	responsel: foreColor = (0, 0, 0)
439.0916 	EXP 	responsel: foreColor = (0, 0, 0)
439.1083 	EXP 	responsel: foreColor = (0, 0, 0)
439.1249 	EXP 	responsel: foreColor = (0, 0, 0)
439.1416 	EXP 	responsel: foreColor = (0, 0, 0)
439.1583 	EXP 	responsel: foreColor = (0, 0, 0)
439.1749 	EXP 	responsel: foreColor = (0, 0, 0)
439.1916 	EXP 	responsel: foreColor = (0, 0, 0)
439.2083 	EXP 	responsel: foreColor = (0, 0, 0)
439.2249 	EXP 	responsel: foreColor = (0, 0, 0)
439.2416 	EXP 	responsel: foreColor = (0, 0, 0)
439.2583 	EXP 	responsel: foreColor = (0, 0, 0)
439.2750 	EXP 	responsel: foreColor = (0, 0, 0)
439.2916 	EXP 	responsel: foreColor = (0, 0, 0)
439.3083 	EXP 	responsel: foreColor = (0, 0, 0)
439.3250 	EXP 	responsel: foreColor = (0, 0, 0)
439.3416 	EXP 	responsel: foreColor = (0, 0, 0)
439.3583 	EXP 	responsel: foreColor = (0, 0, 0)
439.3750 	EXP 	responsel: foreColor = (0, 0, 0)
439.3916 	EXP 	responsel: foreColor = (0, 0, 0)
439.4083 	EXP 	responsel: foreColor = (0, 0, 0)
439.4250 	EXP 	responsel: foreColor = (0, 0, 0)
439.4417 	EXP 	responsel: foreColor = (0, 0, 0)
439.4583 	EXP 	responsel: foreColor = (0, 0, 0)
439.4750 	EXP 	responsel: foreColor = (0, 0, 0)
439.4916 	EXP 	responsel: foreColor = (0, 0, 0)
439.5083 	EXP 	responsel: foreColor = (0, 0, 0)
439.5250 	EXP 	responsel: foreColor = (0, 0, 0)
439.5416 	EXP 	responsel: foreColor = (0, 0, 0)
439.5583 	EXP 	responsel: foreColor = (0, 0, 0)
439.5749 	EXP 	responsel: foreColor = (0, 0, 0)
439.5916 	EXP 	responsel: foreColor = (0, 0, 0)
439.6083 	EXP 	responsel: foreColor = (0, 0, 0)
439.6250 	EXP 	responsel: foreColor = (0, 0, 0)
439.6416 	EXP 	responsel: foreColor = (0, 0, 0)
439.6583 	EXP 	responsel: foreColor = (0, 0, 0)
439.6749 	EXP 	responsel: foreColor = (0, 0, 0)
439.6916 	EXP 	responsel: foreColor = (0, 0, 0)
439.7083 	EXP 	responsel: foreColor = (0, 0, 0)
439.7250 	EXP 	responsel: foreColor = (0, 0, 0)
439.7417 	EXP 	responsel: foreColor = (0, 0, 0)
439.7583 	EXP 	responsel: foreColor = (0, 0, 0)
439.7750 	EXP 	responsel: foreColor = (0, 0, 0)
439.7916 	EXP 	responsel: foreColor = (0, 0, 0)
439.8083 	EXP 	responsel: foreColor = (0, 0, 0)
439.8250 	EXP 	responsel: foreColor = (0, 0, 0)
439.8416 	EXP 	responsel: foreColor = (0, 0, 0)
439.8583 	EXP 	responsel: foreColor = (0, 0, 0)
439.8750 	EXP 	responsel: foreColor = (0, 0, 0)
439.8916 	EXP 	responsel: foreColor = (0, 0, 0)
439.9083 	EXP 	responsel: foreColor = (0, 0, 0)
439.9250 	EXP 	responsel: foreColor = (0, 0, 0)
439.9416 	EXP 	responsel: foreColor = (0, 0, 0)
439.9583 	EXP 	responsel: foreColor = (0, 0, 0)
439.9750 	EXP 	responsel: foreColor = (0, 0, 0)
439.9916 	EXP 	responsel: foreColor = (0, 0, 0)
440.0083 	EXP 	responsel: foreColor = (0, 0, 0)
440.0250 	EXP 	responsel: foreColor = (0, 0, 0)
440.0417 	EXP 	responsel: foreColor = (0, 0, 0)
440.0583 	EXP 	responsel: foreColor = (0, 0, 0)
440.0750 	EXP 	responsel: foreColor = (0, 0, 0)
440.0917 	EXP 	responsel: foreColor = (0, 0, 0)
440.1083 	EXP 	responsel: foreColor = (0, 0, 0)
440.1250 	EXP 	responsel: foreColor = (0, 0, 0)
440.1416 	EXP 	responsel: foreColor = (0, 0, 0)
440.1416 	EXP 	thermode_locali_pic: autoDraw = False
440.1583 	EXP 	responsel: foreColor = (0, 0, 0)
440.1750 	EXP 	responsel: foreColor = (0, 0, 0)
440.1916 	EXP 	responsel: foreColor = (0, 0, 0)
440.2083 	EXP 	responsel: foreColor = (0, 0, 0)
440.2250 	EXP 	responsel: foreColor = (0, 0, 0)
440.2416 	EXP 	responsel: foreColor = (0, 0, 0)
440.2583 	EXP 	responsel: foreColor = (0, 0, 0)
440.2750 	EXP 	responsel: foreColor = (0, 0, 0)
440.2916 	EXP 	responsel: foreColor = (0, 0, 0)
440.3083 	EXP 	responsel: foreColor = (0, 0, 0)
440.3250 	EXP 	responsel: foreColor = (0, 0, 0)
440.3416 	EXP 	responsel: foreColor = (0, 0, 0)
440.3583 	EXP 	responsel: foreColor = (0, 0, 0)
440.3750 	EXP 	responsel: foreColor = (0, 0, 0)
440.3916 	EXP 	responsel: foreColor = (0, 0, 0)
440.4083 	EXP 	responsel: foreColor = (0, 0, 0)
440.4250 	EXP 	responsel: foreColor = (0, 0, 0)
440.4416 	EXP 	responsel: foreColor = (0, 0, 0)
440.4584 	EXP 	responsel: foreColor = (0, 0, 0)
440.4749 	EXP 	responsel: foreColor = (0, 0, 0)
440.4916 	EXP 	responsel: foreColor = (0, 0, 0)
440.5083 	EXP 	responsel: foreColor = (0, 0, 0)
440.5249 	EXP 	responsel: foreColor = (0, 0, 0)
440.5416 	EXP 	responsel: foreColor = (0, 0, 0)
440.5583 	EXP 	responsel: foreColor = (0, 0, 0)
440.5749 	EXP 	responsel: foreColor = (0, 0, 0)
440.5916 	EXP 	responsel: foreColor = (0, 0, 0)
440.6083 	EXP 	responsel: foreColor = (0, 0, 0)
440.6249 	EXP 	responsel: foreColor = (0, 0, 0)
440.6416 	EXP 	responsel: foreColor = (0, 0, 0)
440.6583 	EXP 	responsel: foreColor = (0, 0, 0)
440.6750 	EXP 	responsel: foreColor = (0, 0, 0)
440.6916 	EXP 	responsel: foreColor = (0, 0, 0)
440.7083 	EXP 	responsel: foreColor = (0, 0, 0)
440.7249 	EXP 	responsel: foreColor = (0, 0, 0)
440.7416 	EXP 	responsel: foreColor = (0, 0, 0)
440.7582 	EXP 	responsel: foreColor = (0, 0, 0)
440.7749 	EXP 	responsel: foreColor = (0, 0, 0)
440.7916 	EXP 	responsel: foreColor = (0, 0, 0)
440.8083 	EXP 	responsel: foreColor = (0, 0, 0)
440.8249 	EXP 	responsel: foreColor = (0, 0, 0)
440.8416 	EXP 	responsel: foreColor = (0, 0, 0)
440.8583 	EXP 	responsel: foreColor = (0, 0, 0)
440.8749 	EXP 	responsel: foreColor = (0, 0, 0)
440.8916 	EXP 	responsel: foreColor = (0, 0, 0)
440.9083 	EXP 	responsel: foreColor = (0, 0, 0)
440.9092 	EXP 	New trial (rep=15, index=0): None
440.9249 	EXP 	responsel: foreColor = (0, 0, 0)
440.9249 	EXP 	responsel: autoDraw = False
440.9249 	EXP 	percu_or: autoDraw = False
440.9249 	EXP 	responser: autoDraw = False
440.9249 	EXP 	thermode_locali_pic: autoDraw = False
440.9249 	EXP 	responsel: autoDraw = False
440.9249 	EXP 	percu_or: autoDraw = False
440.9249 	EXP 	responser: autoDraw = False
440.9249 	EXP 	responsel: foreColor = 'white'
440.9249 	EXP 	responser: foreColor = 'white'
440.9249 	EXP 	text_pic: autoDraw = True
440.9249 	EXP 	croix_3: autoDraw = True
445.9250 	EXP 	text_pic: autoDraw = False
445.9250 	EXP 	croix_3: autoDraw = False
445.9250 	EXP 	text_pic: autoDraw = False
445.9250 	EXP 	croix_3: autoDraw = False
445.9250 	EXP 	thermode_locali_pic: height = 0.02
445.9250 	EXP 	thermode_locali_pic: height = 0.02
445.9250 	EXP 	thermode_locali_pic: height = 0.02
445.9250 	EXP 	thermode_locali_pic: text = 'T : 3'
445.9250 	EXP 	responsel: text = 'NON              '
445.9250 	EXP 	thermode_locali_pic: autoDraw = True
453.9084 	EXP 	responsel: autoDraw = True
453.9084 	EXP 	percu_or: autoDraw = True
453.9084 	EXP 	responser: autoDraw = True
454.2429 	DATA 	Keypress: m
454.2751 	EXP 	responsel: foreColor = (0, 0, 0)
454.2918 	EXP 	responsel: foreColor = (0, 0, 0)
454.3084 	EXP 	responsel: foreColor = (0, 0, 0)
454.3251 	EXP 	responsel: foreColor = (0, 0, 0)
454.3418 	EXP 	responsel: foreColor = (0, 0, 0)
454.3584 	EXP 	responsel: foreColor = (0, 0, 0)
454.3751 	EXP 	responsel: foreColor = (0, 0, 0)
454.3918 	EXP 	responsel: foreColor = (0, 0, 0)
454.4084 	EXP 	responsel: foreColor = (0, 0, 0)
454.4251 	EXP 	responsel: foreColor = (0, 0, 0)
454.4418 	EXP 	responsel: foreColor = (0, 0, 0)
454.4583 	EXP 	responsel: foreColor = (0, 0, 0)
454.4751 	EXP 	responsel: foreColor = (0, 0, 0)
454.4918 	EXP 	responsel: foreColor = (0, 0, 0)
454.5084 	EXP 	responsel: foreColor = (0, 0, 0)
454.5251 	EXP 	responsel: foreColor = (0, 0, 0)
454.5418 	EXP 	responsel: foreColor = (0, 0, 0)
454.5584 	EXP 	responsel: foreColor = (0, 0, 0)
454.5751 	EXP 	responsel: foreColor = (0, 0, 0)
454.5918 	EXP 	responsel: foreColor = (0, 0, 0)
454.6084 	EXP 	responsel: foreColor = (0, 0, 0)
454.6251 	EXP 	responsel: foreColor = (0, 0, 0)
454.6418 	EXP 	responsel: foreColor = (0, 0, 0)
454.6584 	EXP 	responsel: foreColor = (0, 0, 0)
454.6751 	EXP 	responsel: foreColor = (0, 0, 0)
454.6918 	EXP 	responsel: foreColor = (0, 0, 0)
454.7084 	EXP 	responsel: foreColor = (0, 0, 0)
454.7251 	EXP 	responsel: foreColor = (0, 0, 0)
454.7418 	EXP 	responsel: foreColor = (0, 0, 0)
454.7584 	EXP 	responsel: foreColor = (0, 0, 0)
454.7751 	EXP 	responsel: foreColor = (0, 0, 0)
454.7918 	EXP 	responsel: foreColor = (0, 0, 0)
454.8084 	EXP 	responsel: foreColor = (0, 0, 0)
454.8251 	EXP 	responsel: foreColor = (0, 0, 0)
454.8417 	EXP 	responsel: foreColor = (0, 0, 0)
454.8584 	EXP 	responsel: foreColor = (0, 0, 0)
454.8750 	EXP 	responsel: foreColor = (0, 0, 0)
454.8918 	EXP 	responsel: foreColor = (0, 0, 0)
454.9084 	EXP 	responsel: foreColor = (0, 0, 0)
454.9251 	EXP 	responsel: foreColor = (0, 0, 0)
454.9418 	EXP 	responsel: foreColor = (0, 0, 0)
454.9584 	EXP 	responsel: foreColor = (0, 0, 0)
454.9751 	EXP 	responsel: foreColor = (0, 0, 0)
454.9918 	EXP 	responsel: foreColor = (0, 0, 0)
455.0084 	EXP 	responsel: foreColor = (0, 0, 0)
455.0251 	EXP 	responsel: foreColor = (0, 0, 0)
455.0418 	EXP 	responsel: foreColor = (0, 0, 0)
455.0584 	EXP 	responsel: foreColor = (0, 0, 0)
455.0751 	EXP 	responsel: foreColor = (0, 0, 0)
455.0918 	EXP 	responsel: foreColor = (0, 0, 0)
455.1084 	EXP 	responsel: foreColor = (0, 0, 0)
455.1251 	EXP 	responsel: foreColor = (0, 0, 0)
455.1418 	EXP 	responsel: foreColor = (0, 0, 0)
455.1584 	EXP 	responsel: foreColor = (0, 0, 0)
455.1751 	EXP 	responsel: foreColor = (0, 0, 0)
455.1918 	EXP 	responsel: foreColor = (0, 0, 0)
455.2084 	EXP 	responsel: foreColor = (0, 0, 0)
455.2251 	EXP 	responsel: foreColor = (0, 0, 0)
455.2418 	EXP 	responsel: foreColor = (0, 0, 0)
455.2585 	EXP 	responsel: foreColor = (0, 0, 0)
455.2751 	EXP 	responsel: foreColor = (0, 0, 0)
455.2918 	EXP 	responsel: foreColor = (0, 0, 0)
455.3084 	EXP 	responsel: foreColor = (0, 0, 0)
455.3251 	EXP 	responsel: foreColor = (0, 0, 0)
455.3417 	EXP 	responsel: foreColor = (0, 0, 0)
455.3584 	EXP 	responsel: foreColor = (0, 0, 0)
455.3751 	EXP 	responsel: foreColor = (0, 0, 0)
455.3918 	EXP 	responsel: foreColor = (0, 0, 0)
455.4084 	EXP 	responsel: foreColor = (0, 0, 0)
455.4251 	EXP 	responsel: foreColor = (0, 0, 0)
455.4418 	EXP 	responsel: foreColor = (0, 0, 0)
455.4585 	EXP 	responsel: foreColor = (0, 0, 0)
455.4751 	EXP 	responsel: foreColor = (0, 0, 0)
455.4918 	EXP 	responsel: foreColor = (0, 0, 0)
455.5084 	EXP 	responsel: foreColor = (0, 0, 0)
455.5251 	EXP 	responsel: foreColor = (0, 0, 0)
455.5418 	EXP 	responsel: foreColor = (0, 0, 0)
455.5585 	EXP 	responsel: foreColor = (0, 0, 0)
455.5751 	EXP 	responsel: foreColor = (0, 0, 0)
455.5917 	EXP 	responsel: foreColor = (0, 0, 0)
455.6084 	EXP 	responsel: foreColor = (0, 0, 0)
455.6251 	EXP 	responsel: foreColor = (0, 0, 0)
455.6418 	EXP 	responsel: foreColor = (0, 0, 0)
455.6585 	EXP 	responsel: foreColor = (0, 0, 0)
455.6751 	EXP 	responsel: foreColor = (0, 0, 0)
455.6917 	EXP 	responsel: foreColor = (0, 0, 0)
455.7085 	EXP 	responsel: foreColor = (0, 0, 0)
455.7252 	EXP 	responsel: foreColor = (0, 0, 0)
455.7417 	EXP 	responsel: foreColor = (0, 0, 0)
455.7584 	EXP 	responsel: foreColor = (0, 0, 0)
455.7751 	EXP 	responsel: foreColor = (0, 0, 0)
455.7917 	EXP 	responsel: foreColor = (0, 0, 0)
455.8085 	EXP 	responsel: foreColor = (0, 0, 0)
455.8251 	EXP 	responsel: foreColor = (0, 0, 0)
455.8418 	EXP 	responsel: foreColor = (0, 0, 0)
455.8584 	EXP 	responsel: foreColor = (0, 0, 0)
455.8751 	EXP 	responsel: foreColor = (0, 0, 0)
455.8918 	EXP 	responsel: foreColor = (0, 0, 0)
455.9084 	EXP 	responsel: foreColor = (0, 0, 0)
455.9251 	EXP 	responsel: foreColor = (0, 0, 0)
455.9418 	EXP 	responsel: foreColor = (0, 0, 0)
455.9585 	EXP 	responsel: foreColor = (0, 0, 0)
455.9751 	EXP 	responsel: foreColor = (0, 0, 0)
455.9918 	EXP 	responsel: foreColor = (0, 0, 0)
456.0085 	EXP 	responsel: foreColor = (0, 0, 0)
456.0251 	EXP 	responsel: foreColor = (0, 0, 0)
456.0418 	EXP 	responsel: foreColor = (0, 0, 0)
456.0584 	EXP 	responsel: foreColor = (0, 0, 0)
456.0751 	EXP 	responsel: foreColor = (0, 0, 0)
456.0918 	EXP 	responsel: foreColor = (0, 0, 0)
456.1085 	EXP 	responsel: foreColor = (0, 0, 0)
456.1251 	EXP 	responsel: foreColor = (0, 0, 0)
456.1251 	EXP 	thermode_locali_pic: autoDraw = False
456.1417 	EXP 	responsel: foreColor = (0, 0, 0)
456.1585 	EXP 	responsel: foreColor = (0, 0, 0)
456.1752 	EXP 	responsel: foreColor = (0, 0, 0)
456.1918 	EXP 	responsel: foreColor = (0, 0, 0)
456.2085 	EXP 	responsel: foreColor = (0, 0, 0)
456.2251 	EXP 	responsel: foreColor = (0, 0, 0)
456.2418 	EXP 	responsel: foreColor = (0, 0, 0)
456.2585 	EXP 	responsel: foreColor = (0, 0, 0)
456.2751 	EXP 	responsel: foreColor = (0, 0, 0)
456.2918 	EXP 	responsel: foreColor = (0, 0, 0)
456.3085 	EXP 	responsel: foreColor = (0, 0, 0)
456.3251 	EXP 	responsel: foreColor = (0, 0, 0)
456.3418 	EXP 	responsel: foreColor = (0, 0, 0)
456.3584 	EXP 	responsel: foreColor = (0, 0, 0)
456.3751 	EXP 	responsel: foreColor = (0, 0, 0)
456.3918 	EXP 	responsel: foreColor = (0, 0, 0)
456.4084 	EXP 	responsel: foreColor = (0, 0, 0)
456.4251 	EXP 	responsel: foreColor = (0, 0, 0)
456.4418 	EXP 	responsel: foreColor = (0, 0, 0)
456.4584 	EXP 	responsel: foreColor = (0, 0, 0)
456.4752 	EXP 	responsel: foreColor = (0, 0, 0)
456.4918 	EXP 	responsel: foreColor = (0, 0, 0)
456.5085 	EXP 	responsel: foreColor = (0, 0, 0)
456.5251 	EXP 	responsel: foreColor = (0, 0, 0)
456.5418 	EXP 	responsel: foreColor = (0, 0, 0)
456.5584 	EXP 	responsel: foreColor = (0, 0, 0)
456.5751 	EXP 	responsel: foreColor = (0, 0, 0)
456.5918 	EXP 	responsel: foreColor = (0, 0, 0)
456.6085 	EXP 	responsel: foreColor = (0, 0, 0)
456.6251 	EXP 	responsel: foreColor = (0, 0, 0)
456.6418 	EXP 	responsel: foreColor = (0, 0, 0)
456.6585 	EXP 	responsel: foreColor = (0, 0, 0)
456.6751 	EXP 	responsel: foreColor = (0, 0, 0)
456.6918 	EXP 	responsel: foreColor = (0, 0, 0)
456.7085 	EXP 	responsel: foreColor = (0, 0, 0)
456.7251 	EXP 	responsel: foreColor = (0, 0, 0)
456.7417 	EXP 	responsel: foreColor = (0, 0, 0)
456.7585 	EXP 	responsel: foreColor = (0, 0, 0)
456.7752 	EXP 	responsel: foreColor = (0, 0, 0)
456.7918 	EXP 	responsel: foreColor = (0, 0, 0)
456.8085 	EXP 	responsel: foreColor = (0, 0, 0)
456.8251 	EXP 	responsel: foreColor = (0, 0, 0)
456.8418 	EXP 	responsel: foreColor = (0, 0, 0)
456.8585 	EXP 	responsel: foreColor = (0, 0, 0)
456.8751 	EXP 	responsel: foreColor = (0, 0, 0)
456.8918 	EXP 	responsel: foreColor = (0, 0, 0)
456.8928 	EXP 	New trial (rep=16, index=0): None
456.9085 	EXP 	responsel: foreColor = (0, 0, 0)
456.9085 	EXP 	responsel: autoDraw = False
456.9085 	EXP 	percu_or: autoDraw = False
456.9085 	EXP 	responser: autoDraw = False
456.9085 	EXP 	thermode_locali_pic: autoDraw = False
456.9085 	EXP 	responsel: autoDraw = False
456.9085 	EXP 	percu_or: autoDraw = False
456.9085 	EXP 	responser: autoDraw = False
456.9085 	EXP 	responsel: foreColor = 'white'
456.9085 	EXP 	responser: foreColor = 'white'
456.9085 	EXP 	text_pic: autoDraw = True
456.9085 	EXP 	croix_3: autoDraw = True
461.9085 	EXP 	text_pic: autoDraw = False
461.9085 	EXP 	croix_3: autoDraw = False
461.9085 	EXP 	text_pic: autoDraw = False
461.9085 	EXP 	croix_3: autoDraw = False
461.9085 	EXP 	thermode_locali_pic: height = 0.02
461.9085 	EXP 	thermode_locali_pic: height = 0.02
461.9085 	EXP 	thermode_locali_pic: height = 0.02
461.9085 	EXP 	thermode_locali_pic: text = 'T : 0'
461.9085 	EXP 	responsel: text = 'NON              '
461.9085 	EXP 	thermode_locali_pic: autoDraw = True
469.8920 	EXP 	responsel: autoDraw = True
469.8920 	EXP 	percu_or: autoDraw = True
469.8920 	EXP 	responser: autoDraw = True
470.2264 	DATA 	Keypress: m
470.2586 	EXP 	responsel: foreColor = (0, 0, 0)
470.2753 	EXP 	responsel: foreColor = (0, 0, 0)
470.2920 	EXP 	responsel: foreColor = (0, 0, 0)
470.3087 	EXP 	responsel: foreColor = (0, 0, 0)
470.3253 	EXP 	responsel: foreColor = (0, 0, 0)
470.3420 	EXP 	responsel: foreColor = (0, 0, 0)
470.3586 	EXP 	responsel: foreColor = (0, 0, 0)
470.3753 	EXP 	responsel: foreColor = (0, 0, 0)
470.3920 	EXP 	responsel: foreColor = (0, 0, 0)
470.4086 	EXP 	responsel: foreColor = (0, 0, 0)
470.4253 	EXP 	responsel: foreColor = (0, 0, 0)
470.4420 	EXP 	responsel: foreColor = (0, 0, 0)
470.4586 	EXP 	responsel: foreColor = (0, 0, 0)
470.4753 	EXP 	responsel: foreColor = (0, 0, 0)
470.4920 	EXP 	responsel: foreColor = (0, 0, 0)
470.5086 	EXP 	responsel: foreColor = (0, 0, 0)
470.5253 	EXP 	responsel: foreColor = (0, 0, 0)
470.5420 	EXP 	responsel: foreColor = (0, 0, 0)
470.5586 	EXP 	responsel: foreColor = (0, 0, 0)
470.5753 	EXP 	responsel: foreColor = (0, 0, 0)
470.5920 	EXP 	responsel: foreColor = (0, 0, 0)
470.6087 	EXP 	responsel: foreColor = (0, 0, 0)
470.6253 	EXP 	responsel: foreColor = (0, 0, 0)
470.6420 	EXP 	responsel: foreColor = (0, 0, 0)
470.6586 	EXP 	responsel: foreColor = (0, 0, 0)
470.6753 	EXP 	responsel: foreColor = (0, 0, 0)
470.6920 	EXP 	responsel: foreColor = (0, 0, 0)
470.7087 	EXP 	responsel: foreColor = (0, 0, 0)
470.7253 	EXP 	responsel: foreColor = (0, 0, 0)
470.7420 	EXP 	responsel: foreColor = (0, 0, 0)
470.7586 	EXP 	responsel: foreColor = (0, 0, 0)
470.7753 	EXP 	responsel: foreColor = (0, 0, 0)
470.7920 	EXP 	responsel: foreColor = (0, 0, 0)
470.8086 	EXP 	responsel: foreColor = (0, 0, 0)
470.8253 	EXP 	responsel: foreColor = (0, 0, 0)
470.8420 	EXP 	responsel: foreColor = (0, 0, 0)
470.8586 	EXP 	responsel: foreColor = (0, 0, 0)
470.8753 	EXP 	responsel: foreColor = (0, 0, 0)
470.8920 	EXP 	responsel: foreColor = (0, 0, 0)
470.9087 	EXP 	responsel: foreColor = (0, 0, 0)
470.9253 	EXP 	responsel: foreColor = (0, 0, 0)
470.9420 	EXP 	responsel: foreColor = (0, 0, 0)
470.9586 	EXP 	responsel: foreColor = (0, 0, 0)
470.9753 	EXP 	responsel: foreColor = (0, 0, 0)
470.9920 	EXP 	responsel: foreColor = (0, 0, 0)
471.0086 	EXP 	responsel: foreColor = (0, 0, 0)
471.0253 	EXP 	responsel: foreColor = (0, 0, 0)
471.0420 	EXP 	responsel: foreColor = (0, 0, 0)
471.0586 	EXP 	responsel: foreColor = (0, 0, 0)
471.0753 	EXP 	responsel: foreColor = (0, 0, 0)
471.0920 	EXP 	responsel: foreColor = (0, 0, 0)
471.1086 	EXP 	responsel: foreColor = (0, 0, 0)
471.1253 	EXP 	responsel: foreColor = (0, 0, 0)
471.1420 	EXP 	responsel: foreColor = (0, 0, 0)
471.1586 	EXP 	responsel: foreColor = (0, 0, 0)
471.1753 	EXP 	responsel: foreColor = (0, 0, 0)
471.1920 	EXP 	responsel: foreColor = (0, 0, 0)
471.2087 	EXP 	responsel: foreColor = (0, 0, 0)
471.2253 	EXP 	responsel: foreColor = (0, 0, 0)
471.2420 	EXP 	responsel: foreColor = (0, 0, 0)
471.2587 	EXP 	responsel: foreColor = (0, 0, 0)
471.2753 	EXP 	responsel: foreColor = (0, 0, 0)
471.2920 	EXP 	responsel: foreColor = (0, 0, 0)
471.3086 	EXP 	responsel: foreColor = (0, 0, 0)
471.3253 	EXP 	responsel: foreColor = (0, 0, 0)
471.3420 	EXP 	responsel: foreColor = (0, 0, 0)
471.3586 	EXP 	responsel: foreColor = (0, 0, 0)
471.3753 	EXP 	responsel: foreColor = (0, 0, 0)
471.3920 	EXP 	responsel: foreColor = (0, 0, 0)
471.4086 	EXP 	responsel: foreColor = (0, 0, 0)
471.4252 	EXP 	responsel: foreColor = (0, 0, 0)
471.4419 	EXP 	responsel: foreColor = (0, 0, 0)
471.4586 	EXP 	responsel: foreColor = (0, 0, 0)
471.4753 	EXP 	responsel: foreColor = (0, 0, 0)
471.4920 	EXP 	responsel: foreColor = (0, 0, 0)
471.5086 	EXP 	responsel: foreColor = (0, 0, 0)
471.5253 	EXP 	responsel: foreColor = (0, 0, 0)
471.5419 	EXP 	responsel: foreColor = (0, 0, 0)
471.5586 	EXP 	responsel: foreColor = (0, 0, 0)
471.5753 	EXP 	responsel: foreColor = (0, 0, 0)
471.5920 	EXP 	responsel: foreColor = (0, 0, 0)
471.6086 	EXP 	responsel: foreColor = (0, 0, 0)
471.6253 	EXP 	responsel: foreColor = (0, 0, 0)
471.6420 	EXP 	responsel: foreColor = (0, 0, 0)
471.6587 	EXP 	responsel: foreColor = (0, 0, 0)
471.6753 	EXP 	responsel: foreColor = (0, 0, 0)
471.6920 	EXP 	responsel: foreColor = (0, 0, 0)
471.7086 	EXP 	responsel: foreColor = (0, 0, 0)
471.7253 	EXP 	responsel: foreColor = (0, 0, 0)
471.7419 	EXP 	responsel: foreColor = (0, 0, 0)
471.7587 	EXP 	responsel: foreColor = (0, 0, 0)
471.7753 	EXP 	responsel: foreColor = (0, 0, 0)
471.7920 	EXP 	responsel: foreColor = (0, 0, 0)
471.8086 	EXP 	responsel: foreColor = (0, 0, 0)
471.8253 	EXP 	responsel: foreColor = (0, 0, 0)
471.8420 	EXP 	responsel: foreColor = (0, 0, 0)
471.8586 	EXP 	responsel: foreColor = (0, 0, 0)
471.8753 	EXP 	responsel: foreColor = (0, 0, 0)
471.8920 	EXP 	responsel: foreColor = (0, 0, 0)
471.9086 	EXP 	responsel: foreColor = (0, 0, 0)
471.9253 	EXP 	responsel: foreColor = (0, 0, 0)
471.9420 	EXP 	responsel: foreColor = (0, 0, 0)
471.9587 	EXP 	responsel: foreColor = (0, 0, 0)
471.9753 	EXP 	responsel: foreColor = (0, 0, 0)
471.9920 	EXP 	responsel: foreColor = (0, 0, 0)
472.0086 	EXP 	responsel: foreColor = (0, 0, 0)
472.0253 	EXP 	responsel: foreColor = (0, 0, 0)
472.0420 	EXP 	responsel: foreColor = (0, 0, 0)
472.0586 	EXP 	responsel: foreColor = (0, 0, 0)
472.0753 	EXP 	responsel: foreColor = (0, 0, 0)
472.0920 	EXP 	responsel: foreColor = (0, 0, 0)
472.1086 	EXP 	responsel: foreColor = (0, 0, 0)
472.1086 	EXP 	thermode_locali_pic: autoDraw = False
472.1253 	EXP 	responsel: foreColor = (0, 0, 0)
472.1420 	EXP 	responsel: foreColor = (0, 0, 0)
472.1586 	EXP 	responsel: foreColor = (0, 0, 0)
472.1753 	EXP 	responsel: foreColor = (0, 0, 0)
472.1920 	EXP 	responsel: foreColor = (0, 0, 0)
472.2086 	EXP 	responsel: foreColor = (0, 0, 0)
472.2253 	EXP 	responsel: foreColor = (0, 0, 0)
472.2420 	EXP 	responsel: foreColor = (0, 0, 0)
472.2587 	EXP 	responsel: foreColor = (0, 0, 0)
472.2753 	EXP 	responsel: foreColor = (0, 0, 0)
472.2920 	EXP 	responsel: foreColor = (0, 0, 0)
472.3087 	EXP 	responsel: foreColor = (0, 0, 0)
472.3254 	EXP 	responsel: foreColor = (0, 0, 0)
472.3419 	EXP 	responsel: foreColor = (0, 0, 0)
472.3587 	EXP 	responsel: foreColor = (0, 0, 0)
472.3753 	EXP 	responsel: foreColor = (0, 0, 0)
472.3919 	EXP 	responsel: foreColor = (0, 0, 0)
472.4086 	EXP 	responsel: foreColor = (0, 0, 0)
472.4253 	EXP 	responsel: foreColor = (0, 0, 0)
472.4420 	EXP 	responsel: foreColor = (0, 0, 0)
472.4586 	EXP 	responsel: foreColor = (0, 0, 0)
472.4753 	EXP 	responsel: foreColor = (0, 0, 0)
472.4920 	EXP 	responsel: foreColor = (0, 0, 0)
472.5086 	EXP 	responsel: foreColor = (0, 0, 0)
472.5253 	EXP 	responsel: foreColor = (0, 0, 0)
472.5420 	EXP 	responsel: foreColor = (0, 0, 0)
472.5587 	EXP 	responsel: foreColor = (0, 0, 0)
472.5753 	EXP 	responsel: foreColor = (0, 0, 0)
472.5920 	EXP 	responsel: foreColor = (0, 0, 0)
472.6086 	EXP 	responsel: foreColor = (0, 0, 0)
472.6253 	EXP 	responsel: foreColor = (0, 0, 0)
472.6420 	EXP 	responsel: foreColor = (0, 0, 0)
472.6586 	EXP 	responsel: foreColor = (0, 0, 0)
472.6753 	EXP 	responsel: foreColor = (0, 0, 0)
472.6920 	EXP 	responsel: foreColor = (0, 0, 0)
472.7086 	EXP 	responsel: foreColor = (0, 0, 0)
472.7253 	EXP 	responsel: foreColor = (0, 0, 0)
472.7420 	EXP 	responsel: foreColor = (0, 0, 0)
472.7586 	EXP 	responsel: foreColor = (0, 0, 0)
472.7753 	EXP 	responsel: foreColor = (0, 0, 0)
472.7920 	EXP 	responsel: foreColor = (0, 0, 0)
472.8086 	EXP 	responsel: foreColor = (0, 0, 0)
472.8253 	EXP 	responsel: foreColor = (0, 0, 0)
472.8420 	EXP 	responsel: foreColor = (0, 0, 0)
472.8587 	EXP 	responsel: foreColor = (0, 0, 0)
472.8753 	EXP 	responsel: foreColor = (0, 0, 0)
472.8762 	EXP 	New trial (rep=17, index=0): None
472.8920 	EXP 	responsel: foreColor = (0, 0, 0)
472.8920 	EXP 	responsel: autoDraw = False
472.8920 	EXP 	percu_or: autoDraw = False
472.8920 	EXP 	responser: autoDraw = False
472.8920 	EXP 	thermode_locali_pic: autoDraw = False
472.8920 	EXP 	responsel: autoDraw = False
472.8920 	EXP 	percu_or: autoDraw = False
472.8920 	EXP 	responser: autoDraw = False
472.8920 	EXP 	responsel: foreColor = 'white'
472.8920 	EXP 	responser: foreColor = 'white'
472.8920 	EXP 	text_pic: autoDraw = True
472.8920 	EXP 	croix_3: autoDraw = True
477.8921 	EXP 	text_pic: autoDraw = False
477.8921 	EXP 	croix_3: autoDraw = False
477.8921 	EXP 	text_pic: autoDraw = False
477.8921 	EXP 	croix_3: autoDraw = False
477.8921 	EXP 	thermode_locali_pic: height = 0.02
477.8921 	EXP 	thermode_locali_pic: height = 0.02
477.8921 	EXP 	thermode_locali_pic: height = 0.02
477.8921 	EXP 	thermode_locali_pic: text = 'T : 1'
477.8921 	EXP 	responsel: text = 'NON              '
477.8921 	EXP 	thermode_locali_pic: autoDraw = True
485.8755 	EXP 	responsel: autoDraw = True
485.8755 	EXP 	percu_or: autoDraw = True
485.8755 	EXP 	responser: autoDraw = True
486.3099 	DATA 	Keypress: n
486.3421 	EXP 	responser: foreColor = (0, 0, 0)
486.3588 	EXP 	responser: foreColor = (0, 0, 0)
486.3754 	EXP 	responser: foreColor = (0, 0, 0)
486.3921 	EXP 	responser: foreColor = (0, 0, 0)
486.4087 	EXP 	responser: foreColor = (0, 0, 0)
486.4254 	EXP 	responser: foreColor = (0, 0, 0)
486.4421 	EXP 	responser: foreColor = (0, 0, 0)
486.4588 	EXP 	responser: foreColor = (0, 0, 0)
486.4754 	EXP 	responser: foreColor = (0, 0, 0)
486.4921 	EXP 	responser: foreColor = (0, 0, 0)
486.5088 	EXP 	responser: foreColor = (0, 0, 0)
486.5254 	EXP 	responser: foreColor = (0, 0, 0)
486.5421 	EXP 	responser: foreColor = (0, 0, 0)
486.5588 	EXP 	responser: foreColor = (0, 0, 0)
486.5754 	EXP 	responser: foreColor = (0, 0, 0)
486.5921 	EXP 	responser: foreColor = (0, 0, 0)
486.6088 	EXP 	responser: foreColor = (0, 0, 0)
486.6255 	EXP 	responser: foreColor = (0, 0, 0)
486.6421 	EXP 	responser: foreColor = (0, 0, 0)
486.6588 	EXP 	responser: foreColor = (0, 0, 0)
486.6754 	EXP 	responser: foreColor = (0, 0, 0)
486.6921 	EXP 	responser: foreColor = (0, 0, 0)
486.7088 	EXP 	responser: foreColor = (0, 0, 0)
486.7254 	EXP 	responser: foreColor = (0, 0, 0)
486.7420 	EXP 	responser: foreColor = (0, 0, 0)
486.7587 	EXP 	responser: foreColor = (0, 0, 0)
486.7754 	EXP 	responser: foreColor = (0, 0, 0)
486.7921 	EXP 	responser: foreColor = (0, 0, 0)
486.8088 	EXP 	responser: foreColor = (0, 0, 0)
486.8254 	EXP 	responser: foreColor = (0, 0, 0)
486.8421 	EXP 	responser: foreColor = (0, 0, 0)
486.8588 	EXP 	responser: foreColor = (0, 0, 0)
486.8754 	EXP 	responser: foreColor = (0, 0, 0)
486.8921 	EXP 	responser: foreColor = (0, 0, 0)
486.9088 	EXP 	responser: foreColor = (0, 0, 0)
486.9254 	EXP 	responser: foreColor = (0, 0, 0)
486.9421 	EXP 	responser: foreColor = (0, 0, 0)
486.9588 	EXP 	responser: foreColor = (0, 0, 0)
486.9754 	EXP 	responser: foreColor = (0, 0, 0)
486.9921 	EXP 	responser: foreColor = (0, 0, 0)
487.0087 	EXP 	responser: foreColor = (0, 0, 0)
487.0253 	EXP 	responser: foreColor = (0, 0, 0)
487.0420 	EXP 	responser: foreColor = (0, 0, 0)
487.0588 	EXP 	responser: foreColor = (0, 0, 0)
487.0754 	EXP 	responser: foreColor = (0, 0, 0)
487.0921 	EXP 	responser: foreColor = (0, 0, 0)
487.1088 	EXP 	responser: foreColor = (0, 0, 0)
487.1254 	EXP 	responser: foreColor = (0, 0, 0)
487.1420 	EXP 	responser: foreColor = (0, 0, 0)
487.1588 	EXP 	responser: foreColor = (0, 0, 0)
487.1754 	EXP 	responser: foreColor = (0, 0, 0)
487.1921 	EXP 	responser: foreColor = (0, 0, 0)
487.2088 	EXP 	responser: foreColor = (0, 0, 0)
487.2254 	EXP 	responser: foreColor = (0, 0, 0)
487.2420 	EXP 	responser: foreColor = (0, 0, 0)
487.2588 	EXP 	responser: foreColor = (0, 0, 0)
487.2754 	EXP 	responser: foreColor = (0, 0, 0)
487.2921 	EXP 	responser: foreColor = (0, 0, 0)
487.3088 	EXP 	responser: foreColor = (0, 0, 0)
487.3254 	EXP 	responser: foreColor = (0, 0, 0)
487.3420 	EXP 	responser: foreColor = (0, 0, 0)
487.3586 	EXP 	responser: foreColor = (0, 0, 0)
487.3753 	EXP 	responser: foreColor = (0, 0, 0)
487.3920 	EXP 	responser: foreColor = (0, 0, 0)
487.4088 	EXP 	responser: foreColor = (0, 0, 0)
487.4255 	EXP 	responser: foreColor = (0, 0, 0)
487.4421 	EXP 	responser: foreColor = (0, 0, 0)
487.4587 	EXP 	responser: foreColor = (0, 0, 0)
487.4754 	EXP 	responser: foreColor = (0, 0, 0)
487.4921 	EXP 	responser: foreColor = (0, 0, 0)
487.5088 	EXP 	responser: foreColor = (0, 0, 0)
487.5254 	EXP 	responser: foreColor = (0, 0, 0)
487.5421 	EXP 	responser: foreColor = (0, 0, 0)
487.5587 	EXP 	responser: foreColor = (0, 0, 0)
487.5754 	EXP 	responser: foreColor = (0, 0, 0)
487.5921 	EXP 	responser: foreColor = (0, 0, 0)
487.6088 	EXP 	responser: foreColor = (0, 0, 0)
487.6254 	EXP 	responser: foreColor = (0, 0, 0)
487.6420 	EXP 	responser: foreColor = (0, 0, 0)
487.6587 	EXP 	responser: foreColor = (0, 0, 0)
487.6753 	EXP 	responser: foreColor = (0, 0, 0)
487.6921 	EXP 	responser: foreColor = (0, 0, 0)
487.7088 	EXP 	responser: foreColor = (0, 0, 0)
487.7254 	EXP 	responser: foreColor = (0, 0, 0)
487.7420 	EXP 	responser: foreColor = (0, 0, 0)
487.7588 	EXP 	responser: foreColor = (0, 0, 0)
487.7755 	EXP 	responser: foreColor = (0, 0, 0)
487.7922 	EXP 	responser: foreColor = (0, 0, 0)
487.8088 	EXP 	responser: foreColor = (0, 0, 0)
487.8255 	EXP 	responser: foreColor = (0, 0, 0)
487.8421 	EXP 	responser: foreColor = (0, 0, 0)
487.8587 	EXP 	responser: foreColor = (0, 0, 0)
487.8755 	EXP 	responser: foreColor = (0, 0, 0)
487.8921 	EXP 	responser: foreColor = (0, 0, 0)
487.9088 	EXP 	responser: foreColor = (0, 0, 0)
487.9255 	EXP 	responser: foreColor = (0, 0, 0)
487.9420 	EXP 	responser: foreColor = (0, 0, 0)
487.9588 	EXP 	responser: foreColor = (0, 0, 0)
487.9755 	EXP 	responser: foreColor = (0, 0, 0)
487.9921 	EXP 	responser: foreColor = (0, 0, 0)
488.0088 	EXP 	responser: foreColor = (0, 0, 0)
488.0255 	EXP 	responser: foreColor = (0, 0, 0)
488.0421 	EXP 	responser: foreColor = (0, 0, 0)
488.0588 	EXP 	responser: foreColor = (0, 0, 0)
488.0755 	EXP 	responser: foreColor = (0, 0, 0)
488.0921 	EXP 	responser: foreColor = (0, 0, 0)
488.0921 	EXP 	thermode_locali_pic: autoDraw = False
488.1088 	EXP 	responser: foreColor = (0, 0, 0)
488.1255 	EXP 	responser: foreColor = (0, 0, 0)
488.1421 	EXP 	responser: foreColor = (0, 0, 0)
488.1588 	EXP 	responser: foreColor = (0, 0, 0)
488.1755 	EXP 	responser: foreColor = (0, 0, 0)
488.1921 	EXP 	responser: foreColor = (0, 0, 0)
488.2088 	EXP 	responser: foreColor = (0, 0, 0)
488.2255 	EXP 	responser: foreColor = (0, 0, 0)
488.2422 	EXP 	responser: foreColor = (0, 0, 0)
488.2588 	EXP 	responser: foreColor = (0, 0, 0)
488.2755 	EXP 	responser: foreColor = (0, 0, 0)
488.2921 	EXP 	responser: foreColor = (0, 0, 0)
488.3088 	EXP 	responser: foreColor = (0, 0, 0)
488.3254 	EXP 	responser: foreColor = (0, 0, 0)
488.3421 	EXP 	responser: foreColor = (0, 0, 0)
488.3588 	EXP 	responser: foreColor = (0, 0, 0)
488.3755 	EXP 	responser: foreColor = (0, 0, 0)
488.3922 	EXP 	responser: foreColor = (0, 0, 0)
488.4088 	EXP 	responser: foreColor = (0, 0, 0)
488.4255 	EXP 	responser: foreColor = (0, 0, 0)
488.4422 	EXP 	responser: foreColor = (0, 0, 0)
488.4588 	EXP 	responser: foreColor = (0, 0, 0)
488.4755 	EXP 	responser: foreColor = (0, 0, 0)
488.4921 	EXP 	responser: foreColor = (0, 0, 0)
488.5088 	EXP 	responser: foreColor = (0, 0, 0)
488.5255 	EXP 	responser: foreColor = (0, 0, 0)
488.5421 	EXP 	responser: foreColor = (0, 0, 0)
488.5587 	EXP 	responser: foreColor = (0, 0, 0)
488.5755 	EXP 	responser: foreColor = (0, 0, 0)
488.5921 	EXP 	responser: foreColor = (0, 0, 0)
488.6088 	EXP 	responser: foreColor = (0, 0, 0)
488.6255 	EXP 	responser: foreColor = (0, 0, 0)
488.6421 	EXP 	responser: foreColor = (0, 0, 0)
488.6588 	EXP 	responser: foreColor = (0, 0, 0)
488.6755 	EXP 	responser: foreColor = (0, 0, 0)
488.6921 	EXP 	responser: foreColor = (0, 0, 0)
488.7088 	EXP 	responser: foreColor = (0, 0, 0)
488.7255 	EXP 	responser: foreColor = (0, 0, 0)
488.7422 	EXP 	responser: foreColor = (0, 0, 0)
488.7588 	EXP 	responser: foreColor = (0, 0, 0)
488.7755 	EXP 	responser: foreColor = (0, 0, 0)
488.7921 	EXP 	responser: foreColor = (0, 0, 0)
488.8089 	EXP 	responser: foreColor = (0, 0, 0)
488.8255 	EXP 	responser: foreColor = (0, 0, 0)
488.8421 	EXP 	responser: foreColor = (0, 0, 0)
488.8588 	EXP 	responser: foreColor = (0, 0, 0)
488.8598 	EXP 	New trial (rep=18, index=0): None
488.8755 	EXP 	responser: foreColor = (0, 0, 0)
488.8755 	EXP 	responsel: autoDraw = False
488.8755 	EXP 	percu_or: autoDraw = False
488.8755 	EXP 	responser: autoDraw = False
488.8755 	EXP 	thermode_locali_pic: autoDraw = False
488.8755 	EXP 	responsel: autoDraw = False
488.8755 	EXP 	percu_or: autoDraw = False
488.8755 	EXP 	responser: autoDraw = False
488.8755 	EXP 	responsel: foreColor = 'white'
488.8755 	EXP 	responser: foreColor = 'white'
488.8755 	EXP 	text_pic: autoDraw = True
488.8755 	EXP 	croix_3: autoDraw = True
493.8756 	EXP 	text_pic: autoDraw = False
493.8756 	EXP 	croix_3: autoDraw = False
493.8756 	EXP 	text_pic: autoDraw = False
493.8756 	EXP 	croix_3: autoDraw = False
493.8756 	EXP 	thermode_locali_pic: height = 0.02
493.8756 	EXP 	thermode_locali_pic: height = 0.02
493.8756 	EXP 	thermode_locali_pic: height = 0.02
493.8756 	EXP 	thermode_locali_pic: text = 'T : 2'
493.8756 	EXP 	responsel: text = 'NON              '
493.8756 	EXP 	thermode_locali_pic: autoDraw = True
501.8590 	EXP 	responsel: autoDraw = True
501.8590 	EXP 	percu_or: autoDraw = True
501.8590 	EXP 	responser: autoDraw = True
502.3933 	DATA 	Keypress: m
502.4256 	EXP 	responsel: foreColor = (0, 0, 0)
502.4423 	EXP 	responsel: foreColor = (0, 0, 0)
502.4589 	EXP 	responsel: foreColor = (0, 0, 0)
502.4756 	EXP 	responsel: foreColor = (0, 0, 0)
502.4922 	EXP 	responsel: foreColor = (0, 0, 0)
502.5089 	EXP 	responsel: foreColor = (0, 0, 0)
502.5256 	EXP 	responsel: foreColor = (0, 0, 0)
502.5423 	EXP 	responsel: foreColor = (0, 0, 0)
502.5589 	EXP 	responsel: foreColor = (0, 0, 0)
502.5756 	EXP 	responsel: foreColor = (0, 0, 0)
502.5923 	EXP 	responsel: foreColor = (0, 0, 0)
502.6089 	EXP 	responsel: foreColor = (0, 0, 0)
502.6256 	EXP 	responsel: foreColor = (0, 0, 0)
502.6423 	EXP 	responsel: foreColor = (0, 0, 0)
502.6589 	EXP 	responsel: foreColor = (0, 0, 0)
502.6756 	EXP 	responsel: foreColor = (0, 0, 0)
502.6923 	EXP 	responsel: foreColor = (0, 0, 0)
502.7089 	EXP 	responsel: foreColor = (0, 0, 0)
502.7255 	EXP 	responsel: foreColor = (0, 0, 0)
502.7423 	EXP 	responsel: foreColor = (0, 0, 0)
502.7590 	EXP 	responsel: foreColor = (0, 0, 0)
502.7757 	EXP 	responsel: foreColor = (0, 0, 0)
502.7923 	EXP 	responsel: foreColor = (0, 0, 0)
502.8090 	EXP 	responsel: foreColor = (0, 0, 0)
502.8256 	EXP 	responsel: foreColor = (0, 0, 0)
502.8423 	EXP 	responsel: foreColor = (0, 0, 0)
502.8590 	EXP 	responsel: foreColor = (0, 0, 0)
502.8756 	EXP 	responsel: foreColor = (0, 0, 0)
502.8923 	EXP 	responsel: foreColor = (0, 0, 0)
502.9090 	EXP 	responsel: foreColor = (0, 0, 0)
502.9256 	EXP 	responsel: foreColor = (0, 0, 0)
502.9423 	EXP 	responsel: foreColor = (0, 0, 0)
502.9590 	EXP 	responsel: foreColor = (0, 0, 0)
502.9756 	EXP 	responsel: foreColor = (0, 0, 0)
502.9923 	EXP 	responsel: foreColor = (0, 0, 0)
503.0090 	EXP 	responsel: foreColor = (0, 0, 0)
503.0256 	EXP 	responsel: foreColor = (0, 0, 0)
503.0423 	EXP 	responsel: foreColor = (0, 0, 0)
503.0590 	EXP 	responsel: foreColor = (0, 0, 0)
503.0756 	EXP 	responsel: foreColor = (0, 0, 0)
503.0923 	EXP 	responsel: foreColor = (0, 0, 0)
503.1090 	EXP 	responsel: foreColor = (0, 0, 0)
503.1257 	EXP 	responsel: foreColor = (0, 0, 0)
503.1423 	EXP 	responsel: foreColor = (0, 0, 0)
503.1590 	EXP 	responsel: foreColor = (0, 0, 0)
503.1756 	EXP 	responsel: foreColor = (0, 0, 0)
503.1923 	EXP 	responsel: foreColor = (0, 0, 0)
503.2090 	EXP 	responsel: foreColor = (0, 0, 0)
503.2257 	EXP 	responsel: foreColor = (0, 0, 0)
503.2423 	EXP 	responsel: foreColor = (0, 0, 0)
503.2590 	EXP 	responsel: foreColor = (0, 0, 0)
503.2756 	EXP 	responsel: foreColor = (0, 0, 0)
503.2923 	EXP 	responsel: foreColor = (0, 0, 0)
503.3090 	EXP 	responsel: foreColor = (0, 0, 0)
503.3257 	EXP 	responsel: foreColor = (0, 0, 0)
503.3423 	EXP 	responsel: foreColor = (0, 0, 0)
503.3590 	EXP 	responsel: foreColor = (0, 0, 0)
503.3756 	EXP 	responsel: foreColor = (0, 0, 0)
503.3923 	EXP 	responsel: foreColor = (0, 0, 0)
503.4090 	EXP 	responsel: foreColor = (0, 0, 0)
503.4256 	EXP 	responsel: foreColor = (0, 0, 0)
503.4424 	EXP 	responsel: foreColor = (0, 0, 0)
503.4590 	EXP 	responsel: foreColor = (0, 0, 0)
503.4756 	EXP 	responsel: foreColor = (0, 0, 0)
503.4923 	EXP 	responsel: foreColor = (0, 0, 0)
503.5090 	EXP 	responsel: foreColor = (0, 0, 0)
503.5257 	EXP 	responsel: foreColor = (0, 0, 0)
503.5422 	EXP 	responsel: foreColor = (0, 0, 0)
503.5589 	EXP 	responsel: foreColor = (0, 0, 0)
503.5756 	EXP 	responsel: foreColor = (0, 0, 0)
503.5923 	EXP 	responsel: foreColor = (0, 0, 0)
503.6089 	EXP 	responsel: foreColor = (0, 0, 0)
503.6256 	EXP 	responsel: foreColor = (0, 0, 0)
503.6422 	EXP 	responsel: foreColor = (0, 0, 0)
503.6589 	EXP 	responsel: foreColor = (0, 0, 0)
503.6756 	EXP 	responsel: foreColor = (0, 0, 0)
503.6923 	EXP 	responsel: foreColor = (0, 0, 0)
503.7090 	EXP 	responsel: foreColor = (0, 0, 0)
503.7256 	EXP 	responsel: foreColor = (0, 0, 0)
503.7423 	EXP 	responsel: foreColor = (0, 0, 0)
503.7589 	EXP 	responsel: foreColor = (0, 0, 0)
503.7756 	EXP 	responsel: foreColor = (0, 0, 0)
503.7923 	EXP 	responsel: foreColor = (0, 0, 0)
503.8089 	EXP 	responsel: foreColor = (0, 0, 0)
503.8256 	EXP 	responsel: foreColor = (0, 0, 0)
503.8423 	EXP 	responsel: foreColor = (0, 0, 0)
503.8589 	EXP 	responsel: foreColor = (0, 0, 0)
503.8756 	EXP 	responsel: foreColor = (0, 0, 0)
503.8923 	EXP 	responsel: foreColor = (0, 0, 0)
503.9089 	EXP 	responsel: foreColor = (0, 0, 0)
503.9256 	EXP 	responsel: foreColor = (0, 0, 0)
503.9422 	EXP 	responsel: foreColor = (0, 0, 0)
503.9589 	EXP 	responsel: foreColor = (0, 0, 0)
503.9756 	EXP 	responsel: foreColor = (0, 0, 0)
503.9923 	EXP 	responsel: foreColor = (0, 0, 0)
504.0090 	EXP 	responsel: foreColor = (0, 0, 0)
504.0256 	EXP 	responsel: foreColor = (0, 0, 0)
504.0423 	EXP 	responsel: foreColor = (0, 0, 0)
504.0589 	EXP 	responsel: foreColor = (0, 0, 0)
504.0756 	EXP 	responsel: foreColor = (0, 0, 0)
504.0756 	EXP 	thermode_locali_pic: autoDraw = False
504.0923 	EXP 	responsel: foreColor = (0, 0, 0)
504.1089 	EXP 	responsel: foreColor = (0, 0, 0)
504.1256 	EXP 	responsel: foreColor = (0, 0, 0)
504.1423 	EXP 	responsel: foreColor = (0, 0, 0)
504.1589 	EXP 	responsel: foreColor = (0, 0, 0)
504.1756 	EXP 	responsel: foreColor = (0, 0, 0)
504.1923 	EXP 	responsel: foreColor = (0, 0, 0)
504.2089 	EXP 	responsel: foreColor = (0, 0, 0)
504.2255 	EXP 	responsel: foreColor = (0, 0, 0)
504.2423 	EXP 	responsel: foreColor = (0, 0, 0)
504.2589 	EXP 	responsel: foreColor = (0, 0, 0)
504.2756 	EXP 	responsel: foreColor = (0, 0, 0)
504.2923 	EXP 	responsel: foreColor = (0, 0, 0)
504.3089 	EXP 	responsel: foreColor = (0, 0, 0)
504.3256 	EXP 	responsel: foreColor = (0, 0, 0)
504.3422 	EXP 	responsel: foreColor = (0, 0, 0)
504.3589 	EXP 	responsel: foreColor = (0, 0, 0)
504.3756 	EXP 	responsel: foreColor = (0, 0, 0)
504.3923 	EXP 	responsel: foreColor = (0, 0, 0)
504.4090 	EXP 	responsel: foreColor = (0, 0, 0)
504.4256 	EXP 	responsel: foreColor = (0, 0, 0)
504.4423 	EXP 	responsel: foreColor = (0, 0, 0)
504.4589 	EXP 	responsel: foreColor = (0, 0, 0)
504.4756 	EXP 	responsel: foreColor = (0, 0, 0)
504.4923 	EXP 	responsel: foreColor = (0, 0, 0)
504.5089 	EXP 	responsel: foreColor = (0, 0, 0)
504.5256 	EXP 	responsel: foreColor = (0, 0, 0)
504.5423 	EXP 	responsel: foreColor = (0, 0, 0)
504.5589 	EXP 	responsel: foreColor = (0, 0, 0)
504.5756 	EXP 	responsel: foreColor = (0, 0, 0)
504.5923 	EXP 	responsel: foreColor = (0, 0, 0)
504.6089 	EXP 	responsel: foreColor = (0, 0, 0)
504.6256 	EXP 	responsel: foreColor = (0, 0, 0)
504.6423 	EXP 	responsel: foreColor = (0, 0, 0)
504.6589 	EXP 	responsel: foreColor = (0, 0, 0)
504.6756 	EXP 	responsel: foreColor = (0, 0, 0)
504.6923 	EXP 	responsel: foreColor = (0, 0, 0)
504.7090 	EXP 	responsel: foreColor = (0, 0, 0)
504.7256 	EXP 	responsel: foreColor = (0, 0, 0)
504.7424 	EXP 	responsel: foreColor = (0, 0, 0)
504.7589 	EXP 	responsel: foreColor = (0, 0, 0)
504.7756 	EXP 	responsel: foreColor = (0, 0, 0)
504.7923 	EXP 	responsel: foreColor = (0, 0, 0)
504.8089 	EXP 	responsel: foreColor = (0, 0, 0)
504.8256 	EXP 	responsel: foreColor = (0, 0, 0)
504.8423 	EXP 	responsel: foreColor = (0, 0, 0)
504.8433 	EXP 	New trial (rep=19, index=0): None
504.8590 	EXP 	responsel: foreColor = (0, 0, 0)
504.8590 	EXP 	responsel: autoDraw = False
504.8590 	EXP 	percu_or: autoDraw = False
504.8590 	EXP 	responser: autoDraw = False
504.8590 	EXP 	thermode_locali_pic: autoDraw = False
504.8590 	EXP 	responsel: autoDraw = False
504.8590 	EXP 	percu_or: autoDraw = False
504.8590 	EXP 	responser: autoDraw = False
504.8590 	EXP 	responsel: foreColor = 'white'
504.8590 	EXP 	responser: foreColor = 'white'
504.8590 	EXP 	text_pic: autoDraw = True
504.8590 	EXP 	croix_3: autoDraw = True
509.8591 	EXP 	text_pic: autoDraw = False
509.8591 	EXP 	croix_3: autoDraw = False
509.8591 	EXP 	text_pic: autoDraw = False
509.8591 	EXP 	croix_3: autoDraw = False
509.8591 	EXP 	thermode_locali_pic: height = 0.02
509.8591 	EXP 	thermode_locali_pic: height = 0.02
509.8591 	EXP 	thermode_locali_pic: height = 0.02
509.8591 	EXP 	thermode_locali_pic: text = 'T : 3'
509.8591 	EXP 	responsel: text = 'NON              '
509.8591 	EXP 	thermode_locali_pic: autoDraw = True
517.8424 	EXP 	responsel: autoDraw = True
517.8424 	EXP 	percu_or: autoDraw = True
517.8424 	EXP 	responser: autoDraw = True
518.2602 	DATA 	Keypress: n
518.2925 	EXP 	responser: foreColor = (0, 0, 0)
518.3091 	EXP 	responser: foreColor = (0, 0, 0)
518.3258 	EXP 	responser: foreColor = (0, 0, 0)
518.3425 	EXP 	responser: foreColor = (0, 0, 0)
518.3591 	EXP 	responser: foreColor = (0, 0, 0)
518.3758 	EXP 	responser: foreColor = (0, 0, 0)
518.3924 	EXP 	responser: foreColor = (0, 0, 0)
518.4091 	EXP 	responser: foreColor = (0, 0, 0)
518.4258 	EXP 	responser: foreColor = (0, 0, 0)
518.4425 	EXP 	responser: foreColor = (0, 0, 0)
518.4591 	EXP 	responser: foreColor = (0, 0, 0)
518.4758 	EXP 	responser: foreColor = (0, 0, 0)
518.4925 	EXP 	responser: foreColor = (0, 0, 0)
518.5091 	EXP 	responser: foreColor = (0, 0, 0)
518.5258 	EXP 	responser: foreColor = (0, 0, 0)
518.5424 	EXP 	responser: foreColor = (0, 0, 0)
518.5591 	EXP 	responser: foreColor = (0, 0, 0)
518.5758 	EXP 	responser: foreColor = (0, 0, 0)
518.5925 	EXP 	responser: foreColor = (0, 0, 0)
518.6091 	EXP 	responser: foreColor = (0, 0, 0)
518.6258 	EXP 	responser: foreColor = (0, 0, 0)
518.6425 	EXP 	responser: foreColor = (0, 0, 0)
518.6591 	EXP 	responser: foreColor = (0, 0, 0)
518.6758 	EXP 	responser: foreColor = (0, 0, 0)
518.6924 	EXP 	responser: foreColor = (0, 0, 0)
518.7091 	EXP 	responser: foreColor = (0, 0, 0)
518.7257 	EXP 	responser: foreColor = (0, 0, 0)
518.7424 	EXP 	responser: foreColor = (0, 0, 0)
518.7591 	EXP 	responser: foreColor = (0, 0, 0)
518.7758 	EXP 	responser: foreColor = (0, 0, 0)
518.7925 	EXP 	responser: foreColor = (0, 0, 0)
518.8091 	EXP 	responser: foreColor = (0, 0, 0)
518.8258 	EXP 	responser: foreColor = (0, 0, 0)
518.8425 	EXP 	responser: foreColor = (0, 0, 0)
518.8592 	EXP 	responser: foreColor = (0, 0, 0)
518.8758 	EXP 	responser: foreColor = (0, 0, 0)
518.8925 	EXP 	responser: foreColor = (0, 0, 0)
518.9091 	EXP 	responser: foreColor = (0, 0, 0)
518.9259 	EXP 	responser: foreColor = (0, 0, 0)
518.9424 	EXP 	responser: foreColor = (0, 0, 0)
518.9591 	EXP 	responser: foreColor = (0, 0, 0)
518.9758 	EXP 	responser: foreColor = (0, 0, 0)
518.9925 	EXP 	responser: foreColor = (0, 0, 0)
519.0091 	EXP 	responser: foreColor = (0, 0, 0)
519.0257 	EXP 	responser: foreColor = (0, 0, 0)
519.0424 	EXP 	responser: foreColor = (0, 0, 0)
519.0591 	EXP 	responser: foreColor = (0, 0, 0)
519.0758 	EXP 	responser: foreColor = (0, 0, 0)
519.0925 	EXP 	responser: foreColor = (0, 0, 0)
519.1091 	EXP 	responser: foreColor = (0, 0, 0)
519.1258 	EXP 	responser: foreColor = (0, 0, 0)
519.1425 	EXP 	responser: foreColor = (0, 0, 0)
519.1591 	EXP 	responser: foreColor = (0, 0, 0)
519.1758 	EXP 	responser: foreColor = (0, 0, 0)
519.1925 	EXP 	responser: foreColor = (0, 0, 0)
519.2091 	EXP 	responser: foreColor = (0, 0, 0)
519.2258 	EXP 	responser: foreColor = (0, 0, 0)
519.2424 	EXP 	responser: foreColor = (0, 0, 0)
519.2591 	EXP 	responser: foreColor = (0, 0, 0)
519.2758 	EXP 	responser: foreColor = (0, 0, 0)
519.2925 	EXP 	responser: foreColor = (0, 0, 0)
519.3092 	EXP 	responser: foreColor = (0, 0, 0)
519.3258 	EXP 	responser: foreColor = (0, 0, 0)
519.3424 	EXP 	responser: foreColor = (0, 0, 0)
519.3591 	EXP 	responser: foreColor = (0, 0, 0)
519.3758 	EXP 	responser: foreColor = (0, 0, 0)
519.3925 	EXP 	responser: foreColor = (0, 0, 0)
519.4092 	EXP 	responser: foreColor = (0, 0, 0)
519.4258 	EXP 	responser: foreColor = (0, 0, 0)
519.4425 	EXP 	responser: foreColor = (0, 0, 0)
519.4591 	EXP 	responser: foreColor = (0, 0, 0)
519.4758 	EXP 	responser: foreColor = (0, 0, 0)
519.4925 	EXP 	responser: foreColor = (0, 0, 0)
519.5091 	EXP 	responser: foreColor = (0, 0, 0)
519.5259 	EXP 	responser: foreColor = (0, 0, 0)
519.5425 	EXP 	responser: foreColor = (0, 0, 0)
519.5591 	EXP 	responser: foreColor = (0, 0, 0)
519.5758 	EXP 	responser: foreColor = (0, 0, 0)
519.5925 	EXP 	responser: foreColor = (0, 0, 0)
519.6091 	EXP 	responser: foreColor = (0, 0, 0)
519.6258 	EXP 	responser: foreColor = (0, 0, 0)
519.6425 	EXP 	responser: foreColor = (0, 0, 0)
519.6591 	EXP 	responser: foreColor = (0, 0, 0)
519.6758 	EXP 	responser: foreColor = (0, 0, 0)
519.6925 	EXP 	responser: foreColor = (0, 0, 0)
519.7092 	EXP 	responser: foreColor = (0, 0, 0)
519.7258 	EXP 	responser: foreColor = (0, 0, 0)
519.7424 	EXP 	responser: foreColor = (0, 0, 0)
519.7591 	EXP 	responser: foreColor = (0, 0, 0)
519.7758 	EXP 	responser: foreColor = (0, 0, 0)
519.7925 	EXP 	responser: foreColor = (0, 0, 0)
519.8091 	EXP 	responser: foreColor = (0, 0, 0)
519.8259 	EXP 	responser: foreColor = (0, 0, 0)
519.8425 	EXP 	responser: foreColor = (0, 0, 0)
519.8591 	EXP 	responser: foreColor = (0, 0, 0)
519.8758 	EXP 	responser: foreColor = (0, 0, 0)
519.8925 	EXP 	responser: foreColor = (0, 0, 0)
519.9091 	EXP 	responser: foreColor = (0, 0, 0)
519.9258 	EXP 	responser: foreColor = (0, 0, 0)
519.9425 	EXP 	responser: foreColor = (0, 0, 0)
519.9592 	EXP 	responser: foreColor = (0, 0, 0)
519.9758 	EXP 	responser: foreColor = (0, 0, 0)
519.9925 	EXP 	responser: foreColor = (0, 0, 0)
520.0091 	EXP 	responser: foreColor = (0, 0, 0)
520.0258 	EXP 	responser: foreColor = (0, 0, 0)
520.0425 	EXP 	responser: foreColor = (0, 0, 0)
520.0592 	EXP 	responser: foreColor = (0, 0, 0)
520.0592 	EXP 	thermode_locali_pic: autoDraw = False
520.0758 	EXP 	responser: foreColor = (0, 0, 0)
520.0925 	EXP 	responser: foreColor = (0, 0, 0)
520.1092 	EXP 	responser: foreColor = (0, 0, 0)
520.1259 	EXP 	responser: foreColor = (0, 0, 0)
520.1425 	EXP 	responser: foreColor = (0, 0, 0)
520.1591 	EXP 	responser: foreColor = (0, 0, 0)
520.1758 	EXP 	responser: foreColor = (0, 0, 0)
520.1925 	EXP 	responser: foreColor = (0, 0, 0)
520.2091 	EXP 	responser: foreColor = (0, 0, 0)
520.2258 	EXP 	responser: foreColor = (0, 0, 0)
520.2424 	EXP 	responser: foreColor = (0, 0, 0)
520.2591 	EXP 	responser: foreColor = (0, 0, 0)
520.2758 	EXP 	responser: foreColor = (0, 0, 0)
520.2925 	EXP 	responser: foreColor = (0, 0, 0)
520.3092 	EXP 	responser: foreColor = (0, 0, 0)
520.3258 	EXP 	responser: foreColor = (0, 0, 0)
520.3425 	EXP 	responser: foreColor = (0, 0, 0)
520.3592 	EXP 	responser: foreColor = (0, 0, 0)
520.3758 	EXP 	responser: foreColor = (0, 0, 0)
520.3925 	EXP 	responser: foreColor = (0, 0, 0)
520.4091 	EXP 	responser: foreColor = (0, 0, 0)
520.4259 	EXP 	responser: foreColor = (0, 0, 0)
520.4425 	EXP 	responser: foreColor = (0, 0, 0)
520.4592 	EXP 	responser: foreColor = (0, 0, 0)
520.4758 	EXP 	responser: foreColor = (0, 0, 0)
520.4925 	EXP 	responser: foreColor = (0, 0, 0)
520.5092 	EXP 	responser: foreColor = (0, 0, 0)
520.5258 	EXP 	responser: foreColor = (0, 0, 0)
520.5425 	EXP 	responser: foreColor = (0, 0, 0)
520.5592 	EXP 	responser: foreColor = (0, 0, 0)
520.5758 	EXP 	responser: foreColor = (0, 0, 0)
520.5925 	EXP 	responser: foreColor = (0, 0, 0)
520.6092 	EXP 	responser: foreColor = (0, 0, 0)
520.6258 	EXP 	responser: foreColor = (0, 0, 0)
520.6425 	EXP 	responser: foreColor = (0, 0, 0)
520.6590 	EXP 	responser: foreColor = (0, 0, 0)
520.6758 	EXP 	responser: foreColor = (0, 0, 0)
520.6925 	EXP 	responser: foreColor = (0, 0, 0)
520.7092 	EXP 	responser: foreColor = (0, 0, 0)
520.7259 	EXP 	responser: foreColor = (0, 0, 0)
520.7425 	EXP 	responser: foreColor = (0, 0, 0)
520.7592 	EXP 	responser: foreColor = (0, 0, 0)
520.7758 	EXP 	responser: foreColor = (0, 0, 0)
520.7925 	EXP 	responser: foreColor = (0, 0, 0)
520.8092 	EXP 	responser: foreColor = (0, 0, 0)
520.8258 	EXP 	responser: foreColor = (0, 0, 0)
520.8267 	EXP 	New trial (rep=20, index=0): None
520.8425 	EXP 	responser: foreColor = (0, 0, 0)
520.8425 	EXP 	responsel: autoDraw = False
520.8425 	EXP 	percu_or: autoDraw = False
520.8425 	EXP 	responser: autoDraw = False
520.8425 	EXP 	thermode_locali_pic: autoDraw = False
520.8425 	EXP 	responsel: autoDraw = False
520.8425 	EXP 	percu_or: autoDraw = False
520.8425 	EXP 	responser: autoDraw = False
520.8425 	EXP 	responsel: foreColor = 'white'
520.8425 	EXP 	responser: foreColor = 'white'
520.8425 	EXP 	text_pic: autoDraw = True
520.8425 	EXP 	croix_3: autoDraw = True
525.8426 	EXP 	text_pic: autoDraw = False
525.8426 	EXP 	croix_3: autoDraw = False
525.8426 	EXP 	text_pic: autoDraw = False
525.8426 	EXP 	croix_3: autoDraw = False
525.8426 	EXP 	thermode_locali_pic: height = 0.02
525.8426 	EXP 	thermode_locali_pic: height = 0.02
525.8426 	EXP 	thermode_locali_pic: height = 0.02
525.8426 	EXP 	thermode_locali_pic: text = 'T : 0'
525.8426 	EXP 	responsel: text = 'NON              '
525.8426 	EXP 	thermode_locali_pic: autoDraw = True
533.8260 	EXP 	responsel: autoDraw = True
533.8260 	EXP 	percu_or: autoDraw = True
533.8260 	EXP 	responser: autoDraw = True
534.3107 	DATA 	Keypress: m
534.3593 	EXP 	responsel: foreColor = (0, 0, 0)
534.3760 	EXP 	responsel: foreColor = (0, 0, 0)
534.3926 	EXP 	responsel: foreColor = (0, 0, 0)
534.4093 	EXP 	responsel: foreColor = (0, 0, 0)
534.4260 	EXP 	responsel: foreColor = (0, 0, 0)
534.4426 	EXP 	responsel: foreColor = (0, 0, 0)
534.4593 	EXP 	responsel: foreColor = (0, 0, 0)
534.4760 	EXP 	responsel: foreColor = (0, 0, 0)
534.4926 	EXP 	responsel: foreColor = (0, 0, 0)
534.5093 	EXP 	responsel: foreColor = (0, 0, 0)
534.5260 	EXP 	responsel: foreColor = (0, 0, 0)
534.5426 	EXP 	responsel: foreColor = (0, 0, 0)
534.5593 	EXP 	responsel: foreColor = (0, 0, 0)
534.5760 	EXP 	responsel: foreColor = (0, 0, 0)
534.5926 	EXP 	responsel: foreColor = (0, 0, 0)
534.6093 	EXP 	responsel: foreColor = (0, 0, 0)
534.6260 	EXP 	responsel: foreColor = (0, 0, 0)
534.6427 	EXP 	responsel: foreColor = (0, 0, 0)
534.6593 	EXP 	responsel: foreColor = (0, 0, 0)
534.6760 	EXP 	responsel: foreColor = (0, 0, 0)
534.6926 	EXP 	responsel: foreColor = (0, 0, 0)
534.7094 	EXP 	responsel: foreColor = (0, 0, 0)
534.7260 	EXP 	responsel: foreColor = (0, 0, 0)
534.7426 	EXP 	responsel: foreColor = (0, 0, 0)
534.7593 	EXP 	responsel: foreColor = (0, 0, 0)
534.7760 	EXP 	responsel: foreColor = (0, 0, 0)
534.7926 	EXP 	responsel: foreColor = (0, 0, 0)
534.8093 	EXP 	responsel: foreColor = (0, 0, 0)
534.8260 	EXP 	responsel: foreColor = (0, 0, 0)
534.8427 	EXP 	responsel: foreColor = (0, 0, 0)
534.8593 	EXP 	responsel: foreColor = (0, 0, 0)
534.8760 	EXP 	responsel: foreColor = (0, 0, 0)
534.8926 	EXP 	responsel: foreColor = (0, 0, 0)
534.9093 	EXP 	responsel: foreColor = (0, 0, 0)
534.9260 	EXP 	responsel: foreColor = (0, 0, 0)
534.9426 	EXP 	responsel: foreColor = (0, 0, 0)
534.9593 	EXP 	responsel: foreColor = (0, 0, 0)
534.9760 	EXP 	responsel: foreColor = (0, 0, 0)
534.9927 	EXP 	responsel: foreColor = (0, 0, 0)
535.0094 	EXP 	responsel: foreColor = (0, 0, 0)
535.0260 	EXP 	responsel: foreColor = (0, 0, 0)
535.0426 	EXP 	responsel: foreColor = (0, 0, 0)
535.0593 	EXP 	responsel: foreColor = (0, 0, 0)
535.0760 	EXP 	responsel: foreColor = (0, 0, 0)
535.0926 	EXP 	responsel: foreColor = (0, 0, 0)
535.1093 	EXP 	responsel: foreColor = (0, 0, 0)
535.1260 	EXP 	responsel: foreColor = (0, 0, 0)
535.1427 	EXP 	responsel: foreColor = (0, 0, 0)
535.1593 	EXP 	responsel: foreColor = (0, 0, 0)
535.1760 	EXP 	responsel: foreColor = (0, 0, 0)
535.1926 	EXP 	responsel: foreColor = (0, 0, 0)
535.2093 	EXP 	responsel: foreColor = (0, 0, 0)
535.2260 	EXP 	responsel: foreColor = (0, 0, 0)
535.2427 	EXP 	responsel: foreColor = (0, 0, 0)
535.2593 	EXP 	responsel: foreColor = (0, 0, 0)
535.2760 	EXP 	responsel: foreColor = (0, 0, 0)
535.2927 	EXP 	responsel: foreColor = (0, 0, 0)
535.3094 	EXP 	responsel: foreColor = (0, 0, 0)
535.3260 	EXP 	responsel: foreColor = (0, 0, 0)
535.3426 	EXP 	responsel: foreColor = (0, 0, 0)
535.3593 	EXP 	responsel: foreColor = (0, 0, 0)
535.3760 	EXP 	responsel: foreColor = (0, 0, 0)
535.3927 	EXP 	responsel: foreColor = (0, 0, 0)
535.4093 	EXP 	responsel: foreColor = (0, 0, 0)
535.4261 	EXP 	responsel: foreColor = (0, 0, 0)
535.4426 	EXP 	responsel: foreColor = (0, 0, 0)
535.4593 	EXP 	responsel: foreColor = (0, 0, 0)
535.4760 	EXP 	responsel: foreColor = (0, 0, 0)
535.4926 	EXP 	responsel: foreColor = (0, 0, 0)
535.5093 	EXP 	responsel: foreColor = (0, 0, 0)
535.5260 	EXP 	responsel: foreColor = (0, 0, 0)
535.5427 	EXP 	responsel: foreColor = (0, 0, 0)
535.5593 	EXP 	responsel: foreColor = (0, 0, 0)
535.5760 	EXP 	responsel: foreColor = (0, 0, 0)
535.5927 	EXP 	responsel: foreColor = (0, 0, 0)
535.6094 	EXP 	responsel: foreColor = (0, 0, 0)
535.6260 	EXP 	responsel: foreColor = (0, 0, 0)
535.6427 	EXP 	responsel: foreColor = (0, 0, 0)
535.6593 	EXP 	responsel: foreColor = (0, 0, 0)
535.6760 	EXP 	responsel: foreColor = (0, 0, 0)
535.6927 	EXP 	responsel: foreColor = (0, 0, 0)
535.7093 	EXP 	responsel: foreColor = (0, 0, 0)
535.7261 	EXP 	responsel: foreColor = (0, 0, 0)
535.7427 	EXP 	responsel: foreColor = (0, 0, 0)
535.7593 	EXP 	responsel: foreColor = (0, 0, 0)
535.7760 	EXP 	responsel: foreColor = (0, 0, 0)
535.7927 	EXP 	responsel: foreColor = (0, 0, 0)
535.8093 	EXP 	responsel: foreColor = (0, 0, 0)
535.8260 	EXP 	responsel: foreColor = (0, 0, 0)
535.8427 	EXP 	responsel: foreColor = (0, 0, 0)
535.8593 	EXP 	responsel: foreColor = (0, 0, 0)
535.8759 	EXP 	responsel: foreColor = (0, 0, 0)
535.8927 	EXP 	responsel: foreColor = (0, 0, 0)
535.9094 	EXP 	responsel: foreColor = (0, 0, 0)
535.9260 	EXP 	responsel: foreColor = (0, 0, 0)
535.9427 	EXP 	responsel: foreColor = (0, 0, 0)
535.9593 	EXP 	responsel: foreColor = (0, 0, 0)
535.9760 	EXP 	responsel: foreColor = (0, 0, 0)
535.9927 	EXP 	responsel: foreColor = (0, 0, 0)
536.0093 	EXP 	responsel: foreColor = (0, 0, 0)
536.0261 	EXP 	responsel: foreColor = (0, 0, 0)
536.0427 	EXP 	responsel: foreColor = (0, 0, 0)
536.0427 	EXP 	thermode_locali_pic: autoDraw = False
536.0593 	EXP 	responsel: foreColor = (0, 0, 0)
536.0760 	EXP 	responsel: foreColor = (0, 0, 0)
536.0927 	EXP 	responsel: foreColor = (0, 0, 0)
536.1093 	EXP 	responsel: foreColor = (0, 0, 0)
536.1260 	EXP 	responsel: foreColor = (0, 0, 0)
536.1427 	EXP 	responsel: foreColor = (0, 0, 0)
536.1593 	EXP 	responsel: foreColor = (0, 0, 0)
536.1760 	EXP 	responsel: foreColor = (0, 0, 0)
536.1926 	EXP 	responsel: foreColor = (0, 0, 0)
536.2094 	EXP 	responsel: foreColor = (0, 0, 0)
536.2260 	EXP 	responsel: foreColor = (0, 0, 0)
536.2427 	EXP 	responsel: foreColor = (0, 0, 0)
536.2593 	EXP 	responsel: foreColor = (0, 0, 0)
536.2760 	EXP 	responsel: foreColor = (0, 0, 0)
536.2927 	EXP 	responsel: foreColor = (0, 0, 0)
536.3093 	EXP 	responsel: foreColor = (0, 0, 0)
536.3261 	EXP 	responsel: foreColor = (0, 0, 0)
536.3427 	EXP 	responsel: foreColor = (0, 0, 0)
536.3593 	EXP 	responsel: foreColor = (0, 0, 0)
536.3760 	EXP 	responsel: foreColor = (0, 0, 0)
536.3927 	EXP 	responsel: foreColor = (0, 0, 0)
536.4093 	EXP 	responsel: foreColor = (0, 0, 0)
536.4260 	EXP 	responsel: foreColor = (0, 0, 0)
536.4427 	EXP 	responsel: foreColor = (0, 0, 0)
536.4593 	EXP 	responsel: foreColor = (0, 0, 0)
536.4760 	EXP 	responsel: foreColor = (0, 0, 0)
536.4927 	EXP 	responsel: foreColor = (0, 0, 0)
536.5093 	EXP 	responsel: foreColor = (0, 0, 0)
536.5260 	EXP 	responsel: foreColor = (0, 0, 0)
536.5427 	EXP 	responsel: foreColor = (0, 0, 0)
536.5593 	EXP 	responsel: foreColor = (0, 0, 0)
536.5760 	EXP 	responsel: foreColor = (0, 0, 0)
536.5927 	EXP 	responsel: foreColor = (0, 0, 0)
536.6093 	EXP 	responsel: foreColor = (0, 0, 0)
536.6260 	EXP 	responsel: foreColor = (0, 0, 0)
536.6427 	EXP 	responsel: foreColor = (0, 0, 0)
536.6594 	EXP 	responsel: foreColor = (0, 0, 0)
536.6760 	EXP 	responsel: foreColor = (0, 0, 0)
536.6927 	EXP 	responsel: foreColor = (0, 0, 0)
536.7093 	EXP 	responsel: foreColor = (0, 0, 0)
536.7260 	EXP 	responsel: foreColor = (0, 0, 0)
536.7427 	EXP 	responsel: foreColor = (0, 0, 0)
536.7593 	EXP 	responsel: foreColor = (0, 0, 0)
536.7760 	EXP 	responsel: foreColor = (0, 0, 0)
536.7927 	EXP 	responsel: foreColor = (0, 0, 0)
536.8093 	EXP 	responsel: foreColor = (0, 0, 0)
536.8104 	EXP 	New trial (rep=21, index=0): None
536.8260 	EXP 	responsel: foreColor = (0, 0, 0)
536.8260 	EXP 	responsel: autoDraw = False
536.8260 	EXP 	percu_or: autoDraw = False
536.8260 	EXP 	responser: autoDraw = False
536.8260 	EXP 	thermode_locali_pic: autoDraw = False
536.8260 	EXP 	responsel: autoDraw = False
536.8260 	EXP 	percu_or: autoDraw = False
536.8260 	EXP 	responser: autoDraw = False
536.8260 	EXP 	responsel: foreColor = 'white'
536.8260 	EXP 	responser: foreColor = 'white'
536.8260 	EXP 	text_pic: autoDraw = True
536.8260 	EXP 	croix_3: autoDraw = True
541.8261 	EXP 	text_pic: autoDraw = False
541.8261 	EXP 	croix_3: autoDraw = False
541.8261 	EXP 	text_pic: autoDraw = False
541.8261 	EXP 	croix_3: autoDraw = False
541.8261 	EXP 	thermode_locali_pic: height = 0.02
541.8261 	EXP 	thermode_locali_pic: height = 0.02
541.8261 	EXP 	thermode_locali_pic: height = 0.02
541.8261 	EXP 	thermode_locali_pic: text = 'T : 1'
541.8261 	EXP 	responsel: text = 'NON              '
541.8261 	EXP 	thermode_locali_pic: autoDraw = True
549.8095 	EXP 	responsel: autoDraw = True
549.8095 	EXP 	percu_or: autoDraw = True
549.8095 	EXP 	responser: autoDraw = True
550.1772 	DATA 	Keypress: m
550.2095 	EXP 	responsel: foreColor = (0, 0, 0)
550.2262 	EXP 	responsel: foreColor = (0, 0, 0)
550.2428 	EXP 	responsel: foreColor = (0, 0, 0)
550.2595 	EXP 	responsel: foreColor = (0, 0, 0)
550.2761 	EXP 	responsel: foreColor = (0, 0, 0)
550.2928 	EXP 	responsel: foreColor = (0, 0, 0)
550.3094 	EXP 	responsel: foreColor = (0, 0, 0)
550.3261 	EXP 	responsel: foreColor = (0, 0, 0)
550.3428 	EXP 	responsel: foreColor = (0, 0, 0)
550.3595 	EXP 	responsel: foreColor = (0, 0, 0)
550.3761 	EXP 	responsel: foreColor = (0, 0, 0)
550.3928 	EXP 	responsel: foreColor = (0, 0, 0)
550.4095 	EXP 	responsel: foreColor = (0, 0, 0)
550.4261 	EXP 	responsel: foreColor = (0, 0, 0)
550.4428 	EXP 	responsel: foreColor = (0, 0, 0)
550.4595 	EXP 	responsel: foreColor = (0, 0, 0)
550.4761 	EXP 	responsel: foreColor = (0, 0, 0)
550.4928 	EXP 	responsel: foreColor = (0, 0, 0)
550.5095 	EXP 	responsel: foreColor = (0, 0, 0)
550.5262 	EXP 	responsel: foreColor = (0, 0, 0)
550.5428 	EXP 	responsel: foreColor = (0, 0, 0)
550.5594 	EXP 	responsel: foreColor = (0, 0, 0)
550.5762 	EXP 	responsel: foreColor = (0, 0, 0)
550.5928 	EXP 	responsel: foreColor = (0, 0, 0)
550.6094 	EXP 	responsel: foreColor = (0, 0, 0)
550.6261 	EXP 	responsel: foreColor = (0, 0, 0)
550.6428 	EXP 	responsel: foreColor = (0, 0, 0)
550.6594 	EXP 	responsel: foreColor = (0, 0, 0)
550.6761 	EXP 	responsel: foreColor = (0, 0, 0)
550.6928 	EXP 	responsel: foreColor = (0, 0, 0)
550.7095 	EXP 	responsel: foreColor = (0, 0, 0)
550.7261 	EXP 	responsel: foreColor = (0, 0, 0)
550.7428 	EXP 	responsel: foreColor = (0, 0, 0)
550.7595 	EXP 	responsel: foreColor = (0, 0, 0)
550.7761 	EXP 	responsel: foreColor = (0, 0, 0)
550.7928 	EXP 	responsel: foreColor = (0, 0, 0)
550.8095 	EXP 	responsel: foreColor = (0, 0, 0)
550.8261 	EXP 	responsel: foreColor = (0, 0, 0)
550.8428 	EXP 	responsel: foreColor = (0, 0, 0)
550.8594 	EXP 	responsel: foreColor = (0, 0, 0)
550.8761 	EXP 	responsel: foreColor = (0, 0, 0)
550.8928 	EXP 	responsel: foreColor = (0, 0, 0)
550.9094 	EXP 	responsel: foreColor = (0, 0, 0)
550.9261 	EXP 	responsel: foreColor = (0, 0, 0)
550.9428 	EXP 	responsel: foreColor = (0, 0, 0)
550.9594 	EXP 	responsel: foreColor = (0, 0, 0)
550.9761 	EXP 	responsel: foreColor = (0, 0, 0)
550.9928 	EXP 	responsel: foreColor = (0, 0, 0)
551.0095 	EXP 	responsel: foreColor = (0, 0, 0)
551.0262 	EXP 	responsel: foreColor = (0, 0, 0)
551.0427 	EXP 	responsel: foreColor = (0, 0, 0)
551.0595 	EXP 	responsel: foreColor = (0, 0, 0)
551.0762 	EXP 	responsel: foreColor = (0, 0, 0)
551.0928 	EXP 	responsel: foreColor = (0, 0, 0)
551.1095 	EXP 	responsel: foreColor = (0, 0, 0)
551.1262 	EXP 	responsel: foreColor = (0, 0, 0)
551.1428 	EXP 	responsel: foreColor = (0, 0, 0)
551.1595 	EXP 	responsel: foreColor = (0, 0, 0)
551.1761 	EXP 	responsel: foreColor = (0, 0, 0)
551.1928 	EXP 	responsel: foreColor = (0, 0, 0)
551.2094 	EXP 	responsel: foreColor = (0, 0, 0)
551.2262 	EXP 	responsel: foreColor = (0, 0, 0)
551.2428 	EXP 	responsel: foreColor = (0, 0, 0)
551.2595 	EXP 	responsel: foreColor = (0, 0, 0)
551.2761 	EXP 	responsel: foreColor = (0, 0, 0)
551.2928 	EXP 	responsel: foreColor = (0, 0, 0)
551.3095 	EXP 	responsel: foreColor = (0, 0, 0)
551.3261 	EXP 	responsel: foreColor = (0, 0, 0)
551.3428 	EXP 	responsel: foreColor = (0, 0, 0)
551.3594 	EXP 	responsel: foreColor = (0, 0, 0)
551.3762 	EXP 	responsel: foreColor = (0, 0, 0)
551.3928 	EXP 	responsel: foreColor = (0, 0, 0)
551.4095 	EXP 	responsel: foreColor = (0, 0, 0)
551.4262 	EXP 	responsel: foreColor = (0, 0, 0)
551.4428 	EXP 	responsel: foreColor = (0, 0, 0)
551.4595 	EXP 	responsel: foreColor = (0, 0, 0)
551.4761 	EXP 	responsel: foreColor = (0, 0, 0)
551.4928 	EXP 	responsel: foreColor = (0, 0, 0)
551.5094 	EXP 	responsel: foreColor = (0, 0, 0)
551.5262 	EXP 	responsel: foreColor = (0, 0, 0)
551.5428 	EXP 	responsel: foreColor = (0, 0, 0)
551.5595 	EXP 	responsel: foreColor = (0, 0, 0)
551.5762 	EXP 	responsel: foreColor = (0, 0, 0)
551.5928 	EXP 	responsel: foreColor = (0, 0, 0)
551.6095 	EXP 	responsel: foreColor = (0, 0, 0)
551.6261 	EXP 	responsel: foreColor = (0, 0, 0)
551.6428 	EXP 	responsel: foreColor = (0, 0, 0)
551.6595 	EXP 	responsel: foreColor = (0, 0, 0)
551.6762 	EXP 	responsel: foreColor = (0, 0, 0)
551.6928 	EXP 	responsel: foreColor = (0, 0, 0)
551.7095 	EXP 	responsel: foreColor = (0, 0, 0)
551.7262 	EXP 	responsel: foreColor = (0, 0, 0)
551.7428 	EXP 	responsel: foreColor = (0, 0, 0)
551.7594 	EXP 	responsel: foreColor = (0, 0, 0)
551.7761 	EXP 	responsel: foreColor = (0, 0, 0)
551.7928 	EXP 	responsel: foreColor = (0, 0, 0)
551.8095 	EXP 	responsel: foreColor = (0, 0, 0)
551.8262 	EXP 	responsel: foreColor = (0, 0, 0)
551.8428 	EXP 	responsel: foreColor = (0, 0, 0)
551.8595 	EXP 	responsel: foreColor = (0, 0, 0)
551.8762 	EXP 	responsel: foreColor = (0, 0, 0)
551.8928 	EXP 	responsel: foreColor = (0, 0, 0)
551.9095 	EXP 	responsel: foreColor = (0, 0, 0)
551.9262 	EXP 	responsel: foreColor = (0, 0, 0)
551.9428 	EXP 	responsel: foreColor = (0, 0, 0)
551.9595 	EXP 	responsel: foreColor = (0, 0, 0)
551.9762 	EXP 	responsel: foreColor = (0, 0, 0)
551.9928 	EXP 	responsel: foreColor = (0, 0, 0)
552.0095 	EXP 	responsel: foreColor = (0, 0, 0)
552.0262 	EXP 	responsel: foreColor = (0, 0, 0)
552.0262 	EXP 	thermode_locali_pic: autoDraw = False
552.0428 	EXP 	responsel: foreColor = (0, 0, 0)
552.0595 	EXP 	responsel: foreColor = (0, 0, 0)
552.0761 	EXP 	responsel: foreColor = (0, 0, 0)
552.0928 	EXP 	responsel: foreColor = (0, 0, 0)
552.1094 	EXP 	responsel: foreColor = (0, 0, 0)
552.1262 	EXP 	responsel: foreColor = (0, 0, 0)
552.1428 	EXP 	responsel: foreColor = (0, 0, 0)
552.1594 	EXP 	responsel: foreColor = (0, 0, 0)
552.1761 	EXP 	responsel: foreColor = (0, 0, 0)
552.1928 	EXP 	responsel: foreColor = (0, 0, 0)
552.2095 	EXP 	responsel: foreColor = (0, 0, 0)
552.2262 	EXP 	responsel: foreColor = (0, 0, 0)
552.2428 	EXP 	responsel: foreColor = (0, 0, 0)
552.2594 	EXP 	responsel: foreColor = (0, 0, 0)
552.2762 	EXP 	responsel: foreColor = (0, 0, 0)
552.2928 	EXP 	responsel: foreColor = (0, 0, 0)
552.3095 	EXP 	responsel: foreColor = (0, 0, 0)
552.3262 	EXP 	responsel: foreColor = (0, 0, 0)
552.3428 	EXP 	responsel: foreColor = (0, 0, 0)
552.3595 	EXP 	responsel: foreColor = (0, 0, 0)
552.3762 	EXP 	responsel: foreColor = (0, 0, 0)
552.3929 	EXP 	responsel: foreColor = (0, 0, 0)
552.4095 	EXP 	responsel: foreColor = (0, 0, 0)
552.4261 	EXP 	responsel: foreColor = (0, 0, 0)
552.4428 	EXP 	responsel: foreColor = (0, 0, 0)
552.4595 	EXP 	responsel: foreColor = (0, 0, 0)
552.4761 	EXP 	responsel: foreColor = (0, 0, 0)
552.4928 	EXP 	responsel: foreColor = (0, 0, 0)
552.5095 	EXP 	responsel: foreColor = (0, 0, 0)
552.5262 	EXP 	responsel: foreColor = (0, 0, 0)
552.5428 	EXP 	responsel: foreColor = (0, 0, 0)
552.5595 	EXP 	responsel: foreColor = (0, 0, 0)
552.5761 	EXP 	responsel: foreColor = (0, 0, 0)
552.5928 	EXP 	responsel: foreColor = (0, 0, 0)
552.6095 	EXP 	responsel: foreColor = (0, 0, 0)
552.6262 	EXP 	responsel: foreColor = (0, 0, 0)
552.6428 	EXP 	responsel: foreColor = (0, 0, 0)
552.6595 	EXP 	responsel: foreColor = (0, 0, 0)
552.6761 	EXP 	responsel: foreColor = (0, 0, 0)
552.6929 	EXP 	responsel: foreColor = (0, 0, 0)
552.7095 	EXP 	responsel: foreColor = (0, 0, 0)
552.7261 	EXP 	responsel: foreColor = (0, 0, 0)
552.7428 	EXP 	responsel: foreColor = (0, 0, 0)
552.7595 	EXP 	responsel: foreColor = (0, 0, 0)
552.7762 	EXP 	responsel: foreColor = (0, 0, 0)
552.7928 	EXP 	responsel: foreColor = (0, 0, 0)
552.7938 	EXP 	New trial (rep=22, index=0): None
552.8095 	EXP 	responsel: foreColor = (0, 0, 0)
552.8095 	EXP 	responsel: autoDraw = False
552.8095 	EXP 	percu_or: autoDraw = False
552.8095 	EXP 	responser: autoDraw = False
552.8095 	EXP 	thermode_locali_pic: autoDraw = False
552.8095 	EXP 	responsel: autoDraw = False
552.8095 	EXP 	percu_or: autoDraw = False
552.8095 	EXP 	responser: autoDraw = False
552.8095 	EXP 	responsel: foreColor = 'white'
552.8095 	EXP 	responser: foreColor = 'white'
552.8095 	EXP 	text_pic: autoDraw = True
552.8095 	EXP 	croix_3: autoDraw = True
557.8095 	EXP 	text_pic: autoDraw = False
557.8095 	EXP 	croix_3: autoDraw = False
557.8095 	EXP 	text_pic: autoDraw = False
557.8095 	EXP 	croix_3: autoDraw = False
557.8095 	EXP 	thermode_locali_pic: height = 0.02
557.8095 	EXP 	thermode_locali_pic: height = 0.02
557.8095 	EXP 	thermode_locali_pic: height = 0.02
557.8095 	EXP 	thermode_locali_pic: text = 'T : 2'
557.8095 	EXP 	responsel: text = 'NON              '
557.8095 	EXP 	thermode_locali_pic: autoDraw = True
565.7930 	EXP 	responsel: autoDraw = True
565.7930 	EXP 	percu_or: autoDraw = True
565.7930 	EXP 	responser: autoDraw = True
566.2607 	DATA 	Keypress: m
566.2930 	EXP 	responsel: foreColor = (0, 0, 0)
566.3096 	EXP 	responsel: foreColor = (0, 0, 0)
566.3263 	EXP 	responsel: foreColor = (0, 0, 0)
566.3430 	EXP 	responsel: foreColor = (0, 0, 0)
566.3596 	EXP 	responsel: foreColor = (0, 0, 0)
566.3763 	EXP 	responsel: foreColor = (0, 0, 0)
566.3930 	EXP 	responsel: foreColor = (0, 0, 0)
566.4097 	EXP 	responsel: foreColor = (0, 0, 0)
566.4263 	EXP 	responsel: foreColor = (0, 0, 0)
566.4430 	EXP 	responsel: foreColor = (0, 0, 0)
566.4596 	EXP 	responsel: foreColor = (0, 0, 0)
566.4763 	EXP 	responsel: foreColor = (0, 0, 0)
566.4930 	EXP 	responsel: foreColor = (0, 0, 0)
566.5097 	EXP 	responsel: foreColor = (0, 0, 0)
566.5263 	EXP 	responsel: foreColor = (0, 0, 0)
566.5430 	EXP 	responsel: foreColor = (0, 0, 0)
566.5596 	EXP 	responsel: foreColor = (0, 0, 0)
566.5763 	EXP 	responsel: foreColor = (0, 0, 0)
566.5930 	EXP 	responsel: foreColor = (0, 0, 0)
566.6096 	EXP 	responsel: foreColor = (0, 0, 0)
566.6263 	EXP 	responsel: foreColor = (0, 0, 0)
566.6430 	EXP 	responsel: foreColor = (0, 0, 0)
566.6596 	EXP 	responsel: foreColor = (0, 0, 0)
566.6763 	EXP 	responsel: foreColor = (0, 0, 0)
566.6930 	EXP 	responsel: foreColor = (0, 0, 0)
566.7096 	EXP 	responsel: foreColor = (0, 0, 0)
566.7263 	EXP 	responsel: foreColor = (0, 0, 0)
566.7431 	EXP 	responsel: foreColor = (0, 0, 0)
566.7596 	EXP 	responsel: foreColor = (0, 0, 0)
566.7763 	EXP 	responsel: foreColor = (0, 0, 0)
566.7930 	EXP 	responsel: foreColor = (0, 0, 0)
566.8097 	EXP 	responsel: foreColor = (0, 0, 0)
566.8263 	EXP 	responsel: foreColor = (0, 0, 0)
566.8430 	EXP 	responsel: foreColor = (0, 0, 0)
566.8597 	EXP 	responsel: foreColor = (0, 0, 0)
566.8763 	EXP 	responsel: foreColor = (0, 0, 0)
566.8929 	EXP 	responsel: foreColor = (0, 0, 0)
566.9096 	EXP 	responsel: foreColor = (0, 0, 0)
566.9263 	EXP 	responsel: foreColor = (0, 0, 0)
566.9429 	EXP 	responsel: foreColor = (0, 0, 0)
566.9596 	EXP 	responsel: foreColor = (0, 0, 0)
566.9763 	EXP 	responsel: foreColor = (0, 0, 0)
566.9929 	EXP 	responsel: foreColor = (0, 0, 0)
567.0096 	EXP 	responsel: foreColor = (0, 0, 0)
567.0263 	EXP 	responsel: foreColor = (0, 0, 0)
567.0430 	EXP 	responsel: foreColor = (0, 0, 0)
567.0596 	EXP 	responsel: foreColor = (0, 0, 0)
567.0763 	EXP 	responsel: foreColor = (0, 0, 0)
567.0930 	EXP 	responsel: foreColor = (0, 0, 0)
567.1097 	EXP 	responsel: foreColor = (0, 0, 0)
567.1263 	EXP 	responsel: foreColor = (0, 0, 0)
567.1429 	EXP 	responsel: foreColor = (0, 0, 0)
567.1596 	EXP 	responsel: foreColor = (0, 0, 0)
567.1763 	EXP 	responsel: foreColor = (0, 0, 0)
567.1929 	EXP 	responsel: foreColor = (0, 0, 0)
567.2096 	EXP 	responsel: foreColor = (0, 0, 0)
567.2263 	EXP 	responsel: foreColor = (0, 0, 0)
567.2429 	EXP 	responsel: foreColor = (0, 0, 0)
567.2596 	EXP 	responsel: foreColor = (0, 0, 0)
567.2763 	EXP 	responsel: foreColor = (0, 0, 0)
567.2930 	EXP 	responsel: foreColor = (0, 0, 0)
567.3097 	EXP 	responsel: foreColor = (0, 0, 0)
567.3263 	EXP 	responsel: foreColor = (0, 0, 0)
567.3430 	EXP 	responsel: foreColor = (0, 0, 0)
567.3597 	EXP 	responsel: foreColor = (0, 0, 0)
567.3764 	EXP 	responsel: foreColor = (0, 0, 0)
567.3930 	EXP 	responsel: foreColor = (0, 0, 0)
567.4096 	EXP 	responsel: foreColor = (0, 0, 0)
567.4263 	EXP 	responsel: foreColor = (0, 0, 0)
567.4430 	EXP 	responsel: foreColor = (0, 0, 0)
567.4596 	EXP 	responsel: foreColor = (0, 0, 0)
567.4763 	EXP 	responsel: foreColor = (0, 0, 0)
567.4930 	EXP 	responsel: foreColor = (0, 0, 0)
567.5096 	EXP 	responsel: foreColor = (0, 0, 0)
567.5263 	EXP 	responsel: foreColor = (0, 0, 0)
567.5430 	EXP 	responsel: foreColor = (0, 0, 0)
567.5597 	EXP 	responsel: foreColor = (0, 0, 0)
567.5763 	EXP 	responsel: foreColor = (0, 0, 0)
567.5930 	EXP 	responsel: foreColor = (0, 0, 0)
567.6097 	EXP 	responsel: foreColor = (0, 0, 0)
567.6263 	EXP 	responsel: foreColor = (0, 0, 0)
567.6430 	EXP 	responsel: foreColor = (0, 0, 0)
567.6597 	EXP 	responsel: foreColor = (0, 0, 0)
567.6763 	EXP 	responsel: foreColor = (0, 0, 0)
567.6930 	EXP 	responsel: foreColor = (0, 0, 0)
567.7097 	EXP 	responsel: foreColor = (0, 0, 0)
567.7264 	EXP 	responsel: foreColor = (0, 0, 0)
567.7430 	EXP 	responsel: foreColor = (0, 0, 0)
567.7597 	EXP 	responsel: foreColor = (0, 0, 0)
567.7763 	EXP 	responsel: foreColor = (0, 0, 0)
567.7931 	EXP 	responsel: foreColor = (0, 0, 0)
567.8097 	EXP 	responsel: foreColor = (0, 0, 0)
567.8263 	EXP 	responsel: foreColor = (0, 0, 0)
567.8430 	EXP 	responsel: foreColor = (0, 0, 0)
567.8597 	EXP 	responsel: foreColor = (0, 0, 0)
567.8763 	EXP 	responsel: foreColor = (0, 0, 0)
567.8930 	EXP 	responsel: foreColor = (0, 0, 0)
567.9097 	EXP 	responsel: foreColor = (0, 0, 0)
567.9263 	EXP 	responsel: foreColor = (0, 0, 0)
567.9430 	EXP 	responsel: foreColor = (0, 0, 0)
567.9597 	EXP 	responsel: foreColor = (0, 0, 0)
567.9763 	EXP 	responsel: foreColor = (0, 0, 0)
567.9930 	EXP 	responsel: foreColor = (0, 0, 0)
568.0097 	EXP 	responsel: foreColor = (0, 0, 0)
568.0097 	EXP 	thermode_locali_pic: autoDraw = False
568.0263 	EXP 	responsel: foreColor = (0, 0, 0)
568.0430 	EXP 	responsel: foreColor = (0, 0, 0)
568.0597 	EXP 	responsel: foreColor = (0, 0, 0)
568.0763 	EXP 	responsel: foreColor = (0, 0, 0)
568.0931 	EXP 	responsel: foreColor = (0, 0, 0)
568.1097 	EXP 	responsel: foreColor = (0, 0, 0)
568.1263 	EXP 	responsel: foreColor = (0, 0, 0)
568.1430 	EXP 	responsel: foreColor = (0, 0, 0)
568.1597 	EXP 	responsel: foreColor = (0, 0, 0)
568.1763 	EXP 	responsel: foreColor = (0, 0, 0)
568.1929 	EXP 	responsel: foreColor = (0, 0, 0)
568.2097 	EXP 	responsel: foreColor = (0, 0, 0)
568.2263 	EXP 	responsel: foreColor = (0, 0, 0)
568.2430 	EXP 	responsel: foreColor = (0, 0, 0)
568.2597 	EXP 	responsel: foreColor = (0, 0, 0)
568.2764 	EXP 	responsel: foreColor = (0, 0, 0)
568.2930 	EXP 	responsel: foreColor = (0, 0, 0)
568.3097 	EXP 	responsel: foreColor = (0, 0, 0)
568.3263 	EXP 	responsel: foreColor = (0, 0, 0)
568.3430 	EXP 	responsel: foreColor = (0, 0, 0)
568.3597 	EXP 	responsel: foreColor = (0, 0, 0)
568.3763 	EXP 	responsel: foreColor = (0, 0, 0)
568.3931 	EXP 	responsel: foreColor = (0, 0, 0)
568.4097 	EXP 	responsel: foreColor = (0, 0, 0)
568.4263 	EXP 	responsel: foreColor = (0, 0, 0)
568.4430 	EXP 	responsel: foreColor = (0, 0, 0)
568.4597 	EXP 	responsel: foreColor = (0, 0, 0)
568.4763 	EXP 	responsel: foreColor = (0, 0, 0)
568.4930 	EXP 	responsel: foreColor = (0, 0, 0)
568.5097 	EXP 	responsel: foreColor = (0, 0, 0)
568.5263 	EXP 	responsel: foreColor = (0, 0, 0)
568.5430 	EXP 	responsel: foreColor = (0, 0, 0)
568.5597 	EXP 	responsel: foreColor = (0, 0, 0)
568.5764 	EXP 	responsel: foreColor = (0, 0, 0)
568.5930 	EXP 	responsel: foreColor = (0, 0, 0)
568.6097 	EXP 	responsel: foreColor = (0, 0, 0)
568.6263 	EXP 	responsel: foreColor = (0, 0, 0)
568.6430 	EXP 	responsel: foreColor = (0, 0, 0)
568.6597 	EXP 	responsel: foreColor = (0, 0, 0)
568.6763 	EXP 	responsel: foreColor = (0, 0, 0)
568.6931 	EXP 	responsel: foreColor = (0, 0, 0)
568.7097 	EXP 	responsel: foreColor = (0, 0, 0)
568.7263 	EXP 	responsel: foreColor = (0, 0, 0)
568.7430 	EXP 	responsel: foreColor = (0, 0, 0)
568.7597 	EXP 	responsel: foreColor = (0, 0, 0)
568.7764 	EXP 	responsel: foreColor = (0, 0, 0)
568.7773 	EXP 	New trial (rep=23, index=0): None
568.7930 	EXP 	responsel: foreColor = (0, 0, 0)
568.7930 	EXP 	responsel: autoDraw = False
568.7930 	EXP 	percu_or: autoDraw = False
568.7930 	EXP 	responser: autoDraw = False
568.7930 	EXP 	thermode_locali_pic: autoDraw = False
568.7930 	EXP 	responsel: autoDraw = False
568.7930 	EXP 	percu_or: autoDraw = False
568.7930 	EXP 	responser: autoDraw = False
568.7930 	EXP 	responsel: foreColor = 'white'
568.7930 	EXP 	responser: foreColor = 'white'
568.7930 	EXP 	text_pic: autoDraw = True
568.7930 	EXP 	croix_3: autoDraw = True
573.7931 	EXP 	text_pic: autoDraw = False
573.7931 	EXP 	croix_3: autoDraw = False
573.7931 	EXP 	text_pic: autoDraw = False
573.7931 	EXP 	croix_3: autoDraw = False
573.7931 	EXP 	thermode_locali_pic: height = 0.02
573.7931 	EXP 	thermode_locali_pic: height = 0.02
573.7931 	EXP 	thermode_locali_pic: height = 0.02
573.7931 	EXP 	thermode_locali_pic: text = 'T : 3'
573.7931 	EXP 	responsel: text = 'NON              '
573.7931 	EXP 	thermode_locali_pic: autoDraw = True
581.7765 	EXP 	responsel: autoDraw = True
581.7765 	EXP 	percu_or: autoDraw = True
581.7765 	EXP 	responser: autoDraw = True
582.1776 	DATA 	Keypress: n
582.2098 	EXP 	responser: foreColor = (0, 0, 0)
582.2265 	EXP 	responser: foreColor = (0, 0, 0)
582.2432 	EXP 	responser: foreColor = (0, 0, 0)
582.2599 	EXP 	responser: foreColor = (0, 0, 0)
582.2765 	EXP 	responser: foreColor = (0, 0, 0)
582.2932 	EXP 	responser: foreColor = (0, 0, 0)
582.3099 	EXP 	responser: foreColor = (0, 0, 0)
582.3265 	EXP 	responser: foreColor = (0, 0, 0)
582.3432 	EXP 	responser: foreColor = (0, 0, 0)
582.3598 	EXP 	responser: foreColor = (0, 0, 0)
582.3765 	EXP 	responser: foreColor = (0, 0, 0)
582.3931 	EXP 	responser: foreColor = (0, 0, 0)
582.4098 	EXP 	responser: foreColor = (0, 0, 0)
582.4265 	EXP 	responser: foreColor = (0, 0, 0)
582.4431 	EXP 	responser: foreColor = (0, 0, 0)
582.4598 	EXP 	responser: foreColor = (0, 0, 0)
582.4765 	EXP 	responser: foreColor = (0, 0, 0)
582.4932 	EXP 	responser: foreColor = (0, 0, 0)
582.5098 	EXP 	responser: foreColor = (0, 0, 0)
582.5265 	EXP 	responser: foreColor = (0, 0, 0)
582.5431 	EXP 	responser: foreColor = (0, 0, 0)
582.5598 	EXP 	responser: foreColor = (0, 0, 0)
582.5765 	EXP 	responser: foreColor = (0, 0, 0)
582.5931 	EXP 	responser: foreColor = (0, 0, 0)
582.6098 	EXP 	responser: foreColor = (0, 0, 0)
582.6265 	EXP 	responser: foreColor = (0, 0, 0)
582.6431 	EXP 	responser: foreColor = (0, 0, 0)
582.6598 	EXP 	responser: foreColor = (0, 0, 0)
582.6765 	EXP 	responser: foreColor = (0, 0, 0)
582.6932 	EXP 	responser: foreColor = (0, 0, 0)
582.7098 	EXP 	responser: foreColor = (0, 0, 0)
582.7265 	EXP 	responser: foreColor = (0, 0, 0)
582.7431 	EXP 	responser: foreColor = (0, 0, 0)
582.7598 	EXP 	responser: foreColor = (0, 0, 0)
582.7765 	EXP 	responser: foreColor = (0, 0, 0)
582.7932 	EXP 	responser: foreColor = (0, 0, 0)
582.8098 	EXP 	responser: foreColor = (0, 0, 0)
582.8265 	EXP 	responser: foreColor = (0, 0, 0)
582.8432 	EXP 	responser: foreColor = (0, 0, 0)
582.8598 	EXP 	responser: foreColor = (0, 0, 0)
582.8765 	EXP 	responser: foreColor = (0, 0, 0)
582.8932 	EXP 	responser: foreColor = (0, 0, 0)
582.9098 	EXP 	responser: foreColor = (0, 0, 0)
582.9265 	EXP 	responser: foreColor = (0, 0, 0)
582.9432 	EXP 	responser: foreColor = (0, 0, 0)
582.9598 	EXP 	responser: foreColor = (0, 0, 0)
582.9765 	EXP 	responser: foreColor = (0, 0, 0)
582.9932 	EXP 	responser: foreColor = (0, 0, 0)
583.0098 	EXP 	responser: foreColor = (0, 0, 0)
583.0265 	EXP 	responser: foreColor = (0, 0, 0)
583.0432 	EXP 	responser: foreColor = (0, 0, 0)
583.0598 	EXP 	responser: foreColor = (0, 0, 0)
583.0764 	EXP 	responser: foreColor = (0, 0, 0)
583.0931 	EXP 	responser: foreColor = (0, 0, 0)
583.1098 	EXP 	responser: foreColor = (0, 0, 0)
583.1265 	EXP 	responser: foreColor = (0, 0, 0)
583.1432 	EXP 	responser: foreColor = (0, 0, 0)
583.1598 	EXP 	responser: foreColor = (0, 0, 0)
583.1765 	EXP 	responser: foreColor = (0, 0, 0)
583.1932 	EXP 	responser: foreColor = (0, 0, 0)
583.2099 	EXP 	responser: foreColor = (0, 0, 0)
583.2265 	EXP 	responser: foreColor = (0, 0, 0)
583.2432 	EXP 	responser: foreColor = (0, 0, 0)
583.2599 	EXP 	responser: foreColor = (0, 0, 0)
583.2765 	EXP 	responser: foreColor = (0, 0, 0)
583.2932 	EXP 	responser: foreColor = (0, 0, 0)
583.3098 	EXP 	responser: foreColor = (0, 0, 0)
583.3265 	EXP 	responser: foreColor = (0, 0, 0)
583.3432 	EXP 	responser: foreColor = (0, 0, 0)
583.3598 	EXP 	responser: foreColor = (0, 0, 0)
583.3765 	EXP 	responser: foreColor = (0, 0, 0)
583.3932 	EXP 	responser: foreColor = (0, 0, 0)
583.4098 	EXP 	responser: foreColor = (0, 0, 0)
583.4265 	EXP 	responser: foreColor = (0, 0, 0)
583.4432 	EXP 	responser: foreColor = (0, 0, 0)
583.4598 	EXP 	responser: foreColor = (0, 0, 0)
583.4765 	EXP 	responser: foreColor = (0, 0, 0)
583.4932 	EXP 	responser: foreColor = (0, 0, 0)
583.5099 	EXP 	responser: foreColor = (0, 0, 0)
583.5265 	EXP 	responser: foreColor = (0, 0, 0)
583.5431 	EXP 	responser: foreColor = (0, 0, 0)
583.5599 	EXP 	responser: foreColor = (0, 0, 0)
583.5765 	EXP 	responser: foreColor = (0, 0, 0)
583.5932 	EXP 	responser: foreColor = (0, 0, 0)
583.6098 	EXP 	responser: foreColor = (0, 0, 0)
583.6265 	EXP 	responser: foreColor = (0, 0, 0)
583.6432 	EXP 	responser: foreColor = (0, 0, 0)
583.6598 	EXP 	responser: foreColor = (0, 0, 0)
583.6765 	EXP 	responser: foreColor = (0, 0, 0)
583.6931 	EXP 	responser: foreColor = (0, 0, 0)
583.7098 	EXP 	responser: foreColor = (0, 0, 0)
583.7264 	EXP 	responser: foreColor = (0, 0, 0)
583.7432 	EXP 	responser: foreColor = (0, 0, 0)
583.7598 	EXP 	responser: foreColor = (0, 0, 0)
583.7765 	EXP 	responser: foreColor = (0, 0, 0)
583.7932 	EXP 	responser: foreColor = (0, 0, 0)
583.8099 	EXP 	responser: foreColor = (0, 0, 0)
583.8265 	EXP 	responser: foreColor = (0, 0, 0)
583.8432 	EXP 	responser: foreColor = (0, 0, 0)
583.8599 	EXP 	responser: foreColor = (0, 0, 0)
583.8765 	EXP 	responser: foreColor = (0, 0, 0)
583.8932 	EXP 	responser: foreColor = (0, 0, 0)
583.9099 	EXP 	responser: foreColor = (0, 0, 0)
583.9265 	EXP 	responser: foreColor = (0, 0, 0)
583.9432 	EXP 	responser: foreColor = (0, 0, 0)
583.9598 	EXP 	responser: foreColor = (0, 0, 0)
583.9765 	EXP 	responser: foreColor = (0, 0, 0)
583.9932 	EXP 	responser: foreColor = (0, 0, 0)
583.9932 	EXP 	thermode_locali_pic: autoDraw = False
584.0098 	EXP 	responser: foreColor = (0, 0, 0)
584.0265 	EXP 	responser: foreColor = (0, 0, 0)
584.0431 	EXP 	responser: foreColor = (0, 0, 0)
584.0598 	EXP 	responser: foreColor = (0, 0, 0)
584.0765 	EXP 	responser: foreColor = (0, 0, 0)
584.0932 	EXP 	responser: foreColor = (0, 0, 0)
584.1098 	EXP 	responser: foreColor = (0, 0, 0)
584.1265 	EXP 	responser: foreColor = (0, 0, 0)
584.1432 	EXP 	responser: foreColor = (0, 0, 0)
584.1599 	EXP 	responser: foreColor = (0, 0, 0)
584.1765 	EXP 	responser: foreColor = (0, 0, 0)
584.1932 	EXP 	responser: foreColor = (0, 0, 0)
584.2099 	EXP 	responser: foreColor = (0, 0, 0)
584.2265 	EXP 	responser: foreColor = (0, 0, 0)
584.2432 	EXP 	responser: foreColor = (0, 0, 0)
584.2598 	EXP 	responser: foreColor = (0, 0, 0)
584.2765 	EXP 	responser: foreColor = (0, 0, 0)
584.2932 	EXP 	responser: foreColor = (0, 0, 0)
584.3098 	EXP 	responser: foreColor = (0, 0, 0)
584.3265 	EXP 	responser: foreColor = (0, 0, 0)
584.3432 	EXP 	responser: foreColor = (0, 0, 0)
584.3598 	EXP 	responser: foreColor = (0, 0, 0)
584.3765 	EXP 	responser: foreColor = (0, 0, 0)
584.3932 	EXP 	responser: foreColor = (0, 0, 0)
584.4098 	EXP 	responser: foreColor = (0, 0, 0)
584.4265 	EXP 	responser: foreColor = (0, 0, 0)
584.4432 	EXP 	responser: foreColor = (0, 0, 0)
584.4599 	EXP 	responser: foreColor = (0, 0, 0)
584.4765 	EXP 	responser: foreColor = (0, 0, 0)
584.4932 	EXP 	responser: foreColor = (0, 0, 0)
584.5099 	EXP 	responser: foreColor = (0, 0, 0)
584.5266 	EXP 	responser: foreColor = (0, 0, 0)
584.5432 	EXP 	responser: foreColor = (0, 0, 0)
584.5599 	EXP 	responser: foreColor = (0, 0, 0)
584.5765 	EXP 	responser: foreColor = (0, 0, 0)
584.5932 	EXP 	responser: foreColor = (0, 0, 0)
584.6099 	EXP 	responser: foreColor = (0, 0, 0)
584.6265 	EXP 	responser: foreColor = (0, 0, 0)
584.6432 	EXP 	responser: foreColor = (0, 0, 0)
584.6598 	EXP 	responser: foreColor = (0, 0, 0)
584.6765 	EXP 	responser: foreColor = (0, 0, 0)
584.6932 	EXP 	responser: foreColor = (0, 0, 0)
584.7099 	EXP 	responser: foreColor = (0, 0, 0)
584.7265 	EXP 	responser: foreColor = (0, 0, 0)
584.7432 	EXP 	responser: foreColor = (0, 0, 0)
584.7599 	EXP 	responser: foreColor = (0, 0, 0)
584.7608 	EXP 	New trial (rep=24, index=0): None
584.7765 	EXP 	responser: foreColor = (0, 0, 0)
584.7765 	EXP 	responsel: autoDraw = False
584.7765 	EXP 	percu_or: autoDraw = False
584.7765 	EXP 	responser: autoDraw = False
584.7765 	EXP 	thermode_locali_pic: autoDraw = False
584.7765 	EXP 	responsel: autoDraw = False
584.7765 	EXP 	percu_or: autoDraw = False
584.7765 	EXP 	responser: autoDraw = False
584.7765 	EXP 	responsel: foreColor = 'white'
584.7765 	EXP 	responser: foreColor = 'white'
584.7765 	EXP 	text_pic: autoDraw = True
584.7765 	EXP 	croix_3: autoDraw = True
589.7766 	EXP 	text_pic: autoDraw = False
589.7766 	EXP 	croix_3: autoDraw = False
589.7766 	EXP 	text_pic: autoDraw = False
589.7766 	EXP 	croix_3: autoDraw = False
589.7766 	EXP 	thermode_locali_pic: height = 0.02
589.7766 	EXP 	thermode_locali_pic: height = 0.02
589.7766 	EXP 	thermode_locali_pic: height = 0.02
589.7766 	EXP 	thermode_locali_pic: text = 'T : 0'
589.7766 	EXP 	responsel: text = 'NON              '
589.7766 	EXP 	thermode_locali_pic: autoDraw = True
597.7600 	EXP 	responsel: autoDraw = True
597.7600 	EXP 	percu_or: autoDraw = True
597.7600 	EXP 	responser: autoDraw = True
598.2944 	DATA 	Keypress: n
598.3267 	EXP 	responser: foreColor = (0, 0, 0)
598.3434 	EXP 	responser: foreColor = (0, 0, 0)
598.3600 	EXP 	responser: foreColor = (0, 0, 0)
598.3767 	EXP 	responser: foreColor = (0, 0, 0)
598.3933 	EXP 	responser: foreColor = (0, 0, 0)
598.4100 	EXP 	responser: foreColor = (0, 0, 0)
598.4267 	EXP 	responser: foreColor = (0, 0, 0)
598.4433 	EXP 	responser: foreColor = (0, 0, 0)
598.4600 	EXP 	responser: foreColor = (0, 0, 0)
598.4767 	EXP 	responser: foreColor = (0, 0, 0)
598.4934 	EXP 	responser: foreColor = (0, 0, 0)
598.5100 	EXP 	responser: foreColor = (0, 0, 0)
598.5267 	EXP 	responser: foreColor = (0, 0, 0)
598.5433 	EXP 	responser: foreColor = (0, 0, 0)
598.5600 	EXP 	responser: foreColor = (0, 0, 0)
598.5767 	EXP 	responser: foreColor = (0, 0, 0)
598.5933 	EXP 	responser: foreColor = (0, 0, 0)
598.6100 	EXP 	responser: foreColor = (0, 0, 0)
598.6267 	EXP 	responser: foreColor = (0, 0, 0)
598.6433 	EXP 	responser: foreColor = (0, 0, 0)
598.6600 	EXP 	responser: foreColor = (0, 0, 0)
598.6767 	EXP 	responser: foreColor = (0, 0, 0)
598.6933 	EXP 	responser: foreColor = (0, 0, 0)
598.7100 	EXP 	responser: foreColor = (0, 0, 0)
598.7267 	EXP 	responser: foreColor = (0, 0, 0)
598.7433 	EXP 	responser: foreColor = (0, 0, 0)
598.7600 	EXP 	responser: foreColor = (0, 0, 0)
598.7767 	EXP 	responser: foreColor = (0, 0, 0)
598.7934 	EXP 	responser: foreColor = (0, 0, 0)
598.8100 	EXP 	responser: foreColor = (0, 0, 0)
598.8266 	EXP 	responser: foreColor = (0, 0, 0)
598.8433 	EXP 	responser: foreColor = (0, 0, 0)
598.8600 	EXP 	responser: foreColor = (0, 0, 0)
598.8767 	EXP 	responser: foreColor = (0, 0, 0)
598.8933 	EXP 	responser: foreColor = (0, 0, 0)
598.9100 	EXP 	responser: foreColor = (0, 0, 0)
598.9267 	EXP 	responser: foreColor = (0, 0, 0)
598.9433 	EXP 	responser: foreColor = (0, 0, 0)
598.9600 	EXP 	responser: foreColor = (0, 0, 0)
598.9767 	EXP 	responser: foreColor = (0, 0, 0)
598.9933 	EXP 	responser: foreColor = (0, 0, 0)
599.0100 	EXP 	responser: foreColor = (0, 0, 0)
599.0267 	EXP 	responser: foreColor = (0, 0, 0)
599.0433 	EXP 	responser: foreColor = (0, 0, 0)
599.0600 	EXP 	responser: foreColor = (0, 0, 0)
599.0767 	EXP 	responser: foreColor = (0, 0, 0)
599.0934 	EXP 	responser: foreColor = (0, 0, 0)
599.1100 	EXP 	responser: foreColor = (0, 0, 0)
599.1267 	EXP 	responser: foreColor = (0, 0, 0)
599.1433 	EXP 	responser: foreColor = (0, 0, 0)
599.1600 	EXP 	responser: foreColor = (0, 0, 0)
599.1766 	EXP 	responser: foreColor = (0, 0, 0)
599.1933 	EXP 	responser: foreColor = (0, 0, 0)
599.2100 	EXP 	responser: foreColor = (0, 0, 0)
599.2267 	EXP 	responser: foreColor = (0, 0, 0)
599.2433 	EXP 	responser: foreColor = (0, 0, 0)
599.2600 	EXP 	responser: foreColor = (0, 0, 0)
599.2767 	EXP 	responser: foreColor = (0, 0, 0)
599.2933 	EXP 	responser: foreColor = (0, 0, 0)
599.3100 	EXP 	responser: foreColor = (0, 0, 0)
599.3267 	EXP 	responser: foreColor = (0, 0, 0)
599.3433 	EXP 	responser: foreColor = (0, 0, 0)
599.3600 	EXP 	responser: foreColor = (0, 0, 0)
599.3767 	EXP 	responser: foreColor = (0, 0, 0)
599.3934 	EXP 	responser: foreColor = (0, 0, 0)
599.4100 	EXP 	responser: foreColor = (0, 0, 0)
599.4267 	EXP 	responser: foreColor = (0, 0, 0)
599.4433 	EXP 	responser: foreColor = (0, 0, 0)
599.4601 	EXP 	responser: foreColor = (0, 0, 0)
599.4766 	EXP 	responser: foreColor = (0, 0, 0)
599.4933 	EXP 	responser: foreColor = (0, 0, 0)
599.5100 	EXP 	responser: foreColor = (0, 0, 0)
599.5267 	EXP 	responser: foreColor = (0, 0, 0)
599.5433 	EXP 	responser: foreColor = (0, 0, 0)
599.5600 	EXP 	responser: foreColor = (0, 0, 0)
599.5767 	EXP 	responser: foreColor = (0, 0, 0)
599.5933 	EXP 	responser: foreColor = (0, 0, 0)
599.6100 	EXP 	responser: foreColor = (0, 0, 0)
599.6267 	EXP 	responser: foreColor = (0, 0, 0)
599.6433 	EXP 	responser: foreColor = (0, 0, 0)
599.6600 	EXP 	responser: foreColor = (0, 0, 0)
599.6767 	EXP 	responser: foreColor = (0, 0, 0)
599.6934 	EXP 	responser: foreColor = (0, 0, 0)
599.7100 	EXP 	responser: foreColor = (0, 0, 0)
599.7267 	EXP 	responser: foreColor = (0, 0, 0)
599.7433 	EXP 	responser: foreColor = (0, 0, 0)
599.7601 	EXP 	responser: foreColor = (0, 0, 0)
599.7767 	EXP 	responser: foreColor = (0, 0, 0)
599.7934 	EXP 	responser: foreColor = (0, 0, 0)
599.8101 	EXP 	responser: foreColor = (0, 0, 0)
599.8266 	EXP 	responser: foreColor = (0, 0, 0)
599.8434 	EXP 	responser: foreColor = (0, 0, 0)
599.8600 	EXP 	responser: foreColor = (0, 0, 0)
599.8767 	EXP 	responser: foreColor = (0, 0, 0)
599.8933 	EXP 	responser: foreColor = (0, 0, 0)
599.9100 	EXP 	responser: foreColor = (0, 0, 0)
599.9267 	EXP 	responser: foreColor = (0, 0, 0)
599.9433 	EXP 	responser: foreColor = (0, 0, 0)
599.9600 	EXP 	responser: foreColor = (0, 0, 0)
599.9766 	EXP 	responser: foreColor = (0, 0, 0)
599.9766 	EXP 	thermode_locali_pic: autoDraw = False
599.9934 	EXP 	responser: foreColor = (0, 0, 0)
600.0100 	EXP 	responser: foreColor = (0, 0, 0)
600.0267 	EXP 	responser: foreColor = (0, 0, 0)
600.0434 	EXP 	responser: foreColor = (0, 0, 0)
600.0601 	EXP 	responser: foreColor = (0, 0, 0)
600.0767 	EXP 	responser: foreColor = (0, 0, 0)
600.0933 	EXP 	responser: foreColor = (0, 0, 0)
600.1100 	EXP 	responser: foreColor = (0, 0, 0)
600.1266 	EXP 	responser: foreColor = (0, 0, 0)
600.1433 	EXP 	responser: foreColor = (0, 0, 0)
600.1600 	EXP 	responser: foreColor = (0, 0, 0)
600.1767 	EXP 	responser: foreColor = (0, 0, 0)
600.1934 	EXP 	responser: foreColor = (0, 0, 0)
600.2100 	EXP 	responser: foreColor = (0, 0, 0)
600.2267 	EXP 	responser: foreColor = (0, 0, 0)
600.2433 	EXP 	responser: foreColor = (0, 0, 0)
600.2600 	EXP 	responser: foreColor = (0, 0, 0)
600.2767 	EXP 	responser: foreColor = (0, 0, 0)
600.2933 	EXP 	responser: foreColor = (0, 0, 0)
600.3100 	EXP 	responser: foreColor = (0, 0, 0)
600.3267 	EXP 	responser: foreColor = (0, 0, 0)
600.3433 	EXP 	responser: foreColor = (0, 0, 0)
600.3601 	EXP 	responser: foreColor = (0, 0, 0)
600.3767 	EXP 	responser: foreColor = (0, 0, 0)
600.3934 	EXP 	responser: foreColor = (0, 0, 0)
600.4100 	EXP 	responser: foreColor = (0, 0, 0)
600.4267 	EXP 	responser: foreColor = (0, 0, 0)
600.4433 	EXP 	responser: foreColor = (0, 0, 0)
600.4600 	EXP 	responser: foreColor = (0, 0, 0)
600.4767 	EXP 	responser: foreColor = (0, 0, 0)
600.4934 	EXP 	responser: foreColor = (0, 0, 0)
600.5100 	EXP 	responser: foreColor = (0, 0, 0)
600.5267 	EXP 	responser: foreColor = (0, 0, 0)
600.5434 	EXP 	responser: foreColor = (0, 0, 0)
600.5600 	EXP 	responser: foreColor = (0, 0, 0)
600.5767 	EXP 	responser: foreColor = (0, 0, 0)
600.5934 	EXP 	responser: foreColor = (0, 0, 0)
600.6100 	EXP 	responser: foreColor = (0, 0, 0)
600.6267 	EXP 	responser: foreColor = (0, 0, 0)
600.6433 	EXP 	responser: foreColor = (0, 0, 0)
600.6600 	EXP 	responser: foreColor = (0, 0, 0)
600.6767 	EXP 	responser: foreColor = (0, 0, 0)
600.6934 	EXP 	responser: foreColor = (0, 0, 0)
600.7100 	EXP 	responser: foreColor = (0, 0, 0)
600.7267 	EXP 	responser: foreColor = (0, 0, 0)
600.7434 	EXP 	responser: foreColor = (0, 0, 0)
600.7443 	EXP 	New trial (rep=25, index=0): None
600.7600 	EXP 	responser: foreColor = (0, 0, 0)
600.7600 	EXP 	responsel: autoDraw = False
600.7600 	EXP 	percu_or: autoDraw = False
600.7600 	EXP 	responser: autoDraw = False
600.7600 	EXP 	thermode_locali_pic: autoDraw = False
600.7600 	EXP 	responsel: autoDraw = False
600.7600 	EXP 	percu_or: autoDraw = False
600.7600 	EXP 	responser: autoDraw = False
600.7600 	EXP 	responsel: foreColor = 'white'
600.7600 	EXP 	responser: foreColor = 'white'
600.7600 	EXP 	text_pic: autoDraw = True
600.7600 	EXP 	croix_3: autoDraw = True
605.7601 	EXP 	text_pic: autoDraw = False
605.7601 	EXP 	croix_3: autoDraw = False
605.7601 	EXP 	text_pic: autoDraw = False
605.7601 	EXP 	croix_3: autoDraw = False
605.7601 	EXP 	thermode_locali_pic: height = 0.02
605.7601 	EXP 	thermode_locali_pic: height = 0.02
605.7601 	EXP 	thermode_locali_pic: height = 0.02
605.7601 	EXP 	thermode_locali_pic: text = 'T : 1'
605.7601 	EXP 	responsel: text = 'NON              '
605.7601 	EXP 	thermode_locali_pic: autoDraw = True
613.7434 	EXP 	responsel: autoDraw = True
613.7434 	EXP 	percu_or: autoDraw = True
613.7434 	EXP 	responser: autoDraw = True
614.4779 	DATA 	Keypress: m
614.5101 	EXP 	responsel: foreColor = (0, 0, 0)
614.5268 	EXP 	responsel: foreColor = (0, 0, 0)
614.5435 	EXP 	responsel: foreColor = (0, 0, 0)
614.5601 	EXP 	responsel: foreColor = (0, 0, 0)
614.5768 	EXP 	responsel: foreColor = (0, 0, 0)
614.5935 	EXP 	responsel: foreColor = (0, 0, 0)
614.6102 	EXP 	responsel: foreColor = (0, 0, 0)
614.6268 	EXP 	responsel: foreColor = (0, 0, 0)
614.6435 	EXP 	responsel: foreColor = (0, 0, 0)
614.6602 	EXP 	responsel: foreColor = (0, 0, 0)
614.6768 	EXP 	responsel: foreColor = (0, 0, 0)
614.6935 	EXP 	responsel: foreColor = (0, 0, 0)
614.7102 	EXP 	responsel: foreColor = (0, 0, 0)
614.7268 	EXP 	responsel: foreColor = (0, 0, 0)
614.7434 	EXP 	responsel: foreColor = (0, 0, 0)
614.7602 	EXP 	responsel: foreColor = (0, 0, 0)
614.7769 	EXP 	responsel: foreColor = (0, 0, 0)
614.7935 	EXP 	responsel: foreColor = (0, 0, 0)
614.8102 	EXP 	responsel: foreColor = (0, 0, 0)
614.8268 	EXP 	responsel: foreColor = (0, 0, 0)
614.8435 	EXP 	responsel: foreColor = (0, 0, 0)
614.8602 	EXP 	responsel: foreColor = (0, 0, 0)
614.8768 	EXP 	responsel: foreColor = (0, 0, 0)
614.8935 	EXP 	responsel: foreColor = (0, 0, 0)
614.9102 	EXP 	responsel: foreColor = (0, 0, 0)
614.9268 	EXP 	responsel: foreColor = (0, 0, 0)
614.9435 	EXP 	responsel: foreColor = (0, 0, 0)
614.9602 	EXP 	responsel: foreColor = (0, 0, 0)
614.9768 	EXP 	responsel: foreColor = (0, 0, 0)
614.9935 	EXP 	responsel: foreColor = (0, 0, 0)
615.0101 	EXP 	responsel: foreColor = (0, 0, 0)
615.0269 	EXP 	responsel: foreColor = (0, 0, 0)
615.0434 	EXP 	responsel: foreColor = (0, 0, 0)
615.0601 	EXP 	responsel: foreColor = (0, 0, 0)
615.0768 	EXP 	responsel: foreColor = (0, 0, 0)
615.0935 	EXP 	responsel: foreColor = (0, 0, 0)
615.1101 	EXP 	responsel: foreColor = (0, 0, 0)
615.1268 	EXP 	responsel: foreColor = (0, 0, 0)
615.1435 	EXP 	responsel: foreColor = (0, 0, 0)
615.1602 	EXP 	responsel: foreColor = (0, 0, 0)
615.1768 	EXP 	responsel: foreColor = (0, 0, 0)
615.1935 	EXP 	responsel: foreColor = (0, 0, 0)
615.2101 	EXP 	responsel: foreColor = (0, 0, 0)
615.2268 	EXP 	responsel: foreColor = (0, 0, 0)
615.2435 	EXP 	responsel: foreColor = (0, 0, 0)
615.2601 	EXP 	responsel: foreColor = (0, 0, 0)
615.2768 	EXP 	responsel: foreColor = (0, 0, 0)
615.2935 	EXP 	responsel: foreColor = (0, 0, 0)
615.3102 	EXP 	responsel: foreColor = (0, 0, 0)
615.3268 	EXP 	responsel: foreColor = (0, 0, 0)
615.3434 	EXP 	responsel: foreColor = (0, 0, 0)
615.3602 	EXP 	responsel: foreColor = (0, 0, 0)
615.3768 	EXP 	responsel: foreColor = (0, 0, 0)
615.3935 	EXP 	responsel: foreColor = (0, 0, 0)
615.4102 	EXP 	responsel: foreColor = (0, 0, 0)
615.4268 	EXP 	responsel: foreColor = (0, 0, 0)
615.4435 	EXP 	responsel: foreColor = (0, 0, 0)
615.4601 	EXP 	responsel: foreColor = (0, 0, 0)
615.4768 	EXP 	responsel: foreColor = (0, 0, 0)
615.4935 	EXP 	responsel: foreColor = (0, 0, 0)
615.5101 	EXP 	responsel: foreColor = (0, 0, 0)
615.5269 	EXP 	responsel: foreColor = (0, 0, 0)
615.5435 	EXP 	responsel: foreColor = (0, 0, 0)
615.5601 	EXP 	responsel: foreColor = (0, 0, 0)
615.5768 	EXP 	responsel: foreColor = (0, 0, 0)
615.5935 	EXP 	responsel: foreColor = (0, 0, 0)
615.6101 	EXP 	responsel: foreColor = (0, 0, 0)
615.6268 	EXP 	responsel: foreColor = (0, 0, 0)
615.6435 	EXP 	responsel: foreColor = (0, 0, 0)
615.6601 	EXP 	responsel: foreColor = (0, 0, 0)
615.6768 	EXP 	responsel: foreColor = (0, 0, 0)
615.6935 	EXP 	responsel: foreColor = (0, 0, 0)
615.7102 	EXP 	responsel: foreColor = (0, 0, 0)
615.7268 	EXP 	responsel: foreColor = (0, 0, 0)
615.7434 	EXP 	responsel: foreColor = (0, 0, 0)
615.7601 	EXP 	responsel: foreColor = (0, 0, 0)
615.7768 	EXP 	responsel: foreColor = (0, 0, 0)
615.7935 	EXP 	responsel: foreColor = (0, 0, 0)
615.8101 	EXP 	responsel: foreColor = (0, 0, 0)
615.8269 	EXP 	responsel: foreColor = (0, 0, 0)
615.8435 	EXP 	responsel: foreColor = (0, 0, 0)
615.8601 	EXP 	responsel: foreColor = (0, 0, 0)
615.8768 	EXP 	responsel: foreColor = (0, 0, 0)
615.8935 	EXP 	responsel: foreColor = (0, 0, 0)
615.9101 	EXP 	responsel: foreColor = (0, 0, 0)
615.9268 	EXP 	responsel: foreColor = (0, 0, 0)
615.9435 	EXP 	responsel: foreColor = (0, 0, 0)
615.9601 	EXP 	responsel: foreColor = (0, 0, 0)
615.9601 	EXP 	thermode_locali_pic: autoDraw = False
615.9768 	EXP 	responsel: foreColor = (0, 0, 0)
615.9935 	EXP 	responsel: foreColor = (0, 0, 0)
616.0102 	EXP 	responsel: foreColor = (0, 0, 0)
616.0268 	EXP 	responsel: foreColor = (0, 0, 0)
616.0435 	EXP 	responsel: foreColor = (0, 0, 0)
616.0602 	EXP 	responsel: foreColor = (0, 0, 0)
616.0768 	EXP 	responsel: foreColor = (0, 0, 0)
616.0935 	EXP 	responsel: foreColor = (0, 0, 0)
616.1102 	EXP 	responsel: foreColor = (0, 0, 0)
616.1269 	EXP 	responsel: foreColor = (0, 0, 0)
616.1435 	EXP 	responsel: foreColor = (0, 0, 0)
616.1602 	EXP 	responsel: foreColor = (0, 0, 0)
616.1769 	EXP 	responsel: foreColor = (0, 0, 0)
616.1935 	EXP 	responsel: foreColor = (0, 0, 0)
616.2102 	EXP 	responsel: foreColor = (0, 0, 0)
616.2269 	EXP 	responsel: foreColor = (0, 0, 0)
616.2435 	EXP 	responsel: foreColor = (0, 0, 0)
616.2602 	EXP 	responsel: foreColor = (0, 0, 0)
616.2769 	EXP 	responsel: foreColor = (0, 0, 0)
616.2935 	EXP 	responsel: foreColor = (0, 0, 0)
616.3102 	EXP 	responsel: foreColor = (0, 0, 0)
616.3268 	EXP 	responsel: foreColor = (0, 0, 0)
616.3436 	EXP 	responsel: foreColor = (0, 0, 0)
616.3602 	EXP 	responsel: foreColor = (0, 0, 0)
616.3768 	EXP 	responsel: foreColor = (0, 0, 0)
616.3935 	EXP 	responsel: foreColor = (0, 0, 0)
616.4102 	EXP 	responsel: foreColor = (0, 0, 0)
616.4268 	EXP 	responsel: foreColor = (0, 0, 0)
616.4435 	EXP 	responsel: foreColor = (0, 0, 0)
616.4602 	EXP 	responsel: foreColor = (0, 0, 0)
616.4769 	EXP 	responsel: foreColor = (0, 0, 0)
616.4935 	EXP 	responsel: foreColor = (0, 0, 0)
616.5102 	EXP 	responsel: foreColor = (0, 0, 0)
616.5268 	EXP 	responsel: foreColor = (0, 0, 0)
616.5435 	EXP 	responsel: foreColor = (0, 0, 0)
616.5602 	EXP 	responsel: foreColor = (0, 0, 0)
616.5768 	EXP 	responsel: foreColor = (0, 0, 0)
616.5935 	EXP 	responsel: foreColor = (0, 0, 0)
616.6101 	EXP 	responsel: foreColor = (0, 0, 0)
616.6268 	EXP 	responsel: foreColor = (0, 0, 0)
616.6435 	EXP 	responsel: foreColor = (0, 0, 0)
616.6602 	EXP 	responsel: foreColor = (0, 0, 0)
616.6769 	EXP 	responsel: foreColor = (0, 0, 0)
616.6935 	EXP 	responsel: foreColor = (0, 0, 0)
616.7102 	EXP 	responsel: foreColor = (0, 0, 0)
616.7268 	EXP 	responsel: foreColor = (0, 0, 0)
616.7278 	EXP 	New trial (rep=26, index=0): None
616.7435 	EXP 	responsel: foreColor = (0, 0, 0)
616.7435 	EXP 	responsel: autoDraw = False
616.7435 	EXP 	percu_or: autoDraw = False
616.7435 	EXP 	responser: autoDraw = False
616.7435 	EXP 	thermode_locali_pic: autoDraw = False
616.7435 	EXP 	responsel: autoDraw = False
616.7435 	EXP 	percu_or: autoDraw = False
616.7435 	EXP 	responser: autoDraw = False
616.7435 	EXP 	responsel: foreColor = 'white'
616.7435 	EXP 	responser: foreColor = 'white'
616.7435 	EXP 	text_pic: autoDraw = True
616.7435 	EXP 	croix_3: autoDraw = True
621.7436 	EXP 	text_pic: autoDraw = False
621.7436 	EXP 	croix_3: autoDraw = False
621.7436 	EXP 	text_pic: autoDraw = False
621.7436 	EXP 	croix_3: autoDraw = False
621.7436 	EXP 	thermode_locali_pic: height = 0.02
621.7436 	EXP 	thermode_locali_pic: height = 0.02
621.7436 	EXP 	thermode_locali_pic: height = 0.02
621.7436 	EXP 	thermode_locali_pic: text = 'T : 2'
621.7436 	EXP 	responsel: text = 'NON              '
621.7436 	EXP 	thermode_locali_pic: autoDraw = True
629.7270 	EXP 	responsel: autoDraw = True
629.7270 	EXP 	percu_or: autoDraw = True
629.7270 	EXP 	responser: autoDraw = True
630.1780 	DATA 	Keypress: m
630.2103 	EXP 	responsel: foreColor = (0, 0, 0)
630.2269 	EXP 	responsel: foreColor = (0, 0, 0)
630.2437 	EXP 	responsel: foreColor = (0, 0, 0)
630.2603 	EXP 	responsel: foreColor = (0, 0, 0)
630.2771 	EXP 	responsel: foreColor = (0, 0, 0)
630.2937 	EXP 	responsel: foreColor = (0, 0, 0)
630.3103 	EXP 	responsel: foreColor = (0, 0, 0)
630.3270 	EXP 	responsel: foreColor = (0, 0, 0)
630.3437 	EXP 	responsel: foreColor = (0, 0, 0)
630.3603 	EXP 	responsel: foreColor = (0, 0, 0)
630.3770 	EXP 	responsel: foreColor = (0, 0, 0)
630.3937 	EXP 	responsel: foreColor = (0, 0, 0)
630.4103 	EXP 	responsel: foreColor = (0, 0, 0)
630.4270 	EXP 	responsel: foreColor = (0, 0, 0)
630.4437 	EXP 	responsel: foreColor = (0, 0, 0)
630.4603 	EXP 	responsel: foreColor = (0, 0, 0)
630.4770 	EXP 	responsel: foreColor = (0, 0, 0)
630.4937 	EXP 	responsel: foreColor = (0, 0, 0)
630.5103 	EXP 	responsel: foreColor = (0, 0, 0)
630.5270 	EXP 	responsel: foreColor = (0, 0, 0)
630.5436 	EXP 	responsel: foreColor = (0, 0, 0)
630.5603 	EXP 	responsel: foreColor = (0, 0, 0)
630.5771 	EXP 	responsel: foreColor = (0, 0, 0)
630.5939 	EXP 	responsel: foreColor = (0, 0, 0)
630.6105 	EXP 	responsel: foreColor = (0, 0, 0)
630.6272 	EXP 	responsel: foreColor = (0, 0, 0)
630.6439 	EXP 	responsel: foreColor = (0, 0, 0)
630.6603 	EXP 	responsel: foreColor = (0, 0, 0)
630.6770 	EXP 	responsel: foreColor = (0, 0, 0)
630.6937 	EXP 	responsel: foreColor = (0, 0, 0)
630.7103 	EXP 	responsel: foreColor = (0, 0, 0)
630.7270 	EXP 	responsel: foreColor = (0, 0, 0)
630.7437 	EXP 	responsel: foreColor = (0, 0, 0)
630.7603 	EXP 	responsel: foreColor = (0, 0, 0)
630.7771 	EXP 	responsel: foreColor = (0, 0, 0)
630.7937 	EXP 	responsel: foreColor = (0, 0, 0)
630.8103 	EXP 	responsel: foreColor = (0, 0, 0)
630.8270 	EXP 	responsel: foreColor = (0, 0, 0)
630.8437 	EXP 	responsel: foreColor = (0, 0, 0)
630.8604 	EXP 	responsel: foreColor = (0, 0, 0)
630.8770 	EXP 	responsel: foreColor = (0, 0, 0)
630.8937 	EXP 	responsel: foreColor = (0, 0, 0)
630.9103 	EXP 	responsel: foreColor = (0, 0, 0)
630.9271 	EXP 	responsel: foreColor = (0, 0, 0)
630.9437 	EXP 	responsel: foreColor = (0, 0, 0)
630.9603 	EXP 	responsel: foreColor = (0, 0, 0)
630.9770 	EXP 	responsel: foreColor = (0, 0, 0)
630.9937 	EXP 	responsel: foreColor = (0, 0, 0)
631.0103 	EXP 	responsel: foreColor = (0, 0, 0)
631.0270 	EXP 	responsel: foreColor = (0, 0, 0)
631.0437 	EXP 	responsel: foreColor = (0, 0, 0)
631.0603 	EXP 	responsel: foreColor = (0, 0, 0)
631.0770 	EXP 	responsel: foreColor = (0, 0, 0)
631.0937 	EXP 	responsel: foreColor = (0, 0, 0)
631.1103 	EXP 	responsel: foreColor = (0, 0, 0)
631.1270 	EXP 	responsel: foreColor = (0, 0, 0)
631.1437 	EXP 	responsel: foreColor = (0, 0, 0)
631.1604 	EXP 	responsel: foreColor = (0, 0, 0)
631.1770 	EXP 	responsel: foreColor = (0, 0, 0)
631.1937 	EXP 	responsel: foreColor = (0, 0, 0)
631.2103 	EXP 	responsel: foreColor = (0, 0, 0)
631.2271 	EXP 	responsel: foreColor = (0, 0, 0)
631.2437 	EXP 	responsel: foreColor = (0, 0, 0)
631.2603 	EXP 	responsel: foreColor = (0, 0, 0)
631.2770 	EXP 	responsel: foreColor = (0, 0, 0)
631.2937 	EXP 	responsel: foreColor = (0, 0, 0)
631.3103 	EXP 	responsel: foreColor = (0, 0, 0)
631.3270 	EXP 	responsel: foreColor = (0, 0, 0)
631.3437 	EXP 	responsel: foreColor = (0, 0, 0)
631.3603 	EXP 	responsel: foreColor = (0, 0, 0)
631.3770 	EXP 	responsel: foreColor = (0, 0, 0)
631.3937 	EXP 	responsel: foreColor = (0, 0, 0)
631.4103 	EXP 	responsel: foreColor = (0, 0, 0)
631.4270 	EXP 	responsel: foreColor = (0, 0, 0)
631.4437 	EXP 	responsel: foreColor = (0, 0, 0)
631.4603 	EXP 	responsel: foreColor = (0, 0, 0)
631.4770 	EXP 	responsel: foreColor = (0, 0, 0)
631.4937 	EXP 	responsel: foreColor = (0, 0, 0)
631.5104 	EXP 	responsel: foreColor = (0, 0, 0)
631.5270 	EXP 	responsel: foreColor = (0, 0, 0)
631.5437 	EXP 	responsel: foreColor = (0, 0, 0)
631.5604 	EXP 	responsel: foreColor = (0, 0, 0)
631.5770 	EXP 	responsel: foreColor = (0, 0, 0)
631.5937 	EXP 	responsel: foreColor = (0, 0, 0)
631.6103 	EXP 	responsel: foreColor = (0, 0, 0)
631.6270 	EXP 	responsel: foreColor = (0, 0, 0)
631.6437 	EXP 	responsel: foreColor = (0, 0, 0)
631.6603 	EXP 	responsel: foreColor = (0, 0, 0)
631.6770 	EXP 	responsel: foreColor = (0, 0, 0)
631.6936 	EXP 	responsel: foreColor = (0, 0, 0)
631.7103 	EXP 	responsel: foreColor = (0, 0, 0)
631.7271 	EXP 	responsel: foreColor = (0, 0, 0)
631.7437 	EXP 	responsel: foreColor = (0, 0, 0)
631.7603 	EXP 	responsel: foreColor = (0, 0, 0)
631.7770 	EXP 	responsel: foreColor = (0, 0, 0)
631.7937 	EXP 	responsel: foreColor = (0, 0, 0)
631.8103 	EXP 	responsel: foreColor = (0, 0, 0)
631.8270 	EXP 	responsel: foreColor = (0, 0, 0)
631.8437 	EXP 	responsel: foreColor = (0, 0, 0)
631.8603 	EXP 	responsel: foreColor = (0, 0, 0)
631.8771 	EXP 	responsel: foreColor = (0, 0, 0)
631.8937 	EXP 	responsel: foreColor = (0, 0, 0)
631.9103 	EXP 	responsel: foreColor = (0, 0, 0)
631.9270 	EXP 	responsel: foreColor = (0, 0, 0)
631.9437 	EXP 	responsel: foreColor = (0, 0, 0)
631.9437 	EXP 	thermode_locali_pic: autoDraw = False
631.9603 	EXP 	responsel: foreColor = (0, 0, 0)
631.9769 	EXP 	responsel: foreColor = (0, 0, 0)
631.9937 	EXP 	responsel: foreColor = (0, 0, 0)
632.0103 	EXP 	responsel: foreColor = (0, 0, 0)
632.0270 	EXP 	responsel: foreColor = (0, 0, 0)
632.0437 	EXP 	responsel: foreColor = (0, 0, 0)
632.0603 	EXP 	responsel: foreColor = (0, 0, 0)
632.0770 	EXP 	responsel: foreColor = (0, 0, 0)
632.0937 	EXP 	responsel: foreColor = (0, 0, 0)
632.1104 	EXP 	responsel: foreColor = (0, 0, 0)
632.1270 	EXP 	responsel: foreColor = (0, 0, 0)
632.1437 	EXP 	responsel: foreColor = (0, 0, 0)
632.1604 	EXP 	responsel: foreColor = (0, 0, 0)
632.1771 	EXP 	responsel: foreColor = (0, 0, 0)
632.1937 	EXP 	responsel: foreColor = (0, 0, 0)
632.2104 	EXP 	responsel: foreColor = (0, 0, 0)
632.2270 	EXP 	responsel: foreColor = (0, 0, 0)
632.2437 	EXP 	responsel: foreColor = (0, 0, 0)
632.2604 	EXP 	responsel: foreColor = (0, 0, 0)
632.2770 	EXP 	responsel: foreColor = (0, 0, 0)
632.2937 	EXP 	responsel: foreColor = (0, 0, 0)
632.3103 	EXP 	responsel: foreColor = (0, 0, 0)
632.3270 	EXP 	responsel: foreColor = (0, 0, 0)
632.3436 	EXP 	responsel: foreColor = (0, 0, 0)
632.3603 	EXP 	responsel: foreColor = (0, 0, 0)
632.3770 	EXP 	responsel: foreColor = (0, 0, 0)
632.3936 	EXP 	responsel: foreColor = (0, 0, 0)
632.4103 	EXP 	responsel: foreColor = (0, 0, 0)
632.4270 	EXP 	responsel: foreColor = (0, 0, 0)
632.4437 	EXP 	responsel: foreColor = (0, 0, 0)
632.4603 	EXP 	responsel: foreColor = (0, 0, 0)
632.4770 	EXP 	responsel: foreColor = (0, 0, 0)
632.4936 	EXP 	responsel: foreColor = (0, 0, 0)
632.5103 	EXP 	responsel: foreColor = (0, 0, 0)
632.5270 	EXP 	responsel: foreColor = (0, 0, 0)
632.5437 	EXP 	responsel: foreColor = (0, 0, 0)
632.5604 	EXP 	responsel: foreColor = (0, 0, 0)
632.5770 	EXP 	responsel: foreColor = (0, 0, 0)
632.5937 	EXP 	responsel: foreColor = (0, 0, 0)
632.6104 	EXP 	responsel: foreColor = (0, 0, 0)
632.6270 	EXP 	responsel: foreColor = (0, 0, 0)
632.6436 	EXP 	responsel: foreColor = (0, 0, 0)
632.6604 	EXP 	responsel: foreColor = (0, 0, 0)
632.6770 	EXP 	responsel: foreColor = (0, 0, 0)
632.6937 	EXP 	responsel: foreColor = (0, 0, 0)
632.7103 	EXP 	responsel: foreColor = (0, 0, 0)
632.7113 	EXP 	New trial (rep=27, index=0): None
632.7271 	EXP 	responsel: foreColor = (0, 0, 0)
632.7271 	EXP 	responsel: autoDraw = False
632.7271 	EXP 	percu_or: autoDraw = False
632.7271 	EXP 	responser: autoDraw = False
632.7271 	EXP 	thermode_locali_pic: autoDraw = False
632.7271 	EXP 	responsel: autoDraw = False
632.7271 	EXP 	percu_or: autoDraw = False
632.7271 	EXP 	responser: autoDraw = False
632.7271 	EXP 	responsel: foreColor = 'white'
632.7271 	EXP 	responser: foreColor = 'white'
632.7271 	EXP 	text_pic: autoDraw = True
632.7271 	EXP 	croix_3: autoDraw = True
637.7271 	EXP 	text_pic: autoDraw = False
637.7271 	EXP 	croix_3: autoDraw = False
637.7271 	EXP 	text_pic: autoDraw = False
637.7271 	EXP 	croix_3: autoDraw = False
637.7271 	EXP 	thermode_locali_pic: height = 0.02
637.7271 	EXP 	thermode_locali_pic: height = 0.02
637.7271 	EXP 	thermode_locali_pic: height = 0.02
637.7271 	EXP 	thermode_locali_pic: text = 'T : 3'
637.7271 	EXP 	responsel: text = 'NON              '
637.7271 	EXP 	thermode_locali_pic: autoDraw = True
645.7105 	EXP 	responsel: autoDraw = True
645.7105 	EXP 	percu_or: autoDraw = True
645.7105 	EXP 	responser: autoDraw = True
646.1782 	DATA 	Keypress: n
646.2105 	EXP 	responser: foreColor = (0, 0, 0)
646.2272 	EXP 	responser: foreColor = (0, 0, 0)
646.2438 	EXP 	responser: foreColor = (0, 0, 0)
646.2605 	EXP 	responser: foreColor = (0, 0, 0)
646.2771 	EXP 	responser: foreColor = (0, 0, 0)
646.2938 	EXP 	responser: foreColor = (0, 0, 0)
646.3105 	EXP 	responser: foreColor = (0, 0, 0)
646.3272 	EXP 	responser: foreColor = (0, 0, 0)
646.3438 	EXP 	responser: foreColor = (0, 0, 0)
646.3605 	EXP 	responser: foreColor = (0, 0, 0)
646.3772 	EXP 	responser: foreColor = (0, 0, 0)
646.3938 	EXP 	responser: foreColor = (0, 0, 0)
646.4105 	EXP 	responser: foreColor = (0, 0, 0)
646.4272 	EXP 	responser: foreColor = (0, 0, 0)
646.4438 	EXP 	responser: foreColor = (0, 0, 0)
646.4606 	EXP 	responser: foreColor = (0, 0, 0)
646.4772 	EXP 	responser: foreColor = (0, 0, 0)
646.4938 	EXP 	responser: foreColor = (0, 0, 0)
646.5105 	EXP 	responser: foreColor = (0, 0, 0)
646.5271 	EXP 	responser: foreColor = (0, 0, 0)
646.5438 	EXP 	responser: foreColor = (0, 0, 0)
646.5604 	EXP 	responser: foreColor = (0, 0, 0)
646.5772 	EXP 	responser: foreColor = (0, 0, 0)
646.5938 	EXP 	responser: foreColor = (0, 0, 0)
646.6105 	EXP 	responser: foreColor = (0, 0, 0)
646.6271 	EXP 	responser: foreColor = (0, 0, 0)
646.6438 	EXP 	responser: foreColor = (0, 0, 0)
646.6605 	EXP 	responser: foreColor = (0, 0, 0)
646.6771 	EXP 	responser: foreColor = (0, 0, 0)
646.6939 	EXP 	responser: foreColor = (0, 0, 0)
646.7105 	EXP 	responser: foreColor = (0, 0, 0)
646.7271 	EXP 	responser: foreColor = (0, 0, 0)
646.7438 	EXP 	responser: foreColor = (0, 0, 0)
646.7606 	EXP 	responser: foreColor = (0, 0, 0)
646.7772 	EXP 	responser: foreColor = (0, 0, 0)
646.7938 	EXP 	responser: foreColor = (0, 0, 0)
646.8105 	EXP 	responser: foreColor = (0, 0, 0)
646.8272 	EXP 	responser: foreColor = (0, 0, 0)
646.8439 	EXP 	responser: foreColor = (0, 0, 0)
646.8605 	EXP 	responser: foreColor = (0, 0, 0)
646.8771 	EXP 	responser: foreColor = (0, 0, 0)
646.8938 	EXP 	responser: foreColor = (0, 0, 0)
646.9105 	EXP 	responser: foreColor = (0, 0, 0)
646.9272 	EXP 	responser: foreColor = (0, 0, 0)
646.9438 	EXP 	responser: foreColor = (0, 0, 0)
646.9605 	EXP 	responser: foreColor = (0, 0, 0)
646.9771 	EXP 	responser: foreColor = (0, 0, 0)
646.9938 	EXP 	responser: foreColor = (0, 0, 0)
647.0105 	EXP 	responser: foreColor = (0, 0, 0)
647.0271 	EXP 	responser: foreColor = (0, 0, 0)
647.0438 	EXP 	responser: foreColor = (0, 0, 0)
647.0604 	EXP 	responser: foreColor = (0, 0, 0)
647.0771 	EXP 	responser: foreColor = (0, 0, 0)
647.0937 	EXP 	responser: foreColor = (0, 0, 0)
647.1104 	EXP 	responser: foreColor = (0, 0, 0)
647.1271 	EXP 	responser: foreColor = (0, 0, 0)
647.1437 	EXP 	responser: foreColor = (0, 0, 0)
647.1604 	EXP 	responser: foreColor = (0, 0, 0)
647.1771 	EXP 	responser: foreColor = (0, 0, 0)
647.1937 	EXP 	responser: foreColor = (0, 0, 0)
647.2104 	EXP 	responser: foreColor = (0, 0, 0)
647.2271 	EXP 	responser: foreColor = (0, 0, 0)
647.2437 	EXP 	responser: foreColor = (0, 0, 0)
647.2604 	EXP 	responser: foreColor = (0, 0, 0)
647.2771 	EXP 	responser: foreColor = (0, 0, 0)
647.2938 	EXP 	responser: foreColor = (0, 0, 0)
647.3104 	EXP 	responser: foreColor = (0, 0, 0)
647.3271 	EXP 	responser: foreColor = (0, 0, 0)
647.3437 	EXP 	responser: foreColor = (0, 0, 0)
647.3604 	EXP 	responser: foreColor = (0, 0, 0)
647.3771 	EXP 	responser: foreColor = (0, 0, 0)
647.3938 	EXP 	responser: foreColor = (0, 0, 0)
647.4104 	EXP 	responser: foreColor = (0, 0, 0)
647.4271 	EXP 	responser: foreColor = (0, 0, 0)
647.4438 	EXP 	responser: foreColor = (0, 0, 0)
647.4604 	EXP 	responser: foreColor = (0, 0, 0)
647.4772 	EXP 	responser: foreColor = (0, 0, 0)
647.4939 	EXP 	responser: foreColor = (0, 0, 0)
647.5105 	EXP 	responser: foreColor = (0, 0, 0)
647.5272 	EXP 	responser: foreColor = (0, 0, 0)
647.5439 	EXP 	responser: foreColor = (0, 0, 0)
647.5605 	EXP 	responser: foreColor = (0, 0, 0)
647.5772 	EXP 	responser: foreColor = (0, 0, 0)
647.5939 	EXP 	responser: foreColor = (0, 0, 0)
647.6105 	EXP 	responser: foreColor = (0, 0, 0)
647.6272 	EXP 	responser: foreColor = (0, 0, 0)
647.6439 	EXP 	responser: foreColor = (0, 0, 0)
647.6605 	EXP 	responser: foreColor = (0, 0, 0)
647.6772 	EXP 	responser: foreColor = (0, 0, 0)
647.6938 	EXP 	responser: foreColor = (0, 0, 0)
647.7105 	EXP 	responser: foreColor = (0, 0, 0)
647.7272 	EXP 	responser: foreColor = (0, 0, 0)
647.7439 	EXP 	responser: foreColor = (0, 0, 0)
647.7605 	EXP 	responser: foreColor = (0, 0, 0)
647.7772 	EXP 	responser: foreColor = (0, 0, 0)
647.7939 	EXP 	responser: foreColor = (0, 0, 0)
647.8105 	EXP 	responser: foreColor = (0, 0, 0)
647.8272 	EXP 	responser: foreColor = (0, 0, 0)
647.8439 	EXP 	responser: foreColor = (0, 0, 0)
647.8605 	EXP 	responser: foreColor = (0, 0, 0)
647.8772 	EXP 	responser: foreColor = (0, 0, 0)
647.8939 	EXP 	responser: foreColor = (0, 0, 0)
647.9105 	EXP 	responser: foreColor = (0, 0, 0)
647.9272 	EXP 	responser: foreColor = (0, 0, 0)
647.9272 	EXP 	thermode_locali_pic: autoDraw = False
647.9439 	EXP 	responser: foreColor = (0, 0, 0)
647.9605 	EXP 	responser: foreColor = (0, 0, 0)
647.9772 	EXP 	responser: foreColor = (0, 0, 0)
647.9939 	EXP 	responser: foreColor = (0, 0, 0)
648.0105 	EXP 	responser: foreColor = (0, 0, 0)
648.0272 	EXP 	responser: foreColor = (0, 0, 0)
648.0439 	EXP 	responser: foreColor = (0, 0, 0)
648.0605 	EXP 	responser: foreColor = (0, 0, 0)
648.0772 	EXP 	responser: foreColor = (0, 0, 0)
648.0939 	EXP 	responser: foreColor = (0, 0, 0)
648.1105 	EXP 	responser: foreColor = (0, 0, 0)
648.1272 	EXP 	responser: foreColor = (0, 0, 0)
648.1439 	EXP 	responser: foreColor = (0, 0, 0)
648.1605 	EXP 	responser: foreColor = (0, 0, 0)
648.1772 	EXP 	responser: foreColor = (0, 0, 0)
648.1939 	EXP 	responser: foreColor = (0, 0, 0)
648.2105 	EXP 	responser: foreColor = (0, 0, 0)
648.2272 	EXP 	responser: foreColor = (0, 0, 0)
648.2439 	EXP 	responser: foreColor = (0, 0, 0)
648.2605 	EXP 	responser: foreColor = (0, 0, 0)
648.2772 	EXP 	responser: foreColor = (0, 0, 0)
648.2939 	EXP 	responser: foreColor = (0, 0, 0)
648.3105 	EXP 	responser: foreColor = (0, 0, 0)
648.3272 	EXP 	responser: foreColor = (0, 0, 0)
648.3439 	EXP 	responser: foreColor = (0, 0, 0)
648.3605 	EXP 	responser: foreColor = (0, 0, 0)
648.3772 	EXP 	responser: foreColor = (0, 0, 0)
648.3939 	EXP 	responser: foreColor = (0, 0, 0)
648.4105 	EXP 	responser: foreColor = (0, 0, 0)
648.4272 	EXP 	responser: foreColor = (0, 0, 0)
648.4439 	EXP 	responser: foreColor = (0, 0, 0)
648.4605 	EXP 	responser: foreColor = (0, 0, 0)
648.4772 	EXP 	responser: foreColor = (0, 0, 0)
648.4939 	EXP 	responser: foreColor = (0, 0, 0)
648.5105 	EXP 	responser: foreColor = (0, 0, 0)
648.5272 	EXP 	responser: foreColor = (0, 0, 0)
648.5439 	EXP 	responser: foreColor = (0, 0, 0)
648.5606 	EXP 	responser: foreColor = (0, 0, 0)
648.5772 	EXP 	responser: foreColor = (0, 0, 0)
648.5939 	EXP 	responser: foreColor = (0, 0, 0)
648.6105 	EXP 	responser: foreColor = (0, 0, 0)
648.6272 	EXP 	responser: foreColor = (0, 0, 0)
648.6439 	EXP 	responser: foreColor = (0, 0, 0)
648.6605 	EXP 	responser: foreColor = (0, 0, 0)
648.6772 	EXP 	responser: foreColor = (0, 0, 0)
648.6939 	EXP 	responser: foreColor = (0, 0, 0)
648.6948 	EXP 	New trial (rep=28, index=0): None
648.7105 	EXP 	responser: foreColor = (0, 0, 0)
648.7105 	EXP 	responsel: autoDraw = False
648.7105 	EXP 	percu_or: autoDraw = False
648.7105 	EXP 	responser: autoDraw = False
648.7105 	EXP 	thermode_locali_pic: autoDraw = False
648.7105 	EXP 	responsel: autoDraw = False
648.7105 	EXP 	percu_or: autoDraw = False
648.7105 	EXP 	responser: autoDraw = False
648.7105 	EXP 	responsel: foreColor = 'white'
648.7105 	EXP 	responser: foreColor = 'white'
648.7105 	EXP 	text_pic: autoDraw = True
648.7105 	EXP 	croix_3: autoDraw = True
653.7105 	EXP 	text_pic: autoDraw = False
653.7105 	EXP 	croix_3: autoDraw = False
653.7105 	EXP 	text_pic: autoDraw = False
653.7105 	EXP 	croix_3: autoDraw = False
653.7105 	EXP 	thermode_locali_pic: height = 0.02
653.7105 	EXP 	thermode_locali_pic: height = 0.02
653.7105 	EXP 	thermode_locali_pic: height = 0.02
653.7105 	EXP 	thermode_locali_pic: text = 'T : 0'
653.7105 	EXP 	responsel: text = 'NON              '
653.7105 	EXP 	thermode_locali_pic: autoDraw = True
661.6940 	EXP 	responsel: autoDraw = True
661.6940 	EXP 	percu_or: autoDraw = True
661.6940 	EXP 	responser: autoDraw = True
662.1118 	DATA 	Keypress: m
662.1440 	EXP 	responsel: foreColor = (0, 0, 0)
662.1607 	EXP 	responsel: foreColor = (0, 0, 0)
662.1774 	EXP 	responsel: foreColor = (0, 0, 0)
662.1940 	EXP 	responsel: foreColor = (0, 0, 0)
662.2107 	EXP 	responsel: foreColor = (0, 0, 0)
662.2274 	EXP 	responsel: foreColor = (0, 0, 0)
662.2440 	EXP 	responsel: foreColor = (0, 0, 0)
662.2607 	EXP 	responsel: foreColor = (0, 0, 0)
662.2774 	EXP 	responsel: foreColor = (0, 0, 0)
662.2940 	EXP 	responsel: foreColor = (0, 0, 0)
662.3107 	EXP 	responsel: foreColor = (0, 0, 0)
662.3273 	EXP 	responsel: foreColor = (0, 0, 0)
662.3440 	EXP 	responsel: foreColor = (0, 0, 0)
662.3607 	EXP 	responsel: foreColor = (0, 0, 0)
662.3774 	EXP 	responsel: foreColor = (0, 0, 0)
662.3940 	EXP 	responsel: foreColor = (0, 0, 0)
662.4107 	EXP 	responsel: foreColor = (0, 0, 0)
662.4274 	EXP 	responsel: foreColor = (0, 0, 0)
662.4440 	EXP 	responsel: foreColor = (0, 0, 0)
662.4607 	EXP 	responsel: foreColor = (0, 0, 0)
662.4774 	EXP 	responsel: foreColor = (0, 0, 0)
662.4940 	EXP 	responsel: foreColor = (0, 0, 0)
662.5107 	EXP 	responsel: foreColor = (0, 0, 0)
662.5274 	EXP 	responsel: foreColor = (0, 0, 0)
662.5440 	EXP 	responsel: foreColor = (0, 0, 0)
662.5607 	EXP 	responsel: foreColor = (0, 0, 0)
662.5774 	EXP 	responsel: foreColor = (0, 0, 0)
662.5940 	EXP 	responsel: foreColor = (0, 0, 0)
662.6107 	EXP 	responsel: foreColor = (0, 0, 0)
662.6274 	EXP 	responsel: foreColor = (0, 0, 0)
662.6440 	EXP 	responsel: foreColor = (0, 0, 0)
662.6607 	EXP 	responsel: foreColor = (0, 0, 0)
662.6774 	EXP 	responsel: foreColor = (0, 0, 0)
662.6940 	EXP 	responsel: foreColor = (0, 0, 0)
662.7107 	EXP 	responsel: foreColor = (0, 0, 0)
662.7274 	EXP 	responsel: foreColor = (0, 0, 0)
662.7440 	EXP 	responsel: foreColor = (0, 0, 0)
662.7607 	EXP 	responsel: foreColor = (0, 0, 0)
662.7774 	EXP 	responsel: foreColor = (0, 0, 0)
662.7940 	EXP 	responsel: foreColor = (0, 0, 0)
662.8107 	EXP 	responsel: foreColor = (0, 0, 0)
662.8274 	EXP 	responsel: foreColor = (0, 0, 0)
662.8440 	EXP 	responsel: foreColor = (0, 0, 0)
662.8607 	EXP 	responsel: foreColor = (0, 0, 0)
662.8774 	EXP 	responsel: foreColor = (0, 0, 0)
662.8940 	EXP 	responsel: foreColor = (0, 0, 0)
662.9107 	EXP 	responsel: foreColor = (0, 0, 0)
662.9273 	EXP 	responsel: foreColor = (0, 0, 0)
662.9440 	EXP 	responsel: foreColor = (0, 0, 0)
662.9607 	EXP 	responsel: foreColor = (0, 0, 0)
662.9774 	EXP 	responsel: foreColor = (0, 0, 0)
662.9940 	EXP 	responsel: foreColor = (0, 0, 0)
663.0107 	EXP 	responsel: foreColor = (0, 0, 0)
663.0274 	EXP 	responsel: foreColor = (0, 0, 0)
663.0440 	EXP 	responsel: foreColor = (0, 0, 0)
663.0607 	EXP 	responsel: foreColor = (0, 0, 0)
663.0774 	EXP 	responsel: foreColor = (0, 0, 0)
663.0940 	EXP 	responsel: foreColor = (0, 0, 0)
663.1107 	EXP 	responsel: foreColor = (0, 0, 0)
663.1274 	EXP 	responsel: foreColor = (0, 0, 0)
663.1441 	EXP 	responsel: foreColor = (0, 0, 0)
663.1607 	EXP 	responsel: foreColor = (0, 0, 0)
663.1774 	EXP 	responsel: foreColor = (0, 0, 0)
663.1940 	EXP 	responsel: foreColor = (0, 0, 0)
663.2107 	EXP 	responsel: foreColor = (0, 0, 0)
663.2274 	EXP 	responsel: foreColor = (0, 0, 0)
663.2440 	EXP 	responsel: foreColor = (0, 0, 0)
663.2607 	EXP 	responsel: foreColor = (0, 0, 0)
663.2773 	EXP 	responsel: foreColor = (0, 0, 0)
663.2940 	EXP 	responsel: foreColor = (0, 0, 0)
663.3107 	EXP 	responsel: foreColor = (0, 0, 0)
663.3274 	EXP 	responsel: foreColor = (0, 0, 0)
663.3440 	EXP 	responsel: foreColor = (0, 0, 0)
663.3607 	EXP 	responsel: foreColor = (0, 0, 0)
663.3774 	EXP 	responsel: foreColor = (0, 0, 0)
663.3940 	EXP 	responsel: foreColor = (0, 0, 0)
663.4107 	EXP 	responsel: foreColor = (0, 0, 0)
663.4274 	EXP 	responsel: foreColor = (0, 0, 0)
663.4441 	EXP 	responsel: foreColor = (0, 0, 0)
663.4607 	EXP 	responsel: foreColor = (0, 0, 0)
663.4774 	EXP 	responsel: foreColor = (0, 0, 0)
663.4940 	EXP 	responsel: foreColor = (0, 0, 0)
663.5107 	EXP 	responsel: foreColor = (0, 0, 0)
663.5274 	EXP 	responsel: foreColor = (0, 0, 0)
663.5440 	EXP 	responsel: foreColor = (0, 0, 0)
663.5607 	EXP 	responsel: foreColor = (0, 0, 0)
663.5774 	EXP 	responsel: foreColor = (0, 0, 0)
663.5940 	EXP 	responsel: foreColor = (0, 0, 0)
663.6107 	EXP 	responsel: foreColor = (0, 0, 0)
663.6273 	EXP 	responsel: foreColor = (0, 0, 0)
663.6440 	EXP 	responsel: foreColor = (0, 0, 0)
663.6607 	EXP 	responsel: foreColor = (0, 0, 0)
663.6774 	EXP 	responsel: foreColor = (0, 0, 0)
663.6941 	EXP 	responsel: foreColor = (0, 0, 0)
663.7107 	EXP 	responsel: foreColor = (0, 0, 0)
663.7274 	EXP 	responsel: foreColor = (0, 0, 0)
663.7440 	EXP 	responsel: foreColor = (0, 0, 0)
663.7607 	EXP 	responsel: foreColor = (0, 0, 0)
663.7774 	EXP 	responsel: foreColor = (0, 0, 0)
663.7940 	EXP 	responsel: foreColor = (0, 0, 0)
663.8107 	EXP 	responsel: foreColor = (0, 0, 0)
663.8274 	EXP 	responsel: foreColor = (0, 0, 0)
663.8440 	EXP 	responsel: foreColor = (0, 0, 0)
663.8607 	EXP 	responsel: foreColor = (0, 0, 0)
663.8774 	EXP 	responsel: foreColor = (0, 0, 0)
663.8940 	EXP 	responsel: foreColor = (0, 0, 0)
663.9107 	EXP 	responsel: foreColor = (0, 0, 0)
663.9107 	EXP 	thermode_locali_pic: autoDraw = False
663.9273 	EXP 	responsel: foreColor = (0, 0, 0)
663.9440 	EXP 	responsel: foreColor = (0, 0, 0)
663.9607 	EXP 	responsel: foreColor = (0, 0, 0)
663.9774 	EXP 	responsel: foreColor = (0, 0, 0)
663.9940 	EXP 	responsel: foreColor = (0, 0, 0)
664.0107 	EXP 	responsel: foreColor = (0, 0, 0)
664.0274 	EXP 	responsel: foreColor = (0, 0, 0)
664.0440 	EXP 	responsel: foreColor = (0, 0, 0)
664.0607 	EXP 	responsel: foreColor = (0, 0, 0)
664.0774 	EXP 	responsel: foreColor = (0, 0, 0)
664.0940 	EXP 	responsel: foreColor = (0, 0, 0)
664.1107 	EXP 	responsel: foreColor = (0, 0, 0)
664.1274 	EXP 	responsel: foreColor = (0, 0, 0)
664.1440 	EXP 	responsel: foreColor = (0, 0, 0)
664.1607 	EXP 	responsel: foreColor = (0, 0, 0)
664.1774 	EXP 	responsel: foreColor = (0, 0, 0)
664.1940 	EXP 	responsel: foreColor = (0, 0, 0)
664.2107 	EXP 	responsel: foreColor = (0, 0, 0)
664.2274 	EXP 	responsel: foreColor = (0, 0, 0)
664.2440 	EXP 	responsel: foreColor = (0, 0, 0)
664.2607 	EXP 	responsel: foreColor = (0, 0, 0)
664.2774 	EXP 	responsel: foreColor = (0, 0, 0)
664.2940 	EXP 	responsel: foreColor = (0, 0, 0)
664.3107 	EXP 	responsel: foreColor = (0, 0, 0)
664.3274 	EXP 	responsel: foreColor = (0, 0, 0)
664.3440 	EXP 	responsel: foreColor = (0, 0, 0)
664.3607 	EXP 	responsel: foreColor = (0, 0, 0)
664.3774 	EXP 	responsel: foreColor = (0, 0, 0)
664.3940 	EXP 	responsel: foreColor = (0, 0, 0)
664.4107 	EXP 	responsel: foreColor = (0, 0, 0)
664.4274 	EXP 	responsel: foreColor = (0, 0, 0)
664.4440 	EXP 	responsel: foreColor = (0, 0, 0)
664.4607 	EXP 	responsel: foreColor = (0, 0, 0)
664.4774 	EXP 	responsel: foreColor = (0, 0, 0)
664.4940 	EXP 	responsel: foreColor = (0, 0, 0)
664.5107 	EXP 	responsel: foreColor = (0, 0, 0)
664.5274 	EXP 	responsel: foreColor = (0, 0, 0)
664.5440 	EXP 	responsel: foreColor = (0, 0, 0)
664.5607 	EXP 	responsel: foreColor = (0, 0, 0)
664.5774 	EXP 	responsel: foreColor = (0, 0, 0)
664.5940 	EXP 	responsel: foreColor = (0, 0, 0)
664.6107 	EXP 	responsel: foreColor = (0, 0, 0)
664.6274 	EXP 	responsel: foreColor = (0, 0, 0)
664.6441 	EXP 	responsel: foreColor = (0, 0, 0)
664.6607 	EXP 	responsel: foreColor = (0, 0, 0)
664.6774 	EXP 	responsel: foreColor = (0, 0, 0)
664.6784 	EXP 	New trial (rep=29, index=0): None
664.6941 	EXP 	responsel: foreColor = (0, 0, 0)
664.6941 	EXP 	responsel: autoDraw = False
664.6941 	EXP 	percu_or: autoDraw = False
664.6941 	EXP 	responser: autoDraw = False
664.6941 	EXP 	thermode_locali_pic: autoDraw = False
664.6941 	EXP 	responsel: autoDraw = False
664.6941 	EXP 	percu_or: autoDraw = False
664.6941 	EXP 	responser: autoDraw = False
664.6941 	EXP 	responsel: foreColor = 'white'
664.6941 	EXP 	responser: foreColor = 'white'
664.6941 	EXP 	text_pic: autoDraw = True
664.6941 	EXP 	croix_3: autoDraw = True
669.6941 	EXP 	text_pic: autoDraw = False
669.6941 	EXP 	croix_3: autoDraw = False
669.6941 	EXP 	text_pic: autoDraw = False
669.6941 	EXP 	croix_3: autoDraw = False
669.6941 	EXP 	thermode_locali_pic: height = 0.02
669.6941 	EXP 	thermode_locali_pic: height = 0.02
669.6941 	EXP 	thermode_locali_pic: height = 0.02
669.6941 	EXP 	thermode_locali_pic: text = 'T : 1'
669.6941 	EXP 	responsel: text = 'NON              '
669.6941 	EXP 	thermode_locali_pic: autoDraw = True
677.6774 	EXP 	responsel: autoDraw = True
677.6774 	EXP 	percu_or: autoDraw = True
677.6774 	EXP 	responser: autoDraw = True
678.3952 	DATA 	Keypress: m
678.4274 	EXP 	responsel: foreColor = (0, 0, 0)
678.4441 	EXP 	responsel: foreColor = (0, 0, 0)
678.4608 	EXP 	responsel: foreColor = (0, 0, 0)
678.4774 	EXP 	responsel: foreColor = (0, 0, 0)
678.4941 	EXP 	responsel: foreColor = (0, 0, 0)
678.5108 	EXP 	responsel: foreColor = (0, 0, 0)
678.5274 	EXP 	responsel: foreColor = (0, 0, 0)
678.5441 	EXP 	responsel: foreColor = (0, 0, 0)
678.5608 	EXP 	responsel: foreColor = (0, 0, 0)
678.5774 	EXP 	responsel: foreColor = (0, 0, 0)
678.5941 	EXP 	responsel: foreColor = (0, 0, 0)
678.6108 	EXP 	responsel: foreColor = (0, 0, 0)
678.6275 	EXP 	responsel: foreColor = (0, 0, 0)
678.6441 	EXP 	responsel: foreColor = (0, 0, 0)
678.6608 	EXP 	responsel: foreColor = (0, 0, 0)
678.6774 	EXP 	responsel: foreColor = (0, 0, 0)
678.6941 	EXP 	responsel: foreColor = (0, 0, 0)
678.7108 	EXP 	responsel: foreColor = (0, 0, 0)
678.7274 	EXP 	responsel: foreColor = (0, 0, 0)
678.7441 	EXP 	responsel: foreColor = (0, 0, 0)
678.7608 	EXP 	responsel: foreColor = (0, 0, 0)
678.7774 	EXP 	responsel: foreColor = (0, 0, 0)
678.7941 	EXP 	responsel: foreColor = (0, 0, 0)
678.8108 	EXP 	responsel: foreColor = (0, 0, 0)
678.8274 	EXP 	responsel: foreColor = (0, 0, 0)
678.8441 	EXP 	responsel: foreColor = (0, 0, 0)
678.8608 	EXP 	responsel: foreColor = (0, 0, 0)
678.8774 	EXP 	responsel: foreColor = (0, 0, 0)
678.8941 	EXP 	responsel: foreColor = (0, 0, 0)
678.9108 	EXP 	responsel: foreColor = (0, 0, 0)
678.9275 	EXP 	responsel: foreColor = (0, 0, 0)
678.9441 	EXP 	responsel: foreColor = (0, 0, 0)
678.9608 	EXP 	responsel: foreColor = (0, 0, 0)
678.9775 	EXP 	responsel: foreColor = (0, 0, 0)
678.9941 	EXP 	responsel: foreColor = (0, 0, 0)
679.0108 	EXP 	responsel: foreColor = (0, 0, 0)
679.0275 	EXP 	responsel: foreColor = (0, 0, 0)
679.0442 	EXP 	responsel: foreColor = (0, 0, 0)
679.0609 	EXP 	responsel: foreColor = (0, 0, 0)
679.0775 	EXP 	responsel: foreColor = (0, 0, 0)
679.0942 	EXP 	responsel: foreColor = (0, 0, 0)
679.1109 	EXP 	responsel: foreColor = (0, 0, 0)
679.1275 	EXP 	responsel: foreColor = (0, 0, 0)
679.1442 	EXP 	responsel: foreColor = (0, 0, 0)
679.1609 	EXP 	responsel: foreColor = (0, 0, 0)
679.1775 	EXP 	responsel: foreColor = (0, 0, 0)
679.1942 	EXP 	responsel: foreColor = (0, 0, 0)
679.2109 	EXP 	responsel: foreColor = (0, 0, 0)
679.2275 	EXP 	responsel: foreColor = (0, 0, 0)
679.2442 	EXP 	responsel: foreColor = (0, 0, 0)
679.2609 	EXP 	responsel: foreColor = (0, 0, 0)
679.2776 	EXP 	responsel: foreColor = (0, 0, 0)
679.2942 	EXP 	responsel: foreColor = (0, 0, 0)
679.3109 	EXP 	responsel: foreColor = (0, 0, 0)
679.3275 	EXP 	responsel: foreColor = (0, 0, 0)
679.3442 	EXP 	responsel: foreColor = (0, 0, 0)
679.3609 	EXP 	responsel: foreColor = (0, 0, 0)
679.3775 	EXP 	responsel: foreColor = (0, 0, 0)
679.3942 	EXP 	responsel: foreColor = (0, 0, 0)
679.4109 	EXP 	responsel: foreColor = (0, 0, 0)
679.4275 	EXP 	responsel: foreColor = (0, 0, 0)
679.4442 	EXP 	responsel: foreColor = (0, 0, 0)
679.4609 	EXP 	responsel: foreColor = (0, 0, 0)
679.4775 	EXP 	responsel: foreColor = (0, 0, 0)
679.4942 	EXP 	responsel: foreColor = (0, 0, 0)
679.5109 	EXP 	responsel: foreColor = (0, 0, 0)
679.5275 	EXP 	responsel: foreColor = (0, 0, 0)
679.5442 	EXP 	responsel: foreColor = (0, 0, 0)
679.5609 	EXP 	responsel: foreColor = (0, 0, 0)
679.5776 	EXP 	responsel: foreColor = (0, 0, 0)
679.5942 	EXP 	responsel: foreColor = (0, 0, 0)
679.6109 	EXP 	responsel: foreColor = (0, 0, 0)
679.6275 	EXP 	responsel: foreColor = (0, 0, 0)
679.6442 	EXP 	responsel: foreColor = (0, 0, 0)
679.6609 	EXP 	responsel: foreColor = (0, 0, 0)
679.6775 	EXP 	responsel: foreColor = (0, 0, 0)
679.6942 	EXP 	responsel: foreColor = (0, 0, 0)
679.7109 	EXP 	responsel: foreColor = (0, 0, 0)
679.7275 	EXP 	responsel: foreColor = (0, 0, 0)
679.7442 	EXP 	responsel: foreColor = (0, 0, 0)
679.7609 	EXP 	responsel: foreColor = (0, 0, 0)
679.7775 	EXP 	responsel: foreColor = (0, 0, 0)
679.7941 	EXP 	responsel: foreColor = (0, 0, 0)
679.8108 	EXP 	responsel: foreColor = (0, 0, 0)
679.8275 	EXP 	responsel: foreColor = (0, 0, 0)
679.8441 	EXP 	responsel: foreColor = (0, 0, 0)
679.8608 	EXP 	responsel: foreColor = (0, 0, 0)
679.8775 	EXP 	responsel: foreColor = (0, 0, 0)
679.8941 	EXP 	responsel: foreColor = (0, 0, 0)
679.8941 	EXP 	thermode_locali_pic: autoDraw = False
679.9108 	EXP 	responsel: foreColor = (0, 0, 0)
679.9275 	EXP 	responsel: foreColor = (0, 0, 0)
679.9441 	EXP 	responsel: foreColor = (0, 0, 0)
679.9608 	EXP 	responsel: foreColor = (0, 0, 0)
679.9775 	EXP 	responsel: foreColor = (0, 0, 0)
679.9941 	EXP 	responsel: foreColor = (0, 0, 0)
680.0108 	EXP 	responsel: foreColor = (0, 0, 0)
680.0275 	EXP 	responsel: foreColor = (0, 0, 0)
680.0441 	EXP 	responsel: foreColor = (0, 0, 0)
680.0608 	EXP 	responsel: foreColor = (0, 0, 0)
680.0775 	EXP 	responsel: foreColor = (0, 0, 0)
680.0941 	EXP 	responsel: foreColor = (0, 0, 0)
680.1108 	EXP 	responsel: foreColor = (0, 0, 0)
680.1275 	EXP 	responsel: foreColor = (0, 0, 0)
680.1441 	EXP 	responsel: foreColor = (0, 0, 0)
680.1608 	EXP 	responsel: foreColor = (0, 0, 0)
680.1775 	EXP 	responsel: foreColor = (0, 0, 0)
680.1941 	EXP 	responsel: foreColor = (0, 0, 0)
680.2108 	EXP 	responsel: foreColor = (0, 0, 0)
680.2275 	EXP 	responsel: foreColor = (0, 0, 0)
680.2441 	EXP 	responsel: foreColor = (0, 0, 0)
680.2608 	EXP 	responsel: foreColor = (0, 0, 0)
680.2775 	EXP 	responsel: foreColor = (0, 0, 0)
680.2941 	EXP 	responsel: foreColor = (0, 0, 0)
680.3108 	EXP 	responsel: foreColor = (0, 0, 0)
680.3275 	EXP 	responsel: foreColor = (0, 0, 0)
680.3442 	EXP 	responsel: foreColor = (0, 0, 0)
680.3608 	EXP 	responsel: foreColor = (0, 0, 0)
680.3775 	EXP 	responsel: foreColor = (0, 0, 0)
680.3941 	EXP 	responsel: foreColor = (0, 0, 0)
680.4109 	EXP 	responsel: foreColor = (0, 0, 0)
680.4275 	EXP 	responsel: foreColor = (0, 0, 0)
680.4441 	EXP 	responsel: foreColor = (0, 0, 0)
680.4608 	EXP 	responsel: foreColor = (0, 0, 0)
680.4775 	EXP 	responsel: foreColor = (0, 0, 0)
680.4941 	EXP 	responsel: foreColor = (0, 0, 0)
680.5108 	EXP 	responsel: foreColor = (0, 0, 0)
680.5275 	EXP 	responsel: foreColor = (0, 0, 0)
680.5441 	EXP 	responsel: foreColor = (0, 0, 0)
680.5608 	EXP 	responsel: foreColor = (0, 0, 0)
680.5775 	EXP 	responsel: foreColor = (0, 0, 0)
680.5942 	EXP 	responsel: foreColor = (0, 0, 0)
680.6108 	EXP 	responsel: foreColor = (0, 0, 0)
680.6275 	EXP 	responsel: foreColor = (0, 0, 0)
680.6441 	EXP 	responsel: foreColor = (0, 0, 0)
680.6608 	EXP 	responsel: foreColor = (0, 0, 0)
680.6618 	EXP 	New trial (rep=30, index=0): None
680.6775 	EXP 	responsel: foreColor = (0, 0, 0)
680.6775 	EXP 	responsel: autoDraw = False
680.6775 	EXP 	percu_or: autoDraw = False
680.6775 	EXP 	responser: autoDraw = False
680.6775 	EXP 	thermode_locali_pic: autoDraw = False
680.6775 	EXP 	responsel: autoDraw = False
680.6775 	EXP 	percu_or: autoDraw = False
680.6775 	EXP 	responser: autoDraw = False
680.6775 	EXP 	responsel: foreColor = 'white'
680.6775 	EXP 	responser: foreColor = 'white'
680.6775 	EXP 	text_pic: autoDraw = True
680.6775 	EXP 	croix_3: autoDraw = True
685.6776 	EXP 	text_pic: autoDraw = False
685.6776 	EXP 	croix_3: autoDraw = False
685.6776 	EXP 	text_pic: autoDraw = False
685.6776 	EXP 	croix_3: autoDraw = False
685.6776 	EXP 	thermode_locali_pic: height = 0.02
685.6776 	EXP 	thermode_locali_pic: height = 0.02
685.6776 	EXP 	thermode_locali_pic: height = 0.02
685.6776 	EXP 	thermode_locali_pic: text = 'T : 2'
685.6776 	EXP 	responsel: text = 'NON              '
685.6776 	EXP 	thermode_locali_pic: autoDraw = True
693.6610 	EXP 	responsel: autoDraw = True
693.6610 	EXP 	percu_or: autoDraw = True
693.6610 	EXP 	responser: autoDraw = True
694.1290 	DATA 	Keypress: n
694.1610 	EXP 	responser: foreColor = (0, 0, 0)
694.1777 	EXP 	responser: foreColor = (0, 0, 0)
694.1944 	EXP 	responser: foreColor = (0, 0, 0)
694.2110 	EXP 	responser: foreColor = (0, 0, 0)
694.2277 	EXP 	responser: foreColor = (0, 0, 0)
694.2444 	EXP 	responser: foreColor = (0, 0, 0)
694.2610 	EXP 	responser: foreColor = (0, 0, 0)
694.2776 	EXP 	responser: foreColor = (0, 0, 0)
694.2944 	EXP 	responser: foreColor = (0, 0, 0)
694.3110 	EXP 	responser: foreColor = (0, 0, 0)
694.3277 	EXP 	responser: foreColor = (0, 0, 0)
694.3444 	EXP 	responser: foreColor = (0, 0, 0)
694.3610 	EXP 	responser: foreColor = (0, 0, 0)
694.3777 	EXP 	responser: foreColor = (0, 0, 0)
694.3944 	EXP 	responser: foreColor = (0, 0, 0)
694.4110 	EXP 	responser: foreColor = (0, 0, 0)
694.4277 	EXP 	responser: foreColor = (0, 0, 0)
694.4444 	EXP 	responser: foreColor = (0, 0, 0)
694.4610 	EXP 	responser: foreColor = (0, 0, 0)
694.4777 	EXP 	responser: foreColor = (0, 0, 0)
694.4944 	EXP 	responser: foreColor = (0, 0, 0)
694.5110 	EXP 	responser: foreColor = (0, 0, 0)
694.5277 	EXP 	responser: foreColor = (0, 0, 0)
694.5444 	EXP 	responser: foreColor = (0, 0, 0)
694.5610 	EXP 	responser: foreColor = (0, 0, 0)
694.5777 	EXP 	responser: foreColor = (0, 0, 0)
694.5943 	EXP 	responser: foreColor = (0, 0, 0)
694.6111 	EXP 	responser: foreColor = (0, 0, 0)
694.6277 	EXP 	responser: foreColor = (0, 0, 0)
694.6444 	EXP 	responser: foreColor = (0, 0, 0)
694.6610 	EXP 	responser: foreColor = (0, 0, 0)
694.6777 	EXP 	responser: foreColor = (0, 0, 0)
694.6944 	EXP 	responser: foreColor = (0, 0, 0)
694.7110 	EXP 	responser: foreColor = (0, 0, 0)
694.7277 	EXP 	responser: foreColor = (0, 0, 0)
694.7444 	EXP 	responser: foreColor = (0, 0, 0)
694.7611 	EXP 	responser: foreColor = (0, 0, 0)
694.7777 	EXP 	responser: foreColor = (0, 0, 0)
694.7944 	EXP 	responser: foreColor = (0, 0, 0)
694.8110 	EXP 	responser: foreColor = (0, 0, 0)
694.8277 	EXP 	responser: foreColor = (0, 0, 0)
694.8444 	EXP 	responser: foreColor = (0, 0, 0)
694.8610 	EXP 	responser: foreColor = (0, 0, 0)
694.8777 	EXP 	responser: foreColor = (0, 0, 0)
694.8944 	EXP 	responser: foreColor = (0, 0, 0)
694.9110 	EXP 	responser: foreColor = (0, 0, 0)
694.9277 	EXP 	responser: foreColor = (0, 0, 0)
694.9444 	EXP 	responser: foreColor = (0, 0, 0)
694.9610 	EXP 	responser: foreColor = (0, 0, 0)
694.9777 	EXP 	responser: foreColor = (0, 0, 0)
694.9944 	EXP 	responser: foreColor = (0, 0, 0)
695.0110 	EXP 	responser: foreColor = (0, 0, 0)
695.0277 	EXP 	responser: foreColor = (0, 0, 0)
695.0444 	EXP 	responser: foreColor = (0, 0, 0)
695.0610 	EXP 	responser: foreColor = (0, 0, 0)
695.0777 	EXP 	responser: foreColor = (0, 0, 0)
695.0944 	EXP 	responser: foreColor = (0, 0, 0)
695.1110 	EXP 	responser: foreColor = (0, 0, 0)
695.1277 	EXP 	responser: foreColor = (0, 0, 0)
695.1444 	EXP 	responser: foreColor = (0, 0, 0)
695.1610 	EXP 	responser: foreColor = (0, 0, 0)
695.1777 	EXP 	responser: foreColor = (0, 0, 0)
695.1943 	EXP 	responser: foreColor = (0, 0, 0)
695.2110 	EXP 	responser: foreColor = (0, 0, 0)
695.2277 	EXP 	responser: foreColor = (0, 0, 0)
695.2444 	EXP 	responser: foreColor = (0, 0, 0)
695.2610 	EXP 	responser: foreColor = (0, 0, 0)
695.2777 	EXP 	responser: foreColor = (0, 0, 0)
695.2944 	EXP 	responser: foreColor = (0, 0, 0)
695.3110 	EXP 	responser: foreColor = (0, 0, 0)
695.3277 	EXP 	responser: foreColor = (0, 0, 0)
695.3444 	EXP 	responser: foreColor = (0, 0, 0)
695.3611 	EXP 	responser: foreColor = (0, 0, 0)
695.3777 	EXP 	responser: foreColor = (0, 0, 0)
695.3944 	EXP 	responser: foreColor = (0, 0, 0)
695.4110 	EXP 	responser: foreColor = (0, 0, 0)
695.4277 	EXP 	responser: foreColor = (0, 0, 0)
695.4444 	EXP 	responser: foreColor = (0, 0, 0)
695.4610 	EXP 	responser: foreColor = (0, 0, 0)
695.4777 	EXP 	responser: foreColor = (0, 0, 0)
695.4944 	EXP 	responser: foreColor = (0, 0, 0)
695.5110 	EXP 	responser: foreColor = (0, 0, 0)
695.5277 	EXP 	responser: foreColor = (0, 0, 0)
695.5444 	EXP 	responser: foreColor = (0, 0, 0)
695.5610 	EXP 	responser: foreColor = (0, 0, 0)
695.5777 	EXP 	responser: foreColor = (0, 0, 0)
695.5944 	EXP 	responser: foreColor = (0, 0, 0)
695.6111 	EXP 	responser: foreColor = (0, 0, 0)
695.6277 	EXP 	responser: foreColor = (0, 0, 0)
695.6444 	EXP 	responser: foreColor = (0, 0, 0)
695.6611 	EXP 	responser: foreColor = (0, 0, 0)
695.6777 	EXP 	responser: foreColor = (0, 0, 0)
695.6944 	EXP 	responser: foreColor = (0, 0, 0)
695.7111 	EXP 	responser: foreColor = (0, 0, 0)
695.7277 	EXP 	responser: foreColor = (0, 0, 0)
695.7444 	EXP 	responser: foreColor = (0, 0, 0)
695.7611 	EXP 	responser: foreColor = (0, 0, 0)
695.7777 	EXP 	responser: foreColor = (0, 0, 0)
695.7944 	EXP 	responser: foreColor = (0, 0, 0)
695.8111 	EXP 	responser: foreColor = (0, 0, 0)
695.8277 	EXP 	responser: foreColor = (0, 0, 0)
695.8444 	EXP 	responser: foreColor = (0, 0, 0)
695.8611 	EXP 	responser: foreColor = (0, 0, 0)
695.8777 	EXP 	responser: foreColor = (0, 0, 0)
695.8777 	EXP 	thermode_locali_pic: autoDraw = False
695.8944 	EXP 	responser: foreColor = (0, 0, 0)
695.9111 	EXP 	responser: foreColor = (0, 0, 0)
695.9277 	EXP 	responser: foreColor = (0, 0, 0)
695.9444 	EXP 	responser: foreColor = (0, 0, 0)
695.9611 	EXP 	responser: foreColor = (0, 0, 0)
695.9777 	EXP 	responser: foreColor = (0, 0, 0)
695.9944 	EXP 	responser: foreColor = (0, 0, 0)
696.0111 	EXP 	responser: foreColor = (0, 0, 0)
696.0277 	EXP 	responser: foreColor = (0, 0, 0)
696.0444 	EXP 	responser: foreColor = (0, 0, 0)
696.0611 	EXP 	responser: foreColor = (0, 0, 0)
696.0777 	EXP 	responser: foreColor = (0, 0, 0)
696.0944 	EXP 	responser: foreColor = (0, 0, 0)
696.1111 	EXP 	responser: foreColor = (0, 0, 0)
696.1277 	EXP 	responser: foreColor = (0, 0, 0)
696.1444 	EXP 	responser: foreColor = (0, 0, 0)
696.1610 	EXP 	responser: foreColor = (0, 0, 0)
696.1777 	EXP 	responser: foreColor = (0, 0, 0)
696.1944 	EXP 	responser: foreColor = (0, 0, 0)
696.2111 	EXP 	responser: foreColor = (0, 0, 0)
696.2277 	EXP 	responser: foreColor = (0, 0, 0)
696.2444 	EXP 	responser: foreColor = (0, 0, 0)
696.2611 	EXP 	responser: foreColor = (0, 0, 0)
696.2777 	EXP 	responser: foreColor = (0, 0, 0)
696.2944 	EXP 	responser: foreColor = (0, 0, 0)
696.3111 	EXP 	responser: foreColor = (0, 0, 0)
696.3277 	EXP 	responser: foreColor = (0, 0, 0)
696.3444 	EXP 	responser: foreColor = (0, 0, 0)
696.3611 	EXP 	responser: foreColor = (0, 0, 0)
696.3777 	EXP 	responser: foreColor = (0, 0, 0)
696.3944 	EXP 	responser: foreColor = (0, 0, 0)
696.4111 	EXP 	responser: foreColor = (0, 0, 0)
696.4277 	EXP 	responser: foreColor = (0, 0, 0)
696.4444 	EXP 	responser: foreColor = (0, 0, 0)
696.4611 	EXP 	responser: foreColor = (0, 0, 0)
696.4777 	EXP 	responser: foreColor = (0, 0, 0)
696.4944 	EXP 	responser: foreColor = (0, 0, 0)
696.5111 	EXP 	responser: foreColor = (0, 0, 0)
696.5277 	EXP 	responser: foreColor = (0, 0, 0)
696.5444 	EXP 	responser: foreColor = (0, 0, 0)
696.5611 	EXP 	responser: foreColor = (0, 0, 0)
696.5777 	EXP 	responser: foreColor = (0, 0, 0)
696.5944 	EXP 	responser: foreColor = (0, 0, 0)
696.6111 	EXP 	responser: foreColor = (0, 0, 0)
696.6277 	EXP 	responser: foreColor = (0, 0, 0)
696.6444 	EXP 	responser: foreColor = (0, 0, 0)
696.6453 	EXP 	New trial (rep=31, index=0): None
696.6611 	EXP 	responser: foreColor = (0, 0, 0)
696.6611 	EXP 	responsel: autoDraw = False
696.6611 	EXP 	percu_or: autoDraw = False
696.6611 	EXP 	responser: autoDraw = False
696.6611 	EXP 	thermode_locali_pic: autoDraw = False
696.6611 	EXP 	responsel: autoDraw = False
696.6611 	EXP 	percu_or: autoDraw = False
696.6611 	EXP 	responser: autoDraw = False
696.6611 	EXP 	responsel: foreColor = 'white'
696.6611 	EXP 	responser: foreColor = 'white'
696.6611 	EXP 	text_pic: autoDraw = True
696.6611 	EXP 	croix_3: autoDraw = True
701.6611 	EXP 	text_pic: autoDraw = False
701.6611 	EXP 	croix_3: autoDraw = False
701.6611 	EXP 	text_pic: autoDraw = False
701.6611 	EXP 	croix_3: autoDraw = False
701.6611 	EXP 	thermode_locali_pic: height = 0.02
701.6611 	EXP 	thermode_locali_pic: height = 0.02
701.6611 	EXP 	thermode_locali_pic: height = 0.02
701.6611 	EXP 	thermode_locali_pic: text = 'T : 3'
701.6611 	EXP 	responsel: text = 'NON              '
701.6611 	EXP 	thermode_locali_pic: autoDraw = True
709.6445 	EXP 	responsel: autoDraw = True
709.6445 	EXP 	percu_or: autoDraw = True
709.6445 	EXP 	responser: autoDraw = True
710.2791 	DATA 	Keypress: n
710.3111 	EXP 	responser: foreColor = (0, 0, 0)
710.3278 	EXP 	responser: foreColor = (0, 0, 0)
710.3445 	EXP 	responser: foreColor = (0, 0, 0)
710.3611 	EXP 	responser: foreColor = (0, 0, 0)
710.3778 	EXP 	responser: foreColor = (0, 0, 0)
710.3944 	EXP 	responser: foreColor = (0, 0, 0)
710.4111 	EXP 	responser: foreColor = (0, 0, 0)
710.4278 	EXP 	responser: foreColor = (0, 0, 0)
710.4445 	EXP 	responser: foreColor = (0, 0, 0)
710.4611 	EXP 	responser: foreColor = (0, 0, 0)
710.4778 	EXP 	responser: foreColor = (0, 0, 0)
710.4945 	EXP 	responser: foreColor = (0, 0, 0)
710.5111 	EXP 	responser: foreColor = (0, 0, 0)
710.5280 	EXP 	responser: foreColor = (0, 0, 0)
710.5446 	EXP 	responser: foreColor = (0, 0, 0)
710.5613 	EXP 	responser: foreColor = (0, 0, 0)
710.5780 	EXP 	responser: foreColor = (0, 0, 0)
710.5946 	EXP 	responser: foreColor = (0, 0, 0)
710.6111 	EXP 	responser: foreColor = (0, 0, 0)
710.6278 	EXP 	responser: foreColor = (0, 0, 0)
710.6445 	EXP 	responser: foreColor = (0, 0, 0)
710.6611 	EXP 	responser: foreColor = (0, 0, 0)
710.6778 	EXP 	responser: foreColor = (0, 0, 0)
710.6944 	EXP 	responser: foreColor = (0, 0, 0)
710.7111 	EXP 	responser: foreColor = (0, 0, 0)
710.7278 	EXP 	responser: foreColor = (0, 0, 0)
710.7445 	EXP 	responser: foreColor = (0, 0, 0)
710.7611 	EXP 	responser: foreColor = (0, 0, 0)
710.7778 	EXP 	responser: foreColor = (0, 0, 0)
710.7945 	EXP 	responser: foreColor = (0, 0, 0)
710.8112 	EXP 	responser: foreColor = (0, 0, 0)
710.8278 	EXP 	responser: foreColor = (0, 0, 0)
710.8445 	EXP 	responser: foreColor = (0, 0, 0)
710.8611 	EXP 	responser: foreColor = (0, 0, 0)
710.8778 	EXP 	responser: foreColor = (0, 0, 0)
710.8945 	EXP 	responser: foreColor = (0, 0, 0)
710.9111 	EXP 	responser: foreColor = (0, 0, 0)
710.9278 	EXP 	responser: foreColor = (0, 0, 0)
710.9445 	EXP 	responser: foreColor = (0, 0, 0)
710.9611 	EXP 	responser: foreColor = (0, 0, 0)
710.9778 	EXP 	responser: foreColor = (0, 0, 0)
710.9945 	EXP 	responser: foreColor = (0, 0, 0)
711.0111 	EXP 	responser: foreColor = (0, 0, 0)
711.0278 	EXP 	responser: foreColor = (0, 0, 0)
711.0445 	EXP 	responser: foreColor = (0, 0, 0)
711.0611 	EXP 	responser: foreColor = (0, 0, 0)
711.0778 	EXP 	responser: foreColor = (0, 0, 0)
711.0945 	EXP 	responser: foreColor = (0, 0, 0)
711.1112 	EXP 	responser: foreColor = (0, 0, 0)
711.1278 	EXP 	responser: foreColor = (0, 0, 0)
711.1445 	EXP 	responser: foreColor = (0, 0, 0)
711.1611 	EXP 	responser: foreColor = (0, 0, 0)
711.1778 	EXP 	responser: foreColor = (0, 0, 0)
711.1945 	EXP 	responser: foreColor = (0, 0, 0)
711.2111 	EXP 	responser: foreColor = (0, 0, 0)
711.2278 	EXP 	responser: foreColor = (0, 0, 0)
711.2445 	EXP 	responser: foreColor = (0, 0, 0)
711.2611 	EXP 	responser: foreColor = (0, 0, 0)
711.2778 	EXP 	responser: foreColor = (0, 0, 0)
711.2945 	EXP 	responser: foreColor = (0, 0, 0)
711.3111 	EXP 	responser: foreColor = (0, 0, 0)
711.3278 	EXP 	responser: foreColor = (0, 0, 0)
711.3445 	EXP 	responser: foreColor = (0, 0, 0)
711.3611 	EXP 	responser: foreColor = (0, 0, 0)
711.3778 	EXP 	responser: foreColor = (0, 0, 0)
711.3945 	EXP 	responser: foreColor = (0, 0, 0)
711.4111 	EXP 	responser: foreColor = (0, 0, 0)
711.4278 	EXP 	responser: foreColor = (0, 0, 0)
711.4445 	EXP 	responser: foreColor = (0, 0, 0)
711.4612 	EXP 	responser: foreColor = (0, 0, 0)
711.4778 	EXP 	responser: foreColor = (0, 0, 0)
711.4945 	EXP 	responser: foreColor = (0, 0, 0)
711.5111 	EXP 	responser: foreColor = (0, 0, 0)
711.5278 	EXP 	responser: foreColor = (0, 0, 0)
711.5445 	EXP 	responser: foreColor = (0, 0, 0)
711.5611 	EXP 	responser: foreColor = (0, 0, 0)
711.5778 	EXP 	responser: foreColor = (0, 0, 0)
711.5945 	EXP 	responser: foreColor = (0, 0, 0)
711.6111 	EXP 	responser: foreColor = (0, 0, 0)
711.6278 	EXP 	responser: foreColor = (0, 0, 0)
711.6445 	EXP 	responser: foreColor = (0, 0, 0)
711.6611 	EXP 	responser: foreColor = (0, 0, 0)
711.6778 	EXP 	responser: foreColor = (0, 0, 0)
711.6945 	EXP 	responser: foreColor = (0, 0, 0)
711.7111 	EXP 	responser: foreColor = (0, 0, 0)
711.7278 	EXP 	responser: foreColor = (0, 0, 0)
711.7445 	EXP 	responser: foreColor = (0, 0, 0)
711.7612 	EXP 	responser: foreColor = (0, 0, 0)
711.7778 	EXP 	responser: foreColor = (0, 0, 0)
711.7945 	EXP 	responser: foreColor = (0, 0, 0)
711.8111 	EXP 	responser: foreColor = (0, 0, 0)
711.8279 	EXP 	responser: foreColor = (0, 0, 0)
711.8445 	EXP 	responser: foreColor = (0, 0, 0)
711.8611 	EXP 	responser: foreColor = (0, 0, 0)
711.8611 	EXP 	thermode_locali_pic: autoDraw = False
711.8778 	EXP 	responser: foreColor = (0, 0, 0)
711.8945 	EXP 	responser: foreColor = (0, 0, 0)
711.9111 	EXP 	responser: foreColor = (0, 0, 0)
711.9278 	EXP 	responser: foreColor = (0, 0, 0)
711.9445 	EXP 	responser: foreColor = (0, 0, 0)
711.9611 	EXP 	responser: foreColor = (0, 0, 0)
711.9778 	EXP 	responser: foreColor = (0, 0, 0)
711.9945 	EXP 	responser: foreColor = (0, 0, 0)
712.0111 	EXP 	responser: foreColor = (0, 0, 0)
712.0278 	EXP 	responser: foreColor = (0, 0, 0)
712.0445 	EXP 	responser: foreColor = (0, 0, 0)
712.0612 	EXP 	responser: foreColor = (0, 0, 0)
712.0778 	EXP 	responser: foreColor = (0, 0, 0)
712.0945 	EXP 	responser: foreColor = (0, 0, 0)
712.1111 	EXP 	responser: foreColor = (0, 0, 0)
712.1279 	EXP 	responser: foreColor = (0, 0, 0)
712.1445 	EXP 	responser: foreColor = (0, 0, 0)
712.1611 	EXP 	responser: foreColor = (0, 0, 0)
712.1778 	EXP 	responser: foreColor = (0, 0, 0)
712.1945 	EXP 	responser: foreColor = (0, 0, 0)
712.2111 	EXP 	responser: foreColor = (0, 0, 0)
712.2278 	EXP 	responser: foreColor = (0, 0, 0)
712.2445 	EXP 	responser: foreColor = (0, 0, 0)
712.2611 	EXP 	responser: foreColor = (0, 0, 0)
712.2778 	EXP 	responser: foreColor = (0, 0, 0)
712.2945 	EXP 	responser: foreColor = (0, 0, 0)
712.3111 	EXP 	responser: foreColor = (0, 0, 0)
712.3278 	EXP 	responser: foreColor = (0, 0, 0)
712.3445 	EXP 	responser: foreColor = (0, 0, 0)
712.3612 	EXP 	responser: foreColor = (0, 0, 0)
712.3778 	EXP 	responser: foreColor = (0, 0, 0)
712.3945 	EXP 	responser: foreColor = (0, 0, 0)
712.4111 	EXP 	responser: foreColor = (0, 0, 0)
712.4279 	EXP 	responser: foreColor = (0, 0, 0)
712.4445 	EXP 	responser: foreColor = (0, 0, 0)
712.4611 	EXP 	responser: foreColor = (0, 0, 0)
712.4778 	EXP 	responser: foreColor = (0, 0, 0)
712.4945 	EXP 	responser: foreColor = (0, 0, 0)
712.5111 	EXP 	responser: foreColor = (0, 0, 0)
712.5278 	EXP 	responser: foreColor = (0, 0, 0)
712.5445 	EXP 	responser: foreColor = (0, 0, 0)
712.5611 	EXP 	responser: foreColor = (0, 0, 0)
712.5778 	EXP 	responser: foreColor = (0, 0, 0)
712.5945 	EXP 	responser: foreColor = (0, 0, 0)
712.6112 	EXP 	responser: foreColor = (0, 0, 0)
712.6278 	EXP 	responser: foreColor = (0, 0, 0)
712.6445 	EXP 	responser: foreColor = (0, 0, 0)
712.6445 	EXP 	responsel: autoDraw = False
712.6445 	EXP 	percu_or: autoDraw = False
712.6445 	EXP 	responser: autoDraw = False
712.6445 	EXP 	thermode_locali_pic: autoDraw = False
712.6445 	EXP 	responsel: autoDraw = False
712.6445 	EXP 	percu_or: autoDraw = False
712.6445 	EXP 	responser: autoDraw = False
712.6445 	EXP 	responsel: foreColor = 'white'
712.6445 	EXP 	responser: foreColor = 'white'
712.6445 	EXP 	text: autoDraw = True
718.7446 	EXP 	text: autoDraw = False
718.7446 	EXP 	text: autoDraw = False
718.7447 	EXP 	2024_RDpaindiscrimination_QUEST: status = STOPPED
718.9836 	EXP 	window1: mouseVisible = True
