,n,r,CI95%,p-val,BF10,power
pearson,28,0.22305632625866886,[-0.16  0.55],0.25389592208914163,0.436,0.20997297151543542
