,n,r,CI95%,p-val,BF10,power
pearson,27,0.3539085538690522,[-0.03  0.65],0.0701296596994051,1.136,0.4525772754175089
