,n,r,CI95%,p-val,BF10,power
pearson,28,0.5825996174130899,[0.27 0.79],0.0011416276619438848,35.859,0.9223744092911017
