,n,r,CI95%,p-val,BF10,power
pearson,28,0.13944355614493725,[-0.25  0.49],0.4791351451113869,0.298,0.10934463846793557
