,n,r,CI95%,p-val,BF10,power
pearson,27,0.22745748710935285,[-0.17  0.56],0.25386482907089486,0.444,0.21008830492986363
