,n,r,CI95%,p-val,BF10,power
pearson,27,0.2212553652084953,[-0.17  0.55],0.2673907303690298,0.429,0.20094960063027353
