,n,r,CI95%,p-val,BF10,power
pearson,28,0.2212362492203802,[-0.17  0.55],0.25789164441336143,0.432,0.2072143001437558
