,n,r,CI95%,p-val,BF10,power
pearson,28,0.2648649159432913,[-0.12  0.58],0.1731640272732206,0.568,0.28019720757313926
