,n,r,CI95%,p-val,BF10,power
pearson,27,0.3154838207484264,[-0.07  0.62],0.10893978364187264,0.811,0.3689820076352446
