,n,r,CI95%,p-val,BF10,power
pearson,27,0.1364661180695909,[-0.26  0.49],0.49730818452335834,0.298,0.10442791550308536
