,n,r,CI95%,p-val,BF10,power
pearson,27,0.5048178130183021,[0.15 0.74],0.007241934561642047,7.332,0.7896905528172677
