,n,r,CI95%,p-val,BF10,power
pearson,27,0.06476776655500954,[-0.32  0.43],0.7482440497495264,0.251,0.06144967605303985
