,age,n_male,n_female
count,28.0,7,21
mean,27.357142857142858,7,21
std,9.109271978530227,7,21
min,19.0,7,21
25%,21.0,7,21
50%,23.5,7,21
75%,33.0,7,21
max,52.0,7,21
