,Source,SS,ddof1,ddof2,MS,F,p-unc,p-GG-corr,ng2,eps
0,condition,2688.7617187499873,1,26,2688.7617187499873,145.78837694288174,3.655288676608225e-12,3.655288676608225e-12,0.10351557481624604,1.0
1,block,207.9862557870369,1,26,207.9862557870369,3.7072519167253843,0.06518037788602801,0.06518037788602801,0.008852856070956103,1.0
2,condition * block,1.7825520833303585,1,26,1.7825520833303585,0.053318912829764066,0.819192999863052,0.819192999863052,7.654549158938941e-05,1.0
