,Source,SS,ddof1,ddof2,MS,F,p-unc,p-GG-corr,ng2,eps
0,condition,2796.251255580344,1,27,2796.251255580344,157.3984223374021,8.907793560256706e-13,8.907793560256706e-13,0.10648958045578079,1.0
1,block,168.4990234375,1,27,168.4990234375,2.959554262125438,0.09681494822853336,0.09681494822853336,0.007130514285644156,1.0
2,condition * block,9.649693080355974,1,27,9.649693080355974,0.2737898493729853,0.6050689863196366,0.6050689863196366,0.0004111177425962863,1.0
