,Source,SS,ddof1,ddof2,MS,F,p-unc,p-GG-corr,ng2,eps
0,condition,0.04424932175251092,1,27,0.04424932175251092,2.5806322004018147,0.11981208814248244,0.11981208814248244,0.012353616759854405,1.0
1,block,0.0053462605280206205,1,27,0.0053462605280206205,0.2534341071321404,0.6187499603448128,0.6187499603448128,0.0015089689902407786,1.0
2,condition * block,0.0017323149497890222,1,27,0.0017323149497890222,0.10316071503325677,0.7505422227933828,0.7505422227933828,0.0004894409111822663,1.0
