,Source,SS,ddof1,ddof2,MS,F,p-unc,p-GG-corr,ng2,eps
0,condition,0.023738990194843518,1,26,0.023738990194843518,1.5997663340810533,0.21715618388118768,0.21715618388118768,0.007404810461063878,1.0
1,block,0.012220030759217166,1,26,0.012220030759217166,0.6022660986909563,0.4447172979540164,0.4447172979540164,0.0038254916864441874,1.0
2,condition * block,0.002960771499957939,1,26,0.002960771499957939,0.17173089223950136,0.6819772086410907,0.6819772086410907,0.0009295666571392305,1.0
