,T,dof,alternative,p-val,CI95%,cohen-d,BF10,power
T-test,-2.7382319490682034,26,two-sided,0.01100028844487044,[-0.6  -0.09],0.5410821444438685,4.303,0.7723048759004899
