,T,dof,alternative,p-val,CI95%,cohen-d,BF10,power
T-test,-12.07428577361321,26,two-sided,3.655288676609169e-12,[-11.68  -8.28],0.7029719762542407,2.268e+09,0.9400075342032104
