,T,dof,alternative,p-val,CI95%,cohen-d,BF10,power
T-test,-12.545852794346159,27,two-sided,8.907793560255912e-13,[-11.63  -8.36],0.7171117626769832,8.753e+09,0.9551058093249416
