,T,dof,alternative,p-val,CI95%,cohen-d,BF10,power
T-test,1.3221873210526032,26,two-sided,0.19762032485339082,[-0.02  0.08],0.213438386257018,0.445,0.18754682641624673
