,T,dof,alternative,p-val,CI95%,cohen-d,BF10,power
T-test,1.660676436499097,27,two-sided,0.10834922947688548,[-0.01  0.09],0.2698468725262584,0.676,0.2804872135542482
