,T,dof,alternative,p-val,CI95%,cohen-d,BF10,power
T-test,1.3215219340617888,26,two-sided,0.19783884924093717,[-0.11  0.49],0.2145402017570588,0.445,0.18900624283774045
