,T,dof,alternative,p-val,CI95%,cohen-d,BF10,power
T-test,1.6319914187413014,27,two-sided,0.11429173767868363,[-0.06  0.55],0.2610084618826449,0.65,0.265585208547499
