,T,dof,alternative,p-val,CI95%,cohen-d,BF10,power
T-test,-0.9199766798449056,26,two-sided,0.3660422278024035,[-0.32  0.12],0.186523059708066,0.299,0.15429612727590367
