,T,dof,alternative,p-val,CI95%,cohen-d,BF10,power
T-test,-2.7840778104698187,27,two-sided,0.009686001396954308,[-0.58 -0.09],0.5396095643331003,4.733,0.785983562323379
