,T,dof,alternative,p-val,CI95%,cohen-d,BF10,power
T-test,-0.9822475759343945,27,two-sided,0.3346982617820695,[-0.31  0.11],0.19561335655724546,0.311,0.16972443180307847
