,p_val,t_low_bound,p_low_bound,df_low_bound,t_high_bound,p_high_bound,df_high_bound,mean_diff,cohen_dz_bounds,sd_diff,raw_diff,n_participants
0,0.15969533913809772,3.6595200561053196,0.0005643231776942222,26.0,-1.0151454140001137,0.15969533913809772,26.0,0.030886243386243382,0.45,0.12138191453232833,0.05462186153954775,27
