,p_val,t_low_bound,p_low_bound,df_low_bound,t_high_bound,p_high_bound,df_high_bound,mean_diff,cohen_dz_bounds,sd_diff,raw_diff,n_participants
0,0.23879994675274435,4.041538061073479,0.0001982400099603323,27.0,-0.7201851880752845,0.23879994675274435,27.0,0.040943877551020406,0.45,0.13046167854232602,0.05870775534404671,28
