,n,r,CI95%,p-val,BF10,power
pearson,53,0.07613086187789563,[-0.2   0.34],0.5879477610262428,0.198,0.08418745402536702
