,n,r,CI95%,p-val,BF10,power
pearson,48,0.24476992762260236,[-0.04  0.49],0.0935957555973983,0.704,0.3939723817901548
