,n,r,CI95%,p-val,BF10,power
pearson,48,0.25280178097658546,[-0.03  0.5 ],0.08299322342053181,0.774,0.4164264481247294
