,n,r,CI95%,p-val,BF10,power
pearson,53,-0.029893349762085193,[-0.3   0.24],0.8317287341331512,0.175,0.05492036749235008
