,n,r,CI95%,p-val,BF10,power
pearson,53,0.10179814247534569,[-0.17  0.36],0.4682573590009449,0.221,0.1122919438171639
