,n,r,CI95%,p-val,BF10,power
pearson,53,-0.004066608512603109,[-0.27  0.27],0.976944735649936,0.171,0.04979912071091224
