,n,r,CI95%,p-val,BF10,power
pearson,50,0.276714027647825,[-0.    0.52],0.05173335619340587,1.109,0.5018481317871075
