,n,r,CI95%,p-val,BF10,power
pearson,50,0.07068741311088879,[-0.21  0.34],0.6256885499605728,0.198,0.07755326878653007
