,n,r,CI95%,p-val,BF10,power
pearson,50,0.0938475450228297,[-0.19  0.36],0.5168226088930405,0.216,0.09942864899592553
