,n,r,CI95%,p-val,BF10,power
pearson,50,0.03600027486483053,[-0.24  0.31],0.803977938439825,0.182,0.056815253086304265
