,n,r,CI95%,p-val,BF10,power
pearson,50,0.21246903095205438,[-0.07  0.46],0.13851178429505367,0.512,0.31993299131580016
