,n,r,CI95%,p-val,BF10,power
pearson,53,0.2521990727990271,[-0.02  0.49],0.06848090012279948,0.862,0.4512333012954469
