,n,r,CI95%,p-val,BF10,power
pearson,50,0.004668024769906186,[-0.27  0.28],0.9743339228000591,0.176,0.04980484888179873
