,n,r,CI95%,p-val,BF10,power
pearson,50,0.1312295309597651,[-0.15  0.4 ],0.3636670201803156,0.263,0.14919074326661436
