,age,n_male,n_female
count,53.0,16,36
mean,27.62264150943396,16,36
std,9.29686964498998,16,36
min,19.0,16,36
25%,21.0,16,36
50%,24.0,16,36
75%,31.0,16,36
max,58.0,16,36
