,Source,SS,ddof1,ddof2,MS,F,p-unc,p-GG-corr,ng2,eps
0,condition,1412.6535966981007,1,52,1412.6535966981007,28.392274304774,2.1611508783224037e-06,2.1611508783224037e-06,0.028495005789990577,1.0
1,block,318.8679245283014,1,52,318.8679245283014,5.598440090991379,0.021737811713439498,0.021737811713439498,0.0065770787782988855,1.0
2,condition * block,1.2841981132102092,1,52,1.2841981132102092,0.03656148492785754,0.8491052584165342,0.8491052584165342,2.6662967312628584e-05,1.0
