,Source,SS,ddof1,ddof2,MS,F,p-unc,p-GG-corr,ng2,eps
0,condition,0.009308283061652229,1,52,0.009308283061652229,0.5289067841677377,0.470328572591032,0.470328572591032,0.0014606813001951677,1.0
1,block,0.009950049202070911,1,52,0.009950049202070911,0.45536475989989317,0.5027876841598244,0.5027876841598244,0.0015612317745281133,1.0
2,condition * block,0.005906922517434632,1,52,0.005906922517434632,0.3236463608168909,0.5718735970820266,0.5718735970820266,0.0009274254916058314,1.0
