,Source,SS,ddof1,ddof2,MS,F,p-unc,p-GG-corr,ng2,eps
0,condition,0.0014032383786847502,1,49,0.0014032383786847502,0.08491064047066518,0.7719797861996821,0.7719797861996821,0.00024129941364028267,1.0
1,block,0.01669660572562379,1,49,0.01669660572562379,0.7695846007124696,0.38462658874003874,0.38462658874003874,0.002863600186736094,1.0
2,condition * block,0.0049406533446711455,1,49,0.0049406533446711455,0.2601753730298968,0.6122897371209313,0.6122897371209313,0.0008490731329653789,1.0
