,Source,SS,ddof1,ddof2,MS,F,p-unc,p-GG-corr,ng2,eps
0,condition,1399.204999999988,1,49,1399.204999999988,27.64116272234178,3.180942238360958e-06,3.180942238360958e-06,0.028778125535357038,1.0
1,block,337.350312500001,1,49,337.350312500001,5.740884093386594,0.020437429672918856,0.020437429672918856,0.007093363717965807,1.0
2,condition * block,1.9012500000013688,1,49,1.9012500000013688,0.056987080244669176,0.8123185607000942,0.8123185607000942,4.0260989149004394e-05,1.0
