,T,dof,alternative,p-val,CI95%,cohen-d,BF10,power
T-test,0.32631239458423283,49,two-sided,0.745577668037825,[-0.03  0.04],0.042619062476800404,0.162,0.06006203362488018
