,T,dof,alternative,p-val,CI95%,cohen-d,BF10,power
T-test,-2.9689957398049764,52,two-sided,0.004510672849879686,[-0.47 -0.09],0.40819228760331566,7.342,0.8305706418542196
