,T,dof,alternative,p-val,CI95%,cohen-d,BF10,power
T-test,-2.5561106941672564,49,two-sided,0.013736396340754069,[-0.44 -0.05],0.3529473186606308,2.863,0.6867325622875927
