,T,dof,alternative,p-val,CI95%,cohen-d,BF10,power
T-test,-0.8340368314401859,49,two-sided,0.4083078475249807,[-0.19  0.08],0.11692031239712289,0.214,0.12800823850734672
