,T,dof,alternative,p-val,CI95%,cohen-d,BF10,power
T-test,-5.257486350181214,49,two-sided,3.180942238360945e-06,[-7.31 -3.27],0.35837176786956004,5554.901,0.6999290331765574
