,T,dof,alternative,p-val,CI95%,cohen-d,BF10,power
T-test,-1.1411621594210242,52,two-sided,0.2590306949910062,[-0.2   0.06],0.1565153951878129,0.277,0.20107864912185983
