,T,dof,alternative,p-val,CI95%,cohen-d,BF10,power
T-test,0.7605717470017624,52,two-sided,0.45034796893279394,[-0.02  0.05],0.0968764188252864,0.197,0.1064601190013289
