,T,dof,alternative,p-val,CI95%,cohen-d,BF10,power
T-test,-5.328440138049222,52,two-sided,2.1611508783223825e-06,[-7.11 -3.22],0.3575145604565854,7869.6,0.7238995992428118
