,T,dof,alternative,p-val,CI95%,cohen-d,BF10,power
T-test,0.7392803729628495,52,two-sided,0.4630610572084708,[-0.14  0.31],0.09350229558239354,0.194,0.10251325021747379
