,T,dof,alternative,p-val,CI95%,cohen-d,BF10,power
T-test,0.3339343985307096,49,two-sided,0.739854038960368,[-0.19  0.26],0.043674907829132664,0.162,0.060569786152563324
