,p_val,t_low_bound,p_low_bound,df_low_bound,t_high_bound,p_high_bound,df_high_bound,mean_diff,cohen_dz_bounds,sd_diff,raw_diff,n_participants
0,0.0075565588005010766,4.034042937464862,9.01470622990845e-05,52.0,-2.512899443461337,0.0075565588005010766,52.0,0.013847708894878704,0.45,0.132548760674975,0.05964694230373876,53
