11.8672 	EXP 	Created window1 = Window(allowGUI=True, allowStencil=False, autoLog=True, backendConf=UNKNOWN, backgroundFit=<method-wrapper '__getattribute__' of attributeSetter object at 0x0000011B195B5C40>, backgroundImage=<method-wrapper '__getattribute__' of attributeSetter object at 0x0000011B195B5BE0>, bitsMode=UNKNOWN, blendMode='avg', bpc=(8, 8, 8), color='0', colorSpace='named', depthBits=8, fullscr=<method-wrapper '__getattribute__' of attributeSetter object at 0x0000011B195B5A30>, gamma=None, gammaErrorPolicy='raise', lms=UNKNOWN, monitor=<psychopy.monitors.calibTools.Monitor object at 0x0000011B197E8C10>, multiSample=False, name='window1', numSamples=2, pos=(0, 0), screen=0, size=array([1920, 1080]), stencilBits=0, stereo=False, title='PsychoPy', units='height', useFBO=True, useRetina=False, viewOri=0.0, viewPos=None, viewScale=None, waitBlanking=True, winType='pyglet')
11.8673 	EXP 	window1: mouseVisible = True
11.8673 	EXP 	window1: backgroundImage = ''
11.8673 	EXP 	window1: backgroundFit = 'none'
11.8680 	EXP 	window1: Attempting to measure frame rate of screen (0) ...
11.8680 	EXP 	window1: recordFrameIntervals = False
12.0338 	EXP 	window1: recordFrameIntervals = True
12.2172 	EXP 	Screen (0) actual frame rate measured at 59.99Hz
12.2172 	EXP 	window1: recordFrameIntervals = False
12.2172 	EXP 	window1: mouseVisible = False
12.3059 	EXP 	2024_RDpaindiscrimination_QUEST: status = STARTED
12.7644 	EXP 	window1: mouseVisible = True
12.7675 	EXP 	Created polygon = Circle(__class__=<class 'psychopy.visual.circle.Circle'>, anchor=('center', 'center'), autoDraw=False, autoLog=True, closeShape=True, color=method-wrapper(...), colorSpace='rgb', contrast=None, depth=-1.0, draggable=False, fillColor=array([1, 1, 1]), fillColorSpace='rgb', fillRGB=array([1, 1, 1]), interpolate=True, lineColor=array([1., 1., 1.]), lineColorSpace='rgb', lineRGB=array([1, 1, 1]), lineWidth=1.0, name='polygon', opacity=1.0, ori=0.0, pos=array([0., 0.]), size=array([0.5, 0.5]), units='height', vertices=ndarray(...), win=Window(...))
12.7689 	EXP 	window1: mouseVisible = True
12.7715 	EXP 	Created polygon_1_black = Circle(__class__=<class 'psychopy.visual.circle.Circle'>, anchor=('center', 'center'), autoDraw=False, autoLog=True, closeShape=True, color=method-wrapper(...), colorSpace='rgb', contrast=None, depth=-1.0, draggable=False, fillColor=array([-0.5, -0.5, -0.5]), fillColorSpace='rgb', fillRGB=array([-0.5, -0.5, -0.5]), interpolate=True, lineColor=array([-0.5, -0.5, -0.5]), lineColorSpace='rgb', lineRGB=array([-0.5, -0.5, -0.5]), lineWidth=1.0, name='polygon_1_black', opacity=1.0, ori=0.0, pos=array([0., 0.]), size=array([0.4, 0.4]), units='height', vertices=ndarray(...), win=Window(...))
12.7716 	EXP 	window1: mouseVisible = True
12.8161 	EXP 	Created text_bonjour = TextStim(__class__=<class 'psychopy.visual.text.TextStim'>, alignHoriz=method-wrapper(...), alignText='center', alignVert=method-wrapper(...), anchorHoriz='center', anchorVert='center', antialias=True, autoDraw=False, autoLog=True, bold=False, color=array([1., 1., 1.]), colorSpace='rgb', contrast=1.0, depth=-1.0, draggable=False, flipHoriz=False, flipVert=False, font='Open Sans', fontFiles=[], height=0.05, italic=False, languageStyle='LTR', name='text_bonjour', opacity=1.0, ori=0.0, pos=array([0., 0.]), rgb=UNKNOWN, text=str(...), units='height', win=Window(...), wrapWidth=1)
12.8162 	EXP 	window1: mouseVisible = True
12.8170 	EXP 	Created text_pic = TextStim(__class__=<class 'psychopy.visual.text.TextStim'>, alignHoriz=method-wrapper(...), alignText='center', alignVert=method-wrapper(...), anchorHoriz='center', anchorVert='center', antialias=True, autoDraw=False, autoLog=True, bold=False, color=array([1., 1., 1.]), colorSpace='rgb', contrast=1.0, depth=-1.0, draggable=False, flipHoriz=False, flipVert=False, font='Open Sans', fontFiles=[], height=0.02, italic=False, languageStyle='LTR', name='text_pic', opacity=1.0, ori=0.0, pos=array([-0.7 , -0.45]), rgb=UNKNOWN, text='', units='height', win=Window(...), wrapWidth=1)
12.8171 	EXP 	window1: mouseVisible = True
12.8203 	EXP 	Created croix_3 = TextStim(__class__=<class 'psychopy.visual.text.TextStim'>, alignHoriz=method-wrapper(...), alignText='center', alignVert=method-wrapper(...), anchorHoriz='center', anchorVert='center', antialias=True, autoDraw=False, autoLog=True, bold=False, color=array([1., 1., 1.]), colorSpace='rgb', contrast=1.0, depth=-2.0, draggable=False, flipHoriz=False, flipVert=False, font='Open Sans', fontFiles=[], height=0.2, italic=False, languageStyle='LTR', name='croix_3', opacity=1.0, ori=0.0, pos=array([0., 0.]), rgb=UNKNOWN, text='+', units='height', win=Window(...), wrapWidth=1)
12.8203 	EXP 	window1: mouseVisible = True
12.8209 	EXP 	Created thermode_locali_pic = TextStim(__class__=<class 'psychopy.visual.text.TextStim'>, alignHoriz=method-wrapper(...), alignText='center', alignVert=method-wrapper(...), anchorHoriz='center', anchorVert='center', antialias=True, autoDraw=False, autoLog=True, bold=False, color=array([1., 1., 1.]), colorSpace='rgb', contrast=1.0, depth=-1.0, draggable=False, flipHoriz=False, flipVert=False, font='Open Sans', fontFiles=[], height=0.02, italic=False, languageStyle='LTR', name='thermode_locali_pic', opacity=1.0, ori=0.0, pos=array([-0.7 , -0.45]), rgb=UNKNOWN, text='', units='height', win=Window(...), wrapWidth=1)
12.8209 	EXP 	window1: mouseVisible = True
12.8217 	EXP 	Created responsel = TextStim(__class__=<class 'psychopy.visual.text.TextStim'>, alignHoriz=method-wrapper(...), alignText='center', alignVert=method-wrapper(...), anchorHoriz='center', anchorVert='center', antialias=True, autoDraw=False, autoLog=True, bold=False, color=array([1., 1., 1.]), colorSpace='rgb', contrast=1.0, depth=-3.0, draggable=False, flipHoriz=False, flipVert=False, font='Open Sans', fontFiles=[], height=0.08, italic=False, languageStyle='LTR', name='responsel', opacity=1.0, ori=0.0, pos=array([0., 0.]), rgb=UNKNOWN, text='', units='height', win=Window(...), wrapWidth=1)
12.8217 	EXP 	window1: mouseVisible = True
12.8294 	EXP 	Created percu_or = TextStim(__class__=<class 'psychopy.visual.text.TextStim'>, alignHoriz=method-wrapper(...), alignText='center', alignVert=method-wrapper(...), anchorHoriz='center', anchorVert='center', antialias=True, autoDraw=False, autoLog=True, bold=False, color=array([1., 1., 1.]), colorSpace='rgb', contrast=1.0, depth=-4.0, draggable=False, flipHoriz=False, flipVert=False, font='Open Sans', fontFiles=[], height=0.05, italic=False, languageStyle='LTR', name='percu_or', opacity=1.0, ori=0.0, pos=array([0. , 0.3]), rgb=UNKNOWN, text='Avez-vous perçu un changement?', units='height', win=Window(...), wrapWidth=1)
12.8295 	EXP 	window1: mouseVisible = True
12.8331 	EXP 	Created responser = TextStim(__class__=<class 'psychopy.visual.text.TextStim'>, alignHoriz=method-wrapper(...), alignText='center', alignVert=method-wrapper(...), anchorHoriz='center', anchorVert='center', antialias=True, autoDraw=False, autoLog=True, bold=False, color=array([1., 1., 1.]), colorSpace='rgb', contrast=1.0, depth=-5.0, draggable=False, flipHoriz=False, flipVert=False, font='Open Sans', fontFiles=[], height=0.08, italic=False, languageStyle='LTR', name='responser', opacity=1.0, ori=0.0, pos=array([0., 0.]), rgb=UNKNOWN, text='              OUI', units='height', win=Window(...), wrapWidth=1)
12.8332 	EXP 	window1: mouseVisible = True
12.8367 	EXP 	Created text = TextStim(__class__=<class 'psychopy.visual.text.TextStim'>, alignHoriz=method-wrapper(...), alignText='center', alignVert=method-wrapper(...), anchorHoriz='center', anchorVert='center', antialias=True, autoDraw=False, autoLog=True, bold=False, color=array([1., 1., 1.]), colorSpace='rgb', contrast=1.0, depth=0.0, draggable=False, flipHoriz=False, flipVert=False, font='Open Sans', fontFiles=[], height=0.05, italic=False, languageStyle='LTR', name='text', opacity=1.0, ori=0.0, pos=array([0., 0.]), rgb=UNKNOWN, text='Calibration terminée.', units='height', win=Window(...), wrapWidth=1)
0.0214 	EXP 	window1: mouseVisible = False
0.0304 	EXP 	text_bonjour: autoDraw = True
126.6654 	EXP 	Created sequence: sequential, trialTypes=1, nReps=40, seed=None
126.6656 	EXP 	New trial (rep=0, index=0): None
126.6690 	DATA 	Keypress: p
126.6818 	EXP 	text_bonjour: autoDraw = False
126.6818 	EXP 	text_pic: autoDraw = True
126.6818 	EXP 	croix_3: autoDraw = True
131.6818 	EXP 	text_pic: autoDraw = False
131.6818 	EXP 	croix_3: autoDraw = False
131.6818 	EXP 	text_pic: autoDraw = False
131.6818 	EXP 	croix_3: autoDraw = False
131.6818 	EXP 	thermode_locali_pic: height = 0.02
131.6818 	EXP 	thermode_locali_pic: height = 0.02
131.6818 	EXP 	thermode_locali_pic: height = 0.02
131.6818 	EXP 	thermode_locali_pic: text = 'T : 0'
131.6818 	EXP 	responsel: height = 0.08
131.6818 	EXP 	responsel: height = 0.08
131.6818 	EXP 	responsel: height = 0.08
131.6818 	EXP 	responsel: text = 'NON              '
131.6818 	EXP 	thermode_locali_pic: autoDraw = True
139.6652 	EXP 	responsel: autoDraw = True
139.6652 	EXP 	percu_or: autoDraw = True
139.6652 	EXP 	responser: autoDraw = True
140.8997 	DATA 	Keypress: m
140.9319 	EXP 	responsel: foreColor = (0, 0, 0)
140.9485 	EXP 	responsel: foreColor = (0, 0, 0)
140.9652 	EXP 	responsel: foreColor = (0, 0, 0)
140.9819 	EXP 	responsel: foreColor = (0, 0, 0)
140.9985 	EXP 	responsel: foreColor = (0, 0, 0)
141.0152 	EXP 	responsel: foreColor = (0, 0, 0)
141.0319 	EXP 	responsel: foreColor = (0, 0, 0)
141.0485 	EXP 	responsel: foreColor = (0, 0, 0)
141.0652 	EXP 	responsel: foreColor = (0, 0, 0)
141.0819 	EXP 	responsel: foreColor = (0, 0, 0)
141.0985 	EXP 	responsel: foreColor = (0, 0, 0)
141.1152 	EXP 	responsel: foreColor = (0, 0, 0)
141.1319 	EXP 	responsel: foreColor = (0, 0, 0)
141.1485 	EXP 	responsel: foreColor = (0, 0, 0)
141.1652 	EXP 	responsel: foreColor = (0, 0, 0)
141.1819 	EXP 	responsel: foreColor = (0, 0, 0)
141.1985 	EXP 	responsel: foreColor = (0, 0, 0)
141.2152 	EXP 	responsel: foreColor = (0, 0, 0)
141.2318 	EXP 	responsel: foreColor = (0, 0, 0)
141.2485 	EXP 	responsel: foreColor = (0, 0, 0)
141.2652 	EXP 	responsel: foreColor = (0, 0, 0)
141.2819 	EXP 	responsel: foreColor = (0, 0, 0)
141.2985 	EXP 	responsel: foreColor = (0, 0, 0)
141.3152 	EXP 	responsel: foreColor = (0, 0, 0)
141.3319 	EXP 	responsel: foreColor = (0, 0, 0)
141.3485 	EXP 	responsel: foreColor = (0, 0, 0)
141.3652 	EXP 	responsel: foreColor = (0, 0, 0)
141.3819 	EXP 	responsel: foreColor = (0, 0, 0)
141.3985 	EXP 	responsel: foreColor = (0, 0, 0)
141.4152 	EXP 	responsel: foreColor = (0, 0, 0)
141.4319 	EXP 	responsel: foreColor = (0, 0, 0)
141.4485 	EXP 	responsel: foreColor = (0, 0, 0)
141.4652 	EXP 	responsel: foreColor = (0, 0, 0)
141.4819 	EXP 	responsel: foreColor = (0, 0, 0)
141.4985 	EXP 	responsel: foreColor = (0, 0, 0)
141.5152 	EXP 	responsel: foreColor = (0, 0, 0)
141.5319 	EXP 	responsel: foreColor = (0, 0, 0)
141.5485 	EXP 	responsel: foreColor = (0, 0, 0)
141.5652 	EXP 	responsel: foreColor = (0, 0, 0)
141.5819 	EXP 	responsel: foreColor = (0, 0, 0)
141.5985 	EXP 	responsel: foreColor = (0, 0, 0)
141.6152 	EXP 	responsel: foreColor = (0, 0, 0)
141.6319 	EXP 	responsel: foreColor = (0, 0, 0)
141.6486 	EXP 	responsel: foreColor = (0, 0, 0)
141.6652 	EXP 	responsel: foreColor = (0, 0, 0)
141.6818 	EXP 	responsel: foreColor = (0, 0, 0)
141.6985 	EXP 	responsel: foreColor = (0, 0, 0)
141.7152 	EXP 	responsel: foreColor = (0, 0, 0)
141.7318 	EXP 	responsel: foreColor = (0, 0, 0)
141.7486 	EXP 	responsel: foreColor = (0, 0, 0)
141.7652 	EXP 	responsel: foreColor = (0, 0, 0)
141.7820 	EXP 	responsel: foreColor = (0, 0, 0)
141.7986 	EXP 	responsel: foreColor = (0, 0, 0)
141.8153 	EXP 	responsel: foreColor = (0, 0, 0)
141.8320 	EXP 	responsel: foreColor = (0, 0, 0)
141.8486 	EXP 	responsel: foreColor = (0, 0, 0)
141.8653 	EXP 	responsel: foreColor = (0, 0, 0)
141.8820 	EXP 	responsel: foreColor = (0, 0, 0)
141.8820 	EXP 	thermode_locali_pic: autoDraw = False
141.8986 	EXP 	responsel: foreColor = (0, 0, 0)
141.9153 	EXP 	responsel: foreColor = (0, 0, 0)
141.9320 	EXP 	responsel: foreColor = (0, 0, 0)
141.9486 	EXP 	responsel: foreColor = (0, 0, 0)
141.9653 	EXP 	responsel: foreColor = (0, 0, 0)
141.9819 	EXP 	responsel: foreColor = (0, 0, 0)
141.9986 	EXP 	responsel: foreColor = (0, 0, 0)
142.0153 	EXP 	responsel: foreColor = (0, 0, 0)
142.0320 	EXP 	responsel: foreColor = (0, 0, 0)
142.0486 	EXP 	responsel: foreColor = (0, 0, 0)
142.0653 	EXP 	responsel: foreColor = (0, 0, 0)
142.0820 	EXP 	responsel: foreColor = (0, 0, 0)
142.0986 	EXP 	responsel: foreColor = (0, 0, 0)
142.1153 	EXP 	responsel: foreColor = (0, 0, 0)
142.1320 	EXP 	responsel: foreColor = (0, 0, 0)
142.1486 	EXP 	responsel: foreColor = (0, 0, 0)
142.1653 	EXP 	responsel: foreColor = (0, 0, 0)
142.1820 	EXP 	responsel: foreColor = (0, 0, 0)
142.1986 	EXP 	responsel: foreColor = (0, 0, 0)
142.2153 	EXP 	responsel: foreColor = (0, 0, 0)
142.2320 	EXP 	responsel: foreColor = (0, 0, 0)
142.2486 	EXP 	responsel: foreColor = (0, 0, 0)
142.2653 	EXP 	responsel: foreColor = (0, 0, 0)
142.2820 	EXP 	responsel: foreColor = (0, 0, 0)
142.2986 	EXP 	responsel: foreColor = (0, 0, 0)
142.3153 	EXP 	responsel: foreColor = (0, 0, 0)
142.3319 	EXP 	responsel: foreColor = (0, 0, 0)
142.3486 	EXP 	responsel: foreColor = (0, 0, 0)
142.3653 	EXP 	responsel: foreColor = (0, 0, 0)
142.3820 	EXP 	responsel: foreColor = (0, 0, 0)
142.3986 	EXP 	responsel: foreColor = (0, 0, 0)
142.4153 	EXP 	responsel: foreColor = (0, 0, 0)
142.4320 	EXP 	responsel: foreColor = (0, 0, 0)
142.4486 	EXP 	responsel: foreColor = (0, 0, 0)
142.4653 	EXP 	responsel: foreColor = (0, 0, 0)
142.4820 	EXP 	responsel: foreColor = (0, 0, 0)
142.4986 	EXP 	responsel: foreColor = (0, 0, 0)
142.5153 	EXP 	responsel: foreColor = (0, 0, 0)
142.5320 	EXP 	responsel: foreColor = (0, 0, 0)
142.5485 	EXP 	responsel: foreColor = (0, 0, 0)
142.5652 	EXP 	responsel: foreColor = (0, 0, 0)
142.5819 	EXP 	responsel: foreColor = (0, 0, 0)
142.5985 	EXP 	responsel: foreColor = (0, 0, 0)
142.6152 	EXP 	responsel: foreColor = (0, 0, 0)
142.6319 	EXP 	responsel: foreColor = (0, 0, 0)
142.6485 	EXP 	responsel: foreColor = (0, 0, 0)
142.6497 	EXP 	New trial (rep=1, index=0): None
142.6653 	EXP 	responsel: foreColor = (0, 0, 0)
142.6653 	EXP 	responsel: autoDraw = False
142.6653 	EXP 	percu_or: autoDraw = False
142.6653 	EXP 	responser: autoDraw = False
142.6653 	EXP 	thermode_locali_pic: autoDraw = False
142.6653 	EXP 	responsel: autoDraw = False
142.6653 	EXP 	percu_or: autoDraw = False
142.6653 	EXP 	responser: autoDraw = False
142.6653 	EXP 	responsel: foreColor = 'white'
142.6653 	EXP 	responser: foreColor = 'white'
142.6653 	EXP 	text_pic: autoDraw = True
142.6653 	EXP 	croix_3: autoDraw = True
147.6654 	EXP 	text_pic: autoDraw = False
147.6654 	EXP 	croix_3: autoDraw = False
147.6654 	EXP 	text_pic: autoDraw = False
147.6654 	EXP 	croix_3: autoDraw = False
147.6654 	EXP 	thermode_locali_pic: height = 0.02
147.6654 	EXP 	thermode_locali_pic: height = 0.02
147.6654 	EXP 	thermode_locali_pic: height = 0.02
147.6654 	EXP 	thermode_locali_pic: text = 'T : 1'
147.6654 	EXP 	responsel: text = 'NON              '
147.6654 	EXP 	thermode_locali_pic: autoDraw = True
155.6488 	EXP 	responsel: autoDraw = True
155.6488 	EXP 	percu_or: autoDraw = True
155.6488 	EXP 	responser: autoDraw = True
156.7332 	DATA 	Keypress: m
156.7654 	EXP 	responsel: foreColor = (0, 0, 0)
156.7821 	EXP 	responsel: foreColor = (0, 0, 0)
156.7988 	EXP 	responsel: foreColor = (0, 0, 0)
156.8155 	EXP 	responsel: foreColor = (0, 0, 0)
156.8321 	EXP 	responsel: foreColor = (0, 0, 0)
156.8488 	EXP 	responsel: foreColor = (0, 0, 0)
156.8655 	EXP 	responsel: foreColor = (0, 0, 0)
156.8821 	EXP 	responsel: foreColor = (0, 0, 0)
156.8988 	EXP 	responsel: foreColor = (0, 0, 0)
156.9155 	EXP 	responsel: foreColor = (0, 0, 0)
156.9321 	EXP 	responsel: foreColor = (0, 0, 0)
156.9488 	EXP 	responsel: foreColor = (0, 0, 0)
156.9655 	EXP 	responsel: foreColor = (0, 0, 0)
156.9821 	EXP 	responsel: foreColor = (0, 0, 0)
156.9988 	EXP 	responsel: foreColor = (0, 0, 0)
157.0155 	EXP 	responsel: foreColor = (0, 0, 0)
157.0321 	EXP 	responsel: foreColor = (0, 0, 0)
157.0488 	EXP 	responsel: foreColor = (0, 0, 0)
157.0654 	EXP 	responsel: foreColor = (0, 0, 0)
157.0821 	EXP 	responsel: foreColor = (0, 0, 0)
157.0988 	EXP 	responsel: foreColor = (0, 0, 0)
157.1154 	EXP 	responsel: foreColor = (0, 0, 0)
157.1321 	EXP 	responsel: foreColor = (0, 0, 0)
157.1488 	EXP 	responsel: foreColor = (0, 0, 0)
157.1655 	EXP 	responsel: foreColor = (0, 0, 0)
157.1821 	EXP 	responsel: foreColor = (0, 0, 0)
157.1988 	EXP 	responsel: foreColor = (0, 0, 0)
157.2155 	EXP 	responsel: foreColor = (0, 0, 0)
157.2321 	EXP 	responsel: foreColor = (0, 0, 0)
157.2488 	EXP 	responsel: foreColor = (0, 0, 0)
157.2655 	EXP 	responsel: foreColor = (0, 0, 0)
157.2821 	EXP 	responsel: foreColor = (0, 0, 0)
157.2988 	EXP 	responsel: foreColor = (0, 0, 0)
157.3155 	EXP 	responsel: foreColor = (0, 0, 0)
157.3322 	EXP 	responsel: foreColor = (0, 0, 0)
157.3487 	EXP 	responsel: foreColor = (0, 0, 0)
157.3654 	EXP 	responsel: foreColor = (0, 0, 0)
157.3820 	EXP 	responsel: foreColor = (0, 0, 0)
157.3987 	EXP 	responsel: foreColor = (0, 0, 0)
157.4153 	EXP 	responsel: foreColor = (0, 0, 0)
157.4320 	EXP 	responsel: foreColor = (0, 0, 0)
157.4487 	EXP 	responsel: foreColor = (0, 0, 0)
157.4653 	EXP 	responsel: foreColor = (0, 0, 0)
157.4820 	EXP 	responsel: foreColor = (0, 0, 0)
157.4987 	EXP 	responsel: foreColor = (0, 0, 0)
157.5154 	EXP 	responsel: foreColor = (0, 0, 0)
157.5320 	EXP 	responsel: foreColor = (0, 0, 0)
157.5487 	EXP 	responsel: foreColor = (0, 0, 0)
157.5654 	EXP 	responsel: foreColor = (0, 0, 0)
157.5820 	EXP 	responsel: foreColor = (0, 0, 0)
157.5987 	EXP 	responsel: foreColor = (0, 0, 0)
157.6154 	EXP 	responsel: foreColor = (0, 0, 0)
157.6320 	EXP 	responsel: foreColor = (0, 0, 0)
157.6487 	EXP 	responsel: foreColor = (0, 0, 0)
157.6654 	EXP 	responsel: foreColor = (0, 0, 0)
157.6820 	EXP 	responsel: foreColor = (0, 0, 0)
157.6987 	EXP 	responsel: foreColor = (0, 0, 0)
157.7153 	EXP 	responsel: foreColor = (0, 0, 0)
157.7320 	EXP 	responsel: foreColor = (0, 0, 0)
157.7487 	EXP 	responsel: foreColor = (0, 0, 0)
157.7653 	EXP 	responsel: foreColor = (0, 0, 0)
157.7820 	EXP 	responsel: foreColor = (0, 0, 0)
157.7987 	EXP 	responsel: foreColor = (0, 0, 0)
157.8154 	EXP 	responsel: foreColor = (0, 0, 0)
157.8320 	EXP 	responsel: foreColor = (0, 0, 0)
157.8487 	EXP 	responsel: foreColor = (0, 0, 0)
157.8654 	EXP 	responsel: foreColor = (0, 0, 0)
157.8654 	EXP 	thermode_locali_pic: autoDraw = False
157.8820 	EXP 	responsel: foreColor = (0, 0, 0)
157.8987 	EXP 	responsel: foreColor = (0, 0, 0)
157.9153 	EXP 	responsel: foreColor = (0, 0, 0)
157.9320 	EXP 	responsel: foreColor = (0, 0, 0)
157.9487 	EXP 	responsel: foreColor = (0, 0, 0)
157.9654 	EXP 	responsel: foreColor = (0, 0, 0)
157.9820 	EXP 	responsel: foreColor = (0, 0, 0)
157.9987 	EXP 	responsel: foreColor = (0, 0, 0)
158.0154 	EXP 	responsel: foreColor = (0, 0, 0)
158.0320 	EXP 	responsel: foreColor = (0, 0, 0)
158.0487 	EXP 	responsel: foreColor = (0, 0, 0)
158.0653 	EXP 	responsel: foreColor = (0, 0, 0)
158.0820 	EXP 	responsel: foreColor = (0, 0, 0)
158.0987 	EXP 	responsel: foreColor = (0, 0, 0)
158.1153 	EXP 	responsel: foreColor = (0, 0, 0)
158.1320 	EXP 	responsel: foreColor = (0, 0, 0)
158.1487 	EXP 	responsel: foreColor = (0, 0, 0)
158.1654 	EXP 	responsel: foreColor = (0, 0, 0)
158.1820 	EXP 	responsel: foreColor = (0, 0, 0)
158.1987 	EXP 	responsel: foreColor = (0, 0, 0)
158.2154 	EXP 	responsel: foreColor = (0, 0, 0)
158.2320 	EXP 	responsel: foreColor = (0, 0, 0)
158.2487 	EXP 	responsel: foreColor = (0, 0, 0)
158.2653 	EXP 	responsel: foreColor = (0, 0, 0)
158.2820 	EXP 	responsel: foreColor = (0, 0, 0)
158.2987 	EXP 	responsel: foreColor = (0, 0, 0)
158.3153 	EXP 	responsel: foreColor = (0, 0, 0)
158.3320 	EXP 	responsel: foreColor = (0, 0, 0)
158.3487 	EXP 	responsel: foreColor = (0, 0, 0)
158.3654 	EXP 	responsel: foreColor = (0, 0, 0)
158.3820 	EXP 	responsel: foreColor = (0, 0, 0)
158.3987 	EXP 	responsel: foreColor = (0, 0, 0)
158.4154 	EXP 	responsel: foreColor = (0, 0, 0)
158.4320 	EXP 	responsel: foreColor = (0, 0, 0)
158.4487 	EXP 	responsel: foreColor = (0, 0, 0)
158.4654 	EXP 	responsel: foreColor = (0, 0, 0)
158.4820 	EXP 	responsel: foreColor = (0, 0, 0)
158.4987 	EXP 	responsel: foreColor = (0, 0, 0)
158.5154 	EXP 	responsel: foreColor = (0, 0, 0)
158.5320 	EXP 	responsel: foreColor = (0, 0, 0)
158.5487 	EXP 	responsel: foreColor = (0, 0, 0)
158.5653 	EXP 	responsel: foreColor = (0, 0, 0)
158.5820 	EXP 	responsel: foreColor = (0, 0, 0)
158.5987 	EXP 	responsel: foreColor = (0, 0, 0)
158.6154 	EXP 	responsel: foreColor = (0, 0, 0)
158.6320 	EXP 	responsel: foreColor = (0, 0, 0)
158.6331 	EXP 	New trial (rep=2, index=0): None
158.6487 	EXP 	responsel: foreColor = (0, 0, 0)
158.6487 	EXP 	responsel: autoDraw = False
158.6487 	EXP 	percu_or: autoDraw = False
158.6487 	EXP 	responser: autoDraw = False
158.6487 	EXP 	thermode_locali_pic: autoDraw = False
158.6487 	EXP 	responsel: autoDraw = False
158.6487 	EXP 	percu_or: autoDraw = False
158.6487 	EXP 	responser: autoDraw = False
158.6487 	EXP 	responsel: foreColor = 'white'
158.6487 	EXP 	responser: foreColor = 'white'
158.6487 	EXP 	text_pic: autoDraw = True
158.6487 	EXP 	croix_3: autoDraw = True
163.6488 	EXP 	text_pic: autoDraw = False
163.6488 	EXP 	croix_3: autoDraw = False
163.6488 	EXP 	text_pic: autoDraw = False
163.6488 	EXP 	croix_3: autoDraw = False
163.6488 	EXP 	thermode_locali_pic: height = 0.02
163.6488 	EXP 	thermode_locali_pic: height = 0.02
163.6488 	EXP 	thermode_locali_pic: height = 0.02
163.6488 	EXP 	thermode_locali_pic: text = 'T : 2'
163.6488 	EXP 	responsel: text = 'NON              '
163.6488 	EXP 	thermode_locali_pic: autoDraw = True
171.6323 	EXP 	responsel: autoDraw = True
171.6323 	EXP 	percu_or: autoDraw = True
171.6323 	EXP 	responser: autoDraw = True
172.7334 	DATA 	Keypress: n
172.7656 	EXP 	responser: foreColor = (0, 0, 0)
172.7823 	EXP 	responser: foreColor = (0, 0, 0)
172.7990 	EXP 	responser: foreColor = (0, 0, 0)
172.8156 	EXP 	responser: foreColor = (0, 0, 0)
172.8323 	EXP 	responser: foreColor = (0, 0, 0)
172.8490 	EXP 	responser: foreColor = (0, 0, 0)
172.8656 	EXP 	responser: foreColor = (0, 0, 0)
172.8823 	EXP 	responser: foreColor = (0, 0, 0)
172.8990 	EXP 	responser: foreColor = (0, 0, 0)
172.9156 	EXP 	responser: foreColor = (0, 0, 0)
172.9323 	EXP 	responser: foreColor = (0, 0, 0)
172.9490 	EXP 	responser: foreColor = (0, 0, 0)
172.9656 	EXP 	responser: foreColor = (0, 0, 0)
172.9823 	EXP 	responser: foreColor = (0, 0, 0)
172.9990 	EXP 	responser: foreColor = (0, 0, 0)
173.0156 	EXP 	responser: foreColor = (0, 0, 0)
173.0323 	EXP 	responser: foreColor = (0, 0, 0)
173.0490 	EXP 	responser: foreColor = (0, 0, 0)
173.0656 	EXP 	responser: foreColor = (0, 0, 0)
173.0823 	EXP 	responser: foreColor = (0, 0, 0)
173.0990 	EXP 	responser: foreColor = (0, 0, 0)
173.1156 	EXP 	responser: foreColor = (0, 0, 0)
173.1323 	EXP 	responser: foreColor = (0, 0, 0)
173.1490 	EXP 	responser: foreColor = (0, 0, 0)
173.1656 	EXP 	responser: foreColor = (0, 0, 0)
173.1823 	EXP 	responser: foreColor = (0, 0, 0)
173.1990 	EXP 	responser: foreColor = (0, 0, 0)
173.2156 	EXP 	responser: foreColor = (0, 0, 0)
173.2323 	EXP 	responser: foreColor = (0, 0, 0)
173.2490 	EXP 	responser: foreColor = (0, 0, 0)
173.2656 	EXP 	responser: foreColor = (0, 0, 0)
173.2822 	EXP 	responser: foreColor = (0, 0, 0)
173.2990 	EXP 	responser: foreColor = (0, 0, 0)
173.3156 	EXP 	responser: foreColor = (0, 0, 0)
173.3323 	EXP 	responser: foreColor = (0, 0, 0)
173.3490 	EXP 	responser: foreColor = (0, 0, 0)
173.3656 	EXP 	responser: foreColor = (0, 0, 0)
173.3823 	EXP 	responser: foreColor = (0, 0, 0)
173.3990 	EXP 	responser: foreColor = (0, 0, 0)
173.4156 	EXP 	responser: foreColor = (0, 0, 0)
173.4323 	EXP 	responser: foreColor = (0, 0, 0)
173.4490 	EXP 	responser: foreColor = (0, 0, 0)
173.4657 	EXP 	responser: foreColor = (0, 0, 0)
173.4823 	EXP 	responser: foreColor = (0, 0, 0)
173.4990 	EXP 	responser: foreColor = (0, 0, 0)
173.5157 	EXP 	responser: foreColor = (0, 0, 0)
173.5323 	EXP 	responser: foreColor = (0, 0, 0)
173.5490 	EXP 	responser: foreColor = (0, 0, 0)
173.5657 	EXP 	responser: foreColor = (0, 0, 0)
173.5823 	EXP 	responser: foreColor = (0, 0, 0)
173.5990 	EXP 	responser: foreColor = (0, 0, 0)
173.6156 	EXP 	responser: foreColor = (0, 0, 0)
173.6323 	EXP 	responser: foreColor = (0, 0, 0)
173.6490 	EXP 	responser: foreColor = (0, 0, 0)
173.6657 	EXP 	responser: foreColor = (0, 0, 0)
173.6823 	EXP 	responser: foreColor = (0, 0, 0)
173.6989 	EXP 	responser: foreColor = (0, 0, 0)
173.7156 	EXP 	responser: foreColor = (0, 0, 0)
173.7323 	EXP 	responser: foreColor = (0, 0, 0)
173.7489 	EXP 	responser: foreColor = (0, 0, 0)
173.7657 	EXP 	responser: foreColor = (0, 0, 0)
173.7823 	EXP 	responser: foreColor = (0, 0, 0)
173.7990 	EXP 	responser: foreColor = (0, 0, 0)
173.8157 	EXP 	responser: foreColor = (0, 0, 0)
173.8323 	EXP 	responser: foreColor = (0, 0, 0)
173.8490 	EXP 	responser: foreColor = (0, 0, 0)
173.8490 	EXP 	thermode_locali_pic: autoDraw = False
173.8657 	EXP 	responser: foreColor = (0, 0, 0)
173.8823 	EXP 	responser: foreColor = (0, 0, 0)
173.8990 	EXP 	responser: foreColor = (0, 0, 0)
173.9157 	EXP 	responser: foreColor = (0, 0, 0)
173.9323 	EXP 	responser: foreColor = (0, 0, 0)
173.9490 	EXP 	responser: foreColor = (0, 0, 0)
173.9657 	EXP 	responser: foreColor = (0, 0, 0)
173.9823 	EXP 	responser: foreColor = (0, 0, 0)
173.9990 	EXP 	responser: foreColor = (0, 0, 0)
174.0157 	EXP 	responser: foreColor = (0, 0, 0)
174.0323 	EXP 	responser: foreColor = (0, 0, 0)
174.0490 	EXP 	responser: foreColor = (0, 0, 0)
174.0656 	EXP 	responser: foreColor = (0, 0, 0)
174.0823 	EXP 	responser: foreColor = (0, 0, 0)
174.0989 	EXP 	responser: foreColor = (0, 0, 0)
174.1156 	EXP 	responser: foreColor = (0, 0, 0)
174.1323 	EXP 	responser: foreColor = (0, 0, 0)
174.1490 	EXP 	responser: foreColor = (0, 0, 0)
174.1657 	EXP 	responser: foreColor = (0, 0, 0)
174.1823 	EXP 	responser: foreColor = (0, 0, 0)
174.1990 	EXP 	responser: foreColor = (0, 0, 0)
174.2157 	EXP 	responser: foreColor = (0, 0, 0)
174.2323 	EXP 	responser: foreColor = (0, 0, 0)
174.2490 	EXP 	responser: foreColor = (0, 0, 0)
174.2657 	EXP 	responser: foreColor = (0, 0, 0)
174.2823 	EXP 	responser: foreColor = (0, 0, 0)
174.2990 	EXP 	responser: foreColor = (0, 0, 0)
174.3157 	EXP 	responser: foreColor = (0, 0, 0)
174.3323 	EXP 	responser: foreColor = (0, 0, 0)
174.3490 	EXP 	responser: foreColor = (0, 0, 0)
174.3657 	EXP 	responser: foreColor = (0, 0, 0)
174.3823 	EXP 	responser: foreColor = (0, 0, 0)
174.3990 	EXP 	responser: foreColor = (0, 0, 0)
174.4157 	EXP 	responser: foreColor = (0, 0, 0)
174.4323 	EXP 	responser: foreColor = (0, 0, 0)
174.4490 	EXP 	responser: foreColor = (0, 0, 0)
174.4657 	EXP 	responser: foreColor = (0, 0, 0)
174.4822 	EXP 	responser: foreColor = (0, 0, 0)
174.4989 	EXP 	responser: foreColor = (0, 0, 0)
174.5156 	EXP 	responser: foreColor = (0, 0, 0)
174.5323 	EXP 	responser: foreColor = (0, 0, 0)
174.5490 	EXP 	responser: foreColor = (0, 0, 0)
174.5656 	EXP 	responser: foreColor = (0, 0, 0)
174.5823 	EXP 	responser: foreColor = (0, 0, 0)
174.5990 	EXP 	responser: foreColor = (0, 0, 0)
174.6157 	EXP 	responser: foreColor = (0, 0, 0)
174.6167 	EXP 	New trial (rep=3, index=0): None
174.6323 	EXP 	responser: foreColor = (0, 0, 0)
174.6323 	EXP 	responsel: autoDraw = False
174.6323 	EXP 	percu_or: autoDraw = False
174.6323 	EXP 	responser: autoDraw = False
174.6323 	EXP 	thermode_locali_pic: autoDraw = False
174.6323 	EXP 	responsel: autoDraw = False
174.6323 	EXP 	percu_or: autoDraw = False
174.6323 	EXP 	responser: autoDraw = False
174.6323 	EXP 	responsel: foreColor = 'white'
174.6323 	EXP 	responser: foreColor = 'white'
174.6323 	EXP 	text_pic: autoDraw = True
174.6323 	EXP 	croix_3: autoDraw = True
179.6324 	EXP 	text_pic: autoDraw = False
179.6324 	EXP 	croix_3: autoDraw = False
179.6324 	EXP 	text_pic: autoDraw = False
179.6324 	EXP 	croix_3: autoDraw = False
179.6324 	EXP 	thermode_locali_pic: height = 0.02
179.6324 	EXP 	thermode_locali_pic: height = 0.02
179.6324 	EXP 	thermode_locali_pic: height = 0.02
179.6324 	EXP 	thermode_locali_pic: text = 'T : 3'
179.6324 	EXP 	responsel: text = 'NON              '
179.6324 	EXP 	thermode_locali_pic: autoDraw = True
187.6158 	EXP 	responsel: autoDraw = True
187.6158 	EXP 	percu_or: autoDraw = True
187.6158 	EXP 	responser: autoDraw = True
188.6002 	DATA 	Keypress: n
188.6325 	EXP 	responser: foreColor = (0, 0, 0)
188.6491 	EXP 	responser: foreColor = (0, 0, 0)
188.6658 	EXP 	responser: foreColor = (0, 0, 0)
188.6825 	EXP 	responser: foreColor = (0, 0, 0)
188.6991 	EXP 	responser: foreColor = (0, 0, 0)
188.7158 	EXP 	responser: foreColor = (0, 0, 0)
188.7325 	EXP 	responser: foreColor = (0, 0, 0)
188.7492 	EXP 	responser: foreColor = (0, 0, 0)
188.7658 	EXP 	responser: foreColor = (0, 0, 0)
188.7825 	EXP 	responser: foreColor = (0, 0, 0)
188.7992 	EXP 	responser: foreColor = (0, 0, 0)
188.8158 	EXP 	responser: foreColor = (0, 0, 0)
188.8324 	EXP 	responser: foreColor = (0, 0, 0)
188.8492 	EXP 	responser: foreColor = (0, 0, 0)
188.8658 	EXP 	responser: foreColor = (0, 0, 0)
188.8825 	EXP 	responser: foreColor = (0, 0, 0)
188.8992 	EXP 	responser: foreColor = (0, 0, 0)
188.9158 	EXP 	responser: foreColor = (0, 0, 0)
188.9325 	EXP 	responser: foreColor = (0, 0, 0)
188.9492 	EXP 	responser: foreColor = (0, 0, 0)
188.9658 	EXP 	responser: foreColor = (0, 0, 0)
188.9825 	EXP 	responser: foreColor = (0, 0, 0)
188.9992 	EXP 	responser: foreColor = (0, 0, 0)
189.0158 	EXP 	responser: foreColor = (0, 0, 0)
189.0325 	EXP 	responser: foreColor = (0, 0, 0)
189.0492 	EXP 	responser: foreColor = (0, 0, 0)
189.0658 	EXP 	responser: foreColor = (0, 0, 0)
189.0825 	EXP 	responser: foreColor = (0, 0, 0)
189.0991 	EXP 	responser: foreColor = (0, 0, 0)
189.1158 	EXP 	responser: foreColor = (0, 0, 0)
189.1325 	EXP 	responser: foreColor = (0, 0, 0)
189.1492 	EXP 	responser: foreColor = (0, 0, 0)
189.1658 	EXP 	responser: foreColor = (0, 0, 0)
189.1825 	EXP 	responser: foreColor = (0, 0, 0)
189.1991 	EXP 	responser: foreColor = (0, 0, 0)
189.2158 	EXP 	responser: foreColor = (0, 0, 0)
189.2325 	EXP 	responser: foreColor = (0, 0, 0)
189.2492 	EXP 	responser: foreColor = (0, 0, 0)
189.2658 	EXP 	responser: foreColor = (0, 0, 0)
189.2825 	EXP 	responser: foreColor = (0, 0, 0)
189.2991 	EXP 	responser: foreColor = (0, 0, 0)
189.3158 	EXP 	responser: foreColor = (0, 0, 0)
189.3325 	EXP 	responser: foreColor = (0, 0, 0)
189.3492 	EXP 	responser: foreColor = (0, 0, 0)
189.3658 	EXP 	responser: foreColor = (0, 0, 0)
189.3825 	EXP 	responser: foreColor = (0, 0, 0)
189.3991 	EXP 	responser: foreColor = (0, 0, 0)
189.4158 	EXP 	responser: foreColor = (0, 0, 0)
189.4325 	EXP 	responser: foreColor = (0, 0, 0)
189.4492 	EXP 	responser: foreColor = (0, 0, 0)
189.4658 	EXP 	responser: foreColor = (0, 0, 0)
189.4825 	EXP 	responser: foreColor = (0, 0, 0)
189.4991 	EXP 	responser: foreColor = (0, 0, 0)
189.5158 	EXP 	responser: foreColor = (0, 0, 0)
189.5325 	EXP 	responser: foreColor = (0, 0, 0)
189.5491 	EXP 	responser: foreColor = (0, 0, 0)
189.5658 	EXP 	responser: foreColor = (0, 0, 0)
189.5825 	EXP 	responser: foreColor = (0, 0, 0)
189.5991 	EXP 	responser: foreColor = (0, 0, 0)
189.6158 	EXP 	responser: foreColor = (0, 0, 0)
189.6325 	EXP 	responser: foreColor = (0, 0, 0)
189.6492 	EXP 	responser: foreColor = (0, 0, 0)
189.6658 	EXP 	responser: foreColor = (0, 0, 0)
189.6825 	EXP 	responser: foreColor = (0, 0, 0)
189.6992 	EXP 	responser: foreColor = (0, 0, 0)
189.7158 	EXP 	responser: foreColor = (0, 0, 0)
189.7325 	EXP 	responser: foreColor = (0, 0, 0)
189.7492 	EXP 	responser: foreColor = (0, 0, 0)
189.7658 	EXP 	responser: foreColor = (0, 0, 0)
189.7825 	EXP 	responser: foreColor = (0, 0, 0)
189.7992 	EXP 	responser: foreColor = (0, 0, 0)
189.8158 	EXP 	responser: foreColor = (0, 0, 0)
189.8325 	EXP 	responser: foreColor = (0, 0, 0)
189.8325 	EXP 	thermode_locali_pic: autoDraw = False
189.8492 	EXP 	responser: foreColor = (0, 0, 0)
189.8658 	EXP 	responser: foreColor = (0, 0, 0)
189.8825 	EXP 	responser: foreColor = (0, 0, 0)
189.8991 	EXP 	responser: foreColor = (0, 0, 0)
189.9158 	EXP 	responser: foreColor = (0, 0, 0)
189.9325 	EXP 	responser: foreColor = (0, 0, 0)
189.9492 	EXP 	responser: foreColor = (0, 0, 0)
189.9659 	EXP 	responser: foreColor = (0, 0, 0)
189.9825 	EXP 	responser: foreColor = (0, 0, 0)
189.9992 	EXP 	responser: foreColor = (0, 0, 0)
190.0158 	EXP 	responser: foreColor = (0, 0, 0)
190.0325 	EXP 	responser: foreColor = (0, 0, 0)
190.0492 	EXP 	responser: foreColor = (0, 0, 0)
190.0659 	EXP 	responser: foreColor = (0, 0, 0)
190.0825 	EXP 	responser: foreColor = (0, 0, 0)
190.0992 	EXP 	responser: foreColor = (0, 0, 0)
190.1159 	EXP 	responser: foreColor = (0, 0, 0)
190.1325 	EXP 	responser: foreColor = (0, 0, 0)
190.1492 	EXP 	responser: foreColor = (0, 0, 0)
190.1658 	EXP 	responser: foreColor = (0, 0, 0)
190.1825 	EXP 	responser: foreColor = (0, 0, 0)
190.1992 	EXP 	responser: foreColor = (0, 0, 0)
190.2158 	EXP 	responser: foreColor = (0, 0, 0)
190.2325 	EXP 	responser: foreColor = (0, 0, 0)
190.2492 	EXP 	responser: foreColor = (0, 0, 0)
190.2659 	EXP 	responser: foreColor = (0, 0, 0)
190.2825 	EXP 	responser: foreColor = (0, 0, 0)
190.2992 	EXP 	responser: foreColor = (0, 0, 0)
190.3158 	EXP 	responser: foreColor = (0, 0, 0)
190.3325 	EXP 	responser: foreColor = (0, 0, 0)
190.3492 	EXP 	responser: foreColor = (0, 0, 0)
190.3659 	EXP 	responser: foreColor = (0, 0, 0)
190.3825 	EXP 	responser: foreColor = (0, 0, 0)
190.3992 	EXP 	responser: foreColor = (0, 0, 0)
190.4159 	EXP 	responser: foreColor = (0, 0, 0)
190.4325 	EXP 	responser: foreColor = (0, 0, 0)
190.4492 	EXP 	responser: foreColor = (0, 0, 0)
190.4659 	EXP 	responser: foreColor = (0, 0, 0)
190.4825 	EXP 	responser: foreColor = (0, 0, 0)
190.4992 	EXP 	responser: foreColor = (0, 0, 0)
190.5159 	EXP 	responser: foreColor = (0, 0, 0)
190.5325 	EXP 	responser: foreColor = (0, 0, 0)
190.5492 	EXP 	responser: foreColor = (0, 0, 0)
190.5659 	EXP 	responser: foreColor = (0, 0, 0)
190.5825 	EXP 	responser: foreColor = (0, 0, 0)
190.5992 	EXP 	responser: foreColor = (0, 0, 0)
190.6002 	EXP 	New trial (rep=4, index=0): None
190.6159 	EXP 	responser: foreColor = (0, 0, 0)
190.6159 	EXP 	responsel: autoDraw = False
190.6159 	EXP 	percu_or: autoDraw = False
190.6159 	EXP 	responser: autoDraw = False
190.6159 	EXP 	thermode_locali_pic: autoDraw = False
190.6159 	EXP 	responsel: autoDraw = False
190.6159 	EXP 	percu_or: autoDraw = False
190.6159 	EXP 	responser: autoDraw = False
190.6159 	EXP 	responsel: foreColor = 'white'
190.6159 	EXP 	responser: foreColor = 'white'
190.6159 	EXP 	text_pic: autoDraw = True
190.6159 	EXP 	croix_3: autoDraw = True
195.6159 	EXP 	text_pic: autoDraw = False
195.6159 	EXP 	croix_3: autoDraw = False
195.6159 	EXP 	text_pic: autoDraw = False
195.6159 	EXP 	croix_3: autoDraw = False
195.6159 	EXP 	thermode_locali_pic: height = 0.02
195.6159 	EXP 	thermode_locali_pic: height = 0.02
195.6159 	EXP 	thermode_locali_pic: height = 0.02
195.6159 	EXP 	thermode_locali_pic: text = 'T : 0'
195.6159 	EXP 	responsel: text = 'NON              '
195.6159 	EXP 	thermode_locali_pic: autoDraw = True
203.5992 	EXP 	responsel: autoDraw = True
203.5992 	EXP 	percu_or: autoDraw = True
203.5992 	EXP 	responser: autoDraw = True
205.8160 	EXP 	thermode_locali_pic: autoDraw = False
206.5836 	EXP 	New trial (rep=5, index=0): None
206.5994 	EXP 	responsel: autoDraw = False
206.5994 	EXP 	percu_or: autoDraw = False
206.5994 	EXP 	responser: autoDraw = False
206.5994 	EXP 	thermode_locali_pic: autoDraw = False
206.5994 	EXP 	responsel: autoDraw = False
206.5994 	EXP 	percu_or: autoDraw = False
206.5994 	EXP 	responser: autoDraw = False
206.5994 	EXP 	responsel: foreColor = 'white'
206.5994 	EXP 	responser: foreColor = 'white'
206.5994 	EXP 	text_pic: autoDraw = True
206.5994 	EXP 	croix_3: autoDraw = True
206.7500 	DATA 	Keypress: n
211.5994 	EXP 	text_pic: autoDraw = False
211.5994 	EXP 	croix_3: autoDraw = False
211.5994 	EXP 	text_pic: autoDraw = False
211.5994 	EXP 	croix_3: autoDraw = False
211.5994 	EXP 	thermode_locali_pic: height = 0.02
211.5994 	EXP 	thermode_locali_pic: height = 0.02
211.5994 	EXP 	thermode_locali_pic: height = 0.02
211.5994 	EXP 	thermode_locali_pic: text = 'T : 1'
211.5994 	EXP 	responsel: text = 'NON              '
211.5994 	EXP 	thermode_locali_pic: autoDraw = True
219.5827 	EXP 	responsel: autoDraw = True
219.5827 	EXP 	percu_or: autoDraw = True
219.5827 	EXP 	responser: autoDraw = True
219.9339 	DATA 	Keypress: m
219.9661 	EXP 	responsel: foreColor = (0, 0, 0)
219.9827 	EXP 	responsel: foreColor = (0, 0, 0)
219.9994 	EXP 	responsel: foreColor = (0, 0, 0)
220.0160 	EXP 	responsel: foreColor = (0, 0, 0)
220.0327 	EXP 	responsel: foreColor = (0, 0, 0)
220.0494 	EXP 	responsel: foreColor = (0, 0, 0)
220.0660 	EXP 	responsel: foreColor = (0, 0, 0)
220.0827 	EXP 	responsel: foreColor = (0, 0, 0)
220.0994 	EXP 	responsel: foreColor = (0, 0, 0)
220.1161 	EXP 	responsel: foreColor = (0, 0, 0)
220.1327 	EXP 	responsel: foreColor = (0, 0, 0)
220.1494 	EXP 	responsel: foreColor = (0, 0, 0)
220.1661 	EXP 	responsel: foreColor = (0, 0, 0)
220.1827 	EXP 	responsel: foreColor = (0, 0, 0)
220.1994 	EXP 	responsel: foreColor = (0, 0, 0)
220.2161 	EXP 	responsel: foreColor = (0, 0, 0)
220.2327 	EXP 	responsel: foreColor = (0, 0, 0)
220.2494 	EXP 	responsel: foreColor = (0, 0, 0)
220.2660 	EXP 	responsel: foreColor = (0, 0, 0)
220.2827 	EXP 	responsel: foreColor = (0, 0, 0)
220.2994 	EXP 	responsel: foreColor = (0, 0, 0)
220.3161 	EXP 	responsel: foreColor = (0, 0, 0)
220.3327 	EXP 	responsel: foreColor = (0, 0, 0)
220.3494 	EXP 	responsel: foreColor = (0, 0, 0)
220.3661 	EXP 	responsel: foreColor = (0, 0, 0)
220.3827 	EXP 	responsel: foreColor = (0, 0, 0)
220.3994 	EXP 	responsel: foreColor = (0, 0, 0)
220.4161 	EXP 	responsel: foreColor = (0, 0, 0)
220.4327 	EXP 	responsel: foreColor = (0, 0, 0)
220.4494 	EXP 	responsel: foreColor = (0, 0, 0)
220.4661 	EXP 	responsel: foreColor = (0, 0, 0)
220.4827 	EXP 	responsel: foreColor = (0, 0, 0)
220.4994 	EXP 	responsel: foreColor = (0, 0, 0)
220.5161 	EXP 	responsel: foreColor = (0, 0, 0)
220.5327 	EXP 	responsel: foreColor = (0, 0, 0)
220.5494 	EXP 	responsel: foreColor = (0, 0, 0)
220.5661 	EXP 	responsel: foreColor = (0, 0, 0)
220.5827 	EXP 	responsel: foreColor = (0, 0, 0)
220.5994 	EXP 	responsel: foreColor = (0, 0, 0)
220.6161 	EXP 	responsel: foreColor = (0, 0, 0)
220.6327 	EXP 	responsel: foreColor = (0, 0, 0)
220.6494 	EXP 	responsel: foreColor = (0, 0, 0)
220.6661 	EXP 	responsel: foreColor = (0, 0, 0)
220.6827 	EXP 	responsel: foreColor = (0, 0, 0)
220.6994 	EXP 	responsel: foreColor = (0, 0, 0)
220.7161 	EXP 	responsel: foreColor = (0, 0, 0)
220.7327 	EXP 	responsel: foreColor = (0, 0, 0)
220.7494 	EXP 	responsel: foreColor = (0, 0, 0)
220.7661 	EXP 	responsel: foreColor = (0, 0, 0)
220.7827 	EXP 	responsel: foreColor = (0, 0, 0)
220.7994 	EXP 	responsel: foreColor = (0, 0, 0)
220.8161 	EXP 	responsel: foreColor = (0, 0, 0)
220.8327 	EXP 	responsel: foreColor = (0, 0, 0)
220.8494 	EXP 	responsel: foreColor = (0, 0, 0)
220.8661 	EXP 	responsel: foreColor = (0, 0, 0)
220.8827 	EXP 	responsel: foreColor = (0, 0, 0)
220.8994 	EXP 	responsel: foreColor = (0, 0, 0)
220.9161 	EXP 	responsel: foreColor = (0, 0, 0)
220.9327 	EXP 	responsel: foreColor = (0, 0, 0)
220.9494 	EXP 	responsel: foreColor = (0, 0, 0)
220.9661 	EXP 	responsel: foreColor = (0, 0, 0)
220.9827 	EXP 	responsel: foreColor = (0, 0, 0)
220.9994 	EXP 	responsel: foreColor = (0, 0, 0)
221.0161 	EXP 	responsel: foreColor = (0, 0, 0)
221.0327 	EXP 	responsel: foreColor = (0, 0, 0)
221.0494 	EXP 	responsel: foreColor = (0, 0, 0)
221.0661 	EXP 	responsel: foreColor = (0, 0, 0)
221.0827 	EXP 	responsel: foreColor = (0, 0, 0)
221.0994 	EXP 	responsel: foreColor = (0, 0, 0)
221.1162 	EXP 	responsel: foreColor = (0, 0, 0)
221.1327 	EXP 	responsel: foreColor = (0, 0, 0)
221.1494 	EXP 	responsel: foreColor = (0, 0, 0)
221.1661 	EXP 	responsel: foreColor = (0, 0, 0)
221.1827 	EXP 	responsel: foreColor = (0, 0, 0)
221.1994 	EXP 	responsel: foreColor = (0, 0, 0)
221.2161 	EXP 	responsel: foreColor = (0, 0, 0)
221.2327 	EXP 	responsel: foreColor = (0, 0, 0)
221.2494 	EXP 	responsel: foreColor = (0, 0, 0)
221.2661 	EXP 	responsel: foreColor = (0, 0, 0)
221.2827 	EXP 	responsel: foreColor = (0, 0, 0)
221.2994 	EXP 	responsel: foreColor = (0, 0, 0)
221.3161 	EXP 	responsel: foreColor = (0, 0, 0)
221.3327 	EXP 	responsel: foreColor = (0, 0, 0)
221.3494 	EXP 	responsel: foreColor = (0, 0, 0)
221.3661 	EXP 	responsel: foreColor = (0, 0, 0)
221.3827 	EXP 	responsel: foreColor = (0, 0, 0)
221.3994 	EXP 	responsel: foreColor = (0, 0, 0)
221.4161 	EXP 	responsel: foreColor = (0, 0, 0)
221.4327 	EXP 	responsel: foreColor = (0, 0, 0)
221.4494 	EXP 	responsel: foreColor = (0, 0, 0)
221.4661 	EXP 	responsel: foreColor = (0, 0, 0)
221.4827 	EXP 	responsel: foreColor = (0, 0, 0)
221.4994 	EXP 	responsel: foreColor = (0, 0, 0)
221.5161 	EXP 	responsel: foreColor = (0, 0, 0)
221.5327 	EXP 	responsel: foreColor = (0, 0, 0)
221.5494 	EXP 	responsel: foreColor = (0, 0, 0)
221.5661 	EXP 	responsel: foreColor = (0, 0, 0)
221.5827 	EXP 	responsel: foreColor = (0, 0, 0)
221.5994 	EXP 	responsel: foreColor = (0, 0, 0)
221.6161 	EXP 	responsel: foreColor = (0, 0, 0)
221.6327 	EXP 	responsel: foreColor = (0, 0, 0)
221.6494 	EXP 	responsel: foreColor = (0, 0, 0)
221.6661 	EXP 	responsel: foreColor = (0, 0, 0)
221.6827 	EXP 	responsel: foreColor = (0, 0, 0)
221.6994 	EXP 	responsel: foreColor = (0, 0, 0)
221.7161 	EXP 	responsel: foreColor = (0, 0, 0)
221.7327 	EXP 	responsel: foreColor = (0, 0, 0)
221.7494 	EXP 	responsel: foreColor = (0, 0, 0)
221.7661 	EXP 	responsel: foreColor = (0, 0, 0)
221.7828 	EXP 	responsel: foreColor = (0, 0, 0)
221.7994 	EXP 	responsel: foreColor = (0, 0, 0)
221.7994 	EXP 	thermode_locali_pic: autoDraw = False
221.8161 	EXP 	responsel: foreColor = (0, 0, 0)
221.8328 	EXP 	responsel: foreColor = (0, 0, 0)
221.8494 	EXP 	responsel: foreColor = (0, 0, 0)
221.8661 	EXP 	responsel: foreColor = (0, 0, 0)
221.8828 	EXP 	responsel: foreColor = (0, 0, 0)
221.8994 	EXP 	responsel: foreColor = (0, 0, 0)
221.9161 	EXP 	responsel: foreColor = (0, 0, 0)
221.9328 	EXP 	responsel: foreColor = (0, 0, 0)
221.9494 	EXP 	responsel: foreColor = (0, 0, 0)
221.9661 	EXP 	responsel: foreColor = (0, 0, 0)
221.9828 	EXP 	responsel: foreColor = (0, 0, 0)
221.9994 	EXP 	responsel: foreColor = (0, 0, 0)
222.0161 	EXP 	responsel: foreColor = (0, 0, 0)
222.0328 	EXP 	responsel: foreColor = (0, 0, 0)
222.0494 	EXP 	responsel: foreColor = (0, 0, 0)
222.0661 	EXP 	responsel: foreColor = (0, 0, 0)
222.0828 	EXP 	responsel: foreColor = (0, 0, 0)
222.0994 	EXP 	responsel: foreColor = (0, 0, 0)
222.1161 	EXP 	responsel: foreColor = (0, 0, 0)
222.1328 	EXP 	responsel: foreColor = (0, 0, 0)
222.1494 	EXP 	responsel: foreColor = (0, 0, 0)
222.1661 	EXP 	responsel: foreColor = (0, 0, 0)
222.1828 	EXP 	responsel: foreColor = (0, 0, 0)
222.1994 	EXP 	responsel: foreColor = (0, 0, 0)
222.2161 	EXP 	responsel: foreColor = (0, 0, 0)
222.2328 	EXP 	responsel: foreColor = (0, 0, 0)
222.2494 	EXP 	responsel: foreColor = (0, 0, 0)
222.2661 	EXP 	responsel: foreColor = (0, 0, 0)
222.2828 	EXP 	responsel: foreColor = (0, 0, 0)
222.2994 	EXP 	responsel: foreColor = (0, 0, 0)
222.3161 	EXP 	responsel: foreColor = (0, 0, 0)
222.3328 	EXP 	responsel: foreColor = (0, 0, 0)
222.3494 	EXP 	responsel: foreColor = (0, 0, 0)
222.3661 	EXP 	responsel: foreColor = (0, 0, 0)
222.3828 	EXP 	responsel: foreColor = (0, 0, 0)
222.3994 	EXP 	responsel: foreColor = (0, 0, 0)
222.4161 	EXP 	responsel: foreColor = (0, 0, 0)
222.4328 	EXP 	responsel: foreColor = (0, 0, 0)
222.4494 	EXP 	responsel: foreColor = (0, 0, 0)
222.4661 	EXP 	responsel: foreColor = (0, 0, 0)
222.4828 	EXP 	responsel: foreColor = (0, 0, 0)
222.4994 	EXP 	responsel: foreColor = (0, 0, 0)
222.5161 	EXP 	responsel: foreColor = (0, 0, 0)
222.5328 	EXP 	responsel: foreColor = (0, 0, 0)
222.5494 	EXP 	responsel: foreColor = (0, 0, 0)
222.5661 	EXP 	responsel: foreColor = (0, 0, 0)
222.5671 	EXP 	New trial (rep=6, index=0): None
222.5828 	EXP 	responsel: foreColor = (0, 0, 0)
222.5828 	EXP 	responsel: autoDraw = False
222.5828 	EXP 	percu_or: autoDraw = False
222.5828 	EXP 	responser: autoDraw = False
222.5828 	EXP 	thermode_locali_pic: autoDraw = False
222.5828 	EXP 	responsel: autoDraw = False
222.5828 	EXP 	percu_or: autoDraw = False
222.5828 	EXP 	responser: autoDraw = False
222.5828 	EXP 	responsel: foreColor = 'white'
222.5828 	EXP 	responser: foreColor = 'white'
222.5828 	EXP 	text_pic: autoDraw = True
222.5828 	EXP 	croix_3: autoDraw = True
227.5828 	EXP 	text_pic: autoDraw = False
227.5828 	EXP 	croix_3: autoDraw = False
227.5828 	EXP 	text_pic: autoDraw = False
227.5828 	EXP 	croix_3: autoDraw = False
227.5828 	EXP 	thermode_locali_pic: height = 0.02
227.5828 	EXP 	thermode_locali_pic: height = 0.02
227.5828 	EXP 	thermode_locali_pic: height = 0.02
227.5828 	EXP 	thermode_locali_pic: text = 'T : 2'
227.5828 	EXP 	responsel: text = 'NON              '
227.5828 	EXP 	thermode_locali_pic: autoDraw = True
235.5662 	EXP 	responsel: autoDraw = True
235.5662 	EXP 	percu_or: autoDraw = True
235.5662 	EXP 	responser: autoDraw = True
235.8840 	DATA 	Keypress: m
235.9162 	EXP 	responsel: foreColor = (0, 0, 0)
235.9329 	EXP 	responsel: foreColor = (0, 0, 0)
235.9496 	EXP 	responsel: foreColor = (0, 0, 0)
235.9662 	EXP 	responsel: foreColor = (0, 0, 0)
235.9829 	EXP 	responsel: foreColor = (0, 0, 0)
235.9996 	EXP 	responsel: foreColor = (0, 0, 0)
236.0162 	EXP 	responsel: foreColor = (0, 0, 0)
236.0329 	EXP 	responsel: foreColor = (0, 0, 0)
236.0496 	EXP 	responsel: foreColor = (0, 0, 0)
236.0663 	EXP 	responsel: foreColor = (0, 0, 0)
236.0829 	EXP 	responsel: foreColor = (0, 0, 0)
236.0996 	EXP 	responsel: foreColor = (0, 0, 0)
236.1163 	EXP 	responsel: foreColor = (0, 0, 0)
236.1330 	EXP 	responsel: foreColor = (0, 0, 0)
236.1497 	EXP 	responsel: foreColor = (0, 0, 0)
236.1663 	EXP 	responsel: foreColor = (0, 0, 0)
236.1830 	EXP 	responsel: foreColor = (0, 0, 0)
236.1996 	EXP 	responsel: foreColor = (0, 0, 0)
236.2164 	EXP 	responsel: foreColor = (0, 0, 0)
236.2330 	EXP 	responsel: foreColor = (0, 0, 0)
236.2497 	EXP 	responsel: foreColor = (0, 0, 0)
236.2664 	EXP 	responsel: foreColor = (0, 0, 0)
236.2830 	EXP 	responsel: foreColor = (0, 0, 0)
236.2997 	EXP 	responsel: foreColor = (0, 0, 0)
236.3164 	EXP 	responsel: foreColor = (0, 0, 0)
236.3330 	EXP 	responsel: foreColor = (0, 0, 0)
236.3497 	EXP 	responsel: foreColor = (0, 0, 0)
236.3664 	EXP 	responsel: foreColor = (0, 0, 0)
236.3830 	EXP 	responsel: foreColor = (0, 0, 0)
236.3997 	EXP 	responsel: foreColor = (0, 0, 0)
236.4164 	EXP 	responsel: foreColor = (0, 0, 0)
236.4330 	EXP 	responsel: foreColor = (0, 0, 0)
236.4497 	EXP 	responsel: foreColor = (0, 0, 0)
236.4664 	EXP 	responsel: foreColor = (0, 0, 0)
236.4830 	EXP 	responsel: foreColor = (0, 0, 0)
236.4997 	EXP 	responsel: foreColor = (0, 0, 0)
236.5163 	EXP 	responsel: foreColor = (0, 0, 0)
236.5330 	EXP 	responsel: foreColor = (0, 0, 0)
236.5496 	EXP 	responsel: foreColor = (0, 0, 0)
236.5663 	EXP 	responsel: foreColor = (0, 0, 0)
236.5830 	EXP 	responsel: foreColor = (0, 0, 0)
236.5997 	EXP 	responsel: foreColor = (0, 0, 0)
236.6182 	EXP 	responsel: foreColor = (0, 0, 0)
236.6330 	EXP 	responsel: foreColor = (0, 0, 0)
236.6497 	EXP 	responsel: foreColor = (0, 0, 0)
236.6663 	EXP 	responsel: foreColor = (0, 0, 0)
236.6829 	EXP 	responsel: foreColor = (0, 0, 0)
236.6996 	EXP 	responsel: foreColor = (0, 0, 0)
236.7162 	EXP 	responsel: foreColor = (0, 0, 0)
236.7329 	EXP 	responsel: foreColor = (0, 0, 0)
236.7496 	EXP 	responsel: foreColor = (0, 0, 0)
236.7662 	EXP 	responsel: foreColor = (0, 0, 0)
236.7829 	EXP 	responsel: foreColor = (0, 0, 0)
236.7996 	EXP 	responsel: foreColor = (0, 0, 0)
236.8162 	EXP 	responsel: foreColor = (0, 0, 0)
236.8329 	EXP 	responsel: foreColor = (0, 0, 0)
236.8496 	EXP 	responsel: foreColor = (0, 0, 0)
236.8662 	EXP 	responsel: foreColor = (0, 0, 0)
236.8829 	EXP 	responsel: foreColor = (0, 0, 0)
236.8996 	EXP 	responsel: foreColor = (0, 0, 0)
236.9162 	EXP 	responsel: foreColor = (0, 0, 0)
236.9329 	EXP 	responsel: foreColor = (0, 0, 0)
236.9496 	EXP 	responsel: foreColor = (0, 0, 0)
236.9663 	EXP 	responsel: foreColor = (0, 0, 0)
236.9829 	EXP 	responsel: foreColor = (0, 0, 0)
236.9996 	EXP 	responsel: foreColor = (0, 0, 0)
237.0162 	EXP 	responsel: foreColor = (0, 0, 0)
237.0329 	EXP 	responsel: foreColor = (0, 0, 0)
237.0496 	EXP 	responsel: foreColor = (0, 0, 0)
237.0662 	EXP 	responsel: foreColor = (0, 0, 0)
237.0829 	EXP 	responsel: foreColor = (0, 0, 0)
237.0996 	EXP 	responsel: foreColor = (0, 0, 0)
237.1162 	EXP 	responsel: foreColor = (0, 0, 0)
237.1329 	EXP 	responsel: foreColor = (0, 0, 0)
237.1496 	EXP 	responsel: foreColor = (0, 0, 0)
237.1662 	EXP 	responsel: foreColor = (0, 0, 0)
237.1829 	EXP 	responsel: foreColor = (0, 0, 0)
237.1996 	EXP 	responsel: foreColor = (0, 0, 0)
237.2162 	EXP 	responsel: foreColor = (0, 0, 0)
237.2329 	EXP 	responsel: foreColor = (0, 0, 0)
237.2496 	EXP 	responsel: foreColor = (0, 0, 0)
237.2663 	EXP 	responsel: foreColor = (0, 0, 0)
237.2829 	EXP 	responsel: foreColor = (0, 0, 0)
237.2996 	EXP 	responsel: foreColor = (0, 0, 0)
237.3162 	EXP 	responsel: foreColor = (0, 0, 0)
237.3329 	EXP 	responsel: foreColor = (0, 0, 0)
237.3496 	EXP 	responsel: foreColor = (0, 0, 0)
237.3662 	EXP 	responsel: foreColor = (0, 0, 0)
237.3829 	EXP 	responsel: foreColor = (0, 0, 0)
237.3996 	EXP 	responsel: foreColor = (0, 0, 0)
237.4162 	EXP 	responsel: foreColor = (0, 0, 0)
237.4329 	EXP 	responsel: foreColor = (0, 0, 0)
237.4496 	EXP 	responsel: foreColor = (0, 0, 0)
237.4662 	EXP 	responsel: foreColor = (0, 0, 0)
237.4829 	EXP 	responsel: foreColor = (0, 0, 0)
237.4996 	EXP 	responsel: foreColor = (0, 0, 0)
237.5162 	EXP 	responsel: foreColor = (0, 0, 0)
237.5329 	EXP 	responsel: foreColor = (0, 0, 0)
237.5496 	EXP 	responsel: foreColor = (0, 0, 0)
237.5662 	EXP 	responsel: foreColor = (0, 0, 0)
237.5829 	EXP 	responsel: foreColor = (0, 0, 0)
237.5996 	EXP 	responsel: foreColor = (0, 0, 0)
237.6162 	EXP 	responsel: foreColor = (0, 0, 0)
237.6329 	EXP 	responsel: foreColor = (0, 0, 0)
237.6496 	EXP 	responsel: foreColor = (0, 0, 0)
237.6663 	EXP 	responsel: foreColor = (0, 0, 0)
237.6829 	EXP 	responsel: foreColor = (0, 0, 0)
237.6996 	EXP 	responsel: foreColor = (0, 0, 0)
237.7163 	EXP 	responsel: foreColor = (0, 0, 0)
237.7329 	EXP 	responsel: foreColor = (0, 0, 0)
237.7496 	EXP 	responsel: foreColor = (0, 0, 0)
237.7662 	EXP 	responsel: foreColor = (0, 0, 0)
237.7829 	EXP 	responsel: foreColor = (0, 0, 0)
237.7829 	EXP 	thermode_locali_pic: autoDraw = False
237.7996 	EXP 	responsel: foreColor = (0, 0, 0)
237.8163 	EXP 	responsel: foreColor = (0, 0, 0)
237.8329 	EXP 	responsel: foreColor = (0, 0, 0)
237.8496 	EXP 	responsel: foreColor = (0, 0, 0)
237.8662 	EXP 	responsel: foreColor = (0, 0, 0)
237.8829 	EXP 	responsel: foreColor = (0, 0, 0)
237.8996 	EXP 	responsel: foreColor = (0, 0, 0)
237.9162 	EXP 	responsel: foreColor = (0, 0, 0)
237.9329 	EXP 	responsel: foreColor = (0, 0, 0)
237.9496 	EXP 	responsel: foreColor = (0, 0, 0)
237.9662 	EXP 	responsel: foreColor = (0, 0, 0)
237.9829 	EXP 	responsel: foreColor = (0, 0, 0)
237.9996 	EXP 	responsel: foreColor = (0, 0, 0)
238.0162 	EXP 	responsel: foreColor = (0, 0, 0)
238.0330 	EXP 	responsel: foreColor = (0, 0, 0)
238.0496 	EXP 	responsel: foreColor = (0, 0, 0)
238.0663 	EXP 	responsel: foreColor = (0, 0, 0)
238.0830 	EXP 	responsel: foreColor = (0, 0, 0)
238.0996 	EXP 	responsel: foreColor = (0, 0, 0)
238.1163 	EXP 	responsel: foreColor = (0, 0, 0)
238.1330 	EXP 	responsel: foreColor = (0, 0, 0)
238.1496 	EXP 	responsel: foreColor = (0, 0, 0)
238.1663 	EXP 	responsel: foreColor = (0, 0, 0)
238.1830 	EXP 	responsel: foreColor = (0, 0, 0)
238.1996 	EXP 	responsel: foreColor = (0, 0, 0)
238.2163 	EXP 	responsel: foreColor = (0, 0, 0)
238.2330 	EXP 	responsel: foreColor = (0, 0, 0)
238.2496 	EXP 	responsel: foreColor = (0, 0, 0)
238.2663 	EXP 	responsel: foreColor = (0, 0, 0)
238.2830 	EXP 	responsel: foreColor = (0, 0, 0)
238.2996 	EXP 	responsel: foreColor = (0, 0, 0)
238.3163 	EXP 	responsel: foreColor = (0, 0, 0)
238.3330 	EXP 	responsel: foreColor = (0, 0, 0)
238.3496 	EXP 	responsel: foreColor = (0, 0, 0)
238.3663 	EXP 	responsel: foreColor = (0, 0, 0)
238.3830 	EXP 	responsel: foreColor = (0, 0, 0)
238.3996 	EXP 	responsel: foreColor = (0, 0, 0)
238.4163 	EXP 	responsel: foreColor = (0, 0, 0)
238.4330 	EXP 	responsel: foreColor = (0, 0, 0)
238.4496 	EXP 	responsel: foreColor = (0, 0, 0)
238.4663 	EXP 	responsel: foreColor = (0, 0, 0)
238.4830 	EXP 	responsel: foreColor = (0, 0, 0)
238.4996 	EXP 	responsel: foreColor = (0, 0, 0)
238.5163 	EXP 	responsel: foreColor = (0, 0, 0)
238.5330 	EXP 	responsel: foreColor = (0, 0, 0)
238.5496 	EXP 	responsel: foreColor = (0, 0, 0)
238.5507 	EXP 	New trial (rep=7, index=0): None
238.5663 	EXP 	responsel: foreColor = (0, 0, 0)
238.5663 	EXP 	responsel: autoDraw = False
238.5663 	EXP 	percu_or: autoDraw = False
238.5663 	EXP 	responser: autoDraw = False
238.5663 	EXP 	thermode_locali_pic: autoDraw = False
238.5663 	EXP 	responsel: autoDraw = False
238.5663 	EXP 	percu_or: autoDraw = False
238.5663 	EXP 	responser: autoDraw = False
238.5663 	EXP 	responsel: foreColor = 'white'
238.5663 	EXP 	responser: foreColor = 'white'
238.5663 	EXP 	text_pic: autoDraw = True
238.5663 	EXP 	croix_3: autoDraw = True
243.5664 	EXP 	text_pic: autoDraw = False
243.5664 	EXP 	croix_3: autoDraw = False
243.5664 	EXP 	text_pic: autoDraw = False
243.5664 	EXP 	croix_3: autoDraw = False
243.5664 	EXP 	thermode_locali_pic: height = 0.02
243.5664 	EXP 	thermode_locali_pic: height = 0.02
243.5664 	EXP 	thermode_locali_pic: height = 0.02
243.5664 	EXP 	thermode_locali_pic: text = 'T : 3'
243.5664 	EXP 	responsel: text = 'NON              '
243.5664 	EXP 	thermode_locali_pic: autoDraw = True
251.5497 	EXP 	responsel: autoDraw = True
251.5497 	EXP 	percu_or: autoDraw = True
251.5497 	EXP 	responser: autoDraw = True
252.0176 	DATA 	Keypress: m
252.0498 	EXP 	responsel: foreColor = (0, 0, 0)
252.0664 	EXP 	responsel: foreColor = (0, 0, 0)
252.0831 	EXP 	responsel: foreColor = (0, 0, 0)
252.0998 	EXP 	responsel: foreColor = (0, 0, 0)
252.1164 	EXP 	responsel: foreColor = (0, 0, 0)
252.1331 	EXP 	responsel: foreColor = (0, 0, 0)
252.1498 	EXP 	responsel: foreColor = (0, 0, 0)
252.1664 	EXP 	responsel: foreColor = (0, 0, 0)
252.1831 	EXP 	responsel: foreColor = (0, 0, 0)
252.1998 	EXP 	responsel: foreColor = (0, 0, 0)
252.2164 	EXP 	responsel: foreColor = (0, 0, 0)
252.2331 	EXP 	responsel: foreColor = (0, 0, 0)
252.2498 	EXP 	responsel: foreColor = (0, 0, 0)
252.2664 	EXP 	responsel: foreColor = (0, 0, 0)
252.2832 	EXP 	responsel: foreColor = (0, 0, 0)
252.2999 	EXP 	responsel: foreColor = (0, 0, 0)
252.3165 	EXP 	responsel: foreColor = (0, 0, 0)
252.3332 	EXP 	responsel: foreColor = (0, 0, 0)
252.3498 	EXP 	responsel: foreColor = (0, 0, 0)
252.3665 	EXP 	responsel: foreColor = (0, 0, 0)
252.3832 	EXP 	responsel: foreColor = (0, 0, 0)
252.3999 	EXP 	responsel: foreColor = (0, 0, 0)
252.4165 	EXP 	responsel: foreColor = (0, 0, 0)
252.4332 	EXP 	responsel: foreColor = (0, 0, 0)
252.4499 	EXP 	responsel: foreColor = (0, 0, 0)
252.4665 	EXP 	responsel: foreColor = (0, 0, 0)
252.4832 	EXP 	responsel: foreColor = (0, 0, 0)
252.4999 	EXP 	responsel: foreColor = (0, 0, 0)
252.5165 	EXP 	responsel: foreColor = (0, 0, 0)
252.5332 	EXP 	responsel: foreColor = (0, 0, 0)
252.5499 	EXP 	responsel: foreColor = (0, 0, 0)
252.5665 	EXP 	responsel: foreColor = (0, 0, 0)
252.5832 	EXP 	responsel: foreColor = (0, 0, 0)
252.5999 	EXP 	responsel: foreColor = (0, 0, 0)
252.6165 	EXP 	responsel: foreColor = (0, 0, 0)
252.6332 	EXP 	responsel: foreColor = (0, 0, 0)
252.6499 	EXP 	responsel: foreColor = (0, 0, 0)
252.6665 	EXP 	responsel: foreColor = (0, 0, 0)
252.6832 	EXP 	responsel: foreColor = (0, 0, 0)
252.6999 	EXP 	responsel: foreColor = (0, 0, 0)
252.7165 	EXP 	responsel: foreColor = (0, 0, 0)
252.7332 	EXP 	responsel: foreColor = (0, 0, 0)
252.7499 	EXP 	responsel: foreColor = (0, 0, 0)
252.7664 	EXP 	responsel: foreColor = (0, 0, 0)
252.7831 	EXP 	responsel: foreColor = (0, 0, 0)
252.7997 	EXP 	responsel: foreColor = (0, 0, 0)
252.8164 	EXP 	responsel: foreColor = (0, 0, 0)
252.8331 	EXP 	responsel: foreColor = (0, 0, 0)
252.8497 	EXP 	responsel: foreColor = (0, 0, 0)
252.8665 	EXP 	responsel: foreColor = (0, 0, 0)
252.8831 	EXP 	responsel: foreColor = (0, 0, 0)
252.8998 	EXP 	responsel: foreColor = (0, 0, 0)
252.9165 	EXP 	responsel: foreColor = (0, 0, 0)
252.9331 	EXP 	responsel: foreColor = (0, 0, 0)
252.9498 	EXP 	responsel: foreColor = (0, 0, 0)
252.9665 	EXP 	responsel: foreColor = (0, 0, 0)
252.9831 	EXP 	responsel: foreColor = (0, 0, 0)
252.9998 	EXP 	responsel: foreColor = (0, 0, 0)
253.0165 	EXP 	responsel: foreColor = (0, 0, 0)
253.0331 	EXP 	responsel: foreColor = (0, 0, 0)
253.0499 	EXP 	responsel: foreColor = (0, 0, 0)
253.0665 	EXP 	responsel: foreColor = (0, 0, 0)
253.0832 	EXP 	responsel: foreColor = (0, 0, 0)
253.0998 	EXP 	responsel: foreColor = (0, 0, 0)
253.1165 	EXP 	responsel: foreColor = (0, 0, 0)
253.1331 	EXP 	responsel: foreColor = (0, 0, 0)
253.1498 	EXP 	responsel: foreColor = (0, 0, 0)
253.1665 	EXP 	responsel: foreColor = (0, 0, 0)
253.1832 	EXP 	responsel: foreColor = (0, 0, 0)
253.1999 	EXP 	responsel: foreColor = (0, 0, 0)
253.2166 	EXP 	responsel: foreColor = (0, 0, 0)
253.2333 	EXP 	responsel: foreColor = (0, 0, 0)
253.2500 	EXP 	responsel: foreColor = (0, 0, 0)
253.2665 	EXP 	responsel: foreColor = (0, 0, 0)
253.2831 	EXP 	responsel: foreColor = (0, 0, 0)
253.2998 	EXP 	responsel: foreColor = (0, 0, 0)
253.3164 	EXP 	responsel: foreColor = (0, 0, 0)
253.3331 	EXP 	responsel: foreColor = (0, 0, 0)
253.3498 	EXP 	responsel: foreColor = (0, 0, 0)
253.3665 	EXP 	responsel: foreColor = (0, 0, 0)
253.3832 	EXP 	responsel: foreColor = (0, 0, 0)
253.3998 	EXP 	responsel: foreColor = (0, 0, 0)
253.4165 	EXP 	responsel: foreColor = (0, 0, 0)
253.4332 	EXP 	responsel: foreColor = (0, 0, 0)
253.4498 	EXP 	responsel: foreColor = (0, 0, 0)
253.4665 	EXP 	responsel: foreColor = (0, 0, 0)
253.4832 	EXP 	responsel: foreColor = (0, 0, 0)
253.4998 	EXP 	responsel: foreColor = (0, 0, 0)
253.5165 	EXP 	responsel: foreColor = (0, 0, 0)
253.5332 	EXP 	responsel: foreColor = (0, 0, 0)
253.5498 	EXP 	responsel: foreColor = (0, 0, 0)
253.5665 	EXP 	responsel: foreColor = (0, 0, 0)
253.5831 	EXP 	responsel: foreColor = (0, 0, 0)
253.5998 	EXP 	responsel: foreColor = (0, 0, 0)
253.6165 	EXP 	responsel: foreColor = (0, 0, 0)
253.6332 	EXP 	responsel: foreColor = (0, 0, 0)
253.6499 	EXP 	responsel: foreColor = (0, 0, 0)
253.6666 	EXP 	responsel: foreColor = (0, 0, 0)
253.6832 	EXP 	responsel: foreColor = (0, 0, 0)
253.6999 	EXP 	responsel: foreColor = (0, 0, 0)
253.7166 	EXP 	responsel: foreColor = (0, 0, 0)
253.7332 	EXP 	responsel: foreColor = (0, 0, 0)
253.7499 	EXP 	responsel: foreColor = (0, 0, 0)
253.7666 	EXP 	responsel: foreColor = (0, 0, 0)
253.7666 	EXP 	thermode_locali_pic: autoDraw = False
253.7832 	EXP 	responsel: foreColor = (0, 0, 0)
253.7999 	EXP 	responsel: foreColor = (0, 0, 0)
253.8166 	EXP 	responsel: foreColor = (0, 0, 0)
253.8332 	EXP 	responsel: foreColor = (0, 0, 0)
253.8499 	EXP 	responsel: foreColor = (0, 0, 0)
253.8666 	EXP 	responsel: foreColor = (0, 0, 0)
253.8832 	EXP 	responsel: foreColor = (0, 0, 0)
253.8999 	EXP 	responsel: foreColor = (0, 0, 0)
253.9166 	EXP 	responsel: foreColor = (0, 0, 0)
253.9332 	EXP 	responsel: foreColor = (0, 0, 0)
253.9499 	EXP 	responsel: foreColor = (0, 0, 0)
253.9666 	EXP 	responsel: foreColor = (0, 0, 0)
253.9832 	EXP 	responsel: foreColor = (0, 0, 0)
253.9999 	EXP 	responsel: foreColor = (0, 0, 0)
254.0165 	EXP 	responsel: foreColor = (0, 0, 0)
254.0332 	EXP 	responsel: foreColor = (0, 0, 0)
254.0498 	EXP 	responsel: foreColor = (0, 0, 0)
254.0666 	EXP 	responsel: foreColor = (0, 0, 0)
254.0832 	EXP 	responsel: foreColor = (0, 0, 0)
254.0999 	EXP 	responsel: foreColor = (0, 0, 0)
254.1166 	EXP 	responsel: foreColor = (0, 0, 0)
254.1332 	EXP 	responsel: foreColor = (0, 0, 0)
254.1499 	EXP 	responsel: foreColor = (0, 0, 0)
254.1666 	EXP 	responsel: foreColor = (0, 0, 0)
254.1832 	EXP 	responsel: foreColor = (0, 0, 0)
254.1999 	EXP 	responsel: foreColor = (0, 0, 0)
254.2166 	EXP 	responsel: foreColor = (0, 0, 0)
254.2332 	EXP 	responsel: foreColor = (0, 0, 0)
254.2499 	EXP 	responsel: foreColor = (0, 0, 0)
254.2666 	EXP 	responsel: foreColor = (0, 0, 0)
254.2832 	EXP 	responsel: foreColor = (0, 0, 0)
254.2999 	EXP 	responsel: foreColor = (0, 0, 0)
254.3166 	EXP 	responsel: foreColor = (0, 0, 0)
254.3332 	EXP 	responsel: foreColor = (0, 0, 0)
254.3499 	EXP 	responsel: foreColor = (0, 0, 0)
254.3666 	EXP 	responsel: foreColor = (0, 0, 0)
254.3832 	EXP 	responsel: foreColor = (0, 0, 0)
254.3999 	EXP 	responsel: foreColor = (0, 0, 0)
254.4166 	EXP 	responsel: foreColor = (0, 0, 0)
254.4332 	EXP 	responsel: foreColor = (0, 0, 0)
254.4499 	EXP 	responsel: foreColor = (0, 0, 0)
254.4666 	EXP 	responsel: foreColor = (0, 0, 0)
254.4832 	EXP 	responsel: foreColor = (0, 0, 0)
254.4999 	EXP 	responsel: foreColor = (0, 0, 0)
254.5166 	EXP 	responsel: foreColor = (0, 0, 0)
254.5333 	EXP 	responsel: foreColor = (0, 0, 0)
254.5343 	EXP 	New trial (rep=8, index=0): None
254.5498 	EXP 	responsel: foreColor = (0, 0, 0)
254.5498 	EXP 	responsel: autoDraw = False
254.5498 	EXP 	percu_or: autoDraw = False
254.5498 	EXP 	responser: autoDraw = False
254.5498 	EXP 	thermode_locali_pic: autoDraw = False
254.5498 	EXP 	responsel: autoDraw = False
254.5498 	EXP 	percu_or: autoDraw = False
254.5498 	EXP 	responser: autoDraw = False
254.5498 	EXP 	responsel: foreColor = 'white'
254.5498 	EXP 	responser: foreColor = 'white'
254.5498 	EXP 	text_pic: autoDraw = True
254.5498 	EXP 	croix_3: autoDraw = True
259.5500 	EXP 	text_pic: autoDraw = False
259.5500 	EXP 	croix_3: autoDraw = False
259.5500 	EXP 	text_pic: autoDraw = False
259.5500 	EXP 	croix_3: autoDraw = False
259.5500 	EXP 	thermode_locali_pic: height = 0.02
259.5500 	EXP 	thermode_locali_pic: height = 0.02
259.5500 	EXP 	thermode_locali_pic: height = 0.02
259.5500 	EXP 	thermode_locali_pic: text = 'T : 0'
259.5500 	EXP 	responsel: text = 'NON              '
259.5500 	EXP 	thermode_locali_pic: autoDraw = True
267.5334 	EXP 	responsel: autoDraw = True
267.5334 	EXP 	percu_or: autoDraw = True
267.5334 	EXP 	responser: autoDraw = True
268.0345 	DATA 	Keypress: n
268.0667 	EXP 	responser: foreColor = (0, 0, 0)
268.0834 	EXP 	responser: foreColor = (0, 0, 0)
268.1001 	EXP 	responser: foreColor = (0, 0, 0)
268.1167 	EXP 	responser: foreColor = (0, 0, 0)
268.1334 	EXP 	responser: foreColor = (0, 0, 0)
268.1501 	EXP 	responser: foreColor = (0, 0, 0)
268.1667 	EXP 	responser: foreColor = (0, 0, 0)
268.1833 	EXP 	responser: foreColor = (0, 0, 0)
268.2000 	EXP 	responser: foreColor = (0, 0, 0)
268.2167 	EXP 	responser: foreColor = (0, 0, 0)
268.2334 	EXP 	responser: foreColor = (0, 0, 0)
268.2500 	EXP 	responser: foreColor = (0, 0, 0)
268.2667 	EXP 	responser: foreColor = (0, 0, 0)
268.2833 	EXP 	responser: foreColor = (0, 0, 0)
268.3000 	EXP 	responser: foreColor = (0, 0, 0)
268.3167 	EXP 	responser: foreColor = (0, 0, 0)
268.3334 	EXP 	responser: foreColor = (0, 0, 0)
268.3500 	EXP 	responser: foreColor = (0, 0, 0)
268.3667 	EXP 	responser: foreColor = (0, 0, 0)
268.3834 	EXP 	responser: foreColor = (0, 0, 0)
268.4001 	EXP 	responser: foreColor = (0, 0, 0)
268.4167 	EXP 	responser: foreColor = (0, 0, 0)
268.4334 	EXP 	responser: foreColor = (0, 0, 0)
268.4501 	EXP 	responser: foreColor = (0, 0, 0)
268.4667 	EXP 	responser: foreColor = (0, 0, 0)
268.4834 	EXP 	responser: foreColor = (0, 0, 0)
268.5001 	EXP 	responser: foreColor = (0, 0, 0)
268.5167 	EXP 	responser: foreColor = (0, 0, 0)
268.5334 	EXP 	responser: foreColor = (0, 0, 0)
268.5501 	EXP 	responser: foreColor = (0, 0, 0)
268.5667 	EXP 	responser: foreColor = (0, 0, 0)
268.5833 	EXP 	responser: foreColor = (0, 0, 0)
268.6001 	EXP 	responser: foreColor = (0, 0, 0)
268.6167 	EXP 	responser: foreColor = (0, 0, 0)
268.6334 	EXP 	responser: foreColor = (0, 0, 0)
268.6501 	EXP 	responser: foreColor = (0, 0, 0)
268.6667 	EXP 	responser: foreColor = (0, 0, 0)
268.6834 	EXP 	responser: foreColor = (0, 0, 0)
268.7001 	EXP 	responser: foreColor = (0, 0, 0)
268.7167 	EXP 	responser: foreColor = (0, 0, 0)
268.7334 	EXP 	responser: foreColor = (0, 0, 0)
268.7501 	EXP 	responser: foreColor = (0, 0, 0)
268.7667 	EXP 	responser: foreColor = (0, 0, 0)
268.7834 	EXP 	responser: foreColor = (0, 0, 0)
268.8001 	EXP 	responser: foreColor = (0, 0, 0)
268.8167 	EXP 	responser: foreColor = (0, 0, 0)
268.8334 	EXP 	responser: foreColor = (0, 0, 0)
268.8501 	EXP 	responser: foreColor = (0, 0, 0)
268.8667 	EXP 	responser: foreColor = (0, 0, 0)
268.8834 	EXP 	responser: foreColor = (0, 0, 0)
268.9001 	EXP 	responser: foreColor = (0, 0, 0)
268.9167 	EXP 	responser: foreColor = (0, 0, 0)
268.9334 	EXP 	responser: foreColor = (0, 0, 0)
268.9500 	EXP 	responser: foreColor = (0, 0, 0)
268.9667 	EXP 	responser: foreColor = (0, 0, 0)
268.9834 	EXP 	responser: foreColor = (0, 0, 0)
269.0001 	EXP 	responser: foreColor = (0, 0, 0)
269.0167 	EXP 	responser: foreColor = (0, 0, 0)
269.0334 	EXP 	responser: foreColor = (0, 0, 0)
269.0501 	EXP 	responser: foreColor = (0, 0, 0)
269.0667 	EXP 	responser: foreColor = (0, 0, 0)
269.0834 	EXP 	responser: foreColor = (0, 0, 0)
269.1001 	EXP 	responser: foreColor = (0, 0, 0)
269.1167 	EXP 	responser: foreColor = (0, 0, 0)
269.1334 	EXP 	responser: foreColor = (0, 0, 0)
269.1501 	EXP 	responser: foreColor = (0, 0, 0)
269.1667 	EXP 	responser: foreColor = (0, 0, 0)
269.1834 	EXP 	responser: foreColor = (0, 0, 0)
269.2001 	EXP 	responser: foreColor = (0, 0, 0)
269.2168 	EXP 	responser: foreColor = (0, 0, 0)
269.2334 	EXP 	responser: foreColor = (0, 0, 0)
269.2501 	EXP 	responser: foreColor = (0, 0, 0)
269.2667 	EXP 	responser: foreColor = (0, 0, 0)
269.2834 	EXP 	responser: foreColor = (0, 0, 0)
269.3000 	EXP 	responser: foreColor = (0, 0, 0)
269.3167 	EXP 	responser: foreColor = (0, 0, 0)
269.3334 	EXP 	responser: foreColor = (0, 0, 0)
269.3501 	EXP 	responser: foreColor = (0, 0, 0)
269.3668 	EXP 	responser: foreColor = (0, 0, 0)
269.3834 	EXP 	responser: foreColor = (0, 0, 0)
269.4000 	EXP 	responser: foreColor = (0, 0, 0)
269.4168 	EXP 	responser: foreColor = (0, 0, 0)
269.4334 	EXP 	responser: foreColor = (0, 0, 0)
269.4501 	EXP 	responser: foreColor = (0, 0, 0)
269.4667 	EXP 	responser: foreColor = (0, 0, 0)
269.4834 	EXP 	responser: foreColor = (0, 0, 0)
269.5001 	EXP 	responser: foreColor = (0, 0, 0)
269.5167 	EXP 	responser: foreColor = (0, 0, 0)
269.5334 	EXP 	responser: foreColor = (0, 0, 0)
269.5501 	EXP 	responser: foreColor = (0, 0, 0)
269.5668 	EXP 	responser: foreColor = (0, 0, 0)
269.5834 	EXP 	responser: foreColor = (0, 0, 0)
269.6001 	EXP 	responser: foreColor = (0, 0, 0)
269.6168 	EXP 	responser: foreColor = (0, 0, 0)
269.6334 	EXP 	responser: foreColor = (0, 0, 0)
269.6500 	EXP 	responser: foreColor = (0, 0, 0)
269.6667 	EXP 	responser: foreColor = (0, 0, 0)
269.6834 	EXP 	responser: foreColor = (0, 0, 0)
269.7001 	EXP 	responser: foreColor = (0, 0, 0)
269.7167 	EXP 	responser: foreColor = (0, 0, 0)
269.7334 	EXP 	responser: foreColor = (0, 0, 0)
269.7501 	EXP 	responser: foreColor = (0, 0, 0)
269.7501 	EXP 	thermode_locali_pic: autoDraw = False
269.7668 	EXP 	responser: foreColor = (0, 0, 0)
269.7834 	EXP 	responser: foreColor = (0, 0, 0)
269.8000 	EXP 	responser: foreColor = (0, 0, 0)
269.8168 	EXP 	responser: foreColor = (0, 0, 0)
269.8334 	EXP 	responser: foreColor = (0, 0, 0)
269.8501 	EXP 	responser: foreColor = (0, 0, 0)
269.8668 	EXP 	responser: foreColor = (0, 0, 0)
269.8834 	EXP 	responser: foreColor = (0, 0, 0)
269.9001 	EXP 	responser: foreColor = (0, 0, 0)
269.9168 	EXP 	responser: foreColor = (0, 0, 0)
269.9334 	EXP 	responser: foreColor = (0, 0, 0)
269.9501 	EXP 	responser: foreColor = (0, 0, 0)
269.9668 	EXP 	responser: foreColor = (0, 0, 0)
269.9834 	EXP 	responser: foreColor = (0, 0, 0)
270.0001 	EXP 	responser: foreColor = (0, 0, 0)
270.0167 	EXP 	responser: foreColor = (0, 0, 0)
270.0334 	EXP 	responser: foreColor = (0, 0, 0)
270.0501 	EXP 	responser: foreColor = (0, 0, 0)
270.0668 	EXP 	responser: foreColor = (0, 0, 0)
270.0834 	EXP 	responser: foreColor = (0, 0, 0)
270.1001 	EXP 	responser: foreColor = (0, 0, 0)
270.1168 	EXP 	responser: foreColor = (0, 0, 0)
270.1334 	EXP 	responser: foreColor = (0, 0, 0)
270.1501 	EXP 	responser: foreColor = (0, 0, 0)
270.1668 	EXP 	responser: foreColor = (0, 0, 0)
270.1834 	EXP 	responser: foreColor = (0, 0, 0)
270.2000 	EXP 	responser: foreColor = (0, 0, 0)
270.2168 	EXP 	responser: foreColor = (0, 0, 0)
270.2334 	EXP 	responser: foreColor = (0, 0, 0)
270.2501 	EXP 	responser: foreColor = (0, 0, 0)
270.2668 	EXP 	responser: foreColor = (0, 0, 0)
270.2834 	EXP 	responser: foreColor = (0, 0, 0)
270.3001 	EXP 	responser: foreColor = (0, 0, 0)
270.3167 	EXP 	responser: foreColor = (0, 0, 0)
270.3334 	EXP 	responser: foreColor = (0, 0, 0)
270.3501 	EXP 	responser: foreColor = (0, 0, 0)
270.3667 	EXP 	responser: foreColor = (0, 0, 0)
270.3834 	EXP 	responser: foreColor = (0, 0, 0)
270.4001 	EXP 	responser: foreColor = (0, 0, 0)
270.4167 	EXP 	responser: foreColor = (0, 0, 0)
270.4334 	EXP 	responser: foreColor = (0, 0, 0)
270.4501 	EXP 	responser: foreColor = (0, 0, 0)
270.4667 	EXP 	responser: foreColor = (0, 0, 0)
270.4834 	EXP 	responser: foreColor = (0, 0, 0)
270.5001 	EXP 	responser: foreColor = (0, 0, 0)
270.5167 	EXP 	responser: foreColor = (0, 0, 0)
270.5177 	EXP 	New trial (rep=9, index=0): None
270.5334 	EXP 	responser: foreColor = (0, 0, 0)
270.5334 	EXP 	responsel: autoDraw = False
270.5334 	EXP 	percu_or: autoDraw = False
270.5334 	EXP 	responser: autoDraw = False
270.5334 	EXP 	thermode_locali_pic: autoDraw = False
270.5334 	EXP 	responsel: autoDraw = False
270.5334 	EXP 	percu_or: autoDraw = False
270.5334 	EXP 	responser: autoDraw = False
270.5334 	EXP 	responsel: foreColor = 'white'
270.5334 	EXP 	responser: foreColor = 'white'
270.5334 	EXP 	text_pic: autoDraw = True
270.5334 	EXP 	croix_3: autoDraw = True
275.5335 	EXP 	text_pic: autoDraw = False
275.5335 	EXP 	croix_3: autoDraw = False
275.5335 	EXP 	text_pic: autoDraw = False
275.5335 	EXP 	croix_3: autoDraw = False
275.5335 	EXP 	thermode_locali_pic: height = 0.02
275.5335 	EXP 	thermode_locali_pic: height = 0.02
275.5335 	EXP 	thermode_locali_pic: height = 0.02
275.5335 	EXP 	thermode_locali_pic: text = 'T : 1'
275.5335 	EXP 	responsel: text = 'NON              '
275.5335 	EXP 	thermode_locali_pic: autoDraw = True
283.5168 	EXP 	responsel: autoDraw = True
283.5168 	EXP 	percu_or: autoDraw = True
283.5168 	EXP 	responser: autoDraw = True
283.9013 	DATA 	Keypress: m
283.9334 	EXP 	responsel: foreColor = (0, 0, 0)
283.9501 	EXP 	responsel: foreColor = (0, 0, 0)
283.9668 	EXP 	responsel: foreColor = (0, 0, 0)
283.9834 	EXP 	responsel: foreColor = (0, 0, 0)
284.0001 	EXP 	responsel: foreColor = (0, 0, 0)
284.0168 	EXP 	responsel: foreColor = (0, 0, 0)
284.0334 	EXP 	responsel: foreColor = (0, 0, 0)
284.0501 	EXP 	responsel: foreColor = (0, 0, 0)
284.0668 	EXP 	responsel: foreColor = (0, 0, 0)
284.0834 	EXP 	responsel: foreColor = (0, 0, 0)
284.1001 	EXP 	responsel: foreColor = (0, 0, 0)
284.1168 	EXP 	responsel: foreColor = (0, 0, 0)
284.1335 	EXP 	responsel: foreColor = (0, 0, 0)
284.1501 	EXP 	responsel: foreColor = (0, 0, 0)
284.1668 	EXP 	responsel: foreColor = (0, 0, 0)
284.1834 	EXP 	responsel: foreColor = (0, 0, 0)
284.2001 	EXP 	responsel: foreColor = (0, 0, 0)
284.2168 	EXP 	responsel: foreColor = (0, 0, 0)
284.2335 	EXP 	responsel: foreColor = (0, 0, 0)
284.2501 	EXP 	responsel: foreColor = (0, 0, 0)
284.2668 	EXP 	responsel: foreColor = (0, 0, 0)
284.2834 	EXP 	responsel: foreColor = (0, 0, 0)
284.3001 	EXP 	responsel: foreColor = (0, 0, 0)
284.3168 	EXP 	responsel: foreColor = (0, 0, 0)
284.3334 	EXP 	responsel: foreColor = (0, 0, 0)
284.3501 	EXP 	responsel: foreColor = (0, 0, 0)
284.3668 	EXP 	responsel: foreColor = (0, 0, 0)
284.3835 	EXP 	responsel: foreColor = (0, 0, 0)
284.4001 	EXP 	responsel: foreColor = (0, 0, 0)
284.4168 	EXP 	responsel: foreColor = (0, 0, 0)
284.4334 	EXP 	responsel: foreColor = (0, 0, 0)
284.4501 	EXP 	responsel: foreColor = (0, 0, 0)
284.4668 	EXP 	responsel: foreColor = (0, 0, 0)
284.4834 	EXP 	responsel: foreColor = (0, 0, 0)
284.5001 	EXP 	responsel: foreColor = (0, 0, 0)
284.5168 	EXP 	responsel: foreColor = (0, 0, 0)
284.5334 	EXP 	responsel: foreColor = (0, 0, 0)
284.5501 	EXP 	responsel: foreColor = (0, 0, 0)
284.5668 	EXP 	responsel: foreColor = (0, 0, 0)
284.5834 	EXP 	responsel: foreColor = (0, 0, 0)
284.6001 	EXP 	responsel: foreColor = (0, 0, 0)
284.6168 	EXP 	responsel: foreColor = (0, 0, 0)
284.6334 	EXP 	responsel: foreColor = (0, 0, 0)
284.6501 	EXP 	responsel: foreColor = (0, 0, 0)
284.6668 	EXP 	responsel: foreColor = (0, 0, 0)
284.6834 	EXP 	responsel: foreColor = (0, 0, 0)
284.7001 	EXP 	responsel: foreColor = (0, 0, 0)
284.7168 	EXP 	responsel: foreColor = (0, 0, 0)
284.7334 	EXP 	responsel: foreColor = (0, 0, 0)
284.7501 	EXP 	responsel: foreColor = (0, 0, 0)
284.7668 	EXP 	responsel: foreColor = (0, 0, 0)
284.7835 	EXP 	responsel: foreColor = (0, 0, 0)
284.8001 	EXP 	responsel: foreColor = (0, 0, 0)
284.8168 	EXP 	responsel: foreColor = (0, 0, 0)
284.8335 	EXP 	responsel: foreColor = (0, 0, 0)
284.8501 	EXP 	responsel: foreColor = (0, 0, 0)
284.8668 	EXP 	responsel: foreColor = (0, 0, 0)
284.8834 	EXP 	responsel: foreColor = (0, 0, 0)
284.9001 	EXP 	responsel: foreColor = (0, 0, 0)
284.9168 	EXP 	responsel: foreColor = (0, 0, 0)
284.9334 	EXP 	responsel: foreColor = (0, 0, 0)
284.9501 	EXP 	responsel: foreColor = (0, 0, 0)
284.9668 	EXP 	responsel: foreColor = (0, 0, 0)
284.9834 	EXP 	responsel: foreColor = (0, 0, 0)
285.0001 	EXP 	responsel: foreColor = (0, 0, 0)
285.0168 	EXP 	responsel: foreColor = (0, 0, 0)
285.0334 	EXP 	responsel: foreColor = (0, 0, 0)
285.0501 	EXP 	responsel: foreColor = (0, 0, 0)
285.0668 	EXP 	responsel: foreColor = (0, 0, 0)
285.0835 	EXP 	responsel: foreColor = (0, 0, 0)
285.1001 	EXP 	responsel: foreColor = (0, 0, 0)
285.1168 	EXP 	responsel: foreColor = (0, 0, 0)
285.1335 	EXP 	responsel: foreColor = (0, 0, 0)
285.1501 	EXP 	responsel: foreColor = (0, 0, 0)
285.1668 	EXP 	responsel: foreColor = (0, 0, 0)
285.1835 	EXP 	responsel: foreColor = (0, 0, 0)
285.2001 	EXP 	responsel: foreColor = (0, 0, 0)
285.2168 	EXP 	responsel: foreColor = (0, 0, 0)
285.2335 	EXP 	responsel: foreColor = (0, 0, 0)
285.2501 	EXP 	responsel: foreColor = (0, 0, 0)
285.2668 	EXP 	responsel: foreColor = (0, 0, 0)
285.2835 	EXP 	responsel: foreColor = (0, 0, 0)
285.3001 	EXP 	responsel: foreColor = (0, 0, 0)
285.3168 	EXP 	responsel: foreColor = (0, 0, 0)
285.3335 	EXP 	responsel: foreColor = (0, 0, 0)
285.3501 	EXP 	responsel: foreColor = (0, 0, 0)
285.3668 	EXP 	responsel: foreColor = (0, 0, 0)
285.3835 	EXP 	responsel: foreColor = (0, 0, 0)
285.4001 	EXP 	responsel: foreColor = (0, 0, 0)
285.4168 	EXP 	responsel: foreColor = (0, 0, 0)
285.4335 	EXP 	responsel: foreColor = (0, 0, 0)
285.4501 	EXP 	responsel: foreColor = (0, 0, 0)
285.4668 	EXP 	responsel: foreColor = (0, 0, 0)
285.4835 	EXP 	responsel: foreColor = (0, 0, 0)
285.5001 	EXP 	responsel: foreColor = (0, 0, 0)
285.5168 	EXP 	responsel: foreColor = (0, 0, 0)
285.5335 	EXP 	responsel: foreColor = (0, 0, 0)
285.5502 	EXP 	responsel: foreColor = (0, 0, 0)
285.5669 	EXP 	responsel: foreColor = (0, 0, 0)
285.5836 	EXP 	responsel: foreColor = (0, 0, 0)
285.6003 	EXP 	responsel: foreColor = (0, 0, 0)
285.6169 	EXP 	responsel: foreColor = (0, 0, 0)
285.6336 	EXP 	responsel: foreColor = (0, 0, 0)
285.6503 	EXP 	responsel: foreColor = (0, 0, 0)
285.6669 	EXP 	responsel: foreColor = (0, 0, 0)
285.6836 	EXP 	responsel: foreColor = (0, 0, 0)
285.7003 	EXP 	responsel: foreColor = (0, 0, 0)
285.7169 	EXP 	responsel: foreColor = (0, 0, 0)
285.7336 	EXP 	responsel: foreColor = (0, 0, 0)
285.7336 	EXP 	thermode_locali_pic: autoDraw = False
285.7503 	EXP 	responsel: foreColor = (0, 0, 0)
285.7669 	EXP 	responsel: foreColor = (0, 0, 0)
285.7836 	EXP 	responsel: foreColor = (0, 0, 0)
285.8003 	EXP 	responsel: foreColor = (0, 0, 0)
285.8169 	EXP 	responsel: foreColor = (0, 0, 0)
285.8336 	EXP 	responsel: foreColor = (0, 0, 0)
285.8503 	EXP 	responsel: foreColor = (0, 0, 0)
285.8669 	EXP 	responsel: foreColor = (0, 0, 0)
285.8835 	EXP 	responsel: foreColor = (0, 0, 0)
285.9002 	EXP 	responsel: foreColor = (0, 0, 0)
285.9168 	EXP 	responsel: foreColor = (0, 0, 0)
285.9335 	EXP 	responsel: foreColor = (0, 0, 0)
285.9502 	EXP 	responsel: foreColor = (0, 0, 0)
285.9668 	EXP 	responsel: foreColor = (0, 0, 0)
285.9835 	EXP 	responsel: foreColor = (0, 0, 0)
286.0002 	EXP 	responsel: foreColor = (0, 0, 0)
286.0168 	EXP 	responsel: foreColor = (0, 0, 0)
286.0335 	EXP 	responsel: foreColor = (0, 0, 0)
286.0502 	EXP 	responsel: foreColor = (0, 0, 0)
286.0668 	EXP 	responsel: foreColor = (0, 0, 0)
286.0835 	EXP 	responsel: foreColor = (0, 0, 0)
286.1002 	EXP 	responsel: foreColor = (0, 0, 0)
286.1168 	EXP 	responsel: foreColor = (0, 0, 0)
286.1335 	EXP 	responsel: foreColor = (0, 0, 0)
286.1502 	EXP 	responsel: foreColor = (0, 0, 0)
286.1668 	EXP 	responsel: foreColor = (0, 0, 0)
286.1835 	EXP 	responsel: foreColor = (0, 0, 0)
286.2002 	EXP 	responsel: foreColor = (0, 0, 0)
286.2168 	EXP 	responsel: foreColor = (0, 0, 0)
286.2335 	EXP 	responsel: foreColor = (0, 0, 0)
286.2502 	EXP 	responsel: foreColor = (0, 0, 0)
286.2668 	EXP 	responsel: foreColor = (0, 0, 0)
286.2835 	EXP 	responsel: foreColor = (0, 0, 0)
286.3002 	EXP 	responsel: foreColor = (0, 0, 0)
286.3168 	EXP 	responsel: foreColor = (0, 0, 0)
286.3335 	EXP 	responsel: foreColor = (0, 0, 0)
286.3502 	EXP 	responsel: foreColor = (0, 0, 0)
286.3668 	EXP 	responsel: foreColor = (0, 0, 0)
286.3835 	EXP 	responsel: foreColor = (0, 0, 0)
286.4002 	EXP 	responsel: foreColor = (0, 0, 0)
286.4168 	EXP 	responsel: foreColor = (0, 0, 0)
286.4335 	EXP 	responsel: foreColor = (0, 0, 0)
286.4501 	EXP 	responsel: foreColor = (0, 0, 0)
286.4668 	EXP 	responsel: foreColor = (0, 0, 0)
286.4835 	EXP 	responsel: foreColor = (0, 0, 0)
286.5001 	EXP 	responsel: foreColor = (0, 0, 0)
286.5011 	EXP 	New trial (rep=10, index=0): None
286.5168 	EXP 	responsel: foreColor = (0, 0, 0)
286.5168 	EXP 	responsel: autoDraw = False
286.5168 	EXP 	percu_or: autoDraw = False
286.5168 	EXP 	responser: autoDraw = False
286.5168 	EXP 	thermode_locali_pic: autoDraw = False
286.5168 	EXP 	responsel: autoDraw = False
286.5168 	EXP 	percu_or: autoDraw = False
286.5168 	EXP 	responser: autoDraw = False
286.5168 	EXP 	responsel: foreColor = 'white'
286.5168 	EXP 	responser: foreColor = 'white'
286.5168 	EXP 	text_pic: autoDraw = True
286.5168 	EXP 	croix_3: autoDraw = True
291.5169 	EXP 	text_pic: autoDraw = False
291.5169 	EXP 	croix_3: autoDraw = False
291.5169 	EXP 	text_pic: autoDraw = False
291.5169 	EXP 	croix_3: autoDraw = False
291.5169 	EXP 	thermode_locali_pic: height = 0.02
291.5169 	EXP 	thermode_locali_pic: height = 0.02
291.5169 	EXP 	thermode_locali_pic: height = 0.02
291.5169 	EXP 	thermode_locali_pic: text = 'T : 2'
291.5169 	EXP 	responsel: text = 'NON              '
291.5169 	EXP 	thermode_locali_pic: autoDraw = True
299.5004 	EXP 	responsel: autoDraw = True
299.5004 	EXP 	percu_or: autoDraw = True
299.5004 	EXP 	responser: autoDraw = True
299.8682 	DATA 	Keypress: m
299.9004 	EXP 	responsel: foreColor = (0, 0, 0)
299.9171 	EXP 	responsel: foreColor = (0, 0, 0)
299.9337 	EXP 	responsel: foreColor = (0, 0, 0)
299.9504 	EXP 	responsel: foreColor = (0, 0, 0)
299.9671 	EXP 	responsel: foreColor = (0, 0, 0)
299.9837 	EXP 	responsel: foreColor = (0, 0, 0)
300.0004 	EXP 	responsel: foreColor = (0, 0, 0)
300.0171 	EXP 	responsel: foreColor = (0, 0, 0)
300.0338 	EXP 	responsel: foreColor = (0, 0, 0)
300.0504 	EXP 	responsel: foreColor = (0, 0, 0)
300.0671 	EXP 	responsel: foreColor = (0, 0, 0)
300.0837 	EXP 	responsel: foreColor = (0, 0, 0)
300.1004 	EXP 	responsel: foreColor = (0, 0, 0)
300.1171 	EXP 	responsel: foreColor = (0, 0, 0)
300.1337 	EXP 	responsel: foreColor = (0, 0, 0)
300.1504 	EXP 	responsel: foreColor = (0, 0, 0)
300.1671 	EXP 	responsel: foreColor = (0, 0, 0)
300.1838 	EXP 	responsel: foreColor = (0, 0, 0)
300.2004 	EXP 	responsel: foreColor = (0, 0, 0)
300.2171 	EXP 	responsel: foreColor = (0, 0, 0)
300.2337 	EXP 	responsel: foreColor = (0, 0, 0)
300.2504 	EXP 	responsel: foreColor = (0, 0, 0)
300.2671 	EXP 	responsel: foreColor = (0, 0, 0)
300.2837 	EXP 	responsel: foreColor = (0, 0, 0)
300.3004 	EXP 	responsel: foreColor = (0, 0, 0)
300.3171 	EXP 	responsel: foreColor = (0, 0, 0)
300.3337 	EXP 	responsel: foreColor = (0, 0, 0)
300.3504 	EXP 	responsel: foreColor = (0, 0, 0)
300.3671 	EXP 	responsel: foreColor = (0, 0, 0)
300.3837 	EXP 	responsel: foreColor = (0, 0, 0)
300.4004 	EXP 	responsel: foreColor = (0, 0, 0)
300.4171 	EXP 	responsel: foreColor = (0, 0, 0)
300.4337 	EXP 	responsel: foreColor = (0, 0, 0)
300.4504 	EXP 	responsel: foreColor = (0, 0, 0)
300.4671 	EXP 	responsel: foreColor = (0, 0, 0)
300.4837 	EXP 	responsel: foreColor = (0, 0, 0)
300.5004 	EXP 	responsel: foreColor = (0, 0, 0)
300.5171 	EXP 	responsel: foreColor = (0, 0, 0)
300.5337 	EXP 	responsel: foreColor = (0, 0, 0)
300.5504 	EXP 	responsel: foreColor = (0, 0, 0)
300.5671 	EXP 	responsel: foreColor = (0, 0, 0)
300.5837 	EXP 	responsel: foreColor = (0, 0, 0)
300.6005 	EXP 	responsel: foreColor = (0, 0, 0)
300.6170 	EXP 	responsel: foreColor = (0, 0, 0)
300.6337 	EXP 	responsel: foreColor = (0, 0, 0)
300.6504 	EXP 	responsel: foreColor = (0, 0, 0)
300.6671 	EXP 	responsel: foreColor = (0, 0, 0)
300.6837 	EXP 	responsel: foreColor = (0, 0, 0)
300.7003 	EXP 	responsel: foreColor = (0, 0, 0)
300.7171 	EXP 	responsel: foreColor = (0, 0, 0)
300.7337 	EXP 	responsel: foreColor = (0, 0, 0)
300.7504 	EXP 	responsel: foreColor = (0, 0, 0)
300.7671 	EXP 	responsel: foreColor = (0, 0, 0)
300.7837 	EXP 	responsel: foreColor = (0, 0, 0)
300.8004 	EXP 	responsel: foreColor = (0, 0, 0)
300.8171 	EXP 	responsel: foreColor = (0, 0, 0)
300.8337 	EXP 	responsel: foreColor = (0, 0, 0)
300.8504 	EXP 	responsel: foreColor = (0, 0, 0)
300.8671 	EXP 	responsel: foreColor = (0, 0, 0)
300.8837 	EXP 	responsel: foreColor = (0, 0, 0)
300.9004 	EXP 	responsel: foreColor = (0, 0, 0)
300.9171 	EXP 	responsel: foreColor = (0, 0, 0)
300.9338 	EXP 	responsel: foreColor = (0, 0, 0)
300.9504 	EXP 	responsel: foreColor = (0, 0, 0)
300.9671 	EXP 	responsel: foreColor = (0, 0, 0)
300.9837 	EXP 	responsel: foreColor = (0, 0, 0)
301.0004 	EXP 	responsel: foreColor = (0, 0, 0)
301.0170 	EXP 	responsel: foreColor = (0, 0, 0)
301.0337 	EXP 	responsel: foreColor = (0, 0, 0)
301.0504 	EXP 	responsel: foreColor = (0, 0, 0)
301.0671 	EXP 	responsel: foreColor = (0, 0, 0)
301.0837 	EXP 	responsel: foreColor = (0, 0, 0)
301.1004 	EXP 	responsel: foreColor = (0, 0, 0)
301.1171 	EXP 	responsel: foreColor = (0, 0, 0)
301.1338 	EXP 	responsel: foreColor = (0, 0, 0)
301.1505 	EXP 	responsel: foreColor = (0, 0, 0)
301.1671 	EXP 	responsel: foreColor = (0, 0, 0)
301.1838 	EXP 	responsel: foreColor = (0, 0, 0)
301.2004 	EXP 	responsel: foreColor = (0, 0, 0)
301.2171 	EXP 	responsel: foreColor = (0, 0, 0)
301.2338 	EXP 	responsel: foreColor = (0, 0, 0)
301.2504 	EXP 	responsel: foreColor = (0, 0, 0)
301.2671 	EXP 	responsel: foreColor = (0, 0, 0)
301.2839 	EXP 	responsel: foreColor = (0, 0, 0)
301.3006 	EXP 	responsel: foreColor = (0, 0, 0)
301.3173 	EXP 	responsel: foreColor = (0, 0, 0)
301.3339 	EXP 	responsel: foreColor = (0, 0, 0)
301.3504 	EXP 	responsel: foreColor = (0, 0, 0)
301.3671 	EXP 	responsel: foreColor = (0, 0, 0)
301.3837 	EXP 	responsel: foreColor = (0, 0, 0)
301.4005 	EXP 	responsel: foreColor = (0, 0, 0)
301.4170 	EXP 	responsel: foreColor = (0, 0, 0)
301.4337 	EXP 	responsel: foreColor = (0, 0, 0)
301.4504 	EXP 	responsel: foreColor = (0, 0, 0)
301.4671 	EXP 	responsel: foreColor = (0, 0, 0)
301.4838 	EXP 	responsel: foreColor = (0, 0, 0)
301.5004 	EXP 	responsel: foreColor = (0, 0, 0)
301.5171 	EXP 	responsel: foreColor = (0, 0, 0)
301.5338 	EXP 	responsel: foreColor = (0, 0, 0)
301.5504 	EXP 	responsel: foreColor = (0, 0, 0)
301.5671 	EXP 	responsel: foreColor = (0, 0, 0)
301.5838 	EXP 	responsel: foreColor = (0, 0, 0)
301.6004 	EXP 	responsel: foreColor = (0, 0, 0)
301.6171 	EXP 	responsel: foreColor = (0, 0, 0)
301.6338 	EXP 	responsel: foreColor = (0, 0, 0)
301.6504 	EXP 	responsel: foreColor = (0, 0, 0)
301.6671 	EXP 	responsel: foreColor = (0, 0, 0)
301.6838 	EXP 	responsel: foreColor = (0, 0, 0)
301.7004 	EXP 	responsel: foreColor = (0, 0, 0)
301.7171 	EXP 	responsel: foreColor = (0, 0, 0)
301.7171 	EXP 	thermode_locali_pic: autoDraw = False
301.7338 	EXP 	responsel: foreColor = (0, 0, 0)
301.7505 	EXP 	responsel: foreColor = (0, 0, 0)
301.7671 	EXP 	responsel: foreColor = (0, 0, 0)
301.7837 	EXP 	responsel: foreColor = (0, 0, 0)
301.8004 	EXP 	responsel: foreColor = (0, 0, 0)
301.8171 	EXP 	responsel: foreColor = (0, 0, 0)
301.8337 	EXP 	responsel: foreColor = (0, 0, 0)
301.8504 	EXP 	responsel: foreColor = (0, 0, 0)
301.8671 	EXP 	responsel: foreColor = (0, 0, 0)
301.8838 	EXP 	responsel: foreColor = (0, 0, 0)
301.9004 	EXP 	responsel: foreColor = (0, 0, 0)
301.9171 	EXP 	responsel: foreColor = (0, 0, 0)
301.9337 	EXP 	responsel: foreColor = (0, 0, 0)
301.9504 	EXP 	responsel: foreColor = (0, 0, 0)
301.9671 	EXP 	responsel: foreColor = (0, 0, 0)
301.9838 	EXP 	responsel: foreColor = (0, 0, 0)
302.0004 	EXP 	responsel: foreColor = (0, 0, 0)
302.0171 	EXP 	responsel: foreColor = (0, 0, 0)
302.0338 	EXP 	responsel: foreColor = (0, 0, 0)
302.0504 	EXP 	responsel: foreColor = (0, 0, 0)
302.0671 	EXP 	responsel: foreColor = (0, 0, 0)
302.0838 	EXP 	responsel: foreColor = (0, 0, 0)
302.1004 	EXP 	responsel: foreColor = (0, 0, 0)
302.1171 	EXP 	responsel: foreColor = (0, 0, 0)
302.1338 	EXP 	responsel: foreColor = (0, 0, 0)
302.1504 	EXP 	responsel: foreColor = (0, 0, 0)
302.1671 	EXP 	responsel: foreColor = (0, 0, 0)
302.1838 	EXP 	responsel: foreColor = (0, 0, 0)
302.2004 	EXP 	responsel: foreColor = (0, 0, 0)
302.2171 	EXP 	responsel: foreColor = (0, 0, 0)
302.2337 	EXP 	responsel: foreColor = (0, 0, 0)
302.2504 	EXP 	responsel: foreColor = (0, 0, 0)
302.2671 	EXP 	responsel: foreColor = (0, 0, 0)
302.2838 	EXP 	responsel: foreColor = (0, 0, 0)
302.3004 	EXP 	responsel: foreColor = (0, 0, 0)
302.3171 	EXP 	responsel: foreColor = (0, 0, 0)
302.3338 	EXP 	responsel: foreColor = (0, 0, 0)
302.3504 	EXP 	responsel: foreColor = (0, 0, 0)
302.3671 	EXP 	responsel: foreColor = (0, 0, 0)
302.3838 	EXP 	responsel: foreColor = (0, 0, 0)
302.4004 	EXP 	responsel: foreColor = (0, 0, 0)
302.4171 	EXP 	responsel: foreColor = (0, 0, 0)
302.4338 	EXP 	responsel: foreColor = (0, 0, 0)
302.4504 	EXP 	responsel: foreColor = (0, 0, 0)
302.4671 	EXP 	responsel: foreColor = (0, 0, 0)
302.4838 	EXP 	responsel: foreColor = (0, 0, 0)
302.4848 	EXP 	New trial (rep=11, index=0): None
302.5004 	EXP 	responsel: foreColor = (0, 0, 0)
302.5004 	EXP 	responsel: autoDraw = False
302.5004 	EXP 	percu_or: autoDraw = False
302.5004 	EXP 	responser: autoDraw = False
302.5004 	EXP 	thermode_locali_pic: autoDraw = False
302.5004 	EXP 	responsel: autoDraw = False
302.5004 	EXP 	percu_or: autoDraw = False
302.5004 	EXP 	responser: autoDraw = False
302.5004 	EXP 	responsel: foreColor = 'white'
302.5004 	EXP 	responser: foreColor = 'white'
302.5004 	EXP 	text_pic: autoDraw = True
302.5004 	EXP 	croix_3: autoDraw = True
307.5004 	EXP 	text_pic: autoDraw = False
307.5004 	EXP 	croix_3: autoDraw = False
307.5004 	EXP 	text_pic: autoDraw = False
307.5004 	EXP 	croix_3: autoDraw = False
307.5004 	EXP 	thermode_locali_pic: height = 0.02
307.5004 	EXP 	thermode_locali_pic: height = 0.02
307.5004 	EXP 	thermode_locali_pic: height = 0.02
307.5004 	EXP 	thermode_locali_pic: text = 'T : 3'
307.5004 	EXP 	responsel: text = 'NON              '
307.5004 	EXP 	thermode_locali_pic: autoDraw = True
315.4838 	EXP 	responsel: autoDraw = True
315.4838 	EXP 	percu_or: autoDraw = True
315.4838 	EXP 	responser: autoDraw = True
316.1184 	DATA 	Keypress: m
316.1505 	EXP 	responsel: foreColor = (0, 0, 0)
316.1671 	EXP 	responsel: foreColor = (0, 0, 0)
316.1838 	EXP 	responsel: foreColor = (0, 0, 0)
316.2005 	EXP 	responsel: foreColor = (0, 0, 0)
316.2171 	EXP 	responsel: foreColor = (0, 0, 0)
316.2338 	EXP 	responsel: foreColor = (0, 0, 0)
316.2505 	EXP 	responsel: foreColor = (0, 0, 0)
316.2671 	EXP 	responsel: foreColor = (0, 0, 0)
316.2838 	EXP 	responsel: foreColor = (0, 0, 0)
316.3005 	EXP 	responsel: foreColor = (0, 0, 0)
316.3171 	EXP 	responsel: foreColor = (0, 0, 0)
316.3338 	EXP 	responsel: foreColor = (0, 0, 0)
316.3505 	EXP 	responsel: foreColor = (0, 0, 0)
316.3671 	EXP 	responsel: foreColor = (0, 0, 0)
316.3838 	EXP 	responsel: foreColor = (0, 0, 0)
316.4005 	EXP 	responsel: foreColor = (0, 0, 0)
316.4171 	EXP 	responsel: foreColor = (0, 0, 0)
316.4338 	EXP 	responsel: foreColor = (0, 0, 0)
316.4505 	EXP 	responsel: foreColor = (0, 0, 0)
316.4672 	EXP 	responsel: foreColor = (0, 0, 0)
316.4838 	EXP 	responsel: foreColor = (0, 0, 0)
316.5005 	EXP 	responsel: foreColor = (0, 0, 0)
316.5171 	EXP 	responsel: foreColor = (0, 0, 0)
316.5338 	EXP 	responsel: foreColor = (0, 0, 0)
316.5505 	EXP 	responsel: foreColor = (0, 0, 0)
316.5671 	EXP 	responsel: foreColor = (0, 0, 0)
316.5838 	EXP 	responsel: foreColor = (0, 0, 0)
316.6005 	EXP 	responsel: foreColor = (0, 0, 0)
316.6171 	EXP 	responsel: foreColor = (0, 0, 0)
316.6338 	EXP 	responsel: foreColor = (0, 0, 0)
316.6505 	EXP 	responsel: foreColor = (0, 0, 0)
316.6672 	EXP 	responsel: foreColor = (0, 0, 0)
316.6838 	EXP 	responsel: foreColor = (0, 0, 0)
316.7005 	EXP 	responsel: foreColor = (0, 0, 0)
316.7171 	EXP 	responsel: foreColor = (0, 0, 0)
316.7338 	EXP 	responsel: foreColor = (0, 0, 0)
316.7505 	EXP 	responsel: foreColor = (0, 0, 0)
316.7671 	EXP 	responsel: foreColor = (0, 0, 0)
316.7838 	EXP 	responsel: foreColor = (0, 0, 0)
316.8005 	EXP 	responsel: foreColor = (0, 0, 0)
316.8171 	EXP 	responsel: foreColor = (0, 0, 0)
316.8338 	EXP 	responsel: foreColor = (0, 0, 0)
316.8505 	EXP 	responsel: foreColor = (0, 0, 0)
316.8671 	EXP 	responsel: foreColor = (0, 0, 0)
316.8838 	EXP 	responsel: foreColor = (0, 0, 0)
316.9005 	EXP 	responsel: foreColor = (0, 0, 0)
316.9172 	EXP 	responsel: foreColor = (0, 0, 0)
316.9338 	EXP 	responsel: foreColor = (0, 0, 0)
316.9505 	EXP 	responsel: foreColor = (0, 0, 0)
316.9671 	EXP 	responsel: foreColor = (0, 0, 0)
316.9838 	EXP 	responsel: foreColor = (0, 0, 0)
317.0005 	EXP 	responsel: foreColor = (0, 0, 0)
317.0172 	EXP 	responsel: foreColor = (0, 0, 0)
317.0338 	EXP 	responsel: foreColor = (0, 0, 0)
317.0505 	EXP 	responsel: foreColor = (0, 0, 0)
317.0671 	EXP 	responsel: foreColor = (0, 0, 0)
317.0838 	EXP 	responsel: foreColor = (0, 0, 0)
317.1005 	EXP 	responsel: foreColor = (0, 0, 0)
317.1172 	EXP 	responsel: foreColor = (0, 0, 0)
317.1338 	EXP 	responsel: foreColor = (0, 0, 0)
317.1505 	EXP 	responsel: foreColor = (0, 0, 0)
317.1671 	EXP 	responsel: foreColor = (0, 0, 0)
317.1838 	EXP 	responsel: foreColor = (0, 0, 0)
317.2005 	EXP 	responsel: foreColor = (0, 0, 0)
317.2172 	EXP 	responsel: foreColor = (0, 0, 0)
317.2338 	EXP 	responsel: foreColor = (0, 0, 0)
317.2505 	EXP 	responsel: foreColor = (0, 0, 0)
317.2671 	EXP 	responsel: foreColor = (0, 0, 0)
317.2839 	EXP 	responsel: foreColor = (0, 0, 0)
317.3005 	EXP 	responsel: foreColor = (0, 0, 0)
317.3172 	EXP 	responsel: foreColor = (0, 0, 0)
317.3338 	EXP 	responsel: foreColor = (0, 0, 0)
317.3505 	EXP 	responsel: foreColor = (0, 0, 0)
317.3671 	EXP 	responsel: foreColor = (0, 0, 0)
317.3838 	EXP 	responsel: foreColor = (0, 0, 0)
317.4005 	EXP 	responsel: foreColor = (0, 0, 0)
317.4171 	EXP 	responsel: foreColor = (0, 0, 0)
317.4338 	EXP 	responsel: foreColor = (0, 0, 0)
317.4505 	EXP 	responsel: foreColor = (0, 0, 0)
317.4671 	EXP 	responsel: foreColor = (0, 0, 0)
317.4838 	EXP 	responsel: foreColor = (0, 0, 0)
317.5005 	EXP 	responsel: foreColor = (0, 0, 0)
317.5172 	EXP 	responsel: foreColor = (0, 0, 0)
317.5338 	EXP 	responsel: foreColor = (0, 0, 0)
317.5505 	EXP 	responsel: foreColor = (0, 0, 0)
317.5672 	EXP 	responsel: foreColor = (0, 0, 0)
317.5839 	EXP 	responsel: foreColor = (0, 0, 0)
317.6005 	EXP 	responsel: foreColor = (0, 0, 0)
317.6172 	EXP 	responsel: foreColor = (0, 0, 0)
317.6338 	EXP 	responsel: foreColor = (0, 0, 0)
317.6505 	EXP 	responsel: foreColor = (0, 0, 0)
317.6672 	EXP 	responsel: foreColor = (0, 0, 0)
317.6839 	EXP 	responsel: foreColor = (0, 0, 0)
317.7005 	EXP 	responsel: foreColor = (0, 0, 0)
317.7005 	EXP 	thermode_locali_pic: autoDraw = False
317.7172 	EXP 	responsel: foreColor = (0, 0, 0)
317.7338 	EXP 	responsel: foreColor = (0, 0, 0)
317.7505 	EXP 	responsel: foreColor = (0, 0, 0)
317.7672 	EXP 	responsel: foreColor = (0, 0, 0)
317.7839 	EXP 	responsel: foreColor = (0, 0, 0)
317.8005 	EXP 	responsel: foreColor = (0, 0, 0)
317.8172 	EXP 	responsel: foreColor = (0, 0, 0)
317.8338 	EXP 	responsel: foreColor = (0, 0, 0)
317.8505 	EXP 	responsel: foreColor = (0, 0, 0)
317.8672 	EXP 	responsel: foreColor = (0, 0, 0)
317.8838 	EXP 	responsel: foreColor = (0, 0, 0)
317.9005 	EXP 	responsel: foreColor = (0, 0, 0)
317.9172 	EXP 	responsel: foreColor = (0, 0, 0)
317.9339 	EXP 	responsel: foreColor = (0, 0, 0)
317.9505 	EXP 	responsel: foreColor = (0, 0, 0)
317.9672 	EXP 	responsel: foreColor = (0, 0, 0)
317.9839 	EXP 	responsel: foreColor = (0, 0, 0)
318.0005 	EXP 	responsel: foreColor = (0, 0, 0)
318.0171 	EXP 	responsel: foreColor = (0, 0, 0)
318.0340 	EXP 	responsel: foreColor = (0, 0, 0)
318.0505 	EXP 	responsel: foreColor = (0, 0, 0)
318.0672 	EXP 	responsel: foreColor = (0, 0, 0)
318.0839 	EXP 	responsel: foreColor = (0, 0, 0)
318.1005 	EXP 	responsel: foreColor = (0, 0, 0)
318.1172 	EXP 	responsel: foreColor = (0, 0, 0)
318.1339 	EXP 	responsel: foreColor = (0, 0, 0)
318.1505 	EXP 	responsel: foreColor = (0, 0, 0)
318.1673 	EXP 	responsel: foreColor = (0, 0, 0)
318.1840 	EXP 	responsel: foreColor = (0, 0, 0)
318.2006 	EXP 	responsel: foreColor = (0, 0, 0)
318.2173 	EXP 	responsel: foreColor = (0, 0, 0)
318.2339 	EXP 	responsel: foreColor = (0, 0, 0)
318.2505 	EXP 	responsel: foreColor = (0, 0, 0)
318.2672 	EXP 	responsel: foreColor = (0, 0, 0)
318.2838 	EXP 	responsel: foreColor = (0, 0, 0)
318.3005 	EXP 	responsel: foreColor = (0, 0, 0)
318.3172 	EXP 	responsel: foreColor = (0, 0, 0)
318.3338 	EXP 	responsel: foreColor = (0, 0, 0)
318.3505 	EXP 	responsel: foreColor = (0, 0, 0)
318.3672 	EXP 	responsel: foreColor = (0, 0, 0)
318.3838 	EXP 	responsel: foreColor = (0, 0, 0)
318.4005 	EXP 	responsel: foreColor = (0, 0, 0)
318.4172 	EXP 	responsel: foreColor = (0, 0, 0)
318.4338 	EXP 	responsel: foreColor = (0, 0, 0)
318.4505 	EXP 	responsel: foreColor = (0, 0, 0)
318.4672 	EXP 	responsel: foreColor = (0, 0, 0)
318.4681 	EXP 	New trial (rep=12, index=0): None
318.4838 	EXP 	responsel: foreColor = (0, 0, 0)
318.4838 	EXP 	responsel: autoDraw = False
318.4838 	EXP 	percu_or: autoDraw = False
318.4838 	EXP 	responser: autoDraw = False
318.4838 	EXP 	thermode_locali_pic: autoDraw = False
318.4838 	EXP 	responsel: autoDraw = False
318.4838 	EXP 	percu_or: autoDraw = False
318.4838 	EXP 	responser: autoDraw = False
318.4838 	EXP 	responsel: foreColor = 'white'
318.4838 	EXP 	responser: foreColor = 'white'
318.4838 	EXP 	text_pic: autoDraw = True
318.4838 	EXP 	croix_3: autoDraw = True
323.4839 	EXP 	text_pic: autoDraw = False
323.4839 	EXP 	croix_3: autoDraw = False
323.4839 	EXP 	text_pic: autoDraw = False
323.4839 	EXP 	croix_3: autoDraw = False
323.4839 	EXP 	thermode_locali_pic: height = 0.02
323.4839 	EXP 	thermode_locali_pic: height = 0.02
323.4839 	EXP 	thermode_locali_pic: height = 0.02
323.4839 	EXP 	thermode_locali_pic: text = 'T : 0'
323.4839 	EXP 	responsel: text = 'NON              '
323.4839 	EXP 	thermode_locali_pic: autoDraw = True
331.4673 	EXP 	responsel: autoDraw = True
331.4673 	EXP 	percu_or: autoDraw = True
331.4673 	EXP 	responser: autoDraw = True
331.9017 	DATA 	Keypress: n
331.9340 	EXP 	responser: foreColor = (0, 0, 0)
331.9507 	EXP 	responser: foreColor = (0, 0, 0)
331.9673 	EXP 	responser: foreColor = (0, 0, 0)
331.9840 	EXP 	responser: foreColor = (0, 0, 0)
332.0007 	EXP 	responser: foreColor = (0, 0, 0)
332.0173 	EXP 	responser: foreColor = (0, 0, 0)
332.0340 	EXP 	responser: foreColor = (0, 0, 0)
332.0507 	EXP 	responser: foreColor = (0, 0, 0)
332.0673 	EXP 	responser: foreColor = (0, 0, 0)
332.0840 	EXP 	responser: foreColor = (0, 0, 0)
332.1007 	EXP 	responser: foreColor = (0, 0, 0)
332.1173 	EXP 	responser: foreColor = (0, 0, 0)
332.1340 	EXP 	responser: foreColor = (0, 0, 0)
332.1507 	EXP 	responser: foreColor = (0, 0, 0)
332.1673 	EXP 	responser: foreColor = (0, 0, 0)
332.1840 	EXP 	responser: foreColor = (0, 0, 0)
332.2006 	EXP 	responser: foreColor = (0, 0, 0)
332.2173 	EXP 	responser: foreColor = (0, 0, 0)
332.2340 	EXP 	responser: foreColor = (0, 0, 0)
332.2507 	EXP 	responser: foreColor = (0, 0, 0)
332.2673 	EXP 	responser: foreColor = (0, 0, 0)
332.2840 	EXP 	responser: foreColor = (0, 0, 0)
332.3007 	EXP 	responser: foreColor = (0, 0, 0)
332.3173 	EXP 	responser: foreColor = (0, 0, 0)
332.3340 	EXP 	responser: foreColor = (0, 0, 0)
332.3507 	EXP 	responser: foreColor = (0, 0, 0)
332.3673 	EXP 	responser: foreColor = (0, 0, 0)
332.3840 	EXP 	responser: foreColor = (0, 0, 0)
332.4007 	EXP 	responser: foreColor = (0, 0, 0)
332.4173 	EXP 	responser: foreColor = (0, 0, 0)
332.4340 	EXP 	responser: foreColor = (0, 0, 0)
332.4506 	EXP 	responser: foreColor = (0, 0, 0)
332.4673 	EXP 	responser: foreColor = (0, 0, 0)
332.4840 	EXP 	responser: foreColor = (0, 0, 0)
332.5007 	EXP 	responser: foreColor = (0, 0, 0)
332.5173 	EXP 	responser: foreColor = (0, 0, 0)
332.5340 	EXP 	responser: foreColor = (0, 0, 0)
332.5507 	EXP 	responser: foreColor = (0, 0, 0)
332.5673 	EXP 	responser: foreColor = (0, 0, 0)
332.5840 	EXP 	responser: foreColor = (0, 0, 0)
332.6007 	EXP 	responser: foreColor = (0, 0, 0)
332.6174 	EXP 	responser: foreColor = (0, 0, 0)
332.6341 	EXP 	responser: foreColor = (0, 0, 0)
332.6507 	EXP 	responser: foreColor = (0, 0, 0)
332.6674 	EXP 	responser: foreColor = (0, 0, 0)
332.6841 	EXP 	responser: foreColor = (0, 0, 0)
332.7008 	EXP 	responser: foreColor = (0, 0, 0)
332.7175 	EXP 	responser: foreColor = (0, 0, 0)
332.7341 	EXP 	responser: foreColor = (0, 0, 0)
332.7508 	EXP 	responser: foreColor = (0, 0, 0)
332.7674 	EXP 	responser: foreColor = (0, 0, 0)
332.7841 	EXP 	responser: foreColor = (0, 0, 0)
332.8008 	EXP 	responser: foreColor = (0, 0, 0)
332.8174 	EXP 	responser: foreColor = (0, 0, 0)
332.8341 	EXP 	responser: foreColor = (0, 0, 0)
332.8508 	EXP 	responser: foreColor = (0, 0, 0)
332.8675 	EXP 	responser: foreColor = (0, 0, 0)
332.8841 	EXP 	responser: foreColor = (0, 0, 0)
332.9008 	EXP 	responser: foreColor = (0, 0, 0)
332.9174 	EXP 	responser: foreColor = (0, 0, 0)
332.9341 	EXP 	responser: foreColor = (0, 0, 0)
332.9508 	EXP 	responser: foreColor = (0, 0, 0)
332.9675 	EXP 	responser: foreColor = (0, 0, 0)
332.9841 	EXP 	responser: foreColor = (0, 0, 0)
333.0008 	EXP 	responser: foreColor = (0, 0, 0)
333.0175 	EXP 	responser: foreColor = (0, 0, 0)
333.0342 	EXP 	responser: foreColor = (0, 0, 0)
333.0507 	EXP 	responser: foreColor = (0, 0, 0)
333.0675 	EXP 	responser: foreColor = (0, 0, 0)
333.0841 	EXP 	responser: foreColor = (0, 0, 0)
333.1008 	EXP 	responser: foreColor = (0, 0, 0)
333.1174 	EXP 	responser: foreColor = (0, 0, 0)
333.1341 	EXP 	responser: foreColor = (0, 0, 0)
333.1508 	EXP 	responser: foreColor = (0, 0, 0)
333.1674 	EXP 	responser: foreColor = (0, 0, 0)
333.1841 	EXP 	responser: foreColor = (0, 0, 0)
333.2008 	EXP 	responser: foreColor = (0, 0, 0)
333.2175 	EXP 	responser: foreColor = (0, 0, 0)
333.2341 	EXP 	responser: foreColor = (0, 0, 0)
333.2508 	EXP 	responser: foreColor = (0, 0, 0)
333.2674 	EXP 	responser: foreColor = (0, 0, 0)
333.2841 	EXP 	responser: foreColor = (0, 0, 0)
333.3008 	EXP 	responser: foreColor = (0, 0, 0)
333.3174 	EXP 	responser: foreColor = (0, 0, 0)
333.3341 	EXP 	responser: foreColor = (0, 0, 0)
333.3508 	EXP 	responser: foreColor = (0, 0, 0)
333.3675 	EXP 	responser: foreColor = (0, 0, 0)
333.3841 	EXP 	responser: foreColor = (0, 0, 0)
333.4008 	EXP 	responser: foreColor = (0, 0, 0)
333.4175 	EXP 	responser: foreColor = (0, 0, 0)
333.4341 	EXP 	responser: foreColor = (0, 0, 0)
333.4507 	EXP 	responser: foreColor = (0, 0, 0)
333.4675 	EXP 	responser: foreColor = (0, 0, 0)
333.4841 	EXP 	responser: foreColor = (0, 0, 0)
333.5008 	EXP 	responser: foreColor = (0, 0, 0)
333.5174 	EXP 	responser: foreColor = (0, 0, 0)
333.5341 	EXP 	responser: foreColor = (0, 0, 0)
333.5508 	EXP 	responser: foreColor = (0, 0, 0)
333.5675 	EXP 	responser: foreColor = (0, 0, 0)
333.5841 	EXP 	responser: foreColor = (0, 0, 0)
333.6008 	EXP 	responser: foreColor = (0, 0, 0)
333.6175 	EXP 	responser: foreColor = (0, 0, 0)
333.6341 	EXP 	responser: foreColor = (0, 0, 0)
333.6508 	EXP 	responser: foreColor = (0, 0, 0)
333.6675 	EXP 	responser: foreColor = (0, 0, 0)
333.6841 	EXP 	responser: foreColor = (0, 0, 0)
333.6841 	EXP 	thermode_locali_pic: autoDraw = False
333.7008 	EXP 	responser: foreColor = (0, 0, 0)
333.7175 	EXP 	responser: foreColor = (0, 0, 0)
333.7341 	EXP 	responser: foreColor = (0, 0, 0)
333.7508 	EXP 	responser: foreColor = (0, 0, 0)
333.7675 	EXP 	responser: foreColor = (0, 0, 0)
333.7841 	EXP 	responser: foreColor = (0, 0, 0)
333.8008 	EXP 	responser: foreColor = (0, 0, 0)
333.8175 	EXP 	responser: foreColor = (0, 0, 0)
333.8341 	EXP 	responser: foreColor = (0, 0, 0)
333.8508 	EXP 	responser: foreColor = (0, 0, 0)
333.8674 	EXP 	responser: foreColor = (0, 0, 0)
333.8841 	EXP 	responser: foreColor = (0, 0, 0)
333.9008 	EXP 	responser: foreColor = (0, 0, 0)
333.9174 	EXP 	responser: foreColor = (0, 0, 0)
333.9341 	EXP 	responser: foreColor = (0, 0, 0)
333.9508 	EXP 	responser: foreColor = (0, 0, 0)
333.9675 	EXP 	responser: foreColor = (0, 0, 0)
333.9841 	EXP 	responser: foreColor = (0, 0, 0)
334.0008 	EXP 	responser: foreColor = (0, 0, 0)
334.0175 	EXP 	responser: foreColor = (0, 0, 0)
334.0341 	EXP 	responser: foreColor = (0, 0, 0)
334.0508 	EXP 	responser: foreColor = (0, 0, 0)
334.0675 	EXP 	responser: foreColor = (0, 0, 0)
334.0841 	EXP 	responser: foreColor = (0, 0, 0)
334.1008 	EXP 	responser: foreColor = (0, 0, 0)
334.1175 	EXP 	responser: foreColor = (0, 0, 0)
334.1341 	EXP 	responser: foreColor = (0, 0, 0)
334.1508 	EXP 	responser: foreColor = (0, 0, 0)
334.1675 	EXP 	responser: foreColor = (0, 0, 0)
334.1841 	EXP 	responser: foreColor = (0, 0, 0)
334.2008 	EXP 	responser: foreColor = (0, 0, 0)
334.2175 	EXP 	responser: foreColor = (0, 0, 0)
334.2341 	EXP 	responser: foreColor = (0, 0, 0)
334.2508 	EXP 	responser: foreColor = (0, 0, 0)
334.2674 	EXP 	responser: foreColor = (0, 0, 0)
334.2841 	EXP 	responser: foreColor = (0, 0, 0)
334.3008 	EXP 	responser: foreColor = (0, 0, 0)
334.3175 	EXP 	responser: foreColor = (0, 0, 0)
334.3341 	EXP 	responser: foreColor = (0, 0, 0)
334.3508 	EXP 	responser: foreColor = (0, 0, 0)
334.3675 	EXP 	responser: foreColor = (0, 0, 0)
334.3841 	EXP 	responser: foreColor = (0, 0, 0)
334.4008 	EXP 	responser: foreColor = (0, 0, 0)
334.4175 	EXP 	responser: foreColor = (0, 0, 0)
334.4341 	EXP 	responser: foreColor = (0, 0, 0)
334.4508 	EXP 	responser: foreColor = (0, 0, 0)
334.4518 	EXP 	New trial (rep=13, index=0): None
334.4675 	EXP 	responser: foreColor = (0, 0, 0)
334.4675 	EXP 	responsel: autoDraw = False
334.4675 	EXP 	percu_or: autoDraw = False
334.4675 	EXP 	responser: autoDraw = False
334.4675 	EXP 	thermode_locali_pic: autoDraw = False
334.4675 	EXP 	responsel: autoDraw = False
334.4675 	EXP 	percu_or: autoDraw = False
334.4675 	EXP 	responser: autoDraw = False
334.4675 	EXP 	responsel: foreColor = 'white'
334.4675 	EXP 	responser: foreColor = 'white'
334.4675 	EXP 	text_pic: autoDraw = True
334.4675 	EXP 	croix_3: autoDraw = True
339.4675 	EXP 	text_pic: autoDraw = False
339.4675 	EXP 	croix_3: autoDraw = False
339.4675 	EXP 	text_pic: autoDraw = False
339.4675 	EXP 	croix_3: autoDraw = False
339.4675 	EXP 	thermode_locali_pic: height = 0.02
339.4675 	EXP 	thermode_locali_pic: height = 0.02
339.4675 	EXP 	thermode_locali_pic: height = 0.02
339.4675 	EXP 	thermode_locali_pic: text = 'T : 1'
339.4675 	EXP 	responsel: text = 'NON              '
339.4675 	EXP 	thermode_locali_pic: autoDraw = True
347.4510 	EXP 	responsel: autoDraw = True
347.4510 	EXP 	percu_or: autoDraw = True
347.4510 	EXP 	responser: autoDraw = True
347.7687 	DATA 	Keypress: m
347.8008 	EXP 	responsel: foreColor = (0, 0, 0)
347.8175 	EXP 	responsel: foreColor = (0, 0, 0)
347.8342 	EXP 	responsel: foreColor = (0, 0, 0)
347.8508 	EXP 	responsel: foreColor = (0, 0, 0)
347.8675 	EXP 	responsel: foreColor = (0, 0, 0)
347.8842 	EXP 	responsel: foreColor = (0, 0, 0)
347.9008 	EXP 	responsel: foreColor = (0, 0, 0)
347.9175 	EXP 	responsel: foreColor = (0, 0, 0)
347.9342 	EXP 	responsel: foreColor = (0, 0, 0)
347.9508 	EXP 	responsel: foreColor = (0, 0, 0)
347.9675 	EXP 	responsel: foreColor = (0, 0, 0)
347.9842 	EXP 	responsel: foreColor = (0, 0, 0)
348.0008 	EXP 	responsel: foreColor = (0, 0, 0)
348.0175 	EXP 	responsel: foreColor = (0, 0, 0)
348.0342 	EXP 	responsel: foreColor = (0, 0, 0)
348.0508 	EXP 	responsel: foreColor = (0, 0, 0)
348.0675 	EXP 	responsel: foreColor = (0, 0, 0)
348.0842 	EXP 	responsel: foreColor = (0, 0, 0)
348.1008 	EXP 	responsel: foreColor = (0, 0, 0)
348.1175 	EXP 	responsel: foreColor = (0, 0, 0)
348.1342 	EXP 	responsel: foreColor = (0, 0, 0)
348.1508 	EXP 	responsel: foreColor = (0, 0, 0)
348.1675 	EXP 	responsel: foreColor = (0, 0, 0)
348.1842 	EXP 	responsel: foreColor = (0, 0, 0)
348.2008 	EXP 	responsel: foreColor = (0, 0, 0)
348.2175 	EXP 	responsel: foreColor = (0, 0, 0)
348.2342 	EXP 	responsel: foreColor = (0, 0, 0)
348.2508 	EXP 	responsel: foreColor = (0, 0, 0)
348.2675 	EXP 	responsel: foreColor = (0, 0, 0)
348.2842 	EXP 	responsel: foreColor = (0, 0, 0)
348.3008 	EXP 	responsel: foreColor = (0, 0, 0)
348.3175 	EXP 	responsel: foreColor = (0, 0, 0)
348.3342 	EXP 	responsel: foreColor = (0, 0, 0)
348.3508 	EXP 	responsel: foreColor = (0, 0, 0)
348.3675 	EXP 	responsel: foreColor = (0, 0, 0)
348.3842 	EXP 	responsel: foreColor = (0, 0, 0)
348.4009 	EXP 	responsel: foreColor = (0, 0, 0)
348.4175 	EXP 	responsel: foreColor = (0, 0, 0)
348.4342 	EXP 	responsel: foreColor = (0, 0, 0)
348.4508 	EXP 	responsel: foreColor = (0, 0, 0)
348.4675 	EXP 	responsel: foreColor = (0, 0, 0)
348.4842 	EXP 	responsel: foreColor = (0, 0, 0)
348.5009 	EXP 	responsel: foreColor = (0, 0, 0)
348.5175 	EXP 	responsel: foreColor = (0, 0, 0)
348.5342 	EXP 	responsel: foreColor = (0, 0, 0)
348.5509 	EXP 	responsel: foreColor = (0, 0, 0)
348.5676 	EXP 	responsel: foreColor = (0, 0, 0)
348.5843 	EXP 	responsel: foreColor = (0, 0, 0)
348.6010 	EXP 	responsel: foreColor = (0, 0, 0)
348.6176 	EXP 	responsel: foreColor = (0, 0, 0)
348.6343 	EXP 	responsel: foreColor = (0, 0, 0)
348.6509 	EXP 	responsel: foreColor = (0, 0, 0)
348.6676 	EXP 	responsel: foreColor = (0, 0, 0)
348.6843 	EXP 	responsel: foreColor = (0, 0, 0)
348.7010 	EXP 	responsel: foreColor = (0, 0, 0)
348.7176 	EXP 	responsel: foreColor = (0, 0, 0)
348.7343 	EXP 	responsel: foreColor = (0, 0, 0)
348.7510 	EXP 	responsel: foreColor = (0, 0, 0)
348.7676 	EXP 	responsel: foreColor = (0, 0, 0)
348.7843 	EXP 	responsel: foreColor = (0, 0, 0)
348.8010 	EXP 	responsel: foreColor = (0, 0, 0)
348.8176 	EXP 	responsel: foreColor = (0, 0, 0)
348.8343 	EXP 	responsel: foreColor = (0, 0, 0)
348.8509 	EXP 	responsel: foreColor = (0, 0, 0)
348.8676 	EXP 	responsel: foreColor = (0, 0, 0)
348.8843 	EXP 	responsel: foreColor = (0, 0, 0)
348.9010 	EXP 	responsel: foreColor = (0, 0, 0)
348.9176 	EXP 	responsel: foreColor = (0, 0, 0)
348.9343 	EXP 	responsel: foreColor = (0, 0, 0)
348.9510 	EXP 	responsel: foreColor = (0, 0, 0)
348.9676 	EXP 	responsel: foreColor = (0, 0, 0)
348.9842 	EXP 	responsel: foreColor = (0, 0, 0)
349.0008 	EXP 	responsel: foreColor = (0, 0, 0)
349.0175 	EXP 	responsel: foreColor = (0, 0, 0)
349.0342 	EXP 	responsel: foreColor = (0, 0, 0)
349.0508 	EXP 	responsel: foreColor = (0, 0, 0)
349.0675 	EXP 	responsel: foreColor = (0, 0, 0)
349.0842 	EXP 	responsel: foreColor = (0, 0, 0)
349.1008 	EXP 	responsel: foreColor = (0, 0, 0)
349.1175 	EXP 	responsel: foreColor = (0, 0, 0)
349.1342 	EXP 	responsel: foreColor = (0, 0, 0)
349.1508 	EXP 	responsel: foreColor = (0, 0, 0)
349.1675 	EXP 	responsel: foreColor = (0, 0, 0)
349.1842 	EXP 	responsel: foreColor = (0, 0, 0)
349.2008 	EXP 	responsel: foreColor = (0, 0, 0)
349.2175 	EXP 	responsel: foreColor = (0, 0, 0)
349.2342 	EXP 	responsel: foreColor = (0, 0, 0)
349.2509 	EXP 	responsel: foreColor = (0, 0, 0)
349.2675 	EXP 	responsel: foreColor = (0, 0, 0)
349.2842 	EXP 	responsel: foreColor = (0, 0, 0)
349.3009 	EXP 	responsel: foreColor = (0, 0, 0)
349.3175 	EXP 	responsel: foreColor = (0, 0, 0)
349.3342 	EXP 	responsel: foreColor = (0, 0, 0)
349.3508 	EXP 	responsel: foreColor = (0, 0, 0)
349.3676 	EXP 	responsel: foreColor = (0, 0, 0)
349.3842 	EXP 	responsel: foreColor = (0, 0, 0)
349.4008 	EXP 	responsel: foreColor = (0, 0, 0)
349.4175 	EXP 	responsel: foreColor = (0, 0, 0)
349.4342 	EXP 	responsel: foreColor = (0, 0, 0)
349.4508 	EXP 	responsel: foreColor = (0, 0, 0)
349.4676 	EXP 	responsel: foreColor = (0, 0, 0)
349.4842 	EXP 	responsel: foreColor = (0, 0, 0)
349.5008 	EXP 	responsel: foreColor = (0, 0, 0)
349.5175 	EXP 	responsel: foreColor = (0, 0, 0)
349.5342 	EXP 	responsel: foreColor = (0, 0, 0)
349.5508 	EXP 	responsel: foreColor = (0, 0, 0)
349.5675 	EXP 	responsel: foreColor = (0, 0, 0)
349.5842 	EXP 	responsel: foreColor = (0, 0, 0)
349.6008 	EXP 	responsel: foreColor = (0, 0, 0)
349.6175 	EXP 	responsel: foreColor = (0, 0, 0)
349.6342 	EXP 	responsel: foreColor = (0, 0, 0)
349.6508 	EXP 	responsel: foreColor = (0, 0, 0)
349.6676 	EXP 	responsel: foreColor = (0, 0, 0)
349.6676 	EXP 	thermode_locali_pic: autoDraw = False
349.6842 	EXP 	responsel: foreColor = (0, 0, 0)
349.7009 	EXP 	responsel: foreColor = (0, 0, 0)
349.7175 	EXP 	responsel: foreColor = (0, 0, 0)
349.7342 	EXP 	responsel: foreColor = (0, 0, 0)
349.7508 	EXP 	responsel: foreColor = (0, 0, 0)
349.7675 	EXP 	responsel: foreColor = (0, 0, 0)
349.7842 	EXP 	responsel: foreColor = (0, 0, 0)
349.8009 	EXP 	responsel: foreColor = (0, 0, 0)
349.8175 	EXP 	responsel: foreColor = (0, 0, 0)
349.8342 	EXP 	responsel: foreColor = (0, 0, 0)
349.8509 	EXP 	responsel: foreColor = (0, 0, 0)
349.8675 	EXP 	responsel: foreColor = (0, 0, 0)
349.8842 	EXP 	responsel: foreColor = (0, 0, 0)
349.9009 	EXP 	responsel: foreColor = (0, 0, 0)
349.9175 	EXP 	responsel: foreColor = (0, 0, 0)
349.9342 	EXP 	responsel: foreColor = (0, 0, 0)
349.9509 	EXP 	responsel: foreColor = (0, 0, 0)
349.9675 	EXP 	responsel: foreColor = (0, 0, 0)
349.9842 	EXP 	responsel: foreColor = (0, 0, 0)
350.0009 	EXP 	responsel: foreColor = (0, 0, 0)
350.0175 	EXP 	responsel: foreColor = (0, 0, 0)
350.0342 	EXP 	responsel: foreColor = (0, 0, 0)
350.0509 	EXP 	responsel: foreColor = (0, 0, 0)
350.0675 	EXP 	responsel: foreColor = (0, 0, 0)
350.0842 	EXP 	responsel: foreColor = (0, 0, 0)
350.1008 	EXP 	responsel: foreColor = (0, 0, 0)
350.1175 	EXP 	responsel: foreColor = (0, 0, 0)
350.1342 	EXP 	responsel: foreColor = (0, 0, 0)
350.1509 	EXP 	responsel: foreColor = (0, 0, 0)
350.1675 	EXP 	responsel: foreColor = (0, 0, 0)
350.1842 	EXP 	responsel: foreColor = (0, 0, 0)
350.2009 	EXP 	responsel: foreColor = (0, 0, 0)
350.2175 	EXP 	responsel: foreColor = (0, 0, 0)
350.2342 	EXP 	responsel: foreColor = (0, 0, 0)
350.2509 	EXP 	responsel: foreColor = (0, 0, 0)
350.2675 	EXP 	responsel: foreColor = (0, 0, 0)
350.2842 	EXP 	responsel: foreColor = (0, 0, 0)
350.3009 	EXP 	responsel: foreColor = (0, 0, 0)
350.3175 	EXP 	responsel: foreColor = (0, 0, 0)
350.3342 	EXP 	responsel: foreColor = (0, 0, 0)
350.3509 	EXP 	responsel: foreColor = (0, 0, 0)
350.3675 	EXP 	responsel: foreColor = (0, 0, 0)
350.3842 	EXP 	responsel: foreColor = (0, 0, 0)
350.4009 	EXP 	responsel: foreColor = (0, 0, 0)
350.4175 	EXP 	responsel: foreColor = (0, 0, 0)
350.4342 	EXP 	responsel: foreColor = (0, 0, 0)
350.4352 	EXP 	New trial (rep=14, index=0): None
350.4508 	EXP 	responsel: foreColor = (0, 0, 0)
350.4508 	EXP 	responsel: autoDraw = False
350.4508 	EXP 	percu_or: autoDraw = False
350.4508 	EXP 	responser: autoDraw = False
350.4508 	EXP 	thermode_locali_pic: autoDraw = False
350.4508 	EXP 	responsel: autoDraw = False
350.4508 	EXP 	percu_or: autoDraw = False
350.4508 	EXP 	responser: autoDraw = False
350.4508 	EXP 	responsel: foreColor = 'white'
350.4508 	EXP 	responser: foreColor = 'white'
350.4508 	EXP 	text_pic: autoDraw = True
350.4508 	EXP 	croix_3: autoDraw = True
355.4510 	EXP 	text_pic: autoDraw = False
355.4510 	EXP 	croix_3: autoDraw = False
355.4510 	EXP 	text_pic: autoDraw = False
355.4510 	EXP 	croix_3: autoDraw = False
355.4510 	EXP 	thermode_locali_pic: height = 0.02
355.4510 	EXP 	thermode_locali_pic: height = 0.02
355.4510 	EXP 	thermode_locali_pic: height = 0.02
355.4510 	EXP 	thermode_locali_pic: text = 'T : 2'
355.4510 	EXP 	responsel: text = 'NON              '
355.4510 	EXP 	thermode_locali_pic: autoDraw = True
363.4345 	EXP 	responsel: autoDraw = True
363.4345 	EXP 	percu_or: autoDraw = True
363.4345 	EXP 	responser: autoDraw = True
363.7856 	DATA 	Keypress: m
363.8178 	EXP 	responsel: foreColor = (0, 0, 0)
363.8345 	EXP 	responsel: foreColor = (0, 0, 0)
363.8511 	EXP 	responsel: foreColor = (0, 0, 0)
363.8677 	EXP 	responsel: foreColor = (0, 0, 0)
363.8843 	EXP 	responsel: foreColor = (0, 0, 0)
363.9010 	EXP 	responsel: foreColor = (0, 0, 0)
363.9177 	EXP 	responsel: foreColor = (0, 0, 0)
363.9343 	EXP 	responsel: foreColor = (0, 0, 0)
363.9510 	EXP 	responsel: foreColor = (0, 0, 0)
363.9677 	EXP 	responsel: foreColor = (0, 0, 0)
363.9843 	EXP 	responsel: foreColor = (0, 0, 0)
364.0011 	EXP 	responsel: foreColor = (0, 0, 0)
364.0177 	EXP 	responsel: foreColor = (0, 0, 0)
364.0343 	EXP 	responsel: foreColor = (0, 0, 0)
364.0511 	EXP 	responsel: foreColor = (0, 0, 0)
364.0677 	EXP 	responsel: foreColor = (0, 0, 0)
364.0843 	EXP 	responsel: foreColor = (0, 0, 0)
364.1010 	EXP 	responsel: foreColor = (0, 0, 0)
364.1177 	EXP 	responsel: foreColor = (0, 0, 0)
364.1343 	EXP 	responsel: foreColor = (0, 0, 0)
364.1511 	EXP 	responsel: foreColor = (0, 0, 0)
364.1677 	EXP 	responsel: foreColor = (0, 0, 0)
364.1844 	EXP 	responsel: foreColor = (0, 0, 0)
364.2011 	EXP 	responsel: foreColor = (0, 0, 0)
364.2178 	EXP 	responsel: foreColor = (0, 0, 0)
364.2345 	EXP 	responsel: foreColor = (0, 0, 0)
364.2511 	EXP 	responsel: foreColor = (0, 0, 0)
364.2678 	EXP 	responsel: foreColor = (0, 0, 0)
364.2845 	EXP 	responsel: foreColor = (0, 0, 0)
364.3011 	EXP 	responsel: foreColor = (0, 0, 0)
364.3178 	EXP 	responsel: foreColor = (0, 0, 0)
364.3345 	EXP 	responsel: foreColor = (0, 0, 0)
364.3511 	EXP 	responsel: foreColor = (0, 0, 0)
364.3677 	EXP 	responsel: foreColor = (0, 0, 0)
364.3845 	EXP 	responsel: foreColor = (0, 0, 0)
364.4011 	EXP 	responsel: foreColor = (0, 0, 0)
364.4178 	EXP 	responsel: foreColor = (0, 0, 0)
364.4345 	EXP 	responsel: foreColor = (0, 0, 0)
364.4511 	EXP 	responsel: foreColor = (0, 0, 0)
364.4678 	EXP 	responsel: foreColor = (0, 0, 0)
364.4844 	EXP 	responsel: foreColor = (0, 0, 0)
364.5011 	EXP 	responsel: foreColor = (0, 0, 0)
364.5178 	EXP 	responsel: foreColor = (0, 0, 0)
364.5345 	EXP 	responsel: foreColor = (0, 0, 0)
364.5511 	EXP 	responsel: foreColor = (0, 0, 0)
364.5678 	EXP 	responsel: foreColor = (0, 0, 0)
364.5845 	EXP 	responsel: foreColor = (0, 0, 0)
364.6011 	EXP 	responsel: foreColor = (0, 0, 0)
364.6178 	EXP 	responsel: foreColor = (0, 0, 0)
364.6345 	EXP 	responsel: foreColor = (0, 0, 0)
364.6512 	EXP 	responsel: foreColor = (0, 0, 0)
364.6677 	EXP 	responsel: foreColor = (0, 0, 0)
364.6844 	EXP 	responsel: foreColor = (0, 0, 0)
364.7012 	EXP 	responsel: foreColor = (0, 0, 0)
364.7178 	EXP 	responsel: foreColor = (0, 0, 0)
364.7345 	EXP 	responsel: foreColor = (0, 0, 0)
364.7511 	EXP 	responsel: foreColor = (0, 0, 0)
364.7678 	EXP 	responsel: foreColor = (0, 0, 0)
364.7845 	EXP 	responsel: foreColor = (0, 0, 0)
364.8011 	EXP 	responsel: foreColor = (0, 0, 0)
364.8178 	EXP 	responsel: foreColor = (0, 0, 0)
364.8345 	EXP 	responsel: foreColor = (0, 0, 0)
364.8511 	EXP 	responsel: foreColor = (0, 0, 0)
364.8678 	EXP 	responsel: foreColor = (0, 0, 0)
364.8845 	EXP 	responsel: foreColor = (0, 0, 0)
364.9012 	EXP 	responsel: foreColor = (0, 0, 0)
364.9178 	EXP 	responsel: foreColor = (0, 0, 0)
364.9345 	EXP 	responsel: foreColor = (0, 0, 0)
364.9511 	EXP 	responsel: foreColor = (0, 0, 0)
364.9678 	EXP 	responsel: foreColor = (0, 0, 0)
364.9845 	EXP 	responsel: foreColor = (0, 0, 0)
365.0012 	EXP 	responsel: foreColor = (0, 0, 0)
365.0178 	EXP 	responsel: foreColor = (0, 0, 0)
365.0345 	EXP 	responsel: foreColor = (0, 0, 0)
365.0511 	EXP 	responsel: foreColor = (0, 0, 0)
365.0679 	EXP 	responsel: foreColor = (0, 0, 0)
365.0844 	EXP 	responsel: foreColor = (0, 0, 0)
365.1012 	EXP 	responsel: foreColor = (0, 0, 0)
365.1178 	EXP 	responsel: foreColor = (0, 0, 0)
365.1345 	EXP 	responsel: foreColor = (0, 0, 0)
365.1511 	EXP 	responsel: foreColor = (0, 0, 0)
365.1678 	EXP 	responsel: foreColor = (0, 0, 0)
365.1844 	EXP 	responsel: foreColor = (0, 0, 0)
365.2012 	EXP 	responsel: foreColor = (0, 0, 0)
365.2178 	EXP 	responsel: foreColor = (0, 0, 0)
365.2345 	EXP 	responsel: foreColor = (0, 0, 0)
365.2511 	EXP 	responsel: foreColor = (0, 0, 0)
365.2678 	EXP 	responsel: foreColor = (0, 0, 0)
365.2845 	EXP 	responsel: foreColor = (0, 0, 0)
365.3012 	EXP 	responsel: foreColor = (0, 0, 0)
365.3178 	EXP 	responsel: foreColor = (0, 0, 0)
365.3345 	EXP 	responsel: foreColor = (0, 0, 0)
365.3511 	EXP 	responsel: foreColor = (0, 0, 0)
365.3678 	EXP 	responsel: foreColor = (0, 0, 0)
365.3845 	EXP 	responsel: foreColor = (0, 0, 0)
365.4011 	EXP 	responsel: foreColor = (0, 0, 0)
365.4178 	EXP 	responsel: foreColor = (0, 0, 0)
365.4345 	EXP 	responsel: foreColor = (0, 0, 0)
365.4512 	EXP 	responsel: foreColor = (0, 0, 0)
365.4678 	EXP 	responsel: foreColor = (0, 0, 0)
365.4844 	EXP 	responsel: foreColor = (0, 0, 0)
365.5012 	EXP 	responsel: foreColor = (0, 0, 0)
365.5178 	EXP 	responsel: foreColor = (0, 0, 0)
365.5345 	EXP 	responsel: foreColor = (0, 0, 0)
365.5511 	EXP 	responsel: foreColor = (0, 0, 0)
365.5678 	EXP 	responsel: foreColor = (0, 0, 0)
365.5845 	EXP 	responsel: foreColor = (0, 0, 0)
365.6012 	EXP 	responsel: foreColor = (0, 0, 0)
365.6177 	EXP 	responsel: foreColor = (0, 0, 0)
365.6345 	EXP 	responsel: foreColor = (0, 0, 0)
365.6512 	EXP 	responsel: foreColor = (0, 0, 0)
365.6512 	EXP 	thermode_locali_pic: autoDraw = False
365.6678 	EXP 	responsel: foreColor = (0, 0, 0)
365.6845 	EXP 	responsel: foreColor = (0, 0, 0)
365.7012 	EXP 	responsel: foreColor = (0, 0, 0)
365.7178 	EXP 	responsel: foreColor = (0, 0, 0)
365.7345 	EXP 	responsel: foreColor = (0, 0, 0)
365.7512 	EXP 	responsel: foreColor = (0, 0, 0)
365.7678 	EXP 	responsel: foreColor = (0, 0, 0)
365.7845 	EXP 	responsel: foreColor = (0, 0, 0)
365.8012 	EXP 	responsel: foreColor = (0, 0, 0)
365.8178 	EXP 	responsel: foreColor = (0, 0, 0)
365.8345 	EXP 	responsel: foreColor = (0, 0, 0)
365.8512 	EXP 	responsel: foreColor = (0, 0, 0)
365.8678 	EXP 	responsel: foreColor = (0, 0, 0)
365.8844 	EXP 	responsel: foreColor = (0, 0, 0)
365.9011 	EXP 	responsel: foreColor = (0, 0, 0)
365.9178 	EXP 	responsel: foreColor = (0, 0, 0)
365.9345 	EXP 	responsel: foreColor = (0, 0, 0)
365.9512 	EXP 	responsel: foreColor = (0, 0, 0)
365.9678 	EXP 	responsel: foreColor = (0, 0, 0)
365.9844 	EXP 	responsel: foreColor = (0, 0, 0)
366.0010 	EXP 	responsel: foreColor = (0, 0, 0)
366.0177 	EXP 	responsel: foreColor = (0, 0, 0)
366.0344 	EXP 	responsel: foreColor = (0, 0, 0)
366.0510 	EXP 	responsel: foreColor = (0, 0, 0)
366.0677 	EXP 	responsel: foreColor = (0, 0, 0)
366.0844 	EXP 	responsel: foreColor = (0, 0, 0)
366.1011 	EXP 	responsel: foreColor = (0, 0, 0)
366.1177 	EXP 	responsel: foreColor = (0, 0, 0)
366.1344 	EXP 	responsel: foreColor = (0, 0, 0)
366.1511 	EXP 	responsel: foreColor = (0, 0, 0)
366.1677 	EXP 	responsel: foreColor = (0, 0, 0)
366.1844 	EXP 	responsel: foreColor = (0, 0, 0)
366.2011 	EXP 	responsel: foreColor = (0, 0, 0)
366.2177 	EXP 	responsel: foreColor = (0, 0, 0)
366.2344 	EXP 	responsel: foreColor = (0, 0, 0)
366.2511 	EXP 	responsel: foreColor = (0, 0, 0)
366.2677 	EXP 	responsel: foreColor = (0, 0, 0)
366.2844 	EXP 	responsel: foreColor = (0, 0, 0)
366.3010 	EXP 	responsel: foreColor = (0, 0, 0)
366.3177 	EXP 	responsel: foreColor = (0, 0, 0)
366.3344 	EXP 	responsel: foreColor = (0, 0, 0)
366.3510 	EXP 	responsel: foreColor = (0, 0, 0)
366.3677 	EXP 	responsel: foreColor = (0, 0, 0)
366.3844 	EXP 	responsel: foreColor = (0, 0, 0)
366.4010 	EXP 	responsel: foreColor = (0, 0, 0)
366.4177 	EXP 	responsel: foreColor = (0, 0, 0)
366.4187 	EXP 	New trial (rep=15, index=0): None
366.4344 	EXP 	responsel: foreColor = (0, 0, 0)
366.4344 	EXP 	responsel: autoDraw = False
366.4344 	EXP 	percu_or: autoDraw = False
366.4344 	EXP 	responser: autoDraw = False
366.4344 	EXP 	thermode_locali_pic: autoDraw = False
366.4344 	EXP 	responsel: autoDraw = False
366.4344 	EXP 	percu_or: autoDraw = False
366.4344 	EXP 	responser: autoDraw = False
366.4344 	EXP 	responsel: foreColor = 'white'
366.4344 	EXP 	responser: foreColor = 'white'
366.4344 	EXP 	text_pic: autoDraw = True
366.4344 	EXP 	croix_3: autoDraw = True
371.4346 	EXP 	text_pic: autoDraw = False
371.4346 	EXP 	croix_3: autoDraw = False
371.4346 	EXP 	text_pic: autoDraw = False
371.4346 	EXP 	croix_3: autoDraw = False
371.4346 	EXP 	thermode_locali_pic: height = 0.02
371.4346 	EXP 	thermode_locali_pic: height = 0.02
371.4346 	EXP 	thermode_locali_pic: height = 0.02
371.4346 	EXP 	thermode_locali_pic: text = 'T : 3'
371.4346 	EXP 	responsel: text = 'NON              '
371.4346 	EXP 	thermode_locali_pic: autoDraw = True
379.4180 	EXP 	responsel: autoDraw = True
379.4180 	EXP 	percu_or: autoDraw = True
379.4180 	EXP 	responser: autoDraw = True
379.8191 	DATA 	Keypress: m
379.8512 	EXP 	responsel: foreColor = (0, 0, 0)
379.8679 	EXP 	responsel: foreColor = (0, 0, 0)
379.8845 	EXP 	responsel: foreColor = (0, 0, 0)
379.9012 	EXP 	responsel: foreColor = (0, 0, 0)
379.9179 	EXP 	responsel: foreColor = (0, 0, 0)
379.9345 	EXP 	responsel: foreColor = (0, 0, 0)
379.9512 	EXP 	responsel: foreColor = (0, 0, 0)
379.9679 	EXP 	responsel: foreColor = (0, 0, 0)
379.9845 	EXP 	responsel: foreColor = (0, 0, 0)
380.0012 	EXP 	responsel: foreColor = (0, 0, 0)
380.0179 	EXP 	responsel: foreColor = (0, 0, 0)
380.0345 	EXP 	responsel: foreColor = (0, 0, 0)
380.0512 	EXP 	responsel: foreColor = (0, 0, 0)
380.0679 	EXP 	responsel: foreColor = (0, 0, 0)
380.0845 	EXP 	responsel: foreColor = (0, 0, 0)
380.1013 	EXP 	responsel: foreColor = (0, 0, 0)
380.1180 	EXP 	responsel: foreColor = (0, 0, 0)
380.1347 	EXP 	responsel: foreColor = (0, 0, 0)
380.1513 	EXP 	responsel: foreColor = (0, 0, 0)
380.1680 	EXP 	responsel: foreColor = (0, 0, 0)
380.1846 	EXP 	responsel: foreColor = (0, 0, 0)
380.2013 	EXP 	responsel: foreColor = (0, 0, 0)
380.2180 	EXP 	responsel: foreColor = (0, 0, 0)
380.2347 	EXP 	responsel: foreColor = (0, 0, 0)
380.2513 	EXP 	responsel: foreColor = (0, 0, 0)
380.2680 	EXP 	responsel: foreColor = (0, 0, 0)
380.2847 	EXP 	responsel: foreColor = (0, 0, 0)
380.3013 	EXP 	responsel: foreColor = (0, 0, 0)
380.3180 	EXP 	responsel: foreColor = (0, 0, 0)
380.3347 	EXP 	responsel: foreColor = (0, 0, 0)
380.3513 	EXP 	responsel: foreColor = (0, 0, 0)
380.3680 	EXP 	responsel: foreColor = (0, 0, 0)
380.3847 	EXP 	responsel: foreColor = (0, 0, 0)
380.4013 	EXP 	responsel: foreColor = (0, 0, 0)
380.4180 	EXP 	responsel: foreColor = (0, 0, 0)
380.4346 	EXP 	responsel: foreColor = (0, 0, 0)
380.4512 	EXP 	responsel: foreColor = (0, 0, 0)
380.4679 	EXP 	responsel: foreColor = (0, 0, 0)
380.4845 	EXP 	responsel: foreColor = (0, 0, 0)
380.5012 	EXP 	responsel: foreColor = (0, 0, 0)
380.5179 	EXP 	responsel: foreColor = (0, 0, 0)
380.5345 	EXP 	responsel: foreColor = (0, 0, 0)
380.5512 	EXP 	responsel: foreColor = (0, 0, 0)
380.5679 	EXP 	responsel: foreColor = (0, 0, 0)
380.5845 	EXP 	responsel: foreColor = (0, 0, 0)
380.6012 	EXP 	responsel: foreColor = (0, 0, 0)
380.6179 	EXP 	responsel: foreColor = (0, 0, 0)
380.6345 	EXP 	responsel: foreColor = (0, 0, 0)
380.6512 	EXP 	responsel: foreColor = (0, 0, 0)
380.6679 	EXP 	responsel: foreColor = (0, 0, 0)
380.6845 	EXP 	responsel: foreColor = (0, 0, 0)
380.7012 	EXP 	responsel: foreColor = (0, 0, 0)
380.7179 	EXP 	responsel: foreColor = (0, 0, 0)
380.7345 	EXP 	responsel: foreColor = (0, 0, 0)
380.7512 	EXP 	responsel: foreColor = (0, 0, 0)
380.7679 	EXP 	responsel: foreColor = (0, 0, 0)
380.7845 	EXP 	responsel: foreColor = (0, 0, 0)
380.8012 	EXP 	responsel: foreColor = (0, 0, 0)
380.8179 	EXP 	responsel: foreColor = (0, 0, 0)
380.8345 	EXP 	responsel: foreColor = (0, 0, 0)
380.8512 	EXP 	responsel: foreColor = (0, 0, 0)
380.8679 	EXP 	responsel: foreColor = (0, 0, 0)
380.8845 	EXP 	responsel: foreColor = (0, 0, 0)
380.9012 	EXP 	responsel: foreColor = (0, 0, 0)
380.9179 	EXP 	responsel: foreColor = (0, 0, 0)
380.9345 	EXP 	responsel: foreColor = (0, 0, 0)
380.9512 	EXP 	responsel: foreColor = (0, 0, 0)
380.9680 	EXP 	responsel: foreColor = (0, 0, 0)
380.9847 	EXP 	responsel: foreColor = (0, 0, 0)
381.0013 	EXP 	responsel: foreColor = (0, 0, 0)
381.0180 	EXP 	responsel: foreColor = (0, 0, 0)
381.0346 	EXP 	responsel: foreColor = (0, 0, 0)
381.0513 	EXP 	responsel: foreColor = (0, 0, 0)
381.0679 	EXP 	responsel: foreColor = (0, 0, 0)
381.0847 	EXP 	responsel: foreColor = (0, 0, 0)
381.1013 	EXP 	responsel: foreColor = (0, 0, 0)
381.1180 	EXP 	responsel: foreColor = (0, 0, 0)
381.1347 	EXP 	responsel: foreColor = (0, 0, 0)
381.1513 	EXP 	responsel: foreColor = (0, 0, 0)
381.1680 	EXP 	responsel: foreColor = (0, 0, 0)
381.1847 	EXP 	responsel: foreColor = (0, 0, 0)
381.2013 	EXP 	responsel: foreColor = (0, 0, 0)
381.2180 	EXP 	responsel: foreColor = (0, 0, 0)
381.2347 	EXP 	responsel: foreColor = (0, 0, 0)
381.2513 	EXP 	responsel: foreColor = (0, 0, 0)
381.2680 	EXP 	responsel: foreColor = (0, 0, 0)
381.2847 	EXP 	responsel: foreColor = (0, 0, 0)
381.3013 	EXP 	responsel: foreColor = (0, 0, 0)
381.3180 	EXP 	responsel: foreColor = (0, 0, 0)
381.3347 	EXP 	responsel: foreColor = (0, 0, 0)
381.3513 	EXP 	responsel: foreColor = (0, 0, 0)
381.3680 	EXP 	responsel: foreColor = (0, 0, 0)
381.3847 	EXP 	responsel: foreColor = (0, 0, 0)
381.4013 	EXP 	responsel: foreColor = (0, 0, 0)
381.4179 	EXP 	responsel: foreColor = (0, 0, 0)
381.4345 	EXP 	responsel: foreColor = (0, 0, 0)
381.4512 	EXP 	responsel: foreColor = (0, 0, 0)
381.4679 	EXP 	responsel: foreColor = (0, 0, 0)
381.4845 	EXP 	responsel: foreColor = (0, 0, 0)
381.5012 	EXP 	responsel: foreColor = (0, 0, 0)
381.5179 	EXP 	responsel: foreColor = (0, 0, 0)
381.5345 	EXP 	responsel: foreColor = (0, 0, 0)
381.5512 	EXP 	responsel: foreColor = (0, 0, 0)
381.5679 	EXP 	responsel: foreColor = (0, 0, 0)
381.5845 	EXP 	responsel: foreColor = (0, 0, 0)
381.6012 	EXP 	responsel: foreColor = (0, 0, 0)
381.6179 	EXP 	responsel: foreColor = (0, 0, 0)
381.6346 	EXP 	responsel: foreColor = (0, 0, 0)
381.6346 	EXP 	thermode_locali_pic: autoDraw = False
381.6512 	EXP 	responsel: foreColor = (0, 0, 0)
381.6679 	EXP 	responsel: foreColor = (0, 0, 0)
381.6845 	EXP 	responsel: foreColor = (0, 0, 0)
381.7012 	EXP 	responsel: foreColor = (0, 0, 0)
381.7179 	EXP 	responsel: foreColor = (0, 0, 0)
381.7345 	EXP 	responsel: foreColor = (0, 0, 0)
381.7512 	EXP 	responsel: foreColor = (0, 0, 0)
381.7679 	EXP 	responsel: foreColor = (0, 0, 0)
381.7845 	EXP 	responsel: foreColor = (0, 0, 0)
381.8012 	EXP 	responsel: foreColor = (0, 0, 0)
381.8179 	EXP 	responsel: foreColor = (0, 0, 0)
381.8346 	EXP 	responsel: foreColor = (0, 0, 0)
381.8512 	EXP 	responsel: foreColor = (0, 0, 0)
381.8679 	EXP 	responsel: foreColor = (0, 0, 0)
381.8846 	EXP 	responsel: foreColor = (0, 0, 0)
381.9012 	EXP 	responsel: foreColor = (0, 0, 0)
381.9179 	EXP 	responsel: foreColor = (0, 0, 0)
381.9346 	EXP 	responsel: foreColor = (0, 0, 0)
381.9512 	EXP 	responsel: foreColor = (0, 0, 0)
381.9679 	EXP 	responsel: foreColor = (0, 0, 0)
381.9846 	EXP 	responsel: foreColor = (0, 0, 0)
382.0012 	EXP 	responsel: foreColor = (0, 0, 0)
382.0179 	EXP 	responsel: foreColor = (0, 0, 0)
382.0346 	EXP 	responsel: foreColor = (0, 0, 0)
382.0512 	EXP 	responsel: foreColor = (0, 0, 0)
382.0679 	EXP 	responsel: foreColor = (0, 0, 0)
382.0846 	EXP 	responsel: foreColor = (0, 0, 0)
382.1012 	EXP 	responsel: foreColor = (0, 0, 0)
382.1179 	EXP 	responsel: foreColor = (0, 0, 0)
382.1346 	EXP 	responsel: foreColor = (0, 0, 0)
382.1512 	EXP 	responsel: foreColor = (0, 0, 0)
382.1679 	EXP 	responsel: foreColor = (0, 0, 0)
382.1846 	EXP 	responsel: foreColor = (0, 0, 0)
382.2012 	EXP 	responsel: foreColor = (0, 0, 0)
382.2179 	EXP 	responsel: foreColor = (0, 0, 0)
382.2346 	EXP 	responsel: foreColor = (0, 0, 0)
382.2512 	EXP 	responsel: foreColor = (0, 0, 0)
382.2679 	EXP 	responsel: foreColor = (0, 0, 0)
382.2845 	EXP 	responsel: foreColor = (0, 0, 0)
382.3012 	EXP 	responsel: foreColor = (0, 0, 0)
382.3179 	EXP 	responsel: foreColor = (0, 0, 0)
382.3346 	EXP 	responsel: foreColor = (0, 0, 0)
382.3512 	EXP 	responsel: foreColor = (0, 0, 0)
382.3679 	EXP 	responsel: foreColor = (0, 0, 0)
382.3846 	EXP 	responsel: foreColor = (0, 0, 0)
382.4013 	EXP 	responsel: foreColor = (0, 0, 0)
382.4022 	EXP 	New trial (rep=16, index=0): None
382.4179 	EXP 	responsel: foreColor = (0, 0, 0)
382.4179 	EXP 	responsel: autoDraw = False
382.4179 	EXP 	percu_or: autoDraw = False
382.4179 	EXP 	responser: autoDraw = False
382.4179 	EXP 	thermode_locali_pic: autoDraw = False
382.4179 	EXP 	responsel: autoDraw = False
382.4179 	EXP 	percu_or: autoDraw = False
382.4179 	EXP 	responser: autoDraw = False
382.4179 	EXP 	responsel: foreColor = 'white'
382.4179 	EXP 	responser: foreColor = 'white'
382.4179 	EXP 	text_pic: autoDraw = True
382.4179 	EXP 	croix_3: autoDraw = True
387.4180 	EXP 	text_pic: autoDraw = False
387.4180 	EXP 	croix_3: autoDraw = False
387.4180 	EXP 	text_pic: autoDraw = False
387.4180 	EXP 	croix_3: autoDraw = False
387.4180 	EXP 	thermode_locali_pic: height = 0.02
387.4180 	EXP 	thermode_locali_pic: height = 0.02
387.4180 	EXP 	thermode_locali_pic: height = 0.02
387.4180 	EXP 	thermode_locali_pic: text = 'T : 0'
387.4180 	EXP 	responsel: text = 'NON              '
387.4180 	EXP 	thermode_locali_pic: autoDraw = True
395.4014 	EXP 	responsel: autoDraw = True
395.4014 	EXP 	percu_or: autoDraw = True
395.4014 	EXP 	responser: autoDraw = True
395.7860 	DATA 	Keypress: m
395.8182 	EXP 	responsel: foreColor = (0, 0, 0)
395.8348 	EXP 	responsel: foreColor = (0, 0, 0)
395.8515 	EXP 	responsel: foreColor = (0, 0, 0)
395.8682 	EXP 	responsel: foreColor = (0, 0, 0)
395.8848 	EXP 	responsel: foreColor = (0, 0, 0)
395.9015 	EXP 	responsel: foreColor = (0, 0, 0)
395.9182 	EXP 	responsel: foreColor = (0, 0, 0)
395.9348 	EXP 	responsel: foreColor = (0, 0, 0)
395.9515 	EXP 	responsel: foreColor = (0, 0, 0)
395.9682 	EXP 	responsel: foreColor = (0, 0, 0)
395.9848 	EXP 	responsel: foreColor = (0, 0, 0)
396.0015 	EXP 	responsel: foreColor = (0, 0, 0)
396.0182 	EXP 	responsel: foreColor = (0, 0, 0)
396.0348 	EXP 	responsel: foreColor = (0, 0, 0)
396.0515 	EXP 	responsel: foreColor = (0, 0, 0)
396.0682 	EXP 	responsel: foreColor = (0, 0, 0)
396.0848 	EXP 	responsel: foreColor = (0, 0, 0)
396.1015 	EXP 	responsel: foreColor = (0, 0, 0)
396.1182 	EXP 	responsel: foreColor = (0, 0, 0)
396.1348 	EXP 	responsel: foreColor = (0, 0, 0)
396.1515 	EXP 	responsel: foreColor = (0, 0, 0)
396.1682 	EXP 	responsel: foreColor = (0, 0, 0)
396.1848 	EXP 	responsel: foreColor = (0, 0, 0)
396.2015 	EXP 	responsel: foreColor = (0, 0, 0)
396.2182 	EXP 	responsel: foreColor = (0, 0, 0)
396.2348 	EXP 	responsel: foreColor = (0, 0, 0)
396.2515 	EXP 	responsel: foreColor = (0, 0, 0)
396.2682 	EXP 	responsel: foreColor = (0, 0, 0)
396.2848 	EXP 	responsel: foreColor = (0, 0, 0)
396.3015 	EXP 	responsel: foreColor = (0, 0, 0)
396.3182 	EXP 	responsel: foreColor = (0, 0, 0)
396.3348 	EXP 	responsel: foreColor = (0, 0, 0)
396.3515 	EXP 	responsel: foreColor = (0, 0, 0)
396.3682 	EXP 	responsel: foreColor = (0, 0, 0)
396.3848 	EXP 	responsel: foreColor = (0, 0, 0)
396.4015 	EXP 	responsel: foreColor = (0, 0, 0)
396.4182 	EXP 	responsel: foreColor = (0, 0, 0)
396.4348 	EXP 	responsel: foreColor = (0, 0, 0)
396.4515 	EXP 	responsel: foreColor = (0, 0, 0)
396.4682 	EXP 	responsel: foreColor = (0, 0, 0)
396.4848 	EXP 	responsel: foreColor = (0, 0, 0)
396.5015 	EXP 	responsel: foreColor = (0, 0, 0)
396.5182 	EXP 	responsel: foreColor = (0, 0, 0)
396.5348 	EXP 	responsel: foreColor = (0, 0, 0)
396.5515 	EXP 	responsel: foreColor = (0, 0, 0)
396.5682 	EXP 	responsel: foreColor = (0, 0, 0)
396.5848 	EXP 	responsel: foreColor = (0, 0, 0)
396.6015 	EXP 	responsel: foreColor = (0, 0, 0)
396.6182 	EXP 	responsel: foreColor = (0, 0, 0)
396.6348 	EXP 	responsel: foreColor = (0, 0, 0)
396.6515 	EXP 	responsel: foreColor = (0, 0, 0)
396.6682 	EXP 	responsel: foreColor = (0, 0, 0)
396.6848 	EXP 	responsel: foreColor = (0, 0, 0)
396.7015 	EXP 	responsel: foreColor = (0, 0, 0)
396.7181 	EXP 	responsel: foreColor = (0, 0, 0)
396.7348 	EXP 	responsel: foreColor = (0, 0, 0)
396.7515 	EXP 	responsel: foreColor = (0, 0, 0)
396.7682 	EXP 	responsel: foreColor = (0, 0, 0)
396.7848 	EXP 	responsel: foreColor = (0, 0, 0)
396.8015 	EXP 	responsel: foreColor = (0, 0, 0)
396.8182 	EXP 	responsel: foreColor = (0, 0, 0)
396.8348 	EXP 	responsel: foreColor = (0, 0, 0)
396.8515 	EXP 	responsel: foreColor = (0, 0, 0)
396.8682 	EXP 	responsel: foreColor = (0, 0, 0)
396.8848 	EXP 	responsel: foreColor = (0, 0, 0)
396.9015 	EXP 	responsel: foreColor = (0, 0, 0)
396.9182 	EXP 	responsel: foreColor = (0, 0, 0)
396.9348 	EXP 	responsel: foreColor = (0, 0, 0)
396.9515 	EXP 	responsel: foreColor = (0, 0, 0)
396.9682 	EXP 	responsel: foreColor = (0, 0, 0)
396.9848 	EXP 	responsel: foreColor = (0, 0, 0)
397.0015 	EXP 	responsel: foreColor = (0, 0, 0)
397.0182 	EXP 	responsel: foreColor = (0, 0, 0)
397.0348 	EXP 	responsel: foreColor = (0, 0, 0)
397.0515 	EXP 	responsel: foreColor = (0, 0, 0)
397.0682 	EXP 	responsel: foreColor = (0, 0, 0)
397.0848 	EXP 	responsel: foreColor = (0, 0, 0)
397.1015 	EXP 	responsel: foreColor = (0, 0, 0)
397.1182 	EXP 	responsel: foreColor = (0, 0, 0)
397.1348 	EXP 	responsel: foreColor = (0, 0, 0)
397.1515 	EXP 	responsel: foreColor = (0, 0, 0)
397.1682 	EXP 	responsel: foreColor = (0, 0, 0)
397.1848 	EXP 	responsel: foreColor = (0, 0, 0)
397.2015 	EXP 	responsel: foreColor = (0, 0, 0)
397.2182 	EXP 	responsel: foreColor = (0, 0, 0)
397.2348 	EXP 	responsel: foreColor = (0, 0, 0)
397.2515 	EXP 	responsel: foreColor = (0, 0, 0)
397.2682 	EXP 	responsel: foreColor = (0, 0, 0)
397.2849 	EXP 	responsel: foreColor = (0, 0, 0)
397.3015 	EXP 	responsel: foreColor = (0, 0, 0)
397.3182 	EXP 	responsel: foreColor = (0, 0, 0)
397.3348 	EXP 	responsel: foreColor = (0, 0, 0)
397.3515 	EXP 	responsel: foreColor = (0, 0, 0)
397.3682 	EXP 	responsel: foreColor = (0, 0, 0)
397.3849 	EXP 	responsel: foreColor = (0, 0, 0)
397.4014 	EXP 	responsel: foreColor = (0, 0, 0)
397.4182 	EXP 	responsel: foreColor = (0, 0, 0)
397.4348 	EXP 	responsel: foreColor = (0, 0, 0)
397.4515 	EXP 	responsel: foreColor = (0, 0, 0)
397.4682 	EXP 	responsel: foreColor = (0, 0, 0)
397.4849 	EXP 	responsel: foreColor = (0, 0, 0)
397.5015 	EXP 	responsel: foreColor = (0, 0, 0)
397.5182 	EXP 	responsel: foreColor = (0, 0, 0)
397.5348 	EXP 	responsel: foreColor = (0, 0, 0)
397.5515 	EXP 	responsel: foreColor = (0, 0, 0)
397.5682 	EXP 	responsel: foreColor = (0, 0, 0)
397.5848 	EXP 	responsel: foreColor = (0, 0, 0)
397.6015 	EXP 	responsel: foreColor = (0, 0, 0)
397.6181 	EXP 	responsel: foreColor = (0, 0, 0)
397.6181 	EXP 	thermode_locali_pic: autoDraw = False
397.6348 	EXP 	responsel: foreColor = (0, 0, 0)
397.6515 	EXP 	responsel: foreColor = (0, 0, 0)
397.6681 	EXP 	responsel: foreColor = (0, 0, 0)
397.6848 	EXP 	responsel: foreColor = (0, 0, 0)
397.7015 	EXP 	responsel: foreColor = (0, 0, 0)
397.7181 	EXP 	responsel: foreColor = (0, 0, 0)
397.7348 	EXP 	responsel: foreColor = (0, 0, 0)
397.7515 	EXP 	responsel: foreColor = (0, 0, 0)
397.7681 	EXP 	responsel: foreColor = (0, 0, 0)
397.7848 	EXP 	responsel: foreColor = (0, 0, 0)
397.8015 	EXP 	responsel: foreColor = (0, 0, 0)
397.8181 	EXP 	responsel: foreColor = (0, 0, 0)
397.8348 	EXP 	responsel: foreColor = (0, 0, 0)
397.8514 	EXP 	responsel: foreColor = (0, 0, 0)
397.8681 	EXP 	responsel: foreColor = (0, 0, 0)
397.8848 	EXP 	responsel: foreColor = (0, 0, 0)
397.9015 	EXP 	responsel: foreColor = (0, 0, 0)
397.9181 	EXP 	responsel: foreColor = (0, 0, 0)
397.9348 	EXP 	responsel: foreColor = (0, 0, 0)
397.9515 	EXP 	responsel: foreColor = (0, 0, 0)
397.9681 	EXP 	responsel: foreColor = (0, 0, 0)
397.9848 	EXP 	responsel: foreColor = (0, 0, 0)
398.0015 	EXP 	responsel: foreColor = (0, 0, 0)
398.0181 	EXP 	responsel: foreColor = (0, 0, 0)
398.0348 	EXP 	responsel: foreColor = (0, 0, 0)
398.0514 	EXP 	responsel: foreColor = (0, 0, 0)
398.0681 	EXP 	responsel: foreColor = (0, 0, 0)
398.0848 	EXP 	responsel: foreColor = (0, 0, 0)
398.1015 	EXP 	responsel: foreColor = (0, 0, 0)
398.1181 	EXP 	responsel: foreColor = (0, 0, 0)
398.1348 	EXP 	responsel: foreColor = (0, 0, 0)
398.1515 	EXP 	responsel: foreColor = (0, 0, 0)
398.1681 	EXP 	responsel: foreColor = (0, 0, 0)
398.1848 	EXP 	responsel: foreColor = (0, 0, 0)
398.2015 	EXP 	responsel: foreColor = (0, 0, 0)
398.2181 	EXP 	responsel: foreColor = (0, 0, 0)
398.2348 	EXP 	responsel: foreColor = (0, 0, 0)
398.2515 	EXP 	responsel: foreColor = (0, 0, 0)
398.2681 	EXP 	responsel: foreColor = (0, 0, 0)
398.2848 	EXP 	responsel: foreColor = (0, 0, 0)
398.3014 	EXP 	responsel: foreColor = (0, 0, 0)
398.3181 	EXP 	responsel: foreColor = (0, 0, 0)
398.3348 	EXP 	responsel: foreColor = (0, 0, 0)
398.3515 	EXP 	responsel: foreColor = (0, 0, 0)
398.3681 	EXP 	responsel: foreColor = (0, 0, 0)
398.3848 	EXP 	responsel: foreColor = (0, 0, 0)
398.3858 	EXP 	New trial (rep=17, index=0): None
398.4015 	EXP 	responsel: foreColor = (0, 0, 0)
398.4015 	EXP 	responsel: autoDraw = False
398.4015 	EXP 	percu_or: autoDraw = False
398.4015 	EXP 	responser: autoDraw = False
398.4015 	EXP 	thermode_locali_pic: autoDraw = False
398.4015 	EXP 	responsel: autoDraw = False
398.4015 	EXP 	percu_or: autoDraw = False
398.4015 	EXP 	responser: autoDraw = False
398.4015 	EXP 	responsel: foreColor = 'white'
398.4015 	EXP 	responser: foreColor = 'white'
398.4015 	EXP 	text_pic: autoDraw = True
398.4015 	EXP 	croix_3: autoDraw = True
403.4016 	EXP 	text_pic: autoDraw = False
403.4016 	EXP 	croix_3: autoDraw = False
403.4016 	EXP 	text_pic: autoDraw = False
403.4016 	EXP 	croix_3: autoDraw = False
403.4016 	EXP 	thermode_locali_pic: height = 0.02
403.4016 	EXP 	thermode_locali_pic: height = 0.02
403.4016 	EXP 	thermode_locali_pic: height = 0.02
403.4016 	EXP 	thermode_locali_pic: text = 'T : 1'
403.4016 	EXP 	responsel: text = 'NON              '
403.4016 	EXP 	thermode_locali_pic: autoDraw = True
411.3850 	EXP 	responsel: autoDraw = True
411.3850 	EXP 	percu_or: autoDraw = True
411.3850 	EXP 	responser: autoDraw = True
411.7194 	DATA 	Keypress: m
411.7517 	EXP 	responsel: foreColor = (0, 0, 0)
411.7684 	EXP 	responsel: foreColor = (0, 0, 0)
411.7850 	EXP 	responsel: foreColor = (0, 0, 0)
411.8017 	EXP 	responsel: foreColor = (0, 0, 0)
411.8183 	EXP 	responsel: foreColor = (0, 0, 0)
411.8350 	EXP 	responsel: foreColor = (0, 0, 0)
411.8516 	EXP 	responsel: foreColor = (0, 0, 0)
411.8683 	EXP 	responsel: foreColor = (0, 0, 0)
411.8850 	EXP 	responsel: foreColor = (0, 0, 0)
411.9017 	EXP 	responsel: foreColor = (0, 0, 0)
411.9183 	EXP 	responsel: foreColor = (0, 0, 0)
411.9350 	EXP 	responsel: foreColor = (0, 0, 0)
411.9517 	EXP 	responsel: foreColor = (0, 0, 0)
411.9684 	EXP 	responsel: foreColor = (0, 0, 0)
411.9850 	EXP 	responsel: foreColor = (0, 0, 0)
412.0017 	EXP 	responsel: foreColor = (0, 0, 0)
412.0184 	EXP 	responsel: foreColor = (0, 0, 0)
412.0350 	EXP 	responsel: foreColor = (0, 0, 0)
412.0517 	EXP 	responsel: foreColor = (0, 0, 0)
412.0684 	EXP 	responsel: foreColor = (0, 0, 0)
412.0850 	EXP 	responsel: foreColor = (0, 0, 0)
412.1016 	EXP 	responsel: foreColor = (0, 0, 0)
412.1183 	EXP 	responsel: foreColor = (0, 0, 0)
412.1350 	EXP 	responsel: foreColor = (0, 0, 0)
412.1517 	EXP 	responsel: foreColor = (0, 0, 0)
412.1684 	EXP 	responsel: foreColor = (0, 0, 0)
412.1850 	EXP 	responsel: foreColor = (0, 0, 0)
412.2017 	EXP 	responsel: foreColor = (0, 0, 0)
412.2183 	EXP 	responsel: foreColor = (0, 0, 0)
412.2350 	EXP 	responsel: foreColor = (0, 0, 0)
412.2517 	EXP 	responsel: foreColor = (0, 0, 0)
412.2683 	EXP 	responsel: foreColor = (0, 0, 0)
412.2850 	EXP 	responsel: foreColor = (0, 0, 0)
412.3017 	EXP 	responsel: foreColor = (0, 0, 0)
412.3184 	EXP 	responsel: foreColor = (0, 0, 0)
412.3350 	EXP 	responsel: foreColor = (0, 0, 0)
412.3517 	EXP 	responsel: foreColor = (0, 0, 0)
412.3684 	EXP 	responsel: foreColor = (0, 0, 0)
412.3850 	EXP 	responsel: foreColor = (0, 0, 0)
412.4017 	EXP 	responsel: foreColor = (0, 0, 0)
412.4184 	EXP 	responsel: foreColor = (0, 0, 0)
412.4350 	EXP 	responsel: foreColor = (0, 0, 0)
412.4517 	EXP 	responsel: foreColor = (0, 0, 0)
412.4684 	EXP 	responsel: foreColor = (0, 0, 0)
412.4850 	EXP 	responsel: foreColor = (0, 0, 0)
412.5016 	EXP 	responsel: foreColor = (0, 0, 0)
412.5183 	EXP 	responsel: foreColor = (0, 0, 0)
412.5350 	EXP 	responsel: foreColor = (0, 0, 0)
412.5517 	EXP 	responsel: foreColor = (0, 0, 0)
412.5683 	EXP 	responsel: foreColor = (0, 0, 0)
412.5850 	EXP 	responsel: foreColor = (0, 0, 0)
412.6016 	EXP 	responsel: foreColor = (0, 0, 0)
412.6183 	EXP 	responsel: foreColor = (0, 0, 0)
412.6350 	EXP 	responsel: foreColor = (0, 0, 0)
412.6517 	EXP 	responsel: foreColor = (0, 0, 0)
412.6684 	EXP 	responsel: foreColor = (0, 0, 0)
412.6850 	EXP 	responsel: foreColor = (0, 0, 0)
412.7017 	EXP 	responsel: foreColor = (0, 0, 0)
412.7184 	EXP 	responsel: foreColor = (0, 0, 0)
412.7350 	EXP 	responsel: foreColor = (0, 0, 0)
412.7517 	EXP 	responsel: foreColor = (0, 0, 0)
412.7684 	EXP 	responsel: foreColor = (0, 0, 0)
412.7850 	EXP 	responsel: foreColor = (0, 0, 0)
412.8017 	EXP 	responsel: foreColor = (0, 0, 0)
412.8184 	EXP 	responsel: foreColor = (0, 0, 0)
412.8350 	EXP 	responsel: foreColor = (0, 0, 0)
412.8517 	EXP 	responsel: foreColor = (0, 0, 0)
412.8684 	EXP 	responsel: foreColor = (0, 0, 0)
412.8850 	EXP 	responsel: foreColor = (0, 0, 0)
412.9017 	EXP 	responsel: foreColor = (0, 0, 0)
412.9183 	EXP 	responsel: foreColor = (0, 0, 0)
412.9350 	EXP 	responsel: foreColor = (0, 0, 0)
412.9517 	EXP 	responsel: foreColor = (0, 0, 0)
412.9684 	EXP 	responsel: foreColor = (0, 0, 0)
412.9850 	EXP 	responsel: foreColor = (0, 0, 0)
413.0017 	EXP 	responsel: foreColor = (0, 0, 0)
413.0183 	EXP 	responsel: foreColor = (0, 0, 0)
413.0350 	EXP 	responsel: foreColor = (0, 0, 0)
413.0517 	EXP 	responsel: foreColor = (0, 0, 0)
413.0684 	EXP 	responsel: foreColor = (0, 0, 0)
413.0850 	EXP 	responsel: foreColor = (0, 0, 0)
413.1017 	EXP 	responsel: foreColor = (0, 0, 0)
413.1184 	EXP 	responsel: foreColor = (0, 0, 0)
413.1350 	EXP 	responsel: foreColor = (0, 0, 0)
413.1517 	EXP 	responsel: foreColor = (0, 0, 0)
413.1684 	EXP 	responsel: foreColor = (0, 0, 0)
413.1850 	EXP 	responsel: foreColor = (0, 0, 0)
413.2017 	EXP 	responsel: foreColor = (0, 0, 0)
413.2184 	EXP 	responsel: foreColor = (0, 0, 0)
413.2350 	EXP 	responsel: foreColor = (0, 0, 0)
413.2517 	EXP 	responsel: foreColor = (0, 0, 0)
413.2684 	EXP 	responsel: foreColor = (0, 0, 0)
413.2850 	EXP 	responsel: foreColor = (0, 0, 0)
413.3017 	EXP 	responsel: foreColor = (0, 0, 0)
413.3183 	EXP 	responsel: foreColor = (0, 0, 0)
413.3350 	EXP 	responsel: foreColor = (0, 0, 0)
413.3517 	EXP 	responsel: foreColor = (0, 0, 0)
413.3684 	EXP 	responsel: foreColor = (0, 0, 0)
413.3850 	EXP 	responsel: foreColor = (0, 0, 0)
413.4017 	EXP 	responsel: foreColor = (0, 0, 0)
413.4184 	EXP 	responsel: foreColor = (0, 0, 0)
413.4350 	EXP 	responsel: foreColor = (0, 0, 0)
413.4517 	EXP 	responsel: foreColor = (0, 0, 0)
413.4684 	EXP 	responsel: foreColor = (0, 0, 0)
413.4850 	EXP 	responsel: foreColor = (0, 0, 0)
413.5017 	EXP 	responsel: foreColor = (0, 0, 0)
413.5183 	EXP 	responsel: foreColor = (0, 0, 0)
413.5350 	EXP 	responsel: foreColor = (0, 0, 0)
413.5517 	EXP 	responsel: foreColor = (0, 0, 0)
413.5684 	EXP 	responsel: foreColor = (0, 0, 0)
413.5850 	EXP 	responsel: foreColor = (0, 0, 0)
413.6017 	EXP 	responsel: foreColor = (0, 0, 0)
413.6017 	EXP 	thermode_locali_pic: autoDraw = False
413.6183 	EXP 	responsel: foreColor = (0, 0, 0)
413.6350 	EXP 	responsel: foreColor = (0, 0, 0)
413.6517 	EXP 	responsel: foreColor = (0, 0, 0)
413.6684 	EXP 	responsel: foreColor = (0, 0, 0)
413.6850 	EXP 	responsel: foreColor = (0, 0, 0)
413.7017 	EXP 	responsel: foreColor = (0, 0, 0)
413.7183 	EXP 	responsel: foreColor = (0, 0, 0)
413.7350 	EXP 	responsel: foreColor = (0, 0, 0)
413.7563 	EXP 	responsel: foreColor = (0, 0, 0)
413.7683 	EXP 	responsel: foreColor = (0, 0, 0)
413.7850 	EXP 	responsel: foreColor = (0, 0, 0)
413.8017 	EXP 	responsel: foreColor = (0, 0, 0)
413.8183 	EXP 	responsel: foreColor = (0, 0, 0)
413.8350 	EXP 	responsel: foreColor = (0, 0, 0)
413.8517 	EXP 	responsel: foreColor = (0, 0, 0)
413.8684 	EXP 	responsel: foreColor = (0, 0, 0)
413.8850 	EXP 	responsel: foreColor = (0, 0, 0)
413.9017 	EXP 	responsel: foreColor = (0, 0, 0)
413.9183 	EXP 	responsel: foreColor = (0, 0, 0)
413.9350 	EXP 	responsel: foreColor = (0, 0, 0)
413.9517 	EXP 	responsel: foreColor = (0, 0, 0)
413.9684 	EXP 	responsel: foreColor = (0, 0, 0)
413.9850 	EXP 	responsel: foreColor = (0, 0, 0)
414.0017 	EXP 	responsel: foreColor = (0, 0, 0)
414.0183 	EXP 	responsel: foreColor = (0, 0, 0)
414.0350 	EXP 	responsel: foreColor = (0, 0, 0)
414.0517 	EXP 	responsel: foreColor = (0, 0, 0)
414.0684 	EXP 	responsel: foreColor = (0, 0, 0)
414.0849 	EXP 	responsel: foreColor = (0, 0, 0)
414.1017 	EXP 	responsel: foreColor = (0, 0, 0)
414.1183 	EXP 	responsel: foreColor = (0, 0, 0)
414.1350 	EXP 	responsel: foreColor = (0, 0, 0)
414.1517 	EXP 	responsel: foreColor = (0, 0, 0)
414.1684 	EXP 	responsel: foreColor = (0, 0, 0)
414.1850 	EXP 	responsel: foreColor = (0, 0, 0)
414.2017 	EXP 	responsel: foreColor = (0, 0, 0)
414.2184 	EXP 	responsel: foreColor = (0, 0, 0)
414.2350 	EXP 	responsel: foreColor = (0, 0, 0)
414.2517 	EXP 	responsel: foreColor = (0, 0, 0)
414.2684 	EXP 	responsel: foreColor = (0, 0, 0)
414.2851 	EXP 	responsel: foreColor = (0, 0, 0)
414.3017 	EXP 	responsel: foreColor = (0, 0, 0)
414.3184 	EXP 	responsel: foreColor = (0, 0, 0)
414.3350 	EXP 	responsel: foreColor = (0, 0, 0)
414.3517 	EXP 	responsel: foreColor = (0, 0, 0)
414.3684 	EXP 	responsel: foreColor = (0, 0, 0)
414.3694 	EXP 	New trial (rep=18, index=0): None
414.3850 	EXP 	responsel: foreColor = (0, 0, 0)
414.3850 	EXP 	responsel: autoDraw = False
414.3850 	EXP 	percu_or: autoDraw = False
414.3850 	EXP 	responser: autoDraw = False
414.3850 	EXP 	thermode_locali_pic: autoDraw = False
414.3850 	EXP 	responsel: autoDraw = False
414.3850 	EXP 	percu_or: autoDraw = False
414.3850 	EXP 	responser: autoDraw = False
414.3850 	EXP 	responsel: foreColor = 'white'
414.3850 	EXP 	responser: foreColor = 'white'
414.3850 	EXP 	text_pic: autoDraw = True
414.3850 	EXP 	croix_3: autoDraw = True
419.3850 	EXP 	text_pic: autoDraw = False
419.3850 	EXP 	croix_3: autoDraw = False
419.3850 	EXP 	text_pic: autoDraw = False
419.3850 	EXP 	croix_3: autoDraw = False
419.3850 	EXP 	thermode_locali_pic: height = 0.02
419.3850 	EXP 	thermode_locali_pic: height = 0.02
419.3850 	EXP 	thermode_locali_pic: height = 0.02
419.3850 	EXP 	thermode_locali_pic: text = 'T : 2'
419.3850 	EXP 	responsel: text = 'NON              '
419.3850 	EXP 	thermode_locali_pic: autoDraw = True
427.3684 	EXP 	responsel: autoDraw = True
427.3684 	EXP 	percu_or: autoDraw = True
427.3684 	EXP 	responser: autoDraw = True
427.7862 	DATA 	Keypress: n
427.8184 	EXP 	responser: foreColor = (0, 0, 0)
427.8351 	EXP 	responser: foreColor = (0, 0, 0)
427.8518 	EXP 	responser: foreColor = (0, 0, 0)
427.8684 	EXP 	responser: foreColor = (0, 0, 0)
427.8851 	EXP 	responser: foreColor = (0, 0, 0)
427.9020 	EXP 	responser: foreColor = (0, 0, 0)
427.9184 	EXP 	responser: foreColor = (0, 0, 0)
427.9352 	EXP 	responser: foreColor = (0, 0, 0)
427.9519 	EXP 	responser: foreColor = (0, 0, 0)
427.9685 	EXP 	responser: foreColor = (0, 0, 0)
427.9852 	EXP 	responser: foreColor = (0, 0, 0)
428.0019 	EXP 	responser: foreColor = (0, 0, 0)
428.0185 	EXP 	responser: foreColor = (0, 0, 0)
428.0351 	EXP 	responser: foreColor = (0, 0, 0)
428.0518 	EXP 	responser: foreColor = (0, 0, 0)
428.0684 	EXP 	responser: foreColor = (0, 0, 0)
428.0851 	EXP 	responser: foreColor = (0, 0, 0)
428.1018 	EXP 	responser: foreColor = (0, 0, 0)
428.1184 	EXP 	responser: foreColor = (0, 0, 0)
428.1351 	EXP 	responser: foreColor = (0, 0, 0)
428.1518 	EXP 	responser: foreColor = (0, 0, 0)
428.1684 	EXP 	responser: foreColor = (0, 0, 0)
428.1851 	EXP 	responser: foreColor = (0, 0, 0)
428.2018 	EXP 	responser: foreColor = (0, 0, 0)
428.2184 	EXP 	responser: foreColor = (0, 0, 0)
428.2351 	EXP 	responser: foreColor = (0, 0, 0)
428.2518 	EXP 	responser: foreColor = (0, 0, 0)
428.2684 	EXP 	responser: foreColor = (0, 0, 0)
428.2851 	EXP 	responser: foreColor = (0, 0, 0)
428.3018 	EXP 	responser: foreColor = (0, 0, 0)
428.3184 	EXP 	responser: foreColor = (0, 0, 0)
428.3351 	EXP 	responser: foreColor = (0, 0, 0)
428.3518 	EXP 	responser: foreColor = (0, 0, 0)
428.3684 	EXP 	responser: foreColor = (0, 0, 0)
428.3851 	EXP 	responser: foreColor = (0, 0, 0)
428.4018 	EXP 	responser: foreColor = (0, 0, 0)
428.4184 	EXP 	responser: foreColor = (0, 0, 0)
428.4351 	EXP 	responser: foreColor = (0, 0, 0)
428.4518 	EXP 	responser: foreColor = (0, 0, 0)
428.4685 	EXP 	responser: foreColor = (0, 0, 0)
428.4851 	EXP 	responser: foreColor = (0, 0, 0)
428.5018 	EXP 	responser: foreColor = (0, 0, 0)
428.5184 	EXP 	responser: foreColor = (0, 0, 0)
428.5351 	EXP 	responser: foreColor = (0, 0, 0)
428.5518 	EXP 	responser: foreColor = (0, 0, 0)
428.5684 	EXP 	responser: foreColor = (0, 0, 0)
428.5851 	EXP 	responser: foreColor = (0, 0, 0)
428.6018 	EXP 	responser: foreColor = (0, 0, 0)
428.6185 	EXP 	responser: foreColor = (0, 0, 0)
428.6351 	EXP 	responser: foreColor = (0, 0, 0)
428.6518 	EXP 	responser: foreColor = (0, 0, 0)
428.6684 	EXP 	responser: foreColor = (0, 0, 0)
428.6851 	EXP 	responser: foreColor = (0, 0, 0)
428.7018 	EXP 	responser: foreColor = (0, 0, 0)
428.7184 	EXP 	responser: foreColor = (0, 0, 0)
428.7351 	EXP 	responser: foreColor = (0, 0, 0)
428.7518 	EXP 	responser: foreColor = (0, 0, 0)
428.7685 	EXP 	responser: foreColor = (0, 0, 0)
428.7851 	EXP 	responser: foreColor = (0, 0, 0)
428.8018 	EXP 	responser: foreColor = (0, 0, 0)
428.8185 	EXP 	responser: foreColor = (0, 0, 0)
428.8351 	EXP 	responser: foreColor = (0, 0, 0)
428.8518 	EXP 	responser: foreColor = (0, 0, 0)
428.8684 	EXP 	responser: foreColor = (0, 0, 0)
428.8851 	EXP 	responser: foreColor = (0, 0, 0)
428.9018 	EXP 	responser: foreColor = (0, 0, 0)
428.9185 	EXP 	responser: foreColor = (0, 0, 0)
428.9351 	EXP 	responser: foreColor = (0, 0, 0)
428.9518 	EXP 	responser: foreColor = (0, 0, 0)
428.9685 	EXP 	responser: foreColor = (0, 0, 0)
428.9851 	EXP 	responser: foreColor = (0, 0, 0)
429.0018 	EXP 	responser: foreColor = (0, 0, 0)
429.0185 	EXP 	responser: foreColor = (0, 0, 0)
429.0351 	EXP 	responser: foreColor = (0, 0, 0)
429.0518 	EXP 	responser: foreColor = (0, 0, 0)
429.0685 	EXP 	responser: foreColor = (0, 0, 0)
429.0851 	EXP 	responser: foreColor = (0, 0, 0)
429.1018 	EXP 	responser: foreColor = (0, 0, 0)
429.1185 	EXP 	responser: foreColor = (0, 0, 0)
429.1351 	EXP 	responser: foreColor = (0, 0, 0)
429.1518 	EXP 	responser: foreColor = (0, 0, 0)
429.1685 	EXP 	responser: foreColor = (0, 0, 0)
429.1851 	EXP 	responser: foreColor = (0, 0, 0)
429.2018 	EXP 	responser: foreColor = (0, 0, 0)
429.2185 	EXP 	responser: foreColor = (0, 0, 0)
429.2351 	EXP 	responser: foreColor = (0, 0, 0)
429.2518 	EXP 	responser: foreColor = (0, 0, 0)
429.2686 	EXP 	responser: foreColor = (0, 0, 0)
429.2852 	EXP 	responser: foreColor = (0, 0, 0)
429.3019 	EXP 	responser: foreColor = (0, 0, 0)
429.3186 	EXP 	responser: foreColor = (0, 0, 0)
429.3352 	EXP 	responser: foreColor = (0, 0, 0)
429.3519 	EXP 	responser: foreColor = (0, 0, 0)
429.3685 	EXP 	responser: foreColor = (0, 0, 0)
429.3852 	EXP 	responser: foreColor = (0, 0, 0)
429.4018 	EXP 	responser: foreColor = (0, 0, 0)
429.4185 	EXP 	responser: foreColor = (0, 0, 0)
429.4352 	EXP 	responser: foreColor = (0, 0, 0)
429.4519 	EXP 	responser: foreColor = (0, 0, 0)
429.4686 	EXP 	responser: foreColor = (0, 0, 0)
429.4852 	EXP 	responser: foreColor = (0, 0, 0)
429.5019 	EXP 	responser: foreColor = (0, 0, 0)
429.5186 	EXP 	responser: foreColor = (0, 0, 0)
429.5352 	EXP 	responser: foreColor = (0, 0, 0)
429.5519 	EXP 	responser: foreColor = (0, 0, 0)
429.5686 	EXP 	responser: foreColor = (0, 0, 0)
429.5852 	EXP 	responser: foreColor = (0, 0, 0)
429.5852 	EXP 	thermode_locali_pic: autoDraw = False
429.6019 	EXP 	responser: foreColor = (0, 0, 0)
429.6186 	EXP 	responser: foreColor = (0, 0, 0)
429.6352 	EXP 	responser: foreColor = (0, 0, 0)
429.6519 	EXP 	responser: foreColor = (0, 0, 0)
429.6685 	EXP 	responser: foreColor = (0, 0, 0)
429.6852 	EXP 	responser: foreColor = (0, 0, 0)
429.7019 	EXP 	responser: foreColor = (0, 0, 0)
429.7185 	EXP 	responser: foreColor = (0, 0, 0)
429.7352 	EXP 	responser: foreColor = (0, 0, 0)
429.7519 	EXP 	responser: foreColor = (0, 0, 0)
429.7685 	EXP 	responser: foreColor = (0, 0, 0)
429.7852 	EXP 	responser: foreColor = (0, 0, 0)
429.8019 	EXP 	responser: foreColor = (0, 0, 0)
429.8186 	EXP 	responser: foreColor = (0, 0, 0)
429.8352 	EXP 	responser: foreColor = (0, 0, 0)
429.8519 	EXP 	responser: foreColor = (0, 0, 0)
429.8685 	EXP 	responser: foreColor = (0, 0, 0)
429.8852 	EXP 	responser: foreColor = (0, 0, 0)
429.9019 	EXP 	responser: foreColor = (0, 0, 0)
429.9185 	EXP 	responser: foreColor = (0, 0, 0)
429.9352 	EXP 	responser: foreColor = (0, 0, 0)
429.9518 	EXP 	responser: foreColor = (0, 0, 0)
429.9686 	EXP 	responser: foreColor = (0, 0, 0)
429.9852 	EXP 	responser: foreColor = (0, 0, 0)
430.0019 	EXP 	responser: foreColor = (0, 0, 0)
430.0186 	EXP 	responser: foreColor = (0, 0, 0)
430.0352 	EXP 	responser: foreColor = (0, 0, 0)
430.0519 	EXP 	responser: foreColor = (0, 0, 0)
430.0686 	EXP 	responser: foreColor = (0, 0, 0)
430.0852 	EXP 	responser: foreColor = (0, 0, 0)
430.1019 	EXP 	responser: foreColor = (0, 0, 0)
430.1185 	EXP 	responser: foreColor = (0, 0, 0)
430.1352 	EXP 	responser: foreColor = (0, 0, 0)
430.1518 	EXP 	responser: foreColor = (0, 0, 0)
430.1685 	EXP 	responser: foreColor = (0, 0, 0)
430.1852 	EXP 	responser: foreColor = (0, 0, 0)
430.2019 	EXP 	responser: foreColor = (0, 0, 0)
430.2186 	EXP 	responser: foreColor = (0, 0, 0)
430.2352 	EXP 	responser: foreColor = (0, 0, 0)
430.2519 	EXP 	responser: foreColor = (0, 0, 0)
430.2686 	EXP 	responser: foreColor = (0, 0, 0)
430.2852 	EXP 	responser: foreColor = (0, 0, 0)
430.3019 	EXP 	responser: foreColor = (0, 0, 0)
430.3185 	EXP 	responser: foreColor = (0, 0, 0)
430.3353 	EXP 	responser: foreColor = (0, 0, 0)
430.3519 	EXP 	responser: foreColor = (0, 0, 0)
430.3528 	EXP 	New trial (rep=19, index=0): None
430.3686 	EXP 	responser: foreColor = (0, 0, 0)
430.3686 	EXP 	responsel: autoDraw = False
430.3686 	EXP 	percu_or: autoDraw = False
430.3686 	EXP 	responser: autoDraw = False
430.3686 	EXP 	thermode_locali_pic: autoDraw = False
430.3686 	EXP 	responsel: autoDraw = False
430.3686 	EXP 	percu_or: autoDraw = False
430.3686 	EXP 	responser: autoDraw = False
430.3686 	EXP 	responsel: foreColor = 'white'
430.3686 	EXP 	responser: foreColor = 'white'
430.3686 	EXP 	text_pic: autoDraw = True
430.3686 	EXP 	croix_3: autoDraw = True
435.3686 	EXP 	text_pic: autoDraw = False
435.3686 	EXP 	croix_3: autoDraw = False
435.3686 	EXP 	text_pic: autoDraw = False
435.3686 	EXP 	croix_3: autoDraw = False
435.3686 	EXP 	thermode_locali_pic: height = 0.02
435.3686 	EXP 	thermode_locali_pic: height = 0.02
435.3686 	EXP 	thermode_locali_pic: height = 0.02
435.3686 	EXP 	thermode_locali_pic: text = 'T : 3'
435.3686 	EXP 	responsel: text = 'NON              '
435.3686 	EXP 	thermode_locali_pic: autoDraw = True
443.3520 	EXP 	responsel: autoDraw = True
443.3520 	EXP 	percu_or: autoDraw = True
443.3520 	EXP 	responser: autoDraw = True
443.7534 	DATA 	Keypress: m
443.7854 	EXP 	responsel: foreColor = (0, 0, 0)
443.8021 	EXP 	responsel: foreColor = (0, 0, 0)
443.8187 	EXP 	responsel: foreColor = (0, 0, 0)
443.8354 	EXP 	responsel: foreColor = (0, 0, 0)
443.8520 	EXP 	responsel: foreColor = (0, 0, 0)
443.8687 	EXP 	responsel: foreColor = (0, 0, 0)
443.8854 	EXP 	responsel: foreColor = (0, 0, 0)
443.9020 	EXP 	responsel: foreColor = (0, 0, 0)
443.9187 	EXP 	responsel: foreColor = (0, 0, 0)
443.9354 	EXP 	responsel: foreColor = (0, 0, 0)
443.9521 	EXP 	responsel: foreColor = (0, 0, 0)
443.9687 	EXP 	responsel: foreColor = (0, 0, 0)
443.9854 	EXP 	responsel: foreColor = (0, 0, 0)
444.0020 	EXP 	responsel: foreColor = (0, 0, 0)
444.0187 	EXP 	responsel: foreColor = (0, 0, 0)
444.0353 	EXP 	responsel: foreColor = (0, 0, 0)
444.0521 	EXP 	responsel: foreColor = (0, 0, 0)
444.0687 	EXP 	responsel: foreColor = (0, 0, 0)
444.0854 	EXP 	responsel: foreColor = (0, 0, 0)
444.1021 	EXP 	responsel: foreColor = (0, 0, 0)
444.1186 	EXP 	responsel: foreColor = (0, 0, 0)
444.1353 	EXP 	responsel: foreColor = (0, 0, 0)
444.1520 	EXP 	responsel: foreColor = (0, 0, 0)
444.1687 	EXP 	responsel: foreColor = (0, 0, 0)
444.1854 	EXP 	responsel: foreColor = (0, 0, 0)
444.2021 	EXP 	responsel: foreColor = (0, 0, 0)
444.2187 	EXP 	responsel: foreColor = (0, 0, 0)
444.2354 	EXP 	responsel: foreColor = (0, 0, 0)
444.2521 	EXP 	responsel: foreColor = (0, 0, 0)
444.2687 	EXP 	responsel: foreColor = (0, 0, 0)
444.2854 	EXP 	responsel: foreColor = (0, 0, 0)
444.3020 	EXP 	responsel: foreColor = (0, 0, 0)
444.3187 	EXP 	responsel: foreColor = (0, 0, 0)
444.3354 	EXP 	responsel: foreColor = (0, 0, 0)
444.3520 	EXP 	responsel: foreColor = (0, 0, 0)
444.3686 	EXP 	responsel: foreColor = (0, 0, 0)
444.3853 	EXP 	responsel: foreColor = (0, 0, 0)
444.4019 	EXP 	responsel: foreColor = (0, 0, 0)
444.4186 	EXP 	responsel: foreColor = (0, 0, 0)
444.4353 	EXP 	responsel: foreColor = (0, 0, 0)
444.4519 	EXP 	responsel: foreColor = (0, 0, 0)
444.4686 	EXP 	responsel: foreColor = (0, 0, 0)
444.4853 	EXP 	responsel: foreColor = (0, 0, 0)
444.5019 	EXP 	responsel: foreColor = (0, 0, 0)
444.5186 	EXP 	responsel: foreColor = (0, 0, 0)
444.5353 	EXP 	responsel: foreColor = (0, 0, 0)
444.5519 	EXP 	responsel: foreColor = (0, 0, 0)
444.5686 	EXP 	responsel: foreColor = (0, 0, 0)
444.5853 	EXP 	responsel: foreColor = (0, 0, 0)
444.6019 	EXP 	responsel: foreColor = (0, 0, 0)
444.6186 	EXP 	responsel: foreColor = (0, 0, 0)
444.6353 	EXP 	responsel: foreColor = (0, 0, 0)
444.6519 	EXP 	responsel: foreColor = (0, 0, 0)
444.6686 	EXP 	responsel: foreColor = (0, 0, 0)
444.6853 	EXP 	responsel: foreColor = (0, 0, 0)
444.7019 	EXP 	responsel: foreColor = (0, 0, 0)
444.7186 	EXP 	responsel: foreColor = (0, 0, 0)
444.7353 	EXP 	responsel: foreColor = (0, 0, 0)
444.7519 	EXP 	responsel: foreColor = (0, 0, 0)
444.7686 	EXP 	responsel: foreColor = (0, 0, 0)
444.7853 	EXP 	responsel: foreColor = (0, 0, 0)
444.8019 	EXP 	responsel: foreColor = (0, 0, 0)
444.8186 	EXP 	responsel: foreColor = (0, 0, 0)
444.8353 	EXP 	responsel: foreColor = (0, 0, 0)
444.8519 	EXP 	responsel: foreColor = (0, 0, 0)
444.8686 	EXP 	responsel: foreColor = (0, 0, 0)
444.8853 	EXP 	responsel: foreColor = (0, 0, 0)
444.9019 	EXP 	responsel: foreColor = (0, 0, 0)
444.9186 	EXP 	responsel: foreColor = (0, 0, 0)
444.9353 	EXP 	responsel: foreColor = (0, 0, 0)
444.9519 	EXP 	responsel: foreColor = (0, 0, 0)
444.9686 	EXP 	responsel: foreColor = (0, 0, 0)
444.9853 	EXP 	responsel: foreColor = (0, 0, 0)
445.0019 	EXP 	responsel: foreColor = (0, 0, 0)
445.0186 	EXP 	responsel: foreColor = (0, 0, 0)
445.0353 	EXP 	responsel: foreColor = (0, 0, 0)
445.0519 	EXP 	responsel: foreColor = (0, 0, 0)
445.0686 	EXP 	responsel: foreColor = (0, 0, 0)
445.0853 	EXP 	responsel: foreColor = (0, 0, 0)
445.1020 	EXP 	responsel: foreColor = (0, 0, 0)
445.1186 	EXP 	responsel: foreColor = (0, 0, 0)
445.1353 	EXP 	responsel: foreColor = (0, 0, 0)
445.1519 	EXP 	responsel: foreColor = (0, 0, 0)
445.1686 	EXP 	responsel: foreColor = (0, 0, 0)
445.1853 	EXP 	responsel: foreColor = (0, 0, 0)
445.2019 	EXP 	responsel: foreColor = (0, 0, 0)
445.2186 	EXP 	responsel: foreColor = (0, 0, 0)
445.2353 	EXP 	responsel: foreColor = (0, 0, 0)
445.2519 	EXP 	responsel: foreColor = (0, 0, 0)
445.2686 	EXP 	responsel: foreColor = (0, 0, 0)
445.2853 	EXP 	responsel: foreColor = (0, 0, 0)
445.3019 	EXP 	responsel: foreColor = (0, 0, 0)
445.3186 	EXP 	responsel: foreColor = (0, 0, 0)
445.3353 	EXP 	responsel: foreColor = (0, 0, 0)
445.3520 	EXP 	responsel: foreColor = (0, 0, 0)
445.3686 	EXP 	responsel: foreColor = (0, 0, 0)
445.3853 	EXP 	responsel: foreColor = (0, 0, 0)
445.4019 	EXP 	responsel: foreColor = (0, 0, 0)
445.4186 	EXP 	responsel: foreColor = (0, 0, 0)
445.4353 	EXP 	responsel: foreColor = (0, 0, 0)
445.4519 	EXP 	responsel: foreColor = (0, 0, 0)
445.4686 	EXP 	responsel: foreColor = (0, 0, 0)
445.4853 	EXP 	responsel: foreColor = (0, 0, 0)
445.5019 	EXP 	responsel: foreColor = (0, 0, 0)
445.5186 	EXP 	responsel: foreColor = (0, 0, 0)
445.5353 	EXP 	responsel: foreColor = (0, 0, 0)
445.5519 	EXP 	responsel: foreColor = (0, 0, 0)
445.5686 	EXP 	responsel: foreColor = (0, 0, 0)
445.5686 	EXP 	thermode_locali_pic: autoDraw = False
445.5853 	EXP 	responsel: foreColor = (0, 0, 0)
445.6019 	EXP 	responsel: foreColor = (0, 0, 0)
445.6186 	EXP 	responsel: foreColor = (0, 0, 0)
445.6353 	EXP 	responsel: foreColor = (0, 0, 0)
445.6519 	EXP 	responsel: foreColor = (0, 0, 0)
445.6686 	EXP 	responsel: foreColor = (0, 0, 0)
445.6853 	EXP 	responsel: foreColor = (0, 0, 0)
445.7019 	EXP 	responsel: foreColor = (0, 0, 0)
445.7186 	EXP 	responsel: foreColor = (0, 0, 0)
445.7353 	EXP 	responsel: foreColor = (0, 0, 0)
445.7519 	EXP 	responsel: foreColor = (0, 0, 0)
445.7686 	EXP 	responsel: foreColor = (0, 0, 0)
445.7853 	EXP 	responsel: foreColor = (0, 0, 0)
445.8019 	EXP 	responsel: foreColor = (0, 0, 0)
445.8186 	EXP 	responsel: foreColor = (0, 0, 0)
445.8353 	EXP 	responsel: foreColor = (0, 0, 0)
445.8520 	EXP 	responsel: foreColor = (0, 0, 0)
445.8686 	EXP 	responsel: foreColor = (0, 0, 0)
445.8853 	EXP 	responsel: foreColor = (0, 0, 0)
445.9019 	EXP 	responsel: foreColor = (0, 0, 0)
445.9186 	EXP 	responsel: foreColor = (0, 0, 0)
445.9353 	EXP 	responsel: foreColor = (0, 0, 0)
445.9519 	EXP 	responsel: foreColor = (0, 0, 0)
445.9686 	EXP 	responsel: foreColor = (0, 0, 0)
445.9853 	EXP 	responsel: foreColor = (0, 0, 0)
446.0019 	EXP 	responsel: foreColor = (0, 0, 0)
446.0186 	EXP 	responsel: foreColor = (0, 0, 0)
446.0353 	EXP 	responsel: foreColor = (0, 0, 0)
446.0519 	EXP 	responsel: foreColor = (0, 0, 0)
446.0686 	EXP 	responsel: foreColor = (0, 0, 0)
446.0853 	EXP 	responsel: foreColor = (0, 0, 0)
446.1019 	EXP 	responsel: foreColor = (0, 0, 0)
446.1186 	EXP 	responsel: foreColor = (0, 0, 0)
446.1353 	EXP 	responsel: foreColor = (0, 0, 0)
446.1519 	EXP 	responsel: foreColor = (0, 0, 0)
446.1686 	EXP 	responsel: foreColor = (0, 0, 0)
446.1853 	EXP 	responsel: foreColor = (0, 0, 0)
446.2019 	EXP 	responsel: foreColor = (0, 0, 0)
446.2186 	EXP 	responsel: foreColor = (0, 0, 0)
446.2353 	EXP 	responsel: foreColor = (0, 0, 0)
446.2520 	EXP 	responsel: foreColor = (0, 0, 0)
446.2686 	EXP 	responsel: foreColor = (0, 0, 0)
446.2853 	EXP 	responsel: foreColor = (0, 0, 0)
446.3019 	EXP 	responsel: foreColor = (0, 0, 0)
446.3187 	EXP 	responsel: foreColor = (0, 0, 0)
446.3353 	EXP 	responsel: foreColor = (0, 0, 0)
446.3363 	EXP 	New trial (rep=20, index=0): None
446.3520 	EXP 	responsel: foreColor = (0, 0, 0)
446.3520 	EXP 	responsel: autoDraw = False
446.3520 	EXP 	percu_or: autoDraw = False
446.3520 	EXP 	responser: autoDraw = False
446.3520 	EXP 	thermode_locali_pic: autoDraw = False
446.3520 	EXP 	responsel: autoDraw = False
446.3520 	EXP 	percu_or: autoDraw = False
446.3520 	EXP 	responser: autoDraw = False
446.3520 	EXP 	responsel: foreColor = 'white'
446.3520 	EXP 	responser: foreColor = 'white'
446.3520 	EXP 	text_pic: autoDraw = True
446.3520 	EXP 	croix_3: autoDraw = True
451.3521 	EXP 	text_pic: autoDraw = False
451.3521 	EXP 	croix_3: autoDraw = False
451.3521 	EXP 	text_pic: autoDraw = False
451.3521 	EXP 	croix_3: autoDraw = False
451.3521 	EXP 	thermode_locali_pic: height = 0.02
451.3521 	EXP 	thermode_locali_pic: height = 0.02
451.3521 	EXP 	thermode_locali_pic: height = 0.02
451.3521 	EXP 	thermode_locali_pic: text = 'T : 0'
451.3521 	EXP 	responsel: text = 'NON              '
451.3521 	EXP 	thermode_locali_pic: autoDraw = True
459.3355 	EXP 	responsel: autoDraw = True
459.3355 	EXP 	percu_or: autoDraw = True
459.3355 	EXP 	responser: autoDraw = True
459.7868 	DATA 	Keypress: m
459.8355 	EXP 	responsel: foreColor = (0, 0, 0)
459.8521 	EXP 	responsel: foreColor = (0, 0, 0)
459.8688 	EXP 	responsel: foreColor = (0, 0, 0)
459.8855 	EXP 	responsel: foreColor = (0, 0, 0)
459.9021 	EXP 	responsel: foreColor = (0, 0, 0)
459.9188 	EXP 	responsel: foreColor = (0, 0, 0)
459.9355 	EXP 	responsel: foreColor = (0, 0, 0)
459.9521 	EXP 	responsel: foreColor = (0, 0, 0)
459.9688 	EXP 	responsel: foreColor = (0, 0, 0)
459.9855 	EXP 	responsel: foreColor = (0, 0, 0)
460.0022 	EXP 	responsel: foreColor = (0, 0, 0)
460.0188 	EXP 	responsel: foreColor = (0, 0, 0)
460.0355 	EXP 	responsel: foreColor = (0, 0, 0)
460.0521 	EXP 	responsel: foreColor = (0, 0, 0)
460.0688 	EXP 	responsel: foreColor = (0, 0, 0)
460.0855 	EXP 	responsel: foreColor = (0, 0, 0)
460.1021 	EXP 	responsel: foreColor = (0, 0, 0)
460.1188 	EXP 	responsel: foreColor = (0, 0, 0)
460.1355 	EXP 	responsel: foreColor = (0, 0, 0)
460.1522 	EXP 	responsel: foreColor = (0, 0, 0)
460.1688 	EXP 	responsel: foreColor = (0, 0, 0)
460.1855 	EXP 	responsel: foreColor = (0, 0, 0)
460.2021 	EXP 	responsel: foreColor = (0, 0, 0)
460.2188 	EXP 	responsel: foreColor = (0, 0, 0)
460.2355 	EXP 	responsel: foreColor = (0, 0, 0)
460.2521 	EXP 	responsel: foreColor = (0, 0, 0)
460.2688 	EXP 	responsel: foreColor = (0, 0, 0)
460.2855 	EXP 	responsel: foreColor = (0, 0, 0)
460.3021 	EXP 	responsel: foreColor = (0, 0, 0)
460.3188 	EXP 	responsel: foreColor = (0, 0, 0)
460.3356 	EXP 	responsel: foreColor = (0, 0, 0)
460.3522 	EXP 	responsel: foreColor = (0, 0, 0)
460.3688 	EXP 	responsel: foreColor = (0, 0, 0)
460.3855 	EXP 	responsel: foreColor = (0, 0, 0)
460.4021 	EXP 	responsel: foreColor = (0, 0, 0)
460.4188 	EXP 	responsel: foreColor = (0, 0, 0)
460.4355 	EXP 	responsel: foreColor = (0, 0, 0)
460.4521 	EXP 	responsel: foreColor = (0, 0, 0)
460.4688 	EXP 	responsel: foreColor = (0, 0, 0)
460.4855 	EXP 	responsel: foreColor = (0, 0, 0)
460.5021 	EXP 	responsel: foreColor = (0, 0, 0)
460.5188 	EXP 	responsel: foreColor = (0, 0, 0)
460.5355 	EXP 	responsel: foreColor = (0, 0, 0)
460.5521 	EXP 	responsel: foreColor = (0, 0, 0)
460.5688 	EXP 	responsel: foreColor = (0, 0, 0)
460.5855 	EXP 	responsel: foreColor = (0, 0, 0)
460.6022 	EXP 	responsel: foreColor = (0, 0, 0)
460.6188 	EXP 	responsel: foreColor = (0, 0, 0)
460.6355 	EXP 	responsel: foreColor = (0, 0, 0)
460.6521 	EXP 	responsel: foreColor = (0, 0, 0)
460.6688 	EXP 	responsel: foreColor = (0, 0, 0)
460.6855 	EXP 	responsel: foreColor = (0, 0, 0)
460.7021 	EXP 	responsel: foreColor = (0, 0, 0)
460.7188 	EXP 	responsel: foreColor = (0, 0, 0)
460.7355 	EXP 	responsel: foreColor = (0, 0, 0)
460.7521 	EXP 	responsel: foreColor = (0, 0, 0)
460.7688 	EXP 	responsel: foreColor = (0, 0, 0)
460.7855 	EXP 	responsel: foreColor = (0, 0, 0)
460.8021 	EXP 	responsel: foreColor = (0, 0, 0)
460.8188 	EXP 	responsel: foreColor = (0, 0, 0)
460.8355 	EXP 	responsel: foreColor = (0, 0, 0)
460.8521 	EXP 	responsel: foreColor = (0, 0, 0)
460.8688 	EXP 	responsel: foreColor = (0, 0, 0)
460.8855 	EXP 	responsel: foreColor = (0, 0, 0)
460.9022 	EXP 	responsel: foreColor = (0, 0, 0)
460.9188 	EXP 	responsel: foreColor = (0, 0, 0)
460.9355 	EXP 	responsel: foreColor = (0, 0, 0)
460.9522 	EXP 	responsel: foreColor = (0, 0, 0)
460.9688 	EXP 	responsel: foreColor = (0, 0, 0)
460.9855 	EXP 	responsel: foreColor = (0, 0, 0)
461.0022 	EXP 	responsel: foreColor = (0, 0, 0)
461.0188 	EXP 	responsel: foreColor = (0, 0, 0)
461.0355 	EXP 	responsel: foreColor = (0, 0, 0)
461.0522 	EXP 	responsel: foreColor = (0, 0, 0)
461.0688 	EXP 	responsel: foreColor = (0, 0, 0)
461.0855 	EXP 	responsel: foreColor = (0, 0, 0)
461.1022 	EXP 	responsel: foreColor = (0, 0, 0)
461.1188 	EXP 	responsel: foreColor = (0, 0, 0)
461.1355 	EXP 	responsel: foreColor = (0, 0, 0)
461.1521 	EXP 	responsel: foreColor = (0, 0, 0)
461.1688 	EXP 	responsel: foreColor = (0, 0, 0)
461.1855 	EXP 	responsel: foreColor = (0, 0, 0)
461.2022 	EXP 	responsel: foreColor = (0, 0, 0)
461.2188 	EXP 	responsel: foreColor = (0, 0, 0)
461.2355 	EXP 	responsel: foreColor = (0, 0, 0)
461.2521 	EXP 	responsel: foreColor = (0, 0, 0)
461.2688 	EXP 	responsel: foreColor = (0, 0, 0)
461.2855 	EXP 	responsel: foreColor = (0, 0, 0)
461.3022 	EXP 	responsel: foreColor = (0, 0, 0)
461.3189 	EXP 	responsel: foreColor = (0, 0, 0)
461.3355 	EXP 	responsel: foreColor = (0, 0, 0)
461.3522 	EXP 	responsel: foreColor = (0, 0, 0)
461.3688 	EXP 	responsel: foreColor = (0, 0, 0)
461.3855 	EXP 	responsel: foreColor = (0, 0, 0)
461.4022 	EXP 	responsel: foreColor = (0, 0, 0)
461.4189 	EXP 	responsel: foreColor = (0, 0, 0)
461.4356 	EXP 	responsel: foreColor = (0, 0, 0)
461.4523 	EXP 	responsel: foreColor = (0, 0, 0)
461.4689 	EXP 	responsel: foreColor = (0, 0, 0)
461.4856 	EXP 	responsel: foreColor = (0, 0, 0)
461.5022 	EXP 	responsel: foreColor = (0, 0, 0)
461.5189 	EXP 	responsel: foreColor = (0, 0, 0)
461.5355 	EXP 	responsel: foreColor = (0, 0, 0)
461.5523 	EXP 	responsel: foreColor = (0, 0, 0)
461.5523 	EXP 	thermode_locali_pic: autoDraw = False
461.5689 	EXP 	responsel: foreColor = (0, 0, 0)
461.5856 	EXP 	responsel: foreColor = (0, 0, 0)
461.6022 	EXP 	responsel: foreColor = (0, 0, 0)
461.6189 	EXP 	responsel: foreColor = (0, 0, 0)
461.6356 	EXP 	responsel: foreColor = (0, 0, 0)
461.6522 	EXP 	responsel: foreColor = (0, 0, 0)
461.6689 	EXP 	responsel: foreColor = (0, 0, 0)
461.6856 	EXP 	responsel: foreColor = (0, 0, 0)
461.7022 	EXP 	responsel: foreColor = (0, 0, 0)
461.7189 	EXP 	responsel: foreColor = (0, 0, 0)
461.7356 	EXP 	responsel: foreColor = (0, 0, 0)
461.7523 	EXP 	responsel: foreColor = (0, 0, 0)
461.7689 	EXP 	responsel: foreColor = (0, 0, 0)
461.7856 	EXP 	responsel: foreColor = (0, 0, 0)
461.8023 	EXP 	responsel: foreColor = (0, 0, 0)
461.8189 	EXP 	responsel: foreColor = (0, 0, 0)
461.8356 	EXP 	responsel: foreColor = (0, 0, 0)
461.8522 	EXP 	responsel: foreColor = (0, 0, 0)
461.8689 	EXP 	responsel: foreColor = (0, 0, 0)
461.8856 	EXP 	responsel: foreColor = (0, 0, 0)
461.9022 	EXP 	responsel: foreColor = (0, 0, 0)
461.9189 	EXP 	responsel: foreColor = (0, 0, 0)
461.9356 	EXP 	responsel: foreColor = (0, 0, 0)
461.9523 	EXP 	responsel: foreColor = (0, 0, 0)
461.9689 	EXP 	responsel: foreColor = (0, 0, 0)
461.9856 	EXP 	responsel: foreColor = (0, 0, 0)
462.0022 	EXP 	responsel: foreColor = (0, 0, 0)
462.0189 	EXP 	responsel: foreColor = (0, 0, 0)
462.0356 	EXP 	responsel: foreColor = (0, 0, 0)
462.0523 	EXP 	responsel: foreColor = (0, 0, 0)
462.0689 	EXP 	responsel: foreColor = (0, 0, 0)
462.0856 	EXP 	responsel: foreColor = (0, 0, 0)
462.1022 	EXP 	responsel: foreColor = (0, 0, 0)
462.1189 	EXP 	responsel: foreColor = (0, 0, 0)
462.1356 	EXP 	responsel: foreColor = (0, 0, 0)
462.1522 	EXP 	responsel: foreColor = (0, 0, 0)
462.1689 	EXP 	responsel: foreColor = (0, 0, 0)
462.1856 	EXP 	responsel: foreColor = (0, 0, 0)
462.2022 	EXP 	responsel: foreColor = (0, 0, 0)
462.2189 	EXP 	responsel: foreColor = (0, 0, 0)
462.2356 	EXP 	responsel: foreColor = (0, 0, 0)
462.2523 	EXP 	responsel: foreColor = (0, 0, 0)
462.2689 	EXP 	responsel: foreColor = (0, 0, 0)
462.2856 	EXP 	responsel: foreColor = (0, 0, 0)
462.3023 	EXP 	responsel: foreColor = (0, 0, 0)
462.3189 	EXP 	responsel: foreColor = (0, 0, 0)
462.3199 	EXP 	New trial (rep=21, index=0): None
462.3356 	EXP 	responsel: foreColor = (0, 0, 0)
462.3356 	EXP 	responsel: autoDraw = False
462.3356 	EXP 	percu_or: autoDraw = False
462.3356 	EXP 	responser: autoDraw = False
462.3356 	EXP 	thermode_locali_pic: autoDraw = False
462.3356 	EXP 	responsel: autoDraw = False
462.3356 	EXP 	percu_or: autoDraw = False
462.3356 	EXP 	responser: autoDraw = False
462.3356 	EXP 	responsel: foreColor = 'white'
462.3356 	EXP 	responser: foreColor = 'white'
462.3356 	EXP 	text_pic: autoDraw = True
462.3356 	EXP 	croix_3: autoDraw = True
467.3357 	EXP 	text_pic: autoDraw = False
467.3357 	EXP 	croix_3: autoDraw = False
467.3357 	EXP 	text_pic: autoDraw = False
467.3357 	EXP 	croix_3: autoDraw = False
467.3357 	EXP 	thermode_locali_pic: height = 0.02
467.3357 	EXP 	thermode_locali_pic: height = 0.02
467.3357 	EXP 	thermode_locali_pic: height = 0.02
467.3357 	EXP 	thermode_locali_pic: text = 'T : 1'
467.3357 	EXP 	responsel: text = 'NON              '
467.3357 	EXP 	thermode_locali_pic: autoDraw = True
475.3191 	EXP 	responsel: autoDraw = True
475.3191 	EXP 	percu_or: autoDraw = True
475.3191 	EXP 	responser: autoDraw = True
475.6702 	DATA 	Keypress: n
475.7024 	EXP 	responser: foreColor = (0, 0, 0)
475.7191 	EXP 	responser: foreColor = (0, 0, 0)
475.7357 	EXP 	responser: foreColor = (0, 0, 0)
475.7524 	EXP 	responser: foreColor = (0, 0, 0)
475.7691 	EXP 	responser: foreColor = (0, 0, 0)
475.7857 	EXP 	responser: foreColor = (0, 0, 0)
475.8023 	EXP 	responser: foreColor = (0, 0, 0)
475.8190 	EXP 	responser: foreColor = (0, 0, 0)
475.8357 	EXP 	responser: foreColor = (0, 0, 0)
475.8524 	EXP 	responser: foreColor = (0, 0, 0)
475.8691 	EXP 	responser: foreColor = (0, 0, 0)
475.8857 	EXP 	responser: foreColor = (0, 0, 0)
475.9024 	EXP 	responser: foreColor = (0, 0, 0)
475.9191 	EXP 	responser: foreColor = (0, 0, 0)
475.9357 	EXP 	responser: foreColor = (0, 0, 0)
475.9524 	EXP 	responser: foreColor = (0, 0, 0)
475.9691 	EXP 	responser: foreColor = (0, 0, 0)
475.9857 	EXP 	responser: foreColor = (0, 0, 0)
476.0024 	EXP 	responser: foreColor = (0, 0, 0)
476.0191 	EXP 	responser: foreColor = (0, 0, 0)
476.0357 	EXP 	responser: foreColor = (0, 0, 0)
476.0524 	EXP 	responser: foreColor = (0, 0, 0)
476.0691 	EXP 	responser: foreColor = (0, 0, 0)
476.0857 	EXP 	responser: foreColor = (0, 0, 0)
476.1024 	EXP 	responser: foreColor = (0, 0, 0)
476.1191 	EXP 	responser: foreColor = (0, 0, 0)
476.1357 	EXP 	responser: foreColor = (0, 0, 0)
476.1523 	EXP 	responser: foreColor = (0, 0, 0)
476.1690 	EXP 	responser: foreColor = (0, 0, 0)
476.1857 	EXP 	responser: foreColor = (0, 0, 0)
476.2024 	EXP 	responser: foreColor = (0, 0, 0)
476.2191 	EXP 	responser: foreColor = (0, 0, 0)
476.2357 	EXP 	responser: foreColor = (0, 0, 0)
476.2524 	EXP 	responser: foreColor = (0, 0, 0)
476.2691 	EXP 	responser: foreColor = (0, 0, 0)
476.2857 	EXP 	responser: foreColor = (0, 0, 0)
476.3024 	EXP 	responser: foreColor = (0, 0, 0)
476.3191 	EXP 	responser: foreColor = (0, 0, 0)
476.3358 	EXP 	responser: foreColor = (0, 0, 0)
476.3524 	EXP 	responser: foreColor = (0, 0, 0)
476.3691 	EXP 	responser: foreColor = (0, 0, 0)
476.3857 	EXP 	responser: foreColor = (0, 0, 0)
476.4024 	EXP 	responser: foreColor = (0, 0, 0)
476.4191 	EXP 	responser: foreColor = (0, 0, 0)
476.4357 	EXP 	responser: foreColor = (0, 0, 0)
476.4524 	EXP 	responser: foreColor = (0, 0, 0)
476.4691 	EXP 	responser: foreColor = (0, 0, 0)
476.4857 	EXP 	responser: foreColor = (0, 0, 0)
476.5024 	EXP 	responser: foreColor = (0, 0, 0)
476.5191 	EXP 	responser: foreColor = (0, 0, 0)
476.5357 	EXP 	responser: foreColor = (0, 0, 0)
476.5523 	EXP 	responser: foreColor = (0, 0, 0)
476.5690 	EXP 	responser: foreColor = (0, 0, 0)
476.5858 	EXP 	responser: foreColor = (0, 0, 0)
476.6024 	EXP 	responser: foreColor = (0, 0, 0)
476.6191 	EXP 	responser: foreColor = (0, 0, 0)
476.6358 	EXP 	responser: foreColor = (0, 0, 0)
476.6524 	EXP 	responser: foreColor = (0, 0, 0)
476.6691 	EXP 	responser: foreColor = (0, 0, 0)
476.6857 	EXP 	responser: foreColor = (0, 0, 0)
476.7024 	EXP 	responser: foreColor = (0, 0, 0)
476.7191 	EXP 	responser: foreColor = (0, 0, 0)
476.7358 	EXP 	responser: foreColor = (0, 0, 0)
476.7530 	EXP 	responser: foreColor = (0, 0, 0)
476.7691 	EXP 	responser: foreColor = (0, 0, 0)
476.7857 	EXP 	responser: foreColor = (0, 0, 0)
476.8024 	EXP 	responser: foreColor = (0, 0, 0)
476.8191 	EXP 	responser: foreColor = (0, 0, 0)
476.8357 	EXP 	responser: foreColor = (0, 0, 0)
476.8524 	EXP 	responser: foreColor = (0, 0, 0)
476.8691 	EXP 	responser: foreColor = (0, 0, 0)
476.8857 	EXP 	responser: foreColor = (0, 0, 0)
476.9024 	EXP 	responser: foreColor = (0, 0, 0)
476.9190 	EXP 	responser: foreColor = (0, 0, 0)
476.9358 	EXP 	responser: foreColor = (0, 0, 0)
476.9524 	EXP 	responser: foreColor = (0, 0, 0)
476.9691 	EXP 	responser: foreColor = (0, 0, 0)
476.9857 	EXP 	responser: foreColor = (0, 0, 0)
477.0024 	EXP 	responser: foreColor = (0, 0, 0)
477.0191 	EXP 	responser: foreColor = (0, 0, 0)
477.0358 	EXP 	responser: foreColor = (0, 0, 0)
477.0524 	EXP 	responser: foreColor = (0, 0, 0)
477.0691 	EXP 	responser: foreColor = (0, 0, 0)
477.0858 	EXP 	responser: foreColor = (0, 0, 0)
477.1023 	EXP 	responser: foreColor = (0, 0, 0)
477.1191 	EXP 	responser: foreColor = (0, 0, 0)
477.1358 	EXP 	responser: foreColor = (0, 0, 0)
477.1524 	EXP 	responser: foreColor = (0, 0, 0)
477.1691 	EXP 	responser: foreColor = (0, 0, 0)
477.1858 	EXP 	responser: foreColor = (0, 0, 0)
477.2023 	EXP 	responser: foreColor = (0, 0, 0)
477.2190 	EXP 	responser: foreColor = (0, 0, 0)
477.2356 	EXP 	responser: foreColor = (0, 0, 0)
477.2523 	EXP 	responser: foreColor = (0, 0, 0)
477.2690 	EXP 	responser: foreColor = (0, 0, 0)
477.2856 	EXP 	responser: foreColor = (0, 0, 0)
477.3023 	EXP 	responser: foreColor = (0, 0, 0)
477.3190 	EXP 	responser: foreColor = (0, 0, 0)
477.3356 	EXP 	responser: foreColor = (0, 0, 0)
477.3523 	EXP 	responser: foreColor = (0, 0, 0)
477.3690 	EXP 	responser: foreColor = (0, 0, 0)
477.3857 	EXP 	responser: foreColor = (0, 0, 0)
477.4023 	EXP 	responser: foreColor = (0, 0, 0)
477.4190 	EXP 	responser: foreColor = (0, 0, 0)
477.4356 	EXP 	responser: foreColor = (0, 0, 0)
477.4523 	EXP 	responser: foreColor = (0, 0, 0)
477.4690 	EXP 	responser: foreColor = (0, 0, 0)
477.4856 	EXP 	responser: foreColor = (0, 0, 0)
477.5023 	EXP 	responser: foreColor = (0, 0, 0)
477.5190 	EXP 	responser: foreColor = (0, 0, 0)
477.5356 	EXP 	responser: foreColor = (0, 0, 0)
477.5356 	EXP 	thermode_locali_pic: autoDraw = False
477.5523 	EXP 	responser: foreColor = (0, 0, 0)
477.5690 	EXP 	responser: foreColor = (0, 0, 0)
477.5856 	EXP 	responser: foreColor = (0, 0, 0)
477.6023 	EXP 	responser: foreColor = (0, 0, 0)
477.6190 	EXP 	responser: foreColor = (0, 0, 0)
477.6356 	EXP 	responser: foreColor = (0, 0, 0)
477.6523 	EXP 	responser: foreColor = (0, 0, 0)
477.6690 	EXP 	responser: foreColor = (0, 0, 0)
477.6857 	EXP 	responser: foreColor = (0, 0, 0)
477.7023 	EXP 	responser: foreColor = (0, 0, 0)
477.7190 	EXP 	responser: foreColor = (0, 0, 0)
477.7356 	EXP 	responser: foreColor = (0, 0, 0)
477.7523 	EXP 	responser: foreColor = (0, 0, 0)
477.7690 	EXP 	responser: foreColor = (0, 0, 0)
477.7856 	EXP 	responser: foreColor = (0, 0, 0)
477.8023 	EXP 	responser: foreColor = (0, 0, 0)
477.8190 	EXP 	responser: foreColor = (0, 0, 0)
477.8356 	EXP 	responser: foreColor = (0, 0, 0)
477.8523 	EXP 	responser: foreColor = (0, 0, 0)
477.8690 	EXP 	responser: foreColor = (0, 0, 0)
477.8858 	EXP 	responser: foreColor = (0, 0, 0)
477.9024 	EXP 	responser: foreColor = (0, 0, 0)
477.9191 	EXP 	responser: foreColor = (0, 0, 0)
477.9358 	EXP 	responser: foreColor = (0, 0, 0)
477.9524 	EXP 	responser: foreColor = (0, 0, 0)
477.9691 	EXP 	responser: foreColor = (0, 0, 0)
477.9858 	EXP 	responser: foreColor = (0, 0, 0)
478.0024 	EXP 	responser: foreColor = (0, 0, 0)
478.0191 	EXP 	responser: foreColor = (0, 0, 0)
478.0357 	EXP 	responser: foreColor = (0, 0, 0)
478.0524 	EXP 	responser: foreColor = (0, 0, 0)
478.0691 	EXP 	responser: foreColor = (0, 0, 0)
478.0858 	EXP 	responser: foreColor = (0, 0, 0)
478.1024 	EXP 	responser: foreColor = (0, 0, 0)
478.1190 	EXP 	responser: foreColor = (0, 0, 0)
478.1356 	EXP 	responser: foreColor = (0, 0, 0)
478.1523 	EXP 	responser: foreColor = (0, 0, 0)
478.1690 	EXP 	responser: foreColor = (0, 0, 0)
478.1856 	EXP 	responser: foreColor = (0, 0, 0)
478.2023 	EXP 	responser: foreColor = (0, 0, 0)
478.2190 	EXP 	responser: foreColor = (0, 0, 0)
478.2356 	EXP 	responser: foreColor = (0, 0, 0)
478.2523 	EXP 	responser: foreColor = (0, 0, 0)
478.2690 	EXP 	responser: foreColor = (0, 0, 0)
478.2856 	EXP 	responser: foreColor = (0, 0, 0)
478.3023 	EXP 	responser: foreColor = (0, 0, 0)
478.3033 	EXP 	New trial (rep=22, index=0): None
478.3190 	EXP 	responser: foreColor = (0, 0, 0)
478.3190 	EXP 	responsel: autoDraw = False
478.3190 	EXP 	percu_or: autoDraw = False
478.3190 	EXP 	responser: autoDraw = False
478.3190 	EXP 	thermode_locali_pic: autoDraw = False
478.3190 	EXP 	responsel: autoDraw = False
478.3190 	EXP 	percu_or: autoDraw = False
478.3190 	EXP 	responser: autoDraw = False
478.3190 	EXP 	responsel: foreColor = 'white'
478.3190 	EXP 	responser: foreColor = 'white'
478.3190 	EXP 	text_pic: autoDraw = True
478.3190 	EXP 	croix_3: autoDraw = True
483.3191 	EXP 	text_pic: autoDraw = False
483.3191 	EXP 	croix_3: autoDraw = False
483.3191 	EXP 	text_pic: autoDraw = False
483.3191 	EXP 	croix_3: autoDraw = False
483.3191 	EXP 	thermode_locali_pic: height = 0.02
483.3191 	EXP 	thermode_locali_pic: height = 0.02
483.3191 	EXP 	thermode_locali_pic: height = 0.02
483.3191 	EXP 	thermode_locali_pic: text = 'T : 2'
483.3191 	EXP 	responsel: text = 'NON              '
483.3191 	EXP 	thermode_locali_pic: autoDraw = True
491.3025 	EXP 	responsel: autoDraw = True
491.3025 	EXP 	percu_or: autoDraw = True
491.3025 	EXP 	responser: autoDraw = True
491.8704 	DATA 	Keypress: n
491.9025 	EXP 	responser: foreColor = (0, 0, 0)
491.9192 	EXP 	responser: foreColor = (0, 0, 0)
491.9358 	EXP 	responser: foreColor = (0, 0, 0)
491.9525 	EXP 	responser: foreColor = (0, 0, 0)
491.9692 	EXP 	responser: foreColor = (0, 0, 0)
491.9858 	EXP 	responser: foreColor = (0, 0, 0)
492.0025 	EXP 	responser: foreColor = (0, 0, 0)
492.0192 	EXP 	responser: foreColor = (0, 0, 0)
492.0358 	EXP 	responser: foreColor = (0, 0, 0)
492.0525 	EXP 	responser: foreColor = (0, 0, 0)
492.0691 	EXP 	responser: foreColor = (0, 0, 0)
492.0858 	EXP 	responser: foreColor = (0, 0, 0)
492.1025 	EXP 	responser: foreColor = (0, 0, 0)
492.1192 	EXP 	responser: foreColor = (0, 0, 0)
492.1358 	EXP 	responser: foreColor = (0, 0, 0)
492.1525 	EXP 	responser: foreColor = (0, 0, 0)
492.1692 	EXP 	responser: foreColor = (0, 0, 0)
492.1858 	EXP 	responser: foreColor = (0, 0, 0)
492.2025 	EXP 	responser: foreColor = (0, 0, 0)
492.2192 	EXP 	responser: foreColor = (0, 0, 0)
492.2358 	EXP 	responser: foreColor = (0, 0, 0)
492.2525 	EXP 	responser: foreColor = (0, 0, 0)
492.2692 	EXP 	responser: foreColor = (0, 0, 0)
492.2858 	EXP 	responser: foreColor = (0, 0, 0)
492.3025 	EXP 	responser: foreColor = (0, 0, 0)
492.3192 	EXP 	responser: foreColor = (0, 0, 0)
492.3358 	EXP 	responser: foreColor = (0, 0, 0)
492.3525 	EXP 	responser: foreColor = (0, 0, 0)
492.3692 	EXP 	responser: foreColor = (0, 0, 0)
492.3858 	EXP 	responser: foreColor = (0, 0, 0)
492.4025 	EXP 	responser: foreColor = (0, 0, 0)
492.4192 	EXP 	responser: foreColor = (0, 0, 0)
492.4358 	EXP 	responser: foreColor = (0, 0, 0)
492.4525 	EXP 	responser: foreColor = (0, 0, 0)
492.4692 	EXP 	responser: foreColor = (0, 0, 0)
492.4858 	EXP 	responser: foreColor = (0, 0, 0)
492.5025 	EXP 	responser: foreColor = (0, 0, 0)
492.5192 	EXP 	responser: foreColor = (0, 0, 0)
492.5358 	EXP 	responser: foreColor = (0, 0, 0)
492.5525 	EXP 	responser: foreColor = (0, 0, 0)
492.5692 	EXP 	responser: foreColor = (0, 0, 0)
492.5858 	EXP 	responser: foreColor = (0, 0, 0)
492.6025 	EXP 	responser: foreColor = (0, 0, 0)
492.6192 	EXP 	responser: foreColor = (0, 0, 0)
492.6358 	EXP 	responser: foreColor = (0, 0, 0)
492.6525 	EXP 	responser: foreColor = (0, 0, 0)
492.6692 	EXP 	responser: foreColor = (0, 0, 0)
492.6858 	EXP 	responser: foreColor = (0, 0, 0)
492.7025 	EXP 	responser: foreColor = (0, 0, 0)
492.7192 	EXP 	responser: foreColor = (0, 0, 0)
492.7358 	EXP 	responser: foreColor = (0, 0, 0)
492.7525 	EXP 	responser: foreColor = (0, 0, 0)
492.7692 	EXP 	responser: foreColor = (0, 0, 0)
492.7858 	EXP 	responser: foreColor = (0, 0, 0)
492.8025 	EXP 	responser: foreColor = (0, 0, 0)
492.8192 	EXP 	responser: foreColor = (0, 0, 0)
492.8358 	EXP 	responser: foreColor = (0, 0, 0)
492.8526 	EXP 	responser: foreColor = (0, 0, 0)
492.8693 	EXP 	responser: foreColor = (0, 0, 0)
492.8859 	EXP 	responser: foreColor = (0, 0, 0)
492.9026 	EXP 	responser: foreColor = (0, 0, 0)
492.9193 	EXP 	responser: foreColor = (0, 0, 0)
492.9359 	EXP 	responser: foreColor = (0, 0, 0)
492.9526 	EXP 	responser: foreColor = (0, 0, 0)
492.9693 	EXP 	responser: foreColor = (0, 0, 0)
492.9859 	EXP 	responser: foreColor = (0, 0, 0)
493.0026 	EXP 	responser: foreColor = (0, 0, 0)
493.0193 	EXP 	responser: foreColor = (0, 0, 0)
493.0359 	EXP 	responser: foreColor = (0, 0, 0)
493.0526 	EXP 	responser: foreColor = (0, 0, 0)
493.0693 	EXP 	responser: foreColor = (0, 0, 0)
493.0859 	EXP 	responser: foreColor = (0, 0, 0)
493.1026 	EXP 	responser: foreColor = (0, 0, 0)
493.1193 	EXP 	responser: foreColor = (0, 0, 0)
493.1359 	EXP 	responser: foreColor = (0, 0, 0)
493.1526 	EXP 	responser: foreColor = (0, 0, 0)
493.1693 	EXP 	responser: foreColor = (0, 0, 0)
493.1861 	EXP 	responser: foreColor = (0, 0, 0)
493.2026 	EXP 	responser: foreColor = (0, 0, 0)
493.2193 	EXP 	responser: foreColor = (0, 0, 0)
493.2359 	EXP 	responser: foreColor = (0, 0, 0)
493.2526 	EXP 	responser: foreColor = (0, 0, 0)
493.2693 	EXP 	responser: foreColor = (0, 0, 0)
493.2859 	EXP 	responser: foreColor = (0, 0, 0)
493.3026 	EXP 	responser: foreColor = (0, 0, 0)
493.3193 	EXP 	responser: foreColor = (0, 0, 0)
493.3359 	EXP 	responser: foreColor = (0, 0, 0)
493.3526 	EXP 	responser: foreColor = (0, 0, 0)
493.3692 	EXP 	responser: foreColor = (0, 0, 0)
493.3859 	EXP 	responser: foreColor = (0, 0, 0)
493.4026 	EXP 	responser: foreColor = (0, 0, 0)
493.4193 	EXP 	responser: foreColor = (0, 0, 0)
493.4359 	EXP 	responser: foreColor = (0, 0, 0)
493.4526 	EXP 	responser: foreColor = (0, 0, 0)
493.4693 	EXP 	responser: foreColor = (0, 0, 0)
493.4859 	EXP 	responser: foreColor = (0, 0, 0)
493.5026 	EXP 	responser: foreColor = (0, 0, 0)
493.5193 	EXP 	responser: foreColor = (0, 0, 0)
493.5193 	EXP 	thermode_locali_pic: autoDraw = False
493.5359 	EXP 	responser: foreColor = (0, 0, 0)
493.5526 	EXP 	responser: foreColor = (0, 0, 0)
493.5693 	EXP 	responser: foreColor = (0, 0, 0)
493.5860 	EXP 	responser: foreColor = (0, 0, 0)
493.6026 	EXP 	responser: foreColor = (0, 0, 0)
493.6193 	EXP 	responser: foreColor = (0, 0, 0)
493.6359 	EXP 	responser: foreColor = (0, 0, 0)
493.6526 	EXP 	responser: foreColor = (0, 0, 0)
493.6693 	EXP 	responser: foreColor = (0, 0, 0)
493.6859 	EXP 	responser: foreColor = (0, 0, 0)
493.7026 	EXP 	responser: foreColor = (0, 0, 0)
493.7193 	EXP 	responser: foreColor = (0, 0, 0)
493.7359 	EXP 	responser: foreColor = (0, 0, 0)
493.7526 	EXP 	responser: foreColor = (0, 0, 0)
493.7693 	EXP 	responser: foreColor = (0, 0, 0)
493.7859 	EXP 	responser: foreColor = (0, 0, 0)
493.8026 	EXP 	responser: foreColor = (0, 0, 0)
493.8193 	EXP 	responser: foreColor = (0, 0, 0)
493.8359 	EXP 	responser: foreColor = (0, 0, 0)
493.8526 	EXP 	responser: foreColor = (0, 0, 0)
493.8693 	EXP 	responser: foreColor = (0, 0, 0)
493.8860 	EXP 	responser: foreColor = (0, 0, 0)
493.9026 	EXP 	responser: foreColor = (0, 0, 0)
493.9193 	EXP 	responser: foreColor = (0, 0, 0)
493.9359 	EXP 	responser: foreColor = (0, 0, 0)
493.9526 	EXP 	responser: foreColor = (0, 0, 0)
493.9693 	EXP 	responser: foreColor = (0, 0, 0)
493.9860 	EXP 	responser: foreColor = (0, 0, 0)
494.0026 	EXP 	responser: foreColor = (0, 0, 0)
494.0193 	EXP 	responser: foreColor = (0, 0, 0)
494.0359 	EXP 	responser: foreColor = (0, 0, 0)
494.0526 	EXP 	responser: foreColor = (0, 0, 0)
494.0693 	EXP 	responser: foreColor = (0, 0, 0)
494.0859 	EXP 	responser: foreColor = (0, 0, 0)
494.1026 	EXP 	responser: foreColor = (0, 0, 0)
494.1192 	EXP 	responser: foreColor = (0, 0, 0)
494.1359 	EXP 	responser: foreColor = (0, 0, 0)
494.1526 	EXP 	responser: foreColor = (0, 0, 0)
494.1693 	EXP 	responser: foreColor = (0, 0, 0)
494.1860 	EXP 	responser: foreColor = (0, 0, 0)
494.2026 	EXP 	responser: foreColor = (0, 0, 0)
494.2193 	EXP 	responser: foreColor = (0, 0, 0)
494.2359 	EXP 	responser: foreColor = (0, 0, 0)
494.2526 	EXP 	responser: foreColor = (0, 0, 0)
494.2693 	EXP 	responser: foreColor = (0, 0, 0)
494.2859 	EXP 	responser: foreColor = (0, 0, 0)
494.2870 	EXP 	New trial (rep=23, index=0): None
494.3026 	EXP 	responser: foreColor = (0, 0, 0)
494.3026 	EXP 	responsel: autoDraw = False
494.3026 	EXP 	percu_or: autoDraw = False
494.3026 	EXP 	responser: autoDraw = False
494.3026 	EXP 	thermode_locali_pic: autoDraw = False
494.3026 	EXP 	responsel: autoDraw = False
494.3026 	EXP 	percu_or: autoDraw = False
494.3026 	EXP 	responser: autoDraw = False
494.3026 	EXP 	responsel: foreColor = 'white'
494.3026 	EXP 	responser: foreColor = 'white'
494.3026 	EXP 	text_pic: autoDraw = True
494.3026 	EXP 	croix_3: autoDraw = True
499.3027 	EXP 	text_pic: autoDraw = False
499.3027 	EXP 	croix_3: autoDraw = False
499.3027 	EXP 	text_pic: autoDraw = False
499.3027 	EXP 	croix_3: autoDraw = False
499.3027 	EXP 	thermode_locali_pic: height = 0.02
499.3027 	EXP 	thermode_locali_pic: height = 0.02
499.3027 	EXP 	thermode_locali_pic: height = 0.02
499.3027 	EXP 	thermode_locali_pic: text = 'T : 3'
499.3027 	EXP 	responsel: text = 'NON              '
499.3027 	EXP 	thermode_locali_pic: autoDraw = True
507.2861 	EXP 	responsel: autoDraw = True
507.2861 	EXP 	percu_or: autoDraw = True
507.2861 	EXP 	responser: autoDraw = True
507.7205 	DATA 	Keypress: m
507.7528 	EXP 	responsel: foreColor = (0, 0, 0)
507.7694 	EXP 	responsel: foreColor = (0, 0, 0)
507.7861 	EXP 	responsel: foreColor = (0, 0, 0)
507.8028 	EXP 	responsel: foreColor = (0, 0, 0)
507.8194 	EXP 	responsel: foreColor = (0, 0, 0)
507.8361 	EXP 	responsel: foreColor = (0, 0, 0)
507.8527 	EXP 	responsel: foreColor = (0, 0, 0)
507.8694 	EXP 	responsel: foreColor = (0, 0, 0)
507.8861 	EXP 	responsel: foreColor = (0, 0, 0)
507.9028 	EXP 	responsel: foreColor = (0, 0, 0)
507.9194 	EXP 	responsel: foreColor = (0, 0, 0)
507.9361 	EXP 	responsel: foreColor = (0, 0, 0)
507.9528 	EXP 	responsel: foreColor = (0, 0, 0)
507.9695 	EXP 	responsel: foreColor = (0, 0, 0)
507.9861 	EXP 	responsel: foreColor = (0, 0, 0)
508.0028 	EXP 	responsel: foreColor = (0, 0, 0)
508.0195 	EXP 	responsel: foreColor = (0, 0, 0)
508.0361 	EXP 	responsel: foreColor = (0, 0, 0)
508.0528 	EXP 	responsel: foreColor = (0, 0, 0)
508.0695 	EXP 	responsel: foreColor = (0, 0, 0)
508.0861 	EXP 	responsel: foreColor = (0, 0, 0)
508.1028 	EXP 	responsel: foreColor = (0, 0, 0)
508.1195 	EXP 	responsel: foreColor = (0, 0, 0)
508.1361 	EXP 	responsel: foreColor = (0, 0, 0)
508.1528 	EXP 	responsel: foreColor = (0, 0, 0)
508.1695 	EXP 	responsel: foreColor = (0, 0, 0)
508.1860 	EXP 	responsel: foreColor = (0, 0, 0)
508.2027 	EXP 	responsel: foreColor = (0, 0, 0)
508.2194 	EXP 	responsel: foreColor = (0, 0, 0)
508.2361 	EXP 	responsel: foreColor = (0, 0, 0)
508.2528 	EXP 	responsel: foreColor = (0, 0, 0)
508.2695 	EXP 	responsel: foreColor = (0, 0, 0)
508.2861 	EXP 	responsel: foreColor = (0, 0, 0)
508.3028 	EXP 	responsel: foreColor = (0, 0, 0)
508.3195 	EXP 	responsel: foreColor = (0, 0, 0)
508.3361 	EXP 	responsel: foreColor = (0, 0, 0)
508.3528 	EXP 	responsel: foreColor = (0, 0, 0)
508.3695 	EXP 	responsel: foreColor = (0, 0, 0)
508.3861 	EXP 	responsel: foreColor = (0, 0, 0)
508.4028 	EXP 	responsel: foreColor = (0, 0, 0)
508.4195 	EXP 	responsel: foreColor = (0, 0, 0)
508.4361 	EXP 	responsel: foreColor = (0, 0, 0)
508.4528 	EXP 	responsel: foreColor = (0, 0, 0)
508.4695 	EXP 	responsel: foreColor = (0, 0, 0)
508.4861 	EXP 	responsel: foreColor = (0, 0, 0)
508.5028 	EXP 	responsel: foreColor = (0, 0, 0)
508.5195 	EXP 	responsel: foreColor = (0, 0, 0)
508.5361 	EXP 	responsel: foreColor = (0, 0, 0)
508.5528 	EXP 	responsel: foreColor = (0, 0, 0)
508.5695 	EXP 	responsel: foreColor = (0, 0, 0)
508.5861 	EXP 	responsel: foreColor = (0, 0, 0)
508.6027 	EXP 	responsel: foreColor = (0, 0, 0)
508.6195 	EXP 	responsel: foreColor = (0, 0, 0)
508.6361 	EXP 	responsel: foreColor = (0, 0, 0)
508.6528 	EXP 	responsel: foreColor = (0, 0, 0)
508.6695 	EXP 	responsel: foreColor = (0, 0, 0)
508.6861 	EXP 	responsel: foreColor = (0, 0, 0)
508.7028 	EXP 	responsel: foreColor = (0, 0, 0)
508.7195 	EXP 	responsel: foreColor = (0, 0, 0)
508.7361 	EXP 	responsel: foreColor = (0, 0, 0)
508.7528 	EXP 	responsel: foreColor = (0, 0, 0)
508.7695 	EXP 	responsel: foreColor = (0, 0, 0)
508.7861 	EXP 	responsel: foreColor = (0, 0, 0)
508.8028 	EXP 	responsel: foreColor = (0, 0, 0)
508.8195 	EXP 	responsel: foreColor = (0, 0, 0)
508.8361 	EXP 	responsel: foreColor = (0, 0, 0)
508.8528 	EXP 	responsel: foreColor = (0, 0, 0)
508.8695 	EXP 	responsel: foreColor = (0, 0, 0)
508.8861 	EXP 	responsel: foreColor = (0, 0, 0)
508.9028 	EXP 	responsel: foreColor = (0, 0, 0)
508.9194 	EXP 	responsel: foreColor = (0, 0, 0)
508.9361 	EXP 	responsel: foreColor = (0, 0, 0)
508.9527 	EXP 	responsel: foreColor = (0, 0, 0)
508.9694 	EXP 	responsel: foreColor = (0, 0, 0)
508.9861 	EXP 	responsel: foreColor = (0, 0, 0)
509.0027 	EXP 	responsel: foreColor = (0, 0, 0)
509.0195 	EXP 	responsel: foreColor = (0, 0, 0)
509.0361 	EXP 	responsel: foreColor = (0, 0, 0)
509.0528 	EXP 	responsel: foreColor = (0, 0, 0)
509.0694 	EXP 	responsel: foreColor = (0, 0, 0)
509.0861 	EXP 	responsel: foreColor = (0, 0, 0)
509.1028 	EXP 	responsel: foreColor = (0, 0, 0)
509.1195 	EXP 	responsel: foreColor = (0, 0, 0)
509.1361 	EXP 	responsel: foreColor = (0, 0, 0)
509.1528 	EXP 	responsel: foreColor = (0, 0, 0)
509.1695 	EXP 	responsel: foreColor = (0, 0, 0)
509.1861 	EXP 	responsel: foreColor = (0, 0, 0)
509.2028 	EXP 	responsel: foreColor = (0, 0, 0)
509.2195 	EXP 	responsel: foreColor = (0, 0, 0)
509.2361 	EXP 	responsel: foreColor = (0, 0, 0)
509.2528 	EXP 	responsel: foreColor = (0, 0, 0)
509.2694 	EXP 	responsel: foreColor = (0, 0, 0)
509.2861 	EXP 	responsel: foreColor = (0, 0, 0)
509.3027 	EXP 	responsel: foreColor = (0, 0, 0)
509.3195 	EXP 	responsel: foreColor = (0, 0, 0)
509.3361 	EXP 	responsel: foreColor = (0, 0, 0)
509.3528 	EXP 	responsel: foreColor = (0, 0, 0)
509.3695 	EXP 	responsel: foreColor = (0, 0, 0)
509.3861 	EXP 	responsel: foreColor = (0, 0, 0)
509.4027 	EXP 	responsel: foreColor = (0, 0, 0)
509.4193 	EXP 	responsel: foreColor = (0, 0, 0)
509.4360 	EXP 	responsel: foreColor = (0, 0, 0)
509.4527 	EXP 	responsel: foreColor = (0, 0, 0)
509.4693 	EXP 	responsel: foreColor = (0, 0, 0)
509.4860 	EXP 	responsel: foreColor = (0, 0, 0)
509.5027 	EXP 	responsel: foreColor = (0, 0, 0)
509.5027 	EXP 	thermode_locali_pic: autoDraw = False
509.5193 	EXP 	responsel: foreColor = (0, 0, 0)
509.5360 	EXP 	responsel: foreColor = (0, 0, 0)
509.5527 	EXP 	responsel: foreColor = (0, 0, 0)
509.5693 	EXP 	responsel: foreColor = (0, 0, 0)
509.5860 	EXP 	responsel: foreColor = (0, 0, 0)
509.6027 	EXP 	responsel: foreColor = (0, 0, 0)
509.6193 	EXP 	responsel: foreColor = (0, 0, 0)
509.6360 	EXP 	responsel: foreColor = (0, 0, 0)
509.6527 	EXP 	responsel: foreColor = (0, 0, 0)
509.6694 	EXP 	responsel: foreColor = (0, 0, 0)
509.6860 	EXP 	responsel: foreColor = (0, 0, 0)
509.7027 	EXP 	responsel: foreColor = (0, 0, 0)
509.7194 	EXP 	responsel: foreColor = (0, 0, 0)
509.7360 	EXP 	responsel: foreColor = (0, 0, 0)
509.7527 	EXP 	responsel: foreColor = (0, 0, 0)
509.7694 	EXP 	responsel: foreColor = (0, 0, 0)
509.7860 	EXP 	responsel: foreColor = (0, 0, 0)
509.8027 	EXP 	responsel: foreColor = (0, 0, 0)
509.8194 	EXP 	responsel: foreColor = (0, 0, 0)
509.8360 	EXP 	responsel: foreColor = (0, 0, 0)
509.8527 	EXP 	responsel: foreColor = (0, 0, 0)
509.8694 	EXP 	responsel: foreColor = (0, 0, 0)
509.8860 	EXP 	responsel: foreColor = (0, 0, 0)
509.9027 	EXP 	responsel: foreColor = (0, 0, 0)
509.9194 	EXP 	responsel: foreColor = (0, 0, 0)
509.9360 	EXP 	responsel: foreColor = (0, 0, 0)
509.9527 	EXP 	responsel: foreColor = (0, 0, 0)
509.9694 	EXP 	responsel: foreColor = (0, 0, 0)
509.9860 	EXP 	responsel: foreColor = (0, 0, 0)
510.0027 	EXP 	responsel: foreColor = (0, 0, 0)
510.0194 	EXP 	responsel: foreColor = (0, 0, 0)
510.0361 	EXP 	responsel: foreColor = (0, 0, 0)
510.0527 	EXP 	responsel: foreColor = (0, 0, 0)
510.0694 	EXP 	responsel: foreColor = (0, 0, 0)
510.0860 	EXP 	responsel: foreColor = (0, 0, 0)
510.1027 	EXP 	responsel: foreColor = (0, 0, 0)
510.1194 	EXP 	responsel: foreColor = (0, 0, 0)
510.1360 	EXP 	responsel: foreColor = (0, 0, 0)
510.1527 	EXP 	responsel: foreColor = (0, 0, 0)
510.1694 	EXP 	responsel: foreColor = (0, 0, 0)
510.1860 	EXP 	responsel: foreColor = (0, 0, 0)
510.2027 	EXP 	responsel: foreColor = (0, 0, 0)
510.2194 	EXP 	responsel: foreColor = (0, 0, 0)
510.2360 	EXP 	responsel: foreColor = (0, 0, 0)
510.2527 	EXP 	responsel: foreColor = (0, 0, 0)
510.2694 	EXP 	responsel: foreColor = (0, 0, 0)
510.2704 	EXP 	New trial (rep=24, index=0): None
510.2860 	EXP 	responsel: foreColor = (0, 0, 0)
510.2860 	EXP 	responsel: autoDraw = False
510.2860 	EXP 	percu_or: autoDraw = False
510.2860 	EXP 	responser: autoDraw = False
510.2860 	EXP 	thermode_locali_pic: autoDraw = False
510.2860 	EXP 	responsel: autoDraw = False
510.2860 	EXP 	percu_or: autoDraw = False
510.2860 	EXP 	responser: autoDraw = False
510.2860 	EXP 	responsel: foreColor = 'white'
510.2860 	EXP 	responser: foreColor = 'white'
510.2860 	EXP 	text_pic: autoDraw = True
510.2860 	EXP 	croix_3: autoDraw = True
515.2861 	EXP 	text_pic: autoDraw = False
515.2861 	EXP 	croix_3: autoDraw = False
515.2861 	EXP 	text_pic: autoDraw = False
515.2861 	EXP 	croix_3: autoDraw = False
515.2861 	EXP 	thermode_locali_pic: height = 0.02
515.2861 	EXP 	thermode_locali_pic: height = 0.02
515.2861 	EXP 	thermode_locali_pic: height = 0.02
515.2861 	EXP 	thermode_locali_pic: text = 'T : 0'
515.2861 	EXP 	responsel: text = 'NON              '
515.2861 	EXP 	thermode_locali_pic: autoDraw = True
523.2695 	EXP 	responsel: autoDraw = True
523.2695 	EXP 	percu_or: autoDraw = True
523.2695 	EXP 	responser: autoDraw = True
523.6874 	DATA 	Keypress: m
523.7195 	EXP 	responsel: foreColor = (0, 0, 0)
523.7362 	EXP 	responsel: foreColor = (0, 0, 0)
523.7529 	EXP 	responsel: foreColor = (0, 0, 0)
523.7695 	EXP 	responsel: foreColor = (0, 0, 0)
523.7862 	EXP 	responsel: foreColor = (0, 0, 0)
523.8029 	EXP 	responsel: foreColor = (0, 0, 0)
523.8195 	EXP 	responsel: foreColor = (0, 0, 0)
523.8362 	EXP 	responsel: foreColor = (0, 0, 0)
523.8529 	EXP 	responsel: foreColor = (0, 0, 0)
523.8695 	EXP 	responsel: foreColor = (0, 0, 0)
523.8862 	EXP 	responsel: foreColor = (0, 0, 0)
523.9029 	EXP 	responsel: foreColor = (0, 0, 0)
523.9195 	EXP 	responsel: foreColor = (0, 0, 0)
523.9362 	EXP 	responsel: foreColor = (0, 0, 0)
523.9529 	EXP 	responsel: foreColor = (0, 0, 0)
523.9695 	EXP 	responsel: foreColor = (0, 0, 0)
523.9862 	EXP 	responsel: foreColor = (0, 0, 0)
524.0029 	EXP 	responsel: foreColor = (0, 0, 0)
524.0195 	EXP 	responsel: foreColor = (0, 0, 0)
524.0362 	EXP 	responsel: foreColor = (0, 0, 0)
524.0529 	EXP 	responsel: foreColor = (0, 0, 0)
524.0695 	EXP 	responsel: foreColor = (0, 0, 0)
524.0862 	EXP 	responsel: foreColor = (0, 0, 0)
524.1029 	EXP 	responsel: foreColor = (0, 0, 0)
524.1195 	EXP 	responsel: foreColor = (0, 0, 0)
524.1364 	EXP 	responsel: foreColor = (0, 0, 0)
524.1531 	EXP 	responsel: foreColor = (0, 0, 0)
524.1697 	EXP 	responsel: foreColor = (0, 0, 0)
524.1864 	EXP 	responsel: foreColor = (0, 0, 0)
524.2031 	EXP 	responsel: foreColor = (0, 0, 0)
524.2197 	EXP 	responsel: foreColor = (0, 0, 0)
524.2365 	EXP 	responsel: foreColor = (0, 0, 0)
524.2529 	EXP 	responsel: foreColor = (0, 0, 0)
524.2695 	EXP 	responsel: foreColor = (0, 0, 0)
524.2862 	EXP 	responsel: foreColor = (0, 0, 0)
524.3029 	EXP 	responsel: foreColor = (0, 0, 0)
524.3195 	EXP 	responsel: foreColor = (0, 0, 0)
524.3362 	EXP 	responsel: foreColor = (0, 0, 0)
524.3529 	EXP 	responsel: foreColor = (0, 0, 0)
524.3695 	EXP 	responsel: foreColor = (0, 0, 0)
524.3862 	EXP 	responsel: foreColor = (0, 0, 0)
524.4029 	EXP 	responsel: foreColor = (0, 0, 0)
524.4195 	EXP 	responsel: foreColor = (0, 0, 0)
524.4362 	EXP 	responsel: foreColor = (0, 0, 0)
524.4529 	EXP 	responsel: foreColor = (0, 0, 0)
524.4695 	EXP 	responsel: foreColor = (0, 0, 0)
524.4862 	EXP 	responsel: foreColor = (0, 0, 0)
524.5029 	EXP 	responsel: foreColor = (0, 0, 0)
524.5195 	EXP 	responsel: foreColor = (0, 0, 0)
524.5362 	EXP 	responsel: foreColor = (0, 0, 0)
524.5529 	EXP 	responsel: foreColor = (0, 0, 0)
524.5695 	EXP 	responsel: foreColor = (0, 0, 0)
524.5863 	EXP 	responsel: foreColor = (0, 0, 0)
524.6029 	EXP 	responsel: foreColor = (0, 0, 0)
524.6195 	EXP 	responsel: foreColor = (0, 0, 0)
524.6362 	EXP 	responsel: foreColor = (0, 0, 0)
524.6530 	EXP 	responsel: foreColor = (0, 0, 0)
524.6697 	EXP 	responsel: foreColor = (0, 0, 0)
524.6864 	EXP 	responsel: foreColor = (0, 0, 0)
524.7030 	EXP 	responsel: foreColor = (0, 0, 0)
524.7197 	EXP 	responsel: foreColor = (0, 0, 0)
524.7362 	EXP 	responsel: foreColor = (0, 0, 0)
524.7529 	EXP 	responsel: foreColor = (0, 0, 0)
524.7695 	EXP 	responsel: foreColor = (0, 0, 0)
524.7862 	EXP 	responsel: foreColor = (0, 0, 0)
524.8030 	EXP 	responsel: foreColor = (0, 0, 0)
524.8196 	EXP 	responsel: foreColor = (0, 0, 0)
524.8363 	EXP 	responsel: foreColor = (0, 0, 0)
524.8530 	EXP 	responsel: foreColor = (0, 0, 0)
524.8696 	EXP 	responsel: foreColor = (0, 0, 0)
524.8863 	EXP 	responsel: foreColor = (0, 0, 0)
524.9030 	EXP 	responsel: foreColor = (0, 0, 0)
524.9196 	EXP 	responsel: foreColor = (0, 0, 0)
524.9363 	EXP 	responsel: foreColor = (0, 0, 0)
524.9530 	EXP 	responsel: foreColor = (0, 0, 0)
524.9696 	EXP 	responsel: foreColor = (0, 0, 0)
524.9863 	EXP 	responsel: foreColor = (0, 0, 0)
525.0030 	EXP 	responsel: foreColor = (0, 0, 0)
525.0196 	EXP 	responsel: foreColor = (0, 0, 0)
525.0363 	EXP 	responsel: foreColor = (0, 0, 0)
525.0530 	EXP 	responsel: foreColor = (0, 0, 0)
525.0696 	EXP 	responsel: foreColor = (0, 0, 0)
525.0863 	EXP 	responsel: foreColor = (0, 0, 0)
525.1030 	EXP 	responsel: foreColor = (0, 0, 0)
525.1196 	EXP 	responsel: foreColor = (0, 0, 0)
525.1363 	EXP 	responsel: foreColor = (0, 0, 0)
525.1529 	EXP 	responsel: foreColor = (0, 0, 0)
525.1696 	EXP 	responsel: foreColor = (0, 0, 0)
525.1862 	EXP 	responsel: foreColor = (0, 0, 0)
525.2028 	EXP 	responsel: foreColor = (0, 0, 0)
525.2195 	EXP 	responsel: foreColor = (0, 0, 0)
525.2362 	EXP 	responsel: foreColor = (0, 0, 0)
525.2529 	EXP 	responsel: foreColor = (0, 0, 0)
525.2696 	EXP 	responsel: foreColor = (0, 0, 0)
525.2862 	EXP 	responsel: foreColor = (0, 0, 0)
525.3028 	EXP 	responsel: foreColor = (0, 0, 0)
525.3196 	EXP 	responsel: foreColor = (0, 0, 0)
525.3362 	EXP 	responsel: foreColor = (0, 0, 0)
525.3528 	EXP 	responsel: foreColor = (0, 0, 0)
525.3696 	EXP 	responsel: foreColor = (0, 0, 0)
525.3862 	EXP 	responsel: foreColor = (0, 0, 0)
525.4029 	EXP 	responsel: foreColor = (0, 0, 0)
525.4196 	EXP 	responsel: foreColor = (0, 0, 0)
525.4362 	EXP 	responsel: foreColor = (0, 0, 0)
525.4529 	EXP 	responsel: foreColor = (0, 0, 0)
525.4695 	EXP 	responsel: foreColor = (0, 0, 0)
525.4862 	EXP 	responsel: foreColor = (0, 0, 0)
525.4862 	EXP 	thermode_locali_pic: autoDraw = False
525.5029 	EXP 	responsel: foreColor = (0, 0, 0)
525.5195 	EXP 	responsel: foreColor = (0, 0, 0)
525.5362 	EXP 	responsel: foreColor = (0, 0, 0)
525.5529 	EXP 	responsel: foreColor = (0, 0, 0)
525.5696 	EXP 	responsel: foreColor = (0, 0, 0)
525.5862 	EXP 	responsel: foreColor = (0, 0, 0)
525.6028 	EXP 	responsel: foreColor = (0, 0, 0)
525.6195 	EXP 	responsel: foreColor = (0, 0, 0)
525.6362 	EXP 	responsel: foreColor = (0, 0, 0)
525.6529 	EXP 	responsel: foreColor = (0, 0, 0)
525.6696 	EXP 	responsel: foreColor = (0, 0, 0)
525.6862 	EXP 	responsel: foreColor = (0, 0, 0)
525.7029 	EXP 	responsel: foreColor = (0, 0, 0)
525.7196 	EXP 	responsel: foreColor = (0, 0, 0)
525.7362 	EXP 	responsel: foreColor = (0, 0, 0)
525.7529 	EXP 	responsel: foreColor = (0, 0, 0)
525.7696 	EXP 	responsel: foreColor = (0, 0, 0)
525.7862 	EXP 	responsel: foreColor = (0, 0, 0)
525.8029 	EXP 	responsel: foreColor = (0, 0, 0)
525.8196 	EXP 	responsel: foreColor = (0, 0, 0)
525.8362 	EXP 	responsel: foreColor = (0, 0, 0)
525.8528 	EXP 	responsel: foreColor = (0, 0, 0)
525.8696 	EXP 	responsel: foreColor = (0, 0, 0)
525.8862 	EXP 	responsel: foreColor = (0, 0, 0)
525.9029 	EXP 	responsel: foreColor = (0, 0, 0)
525.9196 	EXP 	responsel: foreColor = (0, 0, 0)
525.9362 	EXP 	responsel: foreColor = (0, 0, 0)
525.9529 	EXP 	responsel: foreColor = (0, 0, 0)
525.9696 	EXP 	responsel: foreColor = (0, 0, 0)
525.9862 	EXP 	responsel: foreColor = (0, 0, 0)
526.0029 	EXP 	responsel: foreColor = (0, 0, 0)
526.0196 	EXP 	responsel: foreColor = (0, 0, 0)
526.0362 	EXP 	responsel: foreColor = (0, 0, 0)
526.0529 	EXP 	responsel: foreColor = (0, 0, 0)
526.0696 	EXP 	responsel: foreColor = (0, 0, 0)
526.0862 	EXP 	responsel: foreColor = (0, 0, 0)
526.1029 	EXP 	responsel: foreColor = (0, 0, 0)
526.1196 	EXP 	responsel: foreColor = (0, 0, 0)
526.1362 	EXP 	responsel: foreColor = (0, 0, 0)
526.1529 	EXP 	responsel: foreColor = (0, 0, 0)
526.1696 	EXP 	responsel: foreColor = (0, 0, 0)
526.1862 	EXP 	responsel: foreColor = (0, 0, 0)
526.2029 	EXP 	responsel: foreColor = (0, 0, 0)
526.2196 	EXP 	responsel: foreColor = (0, 0, 0)
526.2362 	EXP 	responsel: foreColor = (0, 0, 0)
526.2529 	EXP 	responsel: foreColor = (0, 0, 0)
526.2538 	EXP 	New trial (rep=25, index=0): None
526.2695 	EXP 	responsel: foreColor = (0, 0, 0)
526.2695 	EXP 	responsel: autoDraw = False
526.2695 	EXP 	percu_or: autoDraw = False
526.2695 	EXP 	responser: autoDraw = False
526.2695 	EXP 	thermode_locali_pic: autoDraw = False
526.2695 	EXP 	responsel: autoDraw = False
526.2695 	EXP 	percu_or: autoDraw = False
526.2695 	EXP 	responser: autoDraw = False
526.2695 	EXP 	responsel: foreColor = 'white'
526.2695 	EXP 	responser: foreColor = 'white'
526.2695 	EXP 	text_pic: autoDraw = True
526.2695 	EXP 	croix_3: autoDraw = True
531.2697 	EXP 	text_pic: autoDraw = False
531.2697 	EXP 	croix_3: autoDraw = False
531.2697 	EXP 	text_pic: autoDraw = False
531.2697 	EXP 	croix_3: autoDraw = False
531.2697 	EXP 	thermode_locali_pic: height = 0.02
531.2697 	EXP 	thermode_locali_pic: height = 0.02
531.2697 	EXP 	thermode_locali_pic: height = 0.02
531.2697 	EXP 	thermode_locali_pic: text = 'T : 1'
531.2697 	EXP 	responsel: text = 'NON              '
531.2697 	EXP 	thermode_locali_pic: autoDraw = True
539.2531 	EXP 	responsel: autoDraw = True
539.2531 	EXP 	percu_or: autoDraw = True
539.2531 	EXP 	responser: autoDraw = True
539.6376 	DATA 	Keypress: m
539.6698 	EXP 	responsel: foreColor = (0, 0, 0)
539.6865 	EXP 	responsel: foreColor = (0, 0, 0)
539.7031 	EXP 	responsel: foreColor = (0, 0, 0)
539.7198 	EXP 	responsel: foreColor = (0, 0, 0)
539.7364 	EXP 	responsel: foreColor = (0, 0, 0)
539.7532 	EXP 	responsel: foreColor = (0, 0, 0)
539.7698 	EXP 	responsel: foreColor = (0, 0, 0)
539.7865 	EXP 	responsel: foreColor = (0, 0, 0)
539.8031 	EXP 	responsel: foreColor = (0, 0, 0)
539.8198 	EXP 	responsel: foreColor = (0, 0, 0)
539.8365 	EXP 	responsel: foreColor = (0, 0, 0)
539.8531 	EXP 	responsel: foreColor = (0, 0, 0)
539.8698 	EXP 	responsel: foreColor = (0, 0, 0)
539.8865 	EXP 	responsel: foreColor = (0, 0, 0)
539.9031 	EXP 	responsel: foreColor = (0, 0, 0)
539.9198 	EXP 	responsel: foreColor = (0, 0, 0)
539.9365 	EXP 	responsel: foreColor = (0, 0, 0)
539.9531 	EXP 	responsel: foreColor = (0, 0, 0)
539.9698 	EXP 	responsel: foreColor = (0, 0, 0)
539.9865 	EXP 	responsel: foreColor = (0, 0, 0)
540.0031 	EXP 	responsel: foreColor = (0, 0, 0)
540.0198 	EXP 	responsel: foreColor = (0, 0, 0)
540.0365 	EXP 	responsel: foreColor = (0, 0, 0)
540.0531 	EXP 	responsel: foreColor = (0, 0, 0)
540.0697 	EXP 	responsel: foreColor = (0, 0, 0)
540.0865 	EXP 	responsel: foreColor = (0, 0, 0)
540.1031 	EXP 	responsel: foreColor = (0, 0, 0)
540.1198 	EXP 	responsel: foreColor = (0, 0, 0)
540.1365 	EXP 	responsel: foreColor = (0, 0, 0)
540.1532 	EXP 	responsel: foreColor = (0, 0, 0)
540.1698 	EXP 	responsel: foreColor = (0, 0, 0)
540.1865 	EXP 	responsel: foreColor = (0, 0, 0)
540.2031 	EXP 	responsel: foreColor = (0, 0, 0)
540.2198 	EXP 	responsel: foreColor = (0, 0, 0)
540.2364 	EXP 	responsel: foreColor = (0, 0, 0)
540.2531 	EXP 	responsel: foreColor = (0, 0, 0)
540.2698 	EXP 	responsel: foreColor = (0, 0, 0)
540.2865 	EXP 	responsel: foreColor = (0, 0, 0)
540.3031 	EXP 	responsel: foreColor = (0, 0, 0)
540.3198 	EXP 	responsel: foreColor = (0, 0, 0)
540.3365 	EXP 	responsel: foreColor = (0, 0, 0)
540.3531 	EXP 	responsel: foreColor = (0, 0, 0)
540.3698 	EXP 	responsel: foreColor = (0, 0, 0)
540.3865 	EXP 	responsel: foreColor = (0, 0, 0)
540.4031 	EXP 	responsel: foreColor = (0, 0, 0)
540.4198 	EXP 	responsel: foreColor = (0, 0, 0)
540.4365 	EXP 	responsel: foreColor = (0, 0, 0)
540.4532 	EXP 	responsel: foreColor = (0, 0, 0)
540.4698 	EXP 	responsel: foreColor = (0, 0, 0)
540.4865 	EXP 	responsel: foreColor = (0, 0, 0)
540.5032 	EXP 	responsel: foreColor = (0, 0, 0)
540.5198 	EXP 	responsel: foreColor = (0, 0, 0)
540.5365 	EXP 	responsel: foreColor = (0, 0, 0)
540.5532 	EXP 	responsel: foreColor = (0, 0, 0)
540.5698 	EXP 	responsel: foreColor = (0, 0, 0)
540.5865 	EXP 	responsel: foreColor = (0, 0, 0)
540.6031 	EXP 	responsel: foreColor = (0, 0, 0)
540.6198 	EXP 	responsel: foreColor = (0, 0, 0)
540.6364 	EXP 	responsel: foreColor = (0, 0, 0)
540.6531 	EXP 	responsel: foreColor = (0, 0, 0)
540.6698 	EXP 	responsel: foreColor = (0, 0, 0)
540.6865 	EXP 	responsel: foreColor = (0, 0, 0)
540.7032 	EXP 	responsel: foreColor = (0, 0, 0)
540.7198 	EXP 	responsel: foreColor = (0, 0, 0)
540.7365 	EXP 	responsel: foreColor = (0, 0, 0)
540.7531 	EXP 	responsel: foreColor = (0, 0, 0)
540.7698 	EXP 	responsel: foreColor = (0, 0, 0)
540.7864 	EXP 	responsel: foreColor = (0, 0, 0)
540.8032 	EXP 	responsel: foreColor = (0, 0, 0)
540.8198 	EXP 	responsel: foreColor = (0, 0, 0)
540.8365 	EXP 	responsel: foreColor = (0, 0, 0)
540.8531 	EXP 	responsel: foreColor = (0, 0, 0)
540.8698 	EXP 	responsel: foreColor = (0, 0, 0)
540.8865 	EXP 	responsel: foreColor = (0, 0, 0)
540.9032 	EXP 	responsel: foreColor = (0, 0, 0)
540.9198 	EXP 	responsel: foreColor = (0, 0, 0)
540.9365 	EXP 	responsel: foreColor = (0, 0, 0)
540.9531 	EXP 	responsel: foreColor = (0, 0, 0)
540.9699 	EXP 	responsel: foreColor = (0, 0, 0)
540.9865 	EXP 	responsel: foreColor = (0, 0, 0)
541.0031 	EXP 	responsel: foreColor = (0, 0, 0)
541.0198 	EXP 	responsel: foreColor = (0, 0, 0)
541.0364 	EXP 	responsel: foreColor = (0, 0, 0)
541.0532 	EXP 	responsel: foreColor = (0, 0, 0)
541.0698 	EXP 	responsel: foreColor = (0, 0, 0)
541.0865 	EXP 	responsel: foreColor = (0, 0, 0)
541.1032 	EXP 	responsel: foreColor = (0, 0, 0)
541.1198 	EXP 	responsel: foreColor = (0, 0, 0)
541.1364 	EXP 	responsel: foreColor = (0, 0, 0)
541.1531 	EXP 	responsel: foreColor = (0, 0, 0)
541.1698 	EXP 	responsel: foreColor = (0, 0, 0)
541.1865 	EXP 	responsel: foreColor = (0, 0, 0)
541.2032 	EXP 	responsel: foreColor = (0, 0, 0)
541.2198 	EXP 	responsel: foreColor = (0, 0, 0)
541.2365 	EXP 	responsel: foreColor = (0, 0, 0)
541.2532 	EXP 	responsel: foreColor = (0, 0, 0)
541.2698 	EXP 	responsel: foreColor = (0, 0, 0)
541.2865 	EXP 	responsel: foreColor = (0, 0, 0)
541.3033 	EXP 	responsel: foreColor = (0, 0, 0)
541.3200 	EXP 	responsel: foreColor = (0, 0, 0)
541.3366 	EXP 	responsel: foreColor = (0, 0, 0)
541.3533 	EXP 	responsel: foreColor = (0, 0, 0)
541.3700 	EXP 	responsel: foreColor = (0, 0, 0)
541.3865 	EXP 	responsel: foreColor = (0, 0, 0)
541.4032 	EXP 	responsel: foreColor = (0, 0, 0)
541.4198 	EXP 	responsel: foreColor = (0, 0, 0)
541.4364 	EXP 	responsel: foreColor = (0, 0, 0)
541.4531 	EXP 	responsel: foreColor = (0, 0, 0)
541.4698 	EXP 	responsel: foreColor = (0, 0, 0)
541.4698 	EXP 	thermode_locali_pic: autoDraw = False
541.4865 	EXP 	responsel: foreColor = (0, 0, 0)
541.5031 	EXP 	responsel: foreColor = (0, 0, 0)
541.5198 	EXP 	responsel: foreColor = (0, 0, 0)
541.5365 	EXP 	responsel: foreColor = (0, 0, 0)
541.5532 	EXP 	responsel: foreColor = (0, 0, 0)
541.5698 	EXP 	responsel: foreColor = (0, 0, 0)
541.5865 	EXP 	responsel: foreColor = (0, 0, 0)
541.6032 	EXP 	responsel: foreColor = (0, 0, 0)
541.6198 	EXP 	responsel: foreColor = (0, 0, 0)
541.6365 	EXP 	responsel: foreColor = (0, 0, 0)
541.6532 	EXP 	responsel: foreColor = (0, 0, 0)
541.6698 	EXP 	responsel: foreColor = (0, 0, 0)
541.6865 	EXP 	responsel: foreColor = (0, 0, 0)
541.7032 	EXP 	responsel: foreColor = (0, 0, 0)
541.7198 	EXP 	responsel: foreColor = (0, 0, 0)
541.7365 	EXP 	responsel: foreColor = (0, 0, 0)
541.7532 	EXP 	responsel: foreColor = (0, 0, 0)
541.7698 	EXP 	responsel: foreColor = (0, 0, 0)
541.7865 	EXP 	responsel: foreColor = (0, 0, 0)
541.8032 	EXP 	responsel: foreColor = (0, 0, 0)
541.8198 	EXP 	responsel: foreColor = (0, 0, 0)
541.8365 	EXP 	responsel: foreColor = (0, 0, 0)
541.8531 	EXP 	responsel: foreColor = (0, 0, 0)
541.8698 	EXP 	responsel: foreColor = (0, 0, 0)
541.8865 	EXP 	responsel: foreColor = (0, 0, 0)
541.9032 	EXP 	responsel: foreColor = (0, 0, 0)
541.9198 	EXP 	responsel: foreColor = (0, 0, 0)
541.9365 	EXP 	responsel: foreColor = (0, 0, 0)
541.9532 	EXP 	responsel: foreColor = (0, 0, 0)
541.9698 	EXP 	responsel: foreColor = (0, 0, 0)
541.9865 	EXP 	responsel: foreColor = (0, 0, 0)
542.0032 	EXP 	responsel: foreColor = (0, 0, 0)
542.0198 	EXP 	responsel: foreColor = (0, 0, 0)
542.0365 	EXP 	responsel: foreColor = (0, 0, 0)
542.0532 	EXP 	responsel: foreColor = (0, 0, 0)
542.0698 	EXP 	responsel: foreColor = (0, 0, 0)
542.0865 	EXP 	responsel: foreColor = (0, 0, 0)
542.1032 	EXP 	responsel: foreColor = (0, 0, 0)
542.1198 	EXP 	responsel: foreColor = (0, 0, 0)
542.1365 	EXP 	responsel: foreColor = (0, 0, 0)
542.1532 	EXP 	responsel: foreColor = (0, 0, 0)
542.1698 	EXP 	responsel: foreColor = (0, 0, 0)
542.1865 	EXP 	responsel: foreColor = (0, 0, 0)
542.2032 	EXP 	responsel: foreColor = (0, 0, 0)
542.2198 	EXP 	responsel: foreColor = (0, 0, 0)
542.2364 	EXP 	responsel: foreColor = (0, 0, 0)
542.2374 	EXP 	New trial (rep=26, index=0): None
542.2531 	EXP 	responsel: foreColor = (0, 0, 0)
542.2531 	EXP 	responsel: autoDraw = False
542.2531 	EXP 	percu_or: autoDraw = False
542.2531 	EXP 	responser: autoDraw = False
542.2531 	EXP 	thermode_locali_pic: autoDraw = False
542.2531 	EXP 	responsel: autoDraw = False
542.2531 	EXP 	percu_or: autoDraw = False
542.2531 	EXP 	responser: autoDraw = False
542.2531 	EXP 	responsel: foreColor = 'white'
542.2531 	EXP 	responser: foreColor = 'white'
542.2531 	EXP 	text_pic: autoDraw = True
542.2531 	EXP 	croix_3: autoDraw = True
547.2531 	EXP 	text_pic: autoDraw = False
547.2531 	EXP 	croix_3: autoDraw = False
547.2531 	EXP 	text_pic: autoDraw = False
547.2531 	EXP 	croix_3: autoDraw = False
547.2531 	EXP 	thermode_locali_pic: height = 0.02
547.2531 	EXP 	thermode_locali_pic: height = 0.02
547.2531 	EXP 	thermode_locali_pic: height = 0.02
547.2531 	EXP 	thermode_locali_pic: text = 'T : 2'
547.2531 	EXP 	responsel: text = 'NON              '
547.2531 	EXP 	thermode_locali_pic: autoDraw = True
555.2365 	EXP 	responsel: autoDraw = True
555.2365 	EXP 	percu_or: autoDraw = True
555.2365 	EXP 	responser: autoDraw = True
555.7211 	DATA 	Keypress: n
555.7533 	EXP 	responser: foreColor = (0, 0, 0)
555.7700 	EXP 	responser: foreColor = (0, 0, 0)
555.7867 	EXP 	responser: foreColor = (0, 0, 0)
555.8033 	EXP 	responser: foreColor = (0, 0, 0)
555.8200 	EXP 	responser: foreColor = (0, 0, 0)
555.8367 	EXP 	responser: foreColor = (0, 0, 0)
555.8533 	EXP 	responser: foreColor = (0, 0, 0)
555.8700 	EXP 	responser: foreColor = (0, 0, 0)
555.8867 	EXP 	responser: foreColor = (0, 0, 0)
555.9033 	EXP 	responser: foreColor = (0, 0, 0)
555.9200 	EXP 	responser: foreColor = (0, 0, 0)
555.9366 	EXP 	responser: foreColor = (0, 0, 0)
555.9533 	EXP 	responser: foreColor = (0, 0, 0)
555.9700 	EXP 	responser: foreColor = (0, 0, 0)
555.9867 	EXP 	responser: foreColor = (0, 0, 0)
556.0033 	EXP 	responser: foreColor = (0, 0, 0)
556.0200 	EXP 	responser: foreColor = (0, 0, 0)
556.0366 	EXP 	responser: foreColor = (0, 0, 0)
556.0533 	EXP 	responser: foreColor = (0, 0, 0)
556.0700 	EXP 	responser: foreColor = (0, 0, 0)
556.0867 	EXP 	responser: foreColor = (0, 0, 0)
556.1033 	EXP 	responser: foreColor = (0, 0, 0)
556.1200 	EXP 	responser: foreColor = (0, 0, 0)
556.1367 	EXP 	responser: foreColor = (0, 0, 0)
556.1533 	EXP 	responser: foreColor = (0, 0, 0)
556.1700 	EXP 	responser: foreColor = (0, 0, 0)
556.1867 	EXP 	responser: foreColor = (0, 0, 0)
556.2033 	EXP 	responser: foreColor = (0, 0, 0)
556.2200 	EXP 	responser: foreColor = (0, 0, 0)
556.2367 	EXP 	responser: foreColor = (0, 0, 0)
556.2533 	EXP 	responser: foreColor = (0, 0, 0)
556.2700 	EXP 	responser: foreColor = (0, 0, 0)
556.2866 	EXP 	responser: foreColor = (0, 0, 0)
556.3033 	EXP 	responser: foreColor = (0, 0, 0)
556.3200 	EXP 	responser: foreColor = (0, 0, 0)
556.3367 	EXP 	responser: foreColor = (0, 0, 0)
556.3533 	EXP 	responser: foreColor = (0, 0, 0)
556.3700 	EXP 	responser: foreColor = (0, 0, 0)
556.3867 	EXP 	responser: foreColor = (0, 0, 0)
556.4033 	EXP 	responser: foreColor = (0, 0, 0)
556.4200 	EXP 	responser: foreColor = (0, 0, 0)
556.4367 	EXP 	responser: foreColor = (0, 0, 0)
556.4533 	EXP 	responser: foreColor = (0, 0, 0)
556.4700 	EXP 	responser: foreColor = (0, 0, 0)
556.4867 	EXP 	responser: foreColor = (0, 0, 0)
556.5032 	EXP 	responser: foreColor = (0, 0, 0)
556.5200 	EXP 	responser: foreColor = (0, 0, 0)
556.5367 	EXP 	responser: foreColor = (0, 0, 0)
556.5533 	EXP 	responser: foreColor = (0, 0, 0)
556.5699 	EXP 	responser: foreColor = (0, 0, 0)
556.5866 	EXP 	responser: foreColor = (0, 0, 0)
556.6032 	EXP 	responser: foreColor = (0, 0, 0)
556.6199 	EXP 	responser: foreColor = (0, 0, 0)
556.6366 	EXP 	responser: foreColor = (0, 0, 0)
556.6532 	EXP 	responser: foreColor = (0, 0, 0)
556.6699 	EXP 	responser: foreColor = (0, 0, 0)
556.6866 	EXP 	responser: foreColor = (0, 0, 0)
556.7032 	EXP 	responser: foreColor = (0, 0, 0)
556.7199 	EXP 	responser: foreColor = (0, 0, 0)
556.7366 	EXP 	responser: foreColor = (0, 0, 0)
556.7532 	EXP 	responser: foreColor = (0, 0, 0)
556.7699 	EXP 	responser: foreColor = (0, 0, 0)
556.7866 	EXP 	responser: foreColor = (0, 0, 0)
556.8032 	EXP 	responser: foreColor = (0, 0, 0)
556.8199 	EXP 	responser: foreColor = (0, 0, 0)
556.8366 	EXP 	responser: foreColor = (0, 0, 0)
556.8532 	EXP 	responser: foreColor = (0, 0, 0)
556.8699 	EXP 	responser: foreColor = (0, 0, 0)
556.8866 	EXP 	responser: foreColor = (0, 0, 0)
556.9032 	EXP 	responser: foreColor = (0, 0, 0)
556.9199 	EXP 	responser: foreColor = (0, 0, 0)
556.9366 	EXP 	responser: foreColor = (0, 0, 0)
556.9532 	EXP 	responser: foreColor = (0, 0, 0)
556.9699 	EXP 	responser: foreColor = (0, 0, 0)
556.9866 	EXP 	responser: foreColor = (0, 0, 0)
557.0032 	EXP 	responser: foreColor = (0, 0, 0)
557.0199 	EXP 	responser: foreColor = (0, 0, 0)
557.0366 	EXP 	responser: foreColor = (0, 0, 0)
557.0532 	EXP 	responser: foreColor = (0, 0, 0)
557.0699 	EXP 	responser: foreColor = (0, 0, 0)
557.0866 	EXP 	responser: foreColor = (0, 0, 0)
557.1032 	EXP 	responser: foreColor = (0, 0, 0)
557.1199 	EXP 	responser: foreColor = (0, 0, 0)
557.1366 	EXP 	responser: foreColor = (0, 0, 0)
557.1532 	EXP 	responser: foreColor = (0, 0, 0)
557.1699 	EXP 	responser: foreColor = (0, 0, 0)
557.1866 	EXP 	responser: foreColor = (0, 0, 0)
557.2033 	EXP 	responser: foreColor = (0, 0, 0)
557.2199 	EXP 	responser: foreColor = (0, 0, 0)
557.2366 	EXP 	responser: foreColor = (0, 0, 0)
557.2532 	EXP 	responser: foreColor = (0, 0, 0)
557.2699 	EXP 	responser: foreColor = (0, 0, 0)
557.2866 	EXP 	responser: foreColor = (0, 0, 0)
557.3033 	EXP 	responser: foreColor = (0, 0, 0)
557.3199 	EXP 	responser: foreColor = (0, 0, 0)
557.3366 	EXP 	responser: foreColor = (0, 0, 0)
557.3533 	EXP 	responser: foreColor = (0, 0, 0)
557.3700 	EXP 	responser: foreColor = (0, 0, 0)
557.3866 	EXP 	responser: foreColor = (0, 0, 0)
557.4033 	EXP 	responser: foreColor = (0, 0, 0)
557.4200 	EXP 	responser: foreColor = (0, 0, 0)
557.4367 	EXP 	responser: foreColor = (0, 0, 0)
557.4533 	EXP 	responser: foreColor = (0, 0, 0)
557.4533 	EXP 	thermode_locali_pic: autoDraw = False
557.4700 	EXP 	responser: foreColor = (0, 0, 0)
557.4867 	EXP 	responser: foreColor = (0, 0, 0)
557.5033 	EXP 	responser: foreColor = (0, 0, 0)
557.5200 	EXP 	responser: foreColor = (0, 0, 0)
557.5367 	EXP 	responser: foreColor = (0, 0, 0)
557.5533 	EXP 	responser: foreColor = (0, 0, 0)
557.5700 	EXP 	responser: foreColor = (0, 0, 0)
557.5867 	EXP 	responser: foreColor = (0, 0, 0)
557.6033 	EXP 	responser: foreColor = (0, 0, 0)
557.6200 	EXP 	responser: foreColor = (0, 0, 0)
557.6367 	EXP 	responser: foreColor = (0, 0, 0)
557.6533 	EXP 	responser: foreColor = (0, 0, 0)
557.6700 	EXP 	responser: foreColor = (0, 0, 0)
557.6867 	EXP 	responser: foreColor = (0, 0, 0)
557.7033 	EXP 	responser: foreColor = (0, 0, 0)
557.7200 	EXP 	responser: foreColor = (0, 0, 0)
557.7367 	EXP 	responser: foreColor = (0, 0, 0)
557.7533 	EXP 	responser: foreColor = (0, 0, 0)
557.7700 	EXP 	responser: foreColor = (0, 0, 0)
557.7866 	EXP 	responser: foreColor = (0, 0, 0)
557.8033 	EXP 	responser: foreColor = (0, 0, 0)
557.8199 	EXP 	responser: foreColor = (0, 0, 0)
557.8366 	EXP 	responser: foreColor = (0, 0, 0)
557.8533 	EXP 	responser: foreColor = (0, 0, 0)
557.8699 	EXP 	responser: foreColor = (0, 0, 0)
557.8866 	EXP 	responser: foreColor = (0, 0, 0)
557.9033 	EXP 	responser: foreColor = (0, 0, 0)
557.9199 	EXP 	responser: foreColor = (0, 0, 0)
557.9366 	EXP 	responser: foreColor = (0, 0, 0)
557.9533 	EXP 	responser: foreColor = (0, 0, 0)
557.9700 	EXP 	responser: foreColor = (0, 0, 0)
557.9866 	EXP 	responser: foreColor = (0, 0, 0)
558.0033 	EXP 	responser: foreColor = (0, 0, 0)
558.0199 	EXP 	responser: foreColor = (0, 0, 0)
558.0366 	EXP 	responser: foreColor = (0, 0, 0)
558.0533 	EXP 	responser: foreColor = (0, 0, 0)
558.0699 	EXP 	responser: foreColor = (0, 0, 0)
558.0866 	EXP 	responser: foreColor = (0, 0, 0)
558.1033 	EXP 	responser: foreColor = (0, 0, 0)
558.1200 	EXP 	responser: foreColor = (0, 0, 0)
558.1366 	EXP 	responser: foreColor = (0, 0, 0)
558.1533 	EXP 	responser: foreColor = (0, 0, 0)
558.1699 	EXP 	responser: foreColor = (0, 0, 0)
558.1866 	EXP 	responser: foreColor = (0, 0, 0)
558.2033 	EXP 	responser: foreColor = (0, 0, 0)
558.2199 	EXP 	responser: foreColor = (0, 0, 0)
558.2209 	EXP 	New trial (rep=27, index=0): None
558.2366 	EXP 	responser: foreColor = (0, 0, 0)
558.2366 	EXP 	responsel: autoDraw = False
558.2366 	EXP 	percu_or: autoDraw = False
558.2366 	EXP 	responser: autoDraw = False
558.2366 	EXP 	thermode_locali_pic: autoDraw = False
558.2366 	EXP 	responsel: autoDraw = False
558.2366 	EXP 	percu_or: autoDraw = False
558.2366 	EXP 	responser: autoDraw = False
558.2366 	EXP 	responsel: foreColor = 'white'
558.2366 	EXP 	responser: foreColor = 'white'
558.2366 	EXP 	text_pic: autoDraw = True
558.2366 	EXP 	croix_3: autoDraw = True
563.2367 	EXP 	text_pic: autoDraw = False
563.2367 	EXP 	croix_3: autoDraw = False
563.2367 	EXP 	text_pic: autoDraw = False
563.2367 	EXP 	croix_3: autoDraw = False
563.2367 	EXP 	thermode_locali_pic: height = 0.02
563.2367 	EXP 	thermode_locali_pic: height = 0.02
563.2367 	EXP 	thermode_locali_pic: height = 0.02
563.2367 	EXP 	thermode_locali_pic: text = 'T : 3'
563.2367 	EXP 	responsel: text = 'NON              '
563.2367 	EXP 	thermode_locali_pic: autoDraw = True
571.2201 	EXP 	responsel: autoDraw = True
571.2201 	EXP 	percu_or: autoDraw = True
571.2201 	EXP 	responser: autoDraw = True
571.9548 	DATA 	Keypress: n
572.0035 	EXP 	responser: foreColor = (0, 0, 0)
572.0202 	EXP 	responser: foreColor = (0, 0, 0)
572.0368 	EXP 	responser: foreColor = (0, 0, 0)
572.0535 	EXP 	responser: foreColor = (0, 0, 0)
572.0702 	EXP 	responser: foreColor = (0, 0, 0)
572.0868 	EXP 	responser: foreColor = (0, 0, 0)
572.1035 	EXP 	responser: foreColor = (0, 0, 0)
572.1202 	EXP 	responser: foreColor = (0, 0, 0)
572.1368 	EXP 	responser: foreColor = (0, 0, 0)
572.1535 	EXP 	responser: foreColor = (0, 0, 0)
572.1702 	EXP 	responser: foreColor = (0, 0, 0)
572.1868 	EXP 	responser: foreColor = (0, 0, 0)
572.2035 	EXP 	responser: foreColor = (0, 0, 0)
572.2202 	EXP 	responser: foreColor = (0, 0, 0)
572.2368 	EXP 	responser: foreColor = (0, 0, 0)
572.2535 	EXP 	responser: foreColor = (0, 0, 0)
572.2702 	EXP 	responser: foreColor = (0, 0, 0)
572.2868 	EXP 	responser: foreColor = (0, 0, 0)
572.3035 	EXP 	responser: foreColor = (0, 0, 0)
572.3201 	EXP 	responser: foreColor = (0, 0, 0)
572.3368 	EXP 	responser: foreColor = (0, 0, 0)
572.3535 	EXP 	responser: foreColor = (0, 0, 0)
572.3702 	EXP 	responser: foreColor = (0, 0, 0)
572.3868 	EXP 	responser: foreColor = (0, 0, 0)
572.4035 	EXP 	responser: foreColor = (0, 0, 0)
572.4202 	EXP 	responser: foreColor = (0, 0, 0)
572.4368 	EXP 	responser: foreColor = (0, 0, 0)
572.4535 	EXP 	responser: foreColor = (0, 0, 0)
572.4702 	EXP 	responser: foreColor = (0, 0, 0)
572.4868 	EXP 	responser: foreColor = (0, 0, 0)
572.5035 	EXP 	responser: foreColor = (0, 0, 0)
572.5202 	EXP 	responser: foreColor = (0, 0, 0)
572.5369 	EXP 	responser: foreColor = (0, 0, 0)
572.5535 	EXP 	responser: foreColor = (0, 0, 0)
572.5702 	EXP 	responser: foreColor = (0, 0, 0)
572.5869 	EXP 	responser: foreColor = (0, 0, 0)
572.6035 	EXP 	responser: foreColor = (0, 0, 0)
572.6202 	EXP 	responser: foreColor = (0, 0, 0)
572.6369 	EXP 	responser: foreColor = (0, 0, 0)
572.6535 	EXP 	responser: foreColor = (0, 0, 0)
572.6701 	EXP 	responser: foreColor = (0, 0, 0)
572.6868 	EXP 	responser: foreColor = (0, 0, 0)
572.7034 	EXP 	responser: foreColor = (0, 0, 0)
572.7201 	EXP 	responser: foreColor = (0, 0, 0)
572.7368 	EXP 	responser: foreColor = (0, 0, 0)
572.7534 	EXP 	responser: foreColor = (0, 0, 0)
572.7701 	EXP 	responser: foreColor = (0, 0, 0)
572.7868 	EXP 	responser: foreColor = (0, 0, 0)
572.8034 	EXP 	responser: foreColor = (0, 0, 0)
572.8201 	EXP 	responser: foreColor = (0, 0, 0)
572.8368 	EXP 	responser: foreColor = (0, 0, 0)
572.8534 	EXP 	responser: foreColor = (0, 0, 0)
572.8701 	EXP 	responser: foreColor = (0, 0, 0)
572.8868 	EXP 	responser: foreColor = (0, 0, 0)
572.9034 	EXP 	responser: foreColor = (0, 0, 0)
572.9201 	EXP 	responser: foreColor = (0, 0, 0)
572.9368 	EXP 	responser: foreColor = (0, 0, 0)
572.9534 	EXP 	responser: foreColor = (0, 0, 0)
572.9701 	EXP 	responser: foreColor = (0, 0, 0)
572.9868 	EXP 	responser: foreColor = (0, 0, 0)
573.0034 	EXP 	responser: foreColor = (0, 0, 0)
573.0201 	EXP 	responser: foreColor = (0, 0, 0)
573.0368 	EXP 	responser: foreColor = (0, 0, 0)
573.0535 	EXP 	responser: foreColor = (0, 0, 0)
573.0701 	EXP 	responser: foreColor = (0, 0, 0)
573.0868 	EXP 	responser: foreColor = (0, 0, 0)
573.1034 	EXP 	responser: foreColor = (0, 0, 0)
573.1201 	EXP 	responser: foreColor = (0, 0, 0)
573.1368 	EXP 	responser: foreColor = (0, 0, 0)
573.1534 	EXP 	responser: foreColor = (0, 0, 0)
573.1701 	EXP 	responser: foreColor = (0, 0, 0)
573.1868 	EXP 	responser: foreColor = (0, 0, 0)
573.2039 	EXP 	responser: foreColor = (0, 0, 0)
573.2201 	EXP 	responser: foreColor = (0, 0, 0)
573.2368 	EXP 	responser: foreColor = (0, 0, 0)
573.2534 	EXP 	responser: foreColor = (0, 0, 0)
573.2701 	EXP 	responser: foreColor = (0, 0, 0)
573.2868 	EXP 	responser: foreColor = (0, 0, 0)
573.3034 	EXP 	responser: foreColor = (0, 0, 0)
573.3201 	EXP 	responser: foreColor = (0, 0, 0)
573.3368 	EXP 	responser: foreColor = (0, 0, 0)
573.3534 	EXP 	responser: foreColor = (0, 0, 0)
573.3701 	EXP 	responser: foreColor = (0, 0, 0)
573.3867 	EXP 	responser: foreColor = (0, 0, 0)
573.4034 	EXP 	responser: foreColor = (0, 0, 0)
573.4201 	EXP 	responser: foreColor = (0, 0, 0)
573.4368 	EXP 	responser: foreColor = (0, 0, 0)
573.4368 	EXP 	thermode_locali_pic: autoDraw = False
573.4534 	EXP 	responser: foreColor = (0, 0, 0)
573.4701 	EXP 	responser: foreColor = (0, 0, 0)
573.4868 	EXP 	responser: foreColor = (0, 0, 0)
573.5034 	EXP 	responser: foreColor = (0, 0, 0)
573.5201 	EXP 	responser: foreColor = (0, 0, 0)
573.5368 	EXP 	responser: foreColor = (0, 0, 0)
573.5534 	EXP 	responser: foreColor = (0, 0, 0)
573.5701 	EXP 	responser: foreColor = (0, 0, 0)
573.5868 	EXP 	responser: foreColor = (0, 0, 0)
573.6034 	EXP 	responser: foreColor = (0, 0, 0)
573.6201 	EXP 	responser: foreColor = (0, 0, 0)
573.6368 	EXP 	responser: foreColor = (0, 0, 0)
573.6534 	EXP 	responser: foreColor = (0, 0, 0)
573.6701 	EXP 	responser: foreColor = (0, 0, 0)
573.6868 	EXP 	responser: foreColor = (0, 0, 0)
573.7035 	EXP 	responser: foreColor = (0, 0, 0)
573.7202 	EXP 	responser: foreColor = (0, 0, 0)
573.7369 	EXP 	responser: foreColor = (0, 0, 0)
573.7535 	EXP 	responser: foreColor = (0, 0, 0)
573.7702 	EXP 	responser: foreColor = (0, 0, 0)
573.7869 	EXP 	responser: foreColor = (0, 0, 0)
573.8035 	EXP 	responser: foreColor = (0, 0, 0)
573.8202 	EXP 	responser: foreColor = (0, 0, 0)
573.8369 	EXP 	responser: foreColor = (0, 0, 0)
573.8535 	EXP 	responser: foreColor = (0, 0, 0)
573.8701 	EXP 	responser: foreColor = (0, 0, 0)
573.8868 	EXP 	responser: foreColor = (0, 0, 0)
573.9035 	EXP 	responser: foreColor = (0, 0, 0)
573.9202 	EXP 	responser: foreColor = (0, 0, 0)
573.9368 	EXP 	responser: foreColor = (0, 0, 0)
573.9535 	EXP 	responser: foreColor = (0, 0, 0)
573.9702 	EXP 	responser: foreColor = (0, 0, 0)
573.9869 	EXP 	responser: foreColor = (0, 0, 0)
574.0035 	EXP 	responser: foreColor = (0, 0, 0)
574.0202 	EXP 	responser: foreColor = (0, 0, 0)
574.0369 	EXP 	responser: foreColor = (0, 0, 0)
574.0535 	EXP 	responser: foreColor = (0, 0, 0)
574.0702 	EXP 	responser: foreColor = (0, 0, 0)
574.0869 	EXP 	responser: foreColor = (0, 0, 0)
574.1035 	EXP 	responser: foreColor = (0, 0, 0)
574.1202 	EXP 	responser: foreColor = (0, 0, 0)
574.1369 	EXP 	responser: foreColor = (0, 0, 0)
574.1535 	EXP 	responser: foreColor = (0, 0, 0)
574.1702 	EXP 	responser: foreColor = (0, 0, 0)
574.1869 	EXP 	responser: foreColor = (0, 0, 0)
574.2035 	EXP 	responser: foreColor = (0, 0, 0)
574.2045 	EXP 	New trial (rep=28, index=0): None
574.2202 	EXP 	responser: foreColor = (0, 0, 0)
574.2202 	EXP 	responsel: autoDraw = False
574.2202 	EXP 	percu_or: autoDraw = False
574.2202 	EXP 	responser: autoDraw = False
574.2202 	EXP 	thermode_locali_pic: autoDraw = False
574.2202 	EXP 	responsel: autoDraw = False
574.2202 	EXP 	percu_or: autoDraw = False
574.2202 	EXP 	responser: autoDraw = False
574.2202 	EXP 	responsel: foreColor = 'white'
574.2202 	EXP 	responser: foreColor = 'white'
574.2202 	EXP 	text_pic: autoDraw = True
574.2202 	EXP 	croix_3: autoDraw = True
579.2202 	EXP 	text_pic: autoDraw = False
579.2202 	EXP 	croix_3: autoDraw = False
579.2202 	EXP 	text_pic: autoDraw = False
579.2202 	EXP 	croix_3: autoDraw = False
579.2202 	EXP 	thermode_locali_pic: height = 0.02
579.2202 	EXP 	thermode_locali_pic: height = 0.02
579.2202 	EXP 	thermode_locali_pic: height = 0.02
579.2202 	EXP 	thermode_locali_pic: text = 'T : 0'
579.2202 	EXP 	responsel: text = 'NON              '
579.2202 	EXP 	thermode_locali_pic: autoDraw = True
587.2036 	EXP 	responsel: autoDraw = True
587.2036 	EXP 	percu_or: autoDraw = True
587.2036 	EXP 	responser: autoDraw = True
587.5880 	DATA 	Keypress: m
587.6203 	EXP 	responsel: foreColor = (0, 0, 0)
587.6370 	EXP 	responsel: foreColor = (0, 0, 0)
587.6536 	EXP 	responsel: foreColor = (0, 0, 0)
587.6703 	EXP 	responsel: foreColor = (0, 0, 0)
587.6870 	EXP 	responsel: foreColor = (0, 0, 0)
587.7036 	EXP 	responsel: foreColor = (0, 0, 0)
587.7203 	EXP 	responsel: foreColor = (0, 0, 0)
587.7370 	EXP 	responsel: foreColor = (0, 0, 0)
587.7537 	EXP 	responsel: foreColor = (0, 0, 0)
587.7704 	EXP 	responsel: foreColor = (0, 0, 0)
587.7870 	EXP 	responsel: foreColor = (0, 0, 0)
587.8037 	EXP 	responsel: foreColor = (0, 0, 0)
587.8203 	EXP 	responsel: foreColor = (0, 0, 0)
587.8370 	EXP 	responsel: foreColor = (0, 0, 0)
587.8537 	EXP 	responsel: foreColor = (0, 0, 0)
587.8704 	EXP 	responsel: foreColor = (0, 0, 0)
587.8870 	EXP 	responsel: foreColor = (0, 0, 0)
587.9037 	EXP 	responsel: foreColor = (0, 0, 0)
587.9204 	EXP 	responsel: foreColor = (0, 0, 0)
587.9370 	EXP 	responsel: foreColor = (0, 0, 0)
587.9537 	EXP 	responsel: foreColor = (0, 0, 0)
587.9704 	EXP 	responsel: foreColor = (0, 0, 0)
587.9870 	EXP 	responsel: foreColor = (0, 0, 0)
588.0037 	EXP 	responsel: foreColor = (0, 0, 0)
588.0204 	EXP 	responsel: foreColor = (0, 0, 0)
588.0370 	EXP 	responsel: foreColor = (0, 0, 0)
588.0537 	EXP 	responsel: foreColor = (0, 0, 0)
588.0703 	EXP 	responsel: foreColor = (0, 0, 0)
588.0870 	EXP 	responsel: foreColor = (0, 0, 0)
588.1037 	EXP 	responsel: foreColor = (0, 0, 0)
588.1204 	EXP 	responsel: foreColor = (0, 0, 0)
588.1370 	EXP 	responsel: foreColor = (0, 0, 0)
588.1537 	EXP 	responsel: foreColor = (0, 0, 0)
588.1703 	EXP 	responsel: foreColor = (0, 0, 0)
588.1870 	EXP 	responsel: foreColor = (0, 0, 0)
588.2037 	EXP 	responsel: foreColor = (0, 0, 0)
588.2203 	EXP 	responsel: foreColor = (0, 0, 0)
588.2370 	EXP 	responsel: foreColor = (0, 0, 0)
588.2537 	EXP 	responsel: foreColor = (0, 0, 0)
588.2704 	EXP 	responsel: foreColor = (0, 0, 0)
588.2870 	EXP 	responsel: foreColor = (0, 0, 0)
588.3037 	EXP 	responsel: foreColor = (0, 0, 0)
588.3204 	EXP 	responsel: foreColor = (0, 0, 0)
588.3370 	EXP 	responsel: foreColor = (0, 0, 0)
588.3537 	EXP 	responsel: foreColor = (0, 0, 0)
588.3704 	EXP 	responsel: foreColor = (0, 0, 0)
588.3870 	EXP 	responsel: foreColor = (0, 0, 0)
588.4037 	EXP 	responsel: foreColor = (0, 0, 0)
588.4204 	EXP 	responsel: foreColor = (0, 0, 0)
588.4370 	EXP 	responsel: foreColor = (0, 0, 0)
588.4537 	EXP 	responsel: foreColor = (0, 0, 0)
588.4703 	EXP 	responsel: foreColor = (0, 0, 0)
588.4870 	EXP 	responsel: foreColor = (0, 0, 0)
588.5037 	EXP 	responsel: foreColor = (0, 0, 0)
588.5204 	EXP 	responsel: foreColor = (0, 0, 0)
588.5370 	EXP 	responsel: foreColor = (0, 0, 0)
588.5537 	EXP 	responsel: foreColor = (0, 0, 0)
588.5704 	EXP 	responsel: foreColor = (0, 0, 0)
588.5870 	EXP 	responsel: foreColor = (0, 0, 0)
588.6037 	EXP 	responsel: foreColor = (0, 0, 0)
588.6204 	EXP 	responsel: foreColor = (0, 0, 0)
588.6370 	EXP 	responsel: foreColor = (0, 0, 0)
588.6537 	EXP 	responsel: foreColor = (0, 0, 0)
588.6704 	EXP 	responsel: foreColor = (0, 0, 0)
588.6870 	EXP 	responsel: foreColor = (0, 0, 0)
588.7037 	EXP 	responsel: foreColor = (0, 0, 0)
588.7204 	EXP 	responsel: foreColor = (0, 0, 0)
588.7370 	EXP 	responsel: foreColor = (0, 0, 0)
588.7537 	EXP 	responsel: foreColor = (0, 0, 0)
588.7704 	EXP 	responsel: foreColor = (0, 0, 0)
588.7870 	EXP 	responsel: foreColor = (0, 0, 0)
588.8037 	EXP 	responsel: foreColor = (0, 0, 0)
588.8204 	EXP 	responsel: foreColor = (0, 0, 0)
588.8370 	EXP 	responsel: foreColor = (0, 0, 0)
588.8537 	EXP 	responsel: foreColor = (0, 0, 0)
588.8703 	EXP 	responsel: foreColor = (0, 0, 0)
588.8869 	EXP 	responsel: foreColor = (0, 0, 0)
588.9036 	EXP 	responsel: foreColor = (0, 0, 0)
588.9203 	EXP 	responsel: foreColor = (0, 0, 0)
588.9369 	EXP 	responsel: foreColor = (0, 0, 0)
588.9536 	EXP 	responsel: foreColor = (0, 0, 0)
588.9703 	EXP 	responsel: foreColor = (0, 0, 0)
588.9869 	EXP 	responsel: foreColor = (0, 0, 0)
589.0036 	EXP 	responsel: foreColor = (0, 0, 0)
589.0202 	EXP 	responsel: foreColor = (0, 0, 0)
589.0369 	EXP 	responsel: foreColor = (0, 0, 0)
589.0536 	EXP 	responsel: foreColor = (0, 0, 0)
589.0702 	EXP 	responsel: foreColor = (0, 0, 0)
589.0869 	EXP 	responsel: foreColor = (0, 0, 0)
589.1036 	EXP 	responsel: foreColor = (0, 0, 0)
589.1203 	EXP 	responsel: foreColor = (0, 0, 0)
589.1369 	EXP 	responsel: foreColor = (0, 0, 0)
589.1536 	EXP 	responsel: foreColor = (0, 0, 0)
589.1703 	EXP 	responsel: foreColor = (0, 0, 0)
589.1869 	EXP 	responsel: foreColor = (0, 0, 0)
589.2036 	EXP 	responsel: foreColor = (0, 0, 0)
589.2202 	EXP 	responsel: foreColor = (0, 0, 0)
589.2369 	EXP 	responsel: foreColor = (0, 0, 0)
589.2536 	EXP 	responsel: foreColor = (0, 0, 0)
589.2702 	EXP 	responsel: foreColor = (0, 0, 0)
589.2869 	EXP 	responsel: foreColor = (0, 0, 0)
589.3036 	EXP 	responsel: foreColor = (0, 0, 0)
589.3202 	EXP 	responsel: foreColor = (0, 0, 0)
589.3369 	EXP 	responsel: foreColor = (0, 0, 0)
589.3536 	EXP 	responsel: foreColor = (0, 0, 0)
589.3702 	EXP 	responsel: foreColor = (0, 0, 0)
589.3869 	EXP 	responsel: foreColor = (0, 0, 0)
589.4036 	EXP 	responsel: foreColor = (0, 0, 0)
589.4202 	EXP 	responsel: foreColor = (0, 0, 0)
589.4202 	EXP 	thermode_locali_pic: autoDraw = False
589.4369 	EXP 	responsel: foreColor = (0, 0, 0)
589.4536 	EXP 	responsel: foreColor = (0, 0, 0)
589.4702 	EXP 	responsel: foreColor = (0, 0, 0)
589.4869 	EXP 	responsel: foreColor = (0, 0, 0)
589.5036 	EXP 	responsel: foreColor = (0, 0, 0)
589.5202 	EXP 	responsel: foreColor = (0, 0, 0)
589.5369 	EXP 	responsel: foreColor = (0, 0, 0)
589.5536 	EXP 	responsel: foreColor = (0, 0, 0)
589.5702 	EXP 	responsel: foreColor = (0, 0, 0)
589.5869 	EXP 	responsel: foreColor = (0, 0, 0)
589.6036 	EXP 	responsel: foreColor = (0, 0, 0)
589.6202 	EXP 	responsel: foreColor = (0, 0, 0)
589.6369 	EXP 	responsel: foreColor = (0, 0, 0)
589.6536 	EXP 	responsel: foreColor = (0, 0, 0)
589.6702 	EXP 	responsel: foreColor = (0, 0, 0)
589.6869 	EXP 	responsel: foreColor = (0, 0, 0)
589.7036 	EXP 	responsel: foreColor = (0, 0, 0)
589.7203 	EXP 	responsel: foreColor = (0, 0, 0)
589.7369 	EXP 	responsel: foreColor = (0, 0, 0)
589.7536 	EXP 	responsel: foreColor = (0, 0, 0)
589.7703 	EXP 	responsel: foreColor = (0, 0, 0)
589.7869 	EXP 	responsel: foreColor = (0, 0, 0)
589.8036 	EXP 	responsel: foreColor = (0, 0, 0)
589.8203 	EXP 	responsel: foreColor = (0, 0, 0)
589.8369 	EXP 	responsel: foreColor = (0, 0, 0)
589.8536 	EXP 	responsel: foreColor = (0, 0, 0)
589.8702 	EXP 	responsel: foreColor = (0, 0, 0)
589.8869 	EXP 	responsel: foreColor = (0, 0, 0)
589.9036 	EXP 	responsel: foreColor = (0, 0, 0)
589.9203 	EXP 	responsel: foreColor = (0, 0, 0)
589.9369 	EXP 	responsel: foreColor = (0, 0, 0)
589.9536 	EXP 	responsel: foreColor = (0, 0, 0)
589.9703 	EXP 	responsel: foreColor = (0, 0, 0)
589.9869 	EXP 	responsel: foreColor = (0, 0, 0)
590.0036 	EXP 	responsel: foreColor = (0, 0, 0)
590.0203 	EXP 	responsel: foreColor = (0, 0, 0)
590.0369 	EXP 	responsel: foreColor = (0, 0, 0)
590.0536 	EXP 	responsel: foreColor = (0, 0, 0)
590.0702 	EXP 	responsel: foreColor = (0, 0, 0)
590.0870 	EXP 	responsel: foreColor = (0, 0, 0)
590.1036 	EXP 	responsel: foreColor = (0, 0, 0)
590.1203 	EXP 	responsel: foreColor = (0, 0, 0)
590.1370 	EXP 	responsel: foreColor = (0, 0, 0)
590.1536 	EXP 	responsel: foreColor = (0, 0, 0)
590.1703 	EXP 	responsel: foreColor = (0, 0, 0)
590.1870 	EXP 	responsel: foreColor = (0, 0, 0)
590.1880 	EXP 	New trial (rep=29, index=0): None
590.2036 	EXP 	responsel: foreColor = (0, 0, 0)
590.2036 	EXP 	responsel: autoDraw = False
590.2036 	EXP 	percu_or: autoDraw = False
590.2036 	EXP 	responser: autoDraw = False
590.2036 	EXP 	thermode_locali_pic: autoDraw = False
590.2036 	EXP 	responsel: autoDraw = False
590.2036 	EXP 	percu_or: autoDraw = False
590.2036 	EXP 	responser: autoDraw = False
590.2036 	EXP 	responsel: foreColor = 'white'
590.2036 	EXP 	responser: foreColor = 'white'
590.2036 	EXP 	text_pic: autoDraw = True
590.2036 	EXP 	croix_3: autoDraw = True
595.2038 	EXP 	text_pic: autoDraw = False
595.2038 	EXP 	croix_3: autoDraw = False
595.2038 	EXP 	text_pic: autoDraw = False
595.2038 	EXP 	croix_3: autoDraw = False
595.2038 	EXP 	thermode_locali_pic: height = 0.02
595.2038 	EXP 	thermode_locali_pic: height = 0.02
595.2038 	EXP 	thermode_locali_pic: height = 0.02
595.2038 	EXP 	thermode_locali_pic: text = 'T : 1'
595.2038 	EXP 	responsel: text = 'NON              '
595.2038 	EXP 	thermode_locali_pic: autoDraw = True
603.1872 	EXP 	responsel: autoDraw = True
603.1872 	EXP 	percu_or: autoDraw = True
603.1872 	EXP 	responser: autoDraw = True
603.5050 	DATA 	Keypress: m
603.5372 	EXP 	responsel: foreColor = (0, 0, 0)
603.5539 	EXP 	responsel: foreColor = (0, 0, 0)
603.5705 	EXP 	responsel: foreColor = (0, 0, 0)
603.5871 	EXP 	responsel: foreColor = (0, 0, 0)
603.6039 	EXP 	responsel: foreColor = (0, 0, 0)
603.6205 	EXP 	responsel: foreColor = (0, 0, 0)
603.6372 	EXP 	responsel: foreColor = (0, 0, 0)
603.6538 	EXP 	responsel: foreColor = (0, 0, 0)
603.6705 	EXP 	responsel: foreColor = (0, 0, 0)
603.6872 	EXP 	responsel: foreColor = (0, 0, 0)
603.7039 	EXP 	responsel: foreColor = (0, 0, 0)
603.7205 	EXP 	responsel: foreColor = (0, 0, 0)
603.7372 	EXP 	responsel: foreColor = (0, 0, 0)
603.7539 	EXP 	responsel: foreColor = (0, 0, 0)
603.7705 	EXP 	responsel: foreColor = (0, 0, 0)
603.7872 	EXP 	responsel: foreColor = (0, 0, 0)
603.8039 	EXP 	responsel: foreColor = (0, 0, 0)
603.8205 	EXP 	responsel: foreColor = (0, 0, 0)
603.8372 	EXP 	responsel: foreColor = (0, 0, 0)
603.8539 	EXP 	responsel: foreColor = (0, 0, 0)
603.8705 	EXP 	responsel: foreColor = (0, 0, 0)
603.8872 	EXP 	responsel: foreColor = (0, 0, 0)
603.9039 	EXP 	responsel: foreColor = (0, 0, 0)
603.9205 	EXP 	responsel: foreColor = (0, 0, 0)
603.9372 	EXP 	responsel: foreColor = (0, 0, 0)
603.9539 	EXP 	responsel: foreColor = (0, 0, 0)
603.9705 	EXP 	responsel: foreColor = (0, 0, 0)
603.9872 	EXP 	responsel: foreColor = (0, 0, 0)
604.0039 	EXP 	responsel: foreColor = (0, 0, 0)
604.0205 	EXP 	responsel: foreColor = (0, 0, 0)
604.0372 	EXP 	responsel: foreColor = (0, 0, 0)
604.0539 	EXP 	responsel: foreColor = (0, 0, 0)
604.0705 	EXP 	responsel: foreColor = (0, 0, 0)
604.0872 	EXP 	responsel: foreColor = (0, 0, 0)
604.1039 	EXP 	responsel: foreColor = (0, 0, 0)
604.1205 	EXP 	responsel: foreColor = (0, 0, 0)
604.1372 	EXP 	responsel: foreColor = (0, 0, 0)
604.1539 	EXP 	responsel: foreColor = (0, 0, 0)
604.1705 	EXP 	responsel: foreColor = (0, 0, 0)
604.1872 	EXP 	responsel: foreColor = (0, 0, 0)
604.2039 	EXP 	responsel: foreColor = (0, 0, 0)
604.2205 	EXP 	responsel: foreColor = (0, 0, 0)
604.2372 	EXP 	responsel: foreColor = (0, 0, 0)
604.2539 	EXP 	responsel: foreColor = (0, 0, 0)
604.2706 	EXP 	responsel: foreColor = (0, 0, 0)
604.2872 	EXP 	responsel: foreColor = (0, 0, 0)
604.3039 	EXP 	responsel: foreColor = (0, 0, 0)
604.3205 	EXP 	responsel: foreColor = (0, 0, 0)
604.3372 	EXP 	responsel: foreColor = (0, 0, 0)
604.3538 	EXP 	responsel: foreColor = (0, 0, 0)
604.3705 	EXP 	responsel: foreColor = (0, 0, 0)
604.3872 	EXP 	responsel: foreColor = (0, 0, 0)
604.4039 	EXP 	responsel: foreColor = (0, 0, 0)
604.4205 	EXP 	responsel: foreColor = (0, 0, 0)
604.4372 	EXP 	responsel: foreColor = (0, 0, 0)
604.4539 	EXP 	responsel: foreColor = (0, 0, 0)
604.4705 	EXP 	responsel: foreColor = (0, 0, 0)
604.4872 	EXP 	responsel: foreColor = (0, 0, 0)
604.5039 	EXP 	responsel: foreColor = (0, 0, 0)
604.5205 	EXP 	responsel: foreColor = (0, 0, 0)
604.5372 	EXP 	responsel: foreColor = (0, 0, 0)
604.5539 	EXP 	responsel: foreColor = (0, 0, 0)
604.5705 	EXP 	responsel: foreColor = (0, 0, 0)
604.5872 	EXP 	responsel: foreColor = (0, 0, 0)
604.6039 	EXP 	responsel: foreColor = (0, 0, 0)
604.6205 	EXP 	responsel: foreColor = (0, 0, 0)
604.6372 	EXP 	responsel: foreColor = (0, 0, 0)
604.6539 	EXP 	responsel: foreColor = (0, 0, 0)
604.6705 	EXP 	responsel: foreColor = (0, 0, 0)
604.6872 	EXP 	responsel: foreColor = (0, 0, 0)
604.7038 	EXP 	responsel: foreColor = (0, 0, 0)
604.7205 	EXP 	responsel: foreColor = (0, 0, 0)
604.7372 	EXP 	responsel: foreColor = (0, 0, 0)
604.7539 	EXP 	responsel: foreColor = (0, 0, 0)
604.7706 	EXP 	responsel: foreColor = (0, 0, 0)
604.7872 	EXP 	responsel: foreColor = (0, 0, 0)
604.8039 	EXP 	responsel: foreColor = (0, 0, 0)
604.8205 	EXP 	responsel: foreColor = (0, 0, 0)
604.8372 	EXP 	responsel: foreColor = (0, 0, 0)
604.8539 	EXP 	responsel: foreColor = (0, 0, 0)
604.8705 	EXP 	responsel: foreColor = (0, 0, 0)
604.8872 	EXP 	responsel: foreColor = (0, 0, 0)
604.9039 	EXP 	responsel: foreColor = (0, 0, 0)
604.9205 	EXP 	responsel: foreColor = (0, 0, 0)
604.9372 	EXP 	responsel: foreColor = (0, 0, 0)
604.9539 	EXP 	responsel: foreColor = (0, 0, 0)
604.9705 	EXP 	responsel: foreColor = (0, 0, 0)
604.9872 	EXP 	responsel: foreColor = (0, 0, 0)
605.0039 	EXP 	responsel: foreColor = (0, 0, 0)
605.0205 	EXP 	responsel: foreColor = (0, 0, 0)
605.0372 	EXP 	responsel: foreColor = (0, 0, 0)
605.0539 	EXP 	responsel: foreColor = (0, 0, 0)
605.0705 	EXP 	responsel: foreColor = (0, 0, 0)
605.0872 	EXP 	responsel: foreColor = (0, 0, 0)
605.1038 	EXP 	responsel: foreColor = (0, 0, 0)
605.1206 	EXP 	responsel: foreColor = (0, 0, 0)
605.1372 	EXP 	responsel: foreColor = (0, 0, 0)
605.1539 	EXP 	responsel: foreColor = (0, 0, 0)
605.1705 	EXP 	responsel: foreColor = (0, 0, 0)
605.1872 	EXP 	responsel: foreColor = (0, 0, 0)
605.2039 	EXP 	responsel: foreColor = (0, 0, 0)
605.2206 	EXP 	responsel: foreColor = (0, 0, 0)
605.2372 	EXP 	responsel: foreColor = (0, 0, 0)
605.2539 	EXP 	responsel: foreColor = (0, 0, 0)
605.2706 	EXP 	responsel: foreColor = (0, 0, 0)
605.2872 	EXP 	responsel: foreColor = (0, 0, 0)
605.3039 	EXP 	responsel: foreColor = (0, 0, 0)
605.3206 	EXP 	responsel: foreColor = (0, 0, 0)
605.3372 	EXP 	responsel: foreColor = (0, 0, 0)
605.3539 	EXP 	responsel: foreColor = (0, 0, 0)
605.3705 	EXP 	responsel: foreColor = (0, 0, 0)
605.3872 	EXP 	responsel: foreColor = (0, 0, 0)
605.4038 	EXP 	responsel: foreColor = (0, 0, 0)
605.4038 	EXP 	thermode_locali_pic: autoDraw = False
605.4205 	EXP 	responsel: foreColor = (0, 0, 0)
605.4372 	EXP 	responsel: foreColor = (0, 0, 0)
605.4539 	EXP 	responsel: foreColor = (0, 0, 0)
605.4705 	EXP 	responsel: foreColor = (0, 0, 0)
605.4872 	EXP 	responsel: foreColor = (0, 0, 0)
605.5038 	EXP 	responsel: foreColor = (0, 0, 0)
605.5205 	EXP 	responsel: foreColor = (0, 0, 0)
605.5372 	EXP 	responsel: foreColor = (0, 0, 0)
605.5539 	EXP 	responsel: foreColor = (0, 0, 0)
605.5706 	EXP 	responsel: foreColor = (0, 0, 0)
605.5872 	EXP 	responsel: foreColor = (0, 0, 0)
605.6039 	EXP 	responsel: foreColor = (0, 0, 0)
605.6205 	EXP 	responsel: foreColor = (0, 0, 0)
605.6372 	EXP 	responsel: foreColor = (0, 0, 0)
605.6538 	EXP 	responsel: foreColor = (0, 0, 0)
605.6706 	EXP 	responsel: foreColor = (0, 0, 0)
605.6872 	EXP 	responsel: foreColor = (0, 0, 0)
605.7039 	EXP 	responsel: foreColor = (0, 0, 0)
605.7205 	EXP 	responsel: foreColor = (0, 0, 0)
605.7372 	EXP 	responsel: foreColor = (0, 0, 0)
605.7539 	EXP 	responsel: foreColor = (0, 0, 0)
605.7705 	EXP 	responsel: foreColor = (0, 0, 0)
605.7872 	EXP 	responsel: foreColor = (0, 0, 0)
605.8039 	EXP 	responsel: foreColor = (0, 0, 0)
605.8206 	EXP 	responsel: foreColor = (0, 0, 0)
605.8372 	EXP 	responsel: foreColor = (0, 0, 0)
605.8539 	EXP 	responsel: foreColor = (0, 0, 0)
605.8706 	EXP 	responsel: foreColor = (0, 0, 0)
605.8872 	EXP 	responsel: foreColor = (0, 0, 0)
605.9038 	EXP 	responsel: foreColor = (0, 0, 0)
605.9206 	EXP 	responsel: foreColor = (0, 0, 0)
605.9372 	EXP 	responsel: foreColor = (0, 0, 0)
605.9539 	EXP 	responsel: foreColor = (0, 0, 0)
605.9706 	EXP 	responsel: foreColor = (0, 0, 0)
605.9872 	EXP 	responsel: foreColor = (0, 0, 0)
606.0039 	EXP 	responsel: foreColor = (0, 0, 0)
606.0206 	EXP 	responsel: foreColor = (0, 0, 0)
606.0372 	EXP 	responsel: foreColor = (0, 0, 0)
606.0539 	EXP 	responsel: foreColor = (0, 0, 0)
606.0706 	EXP 	responsel: foreColor = (0, 0, 0)
606.0872 	EXP 	responsel: foreColor = (0, 0, 0)
606.1039 	EXP 	responsel: foreColor = (0, 0, 0)
606.1206 	EXP 	responsel: foreColor = (0, 0, 0)
606.1372 	EXP 	responsel: foreColor = (0, 0, 0)
606.1539 	EXP 	responsel: foreColor = (0, 0, 0)
606.1706 	EXP 	responsel: foreColor = (0, 0, 0)
606.1715 	EXP 	New trial (rep=30, index=0): None
606.1872 	EXP 	responsel: foreColor = (0, 0, 0)
606.1872 	EXP 	responsel: autoDraw = False
606.1872 	EXP 	percu_or: autoDraw = False
606.1872 	EXP 	responser: autoDraw = False
606.1872 	EXP 	thermode_locali_pic: autoDraw = False
606.1872 	EXP 	responsel: autoDraw = False
606.1872 	EXP 	percu_or: autoDraw = False
606.1872 	EXP 	responser: autoDraw = False
606.1872 	EXP 	responsel: foreColor = 'white'
606.1872 	EXP 	responser: foreColor = 'white'
606.1872 	EXP 	text_pic: autoDraw = True
606.1872 	EXP 	croix_3: autoDraw = True
611.1872 	EXP 	text_pic: autoDraw = False
611.1872 	EXP 	croix_3: autoDraw = False
611.1872 	EXP 	text_pic: autoDraw = False
611.1872 	EXP 	croix_3: autoDraw = False
611.1872 	EXP 	thermode_locali_pic: height = 0.02
611.1872 	EXP 	thermode_locali_pic: height = 0.02
611.1872 	EXP 	thermode_locali_pic: height = 0.02
611.1872 	EXP 	thermode_locali_pic: text = 'T : 2'
611.1872 	EXP 	responsel: text = 'NON              '
611.1872 	EXP 	thermode_locali_pic: autoDraw = True
619.1706 	EXP 	responsel: autoDraw = True
619.1706 	EXP 	percu_or: autoDraw = True
619.1706 	EXP 	responser: autoDraw = True
619.6217 	DATA 	Keypress: m
619.6539 	EXP 	responsel: foreColor = (0, 0, 0)
619.6706 	EXP 	responsel: foreColor = (0, 0, 0)
619.6873 	EXP 	responsel: foreColor = (0, 0, 0)
619.7039 	EXP 	responsel: foreColor = (0, 0, 0)
619.7206 	EXP 	responsel: foreColor = (0, 0, 0)
619.7373 	EXP 	responsel: foreColor = (0, 0, 0)
619.7539 	EXP 	responsel: foreColor = (0, 0, 0)
619.7706 	EXP 	responsel: foreColor = (0, 0, 0)
619.7873 	EXP 	responsel: foreColor = (0, 0, 0)
619.8039 	EXP 	responsel: foreColor = (0, 0, 0)
619.8206 	EXP 	responsel: foreColor = (0, 0, 0)
619.8373 	EXP 	responsel: foreColor = (0, 0, 0)
619.8539 	EXP 	responsel: foreColor = (0, 0, 0)
619.8706 	EXP 	responsel: foreColor = (0, 0, 0)
619.8873 	EXP 	responsel: foreColor = (0, 0, 0)
619.9039 	EXP 	responsel: foreColor = (0, 0, 0)
619.9206 	EXP 	responsel: foreColor = (0, 0, 0)
619.9373 	EXP 	responsel: foreColor = (0, 0, 0)
619.9539 	EXP 	responsel: foreColor = (0, 0, 0)
619.9706 	EXP 	responsel: foreColor = (0, 0, 0)
619.9873 	EXP 	responsel: foreColor = (0, 0, 0)
620.0039 	EXP 	responsel: foreColor = (0, 0, 0)
620.0206 	EXP 	responsel: foreColor = (0, 0, 0)
620.0373 	EXP 	responsel: foreColor = (0, 0, 0)
620.0541 	EXP 	responsel: foreColor = (0, 0, 0)
620.0708 	EXP 	responsel: foreColor = (0, 0, 0)
620.0873 	EXP 	responsel: foreColor = (0, 0, 0)
620.1040 	EXP 	responsel: foreColor = (0, 0, 0)
620.1206 	EXP 	responsel: foreColor = (0, 0, 0)
620.1373 	EXP 	responsel: foreColor = (0, 0, 0)
620.1539 	EXP 	responsel: foreColor = (0, 0, 0)
620.1706 	EXP 	responsel: foreColor = (0, 0, 0)
620.1873 	EXP 	responsel: foreColor = (0, 0, 0)
620.2039 	EXP 	responsel: foreColor = (0, 0, 0)
620.2206 	EXP 	responsel: foreColor = (0, 0, 0)
620.2373 	EXP 	responsel: foreColor = (0, 0, 0)
620.2539 	EXP 	responsel: foreColor = (0, 0, 0)
620.2706 	EXP 	responsel: foreColor = (0, 0, 0)
620.2873 	EXP 	responsel: foreColor = (0, 0, 0)
620.3039 	EXP 	responsel: foreColor = (0, 0, 0)
620.3206 	EXP 	responsel: foreColor = (0, 0, 0)
620.3373 	EXP 	responsel: foreColor = (0, 0, 0)
620.3539 	EXP 	responsel: foreColor = (0, 0, 0)
620.3706 	EXP 	responsel: foreColor = (0, 0, 0)
620.3873 	EXP 	responsel: foreColor = (0, 0, 0)
620.4039 	EXP 	responsel: foreColor = (0, 0, 0)
620.4206 	EXP 	responsel: foreColor = (0, 0, 0)
620.4375 	EXP 	responsel: foreColor = (0, 0, 0)
620.4540 	EXP 	responsel: foreColor = (0, 0, 0)
620.4708 	EXP 	responsel: foreColor = (0, 0, 0)
620.4874 	EXP 	responsel: foreColor = (0, 0, 0)
620.5042 	EXP 	responsel: foreColor = (0, 0, 0)
620.5207 	EXP 	responsel: foreColor = (0, 0, 0)
620.5374 	EXP 	responsel: foreColor = (0, 0, 0)
620.5541 	EXP 	responsel: foreColor = (0, 0, 0)
620.5707 	EXP 	responsel: foreColor = (0, 0, 0)
620.5874 	EXP 	responsel: foreColor = (0, 0, 0)
620.6041 	EXP 	responsel: foreColor = (0, 0, 0)
620.6207 	EXP 	responsel: foreColor = (0, 0, 0)
620.6374 	EXP 	responsel: foreColor = (0, 0, 0)
620.6541 	EXP 	responsel: foreColor = (0, 0, 0)
620.6707 	EXP 	responsel: foreColor = (0, 0, 0)
620.6874 	EXP 	responsel: foreColor = (0, 0, 0)
620.7041 	EXP 	responsel: foreColor = (0, 0, 0)
620.7207 	EXP 	responsel: foreColor = (0, 0, 0)
620.7374 	EXP 	responsel: foreColor = (0, 0, 0)
620.7541 	EXP 	responsel: foreColor = (0, 0, 0)
620.7707 	EXP 	responsel: foreColor = (0, 0, 0)
620.7874 	EXP 	responsel: foreColor = (0, 0, 0)
620.8041 	EXP 	responsel: foreColor = (0, 0, 0)
620.8207 	EXP 	responsel: foreColor = (0, 0, 0)
620.8374 	EXP 	responsel: foreColor = (0, 0, 0)
620.8541 	EXP 	responsel: foreColor = (0, 0, 0)
620.8707 	EXP 	responsel: foreColor = (0, 0, 0)
620.8874 	EXP 	responsel: foreColor = (0, 0, 0)
620.9041 	EXP 	responsel: foreColor = (0, 0, 0)
620.9207 	EXP 	responsel: foreColor = (0, 0, 0)
620.9374 	EXP 	responsel: foreColor = (0, 0, 0)
620.9541 	EXP 	responsel: foreColor = (0, 0, 0)
620.9707 	EXP 	responsel: foreColor = (0, 0, 0)
620.9874 	EXP 	responsel: foreColor = (0, 0, 0)
621.0041 	EXP 	responsel: foreColor = (0, 0, 0)
621.0207 	EXP 	responsel: foreColor = (0, 0, 0)
621.0374 	EXP 	responsel: foreColor = (0, 0, 0)
621.0541 	EXP 	responsel: foreColor = (0, 0, 0)
621.0709 	EXP 	responsel: foreColor = (0, 0, 0)
621.0876 	EXP 	responsel: foreColor = (0, 0, 0)
621.1041 	EXP 	responsel: foreColor = (0, 0, 0)
621.1208 	EXP 	responsel: foreColor = (0, 0, 0)
621.1376 	EXP 	responsel: foreColor = (0, 0, 0)
621.1541 	EXP 	responsel: foreColor = (0, 0, 0)
621.1707 	EXP 	responsel: foreColor = (0, 0, 0)
621.1874 	EXP 	responsel: foreColor = (0, 0, 0)
621.2040 	EXP 	responsel: foreColor = (0, 0, 0)
621.2207 	EXP 	responsel: foreColor = (0, 0, 0)
621.2374 	EXP 	responsel: foreColor = (0, 0, 0)
621.2541 	EXP 	responsel: foreColor = (0, 0, 0)
621.2707 	EXP 	responsel: foreColor = (0, 0, 0)
621.2874 	EXP 	responsel: foreColor = (0, 0, 0)
621.3041 	EXP 	responsel: foreColor = (0, 0, 0)
621.3207 	EXP 	responsel: foreColor = (0, 0, 0)
621.3374 	EXP 	responsel: foreColor = (0, 0, 0)
621.3541 	EXP 	responsel: foreColor = (0, 0, 0)
621.3707 	EXP 	responsel: foreColor = (0, 0, 0)
621.3874 	EXP 	responsel: foreColor = (0, 0, 0)
621.3874 	EXP 	thermode_locali_pic: autoDraw = False
621.4041 	EXP 	responsel: foreColor = (0, 0, 0)
621.4207 	EXP 	responsel: foreColor = (0, 0, 0)
621.4374 	EXP 	responsel: foreColor = (0, 0, 0)
621.4541 	EXP 	responsel: foreColor = (0, 0, 0)
621.4707 	EXP 	responsel: foreColor = (0, 0, 0)
621.4874 	EXP 	responsel: foreColor = (0, 0, 0)
621.5041 	EXP 	responsel: foreColor = (0, 0, 0)
621.5207 	EXP 	responsel: foreColor = (0, 0, 0)
621.5374 	EXP 	responsel: foreColor = (0, 0, 0)
621.5540 	EXP 	responsel: foreColor = (0, 0, 0)
621.5707 	EXP 	responsel: foreColor = (0, 0, 0)
621.5874 	EXP 	responsel: foreColor = (0, 0, 0)
621.6041 	EXP 	responsel: foreColor = (0, 0, 0)
621.6207 	EXP 	responsel: foreColor = (0, 0, 0)
621.6374 	EXP 	responsel: foreColor = (0, 0, 0)
621.6541 	EXP 	responsel: foreColor = (0, 0, 0)
621.6707 	EXP 	responsel: foreColor = (0, 0, 0)
621.6874 	EXP 	responsel: foreColor = (0, 0, 0)
621.7041 	EXP 	responsel: foreColor = (0, 0, 0)
621.7207 	EXP 	responsel: foreColor = (0, 0, 0)
621.7374 	EXP 	responsel: foreColor = (0, 0, 0)
621.7541 	EXP 	responsel: foreColor = (0, 0, 0)
621.7707 	EXP 	responsel: foreColor = (0, 0, 0)
621.7874 	EXP 	responsel: foreColor = (0, 0, 0)
621.8041 	EXP 	responsel: foreColor = (0, 0, 0)
621.8207 	EXP 	responsel: foreColor = (0, 0, 0)
621.8374 	EXP 	responsel: foreColor = (0, 0, 0)
621.8541 	EXP 	responsel: foreColor = (0, 0, 0)
621.8707 	EXP 	responsel: foreColor = (0, 0, 0)
621.8874 	EXP 	responsel: foreColor = (0, 0, 0)
621.9041 	EXP 	responsel: foreColor = (0, 0, 0)
621.9207 	EXP 	responsel: foreColor = (0, 0, 0)
621.9374 	EXP 	responsel: foreColor = (0, 0, 0)
621.9541 	EXP 	responsel: foreColor = (0, 0, 0)
621.9707 	EXP 	responsel: foreColor = (0, 0, 0)
621.9874 	EXP 	responsel: foreColor = (0, 0, 0)
622.0041 	EXP 	responsel: foreColor = (0, 0, 0)
622.0207 	EXP 	responsel: foreColor = (0, 0, 0)
622.0374 	EXP 	responsel: foreColor = (0, 0, 0)
622.0541 	EXP 	responsel: foreColor = (0, 0, 0)
622.0707 	EXP 	responsel: foreColor = (0, 0, 0)
622.0874 	EXP 	responsel: foreColor = (0, 0, 0)
622.1041 	EXP 	responsel: foreColor = (0, 0, 0)
622.1208 	EXP 	responsel: foreColor = (0, 0, 0)
622.1374 	EXP 	responsel: foreColor = (0, 0, 0)
622.1541 	EXP 	responsel: foreColor = (0, 0, 0)
622.1551 	EXP 	New trial (rep=31, index=0): None
622.1707 	EXP 	responsel: foreColor = (0, 0, 0)
622.1707 	EXP 	responsel: autoDraw = False
622.1707 	EXP 	percu_or: autoDraw = False
622.1707 	EXP 	responser: autoDraw = False
622.1707 	EXP 	thermode_locali_pic: autoDraw = False
622.1707 	EXP 	responsel: autoDraw = False
622.1707 	EXP 	percu_or: autoDraw = False
622.1707 	EXP 	responser: autoDraw = False
622.1707 	EXP 	responsel: foreColor = 'white'
622.1707 	EXP 	responser: foreColor = 'white'
622.1707 	EXP 	text_pic: autoDraw = True
622.1707 	EXP 	croix_3: autoDraw = True
627.1709 	EXP 	text_pic: autoDraw = False
627.1709 	EXP 	croix_3: autoDraw = False
627.1709 	EXP 	text_pic: autoDraw = False
627.1709 	EXP 	croix_3: autoDraw = False
627.1709 	EXP 	thermode_locali_pic: height = 0.02
627.1709 	EXP 	thermode_locali_pic: height = 0.02
627.1709 	EXP 	thermode_locali_pic: height = 0.02
627.1709 	EXP 	thermode_locali_pic: text = 'T : 3'
627.1709 	EXP 	responsel: text = 'NON              '
627.1709 	EXP 	thermode_locali_pic: autoDraw = True
635.1542 	EXP 	responsel: autoDraw = True
635.1542 	EXP 	percu_or: autoDraw = True
635.1542 	EXP 	responser: autoDraw = True
636.1553 	DATA 	Keypress: m
636.1876 	EXP 	responsel: foreColor = (0, 0, 0)
636.2042 	EXP 	responsel: foreColor = (0, 0, 0)
636.2209 	EXP 	responsel: foreColor = (0, 0, 0)
636.2376 	EXP 	responsel: foreColor = (0, 0, 0)
636.2542 	EXP 	responsel: foreColor = (0, 0, 0)
636.2709 	EXP 	responsel: foreColor = (0, 0, 0)
636.2876 	EXP 	responsel: foreColor = (0, 0, 0)
636.3043 	EXP 	responsel: foreColor = (0, 0, 0)
636.3209 	EXP 	responsel: foreColor = (0, 0, 0)
636.3376 	EXP 	responsel: foreColor = (0, 0, 0)
636.3542 	EXP 	responsel: foreColor = (0, 0, 0)
636.3709 	EXP 	responsel: foreColor = (0, 0, 0)
636.3876 	EXP 	responsel: foreColor = (0, 0, 0)
636.4042 	EXP 	responsel: foreColor = (0, 0, 0)
636.4209 	EXP 	responsel: foreColor = (0, 0, 0)
636.4376 	EXP 	responsel: foreColor = (0, 0, 0)
636.4542 	EXP 	responsel: foreColor = (0, 0, 0)
636.4709 	EXP 	responsel: foreColor = (0, 0, 0)
636.4876 	EXP 	responsel: foreColor = (0, 0, 0)
636.5042 	EXP 	responsel: foreColor = (0, 0, 0)
636.5209 	EXP 	responsel: foreColor = (0, 0, 0)
636.5376 	EXP 	responsel: foreColor = (0, 0, 0)
636.5542 	EXP 	responsel: foreColor = (0, 0, 0)
636.5709 	EXP 	responsel: foreColor = (0, 0, 0)
636.5876 	EXP 	responsel: foreColor = (0, 0, 0)
636.6042 	EXP 	responsel: foreColor = (0, 0, 0)
636.6209 	EXP 	responsel: foreColor = (0, 0, 0)
636.6376 	EXP 	responsel: foreColor = (0, 0, 0)
636.6542 	EXP 	responsel: foreColor = (0, 0, 0)
636.6709 	EXP 	responsel: foreColor = (0, 0, 0)
636.6875 	EXP 	responsel: foreColor = (0, 0, 0)
636.7042 	EXP 	responsel: foreColor = (0, 0, 0)
636.7209 	EXP 	responsel: foreColor = (0, 0, 0)
636.7376 	EXP 	responsel: foreColor = (0, 0, 0)
636.7542 	EXP 	responsel: foreColor = (0, 0, 0)
636.7709 	EXP 	responsel: foreColor = (0, 0, 0)
636.7876 	EXP 	responsel: foreColor = (0, 0, 0)
636.8042 	EXP 	responsel: foreColor = (0, 0, 0)
636.8209 	EXP 	responsel: foreColor = (0, 0, 0)
636.8376 	EXP 	responsel: foreColor = (0, 0, 0)
636.8542 	EXP 	responsel: foreColor = (0, 0, 0)
636.8709 	EXP 	responsel: foreColor = (0, 0, 0)
636.8876 	EXP 	responsel: foreColor = (0, 0, 0)
636.9042 	EXP 	responsel: foreColor = (0, 0, 0)
636.9209 	EXP 	responsel: foreColor = (0, 0, 0)
636.9376 	EXP 	responsel: foreColor = (0, 0, 0)
636.9542 	EXP 	responsel: foreColor = (0, 0, 0)
636.9709 	EXP 	responsel: foreColor = (0, 0, 0)
636.9876 	EXP 	responsel: foreColor = (0, 0, 0)
637.0042 	EXP 	responsel: foreColor = (0, 0, 0)
637.0209 	EXP 	responsel: foreColor = (0, 0, 0)
637.0376 	EXP 	responsel: foreColor = (0, 0, 0)
637.0542 	EXP 	responsel: foreColor = (0, 0, 0)
637.0709 	EXP 	responsel: foreColor = (0, 0, 0)
637.0876 	EXP 	responsel: foreColor = (0, 0, 0)
637.1042 	EXP 	responsel: foreColor = (0, 0, 0)
637.1209 	EXP 	responsel: foreColor = (0, 0, 0)
637.1375 	EXP 	responsel: foreColor = (0, 0, 0)
637.1542 	EXP 	responsel: foreColor = (0, 0, 0)
637.1709 	EXP 	responsel: foreColor = (0, 0, 0)
637.1876 	EXP 	responsel: foreColor = (0, 0, 0)
637.2042 	EXP 	responsel: foreColor = (0, 0, 0)
637.2209 	EXP 	responsel: foreColor = (0, 0, 0)
637.2376 	EXP 	responsel: foreColor = (0, 0, 0)
637.2542 	EXP 	responsel: foreColor = (0, 0, 0)
637.2709 	EXP 	responsel: foreColor = (0, 0, 0)
637.2876 	EXP 	responsel: foreColor = (0, 0, 0)
637.3042 	EXP 	responsel: foreColor = (0, 0, 0)
637.3209 	EXP 	responsel: foreColor = (0, 0, 0)
637.3376 	EXP 	responsel: foreColor = (0, 0, 0)
637.3542 	EXP 	responsel: foreColor = (0, 0, 0)
637.3709 	EXP 	responsel: foreColor = (0, 0, 0)
637.3709 	EXP 	thermode_locali_pic: autoDraw = False
637.3876 	EXP 	responsel: foreColor = (0, 0, 0)
637.4042 	EXP 	responsel: foreColor = (0, 0, 0)
637.4209 	EXP 	responsel: foreColor = (0, 0, 0)
637.4376 	EXP 	responsel: foreColor = (0, 0, 0)
637.4543 	EXP 	responsel: foreColor = (0, 0, 0)
637.4709 	EXP 	responsel: foreColor = (0, 0, 0)
637.4876 	EXP 	responsel: foreColor = (0, 0, 0)
637.5042 	EXP 	responsel: foreColor = (0, 0, 0)
637.5209 	EXP 	responsel: foreColor = (0, 0, 0)
637.5375 	EXP 	responsel: foreColor = (0, 0, 0)
637.5543 	EXP 	responsel: foreColor = (0, 0, 0)
637.5709 	EXP 	responsel: foreColor = (0, 0, 0)
637.5876 	EXP 	responsel: foreColor = (0, 0, 0)
637.6042 	EXP 	responsel: foreColor = (0, 0, 0)
637.6209 	EXP 	responsel: foreColor = (0, 0, 0)
637.6376 	EXP 	responsel: foreColor = (0, 0, 0)
637.6542 	EXP 	responsel: foreColor = (0, 0, 0)
637.6709 	EXP 	responsel: foreColor = (0, 0, 0)
637.6876 	EXP 	responsel: foreColor = (0, 0, 0)
637.7042 	EXP 	responsel: foreColor = (0, 0, 0)
637.7209 	EXP 	responsel: foreColor = (0, 0, 0)
637.7376 	EXP 	responsel: foreColor = (0, 0, 0)
637.7542 	EXP 	responsel: foreColor = (0, 0, 0)
637.7709 	EXP 	responsel: foreColor = (0, 0, 0)
637.7876 	EXP 	responsel: foreColor = (0, 0, 0)
637.8043 	EXP 	responsel: foreColor = (0, 0, 0)
637.8209 	EXP 	responsel: foreColor = (0, 0, 0)
637.8376 	EXP 	responsel: foreColor = (0, 0, 0)
637.8542 	EXP 	responsel: foreColor = (0, 0, 0)
637.8709 	EXP 	responsel: foreColor = (0, 0, 0)
637.8876 	EXP 	responsel: foreColor = (0, 0, 0)
637.9042 	EXP 	responsel: foreColor = (0, 0, 0)
637.9209 	EXP 	responsel: foreColor = (0, 0, 0)
637.9376 	EXP 	responsel: foreColor = (0, 0, 0)
637.9543 	EXP 	responsel: foreColor = (0, 0, 0)
637.9709 	EXP 	responsel: foreColor = (0, 0, 0)
637.9876 	EXP 	responsel: foreColor = (0, 0, 0)
638.0043 	EXP 	responsel: foreColor = (0, 0, 0)
638.0209 	EXP 	responsel: foreColor = (0, 0, 0)
638.0376 	EXP 	responsel: foreColor = (0, 0, 0)
638.0542 	EXP 	responsel: foreColor = (0, 0, 0)
638.0709 	EXP 	responsel: foreColor = (0, 0, 0)
638.0875 	EXP 	responsel: foreColor = (0, 0, 0)
638.1043 	EXP 	responsel: foreColor = (0, 0, 0)
638.1209 	EXP 	responsel: foreColor = (0, 0, 0)
638.1376 	EXP 	responsel: foreColor = (0, 0, 0)
638.1386 	EXP 	New trial (rep=32, index=0): None
638.1543 	EXP 	responsel: foreColor = (0, 0, 0)
638.1543 	EXP 	responsel: autoDraw = False
638.1543 	EXP 	percu_or: autoDraw = False
638.1543 	EXP 	responser: autoDraw = False
638.1543 	EXP 	thermode_locali_pic: autoDraw = False
638.1543 	EXP 	responsel: autoDraw = False
638.1543 	EXP 	percu_or: autoDraw = False
638.1543 	EXP 	responser: autoDraw = False
638.1543 	EXP 	responsel: foreColor = 'white'
638.1543 	EXP 	responser: foreColor = 'white'
638.1543 	EXP 	text_pic: autoDraw = True
638.1543 	EXP 	croix_3: autoDraw = True
643.1543 	EXP 	text_pic: autoDraw = False
643.1543 	EXP 	croix_3: autoDraw = False
643.1543 	EXP 	text_pic: autoDraw = False
643.1543 	EXP 	croix_3: autoDraw = False
643.1543 	EXP 	thermode_locali_pic: height = 0.02
643.1543 	EXP 	thermode_locali_pic: height = 0.02
643.1543 	EXP 	thermode_locali_pic: height = 0.02
643.1543 	EXP 	thermode_locali_pic: text = 'T : 0'
643.1543 	EXP 	responsel: text = 'NON              '
643.1543 	EXP 	thermode_locali_pic: autoDraw = True
651.1376 	EXP 	responsel: autoDraw = True
651.1376 	EXP 	percu_or: autoDraw = True
651.1376 	EXP 	responser: autoDraw = True
653.1221 	DATA 	Keypress: m
653.1544 	EXP 	responsel: foreColor = (0, 0, 0)
653.1710 	EXP 	responsel: foreColor = (0, 0, 0)
653.1877 	EXP 	responsel: foreColor = (0, 0, 0)
653.2044 	EXP 	responsel: foreColor = (0, 0, 0)
653.2210 	EXP 	responsel: foreColor = (0, 0, 0)
653.2377 	EXP 	responsel: foreColor = (0, 0, 0)
653.2544 	EXP 	responsel: foreColor = (0, 0, 0)
653.2710 	EXP 	responsel: foreColor = (0, 0, 0)
653.2877 	EXP 	responsel: foreColor = (0, 0, 0)
653.3044 	EXP 	responsel: foreColor = (0, 0, 0)
653.3210 	EXP 	responsel: foreColor = (0, 0, 0)
653.3377 	EXP 	responsel: foreColor = (0, 0, 0)
653.3543 	EXP 	responsel: foreColor = (0, 0, 0)
653.3543 	EXP 	thermode_locali_pic: autoDraw = False
653.3711 	EXP 	responsel: foreColor = (0, 0, 0)
653.3877 	EXP 	responsel: foreColor = (0, 0, 0)
653.4043 	EXP 	responsel: foreColor = (0, 0, 0)
653.4211 	EXP 	responsel: foreColor = (0, 0, 0)
653.4377 	EXP 	responsel: foreColor = (0, 0, 0)
653.4544 	EXP 	responsel: foreColor = (0, 0, 0)
653.4711 	EXP 	responsel: foreColor = (0, 0, 0)
653.4877 	EXP 	responsel: foreColor = (0, 0, 0)
653.5043 	EXP 	responsel: foreColor = (0, 0, 0)
653.5211 	EXP 	responsel: foreColor = (0, 0, 0)
653.5377 	EXP 	responsel: foreColor = (0, 0, 0)
653.5543 	EXP 	responsel: foreColor = (0, 0, 0)
653.5710 	EXP 	responsel: foreColor = (0, 0, 0)
653.5877 	EXP 	responsel: foreColor = (0, 0, 0)
653.6044 	EXP 	responsel: foreColor = (0, 0, 0)
653.6210 	EXP 	responsel: foreColor = (0, 0, 0)
653.6377 	EXP 	responsel: foreColor = (0, 0, 0)
653.6544 	EXP 	responsel: foreColor = (0, 0, 0)
653.6710 	EXP 	responsel: foreColor = (0, 0, 0)
653.6877 	EXP 	responsel: foreColor = (0, 0, 0)
653.7044 	EXP 	responsel: foreColor = (0, 0, 0)
653.7210 	EXP 	responsel: foreColor = (0, 0, 0)
653.7377 	EXP 	responsel: foreColor = (0, 0, 0)
653.7543 	EXP 	responsel: foreColor = (0, 0, 0)
653.7710 	EXP 	responsel: foreColor = (0, 0, 0)
653.7877 	EXP 	responsel: foreColor = (0, 0, 0)
653.8044 	EXP 	responsel: foreColor = (0, 0, 0)
653.8210 	EXP 	responsel: foreColor = (0, 0, 0)
653.8377 	EXP 	responsel: foreColor = (0, 0, 0)
653.8544 	EXP 	responsel: foreColor = (0, 0, 0)
653.8710 	EXP 	responsel: foreColor = (0, 0, 0)
653.8877 	EXP 	responsel: foreColor = (0, 0, 0)
653.9044 	EXP 	responsel: foreColor = (0, 0, 0)
653.9210 	EXP 	responsel: foreColor = (0, 0, 0)
653.9377 	EXP 	responsel: foreColor = (0, 0, 0)
653.9544 	EXP 	responsel: foreColor = (0, 0, 0)
653.9710 	EXP 	responsel: foreColor = (0, 0, 0)
653.9877 	EXP 	responsel: foreColor = (0, 0, 0)
654.0044 	EXP 	responsel: foreColor = (0, 0, 0)
654.0210 	EXP 	responsel: foreColor = (0, 0, 0)
654.0377 	EXP 	responsel: foreColor = (0, 0, 0)
654.0544 	EXP 	responsel: foreColor = (0, 0, 0)
654.0710 	EXP 	responsel: foreColor = (0, 0, 0)
654.0877 	EXP 	responsel: foreColor = (0, 0, 0)
654.1044 	EXP 	responsel: foreColor = (0, 0, 0)
654.1210 	EXP 	responsel: foreColor = (0, 0, 0)
654.1377 	EXP 	responsel: foreColor = (0, 0, 0)
654.1377 	EXP 	responsel: autoDraw = False
654.1377 	EXP 	percu_or: autoDraw = False
654.1377 	EXP 	responser: autoDraw = False
654.1377 	EXP 	thermode_locali_pic: autoDraw = False
654.1377 	EXP 	responsel: autoDraw = False
654.1377 	EXP 	percu_or: autoDraw = False
654.1377 	EXP 	responser: autoDraw = False
654.1377 	EXP 	responsel: foreColor = 'white'
654.1377 	EXP 	responser: foreColor = 'white'
654.1377 	EXP 	text: autoDraw = True
660.2378 	EXP 	text: autoDraw = False
660.2378 	EXP 	text: autoDraw = False
660.2379 	EXP 	2024_RDpaindiscrimination_QUEST: status = STOPPED
660.4764 	EXP 	window1: mouseVisible = True
