,n,r,CI95%,p-val,BF10,power
pearson,29,0.4186801718885941,[0.06 0.68],0.023792090469736276,2.634,0.636177352123486
