,n,r,CI95%,p-val,BF10,power
pearson,28,0.2064297679191531,[-0.18  0.54],0.2919163276385013,0.398,0.18571721557084434
