,n,r,CI95%,p-val,BF10,power
pearson,28,0.0695459468619885,[-0.31  0.43],0.7251002114814882,0.249,0.06389301234666264
