,n,r,CI95%,p-val,BF10,power
pearson,29,0.19298036616896244,[-0.19  0.52],0.31586719903585697,0.373,0.17239358230529628
