,n,r,CI95%,p-val,BF10,power
pearson,29,0.31524334187976405,[-0.06  0.61],0.09576425895500403,0.866,0.39305019935425056
