,n,r,CI95%,p-val,BF10,power
pearson,28,0.30376969367788464,[-0.08  0.61],0.11606411126045038,0.761,0.35654622684528137
