,n,r,CI95%,p-val,BF10,power
pearson,28,0.3952923722129538,[0.03 0.67],0.03734426838928401,1.847,0.5644559118493387
