,n,r,CI95%,p-val,BF10,power
pearson,44,0.20213412002586606,[-0.1   0.47],0.18822877934337,0.434,0.263016960022198
