,n,r,CI95%,p-val,BF10,power
pearson,28,0.16774353399053651,[-0.22  0.51],0.3935393412686562,0.332,0.13749101802279243
