,n,r,CI95%,p-val,BF10,power
pearson,29,0.11893938080789052,[-0.26  0.47],0.5388706929826127,0.276,0.09429494344849479
