,n,r,CI95%,p-val,BF10,power
pearson,45,0.3572331108591292,[0.07 0.59],0.01599439332926511,3.09,0.686265614942236
