,n,r,CI95%,p-val,BF10,power
pearson,44,0.3724270836640657,[0.08 0.6 ],0.012789939081856123,3.774,0.7156161992103391
