,n,r,CI95%,p-val,BF10,power
pearson,28,0.030391219625423196,[-0.35  0.4 ],0.8779894437114387,0.237,0.05218460534381034
