,n,r,CI95%,p-val,BF10,power
pearson,45,0.20577012120189989,[-0.09  0.47],0.17507761295712504,0.453,0.27637421501677323
