,n,r,CI95%,p-val,BF10,power
pearson,28,0.475938007172523,[0.13 0.72],0.010466528450461256,5.301,0.7479357607829026
