,n,r,CI95%,p-val,BF10,power
pearson,29,0.16029189589053494,[-0.22  0.5 ],0.40618878159904187,0.321,0.13272084533919704
