,n,r,CI95%,p-val,BF10,power
pearson,44,0.33596128688974847,[0.04 0.58],0.025773464648575113,2.084,0.6179610936213751
