,n,r,CI95%,p-val,BF10,power
pearson,42,0.3342115148912335,[0.03 0.58],0.03052555966940923,1.846,0.5920644675924003
