,n,r,CI95%,p-val,BF10,power
pearson,45,-0.06789828613008188,[-0.35  0.23],0.6576424538689876,0.204,0.07260831175873135
