,n,r,CI95%,p-val,BF10,power
pearson,28,0.37007615117935533,[-0.    0.65],0.052570504761251975,1.404,0.5048908682129059
