,n,r,CI95%,p-val,BF10,power
pearson,43,0.29179629348582525,[-0.01  0.54],0.05761679317987189,1.087,0.4839354089793746
