,n,r,CI95%,p-val,BF10,power
pearson,28,0.18712325311571482,[-0.2   0.52],0.34034806306546894,0.362,0.160219781708518
