,n,r,CI95%,p-val,BF10,power
pearson,28,0.15432044944180928,[-0.23  0.5 ],0.43299832918069786,0.315,0.12340508475558068
