,n,r,CI95%,p-val,BF10,power
pearson,45,0.020363930070628207,[-0.27  0.31],0.8943713518604559,0.187,0.05168674786880413
