,n,r,CI95%,p-val,BF10,power
pearson,28,0.5074507611883383,[0.17 0.74],0.005844811671132292,8.702,0.8102387641294045
