,n,r,CI95%,p-val,BF10,power
pearson,28,0.32788648519339225,[-0.05  0.62],0.08849981053848094,0.934,0.4083728215176018
