,n,r,CI95%,p-val,BF10,power
pearson,44,0.009366626853098954,[-0.29  0.31],0.9518818278675159,0.188,0.050064048767600663
