,n,r,CI95%,p-val,BF10,power
pearson,29,0.25712439657050595,[-0.12  0.57],0.1781354298239582,0.548,0.2747147729469608
