,n,r,CI95%,p-val,BF10,power
pearson,44,-0.08265143939603448,[-0.37  0.22],0.5937715742993679,0.216,0.08308914066930928
