,n,r,CI95%,p-val,BF10,power
pearson,42,0.1326256497779626,[-0.18  0.42],0.40243442178773,0.27,0.13388235633935236
