,n,r,CI95%,p-val,BF10,power
pearson,43,0.062430606761578473,[-0.24  0.36],0.6908440774144677,0.205,0.0680834604692727
