,n,r,CI95%,p-val,BF10,power
pearson,29,0.11716094688819473,[-0.26  0.46],0.5450005880213409,0.275,0.09292586093388637
