,n,r,CI95%,p-val,BF10,power
pearson,28,0.09846255809614604,[-0.29  0.45],0.6181493956169433,0.264,0.07871999993902676
