,n,r,CI95%,p-val,BF10,power
pearson,28,0.2199042026726815,[-0.17  0.55],0.2608418244456465,0.429,0.2052114104221341
