,n,r,CI95%,p-val,BF10,power
pearson,29,0.34612281188360233,[-0.02  0.63],0.06587718078999738,1.157,0.4633766645760297
