,n,r,CI95%,p-val,BF10,power
pearson,29,0.06491112447424004,[-0.31  0.42],0.737976557892774,0.243,0.06252346626320462
