,n,r,CI95%,p-val,BF10,power
pearson,29,0.12162171609728568,[-0.26  0.47],0.5296873697959223,0.279,0.09640305840352059
