,n,r,CI95%,p-val,BF10,power
pearson,29,0.5127956297827452,[0.18 0.74],0.004449092673485178,10.879,0.8341896677668077
