,n,r,CI95%,p-val,BF10,power
pearson,28,0.1537676860494931,[-0.23  0.5 ],0.43466800694136976,0.314,0.12285369181445502
