,n,r,CI95%,p-val,BF10,power
pearson,45,0.3776914741808621,[0.09 0.6 ],0.010532040436479533,4.419,0.7389414628606769
