,n,r,CI95%,p-val,BF10,power
pearson,28,0.09297488934728709,[-0.29  0.45],0.6379491903286776,0.261,0.07548775085860909
