,age,n_male,n_female
count,45.0,11,33
mean,27.733333333333334,11,33
std,9.808159868191382,11,33
min,19.0,11,33
25%,21.0,11,33
50%,24.0,11,33
75%,31.0,11,33
max,58.0,11,33
