,age,n_male,n_female
count,28.0,7,21
mean,26.928571428571427,7,21
std,9.116239362029724,7,21
min,19.0,7,21
25%,21.0,7,21
50%,23.0,7,21
75%,30.75,7,21
max,52.0,7,21
