,age,n_male,n_female
count,44.0,11,33
mean,27.886363636363637,11,33
std,9.867060326794421,11,33
min,19.0,11,33
25%,21.0,11,33
50%,24.0,11,33
75%,31.5,11,33
max,58.0,11,33
