,Source,SS,ddof1,ddof2,MS,F,p-unc,p-GG-corr,ng2,eps
0,condition,0.030597376599449368,1,27,0.030597376599449368,2.0139346139697842,0.16730274477962676,0.16730274477962676,0.007925390658640534,1.0
1,block,0.01178360108924522,1,27,0.01178360108924522,0.6613070263168797,0.42321231272137916,0.42321231272137916,0.0030671575677783855,1.0
2,condition * block,0.00030400925251032607,1,27,0.00030400925251032607,0.015070228414401242,0.9032056967218484,0.9032056967218484,7.936782576997832e-05,1.0
