,Source,SS,ddof1,ddof2,MS,F,p-unc,p-GG-corr,ng2,eps
0,condition,2765.230912642027,1,43,2765.230912642027,91.44612695036703,3.2940140597503345e-12,3.2940140597503345e-12,0.06582940743240498,1.0
1,block,118.02281605113674,1,43,118.02281605113674,2.16950822493021,0.14805400335852087,0.14805400335852087,0.0029986382408422932,1.0
2,condition * block,6.04767400567718,1,43,6.04767400567718,0.24121207709372655,0.625829502202989,0.625829502202989,0.0001540933144603044,1.0
