,Source,SS,ddof1,ddof2,MS,F,p-unc,p-GG-corr,ng2,eps
0,condition,2861.0313368055404,1,44,2861.0313368055404,96.50289455535055,1.1534377179066272e-12,1.1534377179066272e-12,0.06132879836897024,1.0
1,block,142.4445312500003,1,44,142.4445312500003,2.6347463739081793,0.11169276677563907,0.11169276677563907,0.0032423783620363048,1.0
2,condition * block,13.95842013888739,1,44,13.95842013888739,0.5355755220980501,0.46815234573967834,0.46815234573967834,0.0003186590075283529,1.0
