,Source,SS,ddof1,ddof2,MS,F,p-unc,p-GG-corr,ng2,eps
0,condition,0.026604763929381443,1,27,0.026604763929381443,1.8568400600547676,0.1842485642589756,0.1842485642589756,0.00718792851934147,1.0
1,block,0.0207321023647553,1,27,0.0207321023647553,1.0100694587152133,0.32380880083567837,0.32380880083567837,0.005610186542811538,1.0
2,condition * block,3.1634677680397044e-05,1,27,3.1634677680397044e-05,0.0015562426078378228,0.9688224788244916,0.9688224788244916,8.608687956701307e-06,1.0
