,Source,SS,ddof1,ddof2,MS,F,p-unc,p-GG-corr,ng2,eps
0,condition,3287.1228448275715,1,28,3287.1228448275715,140.7460748513652,1.949785613707237e-12,1.949785613707237e-12,0.10891143264957291,1.0
1,block,178.1384698275845,1,28,178.1384698275845,3.125966576216492,0.08795062564564066,0.08795062564564066,0.006580020885309669,1.0
2,condition * block,2.418642241379729,1,28,2.418642241379729,0.06609218369434265,0.7989937501142177,0.7989937501142177,8.992268031687484e-05,1.0
