,Source,SS,ddof1,ddof2,MS,F,p-unc,p-GG-corr,ng2,eps
0,condition,0.016930304318696934,1,43,0.016930304318696934,1.0381988743825996,0.3139395431882418,0.3139395431882418,0.0027291850153788044,1.0
1,block,0.009219265357658355,1,43,0.009219265357658355,0.5318425820195977,0.469787152316692,0.469787152316692,0.0014880060783534397,1.0
2,condition * block,0.0011023822407753708,1,43,0.0011023822407753708,0.050938212528838324,0.8225079887029518,0.8225079887029518,0.0001781598881536348,1.0
