,Source,SS,ddof1,ddof2,MS,F,p-unc,p-GG-corr,ng2,eps
0,condition,2391.477790178555,1,34,2391.477790178555,90.19099813017057,4.30169611532519e-11,4.30169611532519e-11,0.08048630937355963,1.0
1,block,129.9376116071428,1,34,129.9376116071428,2.698128087386657,0.10968440154187462,0.10968440154187462,0.00473338443490089,1.0
2,condition * block,1.0938616071400702,1,34,1.0938616071400702,0.04105088410531425,0.8406473148136291,0.8406473148136291,4.003524163304643e-05,1.0
