,Source,SS,ddof1,ddof2,MS,F,p-unc,p-GG-corr,ng2,eps
0,condition,0.02452778565129754,1,44,0.02452778565129754,1.4808697888081734,0.23012563928181537,0.23012563928181537,0.0037502575106198185,1.0
1,block,0.0200304311539432,1,44,0.0200304311539432,1.0590065666919966,0.30906587298357485,0.30906587298357485,0.0030647269328333182,1.0
2,condition * block,0.001776462899974851,1,44,0.001776462899974851,0.08370396914061899,0.7736981692239685,0.7736981692239685,0.00027256637414028675,1.0
