,Source,SS,ddof1,ddof2,MS,F,p-unc,p-GG-corr,ng2,eps
0,condition,0.00427700842241653,1,34,0.00427700842241653,0.2937027192803071,0.5913917834298126,0.5913917834298126,0.0008586834644798611,1.0
1,block,0.011589933592484489,1,34,0.011589933592484489,0.6899481740388024,0.41197703889148574,0.41197703889148574,0.0023234684519497987,1.0
2,condition * block,0.004680919987042658,1,34,0.004680919987042658,0.224707923721435,0.6385060483753328,0.6385060483753328,0.0009396994993824517,1.0
