,Source,SS,ddof1,ddof2,MS,F,p-unc,p-GG-corr,ng2,eps
0,condition,2981.602818080342,1,27,2981.602818080342,141.9999884342283,2.9118711359795346e-12,2.9118711359795346e-12,0.10933117700731962,1.0
1,block,231.7970145089279,1,27,231.7970145089279,4.267669047188021,0.04856275282205439,0.04856275282205439,0.009452811345769953,1.0
2,condition * block,0.4856305803583325,1,27,0.4856305803583325,0.014881620129609948,0.9038101801122372,0.9038101801122372,1.9992878491931528e-05,1.0
