,Source,SS,ddof1,ddof2,MS,F,p-unc,p-GG-corr,ng2,eps
0,condition,3187.5558035714184,1,27,3187.5558035714184,131.69567682591708,6.846915814277162e-12,6.846915814277162e-12,0.12682049836297435,1.0
1,block,145.71484375,1,27,145.71484375,2.5154559100093214,0.12437884555014349,0.12437884555014349,0.006595655699300922,1.0
2,condition * block,0.0050223214216202905,1,27,0.0050223214216202905,0.00014266298345501317,0.9905579852072142,0.9905579852072142,2.2884031198927743e-07,1.0
