,Source,SS,ddof1,ddof2,MS,F,p-unc,p-GG-corr,ng2,eps
0,condition,2251.221709280287,1,32,2251.221709280287,79.96561007016493,3.2443726746380655e-10,3.2443726746380655e-10,0.07834005118759148,1.0
1,block,115.31356534090884,1,32,115.31356534090884,2.29706997538271,0.13943514274136626,0.13943514274136626,0.004334994103050094,1.0
2,condition * block,1.1137547348486692,1,32,1.1137547348486692,0.04201998729442048,0.8388800331416876,0.8388800331416876,4.205001627991973e-05,1.0
