,T,dof,alternative,p-val,CI95%,cohen-d,BF10,power
T-test,-0.5034137726605845,32,two-sided,0.6181213232110587,[-0.25  0.15],0.10557643156107142,0.21,0.09052157871918752
