,T,dof,alternative,p-val,CI95%,cohen-d,BF10,power
T-test,1.4204707186523964,27,two-sided,0.16691644257667887,[-0.01  0.08],0.20858999730580652,0.493,0.18659211193301203
