,T,dof,alternative,p-val,CI95%,cohen-d,BF10,power
T-test,-0.46422857689557573,32,two-sided,0.6456268757413228,[-0.34  0.21],0.06430794954039232,0.206,0.0648459749890286
