,T,dof,alternative,p-val,CI95%,cohen-d,BF10,power
T-test,-9.82358868007767,44,two-sided,1.1534377179067084e-12,[-9.61 -6.34],0.5271719960892708,7.26e+09,0.9329625932168196
