,T,dof,alternative,p-val,CI95%,cohen-d,BF10,power
T-test,1.4755859707419992,27,two-sided,0.1516226435929357,[-0.01  0.08],0.21357426487140674,0.528,0.19336515390183587
