,T,dof,alternative,p-val,CI95%,cohen-d,BF10,power
T-test,-0.9015827768255569,44,two-sided,0.3721874080037728,[-0.24  0.09],0.15121901854182648,0.237,0.16820252290411686
