,T,dof,alternative,p-val,CI95%,cohen-d,BF10,power
T-test,-9.562746830820501,43,two-sided,3.294014059750062e-12,[-9.6  -6.26],0.549312978836329,2.653e+09,0.9453384231984405
