,T,dof,alternative,p-val,CI95%,cohen-d,BF10,power
T-test,1.7180490185055433,28,two-sided,0.09682902152173589,[-0.01  0.09],0.24131405069360107,0.726,0.24112384084588467
