,T,dof,alternative,p-val,CI95%,cohen-d,BF10,power
T-test,-11.91637480252398,27,two-sided,2.9118711359794967e-12,[-12.1   -8.54],0.7239666876970331,2.838e+09,0.9583106898311445
