,T,dof,alternative,p-val,CI95%,cohen-d,BF10,power
T-test,-1.7588954088853905,27,two-sided,0.08992554925753996,[-0.42  0.03],0.3765654967450393,0.778,0.48473188690767666
