,T,dof,alternative,p-val,CI95%,cohen-d,BF10,power
T-test,1.4589702907972433,27,two-sided,0.15611000073013903,[-0.09  0.5 ],0.21525243389165535,0.518,0.19568191901021117
