,T,dof,alternative,p-val,CI95%,cohen-d,BF10,power
T-test,1.7004647083526818,28,two-sided,0.10012663783490845,[-0.05  0.53],0.24220821644031285,0.707,0.24256241951768698
