,T,dof,alternative,p-val,CI95%,cohen-d,BF10,power
T-test,1.0598276191464269,43,two-sided,0.29514009499699356,[-0.02  0.06],0.1261817908612361,0.276,0.12955306370769493
