,T,dof,alternative,p-val,CI95%,cohen-d,BF10,power
T-test,1.2575106230542463,44,two-sided,0.21520239159405363,[-0.01  0.06],0.14703319385807925,0.337,0.16157858330066555
