,T,dof,alternative,p-val,CI95%,cohen-d,BF10,power
T-test,-2.4942359963596967,44,two-sided,0.016452178498509627,[-0.41 -0.04],0.3820275925904263,2.557,0.70763901982767
