,T,dof,alternative,p-val,CI95%,cohen-d,BF10,power
T-test,-11.475873684644458,27,two-sided,6.8469158142782845e-12,[-12.58  -8.76],0.7954263365386377,1.26e+09,0.9819195496043488
