,T,dof,alternative,p-val,CI95%,cohen-d,BF10,power
T-test,-11.863645091259478,28,two-sided,1.9497856137072533e-12,[-12.48  -8.81],0.7231784470766134,4.187e+09,0.9638902110323371
