,T,dof,alternative,p-val,CI95%,cohen-d,BF10,power
T-test,-2.329943907267198,43,two-sided,0.02457177245764045,[-0.4  -0.03],0.35866396845195975,1.843,0.6427369720025539
