,T,dof,alternative,p-val,CI95%,cohen-d,BF10,power
T-test,1.2467587982909294,44,two-sided,0.21908234149466208,[-0.09  0.39],0.14832305454994563,0.333,0.16359904121054505
