,T,dof,alternative,p-val,CI95%,cohen-d,BF10,power
T-test,1.0512296886724697,43,two-sided,0.2990252052840379,[-0.12  0.37],0.12772921292621178,0.274,0.13156860518172186
