,T,dof,alternative,p-val,CI95%,cohen-d,BF10,power
T-test,-1.0765884836181363,43,two-sided,0.28766741797520284,[-0.25  0.08],0.18314752257449976,0.281,0.22084110013222719
