,T,dof,alternative,p-val,CI95%,cohen-d,BF10,power
T-test,-2.71792007570554,28,two-sided,0.011143652346831049,[-0.56 -0.08],0.5180568497468249,4.157,0.7682494974189542
