,T,dof,alternative,p-val,CI95%,cohen-d,BF10,power
T-test,-1.5290091417085219,28,two-sided,0.1374820213565503,[-0.4   0.06],0.32177553638041445,0.559,0.38736797145093677
