,T,dof,alternative,p-val,CI95%,cohen-d,BF10,power
T-test,1.4119950146990787,27,two-sided,0.16937352311401233,[-0.09  0.49],0.20927811213614464,0.488,0.1875175379736536
