,T,dof,alternative,p-val,CI95%,cohen-d,BF10,power
T-test,-1.2445752493342042,27,two-sided,0.22398335452028417,[-0.36  0.09],0.25956642692469456,0.402,0.26319405710282573
