,T,dof,alternative,p-val,CI95%,cohen-d,BF10,power
T-test,-2.6625936627826223,27,two-sided,0.012906878816374862,[-0.58 -0.07],0.5197232249598853,3.717,0.7552942036841632
