,T,dof,alternative,p-val,CI95%,cohen-d,BF10,power
T-test,-2.5187904587008036,27,two-sided,0.018004855590772164,[-0.55 -0.06],0.4856276571111968,2.816,0.6976019450997825
