,p_val,t_low_bound,p_low_bound,df_low_bound,t_high_bound,p_high_bound,df_high_bound,mean_diff,cohen_dz_bounds,sd_diff,raw_diff,n_participants
0,0.05921988112908491,3.712859052063092,0.0002926212172356605,43.0,-1.5932038137702382,0.05921988112908491,43.0,0.020373376623376623,0.4,0.12751289879906863,0.051005159519627453,44
