,p_val,t_low_bound,p_low_bound,df_low_bound,t_high_bound,p_high_bound,df_high_bound,mean_diff,cohen_dz_bounds,sd_diff,raw_diff,n_participants
0,0.06719403575257601,4.3842857027435675,7.95467760706641e-05,27.0,-1.5433442654387746,0.06719403575257601,27.0,0.032015306122448975,0.56,0.11926263179569511,0.06678707380558926,28
