,p_val,t_low_bound,p_low_bound,df_low_bound,t_high_bound,p_high_bound,df_high_bound,mean_diff,cohen_dz_bounds,sd_diff,raw_diff,n_participants
0,0.33253412055800424,3.873649262434343,0.00029452340463816134,28.0,-0.4375512254232562,0.33253412055800424,28.0,0.03953201970443349,0.4,0.12391173882363597,0.04956469552945439,29
