,p_val,t_low_bound,p_low_bound,df_low_bound,t_high_bound,p_high_bound,df_high_bound,mean_diff,cohen_dz_bounds,sd_diff,raw_diff,n_participants
0,0.10243019577168203,4.7341509727123725,2.8681295831037593e-05,28.0,-1.2980529357012853,0.10243019577168203,28.0,0.03953201970443349,0.56,0.12391173882363597,0.06939057374123615,29
