,p_val,t_low_bound,p_low_bound,df_low_bound,t_high_bound,p_high_bound,df_high_bound,mean_diff,cohen_dz_bounds,sd_diff,raw_diff,n_participants
0,0.008083292768234699,5.01636939483287,4.567129152941806e-06,44.0,-2.501348148724377,0.008083292768234699,44.0,0.024087301587301584,0.56,0.12849396917123654,0.07195662273589247,45
