27.2760 	EXP 	Created window1 = Window(allowGUI=True, allowStencil=False, autoLog=True, backendConf=UNKNOWN, backgroundFit=<method-wrapper '__getattribute__' of attributeSetter object at 0x000001E573E8DCA0>, backgroundImage=<method-wrapper '__getattribute__' of attributeSetter object at 0x000001E573E8DC40>, bitsMode=UNKNOWN, blendMode='avg', bpc=(8, 8, 8), color=array([0, 0, 0]), colorSpace='rgb', depthBits=8, fullscr=<method-wrapper '__getattribute__' of attributeSetter object at 0x000001E573E8DA60>, gamma=None, gammaErrorPolicy='raise', lms=UNKNOWN, monitor=<psychopy.monitors.calibTools.Monitor object at 0x000001E57ED5CEB0>, multiSample=False, name='window1', numSamples=2, pos=(0, 0), screen=0, size=array([1920, 1080]), stencilBits=0, stereo=False, title='PsychoPy', units='height', useFBO=True, useRetina=False, viewOri=0.0, viewPos=None, viewScale=None, waitBlanking=True, winType='pyglet')
27.2761 	EXP 	window1: mouseVisible = True
27.2761 	EXP 	window1: backgroundImage = ''
27.2761 	EXP 	window1: backgroundFit = 'none'
27.2769 	EXP 	window1: Attempting to measure frame rate of screen (0) ...
27.2769 	EXP 	window1: recordFrameIntervals = False
27.4425 	EXP 	window1: recordFrameIntervals = True
27.6259 	EXP 	Screen (0) actual frame rate measured at 60.00Hz
27.6260 	EXP 	window1: recordFrameIntervals = False
27.6260 	EXP 	window1: mouseVisible = True
27.7155 	EXP 	2024_RDpaindiscrimination_maintask: status = STARTED
27.7157 	EXP 	window1: mouseVisible = True
27.7500 	EXP 	Created text_5 = TextStim(__class__=<class 'psychopy.visual.text.TextStim'>, alignHoriz=method-wrapper(...), alignText='center', alignVert=method-wrapper(...), anchorHoriz='center', anchorVert='center', antialias=True, autoDraw=False, autoLog=True, bold=False, color=array([1., 1., 1.]), colorSpace='rgb', contrast=1.0, depth=0.0, draggable=False, flipHoriz=False, flipVert=False, font='Open Sans', fontFiles=[], height=0.05, italic=False, languageStyle='LTR', name='text_5', opacity=1.0, ori=0.0, pos=array([0., 0.]), rgb=UNKNOWN, text=str(...), units='height', win=Window(...), wrapWidth=1)
28.0169 	EXP 	window1: mouseVisible = True
28.0178 	EXP 	Created polygon = ShapeStim(__class__=<class 'psychopy.visual.shape.ShapeStim'>, anchor=('center', 'center'), autoDraw=False, autoLog=True, closeShape=True, color=method-wrapper(...), colorSpace='rgb', contrast=None, depth=-1.0, draggable=False, fillColor=array([ 1.    ,  0.5059, -1.    ]), fillColorSpace='rgb', fillRGB=array([ 1.    ,  0.5059, -1.    ]), interpolate=True, lineColor=array([ 1.    ,  0.5059, -1.    ]), lineColorSpace='rgb', lineRGB=array([ 1.    ,  0.5059, -1.    ]), lineWidth=1.0, name='polygon', opacity=1.0, ori=0.0, pos=array([0., 0.]), size=array([0.5, 0.5]), units='height', vertices=ndarray(...), win=Window(...), windingRule=None)
28.0178 	EXP 	window1: mouseVisible = True
28.0183 	EXP 	Created polygon_2 = Rect(__class__=<class 'psychopy.visual.rect.Rect'>, anchor=('center', 'center'), autoDraw=False, autoLog=True, closeShape=True, color=method-wrapper(...), colorSpace='rgb', contrast=None, depth=-2.0, draggable=False, fillColor=array([-1.  ,  0.38,  0.88]), fillColorSpace='rgb', fillRGB=array([-1.  ,  0.38,  0.88]), interpolate=True, lineColor=array([-1.  ,  0.38,  0.88]), lineColorSpace='rgb', lineRGB=array([-1.  ,  0.38,  0.88]), lineWidth=1.0, name='polygon_2', opacity=1.0, ori=0.0, pos=array([0., 0.]), size=array([0.5, 0.5]), units='height', vertices=ndarray(...), win=Window(...))
28.0184 	EXP 	window1: mouseVisible = True
28.0190 	EXP 	Created polygon_1_black = ShapeStim(__class__=<class 'psychopy.visual.shape.ShapeStim'>, anchor=('center', 'center'), autoDraw=False, autoLog=True, closeShape=True, color=method-wrapper(...), colorSpace='rgb', contrast=None, depth=-1.0, draggable=False, fillColor=array([-0.5, -0.5, -0.5]), fillColorSpace='rgb', fillRGB=array([-0.5, -0.5, -0.5]), interpolate=True, lineColor=array([-0.5, -0.5, -0.5]), lineColorSpace='rgb', lineRGB=array([-0.5, -0.5, -0.5]), lineWidth=1.0, name='polygon_1_black', opacity=1.0, ori=0.0, pos=array([ 0.   , -0.025]), size=array([0.4, 0.4]), units='height', vertices=ndarray(...), win=Window(...), windingRule=None)
28.0190 	EXP 	window1: mouseVisible = True
28.0195 	EXP 	Created polygon_2_black = Rect(__class__=<class 'psychopy.visual.rect.Rect'>, anchor=('center', 'center'), autoDraw=False, autoLog=True, closeShape=True, color=method-wrapper(...), colorSpace='rgb', contrast=None, depth=-2.0, draggable=False, fillColor=array([-0.5, -0.5, -0.5]), fillColorSpace='rgb', fillRGB=array([-0.5, -0.5, -0.5]), interpolate=True, lineColor=array([-0.5, -0.5, -0.5]), lineColorSpace='rgb', lineRGB=array([-0.5, -0.5, -0.5]), lineWidth=1.0, name='polygon_2_black', opacity=1.0, ori=0.0, pos=array([0., 0.]), size=array([0.4, 0.4]), units='height', vertices=ndarray(...), win=Window(...))
28.0478 	EXP 	window1: mouseVisible = True
28.0568 	EXP 	Created text_4 = TextStim(__class__=<class 'psychopy.visual.text.TextStim'>, alignHoriz=method-wrapper(...), alignText='center', alignVert=method-wrapper(...), anchorHoriz='center', anchorVert='center', antialias=True, autoDraw=False, autoLog=True, bold=False, color=array([1., 1., 1.]), colorSpace='rgb', contrast=1.0, depth=0.0, draggable=False, flipHoriz=False, flipVert=False, font='Open Sans', fontFiles=[], height=0.05, italic=False, languageStyle='LTR', name='text_4', opacity=1.0, ori=0.0, pos=array([0., 0.]), rgb=UNKNOWN, text=str(...), units='height', win=Window(...), wrapWidth=1)
28.0569 	EXP 	window1: mouseVisible = True
28.0628 	EXP 	Created text_7 = TextStim(__class__=<class 'psychopy.visual.text.TextStim'>, alignHoriz=method-wrapper(...), alignText='center', alignVert=method-wrapper(...), anchorHoriz='center', anchorVert='center', antialias=True, autoDraw=False, autoLog=True, bold=False, color=array([1., 1., 1.]), colorSpace='rgb', contrast=1.0, depth=0.0, draggable=False, flipHoriz=False, flipVert=False, font='Open Sans', fontFiles=[], height=0.05, italic=False, languageStyle='LTR', name='text_7', opacity=1.0, ori=0.0, pos=array([0., 0.]), rgb=UNKNOWN, text=str(...), units='height', win=Window(...), wrapWidth=1)
28.0629 	EXP 	window1: mouseVisible = True
28.0639 	EXP 	Created text_2 = TextStim(__class__=<class 'psychopy.visual.text.TextStim'>, alignHoriz=method-wrapper(...), alignText='center', alignVert=method-wrapper(...), anchorHoriz='center', anchorVert='center', antialias=True, autoDraw=False, autoLog=True, bold=False, color=array([1., 1., 1.]), colorSpace='rgb', contrast=1.0, depth=-1.0, draggable=False, flipHoriz=False, flipVert=False, font='Open Sans', fontFiles=[], height=0.02, italic=False, languageStyle='LTR', name='text_2', opacity=1.0, ori=0.0, pos=array([-0.7 , -0.45]), rgb=UNKNOWN, text='', units='height', win=Window(...), wrapWidth=1)
28.0639 	EXP 	window1: mouseVisible = True
28.0673 	EXP 	Created croix = TextStim(__class__=<class 'psychopy.visual.text.TextStim'>, alignHoriz=method-wrapper(...), alignText='center', alignVert=method-wrapper(...), anchorHoriz='center', anchorVert='center', antialias=True, autoDraw=False, autoLog=True, bold=False, color=array([1., 1., 1.]), colorSpace='rgb', contrast=1.0, depth=-2.0, draggable=False, flipHoriz=False, flipVert=False, font='Open Sans', fontFiles=[], height=0.2, italic=False, languageStyle='LTR', name='croix', opacity=1.0, ori=0.0, pos=array([0., 0.]), rgb=UNKNOWN, text='+', units='height', win=Window(...), wrapWidth=1)
28.0673 	EXP 	window1: mouseVisible = True
28.0679 	EXP 	Created thermode_locali = TextStim(__class__=<class 'psychopy.visual.text.TextStim'>, alignHoriz=method-wrapper(...), alignText='center', alignVert=method-wrapper(...), anchorHoriz='center', anchorVert='center', antialias=True, autoDraw=False, autoLog=True, bold=False, color=array([1., 1., 1.]), colorSpace='rgb', contrast=1.0, depth=-1.0, draggable=False, flipHoriz=False, flipVert=False, font='Open Sans', fontFiles=[], height=0.02, italic=False, languageStyle='LTR', name='thermode_locali', opacity=1.0, ori=0.0, pos=array([-0.7 , -0.45]), rgb=UNKNOWN, text='', units='height', win=Window(...), wrapWidth=1)
28.0679 	EXP 	window1: mouseVisible = False
28.0696 	EXP 	window1: mouseVisible = True
28.0699 	EXP 	window1: mouseVisible = True
28.0721 	ERROR 	RatingScale: custom marker has no draw() method
28.0722 	EXP 	window1: mouseVisible = True
28.0726 	EXP 	window1: mouseVisible = True
28.0784 	EXP 	Created ratingScale = RatingScale(__class__=type(...), acceptKeys=['return'], acceptPreText=UNKNOWN, acceptSize=UNKNOWN, acceptText=UNKNOWN, autoLog=True, choices=False, colorSpace='rgb', depth=0, disappear=False, flipVert=False, high=1000, kwargs=UNKNOWN, labels=[], leftKeys=['left'], lineColor=(255, 255, 255), low=0, marker=ShapeStim(...), markerColor=(255, 255, 255), markerExpansion=UNKNOWN, markerStart=0.5, maxTime=0.0, minTime=0.4, mouseOnly=False, name='ratingScale', noMouse=False, pos=[0.0, 0.0], precision=100, respKeys=[], rightKeys=['right'], scale=None, self=UNKNOWN, showAccept=False, showValue=False, singleClick=False, size=0.6, skipKeys=['tab'], stretch=2.0, textColor=(255, 255, 255), textFont='Helvetica Bold', textSize=0.144, tickHeight=1, tickMarks=100.0, win=Window(...))
28.0784 	EXP 	window1: mouseVisible = True
28.0874 	EXP 	Created main_text = TextStim(__class__=<class 'psychopy.visual.text.TextStim'>, alignHoriz=method-wrapper(...), alignText='center', alignVert=method-wrapper(...), anchorHoriz='center', anchorVert='center', antialias=True, autoDraw=False, autoLog=True, bold=False, color=array([1., 1., 1.]), colorSpace='rgb', contrast=1.0, depth=-2.0, draggable=False, flipHoriz=False, flipVert=False, font='Arial', fontFiles=[], height=0.07, italic=False, languageStyle='LTR', name='main_text', opacity=1.0, ori=0, pos=array([0. , 0.4]), rgb=UNKNOWN, text=str(...), units='height', win=Window(...), wrapWidth=1)
28.0875 	EXP 	window1: mouseVisible = True
28.0920 	EXP 	Created confirm_text = TextStim(__class__=<class 'psychopy.visual.text.TextStim'>, alignHoriz=method-wrapper(...), alignText='center', alignVert=method-wrapper(...), anchorHoriz='center', anchorVert='center', antialias=True, autoDraw=False, autoLog=True, bold=False, color=array([1., 1., 1.]), colorSpace='rgb', contrast=1.0, depth=-3.0, draggable=False, flipHoriz=False, flipVert=False, font='Arial', fontFiles=[], height=0.05, italic=False, languageStyle='LTR', name='confirm_text', opacity=1.0, ori=0, pos=array([ 0. , -0.2]), rgb=UNKNOWN, text='Appuyer sur le bouton du haut pour poursuivre.', units='height', win=Window(...), wrapWidth=1)
28.0921 	EXP 	window1: mouseVisible = True
28.0989 	EXP 	Created text = TextStim(__class__=<class 'psychopy.visual.text.TextStim'>, alignHoriz=method-wrapper(...), alignText='center', alignVert=method-wrapper(...), anchorHoriz='center', anchorVert='center', antialias=True, autoDraw=False, autoLog=True, bold=False, color=array([1., 1., 1.]), colorSpace='rgb', contrast=1.0, depth=0.0, draggable=False, flipHoriz=False, flipVert=False, font='Open Sans', fontFiles=[], height=0.05, italic=False, languageStyle='LTR', name='text', opacity=1.0, ori=0.0, pos=array([0., 0.]), rgb=UNKNOWN, text=str(...), units='height', win=Window(...), wrapWidth=1)
28.0990 	EXP 	window1: mouseVisible = True
28.1029 	EXP 	Created text_7 = TextStim(__class__=<class 'psychopy.visual.text.TextStim'>, alignHoriz=method-wrapper(...), alignText='center', alignVert=method-wrapper(...), anchorHoriz='center', anchorVert='center', antialias=True, autoDraw=False, autoLog=True, bold=False, color=array([1., 1., 1.]), colorSpace='rgb', contrast=1.0, depth=0.0, draggable=False, flipHoriz=False, flipVert=False, font='Open Sans', fontFiles=[], height=0.05, italic=False, languageStyle='LTR', name='text_7', opacity=1.0, ori=0.0, pos=array([0., 0.]), rgb=UNKNOWN, text=str(...), units='height', win=Window(...), wrapWidth=1)
28.1030 	EXP 	window1: mouseVisible = True
28.1035 	EXP 	Created text_eva = TextStim(__class__=<class 'psychopy.visual.text.TextStim'>, alignHoriz=method-wrapper(...), alignText='center', alignVert=method-wrapper(...), anchorHoriz='center', anchorVert='center', antialias=True, autoDraw=False, autoLog=True, bold=False, color=array([1., 1., 1.]), colorSpace='rgb', contrast=1.0, depth=-1.0, draggable=False, flipHoriz=False, flipVert=False, font='Open Sans', fontFiles=[], height=0.02, italic=False, languageStyle='LTR', name='text_eva', opacity=1.0, ori=0.0, pos=array([-0.7 , -0.45]), rgb=UNKNOWN, text='', units='height', win=Window(...), wrapWidth=1)
28.1035 	EXP 	window1: mouseVisible = True
28.1055 	EXP 	Created croix_2 = TextStim(__class__=<class 'psychopy.visual.text.TextStim'>, alignHoriz=method-wrapper(...), alignText='center', alignVert=method-wrapper(...), anchorHoriz='center', anchorVert='center', antialias=True, autoDraw=False, autoLog=True, bold=False, color=array([1., 1., 1.]), colorSpace='rgb', contrast=1.0, depth=-2.0, draggable=False, flipHoriz=False, flipVert=False, font='Open Sans', fontFiles=[], height=0.2, italic=False, languageStyle='LTR', name='croix_2', opacity=1.0, ori=0.0, pos=array([0., 0.]), rgb=UNKNOWN, text='+', units='height', win=Window(...), wrapWidth=1)
28.1056 	EXP 	window1: mouseVisible = True
28.1060 	EXP 	Created thermode_locali_EVA = TextStim(__class__=<class 'psychopy.visual.text.TextStim'>, alignHoriz=method-wrapper(...), alignText='center', alignVert=method-wrapper(...), anchorHoriz='center', anchorVert='center', antialias=True, autoDraw=False, autoLog=True, bold=False, color=array([1., 1., 1.]), colorSpace='rgb', contrast=1.0, depth=-1.0, draggable=False, flipHoriz=False, flipVert=False, font='Open Sans', fontFiles=[], height=0.02, italic=False, languageStyle='LTR', name='thermode_locali_EVA', opacity=1.0, ori=0.0, pos=array([-0.7 , -0.45]), rgb=UNKNOWN, text='', units='height', win=Window(...), wrapWidth=1)
28.1061 	EXP 	window1: mouseVisible = False
28.1062 	EXP 	window1: mouseVisible = True
28.1064 	EXP 	window1: mouseVisible = True
28.1080 	ERROR 	RatingScale: custom marker has no draw() method
28.1080 	EXP 	window1: mouseVisible = True
28.1083 	EXP 	window1: mouseVisible = True
28.1120 	EXP 	Created ratingScale = RatingScale(__class__=type(...), acceptKeys=['return'], acceptPreText=UNKNOWN, acceptSize=UNKNOWN, acceptText=UNKNOWN, autoLog=True, choices=False, colorSpace='rgb', depth=0, disappear=False, flipVert=False, high=1000, kwargs=UNKNOWN, labels=[], leftKeys=['left'], lineColor=(255, 255, 255), low=0, marker=ShapeStim(...), markerColor=(255, 255, 255), markerExpansion=UNKNOWN, markerStart=0.5, maxTime=0.0, minTime=0.4, mouseOnly=False, name='ratingScale', noMouse=False, pos=[0.0, 0.0], precision=100, respKeys=[], rightKeys=['right'], scale=None, self=UNKNOWN, showAccept=False, showValue=False, singleClick=False, size=0.6, skipKeys=['tab'], stretch=2.0, textColor=(255, 255, 255), textFont='Helvetica Bold', textSize=0.144, tickHeight=1, tickMarks=100.0, win=Window(...))
28.1121 	EXP 	window1: mouseVisible = True
28.1173 	EXP 	Created main_text = TextStim(__class__=<class 'psychopy.visual.text.TextStim'>, alignHoriz=method-wrapper(...), alignText='center', alignVert=method-wrapper(...), anchorHoriz='center', anchorVert='center', antialias=True, autoDraw=False, autoLog=True, bold=False, color=array([1., 1., 1.]), colorSpace='rgb', contrast=1.0, depth=-2.0, draggable=False, flipHoriz=False, flipVert=False, font='Arial', fontFiles=[], height=0.07, italic=False, languageStyle='LTR', name='main_text', opacity=1.0, ori=0, pos=array([0. , 0.4]), rgb=UNKNOWN, text=str(...), units='height', win=Window(...), wrapWidth=1)
28.1174 	EXP 	window1: mouseVisible = True
28.1208 	EXP 	Created confirm_text = TextStim(__class__=<class 'psychopy.visual.text.TextStim'>, alignHoriz=method-wrapper(...), alignText='center', alignVert=method-wrapper(...), anchorHoriz='center', anchorVert='center', antialias=True, autoDraw=False, autoLog=True, bold=False, color=array([1., 1., 1.]), colorSpace='rgb', contrast=1.0, depth=-3.0, draggable=False, flipHoriz=False, flipVert=False, font='Arial', fontFiles=[], height=0.05, italic=False, languageStyle='LTR', name='confirm_text', opacity=1.0, ori=0, pos=array([ 0. , -0.2]), rgb=UNKNOWN, text='Appuyer sur le bouton du haut pour poursuivre.', units='height', win=Window(...), wrapWidth=1)
28.1208 	EXP 	window1: mouseVisible = True
28.1278 	EXP 	Created text_8 = TextStim(__class__=<class 'psychopy.visual.text.TextStim'>, alignHoriz=method-wrapper(...), alignText='center', alignVert=method-wrapper(...), anchorHoriz='center', anchorVert='center', antialias=True, autoDraw=False, autoLog=True, bold=False, color=array([1., 1., 1.]), colorSpace='rgb', contrast=1.0, depth=0.0, draggable=False, flipHoriz=False, flipVert=False, font='Open Sans', fontFiles=[], height=0.05, italic=False, languageStyle='LTR', name='text_8', opacity=1.0, ori=0.0, pos=array([0., 0.]), rgb=UNKNOWN, text=str(...), units='height', win=Window(...), wrapWidth=1)
28.1279 	EXP 	window1: mouseVisible = True
28.1284 	EXP 	Created text_pic = TextStim(__class__=<class 'psychopy.visual.text.TextStim'>, alignHoriz=method-wrapper(...), alignText='center', alignVert=method-wrapper(...), anchorHoriz='center', anchorVert='center', antialias=True, autoDraw=False, autoLog=True, bold=False, color=array([1., 1., 1.]), colorSpace='rgb', contrast=1.0, depth=-1.0, draggable=False, flipHoriz=False, flipVert=False, font='Open Sans', fontFiles=[], height=0.02, italic=False, languageStyle='LTR', name='text_pic', opacity=1.0, ori=0.0, pos=array([-0.7 , -0.45]), rgb=UNKNOWN, text='', units='height', win=Window(...), wrapWidth=1)
28.1284 	EXP 	window1: mouseVisible = True
28.1302 	EXP 	Created croix_3 = TextStim(__class__=<class 'psychopy.visual.text.TextStim'>, alignHoriz=method-wrapper(...), alignText='center', alignVert=method-wrapper(...), anchorHoriz='center', anchorVert='center', antialias=True, autoDraw=False, autoLog=True, bold=False, color=array([1., 1., 1.]), colorSpace='rgb', contrast=1.0, depth=-2.0, draggable=False, flipHoriz=False, flipVert=False, font='Open Sans', fontFiles=[], height=0.2, italic=False, languageStyle='LTR', name='croix_3', opacity=1.0, ori=0.0, pos=array([0., 0.]), rgb=UNKNOWN, text='+', units='height', win=Window(...), wrapWidth=1)
28.1303 	EXP 	window1: mouseVisible = True
28.1308 	EXP 	Created thermode_locali_pic = TextStim(__class__=<class 'psychopy.visual.text.TextStim'>, alignHoriz=method-wrapper(...), alignText='center', alignVert=method-wrapper(...), anchorHoriz='center', anchorVert='center', antialias=True, autoDraw=False, autoLog=True, bold=False, color=array([1., 1., 1.]), colorSpace='rgb', contrast=1.0, depth=-1.0, draggable=False, flipHoriz=False, flipVert=False, font='Open Sans', fontFiles=[], height=0.02, italic=False, languageStyle='LTR', name='thermode_locali_pic', opacity=1.0, ori=0.0, pos=array([-0.7 , -0.45]), rgb=UNKNOWN, text='', units='height', win=Window(...), wrapWidth=1)
28.1308 	EXP 	window1: mouseVisible = True
28.1315 	EXP 	Created responsel = TextStim(__class__=<class 'psychopy.visual.text.TextStim'>, alignHoriz=method-wrapper(...), alignText='center', alignVert=method-wrapper(...), anchorHoriz='center', anchorVert='center', antialias=True, autoDraw=False, autoLog=True, bold=False, color=array([1., 1., 1.]), colorSpace='rgb', contrast=1.0, depth=-3.0, draggable=False, flipHoriz=False, flipVert=False, font='Open Sans', fontFiles=[], height=0.08, italic=False, languageStyle='LTR', name='responsel', opacity=1.0, ori=0.0, pos=array([0., 0.]), rgb=UNKNOWN, text='', units='height', win=Window(...), wrapWidth=1)
28.1315 	EXP 	window1: mouseVisible = True
28.1354 	EXP 	Created percu_or = TextStim(__class__=<class 'psychopy.visual.text.TextStim'>, alignHoriz=method-wrapper(...), alignText='center', alignVert=method-wrapper(...), anchorHoriz='center', anchorVert='center', antialias=True, autoDraw=False, autoLog=True, bold=False, color=array([1., 1., 1.]), colorSpace='rgb', contrast=1.0, depth=-4.0, draggable=False, flipHoriz=False, flipVert=False, font='Open Sans', fontFiles=[], height=0.05, italic=False, languageStyle='LTR', name='percu_or', opacity=1.0, ori=0.0, pos=array([0. , 0.3]), rgb=UNKNOWN, text='Avez-vous perçu un changement?', units='height', win=Window(...), wrapWidth=1)
28.1354 	EXP 	window1: mouseVisible = True
28.1380 	EXP 	Created responser = TextStim(__class__=<class 'psychopy.visual.text.TextStim'>, alignHoriz=method-wrapper(...), alignText='center', alignVert=method-wrapper(...), anchorHoriz='center', anchorVert='center', antialias=True, autoDraw=False, autoLog=True, bold=False, color=array([1., 1., 1.]), colorSpace='rgb', contrast=1.0, depth=-5.0, draggable=False, flipHoriz=False, flipVert=False, font='Open Sans', fontFiles=[], height=0.08, italic=False, languageStyle='LTR', name='responser', opacity=1.0, ori=0.0, pos=array([0., 0.]), rgb=UNKNOWN, text='              NON', units='height', win=Window(...), wrapWidth=1)
28.1381 	EXP 	window1: mouseVisible = True
28.1385 	EXP 	Created text_3 = TextStim(__class__=<class 'psychopy.visual.text.TextStim'>, alignHoriz=method-wrapper(...), alignText='center', alignVert=method-wrapper(...), anchorHoriz='center', anchorVert='center', antialias=True, autoDraw=False, autoLog=True, bold=False, color=array([1., 1., 1.]), colorSpace='rgb', contrast=1.0, depth=-1.0, draggable=False, flipHoriz=False, flipVert=False, font='Open Sans', fontFiles=[], height=0.05, italic=False, languageStyle='LTR', name='text_3', opacity=1.0, ori=0.0, pos=array([0., 0.]), rgb=UNKNOWN, text='', units='height', win=Window(...), wrapWidth=1)
28.1386 	EXP 	window1: mouseVisible = True
28.1416 	EXP 	Created text_6 = TextStim(__class__=<class 'psychopy.visual.text.TextStim'>, alignHoriz=method-wrapper(...), alignText='center', alignVert=method-wrapper(...), anchorHoriz='center', anchorVert='center', antialias=True, autoDraw=False, autoLog=True, bold=False, color=array([1., 1., 1.]), colorSpace='rgb', contrast=1.0, depth=0.0, draggable=False, flipHoriz=False, flipVert=False, font='Open Sans', fontFiles=[], height=0.05, italic=False, languageStyle='LTR', name='text_6', opacity=1.0, ori=0.0, pos=array([0., 0.]), rgb=UNKNOWN, text='Merci pour votre participation', units='height', win=Window(...), wrapWidth=1)
0.0196 	EXP 	ratingScale: flipVert = False
0.0196 	EXP 	ratingScale: autoLog = True
0.0196 	EXP 	ratingScale: flipVert = False
0.0196 	EXP 	ratingScale: autoLog = True
0.0197 	EXP 	window1: mouseVisible = False
0.0341 	EXP 	text_5: autoDraw = True
260.1373 	EXP 	Created sequence: random, trialTypes=1, nReps=2, seed=None
260.1374 	EXP 	New trial (rep=0, index=0): None
260.1380 	DATA 	Keypress: p
260.1536 	EXP 	text_5: autoDraw = False
260.1536 	EXP 	text_4: autoDraw = True
265.2209 	DATA 	Keypress: p
265.2370 	EXP 	text_4: autoDraw = False
265.2370 	EXP 	text_7: autoDraw = True
266.7206 	EXP 	Created sequence: sequential, trialTypes=1, nReps=16, seed=None
266.7207 	EXP 	New trial (rep=0, index=0): None
266.7366 	DATA 	Keypress: p
266.7536 	EXP 	text_7: autoDraw = False
266.7536 	EXP 	text_2: autoDraw = True
266.7536 	EXP 	croix: autoDraw = True
271.7538 	EXP 	text_2: autoDraw = False
271.7538 	EXP 	croix: autoDraw = False
271.7538 	EXP 	thermode_locali: autoDraw = True
283.7210 	EXP 	window1: mouseVisible = True
283.7218 	EXP 	Created unnamed Rect = Rect(__class__=<class 'psychopy.visual.rect.Rect'>, anchor=('center', 'center'), autoDraw=False, autoLog=True, closeShape=True, color=method-wrapper(...), colorSpace='rgb', contrast=None, depth=0, draggable=False, fillColor=array([1, 1, 1]), fillColorSpace='rgb', fillRGB=array([1, 1, 1]), interpolate=True, lineColor=array([1., 1., 1.]), lineColorSpace='rgb', lineRGB=array([1, 1, 1]), lineWidth=1.5, name='unnamed Rect', opacity=1.0, ori=0.0, pos=array([0., 0.]), size=array([0.01, 0.1 ]), units='norm', vertices=ndarray(...), win=Window(...))
283.7219 	EXP 	window1: mouseVisible = True
283.7220 	EXP 	window1: mouseVisible = True
283.7225 	EXP 	window1: mouseVisible = True
283.7251 	EXP 	window1: mouseVisible = True
283.7279 	EXP 	window1: mouseVisible = True
283.7281 	EXP 	window1: mouseVisible = True
283.7283 	EXP 	window1: mouseVisible = True
283.7284 	EXP 	window1: mouseVisible = True
283.7285 	EXP 	window1: mouseVisible = True
283.7287 	EXP 	window1: mouseVisible = True
283.7288 	EXP 	window1: mouseVisible = True
283.7290 	EXP 	window1: mouseVisible = True
283.7292 	EXP 	window1: mouseVisible = True
283.7294 	EXP 	window1: mouseVisible = True
283.7295 	EXP 	window1: mouseVisible = True
283.7296 	EXP 	window1: mouseVisible = True
283.7298 	EXP 	window1: mouseVisible = True
283.7299 	EXP 	window1: mouseVisible = True
283.7301 	EXP 	window1: mouseVisible = True
283.7302 	EXP 	window1: mouseVisible = True
283.7303 	EXP 	window1: mouseVisible = True
283.7304 	EXP 	window1: mouseVisible = True
283.7306 	EXP 	window1: mouseVisible = True
283.7307 	EXP 	window1: mouseVisible = True
283.7308 	EXP 	window1: mouseVisible = True
283.7310 	EXP 	window1: mouseVisible = True
283.7311 	EXP 	window1: mouseVisible = True
283.7312 	EXP 	window1: mouseVisible = True
283.7314 	EXP 	window1: mouseVisible = True
283.7315 	EXP 	window1: mouseVisible = True
283.7316 	EXP 	window1: mouseVisible = True
283.7317 	EXP 	window1: mouseVisible = True
283.7319 	EXP 	window1: mouseVisible = True
283.7320 	EXP 	window1: mouseVisible = True
283.7321 	EXP 	window1: mouseVisible = True
283.7322 	EXP 	window1: mouseVisible = True
283.7324 	EXP 	window1: mouseVisible = True
283.7325 	EXP 	window1: mouseVisible = True
283.7326 	EXP 	window1: mouseVisible = True
283.7328 	EXP 	window1: mouseVisible = True
283.7329 	EXP 	window1: mouseVisible = True
283.7330 	EXP 	window1: mouseVisible = True
283.7331 	EXP 	window1: mouseVisible = True
283.7333 	EXP 	window1: mouseVisible = True
283.7335 	EXP 	window1: mouseVisible = True
283.7338 	EXP 	window1: mouseVisible = True
283.7340 	EXP 	window1: mouseVisible = True
283.7341 	EXP 	window1: mouseVisible = True
283.7343 	EXP 	window1: mouseVisible = True
283.7344 	EXP 	window1: mouseVisible = True
283.7346 	EXP 	window1: mouseVisible = True
283.7347 	EXP 	window1: mouseVisible = True
283.7348 	EXP 	window1: mouseVisible = True
283.7350 	EXP 	window1: mouseVisible = True
283.7351 	EXP 	window1: mouseVisible = True
283.7352 	EXP 	window1: mouseVisible = True
283.7353 	EXP 	window1: mouseVisible = True
283.7355 	EXP 	window1: mouseVisible = True
283.7356 	EXP 	window1: mouseVisible = True
283.7357 	EXP 	window1: mouseVisible = True
283.7358 	EXP 	window1: mouseVisible = True
283.7360 	EXP 	window1: mouseVisible = True
283.7361 	EXP 	window1: mouseVisible = True
283.7362 	EXP 	window1: mouseVisible = True
283.7364 	EXP 	window1: mouseVisible = True
283.7365 	EXP 	window1: mouseVisible = True
283.7366 	EXP 	window1: mouseVisible = True
283.7367 	EXP 	window1: mouseVisible = True
283.7369 	EXP 	window1: mouseVisible = True
283.7370 	EXP 	window1: mouseVisible = True
283.7371 	EXP 	window1: mouseVisible = True
283.7372 	EXP 	window1: mouseVisible = True
283.7374 	EXP 	window1: mouseVisible = True
283.7375 	EXP 	window1: mouseVisible = True
283.7376 	EXP 	window1: mouseVisible = True
283.7378 	EXP 	window1: mouseVisible = True
283.7379 	EXP 	window1: mouseVisible = True
283.7381 	EXP 	window1: mouseVisible = True
283.7382 	EXP 	window1: mouseVisible = True
283.7383 	EXP 	window1: mouseVisible = True
283.7384 	EXP 	window1: mouseVisible = True
283.7386 	EXP 	window1: mouseVisible = True
283.7387 	EXP 	window1: mouseVisible = True
283.7388 	EXP 	window1: mouseVisible = True
283.7389 	EXP 	window1: mouseVisible = True
283.7391 	EXP 	window1: mouseVisible = True
283.7392 	EXP 	window1: mouseVisible = True
283.7393 	EXP 	window1: mouseVisible = True
283.7394 	EXP 	window1: mouseVisible = True
283.7396 	EXP 	window1: mouseVisible = True
283.7397 	EXP 	window1: mouseVisible = True
283.7398 	EXP 	window1: mouseVisible = True
283.7399 	EXP 	window1: mouseVisible = True
283.7401 	EXP 	window1: mouseVisible = True
283.7402 	EXP 	window1: mouseVisible = True
283.7403 	EXP 	window1: mouseVisible = True
283.7405 	EXP 	window1: mouseVisible = True
283.7406 	EXP 	window1: mouseVisible = True
283.7407 	EXP 	window1: mouseVisible = True
283.7408 	EXP 	window1: mouseVisible = True
283.7410 	EXP 	window1: mouseVisible = True
283.7411 	EXP 	window1: mouseVisible = True
283.7412 	EXP 	window1: mouseVisible = True
283.7413 	EXP 	window1: mouseVisible = True
283.7456 	EXP 	Created ratingScale = RatingScale(__class__=type(...), acceptKeys=['return'], acceptPreText=UNKNOWN, acceptSize=UNKNOWN, acceptText=UNKNOWN, autoLog=True, choices=False, colorSpace='rgb', depth=0, disappear=False, flipVert=False, high=100, kwargs=UNKNOWN, labels=list(...), leftKeys=['left'], lineColor=(255, 255, 255), low=0, marker=Rect(...), markerColor=(255, 255, 255), markerExpansion=UNKNOWN, markerStart=0.5, maxTime=0.0, minTime=0.4, mouseOnly=False, name='ratingScale', noMouse=False, pos=[0.0, 0.0], precision=100, respKeys=[], rightKeys=['right'], scale=None, self=UNKNOWN, showAccept=False, showValue=False, singleClick=False, size=0.6, skipKeys=['tab'], stretch=2.0, textColor='white', textFont='Helvetica Bold', textSize=0.144, tickHeight=0, tickMarks=10.0, win=Window(...))
283.7457 	EXP 	RatingScale ratingScale: reset()
283.7476 	EXP 	window1: mouseVisible = False
283.7538 	EXP 	thermode_locali: autoDraw = False
283.7538 	EXP 	ratingScale: flipVert = False
283.7538 	EXP 	ratingScale: autoLog = True
283.7552 	EXP 	window1: mouseVisible = False
283.7718 	EXP 	window1: mouseVisible = False
283.7885 	EXP 	window1: mouseVisible = False
283.8052 	EXP 	window1: mouseVisible = False
283.8219 	EXP 	window1: mouseVisible = False
283.8386 	EXP 	window1: mouseVisible = False
283.8552 	EXP 	window1: mouseVisible = False
283.8719 	EXP 	window1: mouseVisible = False
283.8885 	EXP 	window1: mouseVisible = False
283.9052 	EXP 	window1: mouseVisible = False
283.9219 	EXP 	window1: mouseVisible = False
283.9385 	EXP 	window1: mouseVisible = False
283.9552 	EXP 	window1: mouseVisible = False
283.9719 	EXP 	window1: mouseVisible = False
283.9886 	EXP 	window1: mouseVisible = False
284.0052 	EXP 	window1: mouseVisible = False
284.0219 	EXP 	window1: mouseVisible = False
284.0386 	EXP 	window1: mouseVisible = False
284.0552 	EXP 	window1: mouseVisible = False
284.0718 	EXP 	window1: mouseVisible = False
284.0885 	EXP 	window1: mouseVisible = False
284.1052 	EXP 	window1: mouseVisible = False
284.1218 	EXP 	window1: mouseVisible = False
284.1385 	EXP 	window1: mouseVisible = False
284.1552 	EXP 	window1: mouseVisible = False
284.1719 	EXP 	window1: mouseVisible = False
284.1885 	EXP 	window1: mouseVisible = False
284.2052 	EXP 	window1: mouseVisible = False
284.2219 	EXP 	window1: mouseVisible = False
284.2386 	EXP 	window1: mouseVisible = False
284.2552 	EXP 	window1: mouseVisible = False
284.2718 	EXP 	window1: mouseVisible = False
284.2885 	EXP 	window1: mouseVisible = False
284.3052 	EXP 	window1: mouseVisible = False
284.3219 	EXP 	window1: mouseVisible = False
284.3386 	EXP 	window1: mouseVisible = False
284.3552 	EXP 	window1: mouseVisible = False
284.3719 	EXP 	window1: mouseVisible = False
284.3885 	EXP 	window1: mouseVisible = False
284.4052 	EXP 	window1: mouseVisible = False
284.4218 	EXP 	window1: mouseVisible = False
284.4386 	EXP 	window1: mouseVisible = False
284.4552 	EXP 	window1: mouseVisible = False
284.4719 	EXP 	window1: mouseVisible = False
284.4886 	EXP 	window1: mouseVisible = False
284.5053 	EXP 	window1: mouseVisible = False
284.5219 	EXP 	window1: mouseVisible = False
284.5386 	EXP 	window1: mouseVisible = False
284.5552 	EXP 	window1: mouseVisible = False
284.5719 	EXP 	window1: mouseVisible = False
284.5885 	EXP 	window1: mouseVisible = False
284.6052 	EXP 	window1: mouseVisible = False
284.6219 	EXP 	window1: mouseVisible = False
284.6385 	EXP 	window1: mouseVisible = False
284.6552 	EXP 	window1: mouseVisible = False
284.6719 	EXP 	window1: mouseVisible = False
284.6885 	EXP 	window1: mouseVisible = False
284.7054 	EXP 	window1: mouseVisible = False
284.7219 	EXP 	window1: mouseVisible = False
284.7385 	EXP 	window1: mouseVisible = False
284.7552 	EXP 	window1: mouseVisible = False
284.7719 	EXP 	window1: mouseVisible = False
284.7885 	EXP 	window1: mouseVisible = False
284.8052 	EXP 	window1: mouseVisible = False
284.8219 	EXP 	window1: mouseVisible = False
284.8387 	EXP 	window1: mouseVisible = False
284.8553 	EXP 	window1: mouseVisible = False
284.8719 	EXP 	window1: mouseVisible = False
284.8885 	EXP 	window1: mouseVisible = False
284.9052 	EXP 	window1: mouseVisible = False
284.9219 	EXP 	window1: mouseVisible = False
284.9385 	EXP 	window1: mouseVisible = False
284.9564 	EXP 	window1: mouseVisible = False
284.9719 	EXP 	window1: mouseVisible = False
284.9886 	EXP 	window1: mouseVisible = False
285.0052 	EXP 	window1: mouseVisible = False
285.0219 	EXP 	window1: mouseVisible = False
285.0382 	DATA 	Keypress: n
285.0387 	EXP 	window1: mouseVisible = False
285.0553 	EXP 	window1: mouseVisible = False
285.0719 	EXP 	window1: mouseVisible = False
285.0885 	EXP 	window1: mouseVisible = False
285.1052 	EXP 	window1: mouseVisible = False
285.1219 	EXP 	window1: mouseVisible = False
285.1386 	EXP 	window1: mouseVisible = False
285.1553 	EXP 	window1: mouseVisible = False
285.1719 	EXP 	window1: mouseVisible = False
285.1885 	EXP 	window1: mouseVisible = False
285.2052 	EXP 	window1: mouseVisible = False
285.2219 	EXP 	window1: mouseVisible = False
285.2386 	EXP 	window1: mouseVisible = False
285.2552 	EXP 	window1: mouseVisible = False
285.2719 	EXP 	window1: mouseVisible = False
285.2885 	EXP 	window1: mouseVisible = False
285.3052 	EXP 	window1: mouseVisible = False
285.3244 	EXP 	window1: mouseVisible = False
285.3387 	EXP 	window1: mouseVisible = False
285.3553 	EXP 	window1: mouseVisible = False
285.3719 	EXP 	window1: mouseVisible = False
285.3887 	EXP 	window1: mouseVisible = False
285.4054 	EXP 	window1: mouseVisible = False
285.4220 	EXP 	window1: mouseVisible = False
285.4387 	EXP 	window1: mouseVisible = False
285.4553 	EXP 	window1: mouseVisible = False
285.4719 	EXP 	window1: mouseVisible = False
285.4886 	EXP 	window1: mouseVisible = False
285.5054 	EXP 	window1: mouseVisible = False
285.5219 	EXP 	window1: mouseVisible = False
285.5387 	EXP 	window1: mouseVisible = False
285.5553 	EXP 	window1: mouseVisible = False
285.5720 	EXP 	window1: mouseVisible = False
285.5886 	EXP 	window1: mouseVisible = False
285.6052 	EXP 	window1: mouseVisible = False
285.6220 	EXP 	window1: mouseVisible = False
285.6386 	EXP 	window1: mouseVisible = False
285.6553 	EXP 	window1: mouseVisible = False
285.6722 	EXP 	window1: mouseVisible = False
285.6888 	EXP 	window1: mouseVisible = False
285.7053 	EXP 	window1: mouseVisible = False
285.7220 	EXP 	window1: mouseVisible = False
285.7387 	EXP 	window1: mouseVisible = False
285.7554 	EXP 	window1: mouseVisible = False
285.7720 	EXP 	window1: mouseVisible = False
285.7886 	EXP 	window1: mouseVisible = False
285.8053 	EXP 	window1: mouseVisible = False
285.8219 	EXP 	window1: mouseVisible = False
285.8386 	EXP 	window1: mouseVisible = False
285.8551 	EXP 	window1: mouseVisible = False
285.8719 	EXP 	window1: mouseVisible = False
285.8886 	EXP 	window1: mouseVisible = False
285.9052 	EXP 	window1: mouseVisible = False
285.9219 	EXP 	window1: mouseVisible = False
285.9386 	EXP 	window1: mouseVisible = False
285.9551 	EXP 	window1: mouseVisible = False
285.9719 	EXP 	window1: mouseVisible = False
285.9886 	EXP 	window1: mouseVisible = False
286.0053 	EXP 	window1: mouseVisible = False
286.0219 	EXP 	window1: mouseVisible = False
286.0387 	EXP 	window1: mouseVisible = False
286.0554 	EXP 	window1: mouseVisible = False
286.0720 	EXP 	window1: mouseVisible = False
286.0886 	EXP 	window1: mouseVisible = False
286.1053 	EXP 	window1: mouseVisible = False
286.1220 	EXP 	window1: mouseVisible = False
286.1386 	EXP 	window1: mouseVisible = False
286.1553 	EXP 	window1: mouseVisible = False
286.1719 	EXP 	window1: mouseVisible = False
286.1886 	EXP 	window1: mouseVisible = False
286.2053 	EXP 	window1: mouseVisible = False
286.2220 	EXP 	window1: mouseVisible = False
286.2386 	EXP 	window1: mouseVisible = False
286.2552 	EXP 	window1: mouseVisible = False
286.2720 	EXP 	window1: mouseVisible = False
286.2889 	EXP 	window1: mouseVisible = False
286.3052 	EXP 	window1: mouseVisible = False
286.3220 	EXP 	window1: mouseVisible = False
286.3388 	EXP 	window1: mouseVisible = False
286.3553 	EXP 	window1: mouseVisible = False
286.3719 	EXP 	window1: mouseVisible = False
286.3886 	EXP 	window1: mouseVisible = False
286.4053 	EXP 	window1: mouseVisible = False
286.4219 	EXP 	window1: mouseVisible = False
286.4381 	DATA 	Keypress: n
286.4387 	EXP 	window1: mouseVisible = False
286.4553 	EXP 	window1: mouseVisible = False
286.4720 	EXP 	window1: mouseVisible = False
286.4886 	EXP 	window1: mouseVisible = False
286.5052 	EXP 	window1: mouseVisible = False
286.5220 	EXP 	window1: mouseVisible = False
286.5386 	EXP 	window1: mouseVisible = False
286.5552 	EXP 	window1: mouseVisible = False
286.5719 	EXP 	window1: mouseVisible = False
286.5886 	EXP 	window1: mouseVisible = False
286.6052 	EXP 	window1: mouseVisible = False
286.6220 	EXP 	window1: mouseVisible = False
286.6386 	EXP 	window1: mouseVisible = False
286.6553 	EXP 	window1: mouseVisible = False
286.6721 	EXP 	window1: mouseVisible = False
286.6886 	EXP 	window1: mouseVisible = False
286.7053 	EXP 	window1: mouseVisible = False
286.7220 	EXP 	window1: mouseVisible = False
286.7387 	EXP 	window1: mouseVisible = False
286.7554 	EXP 	window1: mouseVisible = False
286.7719 	EXP 	window1: mouseVisible = False
286.7885 	EXP 	window1: mouseVisible = False
286.8053 	EXP 	window1: mouseVisible = False
286.8220 	EXP 	window1: mouseVisible = False
286.8386 	EXP 	window1: mouseVisible = False
286.8553 	EXP 	window1: mouseVisible = False
286.8721 	EXP 	window1: mouseVisible = False
286.8886 	EXP 	window1: mouseVisible = False
286.9052 	EXP 	window1: mouseVisible = False
286.9219 	EXP 	window1: mouseVisible = False
286.9386 	EXP 	window1: mouseVisible = False
286.9552 	EXP 	window1: mouseVisible = False
286.9719 	EXP 	window1: mouseVisible = False
286.9886 	EXP 	window1: mouseVisible = False
287.0053 	EXP 	window1: mouseVisible = False
287.0219 	EXP 	window1: mouseVisible = False
287.0386 	EXP 	window1: mouseVisible = False
287.0553 	EXP 	window1: mouseVisible = False
287.0719 	EXP 	window1: mouseVisible = False
287.0886 	EXP 	window1: mouseVisible = False
287.1053 	EXP 	window1: mouseVisible = False
287.1219 	EXP 	window1: mouseVisible = False
287.1386 	EXP 	window1: mouseVisible = False
287.1553 	EXP 	window1: mouseVisible = False
287.1719 	EXP 	window1: mouseVisible = False
287.1886 	EXP 	window1: mouseVisible = False
287.2053 	EXP 	window1: mouseVisible = False
287.2219 	EXP 	window1: mouseVisible = False
287.2386 	EXP 	window1: mouseVisible = False
287.2553 	EXP 	window1: mouseVisible = False
287.2720 	EXP 	window1: mouseVisible = False
287.2888 	EXP 	window1: mouseVisible = False
287.3052 	EXP 	window1: mouseVisible = False
287.3219 	EXP 	window1: mouseVisible = False
287.3386 	EXP 	window1: mouseVisible = False
287.3553 	EXP 	window1: mouseVisible = False
287.3720 	EXP 	window1: mouseVisible = False
287.3886 	EXP 	window1: mouseVisible = False
287.4053 	EXP 	window1: mouseVisible = False
287.4217 	DATA 	Keypress: space
287.4223 	EXP 	window1: mouseVisible = False
287.5404 	EXP 	New trial (rep=1, index=0): None
287.5540 	EXP 	main_text: autoDraw = True
287.5540 	EXP 	confirm_text: autoDraw = True
287.5540 	EXP 	ratingScale: autoDraw = False
287.5540 	EXP 	main_text: autoDraw = False
287.5540 	EXP 	confirm_text: autoDraw = False
287.5540 	EXP 	text_2: autoDraw = True
287.5540 	EXP 	croix: autoDraw = True
292.5539 	EXP 	text_2: autoDraw = False
292.5539 	EXP 	croix: autoDraw = False
292.5539 	EXP 	text_2: autoDraw = False
292.5539 	EXP 	croix: autoDraw = False
292.5539 	EXP 	thermode_locali: autoDraw = True
304.5379 	EXP 	window1: mouseVisible = True
304.5387 	EXP 	Created unnamed Rect = Rect(__class__=<class 'psychopy.visual.rect.Rect'>, anchor=('center', 'center'), autoDraw=False, autoLog=True, closeShape=True, color=method-wrapper(...), colorSpace='rgb', contrast=None, depth=0, draggable=False, fillColor=array([1, 1, 1]), fillColorSpace='rgb', fillRGB=array([1, 1, 1]), interpolate=True, lineColor=array([1., 1., 1.]), lineColorSpace='rgb', lineRGB=array([1, 1, 1]), lineWidth=1.5, name='unnamed Rect', opacity=1.0, ori=0.0, pos=array([0., 0.]), size=array([0.01, 0.1 ]), units='norm', vertices=ndarray(...), win=Window(...))
304.5388 	EXP 	window1: mouseVisible = True
304.5389 	EXP 	window1: mouseVisible = True
304.5396 	EXP 	window1: mouseVisible = True
304.5410 	EXP 	window1: mouseVisible = True
304.5421 	EXP 	window1: mouseVisible = True
304.5423 	EXP 	window1: mouseVisible = True
304.5424 	EXP 	window1: mouseVisible = True
304.5426 	EXP 	window1: mouseVisible = True
304.5427 	EXP 	window1: mouseVisible = True
304.5429 	EXP 	window1: mouseVisible = True
304.5430 	EXP 	window1: mouseVisible = True
304.5431 	EXP 	window1: mouseVisible = True
304.5432 	EXP 	window1: mouseVisible = True
304.5434 	EXP 	window1: mouseVisible = True
304.5435 	EXP 	window1: mouseVisible = True
304.5436 	EXP 	window1: mouseVisible = True
304.5438 	EXP 	window1: mouseVisible = True
304.5439 	EXP 	window1: mouseVisible = True
304.5440 	EXP 	window1: mouseVisible = True
304.5441 	EXP 	window1: mouseVisible = True
304.5443 	EXP 	window1: mouseVisible = True
304.5444 	EXP 	window1: mouseVisible = True
304.5445 	EXP 	window1: mouseVisible = True
304.5447 	EXP 	window1: mouseVisible = True
304.5448 	EXP 	window1: mouseVisible = True
304.5450 	EXP 	window1: mouseVisible = True
304.5451 	EXP 	window1: mouseVisible = True
304.5453 	EXP 	window1: mouseVisible = True
304.5454 	EXP 	window1: mouseVisible = True
304.5455 	EXP 	window1: mouseVisible = True
304.5457 	EXP 	window1: mouseVisible = True
304.5458 	EXP 	window1: mouseVisible = True
304.5459 	EXP 	window1: mouseVisible = True
304.5461 	EXP 	window1: mouseVisible = True
304.5462 	EXP 	window1: mouseVisible = True
304.5463 	EXP 	window1: mouseVisible = True
304.5465 	EXP 	window1: mouseVisible = True
304.5466 	EXP 	window1: mouseVisible = True
304.5467 	EXP 	window1: mouseVisible = True
304.5469 	EXP 	window1: mouseVisible = True
304.5470 	EXP 	window1: mouseVisible = True
304.5471 	EXP 	window1: mouseVisible = True
304.5473 	EXP 	window1: mouseVisible = True
304.5474 	EXP 	window1: mouseVisible = True
304.5475 	EXP 	window1: mouseVisible = True
304.5476 	EXP 	window1: mouseVisible = True
304.5478 	EXP 	window1: mouseVisible = True
304.5479 	EXP 	window1: mouseVisible = True
304.5480 	EXP 	window1: mouseVisible = True
304.5482 	EXP 	window1: mouseVisible = True
304.5483 	EXP 	window1: mouseVisible = True
304.5484 	EXP 	window1: mouseVisible = True
304.5486 	EXP 	window1: mouseVisible = True
304.5487 	EXP 	window1: mouseVisible = True
304.5489 	EXP 	window1: mouseVisible = True
304.5490 	EXP 	window1: mouseVisible = True
304.5492 	EXP 	window1: mouseVisible = True
304.5494 	EXP 	window1: mouseVisible = True
304.5495 	EXP 	window1: mouseVisible = True
304.5496 	EXP 	window1: mouseVisible = True
304.5498 	EXP 	window1: mouseVisible = True
304.5499 	EXP 	window1: mouseVisible = True
304.5500 	EXP 	window1: mouseVisible = True
304.5502 	EXP 	window1: mouseVisible = True
304.5503 	EXP 	window1: mouseVisible = True
304.5504 	EXP 	window1: mouseVisible = True
304.5506 	EXP 	window1: mouseVisible = True
304.5507 	EXP 	window1: mouseVisible = True
304.5508 	EXP 	window1: mouseVisible = True
304.5510 	EXP 	window1: mouseVisible = True
304.5511 	EXP 	window1: mouseVisible = True
304.5512 	EXP 	window1: mouseVisible = True
304.5513 	EXP 	window1: mouseVisible = True
304.5515 	EXP 	window1: mouseVisible = True
304.5516 	EXP 	window1: mouseVisible = True
304.5517 	EXP 	window1: mouseVisible = True
304.5519 	EXP 	window1: mouseVisible = True
304.5520 	EXP 	window1: mouseVisible = True
304.5521 	EXP 	window1: mouseVisible = True
304.5522 	EXP 	window1: mouseVisible = True
304.5524 	EXP 	window1: mouseVisible = True
304.5525 	EXP 	window1: mouseVisible = True
304.5526 	EXP 	window1: mouseVisible = True
304.5528 	EXP 	window1: mouseVisible = True
304.5529 	EXP 	window1: mouseVisible = True
304.5530 	EXP 	window1: mouseVisible = True
304.5532 	EXP 	window1: mouseVisible = True
304.5533 	EXP 	window1: mouseVisible = True
304.5534 	EXP 	window1: mouseVisible = True
304.5536 	EXP 	window1: mouseVisible = True
304.5537 	EXP 	window1: mouseVisible = True
304.5538 	EXP 	window1: mouseVisible = True
304.5540 	EXP 	window1: mouseVisible = True
304.5541 	EXP 	window1: mouseVisible = True
304.5542 	EXP 	window1: mouseVisible = True
304.5543 	EXP 	window1: mouseVisible = True
304.5545 	EXP 	window1: mouseVisible = True
304.5546 	EXP 	window1: mouseVisible = True
304.5547 	EXP 	window1: mouseVisible = True
304.5549 	EXP 	window1: mouseVisible = True
304.5550 	EXP 	window1: mouseVisible = True
304.5551 	EXP 	window1: mouseVisible = True
304.5553 	EXP 	window1: mouseVisible = True
304.5554 	EXP 	window1: mouseVisible = True
304.5575 	EXP 	Created ratingScale = RatingScale(__class__=type(...), acceptKeys=['return'], acceptPreText=UNKNOWN, acceptSize=UNKNOWN, acceptText=UNKNOWN, autoLog=True, choices=False, colorSpace='rgb', depth=0, disappear=False, flipVert=False, high=100, kwargs=UNKNOWN, labels=list(...), leftKeys=['left'], lineColor=(255, 255, 255), low=0, marker=Rect(...), markerColor=(255, 255, 255), markerExpansion=UNKNOWN, markerStart=0.5, maxTime=0.0, minTime=0.4, mouseOnly=False, name='ratingScale', noMouse=False, pos=[0.0, 0.0], precision=100, respKeys=[], rightKeys=['right'], scale=None, self=UNKNOWN, showAccept=False, showValue=False, singleClick=False, size=0.6, skipKeys=['tab'], stretch=2.0, textColor='white', textFont='Helvetica Bold', textSize=0.144, tickHeight=0, tickMarks=10.0, win=Window(...))
304.5575 	EXP 	RatingScale ratingScale: reset()
304.5596 	EXP 	window1: mouseVisible = False
304.5707 	EXP 	thermode_locali: autoDraw = False
304.5707 	EXP 	thermode_locali: autoDraw = False
304.5707 	EXP 	ratingScale: flipVert = False
304.5707 	EXP 	ratingScale: autoLog = True
304.5723 	EXP 	window1: mouseVisible = False
304.5889 	EXP 	window1: mouseVisible = False
304.6056 	EXP 	window1: mouseVisible = False
304.6222 	EXP 	window1: mouseVisible = False
304.6388 	EXP 	window1: mouseVisible = False
304.6555 	EXP 	window1: mouseVisible = False
304.6722 	EXP 	window1: mouseVisible = False
304.6888 	EXP 	window1: mouseVisible = False
304.7055 	EXP 	window1: mouseVisible = False
304.7222 	EXP 	window1: mouseVisible = False
304.7388 	EXP 	window1: mouseVisible = False
304.7555 	EXP 	window1: mouseVisible = False
304.7727 	EXP 	window1: mouseVisible = False
304.7889 	EXP 	window1: mouseVisible = False
304.8055 	EXP 	window1: mouseVisible = False
304.8221 	EXP 	window1: mouseVisible = False
304.8388 	EXP 	window1: mouseVisible = False
304.8555 	EXP 	window1: mouseVisible = False
304.8721 	EXP 	window1: mouseVisible = False
304.8888 	EXP 	window1: mouseVisible = False
304.9055 	EXP 	window1: mouseVisible = False
304.9221 	EXP 	window1: mouseVisible = False
304.9390 	EXP 	window1: mouseVisible = False
304.9556 	EXP 	window1: mouseVisible = False
304.9722 	EXP 	window1: mouseVisible = False
304.9893 	EXP 	window1: mouseVisible = False
305.0054 	EXP 	window1: mouseVisible = False
305.0222 	EXP 	window1: mouseVisible = False
305.0388 	EXP 	window1: mouseVisible = False
305.0554 	EXP 	window1: mouseVisible = False
305.0722 	EXP 	window1: mouseVisible = False
305.0907 	EXP 	window1: mouseVisible = False
305.1055 	EXP 	window1: mouseVisible = False
305.1223 	EXP 	window1: mouseVisible = False
305.1389 	EXP 	window1: mouseVisible = False
305.1555 	EXP 	window1: mouseVisible = False
305.1722 	EXP 	window1: mouseVisible = False
305.1888 	EXP 	window1: mouseVisible = False
305.2055 	EXP 	window1: mouseVisible = False
305.2221 	EXP 	window1: mouseVisible = False
305.2389 	EXP 	window1: mouseVisible = False
305.2555 	EXP 	window1: mouseVisible = False
305.2722 	EXP 	window1: mouseVisible = False
305.2888 	EXP 	window1: mouseVisible = False
305.3054 	EXP 	window1: mouseVisible = False
305.3221 	EXP 	window1: mouseVisible = False
305.3388 	EXP 	window1: mouseVisible = False
305.3555 	EXP 	window1: mouseVisible = False
305.3717 	DATA 	Keypress: n
305.3723 	EXP 	window1: mouseVisible = False
305.3889 	EXP 	window1: mouseVisible = False
305.4054 	EXP 	window1: mouseVisible = False
305.4222 	EXP 	window1: mouseVisible = False
305.4388 	EXP 	window1: mouseVisible = False
305.4555 	EXP 	window1: mouseVisible = False
305.4721 	EXP 	window1: mouseVisible = False
305.4889 	EXP 	window1: mouseVisible = False
305.5055 	EXP 	window1: mouseVisible = False
305.5221 	EXP 	window1: mouseVisible = False
305.5388 	EXP 	window1: mouseVisible = False
305.5555 	EXP 	window1: mouseVisible = False
305.5721 	EXP 	window1: mouseVisible = False
305.5888 	EXP 	window1: mouseVisible = False
305.6054 	EXP 	window1: mouseVisible = False
305.6221 	EXP 	window1: mouseVisible = False
305.6388 	EXP 	window1: mouseVisible = False
305.6555 	EXP 	window1: mouseVisible = False
305.6722 	EXP 	window1: mouseVisible = False
305.6888 	EXP 	window1: mouseVisible = False
305.7055 	EXP 	window1: mouseVisible = False
305.7222 	EXP 	window1: mouseVisible = False
305.7388 	EXP 	window1: mouseVisible = False
305.7555 	EXP 	window1: mouseVisible = False
305.7729 	EXP 	window1: mouseVisible = False
305.7889 	EXP 	window1: mouseVisible = False
305.8055 	EXP 	window1: mouseVisible = False
305.8222 	EXP 	window1: mouseVisible = False
305.8388 	EXP 	window1: mouseVisible = False
305.8555 	EXP 	window1: mouseVisible = False
305.8722 	EXP 	window1: mouseVisible = False
305.8888 	EXP 	window1: mouseVisible = False
305.9055 	EXP 	window1: mouseVisible = False
305.9221 	EXP 	window1: mouseVisible = False
305.9388 	EXP 	window1: mouseVisible = False
305.9555 	EXP 	window1: mouseVisible = False
305.9721 	EXP 	window1: mouseVisible = False
305.9890 	EXP 	window1: mouseVisible = False
306.0055 	EXP 	window1: mouseVisible = False
306.0222 	EXP 	window1: mouseVisible = False
306.0388 	EXP 	window1: mouseVisible = False
306.0555 	EXP 	window1: mouseVisible = False
306.0721 	EXP 	window1: mouseVisible = False
306.0889 	EXP 	window1: mouseVisible = False
306.1056 	EXP 	window1: mouseVisible = False
306.1222 	EXP 	window1: mouseVisible = False
306.1388 	EXP 	window1: mouseVisible = False
306.1555 	EXP 	window1: mouseVisible = False
306.1722 	EXP 	window1: mouseVisible = False
306.1889 	EXP 	window1: mouseVisible = False
306.2055 	EXP 	window1: mouseVisible = False
306.2223 	DATA 	Keypress: space
306.3221 	EXP 	New trial (rep=2, index=0): None
306.3375 	EXP 	main_text: autoDraw = True
306.3375 	EXP 	confirm_text: autoDraw = True
306.3375 	EXP 	ratingScale: autoDraw = False
306.3375 	EXP 	main_text: autoDraw = False
306.3375 	EXP 	confirm_text: autoDraw = False
306.3375 	EXP 	text_2: autoDraw = True
306.3375 	EXP 	croix: autoDraw = True
311.3375 	EXP 	text_2: autoDraw = False
311.3375 	EXP 	croix: autoDraw = False
311.3375 	EXP 	text_2: autoDraw = False
311.3375 	EXP 	croix: autoDraw = False
311.3375 	EXP 	thermode_locali: autoDraw = True
323.3214 	EXP 	window1: mouseVisible = True
323.3223 	EXP 	Created unnamed Rect = Rect(__class__=<class 'psychopy.visual.rect.Rect'>, anchor=('center', 'center'), autoDraw=False, autoLog=True, closeShape=True, color=method-wrapper(...), colorSpace='rgb', contrast=None, depth=0, draggable=False, fillColor=array([1, 1, 1]), fillColorSpace='rgb', fillRGB=array([1, 1, 1]), interpolate=True, lineColor=array([1., 1., 1.]), lineColorSpace='rgb', lineRGB=array([1, 1, 1]), lineWidth=1.5, name='unnamed Rect', opacity=1.0, ori=0.0, pos=array([0., 0.]), size=array([0.01, 0.1 ]), units='norm', vertices=ndarray(...), win=Window(...))
323.3224 	EXP 	window1: mouseVisible = True
323.3225 	EXP 	window1: mouseVisible = True
323.3230 	EXP 	window1: mouseVisible = True
323.3245 	EXP 	window1: mouseVisible = True
323.3256 	EXP 	window1: mouseVisible = True
323.3257 	EXP 	window1: mouseVisible = True
323.3259 	EXP 	window1: mouseVisible = True
323.3260 	EXP 	window1: mouseVisible = True
323.3262 	EXP 	window1: mouseVisible = True
323.3263 	EXP 	window1: mouseVisible = True
323.3265 	EXP 	window1: mouseVisible = True
323.3266 	EXP 	window1: mouseVisible = True
323.3267 	EXP 	window1: mouseVisible = True
323.3268 	EXP 	window1: mouseVisible = True
323.3270 	EXP 	window1: mouseVisible = True
323.3271 	EXP 	window1: mouseVisible = True
323.3272 	EXP 	window1: mouseVisible = True
323.3274 	EXP 	window1: mouseVisible = True
323.3275 	EXP 	window1: mouseVisible = True
323.3276 	EXP 	window1: mouseVisible = True
323.3277 	EXP 	window1: mouseVisible = True
323.3279 	EXP 	window1: mouseVisible = True
323.3280 	EXP 	window1: mouseVisible = True
323.3281 	EXP 	window1: mouseVisible = True
323.3283 	EXP 	window1: mouseVisible = True
323.3284 	EXP 	window1: mouseVisible = True
323.3285 	EXP 	window1: mouseVisible = True
323.3286 	EXP 	window1: mouseVisible = True
323.3288 	EXP 	window1: mouseVisible = True
323.3289 	EXP 	window1: mouseVisible = True
323.3290 	EXP 	window1: mouseVisible = True
323.3292 	EXP 	window1: mouseVisible = True
323.3293 	EXP 	window1: mouseVisible = True
323.3295 	EXP 	window1: mouseVisible = True
323.3296 	EXP 	window1: mouseVisible = True
323.3297 	EXP 	window1: mouseVisible = True
323.3299 	EXP 	window1: mouseVisible = True
323.3300 	EXP 	window1: mouseVisible = True
323.3301 	EXP 	window1: mouseVisible = True
323.3302 	EXP 	window1: mouseVisible = True
323.3304 	EXP 	window1: mouseVisible = True
323.3305 	EXP 	window1: mouseVisible = True
323.3306 	EXP 	window1: mouseVisible = True
323.3308 	EXP 	window1: mouseVisible = True
323.3309 	EXP 	window1: mouseVisible = True
323.3310 	EXP 	window1: mouseVisible = True
323.3311 	EXP 	window1: mouseVisible = True
323.3313 	EXP 	window1: mouseVisible = True
323.3314 	EXP 	window1: mouseVisible = True
323.3315 	EXP 	window1: mouseVisible = True
323.3316 	EXP 	window1: mouseVisible = True
323.3318 	EXP 	window1: mouseVisible = True
323.3319 	EXP 	window1: mouseVisible = True
323.3320 	EXP 	window1: mouseVisible = True
323.3321 	EXP 	window1: mouseVisible = True
323.3323 	EXP 	window1: mouseVisible = True
323.3324 	EXP 	window1: mouseVisible = True
323.3325 	EXP 	window1: mouseVisible = True
323.3327 	EXP 	window1: mouseVisible = True
323.3328 	EXP 	window1: mouseVisible = True
323.3331 	EXP 	window1: mouseVisible = True
323.3337 	EXP 	window1: mouseVisible = True
323.3341 	EXP 	window1: mouseVisible = True
323.3342 	EXP 	window1: mouseVisible = True
323.3343 	EXP 	window1: mouseVisible = True
323.3345 	EXP 	window1: mouseVisible = True
323.3346 	EXP 	window1: mouseVisible = True
323.3348 	EXP 	window1: mouseVisible = True
323.3349 	EXP 	window1: mouseVisible = True
323.3350 	EXP 	window1: mouseVisible = True
323.3352 	EXP 	window1: mouseVisible = True
323.3353 	EXP 	window1: mouseVisible = True
323.3354 	EXP 	window1: mouseVisible = True
323.3355 	EXP 	window1: mouseVisible = True
323.3357 	EXP 	window1: mouseVisible = True
323.3358 	EXP 	window1: mouseVisible = True
323.3359 	EXP 	window1: mouseVisible = True
323.3360 	EXP 	window1: mouseVisible = True
323.3362 	EXP 	window1: mouseVisible = True
323.3363 	EXP 	window1: mouseVisible = True
323.3364 	EXP 	window1: mouseVisible = True
323.3366 	EXP 	window1: mouseVisible = True
323.3367 	EXP 	window1: mouseVisible = True
323.3368 	EXP 	window1: mouseVisible = True
323.3369 	EXP 	window1: mouseVisible = True
323.3371 	EXP 	window1: mouseVisible = True
323.3372 	EXP 	window1: mouseVisible = True
323.3373 	EXP 	window1: mouseVisible = True
323.3375 	EXP 	window1: mouseVisible = True
323.3376 	EXP 	window1: mouseVisible = True
323.3377 	EXP 	window1: mouseVisible = True
323.3378 	EXP 	window1: mouseVisible = True
323.3380 	EXP 	window1: mouseVisible = True
323.3381 	EXP 	window1: mouseVisible = True
323.3383 	EXP 	window1: mouseVisible = True
323.3384 	EXP 	window1: mouseVisible = True
323.3385 	EXP 	window1: mouseVisible = True
323.3387 	EXP 	window1: mouseVisible = True
323.3388 	EXP 	window1: mouseVisible = True
323.3389 	EXP 	window1: mouseVisible = True
323.3390 	EXP 	window1: mouseVisible = True
323.3392 	EXP 	window1: mouseVisible = True
323.3393 	EXP 	window1: mouseVisible = True
323.3394 	EXP 	window1: mouseVisible = True
323.3415 	EXP 	Created ratingScale = RatingScale(__class__=type(...), acceptKeys=['return'], acceptPreText=UNKNOWN, acceptSize=UNKNOWN, acceptText=UNKNOWN, autoLog=True, choices=False, colorSpace='rgb', depth=0, disappear=False, flipVert=False, high=100, kwargs=UNKNOWN, labels=list(...), leftKeys=['left'], lineColor=(255, 255, 255), low=0, marker=Rect(...), markerColor=(255, 255, 255), markerExpansion=UNKNOWN, markerStart=0.5, maxTime=0.0, minTime=0.4, mouseOnly=False, name='ratingScale', noMouse=False, pos=[0.0, 0.0], precision=100, respKeys=[], rightKeys=['right'], scale=None, self=UNKNOWN, showAccept=False, showValue=False, singleClick=False, size=0.6, skipKeys=['tab'], stretch=2.0, textColor='white', textFont='Helvetica Bold', textSize=0.144, tickHeight=0, tickMarks=10.0, win=Window(...))
323.3416 	EXP 	RatingScale ratingScale: reset()
323.3435 	EXP 	window1: mouseVisible = False
323.3543 	EXP 	thermode_locali: autoDraw = False
323.3543 	EXP 	thermode_locali: autoDraw = False
323.3543 	EXP 	ratingScale: flipVert = False
323.3543 	EXP 	ratingScale: autoLog = True
323.3557 	EXP 	window1: mouseVisible = False
323.3723 	EXP 	window1: mouseVisible = False
323.3890 	EXP 	window1: mouseVisible = False
323.4057 	EXP 	window1: mouseVisible = False
323.4223 	EXP 	window1: mouseVisible = False
323.4391 	EXP 	window1: mouseVisible = False
323.4557 	EXP 	window1: mouseVisible = False
323.4723 	EXP 	window1: mouseVisible = False
323.4890 	EXP 	window1: mouseVisible = False
323.5057 	EXP 	window1: mouseVisible = False
323.5223 	EXP 	window1: mouseVisible = False
323.5390 	EXP 	window1: mouseVisible = False
323.5558 	EXP 	window1: mouseVisible = False
323.5723 	EXP 	window1: mouseVisible = False
323.5891 	EXP 	window1: mouseVisible = False
323.6057 	EXP 	window1: mouseVisible = False
323.6224 	EXP 	window1: mouseVisible = False
323.6390 	EXP 	window1: mouseVisible = False
323.6557 	EXP 	window1: mouseVisible = False
323.6724 	EXP 	window1: mouseVisible = False
323.6890 	EXP 	window1: mouseVisible = False
323.7057 	EXP 	window1: mouseVisible = False
323.7223 	EXP 	window1: mouseVisible = False
323.7390 	EXP 	window1: mouseVisible = False
323.7556 	EXP 	window1: mouseVisible = False
323.7725 	EXP 	window1: mouseVisible = False
323.7891 	EXP 	window1: mouseVisible = False
323.8057 	EXP 	window1: mouseVisible = False
323.8223 	EXP 	window1: mouseVisible = False
323.8390 	EXP 	window1: mouseVisible = False
323.8557 	EXP 	window1: mouseVisible = False
323.8723 	EXP 	window1: mouseVisible = False
323.8889 	EXP 	window1: mouseVisible = False
323.9056 	EXP 	window1: mouseVisible = False
323.9223 	EXP 	window1: mouseVisible = False
323.9389 	EXP 	window1: mouseVisible = False
323.9556 	EXP 	window1: mouseVisible = False
323.9723 	EXP 	window1: mouseVisible = False
323.9890 	EXP 	window1: mouseVisible = False
324.0057 	EXP 	window1: mouseVisible = False
324.0223 	EXP 	window1: mouseVisible = False
324.0389 	EXP 	window1: mouseVisible = False
324.0556 	EXP 	window1: mouseVisible = False
324.0723 	EXP 	window1: mouseVisible = False
324.0890 	EXP 	window1: mouseVisible = False
324.1056 	EXP 	window1: mouseVisible = False
324.1223 	EXP 	window1: mouseVisible = False
324.1390 	EXP 	window1: mouseVisible = False
324.1557 	EXP 	window1: mouseVisible = False
324.1723 	EXP 	window1: mouseVisible = False
324.1890 	EXP 	window1: mouseVisible = False
324.2058 	EXP 	window1: mouseVisible = False
324.2223 	EXP 	window1: mouseVisible = False
324.2389 	EXP 	window1: mouseVisible = False
324.2556 	EXP 	window1: mouseVisible = False
324.2724 	EXP 	window1: mouseVisible = False
324.2889 	EXP 	window1: mouseVisible = False
324.3058 	EXP 	window1: mouseVisible = False
324.3223 	EXP 	window1: mouseVisible = False
324.3390 	EXP 	window1: mouseVisible = False
324.3557 	EXP 	window1: mouseVisible = False
324.3723 	EXP 	window1: mouseVisible = False
324.3890 	EXP 	window1: mouseVisible = False
324.4057 	EXP 	window1: mouseVisible = False
324.4225 	EXP 	window1: mouseVisible = False
324.4390 	EXP 	window1: mouseVisible = False
324.4556 	EXP 	window1: mouseVisible = False
324.4720 	DATA 	Keypress: m
324.4725 	EXP 	window1: mouseVisible = False
324.4890 	EXP 	window1: mouseVisible = False
324.5057 	EXP 	window1: mouseVisible = False
324.5223 	EXP 	window1: mouseVisible = False
324.5390 	EXP 	window1: mouseVisible = False
324.5556 	EXP 	window1: mouseVisible = False
324.5724 	EXP 	window1: mouseVisible = False
324.5892 	EXP 	window1: mouseVisible = False
324.6057 	EXP 	window1: mouseVisible = False
324.6223 	EXP 	window1: mouseVisible = False
324.6391 	EXP 	window1: mouseVisible = False
324.6558 	EXP 	window1: mouseVisible = False
324.6724 	EXP 	window1: mouseVisible = False
324.6890 	EXP 	window1: mouseVisible = False
324.7057 	EXP 	window1: mouseVisible = False
324.7223 	EXP 	window1: mouseVisible = False
324.7390 	EXP 	window1: mouseVisible = False
324.7558 	EXP 	window1: mouseVisible = False
324.7723 	EXP 	window1: mouseVisible = False
324.7891 	EXP 	window1: mouseVisible = False
324.8057 	EXP 	window1: mouseVisible = False
324.8224 	EXP 	window1: mouseVisible = False
324.8390 	EXP 	window1: mouseVisible = False
324.8556 	EXP 	window1: mouseVisible = False
324.8723 	EXP 	window1: mouseVisible = False
324.8894 	EXP 	window1: mouseVisible = False
324.9057 	EXP 	window1: mouseVisible = False
324.9225 	EXP 	window1: mouseVisible = False
324.9391 	EXP 	window1: mouseVisible = False
324.9558 	EXP 	window1: mouseVisible = False
324.9724 	EXP 	window1: mouseVisible = False
324.9891 	EXP 	window1: mouseVisible = False
325.0057 	EXP 	window1: mouseVisible = False
325.0223 	EXP 	window1: mouseVisible = False
325.0390 	EXP 	window1: mouseVisible = False
325.0557 	EXP 	window1: mouseVisible = False
325.0723 	EXP 	window1: mouseVisible = False
325.0889 	EXP 	window1: mouseVisible = False
325.1057 	EXP 	window1: mouseVisible = False
325.1224 	EXP 	window1: mouseVisible = False
325.1394 	EXP 	window1: mouseVisible = False
325.1556 	EXP 	window1: mouseVisible = False
325.1724 	EXP 	window1: mouseVisible = False
325.1891 	EXP 	window1: mouseVisible = False
325.2057 	EXP 	window1: mouseVisible = False
325.2223 	EXP 	window1: mouseVisible = False
325.2391 	EXP 	window1: mouseVisible = False
325.2556 	EXP 	window1: mouseVisible = False
325.2724 	EXP 	window1: mouseVisible = False
325.2890 	EXP 	window1: mouseVisible = False
325.3057 	EXP 	window1: mouseVisible = False
325.3223 	EXP 	window1: mouseVisible = False
325.3390 	EXP 	window1: mouseVisible = False
325.3557 	EXP 	window1: mouseVisible = False
325.3723 	EXP 	window1: mouseVisible = False
325.3889 	EXP 	window1: mouseVisible = False
325.4058 	EXP 	window1: mouseVisible = False
325.4224 	EXP 	window1: mouseVisible = False
325.4390 	EXP 	window1: mouseVisible = False
325.4556 	EXP 	window1: mouseVisible = False
325.4720 	DATA 	Keypress: n
325.4725 	EXP 	window1: mouseVisible = False
325.4890 	EXP 	window1: mouseVisible = False
325.5057 	EXP 	window1: mouseVisible = False
325.5225 	EXP 	window1: mouseVisible = False
325.5390 	EXP 	window1: mouseVisible = False
325.5557 	EXP 	window1: mouseVisible = False
325.5724 	EXP 	window1: mouseVisible = False
325.5891 	EXP 	window1: mouseVisible = False
325.6058 	EXP 	window1: mouseVisible = False
325.6224 	EXP 	window1: mouseVisible = False
325.6390 	EXP 	window1: mouseVisible = False
325.6556 	EXP 	window1: mouseVisible = False
325.6724 	EXP 	window1: mouseVisible = False
325.6890 	EXP 	window1: mouseVisible = False
325.7057 	EXP 	window1: mouseVisible = False
325.7224 	EXP 	window1: mouseVisible = False
325.7391 	EXP 	window1: mouseVisible = False
325.7557 	EXP 	window1: mouseVisible = False
325.7723 	EXP 	window1: mouseVisible = False
325.7890 	EXP 	window1: mouseVisible = False
325.8057 	EXP 	window1: mouseVisible = False
325.8224 	EXP 	window1: mouseVisible = False
325.8391 	EXP 	window1: mouseVisible = False
325.8562 	EXP 	window1: mouseVisible = False
325.8725 	EXP 	window1: mouseVisible = False
325.8890 	EXP 	window1: mouseVisible = False
325.9057 	EXP 	window1: mouseVisible = False
325.9223 	EXP 	window1: mouseVisible = False
325.9388 	DATA 	Keypress: space
326.0412 	EXP 	New trial (rep=3, index=0): None
326.0543 	EXP 	main_text: autoDraw = True
326.0543 	EXP 	confirm_text: autoDraw = True
326.0543 	EXP 	ratingScale: autoDraw = False
326.0543 	EXP 	main_text: autoDraw = False
326.0543 	EXP 	confirm_text: autoDraw = False
326.0543 	EXP 	text_2: autoDraw = True
326.0543 	EXP 	croix: autoDraw = True
331.0544 	EXP 	text_2: autoDraw = False
331.0544 	EXP 	croix: autoDraw = False
331.0544 	EXP 	text_2: autoDraw = False
331.0544 	EXP 	croix: autoDraw = False
331.0544 	EXP 	thermode_locali: autoDraw = True
343.0383 	EXP 	window1: mouseVisible = True
343.0392 	EXP 	Created unnamed Rect = Rect(__class__=<class 'psychopy.visual.rect.Rect'>, anchor=('center', 'center'), autoDraw=False, autoLog=True, closeShape=True, color=method-wrapper(...), colorSpace='rgb', contrast=None, depth=0, draggable=False, fillColor=array([1, 1, 1]), fillColorSpace='rgb', fillRGB=array([1, 1, 1]), interpolate=True, lineColor=array([1., 1., 1.]), lineColorSpace='rgb', lineRGB=array([1, 1, 1]), lineWidth=1.5, name='unnamed Rect', opacity=1.0, ori=0.0, pos=array([0., 0.]), size=array([0.01, 0.1 ]), units='norm', vertices=ndarray(...), win=Window(...))
343.0393 	EXP 	window1: mouseVisible = True
343.0394 	EXP 	window1: mouseVisible = True
343.0401 	EXP 	window1: mouseVisible = True
343.0413 	EXP 	window1: mouseVisible = True
343.0423 	EXP 	window1: mouseVisible = True
343.0425 	EXP 	window1: mouseVisible = True
343.0427 	EXP 	window1: mouseVisible = True
343.0428 	EXP 	window1: mouseVisible = True
343.0430 	EXP 	window1: mouseVisible = True
343.0432 	EXP 	window1: mouseVisible = True
343.0433 	EXP 	window1: mouseVisible = True
343.0434 	EXP 	window1: mouseVisible = True
343.0436 	EXP 	window1: mouseVisible = True
343.0437 	EXP 	window1: mouseVisible = True
343.0438 	EXP 	window1: mouseVisible = True
343.0440 	EXP 	window1: mouseVisible = True
343.0441 	EXP 	window1: mouseVisible = True
343.0442 	EXP 	window1: mouseVisible = True
343.0443 	EXP 	window1: mouseVisible = True
343.0445 	EXP 	window1: mouseVisible = True
343.0446 	EXP 	window1: mouseVisible = True
343.0447 	EXP 	window1: mouseVisible = True
343.0449 	EXP 	window1: mouseVisible = True
343.0450 	EXP 	window1: mouseVisible = True
343.0451 	EXP 	window1: mouseVisible = True
343.0452 	EXP 	window1: mouseVisible = True
343.0454 	EXP 	window1: mouseVisible = True
343.0455 	EXP 	window1: mouseVisible = True
343.0456 	EXP 	window1: mouseVisible = True
343.0458 	EXP 	window1: mouseVisible = True
343.0459 	EXP 	window1: mouseVisible = True
343.0460 	EXP 	window1: mouseVisible = True
343.0461 	EXP 	window1: mouseVisible = True
343.0463 	EXP 	window1: mouseVisible = True
343.0464 	EXP 	window1: mouseVisible = True
343.0465 	EXP 	window1: mouseVisible = True
343.0466 	EXP 	window1: mouseVisible = True
343.0468 	EXP 	window1: mouseVisible = True
343.0469 	EXP 	window1: mouseVisible = True
343.0471 	EXP 	window1: mouseVisible = True
343.0472 	EXP 	window1: mouseVisible = True
343.0473 	EXP 	window1: mouseVisible = True
343.0475 	EXP 	window1: mouseVisible = True
343.0476 	EXP 	window1: mouseVisible = True
343.0478 	EXP 	window1: mouseVisible = True
343.0479 	EXP 	window1: mouseVisible = True
343.0480 	EXP 	window1: mouseVisible = True
343.0481 	EXP 	window1: mouseVisible = True
343.0483 	EXP 	window1: mouseVisible = True
343.0484 	EXP 	window1: mouseVisible = True
343.0485 	EXP 	window1: mouseVisible = True
343.0486 	EXP 	window1: mouseVisible = True
343.0488 	EXP 	window1: mouseVisible = True
343.0489 	EXP 	window1: mouseVisible = True
343.0490 	EXP 	window1: mouseVisible = True
343.0492 	EXP 	window1: mouseVisible = True
343.0493 	EXP 	window1: mouseVisible = True
343.0494 	EXP 	window1: mouseVisible = True
343.0495 	EXP 	window1: mouseVisible = True
343.0497 	EXP 	window1: mouseVisible = True
343.0498 	EXP 	window1: mouseVisible = True
343.0499 	EXP 	window1: mouseVisible = True
343.0500 	EXP 	window1: mouseVisible = True
343.0502 	EXP 	window1: mouseVisible = True
343.0503 	EXP 	window1: mouseVisible = True
343.0504 	EXP 	window1: mouseVisible = True
343.0505 	EXP 	window1: mouseVisible = True
343.0507 	EXP 	window1: mouseVisible = True
343.0508 	EXP 	window1: mouseVisible = True
343.0509 	EXP 	window1: mouseVisible = True
343.0511 	EXP 	window1: mouseVisible = True
343.0512 	EXP 	window1: mouseVisible = True
343.0513 	EXP 	window1: mouseVisible = True
343.0517 	EXP 	window1: mouseVisible = True
343.0519 	EXP 	window1: mouseVisible = True
343.0521 	EXP 	window1: mouseVisible = True
343.0522 	EXP 	window1: mouseVisible = True
343.0523 	EXP 	window1: mouseVisible = True
343.0525 	EXP 	window1: mouseVisible = True
343.0526 	EXP 	window1: mouseVisible = True
343.0527 	EXP 	window1: mouseVisible = True
343.0529 	EXP 	window1: mouseVisible = True
343.0530 	EXP 	window1: mouseVisible = True
343.0531 	EXP 	window1: mouseVisible = True
343.0533 	EXP 	window1: mouseVisible = True
343.0534 	EXP 	window1: mouseVisible = True
343.0535 	EXP 	window1: mouseVisible = True
343.0536 	EXP 	window1: mouseVisible = True
343.0538 	EXP 	window1: mouseVisible = True
343.0539 	EXP 	window1: mouseVisible = True
343.0541 	EXP 	window1: mouseVisible = True
343.0542 	EXP 	window1: mouseVisible = True
343.0543 	EXP 	window1: mouseVisible = True
343.0545 	EXP 	window1: mouseVisible = True
343.0546 	EXP 	window1: mouseVisible = True
343.0547 	EXP 	window1: mouseVisible = True
343.0549 	EXP 	window1: mouseVisible = True
343.0550 	EXP 	window1: mouseVisible = True
343.0551 	EXP 	window1: mouseVisible = True
343.0554 	EXP 	window1: mouseVisible = True
343.0556 	EXP 	window1: mouseVisible = True
343.0557 	EXP 	window1: mouseVisible = True
343.0559 	EXP 	window1: mouseVisible = True
343.0560 	EXP 	window1: mouseVisible = True
343.0581 	EXP 	Created ratingScale = RatingScale(__class__=type(...), acceptKeys=['return'], acceptPreText=UNKNOWN, acceptSize=UNKNOWN, acceptText=UNKNOWN, autoLog=True, choices=False, colorSpace='rgb', depth=0, disappear=False, flipVert=False, high=100, kwargs=UNKNOWN, labels=list(...), leftKeys=['left'], lineColor=(255, 255, 255), low=0, marker=Rect(...), markerColor=(255, 255, 255), markerExpansion=UNKNOWN, markerStart=0.5, maxTime=0.0, minTime=0.4, mouseOnly=False, name='ratingScale', noMouse=False, pos=[0.0, 0.0], precision=100, respKeys=[], rightKeys=['right'], scale=None, self=UNKNOWN, showAccept=False, showValue=False, singleClick=False, size=0.6, skipKeys=['tab'], stretch=2.0, textColor='white', textFont='Helvetica Bold', textSize=0.144, tickHeight=0, tickMarks=10.0, win=Window(...))
343.0582 	EXP 	RatingScale ratingScale: reset()
343.0601 	EXP 	window1: mouseVisible = False
343.0711 	EXP 	thermode_locali: autoDraw = False
343.0711 	EXP 	thermode_locali: autoDraw = False
343.0711 	EXP 	ratingScale: flipVert = False
343.0711 	EXP 	ratingScale: autoLog = True
343.0726 	EXP 	window1: mouseVisible = False
343.0892 	EXP 	window1: mouseVisible = False
343.1059 	EXP 	window1: mouseVisible = False
343.1226 	EXP 	window1: mouseVisible = False
343.1392 	EXP 	window1: mouseVisible = False
343.1561 	EXP 	window1: mouseVisible = False
343.1726 	EXP 	window1: mouseVisible = False
343.1893 	EXP 	window1: mouseVisible = False
343.2059 	EXP 	window1: mouseVisible = False
343.2226 	EXP 	window1: mouseVisible = False
343.2394 	EXP 	window1: mouseVisible = False
343.2559 	EXP 	window1: mouseVisible = False
343.2725 	EXP 	window1: mouseVisible = False
343.2892 	EXP 	window1: mouseVisible = False
343.3059 	EXP 	window1: mouseVisible = False
343.3225 	EXP 	window1: mouseVisible = False
343.3392 	EXP 	window1: mouseVisible = False
343.3562 	EXP 	window1: mouseVisible = False
343.3726 	EXP 	window1: mouseVisible = False
343.3892 	EXP 	window1: mouseVisible = False
343.4059 	EXP 	window1: mouseVisible = False
343.4226 	EXP 	window1: mouseVisible = False
343.4392 	EXP 	window1: mouseVisible = False
343.4559 	EXP 	window1: mouseVisible = False
343.4726 	EXP 	window1: mouseVisible = False
343.4892 	EXP 	window1: mouseVisible = False
343.5059 	EXP 	window1: mouseVisible = False
343.5226 	EXP 	window1: mouseVisible = False
343.5392 	EXP 	window1: mouseVisible = False
343.5562 	EXP 	window1: mouseVisible = False
343.5726 	EXP 	window1: mouseVisible = False
343.5910 	EXP 	window1: mouseVisible = False
343.6058 	EXP 	window1: mouseVisible = False
343.6225 	EXP 	window1: mouseVisible = False
343.6392 	EXP 	window1: mouseVisible = False
343.6563 	EXP 	window1: mouseVisible = False
343.6726 	EXP 	window1: mouseVisible = False
343.6892 	EXP 	window1: mouseVisible = False
343.7059 	EXP 	window1: mouseVisible = False
343.7226 	EXP 	window1: mouseVisible = False
343.7392 	EXP 	window1: mouseVisible = False
343.7559 	EXP 	window1: mouseVisible = False
343.7726 	EXP 	window1: mouseVisible = False
343.7892 	EXP 	window1: mouseVisible = False
343.8061 	EXP 	window1: mouseVisible = False
343.8228 	EXP 	window1: mouseVisible = False
343.8392 	EXP 	window1: mouseVisible = False
343.8559 	EXP 	window1: mouseVisible = False
343.8725 	EXP 	window1: mouseVisible = False
343.8895 	EXP 	window1: mouseVisible = False
343.9060 	EXP 	window1: mouseVisible = False
343.9225 	EXP 	window1: mouseVisible = False
343.9392 	EXP 	window1: mouseVisible = False
343.9559 	EXP 	window1: mouseVisible = False
343.9725 	EXP 	window1: mouseVisible = False
343.9892 	EXP 	window1: mouseVisible = False
344.0059 	EXP 	window1: mouseVisible = False
344.0227 	EXP 	window1: mouseVisible = False
344.0393 	EXP 	window1: mouseVisible = False
344.0558 	EXP 	window1: mouseVisible = False
344.0727 	EXP 	window1: mouseVisible = False
344.0892 	EXP 	window1: mouseVisible = False
344.1059 	EXP 	window1: mouseVisible = False
344.1226 	EXP 	window1: mouseVisible = False
344.1392 	EXP 	window1: mouseVisible = False
344.1555 	DATA 	Keypress: n
344.1561 	EXP 	window1: mouseVisible = False
344.1727 	EXP 	window1: mouseVisible = False
344.1893 	EXP 	window1: mouseVisible = False
344.2058 	EXP 	window1: mouseVisible = False
344.2226 	EXP 	window1: mouseVisible = False
344.2405 	EXP 	window1: mouseVisible = False
344.2560 	EXP 	window1: mouseVisible = False
344.2726 	EXP 	window1: mouseVisible = False
344.2894 	EXP 	window1: mouseVisible = False
344.3060 	EXP 	window1: mouseVisible = False
344.3226 	EXP 	window1: mouseVisible = False
344.3392 	EXP 	window1: mouseVisible = False
344.3559 	EXP 	window1: mouseVisible = False
344.3726 	EXP 	window1: mouseVisible = False
344.3892 	EXP 	window1: mouseVisible = False
344.4059 	EXP 	window1: mouseVisible = False
344.4227 	EXP 	window1: mouseVisible = False
344.4392 	EXP 	window1: mouseVisible = False
344.4559 	EXP 	window1: mouseVisible = False
344.4726 	EXP 	window1: mouseVisible = False
344.4892 	EXP 	window1: mouseVisible = False
344.5059 	EXP 	window1: mouseVisible = False
344.5226 	EXP 	window1: mouseVisible = False
344.5392 	EXP 	window1: mouseVisible = False
344.5558 	EXP 	window1: mouseVisible = False
344.5726 	EXP 	window1: mouseVisible = False
344.5907 	EXP 	window1: mouseVisible = False
344.6060 	EXP 	window1: mouseVisible = False
344.6228 	EXP 	window1: mouseVisible = False
344.6394 	EXP 	window1: mouseVisible = False
344.6561 	EXP 	window1: mouseVisible = False
344.6728 	EXP 	window1: mouseVisible = False
344.6898 	DATA 	Keypress: space
344.7900 	EXP 	New trial (rep=4, index=0): None
344.8045 	EXP 	main_text: autoDraw = True
344.8045 	EXP 	confirm_text: autoDraw = True
344.8045 	EXP 	ratingScale: autoDraw = False
344.8045 	EXP 	main_text: autoDraw = False
344.8045 	EXP 	confirm_text: autoDraw = False
344.8045 	EXP 	text_2: autoDraw = True
344.8045 	EXP 	croix: autoDraw = True
349.8046 	EXP 	text_2: autoDraw = False
349.8046 	EXP 	croix: autoDraw = False
349.8046 	EXP 	text_2: autoDraw = False
349.8046 	EXP 	croix: autoDraw = False
349.8046 	EXP 	thermode_locali: autoDraw = True
361.7885 	EXP 	window1: mouseVisible = True
361.7894 	EXP 	Created unnamed Rect = Rect(__class__=<class 'psychopy.visual.rect.Rect'>, anchor=('center', 'center'), autoDraw=False, autoLog=True, closeShape=True, color=method-wrapper(...), colorSpace='rgb', contrast=None, depth=0, draggable=False, fillColor=array([1, 1, 1]), fillColorSpace='rgb', fillRGB=array([1, 1, 1]), interpolate=True, lineColor=array([1., 1., 1.]), lineColorSpace='rgb', lineRGB=array([1, 1, 1]), lineWidth=1.5, name='unnamed Rect', opacity=1.0, ori=0.0, pos=array([0., 0.]), size=array([0.01, 0.1 ]), units='norm', vertices=ndarray(...), win=Window(...))
361.7895 	EXP 	window1: mouseVisible = True
361.7896 	EXP 	window1: mouseVisible = True
361.7901 	EXP 	window1: mouseVisible = True
361.7913 	EXP 	window1: mouseVisible = True
361.7925 	EXP 	window1: mouseVisible = True
361.7927 	EXP 	window1: mouseVisible = True
361.7928 	EXP 	window1: mouseVisible = True
361.7930 	EXP 	window1: mouseVisible = True
361.7931 	EXP 	window1: mouseVisible = True
361.7932 	EXP 	window1: mouseVisible = True
361.7934 	EXP 	window1: mouseVisible = True
361.7935 	EXP 	window1: mouseVisible = True
361.7936 	EXP 	window1: mouseVisible = True
361.7938 	EXP 	window1: mouseVisible = True
361.7939 	EXP 	window1: mouseVisible = True
361.7940 	EXP 	window1: mouseVisible = True
361.7942 	EXP 	window1: mouseVisible = True
361.7943 	EXP 	window1: mouseVisible = True
361.7944 	EXP 	window1: mouseVisible = True
361.7945 	EXP 	window1: mouseVisible = True
361.7947 	EXP 	window1: mouseVisible = True
361.7948 	EXP 	window1: mouseVisible = True
361.7949 	EXP 	window1: mouseVisible = True
361.7951 	EXP 	window1: mouseVisible = True
361.7952 	EXP 	window1: mouseVisible = True
361.7953 	EXP 	window1: mouseVisible = True
361.7954 	EXP 	window1: mouseVisible = True
361.7956 	EXP 	window1: mouseVisible = True
361.7957 	EXP 	window1: mouseVisible = True
361.7958 	EXP 	window1: mouseVisible = True
361.7959 	EXP 	window1: mouseVisible = True
361.7961 	EXP 	window1: mouseVisible = True
361.7962 	EXP 	window1: mouseVisible = True
361.7963 	EXP 	window1: mouseVisible = True
361.7964 	EXP 	window1: mouseVisible = True
361.7966 	EXP 	window1: mouseVisible = True
361.7967 	EXP 	window1: mouseVisible = True
361.7969 	EXP 	window1: mouseVisible = True
361.7970 	EXP 	window1: mouseVisible = True
361.7972 	EXP 	window1: mouseVisible = True
361.7973 	EXP 	window1: mouseVisible = True
361.7974 	EXP 	window1: mouseVisible = True
361.7976 	EXP 	window1: mouseVisible = True
361.7977 	EXP 	window1: mouseVisible = True
361.7978 	EXP 	window1: mouseVisible = True
361.7980 	EXP 	window1: mouseVisible = True
361.7981 	EXP 	window1: mouseVisible = True
361.7982 	EXP 	window1: mouseVisible = True
361.7983 	EXP 	window1: mouseVisible = True
361.7985 	EXP 	window1: mouseVisible = True
361.7986 	EXP 	window1: mouseVisible = True
361.7987 	EXP 	window1: mouseVisible = True
361.7988 	EXP 	window1: mouseVisible = True
361.7990 	EXP 	window1: mouseVisible = True
361.7991 	EXP 	window1: mouseVisible = True
361.7992 	EXP 	window1: mouseVisible = True
361.7993 	EXP 	window1: mouseVisible = True
361.7995 	EXP 	window1: mouseVisible = True
361.7996 	EXP 	window1: mouseVisible = True
361.7997 	EXP 	window1: mouseVisible = True
361.7999 	EXP 	window1: mouseVisible = True
361.8000 	EXP 	window1: mouseVisible = True
361.8001 	EXP 	window1: mouseVisible = True
361.8002 	EXP 	window1: mouseVisible = True
361.8005 	EXP 	window1: mouseVisible = True
361.8007 	EXP 	window1: mouseVisible = True
361.8009 	EXP 	window1: mouseVisible = True
361.8011 	EXP 	window1: mouseVisible = True
361.8013 	EXP 	window1: mouseVisible = True
361.8015 	EXP 	window1: mouseVisible = True
361.8017 	EXP 	window1: mouseVisible = True
361.8019 	EXP 	window1: mouseVisible = True
361.8020 	EXP 	window1: mouseVisible = True
361.8022 	EXP 	window1: mouseVisible = True
361.8024 	EXP 	window1: mouseVisible = True
361.8026 	EXP 	window1: mouseVisible = True
361.8028 	EXP 	window1: mouseVisible = True
361.8030 	EXP 	window1: mouseVisible = True
361.8031 	EXP 	window1: mouseVisible = True
361.8033 	EXP 	window1: mouseVisible = True
361.8035 	EXP 	window1: mouseVisible = True
361.8037 	EXP 	window1: mouseVisible = True
361.8039 	EXP 	window1: mouseVisible = True
361.8040 	EXP 	window1: mouseVisible = True
361.8042 	EXP 	window1: mouseVisible = True
361.8044 	EXP 	window1: mouseVisible = True
361.8045 	EXP 	window1: mouseVisible = True
361.8046 	EXP 	window1: mouseVisible = True
361.8047 	EXP 	window1: mouseVisible = True
361.8049 	EXP 	window1: mouseVisible = True
361.8050 	EXP 	window1: mouseVisible = True
361.8051 	EXP 	window1: mouseVisible = True
361.8053 	EXP 	window1: mouseVisible = True
361.8054 	EXP 	window1: mouseVisible = True
361.8055 	EXP 	window1: mouseVisible = True
361.8057 	EXP 	window1: mouseVisible = True
361.8058 	EXP 	window1: mouseVisible = True
361.8059 	EXP 	window1: mouseVisible = True
361.8061 	EXP 	window1: mouseVisible = True
361.8062 	EXP 	window1: mouseVisible = True
361.8063 	EXP 	window1: mouseVisible = True
361.8065 	EXP 	window1: mouseVisible = True
361.8066 	EXP 	window1: mouseVisible = True
361.8067 	EXP 	window1: mouseVisible = True
361.8088 	EXP 	Created ratingScale = RatingScale(__class__=type(...), acceptKeys=['return'], acceptPreText=UNKNOWN, acceptSize=UNKNOWN, acceptText=UNKNOWN, autoLog=True, choices=False, colorSpace='rgb', depth=0, disappear=False, flipVert=False, high=100, kwargs=UNKNOWN, labels=list(...), leftKeys=['left'], lineColor=(255, 255, 255), low=0, marker=Rect(...), markerColor=(255, 255, 255), markerExpansion=UNKNOWN, markerStart=0.5, maxTime=0.0, minTime=0.4, mouseOnly=False, name='ratingScale', noMouse=False, pos=[0.0, 0.0], precision=100, respKeys=[], rightKeys=['right'], scale=None, self=UNKNOWN, showAccept=False, showValue=False, singleClick=False, size=0.6, skipKeys=['tab'], stretch=2.0, textColor='white', textFont='Helvetica Bold', textSize=0.144, tickHeight=0, tickMarks=10.0, win=Window(...))
361.8089 	EXP 	RatingScale ratingScale: reset()
361.8109 	EXP 	window1: mouseVisible = False
361.8213 	EXP 	thermode_locali: autoDraw = False
361.8213 	EXP 	thermode_locali: autoDraw = False
361.8213 	EXP 	ratingScale: flipVert = False
361.8213 	EXP 	ratingScale: autoLog = True
361.8228 	EXP 	window1: mouseVisible = False
361.8394 	EXP 	window1: mouseVisible = False
361.8561 	EXP 	window1: mouseVisible = False
361.8727 	EXP 	window1: mouseVisible = False
361.8894 	EXP 	window1: mouseVisible = False
361.9060 	EXP 	window1: mouseVisible = False
361.9228 	EXP 	window1: mouseVisible = False
361.9394 	EXP 	window1: mouseVisible = False
361.9561 	EXP 	window1: mouseVisible = False
361.9727 	EXP 	window1: mouseVisible = False
361.9894 	EXP 	window1: mouseVisible = False
362.0060 	EXP 	window1: mouseVisible = False
362.0227 	EXP 	window1: mouseVisible = False
362.0396 	EXP 	window1: mouseVisible = False
362.0561 	EXP 	window1: mouseVisible = False
362.0729 	EXP 	window1: mouseVisible = False
362.0894 	EXP 	window1: mouseVisible = False
362.1061 	EXP 	window1: mouseVisible = False
362.1227 	EXP 	window1: mouseVisible = False
362.1396 	EXP 	window1: mouseVisible = False
362.1561 	EXP 	window1: mouseVisible = False
362.1731 	EXP 	window1: mouseVisible = False
362.1894 	EXP 	window1: mouseVisible = False
362.2061 	EXP 	window1: mouseVisible = False
362.2228 	EXP 	window1: mouseVisible = False
362.2393 	EXP 	window1: mouseVisible = False
362.2561 	EXP 	window1: mouseVisible = False
362.2728 	EXP 	window1: mouseVisible = False
362.2894 	EXP 	window1: mouseVisible = False
362.3060 	EXP 	window1: mouseVisible = False
362.3227 	EXP 	window1: mouseVisible = False
362.3394 	EXP 	window1: mouseVisible = False
362.3560 	EXP 	window1: mouseVisible = False
362.3730 	EXP 	window1: mouseVisible = False
362.3894 	EXP 	window1: mouseVisible = False
362.4061 	EXP 	window1: mouseVisible = False
362.4227 	EXP 	window1: mouseVisible = False
362.4394 	EXP 	window1: mouseVisible = False
362.4560 	EXP 	window1: mouseVisible = False
362.4729 	EXP 	window1: mouseVisible = False
362.4894 	EXP 	window1: mouseVisible = False
362.5060 	EXP 	window1: mouseVisible = False
362.5227 	EXP 	window1: mouseVisible = False
362.5392 	DATA 	Keypress: n
362.5397 	EXP 	window1: mouseVisible = False
362.5561 	EXP 	window1: mouseVisible = False
362.5729 	EXP 	window1: mouseVisible = False
362.5894 	EXP 	window1: mouseVisible = False
362.6061 	EXP 	window1: mouseVisible = False
362.6227 	EXP 	window1: mouseVisible = False
362.6395 	EXP 	window1: mouseVisible = False
362.6562 	EXP 	window1: mouseVisible = False
362.6731 	EXP 	window1: mouseVisible = False
362.6894 	EXP 	window1: mouseVisible = False
362.7060 	EXP 	window1: mouseVisible = False
362.7228 	EXP 	window1: mouseVisible = False
362.7394 	EXP 	window1: mouseVisible = False
362.7560 	EXP 	window1: mouseVisible = False
362.7728 	EXP 	window1: mouseVisible = False
362.7894 	EXP 	window1: mouseVisible = False
362.8060 	EXP 	window1: mouseVisible = False
362.8227 	EXP 	window1: mouseVisible = False
362.8394 	EXP 	window1: mouseVisible = False
362.8560 	EXP 	window1: mouseVisible = False
362.8727 	EXP 	window1: mouseVisible = False
362.8894 	EXP 	window1: mouseVisible = False
362.9061 	EXP 	window1: mouseVisible = False
362.9226 	EXP 	window1: mouseVisible = False
362.9395 	EXP 	window1: mouseVisible = False
362.9561 	EXP 	window1: mouseVisible = False
362.9727 	EXP 	window1: mouseVisible = False
362.9894 	EXP 	window1: mouseVisible = False
363.0061 	EXP 	window1: mouseVisible = False
363.0227 	EXP 	window1: mouseVisible = False
363.0395 	EXP 	window1: mouseVisible = False
363.0561 	EXP 	window1: mouseVisible = False
363.0730 	EXP 	window1: mouseVisible = False
363.0893 	EXP 	window1: mouseVisible = False
363.1061 	EXP 	window1: mouseVisible = False
363.1228 	EXP 	window1: mouseVisible = False
363.1396 	EXP 	window1: mouseVisible = False
363.1561 	EXP 	window1: mouseVisible = False
363.1730 	EXP 	window1: mouseVisible = False
363.1895 	EXP 	window1: mouseVisible = False
363.2061 	EXP 	window1: mouseVisible = False
363.2228 	EXP 	window1: mouseVisible = False
363.2394 	EXP 	window1: mouseVisible = False
363.2561 	EXP 	window1: mouseVisible = False
363.2727 	EXP 	window1: mouseVisible = False
363.2896 	EXP 	window1: mouseVisible = False
363.3061 	EXP 	window1: mouseVisible = False
363.3228 	EXP 	window1: mouseVisible = False
363.3394 	EXP 	window1: mouseVisible = False
363.3561 	EXP 	window1: mouseVisible = False
363.3730 	EXP 	window1: mouseVisible = False
363.3895 	EXP 	window1: mouseVisible = False
363.4063 	EXP 	window1: mouseVisible = False
363.4227 	EXP 	window1: mouseVisible = False
363.4395 	EXP 	window1: mouseVisible = False
363.4561 	EXP 	window1: mouseVisible = False
363.4728 	EXP 	window1: mouseVisible = False
363.4894 	EXP 	window1: mouseVisible = False
363.5061 	EXP 	window1: mouseVisible = False
363.5227 	EXP 	window1: mouseVisible = False
363.5394 	EXP 	window1: mouseVisible = False
363.5561 	EXP 	window1: mouseVisible = False
363.5730 	EXP 	window1: mouseVisible = False
363.5894 	EXP 	window1: mouseVisible = False
363.6061 	EXP 	window1: mouseVisible = False
363.6228 	EXP 	window1: mouseVisible = False
363.6394 	EXP 	window1: mouseVisible = False
363.6561 	EXP 	window1: mouseVisible = False
363.6730 	EXP 	window1: mouseVisible = False
363.6896 	EXP 	window1: mouseVisible = False
363.7061 	EXP 	window1: mouseVisible = False
363.7229 	EXP 	window1: mouseVisible = False
363.7396 	EXP 	window1: mouseVisible = False
363.7560 	EXP 	window1: mouseVisible = False
363.7728 	EXP 	window1: mouseVisible = False
363.7894 	EXP 	window1: mouseVisible = False
363.8061 	EXP 	window1: mouseVisible = False
363.8227 	EXP 	window1: mouseVisible = False
363.8395 	EXP 	window1: mouseVisible = False
363.8561 	EXP 	window1: mouseVisible = False
363.8730 	EXP 	window1: mouseVisible = False
363.8894 	EXP 	window1: mouseVisible = False
363.9062 	EXP 	window1: mouseVisible = False
363.9228 	EXP 	window1: mouseVisible = False
363.9395 	EXP 	window1: mouseVisible = False
363.9561 	EXP 	window1: mouseVisible = False
363.9729 	EXP 	window1: mouseVisible = False
363.9895 	EXP 	window1: mouseVisible = False
364.0062 	EXP 	window1: mouseVisible = False
364.0228 	EXP 	window1: mouseVisible = False
364.0394 	EXP 	window1: mouseVisible = False
364.0561 	EXP 	window1: mouseVisible = False
364.0730 	EXP 	window1: mouseVisible = False
364.0895 	EXP 	window1: mouseVisible = False
364.1061 	EXP 	window1: mouseVisible = False
364.1228 	EXP 	window1: mouseVisible = False
364.1395 	EXP 	window1: mouseVisible = False
364.1561 	EXP 	window1: mouseVisible = False
364.1728 	EXP 	window1: mouseVisible = False
364.1896 	EXP 	window1: mouseVisible = False
364.2062 	EXP 	window1: mouseVisible = False
364.2227 	EXP 	window1: mouseVisible = False
364.2395 	EXP 	window1: mouseVisible = False
364.2561 	EXP 	window1: mouseVisible = False
364.2728 	EXP 	window1: mouseVisible = False
364.2897 	EXP 	window1: mouseVisible = False
364.3061 	EXP 	window1: mouseVisible = False
364.3228 	EXP 	window1: mouseVisible = False
364.3395 	EXP 	window1: mouseVisible = False
364.3561 	EXP 	window1: mouseVisible = False
364.3728 	EXP 	window1: mouseVisible = False
364.3896 	EXP 	window1: mouseVisible = False
364.4061 	EXP 	window1: mouseVisible = False
364.4230 	EXP 	window1: mouseVisible = False
364.4396 	EXP 	window1: mouseVisible = False
364.4562 	EXP 	window1: mouseVisible = False
364.4727 	EXP 	window1: mouseVisible = False
364.4894 	EXP 	window1: mouseVisible = False
364.5061 	EXP 	window1: mouseVisible = False
364.5228 	EXP 	window1: mouseVisible = False
364.5396 	EXP 	window1: mouseVisible = False
364.5561 	EXP 	window1: mouseVisible = False
364.5728 	EXP 	window1: mouseVisible = False
364.5894 	EXP 	window1: mouseVisible = False
364.6061 	EXP 	window1: mouseVisible = False
364.6228 	EXP 	window1: mouseVisible = False
364.6396 	EXP 	window1: mouseVisible = False
364.6562 	EXP 	window1: mouseVisible = False
364.6733 	DATA 	Keypress: space
364.7736 	EXP 	New trial (rep=5, index=0): None
364.7880 	EXP 	main_text: autoDraw = True
364.7880 	EXP 	confirm_text: autoDraw = True
364.7880 	EXP 	ratingScale: autoDraw = False
364.7880 	EXP 	main_text: autoDraw = False
364.7880 	EXP 	confirm_text: autoDraw = False
364.7880 	EXP 	text_2: autoDraw = True
364.7880 	EXP 	croix: autoDraw = True
369.7882 	EXP 	text_2: autoDraw = False
369.7882 	EXP 	croix: autoDraw = False
369.7882 	EXP 	text_2: autoDraw = False
369.7882 	EXP 	croix: autoDraw = False
369.7882 	EXP 	thermode_locali: autoDraw = True
381.7720 	EXP 	window1: mouseVisible = True
381.7729 	EXP 	Created unnamed Rect = Rect(__class__=<class 'psychopy.visual.rect.Rect'>, anchor=('center', 'center'), autoDraw=False, autoLog=True, closeShape=True, color=method-wrapper(...), colorSpace='rgb', contrast=None, depth=0, draggable=False, fillColor=array([1, 1, 1]), fillColorSpace='rgb', fillRGB=array([1, 1, 1]), interpolate=True, lineColor=array([1., 1., 1.]), lineColorSpace='rgb', lineRGB=array([1, 1, 1]), lineWidth=1.5, name='unnamed Rect', opacity=1.0, ori=0.0, pos=array([0., 0.]), size=array([0.01, 0.1 ]), units='norm', vertices=ndarray(...), win=Window(...))
381.7729 	EXP 	window1: mouseVisible = True
381.7731 	EXP 	window1: mouseVisible = True
381.7735 	EXP 	window1: mouseVisible = True
381.7746 	EXP 	window1: mouseVisible = True
381.7758 	EXP 	window1: mouseVisible = True
381.7760 	EXP 	window1: mouseVisible = True
381.7762 	EXP 	window1: mouseVisible = True
381.7763 	EXP 	window1: mouseVisible = True
381.7765 	EXP 	window1: mouseVisible = True
381.7766 	EXP 	window1: mouseVisible = True
381.7767 	EXP 	window1: mouseVisible = True
381.7769 	EXP 	window1: mouseVisible = True
381.7770 	EXP 	window1: mouseVisible = True
381.7771 	EXP 	window1: mouseVisible = True
381.7773 	EXP 	window1: mouseVisible = True
381.7774 	EXP 	window1: mouseVisible = True
381.7775 	EXP 	window1: mouseVisible = True
381.7776 	EXP 	window1: mouseVisible = True
381.7778 	EXP 	window1: mouseVisible = True
381.7779 	EXP 	window1: mouseVisible = True
381.7780 	EXP 	window1: mouseVisible = True
381.7782 	EXP 	window1: mouseVisible = True
381.7783 	EXP 	window1: mouseVisible = True
381.7786 	EXP 	window1: mouseVisible = True
381.7789 	EXP 	window1: mouseVisible = True
381.7791 	EXP 	window1: mouseVisible = True
381.7793 	EXP 	window1: mouseVisible = True
381.7795 	EXP 	window1: mouseVisible = True
381.7797 	EXP 	window1: mouseVisible = True
381.7798 	EXP 	window1: mouseVisible = True
381.7799 	EXP 	window1: mouseVisible = True
381.7801 	EXP 	window1: mouseVisible = True
381.7802 	EXP 	window1: mouseVisible = True
381.7804 	EXP 	window1: mouseVisible = True
381.7805 	EXP 	window1: mouseVisible = True
381.7807 	EXP 	window1: mouseVisible = True
381.7808 	EXP 	window1: mouseVisible = True
381.7810 	EXP 	window1: mouseVisible = True
381.7811 	EXP 	window1: mouseVisible = True
381.7812 	EXP 	window1: mouseVisible = True
381.7814 	EXP 	window1: mouseVisible = True
381.7815 	EXP 	window1: mouseVisible = True
381.7816 	EXP 	window1: mouseVisible = True
381.7818 	EXP 	window1: mouseVisible = True
381.7819 	EXP 	window1: mouseVisible = True
381.7820 	EXP 	window1: mouseVisible = True
381.7822 	EXP 	window1: mouseVisible = True
381.7823 	EXP 	window1: mouseVisible = True
381.7824 	EXP 	window1: mouseVisible = True
381.7825 	EXP 	window1: mouseVisible = True
381.7827 	EXP 	window1: mouseVisible = True
381.7828 	EXP 	window1: mouseVisible = True
381.7829 	EXP 	window1: mouseVisible = True
381.7831 	EXP 	window1: mouseVisible = True
381.7832 	EXP 	window1: mouseVisible = True
381.7833 	EXP 	window1: mouseVisible = True
381.7834 	EXP 	window1: mouseVisible = True
381.7836 	EXP 	window1: mouseVisible = True
381.7837 	EXP 	window1: mouseVisible = True
381.7838 	EXP 	window1: mouseVisible = True
381.7840 	EXP 	window1: mouseVisible = True
381.7841 	EXP 	window1: mouseVisible = True
381.7842 	EXP 	window1: mouseVisible = True
381.7843 	EXP 	window1: mouseVisible = True
381.7845 	EXP 	window1: mouseVisible = True
381.7846 	EXP 	window1: mouseVisible = True
381.7848 	EXP 	window1: mouseVisible = True
381.7849 	EXP 	window1: mouseVisible = True
381.7850 	EXP 	window1: mouseVisible = True
381.7852 	EXP 	window1: mouseVisible = True
381.7853 	EXP 	window1: mouseVisible = True
381.7854 	EXP 	window1: mouseVisible = True
381.7855 	EXP 	window1: mouseVisible = True
381.7857 	EXP 	window1: mouseVisible = True
381.7858 	EXP 	window1: mouseVisible = True
381.7859 	EXP 	window1: mouseVisible = True
381.7861 	EXP 	window1: mouseVisible = True
381.7862 	EXP 	window1: mouseVisible = True
381.7863 	EXP 	window1: mouseVisible = True
381.7864 	EXP 	window1: mouseVisible = True
381.7866 	EXP 	window1: mouseVisible = True
381.7867 	EXP 	window1: mouseVisible = True
381.7868 	EXP 	window1: mouseVisible = True
381.7870 	EXP 	window1: mouseVisible = True
381.7871 	EXP 	window1: mouseVisible = True
381.7872 	EXP 	window1: mouseVisible = True
381.7873 	EXP 	window1: mouseVisible = True
381.7875 	EXP 	window1: mouseVisible = True
381.7876 	EXP 	window1: mouseVisible = True
381.7877 	EXP 	window1: mouseVisible = True
381.7878 	EXP 	window1: mouseVisible = True
381.7880 	EXP 	window1: mouseVisible = True
381.7881 	EXP 	window1: mouseVisible = True
381.7882 	EXP 	window1: mouseVisible = True
381.7883 	EXP 	window1: mouseVisible = True
381.7885 	EXP 	window1: mouseVisible = True
381.7886 	EXP 	window1: mouseVisible = True
381.7888 	EXP 	window1: mouseVisible = True
381.7889 	EXP 	window1: mouseVisible = True
381.7890 	EXP 	window1: mouseVisible = True
381.7891 	EXP 	window1: mouseVisible = True
381.7893 	EXP 	window1: mouseVisible = True
381.7894 	EXP 	window1: mouseVisible = True
381.7895 	EXP 	window1: mouseVisible = True
381.7916 	EXP 	Created ratingScale = RatingScale(__class__=type(...), acceptKeys=['return'], acceptPreText=UNKNOWN, acceptSize=UNKNOWN, acceptText=UNKNOWN, autoLog=True, choices=False, colorSpace='rgb', depth=0, disappear=False, flipVert=False, high=100, kwargs=UNKNOWN, labels=list(...), leftKeys=['left'], lineColor=(255, 255, 255), low=0, marker=Rect(...), markerColor=(255, 255, 255), markerExpansion=UNKNOWN, markerStart=0.5, maxTime=0.0, minTime=0.4, mouseOnly=False, name='ratingScale', noMouse=False, pos=[0.0, 0.0], precision=100, respKeys=[], rightKeys=['right'], scale=None, self=UNKNOWN, showAccept=False, showValue=False, singleClick=False, size=0.6, skipKeys=['tab'], stretch=2.0, textColor='white', textFont='Helvetica Bold', textSize=0.144, tickHeight=0, tickMarks=10.0, win=Window(...))
381.7916 	EXP 	RatingScale ratingScale: reset()
381.7936 	EXP 	window1: mouseVisible = False
381.8048 	EXP 	thermode_locali: autoDraw = False
381.8048 	EXP 	thermode_locali: autoDraw = False
381.8048 	EXP 	ratingScale: flipVert = False
381.8048 	EXP 	ratingScale: autoLog = True
381.8063 	EXP 	window1: mouseVisible = False
381.8229 	EXP 	window1: mouseVisible = False
381.8396 	EXP 	window1: mouseVisible = False
381.8563 	EXP 	window1: mouseVisible = False
381.8729 	EXP 	window1: mouseVisible = False
381.8896 	EXP 	window1: mouseVisible = False
381.9064 	EXP 	window1: mouseVisible = False
381.9230 	EXP 	window1: mouseVisible = False
381.9397 	EXP 	window1: mouseVisible = False
381.9563 	EXP 	window1: mouseVisible = False
381.9729 	EXP 	window1: mouseVisible = False
381.9896 	EXP 	window1: mouseVisible = False
382.0062 	EXP 	window1: mouseVisible = False
382.0229 	EXP 	window1: mouseVisible = False
382.0396 	EXP 	window1: mouseVisible = False
382.0563 	EXP 	window1: mouseVisible = False
382.0729 	EXP 	window1: mouseVisible = False
382.0895 	EXP 	window1: mouseVisible = False
382.1062 	EXP 	window1: mouseVisible = False
382.1229 	EXP 	window1: mouseVisible = False
382.1396 	EXP 	window1: mouseVisible = False
382.1563 	EXP 	window1: mouseVisible = False
382.1729 	EXP 	window1: mouseVisible = False
382.1896 	EXP 	window1: mouseVisible = False
382.2063 	EXP 	window1: mouseVisible = False
382.2229 	EXP 	window1: mouseVisible = False
382.2396 	EXP 	window1: mouseVisible = False
382.2563 	EXP 	window1: mouseVisible = False
382.2730 	EXP 	window1: mouseVisible = False
382.2896 	EXP 	window1: mouseVisible = False
382.3062 	EXP 	window1: mouseVisible = False
382.3229 	EXP 	window1: mouseVisible = False
382.3396 	EXP 	window1: mouseVisible = False
382.3564 	EXP 	window1: mouseVisible = False
382.3730 	EXP 	window1: mouseVisible = False
382.3896 	EXP 	window1: mouseVisible = False
382.4063 	EXP 	window1: mouseVisible = False
382.4229 	EXP 	window1: mouseVisible = False
382.4396 	EXP 	window1: mouseVisible = False
382.4562 	EXP 	window1: mouseVisible = False
382.4729 	EXP 	window1: mouseVisible = False
382.4896 	EXP 	window1: mouseVisible = False
382.5063 	EXP 	window1: mouseVisible = False
382.5229 	EXP 	window1: mouseVisible = False
382.5396 	EXP 	window1: mouseVisible = False
382.5563 	EXP 	window1: mouseVisible = False
382.5725 	DATA 	Keypress: m
382.5731 	EXP 	window1: mouseVisible = False
382.5896 	EXP 	window1: mouseVisible = False
382.6063 	EXP 	window1: mouseVisible = False
382.6229 	EXP 	window1: mouseVisible = False
382.6395 	EXP 	window1: mouseVisible = False
382.6569 	EXP 	window1: mouseVisible = False
382.6730 	EXP 	window1: mouseVisible = False
382.6895 	EXP 	window1: mouseVisible = False
382.7063 	EXP 	window1: mouseVisible = False
382.7229 	EXP 	window1: mouseVisible = False
382.7396 	EXP 	window1: mouseVisible = False
382.7563 	EXP 	window1: mouseVisible = False
382.7729 	EXP 	window1: mouseVisible = False
382.7897 	EXP 	window1: mouseVisible = False
382.8062 	EXP 	window1: mouseVisible = False
382.8230 	EXP 	window1: mouseVisible = False
382.8396 	EXP 	window1: mouseVisible = False
382.8564 	EXP 	window1: mouseVisible = False
382.8730 	EXP 	window1: mouseVisible = False
382.8896 	EXP 	window1: mouseVisible = False
382.9063 	EXP 	window1: mouseVisible = False
382.9229 	EXP 	window1: mouseVisible = False
382.9396 	EXP 	window1: mouseVisible = False
382.9561 	EXP 	window1: mouseVisible = False
382.9729 	EXP 	window1: mouseVisible = False
382.9896 	EXP 	window1: mouseVisible = False
383.0062 	EXP 	window1: mouseVisible = False
383.0230 	EXP 	window1: mouseVisible = False
383.0396 	EXP 	window1: mouseVisible = False
383.0563 	EXP 	window1: mouseVisible = False
383.0730 	EXP 	window1: mouseVisible = False
383.0896 	EXP 	window1: mouseVisible = False
383.1064 	EXP 	window1: mouseVisible = False
383.1231 	EXP 	window1: mouseVisible = False
383.1397 	EXP 	window1: mouseVisible = False
383.1563 	EXP 	window1: mouseVisible = False
383.1730 	EXP 	window1: mouseVisible = False
383.1896 	EXP 	window1: mouseVisible = False
383.2064 	EXP 	window1: mouseVisible = False
383.2230 	EXP 	window1: mouseVisible = False
383.2397 	EXP 	window1: mouseVisible = False
383.2563 	EXP 	window1: mouseVisible = False
383.2730 	EXP 	window1: mouseVisible = False
383.2898 	EXP 	window1: mouseVisible = False
383.3064 	EXP 	window1: mouseVisible = False
383.3230 	EXP 	window1: mouseVisible = False
383.3398 	EXP 	window1: mouseVisible = False
383.3563 	EXP 	window1: mouseVisible = False
383.3731 	EXP 	window1: mouseVisible = False
383.3897 	EXP 	window1: mouseVisible = False
383.4064 	EXP 	window1: mouseVisible = False
383.4230 	EXP 	window1: mouseVisible = False
383.4397 	EXP 	window1: mouseVisible = False
383.4563 	EXP 	window1: mouseVisible = False
383.4729 	EXP 	window1: mouseVisible = False
383.4896 	EXP 	window1: mouseVisible = False
383.5063 	EXP 	window1: mouseVisible = False
383.5230 	EXP 	window1: mouseVisible = False
383.5396 	EXP 	window1: mouseVisible = False
383.5563 	EXP 	window1: mouseVisible = False
383.5734 	DATA 	Keypress: space
383.6747 	EXP 	New trial (rep=6, index=0): None
383.6882 	EXP 	main_text: autoDraw = True
383.6882 	EXP 	confirm_text: autoDraw = True
383.6882 	EXP 	ratingScale: autoDraw = False
383.6882 	EXP 	main_text: autoDraw = False
383.6882 	EXP 	confirm_text: autoDraw = False
383.6882 	EXP 	text_2: autoDraw = True
383.6882 	EXP 	croix: autoDraw = True
388.6883 	EXP 	text_2: autoDraw = False
388.6883 	EXP 	croix: autoDraw = False
388.6883 	EXP 	text_2: autoDraw = False
388.6883 	EXP 	croix: autoDraw = False
388.6883 	EXP 	thermode_locali: autoDraw = True
400.6723 	EXP 	window1: mouseVisible = True
400.6732 	EXP 	Created unnamed Rect = Rect(__class__=<class 'psychopy.visual.rect.Rect'>, anchor=('center', 'center'), autoDraw=False, autoLog=True, closeShape=True, color=method-wrapper(...), colorSpace='rgb', contrast=None, depth=0, draggable=False, fillColor=array([1, 1, 1]), fillColorSpace='rgb', fillRGB=array([1, 1, 1]), interpolate=True, lineColor=array([1., 1., 1.]), lineColorSpace='rgb', lineRGB=array([1, 1, 1]), lineWidth=1.5, name='unnamed Rect', opacity=1.0, ori=0.0, pos=array([0., 0.]), size=array([0.01, 0.1 ]), units='norm', vertices=ndarray(...), win=Window(...))
400.6733 	EXP 	window1: mouseVisible = True
400.6734 	EXP 	window1: mouseVisible = True
400.6739 	EXP 	window1: mouseVisible = True
400.6751 	EXP 	window1: mouseVisible = True
400.6762 	EXP 	window1: mouseVisible = True
400.6763 	EXP 	window1: mouseVisible = True
400.6765 	EXP 	window1: mouseVisible = True
400.6766 	EXP 	window1: mouseVisible = True
400.6768 	EXP 	window1: mouseVisible = True
400.6769 	EXP 	window1: mouseVisible = True
400.6770 	EXP 	window1: mouseVisible = True
400.6772 	EXP 	window1: mouseVisible = True
400.6773 	EXP 	window1: mouseVisible = True
400.6774 	EXP 	window1: mouseVisible = True
400.6776 	EXP 	window1: mouseVisible = True
400.6777 	EXP 	window1: mouseVisible = True
400.6778 	EXP 	window1: mouseVisible = True
400.6779 	EXP 	window1: mouseVisible = True
400.6781 	EXP 	window1: mouseVisible = True
400.6782 	EXP 	window1: mouseVisible = True
400.6783 	EXP 	window1: mouseVisible = True
400.6785 	EXP 	window1: mouseVisible = True
400.6786 	EXP 	window1: mouseVisible = True
400.6787 	EXP 	window1: mouseVisible = True
400.6788 	EXP 	window1: mouseVisible = True
400.6790 	EXP 	window1: mouseVisible = True
400.6791 	EXP 	window1: mouseVisible = True
400.6792 	EXP 	window1: mouseVisible = True
400.6793 	EXP 	window1: mouseVisible = True
400.6795 	EXP 	window1: mouseVisible = True
400.6796 	EXP 	window1: mouseVisible = True
400.6798 	EXP 	window1: mouseVisible = True
400.6799 	EXP 	window1: mouseVisible = True
400.6801 	EXP 	window1: mouseVisible = True
400.6802 	EXP 	window1: mouseVisible = True
400.6803 	EXP 	window1: mouseVisible = True
400.6805 	EXP 	window1: mouseVisible = True
400.6806 	EXP 	window1: mouseVisible = True
400.6807 	EXP 	window1: mouseVisible = True
400.6809 	EXP 	window1: mouseVisible = True
400.6810 	EXP 	window1: mouseVisible = True
400.6811 	EXP 	window1: mouseVisible = True
400.6812 	EXP 	window1: mouseVisible = True
400.6814 	EXP 	window1: mouseVisible = True
400.6815 	EXP 	window1: mouseVisible = True
400.6816 	EXP 	window1: mouseVisible = True
400.6818 	EXP 	window1: mouseVisible = True
400.6819 	EXP 	window1: mouseVisible = True
400.6820 	EXP 	window1: mouseVisible = True
400.6821 	EXP 	window1: mouseVisible = True
400.6823 	EXP 	window1: mouseVisible = True
400.6824 	EXP 	window1: mouseVisible = True
400.6825 	EXP 	window1: mouseVisible = True
400.6826 	EXP 	window1: mouseVisible = True
400.6828 	EXP 	window1: mouseVisible = True
400.6829 	EXP 	window1: mouseVisible = True
400.6830 	EXP 	window1: mouseVisible = True
400.6831 	EXP 	window1: mouseVisible = True
400.6833 	EXP 	window1: mouseVisible = True
400.6834 	EXP 	window1: mouseVisible = True
400.6835 	EXP 	window1: mouseVisible = True
400.6840 	EXP 	window1: mouseVisible = True
400.6842 	EXP 	window1: mouseVisible = True
400.6844 	EXP 	window1: mouseVisible = True
400.6847 	EXP 	window1: mouseVisible = True
400.6849 	EXP 	window1: mouseVisible = True
400.6850 	EXP 	window1: mouseVisible = True
400.6852 	EXP 	window1: mouseVisible = True
400.6853 	EXP 	window1: mouseVisible = True
400.6854 	EXP 	window1: mouseVisible = True
400.6856 	EXP 	window1: mouseVisible = True
400.6857 	EXP 	window1: mouseVisible = True
400.6858 	EXP 	window1: mouseVisible = True
400.6860 	EXP 	window1: mouseVisible = True
400.6861 	EXP 	window1: mouseVisible = True
400.6862 	EXP 	window1: mouseVisible = True
400.6863 	EXP 	window1: mouseVisible = True
400.6865 	EXP 	window1: mouseVisible = True
400.6867 	EXP 	window1: mouseVisible = True
400.6870 	EXP 	window1: mouseVisible = True
400.6873 	EXP 	window1: mouseVisible = True
400.6875 	EXP 	window1: mouseVisible = True
400.6876 	EXP 	window1: mouseVisible = True
400.6877 	EXP 	window1: mouseVisible = True
400.6879 	EXP 	window1: mouseVisible = True
400.6880 	EXP 	window1: mouseVisible = True
400.6881 	EXP 	window1: mouseVisible = True
400.6883 	EXP 	window1: mouseVisible = True
400.6884 	EXP 	window1: mouseVisible = True
400.6885 	EXP 	window1: mouseVisible = True
400.6887 	EXP 	window1: mouseVisible = True
400.6888 	EXP 	window1: mouseVisible = True
400.6889 	EXP 	window1: mouseVisible = True
400.6891 	EXP 	window1: mouseVisible = True
400.6892 	EXP 	window1: mouseVisible = True
400.6893 	EXP 	window1: mouseVisible = True
400.6895 	EXP 	window1: mouseVisible = True
400.6896 	EXP 	window1: mouseVisible = True
400.6897 	EXP 	window1: mouseVisible = True
400.6898 	EXP 	window1: mouseVisible = True
400.6900 	EXP 	window1: mouseVisible = True
400.6901 	EXP 	window1: mouseVisible = True
400.6902 	EXP 	window1: mouseVisible = True
400.6903 	EXP 	window1: mouseVisible = True
400.6925 	EXP 	Created ratingScale = RatingScale(__class__=type(...), acceptKeys=['return'], acceptPreText=UNKNOWN, acceptSize=UNKNOWN, acceptText=UNKNOWN, autoLog=True, choices=False, colorSpace='rgb', depth=0, disappear=False, flipVert=False, high=100, kwargs=UNKNOWN, labels=list(...), leftKeys=['left'], lineColor=(255, 255, 255), low=0, marker=Rect(...), markerColor=(255, 255, 255), markerExpansion=UNKNOWN, markerStart=0.5, maxTime=0.0, minTime=0.4, mouseOnly=False, name='ratingScale', noMouse=False, pos=[0.0, 0.0], precision=100, respKeys=[], rightKeys=['right'], scale=None, self=UNKNOWN, showAccept=False, showValue=False, singleClick=False, size=0.6, skipKeys=['tab'], stretch=2.0, textColor='white', textFont='Helvetica Bold', textSize=0.144, tickHeight=0, tickMarks=10.0, win=Window(...))
400.6926 	EXP 	RatingScale ratingScale: reset()
400.6945 	EXP 	window1: mouseVisible = False
400.7051 	EXP 	thermode_locali: autoDraw = False
400.7051 	EXP 	thermode_locali: autoDraw = False
400.7051 	EXP 	ratingScale: flipVert = False
400.7051 	EXP 	ratingScale: autoLog = True
400.7069 	EXP 	window1: mouseVisible = False
400.7232 	EXP 	window1: mouseVisible = False
400.7399 	EXP 	window1: mouseVisible = False
400.7566 	EXP 	window1: mouseVisible = False
400.7732 	EXP 	window1: mouseVisible = False
400.7899 	EXP 	window1: mouseVisible = False
400.8065 	EXP 	window1: mouseVisible = False
400.8232 	EXP 	window1: mouseVisible = False
400.8398 	EXP 	window1: mouseVisible = False
400.8565 	EXP 	window1: mouseVisible = False
400.8733 	EXP 	window1: mouseVisible = False
400.8898 	EXP 	window1: mouseVisible = False
400.9066 	EXP 	window1: mouseVisible = False
400.9232 	EXP 	window1: mouseVisible = False
400.9399 	EXP 	window1: mouseVisible = False
400.9566 	EXP 	window1: mouseVisible = False
400.9732 	EXP 	window1: mouseVisible = False
400.9899 	EXP 	window1: mouseVisible = False
401.0065 	EXP 	window1: mouseVisible = False
401.0232 	EXP 	window1: mouseVisible = False
401.0398 	EXP 	window1: mouseVisible = False
401.0566 	EXP 	window1: mouseVisible = False
401.0732 	EXP 	window1: mouseVisible = False
401.0898 	EXP 	window1: mouseVisible = False
401.1068 	EXP 	window1: mouseVisible = False
401.1232 	EXP 	window1: mouseVisible = False
401.1399 	EXP 	window1: mouseVisible = False
401.1565 	EXP 	window1: mouseVisible = False
401.1732 	EXP 	window1: mouseVisible = False
401.1899 	EXP 	window1: mouseVisible = False
401.2068 	EXP 	window1: mouseVisible = False
401.2232 	EXP 	window1: mouseVisible = False
401.2399 	EXP 	window1: mouseVisible = False
401.2565 	EXP 	window1: mouseVisible = False
401.2733 	EXP 	window1: mouseVisible = False
401.2898 	EXP 	window1: mouseVisible = False
401.3065 	EXP 	window1: mouseVisible = False
401.3232 	EXP 	window1: mouseVisible = False
401.3398 	EXP 	window1: mouseVisible = False
401.3565 	EXP 	window1: mouseVisible = False
401.3732 	EXP 	window1: mouseVisible = False
401.3899 	EXP 	window1: mouseVisible = False
401.4065 	EXP 	window1: mouseVisible = False
401.4229 	DATA 	Keypress: m
401.4234 	EXP 	window1: mouseVisible = False
401.4399 	EXP 	window1: mouseVisible = False
401.4565 	EXP 	window1: mouseVisible = False
401.4732 	EXP 	window1: mouseVisible = False
401.4899 	EXP 	window1: mouseVisible = False
401.5066 	EXP 	window1: mouseVisible = False
401.5232 	EXP 	window1: mouseVisible = False
401.5399 	EXP 	window1: mouseVisible = False
401.5564 	EXP 	window1: mouseVisible = False
401.5732 	EXP 	window1: mouseVisible = False
401.5899 	EXP 	window1: mouseVisible = False
401.6066 	EXP 	window1: mouseVisible = False
401.6232 	EXP 	window1: mouseVisible = False
401.6399 	EXP 	window1: mouseVisible = False
401.6565 	EXP 	window1: mouseVisible = False
401.6732 	EXP 	window1: mouseVisible = False
401.6898 	EXP 	window1: mouseVisible = False
401.7065 	EXP 	window1: mouseVisible = False
401.7232 	EXP 	window1: mouseVisible = False
401.7399 	EXP 	window1: mouseVisible = False
401.7568 	EXP 	window1: mouseVisible = False
401.7732 	EXP 	window1: mouseVisible = False
401.7899 	EXP 	window1: mouseVisible = False
401.8066 	EXP 	window1: mouseVisible = False
401.8232 	EXP 	window1: mouseVisible = False
401.8399 	EXP 	window1: mouseVisible = False
401.8565 	EXP 	window1: mouseVisible = False
401.8731 	EXP 	window1: mouseVisible = False
401.8898 	EXP 	window1: mouseVisible = False
401.9065 	EXP 	window1: mouseVisible = False
401.9233 	EXP 	window1: mouseVisible = False
401.9399 	EXP 	window1: mouseVisible = False
401.9566 	EXP 	window1: mouseVisible = False
401.9733 	EXP 	window1: mouseVisible = False
401.9899 	EXP 	window1: mouseVisible = False
402.0066 	EXP 	window1: mouseVisible = False
402.0232 	EXP 	window1: mouseVisible = False
402.0400 	EXP 	window1: mouseVisible = False
402.0566 	EXP 	window1: mouseVisible = False
402.0732 	EXP 	window1: mouseVisible = False
402.0899 	EXP 	window1: mouseVisible = False
402.1066 	EXP 	window1: mouseVisible = False
402.1232 	EXP 	window1: mouseVisible = False
402.1399 	EXP 	window1: mouseVisible = False
402.1568 	EXP 	window1: mouseVisible = False
402.1732 	EXP 	window1: mouseVisible = False
402.1900 	EXP 	window1: mouseVisible = False
402.2065 	EXP 	window1: mouseVisible = False
402.2233 	EXP 	window1: mouseVisible = False
402.2399 	EXP 	window1: mouseVisible = False
402.2565 	EXP 	window1: mouseVisible = False
402.2733 	EXP 	window1: mouseVisible = False
402.2900 	EXP 	window1: mouseVisible = False
402.3068 	EXP 	window1: mouseVisible = False
402.3234 	EXP 	window1: mouseVisible = False
402.3401 	EXP 	window1: mouseVisible = False
402.3567 	EXP 	window1: mouseVisible = False
402.3733 	EXP 	window1: mouseVisible = False
402.3899 	EXP 	window1: mouseVisible = False
402.4066 	EXP 	window1: mouseVisible = False
402.4233 	EXP 	window1: mouseVisible = False
402.4400 	EXP 	window1: mouseVisible = False
402.4566 	EXP 	window1: mouseVisible = False
402.4732 	EXP 	window1: mouseVisible = False
402.4900 	EXP 	window1: mouseVisible = False
402.5066 	EXP 	window1: mouseVisible = False
402.5233 	EXP 	window1: mouseVisible = False
402.5399 	EXP 	window1: mouseVisible = False
402.5566 	EXP 	window1: mouseVisible = False
402.5732 	EXP 	window1: mouseVisible = False
402.5899 	EXP 	window1: mouseVisible = False
402.6065 	EXP 	window1: mouseVisible = False
402.6233 	EXP 	window1: mouseVisible = False
402.6399 	EXP 	window1: mouseVisible = False
402.6565 	EXP 	window1: mouseVisible = False
402.6732 	EXP 	window1: mouseVisible = False
402.6898 	EXP 	window1: mouseVisible = False
402.7068 	EXP 	window1: mouseVisible = False
402.7233 	EXP 	window1: mouseVisible = False
402.7398 	EXP 	window1: mouseVisible = False
402.7566 	EXP 	window1: mouseVisible = False
402.7732 	EXP 	window1: mouseVisible = False
402.7900 	EXP 	window1: mouseVisible = False
402.8065 	EXP 	window1: mouseVisible = False
402.8233 	EXP 	window1: mouseVisible = False
402.8399 	EXP 	window1: mouseVisible = False
402.8566 	EXP 	window1: mouseVisible = False
402.8732 	EXP 	window1: mouseVisible = False
402.8898 	EXP 	window1: mouseVisible = False
402.9065 	EXP 	window1: mouseVisible = False
402.9232 	EXP 	window1: mouseVisible = False
402.9399 	EXP 	window1: mouseVisible = False
402.9566 	EXP 	window1: mouseVisible = False
402.9732 	EXP 	window1: mouseVisible = False
402.9899 	EXP 	window1: mouseVisible = False
403.0065 	EXP 	window1: mouseVisible = False
403.0232 	EXP 	window1: mouseVisible = False
403.0399 	EXP 	window1: mouseVisible = False
403.0565 	EXP 	window1: mouseVisible = False
403.0731 	EXP 	window1: mouseVisible = False
403.0905 	DATA 	Keypress: space
403.1915 	EXP 	New trial (rep=7, index=0): None
403.2051 	EXP 	main_text: autoDraw = True
403.2051 	EXP 	confirm_text: autoDraw = True
403.2051 	EXP 	ratingScale: autoDraw = False
403.2051 	EXP 	main_text: autoDraw = False
403.2051 	EXP 	confirm_text: autoDraw = False
403.2051 	EXP 	text_2: autoDraw = True
403.2051 	EXP 	croix: autoDraw = True
408.2052 	EXP 	text_2: autoDraw = False
408.2052 	EXP 	croix: autoDraw = False
408.2052 	EXP 	text_2: autoDraw = False
408.2052 	EXP 	croix: autoDraw = False
408.2052 	EXP 	thermode_locali: autoDraw = True
420.1892 	EXP 	window1: mouseVisible = True
420.1901 	EXP 	Created unnamed Rect = Rect(__class__=<class 'psychopy.visual.rect.Rect'>, anchor=('center', 'center'), autoDraw=False, autoLog=True, closeShape=True, color=method-wrapper(...), colorSpace='rgb', contrast=None, depth=0, draggable=False, fillColor=array([1, 1, 1]), fillColorSpace='rgb', fillRGB=array([1, 1, 1]), interpolate=True, lineColor=array([1., 1., 1.]), lineColorSpace='rgb', lineRGB=array([1, 1, 1]), lineWidth=1.5, name='unnamed Rect', opacity=1.0, ori=0.0, pos=array([0., 0.]), size=array([0.01, 0.1 ]), units='norm', vertices=ndarray(...), win=Window(...))
420.1901 	EXP 	window1: mouseVisible = True
420.1903 	EXP 	window1: mouseVisible = True
420.1907 	EXP 	window1: mouseVisible = True
420.1919 	EXP 	window1: mouseVisible = True
420.1929 	EXP 	window1: mouseVisible = True
420.1931 	EXP 	window1: mouseVisible = True
420.1933 	EXP 	window1: mouseVisible = True
420.1934 	EXP 	window1: mouseVisible = True
420.1935 	EXP 	window1: mouseVisible = True
420.1937 	EXP 	window1: mouseVisible = True
420.1938 	EXP 	window1: mouseVisible = True
420.1939 	EXP 	window1: mouseVisible = True
420.1941 	EXP 	window1: mouseVisible = True
420.1942 	EXP 	window1: mouseVisible = True
420.1943 	EXP 	window1: mouseVisible = True
420.1945 	EXP 	window1: mouseVisible = True
420.1947 	EXP 	window1: mouseVisible = True
420.1948 	EXP 	window1: mouseVisible = True
420.1950 	EXP 	window1: mouseVisible = True
420.1951 	EXP 	window1: mouseVisible = True
420.1952 	EXP 	window1: mouseVisible = True
420.1954 	EXP 	window1: mouseVisible = True
420.1955 	EXP 	window1: mouseVisible = True
420.1957 	EXP 	window1: mouseVisible = True
420.1958 	EXP 	window1: mouseVisible = True
420.1959 	EXP 	window1: mouseVisible = True
420.1960 	EXP 	window1: mouseVisible = True
420.1962 	EXP 	window1: mouseVisible = True
420.1963 	EXP 	window1: mouseVisible = True
420.1964 	EXP 	window1: mouseVisible = True
420.1966 	EXP 	window1: mouseVisible = True
420.1967 	EXP 	window1: mouseVisible = True
420.1968 	EXP 	window1: mouseVisible = True
420.1969 	EXP 	window1: mouseVisible = True
420.1971 	EXP 	window1: mouseVisible = True
420.1972 	EXP 	window1: mouseVisible = True
420.1973 	EXP 	window1: mouseVisible = True
420.1975 	EXP 	window1: mouseVisible = True
420.1976 	EXP 	window1: mouseVisible = True
420.1977 	EXP 	window1: mouseVisible = True
420.1979 	EXP 	window1: mouseVisible = True
420.1982 	EXP 	window1: mouseVisible = True
420.1984 	EXP 	window1: mouseVisible = True
420.1985 	EXP 	window1: mouseVisible = True
420.1986 	EXP 	window1: mouseVisible = True
420.1987 	EXP 	window1: mouseVisible = True
420.1989 	EXP 	window1: mouseVisible = True
420.1990 	EXP 	window1: mouseVisible = True
420.1991 	EXP 	window1: mouseVisible = True
420.1993 	EXP 	window1: mouseVisible = True
420.1994 	EXP 	window1: mouseVisible = True
420.1996 	EXP 	window1: mouseVisible = True
420.1997 	EXP 	window1: mouseVisible = True
420.1998 	EXP 	window1: mouseVisible = True
420.1999 	EXP 	window1: mouseVisible = True
420.2001 	EXP 	window1: mouseVisible = True
420.2002 	EXP 	window1: mouseVisible = True
420.2003 	EXP 	window1: mouseVisible = True
420.2005 	EXP 	window1: mouseVisible = True
420.2006 	EXP 	window1: mouseVisible = True
420.2007 	EXP 	window1: mouseVisible = True
420.2008 	EXP 	window1: mouseVisible = True
420.2010 	EXP 	window1: mouseVisible = True
420.2011 	EXP 	window1: mouseVisible = True
420.2012 	EXP 	window1: mouseVisible = True
420.2013 	EXP 	window1: mouseVisible = True
420.2015 	EXP 	window1: mouseVisible = True
420.2016 	EXP 	window1: mouseVisible = True
420.2017 	EXP 	window1: mouseVisible = True
420.2019 	EXP 	window1: mouseVisible = True
420.2020 	EXP 	window1: mouseVisible = True
420.2021 	EXP 	window1: mouseVisible = True
420.2022 	EXP 	window1: mouseVisible = True
420.2024 	EXP 	window1: mouseVisible = True
420.2025 	EXP 	window1: mouseVisible = True
420.2026 	EXP 	window1: mouseVisible = True
420.2027 	EXP 	window1: mouseVisible = True
420.2029 	EXP 	window1: mouseVisible = True
420.2030 	EXP 	window1: mouseVisible = True
420.2032 	EXP 	window1: mouseVisible = True
420.2033 	EXP 	window1: mouseVisible = True
420.2034 	EXP 	window1: mouseVisible = True
420.2035 	EXP 	window1: mouseVisible = True
420.2037 	EXP 	window1: mouseVisible = True
420.2038 	EXP 	window1: mouseVisible = True
420.2040 	EXP 	window1: mouseVisible = True
420.2041 	EXP 	window1: mouseVisible = True
420.2042 	EXP 	window1: mouseVisible = True
420.2043 	EXP 	window1: mouseVisible = True
420.2045 	EXP 	window1: mouseVisible = True
420.2046 	EXP 	window1: mouseVisible = True
420.2047 	EXP 	window1: mouseVisible = True
420.2048 	EXP 	window1: mouseVisible = True
420.2050 	EXP 	window1: mouseVisible = True
420.2051 	EXP 	window1: mouseVisible = True
420.2052 	EXP 	window1: mouseVisible = True
420.2054 	EXP 	window1: mouseVisible = True
420.2055 	EXP 	window1: mouseVisible = True
420.2056 	EXP 	window1: mouseVisible = True
420.2057 	EXP 	window1: mouseVisible = True
420.2059 	EXP 	window1: mouseVisible = True
420.2060 	EXP 	window1: mouseVisible = True
420.2061 	EXP 	window1: mouseVisible = True
420.2062 	EXP 	window1: mouseVisible = True
420.2084 	EXP 	Created ratingScale = RatingScale(__class__=type(...), acceptKeys=['return'], acceptPreText=UNKNOWN, acceptSize=UNKNOWN, acceptText=UNKNOWN, autoLog=True, choices=False, colorSpace='rgb', depth=0, disappear=False, flipVert=False, high=100, kwargs=UNKNOWN, labels=list(...), leftKeys=['left'], lineColor=(255, 255, 255), low=0, marker=Rect(...), markerColor=(255, 255, 255), markerExpansion=UNKNOWN, markerStart=0.5, maxTime=0.0, minTime=0.4, mouseOnly=False, name='ratingScale', noMouse=False, pos=[0.0, 0.0], precision=100, respKeys=[], rightKeys=['right'], scale=None, self=UNKNOWN, showAccept=False, showValue=False, singleClick=False, size=0.6, skipKeys=['tab'], stretch=2.0, textColor='white', textFont='Helvetica Bold', textSize=0.144, tickHeight=0, tickMarks=10.0, win=Window(...))
420.2084 	EXP 	RatingScale ratingScale: reset()
420.2104 	EXP 	window1: mouseVisible = False
420.2219 	EXP 	thermode_locali: autoDraw = False
420.2219 	EXP 	thermode_locali: autoDraw = False
420.2219 	EXP 	ratingScale: flipVert = False
420.2219 	EXP 	ratingScale: autoLog = True
420.2235 	EXP 	window1: mouseVisible = False
420.2400 	EXP 	window1: mouseVisible = False
420.2567 	EXP 	window1: mouseVisible = False
420.2734 	EXP 	window1: mouseVisible = False
420.2902 	EXP 	window1: mouseVisible = False
420.3067 	EXP 	window1: mouseVisible = False
420.3233 	EXP 	window1: mouseVisible = False
420.3401 	EXP 	window1: mouseVisible = False
420.3567 	EXP 	window1: mouseVisible = False
420.3734 	EXP 	window1: mouseVisible = False
420.3904 	EXP 	window1: mouseVisible = False
420.4068 	EXP 	window1: mouseVisible = False
420.4235 	EXP 	window1: mouseVisible = False
420.4400 	EXP 	window1: mouseVisible = False
420.4567 	EXP 	window1: mouseVisible = False
420.4734 	EXP 	window1: mouseVisible = False
420.4901 	EXP 	window1: mouseVisible = False
420.5067 	EXP 	window1: mouseVisible = False
420.5237 	EXP 	window1: mouseVisible = False
420.5401 	EXP 	window1: mouseVisible = False
420.5567 	EXP 	window1: mouseVisible = False
420.5734 	EXP 	window1: mouseVisible = False
420.5901 	EXP 	window1: mouseVisible = False
420.6068 	EXP 	window1: mouseVisible = False
420.6234 	EXP 	window1: mouseVisible = False
420.6401 	EXP 	window1: mouseVisible = False
420.6567 	EXP 	window1: mouseVisible = False
420.6733 	EXP 	window1: mouseVisible = False
420.6902 	EXP 	window1: mouseVisible = False
420.7068 	EXP 	window1: mouseVisible = False
420.7234 	EXP 	window1: mouseVisible = False
420.7400 	EXP 	window1: mouseVisible = False
420.7568 	EXP 	window1: mouseVisible = False
420.7734 	EXP 	window1: mouseVisible = False
420.7900 	EXP 	window1: mouseVisible = False
420.8066 	EXP 	window1: mouseVisible = False
420.8231 	DATA 	Keypress: n
420.8236 	EXP 	window1: mouseVisible = False
420.8400 	EXP 	window1: mouseVisible = False
420.8567 	EXP 	window1: mouseVisible = False
420.8734 	EXP 	window1: mouseVisible = False
420.8901 	EXP 	window1: mouseVisible = False
420.9067 	EXP 	window1: mouseVisible = False
420.9233 	EXP 	window1: mouseVisible = False
420.9401 	EXP 	window1: mouseVisible = False
420.9567 	EXP 	window1: mouseVisible = False
420.9734 	EXP 	window1: mouseVisible = False
420.9900 	EXP 	window1: mouseVisible = False
421.0067 	EXP 	window1: mouseVisible = False
421.0234 	EXP 	window1: mouseVisible = False
421.0400 	EXP 	window1: mouseVisible = False
421.0567 	EXP 	window1: mouseVisible = False
421.0734 	EXP 	window1: mouseVisible = False
421.0899 	EXP 	window1: mouseVisible = False
421.1067 	EXP 	window1: mouseVisible = False
421.1234 	EXP 	window1: mouseVisible = False
421.1400 	EXP 	window1: mouseVisible = False
421.1567 	EXP 	window1: mouseVisible = False
421.1734 	EXP 	window1: mouseVisible = False
421.1902 	EXP 	window1: mouseVisible = False
421.2067 	EXP 	window1: mouseVisible = False
421.2234 	EXP 	window1: mouseVisible = False
421.2400 	EXP 	window1: mouseVisible = False
421.2567 	EXP 	window1: mouseVisible = False
421.2735 	EXP 	window1: mouseVisible = False
421.2902 	EXP 	window1: mouseVisible = False
421.3068 	EXP 	window1: mouseVisible = False
421.3237 	EXP 	window1: mouseVisible = False
421.3401 	EXP 	window1: mouseVisible = False
421.3567 	EXP 	window1: mouseVisible = False
421.3734 	EXP 	window1: mouseVisible = False
421.3901 	EXP 	window1: mouseVisible = False
421.4067 	EXP 	window1: mouseVisible = False
421.4238 	EXP 	window1: mouseVisible = False
421.4401 	EXP 	window1: mouseVisible = False
421.4569 	EXP 	window1: mouseVisible = False
421.4734 	EXP 	window1: mouseVisible = False
421.4901 	EXP 	window1: mouseVisible = False
421.5067 	EXP 	window1: mouseVisible = False
421.5234 	EXP 	window1: mouseVisible = False
421.5401 	EXP 	window1: mouseVisible = False
421.5568 	EXP 	window1: mouseVisible = False
421.5734 	EXP 	window1: mouseVisible = False
421.5902 	EXP 	window1: mouseVisible = False
421.6067 	EXP 	window1: mouseVisible = False
421.6234 	EXP 	window1: mouseVisible = False
421.6400 	EXP 	window1: mouseVisible = False
421.6567 	EXP 	window1: mouseVisible = False
421.6734 	EXP 	window1: mouseVisible = False
421.6900 	EXP 	window1: mouseVisible = False
421.7068 	EXP 	window1: mouseVisible = False
421.7234 	EXP 	window1: mouseVisible = False
421.7406 	DATA 	Keypress: space
421.8405 	EXP 	New trial (rep=8, index=0): None
421.8553 	EXP 	main_text: autoDraw = True
421.8553 	EXP 	confirm_text: autoDraw = True
421.8553 	EXP 	ratingScale: autoDraw = False
421.8553 	EXP 	main_text: autoDraw = False
421.8553 	EXP 	confirm_text: autoDraw = False
421.8553 	EXP 	text_2: autoDraw = True
421.8553 	EXP 	croix: autoDraw = True
426.8554 	EXP 	text_2: autoDraw = False
426.8554 	EXP 	croix: autoDraw = False
426.8554 	EXP 	text_2: autoDraw = False
426.8554 	EXP 	croix: autoDraw = False
426.8554 	EXP 	thermode_locali: autoDraw = True
438.8394 	EXP 	window1: mouseVisible = True
438.8402 	EXP 	Created unnamed Rect = Rect(__class__=<class 'psychopy.visual.rect.Rect'>, anchor=('center', 'center'), autoDraw=False, autoLog=True, closeShape=True, color=method-wrapper(...), colorSpace='rgb', contrast=None, depth=0, draggable=False, fillColor=array([1, 1, 1]), fillColorSpace='rgb', fillRGB=array([1, 1, 1]), interpolate=True, lineColor=array([1., 1., 1.]), lineColorSpace='rgb', lineRGB=array([1, 1, 1]), lineWidth=1.5, name='unnamed Rect', opacity=1.0, ori=0.0, pos=array([0., 0.]), size=array([0.01, 0.1 ]), units='norm', vertices=ndarray(...), win=Window(...))
438.8403 	EXP 	window1: mouseVisible = True
438.8404 	EXP 	window1: mouseVisible = True
438.8409 	EXP 	window1: mouseVisible = True
438.8420 	EXP 	window1: mouseVisible = True
438.8431 	EXP 	window1: mouseVisible = True
438.8433 	EXP 	window1: mouseVisible = True
438.8435 	EXP 	window1: mouseVisible = True
438.8436 	EXP 	window1: mouseVisible = True
438.8437 	EXP 	window1: mouseVisible = True
438.8439 	EXP 	window1: mouseVisible = True
438.8440 	EXP 	window1: mouseVisible = True
438.8441 	EXP 	window1: mouseVisible = True
438.8443 	EXP 	window1: mouseVisible = True
438.8444 	EXP 	window1: mouseVisible = True
438.8445 	EXP 	window1: mouseVisible = True
438.8446 	EXP 	window1: mouseVisible = True
438.8448 	EXP 	window1: mouseVisible = True
438.8449 	EXP 	window1: mouseVisible = True
438.8450 	EXP 	window1: mouseVisible = True
438.8452 	EXP 	window1: mouseVisible = True
438.8453 	EXP 	window1: mouseVisible = True
438.8454 	EXP 	window1: mouseVisible = True
438.8455 	EXP 	window1: mouseVisible = True
438.8457 	EXP 	window1: mouseVisible = True
438.8458 	EXP 	window1: mouseVisible = True
438.8459 	EXP 	window1: mouseVisible = True
438.8461 	EXP 	window1: mouseVisible = True
438.8462 	EXP 	window1: mouseVisible = True
438.8463 	EXP 	window1: mouseVisible = True
438.8464 	EXP 	window1: mouseVisible = True
438.8466 	EXP 	window1: mouseVisible = True
438.8467 	EXP 	window1: mouseVisible = True
438.8468 	EXP 	window1: mouseVisible = True
438.8470 	EXP 	window1: mouseVisible = True
438.8471 	EXP 	window1: mouseVisible = True
438.8472 	EXP 	window1: mouseVisible = True
438.8475 	EXP 	window1: mouseVisible = True
438.8477 	EXP 	window1: mouseVisible = True
438.8479 	EXP 	window1: mouseVisible = True
438.8482 	EXP 	window1: mouseVisible = True
438.8484 	EXP 	window1: mouseVisible = True
438.8488 	EXP 	window1: mouseVisible = True
438.8491 	EXP 	window1: mouseVisible = True
438.8493 	EXP 	window1: mouseVisible = True
438.8494 	EXP 	window1: mouseVisible = True
438.8496 	EXP 	window1: mouseVisible = True
438.8497 	EXP 	window1: mouseVisible = True
438.8498 	EXP 	window1: mouseVisible = True
438.8500 	EXP 	window1: mouseVisible = True
438.8501 	EXP 	window1: mouseVisible = True
438.8502 	EXP 	window1: mouseVisible = True
438.8504 	EXP 	window1: mouseVisible = True
438.8505 	EXP 	window1: mouseVisible = True
438.8506 	EXP 	window1: mouseVisible = True
438.8508 	EXP 	window1: mouseVisible = True
438.8509 	EXP 	window1: mouseVisible = True
438.8510 	EXP 	window1: mouseVisible = True
438.8511 	EXP 	window1: mouseVisible = True
438.8513 	EXP 	window1: mouseVisible = True
438.8514 	EXP 	window1: mouseVisible = True
438.8515 	EXP 	window1: mouseVisible = True
438.8517 	EXP 	window1: mouseVisible = True
438.8518 	EXP 	window1: mouseVisible = True
438.8519 	EXP 	window1: mouseVisible = True
438.8520 	EXP 	window1: mouseVisible = True
438.8522 	EXP 	window1: mouseVisible = True
438.8523 	EXP 	window1: mouseVisible = True
438.8524 	EXP 	window1: mouseVisible = True
438.8526 	EXP 	window1: mouseVisible = True
438.8527 	EXP 	window1: mouseVisible = True
438.8529 	EXP 	window1: mouseVisible = True
438.8530 	EXP 	window1: mouseVisible = True
438.8531 	EXP 	window1: mouseVisible = True
438.8533 	EXP 	window1: mouseVisible = True
438.8534 	EXP 	window1: mouseVisible = True
438.8535 	EXP 	window1: mouseVisible = True
438.8536 	EXP 	window1: mouseVisible = True
438.8538 	EXP 	window1: mouseVisible = True
438.8539 	EXP 	window1: mouseVisible = True
438.8540 	EXP 	window1: mouseVisible = True
438.8541 	EXP 	window1: mouseVisible = True
438.8543 	EXP 	window1: mouseVisible = True
438.8544 	EXP 	window1: mouseVisible = True
438.8545 	EXP 	window1: mouseVisible = True
438.8547 	EXP 	window1: mouseVisible = True
438.8548 	EXP 	window1: mouseVisible = True
438.8549 	EXP 	window1: mouseVisible = True
438.8550 	EXP 	window1: mouseVisible = True
438.8552 	EXP 	window1: mouseVisible = True
438.8553 	EXP 	window1: mouseVisible = True
438.8554 	EXP 	window1: mouseVisible = True
438.8555 	EXP 	window1: mouseVisible = True
438.8557 	EXP 	window1: mouseVisible = True
438.8558 	EXP 	window1: mouseVisible = True
438.8559 	EXP 	window1: mouseVisible = True
438.8561 	EXP 	window1: mouseVisible = True
438.8562 	EXP 	window1: mouseVisible = True
438.8563 	EXP 	window1: mouseVisible = True
438.8564 	EXP 	window1: mouseVisible = True
438.8566 	EXP 	window1: mouseVisible = True
438.8567 	EXP 	window1: mouseVisible = True
438.8569 	EXP 	window1: mouseVisible = True
438.8570 	EXP 	window1: mouseVisible = True
438.8571 	EXP 	window1: mouseVisible = True
438.8593 	EXP 	Created ratingScale = RatingScale(__class__=type(...), acceptKeys=['return'], acceptPreText=UNKNOWN, acceptSize=UNKNOWN, acceptText=UNKNOWN, autoLog=True, choices=False, colorSpace='rgb', depth=0, disappear=False, flipVert=False, high=100, kwargs=UNKNOWN, labels=list(...), leftKeys=['left'], lineColor=(255, 255, 255), low=0, marker=Rect(...), markerColor=(255, 255, 255), markerExpansion=UNKNOWN, markerStart=0.5, maxTime=0.0, minTime=0.4, mouseOnly=False, name='ratingScale', noMouse=False, pos=[0.0, 0.0], precision=100, respKeys=[], rightKeys=['right'], scale=None, self=UNKNOWN, showAccept=False, showValue=False, singleClick=False, size=0.6, skipKeys=['tab'], stretch=2.0, textColor='white', textFont='Helvetica Bold', textSize=0.144, tickHeight=0, tickMarks=10.0, win=Window(...))
438.8593 	EXP 	RatingScale ratingScale: reset()
438.8613 	EXP 	window1: mouseVisible = False
438.8721 	EXP 	thermode_locali: autoDraw = False
438.8721 	EXP 	thermode_locali: autoDraw = False
438.8721 	EXP 	ratingScale: flipVert = False
438.8721 	EXP 	ratingScale: autoLog = True
438.8736 	EXP 	window1: mouseVisible = False
438.8902 	EXP 	window1: mouseVisible = False
438.9070 	EXP 	window1: mouseVisible = False
438.9236 	EXP 	window1: mouseVisible = False
438.9402 	EXP 	window1: mouseVisible = False
438.9569 	EXP 	window1: mouseVisible = False
438.9736 	EXP 	window1: mouseVisible = False
438.9902 	EXP 	window1: mouseVisible = False
439.0069 	EXP 	window1: mouseVisible = False
439.0236 	EXP 	window1: mouseVisible = False
439.0402 	EXP 	window1: mouseVisible = False
439.0569 	EXP 	window1: mouseVisible = False
439.0735 	EXP 	window1: mouseVisible = False
439.0902 	EXP 	window1: mouseVisible = False
439.1069 	EXP 	window1: mouseVisible = False
439.1235 	EXP 	window1: mouseVisible = False
439.1402 	EXP 	window1: mouseVisible = False
439.1569 	EXP 	window1: mouseVisible = False
439.1735 	EXP 	window1: mouseVisible = False
439.1902 	EXP 	window1: mouseVisible = False
439.2069 	EXP 	window1: mouseVisible = False
439.2236 	EXP 	window1: mouseVisible = False
439.2402 	EXP 	window1: mouseVisible = False
439.2569 	EXP 	window1: mouseVisible = False
439.2736 	EXP 	window1: mouseVisible = False
439.2902 	EXP 	window1: mouseVisible = False
439.3071 	EXP 	window1: mouseVisible = False
439.3236 	EXP 	window1: mouseVisible = False
439.3402 	EXP 	window1: mouseVisible = False
439.3569 	EXP 	window1: mouseVisible = False
439.3736 	EXP 	window1: mouseVisible = False
439.3902 	EXP 	window1: mouseVisible = False
439.4069 	EXP 	window1: mouseVisible = False
439.4236 	EXP 	window1: mouseVisible = False
439.4402 	EXP 	window1: mouseVisible = False
439.4569 	EXP 	window1: mouseVisible = False
439.4735 	EXP 	window1: mouseVisible = False
439.4902 	EXP 	window1: mouseVisible = False
439.5065 	DATA 	Keypress: n
439.5071 	EXP 	window1: mouseVisible = False
439.5235 	EXP 	window1: mouseVisible = False
439.5402 	EXP 	window1: mouseVisible = False
439.5569 	EXP 	window1: mouseVisible = False
439.5735 	EXP 	window1: mouseVisible = False
439.5902 	EXP 	window1: mouseVisible = False
439.6069 	EXP 	window1: mouseVisible = False
439.6235 	EXP 	window1: mouseVisible = False
439.6403 	EXP 	window1: mouseVisible = False
439.6570 	EXP 	window1: mouseVisible = False
439.6736 	EXP 	window1: mouseVisible = False
439.6902 	EXP 	window1: mouseVisible = False
439.7069 	EXP 	window1: mouseVisible = False
439.7235 	EXP 	window1: mouseVisible = False
439.7402 	EXP 	window1: mouseVisible = False
439.7569 	EXP 	window1: mouseVisible = False
439.7736 	EXP 	window1: mouseVisible = False
439.7902 	EXP 	window1: mouseVisible = False
439.8069 	EXP 	window1: mouseVisible = False
439.8236 	EXP 	window1: mouseVisible = False
439.8402 	EXP 	window1: mouseVisible = False
439.8569 	EXP 	window1: mouseVisible = False
439.8736 	EXP 	window1: mouseVisible = False
439.8902 	EXP 	window1: mouseVisible = False
439.9069 	EXP 	window1: mouseVisible = False
439.9235 	EXP 	window1: mouseVisible = False
439.9402 	EXP 	window1: mouseVisible = False
439.9569 	EXP 	window1: mouseVisible = False
439.9736 	EXP 	window1: mouseVisible = False
439.9902 	EXP 	window1: mouseVisible = False
440.0069 	EXP 	window1: mouseVisible = False
440.0236 	EXP 	window1: mouseVisible = False
440.0405 	EXP 	window1: mouseVisible = False
440.0569 	EXP 	window1: mouseVisible = False
440.0738 	EXP 	window1: mouseVisible = False
440.0903 	EXP 	window1: mouseVisible = False
440.1072 	EXP 	window1: mouseVisible = False
440.1236 	EXP 	window1: mouseVisible = False
440.1403 	EXP 	window1: mouseVisible = False
440.1570 	EXP 	window1: mouseVisible = False
440.1737 	EXP 	window1: mouseVisible = False
440.1903 	EXP 	window1: mouseVisible = False
440.2076 	DATA 	Keypress: space
440.3087 	EXP 	New trial (rep=9, index=0): None
440.3222 	EXP 	main_text: autoDraw = True
440.3222 	EXP 	confirm_text: autoDraw = True
440.3222 	EXP 	ratingScale: autoDraw = False
440.3222 	EXP 	main_text: autoDraw = False
440.3222 	EXP 	confirm_text: autoDraw = False
440.3222 	EXP 	text_2: autoDraw = True
440.3222 	EXP 	croix: autoDraw = True
445.3223 	EXP 	text_2: autoDraw = False
445.3223 	EXP 	croix: autoDraw = False
445.3223 	EXP 	text_2: autoDraw = False
445.3223 	EXP 	croix: autoDraw = False
445.3223 	EXP 	thermode_locali: autoDraw = True
457.3062 	EXP 	window1: mouseVisible = True
457.3071 	EXP 	Created unnamed Rect = Rect(__class__=<class 'psychopy.visual.rect.Rect'>, anchor=('center', 'center'), autoDraw=False, autoLog=True, closeShape=True, color=method-wrapper(...), colorSpace='rgb', contrast=None, depth=0, draggable=False, fillColor=array([1, 1, 1]), fillColorSpace='rgb', fillRGB=array([1, 1, 1]), interpolate=True, lineColor=array([1., 1., 1.]), lineColorSpace='rgb', lineRGB=array([1, 1, 1]), lineWidth=1.5, name='unnamed Rect', opacity=1.0, ori=0.0, pos=array([0., 0.]), size=array([0.01, 0.1 ]), units='norm', vertices=ndarray(...), win=Window(...))
457.3071 	EXP 	window1: mouseVisible = True
457.3072 	EXP 	window1: mouseVisible = True
457.3077 	EXP 	window1: mouseVisible = True
457.3089 	EXP 	window1: mouseVisible = True
457.3100 	EXP 	window1: mouseVisible = True
457.3101 	EXP 	window1: mouseVisible = True
457.3106 	EXP 	window1: mouseVisible = True
457.3108 	EXP 	window1: mouseVisible = True
457.3109 	EXP 	window1: mouseVisible = True
457.3111 	EXP 	window1: mouseVisible = True
457.3112 	EXP 	window1: mouseVisible = True
457.3113 	EXP 	window1: mouseVisible = True
457.3115 	EXP 	window1: mouseVisible = True
457.3116 	EXP 	window1: mouseVisible = True
457.3118 	EXP 	window1: mouseVisible = True
457.3119 	EXP 	window1: mouseVisible = True
457.3120 	EXP 	window1: mouseVisible = True
457.3122 	EXP 	window1: mouseVisible = True
457.3123 	EXP 	window1: mouseVisible = True
457.3124 	EXP 	window1: mouseVisible = True
457.3126 	EXP 	window1: mouseVisible = True
457.3127 	EXP 	window1: mouseVisible = True
457.3128 	EXP 	window1: mouseVisible = True
457.3129 	EXP 	window1: mouseVisible = True
457.3131 	EXP 	window1: mouseVisible = True
457.3132 	EXP 	window1: mouseVisible = True
457.3133 	EXP 	window1: mouseVisible = True
457.3135 	EXP 	window1: mouseVisible = True
457.3136 	EXP 	window1: mouseVisible = True
457.3137 	EXP 	window1: mouseVisible = True
457.3138 	EXP 	window1: mouseVisible = True
457.3140 	EXP 	window1: mouseVisible = True
457.3141 	EXP 	window1: mouseVisible = True
457.3142 	EXP 	window1: mouseVisible = True
457.3144 	EXP 	window1: mouseVisible = True
457.3145 	EXP 	window1: mouseVisible = True
457.3146 	EXP 	window1: mouseVisible = True
457.3148 	EXP 	window1: mouseVisible = True
457.3149 	EXP 	window1: mouseVisible = True
457.3150 	EXP 	window1: mouseVisible = True
457.3151 	EXP 	window1: mouseVisible = True
457.3568 	EXP 	window1: mouseVisible = True
457.3570 	EXP 	window1: mouseVisible = True
457.3572 	EXP 	window1: mouseVisible = True
457.3573 	EXP 	window1: mouseVisible = True
457.3575 	EXP 	window1: mouseVisible = True
457.3576 	EXP 	window1: mouseVisible = True
457.3578 	EXP 	window1: mouseVisible = True
457.3579 	EXP 	window1: mouseVisible = True
457.3581 	EXP 	window1: mouseVisible = True
457.3582 	EXP 	window1: mouseVisible = True
457.3583 	EXP 	window1: mouseVisible = True
457.3585 	EXP 	window1: mouseVisible = True
457.3586 	EXP 	window1: mouseVisible = True
457.3587 	EXP 	window1: mouseVisible = True
457.3590 	EXP 	window1: mouseVisible = True
457.3592 	EXP 	window1: mouseVisible = True
457.3594 	EXP 	window1: mouseVisible = True
457.3595 	EXP 	window1: mouseVisible = True
457.3597 	EXP 	window1: mouseVisible = True
457.3598 	EXP 	window1: mouseVisible = True
457.3599 	EXP 	window1: mouseVisible = True
457.3601 	EXP 	window1: mouseVisible = True
457.3602 	EXP 	window1: mouseVisible = True
457.3603 	EXP 	window1: mouseVisible = True
457.3605 	EXP 	window1: mouseVisible = True
457.3606 	EXP 	window1: mouseVisible = True
457.3607 	EXP 	window1: mouseVisible = True
457.3608 	EXP 	window1: mouseVisible = True
457.3610 	EXP 	window1: mouseVisible = True
457.3611 	EXP 	window1: mouseVisible = True
457.3613 	EXP 	window1: mouseVisible = True
457.3614 	EXP 	window1: mouseVisible = True
457.3615 	EXP 	window1: mouseVisible = True
457.3617 	EXP 	window1: mouseVisible = True
457.3618 	EXP 	window1: mouseVisible = True
457.3619 	EXP 	window1: mouseVisible = True
457.3621 	EXP 	window1: mouseVisible = True
457.3622 	EXP 	window1: mouseVisible = True
457.3623 	EXP 	window1: mouseVisible = True
457.3624 	EXP 	window1: mouseVisible = True
457.3626 	EXP 	window1: mouseVisible = True
457.3627 	EXP 	window1: mouseVisible = True
457.3628 	EXP 	window1: mouseVisible = True
457.3629 	EXP 	window1: mouseVisible = True
457.3631 	EXP 	window1: mouseVisible = True
457.3632 	EXP 	window1: mouseVisible = True
457.3633 	EXP 	window1: mouseVisible = True
457.3634 	EXP 	window1: mouseVisible = True
457.3636 	EXP 	window1: mouseVisible = True
457.3637 	EXP 	window1: mouseVisible = True
457.3638 	EXP 	window1: mouseVisible = True
457.3640 	EXP 	window1: mouseVisible = True
457.3641 	EXP 	window1: mouseVisible = True
457.3642 	EXP 	window1: mouseVisible = True
457.3643 	EXP 	window1: mouseVisible = True
457.3645 	EXP 	window1: mouseVisible = True
457.3646 	EXP 	window1: mouseVisible = True
457.3647 	EXP 	window1: mouseVisible = True
457.3649 	EXP 	window1: mouseVisible = True
457.3650 	EXP 	window1: mouseVisible = True
457.3651 	EXP 	window1: mouseVisible = True
457.3653 	EXP 	window1: mouseVisible = True
457.3654 	EXP 	window1: mouseVisible = True
457.3676 	EXP 	Created ratingScale = RatingScale(__class__=type(...), acceptKeys=['return'], acceptPreText=UNKNOWN, acceptSize=UNKNOWN, acceptText=UNKNOWN, autoLog=True, choices=False, colorSpace='rgb', depth=0, disappear=False, flipVert=False, high=100, kwargs=UNKNOWN, labels=list(...), leftKeys=['left'], lineColor=(255, 255, 255), low=0, marker=Rect(...), markerColor=(255, 255, 255), markerExpansion=UNKNOWN, markerStart=0.5, maxTime=0.0, minTime=0.4, mouseOnly=False, name='ratingScale', noMouse=False, pos=[0.0, 0.0], precision=100, respKeys=[], rightKeys=['right'], scale=None, self=UNKNOWN, showAccept=False, showValue=False, singleClick=False, size=0.6, skipKeys=['tab'], stretch=2.0, textColor='white', textFont='Helvetica Bold', textSize=0.144, tickHeight=0, tickMarks=10.0, win=Window(...))
457.3676 	EXP 	RatingScale ratingScale: reset()
457.3697 	EXP 	window1: mouseVisible = False
457.3724 	EXP 	thermode_locali: autoDraw = False
457.3724 	EXP 	thermode_locali: autoDraw = False
457.3724 	EXP 	ratingScale: flipVert = False
457.3724 	EXP 	ratingScale: autoLog = True
457.3738 	EXP 	window1: mouseVisible = False
457.3904 	EXP 	window1: mouseVisible = False
457.4071 	EXP 	window1: mouseVisible = False
457.4238 	EXP 	window1: mouseVisible = False
457.4404 	EXP 	window1: mouseVisible = False
457.4571 	EXP 	window1: mouseVisible = False
457.4739 	EXP 	window1: mouseVisible = False
457.4905 	EXP 	window1: mouseVisible = False
457.5071 	EXP 	window1: mouseVisible = False
457.5238 	EXP 	window1: mouseVisible = False
457.5405 	EXP 	window1: mouseVisible = False
457.5571 	EXP 	window1: mouseVisible = False
457.5738 	EXP 	window1: mouseVisible = False
457.5905 	EXP 	window1: mouseVisible = False
457.6071 	EXP 	window1: mouseVisible = False
457.6238 	EXP 	window1: mouseVisible = False
457.6408 	EXP 	window1: mouseVisible = False
457.6573 	EXP 	window1: mouseVisible = False
457.6739 	EXP 	window1: mouseVisible = False
457.6905 	EXP 	window1: mouseVisible = False
457.7071 	EXP 	window1: mouseVisible = False
457.7237 	EXP 	window1: mouseVisible = False
457.7405 	EXP 	window1: mouseVisible = False
457.7571 	EXP 	window1: mouseVisible = False
457.7738 	EXP 	window1: mouseVisible = False
457.7904 	EXP 	window1: mouseVisible = False
457.8072 	EXP 	window1: mouseVisible = False
457.8238 	EXP 	window1: mouseVisible = False
457.8401 	DATA 	Keypress: m
457.8407 	EXP 	window1: mouseVisible = False
457.8573 	EXP 	window1: mouseVisible = False
457.8738 	EXP 	window1: mouseVisible = False
457.8904 	EXP 	window1: mouseVisible = False
457.9071 	EXP 	window1: mouseVisible = False
457.9239 	EXP 	window1: mouseVisible = False
457.9405 	EXP 	window1: mouseVisible = False
457.9571 	EXP 	window1: mouseVisible = False
457.9738 	EXP 	window1: mouseVisible = False
457.9904 	EXP 	window1: mouseVisible = False
458.0071 	EXP 	window1: mouseVisible = False
458.0238 	EXP 	window1: mouseVisible = False
458.0404 	EXP 	window1: mouseVisible = False
458.0572 	EXP 	window1: mouseVisible = False
458.0738 	EXP 	window1: mouseVisible = False
458.0904 	EXP 	window1: mouseVisible = False
458.1071 	EXP 	window1: mouseVisible = False
458.1238 	EXP 	window1: mouseVisible = False
458.1405 	EXP 	window1: mouseVisible = False
458.1571 	EXP 	window1: mouseVisible = False
458.1738 	EXP 	window1: mouseVisible = False
458.1905 	EXP 	window1: mouseVisible = False
458.2071 	EXP 	window1: mouseVisible = False
458.2238 	EXP 	window1: mouseVisible = False
458.2404 	EXP 	window1: mouseVisible = False
458.2572 	EXP 	window1: mouseVisible = False
458.2738 	EXP 	window1: mouseVisible = False
458.2905 	EXP 	window1: mouseVisible = False
458.3071 	EXP 	window1: mouseVisible = False
458.3238 	EXP 	window1: mouseVisible = False
458.3406 	EXP 	window1: mouseVisible = False
458.3581 	EXP 	window1: mouseVisible = False
458.3740 	EXP 	window1: mouseVisible = False
458.3905 	EXP 	window1: mouseVisible = False
458.4072 	EXP 	window1: mouseVisible = False
458.4238 	EXP 	window1: mouseVisible = False
458.4405 	EXP 	window1: mouseVisible = False
458.4572 	EXP 	window1: mouseVisible = False
458.4738 	EXP 	window1: mouseVisible = False
458.4905 	EXP 	window1: mouseVisible = False
458.5071 	EXP 	window1: mouseVisible = False
458.5239 	EXP 	window1: mouseVisible = False
458.5405 	EXP 	window1: mouseVisible = False
458.5574 	EXP 	window1: mouseVisible = False
458.5738 	EXP 	window1: mouseVisible = False
458.5905 	EXP 	window1: mouseVisible = False
458.6071 	EXP 	window1: mouseVisible = False
458.6239 	EXP 	window1: mouseVisible = False
458.6405 	EXP 	window1: mouseVisible = False
458.6571 	EXP 	window1: mouseVisible = False
458.6739 	EXP 	window1: mouseVisible = False
458.6905 	EXP 	window1: mouseVisible = False
458.7072 	EXP 	window1: mouseVisible = False
458.7238 	EXP 	window1: mouseVisible = False
458.7406 	EXP 	window1: mouseVisible = False
458.7572 	EXP 	window1: mouseVisible = False
458.7738 	EXP 	window1: mouseVisible = False
458.7905 	EXP 	window1: mouseVisible = False
458.8072 	EXP 	window1: mouseVisible = False
458.8238 	EXP 	window1: mouseVisible = False
458.8405 	EXP 	window1: mouseVisible = False
458.8573 	EXP 	window1: mouseVisible = False
458.8738 	EXP 	window1: mouseVisible = False
458.8906 	EXP 	window1: mouseVisible = False
458.9073 	EXP 	window1: mouseVisible = False
458.9239 	EXP 	window1: mouseVisible = False
458.9410 	EXP 	window1: mouseVisible = False
458.9574 	EXP 	window1: mouseVisible = False
458.9741 	EXP 	window1: mouseVisible = False
458.9905 	EXP 	window1: mouseVisible = False
459.0073 	EXP 	window1: mouseVisible = False
459.0241 	EXP 	window1: mouseVisible = False
459.0407 	EXP 	window1: mouseVisible = False
459.0573 	EXP 	window1: mouseVisible = False
459.0740 	EXP 	window1: mouseVisible = False
459.0906 	EXP 	window1: mouseVisible = False
459.1073 	EXP 	window1: mouseVisible = False
459.1239 	EXP 	window1: mouseVisible = False
459.1406 	EXP 	window1: mouseVisible = False
459.1572 	EXP 	window1: mouseVisible = False
459.1740 	EXP 	window1: mouseVisible = False
459.1906 	EXP 	window1: mouseVisible = False
459.2073 	EXP 	window1: mouseVisible = False
459.2239 	EXP 	window1: mouseVisible = False
459.2406 	EXP 	window1: mouseVisible = False
459.2572 	EXP 	window1: mouseVisible = False
459.2739 	EXP 	window1: mouseVisible = False
459.2906 	EXP 	window1: mouseVisible = False
459.3074 	EXP 	window1: mouseVisible = False
459.3238 	EXP 	window1: mouseVisible = False
459.3406 	EXP 	window1: mouseVisible = False
459.3576 	EXP 	window1: mouseVisible = False
459.3739 	EXP 	window1: mouseVisible = False
459.3905 	EXP 	window1: mouseVisible = False
459.4072 	EXP 	window1: mouseVisible = False
459.4238 	EXP 	window1: mouseVisible = False
459.4405 	EXP 	window1: mouseVisible = False
459.4571 	EXP 	window1: mouseVisible = False
459.4739 	EXP 	window1: mouseVisible = False
459.4905 	EXP 	window1: mouseVisible = False
459.5073 	EXP 	window1: mouseVisible = False
459.5237 	EXP 	window1: mouseVisible = False
459.5405 	EXP 	window1: mouseVisible = False
459.5572 	EXP 	window1: mouseVisible = False
459.5739 	EXP 	window1: mouseVisible = False
459.5905 	EXP 	window1: mouseVisible = False
459.6073 	EXP 	window1: mouseVisible = False
459.6238 	EXP 	window1: mouseVisible = False
459.6405 	EXP 	window1: mouseVisible = False
459.6572 	EXP 	window1: mouseVisible = False
459.6738 	EXP 	window1: mouseVisible = False
459.6905 	EXP 	window1: mouseVisible = False
459.7072 	EXP 	window1: mouseVisible = False
459.7239 	EXP 	window1: mouseVisible = False
459.7406 	EXP 	window1: mouseVisible = False
459.7572 	EXP 	window1: mouseVisible = False
459.7739 	EXP 	window1: mouseVisible = False
459.7906 	EXP 	window1: mouseVisible = False
459.8072 	EXP 	window1: mouseVisible = False
459.8238 	EXP 	window1: mouseVisible = False
459.8405 	EXP 	window1: mouseVisible = False
459.8572 	EXP 	window1: mouseVisible = False
459.8739 	EXP 	window1: mouseVisible = False
459.8905 	EXP 	window1: mouseVisible = False
459.9072 	EXP 	window1: mouseVisible = False
459.9239 	EXP 	window1: mouseVisible = False
459.9406 	EXP 	window1: mouseVisible = False
459.9574 	EXP 	window1: mouseVisible = False
459.9742 	EXP 	window1: mouseVisible = False
459.9905 	EXP 	window1: mouseVisible = False
460.0072 	EXP 	window1: mouseVisible = False
460.0238 	EXP 	window1: mouseVisible = False
460.0405 	EXP 	window1: mouseVisible = False
460.0572 	EXP 	window1: mouseVisible = False
460.0739 	EXP 	window1: mouseVisible = False
460.0905 	EXP 	window1: mouseVisible = False
460.1072 	EXP 	window1: mouseVisible = False
460.1238 	EXP 	window1: mouseVisible = False
460.1406 	EXP 	window1: mouseVisible = False
460.1572 	EXP 	window1: mouseVisible = False
460.1740 	EXP 	window1: mouseVisible = False
460.1906 	EXP 	window1: mouseVisible = False
460.2072 	EXP 	window1: mouseVisible = False
460.2238 	EXP 	window1: mouseVisible = False
460.2406 	EXP 	window1: mouseVisible = False
460.2572 	EXP 	window1: mouseVisible = False
460.2739 	EXP 	window1: mouseVisible = False
460.2905 	EXP 	window1: mouseVisible = False
460.3071 	EXP 	window1: mouseVisible = False
460.3238 	EXP 	window1: mouseVisible = False
460.3405 	EXP 	window1: mouseVisible = False
460.3572 	EXP 	window1: mouseVisible = False
460.3738 	EXP 	window1: mouseVisible = False
460.3905 	EXP 	window1: mouseVisible = False
460.4072 	EXP 	window1: mouseVisible = False
460.4238 	EXP 	window1: mouseVisible = False
460.4405 	EXP 	window1: mouseVisible = False
460.4572 	EXP 	window1: mouseVisible = False
460.4739 	EXP 	window1: mouseVisible = False
460.4905 	EXP 	window1: mouseVisible = False
460.5072 	EXP 	window1: mouseVisible = False
460.5238 	EXP 	window1: mouseVisible = False
460.5406 	EXP 	window1: mouseVisible = False
460.5572 	EXP 	window1: mouseVisible = False
460.5738 	EXP 	window1: mouseVisible = False
460.5905 	EXP 	window1: mouseVisible = False
460.6072 	EXP 	window1: mouseVisible = False
460.6236 	DATA 	Keypress: m
460.6242 	EXP 	window1: mouseVisible = False
460.6405 	EXP 	window1: mouseVisible = False
460.6572 	EXP 	window1: mouseVisible = False
460.6738 	EXP 	window1: mouseVisible = False
460.6905 	EXP 	window1: mouseVisible = False
460.7071 	EXP 	window1: mouseVisible = False
460.7239 	EXP 	window1: mouseVisible = False
460.7407 	EXP 	window1: mouseVisible = False
460.7572 	EXP 	window1: mouseVisible = False
460.7738 	EXP 	window1: mouseVisible = False
460.7905 	EXP 	window1: mouseVisible = False
460.8073 	EXP 	window1: mouseVisible = False
460.8239 	EXP 	window1: mouseVisible = False
460.8405 	EXP 	window1: mouseVisible = False
460.8572 	EXP 	window1: mouseVisible = False
460.8738 	EXP 	window1: mouseVisible = False
460.8905 	EXP 	window1: mouseVisible = False
460.9072 	EXP 	window1: mouseVisible = False
460.9238 	EXP 	window1: mouseVisible = False
460.9405 	EXP 	window1: mouseVisible = False
460.9572 	EXP 	window1: mouseVisible = False
460.9738 	EXP 	window1: mouseVisible = False
460.9905 	EXP 	window1: mouseVisible = False
461.0072 	EXP 	window1: mouseVisible = False
461.0239 	EXP 	window1: mouseVisible = False
461.0406 	EXP 	window1: mouseVisible = False
461.0572 	EXP 	window1: mouseVisible = False
461.0739 	EXP 	window1: mouseVisible = False
461.0905 	EXP 	window1: mouseVisible = False
461.1072 	EXP 	window1: mouseVisible = False
461.1238 	EXP 	window1: mouseVisible = False
461.1405 	EXP 	window1: mouseVisible = False
461.1573 	EXP 	window1: mouseVisible = False
461.1739 	EXP 	window1: mouseVisible = False
461.1905 	EXP 	window1: mouseVisible = False
461.2072 	EXP 	window1: mouseVisible = False
461.2238 	EXP 	window1: mouseVisible = False
461.2405 	EXP 	window1: mouseVisible = False
461.2572 	EXP 	window1: mouseVisible = False
461.2736 	DATA 	Keypress: space
461.3752 	EXP 	New trial (rep=10, index=0): None
461.3890 	EXP 	main_text: autoDraw = True
461.3890 	EXP 	confirm_text: autoDraw = True
461.3890 	EXP 	ratingScale: autoDraw = False
461.3890 	EXP 	main_text: autoDraw = False
461.3890 	EXP 	confirm_text: autoDraw = False
461.3890 	EXP 	text_2: autoDraw = True
461.3890 	EXP 	croix: autoDraw = True
466.3892 	EXP 	text_2: autoDraw = False
466.3892 	EXP 	croix: autoDraw = False
466.3892 	EXP 	text_2: autoDraw = False
466.3892 	EXP 	croix: autoDraw = False
466.3892 	EXP 	thermode_locali: autoDraw = True
478.3731 	EXP 	window1: mouseVisible = True
478.3739 	EXP 	Created unnamed Rect = Rect(__class__=<class 'psychopy.visual.rect.Rect'>, anchor=('center', 'center'), autoDraw=False, autoLog=True, closeShape=True, color=method-wrapper(...), colorSpace='rgb', contrast=None, depth=0, draggable=False, fillColor=array([1, 1, 1]), fillColorSpace='rgb', fillRGB=array([1, 1, 1]), interpolate=True, lineColor=array([1., 1., 1.]), lineColorSpace='rgb', lineRGB=array([1, 1, 1]), lineWidth=1.5, name='unnamed Rect', opacity=1.0, ori=0.0, pos=array([0., 0.]), size=array([0.01, 0.1 ]), units='norm', vertices=ndarray(...), win=Window(...))
478.3740 	EXP 	window1: mouseVisible = True
478.3741 	EXP 	window1: mouseVisible = True
478.3746 	EXP 	window1: mouseVisible = True
478.3757 	EXP 	window1: mouseVisible = True
478.3768 	EXP 	window1: mouseVisible = True
478.3770 	EXP 	window1: mouseVisible = True
478.3772 	EXP 	window1: mouseVisible = True
478.3773 	EXP 	window1: mouseVisible = True
478.3775 	EXP 	window1: mouseVisible = True
478.3776 	EXP 	window1: mouseVisible = True
478.3777 	EXP 	window1: mouseVisible = True
478.3779 	EXP 	window1: mouseVisible = True
478.3780 	EXP 	window1: mouseVisible = True
478.3781 	EXP 	window1: mouseVisible = True
478.3783 	EXP 	window1: mouseVisible = True
478.3784 	EXP 	window1: mouseVisible = True
478.3785 	EXP 	window1: mouseVisible = True
478.3786 	EXP 	window1: mouseVisible = True
478.3788 	EXP 	window1: mouseVisible = True
478.3789 	EXP 	window1: mouseVisible = True
478.3790 	EXP 	window1: mouseVisible = True
478.3792 	EXP 	window1: mouseVisible = True
478.3793 	EXP 	window1: mouseVisible = True
478.3794 	EXP 	window1: mouseVisible = True
478.3795 	EXP 	window1: mouseVisible = True
478.3797 	EXP 	window1: mouseVisible = True
478.3798 	EXP 	window1: mouseVisible = True
478.3799 	EXP 	window1: mouseVisible = True
478.3800 	EXP 	window1: mouseVisible = True
478.3802 	EXP 	window1: mouseVisible = True
478.3803 	EXP 	window1: mouseVisible = True
478.3804 	EXP 	window1: mouseVisible = True
478.3806 	EXP 	window1: mouseVisible = True
478.3807 	EXP 	window1: mouseVisible = True
478.3808 	EXP 	window1: mouseVisible = True
478.3809 	EXP 	window1: mouseVisible = True
478.3811 	EXP 	window1: mouseVisible = True
478.3812 	EXP 	window1: mouseVisible = True
478.3813 	EXP 	window1: mouseVisible = True
478.3815 	EXP 	window1: mouseVisible = True
478.3816 	EXP 	window1: mouseVisible = True
478.3817 	EXP 	window1: mouseVisible = True
478.3819 	EXP 	window1: mouseVisible = True
478.3820 	EXP 	window1: mouseVisible = True
478.3821 	EXP 	window1: mouseVisible = True
478.3823 	EXP 	window1: mouseVisible = True
478.3824 	EXP 	window1: mouseVisible = True
478.3825 	EXP 	window1: mouseVisible = True
478.3826 	EXP 	window1: mouseVisible = True
478.3828 	EXP 	window1: mouseVisible = True
478.3829 	EXP 	window1: mouseVisible = True
478.3830 	EXP 	window1: mouseVisible = True
478.3832 	EXP 	window1: mouseVisible = True
478.3833 	EXP 	window1: mouseVisible = True
478.3834 	EXP 	window1: mouseVisible = True
478.3835 	EXP 	window1: mouseVisible = True
478.3837 	EXP 	window1: mouseVisible = True
478.3838 	EXP 	window1: mouseVisible = True
478.3839 	EXP 	window1: mouseVisible = True
478.3840 	EXP 	window1: mouseVisible = True
478.3842 	EXP 	window1: mouseVisible = True
478.3843 	EXP 	window1: mouseVisible = True
478.3844 	EXP 	window1: mouseVisible = True
478.3845 	EXP 	window1: mouseVisible = True
478.3847 	EXP 	window1: mouseVisible = True
478.3848 	EXP 	window1: mouseVisible = True
478.3849 	EXP 	window1: mouseVisible = True
478.3850 	EXP 	window1: mouseVisible = True
478.3852 	EXP 	window1: mouseVisible = True
478.3856 	EXP 	window1: mouseVisible = True
478.3857 	EXP 	window1: mouseVisible = True
478.3859 	EXP 	window1: mouseVisible = True
478.3860 	EXP 	window1: mouseVisible = True
478.3862 	EXP 	window1: mouseVisible = True
478.3863 	EXP 	window1: mouseVisible = True
478.3864 	EXP 	window1: mouseVisible = True
478.3865 	EXP 	window1: mouseVisible = True
478.3867 	EXP 	window1: mouseVisible = True
478.3868 	EXP 	window1: mouseVisible = True
478.3869 	EXP 	window1: mouseVisible = True
478.3871 	EXP 	window1: mouseVisible = True
478.3872 	EXP 	window1: mouseVisible = True
478.3873 	EXP 	window1: mouseVisible = True
478.3874 	EXP 	window1: mouseVisible = True
478.3876 	EXP 	window1: mouseVisible = True
478.3877 	EXP 	window1: mouseVisible = True
478.3878 	EXP 	window1: mouseVisible = True
478.3880 	EXP 	window1: mouseVisible = True
478.3881 	EXP 	window1: mouseVisible = True
478.3882 	EXP 	window1: mouseVisible = True
478.3883 	EXP 	window1: mouseVisible = True
478.3885 	EXP 	window1: mouseVisible = True
478.3886 	EXP 	window1: mouseVisible = True
478.3887 	EXP 	window1: mouseVisible = True
478.3889 	EXP 	window1: mouseVisible = True
478.3890 	EXP 	window1: mouseVisible = True
478.3891 	EXP 	window1: mouseVisible = True
478.3892 	EXP 	window1: mouseVisible = True
478.3894 	EXP 	window1: mouseVisible = True
478.3895 	EXP 	window1: mouseVisible = True
478.3897 	EXP 	window1: mouseVisible = True
478.3898 	EXP 	window1: mouseVisible = True
478.3899 	EXP 	window1: mouseVisible = True
478.3900 	EXP 	window1: mouseVisible = True
478.3921 	EXP 	Created ratingScale = RatingScale(__class__=type(...), acceptKeys=['return'], acceptPreText=UNKNOWN, acceptSize=UNKNOWN, acceptText=UNKNOWN, autoLog=True, choices=False, colorSpace='rgb', depth=0, disappear=False, flipVert=False, high=100, kwargs=UNKNOWN, labels=list(...), leftKeys=['left'], lineColor=(255, 255, 255), low=0, marker=Rect(...), markerColor=(255, 255, 255), markerExpansion=UNKNOWN, markerStart=0.5, maxTime=0.0, minTime=0.4, mouseOnly=False, name='ratingScale', noMouse=False, pos=[0.0, 0.0], precision=100, respKeys=[], rightKeys=['right'], scale=None, self=UNKNOWN, showAccept=False, showValue=False, singleClick=False, size=0.6, skipKeys=['tab'], stretch=2.0, textColor='white', textFont='Helvetica Bold', textSize=0.144, tickHeight=0, tickMarks=10.0, win=Window(...))
478.3922 	EXP 	RatingScale ratingScale: reset()
478.3941 	EXP 	window1: mouseVisible = False
478.4059 	EXP 	thermode_locali: autoDraw = False
478.4059 	EXP 	thermode_locali: autoDraw = False
478.4059 	EXP 	ratingScale: flipVert = False
478.4059 	EXP 	ratingScale: autoLog = True
478.4074 	EXP 	window1: mouseVisible = False
478.4240 	EXP 	window1: mouseVisible = False
478.4407 	EXP 	window1: mouseVisible = False
478.4574 	EXP 	window1: mouseVisible = False
478.4740 	EXP 	window1: mouseVisible = False
478.4906 	EXP 	window1: mouseVisible = False
478.5073 	EXP 	window1: mouseVisible = False
478.5240 	EXP 	window1: mouseVisible = False
478.5407 	EXP 	window1: mouseVisible = False
478.5576 	EXP 	window1: mouseVisible = False
478.5740 	EXP 	window1: mouseVisible = False
478.5907 	EXP 	window1: mouseVisible = False
478.6073 	EXP 	window1: mouseVisible = False
478.6240 	EXP 	window1: mouseVisible = False
478.6407 	EXP 	window1: mouseVisible = False
478.6573 	EXP 	window1: mouseVisible = False
478.6740 	EXP 	window1: mouseVisible = False
478.6907 	EXP 	window1: mouseVisible = False
478.7077 	EXP 	window1: mouseVisible = False
478.7241 	EXP 	window1: mouseVisible = False
478.7406 	EXP 	window1: mouseVisible = False
478.7573 	EXP 	window1: mouseVisible = False
478.7740 	EXP 	window1: mouseVisible = False
478.7907 	EXP 	window1: mouseVisible = False
478.8073 	EXP 	window1: mouseVisible = False
478.8240 	EXP 	window1: mouseVisible = False
478.8407 	EXP 	window1: mouseVisible = False
478.8573 	EXP 	window1: mouseVisible = False
478.8740 	EXP 	window1: mouseVisible = False
478.8907 	EXP 	window1: mouseVisible = False
478.9073 	EXP 	window1: mouseVisible = False
478.9239 	EXP 	window1: mouseVisible = False
478.9406 	EXP 	window1: mouseVisible = False
478.9573 	EXP 	window1: mouseVisible = False
478.9740 	EXP 	window1: mouseVisible = False
478.9906 	EXP 	window1: mouseVisible = False
479.0073 	EXP 	window1: mouseVisible = False
479.0240 	EXP 	window1: mouseVisible = False
479.0407 	EXP 	window1: mouseVisible = False
479.0573 	EXP 	window1: mouseVisible = False
479.0740 	EXP 	window1: mouseVisible = False
479.0907 	EXP 	window1: mouseVisible = False
479.1073 	EXP 	window1: mouseVisible = False
479.1240 	EXP 	window1: mouseVisible = False
479.1407 	EXP 	window1: mouseVisible = False
479.1573 	EXP 	window1: mouseVisible = False
479.1740 	EXP 	window1: mouseVisible = False
479.1907 	EXP 	window1: mouseVisible = False
479.2073 	EXP 	window1: mouseVisible = False
479.2240 	EXP 	window1: mouseVisible = False
479.2406 	EXP 	window1: mouseVisible = False
479.2573 	EXP 	window1: mouseVisible = False
479.2739 	EXP 	window1: mouseVisible = False
479.2906 	EXP 	window1: mouseVisible = False
479.3073 	EXP 	window1: mouseVisible = False
479.3239 	EXP 	window1: mouseVisible = False
479.3407 	EXP 	window1: mouseVisible = False
479.3573 	EXP 	window1: mouseVisible = False
479.3740 	EXP 	window1: mouseVisible = False
479.3907 	EXP 	window1: mouseVisible = False
479.4073 	EXP 	window1: mouseVisible = False
479.4240 	EXP 	window1: mouseVisible = False
479.4407 	EXP 	window1: mouseVisible = False
479.4573 	EXP 	window1: mouseVisible = False
479.4738 	DATA 	Keypress: n
479.4744 	EXP 	window1: mouseVisible = False
479.4907 	EXP 	window1: mouseVisible = False
479.5074 	EXP 	window1: mouseVisible = False
479.5242 	EXP 	window1: mouseVisible = False
479.5409 	EXP 	window1: mouseVisible = False
479.5574 	EXP 	window1: mouseVisible = False
479.5741 	EXP 	window1: mouseVisible = False
479.5908 	EXP 	window1: mouseVisible = False
479.6073 	EXP 	window1: mouseVisible = False
479.6241 	EXP 	window1: mouseVisible = False
479.6408 	EXP 	window1: mouseVisible = False
479.6575 	EXP 	window1: mouseVisible = False
479.6741 	EXP 	window1: mouseVisible = False
479.6908 	EXP 	window1: mouseVisible = False
479.7074 	EXP 	window1: mouseVisible = False
479.7240 	EXP 	window1: mouseVisible = False
479.7407 	EXP 	window1: mouseVisible = False
479.7575 	EXP 	window1: mouseVisible = False
479.7741 	EXP 	window1: mouseVisible = False
479.7906 	EXP 	window1: mouseVisible = False
479.8073 	EXP 	window1: mouseVisible = False
479.8240 	EXP 	window1: mouseVisible = False
479.8406 	EXP 	window1: mouseVisible = False
479.8575 	EXP 	window1: mouseVisible = False
479.8742 	EXP 	window1: mouseVisible = False
479.8907 	EXP 	window1: mouseVisible = False
479.9073 	EXP 	window1: mouseVisible = False
479.9241 	EXP 	window1: mouseVisible = False
479.9413 	EXP 	window1: mouseVisible = False
479.9574 	EXP 	window1: mouseVisible = False
479.9742 	EXP 	window1: mouseVisible = False
479.9908 	EXP 	window1: mouseVisible = False
480.0075 	EXP 	window1: mouseVisible = False
480.0241 	EXP 	window1: mouseVisible = False
480.0408 	EXP 	window1: mouseVisible = False
480.0576 	EXP 	window1: mouseVisible = False
480.0740 	EXP 	window1: mouseVisible = False
480.0907 	EXP 	window1: mouseVisible = False
480.1073 	EXP 	window1: mouseVisible = False
480.1241 	EXP 	window1: mouseVisible = False
480.1407 	EXP 	window1: mouseVisible = False
480.1575 	EXP 	window1: mouseVisible = False
480.1741 	EXP 	window1: mouseVisible = False
480.1907 	EXP 	window1: mouseVisible = False
480.2074 	EXP 	window1: mouseVisible = False
480.2240 	EXP 	window1: mouseVisible = False
480.2408 	EXP 	window1: mouseVisible = False
480.2574 	EXP 	window1: mouseVisible = False
480.2743 	EXP 	window1: mouseVisible = False
480.2908 	EXP 	window1: mouseVisible = False
480.3074 	EXP 	window1: mouseVisible = False
480.3241 	EXP 	window1: mouseVisible = False
480.3407 	EXP 	window1: mouseVisible = False
480.3575 	EXP 	window1: mouseVisible = False
480.3740 	EXP 	window1: mouseVisible = False
480.3907 	EXP 	window1: mouseVisible = False
480.4075 	EXP 	window1: mouseVisible = False
480.4240 	EXP 	window1: mouseVisible = False
480.4407 	EXP 	window1: mouseVisible = False
480.4573 	EXP 	window1: mouseVisible = False
480.4740 	EXP 	window1: mouseVisible = False
480.4906 	EXP 	window1: mouseVisible = False
480.5074 	EXP 	window1: mouseVisible = False
480.5240 	EXP 	window1: mouseVisible = False
480.5407 	EXP 	window1: mouseVisible = False
480.5572 	EXP 	window1: mouseVisible = False
480.5741 	EXP 	window1: mouseVisible = False
480.5907 	EXP 	window1: mouseVisible = False
480.6073 	EXP 	window1: mouseVisible = False
480.6241 	EXP 	window1: mouseVisible = False
480.6407 	EXP 	window1: mouseVisible = False
480.6575 	DATA 	Keypress: space
480.7580 	EXP 	New trial (rep=11, index=0): None
480.7725 	EXP 	main_text: autoDraw = True
480.7725 	EXP 	confirm_text: autoDraw = True
480.7725 	EXP 	ratingScale: autoDraw = False
480.7725 	EXP 	main_text: autoDraw = False
480.7725 	EXP 	confirm_text: autoDraw = False
480.7725 	EXP 	text_2: autoDraw = True
480.7725 	EXP 	croix: autoDraw = True
485.7727 	EXP 	text_2: autoDraw = False
485.7727 	EXP 	croix: autoDraw = False
485.7727 	EXP 	text_2: autoDraw = False
485.7727 	EXP 	croix: autoDraw = False
485.7727 	EXP 	thermode_locali: autoDraw = True
497.7568 	EXP 	window1: mouseVisible = True
497.7577 	EXP 	Created unnamed Rect = Rect(__class__=<class 'psychopy.visual.rect.Rect'>, anchor=('center', 'center'), autoDraw=False, autoLog=True, closeShape=True, color=method-wrapper(...), colorSpace='rgb', contrast=None, depth=0, draggable=False, fillColor=array([1, 1, 1]), fillColorSpace='rgb', fillRGB=array([1, 1, 1]), interpolate=True, lineColor=array([1., 1., 1.]), lineColorSpace='rgb', lineRGB=array([1, 1, 1]), lineWidth=1.5, name='unnamed Rect', opacity=1.0, ori=0.0, pos=array([0., 0.]), size=array([0.01, 0.1 ]), units='norm', vertices=ndarray(...), win=Window(...))
497.7578 	EXP 	window1: mouseVisible = True
497.7579 	EXP 	window1: mouseVisible = True
497.7583 	EXP 	window1: mouseVisible = True
497.7595 	EXP 	window1: mouseVisible = True
497.7606 	EXP 	window1: mouseVisible = True
497.7608 	EXP 	window1: mouseVisible = True
497.7609 	EXP 	window1: mouseVisible = True
497.7611 	EXP 	window1: mouseVisible = True
497.7612 	EXP 	window1: mouseVisible = True
497.7613 	EXP 	window1: mouseVisible = True
497.7615 	EXP 	window1: mouseVisible = True
497.7616 	EXP 	window1: mouseVisible = True
497.7617 	EXP 	window1: mouseVisible = True
497.7619 	EXP 	window1: mouseVisible = True
497.7620 	EXP 	window1: mouseVisible = True
497.7621 	EXP 	window1: mouseVisible = True
497.7623 	EXP 	window1: mouseVisible = True
497.7625 	EXP 	window1: mouseVisible = True
497.7626 	EXP 	window1: mouseVisible = True
497.7627 	EXP 	window1: mouseVisible = True
497.7629 	EXP 	window1: mouseVisible = True
497.7630 	EXP 	window1: mouseVisible = True
497.7631 	EXP 	window1: mouseVisible = True
497.7633 	EXP 	window1: mouseVisible = True
497.7634 	EXP 	window1: mouseVisible = True
497.7635 	EXP 	window1: mouseVisible = True
497.7636 	EXP 	window1: mouseVisible = True
497.7638 	EXP 	window1: mouseVisible = True
497.7639 	EXP 	window1: mouseVisible = True
497.7640 	EXP 	window1: mouseVisible = True
497.7641 	EXP 	window1: mouseVisible = True
497.7643 	EXP 	window1: mouseVisible = True
497.7644 	EXP 	window1: mouseVisible = True
497.7645 	EXP 	window1: mouseVisible = True
497.7646 	EXP 	window1: mouseVisible = True
497.7648 	EXP 	window1: mouseVisible = True
497.7649 	EXP 	window1: mouseVisible = True
497.7650 	EXP 	window1: mouseVisible = True
497.7651 	EXP 	window1: mouseVisible = True
497.7653 	EXP 	window1: mouseVisible = True
497.7654 	EXP 	window1: mouseVisible = True
497.7655 	EXP 	window1: mouseVisible = True
497.7657 	EXP 	window1: mouseVisible = True
497.7658 	EXP 	window1: mouseVisible = True
497.7659 	EXP 	window1: mouseVisible = True
497.7660 	EXP 	window1: mouseVisible = True
497.7662 	EXP 	window1: mouseVisible = True
497.7663 	EXP 	window1: mouseVisible = True
497.7664 	EXP 	window1: mouseVisible = True
497.7666 	EXP 	window1: mouseVisible = True
497.7667 	EXP 	window1: mouseVisible = True
497.7668 	EXP 	window1: mouseVisible = True
497.7670 	EXP 	window1: mouseVisible = True
497.7671 	EXP 	window1: mouseVisible = True
497.7672 	EXP 	window1: mouseVisible = True
497.7674 	EXP 	window1: mouseVisible = True
497.7675 	EXP 	window1: mouseVisible = True
497.7676 	EXP 	window1: mouseVisible = True
497.7677 	EXP 	window1: mouseVisible = True
497.7679 	EXP 	window1: mouseVisible = True
497.7680 	EXP 	window1: mouseVisible = True
497.7681 	EXP 	window1: mouseVisible = True
497.7682 	EXP 	window1: mouseVisible = True
497.7684 	EXP 	window1: mouseVisible = True
497.7685 	EXP 	window1: mouseVisible = True
497.7686 	EXP 	window1: mouseVisible = True
497.7687 	EXP 	window1: mouseVisible = True
497.7689 	EXP 	window1: mouseVisible = True
497.7690 	EXP 	window1: mouseVisible = True
497.7691 	EXP 	window1: mouseVisible = True
497.7693 	EXP 	window1: mouseVisible = True
497.7694 	EXP 	window1: mouseVisible = True
497.7695 	EXP 	window1: mouseVisible = True
497.7696 	EXP 	window1: mouseVisible = True
497.7698 	EXP 	window1: mouseVisible = True
497.7699 	EXP 	window1: mouseVisible = True
497.7700 	EXP 	window1: mouseVisible = True
497.7701 	EXP 	window1: mouseVisible = True
497.7703 	EXP 	window1: mouseVisible = True
497.7704 	EXP 	window1: mouseVisible = True
497.7705 	EXP 	window1: mouseVisible = True
497.7707 	EXP 	window1: mouseVisible = True
497.7708 	EXP 	window1: mouseVisible = True
497.7709 	EXP 	window1: mouseVisible = True
497.7711 	EXP 	window1: mouseVisible = True
497.7712 	EXP 	window1: mouseVisible = True
497.7713 	EXP 	window1: mouseVisible = True
497.7714 	EXP 	window1: mouseVisible = True
497.7716 	EXP 	window1: mouseVisible = True
497.7717 	EXP 	window1: mouseVisible = True
497.7718 	EXP 	window1: mouseVisible = True
497.7720 	EXP 	window1: mouseVisible = True
497.7721 	EXP 	window1: mouseVisible = True
497.7722 	EXP 	window1: mouseVisible = True
497.7723 	EXP 	window1: mouseVisible = True
497.7725 	EXP 	window1: mouseVisible = True
497.7726 	EXP 	window1: mouseVisible = True
497.7727 	EXP 	window1: mouseVisible = True
497.7728 	EXP 	window1: mouseVisible = True
497.7730 	EXP 	window1: mouseVisible = True
497.7731 	EXP 	window1: mouseVisible = True
497.7732 	EXP 	window1: mouseVisible = True
497.7733 	EXP 	window1: mouseVisible = True
497.7735 	EXP 	window1: mouseVisible = True
497.7756 	EXP 	Created ratingScale = RatingScale(__class__=type(...), acceptKeys=['return'], acceptPreText=UNKNOWN, acceptSize=UNKNOWN, acceptText=UNKNOWN, autoLog=True, choices=False, colorSpace='rgb', depth=0, disappear=False, flipVert=False, high=100, kwargs=UNKNOWN, labels=list(...), leftKeys=['left'], lineColor=(255, 255, 255), low=0, marker=Rect(...), markerColor=(255, 255, 255), markerExpansion=UNKNOWN, markerStart=0.5, maxTime=0.0, minTime=0.4, mouseOnly=False, name='ratingScale', noMouse=False, pos=[0.0, 0.0], precision=100, respKeys=[], rightKeys=['right'], scale=None, self=UNKNOWN, showAccept=False, showValue=False, singleClick=False, size=0.6, skipKeys=['tab'], stretch=2.0, textColor='white', textFont='Helvetica Bold', textSize=0.144, tickHeight=0, tickMarks=10.0, win=Window(...))
497.7756 	EXP 	RatingScale ratingScale: reset()
497.7777 	EXP 	window1: mouseVisible = False
497.7895 	EXP 	thermode_locali: autoDraw = False
497.7895 	EXP 	thermode_locali: autoDraw = False
497.7895 	EXP 	ratingScale: flipVert = False
497.7895 	EXP 	ratingScale: autoLog = True
497.7911 	EXP 	window1: mouseVisible = False
497.8078 	EXP 	window1: mouseVisible = False
497.8245 	EXP 	window1: mouseVisible = False
497.8409 	EXP 	window1: mouseVisible = False
497.8579 	EXP 	window1: mouseVisible = False
497.8743 	EXP 	window1: mouseVisible = False
497.8909 	EXP 	window1: mouseVisible = False
497.9076 	EXP 	window1: mouseVisible = False
497.9244 	EXP 	window1: mouseVisible = False
497.9410 	EXP 	window1: mouseVisible = False
497.9576 	EXP 	window1: mouseVisible = False
497.9742 	EXP 	window1: mouseVisible = False
497.9909 	EXP 	window1: mouseVisible = False
498.0076 	EXP 	window1: mouseVisible = False
498.0242 	EXP 	window1: mouseVisible = False
498.0409 	EXP 	window1: mouseVisible = False
498.0576 	EXP 	window1: mouseVisible = False
498.0743 	EXP 	window1: mouseVisible = False
498.0909 	EXP 	window1: mouseVisible = False
498.1076 	EXP 	window1: mouseVisible = False
498.1243 	EXP 	window1: mouseVisible = False
498.1409 	EXP 	window1: mouseVisible = False
498.1577 	EXP 	window1: mouseVisible = False
498.1743 	EXP 	window1: mouseVisible = False
498.1910 	EXP 	window1: mouseVisible = False
498.2077 	EXP 	window1: mouseVisible = False
498.2243 	EXP 	window1: mouseVisible = False
498.2409 	EXP 	window1: mouseVisible = False
498.2575 	EXP 	window1: mouseVisible = False
498.2743 	EXP 	window1: mouseVisible = False
498.2909 	EXP 	window1: mouseVisible = False
498.3089 	EXP 	window1: mouseVisible = False
498.3239 	DATA 	Keypress: m
498.3244 	EXP 	window1: mouseVisible = False
498.3409 	EXP 	window1: mouseVisible = False
498.3578 	EXP 	window1: mouseVisible = False
498.3743 	EXP 	window1: mouseVisible = False
498.3909 	EXP 	window1: mouseVisible = False
498.4076 	EXP 	window1: mouseVisible = False
498.4243 	EXP 	window1: mouseVisible = False
498.4409 	EXP 	window1: mouseVisible = False
498.4576 	EXP 	window1: mouseVisible = False
498.4743 	EXP 	window1: mouseVisible = False
498.4910 	EXP 	window1: mouseVisible = False
498.5076 	EXP 	window1: mouseVisible = False
498.5242 	EXP 	window1: mouseVisible = False
498.5410 	EXP 	window1: mouseVisible = False
498.5576 	EXP 	window1: mouseVisible = False
498.5742 	EXP 	window1: mouseVisible = False
498.5910 	EXP 	window1: mouseVisible = False
498.6076 	EXP 	window1: mouseVisible = False
498.6243 	EXP 	window1: mouseVisible = False
498.6409 	EXP 	window1: mouseVisible = False
498.6576 	EXP 	window1: mouseVisible = False
498.6742 	EXP 	window1: mouseVisible = False
498.6910 	EXP 	window1: mouseVisible = False
498.7076 	EXP 	window1: mouseVisible = False
498.7242 	EXP 	window1: mouseVisible = False
498.7409 	EXP 	window1: mouseVisible = False
498.7576 	EXP 	window1: mouseVisible = False
498.7742 	EXP 	window1: mouseVisible = False
498.7910 	EXP 	window1: mouseVisible = False
498.8076 	EXP 	window1: mouseVisible = False
498.8242 	EXP 	window1: mouseVisible = False
498.8411 	EXP 	window1: mouseVisible = False
498.8578 	EXP 	window1: mouseVisible = False
498.8742 	EXP 	window1: mouseVisible = False
498.8909 	EXP 	window1: mouseVisible = False
498.9077 	EXP 	window1: mouseVisible = False
498.9243 	EXP 	window1: mouseVisible = False
498.9409 	EXP 	window1: mouseVisible = False
498.9576 	EXP 	window1: mouseVisible = False
498.9745 	EXP 	window1: mouseVisible = False
498.9910 	EXP 	window1: mouseVisible = False
499.0076 	EXP 	window1: mouseVisible = False
499.0244 	EXP 	window1: mouseVisible = False
499.0409 	EXP 	window1: mouseVisible = False
499.0577 	EXP 	window1: mouseVisible = False
499.0743 	EXP 	window1: mouseVisible = False
499.0910 	EXP 	window1: mouseVisible = False
499.1076 	EXP 	window1: mouseVisible = False
499.1243 	EXP 	window1: mouseVisible = False
499.1409 	EXP 	window1: mouseVisible = False
499.1579 	EXP 	window1: mouseVisible = False
499.1744 	EXP 	window1: mouseVisible = False
499.1910 	EXP 	window1: mouseVisible = False
499.2076 	EXP 	window1: mouseVisible = False
499.2243 	EXP 	window1: mouseVisible = False
499.2410 	EXP 	window1: mouseVisible = False
499.2577 	EXP 	window1: mouseVisible = False
499.2743 	EXP 	window1: mouseVisible = False
499.2910 	EXP 	window1: mouseVisible = False
499.3080 	EXP 	window1: mouseVisible = False
499.3245 	EXP 	window1: mouseVisible = False
499.3412 	EXP 	window1: mouseVisible = False
499.3578 	EXP 	window1: mouseVisible = False
499.3745 	EXP 	window1: mouseVisible = False
499.3912 	EXP 	window1: mouseVisible = False
499.4077 	EXP 	window1: mouseVisible = False
499.4245 	EXP 	window1: mouseVisible = False
499.4411 	EXP 	window1: mouseVisible = False
499.4576 	EXP 	window1: mouseVisible = False
499.4745 	EXP 	window1: mouseVisible = False
499.4911 	EXP 	window1: mouseVisible = False
499.5077 	EXP 	window1: mouseVisible = False
499.5243 	EXP 	window1: mouseVisible = False
499.5410 	EXP 	window1: mouseVisible = False
499.5576 	EXP 	window1: mouseVisible = False
499.5744 	EXP 	window1: mouseVisible = False
499.5910 	EXP 	window1: mouseVisible = False
499.6078 	EXP 	window1: mouseVisible = False
499.6243 	EXP 	window1: mouseVisible = False
499.6417 	DATA 	Keypress: space
499.7430 	EXP 	New trial (rep=12, index=0): None
499.7562 	EXP 	main_text: autoDraw = True
499.7562 	EXP 	confirm_text: autoDraw = True
499.7562 	EXP 	ratingScale: autoDraw = False
499.7562 	EXP 	main_text: autoDraw = False
499.7562 	EXP 	confirm_text: autoDraw = False
499.7562 	EXP 	text_2: autoDraw = True
499.7562 	EXP 	croix: autoDraw = True
504.7563 	EXP 	text_2: autoDraw = False
504.7563 	EXP 	croix: autoDraw = False
504.7563 	EXP 	text_2: autoDraw = False
504.7563 	EXP 	croix: autoDraw = False
504.7563 	EXP 	thermode_locali: autoDraw = True
516.7402 	EXP 	window1: mouseVisible = True
516.7411 	EXP 	Created unnamed Rect = Rect(__class__=<class 'psychopy.visual.rect.Rect'>, anchor=('center', 'center'), autoDraw=False, autoLog=True, closeShape=True, color=method-wrapper(...), colorSpace='rgb', contrast=None, depth=0, draggable=False, fillColor=array([1, 1, 1]), fillColorSpace='rgb', fillRGB=array([1, 1, 1]), interpolate=True, lineColor=array([1., 1., 1.]), lineColorSpace='rgb', lineRGB=array([1, 1, 1]), lineWidth=1.5, name='unnamed Rect', opacity=1.0, ori=0.0, pos=array([0., 0.]), size=array([0.01, 0.1 ]), units='norm', vertices=ndarray(...), win=Window(...))
516.7411 	EXP 	window1: mouseVisible = True
516.7412 	EXP 	window1: mouseVisible = True
516.7417 	EXP 	window1: mouseVisible = True
516.7432 	EXP 	window1: mouseVisible = True
516.7443 	EXP 	window1: mouseVisible = True
516.7445 	EXP 	window1: mouseVisible = True
516.7446 	EXP 	window1: mouseVisible = True
516.7448 	EXP 	window1: mouseVisible = True
516.7449 	EXP 	window1: mouseVisible = True
516.7451 	EXP 	window1: mouseVisible = True
516.7452 	EXP 	window1: mouseVisible = True
516.7453 	EXP 	window1: mouseVisible = True
516.7455 	EXP 	window1: mouseVisible = True
516.7456 	EXP 	window1: mouseVisible = True
516.7457 	EXP 	window1: mouseVisible = True
516.7459 	EXP 	window1: mouseVisible = True
516.7460 	EXP 	window1: mouseVisible = True
516.7461 	EXP 	window1: mouseVisible = True
516.7462 	EXP 	window1: mouseVisible = True
516.7464 	EXP 	window1: mouseVisible = True
516.7465 	EXP 	window1: mouseVisible = True
516.7466 	EXP 	window1: mouseVisible = True
516.7468 	EXP 	window1: mouseVisible = True
516.7469 	EXP 	window1: mouseVisible = True
516.7470 	EXP 	window1: mouseVisible = True
516.7471 	EXP 	window1: mouseVisible = True
516.7473 	EXP 	window1: mouseVisible = True
516.7474 	EXP 	window1: mouseVisible = True
516.7476 	EXP 	window1: mouseVisible = True
516.7477 	EXP 	window1: mouseVisible = True
516.7479 	EXP 	window1: mouseVisible = True
516.7480 	EXP 	window1: mouseVisible = True
516.7481 	EXP 	window1: mouseVisible = True
516.7483 	EXP 	window1: mouseVisible = True
516.7484 	EXP 	window1: mouseVisible = True
516.7485 	EXP 	window1: mouseVisible = True
516.7487 	EXP 	window1: mouseVisible = True
516.7488 	EXP 	window1: mouseVisible = True
516.7489 	EXP 	window1: mouseVisible = True
516.7490 	EXP 	window1: mouseVisible = True
516.7492 	EXP 	window1: mouseVisible = True
516.7493 	EXP 	window1: mouseVisible = True
516.7494 	EXP 	window1: mouseVisible = True
516.7496 	EXP 	window1: mouseVisible = True
516.7497 	EXP 	window1: mouseVisible = True
516.7498 	EXP 	window1: mouseVisible = True
516.7499 	EXP 	window1: mouseVisible = True
516.7501 	EXP 	window1: mouseVisible = True
516.7502 	EXP 	window1: mouseVisible = True
516.7503 	EXP 	window1: mouseVisible = True
516.7505 	EXP 	window1: mouseVisible = True
516.7506 	EXP 	window1: mouseVisible = True
516.7507 	EXP 	window1: mouseVisible = True
516.7509 	EXP 	window1: mouseVisible = True
516.7510 	EXP 	window1: mouseVisible = True
516.7511 	EXP 	window1: mouseVisible = True
516.7512 	EXP 	window1: mouseVisible = True
516.7514 	EXP 	window1: mouseVisible = True
516.7515 	EXP 	window1: mouseVisible = True
516.7516 	EXP 	window1: mouseVisible = True
516.7518 	EXP 	window1: mouseVisible = True
516.7519 	EXP 	window1: mouseVisible = True
516.7520 	EXP 	window1: mouseVisible = True
516.7522 	EXP 	window1: mouseVisible = True
516.7523 	EXP 	window1: mouseVisible = True
516.7524 	EXP 	window1: mouseVisible = True
516.7525 	EXP 	window1: mouseVisible = True
516.7527 	EXP 	window1: mouseVisible = True
516.7528 	EXP 	window1: mouseVisible = True
516.7529 	EXP 	window1: mouseVisible = True
516.7530 	EXP 	window1: mouseVisible = True
516.7532 	EXP 	window1: mouseVisible = True
516.7533 	EXP 	window1: mouseVisible = True
516.7534 	EXP 	window1: mouseVisible = True
516.7535 	EXP 	window1: mouseVisible = True
516.7537 	EXP 	window1: mouseVisible = True
516.7538 	EXP 	window1: mouseVisible = True
516.7539 	EXP 	window1: mouseVisible = True
516.7541 	EXP 	window1: mouseVisible = True
516.7542 	EXP 	window1: mouseVisible = True
516.7543 	EXP 	window1: mouseVisible = True
516.7544 	EXP 	window1: mouseVisible = True
516.7546 	EXP 	window1: mouseVisible = True
516.7547 	EXP 	window1: mouseVisible = True
516.7548 	EXP 	window1: mouseVisible = True
516.7549 	EXP 	window1: mouseVisible = True
516.7551 	EXP 	window1: mouseVisible = True
516.7552 	EXP 	window1: mouseVisible = True
516.7553 	EXP 	window1: mouseVisible = True
516.7555 	EXP 	window1: mouseVisible = True
516.7556 	EXP 	window1: mouseVisible = True
516.7557 	EXP 	window1: mouseVisible = True
516.7559 	EXP 	window1: mouseVisible = True
516.7560 	EXP 	window1: mouseVisible = True
516.7561 	EXP 	window1: mouseVisible = True
516.7562 	EXP 	window1: mouseVisible = True
516.7564 	EXP 	window1: mouseVisible = True
516.7565 	EXP 	window1: mouseVisible = True
516.7566 	EXP 	window1: mouseVisible = True
516.7567 	EXP 	window1: mouseVisible = True
516.7569 	EXP 	window1: mouseVisible = True
516.7570 	EXP 	window1: mouseVisible = True
516.7571 	EXP 	window1: mouseVisible = True
516.7572 	EXP 	window1: mouseVisible = True
516.7593 	EXP 	Created ratingScale = RatingScale(__class__=type(...), acceptKeys=['return'], acceptPreText=UNKNOWN, acceptSize=UNKNOWN, acceptText=UNKNOWN, autoLog=True, choices=False, colorSpace='rgb', depth=0, disappear=False, flipVert=False, high=100, kwargs=UNKNOWN, labels=list(...), leftKeys=['left'], lineColor=(255, 255, 255), low=0, marker=Rect(...), markerColor=(255, 255, 255), markerExpansion=UNKNOWN, markerStart=0.5, maxTime=0.0, minTime=0.4, mouseOnly=False, name='ratingScale', noMouse=False, pos=[0.0, 0.0], precision=100, respKeys=[], rightKeys=['right'], scale=None, self=UNKNOWN, showAccept=False, showValue=False, singleClick=False, size=0.6, skipKeys=['tab'], stretch=2.0, textColor='white', textFont='Helvetica Bold', textSize=0.144, tickHeight=0, tickMarks=10.0, win=Window(...))
516.7593 	EXP 	RatingScale ratingScale: reset()
516.7613 	EXP 	window1: mouseVisible = False
516.7730 	EXP 	thermode_locali: autoDraw = False
516.7730 	EXP 	thermode_locali: autoDraw = False
516.7730 	EXP 	ratingScale: flipVert = False
516.7730 	EXP 	ratingScale: autoLog = True
516.7746 	EXP 	window1: mouseVisible = False
516.7911 	EXP 	window1: mouseVisible = False
516.8078 	EXP 	window1: mouseVisible = False
516.8244 	EXP 	window1: mouseVisible = False
516.8411 	EXP 	window1: mouseVisible = False
516.8578 	EXP 	window1: mouseVisible = False
516.8745 	EXP 	window1: mouseVisible = False
516.8911 	EXP 	window1: mouseVisible = False
516.9078 	EXP 	window1: mouseVisible = False
516.9245 	EXP 	window1: mouseVisible = False
516.9411 	EXP 	window1: mouseVisible = False
516.9578 	EXP 	window1: mouseVisible = False
516.9745 	EXP 	window1: mouseVisible = False
516.9911 	EXP 	window1: mouseVisible = False
517.0078 	EXP 	window1: mouseVisible = False
517.0245 	EXP 	window1: mouseVisible = False
517.0413 	EXP 	window1: mouseVisible = False
517.0578 	EXP 	window1: mouseVisible = False
517.0745 	EXP 	window1: mouseVisible = False
517.0912 	EXP 	window1: mouseVisible = False
517.1078 	EXP 	window1: mouseVisible = False
517.1245 	EXP 	window1: mouseVisible = False
517.1411 	EXP 	window1: mouseVisible = False
517.1578 	EXP 	window1: mouseVisible = False
517.1744 	EXP 	window1: mouseVisible = False
517.1916 	EXP 	window1: mouseVisible = False
517.2078 	EXP 	window1: mouseVisible = False
517.2245 	EXP 	window1: mouseVisible = False
517.2411 	EXP 	window1: mouseVisible = False
517.2578 	EXP 	window1: mouseVisible = False
517.2746 	EXP 	window1: mouseVisible = False
517.2911 	EXP 	window1: mouseVisible = False
517.3078 	EXP 	window1: mouseVisible = False
517.3245 	EXP 	window1: mouseVisible = False
517.3411 	EXP 	window1: mouseVisible = False
517.3578 	EXP 	window1: mouseVisible = False
517.3744 	EXP 	window1: mouseVisible = False
517.3912 	EXP 	window1: mouseVisible = False
517.4077 	EXP 	window1: mouseVisible = False
517.4245 	EXP 	window1: mouseVisible = False
517.4411 	EXP 	window1: mouseVisible = False
517.4578 	EXP 	window1: mouseVisible = False
517.4744 	EXP 	window1: mouseVisible = False
517.4911 	EXP 	window1: mouseVisible = False
517.5078 	EXP 	window1: mouseVisible = False
517.5241 	DATA 	Keypress: m
517.5246 	EXP 	window1: mouseVisible = False
517.5412 	EXP 	window1: mouseVisible = False
517.5578 	EXP 	window1: mouseVisible = False
517.5745 	EXP 	window1: mouseVisible = False
517.5912 	EXP 	window1: mouseVisible = False
517.6079 	EXP 	window1: mouseVisible = False
517.6244 	EXP 	window1: mouseVisible = False
517.6411 	EXP 	window1: mouseVisible = False
517.6578 	EXP 	window1: mouseVisible = False
517.6744 	EXP 	window1: mouseVisible = False
517.6911 	EXP 	window1: mouseVisible = False
517.7078 	EXP 	window1: mouseVisible = False
517.7247 	EXP 	window1: mouseVisible = False
517.7412 	EXP 	window1: mouseVisible = False
517.7579 	EXP 	window1: mouseVisible = False
517.7745 	EXP 	window1: mouseVisible = False
517.7913 	EXP 	window1: mouseVisible = False
517.8078 	EXP 	window1: mouseVisible = False
517.8245 	EXP 	window1: mouseVisible = False
517.8411 	EXP 	window1: mouseVisible = False
517.8578 	EXP 	window1: mouseVisible = False
517.8745 	EXP 	window1: mouseVisible = False
517.8911 	EXP 	window1: mouseVisible = False
517.9078 	EXP 	window1: mouseVisible = False
517.9244 	EXP 	window1: mouseVisible = False
517.9412 	EXP 	window1: mouseVisible = False
517.9578 	EXP 	window1: mouseVisible = False
517.9747 	EXP 	window1: mouseVisible = False
517.9912 	EXP 	window1: mouseVisible = False
518.0078 	EXP 	window1: mouseVisible = False
518.0245 	EXP 	window1: mouseVisible = False
518.0411 	EXP 	window1: mouseVisible = False
518.0578 	EXP 	window1: mouseVisible = False
518.0745 	EXP 	window1: mouseVisible = False
518.0912 	EXP 	window1: mouseVisible = False
518.1078 	EXP 	window1: mouseVisible = False
518.1245 	EXP 	window1: mouseVisible = False
518.1411 	EXP 	window1: mouseVisible = False
518.1579 	EXP 	window1: mouseVisible = False
518.1745 	EXP 	window1: mouseVisible = False
518.1912 	EXP 	window1: mouseVisible = False
518.2078 	EXP 	window1: mouseVisible = False
518.2245 	EXP 	window1: mouseVisible = False
518.2412 	EXP 	window1: mouseVisible = False
518.2578 	EXP 	window1: mouseVisible = False
518.2745 	EXP 	window1: mouseVisible = False
518.2917 	EXP 	window1: mouseVisible = False
518.3078 	EXP 	window1: mouseVisible = False
518.3247 	EXP 	window1: mouseVisible = False
518.3413 	EXP 	window1: mouseVisible = False
518.3581 	EXP 	window1: mouseVisible = False
518.3747 	EXP 	window1: mouseVisible = False
518.3914 	EXP 	window1: mouseVisible = False
518.4078 	EXP 	window1: mouseVisible = False
518.4245 	EXP 	window1: mouseVisible = False
518.4412 	EXP 	window1: mouseVisible = False
518.4579 	EXP 	window1: mouseVisible = False
518.4745 	EXP 	window1: mouseVisible = False
518.4913 	EXP 	window1: mouseVisible = False
518.5078 	EXP 	window1: mouseVisible = False
518.5245 	EXP 	window1: mouseVisible = False
518.5411 	EXP 	window1: mouseVisible = False
518.5579 	EXP 	window1: mouseVisible = False
518.5745 	EXP 	window1: mouseVisible = False
518.5912 	EXP 	window1: mouseVisible = False
518.6079 	EXP 	window1: mouseVisible = False
518.6244 	EXP 	window1: mouseVisible = False
518.6412 	EXP 	window1: mouseVisible = False
518.6578 	EXP 	window1: mouseVisible = False
518.6745 	EXP 	window1: mouseVisible = False
518.6913 	EXP 	window1: mouseVisible = False
518.7080 	EXP 	window1: mouseVisible = False
518.7245 	EXP 	window1: mouseVisible = False
518.7412 	EXP 	window1: mouseVisible = False
518.7579 	EXP 	window1: mouseVisible = False
518.7745 	EXP 	window1: mouseVisible = False
518.7913 	EXP 	window1: mouseVisible = False
518.8079 	EXP 	window1: mouseVisible = False
518.8248 	EXP 	window1: mouseVisible = False
518.8411 	EXP 	window1: mouseVisible = False
518.8579 	EXP 	window1: mouseVisible = False
518.8745 	EXP 	window1: mouseVisible = False
518.8912 	EXP 	window1: mouseVisible = False
518.9078 	EXP 	window1: mouseVisible = False
518.9245 	EXP 	window1: mouseVisible = False
518.9412 	EXP 	window1: mouseVisible = False
518.9579 	EXP 	window1: mouseVisible = False
518.9747 	EXP 	window1: mouseVisible = False
518.9911 	EXP 	window1: mouseVisible = False
519.0079 	EXP 	window1: mouseVisible = False
519.0244 	EXP 	window1: mouseVisible = False
519.0412 	EXP 	window1: mouseVisible = False
519.0578 	EXP 	window1: mouseVisible = False
519.0745 	EXP 	window1: mouseVisible = False
519.0912 	EXP 	window1: mouseVisible = False
519.1079 	EXP 	window1: mouseVisible = False
519.1244 	EXP 	window1: mouseVisible = False
519.1412 	EXP 	window1: mouseVisible = False
519.1578 	EXP 	window1: mouseVisible = False
519.1746 	EXP 	window1: mouseVisible = False
519.1912 	EXP 	window1: mouseVisible = False
519.2078 	EXP 	window1: mouseVisible = False
519.2249 	EXP 	window1: mouseVisible = False
519.2412 	EXP 	window1: mouseVisible = False
519.2578 	EXP 	window1: mouseVisible = False
519.2745 	EXP 	window1: mouseVisible = False
519.2913 	EXP 	window1: mouseVisible = False
519.3078 	EXP 	window1: mouseVisible = False
519.3248 	DATA 	Keypress: space
519.4262 	EXP 	New trial (rep=13, index=0): None
519.4397 	EXP 	main_text: autoDraw = True
519.4397 	EXP 	confirm_text: autoDraw = True
519.4397 	EXP 	ratingScale: autoDraw = False
519.4397 	EXP 	main_text: autoDraw = False
519.4397 	EXP 	confirm_text: autoDraw = False
519.4397 	EXP 	text_2: autoDraw = True
519.4397 	EXP 	croix: autoDraw = True
524.4398 	EXP 	text_2: autoDraw = False
524.4398 	EXP 	croix: autoDraw = False
524.4398 	EXP 	text_2: autoDraw = False
524.4398 	EXP 	croix: autoDraw = False
524.4398 	EXP 	thermode_locali: autoDraw = True
536.4238 	EXP 	window1: mouseVisible = True
536.4246 	EXP 	Created unnamed Rect = Rect(__class__=<class 'psychopy.visual.rect.Rect'>, anchor=('center', 'center'), autoDraw=False, autoLog=True, closeShape=True, color=method-wrapper(...), colorSpace='rgb', contrast=None, depth=0, draggable=False, fillColor=array([1, 1, 1]), fillColorSpace='rgb', fillRGB=array([1, 1, 1]), interpolate=True, lineColor=array([1., 1., 1.]), lineColorSpace='rgb', lineRGB=array([1, 1, 1]), lineWidth=1.5, name='unnamed Rect', opacity=1.0, ori=0.0, pos=array([0., 0.]), size=array([0.01, 0.1 ]), units='norm', vertices=ndarray(...), win=Window(...))
536.4247 	EXP 	window1: mouseVisible = True
536.4248 	EXP 	window1: mouseVisible = True
536.4253 	EXP 	window1: mouseVisible = True
536.4264 	EXP 	window1: mouseVisible = True
536.4275 	EXP 	window1: mouseVisible = True
536.4277 	EXP 	window1: mouseVisible = True
536.4278 	EXP 	window1: mouseVisible = True
536.4283 	EXP 	window1: mouseVisible = True
536.4285 	EXP 	window1: mouseVisible = True
536.4286 	EXP 	window1: mouseVisible = True
536.4287 	EXP 	window1: mouseVisible = True
536.4289 	EXP 	window1: mouseVisible = True
536.4290 	EXP 	window1: mouseVisible = True
536.4291 	EXP 	window1: mouseVisible = True
536.4293 	EXP 	window1: mouseVisible = True
536.4294 	EXP 	window1: mouseVisible = True
536.4295 	EXP 	window1: mouseVisible = True
536.4297 	EXP 	window1: mouseVisible = True
536.4298 	EXP 	window1: mouseVisible = True
536.4299 	EXP 	window1: mouseVisible = True
536.4300 	EXP 	window1: mouseVisible = True
536.4302 	EXP 	window1: mouseVisible = True
536.4303 	EXP 	window1: mouseVisible = True
536.4304 	EXP 	window1: mouseVisible = True
536.4306 	EXP 	window1: mouseVisible = True
536.4307 	EXP 	window1: mouseVisible = True
536.4308 	EXP 	window1: mouseVisible = True
536.4309 	EXP 	window1: mouseVisible = True
536.4311 	EXP 	window1: mouseVisible = True
536.4312 	EXP 	window1: mouseVisible = True
536.4313 	EXP 	window1: mouseVisible = True
536.4314 	EXP 	window1: mouseVisible = True
536.4316 	EXP 	window1: mouseVisible = True
536.4317 	EXP 	window1: mouseVisible = True
536.4318 	EXP 	window1: mouseVisible = True
536.4320 	EXP 	window1: mouseVisible = True
536.4321 	EXP 	window1: mouseVisible = True
536.4324 	EXP 	window1: mouseVisible = True
536.4326 	EXP 	window1: mouseVisible = True
536.4329 	EXP 	window1: mouseVisible = True
536.4330 	EXP 	window1: mouseVisible = True
536.4331 	EXP 	window1: mouseVisible = True
536.4333 	EXP 	window1: mouseVisible = True
536.4335 	EXP 	window1: mouseVisible = True
536.4336 	EXP 	window1: mouseVisible = True
536.4337 	EXP 	window1: mouseVisible = True
536.4338 	EXP 	window1: mouseVisible = True
536.4340 	EXP 	window1: mouseVisible = True
536.4341 	EXP 	window1: mouseVisible = True
536.4342 	EXP 	window1: mouseVisible = True
536.4343 	EXP 	window1: mouseVisible = True
536.4345 	EXP 	window1: mouseVisible = True
536.4346 	EXP 	window1: mouseVisible = True
536.4347 	EXP 	window1: mouseVisible = True
536.4348 	EXP 	window1: mouseVisible = True
536.4350 	EXP 	window1: mouseVisible = True
536.4351 	EXP 	window1: mouseVisible = True
536.4352 	EXP 	window1: mouseVisible = True
536.4354 	EXP 	window1: mouseVisible = True
536.4355 	EXP 	window1: mouseVisible = True
536.4356 	EXP 	window1: mouseVisible = True
536.4357 	EXP 	window1: mouseVisible = True
536.4359 	EXP 	window1: mouseVisible = True
536.4360 	EXP 	window1: mouseVisible = True
536.4361 	EXP 	window1: mouseVisible = True
536.4362 	EXP 	window1: mouseVisible = True
536.4364 	EXP 	window1: mouseVisible = True
536.4365 	EXP 	window1: mouseVisible = True
536.4366 	EXP 	window1: mouseVisible = True
536.4367 	EXP 	window1: mouseVisible = True
536.4369 	EXP 	window1: mouseVisible = True
536.4370 	EXP 	window1: mouseVisible = True
536.4371 	EXP 	window1: mouseVisible = True
536.4373 	EXP 	window1: mouseVisible = True
536.4374 	EXP 	window1: mouseVisible = True
536.4375 	EXP 	window1: mouseVisible = True
536.4377 	EXP 	window1: mouseVisible = True
536.4378 	EXP 	window1: mouseVisible = True
536.4379 	EXP 	window1: mouseVisible = True
536.4380 	EXP 	window1: mouseVisible = True
536.4381 	EXP 	window1: mouseVisible = True
536.4383 	EXP 	window1: mouseVisible = True
536.4384 	EXP 	window1: mouseVisible = True
536.4385 	EXP 	window1: mouseVisible = True
536.4387 	EXP 	window1: mouseVisible = True
536.4388 	EXP 	window1: mouseVisible = True
536.4389 	EXP 	window1: mouseVisible = True
536.4390 	EXP 	window1: mouseVisible = True
536.4392 	EXP 	window1: mouseVisible = True
536.4393 	EXP 	window1: mouseVisible = True
536.4394 	EXP 	window1: mouseVisible = True
536.4395 	EXP 	window1: mouseVisible = True
536.4397 	EXP 	window1: mouseVisible = True
536.4398 	EXP 	window1: mouseVisible = True
536.4399 	EXP 	window1: mouseVisible = True
536.4401 	EXP 	window1: mouseVisible = True
536.4402 	EXP 	window1: mouseVisible = True
536.4403 	EXP 	window1: mouseVisible = True
536.4404 	EXP 	window1: mouseVisible = True
536.4406 	EXP 	window1: mouseVisible = True
536.4407 	EXP 	window1: mouseVisible = True
536.4408 	EXP 	window1: mouseVisible = True
536.4410 	EXP 	window1: mouseVisible = True
536.4411 	EXP 	window1: mouseVisible = True
536.4432 	EXP 	Created ratingScale = RatingScale(__class__=type(...), acceptKeys=['return'], acceptPreText=UNKNOWN, acceptSize=UNKNOWN, acceptText=UNKNOWN, autoLog=True, choices=False, colorSpace='rgb', depth=0, disappear=False, flipVert=False, high=100, kwargs=UNKNOWN, labels=list(...), leftKeys=['left'], lineColor=(255, 255, 255), low=0, marker=Rect(...), markerColor=(255, 255, 255), markerExpansion=UNKNOWN, markerStart=0.5, maxTime=0.0, minTime=0.4, mouseOnly=False, name='ratingScale', noMouse=False, pos=[0.0, 0.0], precision=100, respKeys=[], rightKeys=['right'], scale=None, self=UNKNOWN, showAccept=False, showValue=False, singleClick=False, size=0.6, skipKeys=['tab'], stretch=2.0, textColor='white', textFont='Helvetica Bold', textSize=0.144, tickHeight=0, tickMarks=10.0, win=Window(...))
536.4432 	EXP 	RatingScale ratingScale: reset()
536.4452 	EXP 	window1: mouseVisible = False
536.4566 	EXP 	thermode_locali: autoDraw = False
536.4566 	EXP 	thermode_locali: autoDraw = False
536.4566 	EXP 	ratingScale: flipVert = False
536.4566 	EXP 	ratingScale: autoLog = True
536.4580 	EXP 	window1: mouseVisible = False
536.4749 	EXP 	window1: mouseVisible = False
536.4915 	EXP 	window1: mouseVisible = False
536.5080 	EXP 	window1: mouseVisible = False
536.5247 	EXP 	window1: mouseVisible = False
536.5417 	EXP 	window1: mouseVisible = False
536.5580 	EXP 	window1: mouseVisible = False
536.5746 	EXP 	window1: mouseVisible = False
536.5913 	EXP 	window1: mouseVisible = False
536.6080 	EXP 	window1: mouseVisible = False
536.6246 	EXP 	window1: mouseVisible = False
536.6414 	EXP 	window1: mouseVisible = False
536.6579 	EXP 	window1: mouseVisible = False
536.6746 	EXP 	window1: mouseVisible = False
536.6913 	EXP 	window1: mouseVisible = False
536.7082 	EXP 	window1: mouseVisible = False
536.7247 	EXP 	window1: mouseVisible = False
536.7417 	EXP 	window1: mouseVisible = False
536.7583 	EXP 	window1: mouseVisible = False
536.7748 	EXP 	window1: mouseVisible = False
536.7914 	EXP 	window1: mouseVisible = False
536.8081 	EXP 	window1: mouseVisible = False
536.8246 	EXP 	window1: mouseVisible = False
536.8412 	DATA 	Keypress: n
536.8417 	EXP 	window1: mouseVisible = False
536.8580 	EXP 	window1: mouseVisible = False
536.8747 	EXP 	window1: mouseVisible = False
536.8914 	EXP 	window1: mouseVisible = False
536.9081 	EXP 	window1: mouseVisible = False
536.9247 	EXP 	window1: mouseVisible = False
536.9416 	EXP 	window1: mouseVisible = False
536.9580 	EXP 	window1: mouseVisible = False
536.9747 	EXP 	window1: mouseVisible = False
536.9914 	EXP 	window1: mouseVisible = False
537.0080 	EXP 	window1: mouseVisible = False
537.0247 	EXP 	window1: mouseVisible = False
537.0414 	EXP 	window1: mouseVisible = False
537.0580 	EXP 	window1: mouseVisible = False
537.0747 	EXP 	window1: mouseVisible = False
537.0913 	EXP 	window1: mouseVisible = False
537.1080 	EXP 	window1: mouseVisible = False
537.1247 	EXP 	window1: mouseVisible = False
537.1415 	EXP 	window1: mouseVisible = False
537.1580 	EXP 	window1: mouseVisible = False
537.1747 	EXP 	window1: mouseVisible = False
537.1913 	EXP 	window1: mouseVisible = False
537.2080 	EXP 	window1: mouseVisible = False
537.2247 	EXP 	window1: mouseVisible = False
537.2416 	EXP 	window1: mouseVisible = False
537.2581 	EXP 	window1: mouseVisible = False
537.2747 	EXP 	window1: mouseVisible = False
537.2914 	EXP 	window1: mouseVisible = False
537.3080 	EXP 	window1: mouseVisible = False
537.3247 	EXP 	window1: mouseVisible = False
537.3418 	EXP 	window1: mouseVisible = False
537.3581 	EXP 	window1: mouseVisible = False
537.3748 	EXP 	window1: mouseVisible = False
537.3915 	EXP 	window1: mouseVisible = False
537.4081 	EXP 	window1: mouseVisible = False
537.4247 	EXP 	window1: mouseVisible = False
537.4416 	EXP 	window1: mouseVisible = False
537.4580 	EXP 	window1: mouseVisible = False
537.4747 	EXP 	window1: mouseVisible = False
537.4913 	EXP 	window1: mouseVisible = False
537.5081 	EXP 	window1: mouseVisible = False
537.5247 	EXP 	window1: mouseVisible = False
537.5418 	EXP 	window1: mouseVisible = False
537.5581 	EXP 	window1: mouseVisible = False
537.5748 	EXP 	window1: mouseVisible = False
537.5914 	EXP 	window1: mouseVisible = False
537.6081 	EXP 	window1: mouseVisible = False
537.6248 	EXP 	window1: mouseVisible = False
537.6415 	EXP 	window1: mouseVisible = False
537.6580 	EXP 	window1: mouseVisible = False
537.6747 	EXP 	window1: mouseVisible = False
537.6914 	EXP 	window1: mouseVisible = False
537.7082 	EXP 	window1: mouseVisible = False
537.7247 	EXP 	window1: mouseVisible = False
537.7416 	EXP 	window1: mouseVisible = False
537.7582 	EXP 	window1: mouseVisible = False
537.7748 	EXP 	window1: mouseVisible = False
537.7916 	EXP 	window1: mouseVisible = False
537.8080 	EXP 	window1: mouseVisible = False
537.8248 	EXP 	window1: mouseVisible = False
537.8414 	EXP 	window1: mouseVisible = False
537.8581 	EXP 	window1: mouseVisible = False
537.8748 	EXP 	window1: mouseVisible = False
537.8914 	EXP 	window1: mouseVisible = False
537.9081 	EXP 	window1: mouseVisible = False
537.9247 	EXP 	window1: mouseVisible = False
537.9415 	EXP 	window1: mouseVisible = False
537.9580 	EXP 	window1: mouseVisible = False
537.9748 	EXP 	window1: mouseVisible = False
537.9915 	EXP 	window1: mouseVisible = False
538.0083 	EXP 	window1: mouseVisible = False
538.0249 	EXP 	window1: mouseVisible = False
538.0416 	EXP 	window1: mouseVisible = False
538.0582 	EXP 	window1: mouseVisible = False
538.0748 	EXP 	window1: mouseVisible = False
538.0913 	EXP 	window1: mouseVisible = False
538.1083 	EXP 	window1: mouseVisible = False
538.1248 	EXP 	window1: mouseVisible = False
538.1414 	EXP 	window1: mouseVisible = False
538.1581 	EXP 	window1: mouseVisible = False
538.1747 	EXP 	window1: mouseVisible = False
538.1914 	EXP 	window1: mouseVisible = False
538.2081 	EXP 	window1: mouseVisible = False
538.2247 	EXP 	window1: mouseVisible = False
538.2415 	EXP 	window1: mouseVisible = False
538.2580 	EXP 	window1: mouseVisible = False
538.2747 	EXP 	window1: mouseVisible = False
538.2914 	EXP 	window1: mouseVisible = False
538.3081 	EXP 	window1: mouseVisible = False
538.3247 	EXP 	window1: mouseVisible = False
538.3414 	EXP 	window1: mouseVisible = False
538.3581 	EXP 	window1: mouseVisible = False
538.3748 	EXP 	window1: mouseVisible = False
538.3918 	EXP 	window1: mouseVisible = False
538.4082 	EXP 	window1: mouseVisible = False
538.4247 	EXP 	window1: mouseVisible = False
538.4414 	EXP 	window1: mouseVisible = False
538.4581 	EXP 	window1: mouseVisible = False
538.4747 	EXP 	window1: mouseVisible = False
538.4917 	EXP 	window1: mouseVisible = False
538.5081 	EXP 	window1: mouseVisible = False
538.5247 	EXP 	window1: mouseVisible = False
538.5414 	EXP 	window1: mouseVisible = False
538.5581 	EXP 	window1: mouseVisible = False
538.5747 	EXP 	window1: mouseVisible = False
538.5914 	EXP 	window1: mouseVisible = False
538.6081 	EXP 	window1: mouseVisible = False
538.6247 	EXP 	window1: mouseVisible = False
538.6415 	EXP 	window1: mouseVisible = False
538.6581 	EXP 	window1: mouseVisible = False
538.6748 	EXP 	window1: mouseVisible = False
538.6914 	EXP 	window1: mouseVisible = False
538.7081 	EXP 	window1: mouseVisible = False
538.7248 	EXP 	window1: mouseVisible = False
538.7415 	EXP 	window1: mouseVisible = False
538.7582 	EXP 	window1: mouseVisible = False
538.7747 	EXP 	window1: mouseVisible = False
538.7915 	EXP 	window1: mouseVisible = False
538.8080 	EXP 	window1: mouseVisible = False
538.8248 	EXP 	window1: mouseVisible = False
538.8415 	EXP 	window1: mouseVisible = False
538.8581 	EXP 	window1: mouseVisible = False
538.8747 	EXP 	window1: mouseVisible = False
538.8914 	EXP 	window1: mouseVisible = False
538.9080 	EXP 	window1: mouseVisible = False
538.9248 	EXP 	window1: mouseVisible = False
538.9416 	EXP 	window1: mouseVisible = False
538.9582 	EXP 	window1: mouseVisible = False
538.9747 	EXP 	window1: mouseVisible = False
538.9915 	EXP 	window1: mouseVisible = False
539.0082 	EXP 	window1: mouseVisible = False
539.0248 	EXP 	window1: mouseVisible = False
539.0415 	EXP 	window1: mouseVisible = False
539.0582 	EXP 	window1: mouseVisible = False
539.0748 	EXP 	window1: mouseVisible = False
539.0914 	EXP 	window1: mouseVisible = False
539.1081 	EXP 	window1: mouseVisible = False
539.1248 	EXP 	window1: mouseVisible = False
539.1414 	EXP 	window1: mouseVisible = False
539.1581 	EXP 	window1: mouseVisible = False
539.1747 	EXP 	window1: mouseVisible = False
539.1914 	EXP 	window1: mouseVisible = False
539.2081 	EXP 	window1: mouseVisible = False
539.2247 	EXP 	window1: mouseVisible = False
539.2414 	EXP 	window1: mouseVisible = False
539.2581 	EXP 	window1: mouseVisible = False
539.2748 	EXP 	window1: mouseVisible = False
539.2914 	EXP 	window1: mouseVisible = False
539.3081 	EXP 	window1: mouseVisible = False
539.3248 	EXP 	window1: mouseVisible = False
539.3414 	EXP 	window1: mouseVisible = False
539.3581 	EXP 	window1: mouseVisible = False
539.3747 	EXP 	window1: mouseVisible = False
539.3915 	EXP 	window1: mouseVisible = False
539.4082 	EXP 	window1: mouseVisible = False
539.4248 	EXP 	window1: mouseVisible = False
539.4414 	EXP 	window1: mouseVisible = False
539.4582 	EXP 	window1: mouseVisible = False
539.4747 	EXP 	window1: mouseVisible = False
539.4918 	DATA 	Keypress: space
539.5922 	EXP 	New trial (rep=14, index=0): None
539.6066 	EXP 	main_text: autoDraw = True
539.6066 	EXP 	confirm_text: autoDraw = True
539.6066 	EXP 	ratingScale: autoDraw = False
539.6066 	EXP 	main_text: autoDraw = False
539.6066 	EXP 	confirm_text: autoDraw = False
539.6066 	EXP 	text_2: autoDraw = True
539.6066 	EXP 	croix: autoDraw = True
544.6067 	EXP 	text_2: autoDraw = False
544.6067 	EXP 	croix: autoDraw = False
544.6067 	EXP 	text_2: autoDraw = False
544.6067 	EXP 	croix: autoDraw = False
544.6067 	EXP 	thermode_locali: autoDraw = True
556.5906 	EXP 	window1: mouseVisible = True
556.5915 	EXP 	Created unnamed Rect = Rect(__class__=<class 'psychopy.visual.rect.Rect'>, anchor=('center', 'center'), autoDraw=False, autoLog=True, closeShape=True, color=method-wrapper(...), colorSpace='rgb', contrast=None, depth=0, draggable=False, fillColor=array([1, 1, 1]), fillColorSpace='rgb', fillRGB=array([1, 1, 1]), interpolate=True, lineColor=array([1., 1., 1.]), lineColorSpace='rgb', lineRGB=array([1, 1, 1]), lineWidth=1.5, name='unnamed Rect', opacity=1.0, ori=0.0, pos=array([0., 0.]), size=array([0.01, 0.1 ]), units='norm', vertices=ndarray(...), win=Window(...))
556.5916 	EXP 	window1: mouseVisible = True
556.5917 	EXP 	window1: mouseVisible = True
556.5922 	EXP 	window1: mouseVisible = True
556.5935 	EXP 	window1: mouseVisible = True
556.5946 	EXP 	window1: mouseVisible = True
556.5948 	EXP 	window1: mouseVisible = True
556.5949 	EXP 	window1: mouseVisible = True
556.5951 	EXP 	window1: mouseVisible = True
556.5952 	EXP 	window1: mouseVisible = True
556.5953 	EXP 	window1: mouseVisible = True
556.5955 	EXP 	window1: mouseVisible = True
556.5956 	EXP 	window1: mouseVisible = True
556.5957 	EXP 	window1: mouseVisible = True
556.5959 	EXP 	window1: mouseVisible = True
556.5960 	EXP 	window1: mouseVisible = True
556.5961 	EXP 	window1: mouseVisible = True
556.5962 	EXP 	window1: mouseVisible = True
556.5964 	EXP 	window1: mouseVisible = True
556.5965 	EXP 	window1: mouseVisible = True
556.5966 	EXP 	window1: mouseVisible = True
556.5967 	EXP 	window1: mouseVisible = True
556.5969 	EXP 	window1: mouseVisible = True
556.5970 	EXP 	window1: mouseVisible = True
556.5971 	EXP 	window1: mouseVisible = True
556.5972 	EXP 	window1: mouseVisible = True
556.5974 	EXP 	window1: mouseVisible = True
556.5975 	EXP 	window1: mouseVisible = True
556.5976 	EXP 	window1: mouseVisible = True
556.5978 	EXP 	window1: mouseVisible = True
556.5979 	EXP 	window1: mouseVisible = True
556.5981 	EXP 	window1: mouseVisible = True
556.5982 	EXP 	window1: mouseVisible = True
556.5983 	EXP 	window1: mouseVisible = True
556.5985 	EXP 	window1: mouseVisible = True
556.5986 	EXP 	window1: mouseVisible = True
556.5987 	EXP 	window1: mouseVisible = True
556.5989 	EXP 	window1: mouseVisible = True
556.5990 	EXP 	window1: mouseVisible = True
556.5991 	EXP 	window1: mouseVisible = True
556.5993 	EXP 	window1: mouseVisible = True
556.5994 	EXP 	window1: mouseVisible = True
556.5995 	EXP 	window1: mouseVisible = True
556.5996 	EXP 	window1: mouseVisible = True
556.5998 	EXP 	window1: mouseVisible = True
556.5999 	EXP 	window1: mouseVisible = True
556.6000 	EXP 	window1: mouseVisible = True
556.6001 	EXP 	window1: mouseVisible = True
556.6003 	EXP 	window1: mouseVisible = True
556.6004 	EXP 	window1: mouseVisible = True
556.6005 	EXP 	window1: mouseVisible = True
556.6006 	EXP 	window1: mouseVisible = True
556.6008 	EXP 	window1: mouseVisible = True
556.6009 	EXP 	window1: mouseVisible = True
556.6010 	EXP 	window1: mouseVisible = True
556.6011 	EXP 	window1: mouseVisible = True
556.6013 	EXP 	window1: mouseVisible = True
556.6014 	EXP 	window1: mouseVisible = True
556.6015 	EXP 	window1: mouseVisible = True
556.6016 	EXP 	window1: mouseVisible = True
556.6018 	EXP 	window1: mouseVisible = True
556.6019 	EXP 	window1: mouseVisible = True
556.6024 	EXP 	window1: mouseVisible = True
556.6027 	EXP 	window1: mouseVisible = True
556.6032 	EXP 	window1: mouseVisible = True
556.6035 	EXP 	window1: mouseVisible = True
556.6037 	EXP 	window1: mouseVisible = True
556.6038 	EXP 	window1: mouseVisible = True
556.6040 	EXP 	window1: mouseVisible = True
556.6041 	EXP 	window1: mouseVisible = True
556.6042 	EXP 	window1: mouseVisible = True
556.6044 	EXP 	window1: mouseVisible = True
556.6045 	EXP 	window1: mouseVisible = True
556.6046 	EXP 	window1: mouseVisible = True
556.6048 	EXP 	window1: mouseVisible = True
556.6049 	EXP 	window1: mouseVisible = True
556.6050 	EXP 	window1: mouseVisible = True
556.6051 	EXP 	window1: mouseVisible = True
556.6053 	EXP 	window1: mouseVisible = True
556.6054 	EXP 	window1: mouseVisible = True
556.6055 	EXP 	window1: mouseVisible = True
556.6056 	EXP 	window1: mouseVisible = True
556.6058 	EXP 	window1: mouseVisible = True
556.6059 	EXP 	window1: mouseVisible = True
556.6060 	EXP 	window1: mouseVisible = True
556.6061 	EXP 	window1: mouseVisible = True
556.6063 	EXP 	window1: mouseVisible = True
556.6064 	EXP 	window1: mouseVisible = True
556.6065 	EXP 	window1: mouseVisible = True
556.6066 	EXP 	window1: mouseVisible = True
556.6068 	EXP 	window1: mouseVisible = True
556.6069 	EXP 	window1: mouseVisible = True
556.6070 	EXP 	window1: mouseVisible = True
556.6072 	EXP 	window1: mouseVisible = True
556.6073 	EXP 	window1: mouseVisible = True
556.6074 	EXP 	window1: mouseVisible = True
556.6076 	EXP 	window1: mouseVisible = True
556.6077 	EXP 	window1: mouseVisible = True
556.6078 	EXP 	window1: mouseVisible = True
556.6079 	EXP 	window1: mouseVisible = True
556.6081 	EXP 	window1: mouseVisible = True
556.6082 	EXP 	window1: mouseVisible = True
556.6083 	EXP 	window1: mouseVisible = True
556.6084 	EXP 	window1: mouseVisible = True
556.6086 	EXP 	window1: mouseVisible = True
556.6107 	EXP 	Created ratingScale = RatingScale(__class__=type(...), acceptKeys=['return'], acceptPreText=UNKNOWN, acceptSize=UNKNOWN, acceptText=UNKNOWN, autoLog=True, choices=False, colorSpace='rgb', depth=0, disappear=False, flipVert=False, high=100, kwargs=UNKNOWN, labels=list(...), leftKeys=['left'], lineColor=(255, 255, 255), low=0, marker=Rect(...), markerColor=(255, 255, 255), markerExpansion=UNKNOWN, markerStart=0.5, maxTime=0.0, minTime=0.4, mouseOnly=False, name='ratingScale', noMouse=False, pos=[0.0, 0.0], precision=100, respKeys=[], rightKeys=['right'], scale=None, self=UNKNOWN, showAccept=False, showValue=False, singleClick=False, size=0.6, skipKeys=['tab'], stretch=2.0, textColor='white', textFont='Helvetica Bold', textSize=0.144, tickHeight=0, tickMarks=10.0, win=Window(...))
556.6107 	EXP 	RatingScale ratingScale: reset()
556.6127 	EXP 	window1: mouseVisible = False
556.6234 	EXP 	thermode_locali: autoDraw = False
556.6234 	EXP 	thermode_locali: autoDraw = False
556.6234 	EXP 	ratingScale: flipVert = False
556.6234 	EXP 	ratingScale: autoLog = True
556.6249 	EXP 	window1: mouseVisible = False
556.6415 	EXP 	window1: mouseVisible = False
556.6582 	EXP 	window1: mouseVisible = False
556.6748 	EXP 	window1: mouseVisible = False
556.6915 	EXP 	window1: mouseVisible = False
556.7082 	EXP 	window1: mouseVisible = False
556.7249 	EXP 	window1: mouseVisible = False
556.7416 	EXP 	window1: mouseVisible = False
556.7586 	EXP 	window1: mouseVisible = False
556.7750 	EXP 	window1: mouseVisible = False
556.7915 	EXP 	window1: mouseVisible = False
556.8082 	EXP 	window1: mouseVisible = False
556.8249 	EXP 	window1: mouseVisible = False
556.8416 	EXP 	window1: mouseVisible = False
556.8586 	EXP 	window1: mouseVisible = False
556.8749 	EXP 	window1: mouseVisible = False
556.8916 	EXP 	window1: mouseVisible = False
556.9083 	EXP 	window1: mouseVisible = False
556.9249 	EXP 	window1: mouseVisible = False
556.9416 	EXP 	window1: mouseVisible = False
556.9582 	EXP 	window1: mouseVisible = False
556.9750 	EXP 	window1: mouseVisible = False
556.9916 	EXP 	window1: mouseVisible = False
557.0083 	EXP 	window1: mouseVisible = False
557.0249 	EXP 	window1: mouseVisible = False
557.0415 	EXP 	window1: mouseVisible = False
557.0582 	EXP 	window1: mouseVisible = False
557.0749 	EXP 	window1: mouseVisible = False
557.0916 	EXP 	window1: mouseVisible = False
557.1082 	EXP 	window1: mouseVisible = False
557.1250 	EXP 	window1: mouseVisible = False
557.1415 	EXP 	window1: mouseVisible = False
557.1589 	EXP 	window1: mouseVisible = False
557.1750 	EXP 	window1: mouseVisible = False
557.1916 	EXP 	window1: mouseVisible = False
557.2083 	EXP 	window1: mouseVisible = False
557.2251 	EXP 	window1: mouseVisible = False
557.2417 	EXP 	window1: mouseVisible = False
557.2584 	EXP 	window1: mouseVisible = False
557.2749 	EXP 	window1: mouseVisible = False
557.2916 	EXP 	window1: mouseVisible = False
557.3082 	EXP 	window1: mouseVisible = False
557.3250 	EXP 	window1: mouseVisible = False
557.3416 	EXP 	window1: mouseVisible = False
557.3585 	EXP 	window1: mouseVisible = False
557.3749 	EXP 	window1: mouseVisible = False
557.3912 	DATA 	Keypress: n
557.3917 	EXP 	window1: mouseVisible = False
557.4082 	EXP 	window1: mouseVisible = False
557.4249 	EXP 	window1: mouseVisible = False
557.4417 	EXP 	window1: mouseVisible = False
557.4582 	EXP 	window1: mouseVisible = False
557.4750 	EXP 	window1: mouseVisible = False
557.4916 	EXP 	window1: mouseVisible = False
557.5082 	EXP 	window1: mouseVisible = False
557.5249 	EXP 	window1: mouseVisible = False
557.5416 	EXP 	window1: mouseVisible = False
557.5584 	EXP 	window1: mouseVisible = False
557.5749 	EXP 	window1: mouseVisible = False
557.5915 	EXP 	window1: mouseVisible = False
557.6083 	EXP 	window1: mouseVisible = False
557.6250 	EXP 	window1: mouseVisible = False
557.6418 	EXP 	window1: mouseVisible = False
557.6582 	EXP 	window1: mouseVisible = False
557.6749 	EXP 	window1: mouseVisible = False
557.6916 	EXP 	window1: mouseVisible = False
557.7082 	EXP 	window1: mouseVisible = False
557.7249 	EXP 	window1: mouseVisible = False
557.7416 	EXP 	window1: mouseVisible = False
557.7584 	EXP 	window1: mouseVisible = False
557.7750 	EXP 	window1: mouseVisible = False
557.7917 	EXP 	window1: mouseVisible = False
557.8084 	EXP 	window1: mouseVisible = False
557.8250 	EXP 	window1: mouseVisible = False
557.8417 	EXP 	window1: mouseVisible = False
557.8582 	EXP 	window1: mouseVisible = False
557.8751 	EXP 	window1: mouseVisible = False
557.8916 	EXP 	window1: mouseVisible = False
557.9083 	EXP 	window1: mouseVisible = False
557.9249 	EXP 	window1: mouseVisible = False
557.9416 	EXP 	window1: mouseVisible = False
557.9583 	EXP 	window1: mouseVisible = False
557.9749 	EXP 	window1: mouseVisible = False
557.9917 	EXP 	window1: mouseVisible = False
558.0083 	EXP 	window1: mouseVisible = False
558.0250 	EXP 	window1: mouseVisible = False
558.0416 	EXP 	window1: mouseVisible = False
558.0583 	EXP 	window1: mouseVisible = False
558.0749 	EXP 	window1: mouseVisible = False
558.0917 	EXP 	window1: mouseVisible = False
558.1083 	EXP 	window1: mouseVisible = False
558.1251 	EXP 	window1: mouseVisible = False
558.1416 	EXP 	window1: mouseVisible = False
558.1582 	EXP 	window1: mouseVisible = False
558.1750 	EXP 	window1: mouseVisible = False
558.1917 	EXP 	window1: mouseVisible = False
558.2083 	EXP 	window1: mouseVisible = False
558.2250 	EXP 	window1: mouseVisible = False
558.2418 	EXP 	window1: mouseVisible = False
558.2584 	EXP 	window1: mouseVisible = False
558.2749 	EXP 	window1: mouseVisible = False
558.2916 	EXP 	window1: mouseVisible = False
558.3083 	EXP 	window1: mouseVisible = False
558.3248 	EXP 	window1: mouseVisible = False
558.3416 	EXP 	window1: mouseVisible = False
558.3583 	EXP 	window1: mouseVisible = False
558.3749 	EXP 	window1: mouseVisible = False
558.3916 	EXP 	window1: mouseVisible = False
558.4082 	EXP 	window1: mouseVisible = False
558.4250 	EXP 	window1: mouseVisible = False
558.4416 	EXP 	window1: mouseVisible = False
558.4583 	EXP 	window1: mouseVisible = False
558.4749 	EXP 	window1: mouseVisible = False
558.4915 	EXP 	window1: mouseVisible = False
558.5082 	EXP 	window1: mouseVisible = False
558.5249 	EXP 	window1: mouseVisible = False
558.5416 	EXP 	window1: mouseVisible = False
558.5582 	EXP 	window1: mouseVisible = False
558.5749 	EXP 	window1: mouseVisible = False
558.5915 	EXP 	window1: mouseVisible = False
558.6083 	EXP 	window1: mouseVisible = False
558.6249 	EXP 	window1: mouseVisible = False
558.6416 	EXP 	window1: mouseVisible = False
558.6582 	EXP 	window1: mouseVisible = False
558.6749 	EXP 	window1: mouseVisible = False
558.6916 	EXP 	window1: mouseVisible = False
558.7082 	EXP 	window1: mouseVisible = False
558.7249 	EXP 	window1: mouseVisible = False
558.7416 	EXP 	window1: mouseVisible = False
558.7582 	EXP 	window1: mouseVisible = False
558.7749 	EXP 	window1: mouseVisible = False
558.7916 	EXP 	window1: mouseVisible = False
558.8082 	EXP 	window1: mouseVisible = False
558.8249 	EXP 	window1: mouseVisible = False
558.8412 	DATA 	Keypress: n
558.8417 	EXP 	window1: mouseVisible = False
558.8583 	EXP 	window1: mouseVisible = False
558.8749 	EXP 	window1: mouseVisible = False
558.8916 	EXP 	window1: mouseVisible = False
558.9082 	EXP 	window1: mouseVisible = False
558.9248 	EXP 	window1: mouseVisible = False
558.9415 	EXP 	window1: mouseVisible = False
558.9583 	EXP 	window1: mouseVisible = False
558.9750 	EXP 	window1: mouseVisible = False
558.9916 	EXP 	window1: mouseVisible = False
559.0083 	EXP 	window1: mouseVisible = False
559.0249 	EXP 	window1: mouseVisible = False
559.0416 	EXP 	window1: mouseVisible = False
559.0583 	EXP 	window1: mouseVisible = False
559.0749 	EXP 	window1: mouseVisible = False
559.0916 	EXP 	window1: mouseVisible = False
559.1083 	EXP 	window1: mouseVisible = False
559.1249 	EXP 	window1: mouseVisible = False
559.1415 	EXP 	window1: mouseVisible = False
559.1582 	EXP 	window1: mouseVisible = False
559.1749 	EXP 	window1: mouseVisible = False
559.1916 	EXP 	window1: mouseVisible = False
559.2082 	EXP 	window1: mouseVisible = False
559.2251 	DATA 	Keypress: space
559.3266 	EXP 	New trial (rep=15, index=0): None
559.3401 	EXP 	main_text: autoDraw = True
559.3401 	EXP 	confirm_text: autoDraw = True
559.3401 	EXP 	ratingScale: autoDraw = False
559.3401 	EXP 	main_text: autoDraw = False
559.3401 	EXP 	confirm_text: autoDraw = False
559.3401 	EXP 	text_2: autoDraw = True
559.3401 	EXP 	croix: autoDraw = True
564.3402 	EXP 	text_2: autoDraw = False
564.3402 	EXP 	croix: autoDraw = False
564.3402 	EXP 	text_2: autoDraw = False
564.3402 	EXP 	croix: autoDraw = False
564.3402 	EXP 	thermode_locali: autoDraw = True
576.3241 	EXP 	window1: mouseVisible = True
576.3250 	EXP 	Created unnamed Rect = Rect(__class__=<class 'psychopy.visual.rect.Rect'>, anchor=('center', 'center'), autoDraw=False, autoLog=True, closeShape=True, color=method-wrapper(...), colorSpace='rgb', contrast=None, depth=0, draggable=False, fillColor=array([1, 1, 1]), fillColorSpace='rgb', fillRGB=array([1, 1, 1]), interpolate=True, lineColor=array([1., 1., 1.]), lineColorSpace='rgb', lineRGB=array([1, 1, 1]), lineWidth=1.5, name='unnamed Rect', opacity=1.0, ori=0.0, pos=array([0., 0.]), size=array([0.01, 0.1 ]), units='norm', vertices=ndarray(...), win=Window(...))
576.3251 	EXP 	window1: mouseVisible = True
576.3252 	EXP 	window1: mouseVisible = True
576.3256 	EXP 	window1: mouseVisible = True
576.3268 	EXP 	window1: mouseVisible = True
576.3279 	EXP 	window1: mouseVisible = True
576.3281 	EXP 	window1: mouseVisible = True
576.3283 	EXP 	window1: mouseVisible = True
576.3284 	EXP 	window1: mouseVisible = True
576.3285 	EXP 	window1: mouseVisible = True
576.3287 	EXP 	window1: mouseVisible = True
576.3288 	EXP 	window1: mouseVisible = True
576.3289 	EXP 	window1: mouseVisible = True
576.3291 	EXP 	window1: mouseVisible = True
576.3292 	EXP 	window1: mouseVisible = True
576.3293 	EXP 	window1: mouseVisible = True
576.3295 	EXP 	window1: mouseVisible = True
576.3296 	EXP 	window1: mouseVisible = True
576.3297 	EXP 	window1: mouseVisible = True
576.3298 	EXP 	window1: mouseVisible = True
576.3300 	EXP 	window1: mouseVisible = True
576.3301 	EXP 	window1: mouseVisible = True
576.3302 	EXP 	window1: mouseVisible = True
576.3304 	EXP 	window1: mouseVisible = True
576.3305 	EXP 	window1: mouseVisible = True
576.3306 	EXP 	window1: mouseVisible = True
576.3307 	EXP 	window1: mouseVisible = True
576.3309 	EXP 	window1: mouseVisible = True
576.3310 	EXP 	window1: mouseVisible = True
576.3311 	EXP 	window1: mouseVisible = True
576.3313 	EXP 	window1: mouseVisible = True
576.3314 	EXP 	window1: mouseVisible = True
576.3315 	EXP 	window1: mouseVisible = True
576.3317 	EXP 	window1: mouseVisible = True
576.3318 	EXP 	window1: mouseVisible = True
576.3319 	EXP 	window1: mouseVisible = True
576.3320 	EXP 	window1: mouseVisible = True
576.3322 	EXP 	window1: mouseVisible = True
576.3323 	EXP 	window1: mouseVisible = True
576.3325 	EXP 	window1: mouseVisible = True
576.3326 	EXP 	window1: mouseVisible = True
576.3327 	EXP 	window1: mouseVisible = True
576.3328 	EXP 	window1: mouseVisible = True
576.3330 	EXP 	window1: mouseVisible = True
576.3331 	EXP 	window1: mouseVisible = True
576.3332 	EXP 	window1: mouseVisible = True
576.3334 	EXP 	window1: mouseVisible = True
576.3335 	EXP 	window1: mouseVisible = True
576.3336 	EXP 	window1: mouseVisible = True
576.3337 	EXP 	window1: mouseVisible = True
576.3339 	EXP 	window1: mouseVisible = True
576.3340 	EXP 	window1: mouseVisible = True
576.3341 	EXP 	window1: mouseVisible = True
576.3342 	EXP 	window1: mouseVisible = True
576.3344 	EXP 	window1: mouseVisible = True
576.3345 	EXP 	window1: mouseVisible = True
576.3346 	EXP 	window1: mouseVisible = True
576.3347 	EXP 	window1: mouseVisible = True
576.3349 	EXP 	window1: mouseVisible = True
576.3350 	EXP 	window1: mouseVisible = True
576.3351 	EXP 	window1: mouseVisible = True
576.3352 	EXP 	window1: mouseVisible = True
576.3354 	EXP 	window1: mouseVisible = True
576.3355 	EXP 	window1: mouseVisible = True
576.3356 	EXP 	window1: mouseVisible = True
576.3357 	EXP 	window1: mouseVisible = True
576.3359 	EXP 	window1: mouseVisible = True
576.3360 	EXP 	window1: mouseVisible = True
576.3362 	EXP 	window1: mouseVisible = True
576.3363 	EXP 	window1: mouseVisible = True
576.3364 	EXP 	window1: mouseVisible = True
576.3365 	EXP 	window1: mouseVisible = True
576.3367 	EXP 	window1: mouseVisible = True
576.3368 	EXP 	window1: mouseVisible = True
576.3369 	EXP 	window1: mouseVisible = True
576.3370 	EXP 	window1: mouseVisible = True
576.3372 	EXP 	window1: mouseVisible = True
576.3373 	EXP 	window1: mouseVisible = True
576.3374 	EXP 	window1: mouseVisible = True
576.3375 	EXP 	window1: mouseVisible = True
576.3377 	EXP 	window1: mouseVisible = True
576.3378 	EXP 	window1: mouseVisible = True
576.3379 	EXP 	window1: mouseVisible = True
576.3380 	EXP 	window1: mouseVisible = True
576.3382 	EXP 	window1: mouseVisible = True
576.3383 	EXP 	window1: mouseVisible = True
576.3384 	EXP 	window1: mouseVisible = True
576.3385 	EXP 	window1: mouseVisible = True
576.3387 	EXP 	window1: mouseVisible = True
576.3388 	EXP 	window1: mouseVisible = True
576.3389 	EXP 	window1: mouseVisible = True
576.3391 	EXP 	window1: mouseVisible = True
576.3392 	EXP 	window1: mouseVisible = True
576.3393 	EXP 	window1: mouseVisible = True
576.3395 	EXP 	window1: mouseVisible = True
576.3396 	EXP 	window1: mouseVisible = True
576.3397 	EXP 	window1: mouseVisible = True
576.3398 	EXP 	window1: mouseVisible = True
576.3400 	EXP 	window1: mouseVisible = True
576.3401 	EXP 	window1: mouseVisible = True
576.3403 	EXP 	window1: mouseVisible = True
576.3404 	EXP 	window1: mouseVisible = True
576.3405 	EXP 	window1: mouseVisible = True
576.3407 	EXP 	window1: mouseVisible = True
576.3408 	EXP 	window1: mouseVisible = True
576.3428 	EXP 	Created ratingScale = RatingScale(__class__=type(...), acceptKeys=['return'], acceptPreText=UNKNOWN, acceptSize=UNKNOWN, acceptText=UNKNOWN, autoLog=True, choices=False, colorSpace='rgb', depth=0, disappear=False, flipVert=False, high=100, kwargs=UNKNOWN, labels=list(...), leftKeys=['left'], lineColor=(255, 255, 255), low=0, marker=Rect(...), markerColor=(255, 255, 255), markerExpansion=UNKNOWN, markerStart=0.5, maxTime=0.0, minTime=0.4, mouseOnly=False, name='ratingScale', noMouse=False, pos=[0.0, 0.0], precision=100, respKeys=[], rightKeys=['right'], scale=None, self=UNKNOWN, showAccept=False, showValue=False, singleClick=False, size=0.6, skipKeys=['tab'], stretch=2.0, textColor='white', textFont='Helvetica Bold', textSize=0.144, tickHeight=0, tickMarks=10.0, win=Window(...))
576.3429 	EXP 	RatingScale ratingScale: reset()
576.3449 	EXP 	window1: mouseVisible = False
576.3570 	EXP 	thermode_locali: autoDraw = False
576.3570 	EXP 	thermode_locali: autoDraw = False
576.3570 	EXP 	ratingScale: flipVert = False
576.3570 	EXP 	ratingScale: autoLog = True
576.3584 	EXP 	window1: mouseVisible = False
576.3752 	EXP 	window1: mouseVisible = False
576.3918 	EXP 	window1: mouseVisible = False
576.4084 	EXP 	window1: mouseVisible = False
576.4255 	EXP 	window1: mouseVisible = False
576.4419 	EXP 	window1: mouseVisible = False
576.4585 	EXP 	window1: mouseVisible = False
576.4751 	EXP 	window1: mouseVisible = False
576.4917 	EXP 	window1: mouseVisible = False
576.5085 	EXP 	window1: mouseVisible = False
576.5251 	EXP 	window1: mouseVisible = False
576.5418 	EXP 	window1: mouseVisible = False
576.5584 	EXP 	window1: mouseVisible = False
576.5751 	EXP 	window1: mouseVisible = False
576.5917 	EXP 	window1: mouseVisible = False
576.6084 	EXP 	window1: mouseVisible = False
576.6251 	EXP 	window1: mouseVisible = False
576.6417 	EXP 	window1: mouseVisible = False
576.6584 	EXP 	window1: mouseVisible = False
576.6751 	EXP 	window1: mouseVisible = False
576.6918 	EXP 	window1: mouseVisible = False
576.7084 	EXP 	window1: mouseVisible = False
576.7251 	EXP 	window1: mouseVisible = False
576.7418 	EXP 	window1: mouseVisible = False
576.7584 	EXP 	window1: mouseVisible = False
576.7751 	EXP 	window1: mouseVisible = False
576.7918 	EXP 	window1: mouseVisible = False
576.8084 	EXP 	window1: mouseVisible = False
576.8252 	EXP 	window1: mouseVisible = False
576.8419 	EXP 	window1: mouseVisible = False
576.8585 	EXP 	window1: mouseVisible = False
576.8762 	EXP 	window1: mouseVisible = False
576.8918 	EXP 	window1: mouseVisible = False
576.9086 	EXP 	window1: mouseVisible = False
576.9252 	EXP 	window1: mouseVisible = False
576.9418 	EXP 	window1: mouseVisible = False
576.9584 	EXP 	window1: mouseVisible = False
576.9751 	EXP 	window1: mouseVisible = False
576.9918 	EXP 	window1: mouseVisible = False
577.0081 	DATA 	Keypress: m
577.0086 	EXP 	window1: mouseVisible = False
577.0251 	EXP 	window1: mouseVisible = False
577.0418 	EXP 	window1: mouseVisible = False
577.0585 	EXP 	window1: mouseVisible = False
577.0751 	EXP 	window1: mouseVisible = False
577.0918 	EXP 	window1: mouseVisible = False
577.1087 	EXP 	window1: mouseVisible = False
577.1252 	EXP 	window1: mouseVisible = False
577.1418 	EXP 	window1: mouseVisible = False
577.1583 	EXP 	window1: mouseVisible = False
577.1750 	EXP 	window1: mouseVisible = False
577.1917 	EXP 	window1: mouseVisible = False
577.2084 	EXP 	window1: mouseVisible = False
577.2256 	EXP 	window1: mouseVisible = False
577.2417 	EXP 	window1: mouseVisible = False
577.2584 	EXP 	window1: mouseVisible = False
577.2751 	EXP 	window1: mouseVisible = False
577.2918 	EXP 	window1: mouseVisible = False
577.3084 	EXP 	window1: mouseVisible = False
577.3250 	EXP 	window1: mouseVisible = False
577.3416 	EXP 	window1: mouseVisible = False
577.3584 	EXP 	window1: mouseVisible = False
577.3751 	EXP 	window1: mouseVisible = False
577.3917 	EXP 	window1: mouseVisible = False
577.4084 	EXP 	window1: mouseVisible = False
577.4251 	EXP 	window1: mouseVisible = False
577.4417 	EXP 	window1: mouseVisible = False
577.4584 	EXP 	window1: mouseVisible = False
577.4750 	EXP 	window1: mouseVisible = False
577.4917 	EXP 	window1: mouseVisible = False
577.5085 	EXP 	window1: mouseVisible = False
577.5253 	EXP 	window1: mouseVisible = False
577.5420 	EXP 	window1: mouseVisible = False
577.5584 	EXP 	window1: mouseVisible = False
577.5751 	EXP 	window1: mouseVisible = False
577.5918 	EXP 	window1: mouseVisible = False
577.6085 	EXP 	window1: mouseVisible = False
577.6251 	EXP 	window1: mouseVisible = False
577.6418 	EXP 	window1: mouseVisible = False
577.6585 	EXP 	window1: mouseVisible = False
577.6752 	EXP 	window1: mouseVisible = False
577.6918 	EXP 	window1: mouseVisible = False
577.7084 	EXP 	window1: mouseVisible = False
577.7251 	EXP 	window1: mouseVisible = False
577.7418 	EXP 	window1: mouseVisible = False
577.7585 	EXP 	window1: mouseVisible = False
577.7751 	EXP 	window1: mouseVisible = False
577.7918 	EXP 	window1: mouseVisible = False
577.8084 	EXP 	window1: mouseVisible = False
577.8251 	EXP 	window1: mouseVisible = False
577.8417 	EXP 	window1: mouseVisible = False
577.8585 	EXP 	window1: mouseVisible = False
577.8752 	EXP 	window1: mouseVisible = False
577.8920 	EXP 	window1: mouseVisible = False
577.9084 	EXP 	window1: mouseVisible = False
577.9252 	EXP 	window1: mouseVisible = False
577.9417 	EXP 	window1: mouseVisible = False
577.9586 	EXP 	window1: mouseVisible = False
577.9751 	EXP 	window1: mouseVisible = False
577.9918 	EXP 	window1: mouseVisible = False
578.0084 	EXP 	window1: mouseVisible = False
578.0250 	EXP 	window1: mouseVisible = False
578.0417 	EXP 	window1: mouseVisible = False
578.0585 	EXP 	window1: mouseVisible = False
578.0751 	EXP 	window1: mouseVisible = False
578.0918 	EXP 	window1: mouseVisible = False
578.1084 	EXP 	window1: mouseVisible = False
578.1251 	EXP 	window1: mouseVisible = False
578.1417 	EXP 	window1: mouseVisible = False
578.1586 	EXP 	window1: mouseVisible = False
578.1751 	EXP 	window1: mouseVisible = False
578.1917 	EXP 	window1: mouseVisible = False
578.2083 	EXP 	window1: mouseVisible = False
578.2251 	EXP 	window1: mouseVisible = False
578.2421 	EXP 	window1: mouseVisible = False
578.2585 	EXP 	window1: mouseVisible = False
578.2751 	EXP 	window1: mouseVisible = False
578.2918 	EXP 	window1: mouseVisible = False
578.3084 	EXP 	window1: mouseVisible = False
578.3251 	EXP 	window1: mouseVisible = False
578.3425 	DATA 	Keypress: space
578.4570 	EXP 	main_text: autoDraw = True
578.4570 	EXP 	confirm_text: autoDraw = True
578.4570 	EXP 	ratingScale: autoDraw = False
578.4570 	EXP 	main_text: autoDraw = False
578.4570 	EXP 	confirm_text: autoDraw = False
578.4570 	EXP 	text: autoDraw = True
610.5743 	EXP 	Created sequence: random, trialTypes=1, nReps=4, seed=None
610.5744 	EXP 	New trial (rep=0, index=0): None
610.5749 	DATA 	Keypress: p
610.5907 	EXP 	text: autoDraw = False
610.5907 	EXP 	text_7: autoDraw = True
611.9742 	EXP 	Created sequence: random, trialTypes=1, nReps=2, seed=None
611.9743 	EXP 	New trial (rep=0, index=0): None
611.9761 	DATA 	Keypress: p
611.9907 	EXP 	text_7: autoDraw = False
611.9907 	EXP 	text_eva: autoDraw = True
611.9907 	EXP 	croix_2: autoDraw = True
616.9908 	EXP 	text_eva: autoDraw = False
616.9908 	EXP 	croix_2: autoDraw = False
616.9908 	EXP 	thermode_locali_EVA: autoDraw = True
628.9745 	EXP 	window1: mouseVisible = True
628.9755 	EXP 	Created unnamed Rect = Rect(__class__=<class 'psychopy.visual.rect.Rect'>, anchor=('center', 'center'), autoDraw=False, autoLog=True, closeShape=True, color=method-wrapper(...), colorSpace='rgb', contrast=None, depth=0, draggable=False, fillColor=array([1, 1, 1]), fillColorSpace='rgb', fillRGB=array([1, 1, 1]), interpolate=True, lineColor=array([1., 1., 1.]), lineColorSpace='rgb', lineRGB=array([1, 1, 1]), lineWidth=1.5, name='unnamed Rect', opacity=1.0, ori=0.0, pos=array([0., 0.]), size=array([0.01, 0.1 ]), units='norm', vertices=ndarray(...), win=Window(...))
628.9755 	EXP 	window1: mouseVisible = True
628.9757 	EXP 	window1: mouseVisible = True
628.9764 	EXP 	window1: mouseVisible = True
628.9777 	EXP 	window1: mouseVisible = True
628.9787 	EXP 	window1: mouseVisible = True
628.9789 	EXP 	window1: mouseVisible = True
628.9791 	EXP 	window1: mouseVisible = True
628.9792 	EXP 	window1: mouseVisible = True
628.9793 	EXP 	window1: mouseVisible = True
628.9795 	EXP 	window1: mouseVisible = True
628.9796 	EXP 	window1: mouseVisible = True
628.9797 	EXP 	window1: mouseVisible = True
628.9799 	EXP 	window1: mouseVisible = True
628.9801 	EXP 	window1: mouseVisible = True
628.9802 	EXP 	window1: mouseVisible = True
628.9803 	EXP 	window1: mouseVisible = True
628.9805 	EXP 	window1: mouseVisible = True
628.9806 	EXP 	window1: mouseVisible = True
628.9807 	EXP 	window1: mouseVisible = True
628.9809 	EXP 	window1: mouseVisible = True
628.9810 	EXP 	window1: mouseVisible = True
628.9811 	EXP 	window1: mouseVisible = True
628.9813 	EXP 	window1: mouseVisible = True
628.9814 	EXP 	window1: mouseVisible = True
628.9815 	EXP 	window1: mouseVisible = True
628.9816 	EXP 	window1: mouseVisible = True
628.9818 	EXP 	window1: mouseVisible = True
628.9819 	EXP 	window1: mouseVisible = True
628.9820 	EXP 	window1: mouseVisible = True
628.9821 	EXP 	window1: mouseVisible = True
628.9823 	EXP 	window1: mouseVisible = True
628.9824 	EXP 	window1: mouseVisible = True
628.9825 	EXP 	window1: mouseVisible = True
628.9826 	EXP 	window1: mouseVisible = True
628.9828 	EXP 	window1: mouseVisible = True
628.9829 	EXP 	window1: mouseVisible = True
628.9830 	EXP 	window1: mouseVisible = True
628.9831 	EXP 	window1: mouseVisible = True
628.9833 	EXP 	window1: mouseVisible = True
628.9834 	EXP 	window1: mouseVisible = True
628.9835 	EXP 	window1: mouseVisible = True
628.9837 	EXP 	window1: mouseVisible = True
628.9838 	EXP 	window1: mouseVisible = True
628.9839 	EXP 	window1: mouseVisible = True
628.9840 	EXP 	window1: mouseVisible = True
628.9842 	EXP 	window1: mouseVisible = True
628.9843 	EXP 	window1: mouseVisible = True
628.9844 	EXP 	window1: mouseVisible = True
628.9846 	EXP 	window1: mouseVisible = True
628.9847 	EXP 	window1: mouseVisible = True
628.9848 	EXP 	window1: mouseVisible = True
628.9849 	EXP 	window1: mouseVisible = True
628.9851 	EXP 	window1: mouseVisible = True
628.9852 	EXP 	window1: mouseVisible = True
628.9853 	EXP 	window1: mouseVisible = True
628.9855 	EXP 	window1: mouseVisible = True
628.9856 	EXP 	window1: mouseVisible = True
628.9857 	EXP 	window1: mouseVisible = True
628.9858 	EXP 	window1: mouseVisible = True
628.9859 	EXP 	window1: mouseVisible = True
628.9861 	EXP 	window1: mouseVisible = True
628.9862 	EXP 	window1: mouseVisible = True
628.9863 	EXP 	window1: mouseVisible = True
628.9864 	EXP 	window1: mouseVisible = True
628.9866 	EXP 	window1: mouseVisible = True
628.9867 	EXP 	window1: mouseVisible = True
628.9868 	EXP 	window1: mouseVisible = True
628.9869 	EXP 	window1: mouseVisible = True
628.9871 	EXP 	window1: mouseVisible = True
628.9872 	EXP 	window1: mouseVisible = True
628.9873 	EXP 	window1: mouseVisible = True
628.9874 	EXP 	window1: mouseVisible = True
628.9876 	EXP 	window1: mouseVisible = True
628.9877 	EXP 	window1: mouseVisible = True
628.9878 	EXP 	window1: mouseVisible = True
628.9879 	EXP 	window1: mouseVisible = True
628.9881 	EXP 	window1: mouseVisible = True
628.9882 	EXP 	window1: mouseVisible = True
628.9884 	EXP 	window1: mouseVisible = True
628.9885 	EXP 	window1: mouseVisible = True
628.9886 	EXP 	window1: mouseVisible = True
628.9888 	EXP 	window1: mouseVisible = True
628.9889 	EXP 	window1: mouseVisible = True
628.9890 	EXP 	window1: mouseVisible = True
628.9891 	EXP 	window1: mouseVisible = True
628.9893 	EXP 	window1: mouseVisible = True
628.9894 	EXP 	window1: mouseVisible = True
628.9895 	EXP 	window1: mouseVisible = True
628.9896 	EXP 	window1: mouseVisible = True
628.9898 	EXP 	window1: mouseVisible = True
628.9899 	EXP 	window1: mouseVisible = True
628.9900 	EXP 	window1: mouseVisible = True
628.9901 	EXP 	window1: mouseVisible = True
628.9903 	EXP 	window1: mouseVisible = True
628.9904 	EXP 	window1: mouseVisible = True
628.9905 	EXP 	window1: mouseVisible = True
628.9906 	EXP 	window1: mouseVisible = True
628.9908 	EXP 	window1: mouseVisible = True
628.9909 	EXP 	window1: mouseVisible = True
628.9910 	EXP 	window1: mouseVisible = True
628.9911 	EXP 	window1: mouseVisible = True
628.9913 	EXP 	window1: mouseVisible = True
628.9914 	EXP 	window1: mouseVisible = True
628.9915 	EXP 	window1: mouseVisible = True
628.9937 	EXP 	Created ratingScale = RatingScale(__class__=type(...), acceptKeys=['return'], acceptPreText=UNKNOWN, acceptSize=UNKNOWN, acceptText=UNKNOWN, autoLog=True, choices=False, colorSpace='rgb', depth=0, disappear=False, flipVert=False, high=100, kwargs=UNKNOWN, labels=list(...), leftKeys=['left'], lineColor=(255, 255, 255), low=0, marker=Rect(...), markerColor=(255, 255, 255), markerExpansion=UNKNOWN, markerStart=0.5, maxTime=0.0, minTime=0.4, mouseOnly=False, name='ratingScale', noMouse=False, pos=[0.0, 0.0], precision=100, respKeys=[], rightKeys=['right'], scale=None, self=UNKNOWN, showAccept=False, showValue=False, singleClick=False, size=0.6, skipKeys=['tab'], stretch=2.0, textColor='white', textFont='Helvetica Bold', textSize=0.144, tickHeight=0, tickMarks=10.0, win=Window(...))
628.9938 	EXP 	RatingScale ratingScale: reset()
628.9958 	EXP 	window1: mouseVisible = False
629.0076 	EXP 	thermode_locali_EVA: autoDraw = False
629.0076 	EXP 	ratingScale: flipVert = False
629.0076 	EXP 	ratingScale: autoLog = True
629.0090 	EXP 	window1: mouseVisible = False
629.0256 	EXP 	window1: mouseVisible = False
629.0423 	EXP 	window1: mouseVisible = False
629.0589 	EXP 	window1: mouseVisible = False
629.0756 	EXP 	window1: mouseVisible = False
629.0925 	EXP 	window1: mouseVisible = False
629.1090 	EXP 	window1: mouseVisible = False
629.1256 	EXP 	window1: mouseVisible = False
629.1423 	EXP 	window1: mouseVisible = False
629.1589 	EXP 	window1: mouseVisible = False
629.1757 	EXP 	window1: mouseVisible = False
629.1923 	EXP 	window1: mouseVisible = False
629.2090 	EXP 	window1: mouseVisible = False
629.2256 	EXP 	window1: mouseVisible = False
629.2423 	EXP 	window1: mouseVisible = False
629.2589 	EXP 	window1: mouseVisible = False
629.2756 	EXP 	window1: mouseVisible = False
629.2923 	EXP 	window1: mouseVisible = False
629.3090 	EXP 	window1: mouseVisible = False
629.3259 	EXP 	window1: mouseVisible = False
629.3423 	EXP 	window1: mouseVisible = False
629.3589 	EXP 	window1: mouseVisible = False
629.3756 	EXP 	window1: mouseVisible = False
629.3923 	EXP 	window1: mouseVisible = False
629.4090 	EXP 	window1: mouseVisible = False
629.4257 	EXP 	window1: mouseVisible = False
629.4424 	EXP 	window1: mouseVisible = False
629.4589 	EXP 	window1: mouseVisible = False
629.4756 	EXP 	window1: mouseVisible = False
629.4924 	EXP 	window1: mouseVisible = False
629.5091 	EXP 	window1: mouseVisible = False
629.5270 	EXP 	window1: mouseVisible = False
629.5423 	EXP 	window1: mouseVisible = False
629.5590 	EXP 	window1: mouseVisible = False
629.5757 	EXP 	window1: mouseVisible = False
629.5923 	EXP 	window1: mouseVisible = False
629.6090 	EXP 	window1: mouseVisible = False
629.6258 	EXP 	window1: mouseVisible = False
629.6424 	EXP 	window1: mouseVisible = False
629.6590 	EXP 	window1: mouseVisible = False
629.6756 	EXP 	window1: mouseVisible = False
629.6923 	EXP 	window1: mouseVisible = False
629.7089 	EXP 	window1: mouseVisible = False
629.7257 	EXP 	window1: mouseVisible = False
629.7423 	EXP 	window1: mouseVisible = False
629.7589 	EXP 	window1: mouseVisible = False
629.7756 	EXP 	window1: mouseVisible = False
629.7923 	EXP 	window1: mouseVisible = False
629.8089 	EXP 	window1: mouseVisible = False
629.8255 	DATA 	Keypress: n
629.8263 	EXP 	window1: mouseVisible = False
629.8424 	EXP 	window1: mouseVisible = False
629.8589 	EXP 	window1: mouseVisible = False
629.8756 	EXP 	window1: mouseVisible = False
629.8923 	EXP 	window1: mouseVisible = False
629.9089 	EXP 	window1: mouseVisible = False
629.9256 	EXP 	window1: mouseVisible = False
629.9422 	EXP 	window1: mouseVisible = False
629.9589 	EXP 	window1: mouseVisible = False
629.9756 	EXP 	window1: mouseVisible = False
629.9922 	EXP 	window1: mouseVisible = False
630.0089 	EXP 	window1: mouseVisible = False
630.0256 	EXP 	window1: mouseVisible = False
630.0424 	EXP 	window1: mouseVisible = False
630.0589 	EXP 	window1: mouseVisible = False
630.0756 	EXP 	window1: mouseVisible = False
630.0922 	EXP 	window1: mouseVisible = False
630.1089 	EXP 	window1: mouseVisible = False
630.1256 	EXP 	window1: mouseVisible = False
630.1422 	EXP 	window1: mouseVisible = False
630.1589 	EXP 	window1: mouseVisible = False
630.1756 	EXP 	window1: mouseVisible = False
630.1922 	EXP 	window1: mouseVisible = False
630.2089 	EXP 	window1: mouseVisible = False
630.2257 	EXP 	window1: mouseVisible = False
630.2422 	EXP 	window1: mouseVisible = False
630.2590 	EXP 	window1: mouseVisible = False
630.2756 	EXP 	window1: mouseVisible = False
630.2923 	EXP 	window1: mouseVisible = False
630.3089 	EXP 	window1: mouseVisible = False
630.3256 	EXP 	window1: mouseVisible = False
630.3423 	EXP 	window1: mouseVisible = False
630.3589 	EXP 	window1: mouseVisible = False
630.3756 	EXP 	window1: mouseVisible = False
630.3923 	EXP 	window1: mouseVisible = False
630.4089 	EXP 	window1: mouseVisible = False
630.4256 	EXP 	window1: mouseVisible = False
630.4422 	EXP 	window1: mouseVisible = False
630.4589 	EXP 	window1: mouseVisible = False
630.4757 	EXP 	window1: mouseVisible = False
630.4923 	EXP 	window1: mouseVisible = False
630.5089 	EXP 	window1: mouseVisible = False
630.5256 	EXP 	window1: mouseVisible = False
630.5433 	EXP 	window1: mouseVisible = False
630.5590 	EXP 	window1: mouseVisible = False
630.5752 	DATA 	Keypress: m
630.5757 	EXP 	window1: mouseVisible = False
630.5923 	EXP 	window1: mouseVisible = False
630.6089 	EXP 	window1: mouseVisible = False
630.6255 	EXP 	window1: mouseVisible = False
630.6422 	EXP 	window1: mouseVisible = False
630.6589 	EXP 	window1: mouseVisible = False
630.6756 	EXP 	window1: mouseVisible = False
630.6923 	EXP 	window1: mouseVisible = False
630.7090 	EXP 	window1: mouseVisible = False
630.7260 	EXP 	window1: mouseVisible = False
630.7423 	EXP 	window1: mouseVisible = False
630.7589 	EXP 	window1: mouseVisible = False
630.7756 	EXP 	window1: mouseVisible = False
630.7923 	EXP 	window1: mouseVisible = False
630.8090 	EXP 	window1: mouseVisible = False
630.8256 	EXP 	window1: mouseVisible = False
630.8423 	EXP 	window1: mouseVisible = False
630.8589 	EXP 	window1: mouseVisible = False
630.8755 	EXP 	window1: mouseVisible = False
630.8923 	EXP 	window1: mouseVisible = False
630.9089 	EXP 	window1: mouseVisible = False
630.9256 	EXP 	window1: mouseVisible = False
630.9423 	EXP 	window1: mouseVisible = False
630.9589 	EXP 	window1: mouseVisible = False
630.9755 	EXP 	window1: mouseVisible = False
630.9924 	EXP 	window1: mouseVisible = False
631.0089 	EXP 	window1: mouseVisible = False
631.0256 	EXP 	window1: mouseVisible = False
631.0423 	EXP 	window1: mouseVisible = False
631.0589 	EXP 	window1: mouseVisible = False
631.0756 	EXP 	window1: mouseVisible = False
631.0922 	EXP 	window1: mouseVisible = False
631.1089 	EXP 	window1: mouseVisible = False
631.1256 	EXP 	window1: mouseVisible = False
631.1423 	EXP 	window1: mouseVisible = False
631.1589 	EXP 	window1: mouseVisible = False
631.1760 	EXP 	window1: mouseVisible = False
631.1922 	EXP 	window1: mouseVisible = False
631.2089 	EXP 	window1: mouseVisible = False
631.2256 	EXP 	window1: mouseVisible = False
631.2423 	EXP 	window1: mouseVisible = False
631.2589 	EXP 	window1: mouseVisible = False
631.2756 	EXP 	window1: mouseVisible = False
631.2933 	EXP 	window1: mouseVisible = False
631.3091 	EXP 	window1: mouseVisible = False
631.3257 	EXP 	window1: mouseVisible = False
631.3425 	DATA 	Keypress: space
631.4428 	EXP 	New trial (rep=1, index=0): None
631.4576 	EXP 	main_text: autoDraw = True
631.4576 	EXP 	confirm_text: autoDraw = True
631.4576 	EXP 	ratingScale: autoDraw = False
631.4576 	EXP 	main_text: autoDraw = False
631.4576 	EXP 	confirm_text: autoDraw = False
631.4576 	EXP 	text_eva: autoDraw = True
631.4576 	EXP 	croix_2: autoDraw = True
636.4577 	EXP 	text_eva: autoDraw = False
636.4577 	EXP 	croix_2: autoDraw = False
636.4577 	EXP 	text_eva: autoDraw = False
636.4577 	EXP 	croix_2: autoDraw = False
636.4577 	EXP 	thermode_locali_EVA: autoDraw = True
648.4415 	EXP 	window1: mouseVisible = True
648.4423 	EXP 	Created unnamed Rect = Rect(__class__=<class 'psychopy.visual.rect.Rect'>, anchor=('center', 'center'), autoDraw=False, autoLog=True, closeShape=True, color=method-wrapper(...), colorSpace='rgb', contrast=None, depth=0, draggable=False, fillColor=array([1, 1, 1]), fillColorSpace='rgb', fillRGB=array([1, 1, 1]), interpolate=True, lineColor=array([1., 1., 1.]), lineColorSpace='rgb', lineRGB=array([1, 1, 1]), lineWidth=1.5, name='unnamed Rect', opacity=1.0, ori=0.0, pos=array([0., 0.]), size=array([0.01, 0.1 ]), units='norm', vertices=ndarray(...), win=Window(...))
648.4424 	EXP 	window1: mouseVisible = True
648.4425 	EXP 	window1: mouseVisible = True
648.4430 	EXP 	window1: mouseVisible = True
648.4441 	EXP 	window1: mouseVisible = True
648.4452 	EXP 	window1: mouseVisible = True
648.4454 	EXP 	window1: mouseVisible = True
648.4455 	EXP 	window1: mouseVisible = True
648.4457 	EXP 	window1: mouseVisible = True
648.4458 	EXP 	window1: mouseVisible = True
648.4459 	EXP 	window1: mouseVisible = True
648.4461 	EXP 	window1: mouseVisible = True
648.4463 	EXP 	window1: mouseVisible = True
648.4464 	EXP 	window1: mouseVisible = True
648.4466 	EXP 	window1: mouseVisible = True
648.4467 	EXP 	window1: mouseVisible = True
648.4468 	EXP 	window1: mouseVisible = True
648.4473 	EXP 	window1: mouseVisible = True
648.4475 	EXP 	window1: mouseVisible = True
648.4476 	EXP 	window1: mouseVisible = True
648.4478 	EXP 	window1: mouseVisible = True
648.4479 	EXP 	window1: mouseVisible = True
648.4480 	EXP 	window1: mouseVisible = True
648.4482 	EXP 	window1: mouseVisible = True
648.4483 	EXP 	window1: mouseVisible = True
648.4484 	EXP 	window1: mouseVisible = True
648.4486 	EXP 	window1: mouseVisible = True
648.4487 	EXP 	window1: mouseVisible = True
648.4488 	EXP 	window1: mouseVisible = True
648.4490 	EXP 	window1: mouseVisible = True
648.4491 	EXP 	window1: mouseVisible = True
648.4492 	EXP 	window1: mouseVisible = True
648.4493 	EXP 	window1: mouseVisible = True
648.4495 	EXP 	window1: mouseVisible = True
648.4496 	EXP 	window1: mouseVisible = True
648.4497 	EXP 	window1: mouseVisible = True
648.4499 	EXP 	window1: mouseVisible = True
648.4500 	EXP 	window1: mouseVisible = True
648.4501 	EXP 	window1: mouseVisible = True
648.4503 	EXP 	window1: mouseVisible = True
648.4504 	EXP 	window1: mouseVisible = True
648.4505 	EXP 	window1: mouseVisible = True
648.4506 	EXP 	window1: mouseVisible = True
648.4508 	EXP 	window1: mouseVisible = True
648.4509 	EXP 	window1: mouseVisible = True
648.4510 	EXP 	window1: mouseVisible = True
648.4511 	EXP 	window1: mouseVisible = True
648.4513 	EXP 	window1: mouseVisible = True
648.4514 	EXP 	window1: mouseVisible = True
648.4515 	EXP 	window1: mouseVisible = True
648.4517 	EXP 	window1: mouseVisible = True
648.4518 	EXP 	window1: mouseVisible = True
648.4520 	EXP 	window1: mouseVisible = True
648.4521 	EXP 	window1: mouseVisible = True
648.4522 	EXP 	window1: mouseVisible = True
648.4524 	EXP 	window1: mouseVisible = True
648.4525 	EXP 	window1: mouseVisible = True
648.4526 	EXP 	window1: mouseVisible = True
648.4528 	EXP 	window1: mouseVisible = True
648.4529 	EXP 	window1: mouseVisible = True
648.4530 	EXP 	window1: mouseVisible = True
648.4532 	EXP 	window1: mouseVisible = True
648.4533 	EXP 	window1: mouseVisible = True
648.4534 	EXP 	window1: mouseVisible = True
648.4535 	EXP 	window1: mouseVisible = True
648.4537 	EXP 	window1: mouseVisible = True
648.4538 	EXP 	window1: mouseVisible = True
648.4539 	EXP 	window1: mouseVisible = True
648.4540 	EXP 	window1: mouseVisible = True
648.4542 	EXP 	window1: mouseVisible = True
648.4543 	EXP 	window1: mouseVisible = True
648.4544 	EXP 	window1: mouseVisible = True
648.4546 	EXP 	window1: mouseVisible = True
648.4547 	EXP 	window1: mouseVisible = True
648.4548 	EXP 	window1: mouseVisible = True
648.4549 	EXP 	window1: mouseVisible = True
648.4551 	EXP 	window1: mouseVisible = True
648.4552 	EXP 	window1: mouseVisible = True
648.4553 	EXP 	window1: mouseVisible = True
648.4554 	EXP 	window1: mouseVisible = True
648.4556 	EXP 	window1: mouseVisible = True
648.4557 	EXP 	window1: mouseVisible = True
648.4559 	EXP 	window1: mouseVisible = True
648.4560 	EXP 	window1: mouseVisible = True
648.4561 	EXP 	window1: mouseVisible = True
648.4563 	EXP 	window1: mouseVisible = True
648.4564 	EXP 	window1: mouseVisible = True
648.4565 	EXP 	window1: mouseVisible = True
648.4566 	EXP 	window1: mouseVisible = True
648.4568 	EXP 	window1: mouseVisible = True
648.4569 	EXP 	window1: mouseVisible = True
648.4570 	EXP 	window1: mouseVisible = True
648.4572 	EXP 	window1: mouseVisible = True
648.4573 	EXP 	window1: mouseVisible = True
648.4574 	EXP 	window1: mouseVisible = True
648.4575 	EXP 	window1: mouseVisible = True
648.4577 	EXP 	window1: mouseVisible = True
648.4578 	EXP 	window1: mouseVisible = True
648.4579 	EXP 	window1: mouseVisible = True
648.4580 	EXP 	window1: mouseVisible = True
648.4582 	EXP 	window1: mouseVisible = True
648.4583 	EXP 	window1: mouseVisible = True
648.4584 	EXP 	window1: mouseVisible = True
648.4585 	EXP 	window1: mouseVisible = True
648.4587 	EXP 	window1: mouseVisible = True
648.4609 	EXP 	Created ratingScale = RatingScale(__class__=type(...), acceptKeys=['return'], acceptPreText=UNKNOWN, acceptSize=UNKNOWN, acceptText=UNKNOWN, autoLog=True, choices=False, colorSpace='rgb', depth=0, disappear=False, flipVert=False, high=100, kwargs=UNKNOWN, labels=list(...), leftKeys=['left'], lineColor=(255, 255, 255), low=0, marker=Rect(...), markerColor=(255, 255, 255), markerExpansion=UNKNOWN, markerStart=0.5, maxTime=0.0, minTime=0.4, mouseOnly=False, name='ratingScale', noMouse=False, pos=[0.0, 0.0], precision=100, respKeys=[], rightKeys=['right'], scale=None, self=UNKNOWN, showAccept=False, showValue=False, singleClick=False, size=0.6, skipKeys=['tab'], stretch=2.0, textColor='white', textFont='Helvetica Bold', textSize=0.144, tickHeight=0, tickMarks=10.0, win=Window(...))
648.4609 	EXP 	RatingScale ratingScale: reset()
648.4629 	EXP 	window1: mouseVisible = False
648.4744 	EXP 	thermode_locali_EVA: autoDraw = False
648.4744 	EXP 	thermode_locali_EVA: autoDraw = False
648.4744 	EXP 	ratingScale: flipVert = False
648.4744 	EXP 	ratingScale: autoLog = True
648.4759 	EXP 	window1: mouseVisible = False
648.4926 	EXP 	window1: mouseVisible = False
648.5092 	EXP 	window1: mouseVisible = False
648.5258 	EXP 	window1: mouseVisible = False
648.5425 	EXP 	window1: mouseVisible = False
648.5592 	EXP 	window1: mouseVisible = False
648.5758 	EXP 	window1: mouseVisible = False
648.5927 	EXP 	window1: mouseVisible = False
648.6093 	EXP 	window1: mouseVisible = False
648.6259 	EXP 	window1: mouseVisible = False
648.6425 	EXP 	window1: mouseVisible = False
648.6592 	EXP 	window1: mouseVisible = False
648.6759 	EXP 	window1: mouseVisible = False
648.6927 	EXP 	window1: mouseVisible = False
648.7092 	EXP 	window1: mouseVisible = False
648.7259 	EXP 	window1: mouseVisible = False
648.7425 	EXP 	window1: mouseVisible = False
648.7592 	EXP 	window1: mouseVisible = False
648.7758 	EXP 	window1: mouseVisible = False
648.7926 	EXP 	window1: mouseVisible = False
648.8092 	EXP 	window1: mouseVisible = False
648.8258 	EXP 	window1: mouseVisible = False
648.8425 	EXP 	window1: mouseVisible = False
648.8592 	EXP 	window1: mouseVisible = False
648.8758 	EXP 	window1: mouseVisible = False
648.8925 	EXP 	window1: mouseVisible = False
648.9092 	EXP 	window1: mouseVisible = False
648.9258 	EXP 	window1: mouseVisible = False
648.9425 	EXP 	window1: mouseVisible = False
648.9591 	EXP 	window1: mouseVisible = False
648.9759 	EXP 	window1: mouseVisible = False
648.9935 	EXP 	window1: mouseVisible = False
649.0092 	EXP 	window1: mouseVisible = False
649.0258 	EXP 	window1: mouseVisible = False
649.0425 	EXP 	window1: mouseVisible = False
649.0592 	EXP 	window1: mouseVisible = False
649.0758 	EXP 	window1: mouseVisible = False
649.0925 	EXP 	window1: mouseVisible = False
649.1092 	EXP 	window1: mouseVisible = False
649.1259 	EXP 	window1: mouseVisible = False
649.1421 	DATA 	Keypress: m
649.1427 	EXP 	window1: mouseVisible = False
649.1592 	EXP 	window1: mouseVisible = False
649.1759 	EXP 	window1: mouseVisible = False
649.1929 	EXP 	window1: mouseVisible = False
649.2094 	EXP 	window1: mouseVisible = False
649.2259 	EXP 	window1: mouseVisible = False
649.2425 	EXP 	window1: mouseVisible = False
649.2591 	EXP 	window1: mouseVisible = False
649.2759 	EXP 	window1: mouseVisible = False
649.2925 	EXP 	window1: mouseVisible = False
649.3092 	EXP 	window1: mouseVisible = False
649.3258 	EXP 	window1: mouseVisible = False
649.3426 	EXP 	window1: mouseVisible = False
649.3592 	EXP 	window1: mouseVisible = False
649.3758 	EXP 	window1: mouseVisible = False
649.3927 	EXP 	window1: mouseVisible = False
649.4092 	EXP 	window1: mouseVisible = False
649.4258 	EXP 	window1: mouseVisible = False
649.4425 	EXP 	window1: mouseVisible = False
649.4592 	EXP 	window1: mouseVisible = False
649.4758 	EXP 	window1: mouseVisible = False
649.4925 	EXP 	window1: mouseVisible = False
649.5092 	EXP 	window1: mouseVisible = False
649.5259 	EXP 	window1: mouseVisible = False
649.5436 	EXP 	window1: mouseVisible = False
649.5593 	EXP 	window1: mouseVisible = False
649.5759 	EXP 	window1: mouseVisible = False
649.5927 	EXP 	window1: mouseVisible = False
649.6093 	EXP 	window1: mouseVisible = False
649.6258 	EXP 	window1: mouseVisible = False
649.6426 	EXP 	window1: mouseVisible = False
649.6592 	EXP 	window1: mouseVisible = False
649.6758 	EXP 	window1: mouseVisible = False
649.6926 	EXP 	window1: mouseVisible = False
649.7092 	EXP 	window1: mouseVisible = False
649.7260 	EXP 	window1: mouseVisible = False
649.7425 	EXP 	window1: mouseVisible = False
649.7592 	EXP 	window1: mouseVisible = False
649.7759 	EXP 	window1: mouseVisible = False
649.7926 	EXP 	window1: mouseVisible = False
649.8092 	EXP 	window1: mouseVisible = False
649.8261 	EXP 	window1: mouseVisible = False
649.8426 	EXP 	window1: mouseVisible = False
649.8592 	EXP 	window1: mouseVisible = False
649.8759 	EXP 	window1: mouseVisible = False
649.8926 	EXP 	window1: mouseVisible = False
649.9093 	EXP 	window1: mouseVisible = False
649.9259 	EXP 	window1: mouseVisible = False
649.9425 	EXP 	window1: mouseVisible = False
649.9592 	EXP 	window1: mouseVisible = False
649.9759 	EXP 	window1: mouseVisible = False
649.9925 	EXP 	window1: mouseVisible = False
650.0094 	EXP 	window1: mouseVisible = False
650.0261 	EXP 	window1: mouseVisible = False
650.0427 	EXP 	window1: mouseVisible = False
650.0593 	EXP 	window1: mouseVisible = False
650.0760 	EXP 	window1: mouseVisible = False
650.0927 	EXP 	window1: mouseVisible = False
650.1092 	EXP 	window1: mouseVisible = False
650.1260 	EXP 	window1: mouseVisible = False
650.1428 	EXP 	window1: mouseVisible = False
650.1596 	EXP 	window1: mouseVisible = False
650.1759 	EXP 	window1: mouseVisible = False
650.1927 	EXP 	window1: mouseVisible = False
650.2093 	EXP 	window1: mouseVisible = False
650.2259 	EXP 	window1: mouseVisible = False
650.2426 	EXP 	window1: mouseVisible = False
650.2592 	EXP 	window1: mouseVisible = False
650.2760 	EXP 	window1: mouseVisible = False
650.2926 	EXP 	window1: mouseVisible = False
650.3092 	EXP 	window1: mouseVisible = False
650.3259 	EXP 	window1: mouseVisible = False
650.3426 	EXP 	window1: mouseVisible = False
650.3592 	EXP 	window1: mouseVisible = False
650.3760 	EXP 	window1: mouseVisible = False
650.3926 	EXP 	window1: mouseVisible = False
650.4093 	EXP 	window1: mouseVisible = False
650.4258 	EXP 	window1: mouseVisible = False
650.4431 	EXP 	window1: mouseVisible = False
650.4592 	EXP 	window1: mouseVisible = False
650.4760 	EXP 	window1: mouseVisible = False
650.4926 	EXP 	window1: mouseVisible = False
650.5093 	EXP 	window1: mouseVisible = False
650.5259 	EXP 	window1: mouseVisible = False
650.5426 	EXP 	window1: mouseVisible = False
650.5592 	EXP 	window1: mouseVisible = False
650.5759 	EXP 	window1: mouseVisible = False
650.5925 	EXP 	window1: mouseVisible = False
650.6093 	EXP 	window1: mouseVisible = False
650.6259 	EXP 	window1: mouseVisible = False
650.6425 	EXP 	window1: mouseVisible = False
650.6592 	EXP 	window1: mouseVisible = False
650.6759 	EXP 	window1: mouseVisible = False
650.6925 	EXP 	window1: mouseVisible = False
650.7092 	EXP 	window1: mouseVisible = False
650.7259 	EXP 	window1: mouseVisible = False
650.7426 	EXP 	window1: mouseVisible = False
650.7592 	EXP 	window1: mouseVisible = False
650.7758 	EXP 	window1: mouseVisible = False
650.7926 	EXP 	window1: mouseVisible = False
650.8092 	EXP 	window1: mouseVisible = False
650.8258 	EXP 	window1: mouseVisible = False
650.8426 	EXP 	window1: mouseVisible = False
650.8593 	EXP 	window1: mouseVisible = False
650.8758 	EXP 	window1: mouseVisible = False
650.8925 	EXP 	window1: mouseVisible = False
650.9093 	EXP 	window1: mouseVisible = False
650.9259 	EXP 	window1: mouseVisible = False
650.9426 	EXP 	window1: mouseVisible = False
650.9592 	EXP 	window1: mouseVisible = False
650.9759 	EXP 	window1: mouseVisible = False
650.9926 	EXP 	window1: mouseVisible = False
651.0092 	EXP 	window1: mouseVisible = False
651.0259 	EXP 	window1: mouseVisible = False
651.0426 	EXP 	window1: mouseVisible = False
651.0592 	EXP 	window1: mouseVisible = False
651.0759 	EXP 	window1: mouseVisible = False
651.0925 	EXP 	window1: mouseVisible = False
651.1093 	EXP 	window1: mouseVisible = False
651.1260 	DATA 	Keypress: space
651.2412 	EXP 	main_text: autoDraw = True
651.2412 	EXP 	confirm_text: autoDraw = True
651.2412 	EXP 	ratingScale: autoDraw = False
651.2412 	EXP 	main_text: autoDraw = False
651.2412 	EXP 	confirm_text: autoDraw = False
651.2412 	EXP 	text_8: autoDraw = True
654.9247 	EXP 	Created sequence: random, trialTypes=1, nReps=4, seed=None
654.9248 	EXP 	New trial (rep=0, index=0): None
654.9266 	DATA 	Keypress: p
654.9411 	EXP 	text_8: autoDraw = False
654.9411 	EXP 	text_pic: autoDraw = True
654.9411 	EXP 	croix_3: autoDraw = True
659.9413 	EXP 	text_pic: autoDraw = False
659.9413 	EXP 	croix_3: autoDraw = False
659.9413 	EXP 	thermode_locali_pic: height = 0.02
659.9413 	EXP 	thermode_locali_pic: height = 0.02
659.9413 	EXP 	thermode_locali_pic: height = 0.02
659.9413 	EXP 	thermode_locali_pic: text = 'T : 2'
659.9413 	EXP 	responsel: height = 0.08
659.9413 	EXP 	responsel: height = 0.08
659.9413 	EXP 	responsel: height = 0.08
659.9413 	EXP 	responsel: text = 'OUI              '
659.9413 	EXP 	thermode_locali_pic: autoDraw = True
667.9247 	EXP 	responsel: autoDraw = True
667.9247 	EXP 	percu_or: autoDraw = True
667.9247 	EXP 	responser: autoDraw = True
668.7092 	DATA 	Keypress: n
668.7413 	EXP 	responser: foreColor = (0, 0, 0)
668.7580 	EXP 	responser: foreColor = (0, 0, 0)
668.7747 	EXP 	responser: foreColor = (0, 0, 0)
668.7913 	EXP 	responser: foreColor = (0, 0, 0)
668.8080 	EXP 	responser: foreColor = (0, 0, 0)
668.8247 	EXP 	responser: foreColor = (0, 0, 0)
668.8414 	EXP 	responser: foreColor = (0, 0, 0)
668.8580 	EXP 	responser: foreColor = (0, 0, 0)
668.8747 	EXP 	responser: foreColor = (0, 0, 0)
668.8913 	EXP 	responser: foreColor = (0, 0, 0)
668.9080 	EXP 	responser: foreColor = (0, 0, 0)
668.9247 	EXP 	responser: foreColor = (0, 0, 0)
668.9413 	EXP 	responser: foreColor = (0, 0, 0)
668.9580 	EXP 	responser: foreColor = (0, 0, 0)
668.9747 	EXP 	responser: foreColor = (0, 0, 0)
668.9914 	EXP 	responser: foreColor = (0, 0, 0)
669.0080 	EXP 	responser: foreColor = (0, 0, 0)
669.0247 	EXP 	responser: foreColor = (0, 0, 0)
669.0414 	EXP 	responser: foreColor = (0, 0, 0)
669.0580 	EXP 	responser: foreColor = (0, 0, 0)
669.0747 	EXP 	responser: foreColor = (0, 0, 0)
669.0913 	EXP 	responser: foreColor = (0, 0, 0)
669.1080 	EXP 	responser: foreColor = (0, 0, 0)
669.1247 	EXP 	responser: foreColor = (0, 0, 0)
669.1413 	EXP 	responser: foreColor = (0, 0, 0)
669.1580 	EXP 	responser: foreColor = (0, 0, 0)
669.1746 	EXP 	responser: foreColor = (0, 0, 0)
669.1913 	EXP 	responser: foreColor = (0, 0, 0)
669.2080 	EXP 	responser: foreColor = (0, 0, 0)
669.2246 	EXP 	responser: foreColor = (0, 0, 0)
669.2413 	EXP 	responser: foreColor = (0, 0, 0)
669.2580 	EXP 	responser: foreColor = (0, 0, 0)
669.2747 	EXP 	responser: foreColor = (0, 0, 0)
669.2913 	EXP 	responser: foreColor = (0, 0, 0)
669.3080 	EXP 	responser: foreColor = (0, 0, 0)
669.3247 	EXP 	responser: foreColor = (0, 0, 0)
669.3413 	EXP 	responser: foreColor = (0, 0, 0)
669.3580 	EXP 	responser: foreColor = (0, 0, 0)
669.3747 	EXP 	responser: foreColor = (0, 0, 0)
669.3914 	EXP 	responser: foreColor = (0, 0, 0)
669.4080 	EXP 	responser: foreColor = (0, 0, 0)
669.4247 	EXP 	responser: foreColor = (0, 0, 0)
669.4413 	EXP 	responser: foreColor = (0, 0, 0)
669.4580 	EXP 	responser: foreColor = (0, 0, 0)
669.4747 	EXP 	responser: foreColor = (0, 0, 0)
669.4913 	EXP 	responser: foreColor = (0, 0, 0)
669.5080 	EXP 	responser: foreColor = (0, 0, 0)
669.5246 	EXP 	responser: foreColor = (0, 0, 0)
669.5413 	EXP 	responser: foreColor = (0, 0, 0)
669.5580 	EXP 	responser: foreColor = (0, 0, 0)
669.5747 	EXP 	responser: foreColor = (0, 0, 0)
669.5913 	EXP 	responser: foreColor = (0, 0, 0)
669.6080 	EXP 	responser: foreColor = (0, 0, 0)
669.6247 	EXP 	responser: foreColor = (0, 0, 0)
669.6413 	EXP 	responser: foreColor = (0, 0, 0)
669.6580 	EXP 	responser: foreColor = (0, 0, 0)
669.6747 	EXP 	responser: foreColor = (0, 0, 0)
669.6914 	EXP 	responser: foreColor = (0, 0, 0)
669.7080 	EXP 	responser: foreColor = (0, 0, 0)
669.7247 	EXP 	responser: foreColor = (0, 0, 0)
669.7413 	EXP 	responser: foreColor = (0, 0, 0)
669.7580 	EXP 	responser: foreColor = (0, 0, 0)
669.7747 	EXP 	responser: foreColor = (0, 0, 0)
669.7913 	EXP 	responser: foreColor = (0, 0, 0)
669.8080 	EXP 	responser: foreColor = (0, 0, 0)
669.8247 	EXP 	responser: foreColor = (0, 0, 0)
669.8413 	EXP 	responser: foreColor = (0, 0, 0)
669.8580 	EXP 	responser: foreColor = (0, 0, 0)
669.8747 	EXP 	responser: foreColor = (0, 0, 0)
669.8913 	EXP 	responser: foreColor = (0, 0, 0)
669.9079 	EXP 	responser: foreColor = (0, 0, 0)
669.9247 	EXP 	responser: foreColor = (0, 0, 0)
669.9413 	EXP 	responser: foreColor = (0, 0, 0)
669.9580 	EXP 	responser: foreColor = (0, 0, 0)
669.9747 	EXP 	responser: foreColor = (0, 0, 0)
669.9914 	EXP 	responser: foreColor = (0, 0, 0)
670.0080 	EXP 	responser: foreColor = (0, 0, 0)
670.0247 	EXP 	responser: foreColor = (0, 0, 0)
670.0414 	EXP 	responser: foreColor = (0, 0, 0)
670.0580 	EXP 	responser: foreColor = (0, 0, 0)
670.0747 	EXP 	responser: foreColor = (0, 0, 0)
670.0914 	EXP 	responser: foreColor = (0, 0, 0)
670.1080 	EXP 	responser: foreColor = (0, 0, 0)
670.1247 	EXP 	responser: foreColor = (0, 0, 0)
670.1413 	EXP 	responser: foreColor = (0, 0, 0)
670.1580 	EXP 	responser: foreColor = (0, 0, 0)
670.1747 	EXP 	responser: foreColor = (0, 0, 0)
670.1914 	EXP 	responser: foreColor = (0, 0, 0)
670.2080 	EXP 	responser: foreColor = (0, 0, 0)
670.2247 	EXP 	responser: foreColor = (0, 0, 0)
670.2413 	EXP 	responser: foreColor = (0, 0, 0)
670.2580 	EXP 	responser: foreColor = (0, 0, 0)
670.2747 	EXP 	responser: foreColor = (0, 0, 0)
670.2913 	EXP 	responser: foreColor = (0, 0, 0)
670.3080 	EXP 	responser: foreColor = (0, 0, 0)
670.3247 	EXP 	responser: foreColor = (0, 0, 0)
670.3414 	EXP 	responser: foreColor = (0, 0, 0)
670.3580 	EXP 	responser: foreColor = (0, 0, 0)
670.3747 	EXP 	responser: foreColor = (0, 0, 0)
670.3914 	EXP 	responser: foreColor = (0, 0, 0)
670.4081 	EXP 	responser: foreColor = (0, 0, 0)
670.4247 	EXP 	responser: foreColor = (0, 0, 0)
670.4413 	EXP 	responser: foreColor = (0, 0, 0)
670.4580 	EXP 	responser: foreColor = (0, 0, 0)
670.4746 	EXP 	responser: foreColor = (0, 0, 0)
670.4913 	EXP 	responser: foreColor = (0, 0, 0)
670.5080 	EXP 	responser: foreColor = (0, 0, 0)
670.5247 	EXP 	responser: foreColor = (0, 0, 0)
670.5413 	EXP 	responser: foreColor = (0, 0, 0)
670.5580 	EXP 	responser: foreColor = (0, 0, 0)
670.5747 	EXP 	responser: foreColor = (0, 0, 0)
670.5913 	EXP 	responser: foreColor = (0, 0, 0)
670.6080 	EXP 	responser: foreColor = (0, 0, 0)
670.6247 	EXP 	responser: foreColor = (0, 0, 0)
670.6414 	EXP 	responser: foreColor = (0, 0, 0)
670.6580 	EXP 	responser: foreColor = (0, 0, 0)
670.6747 	EXP 	responser: foreColor = (0, 0, 0)
670.6914 	EXP 	responser: foreColor = (0, 0, 0)
670.7081 	EXP 	responser: foreColor = (0, 0, 0)
670.7247 	EXP 	responser: foreColor = (0, 0, 0)
670.7414 	EXP 	responser: foreColor = (0, 0, 0)
670.7580 	EXP 	responser: foreColor = (0, 0, 0)
670.7747 	EXP 	responser: foreColor = (0, 0, 0)
670.7913 	EXP 	responser: foreColor = (0, 0, 0)
670.8080 	EXP 	responser: foreColor = (0, 0, 0)
670.8247 	EXP 	responser: foreColor = (0, 0, 0)
670.8414 	EXP 	responser: foreColor = (0, 0, 0)
670.8580 	EXP 	responser: foreColor = (0, 0, 0)
670.8747 	EXP 	responser: foreColor = (0, 0, 0)
670.8913 	EXP 	responser: foreColor = (0, 0, 0)
670.8913 	EXP 	thermode_locali_pic: autoDraw = False
670.9081 	EXP 	responser: foreColor = (0, 0, 0)
670.9087 	EXP 	New trial (rep=1, index=0): None
670.9247 	EXP 	responser: foreColor = (0, 0, 0)
670.9247 	EXP 	responsel: autoDraw = False
670.9247 	EXP 	percu_or: autoDraw = False
670.9247 	EXP 	responser: autoDraw = False
670.9247 	EXP 	thermode_locali_pic: autoDraw = False
670.9247 	EXP 	responsel: autoDraw = False
670.9247 	EXP 	percu_or: autoDraw = False
670.9247 	EXP 	responser: autoDraw = False
670.9247 	EXP 	responsel: foreColor = 'white'
670.9247 	EXP 	responser: foreColor = 'white'
670.9247 	EXP 	text_pic: autoDraw = True
670.9247 	EXP 	croix_3: autoDraw = True
675.9247 	EXP 	text_pic: autoDraw = False
675.9247 	EXP 	croix_3: autoDraw = False
675.9247 	EXP 	text_pic: autoDraw = False
675.9247 	EXP 	croix_3: autoDraw = False
675.9247 	EXP 	thermode_locali_pic: height = 0.02
675.9247 	EXP 	thermode_locali_pic: height = 0.02
675.9247 	EXP 	thermode_locali_pic: height = 0.02
675.9247 	EXP 	thermode_locali_pic: text = 'T : 3'
675.9247 	EXP 	responsel: text = 'OUI              '
675.9247 	EXP 	thermode_locali_pic: autoDraw = True
683.9081 	EXP 	responsel: autoDraw = True
683.9081 	EXP 	percu_or: autoDraw = True
683.9081 	EXP 	responser: autoDraw = True
685.1093 	DATA 	Keypress: n
685.1415 	EXP 	responser: foreColor = (0, 0, 0)
685.1582 	EXP 	responser: foreColor = (0, 0, 0)
685.1748 	EXP 	responser: foreColor = (0, 0, 0)
685.1915 	EXP 	responser: foreColor = (0, 0, 0)
685.2082 	EXP 	responser: foreColor = (0, 0, 0)
685.2248 	EXP 	responser: foreColor = (0, 0, 0)
685.2415 	EXP 	responser: foreColor = (0, 0, 0)
685.2582 	EXP 	responser: foreColor = (0, 0, 0)
685.2749 	EXP 	responser: foreColor = (0, 0, 0)
685.2915 	EXP 	responser: foreColor = (0, 0, 0)
685.3082 	EXP 	responser: foreColor = (0, 0, 0)
685.3248 	EXP 	responser: foreColor = (0, 0, 0)
685.3415 	EXP 	responser: foreColor = (0, 0, 0)
685.3581 	EXP 	responser: foreColor = (0, 0, 0)
685.3748 	EXP 	responser: foreColor = (0, 0, 0)
685.3915 	EXP 	responser: foreColor = (0, 0, 0)
685.4081 	EXP 	responser: foreColor = (0, 0, 0)
685.4248 	EXP 	responser: foreColor = (0, 0, 0)
685.4415 	EXP 	responser: foreColor = (0, 0, 0)
685.4582 	EXP 	responser: foreColor = (0, 0, 0)
685.4748 	EXP 	responser: foreColor = (0, 0, 0)
685.4915 	EXP 	responser: foreColor = (0, 0, 0)
685.5081 	EXP 	responser: foreColor = (0, 0, 0)
685.5248 	EXP 	responser: foreColor = (0, 0, 0)
685.5415 	EXP 	responser: foreColor = (0, 0, 0)
685.5582 	EXP 	responser: foreColor = (0, 0, 0)
685.5749 	EXP 	responser: foreColor = (0, 0, 0)
685.5915 	EXP 	responser: foreColor = (0, 0, 0)
685.6082 	EXP 	responser: foreColor = (0, 0, 0)
685.6249 	EXP 	responser: foreColor = (0, 0, 0)
685.6415 	EXP 	responser: foreColor = (0, 0, 0)
685.6581 	EXP 	responser: foreColor = (0, 0, 0)
685.6748 	EXP 	responser: foreColor = (0, 0, 0)
685.6915 	EXP 	responser: foreColor = (0, 0, 0)
685.7081 	EXP 	responser: foreColor = (0, 0, 0)
685.7248 	EXP 	responser: foreColor = (0, 0, 0)
685.7415 	EXP 	responser: foreColor = (0, 0, 0)
685.7582 	EXP 	responser: foreColor = (0, 0, 0)
685.7748 	EXP 	responser: foreColor = (0, 0, 0)
685.7915 	EXP 	responser: foreColor = (0, 0, 0)
685.8082 	EXP 	responser: foreColor = (0, 0, 0)
685.8248 	EXP 	responser: foreColor = (0, 0, 0)
685.8415 	EXP 	responser: foreColor = (0, 0, 0)
685.8582 	EXP 	responser: foreColor = (0, 0, 0)
685.8748 	EXP 	responser: foreColor = (0, 0, 0)
685.8915 	EXP 	responser: foreColor = (0, 0, 0)
685.9082 	EXP 	responser: foreColor = (0, 0, 0)
685.9249 	EXP 	responser: foreColor = (0, 0, 0)
685.9415 	EXP 	responser: foreColor = (0, 0, 0)
685.9582 	EXP 	responser: foreColor = (0, 0, 0)
685.9748 	EXP 	responser: foreColor = (0, 0, 0)
685.9915 	EXP 	responser: foreColor = (0, 0, 0)
686.0082 	EXP 	responser: foreColor = (0, 0, 0)
686.0248 	EXP 	responser: foreColor = (0, 0, 0)
686.0415 	EXP 	responser: foreColor = (0, 0, 0)
686.0582 	EXP 	responser: foreColor = (0, 0, 0)
686.0748 	EXP 	responser: foreColor = (0, 0, 0)
686.0915 	EXP 	responser: foreColor = (0, 0, 0)
686.1082 	EXP 	responser: foreColor = (0, 0, 0)
686.1248 	EXP 	responser: foreColor = (0, 0, 0)
686.1415 	EXP 	responser: foreColor = (0, 0, 0)
686.1582 	EXP 	responser: foreColor = (0, 0, 0)
686.1748 	EXP 	responser: foreColor = (0, 0, 0)
686.1915 	EXP 	responser: foreColor = (0, 0, 0)
686.2082 	EXP 	responser: foreColor = (0, 0, 0)
686.2248 	EXP 	responser: foreColor = (0, 0, 0)
686.2415 	EXP 	responser: foreColor = (0, 0, 0)
686.2582 	EXP 	responser: foreColor = (0, 0, 0)
686.2748 	EXP 	responser: foreColor = (0, 0, 0)
686.2915 	EXP 	responser: foreColor = (0, 0, 0)
686.3082 	EXP 	responser: foreColor = (0, 0, 0)
686.3249 	EXP 	responser: foreColor = (0, 0, 0)
686.3415 	EXP 	responser: foreColor = (0, 0, 0)
686.3582 	EXP 	responser: foreColor = (0, 0, 0)
686.3748 	EXP 	responser: foreColor = (0, 0, 0)
686.3915 	EXP 	responser: foreColor = (0, 0, 0)
686.4082 	EXP 	responser: foreColor = (0, 0, 0)
686.4248 	EXP 	responser: foreColor = (0, 0, 0)
686.4416 	EXP 	responser: foreColor = (0, 0, 0)
686.4582 	EXP 	responser: foreColor = (0, 0, 0)
686.4748 	EXP 	responser: foreColor = (0, 0, 0)
686.4915 	EXP 	responser: foreColor = (0, 0, 0)
686.5082 	EXP 	responser: foreColor = (0, 0, 0)
686.5248 	EXP 	responser: foreColor = (0, 0, 0)
686.5415 	EXP 	responser: foreColor = (0, 0, 0)
686.5582 	EXP 	responser: foreColor = (0, 0, 0)
686.5748 	EXP 	responser: foreColor = (0, 0, 0)
686.5915 	EXP 	responser: foreColor = (0, 0, 0)
686.6082 	EXP 	responser: foreColor = (0, 0, 0)
686.6249 	EXP 	responser: foreColor = (0, 0, 0)
686.6415 	EXP 	responser: foreColor = (0, 0, 0)
686.6582 	EXP 	responser: foreColor = (0, 0, 0)
686.6748 	EXP 	responser: foreColor = (0, 0, 0)
686.6915 	EXP 	responser: foreColor = (0, 0, 0)
686.7082 	EXP 	responser: foreColor = (0, 0, 0)
686.7249 	EXP 	responser: foreColor = (0, 0, 0)
686.7416 	EXP 	responser: foreColor = (0, 0, 0)
686.7582 	EXP 	responser: foreColor = (0, 0, 0)
686.7749 	EXP 	responser: foreColor = (0, 0, 0)
686.7915 	EXP 	responser: foreColor = (0, 0, 0)
686.8082 	EXP 	responser: foreColor = (0, 0, 0)
686.8249 	EXP 	responser: foreColor = (0, 0, 0)
686.8415 	EXP 	responser: foreColor = (0, 0, 0)
686.8582 	EXP 	responser: foreColor = (0, 0, 0)
686.8748 	EXP 	responser: foreColor = (0, 0, 0)
686.8748 	EXP 	thermode_locali_pic: autoDraw = False
686.8915 	EXP 	responser: foreColor = (0, 0, 0)
686.8920 	EXP 	New trial (rep=2, index=0): None
686.9083 	EXP 	responser: foreColor = (0, 0, 0)
686.9083 	EXP 	responsel: autoDraw = False
686.9083 	EXP 	percu_or: autoDraw = False
686.9083 	EXP 	responser: autoDraw = False
686.9083 	EXP 	thermode_locali_pic: autoDraw = False
686.9083 	EXP 	responsel: autoDraw = False
686.9083 	EXP 	percu_or: autoDraw = False
686.9083 	EXP 	responser: autoDraw = False
686.9083 	EXP 	responsel: foreColor = 'white'
686.9083 	EXP 	responser: foreColor = 'white'
686.9083 	EXP 	text_pic: autoDraw = True
686.9083 	EXP 	croix_3: autoDraw = True
691.9083 	EXP 	text_pic: autoDraw = False
691.9083 	EXP 	croix_3: autoDraw = False
691.9083 	EXP 	text_pic: autoDraw = False
691.9083 	EXP 	croix_3: autoDraw = False
691.9083 	EXP 	thermode_locali_pic: height = 0.02
691.9083 	EXP 	thermode_locali_pic: height = 0.02
691.9083 	EXP 	thermode_locali_pic: height = 0.02
691.9083 	EXP 	thermode_locali_pic: text = 'T : 0'
691.9083 	EXP 	responsel: text = 'OUI              '
691.9083 	EXP 	thermode_locali_pic: autoDraw = True
699.8917 	EXP 	responsel: autoDraw = True
699.8917 	EXP 	percu_or: autoDraw = True
699.8917 	EXP 	responser: autoDraw = True
701.2593 	DATA 	Keypress: m
701.2917 	EXP 	responsel: foreColor = (0, 0, 0)
701.3084 	EXP 	responsel: foreColor = (0, 0, 0)
701.3250 	EXP 	responsel: foreColor = (0, 0, 0)
701.3417 	EXP 	responsel: foreColor = (0, 0, 0)
701.3583 	EXP 	responsel: foreColor = (0, 0, 0)
701.3750 	EXP 	responsel: foreColor = (0, 0, 0)
701.3917 	EXP 	responsel: foreColor = (0, 0, 0)
701.4084 	EXP 	responsel: foreColor = (0, 0, 0)
701.4250 	EXP 	responsel: foreColor = (0, 0, 0)
701.4417 	EXP 	responsel: foreColor = (0, 0, 0)
701.4584 	EXP 	responsel: foreColor = (0, 0, 0)
701.4750 	EXP 	responsel: foreColor = (0, 0, 0)
701.4917 	EXP 	responsel: foreColor = (0, 0, 0)
701.5084 	EXP 	responsel: foreColor = (0, 0, 0)
701.5251 	EXP 	responsel: foreColor = (0, 0, 0)
701.5417 	EXP 	responsel: foreColor = (0, 0, 0)
701.5584 	EXP 	responsel: foreColor = (0, 0, 0)
701.5750 	EXP 	responsel: foreColor = (0, 0, 0)
701.5916 	EXP 	responsel: foreColor = (0, 0, 0)
701.6084 	EXP 	responsel: foreColor = (0, 0, 0)
701.6250 	EXP 	responsel: foreColor = (0, 0, 0)
701.6418 	EXP 	responsel: foreColor = (0, 0, 0)
701.6584 	EXP 	responsel: foreColor = (0, 0, 0)
701.6750 	EXP 	responsel: foreColor = (0, 0, 0)
701.6917 	EXP 	responsel: foreColor = (0, 0, 0)
701.7084 	EXP 	responsel: foreColor = (0, 0, 0)
701.7250 	EXP 	responsel: foreColor = (0, 0, 0)
701.7417 	EXP 	responsel: foreColor = (0, 0, 0)
701.7584 	EXP 	responsel: foreColor = (0, 0, 0)
701.7750 	EXP 	responsel: foreColor = (0, 0, 0)
701.7917 	EXP 	responsel: foreColor = (0, 0, 0)
701.8084 	EXP 	responsel: foreColor = (0, 0, 0)
701.8251 	EXP 	responsel: foreColor = (0, 0, 0)
701.8417 	EXP 	responsel: foreColor = (0, 0, 0)
701.8583 	EXP 	responsel: foreColor = (0, 0, 0)
701.8750 	EXP 	responsel: foreColor = (0, 0, 0)
701.8916 	EXP 	responsel: foreColor = (0, 0, 0)
701.9084 	EXP 	responsel: foreColor = (0, 0, 0)
701.9250 	EXP 	responsel: foreColor = (0, 0, 0)
701.9417 	EXP 	responsel: foreColor = (0, 0, 0)
701.9584 	EXP 	responsel: foreColor = (0, 0, 0)
701.9750 	EXP 	responsel: foreColor = (0, 0, 0)
701.9917 	EXP 	responsel: foreColor = (0, 0, 0)
702.0084 	EXP 	responsel: foreColor = (0, 0, 0)
702.0250 	EXP 	responsel: foreColor = (0, 0, 0)
702.0417 	EXP 	responsel: foreColor = (0, 0, 0)
702.0584 	EXP 	responsel: foreColor = (0, 0, 0)
702.0750 	EXP 	responsel: foreColor = (0, 0, 0)
702.0917 	EXP 	responsel: foreColor = (0, 0, 0)
702.1084 	EXP 	responsel: foreColor = (0, 0, 0)
702.1251 	EXP 	responsel: foreColor = (0, 0, 0)
702.1417 	EXP 	responsel: foreColor = (0, 0, 0)
702.1583 	EXP 	responsel: foreColor = (0, 0, 0)
702.1750 	EXP 	responsel: foreColor = (0, 0, 0)
702.1917 	EXP 	responsel: foreColor = (0, 0, 0)
702.2083 	EXP 	responsel: foreColor = (0, 0, 0)
702.2250 	EXP 	responsel: foreColor = (0, 0, 0)
702.2417 	EXP 	responsel: foreColor = (0, 0, 0)
702.2584 	EXP 	responsel: foreColor = (0, 0, 0)
702.2750 	EXP 	responsel: foreColor = (0, 0, 0)
702.2916 	EXP 	responsel: foreColor = (0, 0, 0)
702.3084 	EXP 	responsel: foreColor = (0, 0, 0)
702.3250 	EXP 	responsel: foreColor = (0, 0, 0)
702.3417 	EXP 	responsel: foreColor = (0, 0, 0)
702.3584 	EXP 	responsel: foreColor = (0, 0, 0)
702.3750 	EXP 	responsel: foreColor = (0, 0, 0)
702.3917 	EXP 	responsel: foreColor = (0, 0, 0)
702.4083 	EXP 	responsel: foreColor = (0, 0, 0)
702.4250 	EXP 	responsel: foreColor = (0, 0, 0)
702.4417 	EXP 	responsel: foreColor = (0, 0, 0)
702.4583 	EXP 	responsel: foreColor = (0, 0, 0)
702.4750 	EXP 	responsel: foreColor = (0, 0, 0)
702.4917 	EXP 	responsel: foreColor = (0, 0, 0)
702.5083 	EXP 	responsel: foreColor = (0, 0, 0)
702.5250 	EXP 	responsel: foreColor = (0, 0, 0)
702.5416 	EXP 	responsel: foreColor = (0, 0, 0)
702.5583 	EXP 	responsel: foreColor = (0, 0, 0)
702.5750 	EXP 	responsel: foreColor = (0, 0, 0)
702.5917 	EXP 	responsel: foreColor = (0, 0, 0)
702.6084 	EXP 	responsel: foreColor = (0, 0, 0)
702.6250 	EXP 	responsel: foreColor = (0, 0, 0)
702.6417 	EXP 	responsel: foreColor = (0, 0, 0)
702.6584 	EXP 	responsel: foreColor = (0, 0, 0)
702.6750 	EXP 	responsel: foreColor = (0, 0, 0)
702.6917 	EXP 	responsel: foreColor = (0, 0, 0)
702.7084 	EXP 	responsel: foreColor = (0, 0, 0)
702.7251 	EXP 	responsel: foreColor = (0, 0, 0)
702.7417 	EXP 	responsel: foreColor = (0, 0, 0)
702.7584 	EXP 	responsel: foreColor = (0, 0, 0)
702.7750 	EXP 	responsel: foreColor = (0, 0, 0)
702.7918 	EXP 	responsel: foreColor = (0, 0, 0)
702.8084 	EXP 	responsel: foreColor = (0, 0, 0)
702.8250 	EXP 	responsel: foreColor = (0, 0, 0)
702.8417 	EXP 	responsel: foreColor = (0, 0, 0)
702.8584 	EXP 	responsel: foreColor = (0, 0, 0)
702.8584 	EXP 	thermode_locali_pic: autoDraw = False
702.8750 	EXP 	responsel: foreColor = (0, 0, 0)
702.8755 	EXP 	New trial (rep=3, index=0): None
702.8917 	EXP 	responsel: foreColor = (0, 0, 0)
702.8917 	EXP 	responsel: autoDraw = False
702.8917 	EXP 	percu_or: autoDraw = False
702.8917 	EXP 	responser: autoDraw = False
702.8917 	EXP 	thermode_locali_pic: autoDraw = False
702.8917 	EXP 	responsel: autoDraw = False
702.8917 	EXP 	percu_or: autoDraw = False
702.8917 	EXP 	responser: autoDraw = False
702.8917 	EXP 	responsel: foreColor = 'white'
702.8917 	EXP 	responser: foreColor = 'white'
702.8917 	EXP 	text_pic: autoDraw = True
702.8917 	EXP 	croix_3: autoDraw = True
707.8917 	EXP 	text_pic: autoDraw = False
707.8917 	EXP 	croix_3: autoDraw = False
707.8917 	EXP 	text_pic: autoDraw = False
707.8917 	EXP 	croix_3: autoDraw = False
707.8917 	EXP 	thermode_locali_pic: height = 0.02
707.8917 	EXP 	thermode_locali_pic: height = 0.02
707.8917 	EXP 	thermode_locali_pic: height = 0.02
707.8917 	EXP 	thermode_locali_pic: text = 'T : 1'
707.8917 	EXP 	responsel: text = 'OUI              '
707.8917 	EXP 	thermode_locali_pic: autoDraw = True
715.8752 	EXP 	responsel: autoDraw = True
715.8752 	EXP 	percu_or: autoDraw = True
715.8752 	EXP 	responser: autoDraw = True
716.7596 	DATA 	Keypress: n
716.7918 	EXP 	responser: foreColor = (0, 0, 0)
716.8085 	EXP 	responser: foreColor = (0, 0, 0)
716.8252 	EXP 	responser: foreColor = (0, 0, 0)
716.8418 	EXP 	responser: foreColor = (0, 0, 0)
716.8585 	EXP 	responser: foreColor = (0, 0, 0)
716.8751 	EXP 	responser: foreColor = (0, 0, 0)
716.8918 	EXP 	responser: foreColor = (0, 0, 0)
716.9084 	EXP 	responser: foreColor = (0, 0, 0)
716.9251 	EXP 	responser: foreColor = (0, 0, 0)
716.9418 	EXP 	responser: foreColor = (0, 0, 0)
716.9585 	EXP 	responser: foreColor = (0, 0, 0)
716.9752 	EXP 	responser: foreColor = (0, 0, 0)
716.9919 	EXP 	responser: foreColor = (0, 0, 0)
717.0084 	EXP 	responser: foreColor = (0, 0, 0)
717.0252 	EXP 	responser: foreColor = (0, 0, 0)
717.0418 	EXP 	responser: foreColor = (0, 0, 0)
717.0585 	EXP 	responser: foreColor = (0, 0, 0)
717.0752 	EXP 	responser: foreColor = (0, 0, 0)
717.0918 	EXP 	responser: foreColor = (0, 0, 0)
717.1085 	EXP 	responser: foreColor = (0, 0, 0)
717.1252 	EXP 	responser: foreColor = (0, 0, 0)
717.1418 	EXP 	responser: foreColor = (0, 0, 0)
717.1585 	EXP 	responser: foreColor = (0, 0, 0)
717.1752 	EXP 	responser: foreColor = (0, 0, 0)
717.1919 	EXP 	responser: foreColor = (0, 0, 0)
717.2085 	EXP 	responser: foreColor = (0, 0, 0)
717.2252 	EXP 	responser: foreColor = (0, 0, 0)
717.2419 	EXP 	responser: foreColor = (0, 0, 0)
717.2585 	EXP 	responser: foreColor = (0, 0, 0)
717.2752 	EXP 	responser: foreColor = (0, 0, 0)
717.2918 	EXP 	responser: foreColor = (0, 0, 0)
717.3085 	EXP 	responser: foreColor = (0, 0, 0)
717.3252 	EXP 	responser: foreColor = (0, 0, 0)
717.3419 	EXP 	responser: foreColor = (0, 0, 0)
717.3585 	EXP 	responser: foreColor = (0, 0, 0)
717.3752 	EXP 	responser: foreColor = (0, 0, 0)
717.3918 	EXP 	responser: foreColor = (0, 0, 0)
717.4085 	EXP 	responser: foreColor = (0, 0, 0)
717.4252 	EXP 	responser: foreColor = (0, 0, 0)
717.4418 	EXP 	responser: foreColor = (0, 0, 0)
717.4585 	EXP 	responser: foreColor = (0, 0, 0)
717.4752 	EXP 	responser: foreColor = (0, 0, 0)
717.4919 	EXP 	responser: foreColor = (0, 0, 0)
717.5085 	EXP 	responser: foreColor = (0, 0, 0)
717.5251 	EXP 	responser: foreColor = (0, 0, 0)
717.5419 	EXP 	responser: foreColor = (0, 0, 0)
717.5585 	EXP 	responser: foreColor = (0, 0, 0)
717.5752 	EXP 	responser: foreColor = (0, 0, 0)
717.5919 	EXP 	responser: foreColor = (0, 0, 0)
717.6086 	EXP 	responser: foreColor = (0, 0, 0)
717.6252 	EXP 	responser: foreColor = (0, 0, 0)
717.6419 	EXP 	responser: foreColor = (0, 0, 0)
717.6585 	EXP 	responser: foreColor = (0, 0, 0)
717.6752 	EXP 	responser: foreColor = (0, 0, 0)
717.6918 	EXP 	responser: foreColor = (0, 0, 0)
717.7085 	EXP 	responser: foreColor = (0, 0, 0)
717.7252 	EXP 	responser: foreColor = (0, 0, 0)
717.7419 	EXP 	responser: foreColor = (0, 0, 0)
717.7586 	EXP 	responser: foreColor = (0, 0, 0)
717.7752 	EXP 	responser: foreColor = (0, 0, 0)
717.7918 	EXP 	responser: foreColor = (0, 0, 0)
717.8085 	EXP 	responser: foreColor = (0, 0, 0)
717.8252 	EXP 	responser: foreColor = (0, 0, 0)
717.8421 	EXP 	responser: foreColor = (0, 0, 0)
717.8585 	EXP 	responser: foreColor = (0, 0, 0)
717.8752 	EXP 	responser: foreColor = (0, 0, 0)
717.8919 	EXP 	responser: foreColor = (0, 0, 0)
717.9085 	EXP 	responser: foreColor = (0, 0, 0)
717.9252 	EXP 	responser: foreColor = (0, 0, 0)
717.9419 	EXP 	responser: foreColor = (0, 0, 0)
717.9585 	EXP 	responser: foreColor = (0, 0, 0)
717.9752 	EXP 	responser: foreColor = (0, 0, 0)
717.9919 	EXP 	responser: foreColor = (0, 0, 0)
718.0085 	EXP 	responser: foreColor = (0, 0, 0)
718.0252 	EXP 	responser: foreColor = (0, 0, 0)
718.0418 	EXP 	responser: foreColor = (0, 0, 0)
718.0586 	EXP 	responser: foreColor = (0, 0, 0)
718.0752 	EXP 	responser: foreColor = (0, 0, 0)
718.0918 	EXP 	responser: foreColor = (0, 0, 0)
718.1085 	EXP 	responser: foreColor = (0, 0, 0)
718.1252 	EXP 	responser: foreColor = (0, 0, 0)
718.1419 	EXP 	responser: foreColor = (0, 0, 0)
718.1586 	EXP 	responser: foreColor = (0, 0, 0)
718.1752 	EXP 	responser: foreColor = (0, 0, 0)
718.1919 	EXP 	responser: foreColor = (0, 0, 0)
718.2085 	EXP 	responser: foreColor = (0, 0, 0)
718.2252 	EXP 	responser: foreColor = (0, 0, 0)
718.2419 	EXP 	responser: foreColor = (0, 0, 0)
718.2585 	EXP 	responser: foreColor = (0, 0, 0)
718.2752 	EXP 	responser: foreColor = (0, 0, 0)
718.2919 	EXP 	responser: foreColor = (0, 0, 0)
718.3085 	EXP 	responser: foreColor = (0, 0, 0)
718.3253 	EXP 	responser: foreColor = (0, 0, 0)
718.3419 	EXP 	responser: foreColor = (0, 0, 0)
718.3585 	EXP 	responser: foreColor = (0, 0, 0)
718.3752 	EXP 	responser: foreColor = (0, 0, 0)
718.3919 	EXP 	responser: foreColor = (0, 0, 0)
718.4085 	EXP 	responser: foreColor = (0, 0, 0)
718.4252 	EXP 	responser: foreColor = (0, 0, 0)
718.4419 	EXP 	responser: foreColor = (0, 0, 0)
718.4585 	EXP 	responser: foreColor = (0, 0, 0)
718.4752 	EXP 	responser: foreColor = (0, 0, 0)
718.4919 	EXP 	responser: foreColor = (0, 0, 0)
718.5085 	EXP 	responser: foreColor = (0, 0, 0)
718.5252 	EXP 	responser: foreColor = (0, 0, 0)
718.5419 	EXP 	responser: foreColor = (0, 0, 0)
718.5585 	EXP 	responser: foreColor = (0, 0, 0)
718.5752 	EXP 	responser: foreColor = (0, 0, 0)
718.5919 	EXP 	responser: foreColor = (0, 0, 0)
718.6085 	EXP 	responser: foreColor = (0, 0, 0)
718.6252 	EXP 	responser: foreColor = (0, 0, 0)
718.6419 	EXP 	responser: foreColor = (0, 0, 0)
718.6585 	EXP 	responser: foreColor = (0, 0, 0)
718.6752 	EXP 	responser: foreColor = (0, 0, 0)
718.6919 	EXP 	responser: foreColor = (0, 0, 0)
718.7085 	EXP 	responser: foreColor = (0, 0, 0)
718.7252 	EXP 	responser: foreColor = (0, 0, 0)
718.7419 	EXP 	responser: foreColor = (0, 0, 0)
718.7585 	EXP 	responser: foreColor = (0, 0, 0)
718.7752 	EXP 	responser: foreColor = (0, 0, 0)
718.7919 	EXP 	responser: foreColor = (0, 0, 0)
718.8085 	EXP 	responser: foreColor = (0, 0, 0)
718.8252 	EXP 	responser: foreColor = (0, 0, 0)
718.8418 	EXP 	responser: foreColor = (0, 0, 0)
718.8418 	EXP 	thermode_locali_pic: autoDraw = False
718.8585 	EXP 	responser: foreColor = (0, 0, 0)
718.8590 	EXP 	New trial (rep=1, index=0): None
718.8752 	EXP 	responser: foreColor = (0, 0, 0)
718.8752 	EXP 	responsel: autoDraw = False
718.8752 	EXP 	percu_or: autoDraw = False
718.8752 	EXP 	responser: autoDraw = False
718.8752 	EXP 	thermode_locali_pic: autoDraw = False
718.8752 	EXP 	responsel: autoDraw = False
718.8752 	EXP 	percu_or: autoDraw = False
718.8752 	EXP 	responser: autoDraw = False
718.8752 	EXP 	responsel: foreColor = 'white'
718.8752 	EXP 	responser: foreColor = 'white'
718.8752 	EXP 	text_7: autoDraw = True
720.2588 	EXP 	Created sequence: random, trialTypes=1, nReps=2, seed=None
720.2589 	EXP 	New trial (rep=0, index=0): None
720.2605 	DATA 	Keypress: p
720.2752 	EXP 	text_7: autoDraw = False
720.2752 	EXP 	text_eva: autoDraw = True
720.2752 	EXP 	croix_2: autoDraw = True
720.2925 	DATA 	KeyPress: ^
725.2752 	EXP 	text_eva: autoDraw = False
725.2752 	EXP 	croix_2: autoDraw = False
725.2752 	EXP 	text_eva: autoDraw = False
725.2752 	EXP 	croix_2: autoDraw = False
725.2752 	EXP 	thermode_locali_EVA: autoDraw = True
737.2589 	EXP 	window1: mouseVisible = True
737.2599 	EXP 	Created unnamed Rect = Rect(__class__=<class 'psychopy.visual.rect.Rect'>, anchor=('center', 'center'), autoDraw=False, autoLog=True, closeShape=True, color=method-wrapper(...), colorSpace='rgb', contrast=None, depth=0, draggable=False, fillColor=array([1, 1, 1]), fillColorSpace='rgb', fillRGB=array([1, 1, 1]), interpolate=True, lineColor=array([1., 1., 1.]), lineColorSpace='rgb', lineRGB=array([1, 1, 1]), lineWidth=1.5, name='unnamed Rect', opacity=1.0, ori=0.0, pos=array([0., 0.]), size=array([0.01, 0.1 ]), units='norm', vertices=ndarray(...), win=Window(...))
737.2599 	EXP 	window1: mouseVisible = True
737.2601 	EXP 	window1: mouseVisible = True
737.2605 	EXP 	window1: mouseVisible = True
737.2617 	EXP 	window1: mouseVisible = True
737.2628 	EXP 	window1: mouseVisible = True
737.2630 	EXP 	window1: mouseVisible = True
737.2632 	EXP 	window1: mouseVisible = True
737.2633 	EXP 	window1: mouseVisible = True
737.2634 	EXP 	window1: mouseVisible = True
737.2636 	EXP 	window1: mouseVisible = True
737.2637 	EXP 	window1: mouseVisible = True
737.2638 	EXP 	window1: mouseVisible = True
737.2640 	EXP 	window1: mouseVisible = True
737.2641 	EXP 	window1: mouseVisible = True
737.2642 	EXP 	window1: mouseVisible = True
737.2644 	EXP 	window1: mouseVisible = True
737.2645 	EXP 	window1: mouseVisible = True
737.2646 	EXP 	window1: mouseVisible = True
737.2647 	EXP 	window1: mouseVisible = True
737.2649 	EXP 	window1: mouseVisible = True
737.2650 	EXP 	window1: mouseVisible = True
737.2651 	EXP 	window1: mouseVisible = True
737.2652 	EXP 	window1: mouseVisible = True
737.2654 	EXP 	window1: mouseVisible = True
737.2655 	EXP 	window1: mouseVisible = True
737.2656 	EXP 	window1: mouseVisible = True
737.2657 	EXP 	window1: mouseVisible = True
737.2659 	EXP 	window1: mouseVisible = True
737.2660 	EXP 	window1: mouseVisible = True
737.2661 	EXP 	window1: mouseVisible = True
737.2663 	EXP 	window1: mouseVisible = True
737.2665 	EXP 	window1: mouseVisible = True
737.2666 	EXP 	window1: mouseVisible = True
737.2667 	EXP 	window1: mouseVisible = True
737.2669 	EXP 	window1: mouseVisible = True
737.2670 	EXP 	window1: mouseVisible = True
737.2671 	EXP 	window1: mouseVisible = True
737.2673 	EXP 	window1: mouseVisible = True
737.2674 	EXP 	window1: mouseVisible = True
737.2675 	EXP 	window1: mouseVisible = True
737.2676 	EXP 	window1: mouseVisible = True
737.2678 	EXP 	window1: mouseVisible = True
737.2679 	EXP 	window1: mouseVisible = True
737.2680 	EXP 	window1: mouseVisible = True
737.2681 	EXP 	window1: mouseVisible = True
737.2683 	EXP 	window1: mouseVisible = True
737.2684 	EXP 	window1: mouseVisible = True
737.2685 	EXP 	window1: mouseVisible = True
737.2686 	EXP 	window1: mouseVisible = True
737.2688 	EXP 	window1: mouseVisible = True
737.2689 	EXP 	window1: mouseVisible = True
737.2690 	EXP 	window1: mouseVisible = True
737.2691 	EXP 	window1: mouseVisible = True
737.2693 	EXP 	window1: mouseVisible = True
737.2694 	EXP 	window1: mouseVisible = True
737.2695 	EXP 	window1: mouseVisible = True
737.2699 	EXP 	window1: mouseVisible = True
737.2702 	EXP 	window1: mouseVisible = True
737.2704 	EXP 	window1: mouseVisible = True
737.2705 	EXP 	window1: mouseVisible = True
737.2706 	EXP 	window1: mouseVisible = True
737.2708 	EXP 	window1: mouseVisible = True
737.2710 	EXP 	window1: mouseVisible = True
737.2711 	EXP 	window1: mouseVisible = True
737.2712 	EXP 	window1: mouseVisible = True
737.2713 	EXP 	window1: mouseVisible = True
737.2715 	EXP 	window1: mouseVisible = True
737.2716 	EXP 	window1: mouseVisible = True
737.2717 	EXP 	window1: mouseVisible = True
737.2719 	EXP 	window1: mouseVisible = True
737.2720 	EXP 	window1: mouseVisible = True
737.2721 	EXP 	window1: mouseVisible = True
737.2722 	EXP 	window1: mouseVisible = True
737.2724 	EXP 	window1: mouseVisible = True
737.2725 	EXP 	window1: mouseVisible = True
737.2726 	EXP 	window1: mouseVisible = True
737.2728 	EXP 	window1: mouseVisible = True
737.2729 	EXP 	window1: mouseVisible = True
737.2730 	EXP 	window1: mouseVisible = True
737.2731 	EXP 	window1: mouseVisible = True
737.2733 	EXP 	window1: mouseVisible = True
737.2734 	EXP 	window1: mouseVisible = True
737.2735 	EXP 	window1: mouseVisible = True
737.2737 	EXP 	window1: mouseVisible = True
737.2738 	EXP 	window1: mouseVisible = True
737.2739 	EXP 	window1: mouseVisible = True
737.2740 	EXP 	window1: mouseVisible = True
737.2742 	EXP 	window1: mouseVisible = True
737.2743 	EXP 	window1: mouseVisible = True
737.2744 	EXP 	window1: mouseVisible = True
737.2745 	EXP 	window1: mouseVisible = True
737.2747 	EXP 	window1: mouseVisible = True
737.2748 	EXP 	window1: mouseVisible = True
737.2749 	EXP 	window1: mouseVisible = True
737.2751 	EXP 	window1: mouseVisible = True
737.2752 	EXP 	window1: mouseVisible = True
737.2753 	EXP 	window1: mouseVisible = True
737.2754 	EXP 	window1: mouseVisible = True
737.2756 	EXP 	window1: mouseVisible = True
737.2757 	EXP 	window1: mouseVisible = True
737.2758 	EXP 	window1: mouseVisible = True
737.2760 	EXP 	window1: mouseVisible = True
737.2761 	EXP 	window1: mouseVisible = True
737.2762 	EXP 	window1: mouseVisible = True
737.2783 	EXP 	Created ratingScale = RatingScale(__class__=type(...), acceptKeys=['return'], acceptPreText=UNKNOWN, acceptSize=UNKNOWN, acceptText=UNKNOWN, autoLog=True, choices=False, colorSpace='rgb', depth=0, disappear=False, flipVert=False, high=100, kwargs=UNKNOWN, labels=list(...), leftKeys=['left'], lineColor=(255, 255, 255), low=0, marker=Rect(...), markerColor=(255, 255, 255), markerExpansion=UNKNOWN, markerStart=0.5, maxTime=0.0, minTime=0.4, mouseOnly=False, name='ratingScale', noMouse=False, pos=[0.0, 0.0], precision=100, respKeys=[], rightKeys=['right'], scale=None, self=UNKNOWN, showAccept=False, showValue=False, singleClick=False, size=0.6, skipKeys=['tab'], stretch=2.0, textColor='white', textFont='Helvetica Bold', textSize=0.144, tickHeight=0, tickMarks=10.0, win=Window(...))
737.2783 	EXP 	RatingScale ratingScale: reset()
737.2804 	EXP 	window1: mouseVisible = False
737.2921 	EXP 	thermode_locali_EVA: autoDraw = False
737.2921 	EXP 	ratingScale: flipVert = False
737.2921 	EXP 	ratingScale: autoLog = True
737.2935 	EXP 	window1: mouseVisible = False
737.3102 	EXP 	window1: mouseVisible = False
737.3269 	EXP 	window1: mouseVisible = False
737.3435 	EXP 	window1: mouseVisible = False
737.3602 	EXP 	window1: mouseVisible = False
737.3769 	EXP 	window1: mouseVisible = False
737.3935 	EXP 	window1: mouseVisible = False
737.4101 	EXP 	window1: mouseVisible = False
737.4268 	EXP 	window1: mouseVisible = False
737.4435 	EXP 	window1: mouseVisible = False
737.4601 	EXP 	window1: mouseVisible = False
737.4768 	EXP 	window1: mouseVisible = False
737.4937 	EXP 	window1: mouseVisible = False
737.5102 	EXP 	window1: mouseVisible = False
737.5268 	EXP 	window1: mouseVisible = False
737.5434 	EXP 	window1: mouseVisible = False
737.5602 	EXP 	window1: mouseVisible = False
737.5768 	EXP 	window1: mouseVisible = False
737.5934 	EXP 	window1: mouseVisible = False
737.6101 	EXP 	window1: mouseVisible = False
737.6268 	EXP 	window1: mouseVisible = False
737.6435 	EXP 	window1: mouseVisible = False
737.6601 	EXP 	window1: mouseVisible = False
737.6769 	EXP 	window1: mouseVisible = False
737.6935 	EXP 	window1: mouseVisible = False
737.7101 	EXP 	window1: mouseVisible = False
737.7267 	EXP 	window1: mouseVisible = False
737.7435 	EXP 	window1: mouseVisible = False
737.7601 	EXP 	window1: mouseVisible = False
737.7768 	EXP 	window1: mouseVisible = False
737.7934 	EXP 	window1: mouseVisible = False
737.8101 	EXP 	window1: mouseVisible = False
737.8269 	EXP 	window1: mouseVisible = False
737.8435 	EXP 	window1: mouseVisible = False
737.8602 	EXP 	window1: mouseVisible = False
737.8768 	EXP 	window1: mouseVisible = False
737.8935 	EXP 	window1: mouseVisible = False
737.9101 	EXP 	window1: mouseVisible = False
737.9268 	EXP 	window1: mouseVisible = False
737.9434 	EXP 	window1: mouseVisible = False
737.9601 	EXP 	window1: mouseVisible = False
737.9768 	EXP 	window1: mouseVisible = False
737.9934 	EXP 	window1: mouseVisible = False
738.0101 	EXP 	window1: mouseVisible = False
738.0268 	EXP 	window1: mouseVisible = False
738.0435 	EXP 	window1: mouseVisible = False
738.0601 	EXP 	window1: mouseVisible = False
738.0768 	EXP 	window1: mouseVisible = False
738.0935 	EXP 	window1: mouseVisible = False
738.1101 	EXP 	window1: mouseVisible = False
738.1267 	EXP 	window1: mouseVisible = False
738.1435 	EXP 	window1: mouseVisible = False
738.1601 	EXP 	window1: mouseVisible = False
738.1768 	EXP 	window1: mouseVisible = False
738.1935 	EXP 	window1: mouseVisible = False
738.2102 	EXP 	window1: mouseVisible = False
738.2268 	EXP 	window1: mouseVisible = False
738.2436 	EXP 	window1: mouseVisible = False
738.2603 	EXP 	window1: mouseVisible = False
738.2768 	EXP 	window1: mouseVisible = False
738.2935 	EXP 	window1: mouseVisible = False
738.3101 	EXP 	window1: mouseVisible = False
738.3267 	EXP 	window1: mouseVisible = False
738.3434 	EXP 	window1: mouseVisible = False
738.3601 	EXP 	window1: mouseVisible = False
738.3768 	EXP 	window1: mouseVisible = False
738.3935 	EXP 	window1: mouseVisible = False
738.4101 	EXP 	window1: mouseVisible = False
738.4266 	DATA 	Keypress: n
738.4271 	EXP 	window1: mouseVisible = False
738.4434 	EXP 	window1: mouseVisible = False
738.4601 	EXP 	window1: mouseVisible = False
738.4768 	EXP 	window1: mouseVisible = False
738.4935 	EXP 	window1: mouseVisible = False
738.5101 	EXP 	window1: mouseVisible = False
738.5268 	EXP 	window1: mouseVisible = False
738.5435 	EXP 	window1: mouseVisible = False
738.5601 	EXP 	window1: mouseVisible = False
738.5769 	EXP 	window1: mouseVisible = False
738.5935 	EXP 	window1: mouseVisible = False
738.6101 	EXP 	window1: mouseVisible = False
738.6270 	EXP 	window1: mouseVisible = False
738.6437 	EXP 	window1: mouseVisible = False
738.6602 	EXP 	window1: mouseVisible = False
738.6768 	EXP 	window1: mouseVisible = False
738.6935 	EXP 	window1: mouseVisible = False
738.7102 	EXP 	window1: mouseVisible = False
738.7268 	EXP 	window1: mouseVisible = False
738.7436 	EXP 	window1: mouseVisible = False
738.7602 	EXP 	window1: mouseVisible = False
738.7768 	EXP 	window1: mouseVisible = False
738.7935 	EXP 	window1: mouseVisible = False
738.8102 	EXP 	window1: mouseVisible = False
738.8268 	EXP 	window1: mouseVisible = False
738.8436 	EXP 	window1: mouseVisible = False
738.8601 	EXP 	window1: mouseVisible = False
738.8769 	EXP 	window1: mouseVisible = False
738.8935 	EXP 	window1: mouseVisible = False
738.9101 	EXP 	window1: mouseVisible = False
738.9268 	EXP 	window1: mouseVisible = False
738.9436 	EXP 	window1: mouseVisible = False
738.9602 	EXP 	window1: mouseVisible = False
738.9768 	EXP 	window1: mouseVisible = False
738.9937 	EXP 	window1: mouseVisible = False
739.0102 	EXP 	window1: mouseVisible = False
739.0268 	EXP 	window1: mouseVisible = False
739.0435 	EXP 	window1: mouseVisible = False
739.0601 	EXP 	window1: mouseVisible = False
739.0768 	EXP 	window1: mouseVisible = False
739.0935 	EXP 	window1: mouseVisible = False
739.1101 	EXP 	window1: mouseVisible = False
739.1268 	EXP 	window1: mouseVisible = False
739.1435 	EXP 	window1: mouseVisible = False
739.1601 	EXP 	window1: mouseVisible = False
739.1768 	EXP 	window1: mouseVisible = False
739.1934 	EXP 	window1: mouseVisible = False
739.2101 	EXP 	window1: mouseVisible = False
739.2268 	EXP 	window1: mouseVisible = False
739.2435 	EXP 	window1: mouseVisible = False
739.2602 	EXP 	window1: mouseVisible = False
739.2768 	EXP 	window1: mouseVisible = False
739.2935 	EXP 	window1: mouseVisible = False
739.3101 	EXP 	window1: mouseVisible = False
739.3264 	DATA 	Keypress: n
739.3269 	EXP 	window1: mouseVisible = False
739.3435 	EXP 	window1: mouseVisible = False
739.3602 	EXP 	window1: mouseVisible = False
739.3768 	EXP 	window1: mouseVisible = False
739.3934 	EXP 	window1: mouseVisible = False
739.4102 	EXP 	window1: mouseVisible = False
739.4268 	EXP 	window1: mouseVisible = False
739.4435 	EXP 	window1: mouseVisible = False
739.4601 	EXP 	window1: mouseVisible = False
739.4768 	EXP 	window1: mouseVisible = False
739.4935 	EXP 	window1: mouseVisible = False
739.5102 	EXP 	window1: mouseVisible = False
739.5268 	EXP 	window1: mouseVisible = False
739.5435 	EXP 	window1: mouseVisible = False
739.5601 	EXP 	window1: mouseVisible = False
739.5768 	EXP 	window1: mouseVisible = False
739.5935 	EXP 	window1: mouseVisible = False
739.6102 	EXP 	window1: mouseVisible = False
739.6269 	EXP 	window1: mouseVisible = False
739.6436 	EXP 	window1: mouseVisible = False
739.6602 	EXP 	window1: mouseVisible = False
739.6768 	EXP 	window1: mouseVisible = False
739.6935 	EXP 	window1: mouseVisible = False
739.7105 	EXP 	window1: mouseVisible = False
739.7268 	EXP 	window1: mouseVisible = False
739.7436 	EXP 	window1: mouseVisible = False
739.7602 	EXP 	window1: mouseVisible = False
739.7769 	EXP 	window1: mouseVisible = False
739.7935 	EXP 	window1: mouseVisible = False
739.8102 	EXP 	window1: mouseVisible = False
739.8268 	EXP 	window1: mouseVisible = False
739.8435 	EXP 	window1: mouseVisible = False
739.8602 	EXP 	window1: mouseVisible = False
739.8768 	EXP 	window1: mouseVisible = False
739.8935 	EXP 	window1: mouseVisible = False
739.9102 	EXP 	window1: mouseVisible = False
739.9269 	EXP 	window1: mouseVisible = False
739.9436 	EXP 	window1: mouseVisible = False
739.9601 	EXP 	window1: mouseVisible = False
739.9769 	EXP 	window1: mouseVisible = False
739.9936 	EXP 	window1: mouseVisible = False
740.0102 	EXP 	window1: mouseVisible = False
740.0268 	EXP 	window1: mouseVisible = False
740.0435 	EXP 	window1: mouseVisible = False
740.0601 	EXP 	window1: mouseVisible = False
740.0769 	EXP 	window1: mouseVisible = False
740.0935 	EXP 	window1: mouseVisible = False
740.1102 	EXP 	window1: mouseVisible = False
740.1268 	EXP 	window1: mouseVisible = False
740.1435 	EXP 	window1: mouseVisible = False
740.1601 	EXP 	window1: mouseVisible = False
740.1768 	EXP 	window1: mouseVisible = False
740.1935 	EXP 	window1: mouseVisible = False
740.2101 	EXP 	window1: mouseVisible = False
740.2269 	EXP 	window1: mouseVisible = False
740.2430 	DATA 	Keypress: m
740.2436 	EXP 	window1: mouseVisible = False
740.2602 	EXP 	window1: mouseVisible = False
740.2768 	EXP 	window1: mouseVisible = False
740.2936 	EXP 	window1: mouseVisible = False
740.3102 	EXP 	window1: mouseVisible = False
740.3270 	EXP 	window1: mouseVisible = False
740.3435 	EXP 	window1: mouseVisible = False
740.3603 	EXP 	window1: mouseVisible = False
740.3770 	EXP 	window1: mouseVisible = False
740.3935 	EXP 	window1: mouseVisible = False
740.4102 	EXP 	window1: mouseVisible = False
740.4268 	EXP 	window1: mouseVisible = False
740.4435 	EXP 	window1: mouseVisible = False
740.4602 	EXP 	window1: mouseVisible = False
740.4768 	EXP 	window1: mouseVisible = False
740.4935 	EXP 	window1: mouseVisible = False
740.5102 	EXP 	window1: mouseVisible = False
740.5269 	EXP 	window1: mouseVisible = False
740.5439 	DATA 	Keypress: space
740.6446 	EXP 	New trial (rep=1, index=0): None
740.6588 	EXP 	main_text: autoDraw = True
740.6588 	EXP 	confirm_text: autoDraw = True
740.6588 	EXP 	ratingScale: autoDraw = False
740.6588 	EXP 	main_text: autoDraw = False
740.6588 	EXP 	confirm_text: autoDraw = False
740.6588 	EXP 	text_eva: autoDraw = True
740.6588 	EXP 	croix_2: autoDraw = True
745.6589 	EXP 	text_eva: autoDraw = False
745.6589 	EXP 	croix_2: autoDraw = False
745.6589 	EXP 	text_eva: autoDraw = False
745.6589 	EXP 	croix_2: autoDraw = False
745.6589 	EXP 	thermode_locali_EVA: autoDraw = True
757.6427 	EXP 	window1: mouseVisible = True
757.6436 	EXP 	Created unnamed Rect = Rect(__class__=<class 'psychopy.visual.rect.Rect'>, anchor=('center', 'center'), autoDraw=False, autoLog=True, closeShape=True, color=method-wrapper(...), colorSpace='rgb', contrast=None, depth=0, draggable=False, fillColor=array([1, 1, 1]), fillColorSpace='rgb', fillRGB=array([1, 1, 1]), interpolate=True, lineColor=array([1., 1., 1.]), lineColorSpace='rgb', lineRGB=array([1, 1, 1]), lineWidth=1.5, name='unnamed Rect', opacity=1.0, ori=0.0, pos=array([0., 0.]), size=array([0.01, 0.1 ]), units='norm', vertices=ndarray(...), win=Window(...))
757.6436 	EXP 	window1: mouseVisible = True
757.6437 	EXP 	window1: mouseVisible = True
757.6442 	EXP 	window1: mouseVisible = True
757.6454 	EXP 	window1: mouseVisible = True
757.6465 	EXP 	window1: mouseVisible = True
757.6467 	EXP 	window1: mouseVisible = True
757.6469 	EXP 	window1: mouseVisible = True
757.6470 	EXP 	window1: mouseVisible = True
757.6472 	EXP 	window1: mouseVisible = True
757.6473 	EXP 	window1: mouseVisible = True
757.6475 	EXP 	window1: mouseVisible = True
757.6477 	EXP 	window1: mouseVisible = True
757.6479 	EXP 	window1: mouseVisible = True
757.6482 	EXP 	window1: mouseVisible = True
757.6484 	EXP 	window1: mouseVisible = True
757.6485 	EXP 	window1: mouseVisible = True
757.6488 	EXP 	window1: mouseVisible = True
757.6490 	EXP 	window1: mouseVisible = True
757.6493 	EXP 	window1: mouseVisible = True
757.6495 	EXP 	window1: mouseVisible = True
757.6497 	EXP 	window1: mouseVisible = True
757.6499 	EXP 	window1: mouseVisible = True
757.6501 	EXP 	window1: mouseVisible = True
757.6502 	EXP 	window1: mouseVisible = True
757.6504 	EXP 	window1: mouseVisible = True
757.6505 	EXP 	window1: mouseVisible = True
757.6506 	EXP 	window1: mouseVisible = True
757.6508 	EXP 	window1: mouseVisible = True
757.6509 	EXP 	window1: mouseVisible = True
757.6510 	EXP 	window1: mouseVisible = True
757.6512 	EXP 	window1: mouseVisible = True
757.6513 	EXP 	window1: mouseVisible = True
757.6514 	EXP 	window1: mouseVisible = True
757.6516 	EXP 	window1: mouseVisible = True
757.6517 	EXP 	window1: mouseVisible = True
757.6518 	EXP 	window1: mouseVisible = True
757.6519 	EXP 	window1: mouseVisible = True
757.6521 	EXP 	window1: mouseVisible = True
757.6523 	EXP 	window1: mouseVisible = True
757.6524 	EXP 	window1: mouseVisible = True
757.6525 	EXP 	window1: mouseVisible = True
757.6527 	EXP 	window1: mouseVisible = True
757.6528 	EXP 	window1: mouseVisible = True
757.6529 	EXP 	window1: mouseVisible = True
757.6530 	EXP 	window1: mouseVisible = True
757.6532 	EXP 	window1: mouseVisible = True
757.6533 	EXP 	window1: mouseVisible = True
757.6534 	EXP 	window1: mouseVisible = True
757.6536 	EXP 	window1: mouseVisible = True
757.6537 	EXP 	window1: mouseVisible = True
757.6538 	EXP 	window1: mouseVisible = True
757.6539 	EXP 	window1: mouseVisible = True
757.6541 	EXP 	window1: mouseVisible = True
757.6542 	EXP 	window1: mouseVisible = True
757.6543 	EXP 	window1: mouseVisible = True
757.6544 	EXP 	window1: mouseVisible = True
757.6546 	EXP 	window1: mouseVisible = True
757.6547 	EXP 	window1: mouseVisible = True
757.6548 	EXP 	window1: mouseVisible = True
757.6549 	EXP 	window1: mouseVisible = True
757.6551 	EXP 	window1: mouseVisible = True
757.6552 	EXP 	window1: mouseVisible = True
757.6553 	EXP 	window1: mouseVisible = True
757.6555 	EXP 	window1: mouseVisible = True
757.6556 	EXP 	window1: mouseVisible = True
757.6557 	EXP 	window1: mouseVisible = True
757.6559 	EXP 	window1: mouseVisible = True
757.6561 	EXP 	window1: mouseVisible = True
757.6562 	EXP 	window1: mouseVisible = True
757.6564 	EXP 	window1: mouseVisible = True
757.6565 	EXP 	window1: mouseVisible = True
757.6566 	EXP 	window1: mouseVisible = True
757.6568 	EXP 	window1: mouseVisible = True
757.6569 	EXP 	window1: mouseVisible = True
757.6570 	EXP 	window1: mouseVisible = True
757.6571 	EXP 	window1: mouseVisible = True
757.6573 	EXP 	window1: mouseVisible = True
757.6574 	EXP 	window1: mouseVisible = True
757.6575 	EXP 	window1: mouseVisible = True
757.6577 	EXP 	window1: mouseVisible = True
757.6578 	EXP 	window1: mouseVisible = True
757.6579 	EXP 	window1: mouseVisible = True
757.6580 	EXP 	window1: mouseVisible = True
757.6582 	EXP 	window1: mouseVisible = True
757.6583 	EXP 	window1: mouseVisible = True
757.6584 	EXP 	window1: mouseVisible = True
757.6586 	EXP 	window1: mouseVisible = True
757.6587 	EXP 	window1: mouseVisible = True
757.6588 	EXP 	window1: mouseVisible = True
757.6589 	EXP 	window1: mouseVisible = True
757.6591 	EXP 	window1: mouseVisible = True
757.6592 	EXP 	window1: mouseVisible = True
757.6593 	EXP 	window1: mouseVisible = True
757.6594 	EXP 	window1: mouseVisible = True
757.6596 	EXP 	window1: mouseVisible = True
757.6597 	EXP 	window1: mouseVisible = True
757.6598 	EXP 	window1: mouseVisible = True
757.6603 	EXP 	window1: mouseVisible = True
757.6604 	EXP 	window1: mouseVisible = True
757.6606 	EXP 	window1: mouseVisible = True
757.6607 	EXP 	window1: mouseVisible = True
757.6608 	EXP 	window1: mouseVisible = True
757.6610 	EXP 	window1: mouseVisible = True
757.6611 	EXP 	window1: mouseVisible = True
757.6632 	EXP 	Created ratingScale = RatingScale(__class__=type(...), acceptKeys=['return'], acceptPreText=UNKNOWN, acceptSize=UNKNOWN, acceptText=UNKNOWN, autoLog=True, choices=False, colorSpace='rgb', depth=0, disappear=False, flipVert=False, high=100, kwargs=UNKNOWN, labels=list(...), leftKeys=['left'], lineColor=(255, 255, 255), low=0, marker=Rect(...), markerColor=(255, 255, 255), markerExpansion=UNKNOWN, markerStart=0.5, maxTime=0.0, minTime=0.4, mouseOnly=False, name='ratingScale', noMouse=False, pos=[0.0, 0.0], precision=100, respKeys=[], rightKeys=['right'], scale=None, self=UNKNOWN, showAccept=False, showValue=False, singleClick=False, size=0.6, skipKeys=['tab'], stretch=2.0, textColor='white', textFont='Helvetica Bold', textSize=0.144, tickHeight=0, tickMarks=10.0, win=Window(...))
757.6632 	EXP 	RatingScale ratingScale: reset()
757.6652 	EXP 	window1: mouseVisible = False
757.6756 	EXP 	thermode_locali_EVA: autoDraw = False
757.6756 	EXP 	thermode_locali_EVA: autoDraw = False
757.6756 	EXP 	ratingScale: flipVert = False
757.6756 	EXP 	ratingScale: autoLog = True
757.6772 	EXP 	window1: mouseVisible = False
757.6938 	EXP 	window1: mouseVisible = False
757.7104 	EXP 	window1: mouseVisible = False
757.7271 	EXP 	window1: mouseVisible = False
757.7437 	EXP 	window1: mouseVisible = False
757.7609 	EXP 	window1: mouseVisible = False
757.7771 	EXP 	window1: mouseVisible = False
757.7937 	EXP 	window1: mouseVisible = False
757.8104 	EXP 	window1: mouseVisible = False
757.8270 	EXP 	window1: mouseVisible = False
757.8437 	EXP 	window1: mouseVisible = False
757.8604 	EXP 	window1: mouseVisible = False
757.8771 	EXP 	window1: mouseVisible = False
757.8937 	EXP 	window1: mouseVisible = False
757.9104 	EXP 	window1: mouseVisible = False
757.9271 	EXP 	window1: mouseVisible = False
757.9437 	EXP 	window1: mouseVisible = False
757.9604 	EXP 	window1: mouseVisible = False
757.9771 	EXP 	window1: mouseVisible = False
757.9937 	EXP 	window1: mouseVisible = False
758.0104 	EXP 	window1: mouseVisible = False
758.0270 	EXP 	window1: mouseVisible = False
758.0437 	EXP 	window1: mouseVisible = False
758.0604 	EXP 	window1: mouseVisible = False
758.0772 	EXP 	window1: mouseVisible = False
758.0937 	EXP 	window1: mouseVisible = False
758.1104 	EXP 	window1: mouseVisible = False
758.1270 	EXP 	window1: mouseVisible = False
758.1437 	EXP 	window1: mouseVisible = False
758.1604 	EXP 	window1: mouseVisible = False
758.1770 	EXP 	window1: mouseVisible = False
758.1937 	EXP 	window1: mouseVisible = False
758.2104 	EXP 	window1: mouseVisible = False
758.2270 	EXP 	window1: mouseVisible = False
758.2437 	EXP 	window1: mouseVisible = False
758.2604 	EXP 	window1: mouseVisible = False
758.2770 	EXP 	window1: mouseVisible = False
758.2937 	EXP 	window1: mouseVisible = False
758.3103 	EXP 	window1: mouseVisible = False
758.3270 	EXP 	window1: mouseVisible = False
758.3437 	EXP 	window1: mouseVisible = False
758.3604 	EXP 	window1: mouseVisible = False
758.3771 	EXP 	window1: mouseVisible = False
758.3937 	EXP 	window1: mouseVisible = False
758.4103 	EXP 	window1: mouseVisible = False
758.4271 	EXP 	window1: mouseVisible = False
758.4436 	EXP 	window1: mouseVisible = False
758.4605 	EXP 	window1: mouseVisible = False
758.4770 	EXP 	window1: mouseVisible = False
758.4937 	EXP 	window1: mouseVisible = False
758.5100 	DATA 	Keypress: m
758.5105 	EXP 	window1: mouseVisible = False
758.5270 	EXP 	window1: mouseVisible = False
758.5437 	EXP 	window1: mouseVisible = False
758.5604 	EXP 	window1: mouseVisible = False
758.5771 	EXP 	window1: mouseVisible = False
758.5937 	EXP 	window1: mouseVisible = False
758.6103 	EXP 	window1: mouseVisible = False
758.6270 	EXP 	window1: mouseVisible = False
758.6437 	EXP 	window1: mouseVisible = False
758.6603 	EXP 	window1: mouseVisible = False
758.6770 	EXP 	window1: mouseVisible = False
758.6937 	EXP 	window1: mouseVisible = False
758.7104 	EXP 	window1: mouseVisible = False
758.7270 	EXP 	window1: mouseVisible = False
758.7437 	EXP 	window1: mouseVisible = False
758.7603 	EXP 	window1: mouseVisible = False
758.7770 	EXP 	window1: mouseVisible = False
758.7937 	EXP 	window1: mouseVisible = False
758.8104 	EXP 	window1: mouseVisible = False
758.8270 	EXP 	window1: mouseVisible = False
758.8437 	EXP 	window1: mouseVisible = False
758.8604 	EXP 	window1: mouseVisible = False
758.8770 	EXP 	window1: mouseVisible = False
758.8937 	EXP 	window1: mouseVisible = False
758.9104 	EXP 	window1: mouseVisible = False
758.9271 	EXP 	window1: mouseVisible = False
758.9437 	EXP 	window1: mouseVisible = False
758.9603 	EXP 	window1: mouseVisible = False
758.9770 	EXP 	window1: mouseVisible = False
758.9937 	EXP 	window1: mouseVisible = False
759.0103 	EXP 	window1: mouseVisible = False
759.0270 	EXP 	window1: mouseVisible = False
759.0437 	EXP 	window1: mouseVisible = False
759.0603 	EXP 	window1: mouseVisible = False
759.0771 	EXP 	window1: mouseVisible = False
759.0938 	EXP 	window1: mouseVisible = False
759.1103 	EXP 	window1: mouseVisible = False
759.1270 	EXP 	window1: mouseVisible = False
759.1437 	EXP 	window1: mouseVisible = False
759.1604 	EXP 	window1: mouseVisible = False
759.1770 	EXP 	window1: mouseVisible = False
759.1937 	EXP 	window1: mouseVisible = False
759.2108 	EXP 	window1: mouseVisible = False
759.2272 	EXP 	window1: mouseVisible = False
759.2437 	EXP 	window1: mouseVisible = False
759.2604 	EXP 	window1: mouseVisible = False
759.2770 	EXP 	window1: mouseVisible = False
759.2937 	EXP 	window1: mouseVisible = False
759.3104 	EXP 	window1: mouseVisible = False
759.3270 	EXP 	window1: mouseVisible = False
759.3437 	EXP 	window1: mouseVisible = False
759.3604 	EXP 	window1: mouseVisible = False
759.3770 	EXP 	window1: mouseVisible = False
759.3937 	EXP 	window1: mouseVisible = False
759.4104 	EXP 	window1: mouseVisible = False
759.4271 	EXP 	window1: mouseVisible = False
759.4437 	EXP 	window1: mouseVisible = False
759.4603 	EXP 	window1: mouseVisible = False
759.4770 	DATA 	Keypress: space
759.5923 	EXP 	main_text: autoDraw = True
759.5923 	EXP 	confirm_text: autoDraw = True
759.5923 	EXP 	ratingScale: autoDraw = False
759.5923 	EXP 	main_text: autoDraw = False
759.5923 	EXP 	confirm_text: autoDraw = False
759.5923 	EXP 	text_8: autoDraw = True
760.9092 	EXP 	Created sequence: random, trialTypes=1, nReps=4, seed=None
760.9093 	EXP 	New trial (rep=0, index=0): None
760.9109 	DATA 	Keypress: p
760.9256 	EXP 	text_8: autoDraw = False
760.9256 	EXP 	text_pic: autoDraw = True
760.9256 	EXP 	croix_3: autoDraw = True
765.9257 	EXP 	text_pic: autoDraw = False
765.9257 	EXP 	croix_3: autoDraw = False
765.9257 	EXP 	text_pic: autoDraw = False
765.9257 	EXP 	croix_3: autoDraw = False
765.9257 	EXP 	thermode_locali_pic: height = 0.02
765.9257 	EXP 	thermode_locali_pic: height = 0.02
765.9257 	EXP 	thermode_locali_pic: height = 0.02
765.9257 	EXP 	thermode_locali_pic: text = 'T : 0'
765.9257 	EXP 	responsel: text = 'OUI              '
765.9257 	EXP 	thermode_locali_pic: autoDraw = True
773.9091 	EXP 	responsel: autoDraw = True
773.9091 	EXP 	percu_or: autoDraw = True
773.9091 	EXP 	responser: autoDraw = True
776.1603 	DATA 	Keypress: n
776.1925 	EXP 	responser: foreColor = (0, 0, 0)
776.2091 	EXP 	responser: foreColor = (0, 0, 0)
776.2259 	EXP 	responser: foreColor = (0, 0, 0)
776.2425 	EXP 	responser: foreColor = (0, 0, 0)
776.2592 	EXP 	responser: foreColor = (0, 0, 0)
776.2758 	EXP 	responser: foreColor = (0, 0, 0)
776.2926 	EXP 	responser: foreColor = (0, 0, 0)
776.3092 	EXP 	responser: foreColor = (0, 0, 0)
776.3258 	EXP 	responser: foreColor = (0, 0, 0)
776.3425 	EXP 	responser: foreColor = (0, 0, 0)
776.3592 	EXP 	responser: foreColor = (0, 0, 0)
776.3758 	EXP 	responser: foreColor = (0, 0, 0)
776.3925 	EXP 	responser: foreColor = (0, 0, 0)
776.4092 	EXP 	responser: foreColor = (0, 0, 0)
776.4258 	EXP 	responser: foreColor = (0, 0, 0)
776.4425 	EXP 	responser: foreColor = (0, 0, 0)
776.4592 	EXP 	responser: foreColor = (0, 0, 0)
776.4757 	EXP 	responser: foreColor = (0, 0, 0)
776.4925 	EXP 	responser: foreColor = (0, 0, 0)
776.5091 	EXP 	responser: foreColor = (0, 0, 0)
776.5258 	EXP 	responser: foreColor = (0, 0, 0)
776.5425 	EXP 	responser: foreColor = (0, 0, 0)
776.5592 	EXP 	responser: foreColor = (0, 0, 0)
776.5758 	EXP 	responser: foreColor = (0, 0, 0)
776.5925 	EXP 	responser: foreColor = (0, 0, 0)
776.6092 	EXP 	responser: foreColor = (0, 0, 0)
776.6258 	EXP 	responser: foreColor = (0, 0, 0)
776.6425 	EXP 	responser: foreColor = (0, 0, 0)
776.6591 	EXP 	responser: foreColor = (0, 0, 0)
776.6758 	EXP 	responser: foreColor = (0, 0, 0)
776.6925 	EXP 	responser: foreColor = (0, 0, 0)
776.7092 	EXP 	responser: foreColor = (0, 0, 0)
776.7258 	EXP 	responser: foreColor = (0, 0, 0)
776.7425 	EXP 	responser: foreColor = (0, 0, 0)
776.7591 	EXP 	responser: foreColor = (0, 0, 0)
776.7759 	EXP 	responser: foreColor = (0, 0, 0)
776.7925 	EXP 	responser: foreColor = (0, 0, 0)
776.8092 	EXP 	responser: foreColor = (0, 0, 0)
776.8258 	EXP 	responser: foreColor = (0, 0, 0)
776.8425 	EXP 	responser: foreColor = (0, 0, 0)
776.8592 	EXP 	responser: foreColor = (0, 0, 0)
776.8758 	EXP 	responser: foreColor = (0, 0, 0)
776.8758 	EXP 	thermode_locali_pic: autoDraw = False
776.8925 	EXP 	responser: foreColor = (0, 0, 0)
776.8931 	EXP 	New trial (rep=1, index=0): None
776.9092 	EXP 	responser: foreColor = (0, 0, 0)
776.9092 	EXP 	responsel: autoDraw = False
776.9092 	EXP 	percu_or: autoDraw = False
776.9092 	EXP 	responser: autoDraw = False
776.9092 	EXP 	thermode_locali_pic: autoDraw = False
776.9092 	EXP 	responsel: autoDraw = False
776.9092 	EXP 	percu_or: autoDraw = False
776.9092 	EXP 	responser: autoDraw = False
776.9092 	EXP 	responsel: foreColor = 'white'
776.9092 	EXP 	responser: foreColor = 'white'
776.9092 	EXP 	text_pic: autoDraw = True
776.9092 	EXP 	croix_3: autoDraw = True
781.9093 	EXP 	text_pic: autoDraw = False
781.9093 	EXP 	croix_3: autoDraw = False
781.9093 	EXP 	text_pic: autoDraw = False
781.9093 	EXP 	croix_3: autoDraw = False
781.9093 	EXP 	thermode_locali_pic: height = 0.02
781.9093 	EXP 	thermode_locali_pic: height = 0.02
781.9093 	EXP 	thermode_locali_pic: height = 0.02
781.9093 	EXP 	thermode_locali_pic: text = 'T : 1'
781.9093 	EXP 	responsel: text = 'OUI              '
781.9093 	EXP 	thermode_locali_pic: autoDraw = True
789.8926 	EXP 	responsel: autoDraw = True
789.8926 	EXP 	percu_or: autoDraw = True
789.8926 	EXP 	responser: autoDraw = True
790.5606 	DATA 	Keypress: m
790.6094 	EXP 	responsel: foreColor = (0, 0, 0)
790.6260 	EXP 	responsel: foreColor = (0, 0, 0)
790.6427 	EXP 	responsel: foreColor = (0, 0, 0)
790.6593 	EXP 	responsel: foreColor = (0, 0, 0)
790.6760 	EXP 	responsel: foreColor = (0, 0, 0)
790.6927 	EXP 	responsel: foreColor = (0, 0, 0)
790.7094 	EXP 	responsel: foreColor = (0, 0, 0)
790.7260 	EXP 	responsel: foreColor = (0, 0, 0)
790.7427 	EXP 	responsel: foreColor = (0, 0, 0)
790.7593 	EXP 	responsel: foreColor = (0, 0, 0)
790.7760 	EXP 	responsel: foreColor = (0, 0, 0)
790.7926 	EXP 	responsel: foreColor = (0, 0, 0)
790.8093 	EXP 	responsel: foreColor = (0, 0, 0)
790.8261 	EXP 	responsel: foreColor = (0, 0, 0)
790.8427 	EXP 	responsel: foreColor = (0, 0, 0)
790.8593 	EXP 	responsel: foreColor = (0, 0, 0)
790.8760 	EXP 	responsel: foreColor = (0, 0, 0)
790.8927 	EXP 	responsel: foreColor = (0, 0, 0)
790.9093 	EXP 	responsel: foreColor = (0, 0, 0)
790.9260 	EXP 	responsel: foreColor = (0, 0, 0)
790.9427 	EXP 	responsel: foreColor = (0, 0, 0)
790.9593 	EXP 	responsel: foreColor = (0, 0, 0)
790.9760 	EXP 	responsel: foreColor = (0, 0, 0)
790.9927 	EXP 	responsel: foreColor = (0, 0, 0)
791.0094 	EXP 	responsel: foreColor = (0, 0, 0)
791.0260 	EXP 	responsel: foreColor = (0, 0, 0)
791.0427 	EXP 	responsel: foreColor = (0, 0, 0)
791.0593 	EXP 	responsel: foreColor = (0, 0, 0)
791.0760 	EXP 	responsel: foreColor = (0, 0, 0)
791.0927 	EXP 	responsel: foreColor = (0, 0, 0)
791.1093 	EXP 	responsel: foreColor = (0, 0, 0)
791.1260 	EXP 	responsel: foreColor = (0, 0, 0)
791.1427 	EXP 	responsel: foreColor = (0, 0, 0)
791.1593 	EXP 	responsel: foreColor = (0, 0, 0)
791.1760 	EXP 	responsel: foreColor = (0, 0, 0)
791.1927 	EXP 	responsel: foreColor = (0, 0, 0)
791.2093 	EXP 	responsel: foreColor = (0, 0, 0)
791.2260 	EXP 	responsel: foreColor = (0, 0, 0)
791.2427 	EXP 	responsel: foreColor = (0, 0, 0)
791.2593 	EXP 	responsel: foreColor = (0, 0, 0)
791.2760 	EXP 	responsel: foreColor = (0, 0, 0)
791.2927 	EXP 	responsel: foreColor = (0, 0, 0)
791.3094 	EXP 	responsel: foreColor = (0, 0, 0)
791.3260 	EXP 	responsel: foreColor = (0, 0, 0)
791.3427 	EXP 	responsel: foreColor = (0, 0, 0)
791.3593 	EXP 	responsel: foreColor = (0, 0, 0)
791.3760 	EXP 	responsel: foreColor = (0, 0, 0)
791.3927 	EXP 	responsel: foreColor = (0, 0, 0)
791.4094 	EXP 	responsel: foreColor = (0, 0, 0)
791.4260 	EXP 	responsel: foreColor = (0, 0, 0)
791.4427 	EXP 	responsel: foreColor = (0, 0, 0)
791.4594 	EXP 	responsel: foreColor = (0, 0, 0)
791.4760 	EXP 	responsel: foreColor = (0, 0, 0)
791.4927 	EXP 	responsel: foreColor = (0, 0, 0)
791.5093 	EXP 	responsel: foreColor = (0, 0, 0)
791.5260 	EXP 	responsel: foreColor = (0, 0, 0)
791.5427 	EXP 	responsel: foreColor = (0, 0, 0)
791.5593 	EXP 	responsel: foreColor = (0, 0, 0)
791.5760 	EXP 	responsel: foreColor = (0, 0, 0)
791.5927 	EXP 	responsel: foreColor = (0, 0, 0)
791.6093 	EXP 	responsel: foreColor = (0, 0, 0)
791.6260 	EXP 	responsel: foreColor = (0, 0, 0)
791.6427 	EXP 	responsel: foreColor = (0, 0, 0)
791.6593 	EXP 	responsel: foreColor = (0, 0, 0)
791.6761 	EXP 	responsel: foreColor = (0, 0, 0)
791.6927 	EXP 	responsel: foreColor = (0, 0, 0)
791.7093 	EXP 	responsel: foreColor = (0, 0, 0)
791.7260 	EXP 	responsel: foreColor = (0, 0, 0)
791.7427 	EXP 	responsel: foreColor = (0, 0, 0)
791.7593 	EXP 	responsel: foreColor = (0, 0, 0)
791.7760 	EXP 	responsel: foreColor = (0, 0, 0)
791.7927 	EXP 	responsel: foreColor = (0, 0, 0)
791.8093 	EXP 	responsel: foreColor = (0, 0, 0)
791.8260 	EXP 	responsel: foreColor = (0, 0, 0)
791.8427 	EXP 	responsel: foreColor = (0, 0, 0)
791.8594 	EXP 	responsel: foreColor = (0, 0, 0)
791.8760 	EXP 	responsel: foreColor = (0, 0, 0)
791.8927 	EXP 	responsel: foreColor = (0, 0, 0)
791.9093 	EXP 	responsel: foreColor = (0, 0, 0)
791.9260 	EXP 	responsel: foreColor = (0, 0, 0)
791.9427 	EXP 	responsel: foreColor = (0, 0, 0)
791.9593 	EXP 	responsel: foreColor = (0, 0, 0)
791.9761 	EXP 	responsel: foreColor = (0, 0, 0)
791.9927 	EXP 	responsel: foreColor = (0, 0, 0)
792.0093 	EXP 	responsel: foreColor = (0, 0, 0)
792.0260 	EXP 	responsel: foreColor = (0, 0, 0)
792.0427 	EXP 	responsel: foreColor = (0, 0, 0)
792.0593 	EXP 	responsel: foreColor = (0, 0, 0)
792.0759 	EXP 	responsel: foreColor = (0, 0, 0)
792.0927 	EXP 	responsel: foreColor = (0, 0, 0)
792.1093 	EXP 	responsel: foreColor = (0, 0, 0)
792.1260 	EXP 	responsel: foreColor = (0, 0, 0)
792.1427 	EXP 	responsel: foreColor = (0, 0, 0)
792.1594 	EXP 	responsel: foreColor = (0, 0, 0)
792.1760 	EXP 	responsel: foreColor = (0, 0, 0)
792.1927 	EXP 	responsel: foreColor = (0, 0, 0)
792.2093 	EXP 	responsel: foreColor = (0, 0, 0)
792.2260 	EXP 	responsel: foreColor = (0, 0, 0)
792.2427 	EXP 	responsel: foreColor = (0, 0, 0)
792.2593 	EXP 	responsel: foreColor = (0, 0, 0)
792.2761 	EXP 	responsel: foreColor = (0, 0, 0)
792.2927 	EXP 	responsel: foreColor = (0, 0, 0)
792.3093 	EXP 	responsel: foreColor = (0, 0, 0)
792.3260 	EXP 	responsel: foreColor = (0, 0, 0)
792.3427 	EXP 	responsel: foreColor = (0, 0, 0)
792.3593 	EXP 	responsel: foreColor = (0, 0, 0)
792.3760 	EXP 	responsel: foreColor = (0, 0, 0)
792.3927 	EXP 	responsel: foreColor = (0, 0, 0)
792.4093 	EXP 	responsel: foreColor = (0, 0, 0)
792.4260 	EXP 	responsel: foreColor = (0, 0, 0)
792.4427 	EXP 	responsel: foreColor = (0, 0, 0)
792.4594 	EXP 	responsel: foreColor = (0, 0, 0)
792.4760 	EXP 	responsel: foreColor = (0, 0, 0)
792.4927 	EXP 	responsel: foreColor = (0, 0, 0)
792.5093 	EXP 	responsel: foreColor = (0, 0, 0)
792.5260 	EXP 	responsel: foreColor = (0, 0, 0)
792.5427 	EXP 	responsel: foreColor = (0, 0, 0)
792.5593 	EXP 	responsel: foreColor = (0, 0, 0)
792.5761 	EXP 	responsel: foreColor = (0, 0, 0)
792.5926 	EXP 	responsel: foreColor = (0, 0, 0)
792.6093 	EXP 	responsel: foreColor = (0, 0, 0)
792.6260 	EXP 	responsel: foreColor = (0, 0, 0)
792.6427 	EXP 	responsel: foreColor = (0, 0, 0)
792.6593 	EXP 	responsel: foreColor = (0, 0, 0)
792.6760 	EXP 	responsel: foreColor = (0, 0, 0)
792.6927 	EXP 	responsel: foreColor = (0, 0, 0)
792.7093 	EXP 	responsel: foreColor = (0, 0, 0)
792.7260 	EXP 	responsel: foreColor = (0, 0, 0)
792.7427 	EXP 	responsel: foreColor = (0, 0, 0)
792.7593 	EXP 	responsel: foreColor = (0, 0, 0)
792.7760 	EXP 	responsel: foreColor = (0, 0, 0)
792.7926 	EXP 	responsel: foreColor = (0, 0, 0)
792.8093 	EXP 	responsel: foreColor = (0, 0, 0)
792.8260 	EXP 	responsel: foreColor = (0, 0, 0)
792.8427 	EXP 	responsel: foreColor = (0, 0, 0)
792.8593 	EXP 	responsel: foreColor = (0, 0, 0)
792.8593 	EXP 	thermode_locali_pic: autoDraw = False
792.8760 	EXP 	responsel: foreColor = (0, 0, 0)
792.8765 	EXP 	New trial (rep=2, index=0): None
792.8926 	EXP 	responsel: foreColor = (0, 0, 0)
792.8926 	EXP 	responsel: autoDraw = False
792.8926 	EXP 	percu_or: autoDraw = False
792.8926 	EXP 	responser: autoDraw = False
792.8926 	EXP 	thermode_locali_pic: autoDraw = False
792.8926 	EXP 	responsel: autoDraw = False
792.8926 	EXP 	percu_or: autoDraw = False
792.8926 	EXP 	responser: autoDraw = False
792.8926 	EXP 	responsel: foreColor = 'white'
792.8926 	EXP 	responser: foreColor = 'white'
792.8926 	EXP 	text_pic: autoDraw = True
792.8926 	EXP 	croix_3: autoDraw = True
797.8927 	EXP 	text_pic: autoDraw = False
797.8927 	EXP 	croix_3: autoDraw = False
797.8927 	EXP 	text_pic: autoDraw = False
797.8927 	EXP 	croix_3: autoDraw = False
797.8927 	EXP 	thermode_locali_pic: height = 0.02
797.8927 	EXP 	thermode_locali_pic: height = 0.02
797.8927 	EXP 	thermode_locali_pic: height = 0.02
797.8927 	EXP 	thermode_locali_pic: text = 'T : 2'
797.8927 	EXP 	responsel: text = 'OUI              '
797.8927 	EXP 	thermode_locali_pic: autoDraw = True
805.8761 	EXP 	responsel: autoDraw = True
805.8761 	EXP 	percu_or: autoDraw = True
805.8761 	EXP 	responser: autoDraw = True
806.9440 	DATA 	Keypress: n
806.9761 	EXP 	responser: foreColor = (0, 0, 0)
806.9928 	EXP 	responser: foreColor = (0, 0, 0)
807.0095 	EXP 	responser: foreColor = (0, 0, 0)
807.0261 	EXP 	responser: foreColor = (0, 0, 0)
807.0428 	EXP 	responser: foreColor = (0, 0, 0)
807.0595 	EXP 	responser: foreColor = (0, 0, 0)
807.0761 	EXP 	responser: foreColor = (0, 0, 0)
807.0928 	EXP 	responser: foreColor = (0, 0, 0)
807.1095 	EXP 	responser: foreColor = (0, 0, 0)
807.1261 	EXP 	responser: foreColor = (0, 0, 0)
807.1428 	EXP 	responser: foreColor = (0, 0, 0)
807.1595 	EXP 	responser: foreColor = (0, 0, 0)
807.1762 	EXP 	responser: foreColor = (0, 0, 0)
807.1927 	EXP 	responser: foreColor = (0, 0, 0)
807.2094 	EXP 	responser: foreColor = (0, 0, 0)
807.2261 	EXP 	responser: foreColor = (0, 0, 0)
807.2428 	EXP 	responser: foreColor = (0, 0, 0)
807.2594 	EXP 	responser: foreColor = (0, 0, 0)
807.2761 	EXP 	responser: foreColor = (0, 0, 0)
807.2927 	EXP 	responser: foreColor = (0, 0, 0)
807.3094 	EXP 	responser: foreColor = (0, 0, 0)
807.3261 	EXP 	responser: foreColor = (0, 0, 0)
807.3428 	EXP 	responser: foreColor = (0, 0, 0)
807.3595 	EXP 	responser: foreColor = (0, 0, 0)
807.3761 	EXP 	responser: foreColor = (0, 0, 0)
807.3928 	EXP 	responser: foreColor = (0, 0, 0)
807.4095 	EXP 	responser: foreColor = (0, 0, 0)
807.4261 	EXP 	responser: foreColor = (0, 0, 0)
807.4428 	EXP 	responser: foreColor = (0, 0, 0)
807.4595 	EXP 	responser: foreColor = (0, 0, 0)
807.4762 	EXP 	responser: foreColor = (0, 0, 0)
807.4928 	EXP 	responser: foreColor = (0, 0, 0)
807.5095 	EXP 	responser: foreColor = (0, 0, 0)
807.5261 	EXP 	responser: foreColor = (0, 0, 0)
807.5428 	EXP 	responser: foreColor = (0, 0, 0)
807.5595 	EXP 	responser: foreColor = (0, 0, 0)
807.5761 	EXP 	responser: foreColor = (0, 0, 0)
807.5928 	EXP 	responser: foreColor = (0, 0, 0)
807.6094 	EXP 	responser: foreColor = (0, 0, 0)
807.6261 	EXP 	responser: foreColor = (0, 0, 0)
807.6428 	EXP 	responser: foreColor = (0, 0, 0)
807.6595 	EXP 	responser: foreColor = (0, 0, 0)
807.6761 	EXP 	responser: foreColor = (0, 0, 0)
807.6928 	EXP 	responser: foreColor = (0, 0, 0)
807.7094 	EXP 	responser: foreColor = (0, 0, 0)
807.7261 	EXP 	responser: foreColor = (0, 0, 0)
807.7428 	EXP 	responser: foreColor = (0, 0, 0)
807.7594 	EXP 	responser: foreColor = (0, 0, 0)
807.7761 	EXP 	responser: foreColor = (0, 0, 0)
807.7928 	EXP 	responser: foreColor = (0, 0, 0)
807.8094 	EXP 	responser: foreColor = (0, 0, 0)
807.8261 	EXP 	responser: foreColor = (0, 0, 0)
807.8428 	EXP 	responser: foreColor = (0, 0, 0)
807.8595 	EXP 	responser: foreColor = (0, 0, 0)
807.8761 	EXP 	responser: foreColor = (0, 0, 0)
807.8928 	EXP 	responser: foreColor = (0, 0, 0)
807.9095 	EXP 	responser: foreColor = (0, 0, 0)
807.9261 	EXP 	responser: foreColor = (0, 0, 0)
807.9427 	EXP 	responser: foreColor = (0, 0, 0)
807.9594 	EXP 	responser: foreColor = (0, 0, 0)
807.9761 	EXP 	responser: foreColor = (0, 0, 0)
807.9928 	EXP 	responser: foreColor = (0, 0, 0)
808.0094 	EXP 	responser: foreColor = (0, 0, 0)
808.0262 	EXP 	responser: foreColor = (0, 0, 0)
808.0428 	EXP 	responser: foreColor = (0, 0, 0)
808.0595 	EXP 	responser: foreColor = (0, 0, 0)
808.0762 	EXP 	responser: foreColor = (0, 0, 0)
808.0928 	EXP 	responser: foreColor = (0, 0, 0)
808.1095 	EXP 	responser: foreColor = (0, 0, 0)
808.1261 	EXP 	responser: foreColor = (0, 0, 0)
808.1428 	EXP 	responser: foreColor = (0, 0, 0)
808.1595 	EXP 	responser: foreColor = (0, 0, 0)
808.1761 	EXP 	responser: foreColor = (0, 0, 0)
808.1927 	EXP 	responser: foreColor = (0, 0, 0)
808.2094 	EXP 	responser: foreColor = (0, 0, 0)
808.2261 	EXP 	responser: foreColor = (0, 0, 0)
808.2428 	EXP 	responser: foreColor = (0, 0, 0)
808.2595 	EXP 	responser: foreColor = (0, 0, 0)
808.2761 	EXP 	responser: foreColor = (0, 0, 0)
808.2928 	EXP 	responser: foreColor = (0, 0, 0)
808.3095 	EXP 	responser: foreColor = (0, 0, 0)
808.3262 	EXP 	responser: foreColor = (0, 0, 0)
808.3428 	EXP 	responser: foreColor = (0, 0, 0)
808.3595 	EXP 	responser: foreColor = (0, 0, 0)
808.3762 	EXP 	responser: foreColor = (0, 0, 0)
808.3928 	EXP 	responser: foreColor = (0, 0, 0)
808.4094 	EXP 	responser: foreColor = (0, 0, 0)
808.4261 	EXP 	responser: foreColor = (0, 0, 0)
808.4428 	EXP 	responser: foreColor = (0, 0, 0)
808.4595 	EXP 	responser: foreColor = (0, 0, 0)
808.4761 	EXP 	responser: foreColor = (0, 0, 0)
808.4928 	EXP 	responser: foreColor = (0, 0, 0)
808.5095 	EXP 	responser: foreColor = (0, 0, 0)
808.5261 	EXP 	responser: foreColor = (0, 0, 0)
808.5428 	EXP 	responser: foreColor = (0, 0, 0)
808.5594 	EXP 	responser: foreColor = (0, 0, 0)
808.5761 	EXP 	responser: foreColor = (0, 0, 0)
808.5928 	EXP 	responser: foreColor = (0, 0, 0)
808.6095 	EXP 	responser: foreColor = (0, 0, 0)
808.6261 	EXP 	responser: foreColor = (0, 0, 0)
808.6428 	EXP 	responser: foreColor = (0, 0, 0)
808.6595 	EXP 	responser: foreColor = (0, 0, 0)
808.6761 	EXP 	responser: foreColor = (0, 0, 0)
808.6928 	EXP 	responser: foreColor = (0, 0, 0)
808.7095 	EXP 	responser: foreColor = (0, 0, 0)
808.7261 	EXP 	responser: foreColor = (0, 0, 0)
808.7428 	EXP 	responser: foreColor = (0, 0, 0)
808.7595 	EXP 	responser: foreColor = (0, 0, 0)
808.7761 	EXP 	responser: foreColor = (0, 0, 0)
808.7928 	EXP 	responser: foreColor = (0, 0, 0)
808.8095 	EXP 	responser: foreColor = (0, 0, 0)
808.8261 	EXP 	responser: foreColor = (0, 0, 0)
808.8428 	EXP 	responser: foreColor = (0, 0, 0)
808.8428 	EXP 	thermode_locali_pic: autoDraw = False
808.8594 	EXP 	responser: foreColor = (0, 0, 0)
808.8599 	EXP 	New trial (rep=3, index=0): None
808.8761 	EXP 	responser: foreColor = (0, 0, 0)
808.8761 	EXP 	responsel: autoDraw = False
808.8761 	EXP 	percu_or: autoDraw = False
808.8761 	EXP 	responser: autoDraw = False
808.8761 	EXP 	thermode_locali_pic: autoDraw = False
808.8761 	EXP 	responsel: autoDraw = False
808.8761 	EXP 	percu_or: autoDraw = False
808.8761 	EXP 	responser: autoDraw = False
808.8761 	EXP 	responsel: foreColor = 'white'
808.8761 	EXP 	responser: foreColor = 'white'
808.8761 	EXP 	text_pic: autoDraw = True
808.8761 	EXP 	croix_3: autoDraw = True
813.8763 	EXP 	text_pic: autoDraw = False
813.8763 	EXP 	croix_3: autoDraw = False
813.8763 	EXP 	text_pic: autoDraw = False
813.8763 	EXP 	croix_3: autoDraw = False
813.8763 	EXP 	thermode_locali_pic: height = 0.02
813.8763 	EXP 	thermode_locali_pic: height = 0.02
813.8763 	EXP 	thermode_locali_pic: height = 0.02
813.8763 	EXP 	thermode_locali_pic: text = 'T : 3'
813.8763 	EXP 	responsel: text = 'OUI              '
813.8763 	EXP 	thermode_locali_pic: autoDraw = True
821.8599 	EXP 	responsel: autoDraw = True
821.8599 	EXP 	percu_or: autoDraw = True
821.8599 	EXP 	responser: autoDraw = True
823.0107 	DATA 	Keypress: m
823.0430 	EXP 	responsel: foreColor = (0, 0, 0)
823.0597 	EXP 	responsel: foreColor = (0, 0, 0)
823.0763 	EXP 	responsel: foreColor = (0, 0, 0)
823.0930 	EXP 	responsel: foreColor = (0, 0, 0)
823.1097 	EXP 	responsel: foreColor = (0, 0, 0)
823.1264 	EXP 	responsel: foreColor = (0, 0, 0)
823.1430 	EXP 	responsel: foreColor = (0, 0, 0)
823.1597 	EXP 	responsel: foreColor = (0, 0, 0)
823.1764 	EXP 	responsel: foreColor = (0, 0, 0)
823.1930 	EXP 	responsel: foreColor = (0, 0, 0)
823.2097 	EXP 	responsel: foreColor = (0, 0, 0)
823.2263 	EXP 	responsel: foreColor = (0, 0, 0)
823.2431 	EXP 	responsel: foreColor = (0, 0, 0)
823.2597 	EXP 	responsel: foreColor = (0, 0, 0)
823.2763 	EXP 	responsel: foreColor = (0, 0, 0)
823.2930 	EXP 	responsel: foreColor = (0, 0, 0)
823.3097 	EXP 	responsel: foreColor = (0, 0, 0)
823.3263 	EXP 	responsel: foreColor = (0, 0, 0)
823.3430 	EXP 	responsel: foreColor = (0, 0, 0)
823.3597 	EXP 	responsel: foreColor = (0, 0, 0)
823.3763 	EXP 	responsel: foreColor = (0, 0, 0)
823.3930 	EXP 	responsel: foreColor = (0, 0, 0)
823.4097 	EXP 	responsel: foreColor = (0, 0, 0)
823.4264 	EXP 	responsel: foreColor = (0, 0, 0)
823.4430 	EXP 	responsel: foreColor = (0, 0, 0)
823.4597 	EXP 	responsel: foreColor = (0, 0, 0)
823.4764 	EXP 	responsel: foreColor = (0, 0, 0)
823.4930 	EXP 	responsel: foreColor = (0, 0, 0)
823.5097 	EXP 	responsel: foreColor = (0, 0, 0)
823.5263 	EXP 	responsel: foreColor = (0, 0, 0)
823.5430 	EXP 	responsel: foreColor = (0, 0, 0)
823.5597 	EXP 	responsel: foreColor = (0, 0, 0)
823.5763 	EXP 	responsel: foreColor = (0, 0, 0)
823.5931 	EXP 	responsel: foreColor = (0, 0, 0)
823.6096 	EXP 	responsel: foreColor = (0, 0, 0)
823.6263 	EXP 	responsel: foreColor = (0, 0, 0)
823.6430 	EXP 	responsel: foreColor = (0, 0, 0)
823.6597 	EXP 	responsel: foreColor = (0, 0, 0)
823.6763 	EXP 	responsel: foreColor = (0, 0, 0)
823.6930 	EXP 	responsel: foreColor = (0, 0, 0)
823.7097 	EXP 	responsel: foreColor = (0, 0, 0)
823.7263 	EXP 	responsel: foreColor = (0, 0, 0)
823.7430 	EXP 	responsel: foreColor = (0, 0, 0)
823.7597 	EXP 	responsel: foreColor = (0, 0, 0)
823.7764 	EXP 	responsel: foreColor = (0, 0, 0)
823.7930 	EXP 	responsel: foreColor = (0, 0, 0)
823.8097 	EXP 	responsel: foreColor = (0, 0, 0)
823.8263 	EXP 	responsel: foreColor = (0, 0, 0)
823.8430 	EXP 	responsel: foreColor = (0, 0, 0)
823.8597 	EXP 	responsel: foreColor = (0, 0, 0)
823.8763 	EXP 	responsel: foreColor = (0, 0, 0)
823.8931 	EXP 	responsel: foreColor = (0, 0, 0)
823.9097 	EXP 	responsel: foreColor = (0, 0, 0)
823.9263 	EXP 	responsel: foreColor = (0, 0, 0)
823.9430 	EXP 	responsel: foreColor = (0, 0, 0)
823.9597 	EXP 	responsel: foreColor = (0, 0, 0)
823.9763 	EXP 	responsel: foreColor = (0, 0, 0)
823.9930 	EXP 	responsel: foreColor = (0, 0, 0)
824.0097 	EXP 	responsel: foreColor = (0, 0, 0)
824.0263 	EXP 	responsel: foreColor = (0, 0, 0)
824.0430 	EXP 	responsel: foreColor = (0, 0, 0)
824.0597 	EXP 	responsel: foreColor = (0, 0, 0)
824.0764 	EXP 	responsel: foreColor = (0, 0, 0)
824.0930 	EXP 	responsel: foreColor = (0, 0, 0)
824.1097 	EXP 	responsel: foreColor = (0, 0, 0)
824.1264 	EXP 	responsel: foreColor = (0, 0, 0)
824.1430 	EXP 	responsel: foreColor = (0, 0, 0)
824.1597 	EXP 	responsel: foreColor = (0, 0, 0)
824.1764 	EXP 	responsel: foreColor = (0, 0, 0)
824.1930 	EXP 	responsel: foreColor = (0, 0, 0)
824.2097 	EXP 	responsel: foreColor = (0, 0, 0)
824.2263 	EXP 	responsel: foreColor = (0, 0, 0)
824.2430 	EXP 	responsel: foreColor = (0, 0, 0)
824.2597 	EXP 	responsel: foreColor = (0, 0, 0)
824.2764 	EXP 	responsel: foreColor = (0, 0, 0)
824.2930 	EXP 	responsel: foreColor = (0, 0, 0)
824.3097 	EXP 	responsel: foreColor = (0, 0, 0)
824.3264 	EXP 	responsel: foreColor = (0, 0, 0)
824.3430 	EXP 	responsel: foreColor = (0, 0, 0)
824.3597 	EXP 	responsel: foreColor = (0, 0, 0)
824.3764 	EXP 	responsel: foreColor = (0, 0, 0)
824.3930 	EXP 	responsel: foreColor = (0, 0, 0)
824.4097 	EXP 	responsel: foreColor = (0, 0, 0)
824.4264 	EXP 	responsel: foreColor = (0, 0, 0)
824.4430 	EXP 	responsel: foreColor = (0, 0, 0)
824.4597 	EXP 	responsel: foreColor = (0, 0, 0)
824.4764 	EXP 	responsel: foreColor = (0, 0, 0)
824.4930 	EXP 	responsel: foreColor = (0, 0, 0)
824.5097 	EXP 	responsel: foreColor = (0, 0, 0)
824.5264 	EXP 	responsel: foreColor = (0, 0, 0)
824.5430 	EXP 	responsel: foreColor = (0, 0, 0)
824.5597 	EXP 	responsel: foreColor = (0, 0, 0)
824.5764 	EXP 	responsel: foreColor = (0, 0, 0)
824.5930 	EXP 	responsel: foreColor = (0, 0, 0)
824.6097 	EXP 	responsel: foreColor = (0, 0, 0)
824.6264 	EXP 	responsel: foreColor = (0, 0, 0)
824.6431 	EXP 	responsel: foreColor = (0, 0, 0)
824.6597 	EXP 	responsel: foreColor = (0, 0, 0)
824.6764 	EXP 	responsel: foreColor = (0, 0, 0)
824.6930 	EXP 	responsel: foreColor = (0, 0, 0)
824.7098 	EXP 	responsel: foreColor = (0, 0, 0)
824.7263 	EXP 	responsel: foreColor = (0, 0, 0)
824.7430 	EXP 	responsel: foreColor = (0, 0, 0)
824.7597 	EXP 	responsel: foreColor = (0, 0, 0)
824.7764 	EXP 	responsel: foreColor = (0, 0, 0)
824.7930 	EXP 	responsel: foreColor = (0, 0, 0)
824.8097 	EXP 	responsel: foreColor = (0, 0, 0)
824.8264 	EXP 	responsel: foreColor = (0, 0, 0)
824.8264 	EXP 	thermode_locali_pic: autoDraw = False
824.8430 	EXP 	responsel: foreColor = (0, 0, 0)
824.8436 	EXP 	New trial (rep=2, index=0): None
824.8596 	EXP 	responsel: foreColor = (0, 0, 0)
824.8596 	EXP 	responsel: autoDraw = False
824.8596 	EXP 	percu_or: autoDraw = False
824.8596 	EXP 	responser: autoDraw = False
824.8596 	EXP 	thermode_locali_pic: autoDraw = False
824.8596 	EXP 	responsel: autoDraw = False
824.8596 	EXP 	percu_or: autoDraw = False
824.8596 	EXP 	responser: autoDraw = False
824.8596 	EXP 	responsel: foreColor = 'white'
824.8596 	EXP 	responser: foreColor = 'white'
824.8596 	EXP 	text_7: autoDraw = True
825.9599 	EXP 	Created sequence: random, trialTypes=1, nReps=2, seed=None
825.9600 	EXP 	New trial (rep=0, index=0): None
825.9617 	DATA 	Keypress: p
825.9764 	EXP 	text_7: autoDraw = False
825.9764 	EXP 	text_eva: autoDraw = True
825.9764 	EXP 	croix_2: autoDraw = True
830.9765 	EXP 	text_eva: autoDraw = False
830.9765 	EXP 	croix_2: autoDraw = False
830.9765 	EXP 	thermode_locali_EVA: autoDraw = True
842.9600 	EXP 	window1: mouseVisible = True
842.9609 	EXP 	Created unnamed Rect = Rect(__class__=<class 'psychopy.visual.rect.Rect'>, anchor=('center', 'center'), autoDraw=False, autoLog=True, closeShape=True, color=method-wrapper(...), colorSpace='rgb', contrast=None, depth=0, draggable=False, fillColor=array([1, 1, 1]), fillColorSpace='rgb', fillRGB=array([1, 1, 1]), interpolate=True, lineColor=array([1., 1., 1.]), lineColorSpace='rgb', lineRGB=array([1, 1, 1]), lineWidth=1.5, name='unnamed Rect', opacity=1.0, ori=0.0, pos=array([0., 0.]), size=array([0.01, 0.1 ]), units='norm', vertices=ndarray(...), win=Window(...))
842.9609 	EXP 	window1: mouseVisible = True
842.9611 	EXP 	window1: mouseVisible = True
842.9615 	EXP 	window1: mouseVisible = True
842.9627 	EXP 	window1: mouseVisible = True
842.9638 	EXP 	window1: mouseVisible = True
842.9640 	EXP 	window1: mouseVisible = True
842.9641 	EXP 	window1: mouseVisible = True
842.9643 	EXP 	window1: mouseVisible = True
842.9644 	EXP 	window1: mouseVisible = True
842.9646 	EXP 	window1: mouseVisible = True
842.9647 	EXP 	window1: mouseVisible = True
842.9648 	EXP 	window1: mouseVisible = True
842.9650 	EXP 	window1: mouseVisible = True
842.9651 	EXP 	window1: mouseVisible = True
842.9652 	EXP 	window1: mouseVisible = True
842.9653 	EXP 	window1: mouseVisible = True
842.9655 	EXP 	window1: mouseVisible = True
842.9656 	EXP 	window1: mouseVisible = True
842.9657 	EXP 	window1: mouseVisible = True
842.9659 	EXP 	window1: mouseVisible = True
842.9660 	EXP 	window1: mouseVisible = True
842.9661 	EXP 	window1: mouseVisible = True
842.9662 	EXP 	window1: mouseVisible = True
842.9664 	EXP 	window1: mouseVisible = True
842.9665 	EXP 	window1: mouseVisible = True
842.9666 	EXP 	window1: mouseVisible = True
842.9668 	EXP 	window1: mouseVisible = True
842.9669 	EXP 	window1: mouseVisible = True
842.9671 	EXP 	window1: mouseVisible = True
842.9674 	EXP 	window1: mouseVisible = True
842.9675 	EXP 	window1: mouseVisible = True
842.9677 	EXP 	window1: mouseVisible = True
842.9678 	EXP 	window1: mouseVisible = True
842.9679 	EXP 	window1: mouseVisible = True
842.9681 	EXP 	window1: mouseVisible = True
842.9682 	EXP 	window1: mouseVisible = True
842.9683 	EXP 	window1: mouseVisible = True
842.9685 	EXP 	window1: mouseVisible = True
842.9686 	EXP 	window1: mouseVisible = True
842.9687 	EXP 	window1: mouseVisible = True
842.9688 	EXP 	window1: mouseVisible = True
842.9690 	EXP 	window1: mouseVisible = True
842.9691 	EXP 	window1: mouseVisible = True
842.9692 	EXP 	window1: mouseVisible = True
842.9693 	EXP 	window1: mouseVisible = True
842.9695 	EXP 	window1: mouseVisible = True
842.9696 	EXP 	window1: mouseVisible = True
842.9697 	EXP 	window1: mouseVisible = True
842.9699 	EXP 	window1: mouseVisible = True
842.9700 	EXP 	window1: mouseVisible = True
842.9701 	EXP 	window1: mouseVisible = True
842.9702 	EXP 	window1: mouseVisible = True
842.9704 	EXP 	window1: mouseVisible = True
842.9707 	EXP 	window1: mouseVisible = True
842.9710 	EXP 	window1: mouseVisible = True
842.9712 	EXP 	window1: mouseVisible = True
842.9714 	EXP 	window1: mouseVisible = True
842.9715 	EXP 	window1: mouseVisible = True
842.9717 	EXP 	window1: mouseVisible = True
842.9718 	EXP 	window1: mouseVisible = True
842.9720 	EXP 	window1: mouseVisible = True
842.9721 	EXP 	window1: mouseVisible = True
842.9722 	EXP 	window1: mouseVisible = True
842.9723 	EXP 	window1: mouseVisible = True
842.9725 	EXP 	window1: mouseVisible = True
842.9726 	EXP 	window1: mouseVisible = True
842.9727 	EXP 	window1: mouseVisible = True
842.9728 	EXP 	window1: mouseVisible = True
842.9730 	EXP 	window1: mouseVisible = True
842.9731 	EXP 	window1: mouseVisible = True
842.9732 	EXP 	window1: mouseVisible = True
842.9734 	EXP 	window1: mouseVisible = True
842.9735 	EXP 	window1: mouseVisible = True
842.9736 	EXP 	window1: mouseVisible = True
842.9737 	EXP 	window1: mouseVisible = True
842.9739 	EXP 	window1: mouseVisible = True
842.9740 	EXP 	window1: mouseVisible = True
842.9741 	EXP 	window1: mouseVisible = True
842.9742 	EXP 	window1: mouseVisible = True
842.9744 	EXP 	window1: mouseVisible = True
842.9745 	EXP 	window1: mouseVisible = True
842.9746 	EXP 	window1: mouseVisible = True
842.9748 	EXP 	window1: mouseVisible = True
842.9749 	EXP 	window1: mouseVisible = True
842.9750 	EXP 	window1: mouseVisible = True
842.9751 	EXP 	window1: mouseVisible = True
842.9753 	EXP 	window1: mouseVisible = True
842.9754 	EXP 	window1: mouseVisible = True
842.9755 	EXP 	window1: mouseVisible = True
842.9757 	EXP 	window1: mouseVisible = True
842.9758 	EXP 	window1: mouseVisible = True
842.9759 	EXP 	window1: mouseVisible = True
842.9761 	EXP 	window1: mouseVisible = True
842.9762 	EXP 	window1: mouseVisible = True
842.9763 	EXP 	window1: mouseVisible = True
842.9764 	EXP 	window1: mouseVisible = True
842.9766 	EXP 	window1: mouseVisible = True
842.9767 	EXP 	window1: mouseVisible = True
842.9768 	EXP 	window1: mouseVisible = True
842.9770 	EXP 	window1: mouseVisible = True
842.9771 	EXP 	window1: mouseVisible = True
842.9772 	EXP 	window1: mouseVisible = True
842.9773 	EXP 	window1: mouseVisible = True
842.9775 	EXP 	window1: mouseVisible = True
842.9798 	EXP 	Created ratingScale = RatingScale(__class__=type(...), acceptKeys=['return'], acceptPreText=UNKNOWN, acceptSize=UNKNOWN, acceptText=UNKNOWN, autoLog=True, choices=False, colorSpace='rgb', depth=0, disappear=False, flipVert=False, high=100, kwargs=UNKNOWN, labels=list(...), leftKeys=['left'], lineColor=(255, 255, 255), low=0, marker=Rect(...), markerColor=(255, 255, 255), markerExpansion=UNKNOWN, markerStart=0.5, maxTime=0.0, minTime=0.4, mouseOnly=False, name='ratingScale', noMouse=False, pos=[0.0, 0.0], precision=100, respKeys=[], rightKeys=['right'], scale=None, self=UNKNOWN, showAccept=False, showValue=False, singleClick=False, size=0.6, skipKeys=['tab'], stretch=2.0, textColor='white', textFont='Helvetica Bold', textSize=0.144, tickHeight=0, tickMarks=10.0, win=Window(...))
842.9798 	EXP 	RatingScale ratingScale: reset()
842.9819 	EXP 	window1: mouseVisible = False
842.9932 	EXP 	thermode_locali_EVA: autoDraw = False
842.9932 	EXP 	ratingScale: flipVert = False
842.9932 	EXP 	ratingScale: autoLog = True
842.9947 	EXP 	window1: mouseVisible = False
843.0113 	EXP 	window1: mouseVisible = False
843.0280 	EXP 	window1: mouseVisible = False
843.0446 	EXP 	window1: mouseVisible = False
843.0613 	EXP 	window1: mouseVisible = False
843.0779 	EXP 	window1: mouseVisible = False
843.0946 	EXP 	window1: mouseVisible = False
843.1113 	EXP 	window1: mouseVisible = False
843.1280 	EXP 	window1: mouseVisible = False
843.1446 	EXP 	window1: mouseVisible = False
843.1612 	EXP 	window1: mouseVisible = False
843.1780 	EXP 	window1: mouseVisible = False
843.1949 	EXP 	window1: mouseVisible = False
843.2114 	EXP 	window1: mouseVisible = False
843.2279 	EXP 	window1: mouseVisible = False
843.2446 	EXP 	window1: mouseVisible = False
843.2613 	EXP 	window1: mouseVisible = False
843.2780 	EXP 	window1: mouseVisible = False
843.2946 	EXP 	window1: mouseVisible = False
843.3113 	EXP 	window1: mouseVisible = False
843.3280 	EXP 	window1: mouseVisible = False
843.3446 	EXP 	window1: mouseVisible = False
843.3613 	EXP 	window1: mouseVisible = False
843.3780 	EXP 	window1: mouseVisible = False
843.3946 	EXP 	window1: mouseVisible = False
843.4113 	EXP 	window1: mouseVisible = False
843.4279 	EXP 	window1: mouseVisible = False
843.4446 	EXP 	window1: mouseVisible = False
843.4613 	EXP 	window1: mouseVisible = False
843.4780 	EXP 	window1: mouseVisible = False
843.4946 	EXP 	window1: mouseVisible = False
843.5113 	EXP 	window1: mouseVisible = False
843.5280 	EXP 	window1: mouseVisible = False
843.5446 	EXP 	window1: mouseVisible = False
843.5613 	EXP 	window1: mouseVisible = False
843.5776 	DATA 	Keypress: m
843.5781 	EXP 	window1: mouseVisible = False
843.5946 	EXP 	window1: mouseVisible = False
843.6113 	EXP 	window1: mouseVisible = False
843.6280 	EXP 	window1: mouseVisible = False
843.6446 	EXP 	window1: mouseVisible = False
843.6613 	EXP 	window1: mouseVisible = False
843.6780 	EXP 	window1: mouseVisible = False
843.6946 	EXP 	window1: mouseVisible = False
843.7116 	EXP 	window1: mouseVisible = False
843.7280 	EXP 	window1: mouseVisible = False
843.7446 	EXP 	window1: mouseVisible = False
843.7613 	EXP 	window1: mouseVisible = False
843.7780 	EXP 	window1: mouseVisible = False
843.7946 	EXP 	window1: mouseVisible = False
843.8113 	EXP 	window1: mouseVisible = False
843.8279 	EXP 	window1: mouseVisible = False
843.8446 	EXP 	window1: mouseVisible = False
843.8613 	EXP 	window1: mouseVisible = False
843.8779 	EXP 	window1: mouseVisible = False
843.8946 	EXP 	window1: mouseVisible = False
843.9113 	EXP 	window1: mouseVisible = False
843.9280 	EXP 	window1: mouseVisible = False
843.9446 	EXP 	window1: mouseVisible = False
843.9613 	EXP 	window1: mouseVisible = False
843.9781 	EXP 	window1: mouseVisible = False
843.9946 	EXP 	window1: mouseVisible = False
844.0113 	EXP 	window1: mouseVisible = False
844.0280 	EXP 	window1: mouseVisible = False
844.0445 	EXP 	window1: mouseVisible = False
844.0612 	EXP 	window1: mouseVisible = False
844.0780 	EXP 	window1: mouseVisible = False
844.0947 	EXP 	window1: mouseVisible = False
844.1113 	EXP 	window1: mouseVisible = False
844.1281 	EXP 	window1: mouseVisible = False
844.1448 	EXP 	window1: mouseVisible = False
844.1612 	EXP 	window1: mouseVisible = False
844.1780 	EXP 	window1: mouseVisible = False
844.1946 	EXP 	window1: mouseVisible = False
844.2114 	EXP 	window1: mouseVisible = False
844.2279 	EXP 	window1: mouseVisible = False
844.2446 	EXP 	window1: mouseVisible = False
844.2613 	EXP 	window1: mouseVisible = False
844.2778 	EXP 	window1: mouseVisible = False
844.2946 	EXP 	window1: mouseVisible = False
844.3113 	EXP 	window1: mouseVisible = False
844.3279 	EXP 	window1: mouseVisible = False
844.3446 	EXP 	window1: mouseVisible = False
844.3613 	EXP 	window1: mouseVisible = False
844.3779 	EXP 	window1: mouseVisible = False
844.3946 	EXP 	window1: mouseVisible = False
844.4113 	EXP 	window1: mouseVisible = False
844.4280 	EXP 	window1: mouseVisible = False
844.4447 	EXP 	window1: mouseVisible = False
844.4612 	EXP 	window1: mouseVisible = False
844.4779 	EXP 	window1: mouseVisible = False
844.4946 	EXP 	window1: mouseVisible = False
844.5114 	EXP 	window1: mouseVisible = False
844.5282 	EXP 	window1: mouseVisible = False
844.5448 	EXP 	window1: mouseVisible = False
844.5614 	EXP 	window1: mouseVisible = False
844.5781 	EXP 	window1: mouseVisible = False
844.5948 	EXP 	window1: mouseVisible = False
844.6114 	EXP 	window1: mouseVisible = False
844.6279 	EXP 	window1: mouseVisible = False
844.6447 	EXP 	window1: mouseVisible = False
844.6613 	EXP 	window1: mouseVisible = False
844.6780 	EXP 	window1: mouseVisible = False
844.6946 	EXP 	window1: mouseVisible = False
844.7113 	EXP 	window1: mouseVisible = False
844.7280 	EXP 	window1: mouseVisible = False
844.7446 	EXP 	window1: mouseVisible = False
844.7613 	EXP 	window1: mouseVisible = False
844.7779 	EXP 	window1: mouseVisible = False
844.7946 	EXP 	window1: mouseVisible = False
844.8113 	EXP 	window1: mouseVisible = False
844.8285 	DATA 	Keypress: space
844.9300 	EXP 	New trial (rep=1, index=0): None
844.9432 	EXP 	main_text: autoDraw = True
844.9432 	EXP 	confirm_text: autoDraw = True
844.9432 	EXP 	ratingScale: autoDraw = False
844.9432 	EXP 	main_text: autoDraw = False
844.9432 	EXP 	confirm_text: autoDraw = False
844.9432 	EXP 	text_eva: autoDraw = True
844.9432 	EXP 	croix_2: autoDraw = True
849.9434 	EXP 	text_eva: autoDraw = False
849.9434 	EXP 	croix_2: autoDraw = False
849.9434 	EXP 	text_eva: autoDraw = False
849.9434 	EXP 	croix_2: autoDraw = False
849.9434 	EXP 	thermode_locali_EVA: autoDraw = True
861.9271 	EXP 	window1: mouseVisible = True
861.9280 	EXP 	Created unnamed Rect = Rect(__class__=<class 'psychopy.visual.rect.Rect'>, anchor=('center', 'center'), autoDraw=False, autoLog=True, closeShape=True, color=method-wrapper(...), colorSpace='rgb', contrast=None, depth=0, draggable=False, fillColor=array([1, 1, 1]), fillColorSpace='rgb', fillRGB=array([1, 1, 1]), interpolate=True, lineColor=array([1., 1., 1.]), lineColorSpace='rgb', lineRGB=array([1, 1, 1]), lineWidth=1.5, name='unnamed Rect', opacity=1.0, ori=0.0, pos=array([0., 0.]), size=array([0.01, 0.1 ]), units='norm', vertices=ndarray(...), win=Window(...))
861.9280 	EXP 	window1: mouseVisible = True
861.9281 	EXP 	window1: mouseVisible = True
861.9286 	EXP 	window1: mouseVisible = True
861.9297 	EXP 	window1: mouseVisible = True
861.9308 	EXP 	window1: mouseVisible = True
861.9310 	EXP 	window1: mouseVisible = True
861.9311 	EXP 	window1: mouseVisible = True
861.9313 	EXP 	window1: mouseVisible = True
861.9314 	EXP 	window1: mouseVisible = True
861.9316 	EXP 	window1: mouseVisible = True
861.9318 	EXP 	window1: mouseVisible = True
861.9319 	EXP 	window1: mouseVisible = True
861.9321 	EXP 	window1: mouseVisible = True
861.9322 	EXP 	window1: mouseVisible = True
861.9323 	EXP 	window1: mouseVisible = True
861.9325 	EXP 	window1: mouseVisible = True
861.9326 	EXP 	window1: mouseVisible = True
861.9327 	EXP 	window1: mouseVisible = True
861.9328 	EXP 	window1: mouseVisible = True
861.9330 	EXP 	window1: mouseVisible = True
861.9331 	EXP 	window1: mouseVisible = True
861.9332 	EXP 	window1: mouseVisible = True
861.9334 	EXP 	window1: mouseVisible = True
861.9335 	EXP 	window1: mouseVisible = True
861.9336 	EXP 	window1: mouseVisible = True
861.9337 	EXP 	window1: mouseVisible = True
861.9339 	EXP 	window1: mouseVisible = True
861.9340 	EXP 	window1: mouseVisible = True
861.9341 	EXP 	window1: mouseVisible = True
861.9342 	EXP 	window1: mouseVisible = True
861.9344 	EXP 	window1: mouseVisible = True
861.9345 	EXP 	window1: mouseVisible = True
861.9346 	EXP 	window1: mouseVisible = True
861.9348 	EXP 	window1: mouseVisible = True
861.9349 	EXP 	window1: mouseVisible = True
861.9350 	EXP 	window1: mouseVisible = True
861.9351 	EXP 	window1: mouseVisible = True
861.9353 	EXP 	window1: mouseVisible = True
861.9354 	EXP 	window1: mouseVisible = True
861.9355 	EXP 	window1: mouseVisible = True
861.9356 	EXP 	window1: mouseVisible = True
861.9358 	EXP 	window1: mouseVisible = True
861.9359 	EXP 	window1: mouseVisible = True
861.9360 	EXP 	window1: mouseVisible = True
861.9362 	EXP 	window1: mouseVisible = True
861.9363 	EXP 	window1: mouseVisible = True
861.9365 	EXP 	window1: mouseVisible = True
861.9366 	EXP 	window1: mouseVisible = True
861.9367 	EXP 	window1: mouseVisible = True
861.9368 	EXP 	window1: mouseVisible = True
861.9370 	EXP 	window1: mouseVisible = True
861.9371 	EXP 	window1: mouseVisible = True
861.9372 	EXP 	window1: mouseVisible = True
861.9373 	EXP 	window1: mouseVisible = True
861.9375 	EXP 	window1: mouseVisible = True
861.9376 	EXP 	window1: mouseVisible = True
861.9377 	EXP 	window1: mouseVisible = True
861.9379 	EXP 	window1: mouseVisible = True
861.9380 	EXP 	window1: mouseVisible = True
861.9381 	EXP 	window1: mouseVisible = True
861.9382 	EXP 	window1: mouseVisible = True
861.9384 	EXP 	window1: mouseVisible = True
861.9385 	EXP 	window1: mouseVisible = True
861.9386 	EXP 	window1: mouseVisible = True
861.9387 	EXP 	window1: mouseVisible = True
861.9389 	EXP 	window1: mouseVisible = True
861.9390 	EXP 	window1: mouseVisible = True
861.9391 	EXP 	window1: mouseVisible = True
861.9392 	EXP 	window1: mouseVisible = True
861.9394 	EXP 	window1: mouseVisible = True
861.9395 	EXP 	window1: mouseVisible = True
861.9396 	EXP 	window1: mouseVisible = True
861.9397 	EXP 	window1: mouseVisible = True
861.9399 	EXP 	window1: mouseVisible = True
861.9400 	EXP 	window1: mouseVisible = True
861.9402 	EXP 	window1: mouseVisible = True
861.9403 	EXP 	window1: mouseVisible = True
861.9404 	EXP 	window1: mouseVisible = True
861.9405 	EXP 	window1: mouseVisible = True
861.9407 	EXP 	window1: mouseVisible = True
861.9408 	EXP 	window1: mouseVisible = True
861.9409 	EXP 	window1: mouseVisible = True
861.9410 	EXP 	window1: mouseVisible = True
861.9412 	EXP 	window1: mouseVisible = True
861.9413 	EXP 	window1: mouseVisible = True
861.9414 	EXP 	window1: mouseVisible = True
861.9415 	EXP 	window1: mouseVisible = True
861.9417 	EXP 	window1: mouseVisible = True
861.9418 	EXP 	window1: mouseVisible = True
861.9419 	EXP 	window1: mouseVisible = True
861.9420 	EXP 	window1: mouseVisible = True
861.9422 	EXP 	window1: mouseVisible = True
861.9423 	EXP 	window1: mouseVisible = True
861.9424 	EXP 	window1: mouseVisible = True
861.9425 	EXP 	window1: mouseVisible = True
861.9427 	EXP 	window1: mouseVisible = True
861.9428 	EXP 	window1: mouseVisible = True
861.9429 	EXP 	window1: mouseVisible = True
861.9430 	EXP 	window1: mouseVisible = True
861.9432 	EXP 	window1: mouseVisible = True
861.9433 	EXP 	window1: mouseVisible = True
861.9434 	EXP 	window1: mouseVisible = True
861.9435 	EXP 	window1: mouseVisible = True
861.9437 	EXP 	window1: mouseVisible = True
861.9458 	EXP 	Created ratingScale = RatingScale(__class__=type(...), acceptKeys=['return'], acceptPreText=UNKNOWN, acceptSize=UNKNOWN, acceptText=UNKNOWN, autoLog=True, choices=False, colorSpace='rgb', depth=0, disappear=False, flipVert=False, high=100, kwargs=UNKNOWN, labels=list(...), leftKeys=['left'], lineColor=(255, 255, 255), low=0, marker=Rect(...), markerColor=(255, 255, 255), markerExpansion=UNKNOWN, markerStart=0.5, maxTime=0.0, minTime=0.4, mouseOnly=False, name='ratingScale', noMouse=False, pos=[0.0, 0.0], precision=100, respKeys=[], rightKeys=['right'], scale=None, self=UNKNOWN, showAccept=False, showValue=False, singleClick=False, size=0.6, skipKeys=['tab'], stretch=2.0, textColor='white', textFont='Helvetica Bold', textSize=0.144, tickHeight=0, tickMarks=10.0, win=Window(...))
861.9458 	EXP 	RatingScale ratingScale: reset()
861.9478 	EXP 	window1: mouseVisible = False
861.9600 	EXP 	thermode_locali_EVA: autoDraw = False
861.9600 	EXP 	thermode_locali_EVA: autoDraw = False
861.9600 	EXP 	ratingScale: flipVert = False
861.9600 	EXP 	ratingScale: autoLog = True
861.9614 	EXP 	window1: mouseVisible = False
861.9781 	EXP 	window1: mouseVisible = False
861.9948 	EXP 	window1: mouseVisible = False
862.0115 	EXP 	window1: mouseVisible = False
862.0281 	EXP 	window1: mouseVisible = False
862.0448 	EXP 	window1: mouseVisible = False
862.0614 	EXP 	window1: mouseVisible = False
862.0781 	EXP 	window1: mouseVisible = False
862.0948 	EXP 	window1: mouseVisible = False
862.1114 	EXP 	window1: mouseVisible = False
862.1281 	EXP 	window1: mouseVisible = False
862.1448 	EXP 	window1: mouseVisible = False
862.1616 	EXP 	window1: mouseVisible = False
862.1782 	EXP 	window1: mouseVisible = False
862.1948 	EXP 	window1: mouseVisible = False
862.2114 	EXP 	window1: mouseVisible = False
862.2282 	EXP 	window1: mouseVisible = False
862.2448 	EXP 	window1: mouseVisible = False
862.2616 	EXP 	window1: mouseVisible = False
862.2782 	EXP 	window1: mouseVisible = False
862.2949 	EXP 	window1: mouseVisible = False
862.3114 	EXP 	window1: mouseVisible = False
862.3281 	EXP 	window1: mouseVisible = False
862.3448 	EXP 	window1: mouseVisible = False
862.3618 	EXP 	window1: mouseVisible = False
862.3782 	EXP 	window1: mouseVisible = False
862.3948 	EXP 	window1: mouseVisible = False
862.4115 	EXP 	window1: mouseVisible = False
862.4281 	EXP 	window1: mouseVisible = False
862.4447 	EXP 	window1: mouseVisible = False
862.4614 	EXP 	window1: mouseVisible = False
862.4782 	EXP 	window1: mouseVisible = False
862.4948 	EXP 	window1: mouseVisible = False
862.5115 	EXP 	window1: mouseVisible = False
862.5281 	EXP 	window1: mouseVisible = False
862.5448 	EXP 	window1: mouseVisible = False
862.5618 	EXP 	window1: mouseVisible = False
862.5782 	EXP 	window1: mouseVisible = False
862.5949 	EXP 	window1: mouseVisible = False
862.6114 	EXP 	window1: mouseVisible = False
862.6281 	EXP 	window1: mouseVisible = False
862.6448 	EXP 	window1: mouseVisible = False
862.6617 	EXP 	window1: mouseVisible = False
862.6781 	EXP 	window1: mouseVisible = False
862.6948 	EXP 	window1: mouseVisible = False
862.7115 	EXP 	window1: mouseVisible = False
862.7281 	EXP 	window1: mouseVisible = False
862.7448 	EXP 	window1: mouseVisible = False
862.7615 	EXP 	window1: mouseVisible = False
862.7781 	EXP 	window1: mouseVisible = False
862.7948 	EXP 	window1: mouseVisible = False
862.8115 	EXP 	window1: mouseVisible = False
862.8281 	EXP 	window1: mouseVisible = False
862.8448 	EXP 	window1: mouseVisible = False
862.8617 	EXP 	window1: mouseVisible = False
862.8781 	EXP 	window1: mouseVisible = False
862.8948 	EXP 	window1: mouseVisible = False
862.9114 	EXP 	window1: mouseVisible = False
862.9281 	EXP 	window1: mouseVisible = False
862.9448 	EXP 	window1: mouseVisible = False
862.9615 	EXP 	window1: mouseVisible = False
862.9781 	EXP 	window1: mouseVisible = False
862.9948 	EXP 	window1: mouseVisible = False
863.0115 	EXP 	window1: mouseVisible = False
863.0281 	EXP 	window1: mouseVisible = False
863.0448 	EXP 	window1: mouseVisible = False
863.0618 	EXP 	window1: mouseVisible = False
863.0782 	EXP 	window1: mouseVisible = False
863.0948 	EXP 	window1: mouseVisible = False
863.1114 	EXP 	window1: mouseVisible = False
863.1281 	EXP 	window1: mouseVisible = False
863.1448 	EXP 	window1: mouseVisible = False
863.1618 	EXP 	window1: mouseVisible = False
863.1781 	EXP 	window1: mouseVisible = False
863.1948 	EXP 	window1: mouseVisible = False
863.2115 	EXP 	window1: mouseVisible = False
863.2281 	EXP 	window1: mouseVisible = False
863.2448 	EXP 	window1: mouseVisible = False
863.2614 	EXP 	window1: mouseVisible = False
863.2782 	EXP 	window1: mouseVisible = False
863.2944 	DATA 	Keypress: n
863.2950 	EXP 	window1: mouseVisible = False
863.3115 	EXP 	window1: mouseVisible = False
863.3282 	EXP 	window1: mouseVisible = False
863.3448 	EXP 	window1: mouseVisible = False
863.3614 	EXP 	window1: mouseVisible = False
863.3782 	EXP 	window1: mouseVisible = False
863.3949 	EXP 	window1: mouseVisible = False
863.4115 	EXP 	window1: mouseVisible = False
863.4282 	EXP 	window1: mouseVisible = False
863.4448 	EXP 	window1: mouseVisible = False
863.4615 	EXP 	window1: mouseVisible = False
863.4790 	EXP 	window1: mouseVisible = False
863.4951 	EXP 	window1: mouseVisible = False
863.5117 	EXP 	window1: mouseVisible = False
863.5282 	EXP 	window1: mouseVisible = False
863.5450 	EXP 	window1: mouseVisible = False
863.5617 	EXP 	window1: mouseVisible = False
863.5783 	EXP 	window1: mouseVisible = False
863.5950 	EXP 	window1: mouseVisible = False
863.6117 	EXP 	window1: mouseVisible = False
863.6281 	EXP 	window1: mouseVisible = False
863.6448 	EXP 	window1: mouseVisible = False
863.6619 	EXP 	window1: mouseVisible = False
863.6782 	EXP 	window1: mouseVisible = False
863.6948 	EXP 	window1: mouseVisible = False
863.7115 	EXP 	window1: mouseVisible = False
863.7286 	EXP 	window1: mouseVisible = False
863.7449 	EXP 	window1: mouseVisible = False
863.7615 	EXP 	window1: mouseVisible = False
863.7782 	EXP 	window1: mouseVisible = False
863.7949 	EXP 	window1: mouseVisible = False
863.8117 	EXP 	window1: mouseVisible = False
863.8283 	EXP 	window1: mouseVisible = False
863.8448 	EXP 	window1: mouseVisible = False
863.8619 	EXP 	window1: mouseVisible = False
863.8783 	EXP 	window1: mouseVisible = False
863.8949 	EXP 	window1: mouseVisible = False
863.9115 	EXP 	window1: mouseVisible = False
863.9281 	EXP 	window1: mouseVisible = False
863.9448 	EXP 	window1: mouseVisible = False
863.9615 	EXP 	window1: mouseVisible = False
863.9781 	EXP 	window1: mouseVisible = False
863.9948 	EXP 	window1: mouseVisible = False
864.0115 	EXP 	window1: mouseVisible = False
864.0281 	EXP 	window1: mouseVisible = False
864.0448 	EXP 	window1: mouseVisible = False
864.0616 	EXP 	window1: mouseVisible = False
864.0783 	EXP 	window1: mouseVisible = False
864.0948 	EXP 	window1: mouseVisible = False
864.1115 	EXP 	window1: mouseVisible = False
864.1282 	EXP 	window1: mouseVisible = False
864.1448 	EXP 	window1: mouseVisible = False
864.1615 	EXP 	window1: mouseVisible = False
864.1782 	EXP 	window1: mouseVisible = False
864.1948 	EXP 	window1: mouseVisible = False
864.2115 	EXP 	window1: mouseVisible = False
864.2281 	EXP 	window1: mouseVisible = False
864.2449 	EXP 	window1: mouseVisible = False
864.2615 	EXP 	window1: mouseVisible = False
864.2777 	DATA 	Keypress: n
864.2783 	EXP 	window1: mouseVisible = False
864.2948 	EXP 	window1: mouseVisible = False
864.3115 	EXP 	window1: mouseVisible = False
864.3282 	EXP 	window1: mouseVisible = False
864.3448 	EXP 	window1: mouseVisible = False
864.3615 	EXP 	window1: mouseVisible = False
864.3781 	EXP 	window1: mouseVisible = False
864.3948 	EXP 	window1: mouseVisible = False
864.4116 	EXP 	window1: mouseVisible = False
864.4281 	EXP 	window1: mouseVisible = False
864.4448 	EXP 	window1: mouseVisible = False
864.4615 	EXP 	window1: mouseVisible = False
864.4782 	EXP 	window1: mouseVisible = False
864.4948 	EXP 	window1: mouseVisible = False
864.5115 	EXP 	window1: mouseVisible = False
864.5281 	EXP 	window1: mouseVisible = False
864.5448 	EXP 	window1: mouseVisible = False
864.5615 	EXP 	window1: mouseVisible = False
864.5781 	EXP 	window1: mouseVisible = False
864.5948 	EXP 	window1: mouseVisible = False
864.6115 	EXP 	window1: mouseVisible = False
864.6281 	EXP 	window1: mouseVisible = False
864.6448 	EXP 	window1: mouseVisible = False
864.6615 	EXP 	window1: mouseVisible = False
864.6781 	EXP 	window1: mouseVisible = False
864.6948 	EXP 	window1: mouseVisible = False
864.7115 	EXP 	window1: mouseVisible = False
864.7281 	EXP 	window1: mouseVisible = False
864.7448 	EXP 	window1: mouseVisible = False
864.7615 	EXP 	window1: mouseVisible = False
864.7782 	EXP 	window1: mouseVisible = False
864.7948 	EXP 	window1: mouseVisible = False
864.8115 	EXP 	window1: mouseVisible = False
864.8282 	EXP 	window1: mouseVisible = False
864.8448 	EXP 	window1: mouseVisible = False
864.8615 	EXP 	window1: mouseVisible = False
864.8781 	EXP 	window1: mouseVisible = False
864.8948 	EXP 	window1: mouseVisible = False
864.9115 	EXP 	window1: mouseVisible = False
864.9281 	EXP 	window1: mouseVisible = False
864.9448 	EXP 	window1: mouseVisible = False
864.9615 	EXP 	window1: mouseVisible = False
864.9781 	EXP 	window1: mouseVisible = False
864.9948 	EXP 	window1: mouseVisible = False
865.0114 	EXP 	window1: mouseVisible = False
865.0281 	EXP 	window1: mouseVisible = False
865.0448 	EXP 	window1: mouseVisible = False
865.0615 	EXP 	window1: mouseVisible = False
865.0782 	EXP 	window1: mouseVisible = False
865.0948 	EXP 	window1: mouseVisible = False
865.1116 	EXP 	window1: mouseVisible = False
865.1282 	EXP 	window1: mouseVisible = False
865.1446 	DATA 	Keypress: m
865.1452 	EXP 	window1: mouseVisible = False
865.1617 	EXP 	window1: mouseVisible = False
865.1782 	EXP 	window1: mouseVisible = False
865.1949 	EXP 	window1: mouseVisible = False
865.2116 	EXP 	window1: mouseVisible = False
865.2282 	EXP 	window1: mouseVisible = False
865.2449 	EXP 	window1: mouseVisible = False
865.2615 	EXP 	window1: mouseVisible = False
865.2782 	EXP 	window1: mouseVisible = False
865.2948 	EXP 	window1: mouseVisible = False
865.3115 	EXP 	window1: mouseVisible = False
865.3282 	EXP 	window1: mouseVisible = False
865.3449 	EXP 	window1: mouseVisible = False
865.3615 	EXP 	window1: mouseVisible = False
865.3782 	EXP 	window1: mouseVisible = False
865.3948 	EXP 	window1: mouseVisible = False
865.4116 	EXP 	window1: mouseVisible = False
865.4282 	EXP 	window1: mouseVisible = False
865.4449 	EXP 	window1: mouseVisible = False
865.4615 	EXP 	window1: mouseVisible = False
865.4782 	EXP 	window1: mouseVisible = False
865.4948 	EXP 	window1: mouseVisible = False
865.5115 	EXP 	window1: mouseVisible = False
865.5282 	EXP 	window1: mouseVisible = False
865.5449 	EXP 	window1: mouseVisible = False
865.5615 	EXP 	window1: mouseVisible = False
865.5782 	EXP 	window1: mouseVisible = False
865.5948 	EXP 	window1: mouseVisible = False
865.6117 	EXP 	window1: mouseVisible = False
865.6283 	EXP 	window1: mouseVisible = False
865.6449 	EXP 	window1: mouseVisible = False
865.6615 	EXP 	window1: mouseVisible = False
865.6782 	EXP 	window1: mouseVisible = False
865.6949 	EXP 	window1: mouseVisible = False
865.7115 	EXP 	window1: mouseVisible = False
865.7282 	EXP 	window1: mouseVisible = False
865.7449 	EXP 	window1: mouseVisible = False
865.7615 	EXP 	window1: mouseVisible = False
865.7782 	EXP 	window1: mouseVisible = False
865.7949 	EXP 	window1: mouseVisible = False
865.8117 	EXP 	window1: mouseVisible = False
865.8282 	EXP 	window1: mouseVisible = False
865.8449 	EXP 	window1: mouseVisible = False
865.8615 	EXP 	window1: mouseVisible = False
865.8782 	EXP 	window1: mouseVisible = False
865.8949 	EXP 	window1: mouseVisible = False
865.9115 	EXP 	window1: mouseVisible = False
865.9282 	EXP 	window1: mouseVisible = False
865.9448 	EXP 	window1: mouseVisible = False
865.9615 	EXP 	window1: mouseVisible = False
865.9782 	EXP 	window1: mouseVisible = False
865.9949 	EXP 	window1: mouseVisible = False
866.0115 	EXP 	window1: mouseVisible = False
866.0282 	EXP 	window1: mouseVisible = False
866.0449 	EXP 	window1: mouseVisible = False
866.0615 	EXP 	window1: mouseVisible = False
866.0782 	EXP 	window1: mouseVisible = False
866.0949 	EXP 	window1: mouseVisible = False
866.1117 	EXP 	window1: mouseVisible = False
866.1282 	EXP 	window1: mouseVisible = False
866.1449 	EXP 	window1: mouseVisible = False
866.1615 	EXP 	window1: mouseVisible = False
866.1782 	EXP 	window1: mouseVisible = False
866.1949 	EXP 	window1: mouseVisible = False
866.2115 	EXP 	window1: mouseVisible = False
866.2282 	EXP 	window1: mouseVisible = False
866.2444 	DATA 	Keypress: n
866.2450 	EXP 	window1: mouseVisible = False
866.2616 	EXP 	window1: mouseVisible = False
866.2782 	EXP 	window1: mouseVisible = False
866.2949 	EXP 	window1: mouseVisible = False
866.3115 	EXP 	window1: mouseVisible = False
866.3282 	EXP 	window1: mouseVisible = False
866.3448 	EXP 	window1: mouseVisible = False
866.3615 	EXP 	window1: mouseVisible = False
866.3782 	EXP 	window1: mouseVisible = False
866.3950 	EXP 	window1: mouseVisible = False
866.4115 	EXP 	window1: mouseVisible = False
866.4282 	EXP 	window1: mouseVisible = False
866.4449 	EXP 	window1: mouseVisible = False
866.4615 	EXP 	window1: mouseVisible = False
866.4782 	EXP 	window1: mouseVisible = False
866.4949 	EXP 	window1: mouseVisible = False
866.5115 	DATA 	Keypress: space
866.6268 	EXP 	main_text: autoDraw = True
866.6268 	EXP 	confirm_text: autoDraw = True
866.6268 	EXP 	ratingScale: autoDraw = False
866.6268 	EXP 	main_text: autoDraw = False
866.6268 	EXP 	confirm_text: autoDraw = False
866.6268 	EXP 	text_8: autoDraw = True
867.9770 	EXP 	Created sequence: random, trialTypes=1, nReps=4, seed=None
867.9771 	EXP 	New trial (rep=0, index=0): None
867.9788 	DATA 	Keypress: p
867.9935 	EXP 	text_8: autoDraw = False
867.9935 	EXP 	text_pic: autoDraw = True
867.9935 	EXP 	croix_3: autoDraw = True
872.9936 	EXP 	text_pic: autoDraw = False
872.9936 	EXP 	croix_3: autoDraw = False
872.9936 	EXP 	thermode_locali_pic: height = 0.02
872.9936 	EXP 	thermode_locali_pic: height = 0.02
872.9936 	EXP 	thermode_locali_pic: height = 0.02
872.9936 	EXP 	thermode_locali_pic: text = 'T : 2'
872.9936 	EXP 	responsel: text = 'OUI              '
872.9936 	EXP 	thermode_locali_pic: autoDraw = True
880.9770 	EXP 	responsel: autoDraw = True
880.9770 	EXP 	percu_or: autoDraw = True
880.9770 	EXP 	responser: autoDraw = True
881.8115 	DATA 	Keypress: m
881.8436 	EXP 	responsel: foreColor = (0, 0, 0)
881.8603 	EXP 	responsel: foreColor = (0, 0, 0)
881.8770 	EXP 	responsel: foreColor = (0, 0, 0)
881.8936 	EXP 	responsel: foreColor = (0, 0, 0)
881.9103 	EXP 	responsel: foreColor = (0, 0, 0)
881.9270 	EXP 	responsel: foreColor = (0, 0, 0)
881.9436 	EXP 	responsel: foreColor = (0, 0, 0)
881.9603 	EXP 	responsel: foreColor = (0, 0, 0)
881.9770 	EXP 	responsel: foreColor = (0, 0, 0)
881.9937 	EXP 	responsel: foreColor = (0, 0, 0)
882.0103 	EXP 	responsel: foreColor = (0, 0, 0)
882.0270 	EXP 	responsel: foreColor = (0, 0, 0)
882.0436 	EXP 	responsel: foreColor = (0, 0, 0)
882.0603 	EXP 	responsel: foreColor = (0, 0, 0)
882.0770 	EXP 	responsel: foreColor = (0, 0, 0)
882.0936 	EXP 	responsel: foreColor = (0, 0, 0)
882.1104 	EXP 	responsel: foreColor = (0, 0, 0)
882.1270 	EXP 	responsel: foreColor = (0, 0, 0)
882.1436 	EXP 	responsel: foreColor = (0, 0, 0)
882.1603 	EXP 	responsel: foreColor = (0, 0, 0)
882.1770 	EXP 	responsel: foreColor = (0, 0, 0)
882.1936 	EXP 	responsel: foreColor = (0, 0, 0)
882.2103 	EXP 	responsel: foreColor = (0, 0, 0)
882.2270 	EXP 	responsel: foreColor = (0, 0, 0)
882.2436 	EXP 	responsel: foreColor = (0, 0, 0)
882.2603 	EXP 	responsel: foreColor = (0, 0, 0)
882.2770 	EXP 	responsel: foreColor = (0, 0, 0)
882.2937 	EXP 	responsel: foreColor = (0, 0, 0)
882.3103 	EXP 	responsel: foreColor = (0, 0, 0)
882.3269 	EXP 	responsel: foreColor = (0, 0, 0)
882.3436 	EXP 	responsel: foreColor = (0, 0, 0)
882.3604 	EXP 	responsel: foreColor = (0, 0, 0)
882.3770 	EXP 	responsel: foreColor = (0, 0, 0)
882.3936 	EXP 	responsel: foreColor = (0, 0, 0)
882.4103 	EXP 	responsel: foreColor = (0, 0, 0)
882.4270 	EXP 	responsel: foreColor = (0, 0, 0)
882.4437 	EXP 	responsel: foreColor = (0, 0, 0)
882.4603 	EXP 	responsel: foreColor = (0, 0, 0)
882.4770 	EXP 	responsel: foreColor = (0, 0, 0)
882.4936 	EXP 	responsel: foreColor = (0, 0, 0)
882.5102 	EXP 	responsel: foreColor = (0, 0, 0)
882.5269 	EXP 	responsel: foreColor = (0, 0, 0)
882.5436 	EXP 	responsel: foreColor = (0, 0, 0)
882.5603 	EXP 	responsel: foreColor = (0, 0, 0)
882.5770 	EXP 	responsel: foreColor = (0, 0, 0)
882.5937 	EXP 	responsel: foreColor = (0, 0, 0)
882.6103 	EXP 	responsel: foreColor = (0, 0, 0)
882.6270 	EXP 	responsel: foreColor = (0, 0, 0)
882.6436 	EXP 	responsel: foreColor = (0, 0, 0)
882.6603 	EXP 	responsel: foreColor = (0, 0, 0)
882.6770 	EXP 	responsel: foreColor = (0, 0, 0)
882.6936 	EXP 	responsel: foreColor = (0, 0, 0)
882.7103 	EXP 	responsel: foreColor = (0, 0, 0)
882.7270 	EXP 	responsel: foreColor = (0, 0, 0)
882.7436 	EXP 	responsel: foreColor = (0, 0, 0)
882.7603 	EXP 	responsel: foreColor = (0, 0, 0)
882.7770 	EXP 	responsel: foreColor = (0, 0, 0)
882.7936 	EXP 	responsel: foreColor = (0, 0, 0)
882.8103 	EXP 	responsel: foreColor = (0, 0, 0)
882.8270 	EXP 	responsel: foreColor = (0, 0, 0)
882.8437 	EXP 	responsel: foreColor = (0, 0, 0)
882.8603 	EXP 	responsel: foreColor = (0, 0, 0)
882.8770 	EXP 	responsel: foreColor = (0, 0, 0)
882.8937 	EXP 	responsel: foreColor = (0, 0, 0)
882.9103 	EXP 	responsel: foreColor = (0, 0, 0)
882.9269 	EXP 	responsel: foreColor = (0, 0, 0)
882.9436 	EXP 	responsel: foreColor = (0, 0, 0)
882.9603 	EXP 	responsel: foreColor = (0, 0, 0)
882.9769 	EXP 	responsel: foreColor = (0, 0, 0)
882.9936 	EXP 	responsel: foreColor = (0, 0, 0)
883.0103 	EXP 	responsel: foreColor = (0, 0, 0)
883.0270 	EXP 	responsel: foreColor = (0, 0, 0)
883.0437 	EXP 	responsel: foreColor = (0, 0, 0)
883.0603 	EXP 	responsel: foreColor = (0, 0, 0)
883.0770 	EXP 	responsel: foreColor = (0, 0, 0)
883.0936 	EXP 	responsel: foreColor = (0, 0, 0)
883.1103 	EXP 	responsel: foreColor = (0, 0, 0)
883.1269 	EXP 	responsel: foreColor = (0, 0, 0)
883.1436 	EXP 	responsel: foreColor = (0, 0, 0)
883.1603 	EXP 	responsel: foreColor = (0, 0, 0)
883.1769 	EXP 	responsel: foreColor = (0, 0, 0)
883.1937 	EXP 	responsel: foreColor = (0, 0, 0)
883.2103 	EXP 	responsel: foreColor = (0, 0, 0)
883.2270 	EXP 	responsel: foreColor = (0, 0, 0)
883.2436 	EXP 	responsel: foreColor = (0, 0, 0)
883.2603 	EXP 	responsel: foreColor = (0, 0, 0)
883.2769 	EXP 	responsel: foreColor = (0, 0, 0)
883.2936 	EXP 	responsel: foreColor = (0, 0, 0)
883.3103 	EXP 	responsel: foreColor = (0, 0, 0)
883.3270 	EXP 	responsel: foreColor = (0, 0, 0)
883.3436 	EXP 	responsel: foreColor = (0, 0, 0)
883.3603 	EXP 	responsel: foreColor = (0, 0, 0)
883.3770 	EXP 	responsel: foreColor = (0, 0, 0)
883.3936 	EXP 	responsel: foreColor = (0, 0, 0)
883.4103 	EXP 	responsel: foreColor = (0, 0, 0)
883.4270 	EXP 	responsel: foreColor = (0, 0, 0)
883.4437 	EXP 	responsel: foreColor = (0, 0, 0)
883.4603 	EXP 	responsel: foreColor = (0, 0, 0)
883.4770 	EXP 	responsel: foreColor = (0, 0, 0)
883.4936 	EXP 	responsel: foreColor = (0, 0, 0)
883.5104 	EXP 	responsel: foreColor = (0, 0, 0)
883.5270 	EXP 	responsel: foreColor = (0, 0, 0)
883.5436 	EXP 	responsel: foreColor = (0, 0, 0)
883.5603 	EXP 	responsel: foreColor = (0, 0, 0)
883.5770 	EXP 	responsel: foreColor = (0, 0, 0)
883.5936 	EXP 	responsel: foreColor = (0, 0, 0)
883.6103 	EXP 	responsel: foreColor = (0, 0, 0)
883.6270 	EXP 	responsel: foreColor = (0, 0, 0)
883.6436 	EXP 	responsel: foreColor = (0, 0, 0)
883.6603 	EXP 	responsel: foreColor = (0, 0, 0)
883.6770 	EXP 	responsel: foreColor = (0, 0, 0)
883.6937 	EXP 	responsel: foreColor = (0, 0, 0)
883.7103 	EXP 	responsel: foreColor = (0, 0, 0)
883.7270 	EXP 	responsel: foreColor = (0, 0, 0)
883.7436 	EXP 	responsel: foreColor = (0, 0, 0)
883.7603 	EXP 	responsel: foreColor = (0, 0, 0)
883.7770 	EXP 	responsel: foreColor = (0, 0, 0)
883.7936 	EXP 	responsel: foreColor = (0, 0, 0)
883.8104 	EXP 	responsel: foreColor = (0, 0, 0)
883.8270 	EXP 	responsel: foreColor = (0, 0, 0)
883.8436 	EXP 	responsel: foreColor = (0, 0, 0)
883.8604 	EXP 	responsel: foreColor = (0, 0, 0)
883.8770 	EXP 	responsel: foreColor = (0, 0, 0)
883.8936 	EXP 	responsel: foreColor = (0, 0, 0)
883.9103 	EXP 	responsel: foreColor = (0, 0, 0)
883.9270 	EXP 	responsel: foreColor = (0, 0, 0)
883.9436 	EXP 	responsel: foreColor = (0, 0, 0)
883.9436 	EXP 	thermode_locali_pic: autoDraw = False
883.9603 	EXP 	responsel: foreColor = (0, 0, 0)
883.9608 	EXP 	New trial (rep=1, index=0): None
883.9770 	EXP 	responsel: foreColor = (0, 0, 0)
883.9770 	EXP 	responsel: autoDraw = False
883.9770 	EXP 	percu_or: autoDraw = False
883.9770 	EXP 	responser: autoDraw = False
883.9770 	EXP 	thermode_locali_pic: autoDraw = False
883.9770 	EXP 	responsel: autoDraw = False
883.9770 	EXP 	percu_or: autoDraw = False
883.9770 	EXP 	responser: autoDraw = False
883.9770 	EXP 	responsel: foreColor = 'white'
883.9770 	EXP 	responser: foreColor = 'white'
883.9770 	EXP 	text_pic: autoDraw = True
883.9770 	EXP 	croix_3: autoDraw = True
888.9770 	EXP 	text_pic: autoDraw = False
888.9770 	EXP 	croix_3: autoDraw = False
888.9770 	EXP 	text_pic: autoDraw = False
888.9770 	EXP 	croix_3: autoDraw = False
888.9770 	EXP 	thermode_locali_pic: height = 0.02
888.9770 	EXP 	thermode_locali_pic: height = 0.02
888.9770 	EXP 	thermode_locali_pic: height = 0.02
888.9770 	EXP 	thermode_locali_pic: text = 'T : 3'
888.9770 	EXP 	responsel: text = 'OUI              '
888.9770 	EXP 	thermode_locali_pic: autoDraw = True
896.9604 	EXP 	responsel: autoDraw = True
896.9604 	EXP 	percu_or: autoDraw = True
896.9604 	EXP 	responser: autoDraw = True
898.3116 	DATA 	Keypress: n
898.3438 	EXP 	responser: foreColor = (0, 0, 0)
898.3605 	EXP 	responser: foreColor = (0, 0, 0)
898.3772 	EXP 	responser: foreColor = (0, 0, 0)
898.3938 	EXP 	responser: foreColor = (0, 0, 0)
898.4105 	EXP 	responser: foreColor = (0, 0, 0)
898.4272 	EXP 	responser: foreColor = (0, 0, 0)
898.4438 	EXP 	responser: foreColor = (0, 0, 0)
898.4605 	EXP 	responser: foreColor = (0, 0, 0)
898.4771 	EXP 	responser: foreColor = (0, 0, 0)
898.4939 	EXP 	responser: foreColor = (0, 0, 0)
898.5105 	EXP 	responser: foreColor = (0, 0, 0)
898.5272 	EXP 	responser: foreColor = (0, 0, 0)
898.5438 	EXP 	responser: foreColor = (0, 0, 0)
898.5605 	EXP 	responser: foreColor = (0, 0, 0)
898.5772 	EXP 	responser: foreColor = (0, 0, 0)
898.5938 	EXP 	responser: foreColor = (0, 0, 0)
898.6106 	EXP 	responser: foreColor = (0, 0, 0)
898.6272 	EXP 	responser: foreColor = (0, 0, 0)
898.6438 	EXP 	responser: foreColor = (0, 0, 0)
898.6605 	EXP 	responser: foreColor = (0, 0, 0)
898.6772 	EXP 	responser: foreColor = (0, 0, 0)
898.6938 	EXP 	responser: foreColor = (0, 0, 0)
898.7105 	EXP 	responser: foreColor = (0, 0, 0)
898.7270 	EXP 	responser: foreColor = (0, 0, 0)
898.7439 	EXP 	responser: foreColor = (0, 0, 0)
898.7605 	EXP 	responser: foreColor = (0, 0, 0)
898.7771 	EXP 	responser: foreColor = (0, 0, 0)
898.7938 	EXP 	responser: foreColor = (0, 0, 0)
898.8104 	EXP 	responser: foreColor = (0, 0, 0)
898.8272 	EXP 	responser: foreColor = (0, 0, 0)
898.8438 	EXP 	responser: foreColor = (0, 0, 0)
898.8605 	EXP 	responser: foreColor = (0, 0, 0)
898.8772 	EXP 	responser: foreColor = (0, 0, 0)
898.8938 	EXP 	responser: foreColor = (0, 0, 0)
898.9105 	EXP 	responser: foreColor = (0, 0, 0)
898.9272 	EXP 	responser: foreColor = (0, 0, 0)
898.9438 	EXP 	responser: foreColor = (0, 0, 0)
898.9605 	EXP 	responser: foreColor = (0, 0, 0)
898.9772 	EXP 	responser: foreColor = (0, 0, 0)
898.9938 	EXP 	responser: foreColor = (0, 0, 0)
899.0105 	EXP 	responser: foreColor = (0, 0, 0)
899.0272 	EXP 	responser: foreColor = (0, 0, 0)
899.0439 	EXP 	responser: foreColor = (0, 0, 0)
899.0605 	EXP 	responser: foreColor = (0, 0, 0)
899.0772 	EXP 	responser: foreColor = (0, 0, 0)
899.0938 	EXP 	responser: foreColor = (0, 0, 0)
899.1105 	EXP 	responser: foreColor = (0, 0, 0)
899.1271 	EXP 	responser: foreColor = (0, 0, 0)
899.1438 	EXP 	responser: foreColor = (0, 0, 0)
899.1606 	EXP 	responser: foreColor = (0, 0, 0)
899.1772 	EXP 	responser: foreColor = (0, 0, 0)
899.1938 	EXP 	responser: foreColor = (0, 0, 0)
899.2105 	EXP 	responser: foreColor = (0, 0, 0)
899.2272 	EXP 	responser: foreColor = (0, 0, 0)
899.2438 	EXP 	responser: foreColor = (0, 0, 0)
899.2605 	EXP 	responser: foreColor = (0, 0, 0)
899.2772 	EXP 	responser: foreColor = (0, 0, 0)
899.2938 	EXP 	responser: foreColor = (0, 0, 0)
899.3105 	EXP 	responser: foreColor = (0, 0, 0)
899.3272 	EXP 	responser: foreColor = (0, 0, 0)
899.3439 	EXP 	responser: foreColor = (0, 0, 0)
899.3605 	EXP 	responser: foreColor = (0, 0, 0)
899.3772 	EXP 	responser: foreColor = (0, 0, 0)
899.3938 	EXP 	responser: foreColor = (0, 0, 0)
899.4105 	EXP 	responser: foreColor = (0, 0, 0)
899.4272 	EXP 	responser: foreColor = (0, 0, 0)
899.4438 	EXP 	responser: foreColor = (0, 0, 0)
899.4605 	EXP 	responser: foreColor = (0, 0, 0)
899.4772 	EXP 	responser: foreColor = (0, 0, 0)
899.4939 	EXP 	responser: foreColor = (0, 0, 0)
899.5105 	EXP 	responser: foreColor = (0, 0, 0)
899.5272 	EXP 	responser: foreColor = (0, 0, 0)
899.5438 	EXP 	responser: foreColor = (0, 0, 0)
899.5605 	EXP 	responser: foreColor = (0, 0, 0)
899.5772 	EXP 	responser: foreColor = (0, 0, 0)
899.5938 	EXP 	responser: foreColor = (0, 0, 0)
899.6106 	EXP 	responser: foreColor = (0, 0, 0)
899.6272 	EXP 	responser: foreColor = (0, 0, 0)
899.6438 	EXP 	responser: foreColor = (0, 0, 0)
899.6605 	EXP 	responser: foreColor = (0, 0, 0)
899.6772 	EXP 	responser: foreColor = (0, 0, 0)
899.6938 	EXP 	responser: foreColor = (0, 0, 0)
899.7106 	EXP 	responser: foreColor = (0, 0, 0)
899.7272 	EXP 	responser: foreColor = (0, 0, 0)
899.7438 	EXP 	responser: foreColor = (0, 0, 0)
899.7605 	EXP 	responser: foreColor = (0, 0, 0)
899.7771 	EXP 	responser: foreColor = (0, 0, 0)
899.7938 	EXP 	responser: foreColor = (0, 0, 0)
899.8105 	EXP 	responser: foreColor = (0, 0, 0)
899.8272 	EXP 	responser: foreColor = (0, 0, 0)
899.8438 	EXP 	responser: foreColor = (0, 0, 0)
899.8605 	EXP 	responser: foreColor = (0, 0, 0)
899.8772 	EXP 	responser: foreColor = (0, 0, 0)
899.8939 	EXP 	responser: foreColor = (0, 0, 0)
899.9105 	EXP 	responser: foreColor = (0, 0, 0)
899.9272 	EXP 	responser: foreColor = (0, 0, 0)
899.9272 	EXP 	thermode_locali_pic: autoDraw = False
899.9438 	EXP 	responser: foreColor = (0, 0, 0)
899.9444 	EXP 	New trial (rep=2, index=0): None
899.9605 	EXP 	responser: foreColor = (0, 0, 0)
899.9605 	EXP 	responsel: autoDraw = False
899.9605 	EXP 	percu_or: autoDraw = False
899.9605 	EXP 	responser: autoDraw = False
899.9605 	EXP 	thermode_locali_pic: autoDraw = False
899.9605 	EXP 	responsel: autoDraw = False
899.9605 	EXP 	percu_or: autoDraw = False
899.9605 	EXP 	responser: autoDraw = False
899.9605 	EXP 	responsel: foreColor = 'white'
899.9605 	EXP 	responser: foreColor = 'white'
899.9605 	EXP 	text_pic: autoDraw = True
899.9605 	EXP 	croix_3: autoDraw = True
904.9606 	EXP 	text_pic: autoDraw = False
904.9606 	EXP 	croix_3: autoDraw = False
904.9606 	EXP 	text_pic: autoDraw = False
904.9606 	EXP 	croix_3: autoDraw = False
904.9606 	EXP 	thermode_locali_pic: height = 0.02
904.9606 	EXP 	thermode_locali_pic: height = 0.02
904.9606 	EXP 	thermode_locali_pic: height = 0.02
904.9606 	EXP 	thermode_locali_pic: text = 'T : 0'
904.9606 	EXP 	responsel: text = 'OUI              '
904.9606 	EXP 	thermode_locali_pic: autoDraw = True
912.9440 	EXP 	responsel: autoDraw = True
912.9440 	EXP 	percu_or: autoDraw = True
912.9440 	EXP 	responser: autoDraw = True
913.4951 	DATA 	Keypress: n
913.5273 	EXP 	responser: foreColor = (0, 0, 0)
913.5440 	EXP 	responser: foreColor = (0, 0, 0)
913.5606 	EXP 	responser: foreColor = (0, 0, 0)
913.5773 	EXP 	responser: foreColor = (0, 0, 0)
913.5940 	EXP 	responser: foreColor = (0, 0, 0)
913.6106 	EXP 	responser: foreColor = (0, 0, 0)
913.6273 	EXP 	responser: foreColor = (0, 0, 0)
913.6440 	EXP 	responser: foreColor = (0, 0, 0)
913.6606 	EXP 	responser: foreColor = (0, 0, 0)
913.6773 	EXP 	responser: foreColor = (0, 0, 0)
913.6940 	EXP 	responser: foreColor = (0, 0, 0)
913.7106 	EXP 	responser: foreColor = (0, 0, 0)
913.7273 	EXP 	responser: foreColor = (0, 0, 0)
913.7440 	EXP 	responser: foreColor = (0, 0, 0)
913.7607 	EXP 	responser: foreColor = (0, 0, 0)
913.7773 	EXP 	responser: foreColor = (0, 0, 0)
913.7940 	EXP 	responser: foreColor = (0, 0, 0)
913.8107 	EXP 	responser: foreColor = (0, 0, 0)
913.8273 	EXP 	responser: foreColor = (0, 0, 0)
913.8440 	EXP 	responser: foreColor = (0, 0, 0)
913.8606 	EXP 	responser: foreColor = (0, 0, 0)
913.8773 	EXP 	responser: foreColor = (0, 0, 0)
913.8940 	EXP 	responser: foreColor = (0, 0, 0)
913.9107 	EXP 	responser: foreColor = (0, 0, 0)
913.9273 	EXP 	responser: foreColor = (0, 0, 0)
913.9440 	EXP 	responser: foreColor = (0, 0, 0)
913.9606 	EXP 	responser: foreColor = (0, 0, 0)
913.9773 	EXP 	responser: foreColor = (0, 0, 0)
913.9940 	EXP 	responser: foreColor = (0, 0, 0)
914.0107 	EXP 	responser: foreColor = (0, 0, 0)
914.0273 	EXP 	responser: foreColor = (0, 0, 0)
914.0440 	EXP 	responser: foreColor = (0, 0, 0)
914.0607 	EXP 	responser: foreColor = (0, 0, 0)
914.0773 	EXP 	responser: foreColor = (0, 0, 0)
914.0940 	EXP 	responser: foreColor = (0, 0, 0)
914.1106 	EXP 	responser: foreColor = (0, 0, 0)
914.1273 	EXP 	responser: foreColor = (0, 0, 0)
914.1440 	EXP 	responser: foreColor = (0, 0, 0)
914.1606 	EXP 	responser: foreColor = (0, 0, 0)
914.1774 	EXP 	responser: foreColor = (0, 0, 0)
914.1940 	EXP 	responser: foreColor = (0, 0, 0)
914.2107 	EXP 	responser: foreColor = (0, 0, 0)
914.2273 	EXP 	responser: foreColor = (0, 0, 0)
914.2439 	EXP 	responser: foreColor = (0, 0, 0)
914.2606 	EXP 	responser: foreColor = (0, 0, 0)
914.2773 	EXP 	responser: foreColor = (0, 0, 0)
914.2939 	EXP 	responser: foreColor = (0, 0, 0)
914.3106 	EXP 	responser: foreColor = (0, 0, 0)
914.3273 	EXP 	responser: foreColor = (0, 0, 0)
914.3440 	EXP 	responser: foreColor = (0, 0, 0)
914.3607 	EXP 	responser: foreColor = (0, 0, 0)
914.3773 	EXP 	responser: foreColor = (0, 0, 0)
914.3940 	EXP 	responser: foreColor = (0, 0, 0)
914.4107 	EXP 	responser: foreColor = (0, 0, 0)
914.4273 	EXP 	responser: foreColor = (0, 0, 0)
914.4440 	EXP 	responser: foreColor = (0, 0, 0)
914.4607 	EXP 	responser: foreColor = (0, 0, 0)
914.4774 	EXP 	responser: foreColor = (0, 0, 0)
914.4940 	EXP 	responser: foreColor = (0, 0, 0)
914.5106 	EXP 	responser: foreColor = (0, 0, 0)
914.5273 	EXP 	responser: foreColor = (0, 0, 0)
914.5440 	EXP 	responser: foreColor = (0, 0, 0)
914.5606 	EXP 	responser: foreColor = (0, 0, 0)
914.5773 	EXP 	responser: foreColor = (0, 0, 0)
914.5940 	EXP 	responser: foreColor = (0, 0, 0)
914.6106 	EXP 	responser: foreColor = (0, 0, 0)
914.6273 	EXP 	responser: foreColor = (0, 0, 0)
914.6440 	EXP 	responser: foreColor = (0, 0, 0)
914.6606 	EXP 	responser: foreColor = (0, 0, 0)
914.6773 	EXP 	responser: foreColor = (0, 0, 0)
914.6940 	EXP 	responser: foreColor = (0, 0, 0)
914.7106 	EXP 	responser: foreColor = (0, 0, 0)
914.7273 	EXP 	responser: foreColor = (0, 0, 0)
914.7440 	EXP 	responser: foreColor = (0, 0, 0)
914.7607 	EXP 	responser: foreColor = (0, 0, 0)
914.7774 	EXP 	responser: foreColor = (0, 0, 0)
914.7940 	EXP 	responser: foreColor = (0, 0, 0)
914.8107 	EXP 	responser: foreColor = (0, 0, 0)
914.8273 	EXP 	responser: foreColor = (0, 0, 0)
914.8440 	EXP 	responser: foreColor = (0, 0, 0)
914.8607 	EXP 	responser: foreColor = (0, 0, 0)
914.8773 	EXP 	responser: foreColor = (0, 0, 0)
914.8940 	EXP 	responser: foreColor = (0, 0, 0)
914.9107 	EXP 	responser: foreColor = (0, 0, 0)
914.9273 	EXP 	responser: foreColor = (0, 0, 0)
914.9440 	EXP 	responser: foreColor = (0, 0, 0)
914.9607 	EXP 	responser: foreColor = (0, 0, 0)
914.9773 	EXP 	responser: foreColor = (0, 0, 0)
914.9940 	EXP 	responser: foreColor = (0, 0, 0)
915.0106 	EXP 	responser: foreColor = (0, 0, 0)
915.0273 	EXP 	responser: foreColor = (0, 0, 0)
915.0440 	EXP 	responser: foreColor = (0, 0, 0)
915.0607 	EXP 	responser: foreColor = (0, 0, 0)
915.0773 	EXP 	responser: foreColor = (0, 0, 0)
915.0940 	EXP 	responser: foreColor = (0, 0, 0)
915.1107 	EXP 	responser: foreColor = (0, 0, 0)
915.1273 	EXP 	responser: foreColor = (0, 0, 0)
915.1440 	EXP 	responser: foreColor = (0, 0, 0)
915.1607 	EXP 	responser: foreColor = (0, 0, 0)
915.1773 	EXP 	responser: foreColor = (0, 0, 0)
915.1940 	EXP 	responser: foreColor = (0, 0, 0)
915.2106 	EXP 	responser: foreColor = (0, 0, 0)
915.2274 	EXP 	responser: foreColor = (0, 0, 0)
915.2440 	EXP 	responser: foreColor = (0, 0, 0)
915.2606 	EXP 	responser: foreColor = (0, 0, 0)
915.2773 	EXP 	responser: foreColor = (0, 0, 0)
915.2940 	EXP 	responser: foreColor = (0, 0, 0)
915.3107 	EXP 	responser: foreColor = (0, 0, 0)
915.3273 	EXP 	responser: foreColor = (0, 0, 0)
915.3440 	EXP 	responser: foreColor = (0, 0, 0)
915.3606 	EXP 	responser: foreColor = (0, 0, 0)
915.3773 	EXP 	responser: foreColor = (0, 0, 0)
915.3940 	EXP 	responser: foreColor = (0, 0, 0)
915.4107 	EXP 	responser: foreColor = (0, 0, 0)
915.4273 	EXP 	responser: foreColor = (0, 0, 0)
915.4440 	EXP 	responser: foreColor = (0, 0, 0)
915.4607 	EXP 	responser: foreColor = (0, 0, 0)
915.4773 	EXP 	responser: foreColor = (0, 0, 0)
915.4940 	EXP 	responser: foreColor = (0, 0, 0)
915.5107 	EXP 	responser: foreColor = (0, 0, 0)
915.5274 	EXP 	responser: foreColor = (0, 0, 0)
915.5440 	EXP 	responser: foreColor = (0, 0, 0)
915.5607 	EXP 	responser: foreColor = (0, 0, 0)
915.5773 	EXP 	responser: foreColor = (0, 0, 0)
915.5940 	EXP 	responser: foreColor = (0, 0, 0)
915.6106 	EXP 	responser: foreColor = (0, 0, 0)
915.6273 	EXP 	responser: foreColor = (0, 0, 0)
915.6440 	EXP 	responser: foreColor = (0, 0, 0)
915.6607 	EXP 	responser: foreColor = (0, 0, 0)
915.6773 	EXP 	responser: foreColor = (0, 0, 0)
915.6940 	EXP 	responser: foreColor = (0, 0, 0)
915.7107 	EXP 	responser: foreColor = (0, 0, 0)
915.7273 	EXP 	responser: foreColor = (0, 0, 0)
915.7440 	EXP 	responser: foreColor = (0, 0, 0)
915.7607 	EXP 	responser: foreColor = (0, 0, 0)
915.7773 	EXP 	responser: foreColor = (0, 0, 0)
915.7940 	EXP 	responser: foreColor = (0, 0, 0)
915.8106 	EXP 	responser: foreColor = (0, 0, 0)
915.8274 	EXP 	responser: foreColor = (0, 0, 0)
915.8440 	EXP 	responser: foreColor = (0, 0, 0)
915.8607 	EXP 	responser: foreColor = (0, 0, 0)
915.8773 	EXP 	responser: foreColor = (0, 0, 0)
915.8941 	EXP 	responser: foreColor = (0, 0, 0)
915.9107 	EXP 	responser: foreColor = (0, 0, 0)
915.9107 	EXP 	thermode_locali_pic: autoDraw = False
915.9273 	EXP 	responser: foreColor = (0, 0, 0)
915.9278 	EXP 	New trial (rep=3, index=0): None
915.9439 	EXP 	responser: foreColor = (0, 0, 0)
915.9439 	EXP 	responsel: autoDraw = False
915.9439 	EXP 	percu_or: autoDraw = False
915.9439 	EXP 	responser: autoDraw = False
915.9439 	EXP 	thermode_locali_pic: autoDraw = False
915.9439 	EXP 	responsel: autoDraw = False
915.9439 	EXP 	percu_or: autoDraw = False
915.9439 	EXP 	responser: autoDraw = False
915.9439 	EXP 	responsel: foreColor = 'white'
915.9439 	EXP 	responser: foreColor = 'white'
915.9439 	EXP 	text_pic: autoDraw = True
915.9439 	EXP 	croix_3: autoDraw = True
920.9441 	EXP 	text_pic: autoDraw = False
920.9441 	EXP 	croix_3: autoDraw = False
920.9441 	EXP 	text_pic: autoDraw = False
920.9441 	EXP 	croix_3: autoDraw = False
920.9441 	EXP 	thermode_locali_pic: height = 0.02
920.9441 	EXP 	thermode_locali_pic: height = 0.02
920.9441 	EXP 	thermode_locali_pic: height = 0.02
920.9441 	EXP 	thermode_locali_pic: text = 'T : 1'
920.9441 	EXP 	responsel: text = 'OUI              '
920.9441 	EXP 	thermode_locali_pic: autoDraw = True
928.9275 	EXP 	responsel: autoDraw = True
928.9275 	EXP 	percu_or: autoDraw = True
928.9275 	EXP 	responser: autoDraw = True
929.5619 	DATA 	Keypress: m
929.5942 	EXP 	responsel: foreColor = (0, 0, 0)
929.6108 	EXP 	responsel: foreColor = (0, 0, 0)
929.6275 	EXP 	responsel: foreColor = (0, 0, 0)
929.6442 	EXP 	responsel: foreColor = (0, 0, 0)
929.6609 	EXP 	responsel: foreColor = (0, 0, 0)
929.6775 	EXP 	responsel: foreColor = (0, 0, 0)
929.6942 	EXP 	responsel: foreColor = (0, 0, 0)
929.7108 	EXP 	responsel: foreColor = (0, 0, 0)
929.7274 	EXP 	responsel: foreColor = (0, 0, 0)
929.7442 	EXP 	responsel: foreColor = (0, 0, 0)
929.7608 	EXP 	responsel: foreColor = (0, 0, 0)
929.7775 	EXP 	responsel: foreColor = (0, 0, 0)
929.7942 	EXP 	responsel: foreColor = (0, 0, 0)
929.8108 	EXP 	responsel: foreColor = (0, 0, 0)
929.8275 	EXP 	responsel: foreColor = (0, 0, 0)
929.8442 	EXP 	responsel: foreColor = (0, 0, 0)
929.8608 	EXP 	responsel: foreColor = (0, 0, 0)
929.8775 	EXP 	responsel: foreColor = (0, 0, 0)
929.8942 	EXP 	responsel: foreColor = (0, 0, 0)
929.9108 	EXP 	responsel: foreColor = (0, 0, 0)
929.9276 	EXP 	responsel: foreColor = (0, 0, 0)
929.9442 	EXP 	responsel: foreColor = (0, 0, 0)
929.9609 	EXP 	responsel: foreColor = (0, 0, 0)
929.9775 	EXP 	responsel: foreColor = (0, 0, 0)
929.9942 	EXP 	responsel: foreColor = (0, 0, 0)
930.0108 	EXP 	responsel: foreColor = (0, 0, 0)
930.0275 	EXP 	responsel: foreColor = (0, 0, 0)
930.0441 	EXP 	responsel: foreColor = (0, 0, 0)
930.0608 	EXP 	responsel: foreColor = (0, 0, 0)
930.0775 	EXP 	responsel: foreColor = (0, 0, 0)
930.0942 	EXP 	responsel: foreColor = (0, 0, 0)
930.1108 	EXP 	responsel: foreColor = (0, 0, 0)
930.1275 	EXP 	responsel: foreColor = (0, 0, 0)
930.1442 	EXP 	responsel: foreColor = (0, 0, 0)
930.1608 	EXP 	responsel: foreColor = (0, 0, 0)
930.1775 	EXP 	responsel: foreColor = (0, 0, 0)
930.1942 	EXP 	responsel: foreColor = (0, 0, 0)
930.2108 	EXP 	responsel: foreColor = (0, 0, 0)
930.2275 	EXP 	responsel: foreColor = (0, 0, 0)
930.2442 	EXP 	responsel: foreColor = (0, 0, 0)
930.2609 	EXP 	responsel: foreColor = (0, 0, 0)
930.2775 	EXP 	responsel: foreColor = (0, 0, 0)
930.2942 	EXP 	responsel: foreColor = (0, 0, 0)
930.3108 	EXP 	responsel: foreColor = (0, 0, 0)
930.3275 	EXP 	responsel: foreColor = (0, 0, 0)
930.3441 	EXP 	responsel: foreColor = (0, 0, 0)
930.3608 	EXP 	responsel: foreColor = (0, 0, 0)
930.3775 	EXP 	responsel: foreColor = (0, 0, 0)
930.3942 	EXP 	responsel: foreColor = (0, 0, 0)
930.4108 	EXP 	responsel: foreColor = (0, 0, 0)
930.4275 	EXP 	responsel: foreColor = (0, 0, 0)
930.4442 	EXP 	responsel: foreColor = (0, 0, 0)
930.4608 	EXP 	responsel: foreColor = (0, 0, 0)
930.4775 	EXP 	responsel: foreColor = (0, 0, 0)
930.4942 	EXP 	responsel: foreColor = (0, 0, 0)
930.5108 	EXP 	responsel: foreColor = (0, 0, 0)
930.5275 	EXP 	responsel: foreColor = (0, 0, 0)
930.5442 	EXP 	responsel: foreColor = (0, 0, 0)
930.5608 	EXP 	responsel: foreColor = (0, 0, 0)
930.5775 	EXP 	responsel: foreColor = (0, 0, 0)
930.5942 	EXP 	responsel: foreColor = (0, 0, 0)
930.6108 	EXP 	responsel: foreColor = (0, 0, 0)
930.6275 	EXP 	responsel: foreColor = (0, 0, 0)
930.6441 	EXP 	responsel: foreColor = (0, 0, 0)
930.6608 	EXP 	responsel: foreColor = (0, 0, 0)
930.6775 	EXP 	responsel: foreColor = (0, 0, 0)
930.6942 	EXP 	responsel: foreColor = (0, 0, 0)
930.7108 	EXP 	responsel: foreColor = (0, 0, 0)
930.7275 	EXP 	responsel: foreColor = (0, 0, 0)
930.7442 	EXP 	responsel: foreColor = (0, 0, 0)
930.7608 	EXP 	responsel: foreColor = (0, 0, 0)
930.7775 	EXP 	responsel: foreColor = (0, 0, 0)
930.7942 	EXP 	responsel: foreColor = (0, 0, 0)
930.8108 	EXP 	responsel: foreColor = (0, 0, 0)
930.8275 	EXP 	responsel: foreColor = (0, 0, 0)
930.8442 	EXP 	responsel: foreColor = (0, 0, 0)
930.8608 	EXP 	responsel: foreColor = (0, 0, 0)
930.8775 	EXP 	responsel: foreColor = (0, 0, 0)
930.8942 	EXP 	responsel: foreColor = (0, 0, 0)
930.9108 	EXP 	responsel: foreColor = (0, 0, 0)
930.9274 	EXP 	responsel: foreColor = (0, 0, 0)
930.9442 	EXP 	responsel: foreColor = (0, 0, 0)
930.9608 	EXP 	responsel: foreColor = (0, 0, 0)
930.9776 	EXP 	responsel: foreColor = (0, 0, 0)
930.9942 	EXP 	responsel: foreColor = (0, 0, 0)
931.0109 	EXP 	responsel: foreColor = (0, 0, 0)
931.0275 	EXP 	responsel: foreColor = (0, 0, 0)
931.0442 	EXP 	responsel: foreColor = (0, 0, 0)
931.0609 	EXP 	responsel: foreColor = (0, 0, 0)
931.0775 	EXP 	responsel: foreColor = (0, 0, 0)
931.0942 	EXP 	responsel: foreColor = (0, 0, 0)
931.1109 	EXP 	responsel: foreColor = (0, 0, 0)
931.1274 	EXP 	responsel: foreColor = (0, 0, 0)
931.1442 	EXP 	responsel: foreColor = (0, 0, 0)
931.1609 	EXP 	responsel: foreColor = (0, 0, 0)
931.1775 	EXP 	responsel: foreColor = (0, 0, 0)
931.1942 	EXP 	responsel: foreColor = (0, 0, 0)
931.2109 	EXP 	responsel: foreColor = (0, 0, 0)
931.2274 	EXP 	responsel: foreColor = (0, 0, 0)
931.2442 	EXP 	responsel: foreColor = (0, 0, 0)
931.2608 	EXP 	responsel: foreColor = (0, 0, 0)
931.2775 	EXP 	responsel: foreColor = (0, 0, 0)
931.2942 	EXP 	responsel: foreColor = (0, 0, 0)
931.3108 	EXP 	responsel: foreColor = (0, 0, 0)
931.3274 	EXP 	responsel: foreColor = (0, 0, 0)
931.3442 	EXP 	responsel: foreColor = (0, 0, 0)
931.3608 	EXP 	responsel: foreColor = (0, 0, 0)
931.3775 	EXP 	responsel: foreColor = (0, 0, 0)
931.3942 	EXP 	responsel: foreColor = (0, 0, 0)
931.4109 	EXP 	responsel: foreColor = (0, 0, 0)
931.4275 	EXP 	responsel: foreColor = (0, 0, 0)
931.4442 	EXP 	responsel: foreColor = (0, 0, 0)
931.4608 	EXP 	responsel: foreColor = (0, 0, 0)
931.4775 	EXP 	responsel: foreColor = (0, 0, 0)
931.4942 	EXP 	responsel: foreColor = (0, 0, 0)
931.5109 	EXP 	responsel: foreColor = (0, 0, 0)
931.5275 	EXP 	responsel: foreColor = (0, 0, 0)
931.5442 	EXP 	responsel: foreColor = (0, 0, 0)
931.5609 	EXP 	responsel: foreColor = (0, 0, 0)
931.5775 	EXP 	responsel: foreColor = (0, 0, 0)
931.5942 	EXP 	responsel: foreColor = (0, 0, 0)
931.6109 	EXP 	responsel: foreColor = (0, 0, 0)
931.6275 	EXP 	responsel: foreColor = (0, 0, 0)
931.6442 	EXP 	responsel: foreColor = (0, 0, 0)
931.6609 	EXP 	responsel: foreColor = (0, 0, 0)
931.6776 	EXP 	responsel: foreColor = (0, 0, 0)
931.6942 	EXP 	responsel: foreColor = (0, 0, 0)
931.7109 	EXP 	responsel: foreColor = (0, 0, 0)
931.7275 	EXP 	responsel: foreColor = (0, 0, 0)
931.7442 	EXP 	responsel: foreColor = (0, 0, 0)
931.7608 	EXP 	responsel: foreColor = (0, 0, 0)
931.7775 	EXP 	responsel: foreColor = (0, 0, 0)
931.7942 	EXP 	responsel: foreColor = (0, 0, 0)
931.8109 	EXP 	responsel: foreColor = (0, 0, 0)
931.8275 	EXP 	responsel: foreColor = (0, 0, 0)
931.8442 	EXP 	responsel: foreColor = (0, 0, 0)
931.8609 	EXP 	responsel: foreColor = (0, 0, 0)
931.8775 	EXP 	responsel: foreColor = (0, 0, 0)
931.8942 	EXP 	responsel: foreColor = (0, 0, 0)
931.8942 	EXP 	thermode_locali_pic: autoDraw = False
931.9108 	EXP 	responsel: foreColor = (0, 0, 0)
931.9114 	EXP 	New trial (rep=3, index=0): None
931.9275 	EXP 	responsel: foreColor = (0, 0, 0)
931.9275 	EXP 	responsel: autoDraw = False
931.9275 	EXP 	percu_or: autoDraw = False
931.9275 	EXP 	responser: autoDraw = False
931.9275 	EXP 	thermode_locali_pic: autoDraw = False
931.9275 	EXP 	responsel: autoDraw = False
931.9275 	EXP 	percu_or: autoDraw = False
931.9275 	EXP 	responser: autoDraw = False
931.9275 	EXP 	responsel: foreColor = 'white'
931.9275 	EXP 	responser: foreColor = 'white'
931.9275 	EXP 	text_7: autoDraw = True
933.2778 	EXP 	Created sequence: random, trialTypes=1, nReps=2, seed=None
933.2779 	EXP 	New trial (rep=0, index=0): None
933.2796 	DATA 	Keypress: p
933.2942 	EXP 	text_7: autoDraw = False
933.2942 	EXP 	text_eva: autoDraw = True
933.2942 	EXP 	croix_2: autoDraw = True
938.2942 	EXP 	text_eva: autoDraw = False
938.2942 	EXP 	croix_2: autoDraw = False
938.2942 	EXP 	text_eva: autoDraw = False
938.2942 	EXP 	croix_2: autoDraw = False
938.2942 	EXP 	thermode_locali_EVA: autoDraw = True
950.2781 	EXP 	window1: mouseVisible = True
950.2789 	EXP 	Created unnamed Rect = Rect(__class__=<class 'psychopy.visual.rect.Rect'>, anchor=('center', 'center'), autoDraw=False, autoLog=True, closeShape=True, color=method-wrapper(...), colorSpace='rgb', contrast=None, depth=0, draggable=False, fillColor=array([1, 1, 1]), fillColorSpace='rgb', fillRGB=array([1, 1, 1]), interpolate=True, lineColor=array([1., 1., 1.]), lineColorSpace='rgb', lineRGB=array([1, 1, 1]), lineWidth=1.5, name='unnamed Rect', opacity=1.0, ori=0.0, pos=array([0., 0.]), size=array([0.01, 0.1 ]), units='norm', vertices=ndarray(...), win=Window(...))
950.2790 	EXP 	window1: mouseVisible = True
950.2791 	EXP 	window1: mouseVisible = True
950.2796 	EXP 	window1: mouseVisible = True
950.2807 	EXP 	window1: mouseVisible = True
950.2818 	EXP 	window1: mouseVisible = True
950.2820 	EXP 	window1: mouseVisible = True
950.2824 	EXP 	window1: mouseVisible = True
950.2826 	EXP 	window1: mouseVisible = True
950.2827 	EXP 	window1: mouseVisible = True
950.2829 	EXP 	window1: mouseVisible = True
950.2830 	EXP 	window1: mouseVisible = True
950.2831 	EXP 	window1: mouseVisible = True
950.2833 	EXP 	window1: mouseVisible = True
950.2834 	EXP 	window1: mouseVisible = True
950.2835 	EXP 	window1: mouseVisible = True
950.2837 	EXP 	window1: mouseVisible = True
950.2838 	EXP 	window1: mouseVisible = True
950.2839 	EXP 	window1: mouseVisible = True
950.2841 	EXP 	window1: mouseVisible = True
950.2842 	EXP 	window1: mouseVisible = True
950.2843 	EXP 	window1: mouseVisible = True
950.2844 	EXP 	window1: mouseVisible = True
950.2846 	EXP 	window1: mouseVisible = True
950.2847 	EXP 	window1: mouseVisible = True
950.2848 	EXP 	window1: mouseVisible = True
950.2850 	EXP 	window1: mouseVisible = True
950.2851 	EXP 	window1: mouseVisible = True
950.2852 	EXP 	window1: mouseVisible = True
950.2853 	EXP 	window1: mouseVisible = True
950.2855 	EXP 	window1: mouseVisible = True
950.2856 	EXP 	window1: mouseVisible = True
950.2857 	EXP 	window1: mouseVisible = True
950.2858 	EXP 	window1: mouseVisible = True
950.2860 	EXP 	window1: mouseVisible = True
950.2861 	EXP 	window1: mouseVisible = True
950.2862 	EXP 	window1: mouseVisible = True
950.2863 	EXP 	window1: mouseVisible = True
950.2865 	EXP 	window1: mouseVisible = True
950.2866 	EXP 	window1: mouseVisible = True
950.2867 	EXP 	window1: mouseVisible = True
950.2868 	EXP 	window1: mouseVisible = True
950.2870 	EXP 	window1: mouseVisible = True
950.2871 	EXP 	window1: mouseVisible = True
950.2873 	EXP 	window1: mouseVisible = True
950.2874 	EXP 	window1: mouseVisible = True
950.2875 	EXP 	window1: mouseVisible = True
950.2876 	EXP 	window1: mouseVisible = True
950.2878 	EXP 	window1: mouseVisible = True
950.2879 	EXP 	window1: mouseVisible = True
950.2880 	EXP 	window1: mouseVisible = True
950.2881 	EXP 	window1: mouseVisible = True
950.2883 	EXP 	window1: mouseVisible = True
950.2884 	EXP 	window1: mouseVisible = True
950.2885 	EXP 	window1: mouseVisible = True
950.2889 	EXP 	window1: mouseVisible = True
950.2892 	EXP 	window1: mouseVisible = True
950.2893 	EXP 	window1: mouseVisible = True
950.2895 	EXP 	window1: mouseVisible = True
950.2896 	EXP 	window1: mouseVisible = True
950.2897 	EXP 	window1: mouseVisible = True
950.2899 	EXP 	window1: mouseVisible = True
950.2900 	EXP 	window1: mouseVisible = True
950.2901 	EXP 	window1: mouseVisible = True
950.2902 	EXP 	window1: mouseVisible = True
950.2904 	EXP 	window1: mouseVisible = True
950.2905 	EXP 	window1: mouseVisible = True
950.2906 	EXP 	window1: mouseVisible = True
950.2907 	EXP 	window1: mouseVisible = True
950.2909 	EXP 	window1: mouseVisible = True
950.2910 	EXP 	window1: mouseVisible = True
950.2911 	EXP 	window1: mouseVisible = True
950.2913 	EXP 	window1: mouseVisible = True
950.2914 	EXP 	window1: mouseVisible = True
950.2915 	EXP 	window1: mouseVisible = True
950.2917 	EXP 	window1: mouseVisible = True
950.2918 	EXP 	window1: mouseVisible = True
950.2919 	EXP 	window1: mouseVisible = True
950.2921 	EXP 	window1: mouseVisible = True
950.2922 	EXP 	window1: mouseVisible = True
950.2923 	EXP 	window1: mouseVisible = True
950.2925 	EXP 	window1: mouseVisible = True
950.2926 	EXP 	window1: mouseVisible = True
950.2927 	EXP 	window1: mouseVisible = True
950.2928 	EXP 	window1: mouseVisible = True
950.2930 	EXP 	window1: mouseVisible = True
950.2931 	EXP 	window1: mouseVisible = True
950.2932 	EXP 	window1: mouseVisible = True
950.2933 	EXP 	window1: mouseVisible = True
950.2935 	EXP 	window1: mouseVisible = True
950.2936 	EXP 	window1: mouseVisible = True
950.2937 	EXP 	window1: mouseVisible = True
950.2938 	EXP 	window1: mouseVisible = True
950.2940 	EXP 	window1: mouseVisible = True
950.2941 	EXP 	window1: mouseVisible = True
950.2942 	EXP 	window1: mouseVisible = True
950.2943 	EXP 	window1: mouseVisible = True
950.2945 	EXP 	window1: mouseVisible = True
950.2946 	EXP 	window1: mouseVisible = True
950.2947 	EXP 	window1: mouseVisible = True
950.2948 	EXP 	window1: mouseVisible = True
950.2950 	EXP 	window1: mouseVisible = True
950.2951 	EXP 	window1: mouseVisible = True
950.2952 	EXP 	window1: mouseVisible = True
950.2954 	EXP 	window1: mouseVisible = True
950.2974 	EXP 	Created ratingScale = RatingScale(__class__=type(...), acceptKeys=['return'], acceptPreText=UNKNOWN, acceptSize=UNKNOWN, acceptText=UNKNOWN, autoLog=True, choices=False, colorSpace='rgb', depth=0, disappear=False, flipVert=False, high=100, kwargs=UNKNOWN, labels=list(...), leftKeys=['left'], lineColor=(255, 255, 255), low=0, marker=Rect(...), markerColor=(255, 255, 255), markerExpansion=UNKNOWN, markerStart=0.5, maxTime=0.0, minTime=0.4, mouseOnly=False, name='ratingScale', noMouse=False, pos=[0.0, 0.0], precision=100, respKeys=[], rightKeys=['right'], scale=None, self=UNKNOWN, showAccept=False, showValue=False, singleClick=False, size=0.6, skipKeys=['tab'], stretch=2.0, textColor='white', textFont='Helvetica Bold', textSize=0.144, tickHeight=0, tickMarks=10.0, win=Window(...))
950.2975 	EXP 	RatingScale ratingScale: reset()
950.2995 	EXP 	window1: mouseVisible = False
950.3111 	EXP 	thermode_locali_EVA: autoDraw = False
950.3111 	EXP 	ratingScale: flipVert = False
950.3111 	EXP 	ratingScale: autoLog = True
950.3125 	EXP 	window1: mouseVisible = False
950.3291 	EXP 	window1: mouseVisible = False
950.3458 	EXP 	window1: mouseVisible = False
950.3625 	EXP 	window1: mouseVisible = False
950.3791 	EXP 	window1: mouseVisible = False
950.3958 	EXP 	window1: mouseVisible = False
950.4125 	EXP 	window1: mouseVisible = False
950.4292 	EXP 	window1: mouseVisible = False
950.4458 	EXP 	window1: mouseVisible = False
950.4624 	EXP 	window1: mouseVisible = False
950.4791 	EXP 	window1: mouseVisible = False
950.4958 	EXP 	window1: mouseVisible = False
950.5124 	EXP 	window1: mouseVisible = False
950.5292 	EXP 	window1: mouseVisible = False
950.5458 	EXP 	window1: mouseVisible = False
950.5624 	EXP 	window1: mouseVisible = False
950.5791 	EXP 	window1: mouseVisible = False
950.5958 	EXP 	window1: mouseVisible = False
950.6125 	EXP 	window1: mouseVisible = False
950.6291 	EXP 	window1: mouseVisible = False
950.6458 	EXP 	window1: mouseVisible = False
950.6625 	EXP 	window1: mouseVisible = False
950.6791 	EXP 	window1: mouseVisible = False
950.6958 	EXP 	window1: mouseVisible = False
950.7124 	EXP 	window1: mouseVisible = False
950.7292 	EXP 	window1: mouseVisible = False
950.7458 	EXP 	window1: mouseVisible = False
950.7624 	EXP 	window1: mouseVisible = False
950.7791 	EXP 	window1: mouseVisible = False
950.7958 	EXP 	window1: mouseVisible = False
950.8130 	EXP 	window1: mouseVisible = False
950.8292 	EXP 	window1: mouseVisible = False
950.8458 	EXP 	window1: mouseVisible = False
950.8624 	EXP 	window1: mouseVisible = False
950.8791 	EXP 	window1: mouseVisible = False
950.8957 	EXP 	window1: mouseVisible = False
950.9124 	EXP 	window1: mouseVisible = False
950.9290 	EXP 	window1: mouseVisible = False
950.9458 	EXP 	window1: mouseVisible = False
950.9624 	EXP 	window1: mouseVisible = False
950.9791 	EXP 	window1: mouseVisible = False
950.9958 	EXP 	window1: mouseVisible = False
951.0124 	EXP 	window1: mouseVisible = False
951.0290 	EXP 	window1: mouseVisible = False
951.0458 	EXP 	window1: mouseVisible = False
951.0624 	EXP 	window1: mouseVisible = False
951.0791 	EXP 	window1: mouseVisible = False
951.0958 	EXP 	window1: mouseVisible = False
951.1124 	EXP 	window1: mouseVisible = False
951.1291 	EXP 	window1: mouseVisible = False
951.1458 	EXP 	window1: mouseVisible = False
951.1624 	EXP 	window1: mouseVisible = False
951.1790 	EXP 	window1: mouseVisible = False
951.1958 	EXP 	window1: mouseVisible = False
951.2124 	EXP 	window1: mouseVisible = False
951.2291 	EXP 	window1: mouseVisible = False
951.2453 	DATA 	Keypress: m
951.2459 	EXP 	window1: mouseVisible = False
951.2625 	EXP 	window1: mouseVisible = False
951.2791 	EXP 	window1: mouseVisible = False
951.2957 	EXP 	window1: mouseVisible = False
951.3124 	EXP 	window1: mouseVisible = False
951.3292 	EXP 	window1: mouseVisible = False
951.3460 	EXP 	window1: mouseVisible = False
951.3625 	EXP 	window1: mouseVisible = False
951.3790 	EXP 	window1: mouseVisible = False
951.3958 	EXP 	window1: mouseVisible = False
951.4125 	EXP 	window1: mouseVisible = False
951.4291 	EXP 	window1: mouseVisible = False
951.4461 	EXP 	window1: mouseVisible = False
951.4625 	EXP 	window1: mouseVisible = False
951.4791 	EXP 	window1: mouseVisible = False
951.4958 	EXP 	window1: mouseVisible = False
951.5125 	EXP 	window1: mouseVisible = False
951.5291 	EXP 	window1: mouseVisible = False
951.5458 	EXP 	window1: mouseVisible = False
951.5625 	EXP 	window1: mouseVisible = False
951.5791 	EXP 	window1: mouseVisible = False
951.5958 	EXP 	window1: mouseVisible = False
951.6125 	EXP 	window1: mouseVisible = False
951.6291 	EXP 	window1: mouseVisible = False
951.6457 	EXP 	window1: mouseVisible = False
951.6624 	EXP 	window1: mouseVisible = False
951.6791 	EXP 	window1: mouseVisible = False
951.6959 	EXP 	window1: mouseVisible = False
951.7124 	EXP 	window1: mouseVisible = False
951.7291 	EXP 	window1: mouseVisible = False
951.7458 	EXP 	window1: mouseVisible = False
951.7625 	EXP 	window1: mouseVisible = False
951.7791 	EXP 	window1: mouseVisible = False
951.7959 	EXP 	window1: mouseVisible = False
951.8132 	EXP 	window1: mouseVisible = False
951.8293 	EXP 	window1: mouseVisible = False
951.8468 	EXP 	window1: mouseVisible = False
951.8626 	EXP 	window1: mouseVisible = False
951.8794 	EXP 	window1: mouseVisible = False
951.8960 	EXP 	window1: mouseVisible = False
951.9127 	EXP 	window1: mouseVisible = False
951.9296 	EXP 	window1: mouseVisible = False
951.9458 	EXP 	window1: mouseVisible = False
951.9627 	EXP 	window1: mouseVisible = False
951.9793 	EXP 	window1: mouseVisible = False
951.9959 	EXP 	window1: mouseVisible = False
952.0125 	EXP 	window1: mouseVisible = False
952.0294 	EXP 	window1: mouseVisible = False
952.0459 	EXP 	window1: mouseVisible = False
952.0625 	EXP 	window1: mouseVisible = False
952.0792 	EXP 	window1: mouseVisible = False
952.0959 	EXP 	window1: mouseVisible = False
952.1125 	EXP 	window1: mouseVisible = False
952.1293 	EXP 	window1: mouseVisible = False
952.1460 	EXP 	window1: mouseVisible = False
952.1625 	EXP 	window1: mouseVisible = False
952.1792 	EXP 	window1: mouseVisible = False
952.1959 	EXP 	window1: mouseVisible = False
952.2125 	EXP 	window1: mouseVisible = False
952.2291 	EXP 	window1: mouseVisible = False
952.2461 	EXP 	window1: mouseVisible = False
952.2626 	EXP 	window1: mouseVisible = False
952.2792 	EXP 	window1: mouseVisible = False
952.2958 	EXP 	window1: mouseVisible = False
952.3124 	EXP 	window1: mouseVisible = False
952.3291 	EXP 	window1: mouseVisible = False
952.3467 	EXP 	window1: mouseVisible = False
952.3625 	EXP 	window1: mouseVisible = False
952.3792 	EXP 	window1: mouseVisible = False
952.3958 	EXP 	window1: mouseVisible = False
952.4125 	EXP 	window1: mouseVisible = False
952.4292 	EXP 	window1: mouseVisible = False
952.4459 	EXP 	window1: mouseVisible = False
952.4625 	EXP 	window1: mouseVisible = False
952.4791 	EXP 	window1: mouseVisible = False
952.4958 	EXP 	window1: mouseVisible = False
952.5125 	EXP 	window1: mouseVisible = False
952.5291 	EXP 	window1: mouseVisible = False
952.5460 	EXP 	window1: mouseVisible = False
952.5625 	EXP 	window1: mouseVisible = False
952.5791 	EXP 	window1: mouseVisible = False
952.5958 	EXP 	window1: mouseVisible = False
952.6125 	EXP 	window1: mouseVisible = False
952.6294 	EXP 	window1: mouseVisible = False
952.6460 	EXP 	window1: mouseVisible = False
952.6625 	EXP 	window1: mouseVisible = False
952.6792 	EXP 	window1: mouseVisible = False
952.6959 	EXP 	window1: mouseVisible = False
952.7125 	EXP 	window1: mouseVisible = False
952.7297 	DATA 	Keypress: space
952.8309 	EXP 	New trial (rep=1, index=0): None
952.8444 	EXP 	main_text: autoDraw = True
952.8444 	EXP 	confirm_text: autoDraw = True
952.8444 	EXP 	ratingScale: autoDraw = False
952.8444 	EXP 	main_text: autoDraw = False
952.8444 	EXP 	confirm_text: autoDraw = False
952.8444 	EXP 	text_eva: autoDraw = True
952.8444 	EXP 	croix_2: autoDraw = True
957.8446 	EXP 	text_eva: autoDraw = False
957.8446 	EXP 	croix_2: autoDraw = False
957.8446 	EXP 	text_eva: autoDraw = False
957.8446 	EXP 	croix_2: autoDraw = False
957.8446 	EXP 	thermode_locali_EVA: autoDraw = True
969.8284 	EXP 	window1: mouseVisible = True
969.8292 	EXP 	Created unnamed Rect = Rect(__class__=<class 'psychopy.visual.rect.Rect'>, anchor=('center', 'center'), autoDraw=False, autoLog=True, closeShape=True, color=method-wrapper(...), colorSpace='rgb', contrast=None, depth=0, draggable=False, fillColor=array([1, 1, 1]), fillColorSpace='rgb', fillRGB=array([1, 1, 1]), interpolate=True, lineColor=array([1., 1., 1.]), lineColorSpace='rgb', lineRGB=array([1, 1, 1]), lineWidth=1.5, name='unnamed Rect', opacity=1.0, ori=0.0, pos=array([0., 0.]), size=array([0.01, 0.1 ]), units='norm', vertices=ndarray(...), win=Window(...))
969.8293 	EXP 	window1: mouseVisible = True
969.8294 	EXP 	window1: mouseVisible = True
969.8299 	EXP 	window1: mouseVisible = True
969.8311 	EXP 	window1: mouseVisible = True
969.8322 	EXP 	window1: mouseVisible = True
969.8324 	EXP 	window1: mouseVisible = True
969.8325 	EXP 	window1: mouseVisible = True
969.8327 	EXP 	window1: mouseVisible = True
969.8328 	EXP 	window1: mouseVisible = True
969.8330 	EXP 	window1: mouseVisible = True
969.8331 	EXP 	window1: mouseVisible = True
969.8332 	EXP 	window1: mouseVisible = True
969.8334 	EXP 	window1: mouseVisible = True
969.8335 	EXP 	window1: mouseVisible = True
969.8336 	EXP 	window1: mouseVisible = True
969.8338 	EXP 	window1: mouseVisible = True
969.8339 	EXP 	window1: mouseVisible = True
969.8340 	EXP 	window1: mouseVisible = True
969.8341 	EXP 	window1: mouseVisible = True
969.8343 	EXP 	window1: mouseVisible = True
969.8344 	EXP 	window1: mouseVisible = True
969.8347 	EXP 	window1: mouseVisible = True
969.8349 	EXP 	window1: mouseVisible = True
969.8351 	EXP 	window1: mouseVisible = True
969.8354 	EXP 	window1: mouseVisible = True
969.8356 	EXP 	window1: mouseVisible = True
969.8358 	EXP 	window1: mouseVisible = True
969.8359 	EXP 	window1: mouseVisible = True
969.8361 	EXP 	window1: mouseVisible = True
969.8363 	EXP 	window1: mouseVisible = True
969.8364 	EXP 	window1: mouseVisible = True
969.8366 	EXP 	window1: mouseVisible = True
969.8367 	EXP 	window1: mouseVisible = True
969.8368 	EXP 	window1: mouseVisible = True
969.8370 	EXP 	window1: mouseVisible = True
969.8371 	EXP 	window1: mouseVisible = True
969.8372 	EXP 	window1: mouseVisible = True
969.8374 	EXP 	window1: mouseVisible = True
969.8375 	EXP 	window1: mouseVisible = True
969.8376 	EXP 	window1: mouseVisible = True
969.8378 	EXP 	window1: mouseVisible = True
969.8379 	EXP 	window1: mouseVisible = True
969.8380 	EXP 	window1: mouseVisible = True
969.8381 	EXP 	window1: mouseVisible = True
969.8383 	EXP 	window1: mouseVisible = True
969.8384 	EXP 	window1: mouseVisible = True
969.8385 	EXP 	window1: mouseVisible = True
969.8387 	EXP 	window1: mouseVisible = True
969.8388 	EXP 	window1: mouseVisible = True
969.8389 	EXP 	window1: mouseVisible = True
969.8390 	EXP 	window1: mouseVisible = True
969.8392 	EXP 	window1: mouseVisible = True
969.8393 	EXP 	window1: mouseVisible = True
969.8394 	EXP 	window1: mouseVisible = True
969.8396 	EXP 	window1: mouseVisible = True
969.8397 	EXP 	window1: mouseVisible = True
969.8398 	EXP 	window1: mouseVisible = True
969.8399 	EXP 	window1: mouseVisible = True
969.8401 	EXP 	window1: mouseVisible = True
969.8402 	EXP 	window1: mouseVisible = True
969.8404 	EXP 	window1: mouseVisible = True
969.8405 	EXP 	window1: mouseVisible = True
969.8406 	EXP 	window1: mouseVisible = True
969.8408 	EXP 	window1: mouseVisible = True
969.8409 	EXP 	window1: mouseVisible = True
969.8410 	EXP 	window1: mouseVisible = True
969.8412 	EXP 	window1: mouseVisible = True
969.8413 	EXP 	window1: mouseVisible = True
969.8414 	EXP 	window1: mouseVisible = True
969.8416 	EXP 	window1: mouseVisible = True
969.8417 	EXP 	window1: mouseVisible = True
969.8418 	EXP 	window1: mouseVisible = True
969.8419 	EXP 	window1: mouseVisible = True
969.8421 	EXP 	window1: mouseVisible = True
969.8422 	EXP 	window1: mouseVisible = True
969.8423 	EXP 	window1: mouseVisible = True
969.8424 	EXP 	window1: mouseVisible = True
969.8426 	EXP 	window1: mouseVisible = True
969.8427 	EXP 	window1: mouseVisible = True
969.8428 	EXP 	window1: mouseVisible = True
969.8430 	EXP 	window1: mouseVisible = True
969.8431 	EXP 	window1: mouseVisible = True
969.8432 	EXP 	window1: mouseVisible = True
969.8433 	EXP 	window1: mouseVisible = True
969.8435 	EXP 	window1: mouseVisible = True
969.8436 	EXP 	window1: mouseVisible = True
969.8437 	EXP 	window1: mouseVisible = True
969.8439 	EXP 	window1: mouseVisible = True
969.8440 	EXP 	window1: mouseVisible = True
969.8441 	EXP 	window1: mouseVisible = True
969.8443 	EXP 	window1: mouseVisible = True
969.8444 	EXP 	window1: mouseVisible = True
969.8445 	EXP 	window1: mouseVisible = True
969.8447 	EXP 	window1: mouseVisible = True
969.8448 	EXP 	window1: mouseVisible = True
969.8449 	EXP 	window1: mouseVisible = True
969.8450 	EXP 	window1: mouseVisible = True
969.8452 	EXP 	window1: mouseVisible = True
969.8453 	EXP 	window1: mouseVisible = True
969.8454 	EXP 	window1: mouseVisible = True
969.8455 	EXP 	window1: mouseVisible = True
969.8457 	EXP 	window1: mouseVisible = True
969.8458 	EXP 	window1: mouseVisible = True
969.8459 	EXP 	window1: mouseVisible = True
969.8481 	EXP 	Created ratingScale = RatingScale(__class__=type(...), acceptKeys=['return'], acceptPreText=UNKNOWN, acceptSize=UNKNOWN, acceptText=UNKNOWN, autoLog=True, choices=False, colorSpace='rgb', depth=0, disappear=False, flipVert=False, high=100, kwargs=UNKNOWN, labels=list(...), leftKeys=['left'], lineColor=(255, 255, 255), low=0, marker=Rect(...), markerColor=(255, 255, 255), markerExpansion=UNKNOWN, markerStart=0.5, maxTime=0.0, minTime=0.4, mouseOnly=False, name='ratingScale', noMouse=False, pos=[0.0, 0.0], precision=100, respKeys=[], rightKeys=['right'], scale=None, self=UNKNOWN, showAccept=False, showValue=False, singleClick=False, size=0.6, skipKeys=['tab'], stretch=2.0, textColor='white', textFont='Helvetica Bold', textSize=0.144, tickHeight=0, tickMarks=10.0, win=Window(...))
969.8481 	EXP 	RatingScale ratingScale: reset()
969.8502 	EXP 	window1: mouseVisible = False
969.8612 	EXP 	thermode_locali_EVA: autoDraw = False
969.8612 	EXP 	thermode_locali_EVA: autoDraw = False
969.8612 	EXP 	ratingScale: flipVert = False
969.8612 	EXP 	ratingScale: autoLog = True
969.8626 	EXP 	window1: mouseVisible = False
969.8793 	EXP 	window1: mouseVisible = False
969.8959 	EXP 	window1: mouseVisible = False
969.9126 	EXP 	window1: mouseVisible = False
969.9293 	EXP 	window1: mouseVisible = False
969.9459 	EXP 	window1: mouseVisible = False
969.9628 	EXP 	window1: mouseVisible = False
969.9794 	EXP 	window1: mouseVisible = False
969.9959 	EXP 	window1: mouseVisible = False
970.0126 	EXP 	window1: mouseVisible = False
970.0293 	EXP 	window1: mouseVisible = False
970.0460 	EXP 	window1: mouseVisible = False
970.0627 	EXP 	window1: mouseVisible = False
970.0793 	EXP 	window1: mouseVisible = False
970.0960 	EXP 	window1: mouseVisible = False
970.1127 	EXP 	window1: mouseVisible = False
970.1293 	EXP 	window1: mouseVisible = False
970.1460 	EXP 	window1: mouseVisible = False
970.1629 	EXP 	window1: mouseVisible = False
970.1796 	EXP 	window1: mouseVisible = False
970.1959 	EXP 	window1: mouseVisible = False
970.2126 	EXP 	window1: mouseVisible = False
970.2294 	EXP 	window1: mouseVisible = False
970.2460 	EXP 	window1: mouseVisible = False
970.2626 	EXP 	window1: mouseVisible = False
970.2794 	EXP 	window1: mouseVisible = False
970.2960 	EXP 	window1: mouseVisible = False
970.3126 	EXP 	window1: mouseVisible = False
970.3293 	EXP 	window1: mouseVisible = False
970.3460 	EXP 	window1: mouseVisible = False
970.3627 	EXP 	window1: mouseVisible = False
970.3794 	EXP 	window1: mouseVisible = False
970.3960 	EXP 	window1: mouseVisible = False
970.4129 	EXP 	window1: mouseVisible = False
970.4295 	EXP 	window1: mouseVisible = False
970.4460 	EXP 	window1: mouseVisible = False
970.4627 	EXP 	window1: mouseVisible = False
970.4794 	EXP 	window1: mouseVisible = False
970.4959 	EXP 	window1: mouseVisible = False
970.5126 	EXP 	window1: mouseVisible = False
970.5293 	EXP 	window1: mouseVisible = False
970.5460 	EXP 	window1: mouseVisible = False
970.5628 	EXP 	window1: mouseVisible = False
970.5793 	EXP 	window1: mouseVisible = False
970.5960 	EXP 	window1: mouseVisible = False
970.6126 	EXP 	window1: mouseVisible = False
970.6293 	EXP 	window1: mouseVisible = False
970.6460 	EXP 	window1: mouseVisible = False
970.6627 	EXP 	window1: mouseVisible = False
970.6793 	EXP 	window1: mouseVisible = False
970.6960 	EXP 	window1: mouseVisible = False
970.7126 	EXP 	window1: mouseVisible = False
970.7293 	EXP 	window1: mouseVisible = False
970.7460 	EXP 	window1: mouseVisible = False
970.7626 	EXP 	window1: mouseVisible = False
970.7794 	EXP 	window1: mouseVisible = False
970.7960 	EXP 	window1: mouseVisible = False
970.8134 	EXP 	window1: mouseVisible = False
970.8294 	EXP 	window1: mouseVisible = False
970.8459 	EXP 	window1: mouseVisible = False
970.8627 	EXP 	window1: mouseVisible = False
970.8793 	EXP 	window1: mouseVisible = False
970.8960 	EXP 	window1: mouseVisible = False
970.9126 	EXP 	window1: mouseVisible = False
970.9293 	EXP 	window1: mouseVisible = False
970.9460 	EXP 	window1: mouseVisible = False
970.9627 	EXP 	window1: mouseVisible = False
970.9793 	EXP 	window1: mouseVisible = False
970.9960 	EXP 	window1: mouseVisible = False
971.0128 	EXP 	window1: mouseVisible = False
971.0289 	DATA 	Keypress: n
971.0295 	EXP 	window1: mouseVisible = False
971.0460 	EXP 	window1: mouseVisible = False
971.0628 	EXP 	window1: mouseVisible = False
971.0794 	EXP 	window1: mouseVisible = False
971.0960 	EXP 	window1: mouseVisible = False
971.1126 	EXP 	window1: mouseVisible = False
971.1293 	EXP 	window1: mouseVisible = False
971.1460 	EXP 	window1: mouseVisible = False
971.1628 	EXP 	window1: mouseVisible = False
971.1794 	EXP 	window1: mouseVisible = False
971.1961 	EXP 	window1: mouseVisible = False
971.2126 	EXP 	window1: mouseVisible = False
971.2293 	EXP 	window1: mouseVisible = False
971.2461 	EXP 	window1: mouseVisible = False
971.2627 	EXP 	window1: mouseVisible = False
971.2793 	EXP 	window1: mouseVisible = False
971.2960 	EXP 	window1: mouseVisible = False
971.3127 	EXP 	window1: mouseVisible = False
971.3293 	EXP 	window1: mouseVisible = False
971.3460 	EXP 	window1: mouseVisible = False
971.3627 	EXP 	window1: mouseVisible = False
971.3794 	EXP 	window1: mouseVisible = False
971.3964 	EXP 	window1: mouseVisible = False
971.4127 	EXP 	window1: mouseVisible = False
971.4293 	EXP 	window1: mouseVisible = False
971.4460 	EXP 	window1: mouseVisible = False
971.4627 	EXP 	window1: mouseVisible = False
971.4794 	EXP 	window1: mouseVisible = False
971.4962 	EXP 	window1: mouseVisible = False
971.5127 	EXP 	window1: mouseVisible = False
971.5294 	EXP 	window1: mouseVisible = False
971.5460 	EXP 	window1: mouseVisible = False
971.5629 	EXP 	window1: mouseVisible = False
971.5794 	EXP 	window1: mouseVisible = False
971.5960 	EXP 	window1: mouseVisible = False
971.6127 	EXP 	window1: mouseVisible = False
971.6293 	EXP 	window1: mouseVisible = False
971.6460 	EXP 	window1: mouseVisible = False
971.6627 	EXP 	window1: mouseVisible = False
971.6794 	EXP 	window1: mouseVisible = False
971.6960 	EXP 	window1: mouseVisible = False
971.7126 	EXP 	window1: mouseVisible = False
971.7293 	EXP 	window1: mouseVisible = False
971.7459 	EXP 	window1: mouseVisible = False
971.7627 	EXP 	window1: mouseVisible = False
971.7793 	EXP 	window1: mouseVisible = False
971.7960 	EXP 	window1: mouseVisible = False
971.8134 	EXP 	window1: mouseVisible = False
971.8294 	EXP 	window1: mouseVisible = False
971.8461 	EXP 	window1: mouseVisible = False
971.8627 	EXP 	window1: mouseVisible = False
971.8789 	DATA 	Keypress: m
971.8795 	EXP 	window1: mouseVisible = False
971.8960 	EXP 	window1: mouseVisible = False
971.9128 	EXP 	window1: mouseVisible = False
971.9294 	EXP 	window1: mouseVisible = False
971.9460 	EXP 	window1: mouseVisible = False
971.9627 	EXP 	window1: mouseVisible = False
971.9795 	EXP 	window1: mouseVisible = False
971.9960 	EXP 	window1: mouseVisible = False
972.0127 	EXP 	window1: mouseVisible = False
972.0293 	EXP 	window1: mouseVisible = False
972.0460 	EXP 	window1: mouseVisible = False
972.0627 	EXP 	window1: mouseVisible = False
972.0794 	EXP 	window1: mouseVisible = False
972.0974 	EXP 	window1: mouseVisible = False
972.1128 	EXP 	window1: mouseVisible = False
972.1294 	EXP 	window1: mouseVisible = False
972.1460 	EXP 	window1: mouseVisible = False
972.1627 	EXP 	window1: mouseVisible = False
972.1793 	EXP 	window1: mouseVisible = False
972.1960 	EXP 	window1: mouseVisible = False
972.2127 	EXP 	window1: mouseVisible = False
972.2294 	EXP 	window1: mouseVisible = False
972.2461 	EXP 	window1: mouseVisible = False
972.2627 	EXP 	window1: mouseVisible = False
972.2793 	EXP 	window1: mouseVisible = False
972.2961 	EXP 	window1: mouseVisible = False
972.3127 	EXP 	window1: mouseVisible = False
972.3297 	DATA 	Keypress: space
972.4446 	EXP 	main_text: autoDraw = True
972.4446 	EXP 	confirm_text: autoDraw = True
972.4446 	EXP 	ratingScale: autoDraw = False
972.4446 	EXP 	main_text: autoDraw = False
972.4446 	EXP 	confirm_text: autoDraw = False
972.4446 	EXP 	text_8: autoDraw = True
974.0782 	EXP 	Created sequence: random, trialTypes=1, nReps=4, seed=None
974.0783 	EXP 	New trial (rep=0, index=0): None
974.0799 	DATA 	Keypress: p
974.0946 	EXP 	text_8: autoDraw = False
974.0946 	EXP 	text_pic: autoDraw = True
974.0946 	EXP 	croix_3: autoDraw = True
979.0947 	EXP 	text_pic: autoDraw = False
979.0947 	EXP 	croix_3: autoDraw = False
979.0947 	EXP 	text_pic: autoDraw = False
979.0947 	EXP 	croix_3: autoDraw = False
979.0947 	EXP 	thermode_locali_pic: height = 0.02
979.0947 	EXP 	thermode_locali_pic: height = 0.02
979.0947 	EXP 	thermode_locali_pic: height = 0.02
979.0947 	EXP 	thermode_locali_pic: text = 'T : 0'
979.0947 	EXP 	responsel: text = 'OUI              '
979.0947 	EXP 	thermode_locali_pic: autoDraw = True
987.0782 	EXP 	responsel: autoDraw = True
987.0782 	EXP 	percu_or: autoDraw = True
987.0782 	EXP 	responser: autoDraw = True
988.9126 	DATA 	Keypress: n
988.9448 	EXP 	responser: foreColor = (0, 0, 0)
988.9614 	EXP 	responser: foreColor = (0, 0, 0)
988.9781 	EXP 	responser: foreColor = (0, 0, 0)
988.9948 	EXP 	responser: foreColor = (0, 0, 0)
989.0114 	EXP 	responser: foreColor = (0, 0, 0)
989.0282 	EXP 	responser: foreColor = (0, 0, 0)
989.0448 	EXP 	responser: foreColor = (0, 0, 0)
989.0614 	EXP 	responser: foreColor = (0, 0, 0)
989.0781 	EXP 	responser: foreColor = (0, 0, 0)
989.0948 	EXP 	responser: foreColor = (0, 0, 0)
989.1114 	EXP 	responser: foreColor = (0, 0, 0)
989.1281 	EXP 	responser: foreColor = (0, 0, 0)
989.1448 	EXP 	responser: foreColor = (0, 0, 0)
989.1614 	EXP 	responser: foreColor = (0, 0, 0)
989.1780 	EXP 	responser: foreColor = (0, 0, 0)
989.1948 	EXP 	responser: foreColor = (0, 0, 0)
989.2115 	EXP 	responser: foreColor = (0, 0, 0)
989.2281 	EXP 	responser: foreColor = (0, 0, 0)
989.2448 	EXP 	responser: foreColor = (0, 0, 0)
989.2614 	EXP 	responser: foreColor = (0, 0, 0)
989.2781 	EXP 	responser: foreColor = (0, 0, 0)
989.2948 	EXP 	responser: foreColor = (0, 0, 0)
989.3114 	EXP 	responser: foreColor = (0, 0, 0)
989.3281 	EXP 	responser: foreColor = (0, 0, 0)
989.3448 	EXP 	responser: foreColor = (0, 0, 0)
989.3614 	EXP 	responser: foreColor = (0, 0, 0)
989.3781 	EXP 	responser: foreColor = (0, 0, 0)
989.3948 	EXP 	responser: foreColor = (0, 0, 0)
989.4114 	EXP 	responser: foreColor = (0, 0, 0)
989.4281 	EXP 	responser: foreColor = (0, 0, 0)
989.4448 	EXP 	responser: foreColor = (0, 0, 0)
989.4614 	EXP 	responser: foreColor = (0, 0, 0)
989.4781 	EXP 	responser: foreColor = (0, 0, 0)
989.4948 	EXP 	responser: foreColor = (0, 0, 0)
989.5115 	EXP 	responser: foreColor = (0, 0, 0)
989.5281 	EXP 	responser: foreColor = (0, 0, 0)
989.5448 	EXP 	responser: foreColor = (0, 0, 0)
989.5614 	EXP 	responser: foreColor = (0, 0, 0)
989.5781 	EXP 	responser: foreColor = (0, 0, 0)
989.5948 	EXP 	responser: foreColor = (0, 0, 0)
989.6114 	EXP 	responser: foreColor = (0, 0, 0)
989.6282 	EXP 	responser: foreColor = (0, 0, 0)
989.6448 	EXP 	responser: foreColor = (0, 0, 0)
989.6614 	EXP 	responser: foreColor = (0, 0, 0)
989.6781 	EXP 	responser: foreColor = (0, 0, 0)
989.6948 	EXP 	responser: foreColor = (0, 0, 0)
989.7114 	EXP 	responser: foreColor = (0, 0, 0)
989.7281 	EXP 	responser: foreColor = (0, 0, 0)
989.7448 	EXP 	responser: foreColor = (0, 0, 0)
989.7614 	EXP 	responser: foreColor = (0, 0, 0)
989.7781 	EXP 	responser: foreColor = (0, 0, 0)
989.7948 	EXP 	responser: foreColor = (0, 0, 0)
989.8114 	EXP 	responser: foreColor = (0, 0, 0)
989.8281 	EXP 	responser: foreColor = (0, 0, 0)
989.8448 	EXP 	responser: foreColor = (0, 0, 0)
989.8614 	EXP 	responser: foreColor = (0, 0, 0)
989.8782 	EXP 	responser: foreColor = (0, 0, 0)
989.8948 	EXP 	responser: foreColor = (0, 0, 0)
989.9114 	EXP 	responser: foreColor = (0, 0, 0)
989.9281 	EXP 	responser: foreColor = (0, 0, 0)
989.9448 	EXP 	responser: foreColor = (0, 0, 0)
989.9614 	EXP 	responser: foreColor = (0, 0, 0)
989.9781 	EXP 	responser: foreColor = (0, 0, 0)
989.9948 	EXP 	responser: foreColor = (0, 0, 0)
990.0114 	EXP 	responser: foreColor = (0, 0, 0)
990.0281 	EXP 	responser: foreColor = (0, 0, 0)
990.0448 	EXP 	responser: foreColor = (0, 0, 0)
990.0448 	EXP 	thermode_locali_pic: autoDraw = False
990.0614 	EXP 	responser: foreColor = (0, 0, 0)
990.0620 	EXP 	New trial (rep=1, index=0): None
990.0781 	EXP 	responser: foreColor = (0, 0, 0)
990.0781 	EXP 	responsel: autoDraw = False
990.0781 	EXP 	percu_or: autoDraw = False
990.0781 	EXP 	responser: autoDraw = False
990.0781 	EXP 	thermode_locali_pic: autoDraw = False
990.0781 	EXP 	responsel: autoDraw = False
990.0781 	EXP 	percu_or: autoDraw = False
990.0781 	EXP 	responser: autoDraw = False
990.0781 	EXP 	responsel: foreColor = 'white'
990.0781 	EXP 	responser: foreColor = 'white'
990.0781 	EXP 	text_pic: autoDraw = True
990.0781 	EXP 	croix_3: autoDraw = True
995.0782 	EXP 	text_pic: autoDraw = False
995.0782 	EXP 	croix_3: autoDraw = False
995.0782 	EXP 	text_pic: autoDraw = False
995.0782 	EXP 	croix_3: autoDraw = False
995.0782 	EXP 	thermode_locali_pic: height = 0.02
995.0782 	EXP 	thermode_locali_pic: height = 0.02
995.0782 	EXP 	thermode_locali_pic: height = 0.02
995.0782 	EXP 	thermode_locali_pic: text = 'T : 1'
995.0782 	EXP 	responsel: text = 'OUI              '
995.0782 	EXP 	thermode_locali_pic: autoDraw = True
1003.0616 	EXP 	responsel: autoDraw = True
1003.0616 	EXP 	percu_or: autoDraw = True
1003.0616 	EXP 	responser: autoDraw = True
1003.8127 	DATA 	Keypress: n
1003.8449 	EXP 	responser: foreColor = (0, 0, 0)
1003.8616 	EXP 	responser: foreColor = (0, 0, 0)
1003.8783 	EXP 	responser: foreColor = (0, 0, 0)
1003.8949 	EXP 	responser: foreColor = (0, 0, 0)
1003.9116 	EXP 	responser: foreColor = (0, 0, 0)
1003.9282 	EXP 	responser: foreColor = (0, 0, 0)
1003.9449 	EXP 	responser: foreColor = (0, 0, 0)
1003.9616 	EXP 	responser: foreColor = (0, 0, 0)
1003.9783 	EXP 	responser: foreColor = (0, 0, 0)
1003.9949 	EXP 	responser: foreColor = (0, 0, 0)
1004.0116 	EXP 	responser: foreColor = (0, 0, 0)
1004.0282 	EXP 	responser: foreColor = (0, 0, 0)
1004.0449 	EXP 	responser: foreColor = (0, 0, 0)
1004.0616 	EXP 	responser: foreColor = (0, 0, 0)
1004.0783 	EXP 	responser: foreColor = (0, 0, 0)
1004.0949 	EXP 	responser: foreColor = (0, 0, 0)
1004.1116 	EXP 	responser: foreColor = (0, 0, 0)
1004.1283 	EXP 	responser: foreColor = (0, 0, 0)
1004.1449 	EXP 	responser: foreColor = (0, 0, 0)
1004.1616 	EXP 	responser: foreColor = (0, 0, 0)
1004.1783 	EXP 	responser: foreColor = (0, 0, 0)
1004.1949 	EXP 	responser: foreColor = (0, 0, 0)
1004.2116 	EXP 	responser: foreColor = (0, 0, 0)
1004.2282 	EXP 	responser: foreColor = (0, 0, 0)
1004.2449 	EXP 	responser: foreColor = (0, 0, 0)
1004.2616 	EXP 	responser: foreColor = (0, 0, 0)
1004.2783 	EXP 	responser: foreColor = (0, 0, 0)
1004.2949 	EXP 	responser: foreColor = (0, 0, 0)
1004.3116 	EXP 	responser: foreColor = (0, 0, 0)
1004.3283 	EXP 	responser: foreColor = (0, 0, 0)
1004.3449 	EXP 	responser: foreColor = (0, 0, 0)
1004.3616 	EXP 	responser: foreColor = (0, 0, 0)
1004.3783 	EXP 	responser: foreColor = (0, 0, 0)
1004.3949 	EXP 	responser: foreColor = (0, 0, 0)
1004.4116 	EXP 	responser: foreColor = (0, 0, 0)
1004.4282 	EXP 	responser: foreColor = (0, 0, 0)
1004.4449 	EXP 	responser: foreColor = (0, 0, 0)
1004.4616 	EXP 	responser: foreColor = (0, 0, 0)
1004.4783 	EXP 	responser: foreColor = (0, 0, 0)
1004.4949 	EXP 	responser: foreColor = (0, 0, 0)
1004.5116 	EXP 	responser: foreColor = (0, 0, 0)
1004.5283 	EXP 	responser: foreColor = (0, 0, 0)
1004.5449 	EXP 	responser: foreColor = (0, 0, 0)
1004.5615 	EXP 	responser: foreColor = (0, 0, 0)
1004.5783 	EXP 	responser: foreColor = (0, 0, 0)
1004.5949 	EXP 	responser: foreColor = (0, 0, 0)
1004.6116 	EXP 	responser: foreColor = (0, 0, 0)
1004.6283 	EXP 	responser: foreColor = (0, 0, 0)
1004.6450 	EXP 	responser: foreColor = (0, 0, 0)
1004.6616 	EXP 	responser: foreColor = (0, 0, 0)
1004.6783 	EXP 	responser: foreColor = (0, 0, 0)
1004.6949 	EXP 	responser: foreColor = (0, 0, 0)
1004.7116 	EXP 	responser: foreColor = (0, 0, 0)
1004.7283 	EXP 	responser: foreColor = (0, 0, 0)
1004.7449 	EXP 	responser: foreColor = (0, 0, 0)
1004.7616 	EXP 	responser: foreColor = (0, 0, 0)
1004.7783 	EXP 	responser: foreColor = (0, 0, 0)
1004.7949 	EXP 	responser: foreColor = (0, 0, 0)
1004.8116 	EXP 	responser: foreColor = (0, 0, 0)
1004.8283 	EXP 	responser: foreColor = (0, 0, 0)
1004.8449 	EXP 	responser: foreColor = (0, 0, 0)
1004.8616 	EXP 	responser: foreColor = (0, 0, 0)
1004.8783 	EXP 	responser: foreColor = (0, 0, 0)
1004.8949 	EXP 	responser: foreColor = (0, 0, 0)
1004.9116 	EXP 	responser: foreColor = (0, 0, 0)
1004.9283 	EXP 	responser: foreColor = (0, 0, 0)
1004.9450 	EXP 	responser: foreColor = (0, 0, 0)
1004.9617 	EXP 	responser: foreColor = (0, 0, 0)
1004.9783 	EXP 	responser: foreColor = (0, 0, 0)
1004.9950 	EXP 	responser: foreColor = (0, 0, 0)
1005.0116 	EXP 	responser: foreColor = (0, 0, 0)
1005.0284 	EXP 	responser: foreColor = (0, 0, 0)
1005.0450 	EXP 	responser: foreColor = (0, 0, 0)
1005.0616 	EXP 	responser: foreColor = (0, 0, 0)
1005.0783 	EXP 	responser: foreColor = (0, 0, 0)
1005.0950 	EXP 	responser: foreColor = (0, 0, 0)
1005.1116 	EXP 	responser: foreColor = (0, 0, 0)
1005.1283 	EXP 	responser: foreColor = (0, 0, 0)
1005.1450 	EXP 	responser: foreColor = (0, 0, 0)
1005.1616 	EXP 	responser: foreColor = (0, 0, 0)
1005.1783 	EXP 	responser: foreColor = (0, 0, 0)
1005.1950 	EXP 	responser: foreColor = (0, 0, 0)
1005.2116 	EXP 	responser: foreColor = (0, 0, 0)
1005.2283 	EXP 	responser: foreColor = (0, 0, 0)
1005.2450 	EXP 	responser: foreColor = (0, 0, 0)
1005.2617 	EXP 	responser: foreColor = (0, 0, 0)
1005.2783 	EXP 	responser: foreColor = (0, 0, 0)
1005.2950 	EXP 	responser: foreColor = (0, 0, 0)
1005.3116 	EXP 	responser: foreColor = (0, 0, 0)
1005.3283 	EXP 	responser: foreColor = (0, 0, 0)
1005.3450 	EXP 	responser: foreColor = (0, 0, 0)
1005.3616 	EXP 	responser: foreColor = (0, 0, 0)
1005.3783 	EXP 	responser: foreColor = (0, 0, 0)
1005.3950 	EXP 	responser: foreColor = (0, 0, 0)
1005.4116 	EXP 	responser: foreColor = (0, 0, 0)
1005.4283 	EXP 	responser: foreColor = (0, 0, 0)
1005.4450 	EXP 	responser: foreColor = (0, 0, 0)
1005.4617 	EXP 	responser: foreColor = (0, 0, 0)
1005.4783 	EXP 	responser: foreColor = (0, 0, 0)
1005.4950 	EXP 	responser: foreColor = (0, 0, 0)
1005.5116 	EXP 	responser: foreColor = (0, 0, 0)
1005.5283 	EXP 	responser: foreColor = (0, 0, 0)
1005.5450 	EXP 	responser: foreColor = (0, 0, 0)
1005.5617 	EXP 	responser: foreColor = (0, 0, 0)
1005.5784 	EXP 	responser: foreColor = (0, 0, 0)
1005.5950 	EXP 	responser: foreColor = (0, 0, 0)
1005.6116 	EXP 	responser: foreColor = (0, 0, 0)
1005.6283 	EXP 	responser: foreColor = (0, 0, 0)
1005.6450 	EXP 	responser: foreColor = (0, 0, 0)
1005.6616 	EXP 	responser: foreColor = (0, 0, 0)
1005.6783 	EXP 	responser: foreColor = (0, 0, 0)
1005.6950 	EXP 	responser: foreColor = (0, 0, 0)
1005.7117 	EXP 	responser: foreColor = (0, 0, 0)
1005.7283 	EXP 	responser: foreColor = (0, 0, 0)
1005.7450 	EXP 	responser: foreColor = (0, 0, 0)
1005.7616 	EXP 	responser: foreColor = (0, 0, 0)
1005.7783 	EXP 	responser: foreColor = (0, 0, 0)
1005.7949 	EXP 	responser: foreColor = (0, 0, 0)
1005.8117 	EXP 	responser: foreColor = (0, 0, 0)
1005.8283 	EXP 	responser: foreColor = (0, 0, 0)
1005.8449 	EXP 	responser: foreColor = (0, 0, 0)
1005.8616 	EXP 	responser: foreColor = (0, 0, 0)
1005.8784 	EXP 	responser: foreColor = (0, 0, 0)
1005.8949 	EXP 	responser: foreColor = (0, 0, 0)
1005.9117 	EXP 	responser: foreColor = (0, 0, 0)
1005.9284 	EXP 	responser: foreColor = (0, 0, 0)
1005.9450 	EXP 	responser: foreColor = (0, 0, 0)
1005.9616 	EXP 	responser: foreColor = (0, 0, 0)
1005.9783 	EXP 	responser: foreColor = (0, 0, 0)
1005.9950 	EXP 	responser: foreColor = (0, 0, 0)
1006.0116 	EXP 	responser: foreColor = (0, 0, 0)
1006.0283 	EXP 	responser: foreColor = (0, 0, 0)
1006.0283 	EXP 	thermode_locali_pic: autoDraw = False
1006.0450 	EXP 	responser: foreColor = (0, 0, 0)
1006.0455 	EXP 	New trial (rep=2, index=0): None
1006.0616 	EXP 	responser: foreColor = (0, 0, 0)
1006.0616 	EXP 	responsel: autoDraw = False
1006.0616 	EXP 	percu_or: autoDraw = False
1006.0616 	EXP 	responser: autoDraw = False
1006.0616 	EXP 	thermode_locali_pic: autoDraw = False
1006.0616 	EXP 	responsel: autoDraw = False
1006.0616 	EXP 	percu_or: autoDraw = False
1006.0616 	EXP 	responser: autoDraw = False
1006.0616 	EXP 	responsel: foreColor = 'white'
1006.0616 	EXP 	responser: foreColor = 'white'
1006.0616 	EXP 	text_pic: autoDraw = True
1006.0616 	EXP 	croix_3: autoDraw = True
1011.0617 	EXP 	text_pic: autoDraw = False
1011.0617 	EXP 	croix_3: autoDraw = False
1011.0617 	EXP 	text_pic: autoDraw = False
1011.0617 	EXP 	croix_3: autoDraw = False
1011.0617 	EXP 	thermode_locali_pic: height = 0.02
1011.0617 	EXP 	thermode_locali_pic: height = 0.02
1011.0617 	EXP 	thermode_locali_pic: height = 0.02
1011.0617 	EXP 	thermode_locali_pic: text = 'T : 2'
1011.0617 	EXP 	responsel: text = 'OUI              '
1011.0617 	EXP 	thermode_locali_pic: autoDraw = True
1019.0451 	EXP 	responsel: autoDraw = True
1019.0451 	EXP 	percu_or: autoDraw = True
1019.0451 	EXP 	responser: autoDraw = True
1019.7462 	DATA 	Keypress: m
1019.7785 	EXP 	responsel: foreColor = (0, 0, 0)
1019.7951 	EXP 	responsel: foreColor = (0, 0, 0)
1019.8118 	EXP 	responsel: foreColor = (0, 0, 0)
1019.8285 	EXP 	responsel: foreColor = (0, 0, 0)
1019.8452 	EXP 	responsel: foreColor = (0, 0, 0)
1019.8618 	EXP 	responsel: foreColor = (0, 0, 0)
1019.8784 	EXP 	responsel: foreColor = (0, 0, 0)
1019.8951 	EXP 	responsel: foreColor = (0, 0, 0)
1019.9118 	EXP 	responsel: foreColor = (0, 0, 0)
1019.9285 	EXP 	responsel: foreColor = (0, 0, 0)
1019.9451 	EXP 	responsel: foreColor = (0, 0, 0)
1019.9619 	EXP 	responsel: foreColor = (0, 0, 0)
1019.9785 	EXP 	responsel: foreColor = (0, 0, 0)
1019.9951 	EXP 	responsel: foreColor = (0, 0, 0)
1020.0118 	EXP 	responsel: foreColor = (0, 0, 0)
1020.0285 	EXP 	responsel: foreColor = (0, 0, 0)
1020.0451 	EXP 	responsel: foreColor = (0, 0, 0)
1020.0618 	EXP 	responsel: foreColor = (0, 0, 0)
1020.0785 	EXP 	responsel: foreColor = (0, 0, 0)
1020.0951 	EXP 	responsel: foreColor = (0, 0, 0)
1020.1118 	EXP 	responsel: foreColor = (0, 0, 0)
1020.1285 	EXP 	responsel: foreColor = (0, 0, 0)
1020.1452 	EXP 	responsel: foreColor = (0, 0, 0)
1020.1618 	EXP 	responsel: foreColor = (0, 0, 0)
1020.1785 	EXP 	responsel: foreColor = (0, 0, 0)
1020.1951 	EXP 	responsel: foreColor = (0, 0, 0)
1020.2118 	EXP 	responsel: foreColor = (0, 0, 0)
1020.2285 	EXP 	responsel: foreColor = (0, 0, 0)
1020.2451 	EXP 	responsel: foreColor = (0, 0, 0)
1020.2619 	EXP 	responsel: foreColor = (0, 0, 0)
1020.2785 	EXP 	responsel: foreColor = (0, 0, 0)
1020.2951 	EXP 	responsel: foreColor = (0, 0, 0)
1020.3118 	EXP 	responsel: foreColor = (0, 0, 0)
1020.3285 	EXP 	responsel: foreColor = (0, 0, 0)
1020.3451 	EXP 	responsel: foreColor = (0, 0, 0)
1020.3618 	EXP 	responsel: foreColor = (0, 0, 0)
1020.3785 	EXP 	responsel: foreColor = (0, 0, 0)
1020.3951 	EXP 	responsel: foreColor = (0, 0, 0)
1020.4119 	EXP 	responsel: foreColor = (0, 0, 0)
1020.4285 	EXP 	responsel: foreColor = (0, 0, 0)
1020.4451 	EXP 	responsel: foreColor = (0, 0, 0)
1020.4618 	EXP 	responsel: foreColor = (0, 0, 0)
1020.4785 	EXP 	responsel: foreColor = (0, 0, 0)
1020.4951 	EXP 	responsel: foreColor = (0, 0, 0)
1020.5118 	EXP 	responsel: foreColor = (0, 0, 0)
1020.5284 	EXP 	responsel: foreColor = (0, 0, 0)
1020.5451 	EXP 	responsel: foreColor = (0, 0, 0)
1020.5618 	EXP 	responsel: foreColor = (0, 0, 0)
1020.5785 	EXP 	responsel: foreColor = (0, 0, 0)
1020.5951 	EXP 	responsel: foreColor = (0, 0, 0)
1020.6118 	EXP 	responsel: foreColor = (0, 0, 0)
1020.6285 	EXP 	responsel: foreColor = (0, 0, 0)
1020.6451 	EXP 	responsel: foreColor = (0, 0, 0)
1020.6618 	EXP 	responsel: foreColor = (0, 0, 0)
1020.6785 	EXP 	responsel: foreColor = (0, 0, 0)
1020.6952 	EXP 	responsel: foreColor = (0, 0, 0)
1020.7118 	EXP 	responsel: foreColor = (0, 0, 0)
1020.7285 	EXP 	responsel: foreColor = (0, 0, 0)
1020.7451 	EXP 	responsel: foreColor = (0, 0, 0)
1020.7618 	EXP 	responsel: foreColor = (0, 0, 0)
1020.7785 	EXP 	responsel: foreColor = (0, 0, 0)
1020.7951 	EXP 	responsel: foreColor = (0, 0, 0)
1020.8119 	EXP 	responsel: foreColor = (0, 0, 0)
1020.8284 	EXP 	responsel: foreColor = (0, 0, 0)
1020.8451 	EXP 	responsel: foreColor = (0, 0, 0)
1020.8618 	EXP 	responsel: foreColor = (0, 0, 0)
1020.8785 	EXP 	responsel: foreColor = (0, 0, 0)
1020.8951 	EXP 	responsel: foreColor = (0, 0, 0)
1020.9118 	EXP 	responsel: foreColor = (0, 0, 0)
1020.9285 	EXP 	responsel: foreColor = (0, 0, 0)
1020.9451 	EXP 	responsel: foreColor = (0, 0, 0)
1020.9618 	EXP 	responsel: foreColor = (0, 0, 0)
1020.9785 	EXP 	responsel: foreColor = (0, 0, 0)
1020.9952 	EXP 	responsel: foreColor = (0, 0, 0)
1021.0118 	EXP 	responsel: foreColor = (0, 0, 0)
1021.0285 	EXP 	responsel: foreColor = (0, 0, 0)
1021.0451 	EXP 	responsel: foreColor = (0, 0, 0)
1021.0618 	EXP 	responsel: foreColor = (0, 0, 0)
1021.0784 	EXP 	responsel: foreColor = (0, 0, 0)
1021.0951 	EXP 	responsel: foreColor = (0, 0, 0)
1021.1118 	EXP 	responsel: foreColor = (0, 0, 0)
1021.1284 	EXP 	responsel: foreColor = (0, 0, 0)
1021.1451 	EXP 	responsel: foreColor = (0, 0, 0)
1021.1618 	EXP 	responsel: foreColor = (0, 0, 0)
1021.1785 	EXP 	responsel: foreColor = (0, 0, 0)
1021.1951 	EXP 	responsel: foreColor = (0, 0, 0)
1021.2118 	EXP 	responsel: foreColor = (0, 0, 0)
1021.2285 	EXP 	responsel: foreColor = (0, 0, 0)
1021.2452 	EXP 	responsel: foreColor = (0, 0, 0)
1021.2618 	EXP 	responsel: foreColor = (0, 0, 0)
1021.2784 	EXP 	responsel: foreColor = (0, 0, 0)
1021.2951 	EXP 	responsel: foreColor = (0, 0, 0)
1021.3118 	EXP 	responsel: foreColor = (0, 0, 0)
1021.3285 	EXP 	responsel: foreColor = (0, 0, 0)
1021.3451 	EXP 	responsel: foreColor = (0, 0, 0)
1021.3618 	EXP 	responsel: foreColor = (0, 0, 0)
1021.3784 	EXP 	responsel: foreColor = (0, 0, 0)
1021.3951 	EXP 	responsel: foreColor = (0, 0, 0)
1021.4118 	EXP 	responsel: foreColor = (0, 0, 0)
1021.4284 	EXP 	responsel: foreColor = (0, 0, 0)
1021.4451 	EXP 	responsel: foreColor = (0, 0, 0)
1021.4618 	EXP 	responsel: foreColor = (0, 0, 0)
1021.4785 	EXP 	responsel: foreColor = (0, 0, 0)
1021.4951 	EXP 	responsel: foreColor = (0, 0, 0)
1021.5118 	EXP 	responsel: foreColor = (0, 0, 0)
1021.5285 	EXP 	responsel: foreColor = (0, 0, 0)
1021.5452 	EXP 	responsel: foreColor = (0, 0, 0)
1021.5618 	EXP 	responsel: foreColor = (0, 0, 0)
1021.5785 	EXP 	responsel: foreColor = (0, 0, 0)
1021.5951 	EXP 	responsel: foreColor = (0, 0, 0)
1021.6118 	EXP 	responsel: foreColor = (0, 0, 0)
1021.6285 	EXP 	responsel: foreColor = (0, 0, 0)
1021.6451 	EXP 	responsel: foreColor = (0, 0, 0)
1021.6618 	EXP 	responsel: foreColor = (0, 0, 0)
1021.6785 	EXP 	responsel: foreColor = (0, 0, 0)
1021.6951 	EXP 	responsel: foreColor = (0, 0, 0)
1021.7118 	EXP 	responsel: foreColor = (0, 0, 0)
1021.7284 	EXP 	responsel: foreColor = (0, 0, 0)
1021.7451 	EXP 	responsel: foreColor = (0, 0, 0)
1021.7618 	EXP 	responsel: foreColor = (0, 0, 0)
1021.7785 	EXP 	responsel: foreColor = (0, 0, 0)
1021.7951 	EXP 	responsel: foreColor = (0, 0, 0)
1021.8118 	EXP 	responsel: foreColor = (0, 0, 0)
1021.8285 	EXP 	responsel: foreColor = (0, 0, 0)
1021.8451 	EXP 	responsel: foreColor = (0, 0, 0)
1021.8618 	EXP 	responsel: foreColor = (0, 0, 0)
1021.8785 	EXP 	responsel: foreColor = (0, 0, 0)
1021.8951 	EXP 	responsel: foreColor = (0, 0, 0)
1021.9118 	EXP 	responsel: foreColor = (0, 0, 0)
1021.9285 	EXP 	responsel: foreColor = (0, 0, 0)
1021.9451 	EXP 	responsel: foreColor = (0, 0, 0)
1021.9619 	EXP 	responsel: foreColor = (0, 0, 0)
1021.9785 	EXP 	responsel: foreColor = (0, 0, 0)
1021.9951 	EXP 	responsel: foreColor = (0, 0, 0)
1022.0118 	EXP 	responsel: foreColor = (0, 0, 0)
1022.0118 	EXP 	thermode_locali_pic: autoDraw = False
1022.0285 	EXP 	responsel: foreColor = (0, 0, 0)
1022.0290 	EXP 	New trial (rep=3, index=0): None
1022.0451 	EXP 	responsel: foreColor = (0, 0, 0)
1022.0451 	EXP 	responsel: autoDraw = False
1022.0451 	EXP 	percu_or: autoDraw = False
1022.0451 	EXP 	responser: autoDraw = False
1022.0451 	EXP 	thermode_locali_pic: autoDraw = False
1022.0451 	EXP 	responsel: autoDraw = False
1022.0451 	EXP 	percu_or: autoDraw = False
1022.0451 	EXP 	responser: autoDraw = False
1022.0451 	EXP 	responsel: foreColor = 'white'
1022.0451 	EXP 	responser: foreColor = 'white'
1022.0451 	EXP 	text_pic: autoDraw = True
1022.0451 	EXP 	croix_3: autoDraw = True
1027.0452 	EXP 	text_pic: autoDraw = False
1027.0452 	EXP 	croix_3: autoDraw = False
1027.0452 	EXP 	text_pic: autoDraw = False
1027.0452 	EXP 	croix_3: autoDraw = False
1027.0452 	EXP 	thermode_locali_pic: height = 0.02
1027.0452 	EXP 	thermode_locali_pic: height = 0.02
1027.0452 	EXP 	thermode_locali_pic: height = 0.02
1027.0452 	EXP 	thermode_locali_pic: text = 'T : 3'
1027.0452 	EXP 	responsel: text = 'OUI              '
1027.0452 	EXP 	thermode_locali_pic: autoDraw = True
1035.0286 	EXP 	responsel: autoDraw = True
1035.0286 	EXP 	percu_or: autoDraw = True
1035.0286 	EXP 	responser: autoDraw = True
1036.4131 	DATA 	Keypress: m
1036.4453 	EXP 	responsel: foreColor = (0, 0, 0)
1036.4619 	EXP 	responsel: foreColor = (0, 0, 0)
1036.4786 	EXP 	responsel: foreColor = (0, 0, 0)
1036.4953 	EXP 	responsel: foreColor = (0, 0, 0)
1036.5119 	EXP 	responsel: foreColor = (0, 0, 0)
1036.5286 	EXP 	responsel: foreColor = (0, 0, 0)
1036.5453 	EXP 	responsel: foreColor = (0, 0, 0)
1036.5619 	EXP 	responsel: foreColor = (0, 0, 0)
1036.5789 	EXP 	responsel: foreColor = (0, 0, 0)
1036.5953 	EXP 	responsel: foreColor = (0, 0, 0)
1036.6120 	EXP 	responsel: foreColor = (0, 0, 0)
1036.6286 	EXP 	responsel: foreColor = (0, 0, 0)
1036.6453 	EXP 	responsel: foreColor = (0, 0, 0)
1036.6619 	EXP 	responsel: foreColor = (0, 0, 0)
1036.6786 	EXP 	responsel: foreColor = (0, 0, 0)
1036.6953 	EXP 	responsel: foreColor = (0, 0, 0)
1036.7119 	EXP 	responsel: foreColor = (0, 0, 0)
1036.7286 	EXP 	responsel: foreColor = (0, 0, 0)
1036.7453 	EXP 	responsel: foreColor = (0, 0, 0)
1036.7619 	EXP 	responsel: foreColor = (0, 0, 0)
1036.7786 	EXP 	responsel: foreColor = (0, 0, 0)
1036.7953 	EXP 	responsel: foreColor = (0, 0, 0)
1036.8119 	EXP 	responsel: foreColor = (0, 0, 0)
1036.8286 	EXP 	responsel: foreColor = (0, 0, 0)
1036.8453 	EXP 	responsel: foreColor = (0, 0, 0)
1036.8619 	EXP 	responsel: foreColor = (0, 0, 0)
1036.8786 	EXP 	responsel: foreColor = (0, 0, 0)
1036.8952 	EXP 	responsel: foreColor = (0, 0, 0)
1036.9119 	EXP 	responsel: foreColor = (0, 0, 0)
1036.9286 	EXP 	responsel: foreColor = (0, 0, 0)
1036.9453 	EXP 	responsel: foreColor = (0, 0, 0)
1036.9620 	EXP 	responsel: foreColor = (0, 0, 0)
1036.9786 	EXP 	responsel: foreColor = (0, 0, 0)
1036.9953 	EXP 	responsel: foreColor = (0, 0, 0)
1037.0119 	EXP 	responsel: foreColor = (0, 0, 0)
1037.0286 	EXP 	responsel: foreColor = (0, 0, 0)
1037.0453 	EXP 	responsel: foreColor = (0, 0, 0)
1037.0619 	EXP 	responsel: foreColor = (0, 0, 0)
1037.0786 	EXP 	responsel: foreColor = (0, 0, 0)
1037.0953 	EXP 	responsel: foreColor = (0, 0, 0)
1037.1119 	EXP 	responsel: foreColor = (0, 0, 0)
1037.1286 	EXP 	responsel: foreColor = (0, 0, 0)
1037.1453 	EXP 	responsel: foreColor = (0, 0, 0)
1037.1619 	EXP 	responsel: foreColor = (0, 0, 0)
1037.1786 	EXP 	responsel: foreColor = (0, 0, 0)
1037.1952 	EXP 	responsel: foreColor = (0, 0, 0)
1037.2119 	EXP 	responsel: foreColor = (0, 0, 0)
1037.2286 	EXP 	responsel: foreColor = (0, 0, 0)
1037.2452 	EXP 	responsel: foreColor = (0, 0, 0)
1037.2620 	EXP 	responsel: foreColor = (0, 0, 0)
1037.2786 	EXP 	responsel: foreColor = (0, 0, 0)
1037.2953 	EXP 	responsel: foreColor = (0, 0, 0)
1037.3120 	EXP 	responsel: foreColor = (0, 0, 0)
1037.3287 	EXP 	responsel: foreColor = (0, 0, 0)
1037.3453 	EXP 	responsel: foreColor = (0, 0, 0)
1037.3620 	EXP 	responsel: foreColor = (0, 0, 0)
1037.3787 	EXP 	responsel: foreColor = (0, 0, 0)
1037.3953 	EXP 	responsel: foreColor = (0, 0, 0)
1037.4120 	EXP 	responsel: foreColor = (0, 0, 0)
1037.4287 	EXP 	responsel: foreColor = (0, 0, 0)
1037.4453 	EXP 	responsel: foreColor = (0, 0, 0)
1037.4620 	EXP 	responsel: foreColor = (0, 0, 0)
1037.4787 	EXP 	responsel: foreColor = (0, 0, 0)
1037.4953 	EXP 	responsel: foreColor = (0, 0, 0)
1037.5119 	EXP 	responsel: foreColor = (0, 0, 0)
1037.5286 	EXP 	responsel: foreColor = (0, 0, 0)
1037.5454 	EXP 	responsel: foreColor = (0, 0, 0)
1037.5619 	EXP 	responsel: foreColor = (0, 0, 0)
1037.5786 	EXP 	responsel: foreColor = (0, 0, 0)
1037.5953 	EXP 	responsel: foreColor = (0, 0, 0)
1037.6120 	EXP 	responsel: foreColor = (0, 0, 0)
1037.6286 	EXP 	responsel: foreColor = (0, 0, 0)
1037.6453 	EXP 	responsel: foreColor = (0, 0, 0)
1037.6620 	EXP 	responsel: foreColor = (0, 0, 0)
1037.6786 	EXP 	responsel: foreColor = (0, 0, 0)
1037.6953 	EXP 	responsel: foreColor = (0, 0, 0)
1037.7120 	EXP 	responsel: foreColor = (0, 0, 0)
1037.7287 	EXP 	responsel: foreColor = (0, 0, 0)
1037.7453 	EXP 	responsel: foreColor = (0, 0, 0)
1037.7620 	EXP 	responsel: foreColor = (0, 0, 0)
1037.7786 	EXP 	responsel: foreColor = (0, 0, 0)
1037.7953 	EXP 	responsel: foreColor = (0, 0, 0)
1037.8120 	EXP 	responsel: foreColor = (0, 0, 0)
1037.8286 	EXP 	responsel: foreColor = (0, 0, 0)
1037.8454 	EXP 	responsel: foreColor = (0, 0, 0)
1037.8620 	EXP 	responsel: foreColor = (0, 0, 0)
1037.8787 	EXP 	responsel: foreColor = (0, 0, 0)
1037.8953 	EXP 	responsel: foreColor = (0, 0, 0)
1037.9120 	EXP 	responsel: foreColor = (0, 0, 0)
1037.9287 	EXP 	responsel: foreColor = (0, 0, 0)
1037.9453 	EXP 	responsel: foreColor = (0, 0, 0)
1037.9620 	EXP 	responsel: foreColor = (0, 0, 0)
1037.9787 	EXP 	responsel: foreColor = (0, 0, 0)
1037.9953 	EXP 	responsel: foreColor = (0, 0, 0)
1037.9953 	EXP 	thermode_locali_pic: autoDraw = False
1038.0120 	EXP 	responsel: foreColor = (0, 0, 0)
1038.0285 	EXP 	responsel: foreColor = (0, 0, 0)
1038.0285 	EXP 	responsel: autoDraw = False
1038.0285 	EXP 	percu_or: autoDraw = False
1038.0285 	EXP 	responser: autoDraw = False
1038.0285 	EXP 	thermode_locali_pic: autoDraw = False
1038.0285 	EXP 	responsel: autoDraw = False
1038.0285 	EXP 	percu_or: autoDraw = False
1038.0285 	EXP 	responser: autoDraw = False
1038.0285 	EXP 	responsel: foreColor = 'white'
1038.0285 	EXP 	responser: foreColor = 'white'
1038.0285 	EXP 	text_3: autoDraw = True
1066.0792 	EXP 	New trial (rep=1, index=0): None
1066.0796 	DATA 	Keypress: p
1066.0956 	EXP 	text_3: autoDraw = False
1066.0956 	EXP 	text_4: autoDraw = True
1071.4128 	DATA 	Keypress: p
1071.4290 	EXP 	text_4: autoDraw = False
1071.4290 	EXP 	text_7: autoDraw = True
1071.5962 	DATA 	Keypress: p
1071.6126 	EXP 	Created sequence: sequential, trialTypes=1, nReps=16, seed=None
1071.6127 	EXP 	New trial (rep=0, index=0): None
1071.6290 	EXP 	text_7: autoDraw = False
1071.6290 	EXP 	text_2: autoDraw = True
1071.6290 	EXP 	croix: autoDraw = True
1076.6291 	EXP 	text_2: autoDraw = False
1076.6291 	EXP 	croix: autoDraw = False
1076.6291 	EXP 	text_2: autoDraw = False
1076.6291 	EXP 	croix: autoDraw = False
1076.6291 	EXP 	thermode_locali: autoDraw = True
1088.6129 	EXP 	window1: mouseVisible = True
1088.6138 	EXP 	Created unnamed Rect = Rect(__class__=<class 'psychopy.visual.rect.Rect'>, anchor=('center', 'center'), autoDraw=False, autoLog=True, closeShape=True, color=method-wrapper(...), colorSpace='rgb', contrast=None, depth=0, draggable=False, fillColor=array([1, 1, 1]), fillColorSpace='rgb', fillRGB=array([1, 1, 1]), interpolate=True, lineColor=array([1., 1., 1.]), lineColorSpace='rgb', lineRGB=array([1, 1, 1]), lineWidth=1.5, name='unnamed Rect', opacity=1.0, ori=0.0, pos=array([0., 0.]), size=array([0.01, 0.1 ]), units='norm', vertices=ndarray(...), win=Window(...))
1088.6139 	EXP 	window1: mouseVisible = True
1088.6140 	EXP 	window1: mouseVisible = True
1088.6145 	EXP 	window1: mouseVisible = True
1088.6172 	EXP 	window1: mouseVisible = True
1088.6196 	EXP 	window1: mouseVisible = True
1088.6198 	EXP 	window1: mouseVisible = True
1088.6200 	EXP 	window1: mouseVisible = True
1088.6201 	EXP 	window1: mouseVisible = True
1088.6202 	EXP 	window1: mouseVisible = True
1088.6204 	EXP 	window1: mouseVisible = True
1088.6205 	EXP 	window1: mouseVisible = True
1088.6207 	EXP 	window1: mouseVisible = True
1088.6208 	EXP 	window1: mouseVisible = True
1088.6209 	EXP 	window1: mouseVisible = True
1088.6211 	EXP 	window1: mouseVisible = True
1088.6212 	EXP 	window1: mouseVisible = True
1088.6213 	EXP 	window1: mouseVisible = True
1088.6214 	EXP 	window1: mouseVisible = True
1088.6216 	EXP 	window1: mouseVisible = True
1088.6217 	EXP 	window1: mouseVisible = True
1088.6218 	EXP 	window1: mouseVisible = True
1088.6220 	EXP 	window1: mouseVisible = True
1088.6221 	EXP 	window1: mouseVisible = True
1088.6222 	EXP 	window1: mouseVisible = True
1088.6223 	EXP 	window1: mouseVisible = True
1088.6225 	EXP 	window1: mouseVisible = True
1088.6226 	EXP 	window1: mouseVisible = True
1088.6228 	EXP 	window1: mouseVisible = True
1088.6230 	EXP 	window1: mouseVisible = True
1088.6231 	EXP 	window1: mouseVisible = True
1088.6233 	EXP 	window1: mouseVisible = True
1088.6234 	EXP 	window1: mouseVisible = True
1088.6235 	EXP 	window1: mouseVisible = True
1088.6237 	EXP 	window1: mouseVisible = True
1088.6238 	EXP 	window1: mouseVisible = True
1088.6239 	EXP 	window1: mouseVisible = True
1088.6241 	EXP 	window1: mouseVisible = True
1088.6242 	EXP 	window1: mouseVisible = True
1088.6243 	EXP 	window1: mouseVisible = True
1088.6245 	EXP 	window1: mouseVisible = True
1088.6246 	EXP 	window1: mouseVisible = True
1088.6247 	EXP 	window1: mouseVisible = True
1088.6248 	EXP 	window1: mouseVisible = True
1088.6250 	EXP 	window1: mouseVisible = True
1088.6251 	EXP 	window1: mouseVisible = True
1088.6252 	EXP 	window1: mouseVisible = True
1088.6254 	EXP 	window1: mouseVisible = True
1088.6255 	EXP 	window1: mouseVisible = True
1088.6256 	EXP 	window1: mouseVisible = True
1088.6257 	EXP 	window1: mouseVisible = True
1088.6259 	EXP 	window1: mouseVisible = True
1088.6260 	EXP 	window1: mouseVisible = True
1088.6261 	EXP 	window1: mouseVisible = True
1088.6263 	EXP 	window1: mouseVisible = True
1088.6264 	EXP 	window1: mouseVisible = True
1088.6265 	EXP 	window1: mouseVisible = True
1088.6267 	EXP 	window1: mouseVisible = True
1088.6268 	EXP 	window1: mouseVisible = True
1088.6269 	EXP 	window1: mouseVisible = True
1088.6271 	EXP 	window1: mouseVisible = True
1088.6272 	EXP 	window1: mouseVisible = True
1088.6273 	EXP 	window1: mouseVisible = True
1088.6275 	EXP 	window1: mouseVisible = True
1088.6276 	EXP 	window1: mouseVisible = True
1088.6277 	EXP 	window1: mouseVisible = True
1088.6278 	EXP 	window1: mouseVisible = True
1088.6280 	EXP 	window1: mouseVisible = True
1088.6281 	EXP 	window1: mouseVisible = True
1088.6282 	EXP 	window1: mouseVisible = True
1088.6284 	EXP 	window1: mouseVisible = True
1088.6285 	EXP 	window1: mouseVisible = True
1088.6286 	EXP 	window1: mouseVisible = True
1088.6287 	EXP 	window1: mouseVisible = True
1088.6289 	EXP 	window1: mouseVisible = True
1088.6290 	EXP 	window1: mouseVisible = True
1088.6291 	EXP 	window1: mouseVisible = True
1088.6292 	EXP 	window1: mouseVisible = True
1088.6294 	EXP 	window1: mouseVisible = True
1088.6295 	EXP 	window1: mouseVisible = True
1088.6296 	EXP 	window1: mouseVisible = True
1088.6298 	EXP 	window1: mouseVisible = True
1088.6299 	EXP 	window1: mouseVisible = True
1088.6300 	EXP 	window1: mouseVisible = True
1088.6301 	EXP 	window1: mouseVisible = True
1088.6303 	EXP 	window1: mouseVisible = True
1088.6304 	EXP 	window1: mouseVisible = True
1088.6305 	EXP 	window1: mouseVisible = True
1088.6307 	EXP 	window1: mouseVisible = True
1088.6308 	EXP 	window1: mouseVisible = True
1088.6310 	EXP 	window1: mouseVisible = True
1088.6311 	EXP 	window1: mouseVisible = True
1088.6312 	EXP 	window1: mouseVisible = True
1088.6313 	EXP 	window1: mouseVisible = True
1088.6315 	EXP 	window1: mouseVisible = True
1088.6316 	EXP 	window1: mouseVisible = True
1088.6317 	EXP 	window1: mouseVisible = True
1088.6319 	EXP 	window1: mouseVisible = True
1088.6320 	EXP 	window1: mouseVisible = True
1088.6321 	EXP 	window1: mouseVisible = True
1088.6322 	EXP 	window1: mouseVisible = True
1088.6324 	EXP 	window1: mouseVisible = True
1088.6325 	EXP 	window1: mouseVisible = True
1088.6326 	EXP 	window1: mouseVisible = True
1088.6327 	EXP 	window1: mouseVisible = True
1088.6360 	EXP 	Created ratingScale = RatingScale(__class__=type(...), acceptKeys=['return'], acceptPreText=UNKNOWN, acceptSize=UNKNOWN, acceptText=UNKNOWN, autoLog=True, choices=False, colorSpace='rgb', depth=0, disappear=False, flipVert=False, high=100, kwargs=UNKNOWN, labels=list(...), leftKeys=['left'], lineColor=(255, 255, 255), low=0, marker=Rect(...), markerColor=(255, 255, 255), markerExpansion=UNKNOWN, markerStart=0.5, maxTime=0.0, minTime=0.4, mouseOnly=False, name='ratingScale', noMouse=False, pos=[0.0, 0.0], precision=100, respKeys=[], rightKeys=['right'], scale=None, self=UNKNOWN, showAccept=False, showValue=False, singleClick=False, size=0.6, skipKeys=['tab'], stretch=2.0, textColor='white', textFont='Helvetica Bold', textSize=0.144, tickHeight=0, tickMarks=10.0, win=Window(...))
1088.6360 	EXP 	RatingScale ratingScale: reset()
1088.6381 	EXP 	window1: mouseVisible = False
1088.6458 	EXP 	thermode_locali: autoDraw = False
1088.6458 	EXP 	ratingScale: flipVert = False
1088.6458 	EXP 	ratingScale: autoLog = True
1088.6473 	EXP 	window1: mouseVisible = False
1088.6638 	EXP 	window1: mouseVisible = False
1088.6806 	EXP 	window1: mouseVisible = False
1088.6972 	EXP 	window1: mouseVisible = False
1088.7140 	EXP 	window1: mouseVisible = False
1088.7306 	EXP 	window1: mouseVisible = False
1088.7473 	EXP 	window1: mouseVisible = False
1088.7639 	EXP 	window1: mouseVisible = False
1088.7807 	EXP 	window1: mouseVisible = False
1088.7973 	EXP 	window1: mouseVisible = False
1088.8141 	EXP 	window1: mouseVisible = False
1088.8306 	EXP 	window1: mouseVisible = False
1088.8473 	EXP 	window1: mouseVisible = False
1088.8639 	EXP 	window1: mouseVisible = False
1088.8807 	EXP 	window1: mouseVisible = False
1088.8973 	EXP 	window1: mouseVisible = False
1088.9139 	EXP 	window1: mouseVisible = False
1088.9306 	EXP 	window1: mouseVisible = False
1088.9473 	EXP 	window1: mouseVisible = False
1088.9639 	EXP 	window1: mouseVisible = False
1088.9807 	EXP 	window1: mouseVisible = False
1088.9972 	EXP 	window1: mouseVisible = False
1089.0139 	EXP 	window1: mouseVisible = False
1089.0306 	EXP 	window1: mouseVisible = False
1089.0473 	EXP 	window1: mouseVisible = False
1089.0645 	EXP 	window1: mouseVisible = False
1089.0806 	EXP 	window1: mouseVisible = False
1089.0973 	EXP 	window1: mouseVisible = False
1089.1139 	EXP 	window1: mouseVisible = False
1089.1305 	EXP 	window1: mouseVisible = False
1089.1472 	EXP 	window1: mouseVisible = False
1089.1639 	EXP 	window1: mouseVisible = False
1089.1806 	EXP 	window1: mouseVisible = False
1089.1972 	EXP 	window1: mouseVisible = False
1089.2139 	EXP 	window1: mouseVisible = False
1089.2306 	EXP 	window1: mouseVisible = False
1089.2473 	EXP 	window1: mouseVisible = False
1089.2639 	EXP 	window1: mouseVisible = False
1089.2805 	EXP 	window1: mouseVisible = False
1089.2973 	EXP 	window1: mouseVisible = False
1089.3139 	EXP 	window1: mouseVisible = False
1089.3306 	EXP 	window1: mouseVisible = False
1089.3473 	EXP 	window1: mouseVisible = False
1089.3639 	EXP 	window1: mouseVisible = False
1089.3806 	EXP 	window1: mouseVisible = False
1089.3972 	EXP 	window1: mouseVisible = False
1089.4139 	EXP 	window1: mouseVisible = False
1089.4302 	DATA 	Keypress: m
1089.4307 	EXP 	window1: mouseVisible = False
1089.4473 	EXP 	window1: mouseVisible = False
1089.4641 	EXP 	window1: mouseVisible = False
1089.4809 	EXP 	window1: mouseVisible = False
1089.4972 	EXP 	window1: mouseVisible = False
1089.5139 	EXP 	window1: mouseVisible = False
1089.5306 	EXP 	window1: mouseVisible = False
1089.5473 	EXP 	window1: mouseVisible = False
1089.5639 	EXP 	window1: mouseVisible = False
1089.5806 	EXP 	window1: mouseVisible = False
1089.5972 	EXP 	window1: mouseVisible = False
1089.6139 	EXP 	window1: mouseVisible = False
1089.6306 	EXP 	window1: mouseVisible = False
1089.6472 	EXP 	window1: mouseVisible = False
1089.6639 	EXP 	window1: mouseVisible = False
1089.6806 	EXP 	window1: mouseVisible = False
1089.6973 	EXP 	window1: mouseVisible = False
1089.7139 	EXP 	window1: mouseVisible = False
1089.7306 	EXP 	window1: mouseVisible = False
1089.7472 	EXP 	window1: mouseVisible = False
1089.7639 	EXP 	window1: mouseVisible = False
1089.7806 	EXP 	window1: mouseVisible = False
1089.7972 	EXP 	window1: mouseVisible = False
1089.8139 	EXP 	window1: mouseVisible = False
1089.8307 	EXP 	window1: mouseVisible = False
1089.8472 	EXP 	window1: mouseVisible = False
1089.8640 	EXP 	window1: mouseVisible = False
1089.8808 	EXP 	window1: mouseVisible = False
1089.8973 	EXP 	window1: mouseVisible = False
1089.9140 	EXP 	window1: mouseVisible = False
1089.9306 	EXP 	window1: mouseVisible = False
1089.9473 	EXP 	window1: mouseVisible = False
1089.9639 	EXP 	window1: mouseVisible = False
1089.9806 	EXP 	window1: mouseVisible = False
1089.9972 	EXP 	window1: mouseVisible = False
1090.0139 	EXP 	window1: mouseVisible = False
1090.0306 	EXP 	window1: mouseVisible = False
1090.0473 	EXP 	window1: mouseVisible = False
1090.0639 	EXP 	window1: mouseVisible = False
1090.0806 	EXP 	window1: mouseVisible = False
1090.0973 	EXP 	window1: mouseVisible = False
1090.1139 	EXP 	window1: mouseVisible = False
1090.1306 	EXP 	window1: mouseVisible = False
1090.1473 	EXP 	window1: mouseVisible = False
1090.1650 	EXP 	window1: mouseVisible = False
1090.1808 	EXP 	window1: mouseVisible = False
1090.1974 	EXP 	window1: mouseVisible = False
1090.2142 	EXP 	window1: mouseVisible = False
1090.2307 	EXP 	window1: mouseVisible = False
1090.2475 	EXP 	window1: mouseVisible = False
1090.2642 	EXP 	window1: mouseVisible = False
1090.2808 	EXP 	window1: mouseVisible = False
1090.2973 	EXP 	window1: mouseVisible = False
1090.3139 	EXP 	window1: mouseVisible = False
1090.3306 	EXP 	window1: mouseVisible = False
1090.3473 	EXP 	window1: mouseVisible = False
1090.3640 	EXP 	window1: mouseVisible = False
1090.3806 	EXP 	window1: mouseVisible = False
1090.3973 	EXP 	window1: mouseVisible = False
1090.4140 	EXP 	window1: mouseVisible = False
1090.4306 	EXP 	window1: mouseVisible = False
1090.4473 	EXP 	window1: mouseVisible = False
1090.4639 	EXP 	window1: mouseVisible = False
1090.4806 	EXP 	window1: mouseVisible = False
1090.4972 	EXP 	window1: mouseVisible = False
1090.5139 	EXP 	window1: mouseVisible = False
1090.5306 	EXP 	window1: mouseVisible = False
1090.5473 	EXP 	window1: mouseVisible = False
1090.5636 	DATA 	Keypress: m
1090.5641 	EXP 	window1: mouseVisible = False
1090.5806 	EXP 	window1: mouseVisible = False
1090.5973 	EXP 	window1: mouseVisible = False
1090.6139 	EXP 	window1: mouseVisible = False
1090.6306 	EXP 	window1: mouseVisible = False
1090.6473 	EXP 	window1: mouseVisible = False
1090.6642 	EXP 	window1: mouseVisible = False
1090.6806 	EXP 	window1: mouseVisible = False
1090.6973 	EXP 	window1: mouseVisible = False
1090.7140 	EXP 	window1: mouseVisible = False
1090.7306 	EXP 	window1: mouseVisible = False
1090.7473 	EXP 	window1: mouseVisible = False
1090.7641 	EXP 	window1: mouseVisible = False
1090.7806 	EXP 	window1: mouseVisible = False
1090.7974 	EXP 	window1: mouseVisible = False
1090.8140 	EXP 	window1: mouseVisible = False
1090.8306 	EXP 	window1: mouseVisible = False
1090.8472 	EXP 	window1: mouseVisible = False
1090.8639 	EXP 	window1: mouseVisible = False
1090.8806 	EXP 	window1: mouseVisible = False
1090.8973 	EXP 	window1: mouseVisible = False
1090.9139 	EXP 	window1: mouseVisible = False
1090.9306 	EXP 	window1: mouseVisible = False
1090.9478 	DATA 	Keypress: space
1091.0494 	EXP 	New trial (rep=1, index=0): None
1091.0626 	EXP 	main_text: autoDraw = True
1091.0626 	EXP 	confirm_text: autoDraw = True
1091.0626 	EXP 	ratingScale: autoDraw = False
1091.0626 	EXP 	main_text: autoDraw = False
1091.0626 	EXP 	confirm_text: autoDraw = False
1091.0626 	EXP 	text_2: autoDraw = True
1091.0626 	EXP 	croix: autoDraw = True
1096.0628 	EXP 	text_2: autoDraw = False
1096.0628 	EXP 	croix: autoDraw = False
1096.0628 	EXP 	text_2: autoDraw = False
1096.0628 	EXP 	croix: autoDraw = False
1096.0628 	EXP 	thermode_locali: autoDraw = True
1108.0467 	EXP 	window1: mouseVisible = True
1108.0477 	EXP 	Created unnamed Rect = Rect(__class__=<class 'psychopy.visual.rect.Rect'>, anchor=('center', 'center'), autoDraw=False, autoLog=True, closeShape=True, color=method-wrapper(...), colorSpace='rgb', contrast=None, depth=0, draggable=False, fillColor=array([1, 1, 1]), fillColorSpace='rgb', fillRGB=array([1, 1, 1]), interpolate=True, lineColor=array([1., 1., 1.]), lineColorSpace='rgb', lineRGB=array([1, 1, 1]), lineWidth=1.5, name='unnamed Rect', opacity=1.0, ori=0.0, pos=array([0., 0.]), size=array([0.01, 0.1 ]), units='norm', vertices=ndarray(...), win=Window(...))
1108.0478 	EXP 	window1: mouseVisible = True
1108.0479 	EXP 	window1: mouseVisible = True
1108.0486 	EXP 	window1: mouseVisible = True
1108.0498 	EXP 	window1: mouseVisible = True
1108.0509 	EXP 	window1: mouseVisible = True
1108.0511 	EXP 	window1: mouseVisible = True
1108.0513 	EXP 	window1: mouseVisible = True
1108.0515 	EXP 	window1: mouseVisible = True
1108.0517 	EXP 	window1: mouseVisible = True
1108.0519 	EXP 	window1: mouseVisible = True
1108.0521 	EXP 	window1: mouseVisible = True
1108.0523 	EXP 	window1: mouseVisible = True
1108.0524 	EXP 	window1: mouseVisible = True
1108.0526 	EXP 	window1: mouseVisible = True
1108.0528 	EXP 	window1: mouseVisible = True
1108.0529 	EXP 	window1: mouseVisible = True
1108.0531 	EXP 	window1: mouseVisible = True
1108.0532 	EXP 	window1: mouseVisible = True
1108.0533 	EXP 	window1: mouseVisible = True
1108.0539 	EXP 	window1: mouseVisible = True
1108.0541 	EXP 	window1: mouseVisible = True
1108.0542 	EXP 	window1: mouseVisible = True
1108.0544 	EXP 	window1: mouseVisible = True
1108.0545 	EXP 	window1: mouseVisible = True
1108.0546 	EXP 	window1: mouseVisible = True
1108.0548 	EXP 	window1: mouseVisible = True
1108.0549 	EXP 	window1: mouseVisible = True
1108.0551 	EXP 	window1: mouseVisible = True
1108.0552 	EXP 	window1: mouseVisible = True
1108.0553 	EXP 	window1: mouseVisible = True
1108.0554 	EXP 	window1: mouseVisible = True
1108.0556 	EXP 	window1: mouseVisible = True
1108.0557 	EXP 	window1: mouseVisible = True
1108.0558 	EXP 	window1: mouseVisible = True
1108.0560 	EXP 	window1: mouseVisible = True
1108.0561 	EXP 	window1: mouseVisible = True
1108.0562 	EXP 	window1: mouseVisible = True
1108.0564 	EXP 	window1: mouseVisible = True
1108.0565 	EXP 	window1: mouseVisible = True
1108.0566 	EXP 	window1: mouseVisible = True
1108.0567 	EXP 	window1: mouseVisible = True
1108.0569 	EXP 	window1: mouseVisible = True
1108.0570 	EXP 	window1: mouseVisible = True
1108.0571 	EXP 	window1: mouseVisible = True
1108.0573 	EXP 	window1: mouseVisible = True
1108.0574 	EXP 	window1: mouseVisible = True
1108.0575 	EXP 	window1: mouseVisible = True
1108.0577 	EXP 	window1: mouseVisible = True
1108.0578 	EXP 	window1: mouseVisible = True
1108.0579 	EXP 	window1: mouseVisible = True
1108.0580 	EXP 	window1: mouseVisible = True
1108.0582 	EXP 	window1: mouseVisible = True
1108.0584 	EXP 	window1: mouseVisible = True
1108.0585 	EXP 	window1: mouseVisible = True
1108.0586 	EXP 	window1: mouseVisible = True
1108.0588 	EXP 	window1: mouseVisible = True
1108.0589 	EXP 	window1: mouseVisible = True
1108.0590 	EXP 	window1: mouseVisible = True
1108.0591 	EXP 	window1: mouseVisible = True
1108.0593 	EXP 	window1: mouseVisible = True
1108.0594 	EXP 	window1: mouseVisible = True
1108.0595 	EXP 	window1: mouseVisible = True
1108.0597 	EXP 	window1: mouseVisible = True
1108.0598 	EXP 	window1: mouseVisible = True
1108.0599 	EXP 	window1: mouseVisible = True
1108.0600 	EXP 	window1: mouseVisible = True
1108.0602 	EXP 	window1: mouseVisible = True
1108.0603 	EXP 	window1: mouseVisible = True
1108.0604 	EXP 	window1: mouseVisible = True
1108.0605 	EXP 	window1: mouseVisible = True
1108.0607 	EXP 	window1: mouseVisible = True
1108.0608 	EXP 	window1: mouseVisible = True
1108.0609 	EXP 	window1: mouseVisible = True
1108.0611 	EXP 	window1: mouseVisible = True
1108.0612 	EXP 	window1: mouseVisible = True
1108.0613 	EXP 	window1: mouseVisible = True
1108.0615 	EXP 	window1: mouseVisible = True
1108.0616 	EXP 	window1: mouseVisible = True
1108.0617 	EXP 	window1: mouseVisible = True
1108.0618 	EXP 	window1: mouseVisible = True
1108.0620 	EXP 	window1: mouseVisible = True
1108.0621 	EXP 	window1: mouseVisible = True
1108.0622 	EXP 	window1: mouseVisible = True
1108.0624 	EXP 	window1: mouseVisible = True
1108.0625 	EXP 	window1: mouseVisible = True
1108.0626 	EXP 	window1: mouseVisible = True
1108.0628 	EXP 	window1: mouseVisible = True
1108.0629 	EXP 	window1: mouseVisible = True
1108.0630 	EXP 	window1: mouseVisible = True
1108.0631 	EXP 	window1: mouseVisible = True
1108.0633 	EXP 	window1: mouseVisible = True
1108.0634 	EXP 	window1: mouseVisible = True
1108.0635 	EXP 	window1: mouseVisible = True
1108.0637 	EXP 	window1: mouseVisible = True
1108.0638 	EXP 	window1: mouseVisible = True
1108.0639 	EXP 	window1: mouseVisible = True
1108.0640 	EXP 	window1: mouseVisible = True
1108.0642 	EXP 	window1: mouseVisible = True
1108.0643 	EXP 	window1: mouseVisible = True
1108.0644 	EXP 	window1: mouseVisible = True
1108.0646 	EXP 	window1: mouseVisible = True
1108.0647 	EXP 	window1: mouseVisible = True
1108.0648 	EXP 	window1: mouseVisible = True
1108.0649 	EXP 	window1: mouseVisible = True
1108.0671 	EXP 	Created ratingScale = RatingScale(__class__=type(...), acceptKeys=['return'], acceptPreText=UNKNOWN, acceptSize=UNKNOWN, acceptText=UNKNOWN, autoLog=True, choices=False, colorSpace='rgb', depth=0, disappear=False, flipVert=False, high=100, kwargs=UNKNOWN, labels=list(...), leftKeys=['left'], lineColor=(255, 255, 255), low=0, marker=Rect(...), markerColor=(255, 255, 255), markerExpansion=UNKNOWN, markerStart=0.5, maxTime=0.0, minTime=0.4, mouseOnly=False, name='ratingScale', noMouse=False, pos=[0.0, 0.0], precision=100, respKeys=[], rightKeys=['right'], scale=None, self=UNKNOWN, showAccept=False, showValue=False, singleClick=False, size=0.6, skipKeys=['tab'], stretch=2.0, textColor='white', textFont='Helvetica Bold', textSize=0.144, tickHeight=0, tickMarks=10.0, win=Window(...))
1108.0671 	EXP 	RatingScale ratingScale: reset()
1108.0692 	EXP 	window1: mouseVisible = False
1108.0795 	EXP 	thermode_locali: autoDraw = False
1108.0795 	EXP 	thermode_locali: autoDraw = False
1108.0795 	EXP 	ratingScale: flipVert = False
1108.0795 	EXP 	ratingScale: autoLog = True
1108.0811 	EXP 	window1: mouseVisible = False
1108.0976 	EXP 	window1: mouseVisible = False
1108.1143 	EXP 	window1: mouseVisible = False
1108.1309 	EXP 	window1: mouseVisible = False
1108.1475 	EXP 	window1: mouseVisible = False
1108.1648 	EXP 	window1: mouseVisible = False
1108.1808 	EXP 	window1: mouseVisible = False
1108.1975 	EXP 	window1: mouseVisible = False
1108.2142 	EXP 	window1: mouseVisible = False
1108.2309 	EXP 	window1: mouseVisible = False
1108.2476 	EXP 	window1: mouseVisible = False
1108.2642 	EXP 	window1: mouseVisible = False
1108.2809 	EXP 	window1: mouseVisible = False
1108.2975 	EXP 	window1: mouseVisible = False
1108.3142 	EXP 	window1: mouseVisible = False
1108.3312 	EXP 	window1: mouseVisible = False
1108.3475 	EXP 	window1: mouseVisible = False
1108.3656 	EXP 	window1: mouseVisible = False
1108.3809 	EXP 	window1: mouseVisible = False
1108.3975 	EXP 	window1: mouseVisible = False
1108.4142 	EXP 	window1: mouseVisible = False
1108.4308 	EXP 	window1: mouseVisible = False
1108.4475 	EXP 	window1: mouseVisible = False
1108.4644 	EXP 	window1: mouseVisible = False
1108.4810 	EXP 	window1: mouseVisible = False
1108.4981 	EXP 	window1: mouseVisible = False
1108.5142 	EXP 	window1: mouseVisible = False
1108.5309 	EXP 	window1: mouseVisible = False
1108.5475 	EXP 	window1: mouseVisible = False
1108.5642 	EXP 	window1: mouseVisible = False
1108.5808 	EXP 	window1: mouseVisible = False
1108.5981 	EXP 	window1: mouseVisible = False
1108.6143 	EXP 	window1: mouseVisible = False
1108.6309 	EXP 	window1: mouseVisible = False
1108.6475 	EXP 	window1: mouseVisible = False
1108.6642 	EXP 	window1: mouseVisible = False
1108.6809 	EXP 	window1: mouseVisible = False
1108.6974 	EXP 	window1: mouseVisible = False
1108.7142 	EXP 	window1: mouseVisible = False
1108.7308 	EXP 	window1: mouseVisible = False
1108.7475 	EXP 	window1: mouseVisible = False
1108.7641 	EXP 	window1: mouseVisible = False
1108.7808 	EXP 	window1: mouseVisible = False
1108.7975 	EXP 	window1: mouseVisible = False
1108.8142 	EXP 	window1: mouseVisible = False
1108.8309 	EXP 	window1: mouseVisible = False
1108.8475 	EXP 	window1: mouseVisible = False
1108.8641 	EXP 	window1: mouseVisible = False
1108.8809 	EXP 	window1: mouseVisible = False
1108.8971 	DATA 	Keypress: n
1108.8977 	EXP 	window1: mouseVisible = False
1108.9141 	EXP 	window1: mouseVisible = False
1108.9308 	EXP 	window1: mouseVisible = False
1108.9475 	EXP 	window1: mouseVisible = False
1108.9641 	EXP 	window1: mouseVisible = False
1108.9808 	EXP 	window1: mouseVisible = False
1108.9975 	EXP 	window1: mouseVisible = False
1109.0142 	EXP 	window1: mouseVisible = False
1109.0308 	EXP 	window1: mouseVisible = False
1109.0475 	EXP 	window1: mouseVisible = False
1109.0643 	EXP 	window1: mouseVisible = False
1109.0809 	EXP 	window1: mouseVisible = False
1109.0974 	EXP 	window1: mouseVisible = False
1109.1142 	EXP 	window1: mouseVisible = False
1109.1309 	EXP 	window1: mouseVisible = False
1109.1475 	EXP 	window1: mouseVisible = False
1109.1642 	EXP 	window1: mouseVisible = False
1109.1808 	EXP 	window1: mouseVisible = False
1109.1976 	EXP 	window1: mouseVisible = False
1109.2142 	EXP 	window1: mouseVisible = False
1109.2308 	EXP 	window1: mouseVisible = False
1109.2475 	EXP 	window1: mouseVisible = False
1109.2642 	EXP 	window1: mouseVisible = False
1109.2808 	EXP 	window1: mouseVisible = False
1109.2975 	EXP 	window1: mouseVisible = False
1109.3144 	EXP 	window1: mouseVisible = False
1109.3308 	EXP 	window1: mouseVisible = False
1109.3475 	EXP 	window1: mouseVisible = False
1109.3642 	EXP 	window1: mouseVisible = False
1109.3808 	EXP 	window1: mouseVisible = False
1109.3977 	EXP 	window1: mouseVisible = False
1109.4142 	EXP 	window1: mouseVisible = False
1109.4308 	EXP 	window1: mouseVisible = False
1109.4476 	EXP 	window1: mouseVisible = False
1109.4642 	EXP 	window1: mouseVisible = False
1109.4809 	EXP 	window1: mouseVisible = False
1109.4975 	EXP 	window1: mouseVisible = False
1109.5142 	EXP 	window1: mouseVisible = False
1109.5309 	EXP 	window1: mouseVisible = False
1109.5476 	EXP 	window1: mouseVisible = False
1109.5642 	EXP 	window1: mouseVisible = False
1109.5809 	EXP 	window1: mouseVisible = False
1109.5975 	EXP 	window1: mouseVisible = False
1109.6143 	EXP 	window1: mouseVisible = False
1109.6309 	EXP 	window1: mouseVisible = False
1109.6476 	EXP 	window1: mouseVisible = False
1109.6646 	EXP 	window1: mouseVisible = False
1109.6810 	EXP 	window1: mouseVisible = False
1109.6977 	EXP 	window1: mouseVisible = False
1109.7143 	EXP 	window1: mouseVisible = False
1109.7310 	EXP 	window1: mouseVisible = False
1109.7476 	EXP 	window1: mouseVisible = False
1109.7644 	EXP 	window1: mouseVisible = False
1109.7810 	EXP 	window1: mouseVisible = False
1109.7977 	EXP 	window1: mouseVisible = False
1109.8144 	EXP 	window1: mouseVisible = False
1109.8310 	EXP 	window1: mouseVisible = False
1109.8477 	EXP 	window1: mouseVisible = False
1109.8643 	EXP 	window1: mouseVisible = False
1109.8810 	EXP 	window1: mouseVisible = False
1109.8977 	EXP 	window1: mouseVisible = False
1109.9144 	EXP 	window1: mouseVisible = False
1109.9310 	EXP 	window1: mouseVisible = False
1109.9477 	EXP 	window1: mouseVisible = False
1109.9643 	EXP 	window1: mouseVisible = False
1109.9810 	EXP 	window1: mouseVisible = False
1109.9979 	EXP 	window1: mouseVisible = False
1110.0142 	EXP 	window1: mouseVisible = False
1110.0309 	EXP 	window1: mouseVisible = False
1110.0475 	EXP 	window1: mouseVisible = False
1110.0643 	EXP 	window1: mouseVisible = False
1110.0809 	EXP 	window1: mouseVisible = False
1110.0976 	EXP 	window1: mouseVisible = False
1110.1142 	EXP 	window1: mouseVisible = False
1110.1309 	EXP 	window1: mouseVisible = False
1110.1475 	EXP 	window1: mouseVisible = False
1110.1643 	EXP 	window1: mouseVisible = False
1110.1809 	EXP 	window1: mouseVisible = False
1110.1976 	EXP 	window1: mouseVisible = False
1110.2145 	EXP 	window1: mouseVisible = False
1110.2309 	EXP 	window1: mouseVisible = False
1110.2475 	EXP 	window1: mouseVisible = False
1110.2642 	EXP 	window1: mouseVisible = False
1110.2808 	EXP 	window1: mouseVisible = False
1110.2975 	EXP 	window1: mouseVisible = False
1110.3143 	EXP 	window1: mouseVisible = False
1110.3309 	EXP 	window1: mouseVisible = False
1110.3476 	EXP 	window1: mouseVisible = False
1110.3642 	EXP 	window1: mouseVisible = False
1110.3808 	EXP 	window1: mouseVisible = False
1110.3975 	EXP 	window1: mouseVisible = False
1110.4142 	EXP 	window1: mouseVisible = False
1110.4309 	EXP 	window1: mouseVisible = False
1110.4475 	EXP 	window1: mouseVisible = False
1110.4642 	EXP 	window1: mouseVisible = False
1110.4809 	EXP 	window1: mouseVisible = False
1110.4976 	EXP 	window1: mouseVisible = False
1110.5142 	EXP 	window1: mouseVisible = False
1110.5309 	EXP 	window1: mouseVisible = False
1110.5475 	EXP 	window1: mouseVisible = False
1110.5640 	DATA 	Keypress: space
1110.6646 	EXP 	New trial (rep=2, index=0): None
1110.6795 	EXP 	main_text: autoDraw = True
1110.6795 	EXP 	confirm_text: autoDraw = True
1110.6795 	EXP 	ratingScale: autoDraw = False
1110.6795 	EXP 	main_text: autoDraw = False
1110.6795 	EXP 	confirm_text: autoDraw = False
1110.6795 	EXP 	text_2: autoDraw = True
1110.6795 	EXP 	croix: autoDraw = True
1115.6796 	EXP 	text_2: autoDraw = False
1115.6796 	EXP 	croix: autoDraw = False
1115.6796 	EXP 	text_2: autoDraw = False
1115.6796 	EXP 	croix: autoDraw = False
1115.6796 	EXP 	thermode_locali: autoDraw = True
1127.6636 	EXP 	window1: mouseVisible = True
1127.6644 	EXP 	Created unnamed Rect = Rect(__class__=<class 'psychopy.visual.rect.Rect'>, anchor=('center', 'center'), autoDraw=False, autoLog=True, closeShape=True, color=method-wrapper(...), colorSpace='rgb', contrast=None, depth=0, draggable=False, fillColor=array([1, 1, 1]), fillColorSpace='rgb', fillRGB=array([1, 1, 1]), interpolate=True, lineColor=array([1., 1., 1.]), lineColorSpace='rgb', lineRGB=array([1, 1, 1]), lineWidth=1.5, name='unnamed Rect', opacity=1.0, ori=0.0, pos=array([0., 0.]), size=array([0.01, 0.1 ]), units='norm', vertices=ndarray(...), win=Window(...))
1127.6645 	EXP 	window1: mouseVisible = True
1127.6646 	EXP 	window1: mouseVisible = True
1127.6651 	EXP 	window1: mouseVisible = True
1127.6662 	EXP 	window1: mouseVisible = True
1127.6673 	EXP 	window1: mouseVisible = True
1127.6675 	EXP 	window1: mouseVisible = True
1127.6676 	EXP 	window1: mouseVisible = True
1127.6678 	EXP 	window1: mouseVisible = True
1127.6679 	EXP 	window1: mouseVisible = True
1127.6681 	EXP 	window1: mouseVisible = True
1127.6683 	EXP 	window1: mouseVisible = True
1127.6684 	EXP 	window1: mouseVisible = True
1127.6686 	EXP 	window1: mouseVisible = True
1127.6687 	EXP 	window1: mouseVisible = True
1127.6688 	EXP 	window1: mouseVisible = True
1127.6690 	EXP 	window1: mouseVisible = True
1127.6691 	EXP 	window1: mouseVisible = True
1127.6692 	EXP 	window1: mouseVisible = True
1127.6694 	EXP 	window1: mouseVisible = True
1127.6695 	EXP 	window1: mouseVisible = True
1127.6696 	EXP 	window1: mouseVisible = True
1127.6698 	EXP 	window1: mouseVisible = True
1127.6699 	EXP 	window1: mouseVisible = True
1127.6700 	EXP 	window1: mouseVisible = True
1127.6701 	EXP 	window1: mouseVisible = True
1127.6703 	EXP 	window1: mouseVisible = True
1127.6704 	EXP 	window1: mouseVisible = True
1127.6705 	EXP 	window1: mouseVisible = True
1127.6706 	EXP 	window1: mouseVisible = True
1127.6708 	EXP 	window1: mouseVisible = True
1127.6709 	EXP 	window1: mouseVisible = True
1127.6710 	EXP 	window1: mouseVisible = True
1127.6712 	EXP 	window1: mouseVisible = True
1127.6713 	EXP 	window1: mouseVisible = True
1127.6714 	EXP 	window1: mouseVisible = True
1127.6715 	EXP 	window1: mouseVisible = True
1127.6717 	EXP 	window1: mouseVisible = True
1127.6718 	EXP 	window1: mouseVisible = True
1127.6719 	EXP 	window1: mouseVisible = True
1127.6720 	EXP 	window1: mouseVisible = True
1127.6722 	EXP 	window1: mouseVisible = True
1127.6723 	EXP 	window1: mouseVisible = True
1127.6724 	EXP 	window1: mouseVisible = True
1127.6726 	EXP 	window1: mouseVisible = True
1127.6727 	EXP 	window1: mouseVisible = True
1127.6729 	EXP 	window1: mouseVisible = True
1127.6730 	EXP 	window1: mouseVisible = True
1127.6732 	EXP 	window1: mouseVisible = True
1127.6733 	EXP 	window1: mouseVisible = True
1127.6734 	EXP 	window1: mouseVisible = True
1127.6735 	EXP 	window1: mouseVisible = True
1127.6737 	EXP 	window1: mouseVisible = True
1127.6738 	EXP 	window1: mouseVisible = True
1127.6740 	EXP 	window1: mouseVisible = True
1127.6742 	EXP 	window1: mouseVisible = True
1127.6744 	EXP 	window1: mouseVisible = True
1127.6746 	EXP 	window1: mouseVisible = True
1127.6747 	EXP 	window1: mouseVisible = True
1127.6748 	EXP 	window1: mouseVisible = True
1127.6749 	EXP 	window1: mouseVisible = True
1127.6751 	EXP 	window1: mouseVisible = True
1127.6752 	EXP 	window1: mouseVisible = True
1127.6753 	EXP 	window1: mouseVisible = True
1127.6754 	EXP 	window1: mouseVisible = True
1127.6756 	EXP 	window1: mouseVisible = True
1127.6757 	EXP 	window1: mouseVisible = True
1127.6758 	EXP 	window1: mouseVisible = True
1127.6759 	EXP 	window1: mouseVisible = True
1127.6761 	EXP 	window1: mouseVisible = True
1127.6762 	EXP 	window1: mouseVisible = True
1127.6763 	EXP 	window1: mouseVisible = True
1127.6764 	EXP 	window1: mouseVisible = True
1127.6766 	EXP 	window1: mouseVisible = True
1127.6767 	EXP 	window1: mouseVisible = True
1127.6769 	EXP 	window1: mouseVisible = True
1127.6770 	EXP 	window1: mouseVisible = True
1127.6771 	EXP 	window1: mouseVisible = True
1127.6772 	EXP 	window1: mouseVisible = True
1127.6774 	EXP 	window1: mouseVisible = True
1127.6775 	EXP 	window1: mouseVisible = True
1127.6776 	EXP 	window1: mouseVisible = True
1127.6778 	EXP 	window1: mouseVisible = True
1127.6779 	EXP 	window1: mouseVisible = True
1127.6780 	EXP 	window1: mouseVisible = True
1127.6781 	EXP 	window1: mouseVisible = True
1127.6783 	EXP 	window1: mouseVisible = True
1127.6784 	EXP 	window1: mouseVisible = True
1127.6785 	EXP 	window1: mouseVisible = True
1127.6786 	EXP 	window1: mouseVisible = True
1127.6788 	EXP 	window1: mouseVisible = True
1127.6789 	EXP 	window1: mouseVisible = True
1127.6790 	EXP 	window1: mouseVisible = True
1127.6791 	EXP 	window1: mouseVisible = True
1127.6793 	EXP 	window1: mouseVisible = True
1127.6794 	EXP 	window1: mouseVisible = True
1127.6795 	EXP 	window1: mouseVisible = True
1127.6796 	EXP 	window1: mouseVisible = True
1127.6798 	EXP 	window1: mouseVisible = True
1127.6799 	EXP 	window1: mouseVisible = True
1127.6800 	EXP 	window1: mouseVisible = True
1127.6801 	EXP 	window1: mouseVisible = True
1127.6803 	EXP 	window1: mouseVisible = True
1127.6804 	EXP 	window1: mouseVisible = True
1127.6805 	EXP 	window1: mouseVisible = True
1127.6826 	EXP 	Created ratingScale = RatingScale(__class__=type(...), acceptKeys=['return'], acceptPreText=UNKNOWN, acceptSize=UNKNOWN, acceptText=UNKNOWN, autoLog=True, choices=False, colorSpace='rgb', depth=0, disappear=False, flipVert=False, high=100, kwargs=UNKNOWN, labels=list(...), leftKeys=['left'], lineColor=(255, 255, 255), low=0, marker=Rect(...), markerColor=(255, 255, 255), markerExpansion=UNKNOWN, markerStart=0.5, maxTime=0.0, minTime=0.4, mouseOnly=False, name='ratingScale', noMouse=False, pos=[0.0, 0.0], precision=100, respKeys=[], rightKeys=['right'], scale=None, self=UNKNOWN, showAccept=False, showValue=False, singleClick=False, size=0.6, skipKeys=['tab'], stretch=2.0, textColor='white', textFont='Helvetica Bold', textSize=0.144, tickHeight=0, tickMarks=10.0, win=Window(...))
1127.6826 	EXP 	RatingScale ratingScale: reset()
1127.6847 	EXP 	window1: mouseVisible = False
1127.6963 	EXP 	thermode_locali: autoDraw = False
1127.6963 	EXP 	thermode_locali: autoDraw = False
1127.6963 	EXP 	ratingScale: flipVert = False
1127.6963 	EXP 	ratingScale: autoLog = True
1127.6978 	EXP 	window1: mouseVisible = False
1127.7146 	EXP 	window1: mouseVisible = False
1127.7311 	EXP 	window1: mouseVisible = False
1127.7477 	EXP 	window1: mouseVisible = False
1127.7644 	EXP 	window1: mouseVisible = False
1127.7811 	EXP 	window1: mouseVisible = False
1127.7977 	EXP 	window1: mouseVisible = False
1127.8144 	EXP 	window1: mouseVisible = False
1127.8310 	EXP 	window1: mouseVisible = False
1127.8477 	EXP 	window1: mouseVisible = False
1127.8644 	EXP 	window1: mouseVisible = False
1127.8811 	EXP 	window1: mouseVisible = False
1127.8977 	EXP 	window1: mouseVisible = False
1127.9144 	EXP 	window1: mouseVisible = False
1127.9310 	EXP 	window1: mouseVisible = False
1127.9477 	EXP 	window1: mouseVisible = False
1127.9644 	EXP 	window1: mouseVisible = False
1127.9811 	EXP 	window1: mouseVisible = False
1127.9977 	EXP 	window1: mouseVisible = False
1128.0144 	EXP 	window1: mouseVisible = False
1128.0310 	EXP 	window1: mouseVisible = False
1128.0477 	EXP 	window1: mouseVisible = False
1128.0644 	EXP 	window1: mouseVisible = False
1128.0810 	EXP 	window1: mouseVisible = False
1128.0977 	EXP 	window1: mouseVisible = False
1128.1143 	EXP 	window1: mouseVisible = False
1128.1312 	EXP 	window1: mouseVisible = False
1128.1478 	EXP 	window1: mouseVisible = False
1128.1644 	EXP 	window1: mouseVisible = False
1128.1810 	EXP 	window1: mouseVisible = False
1128.1977 	EXP 	window1: mouseVisible = False
1128.2144 	EXP 	window1: mouseVisible = False
1128.2311 	EXP 	window1: mouseVisible = False
1128.2477 	EXP 	window1: mouseVisible = False
1128.2644 	EXP 	window1: mouseVisible = False
1128.2810 	EXP 	window1: mouseVisible = False
1128.2977 	EXP 	window1: mouseVisible = False
1128.3144 	EXP 	window1: mouseVisible = False
1128.3311 	EXP 	window1: mouseVisible = False
1128.3476 	EXP 	window1: mouseVisible = False
1128.3643 	EXP 	window1: mouseVisible = False
1128.3810 	EXP 	window1: mouseVisible = False
1128.3977 	EXP 	window1: mouseVisible = False
1128.4140 	DATA 	Keypress: m
1128.4145 	EXP 	window1: mouseVisible = False
1128.4310 	EXP 	window1: mouseVisible = False
1128.4477 	EXP 	window1: mouseVisible = False
1128.4644 	EXP 	window1: mouseVisible = False
1128.4811 	EXP 	window1: mouseVisible = False
1128.4977 	EXP 	window1: mouseVisible = False
1128.5145 	EXP 	window1: mouseVisible = False
1128.5312 	EXP 	window1: mouseVisible = False
1128.5478 	EXP 	window1: mouseVisible = False
1128.5644 	EXP 	window1: mouseVisible = False
1128.5811 	EXP 	window1: mouseVisible = False
1128.5977 	EXP 	window1: mouseVisible = False
1128.6143 	EXP 	window1: mouseVisible = False
1128.6311 	EXP 	window1: mouseVisible = False
1128.6477 	EXP 	window1: mouseVisible = False
1128.6644 	EXP 	window1: mouseVisible = False
1128.6811 	EXP 	window1: mouseVisible = False
1128.6977 	EXP 	window1: mouseVisible = False
1128.7144 	EXP 	window1: mouseVisible = False
1128.7311 	EXP 	window1: mouseVisible = False
1128.7478 	EXP 	window1: mouseVisible = False
1128.7643 	EXP 	window1: mouseVisible = False
1128.7810 	EXP 	window1: mouseVisible = False
1128.7977 	EXP 	window1: mouseVisible = False
1128.8144 	EXP 	window1: mouseVisible = False
1128.8310 	EXP 	window1: mouseVisible = False
1128.8477 	EXP 	window1: mouseVisible = False
1128.8644 	EXP 	window1: mouseVisible = False
1128.8810 	EXP 	window1: mouseVisible = False
1128.8977 	EXP 	window1: mouseVisible = False
1128.9149 	EXP 	window1: mouseVisible = False
1128.9311 	EXP 	window1: mouseVisible = False
1128.9478 	EXP 	window1: mouseVisible = False
1128.9644 	EXP 	window1: mouseVisible = False
1128.9811 	EXP 	window1: mouseVisible = False
1128.9977 	EXP 	window1: mouseVisible = False
1129.0144 	EXP 	window1: mouseVisible = False
1129.0312 	EXP 	window1: mouseVisible = False
1129.0478 	EXP 	window1: mouseVisible = False
1129.0644 	EXP 	window1: mouseVisible = False
1129.0813 	EXP 	window1: mouseVisible = False
1129.0977 	EXP 	window1: mouseVisible = False
1129.1144 	EXP 	window1: mouseVisible = False
1129.1312 	EXP 	window1: mouseVisible = False
1129.1478 	EXP 	window1: mouseVisible = False
1129.1644 	EXP 	window1: mouseVisible = False
1129.1812 	EXP 	window1: mouseVisible = False
1129.1978 	EXP 	window1: mouseVisible = False
1129.2145 	EXP 	window1: mouseVisible = False
1129.2313 	EXP 	window1: mouseVisible = False
1129.2479 	EXP 	window1: mouseVisible = False
1129.2645 	EXP 	window1: mouseVisible = False
1129.2813 	EXP 	window1: mouseVisible = False
1129.2979 	EXP 	window1: mouseVisible = False
1129.3145 	EXP 	window1: mouseVisible = False
1129.3311 	EXP 	window1: mouseVisible = False
1129.3478 	EXP 	window1: mouseVisible = False
1129.3644 	EXP 	window1: mouseVisible = False
1129.3814 	EXP 	window1: mouseVisible = False
1129.3977 	EXP 	window1: mouseVisible = False
1129.4144 	EXP 	window1: mouseVisible = False
1129.4311 	EXP 	window1: mouseVisible = False
1129.4478 	EXP 	window1: mouseVisible = False
1129.4644 	EXP 	window1: mouseVisible = False
1129.4812 	EXP 	window1: mouseVisible = False
1129.4978 	EXP 	window1: mouseVisible = False
1129.5145 	EXP 	window1: mouseVisible = False
1129.5312 	EXP 	window1: mouseVisible = False
1129.5479 	EXP 	window1: mouseVisible = False
1129.5644 	EXP 	window1: mouseVisible = False
1129.5812 	EXP 	window1: mouseVisible = False
1129.5978 	EXP 	window1: mouseVisible = False
1129.6145 	EXP 	window1: mouseVisible = False
1129.6311 	EXP 	window1: mouseVisible = False
1129.6478 	EXP 	window1: mouseVisible = False
1129.6644 	EXP 	window1: mouseVisible = False
1129.6812 	EXP 	window1: mouseVisible = False
1129.6977 	EXP 	window1: mouseVisible = False
1129.7146 	EXP 	window1: mouseVisible = False
1129.7313 	EXP 	window1: mouseVisible = False
1129.7478 	EXP 	window1: mouseVisible = False
1129.7643 	EXP 	window1: mouseVisible = False
1129.7811 	EXP 	window1: mouseVisible = False
1129.7977 	EXP 	window1: mouseVisible = False
1129.8144 	EXP 	window1: mouseVisible = False
1129.8311 	EXP 	window1: mouseVisible = False
1129.8478 	EXP 	window1: mouseVisible = False
1129.8644 	EXP 	window1: mouseVisible = False
1129.8811 	EXP 	window1: mouseVisible = False
1129.8977 	EXP 	window1: mouseVisible = False
1129.9144 	EXP 	window1: mouseVisible = False
1129.9311 	EXP 	window1: mouseVisible = False
1129.9478 	EXP 	window1: mouseVisible = False
1129.9644 	EXP 	window1: mouseVisible = False
1129.9811 	EXP 	window1: mouseVisible = False
1129.9977 	EXP 	window1: mouseVisible = False
1130.0145 	EXP 	window1: mouseVisible = False
1130.0313 	EXP 	window1: mouseVisible = False
1130.0477 	EXP 	window1: mouseVisible = False
1130.0644 	EXP 	window1: mouseVisible = False
1130.0811 	EXP 	window1: mouseVisible = False
1130.0978 	EXP 	window1: mouseVisible = False
1130.1144 	EXP 	window1: mouseVisible = False
1130.1312 	EXP 	window1: mouseVisible = False
1130.1478 	EXP 	window1: mouseVisible = False
1130.1644 	EXP 	window1: mouseVisible = False
1130.1811 	EXP 	window1: mouseVisible = False
1130.1977 	EXP 	window1: mouseVisible = False
1130.2144 	EXP 	window1: mouseVisible = False
1130.2309 	EXP 	window1: mouseVisible = False
1130.2478 	EXP 	window1: mouseVisible = False
1130.2644 	EXP 	window1: mouseVisible = False
1130.2811 	EXP 	window1: mouseVisible = False
1130.2977 	EXP 	window1: mouseVisible = False
1130.3144 	EXP 	window1: mouseVisible = False
1130.3312 	EXP 	window1: mouseVisible = False
1130.3477 	EXP 	window1: mouseVisible = False
1130.3644 	EXP 	window1: mouseVisible = False
1130.3811 	EXP 	window1: mouseVisible = False
1130.3978 	EXP 	window1: mouseVisible = False
1130.4144 	EXP 	window1: mouseVisible = False
1130.4311 	EXP 	window1: mouseVisible = False
1130.4477 	EXP 	window1: mouseVisible = False
1130.4645 	EXP 	window1: mouseVisible = False
1130.4810 	EXP 	window1: mouseVisible = False
1130.4978 	EXP 	window1: mouseVisible = False
1130.5144 	EXP 	window1: mouseVisible = False
1130.5312 	EXP 	window1: mouseVisible = False
1130.5477 	EXP 	window1: mouseVisible = False
1130.5644 	EXP 	window1: mouseVisible = False
1130.5810 	EXP 	window1: mouseVisible = False
1130.5977 	EXP 	window1: mouseVisible = False
1130.6144 	EXP 	window1: mouseVisible = False
1130.6310 	EXP 	window1: mouseVisible = False
1130.6479 	EXP 	window1: mouseVisible = False
1130.6645 	EXP 	window1: mouseVisible = False
1130.6810 	EXP 	window1: mouseVisible = False
1130.6977 	EXP 	window1: mouseVisible = False
1130.7144 	EXP 	window1: mouseVisible = False
1130.7310 	EXP 	window1: mouseVisible = False
1130.7477 	EXP 	window1: mouseVisible = False
1130.7644 	EXP 	window1: mouseVisible = False
1130.7810 	EXP 	window1: mouseVisible = False
1130.7977 	EXP 	window1: mouseVisible = False
1130.8144 	EXP 	window1: mouseVisible = False
1130.8310 	EXP 	window1: mouseVisible = False
1130.8478 	EXP 	window1: mouseVisible = False
1130.8644 	EXP 	window1: mouseVisible = False
1130.8810 	EXP 	window1: mouseVisible = False
1130.8978 	EXP 	window1: mouseVisible = False
1130.9144 	EXP 	window1: mouseVisible = False
1130.9310 	EXP 	window1: mouseVisible = False
1130.9477 	EXP 	window1: mouseVisible = False
1130.9644 	EXP 	window1: mouseVisible = False
1130.9810 	EXP 	window1: mouseVisible = False
1130.9977 	EXP 	window1: mouseVisible = False
1131.0143 	EXP 	window1: mouseVisible = False
1131.0310 	EXP 	window1: mouseVisible = False
1131.0478 	EXP 	window1: mouseVisible = False
1131.0644 	EXP 	window1: mouseVisible = False
1131.0807 	DATA 	Keypress: m
1131.0812 	EXP 	window1: mouseVisible = False
1131.0977 	EXP 	window1: mouseVisible = False
1131.1144 	EXP 	window1: mouseVisible = False
1131.1310 	EXP 	window1: mouseVisible = False
1131.1488 	EXP 	window1: mouseVisible = False
1131.1645 	EXP 	window1: mouseVisible = False
1131.1811 	EXP 	window1: mouseVisible = False
1131.1977 	EXP 	window1: mouseVisible = False
1131.2144 	EXP 	window1: mouseVisible = False
1131.2311 	EXP 	window1: mouseVisible = False
1131.2477 	EXP 	window1: mouseVisible = False
1131.2644 	EXP 	window1: mouseVisible = False
1131.2811 	EXP 	window1: mouseVisible = False
1131.2977 	EXP 	window1: mouseVisible = False
1131.3143 	EXP 	window1: mouseVisible = False
1131.3310 	EXP 	window1: mouseVisible = False
1131.3478 	EXP 	window1: mouseVisible = False
1131.3644 	EXP 	window1: mouseVisible = False
1131.3811 	EXP 	window1: mouseVisible = False
1131.3977 	EXP 	window1: mouseVisible = False
1131.4144 	EXP 	window1: mouseVisible = False
1131.4310 	EXP 	window1: mouseVisible = False
1131.4479 	EXP 	window1: mouseVisible = False
1131.4644 	EXP 	window1: mouseVisible = False
1131.4810 	EXP 	window1: mouseVisible = False
1131.4977 	EXP 	window1: mouseVisible = False
1131.5144 	EXP 	window1: mouseVisible = False
1131.5310 	EXP 	window1: mouseVisible = False
1131.5477 	EXP 	window1: mouseVisible = False
1131.5644 	EXP 	window1: mouseVisible = False
1131.5810 	EXP 	window1: mouseVisible = False
1131.5977 	EXP 	window1: mouseVisible = False
1131.6144 	EXP 	window1: mouseVisible = False
1131.6311 	EXP 	window1: mouseVisible = False
1131.6477 	EXP 	window1: mouseVisible = False
1131.6644 	EXP 	window1: mouseVisible = False
1131.6811 	EXP 	window1: mouseVisible = False
1131.6977 	EXP 	window1: mouseVisible = False
1131.7144 	EXP 	window1: mouseVisible = False
1131.7311 	EXP 	window1: mouseVisible = False
1131.7478 	EXP 	window1: mouseVisible = False
1131.7644 	EXP 	window1: mouseVisible = False
1131.7645 	DATA 	Keypress: space
1131.8818 	EXP 	New trial (rep=3, index=0): None
1131.8963 	EXP 	main_text: autoDraw = True
1131.8963 	EXP 	confirm_text: autoDraw = True
1131.8963 	EXP 	ratingScale: autoDraw = False
1131.8963 	EXP 	main_text: autoDraw = False
1131.8963 	EXP 	confirm_text: autoDraw = False
1131.8963 	EXP 	text_2: autoDraw = True
1131.8963 	EXP 	croix: autoDraw = True
1136.8964 	EXP 	text_2: autoDraw = False
1136.8964 	EXP 	croix: autoDraw = False
1136.8964 	EXP 	text_2: autoDraw = False
1136.8964 	EXP 	croix: autoDraw = False
1136.8964 	EXP 	thermode_locali: autoDraw = True
1148.8804 	EXP 	window1: mouseVisible = True
1148.8812 	EXP 	Created unnamed Rect = Rect(__class__=<class 'psychopy.visual.rect.Rect'>, anchor=('center', 'center'), autoDraw=False, autoLog=True, closeShape=True, color=method-wrapper(...), colorSpace='rgb', contrast=None, depth=0, draggable=False, fillColor=array([1, 1, 1]), fillColorSpace='rgb', fillRGB=array([1, 1, 1]), interpolate=True, lineColor=array([1., 1., 1.]), lineColorSpace='rgb', lineRGB=array([1, 1, 1]), lineWidth=1.5, name='unnamed Rect', opacity=1.0, ori=0.0, pos=array([0., 0.]), size=array([0.01, 0.1 ]), units='norm', vertices=ndarray(...), win=Window(...))
1148.8813 	EXP 	window1: mouseVisible = True
1148.8814 	EXP 	window1: mouseVisible = True
1148.8819 	EXP 	window1: mouseVisible = True
1148.8830 	EXP 	window1: mouseVisible = True
1148.8842 	EXP 	window1: mouseVisible = True
1148.8844 	EXP 	window1: mouseVisible = True
1148.8846 	EXP 	window1: mouseVisible = True
1148.8847 	EXP 	window1: mouseVisible = True
1148.8850 	EXP 	window1: mouseVisible = True
1148.8852 	EXP 	window1: mouseVisible = True
1148.8854 	EXP 	window1: mouseVisible = True
1148.8856 	EXP 	window1: mouseVisible = True
1148.8858 	EXP 	window1: mouseVisible = True
1148.8860 	EXP 	window1: mouseVisible = True
1148.8862 	EXP 	window1: mouseVisible = True
1148.8864 	EXP 	window1: mouseVisible = True
1148.8866 	EXP 	window1: mouseVisible = True
1148.8868 	EXP 	window1: mouseVisible = True
1148.8870 	EXP 	window1: mouseVisible = True
1148.8871 	EXP 	window1: mouseVisible = True
1148.8873 	EXP 	window1: mouseVisible = True
1148.8875 	EXP 	window1: mouseVisible = True
1148.8877 	EXP 	window1: mouseVisible = True
1148.8878 	EXP 	window1: mouseVisible = True
1148.8880 	EXP 	window1: mouseVisible = True
1148.8882 	EXP 	window1: mouseVisible = True
1148.8883 	EXP 	window1: mouseVisible = True
1148.8885 	EXP 	window1: mouseVisible = True
1148.8886 	EXP 	window1: mouseVisible = True
1148.8887 	EXP 	window1: mouseVisible = True
1148.8889 	EXP 	window1: mouseVisible = True
1148.8890 	EXP 	window1: mouseVisible = True
1148.8891 	EXP 	window1: mouseVisible = True
1148.8893 	EXP 	window1: mouseVisible = True
1148.8895 	EXP 	window1: mouseVisible = True
1148.8896 	EXP 	window1: mouseVisible = True
1148.8897 	EXP 	window1: mouseVisible = True
1148.8899 	EXP 	window1: mouseVisible = True
1148.8900 	EXP 	window1: mouseVisible = True
1148.8901 	EXP 	window1: mouseVisible = True
1148.8903 	EXP 	window1: mouseVisible = True
1148.8904 	EXP 	window1: mouseVisible = True
1148.8905 	EXP 	window1: mouseVisible = True
1148.8907 	EXP 	window1: mouseVisible = True
1148.8908 	EXP 	window1: mouseVisible = True
1148.8909 	EXP 	window1: mouseVisible = True
1148.8910 	EXP 	window1: mouseVisible = True
1148.8912 	EXP 	window1: mouseVisible = True
1148.8913 	EXP 	window1: mouseVisible = True
1148.8914 	EXP 	window1: mouseVisible = True
1148.8916 	EXP 	window1: mouseVisible = True
1148.8917 	EXP 	window1: mouseVisible = True
1148.8918 	EXP 	window1: mouseVisible = True
1148.8919 	EXP 	window1: mouseVisible = True
1148.8921 	EXP 	window1: mouseVisible = True
1148.8922 	EXP 	window1: mouseVisible = True
1148.8923 	EXP 	window1: mouseVisible = True
1148.8925 	EXP 	window1: mouseVisible = True
1148.8926 	EXP 	window1: mouseVisible = True
1148.8927 	EXP 	window1: mouseVisible = True
1148.8928 	EXP 	window1: mouseVisible = True
1148.8930 	EXP 	window1: mouseVisible = True
1148.8931 	EXP 	window1: mouseVisible = True
1148.8932 	EXP 	window1: mouseVisible = True
1148.8934 	EXP 	window1: mouseVisible = True
1148.8935 	EXP 	window1: mouseVisible = True
1148.8936 	EXP 	window1: mouseVisible = True
1148.8937 	EXP 	window1: mouseVisible = True
1148.8939 	EXP 	window1: mouseVisible = True
1148.8940 	EXP 	window1: mouseVisible = True
1148.8941 	EXP 	window1: mouseVisible = True
1148.8942 	EXP 	window1: mouseVisible = True
1148.8944 	EXP 	window1: mouseVisible = True
1148.8945 	EXP 	window1: mouseVisible = True
1148.8946 	EXP 	window1: mouseVisible = True
1148.8947 	EXP 	window1: mouseVisible = True
1148.8949 	EXP 	window1: mouseVisible = True
1148.8950 	EXP 	window1: mouseVisible = True
1148.8951 	EXP 	window1: mouseVisible = True
1148.8953 	EXP 	window1: mouseVisible = True
1148.8954 	EXP 	window1: mouseVisible = True
1148.8955 	EXP 	window1: mouseVisible = True
1148.8956 	EXP 	window1: mouseVisible = True
1148.8958 	EXP 	window1: mouseVisible = True
1148.8959 	EXP 	window1: mouseVisible = True
1148.8960 	EXP 	window1: mouseVisible = True
1148.8961 	EXP 	window1: mouseVisible = True
1148.8963 	EXP 	window1: mouseVisible = True
1148.8964 	EXP 	window1: mouseVisible = True
1148.8965 	EXP 	window1: mouseVisible = True
1148.8966 	EXP 	window1: mouseVisible = True
1148.8968 	EXP 	window1: mouseVisible = True
1148.8969 	EXP 	window1: mouseVisible = True
1148.8970 	EXP 	window1: mouseVisible = True
1148.8972 	EXP 	window1: mouseVisible = True
1148.8973 	EXP 	window1: mouseVisible = True
1148.8974 	EXP 	window1: mouseVisible = True
1148.8976 	EXP 	window1: mouseVisible = True
1148.8977 	EXP 	window1: mouseVisible = True
1148.8978 	EXP 	window1: mouseVisible = True
1148.8980 	EXP 	window1: mouseVisible = True
1148.8981 	EXP 	window1: mouseVisible = True
1148.8982 	EXP 	window1: mouseVisible = True
1148.8983 	EXP 	window1: mouseVisible = True
1148.9004 	EXP 	Created ratingScale = RatingScale(__class__=type(...), acceptKeys=['return'], acceptPreText=UNKNOWN, acceptSize=UNKNOWN, acceptText=UNKNOWN, autoLog=True, choices=False, colorSpace='rgb', depth=0, disappear=False, flipVert=False, high=100, kwargs=UNKNOWN, labels=list(...), leftKeys=['left'], lineColor=(255, 255, 255), low=0, marker=Rect(...), markerColor=(255, 255, 255), markerExpansion=UNKNOWN, markerStart=0.5, maxTime=0.0, minTime=0.4, mouseOnly=False, name='ratingScale', noMouse=False, pos=[0.0, 0.0], precision=100, respKeys=[], rightKeys=['right'], scale=None, self=UNKNOWN, showAccept=False, showValue=False, singleClick=False, size=0.6, skipKeys=['tab'], stretch=2.0, textColor='white', textFont='Helvetica Bold', textSize=0.144, tickHeight=0, tickMarks=10.0, win=Window(...))
1148.9005 	EXP 	RatingScale ratingScale: reset()
1148.9025 	EXP 	window1: mouseVisible = False
1148.9132 	EXP 	thermode_locali: autoDraw = False
1148.9132 	EXP 	thermode_locali: autoDraw = False
1148.9132 	EXP 	ratingScale: flipVert = False
1148.9132 	EXP 	ratingScale: autoLog = True
1148.9148 	EXP 	window1: mouseVisible = False
1148.9313 	EXP 	window1: mouseVisible = False
1148.9480 	EXP 	window1: mouseVisible = False
1148.9646 	EXP 	window1: mouseVisible = False
1148.9813 	EXP 	window1: mouseVisible = False
1148.9986 	EXP 	window1: mouseVisible = False
1149.0146 	EXP 	window1: mouseVisible = False
1149.0314 	EXP 	window1: mouseVisible = False
1149.0480 	EXP 	window1: mouseVisible = False
1149.0646 	EXP 	window1: mouseVisible = False
1149.0813 	EXP 	window1: mouseVisible = False
1149.0979 	EXP 	window1: mouseVisible = False
1149.1147 	EXP 	window1: mouseVisible = False
1149.1313 	EXP 	window1: mouseVisible = False
1149.1479 	EXP 	window1: mouseVisible = False
1149.1646 	EXP 	window1: mouseVisible = False
1149.1813 	EXP 	window1: mouseVisible = False
1149.1980 	EXP 	window1: mouseVisible = False
1149.2146 	EXP 	window1: mouseVisible = False
1149.2314 	EXP 	window1: mouseVisible = False
1149.2480 	EXP 	window1: mouseVisible = False
1149.2646 	EXP 	window1: mouseVisible = False
1149.2813 	EXP 	window1: mouseVisible = False
1149.2980 	EXP 	window1: mouseVisible = False
1149.3146 	EXP 	window1: mouseVisible = False
1149.3313 	EXP 	window1: mouseVisible = False
1149.3479 	EXP 	window1: mouseVisible = False
1149.3646 	EXP 	window1: mouseVisible = False
1149.3813 	EXP 	window1: mouseVisible = False
1149.3991 	EXP 	window1: mouseVisible = False
1149.4147 	EXP 	window1: mouseVisible = False
1149.4314 	EXP 	window1: mouseVisible = False
1149.4480 	EXP 	window1: mouseVisible = False
1149.4646 	EXP 	window1: mouseVisible = False
1149.4813 	EXP 	window1: mouseVisible = False
1149.4980 	EXP 	window1: mouseVisible = False
1149.5146 	EXP 	window1: mouseVisible = False
1149.5313 	EXP 	window1: mouseVisible = False
1149.5481 	EXP 	window1: mouseVisible = False
1149.5647 	EXP 	window1: mouseVisible = False
1149.5813 	EXP 	window1: mouseVisible = False
1149.5980 	EXP 	window1: mouseVisible = False
1149.6146 	EXP 	window1: mouseVisible = False
1149.6309 	DATA 	Keypress: m
1149.6314 	EXP 	window1: mouseVisible = False
1149.6480 	EXP 	window1: mouseVisible = False
1149.6647 	EXP 	window1: mouseVisible = False
1149.6813 	EXP 	window1: mouseVisible = False
1149.6980 	EXP 	window1: mouseVisible = False
1149.7146 	EXP 	window1: mouseVisible = False
1149.7313 	EXP 	window1: mouseVisible = False
1149.7480 	EXP 	window1: mouseVisible = False
1149.7646 	EXP 	window1: mouseVisible = False
1149.7814 	EXP 	window1: mouseVisible = False
1149.7979 	EXP 	window1: mouseVisible = False
1149.8147 	EXP 	window1: mouseVisible = False
1149.8313 	EXP 	window1: mouseVisible = False
1149.8480 	EXP 	window1: mouseVisible = False
1149.8646 	EXP 	window1: mouseVisible = False
1149.8815 	EXP 	window1: mouseVisible = False
1149.8980 	EXP 	window1: mouseVisible = False
1149.9146 	EXP 	window1: mouseVisible = False
1149.9313 	EXP 	window1: mouseVisible = False
1149.9480 	EXP 	window1: mouseVisible = False
1149.9647 	EXP 	window1: mouseVisible = False
1149.9813 	EXP 	window1: mouseVisible = False
1149.9980 	EXP 	window1: mouseVisible = False
1150.0146 	EXP 	window1: mouseVisible = False
1150.0313 	EXP 	window1: mouseVisible = False
1150.0479 	EXP 	window1: mouseVisible = False
1150.0646 	EXP 	window1: mouseVisible = False
1150.0813 	EXP 	window1: mouseVisible = False
1150.0980 	EXP 	window1: mouseVisible = False
1150.1146 	EXP 	window1: mouseVisible = False
1150.1315 	EXP 	window1: mouseVisible = False
1150.1482 	EXP 	window1: mouseVisible = False
1150.1647 	EXP 	window1: mouseVisible = False
1150.1814 	EXP 	window1: mouseVisible = False
1150.1980 	EXP 	window1: mouseVisible = False
1150.2147 	EXP 	window1: mouseVisible = False
1150.2314 	EXP 	window1: mouseVisible = False
1150.2480 	EXP 	window1: mouseVisible = False
1150.2646 	EXP 	window1: mouseVisible = False
1150.2813 	EXP 	window1: mouseVisible = False
1150.2980 	EXP 	window1: mouseVisible = False
1150.3146 	EXP 	window1: mouseVisible = False
1150.3314 	EXP 	window1: mouseVisible = False
1150.3480 	EXP 	window1: mouseVisible = False
1150.3647 	EXP 	window1: mouseVisible = False
1150.3814 	EXP 	window1: mouseVisible = False
1150.3980 	EXP 	window1: mouseVisible = False
1150.4146 	EXP 	window1: mouseVisible = False
1150.4314 	EXP 	window1: mouseVisible = False
1150.4480 	EXP 	window1: mouseVisible = False
1150.4647 	EXP 	window1: mouseVisible = False
1150.4815 	EXP 	window1: mouseVisible = False
1150.4982 	EXP 	window1: mouseVisible = False
1150.5149 	EXP 	window1: mouseVisible = False
1150.5314 	EXP 	window1: mouseVisible = False
1150.5481 	EXP 	window1: mouseVisible = False
1150.5647 	EXP 	window1: mouseVisible = False
1150.5813 	EXP 	window1: mouseVisible = False
1150.5979 	EXP 	window1: mouseVisible = False
1150.6146 	EXP 	window1: mouseVisible = False
1150.6313 	EXP 	window1: mouseVisible = False
1150.6480 	EXP 	window1: mouseVisible = False
1150.6648 	EXP 	window1: mouseVisible = False
1150.6814 	EXP 	window1: mouseVisible = False
1150.6980 	EXP 	window1: mouseVisible = False
1150.7147 	EXP 	window1: mouseVisible = False
1150.7313 	EXP 	window1: mouseVisible = False
1150.7480 	EXP 	window1: mouseVisible = False
1150.7646 	EXP 	window1: mouseVisible = False
1150.7813 	EXP 	window1: mouseVisible = False
1150.7976 	DATA 	Keypress: space
1150.8990 	EXP 	New trial (rep=4, index=0): None
1150.9132 	EXP 	main_text: autoDraw = True
1150.9132 	EXP 	confirm_text: autoDraw = True
1150.9132 	EXP 	ratingScale: autoDraw = False
1150.9132 	EXP 	main_text: autoDraw = False
1150.9132 	EXP 	confirm_text: autoDraw = False
1150.9132 	EXP 	text_2: autoDraw = True
1150.9132 	EXP 	croix: autoDraw = True
1155.9133 	EXP 	text_2: autoDraw = False
1155.9133 	EXP 	croix: autoDraw = False
1155.9133 	EXP 	text_2: autoDraw = False
1155.9133 	EXP 	croix: autoDraw = False
1155.9133 	EXP 	thermode_locali: autoDraw = True
1167.8972 	EXP 	window1: mouseVisible = True
1167.8980 	EXP 	Created unnamed Rect = Rect(__class__=<class 'psychopy.visual.rect.Rect'>, anchor=('center', 'center'), autoDraw=False, autoLog=True, closeShape=True, color=method-wrapper(...), colorSpace='rgb', contrast=None, depth=0, draggable=False, fillColor=array([1, 1, 1]), fillColorSpace='rgb', fillRGB=array([1, 1, 1]), interpolate=True, lineColor=array([1., 1., 1.]), lineColorSpace='rgb', lineRGB=array([1, 1, 1]), lineWidth=1.5, name='unnamed Rect', opacity=1.0, ori=0.0, pos=array([0., 0.]), size=array([0.01, 0.1 ]), units='norm', vertices=ndarray(...), win=Window(...))
1167.8981 	EXP 	window1: mouseVisible = True
1167.8982 	EXP 	window1: mouseVisible = True
1167.8987 	EXP 	window1: mouseVisible = True
1167.8999 	EXP 	window1: mouseVisible = True
1167.9010 	EXP 	window1: mouseVisible = True
1167.9012 	EXP 	window1: mouseVisible = True
1167.9013 	EXP 	window1: mouseVisible = True
1167.9015 	EXP 	window1: mouseVisible = True
1167.9016 	EXP 	window1: mouseVisible = True
1167.9017 	EXP 	window1: mouseVisible = True
1167.9019 	EXP 	window1: mouseVisible = True
1167.9020 	EXP 	window1: mouseVisible = True
1167.9021 	EXP 	window1: mouseVisible = True
1167.9025 	EXP 	window1: mouseVisible = True
1167.9026 	EXP 	window1: mouseVisible = True
1167.9027 	EXP 	window1: mouseVisible = True
1167.9029 	EXP 	window1: mouseVisible = True
1167.9030 	EXP 	window1: mouseVisible = True
1167.9031 	EXP 	window1: mouseVisible = True
1167.9032 	EXP 	window1: mouseVisible = True
1167.9034 	EXP 	window1: mouseVisible = True
1167.9035 	EXP 	window1: mouseVisible = True
1167.9036 	EXP 	window1: mouseVisible = True
1167.9037 	EXP 	window1: mouseVisible = True
1167.9039 	EXP 	window1: mouseVisible = True
1167.9040 	EXP 	window1: mouseVisible = True
1167.9041 	EXP 	window1: mouseVisible = True
1167.9042 	EXP 	window1: mouseVisible = True
1167.9044 	EXP 	window1: mouseVisible = True
1167.9046 	EXP 	window1: mouseVisible = True
1167.9047 	EXP 	window1: mouseVisible = True
1167.9048 	EXP 	window1: mouseVisible = True
1167.9050 	EXP 	window1: mouseVisible = True
1167.9051 	EXP 	window1: mouseVisible = True
1167.9052 	EXP 	window1: mouseVisible = True
1167.9055 	EXP 	window1: mouseVisible = True
1167.9057 	EXP 	window1: mouseVisible = True
1167.9060 	EXP 	window1: mouseVisible = True
1167.9063 	EXP 	window1: mouseVisible = True
1167.9065 	EXP 	window1: mouseVisible = True
1167.9067 	EXP 	window1: mouseVisible = True
1167.9068 	EXP 	window1: mouseVisible = True
1167.9069 	EXP 	window1: mouseVisible = True
1167.9071 	EXP 	window1: mouseVisible = True
1167.9072 	EXP 	window1: mouseVisible = True
1167.9073 	EXP 	window1: mouseVisible = True
1167.9075 	EXP 	window1: mouseVisible = True
1167.9076 	EXP 	window1: mouseVisible = True
1167.9077 	EXP 	window1: mouseVisible = True
1167.9079 	EXP 	window1: mouseVisible = True
1167.9080 	EXP 	window1: mouseVisible = True
1167.9081 	EXP 	window1: mouseVisible = True
1167.9082 	EXP 	window1: mouseVisible = True
1167.9084 	EXP 	window1: mouseVisible = True
1167.9085 	EXP 	window1: mouseVisible = True
1167.9086 	EXP 	window1: mouseVisible = True
1167.9088 	EXP 	window1: mouseVisible = True
1167.9089 	EXP 	window1: mouseVisible = True
1167.9090 	EXP 	window1: mouseVisible = True
1167.9092 	EXP 	window1: mouseVisible = True
1167.9093 	EXP 	window1: mouseVisible = True
1167.9094 	EXP 	window1: mouseVisible = True
1167.9096 	EXP 	window1: mouseVisible = True
1167.9097 	EXP 	window1: mouseVisible = True
1167.9098 	EXP 	window1: mouseVisible = True
1167.9100 	EXP 	window1: mouseVisible = True
1167.9101 	EXP 	window1: mouseVisible = True
1167.9102 	EXP 	window1: mouseVisible = True
1167.9103 	EXP 	window1: mouseVisible = True
1167.9105 	EXP 	window1: mouseVisible = True
1167.9106 	EXP 	window1: mouseVisible = True
1167.9107 	EXP 	window1: mouseVisible = True
1167.9108 	EXP 	window1: mouseVisible = True
1167.9110 	EXP 	window1: mouseVisible = True
1167.9111 	EXP 	window1: mouseVisible = True
1167.9112 	EXP 	window1: mouseVisible = True
1167.9113 	EXP 	window1: mouseVisible = True
1167.9115 	EXP 	window1: mouseVisible = True
1167.9116 	EXP 	window1: mouseVisible = True
1167.9117 	EXP 	window1: mouseVisible = True
1167.9118 	EXP 	window1: mouseVisible = True
1167.9120 	EXP 	window1: mouseVisible = True
1167.9121 	EXP 	window1: mouseVisible = True
1167.9123 	EXP 	window1: mouseVisible = True
1167.9124 	EXP 	window1: mouseVisible = True
1167.9125 	EXP 	window1: mouseVisible = True
1167.9127 	EXP 	window1: mouseVisible = True
1167.9128 	EXP 	window1: mouseVisible = True
1167.9129 	EXP 	window1: mouseVisible = True
1167.9131 	EXP 	window1: mouseVisible = True
1167.9132 	EXP 	window1: mouseVisible = True
1167.9133 	EXP 	window1: mouseVisible = True
1167.9134 	EXP 	window1: mouseVisible = True
1167.9136 	EXP 	window1: mouseVisible = True
1167.9137 	EXP 	window1: mouseVisible = True
1167.9138 	EXP 	window1: mouseVisible = True
1167.9140 	EXP 	window1: mouseVisible = True
1167.9141 	EXP 	window1: mouseVisible = True
1167.9142 	EXP 	window1: mouseVisible = True
1167.9143 	EXP 	window1: mouseVisible = True
1167.9145 	EXP 	window1: mouseVisible = True
1167.9146 	EXP 	window1: mouseVisible = True
1167.9147 	EXP 	window1: mouseVisible = True
1167.9148 	EXP 	window1: mouseVisible = True
1167.9170 	EXP 	Created ratingScale = RatingScale(__class__=type(...), acceptKeys=['return'], acceptPreText=UNKNOWN, acceptSize=UNKNOWN, acceptText=UNKNOWN, autoLog=True, choices=False, colorSpace='rgb', depth=0, disappear=False, flipVert=False, high=100, kwargs=UNKNOWN, labels=list(...), leftKeys=['left'], lineColor=(255, 255, 255), low=0, marker=Rect(...), markerColor=(255, 255, 255), markerExpansion=UNKNOWN, markerStart=0.5, maxTime=0.0, minTime=0.4, mouseOnly=False, name='ratingScale', noMouse=False, pos=[0.0, 0.0], precision=100, respKeys=[], rightKeys=['right'], scale=None, self=UNKNOWN, showAccept=False, showValue=False, singleClick=False, size=0.6, skipKeys=['tab'], stretch=2.0, textColor='white', textFont='Helvetica Bold', textSize=0.144, tickHeight=0, tickMarks=10.0, win=Window(...))
1167.9170 	EXP 	RatingScale ratingScale: reset()
1167.9191 	EXP 	window1: mouseVisible = False
1167.9300 	EXP 	thermode_locali: autoDraw = False
1167.9300 	EXP 	thermode_locali: autoDraw = False
1167.9300 	EXP 	ratingScale: flipVert = False
1167.9300 	EXP 	ratingScale: autoLog = True
1167.9316 	EXP 	window1: mouseVisible = False
1167.9482 	EXP 	window1: mouseVisible = False
1167.9647 	EXP 	window1: mouseVisible = False
1167.9815 	EXP 	window1: mouseVisible = False
1167.9982 	EXP 	window1: mouseVisible = False
1168.0152 	EXP 	window1: mouseVisible = False
1168.0316 	EXP 	window1: mouseVisible = False
1168.0481 	EXP 	window1: mouseVisible = False
1168.0648 	EXP 	window1: mouseVisible = False
1168.0815 	EXP 	window1: mouseVisible = False
1168.0982 	EXP 	window1: mouseVisible = False
1168.1152 	EXP 	window1: mouseVisible = False
1168.1316 	EXP 	window1: mouseVisible = False
1168.1482 	EXP 	window1: mouseVisible = False
1168.1648 	EXP 	window1: mouseVisible = False
1168.1816 	EXP 	window1: mouseVisible = False
1168.1982 	EXP 	window1: mouseVisible = False
1168.2148 	EXP 	window1: mouseVisible = False
1168.2321 	EXP 	window1: mouseVisible = False
1168.2482 	EXP 	window1: mouseVisible = False
1168.2648 	EXP 	window1: mouseVisible = False
1168.2815 	EXP 	window1: mouseVisible = False
1168.2982 	EXP 	window1: mouseVisible = False
1168.3148 	EXP 	window1: mouseVisible = False
1168.3315 	EXP 	window1: mouseVisible = False
1168.3481 	EXP 	window1: mouseVisible = False
1168.3648 	EXP 	window1: mouseVisible = False
1168.3815 	EXP 	window1: mouseVisible = False
1168.3982 	EXP 	window1: mouseVisible = False
1168.4148 	EXP 	window1: mouseVisible = False
1168.4315 	EXP 	window1: mouseVisible = False
1168.4481 	EXP 	window1: mouseVisible = False
1168.4649 	EXP 	window1: mouseVisible = False
1168.4815 	EXP 	window1: mouseVisible = False
1168.4981 	EXP 	window1: mouseVisible = False
1168.5148 	EXP 	window1: mouseVisible = False
1168.5315 	EXP 	window1: mouseVisible = False
1168.5478 	DATA 	Keypress: n
1168.5483 	EXP 	window1: mouseVisible = False
1168.5648 	EXP 	window1: mouseVisible = False
1168.5815 	EXP 	window1: mouseVisible = False
1168.5981 	EXP 	window1: mouseVisible = False
1168.6148 	EXP 	window1: mouseVisible = False
1168.6315 	EXP 	window1: mouseVisible = False
1168.6482 	EXP 	window1: mouseVisible = False
1168.6648 	EXP 	window1: mouseVisible = False
1168.6815 	EXP 	window1: mouseVisible = False
1168.6982 	EXP 	window1: mouseVisible = False
1168.7148 	EXP 	window1: mouseVisible = False
1168.7315 	EXP 	window1: mouseVisible = False
1168.7482 	EXP 	window1: mouseVisible = False
1168.7650 	EXP 	window1: mouseVisible = False
1168.7815 	EXP 	window1: mouseVisible = False
1168.7981 	EXP 	window1: mouseVisible = False
1168.8148 	EXP 	window1: mouseVisible = False
1168.8315 	EXP 	window1: mouseVisible = False
1168.8481 	EXP 	window1: mouseVisible = False
1168.8648 	EXP 	window1: mouseVisible = False
1168.8815 	EXP 	window1: mouseVisible = False
1168.8982 	EXP 	window1: mouseVisible = False
1168.9148 	EXP 	window1: mouseVisible = False
1168.9314 	EXP 	window1: mouseVisible = False
1168.9481 	EXP 	window1: mouseVisible = False
1168.9648 	EXP 	window1: mouseVisible = False
1168.9815 	EXP 	window1: mouseVisible = False
1168.9982 	EXP 	window1: mouseVisible = False
1169.0148 	EXP 	window1: mouseVisible = False
1169.0315 	EXP 	window1: mouseVisible = False
1169.0482 	EXP 	window1: mouseVisible = False
1169.0649 	EXP 	window1: mouseVisible = False
1169.0816 	EXP 	window1: mouseVisible = False
1169.0981 	EXP 	window1: mouseVisible = False
1169.1148 	EXP 	window1: mouseVisible = False
1169.1315 	EXP 	window1: mouseVisible = False
1169.1482 	EXP 	window1: mouseVisible = False
1169.1649 	EXP 	window1: mouseVisible = False
1169.1816 	EXP 	window1: mouseVisible = False
1169.1982 	EXP 	window1: mouseVisible = False
1169.2148 	EXP 	window1: mouseVisible = False
1169.2317 	EXP 	window1: mouseVisible = False
1169.2482 	EXP 	window1: mouseVisible = False
1169.2649 	EXP 	window1: mouseVisible = False
1169.2815 	EXP 	window1: mouseVisible = False
1169.2982 	EXP 	window1: mouseVisible = False
1169.3149 	EXP 	window1: mouseVisible = False
1169.3315 	EXP 	window1: mouseVisible = False
1169.3482 	EXP 	window1: mouseVisible = False
1169.3656 	DATA 	Keypress: space
1169.4668 	EXP 	New trial (rep=5, index=0): None
1169.4801 	EXP 	main_text: autoDraw = True
1169.4801 	EXP 	confirm_text: autoDraw = True
1169.4801 	EXP 	ratingScale: autoDraw = False
1169.4801 	EXP 	main_text: autoDraw = False
1169.4801 	EXP 	confirm_text: autoDraw = False
1169.4801 	EXP 	text_2: autoDraw = True
1169.4801 	EXP 	croix: autoDraw = True
1174.4802 	EXP 	text_2: autoDraw = False
1174.4802 	EXP 	croix: autoDraw = False
1174.4802 	EXP 	text_2: autoDraw = False
1174.4802 	EXP 	croix: autoDraw = False
1174.4802 	EXP 	thermode_locali: autoDraw = True
1186.4641 	EXP 	window1: mouseVisible = True
1186.4650 	EXP 	Created unnamed Rect = Rect(__class__=<class 'psychopy.visual.rect.Rect'>, anchor=('center', 'center'), autoDraw=False, autoLog=True, closeShape=True, color=method-wrapper(...), colorSpace='rgb', contrast=None, depth=0, draggable=False, fillColor=array([1, 1, 1]), fillColorSpace='rgb', fillRGB=array([1, 1, 1]), interpolate=True, lineColor=array([1., 1., 1.]), lineColorSpace='rgb', lineRGB=array([1, 1, 1]), lineWidth=1.5, name='unnamed Rect', opacity=1.0, ori=0.0, pos=array([0., 0.]), size=array([0.01, 0.1 ]), units='norm', vertices=ndarray(...), win=Window(...))
1186.4651 	EXP 	window1: mouseVisible = True
1186.4652 	EXP 	window1: mouseVisible = True
1186.4657 	EXP 	window1: mouseVisible = True
1186.4669 	EXP 	window1: mouseVisible = True
1186.4680 	EXP 	window1: mouseVisible = True
1186.4682 	EXP 	window1: mouseVisible = True
1186.4683 	EXP 	window1: mouseVisible = True
1186.4689 	EXP 	window1: mouseVisible = True
1186.4691 	EXP 	window1: mouseVisible = True
1186.4693 	EXP 	window1: mouseVisible = True
1186.4694 	EXP 	window1: mouseVisible = True
1186.4695 	EXP 	window1: mouseVisible = True
1186.4697 	EXP 	window1: mouseVisible = True
1186.4698 	EXP 	window1: mouseVisible = True
1186.4699 	EXP 	window1: mouseVisible = True
1186.4701 	EXP 	window1: mouseVisible = True
1186.4702 	EXP 	window1: mouseVisible = True
1186.4703 	EXP 	window1: mouseVisible = True
1186.4705 	EXP 	window1: mouseVisible = True
1186.4706 	EXP 	window1: mouseVisible = True
1186.4708 	EXP 	window1: mouseVisible = True
1186.4709 	EXP 	window1: mouseVisible = True
1186.4710 	EXP 	window1: mouseVisible = True
1186.4711 	EXP 	window1: mouseVisible = True
1186.4713 	EXP 	window1: mouseVisible = True
1186.4714 	EXP 	window1: mouseVisible = True
1186.4717 	EXP 	window1: mouseVisible = True
1186.4719 	EXP 	window1: mouseVisible = True
1186.4722 	EXP 	window1: mouseVisible = True
1186.4724 	EXP 	window1: mouseVisible = True
1186.4726 	EXP 	window1: mouseVisible = True
1186.4728 	EXP 	window1: mouseVisible = True
1186.4730 	EXP 	window1: mouseVisible = True
1186.4731 	EXP 	window1: mouseVisible = True
1186.4733 	EXP 	window1: mouseVisible = True
1186.4735 	EXP 	window1: mouseVisible = True
1186.4738 	EXP 	window1: mouseVisible = True
1186.4740 	EXP 	window1: mouseVisible = True
1186.4741 	EXP 	window1: mouseVisible = True
1186.4743 	EXP 	window1: mouseVisible = True
1186.4744 	EXP 	window1: mouseVisible = True
1186.4746 	EXP 	window1: mouseVisible = True
1186.4748 	EXP 	window1: mouseVisible = True
1186.4749 	EXP 	window1: mouseVisible = True
1186.4751 	EXP 	window1: mouseVisible = True
1186.4752 	EXP 	window1: mouseVisible = True
1186.4753 	EXP 	window1: mouseVisible = True
1186.4755 	EXP 	window1: mouseVisible = True
1186.4756 	EXP 	window1: mouseVisible = True
1186.4757 	EXP 	window1: mouseVisible = True
1186.4759 	EXP 	window1: mouseVisible = True
1186.4760 	EXP 	window1: mouseVisible = True
1186.4762 	EXP 	window1: mouseVisible = True
1186.4763 	EXP 	window1: mouseVisible = True
1186.4764 	EXP 	window1: mouseVisible = True
1186.4765 	EXP 	window1: mouseVisible = True
1186.4767 	EXP 	window1: mouseVisible = True
1186.4768 	EXP 	window1: mouseVisible = True
1186.4769 	EXP 	window1: mouseVisible = True
1186.4771 	EXP 	window1: mouseVisible = True
1186.4772 	EXP 	window1: mouseVisible = True
1186.4773 	EXP 	window1: mouseVisible = True
1186.4775 	EXP 	window1: mouseVisible = True
1186.4776 	EXP 	window1: mouseVisible = True
1186.4777 	EXP 	window1: mouseVisible = True
1186.4778 	EXP 	window1: mouseVisible = True
1186.4780 	EXP 	window1: mouseVisible = True
1186.4781 	EXP 	window1: mouseVisible = True
1186.4782 	EXP 	window1: mouseVisible = True
1186.4784 	EXP 	window1: mouseVisible = True
1186.4785 	EXP 	window1: mouseVisible = True
1186.4786 	EXP 	window1: mouseVisible = True
1186.4788 	EXP 	window1: mouseVisible = True
1186.4789 	EXP 	window1: mouseVisible = True
1186.4791 	EXP 	window1: mouseVisible = True
1186.4792 	EXP 	window1: mouseVisible = True
1186.4793 	EXP 	window1: mouseVisible = True
1186.4795 	EXP 	window1: mouseVisible = True
1186.4796 	EXP 	window1: mouseVisible = True
1186.4797 	EXP 	window1: mouseVisible = True
1186.4799 	EXP 	window1: mouseVisible = True
1186.4800 	EXP 	window1: mouseVisible = True
1186.4801 	EXP 	window1: mouseVisible = True
1186.4803 	EXP 	window1: mouseVisible = True
1186.4804 	EXP 	window1: mouseVisible = True
1186.4805 	EXP 	window1: mouseVisible = True
1186.4806 	EXP 	window1: mouseVisible = True
1186.4808 	EXP 	window1: mouseVisible = True
1186.4809 	EXP 	window1: mouseVisible = True
1186.4810 	EXP 	window1: mouseVisible = True
1186.4812 	EXP 	window1: mouseVisible = True
1186.4813 	EXP 	window1: mouseVisible = True
1186.4814 	EXP 	window1: mouseVisible = True
1186.4816 	EXP 	window1: mouseVisible = True
1186.4817 	EXP 	window1: mouseVisible = True
1186.4818 	EXP 	window1: mouseVisible = True
1186.4819 	EXP 	window1: mouseVisible = True
1186.4821 	EXP 	window1: mouseVisible = True
1186.4822 	EXP 	window1: mouseVisible = True
1186.4823 	EXP 	window1: mouseVisible = True
1186.4825 	EXP 	window1: mouseVisible = True
1186.4826 	EXP 	window1: mouseVisible = True
1186.4827 	EXP 	window1: mouseVisible = True
1186.4829 	EXP 	window1: mouseVisible = True
1186.4851 	EXP 	Created ratingScale = RatingScale(__class__=type(...), acceptKeys=['return'], acceptPreText=UNKNOWN, acceptSize=UNKNOWN, acceptText=UNKNOWN, autoLog=True, choices=False, colorSpace='rgb', depth=0, disappear=False, flipVert=False, high=100, kwargs=UNKNOWN, labels=list(...), leftKeys=['left'], lineColor=(255, 255, 255), low=0, marker=Rect(...), markerColor=(255, 255, 255), markerExpansion=UNKNOWN, markerStart=0.5, maxTime=0.0, minTime=0.4, mouseOnly=False, name='ratingScale', noMouse=False, pos=[0.0, 0.0], precision=100, respKeys=[], rightKeys=['right'], scale=None, self=UNKNOWN, showAccept=False, showValue=False, singleClick=False, size=0.6, skipKeys=['tab'], stretch=2.0, textColor='white', textFont='Helvetica Bold', textSize=0.144, tickHeight=0, tickMarks=10.0, win=Window(...))
1186.4851 	EXP 	RatingScale ratingScale: reset()
1186.4872 	EXP 	window1: mouseVisible = False
1186.4968 	EXP 	thermode_locali: autoDraw = False
1186.4968 	EXP 	thermode_locali: autoDraw = False
1186.4968 	EXP 	ratingScale: flipVert = False
1186.4968 	EXP 	ratingScale: autoLog = True
1186.4985 	EXP 	window1: mouseVisible = False
1186.5155 	EXP 	window1: mouseVisible = False
1186.5318 	EXP 	window1: mouseVisible = False
1186.5486 	EXP 	window1: mouseVisible = False
1186.5654 	EXP 	window1: mouseVisible = False
1186.5826 	EXP 	window1: mouseVisible = False
1186.5986 	EXP 	window1: mouseVisible = False
1186.6150 	EXP 	window1: mouseVisible = False
1186.6317 	EXP 	window1: mouseVisible = False
1186.6485 	EXP 	window1: mouseVisible = False
1186.6652 	EXP 	window1: mouseVisible = False
1186.6817 	EXP 	window1: mouseVisible = False
1186.6985 	EXP 	window1: mouseVisible = False
1186.7152 	EXP 	window1: mouseVisible = False
1186.7318 	EXP 	window1: mouseVisible = False
1186.7484 	EXP 	window1: mouseVisible = False
1186.7650 	EXP 	window1: mouseVisible = False
1186.7817 	EXP 	window1: mouseVisible = False
1186.7983 	EXP 	window1: mouseVisible = False
1186.8149 	EXP 	window1: mouseVisible = False
1186.8317 	EXP 	window1: mouseVisible = False
1186.8483 	EXP 	window1: mouseVisible = False
1186.8650 	EXP 	window1: mouseVisible = False
1186.8818 	EXP 	window1: mouseVisible = False
1186.8984 	EXP 	window1: mouseVisible = False
1186.9150 	EXP 	window1: mouseVisible = False
1186.9325 	EXP 	window1: mouseVisible = False
1186.9484 	EXP 	window1: mouseVisible = False
1186.9653 	EXP 	window1: mouseVisible = False
1186.9819 	EXP 	window1: mouseVisible = False
1186.9983 	EXP 	window1: mouseVisible = False
1187.0153 	EXP 	window1: mouseVisible = False
1187.0317 	EXP 	window1: mouseVisible = False
1187.0485 	EXP 	window1: mouseVisible = False
1187.0652 	EXP 	window1: mouseVisible = False
1187.0817 	EXP 	window1: mouseVisible = False
1187.0985 	EXP 	window1: mouseVisible = False
1187.1153 	EXP 	window1: mouseVisible = False
1187.1319 	EXP 	window1: mouseVisible = False
1187.1484 	EXP 	window1: mouseVisible = False
1187.1653 	EXP 	window1: mouseVisible = False
1187.1817 	EXP 	window1: mouseVisible = False
1187.1984 	EXP 	window1: mouseVisible = False
1187.2152 	EXP 	window1: mouseVisible = False
1187.2317 	EXP 	window1: mouseVisible = False
1187.2483 	EXP 	window1: mouseVisible = False
1187.2654 	EXP 	window1: mouseVisible = False
1187.2818 	EXP 	window1: mouseVisible = False
1187.2985 	EXP 	window1: mouseVisible = False
1187.3151 	EXP 	window1: mouseVisible = False
1187.3318 	EXP 	window1: mouseVisible = False
1187.3487 	EXP 	window1: mouseVisible = False
1187.3651 	EXP 	window1: mouseVisible = False
1187.3818 	EXP 	window1: mouseVisible = False
1187.3984 	EXP 	window1: mouseVisible = False
1187.4151 	EXP 	window1: mouseVisible = False
1187.4318 	EXP 	window1: mouseVisible = False
1187.4485 	EXP 	window1: mouseVisible = False
1187.4652 	EXP 	window1: mouseVisible = False
1187.4817 	EXP 	window1: mouseVisible = False
1187.4984 	EXP 	window1: mouseVisible = False
1187.5151 	EXP 	window1: mouseVisible = False
1187.5317 	EXP 	window1: mouseVisible = False
1187.5484 	EXP 	window1: mouseVisible = False
1187.5654 	EXP 	window1: mouseVisible = False
1187.5817 	EXP 	window1: mouseVisible = False
1187.5983 	EXP 	window1: mouseVisible = False
1187.6149 	DATA 	Keypress: n
1187.6155 	EXP 	window1: mouseVisible = False
1187.6317 	EXP 	window1: mouseVisible = False
1187.6483 	EXP 	window1: mouseVisible = False
1187.6653 	EXP 	window1: mouseVisible = False
1187.6817 	EXP 	window1: mouseVisible = False
1187.6983 	EXP 	window1: mouseVisible = False
1187.7155 	EXP 	window1: mouseVisible = False
1187.7317 	EXP 	window1: mouseVisible = False
1187.7483 	EXP 	window1: mouseVisible = False
1187.7654 	EXP 	window1: mouseVisible = False
1187.7817 	EXP 	window1: mouseVisible = False
1187.7983 	EXP 	window1: mouseVisible = False
1187.8153 	EXP 	window1: mouseVisible = False
1187.8317 	EXP 	window1: mouseVisible = False
1187.8498 	EXP 	window1: mouseVisible = False
1187.8653 	EXP 	window1: mouseVisible = False
1187.8817 	EXP 	window1: mouseVisible = False
1187.8985 	EXP 	window1: mouseVisible = False
1187.9153 	EXP 	window1: mouseVisible = False
1187.9318 	EXP 	window1: mouseVisible = False
1187.9485 	EXP 	window1: mouseVisible = False
1187.9652 	EXP 	window1: mouseVisible = False
1187.9819 	EXP 	window1: mouseVisible = False
1187.9985 	EXP 	window1: mouseVisible = False
1188.0151 	EXP 	window1: mouseVisible = False
1188.0321 	EXP 	window1: mouseVisible = False
1188.0484 	EXP 	window1: mouseVisible = False
1188.0651 	EXP 	window1: mouseVisible = False
1188.0817 	EXP 	window1: mouseVisible = False
1188.0984 	EXP 	window1: mouseVisible = False
1188.1151 	EXP 	window1: mouseVisible = False
1188.1318 	EXP 	window1: mouseVisible = False
1188.1486 	EXP 	window1: mouseVisible = False
1188.1651 	EXP 	window1: mouseVisible = False
1188.1818 	EXP 	window1: mouseVisible = False
1188.1983 	EXP 	window1: mouseVisible = False
1188.2151 	EXP 	window1: mouseVisible = False
1188.2318 	EXP 	window1: mouseVisible = False
1188.2484 	EXP 	window1: mouseVisible = False
1188.2651 	EXP 	window1: mouseVisible = False
1188.2818 	EXP 	window1: mouseVisible = False
1188.2983 	EXP 	window1: mouseVisible = False
1188.3151 	EXP 	window1: mouseVisible = False
1188.3317 	EXP 	window1: mouseVisible = False
1188.3484 	EXP 	window1: mouseVisible = False
1188.3650 	EXP 	window1: mouseVisible = False
1188.3818 	EXP 	window1: mouseVisible = False
1188.3983 	EXP 	window1: mouseVisible = False
1188.4151 	EXP 	window1: mouseVisible = False
1188.4317 	EXP 	window1: mouseVisible = False
1188.4484 	EXP 	window1: mouseVisible = False
1188.4650 	EXP 	window1: mouseVisible = False
1188.4818 	EXP 	window1: mouseVisible = False
1188.4984 	EXP 	window1: mouseVisible = False
1188.5151 	EXP 	window1: mouseVisible = False
1188.5317 	EXP 	window1: mouseVisible = False
1188.5484 	EXP 	window1: mouseVisible = False
1188.5650 	EXP 	window1: mouseVisible = False
1188.5818 	EXP 	window1: mouseVisible = False
1188.5986 	EXP 	window1: mouseVisible = False
1188.6151 	EXP 	window1: mouseVisible = False
1188.6317 	EXP 	window1: mouseVisible = False
1188.6484 	EXP 	window1: mouseVisible = False
1188.6651 	EXP 	window1: mouseVisible = False
1188.6817 	EXP 	window1: mouseVisible = False
1188.6985 	EXP 	window1: mouseVisible = False
1188.7151 	EXP 	window1: mouseVisible = False
1188.7318 	EXP 	window1: mouseVisible = False
1188.7484 	EXP 	window1: mouseVisible = False
1188.7650 	EXP 	window1: mouseVisible = False
1188.7817 	EXP 	window1: mouseVisible = False
1188.7985 	EXP 	window1: mouseVisible = False
1188.8151 	EXP 	window1: mouseVisible = False
1188.8317 	EXP 	window1: mouseVisible = False
1188.8485 	EXP 	window1: mouseVisible = False
1188.8650 	EXP 	window1: mouseVisible = False
1188.8817 	EXP 	window1: mouseVisible = False
1188.8986 	EXP 	window1: mouseVisible = False
1188.9151 	EXP 	window1: mouseVisible = False
1188.9317 	EXP 	window1: mouseVisible = False
1188.9485 	EXP 	window1: mouseVisible = False
1188.9652 	EXP 	window1: mouseVisible = False
1188.9819 	EXP 	window1: mouseVisible = False
1188.9985 	EXP 	window1: mouseVisible = False
1189.0151 	EXP 	window1: mouseVisible = False
1189.0318 	EXP 	window1: mouseVisible = False
1189.0484 	EXP 	window1: mouseVisible = False
1189.0651 	EXP 	window1: mouseVisible = False
1189.0818 	EXP 	window1: mouseVisible = False
1189.0984 	EXP 	window1: mouseVisible = False
1189.1151 	EXP 	window1: mouseVisible = False
1189.1317 	EXP 	window1: mouseVisible = False
1189.1485 	EXP 	window1: mouseVisible = False
1189.1651 	EXP 	window1: mouseVisible = False
1189.1820 	EXP 	window1: mouseVisible = False
1189.1985 	EXP 	window1: mouseVisible = False
1189.2150 	EXP 	window1: mouseVisible = False
1189.2318 	EXP 	window1: mouseVisible = False
1189.2484 	EXP 	window1: mouseVisible = False
1189.2651 	EXP 	window1: mouseVisible = False
1189.2817 	EXP 	window1: mouseVisible = False
1189.2985 	EXP 	window1: mouseVisible = False
1189.3152 	EXP 	window1: mouseVisible = False
1189.3318 	EXP 	window1: mouseVisible = False
1189.3484 	EXP 	window1: mouseVisible = False
1189.3652 	EXP 	window1: mouseVisible = False
1189.3817 	EXP 	window1: mouseVisible = False
1189.3985 	EXP 	window1: mouseVisible = False
1189.4150 	EXP 	window1: mouseVisible = False
1189.4319 	EXP 	window1: mouseVisible = False
1189.4484 	EXP 	window1: mouseVisible = False
1189.4651 	EXP 	window1: mouseVisible = False
1189.4818 	EXP 	window1: mouseVisible = False
1189.4985 	EXP 	window1: mouseVisible = False
1189.5151 	EXP 	window1: mouseVisible = False
1189.5320 	EXP 	window1: mouseVisible = False
1189.5485 	EXP 	window1: mouseVisible = False
1189.5651 	EXP 	window1: mouseVisible = False
1189.5817 	EXP 	window1: mouseVisible = False
1189.5985 	EXP 	window1: mouseVisible = False
1189.6151 	EXP 	window1: mouseVisible = False
1189.6318 	EXP 	window1: mouseVisible = False
1189.6484 	EXP 	window1: mouseVisible = False
1189.6651 	EXP 	window1: mouseVisible = False
1189.6817 	EXP 	window1: mouseVisible = False
1189.6985 	EXP 	window1: mouseVisible = False
1189.7151 	EXP 	window1: mouseVisible = False
1189.7317 	EXP 	window1: mouseVisible = False
1189.7483 	EXP 	window1: mouseVisible = False
1189.7652 	EXP 	window1: mouseVisible = False
1189.7817 	EXP 	window1: mouseVisible = False
1189.7985 	EXP 	window1: mouseVisible = False
1189.8151 	EXP 	window1: mouseVisible = False
1189.8318 	EXP 	window1: mouseVisible = False
1189.8483 	EXP 	window1: mouseVisible = False
1189.8651 	EXP 	window1: mouseVisible = False
1189.8818 	EXP 	window1: mouseVisible = False
1189.8985 	EXP 	window1: mouseVisible = False
1189.9151 	EXP 	window1: mouseVisible = False
1189.9318 	EXP 	window1: mouseVisible = False
1189.9484 	EXP 	window1: mouseVisible = False
1189.9652 	EXP 	window1: mouseVisible = False
1189.9818 	EXP 	window1: mouseVisible = False
1189.9984 	EXP 	window1: mouseVisible = False
1190.0150 	EXP 	window1: mouseVisible = False
1190.0318 	EXP 	window1: mouseVisible = False
1190.0484 	EXP 	window1: mouseVisible = False
1190.0651 	EXP 	window1: mouseVisible = False
1190.0817 	EXP 	window1: mouseVisible = False
1190.0985 	EXP 	window1: mouseVisible = False
1190.1151 	EXP 	window1: mouseVisible = False
1190.1318 	EXP 	window1: mouseVisible = False
1190.1488 	EXP 	window1: mouseVisible = False
1190.1651 	EXP 	window1: mouseVisible = False
1190.1818 	EXP 	window1: mouseVisible = False
1190.1986 	EXP 	window1: mouseVisible = False
1190.2151 	EXP 	window1: mouseVisible = False
1190.2318 	EXP 	window1: mouseVisible = False
1190.2484 	EXP 	window1: mouseVisible = False
1190.2652 	EXP 	window1: mouseVisible = False
1190.2818 	EXP 	window1: mouseVisible = False
1190.2985 	EXP 	window1: mouseVisible = False
1190.3151 	EXP 	window1: mouseVisible = False
1190.3318 	EXP 	window1: mouseVisible = False
1190.3484 	EXP 	window1: mouseVisible = False
1190.3651 	EXP 	window1: mouseVisible = False
1190.3818 	EXP 	window1: mouseVisible = False
1190.3985 	EXP 	window1: mouseVisible = False
1190.4151 	EXP 	window1: mouseVisible = False
1190.4318 	EXP 	window1: mouseVisible = False
1190.4486 	EXP 	window1: mouseVisible = False
1190.4651 	EXP 	window1: mouseVisible = False
1190.4817 	EXP 	window1: mouseVisible = False
1190.4984 	EXP 	window1: mouseVisible = False
1190.5153 	EXP 	window1: mouseVisible = False
1190.5317 	EXP 	window1: mouseVisible = False
1190.5484 	EXP 	window1: mouseVisible = False
1190.5650 	EXP 	window1: mouseVisible = False
1190.5817 	EXP 	window1: mouseVisible = False
1190.5982 	EXP 	window1: mouseVisible = False
1190.6151 	EXP 	window1: mouseVisible = False
1190.6317 	EXP 	window1: mouseVisible = False
1190.6484 	EXP 	window1: mouseVisible = False
1190.6650 	EXP 	window1: mouseVisible = False
1190.6816 	EXP 	window1: mouseVisible = False
1190.6984 	EXP 	window1: mouseVisible = False
1190.7150 	EXP 	window1: mouseVisible = False
1190.7325 	DATA 	Keypress: space
1190.8330 	EXP 	New trial (rep=6, index=0): None
1190.8470 	EXP 	main_text: autoDraw = True
1190.8470 	EXP 	confirm_text: autoDraw = True
1190.8470 	EXP 	ratingScale: autoDraw = False
1190.8470 	EXP 	main_text: autoDraw = False
1190.8470 	EXP 	confirm_text: autoDraw = False
1190.8470 	EXP 	text_2: autoDraw = True
1190.8470 	EXP 	croix: autoDraw = True
1195.8471 	EXP 	text_2: autoDraw = False
1195.8471 	EXP 	croix: autoDraw = False
1195.8471 	EXP 	text_2: autoDraw = False
1195.8471 	EXP 	croix: autoDraw = False
1195.8471 	EXP 	thermode_locali: autoDraw = True
1207.8310 	EXP 	window1: mouseVisible = True
1207.8319 	EXP 	Created unnamed Rect = Rect(__class__=<class 'psychopy.visual.rect.Rect'>, anchor=('center', 'center'), autoDraw=False, autoLog=True, closeShape=True, color=method-wrapper(...), colorSpace='rgb', contrast=None, depth=0, draggable=False, fillColor=array([1, 1, 1]), fillColorSpace='rgb', fillRGB=array([1, 1, 1]), interpolate=True, lineColor=array([1., 1., 1.]), lineColorSpace='rgb', lineRGB=array([1, 1, 1]), lineWidth=1.5, name='unnamed Rect', opacity=1.0, ori=0.0, pos=array([0., 0.]), size=array([0.01, 0.1 ]), units='norm', vertices=ndarray(...), win=Window(...))
1207.8320 	EXP 	window1: mouseVisible = True
1207.8321 	EXP 	window1: mouseVisible = True
1207.8326 	EXP 	window1: mouseVisible = True
1207.8339 	EXP 	window1: mouseVisible = True
1207.8349 	EXP 	window1: mouseVisible = True
1207.8351 	EXP 	window1: mouseVisible = True
1207.8353 	EXP 	window1: mouseVisible = True
1207.8354 	EXP 	window1: mouseVisible = True
1207.8355 	EXP 	window1: mouseVisible = True
1207.8357 	EXP 	window1: mouseVisible = True
1207.8358 	EXP 	window1: mouseVisible = True
1207.8360 	EXP 	window1: mouseVisible = True
1207.8361 	EXP 	window1: mouseVisible = True
1207.8362 	EXP 	window1: mouseVisible = True
1207.8363 	EXP 	window1: mouseVisible = True
1207.8365 	EXP 	window1: mouseVisible = True
1207.8366 	EXP 	window1: mouseVisible = True
1207.8367 	EXP 	window1: mouseVisible = True
1207.8369 	EXP 	window1: mouseVisible = True
1207.8370 	EXP 	window1: mouseVisible = True
1207.8371 	EXP 	window1: mouseVisible = True
1207.8372 	EXP 	window1: mouseVisible = True
1207.8374 	EXP 	window1: mouseVisible = True
1207.8375 	EXP 	window1: mouseVisible = True
1207.8376 	EXP 	window1: mouseVisible = True
1207.8378 	EXP 	window1: mouseVisible = True
1207.8379 	EXP 	window1: mouseVisible = True
1207.8380 	EXP 	window1: mouseVisible = True
1207.8381 	EXP 	window1: mouseVisible = True
1207.8383 	EXP 	window1: mouseVisible = True
1207.8384 	EXP 	window1: mouseVisible = True
1207.8386 	EXP 	window1: mouseVisible = True
1207.8387 	EXP 	window1: mouseVisible = True
1207.8389 	EXP 	window1: mouseVisible = True
1207.8390 	EXP 	window1: mouseVisible = True
1207.8391 	EXP 	window1: mouseVisible = True
1207.8392 	EXP 	window1: mouseVisible = True
1207.8394 	EXP 	window1: mouseVisible = True
1207.8395 	EXP 	window1: mouseVisible = True
1207.8397 	EXP 	window1: mouseVisible = True
1207.8398 	EXP 	window1: mouseVisible = True
1207.8399 	EXP 	window1: mouseVisible = True
1207.8401 	EXP 	window1: mouseVisible = True
1207.8402 	EXP 	window1: mouseVisible = True
1207.8403 	EXP 	window1: mouseVisible = True
1207.8404 	EXP 	window1: mouseVisible = True
1207.8406 	EXP 	window1: mouseVisible = True
1207.8407 	EXP 	window1: mouseVisible = True
1207.8408 	EXP 	window1: mouseVisible = True
1207.8410 	EXP 	window1: mouseVisible = True
1207.8411 	EXP 	window1: mouseVisible = True
1207.8412 	EXP 	window1: mouseVisible = True
1207.8413 	EXP 	window1: mouseVisible = True
1207.8415 	EXP 	window1: mouseVisible = True
1207.8416 	EXP 	window1: mouseVisible = True
1207.8417 	EXP 	window1: mouseVisible = True
1207.8418 	EXP 	window1: mouseVisible = True
1207.8420 	EXP 	window1: mouseVisible = True
1207.8421 	EXP 	window1: mouseVisible = True
1207.8422 	EXP 	window1: mouseVisible = True
1207.8424 	EXP 	window1: mouseVisible = True
1207.8427 	EXP 	window1: mouseVisible = True
1207.8429 	EXP 	window1: mouseVisible = True
1207.8431 	EXP 	window1: mouseVisible = True
1207.8433 	EXP 	window1: mouseVisible = True
1207.8435 	EXP 	window1: mouseVisible = True
1207.8437 	EXP 	window1: mouseVisible = True
1207.8438 	EXP 	window1: mouseVisible = True
1207.8440 	EXP 	window1: mouseVisible = True
1207.8442 	EXP 	window1: mouseVisible = True
1207.8444 	EXP 	window1: mouseVisible = True
1207.8446 	EXP 	window1: mouseVisible = True
1207.8447 	EXP 	window1: mouseVisible = True
1207.8449 	EXP 	window1: mouseVisible = True
1207.8450 	EXP 	window1: mouseVisible = True
1207.8452 	EXP 	window1: mouseVisible = True
1207.8453 	EXP 	window1: mouseVisible = True
1207.8454 	EXP 	window1: mouseVisible = True
1207.8455 	EXP 	window1: mouseVisible = True
1207.8457 	EXP 	window1: mouseVisible = True
1207.8458 	EXP 	window1: mouseVisible = True
1207.8459 	EXP 	window1: mouseVisible = True
1207.8461 	EXP 	window1: mouseVisible = True
1207.8462 	EXP 	window1: mouseVisible = True
1207.8463 	EXP 	window1: mouseVisible = True
1207.8464 	EXP 	window1: mouseVisible = True
1207.8466 	EXP 	window1: mouseVisible = True
1207.8467 	EXP 	window1: mouseVisible = True
1207.8468 	EXP 	window1: mouseVisible = True
1207.8470 	EXP 	window1: mouseVisible = True
1207.8471 	EXP 	window1: mouseVisible = True
1207.8472 	EXP 	window1: mouseVisible = True
1207.8477 	EXP 	window1: mouseVisible = True
1207.8479 	EXP 	window1: mouseVisible = True
1207.8480 	EXP 	window1: mouseVisible = True
1207.8482 	EXP 	window1: mouseVisible = True
1207.8483 	EXP 	window1: mouseVisible = True
1207.8485 	EXP 	window1: mouseVisible = True
1207.8486 	EXP 	window1: mouseVisible = True
1207.8487 	EXP 	window1: mouseVisible = True
1207.8489 	EXP 	window1: mouseVisible = True
1207.8490 	EXP 	window1: mouseVisible = True
1207.8491 	EXP 	window1: mouseVisible = True
1207.8492 	EXP 	window1: mouseVisible = True
1207.8513 	EXP 	Created ratingScale = RatingScale(__class__=type(...), acceptKeys=['return'], acceptPreText=UNKNOWN, acceptSize=UNKNOWN, acceptText=UNKNOWN, autoLog=True, choices=False, colorSpace='rgb', depth=0, disappear=False, flipVert=False, high=100, kwargs=UNKNOWN, labels=list(...), leftKeys=['left'], lineColor=(255, 255, 255), low=0, marker=Rect(...), markerColor=(255, 255, 255), markerExpansion=UNKNOWN, markerStart=0.5, maxTime=0.0, minTime=0.4, mouseOnly=False, name='ratingScale', noMouse=False, pos=[0.0, 0.0], precision=100, respKeys=[], rightKeys=['right'], scale=None, self=UNKNOWN, showAccept=False, showValue=False, singleClick=False, size=0.6, skipKeys=['tab'], stretch=2.0, textColor='white', textFont='Helvetica Bold', textSize=0.144, tickHeight=0, tickMarks=10.0, win=Window(...))
1207.8514 	EXP 	RatingScale ratingScale: reset()
1207.8534 	EXP 	window1: mouseVisible = False
1207.8638 	EXP 	thermode_locali: autoDraw = False
1207.8638 	EXP 	thermode_locali: autoDraw = False
1207.8638 	EXP 	ratingScale: flipVert = False
1207.8638 	EXP 	ratingScale: autoLog = True
1207.8654 	EXP 	window1: mouseVisible = False
1207.8820 	EXP 	window1: mouseVisible = False
1207.8986 	EXP 	window1: mouseVisible = False
1207.9154 	EXP 	window1: mouseVisible = False
1207.9322 	EXP 	window1: mouseVisible = False
1207.9486 	EXP 	window1: mouseVisible = False
1207.9653 	EXP 	window1: mouseVisible = False
1207.9820 	EXP 	window1: mouseVisible = False
1207.9986 	EXP 	window1: mouseVisible = False
1208.0153 	EXP 	window1: mouseVisible = False
1208.0319 	EXP 	window1: mouseVisible = False
1208.0486 	EXP 	window1: mouseVisible = False
1208.0652 	EXP 	window1: mouseVisible = False
1208.0819 	EXP 	window1: mouseVisible = False
1208.0986 	EXP 	window1: mouseVisible = False
1208.1152 	EXP 	window1: mouseVisible = False
1208.1320 	EXP 	window1: mouseVisible = False
1208.1485 	EXP 	window1: mouseVisible = False
1208.1653 	EXP 	window1: mouseVisible = False
1208.1820 	EXP 	window1: mouseVisible = False
1208.1986 	EXP 	window1: mouseVisible = False
1208.2153 	EXP 	window1: mouseVisible = False
1208.2319 	EXP 	window1: mouseVisible = False
1208.2486 	EXP 	window1: mouseVisible = False
1208.2653 	EXP 	window1: mouseVisible = False
1208.2819 	EXP 	window1: mouseVisible = False
1208.2986 	EXP 	window1: mouseVisible = False
1208.3153 	EXP 	window1: mouseVisible = False
1208.3320 	EXP 	window1: mouseVisible = False
1208.3486 	EXP 	window1: mouseVisible = False
1208.3652 	EXP 	window1: mouseVisible = False
1208.3819 	EXP 	window1: mouseVisible = False
1208.3986 	EXP 	window1: mouseVisible = False
1208.4152 	EXP 	window1: mouseVisible = False
1208.4319 	EXP 	window1: mouseVisible = False
1208.4486 	EXP 	window1: mouseVisible = False
1208.4652 	EXP 	window1: mouseVisible = False
1208.4819 	EXP 	window1: mouseVisible = False
1208.4986 	EXP 	window1: mouseVisible = False
1208.5153 	EXP 	window1: mouseVisible = False
1208.5319 	EXP 	window1: mouseVisible = False
1208.5485 	EXP 	window1: mouseVisible = False
1208.5653 	EXP 	window1: mouseVisible = False
1208.5819 	EXP 	window1: mouseVisible = False
1208.5986 	EXP 	window1: mouseVisible = False
1208.6153 	EXP 	window1: mouseVisible = False
1208.6320 	EXP 	window1: mouseVisible = False
1208.6486 	EXP 	window1: mouseVisible = False
1208.6652 	EXP 	window1: mouseVisible = False
1208.6819 	EXP 	window1: mouseVisible = False
1208.6986 	EXP 	window1: mouseVisible = False
1208.7153 	EXP 	window1: mouseVisible = False
1208.7319 	EXP 	window1: mouseVisible = False
1208.7486 	EXP 	window1: mouseVisible = False
1208.7653 	EXP 	window1: mouseVisible = False
1208.7819 	EXP 	window1: mouseVisible = False
1208.7986 	EXP 	window1: mouseVisible = False
1208.8153 	EXP 	window1: mouseVisible = False
1208.8319 	EXP 	window1: mouseVisible = False
1208.8486 	EXP 	window1: mouseVisible = False
1208.8653 	EXP 	window1: mouseVisible = False
1208.8820 	EXP 	window1: mouseVisible = False
1208.8986 	EXP 	window1: mouseVisible = False
1208.9154 	EXP 	window1: mouseVisible = False
1208.9320 	EXP 	window1: mouseVisible = False
1208.9487 	EXP 	window1: mouseVisible = False
1208.9654 	EXP 	window1: mouseVisible = False
1208.9820 	EXP 	window1: mouseVisible = False
1208.9988 	EXP 	window1: mouseVisible = False
1209.0156 	EXP 	window1: mouseVisible = False
1209.0322 	EXP 	window1: mouseVisible = False
1209.0486 	EXP 	window1: mouseVisible = False
1209.0653 	EXP 	window1: mouseVisible = False
1209.0819 	EXP 	window1: mouseVisible = False
1209.0988 	EXP 	window1: mouseVisible = False
1209.1152 	EXP 	window1: mouseVisible = False
1209.1320 	EXP 	window1: mouseVisible = False
1209.1486 	EXP 	window1: mouseVisible = False
1209.1653 	EXP 	window1: mouseVisible = False
1209.1819 	EXP 	window1: mouseVisible = False
1209.1986 	EXP 	window1: mouseVisible = False
1209.2153 	EXP 	window1: mouseVisible = False
1209.2319 	EXP 	window1: mouseVisible = False
1209.2486 	EXP 	window1: mouseVisible = False
1209.2652 	EXP 	window1: mouseVisible = False
1209.2819 	EXP 	window1: mouseVisible = False
1209.2986 	EXP 	window1: mouseVisible = False
1209.3153 	EXP 	window1: mouseVisible = False
1209.3319 	EXP 	window1: mouseVisible = False
1209.3486 	EXP 	window1: mouseVisible = False
1209.3652 	EXP 	window1: mouseVisible = False
1209.3819 	EXP 	window1: mouseVisible = False
1209.3988 	EXP 	window1: mouseVisible = False
1209.4153 	EXP 	window1: mouseVisible = False
1209.4320 	EXP 	window1: mouseVisible = False
1209.4487 	EXP 	window1: mouseVisible = False
1209.4654 	EXP 	window1: mouseVisible = False
1209.4821 	EXP 	window1: mouseVisible = False
1209.4987 	EXP 	window1: mouseVisible = False
1209.5153 	EXP 	window1: mouseVisible = False
1209.5319 	DATA 	Keypress: space
1209.6323 	EXP 	New trial (rep=7, index=0): None
1209.6472 	EXP 	main_text: autoDraw = True
1209.6472 	EXP 	confirm_text: autoDraw = True
1209.6472 	EXP 	ratingScale: autoDraw = False
1209.6472 	EXP 	main_text: autoDraw = False
1209.6472 	EXP 	confirm_text: autoDraw = False
1209.6472 	EXP 	text_2: autoDraw = True
1209.6472 	EXP 	croix: autoDraw = True
1214.6472 	EXP 	text_2: autoDraw = False
1214.6472 	EXP 	croix: autoDraw = False
1214.6472 	EXP 	text_2: autoDraw = False
1214.6472 	EXP 	croix: autoDraw = False
1214.6472 	EXP 	thermode_locali: autoDraw = True
1226.6312 	EXP 	window1: mouseVisible = True
1226.6320 	EXP 	Created unnamed Rect = Rect(__class__=<class 'psychopy.visual.rect.Rect'>, anchor=('center', 'center'), autoDraw=False, autoLog=True, closeShape=True, color=method-wrapper(...), colorSpace='rgb', contrast=None, depth=0, draggable=False, fillColor=array([1, 1, 1]), fillColorSpace='rgb', fillRGB=array([1, 1, 1]), interpolate=True, lineColor=array([1., 1., 1.]), lineColorSpace='rgb', lineRGB=array([1, 1, 1]), lineWidth=1.5, name='unnamed Rect', opacity=1.0, ori=0.0, pos=array([0., 0.]), size=array([0.01, 0.1 ]), units='norm', vertices=ndarray(...), win=Window(...))
1226.6321 	EXP 	window1: mouseVisible = True
1226.6322 	EXP 	window1: mouseVisible = True
1226.6327 	EXP 	window1: mouseVisible = True
1226.6339 	EXP 	window1: mouseVisible = True
1226.6350 	EXP 	window1: mouseVisible = True
1226.6352 	EXP 	window1: mouseVisible = True
1226.6353 	EXP 	window1: mouseVisible = True
1226.6355 	EXP 	window1: mouseVisible = True
1226.6356 	EXP 	window1: mouseVisible = True
1226.6357 	EXP 	window1: mouseVisible = True
1226.6359 	EXP 	window1: mouseVisible = True
1226.6362 	EXP 	window1: mouseVisible = True
1226.6364 	EXP 	window1: mouseVisible = True
1226.6365 	EXP 	window1: mouseVisible = True
1226.6367 	EXP 	window1: mouseVisible = True
1226.6368 	EXP 	window1: mouseVisible = True
1226.6369 	EXP 	window1: mouseVisible = True
1226.6370 	EXP 	window1: mouseVisible = True
1226.6372 	EXP 	window1: mouseVisible = True
1226.6373 	EXP 	window1: mouseVisible = True
1226.6374 	EXP 	window1: mouseVisible = True
1226.6376 	EXP 	window1: mouseVisible = True
1226.6377 	EXP 	window1: mouseVisible = True
1226.6378 	EXP 	window1: mouseVisible = True
1226.6379 	EXP 	window1: mouseVisible = True
1226.6381 	EXP 	window1: mouseVisible = True
1226.6382 	EXP 	window1: mouseVisible = True
1226.6383 	EXP 	window1: mouseVisible = True
1226.6384 	EXP 	window1: mouseVisible = True
1226.6386 	EXP 	window1: mouseVisible = True
1226.6387 	EXP 	window1: mouseVisible = True
1226.6388 	EXP 	window1: mouseVisible = True
1226.6389 	EXP 	window1: mouseVisible = True
1226.6391 	EXP 	window1: mouseVisible = True
1226.6392 	EXP 	window1: mouseVisible = True
1226.6393 	EXP 	window1: mouseVisible = True
1226.6395 	EXP 	window1: mouseVisible = True
1226.6396 	EXP 	window1: mouseVisible = True
1226.6398 	EXP 	window1: mouseVisible = True
1226.6399 	EXP 	window1: mouseVisible = True
1226.6400 	EXP 	window1: mouseVisible = True
1226.6402 	EXP 	window1: mouseVisible = True
1226.6403 	EXP 	window1: mouseVisible = True
1226.6404 	EXP 	window1: mouseVisible = True
1226.6406 	EXP 	window1: mouseVisible = True
1226.6407 	EXP 	window1: mouseVisible = True
1226.6408 	EXP 	window1: mouseVisible = True
1226.6409 	EXP 	window1: mouseVisible = True
1226.6411 	EXP 	window1: mouseVisible = True
1226.6412 	EXP 	window1: mouseVisible = True
1226.6413 	EXP 	window1: mouseVisible = True
1226.6414 	EXP 	window1: mouseVisible = True
1226.6416 	EXP 	window1: mouseVisible = True
1226.6417 	EXP 	window1: mouseVisible = True
1226.6418 	EXP 	window1: mouseVisible = True
1226.6419 	EXP 	window1: mouseVisible = True
1226.6421 	EXP 	window1: mouseVisible = True
1226.6422 	EXP 	window1: mouseVisible = True
1226.6423 	EXP 	window1: mouseVisible = True
1226.6424 	EXP 	window1: mouseVisible = True
1226.6426 	EXP 	window1: mouseVisible = True
1226.6427 	EXP 	window1: mouseVisible = True
1226.6428 	EXP 	window1: mouseVisible = True
1226.6429 	EXP 	window1: mouseVisible = True
1226.6431 	EXP 	window1: mouseVisible = True
1226.6432 	EXP 	window1: mouseVisible = True
1226.6433 	EXP 	window1: mouseVisible = True
1226.6435 	EXP 	window1: mouseVisible = True
1226.6436 	EXP 	window1: mouseVisible = True
1226.6437 	EXP 	window1: mouseVisible = True
1226.6439 	EXP 	window1: mouseVisible = True
1226.6440 	EXP 	window1: mouseVisible = True
1226.6441 	EXP 	window1: mouseVisible = True
1226.6442 	EXP 	window1: mouseVisible = True
1226.6444 	EXP 	window1: mouseVisible = True
1226.6445 	EXP 	window1: mouseVisible = True
1226.6447 	EXP 	window1: mouseVisible = True
1226.6448 	EXP 	window1: mouseVisible = True
1226.6449 	EXP 	window1: mouseVisible = True
1226.6451 	EXP 	window1: mouseVisible = True
1226.6452 	EXP 	window1: mouseVisible = True
1226.6453 	EXP 	window1: mouseVisible = True
1226.6454 	EXP 	window1: mouseVisible = True
1226.6456 	EXP 	window1: mouseVisible = True
1226.6457 	EXP 	window1: mouseVisible = True
1226.6458 	EXP 	window1: mouseVisible = True
1226.6460 	EXP 	window1: mouseVisible = True
1226.6461 	EXP 	window1: mouseVisible = True
1226.6462 	EXP 	window1: mouseVisible = True
1226.6463 	EXP 	window1: mouseVisible = True
1226.6465 	EXP 	window1: mouseVisible = True
1226.6466 	EXP 	window1: mouseVisible = True
1226.6467 	EXP 	window1: mouseVisible = True
1226.6468 	EXP 	window1: mouseVisible = True
1226.6470 	EXP 	window1: mouseVisible = True
1226.6471 	EXP 	window1: mouseVisible = True
1226.6472 	EXP 	window1: mouseVisible = True
1226.6474 	EXP 	window1: mouseVisible = True
1226.6475 	EXP 	window1: mouseVisible = True
1226.6476 	EXP 	window1: mouseVisible = True
1226.6478 	EXP 	window1: mouseVisible = True
1226.6479 	EXP 	window1: mouseVisible = True
1226.6480 	EXP 	window1: mouseVisible = True
1226.6482 	EXP 	window1: mouseVisible = True
1226.6502 	EXP 	Created ratingScale = RatingScale(__class__=type(...), acceptKeys=['return'], acceptPreText=UNKNOWN, acceptSize=UNKNOWN, acceptText=UNKNOWN, autoLog=True, choices=False, colorSpace='rgb', depth=0, disappear=False, flipVert=False, high=100, kwargs=UNKNOWN, labels=list(...), leftKeys=['left'], lineColor=(255, 255, 255), low=0, marker=Rect(...), markerColor=(255, 255, 255), markerExpansion=UNKNOWN, markerStart=0.5, maxTime=0.0, minTime=0.4, mouseOnly=False, name='ratingScale', noMouse=False, pos=[0.0, 0.0], precision=100, respKeys=[], rightKeys=['right'], scale=None, self=UNKNOWN, showAccept=False, showValue=False, singleClick=False, size=0.6, skipKeys=['tab'], stretch=2.0, textColor='white', textFont='Helvetica Bold', textSize=0.144, tickHeight=0, tickMarks=10.0, win=Window(...))
1226.6502 	EXP 	RatingScale ratingScale: reset()
1226.6523 	EXP 	window1: mouseVisible = False
1226.6641 	EXP 	thermode_locali: autoDraw = False
1226.6641 	EXP 	thermode_locali: autoDraw = False
1226.6641 	EXP 	ratingScale: flipVert = False
1226.6641 	EXP 	ratingScale: autoLog = True
1226.6656 	EXP 	window1: mouseVisible = False
1226.6822 	EXP 	window1: mouseVisible = False
1226.6988 	EXP 	window1: mouseVisible = False
1226.7155 	EXP 	window1: mouseVisible = False
1226.7323 	EXP 	window1: mouseVisible = False
1226.7491 	EXP 	window1: mouseVisible = False
1226.7655 	EXP 	window1: mouseVisible = False
1226.7822 	EXP 	window1: mouseVisible = False
1226.7988 	EXP 	window1: mouseVisible = False
1226.8155 	EXP 	window1: mouseVisible = False
1226.8322 	EXP 	window1: mouseVisible = False
1226.8491 	EXP 	window1: mouseVisible = False
1226.8655 	EXP 	window1: mouseVisible = False
1226.8823 	EXP 	window1: mouseVisible = False
1226.8988 	EXP 	window1: mouseVisible = False
1226.9166 	EXP 	window1: mouseVisible = False
1226.9323 	EXP 	window1: mouseVisible = False
1226.9488 	EXP 	window1: mouseVisible = False
1226.9655 	EXP 	window1: mouseVisible = False
1226.9821 	EXP 	window1: mouseVisible = False
1226.9988 	EXP 	window1: mouseVisible = False
1227.0155 	EXP 	window1: mouseVisible = False
1227.0321 	EXP 	window1: mouseVisible = False
1227.0488 	EXP 	window1: mouseVisible = False
1227.0656 	EXP 	window1: mouseVisible = False
1227.0821 	EXP 	window1: mouseVisible = False
1227.0988 	EXP 	window1: mouseVisible = False
1227.1155 	EXP 	window1: mouseVisible = False
1227.1321 	EXP 	window1: mouseVisible = False
1227.1489 	EXP 	window1: mouseVisible = False
1227.1655 	EXP 	window1: mouseVisible = False
1227.1821 	EXP 	window1: mouseVisible = False
1227.1988 	EXP 	window1: mouseVisible = False
1227.2157 	EXP 	window1: mouseVisible = False
1227.2324 	EXP 	window1: mouseVisible = False
1227.2490 	EXP 	window1: mouseVisible = False
1227.2656 	EXP 	window1: mouseVisible = False
1227.2823 	EXP 	window1: mouseVisible = False
1227.2990 	EXP 	window1: mouseVisible = False
1227.3155 	EXP 	window1: mouseVisible = False
1227.3321 	EXP 	window1: mouseVisible = False
1227.3488 	EXP 	window1: mouseVisible = False
1227.3656 	EXP 	window1: mouseVisible = False
1227.3821 	EXP 	window1: mouseVisible = False
1227.3988 	EXP 	window1: mouseVisible = False
1227.4154 	EXP 	window1: mouseVisible = False
1227.4322 	EXP 	window1: mouseVisible = False
1227.4484 	DATA 	Keypress: m
1227.4489 	EXP 	window1: mouseVisible = False
1227.4656 	EXP 	window1: mouseVisible = False
1227.4821 	EXP 	window1: mouseVisible = False
1227.4988 	EXP 	window1: mouseVisible = False
1227.5155 	EXP 	window1: mouseVisible = False
1227.5322 	EXP 	window1: mouseVisible = False
1227.5488 	EXP 	window1: mouseVisible = False
1227.5655 	EXP 	window1: mouseVisible = False
1227.5821 	EXP 	window1: mouseVisible = False
1227.5988 	EXP 	window1: mouseVisible = False
1227.6155 	EXP 	window1: mouseVisible = False
1227.6322 	EXP 	window1: mouseVisible = False
1227.6488 	EXP 	window1: mouseVisible = False
1227.6655 	EXP 	window1: mouseVisible = False
1227.6821 	EXP 	window1: mouseVisible = False
1227.6988 	EXP 	window1: mouseVisible = False
1227.7154 	EXP 	window1: mouseVisible = False
1227.7323 	EXP 	window1: mouseVisible = False
1227.7488 	EXP 	window1: mouseVisible = False
1227.7655 	EXP 	window1: mouseVisible = False
1227.7821 	EXP 	window1: mouseVisible = False
1227.7988 	EXP 	window1: mouseVisible = False
1227.8155 	EXP 	window1: mouseVisible = False
1227.8322 	EXP 	window1: mouseVisible = False
1227.8488 	EXP 	window1: mouseVisible = False
1227.8655 	EXP 	window1: mouseVisible = False
1227.8823 	EXP 	window1: mouseVisible = False
1227.8988 	EXP 	window1: mouseVisible = False
1227.9155 	EXP 	window1: mouseVisible = False
1227.9321 	EXP 	window1: mouseVisible = False
1227.9488 	EXP 	window1: mouseVisible = False
1227.9655 	EXP 	window1: mouseVisible = False
1227.9822 	EXP 	window1: mouseVisible = False
1227.9988 	EXP 	window1: mouseVisible = False
1228.0155 	EXP 	window1: mouseVisible = False
1228.0323 	EXP 	window1: mouseVisible = False
1228.0488 	EXP 	window1: mouseVisible = False
1228.0663 	EXP 	window1: mouseVisible = False
1228.0823 	EXP 	window1: mouseVisible = False
1228.0990 	EXP 	window1: mouseVisible = False
1228.1157 	EXP 	window1: mouseVisible = False
1228.1324 	EXP 	window1: mouseVisible = False
1228.1490 	EXP 	window1: mouseVisible = False
1228.1657 	EXP 	window1: mouseVisible = False
1228.1822 	EXP 	window1: mouseVisible = False
1228.1988 	EXP 	window1: mouseVisible = False
1228.2155 	EXP 	window1: mouseVisible = False
1228.2323 	EXP 	window1: mouseVisible = False
1228.2489 	EXP 	window1: mouseVisible = False
1228.2656 	EXP 	window1: mouseVisible = False
1228.2823 	EXP 	window1: mouseVisible = False
1228.2989 	EXP 	window1: mouseVisible = False
1228.3157 	EXP 	window1: mouseVisible = False
1228.3322 	EXP 	window1: mouseVisible = False
1228.3488 	EXP 	window1: mouseVisible = False
1228.3655 	EXP 	window1: mouseVisible = False
1228.3823 	EXP 	window1: mouseVisible = False
1228.3988 	EXP 	window1: mouseVisible = False
1228.4158 	EXP 	window1: mouseVisible = False
1228.4322 	EXP 	window1: mouseVisible = False
1228.4488 	EXP 	window1: mouseVisible = False
1228.4654 	EXP 	window1: mouseVisible = False
1228.4821 	EXP 	window1: mouseVisible = False
1228.4987 	EXP 	window1: mouseVisible = False
1228.5158 	EXP 	window1: mouseVisible = False
1228.5322 	EXP 	window1: mouseVisible = False
1228.5488 	EXP 	window1: mouseVisible = False
1228.5655 	EXP 	window1: mouseVisible = False
1228.5821 	EXP 	window1: mouseVisible = False
1228.5988 	EXP 	window1: mouseVisible = False
1228.6155 	EXP 	window1: mouseVisible = False
1228.6321 	EXP 	window1: mouseVisible = False
1228.6488 	EXP 	window1: mouseVisible = False
1228.6654 	EXP 	window1: mouseVisible = False
1228.6821 	EXP 	window1: mouseVisible = False
1228.6990 	EXP 	window1: mouseVisible = False
1228.7154 	EXP 	window1: mouseVisible = False
1228.7320 	EXP 	window1: mouseVisible = False
1228.7488 	EXP 	window1: mouseVisible = False
1228.7658 	EXP 	window1: mouseVisible = False
1228.7822 	EXP 	window1: mouseVisible = False
1228.7988 	EXP 	window1: mouseVisible = False
1228.8155 	EXP 	window1: mouseVisible = False
1228.8321 	EXP 	window1: mouseVisible = False
1228.8488 	EXP 	window1: mouseVisible = False
1228.8655 	EXP 	window1: mouseVisible = False
1228.8821 	EXP 	window1: mouseVisible = False
1228.8988 	EXP 	window1: mouseVisible = False
1228.9155 	EXP 	window1: mouseVisible = False
1228.9322 	EXP 	window1: mouseVisible = False
1228.9488 	EXP 	window1: mouseVisible = False
1228.9655 	EXP 	window1: mouseVisible = False
1228.9821 	EXP 	window1: mouseVisible = False
1228.9988 	EXP 	window1: mouseVisible = False
1229.0154 	EXP 	window1: mouseVisible = False
1229.0321 	EXP 	window1: mouseVisible = False
1229.0488 	EXP 	window1: mouseVisible = False
1229.0654 	EXP 	window1: mouseVisible = False
1229.0822 	EXP 	window1: mouseVisible = False
1229.0988 	EXP 	window1: mouseVisible = False
1229.1156 	DATA 	Keypress: space
1229.2173 	EXP 	New trial (rep=8, index=0): None
1229.2307 	EXP 	main_text: autoDraw = True
1229.2307 	EXP 	confirm_text: autoDraw = True
1229.2307 	EXP 	ratingScale: autoDraw = False
1229.2307 	EXP 	main_text: autoDraw = False
1229.2307 	EXP 	confirm_text: autoDraw = False
1229.2307 	EXP 	text_2: autoDraw = True
1229.2307 	EXP 	croix: autoDraw = True
1234.2308 	EXP 	text_2: autoDraw = False
1234.2308 	EXP 	croix: autoDraw = False
1234.2308 	EXP 	text_2: autoDraw = False
1234.2308 	EXP 	croix: autoDraw = False
1234.2308 	EXP 	thermode_locali: autoDraw = True
1246.2149 	EXP 	window1: mouseVisible = True
1246.2158 	EXP 	Created unnamed Rect = Rect(__class__=<class 'psychopy.visual.rect.Rect'>, anchor=('center', 'center'), autoDraw=False, autoLog=True, closeShape=True, color=method-wrapper(...), colorSpace='rgb', contrast=None, depth=0, draggable=False, fillColor=array([1, 1, 1]), fillColorSpace='rgb', fillRGB=array([1, 1, 1]), interpolate=True, lineColor=array([1., 1., 1.]), lineColorSpace='rgb', lineRGB=array([1, 1, 1]), lineWidth=1.5, name='unnamed Rect', opacity=1.0, ori=0.0, pos=array([0., 0.]), size=array([0.01, 0.1 ]), units='norm', vertices=ndarray(...), win=Window(...))
1246.2159 	EXP 	window1: mouseVisible = True
1246.2160 	EXP 	window1: mouseVisible = True
1246.2165 	EXP 	window1: mouseVisible = True
1246.2177 	EXP 	window1: mouseVisible = True
1246.2188 	EXP 	window1: mouseVisible = True
1246.2190 	EXP 	window1: mouseVisible = True
1246.2191 	EXP 	window1: mouseVisible = True
1246.2193 	EXP 	window1: mouseVisible = True
1246.2194 	EXP 	window1: mouseVisible = True
1246.2196 	EXP 	window1: mouseVisible = True
1246.2197 	EXP 	window1: mouseVisible = True
1246.2198 	EXP 	window1: mouseVisible = True
1246.2200 	EXP 	window1: mouseVisible = True
1246.2201 	EXP 	window1: mouseVisible = True
1246.2203 	EXP 	window1: mouseVisible = True
1246.2205 	EXP 	window1: mouseVisible = True
1246.2206 	EXP 	window1: mouseVisible = True
1246.2208 	EXP 	window1: mouseVisible = True
1246.2209 	EXP 	window1: mouseVisible = True
1246.2210 	EXP 	window1: mouseVisible = True
1246.2212 	EXP 	window1: mouseVisible = True
1246.2213 	EXP 	window1: mouseVisible = True
1246.2214 	EXP 	window1: mouseVisible = True
1246.2216 	EXP 	window1: mouseVisible = True
1246.2217 	EXP 	window1: mouseVisible = True
1246.2218 	EXP 	window1: mouseVisible = True
1246.2220 	EXP 	window1: mouseVisible = True
1246.2221 	EXP 	window1: mouseVisible = True
1246.2222 	EXP 	window1: mouseVisible = True
1246.2224 	EXP 	window1: mouseVisible = True
1246.2225 	EXP 	window1: mouseVisible = True
1246.2226 	EXP 	window1: mouseVisible = True
1246.2227 	EXP 	window1: mouseVisible = True
1246.2229 	EXP 	window1: mouseVisible = True
1246.2230 	EXP 	window1: mouseVisible = True
1246.2231 	EXP 	window1: mouseVisible = True
1246.2233 	EXP 	window1: mouseVisible = True
1246.2234 	EXP 	window1: mouseVisible = True
1246.2235 	EXP 	window1: mouseVisible = True
1246.2237 	EXP 	window1: mouseVisible = True
1246.2238 	EXP 	window1: mouseVisible = True
1246.2239 	EXP 	window1: mouseVisible = True
1246.2240 	EXP 	window1: mouseVisible = True
1246.2242 	EXP 	window1: mouseVisible = True
1246.2243 	EXP 	window1: mouseVisible = True
1246.2244 	EXP 	window1: mouseVisible = True
1246.2246 	EXP 	window1: mouseVisible = True
1246.2247 	EXP 	window1: mouseVisible = True
1246.2248 	EXP 	window1: mouseVisible = True
1246.2250 	EXP 	window1: mouseVisible = True
1246.2251 	EXP 	window1: mouseVisible = True
1246.2252 	EXP 	window1: mouseVisible = True
1246.2254 	EXP 	window1: mouseVisible = True
1246.2255 	EXP 	window1: mouseVisible = True
1246.2256 	EXP 	window1: mouseVisible = True
1246.2257 	EXP 	window1: mouseVisible = True
1246.2259 	EXP 	window1: mouseVisible = True
1246.2260 	EXP 	window1: mouseVisible = True
1246.2261 	EXP 	window1: mouseVisible = True
1246.2263 	EXP 	window1: mouseVisible = True
1246.2264 	EXP 	window1: mouseVisible = True
1246.2266 	EXP 	window1: mouseVisible = True
1246.2267 	EXP 	window1: mouseVisible = True
1246.2268 	EXP 	window1: mouseVisible = True
1246.2270 	EXP 	window1: mouseVisible = True
1246.2271 	EXP 	window1: mouseVisible = True
1246.2272 	EXP 	window1: mouseVisible = True
1246.2274 	EXP 	window1: mouseVisible = True
1246.2275 	EXP 	window1: mouseVisible = True
1246.2276 	EXP 	window1: mouseVisible = True
1246.2277 	EXP 	window1: mouseVisible = True
1246.2279 	EXP 	window1: mouseVisible = True
1246.2280 	EXP 	window1: mouseVisible = True
1246.2281 	EXP 	window1: mouseVisible = True
1246.2282 	EXP 	window1: mouseVisible = True
1246.2284 	EXP 	window1: mouseVisible = True
1246.2285 	EXP 	window1: mouseVisible = True
1246.2286 	EXP 	window1: mouseVisible = True
1246.2288 	EXP 	window1: mouseVisible = True
1246.2289 	EXP 	window1: mouseVisible = True
1246.2290 	EXP 	window1: mouseVisible = True
1246.2292 	EXP 	window1: mouseVisible = True
1246.2293 	EXP 	window1: mouseVisible = True
1246.2294 	EXP 	window1: mouseVisible = True
1246.2295 	EXP 	window1: mouseVisible = True
1246.2297 	EXP 	window1: mouseVisible = True
1246.2298 	EXP 	window1: mouseVisible = True
1246.2299 	EXP 	window1: mouseVisible = True
1246.2301 	EXP 	window1: mouseVisible = True
1246.2302 	EXP 	window1: mouseVisible = True
1246.2303 	EXP 	window1: mouseVisible = True
1246.2304 	EXP 	window1: mouseVisible = True
1246.2306 	EXP 	window1: mouseVisible = True
1246.2307 	EXP 	window1: mouseVisible = True
1246.2309 	EXP 	window1: mouseVisible = True
1246.2310 	EXP 	window1: mouseVisible = True
1246.2311 	EXP 	window1: mouseVisible = True
1246.2312 	EXP 	window1: mouseVisible = True
1246.2314 	EXP 	window1: mouseVisible = True
1246.2315 	EXP 	window1: mouseVisible = True
1246.2316 	EXP 	window1: mouseVisible = True
1246.2318 	EXP 	window1: mouseVisible = True
1246.2319 	EXP 	window1: mouseVisible = True
1246.2320 	EXP 	window1: mouseVisible = True
1246.2343 	EXP 	Created ratingScale = RatingScale(__class__=type(...), acceptKeys=['return'], acceptPreText=UNKNOWN, acceptSize=UNKNOWN, acceptText=UNKNOWN, autoLog=True, choices=False, colorSpace='rgb', depth=0, disappear=False, flipVert=False, high=100, kwargs=UNKNOWN, labels=list(...), leftKeys=['left'], lineColor=(255, 255, 255), low=0, marker=Rect(...), markerColor=(255, 255, 255), markerExpansion=UNKNOWN, markerStart=0.5, maxTime=0.0, minTime=0.4, mouseOnly=False, name='ratingScale', noMouse=False, pos=[0.0, 0.0], precision=100, respKeys=[], rightKeys=['right'], scale=None, self=UNKNOWN, showAccept=False, showValue=False, singleClick=False, size=0.6, skipKeys=['tab'], stretch=2.0, textColor='white', textFont='Helvetica Bold', textSize=0.144, tickHeight=0, tickMarks=10.0, win=Window(...))
1246.2343 	EXP 	RatingScale ratingScale: reset()
1246.2365 	EXP 	window1: mouseVisible = False
1246.2477 	EXP 	thermode_locali: autoDraw = False
1246.2477 	EXP 	thermode_locali: autoDraw = False
1246.2477 	EXP 	ratingScale: flipVert = False
1246.2477 	EXP 	ratingScale: autoLog = True
1246.2492 	EXP 	window1: mouseVisible = False
1246.2665 	EXP 	window1: mouseVisible = False
1246.2830 	EXP 	window1: mouseVisible = False
1246.2992 	EXP 	window1: mouseVisible = False
1246.3161 	EXP 	window1: mouseVisible = False
1246.3324 	EXP 	window1: mouseVisible = False
1246.3491 	EXP 	window1: mouseVisible = False
1246.3664 	EXP 	window1: mouseVisible = False
1246.3834 	EXP 	window1: mouseVisible = False
1246.3992 	EXP 	window1: mouseVisible = False
1246.4163 	EXP 	window1: mouseVisible = False
1246.4325 	EXP 	window1: mouseVisible = False
1246.4491 	EXP 	window1: mouseVisible = False
1246.4657 	EXP 	window1: mouseVisible = False
1246.4825 	EXP 	window1: mouseVisible = False
1246.4991 	EXP 	window1: mouseVisible = False
1246.5157 	EXP 	window1: mouseVisible = False
1246.5325 	EXP 	window1: mouseVisible = False
1246.5493 	EXP 	window1: mouseVisible = False
1246.5659 	EXP 	window1: mouseVisible = False
1246.5824 	EXP 	window1: mouseVisible = False
1246.5992 	EXP 	window1: mouseVisible = False
1246.6158 	EXP 	window1: mouseVisible = False
1246.6325 	EXP 	window1: mouseVisible = False
1246.6492 	EXP 	window1: mouseVisible = False
1246.6658 	EXP 	window1: mouseVisible = False
1246.6825 	EXP 	window1: mouseVisible = False
1246.6991 	EXP 	window1: mouseVisible = False
1246.7158 	EXP 	window1: mouseVisible = False
1246.7325 	EXP 	window1: mouseVisible = False
1246.7490 	EXP 	window1: mouseVisible = False
1246.7663 	EXP 	window1: mouseVisible = False
1246.7825 	EXP 	window1: mouseVisible = False
1246.7991 	EXP 	window1: mouseVisible = False
1246.8157 	EXP 	window1: mouseVisible = False
1246.8324 	EXP 	window1: mouseVisible = False
1246.8492 	EXP 	window1: mouseVisible = False
1246.8658 	EXP 	window1: mouseVisible = False
1246.8824 	EXP 	window1: mouseVisible = False
1246.8991 	EXP 	window1: mouseVisible = False
1246.9159 	EXP 	window1: mouseVisible = False
1246.9325 	EXP 	window1: mouseVisible = False
1246.9488 	DATA 	Keypress: n
1246.9494 	EXP 	window1: mouseVisible = False
1246.9660 	EXP 	window1: mouseVisible = False
1246.9825 	EXP 	window1: mouseVisible = False
1246.9991 	EXP 	window1: mouseVisible = False
1247.0160 	EXP 	window1: mouseVisible = False
1247.0326 	EXP 	window1: mouseVisible = False
1247.0492 	EXP 	window1: mouseVisible = False
1247.0660 	EXP 	window1: mouseVisible = False
1247.0825 	EXP 	window1: mouseVisible = False
1247.0992 	EXP 	window1: mouseVisible = False
1247.1157 	EXP 	window1: mouseVisible = False
1247.1327 	EXP 	window1: mouseVisible = False
1247.1492 	EXP 	window1: mouseVisible = False
1247.1659 	EXP 	window1: mouseVisible = False
1247.1825 	EXP 	window1: mouseVisible = False
1247.1992 	EXP 	window1: mouseVisible = False
1247.2166 	EXP 	window1: mouseVisible = False
1247.2325 	EXP 	window1: mouseVisible = False
1247.2491 	EXP 	window1: mouseVisible = False
1247.2657 	EXP 	window1: mouseVisible = False
1247.2824 	EXP 	window1: mouseVisible = False
1247.2991 	EXP 	window1: mouseVisible = False
1247.3158 	EXP 	window1: mouseVisible = False
1247.3324 	EXP 	window1: mouseVisible = False
1247.3491 	EXP 	window1: mouseVisible = False
1247.3657 	EXP 	window1: mouseVisible = False
1247.3825 	EXP 	window1: mouseVisible = False
1247.3991 	EXP 	window1: mouseVisible = False
1247.4160 	EXP 	window1: mouseVisible = False
1247.4325 	EXP 	window1: mouseVisible = False
1247.4495 	EXP 	window1: mouseVisible = False
1247.4661 	EXP 	window1: mouseVisible = False
1247.4827 	EXP 	window1: mouseVisible = False
1247.4992 	EXP 	window1: mouseVisible = False
1247.5158 	EXP 	window1: mouseVisible = False
1247.5325 	EXP 	window1: mouseVisible = False
1247.5491 	EXP 	window1: mouseVisible = False
1247.5651 	DATA 	Keypress: space
1247.6667 	EXP 	New trial (rep=9, index=0): None
1247.6810 	EXP 	main_text: autoDraw = True
1247.6810 	EXP 	confirm_text: autoDraw = True
1247.6810 	EXP 	ratingScale: autoDraw = False
1247.6810 	EXP 	main_text: autoDraw = False
1247.6810 	EXP 	confirm_text: autoDraw = False
1247.6810 	EXP 	text_2: autoDraw = True
1247.6810 	EXP 	croix: autoDraw = True
1252.6811 	EXP 	text_2: autoDraw = False
1252.6811 	EXP 	croix: autoDraw = False
1252.6811 	EXP 	text_2: autoDraw = False
1252.6811 	EXP 	croix: autoDraw = False
1252.6811 	EXP 	thermode_locali: autoDraw = True
1264.6649 	EXP 	window1: mouseVisible = True
1264.6658 	EXP 	Created unnamed Rect = Rect(__class__=<class 'psychopy.visual.rect.Rect'>, anchor=('center', 'center'), autoDraw=False, autoLog=True, closeShape=True, color=method-wrapper(...), colorSpace='rgb', contrast=None, depth=0, draggable=False, fillColor=array([1, 1, 1]), fillColorSpace='rgb', fillRGB=array([1, 1, 1]), interpolate=True, lineColor=array([1., 1., 1.]), lineColorSpace='rgb', lineRGB=array([1, 1, 1]), lineWidth=1.5, name='unnamed Rect', opacity=1.0, ori=0.0, pos=array([0., 0.]), size=array([0.01, 0.1 ]), units='norm', vertices=ndarray(...), win=Window(...))
1264.6658 	EXP 	window1: mouseVisible = True
1264.6659 	EXP 	window1: mouseVisible = True
1264.6664 	EXP 	window1: mouseVisible = True
1264.6675 	EXP 	window1: mouseVisible = True
1264.6686 	EXP 	window1: mouseVisible = True
1264.6688 	EXP 	window1: mouseVisible = True
1264.6689 	EXP 	window1: mouseVisible = True
1264.6691 	EXP 	window1: mouseVisible = True
1264.6693 	EXP 	window1: mouseVisible = True
1264.6695 	EXP 	window1: mouseVisible = True
1264.6696 	EXP 	window1: mouseVisible = True
1264.6697 	EXP 	window1: mouseVisible = True
1264.6699 	EXP 	window1: mouseVisible = True
1264.6700 	EXP 	window1: mouseVisible = True
1264.6701 	EXP 	window1: mouseVisible = True
1264.6703 	EXP 	window1: mouseVisible = True
1264.6704 	EXP 	window1: mouseVisible = True
1264.6705 	EXP 	window1: mouseVisible = True
1264.6707 	EXP 	window1: mouseVisible = True
1264.6708 	EXP 	window1: mouseVisible = True
1264.6711 	EXP 	window1: mouseVisible = True
1264.6713 	EXP 	window1: mouseVisible = True
1264.6715 	EXP 	window1: mouseVisible = True
1264.6717 	EXP 	window1: mouseVisible = True
1264.6719 	EXP 	window1: mouseVisible = True
1264.6721 	EXP 	window1: mouseVisible = True
1264.6723 	EXP 	window1: mouseVisible = True
1264.6725 	EXP 	window1: mouseVisible = True
1264.6727 	EXP 	window1: mouseVisible = True
1264.6728 	EXP 	window1: mouseVisible = True
1264.6730 	EXP 	window1: mouseVisible = True
1264.6732 	EXP 	window1: mouseVisible = True
1264.6734 	EXP 	window1: mouseVisible = True
1264.6736 	EXP 	window1: mouseVisible = True
1264.6738 	EXP 	window1: mouseVisible = True
1264.6739 	EXP 	window1: mouseVisible = True
1264.6741 	EXP 	window1: mouseVisible = True
1264.6743 	EXP 	window1: mouseVisible = True
1264.6744 	EXP 	window1: mouseVisible = True
1264.6746 	EXP 	window1: mouseVisible = True
1264.6747 	EXP 	window1: mouseVisible = True
1264.6748 	EXP 	window1: mouseVisible = True
1264.6750 	EXP 	window1: mouseVisible = True
1264.6754 	EXP 	window1: mouseVisible = True
1264.6756 	EXP 	window1: mouseVisible = True
1264.6757 	EXP 	window1: mouseVisible = True
1264.6759 	EXP 	window1: mouseVisible = True
1264.6760 	EXP 	window1: mouseVisible = True
1264.6761 	EXP 	window1: mouseVisible = True
1264.6763 	EXP 	window1: mouseVisible = True
1264.6764 	EXP 	window1: mouseVisible = True
1264.6765 	EXP 	window1: mouseVisible = True
1264.6767 	EXP 	window1: mouseVisible = True
1264.6768 	EXP 	window1: mouseVisible = True
1264.6769 	EXP 	window1: mouseVisible = True
1264.6771 	EXP 	window1: mouseVisible = True
1264.6772 	EXP 	window1: mouseVisible = True
1264.6773 	EXP 	window1: mouseVisible = True
1264.6774 	EXP 	window1: mouseVisible = True
1264.6776 	EXP 	window1: mouseVisible = True
1264.6777 	EXP 	window1: mouseVisible = True
1264.6778 	EXP 	window1: mouseVisible = True
1264.6780 	EXP 	window1: mouseVisible = True
1264.6781 	EXP 	window1: mouseVisible = True
1264.6782 	EXP 	window1: mouseVisible = True
1264.6783 	EXP 	window1: mouseVisible = True
1264.6785 	EXP 	window1: mouseVisible = True
1264.6786 	EXP 	window1: mouseVisible = True
1264.6787 	EXP 	window1: mouseVisible = True
1264.6789 	EXP 	window1: mouseVisible = True
1264.6790 	EXP 	window1: mouseVisible = True
1264.6791 	EXP 	window1: mouseVisible = True
1264.6792 	EXP 	window1: mouseVisible = True
1264.6794 	EXP 	window1: mouseVisible = True
1264.6795 	EXP 	window1: mouseVisible = True
1264.6797 	EXP 	window1: mouseVisible = True
1264.6798 	EXP 	window1: mouseVisible = True
1264.6799 	EXP 	window1: mouseVisible = True
1264.6800 	EXP 	window1: mouseVisible = True
1264.6802 	EXP 	window1: mouseVisible = True
1264.6803 	EXP 	window1: mouseVisible = True
1264.6804 	EXP 	window1: mouseVisible = True
1264.6806 	EXP 	window1: mouseVisible = True
1264.6807 	EXP 	window1: mouseVisible = True
1264.6808 	EXP 	window1: mouseVisible = True
1264.6810 	EXP 	window1: mouseVisible = True
1264.6811 	EXP 	window1: mouseVisible = True
1264.6812 	EXP 	window1: mouseVisible = True
1264.6813 	EXP 	window1: mouseVisible = True
1264.6815 	EXP 	window1: mouseVisible = True
1264.6816 	EXP 	window1: mouseVisible = True
1264.6817 	EXP 	window1: mouseVisible = True
1264.6818 	EXP 	window1: mouseVisible = True
1264.6820 	EXP 	window1: mouseVisible = True
1264.6821 	EXP 	window1: mouseVisible = True
1264.6822 	EXP 	window1: mouseVisible = True
1264.6823 	EXP 	window1: mouseVisible = True
1264.6825 	EXP 	window1: mouseVisible = True
1264.6826 	EXP 	window1: mouseVisible = True
1264.6827 	EXP 	window1: mouseVisible = True
1264.6828 	EXP 	window1: mouseVisible = True
1264.6830 	EXP 	window1: mouseVisible = True
1264.6831 	EXP 	window1: mouseVisible = True
1264.6832 	EXP 	window1: mouseVisible = True
1264.6854 	EXP 	Created ratingScale = RatingScale(__class__=type(...), acceptKeys=['return'], acceptPreText=UNKNOWN, acceptSize=UNKNOWN, acceptText=UNKNOWN, autoLog=True, choices=False, colorSpace='rgb', depth=0, disappear=False, flipVert=False, high=100, kwargs=UNKNOWN, labels=list(...), leftKeys=['left'], lineColor=(255, 255, 255), low=0, marker=Rect(...), markerColor=(255, 255, 255), markerExpansion=UNKNOWN, markerStart=0.5, maxTime=0.0, minTime=0.4, mouseOnly=False, name='ratingScale', noMouse=False, pos=[0.0, 0.0], precision=100, respKeys=[], rightKeys=['right'], scale=None, self=UNKNOWN, showAccept=False, showValue=False, singleClick=False, size=0.6, skipKeys=['tab'], stretch=2.0, textColor='white', textFont='Helvetica Bold', textSize=0.144, tickHeight=0, tickMarks=10.0, win=Window(...))
1264.6854 	EXP 	RatingScale ratingScale: reset()
1264.6874 	EXP 	window1: mouseVisible = False
1264.6977 	EXP 	thermode_locali: autoDraw = False
1264.6977 	EXP 	thermode_locali: autoDraw = False
1264.6977 	EXP 	ratingScale: flipVert = False
1264.6977 	EXP 	ratingScale: autoLog = True
1264.6992 	EXP 	window1: mouseVisible = False
1264.7159 	EXP 	window1: mouseVisible = False
1264.7325 	EXP 	window1: mouseVisible = False
1264.7494 	EXP 	window1: mouseVisible = False
1264.7658 	EXP 	window1: mouseVisible = False
1264.7825 	EXP 	window1: mouseVisible = False
1264.7992 	EXP 	window1: mouseVisible = False
1264.8159 	EXP 	window1: mouseVisible = False
1264.8326 	EXP 	window1: mouseVisible = False
1264.8493 	EXP 	window1: mouseVisible = False
1264.8659 	EXP 	window1: mouseVisible = False
1264.8825 	EXP 	window1: mouseVisible = False
1264.8992 	EXP 	window1: mouseVisible = False
1264.9158 	EXP 	window1: mouseVisible = False
1264.9326 	EXP 	window1: mouseVisible = False
1264.9492 	EXP 	window1: mouseVisible = False
1264.9659 	EXP 	window1: mouseVisible = False
1264.9825 	EXP 	window1: mouseVisible = False
1264.9992 	EXP 	window1: mouseVisible = False
1265.0159 	EXP 	window1: mouseVisible = False
1265.0325 	EXP 	window1: mouseVisible = False
1265.0492 	EXP 	window1: mouseVisible = False
1265.0658 	EXP 	window1: mouseVisible = False
1265.0825 	EXP 	window1: mouseVisible = False
1265.0992 	EXP 	window1: mouseVisible = False
1265.1159 	EXP 	window1: mouseVisible = False
1265.1325 	EXP 	window1: mouseVisible = False
1265.1492 	EXP 	window1: mouseVisible = False
1265.1658 	EXP 	window1: mouseVisible = False
1265.1826 	EXP 	window1: mouseVisible = False
1265.1992 	EXP 	window1: mouseVisible = False
1265.2159 	EXP 	window1: mouseVisible = False
1265.2325 	EXP 	window1: mouseVisible = False
1265.2491 	EXP 	window1: mouseVisible = False
1265.2658 	EXP 	window1: mouseVisible = False
1265.2825 	EXP 	window1: mouseVisible = False
1265.2992 	EXP 	window1: mouseVisible = False
1265.3158 	EXP 	window1: mouseVisible = False
1265.3325 	EXP 	window1: mouseVisible = False
1265.3492 	EXP 	window1: mouseVisible = False
1265.3659 	EXP 	window1: mouseVisible = False
1265.3825 	EXP 	window1: mouseVisible = False
1265.3991 	EXP 	window1: mouseVisible = False
1265.4158 	EXP 	window1: mouseVisible = False
1265.4325 	EXP 	window1: mouseVisible = False
1265.4492 	EXP 	window1: mouseVisible = False
1265.4658 	EXP 	window1: mouseVisible = False
1265.4826 	EXP 	window1: mouseVisible = False
1265.4992 	EXP 	window1: mouseVisible = False
1265.5159 	EXP 	window1: mouseVisible = False
1265.5326 	EXP 	window1: mouseVisible = False
1265.5492 	EXP 	window1: mouseVisible = False
1265.5659 	EXP 	window1: mouseVisible = False
1265.5825 	EXP 	window1: mouseVisible = False
1265.5992 	EXP 	window1: mouseVisible = False
1265.6159 	EXP 	window1: mouseVisible = False
1265.6325 	EXP 	window1: mouseVisible = False
1265.6495 	EXP 	window1: mouseVisible = False
1265.6659 	EXP 	window1: mouseVisible = False
1265.6825 	EXP 	window1: mouseVisible = False
1265.6992 	EXP 	window1: mouseVisible = False
1265.7158 	EXP 	window1: mouseVisible = False
1265.7325 	EXP 	window1: mouseVisible = False
1265.7492 	EXP 	window1: mouseVisible = False
1265.7658 	EXP 	window1: mouseVisible = False
1265.7825 	EXP 	window1: mouseVisible = False
1265.7992 	EXP 	window1: mouseVisible = False
1265.8159 	EXP 	window1: mouseVisible = False
1265.8325 	EXP 	window1: mouseVisible = False
1265.8492 	EXP 	window1: mouseVisible = False
1265.8659 	EXP 	window1: mouseVisible = False
1265.8826 	EXP 	window1: mouseVisible = False
1265.8992 	EXP 	window1: mouseVisible = False
1265.9159 	EXP 	window1: mouseVisible = False
1265.9323 	DATA 	Keypress: m
1265.9329 	EXP 	window1: mouseVisible = False
1265.9493 	EXP 	window1: mouseVisible = False
1265.9659 	EXP 	window1: mouseVisible = False
1265.9825 	EXP 	window1: mouseVisible = False
1265.9992 	EXP 	window1: mouseVisible = False
1266.0159 	EXP 	window1: mouseVisible = False
1266.0325 	EXP 	window1: mouseVisible = False
1266.0494 	EXP 	window1: mouseVisible = False
1266.0659 	EXP 	window1: mouseVisible = False
1266.0826 	EXP 	window1: mouseVisible = False
1266.0992 	EXP 	window1: mouseVisible = False
1266.1159 	EXP 	window1: mouseVisible = False
1266.1325 	EXP 	window1: mouseVisible = False
1266.1492 	EXP 	window1: mouseVisible = False
1266.1659 	EXP 	window1: mouseVisible = False
1266.1825 	EXP 	window1: mouseVisible = False
1266.1992 	EXP 	window1: mouseVisible = False
1266.2160 	EXP 	window1: mouseVisible = False
1266.2324 	EXP 	window1: mouseVisible = False
1266.2492 	EXP 	window1: mouseVisible = False
1266.2658 	EXP 	window1: mouseVisible = False
1266.2825 	EXP 	window1: mouseVisible = False
1266.2993 	EXP 	window1: mouseVisible = False
1266.3160 	EXP 	window1: mouseVisible = False
1266.3325 	EXP 	window1: mouseVisible = False
1266.3492 	EXP 	window1: mouseVisible = False
1266.3658 	EXP 	window1: mouseVisible = False
1266.3825 	EXP 	window1: mouseVisible = False
1266.3992 	EXP 	window1: mouseVisible = False
1266.4159 	EXP 	window1: mouseVisible = False
1266.4326 	EXP 	window1: mouseVisible = False
1266.4492 	EXP 	window1: mouseVisible = False
1266.4658 	EXP 	window1: mouseVisible = False
1266.4825 	EXP 	window1: mouseVisible = False
1266.4993 	EXP 	window1: mouseVisible = False
1266.5158 	EXP 	window1: mouseVisible = False
1266.5325 	EXP 	window1: mouseVisible = False
1266.5492 	EXP 	window1: mouseVisible = False
1266.5659 	EXP 	window1: mouseVisible = False
1266.5825 	EXP 	window1: mouseVisible = False
1266.5992 	EXP 	window1: mouseVisible = False
1266.6158 	EXP 	window1: mouseVisible = False
1266.6326 	EXP 	window1: mouseVisible = False
1266.6492 	EXP 	window1: mouseVisible = False
1266.6658 	EXP 	window1: mouseVisible = False
1266.6826 	EXP 	window1: mouseVisible = False
1266.6992 	EXP 	window1: mouseVisible = False
1266.7159 	EXP 	window1: mouseVisible = False
1266.7325 	EXP 	window1: mouseVisible = False
1266.7492 	EXP 	window1: mouseVisible = False
1266.7659 	EXP 	window1: mouseVisible = False
1266.7826 	EXP 	window1: mouseVisible = False
1266.7992 	EXP 	window1: mouseVisible = False
1266.8159 	EXP 	window1: mouseVisible = False
1266.8325 	EXP 	window1: mouseVisible = False
1266.8492 	EXP 	window1: mouseVisible = False
1266.8659 	EXP 	window1: mouseVisible = False
1266.8825 	EXP 	window1: mouseVisible = False
1266.8992 	EXP 	window1: mouseVisible = False
1266.9159 	EXP 	window1: mouseVisible = False
1266.9326 	EXP 	window1: mouseVisible = False
1266.9492 	EXP 	window1: mouseVisible = False
1266.9660 	EXP 	window1: mouseVisible = False
1266.9827 	EXP 	window1: mouseVisible = False
1266.9992 	EXP 	window1: mouseVisible = False
1267.0159 	EXP 	window1: mouseVisible = False
1267.0326 	EXP 	window1: mouseVisible = False
1267.0492 	EXP 	window1: mouseVisible = False
1267.0674 	EXP 	window1: mouseVisible = False
1267.0827 	EXP 	window1: mouseVisible = False
1267.0993 	EXP 	window1: mouseVisible = False
1267.1160 	EXP 	window1: mouseVisible = False
1267.1326 	EXP 	window1: mouseVisible = False
1267.1493 	EXP 	window1: mouseVisible = False
1267.1665 	DATA 	Keypress: space
1267.2670 	EXP 	New trial (rep=10, index=0): None
1267.2811 	EXP 	main_text: autoDraw = True
1267.2811 	EXP 	confirm_text: autoDraw = True
1267.2811 	EXP 	ratingScale: autoDraw = False
1267.2811 	EXP 	main_text: autoDraw = False
1267.2811 	EXP 	confirm_text: autoDraw = False
1267.2811 	EXP 	text_2: autoDraw = True
1267.2811 	EXP 	croix: autoDraw = True
1272.2812 	EXP 	text_2: autoDraw = False
1272.2812 	EXP 	croix: autoDraw = False
1272.2812 	EXP 	text_2: autoDraw = False
1272.2812 	EXP 	croix: autoDraw = False
1272.2812 	EXP 	thermode_locali: autoDraw = True
1284.2654 	EXP 	window1: mouseVisible = True
1284.2663 	EXP 	Created unnamed Rect = Rect(__class__=<class 'psychopy.visual.rect.Rect'>, anchor=('center', 'center'), autoDraw=False, autoLog=True, closeShape=True, color=method-wrapper(...), colorSpace='rgb', contrast=None, depth=0, draggable=False, fillColor=array([1, 1, 1]), fillColorSpace='rgb', fillRGB=array([1, 1, 1]), interpolate=True, lineColor=array([1., 1., 1.]), lineColorSpace='rgb', lineRGB=array([1, 1, 1]), lineWidth=1.5, name='unnamed Rect', opacity=1.0, ori=0.0, pos=array([0., 0.]), size=array([0.01, 0.1 ]), units='norm', vertices=ndarray(...), win=Window(...))
1284.2663 	EXP 	window1: mouseVisible = True
1284.2665 	EXP 	window1: mouseVisible = True
1284.2670 	EXP 	window1: mouseVisible = True
1284.2682 	EXP 	window1: mouseVisible = True
1284.2693 	EXP 	window1: mouseVisible = True
1284.2694 	EXP 	window1: mouseVisible = True
1284.2696 	EXP 	window1: mouseVisible = True
1284.2697 	EXP 	window1: mouseVisible = True
1284.2699 	EXP 	window1: mouseVisible = True
1284.2700 	EXP 	window1: mouseVisible = True
1284.2701 	EXP 	window1: mouseVisible = True
1284.2703 	EXP 	window1: mouseVisible = True
1284.2704 	EXP 	window1: mouseVisible = True
1284.2705 	EXP 	window1: mouseVisible = True
1284.2707 	EXP 	window1: mouseVisible = True
1284.2708 	EXP 	window1: mouseVisible = True
1284.2709 	EXP 	window1: mouseVisible = True
1284.2711 	EXP 	window1: mouseVisible = True
1284.2712 	EXP 	window1: mouseVisible = True
1284.2713 	EXP 	window1: mouseVisible = True
1284.2714 	EXP 	window1: mouseVisible = True
1284.2716 	EXP 	window1: mouseVisible = True
1284.2718 	EXP 	window1: mouseVisible = True
1284.2719 	EXP 	window1: mouseVisible = True
1284.2720 	EXP 	window1: mouseVisible = True
1284.2722 	EXP 	window1: mouseVisible = True
1284.2723 	EXP 	window1: mouseVisible = True
1284.2724 	EXP 	window1: mouseVisible = True
1284.2726 	EXP 	window1: mouseVisible = True
1284.2727 	EXP 	window1: mouseVisible = True
1284.2728 	EXP 	window1: mouseVisible = True
1284.2730 	EXP 	window1: mouseVisible = True
1284.2731 	EXP 	window1: mouseVisible = True
1284.2732 	EXP 	window1: mouseVisible = True
1284.2733 	EXP 	window1: mouseVisible = True
1284.2735 	EXP 	window1: mouseVisible = True
1284.2736 	EXP 	window1: mouseVisible = True
1284.2737 	EXP 	window1: mouseVisible = True
1284.2739 	EXP 	window1: mouseVisible = True
1284.2740 	EXP 	window1: mouseVisible = True
1284.2741 	EXP 	window1: mouseVisible = True
1284.2742 	EXP 	window1: mouseVisible = True
1284.2744 	EXP 	window1: mouseVisible = True
1284.2745 	EXP 	window1: mouseVisible = True
1284.2746 	EXP 	window1: mouseVisible = True
1284.2747 	EXP 	window1: mouseVisible = True
1284.2749 	EXP 	window1: mouseVisible = True
1284.2750 	EXP 	window1: mouseVisible = True
1284.2751 	EXP 	window1: mouseVisible = True
1284.2752 	EXP 	window1: mouseVisible = True
1284.2754 	EXP 	window1: mouseVisible = True
1284.2755 	EXP 	window1: mouseVisible = True
1284.2756 	EXP 	window1: mouseVisible = True
1284.2758 	EXP 	window1: mouseVisible = True
1284.2759 	EXP 	window1: mouseVisible = True
1284.2760 	EXP 	window1: mouseVisible = True
1284.2762 	EXP 	window1: mouseVisible = True
1284.2763 	EXP 	window1: mouseVisible = True
1284.2764 	EXP 	window1: mouseVisible = True
1284.2765 	EXP 	window1: mouseVisible = True
1284.2767 	EXP 	window1: mouseVisible = True
1284.2768 	EXP 	window1: mouseVisible = True
1284.2770 	EXP 	window1: mouseVisible = True
1284.2771 	EXP 	window1: mouseVisible = True
1284.2772 	EXP 	window1: mouseVisible = True
1284.2773 	EXP 	window1: mouseVisible = True
1284.2775 	EXP 	window1: mouseVisible = True
1284.2776 	EXP 	window1: mouseVisible = True
1284.2777 	EXP 	window1: mouseVisible = True
1284.2779 	EXP 	window1: mouseVisible = True
1284.2780 	EXP 	window1: mouseVisible = True
1284.2781 	EXP 	window1: mouseVisible = True
1284.2782 	EXP 	window1: mouseVisible = True
1284.2784 	EXP 	window1: mouseVisible = True
1284.2785 	EXP 	window1: mouseVisible = True
1284.2786 	EXP 	window1: mouseVisible = True
1284.2787 	EXP 	window1: mouseVisible = True
1284.2789 	EXP 	window1: mouseVisible = True
1284.2790 	EXP 	window1: mouseVisible = True
1284.2791 	EXP 	window1: mouseVisible = True
1284.2792 	EXP 	window1: mouseVisible = True
1284.2794 	EXP 	window1: mouseVisible = True
1284.2795 	EXP 	window1: mouseVisible = True
1284.2796 	EXP 	window1: mouseVisible = True
1284.2798 	EXP 	window1: mouseVisible = True
1284.2799 	EXP 	window1: mouseVisible = True
1284.2800 	EXP 	window1: mouseVisible = True
1284.2802 	EXP 	window1: mouseVisible = True
1284.2803 	EXP 	window1: mouseVisible = True
1284.2804 	EXP 	window1: mouseVisible = True
1284.2805 	EXP 	window1: mouseVisible = True
1284.2807 	EXP 	window1: mouseVisible = True
1284.2808 	EXP 	window1: mouseVisible = True
1284.2809 	EXP 	window1: mouseVisible = True
1284.2810 	EXP 	window1: mouseVisible = True
1284.2812 	EXP 	window1: mouseVisible = True
1284.2813 	EXP 	window1: mouseVisible = True
1284.2814 	EXP 	window1: mouseVisible = True
1284.2815 	EXP 	window1: mouseVisible = True
1284.2817 	EXP 	window1: mouseVisible = True
1284.2818 	EXP 	window1: mouseVisible = True
1284.2819 	EXP 	window1: mouseVisible = True
1284.2820 	EXP 	window1: mouseVisible = True
1284.2822 	EXP 	window1: mouseVisible = True
1284.2845 	EXP 	Created ratingScale = RatingScale(__class__=type(...), acceptKeys=['return'], acceptPreText=UNKNOWN, acceptSize=UNKNOWN, acceptText=UNKNOWN, autoLog=True, choices=False, colorSpace='rgb', depth=0, disappear=False, flipVert=False, high=100, kwargs=UNKNOWN, labels=list(...), leftKeys=['left'], lineColor=(255, 255, 255), low=0, marker=Rect(...), markerColor=(255, 255, 255), markerExpansion=UNKNOWN, markerStart=0.5, maxTime=0.0, minTime=0.4, mouseOnly=False, name='ratingScale', noMouse=False, pos=[0.0, 0.0], precision=100, respKeys=[], rightKeys=['right'], scale=None, self=UNKNOWN, showAccept=False, showValue=False, singleClick=False, size=0.6, skipKeys=['tab'], stretch=2.0, textColor='white', textFont='Helvetica Bold', textSize=0.144, tickHeight=0, tickMarks=10.0, win=Window(...))
1284.2846 	EXP 	RatingScale ratingScale: reset()
1284.2866 	EXP 	window1: mouseVisible = False
1284.2980 	EXP 	thermode_locali: autoDraw = False
1284.2980 	EXP 	thermode_locali: autoDraw = False
1284.2980 	EXP 	ratingScale: flipVert = False
1284.2980 	EXP 	ratingScale: autoLog = True
1284.2995 	EXP 	window1: mouseVisible = False
1284.3161 	EXP 	window1: mouseVisible = False
1284.3328 	EXP 	window1: mouseVisible = False
1284.3495 	EXP 	window1: mouseVisible = False
1284.3665 	EXP 	window1: mouseVisible = False
1284.3828 	EXP 	window1: mouseVisible = False
1284.3994 	EXP 	window1: mouseVisible = False
1284.4161 	EXP 	window1: mouseVisible = False
1284.4328 	EXP 	window1: mouseVisible = False
1284.4494 	EXP 	window1: mouseVisible = False
1284.4663 	EXP 	window1: mouseVisible = False
1284.4828 	EXP 	window1: mouseVisible = False
1284.4994 	EXP 	window1: mouseVisible = False
1284.5161 	EXP 	window1: mouseVisible = False
1284.5328 	EXP 	window1: mouseVisible = False
1284.5495 	EXP 	window1: mouseVisible = False
1284.5661 	EXP 	window1: mouseVisible = False
1284.5829 	EXP 	window1: mouseVisible = False
1284.5994 	EXP 	window1: mouseVisible = False
1284.6161 	EXP 	window1: mouseVisible = False
1284.6328 	EXP 	window1: mouseVisible = False
1284.6495 	EXP 	window1: mouseVisible = False
1284.6661 	EXP 	window1: mouseVisible = False
1284.6828 	EXP 	window1: mouseVisible = False
1284.6994 	EXP 	window1: mouseVisible = False
1284.7161 	EXP 	window1: mouseVisible = False
1284.7328 	EXP 	window1: mouseVisible = False
1284.7494 	EXP 	window1: mouseVisible = False
1284.7663 	EXP 	window1: mouseVisible = False
1284.7828 	EXP 	window1: mouseVisible = False
1284.7995 	EXP 	window1: mouseVisible = False
1284.8175 	EXP 	window1: mouseVisible = False
1284.8328 	EXP 	window1: mouseVisible = False
1284.8494 	EXP 	window1: mouseVisible = False
1284.8661 	EXP 	window1: mouseVisible = False
1284.8828 	EXP 	window1: mouseVisible = False
1284.8994 	EXP 	window1: mouseVisible = False
1284.9161 	EXP 	window1: mouseVisible = False
1284.9328 	EXP 	window1: mouseVisible = False
1284.9494 	EXP 	window1: mouseVisible = False
1284.9661 	EXP 	window1: mouseVisible = False
1284.9828 	EXP 	window1: mouseVisible = False
1284.9995 	EXP 	window1: mouseVisible = False
1285.0161 	EXP 	window1: mouseVisible = False
1285.0328 	EXP 	window1: mouseVisible = False
1285.0494 	EXP 	window1: mouseVisible = False
1285.0662 	EXP 	window1: mouseVisible = False
1285.0829 	EXP 	window1: mouseVisible = False
1285.0995 	EXP 	window1: mouseVisible = False
1285.1161 	EXP 	window1: mouseVisible = False
1285.1328 	EXP 	window1: mouseVisible = False
1285.1494 	EXP 	window1: mouseVisible = False
1285.1661 	EXP 	window1: mouseVisible = False
1285.1825 	DATA 	Keypress: n
1285.1830 	EXP 	window1: mouseVisible = False
1285.1995 	EXP 	window1: mouseVisible = False
1285.2161 	EXP 	window1: mouseVisible = False
1285.2329 	EXP 	window1: mouseVisible = False
1285.2495 	EXP 	window1: mouseVisible = False
1285.2661 	EXP 	window1: mouseVisible = False
1285.2828 	EXP 	window1: mouseVisible = False
1285.2995 	EXP 	window1: mouseVisible = False
1285.3161 	EXP 	window1: mouseVisible = False
1285.3328 	EXP 	window1: mouseVisible = False
1285.3494 	EXP 	window1: mouseVisible = False
1285.3661 	EXP 	window1: mouseVisible = False
1285.3829 	EXP 	window1: mouseVisible = False
1285.3994 	EXP 	window1: mouseVisible = False
1285.4161 	EXP 	window1: mouseVisible = False
1285.4328 	EXP 	window1: mouseVisible = False
1285.4494 	EXP 	window1: mouseVisible = False
1285.4661 	EXP 	window1: mouseVisible = False
1285.4828 	EXP 	window1: mouseVisible = False
1285.4994 	EXP 	window1: mouseVisible = False
1285.5161 	EXP 	window1: mouseVisible = False
1285.5327 	EXP 	window1: mouseVisible = False
1285.5495 	EXP 	window1: mouseVisible = False
1285.5661 	EXP 	window1: mouseVisible = False
1285.5827 	EXP 	window1: mouseVisible = False
1285.5994 	EXP 	window1: mouseVisible = False
1285.6160 	EXP 	window1: mouseVisible = False
1285.6327 	EXP 	window1: mouseVisible = False
1285.6493 	EXP 	window1: mouseVisible = False
1285.6661 	EXP 	window1: mouseVisible = False
1285.6829 	EXP 	window1: mouseVisible = False
1285.6994 	EXP 	window1: mouseVisible = False
1285.7163 	EXP 	window1: mouseVisible = False
1285.7329 	EXP 	window1: mouseVisible = False
1285.7495 	EXP 	window1: mouseVisible = False
1285.7661 	EXP 	window1: mouseVisible = False
1285.7828 	EXP 	window1: mouseVisible = False
1285.7995 	EXP 	window1: mouseVisible = False
1285.8161 	EXP 	window1: mouseVisible = False
1285.8330 	EXP 	window1: mouseVisible = False
1285.8499 	EXP 	window1: mouseVisible = False
1285.8663 	EXP 	window1: mouseVisible = False
1285.8829 	EXP 	window1: mouseVisible = False
1285.8996 	EXP 	window1: mouseVisible = False
1285.9164 	EXP 	window1: mouseVisible = False
1285.9330 	EXP 	window1: mouseVisible = False
1285.9497 	EXP 	window1: mouseVisible = False
1285.9661 	EXP 	window1: mouseVisible = False
1285.9829 	EXP 	window1: mouseVisible = False
1285.9995 	EXP 	window1: mouseVisible = False
1286.0161 	EXP 	window1: mouseVisible = False
1286.0328 	EXP 	window1: mouseVisible = False
1286.0499 	EXP 	window1: mouseVisible = False
1286.0662 	EXP 	window1: mouseVisible = False
1286.0829 	EXP 	window1: mouseVisible = False
1286.0995 	EXP 	window1: mouseVisible = False
1286.1173 	EXP 	window1: mouseVisible = False
1286.1329 	EXP 	window1: mouseVisible = False
1286.1495 	EXP 	window1: mouseVisible = False
1286.1661 	EXP 	window1: mouseVisible = False
1286.1830 	EXP 	window1: mouseVisible = False
1286.1995 	EXP 	window1: mouseVisible = False
1286.2161 	EXP 	window1: mouseVisible = False
1286.2328 	EXP 	window1: mouseVisible = False
1286.2499 	EXP 	window1: mouseVisible = False
1286.2661 	EXP 	window1: mouseVisible = False
1286.2830 	EXP 	window1: mouseVisible = False
1286.2995 	EXP 	window1: mouseVisible = False
1286.3162 	EXP 	window1: mouseVisible = False
1286.3327 	EXP 	window1: mouseVisible = False
1286.3495 	EXP 	window1: mouseVisible = False
1286.3661 	EXP 	window1: mouseVisible = False
1286.3829 	EXP 	window1: mouseVisible = False
1286.3994 	EXP 	window1: mouseVisible = False
1286.4162 	EXP 	window1: mouseVisible = False
1286.4327 	EXP 	window1: mouseVisible = False
1286.4497 	EXP 	window1: mouseVisible = False
1286.4661 	EXP 	window1: mouseVisible = False
1286.4829 	EXP 	window1: mouseVisible = False
1286.4995 	EXP 	window1: mouseVisible = False
1286.5161 	EXP 	window1: mouseVisible = False
1286.5328 	EXP 	window1: mouseVisible = False
1286.5499 	EXP 	window1: mouseVisible = False
1286.5665 	EXP 	window1: mouseVisible = False
1286.5829 	EXP 	window1: mouseVisible = False
1286.5997 	EXP 	window1: mouseVisible = False
1286.6161 	EXP 	window1: mouseVisible = False
1286.6328 	EXP 	window1: mouseVisible = False
1286.6496 	EXP 	window1: mouseVisible = False
1286.6661 	EXP 	window1: mouseVisible = False
1286.6829 	EXP 	window1: mouseVisible = False
1286.6995 	EXP 	window1: mouseVisible = False
1286.7162 	EXP 	window1: mouseVisible = False
1286.7328 	EXP 	window1: mouseVisible = False
1286.7495 	EXP 	window1: mouseVisible = False
1286.7661 	EXP 	window1: mouseVisible = False
1286.7830 	EXP 	window1: mouseVisible = False
1286.7995 	EXP 	window1: mouseVisible = False
1286.8162 	EXP 	window1: mouseVisible = False
1286.8328 	EXP 	window1: mouseVisible = False
1286.8497 	EXP 	window1: mouseVisible = False
1286.8662 	EXP 	window1: mouseVisible = False
1286.8829 	EXP 	window1: mouseVisible = False
1286.8996 	EXP 	window1: mouseVisible = False
1286.9161 	EXP 	window1: mouseVisible = False
1286.9329 	EXP 	window1: mouseVisible = False
1286.9496 	EXP 	window1: mouseVisible = False
1286.9662 	EXP 	window1: mouseVisible = False
1286.9828 	EXP 	window1: mouseVisible = False
1286.9995 	EXP 	window1: mouseVisible = False
1287.0162 	EXP 	window1: mouseVisible = False
1287.0328 	EXP 	window1: mouseVisible = False
1287.0499 	EXP 	window1: mouseVisible = False
1287.0662 	EXP 	window1: mouseVisible = False
1287.0829 	EXP 	window1: mouseVisible = False
1287.0995 	EXP 	window1: mouseVisible = False
1287.1162 	EXP 	window1: mouseVisible = False
1287.1329 	EXP 	window1: mouseVisible = False
1287.1496 	EXP 	window1: mouseVisible = False
1287.1662 	EXP 	window1: mouseVisible = False
1287.1828 	EXP 	window1: mouseVisible = False
1287.1995 	EXP 	window1: mouseVisible = False
1287.2161 	EXP 	window1: mouseVisible = False
1287.2329 	EXP 	window1: mouseVisible = False
1287.2496 	EXP 	window1: mouseVisible = False
1287.2663 	EXP 	window1: mouseVisible = False
1287.2828 	EXP 	window1: mouseVisible = False
1287.2995 	EXP 	window1: mouseVisible = False
1287.3162 	EXP 	window1: mouseVisible = False
1287.3329 	EXP 	window1: mouseVisible = False
1287.3495 	EXP 	window1: mouseVisible = False
1287.3663 	EXP 	window1: mouseVisible = False
1287.3828 	EXP 	window1: mouseVisible = False
1287.3995 	EXP 	window1: mouseVisible = False
1287.4162 	EXP 	window1: mouseVisible = False
1287.4328 	EXP 	window1: mouseVisible = False
1287.4495 	EXP 	window1: mouseVisible = False
1287.4663 	EXP 	window1: mouseVisible = False
1287.4831 	EXP 	window1: mouseVisible = False
1287.4995 	EXP 	window1: mouseVisible = False
1287.5161 	EXP 	window1: mouseVisible = False
1287.5328 	EXP 	window1: mouseVisible = False
1287.5495 	EXP 	window1: mouseVisible = False
1287.5664 	EXP 	window1: mouseVisible = False
1287.5828 	EXP 	window1: mouseVisible = False
1287.5995 	EXP 	window1: mouseVisible = False
1287.6162 	EXP 	window1: mouseVisible = False
1287.6328 	EXP 	window1: mouseVisible = False
1287.6495 	EXP 	window1: mouseVisible = False
1287.6662 	EXP 	window1: mouseVisible = False
1287.6829 	EXP 	window1: mouseVisible = False
1287.6995 	EXP 	window1: mouseVisible = False
1287.7161 	EXP 	window1: mouseVisible = False
1287.7328 	EXP 	window1: mouseVisible = False
1287.7495 	EXP 	window1: mouseVisible = False
1287.7661 	EXP 	window1: mouseVisible = False
1287.7829 	EXP 	window1: mouseVisible = False
1287.7995 	EXP 	window1: mouseVisible = False
1287.8161 	EXP 	window1: mouseVisible = False
1287.8328 	EXP 	window1: mouseVisible = False
1287.8495 	EXP 	window1: mouseVisible = False
1287.8660 	EXP 	window1: mouseVisible = False
1287.8828 	EXP 	window1: mouseVisible = False
1287.8995 	EXP 	window1: mouseVisible = False
1287.9163 	DATA 	Keypress: space
1288.0163 	EXP 	New trial (rep=11, index=0): None
1288.0313 	EXP 	main_text: autoDraw = True
1288.0313 	EXP 	confirm_text: autoDraw = True
1288.0313 	EXP 	ratingScale: autoDraw = False
1288.0313 	EXP 	main_text: autoDraw = False
1288.0313 	EXP 	confirm_text: autoDraw = False
1288.0313 	EXP 	text_2: autoDraw = True
1288.0313 	EXP 	croix: autoDraw = True
1293.0315 	EXP 	text_2: autoDraw = False
1293.0315 	EXP 	croix: autoDraw = False
1293.0315 	EXP 	text_2: autoDraw = False
1293.0315 	EXP 	croix: autoDraw = False
1293.0315 	EXP 	thermode_locali: autoDraw = True
1305.0154 	EXP 	window1: mouseVisible = True
1305.0163 	EXP 	Created unnamed Rect = Rect(__class__=<class 'psychopy.visual.rect.Rect'>, anchor=('center', 'center'), autoDraw=False, autoLog=True, closeShape=True, color=method-wrapper(...), colorSpace='rgb', contrast=None, depth=0, draggable=False, fillColor=array([1, 1, 1]), fillColorSpace='rgb', fillRGB=array([1, 1, 1]), interpolate=True, lineColor=array([1., 1., 1.]), lineColorSpace='rgb', lineRGB=array([1, 1, 1]), lineWidth=1.5, name='unnamed Rect', opacity=1.0, ori=0.0, pos=array([0., 0.]), size=array([0.01, 0.1 ]), units='norm', vertices=ndarray(...), win=Window(...))
1305.0164 	EXP 	window1: mouseVisible = True
1305.0165 	EXP 	window1: mouseVisible = True
1305.0171 	EXP 	window1: mouseVisible = True
1305.0183 	EXP 	window1: mouseVisible = True
1305.0194 	EXP 	window1: mouseVisible = True
1305.0196 	EXP 	window1: mouseVisible = True
1305.0198 	EXP 	window1: mouseVisible = True
1305.0199 	EXP 	window1: mouseVisible = True
1305.0200 	EXP 	window1: mouseVisible = True
1305.0202 	EXP 	window1: mouseVisible = True
1305.0203 	EXP 	window1: mouseVisible = True
1305.0205 	EXP 	window1: mouseVisible = True
1305.0206 	EXP 	window1: mouseVisible = True
1305.0207 	EXP 	window1: mouseVisible = True
1305.0209 	EXP 	window1: mouseVisible = True
1305.0210 	EXP 	window1: mouseVisible = True
1305.0211 	EXP 	window1: mouseVisible = True
1305.0213 	EXP 	window1: mouseVisible = True
1305.0214 	EXP 	window1: mouseVisible = True
1305.0215 	EXP 	window1: mouseVisible = True
1305.0216 	EXP 	window1: mouseVisible = True
1305.0218 	EXP 	window1: mouseVisible = True
1305.0219 	EXP 	window1: mouseVisible = True
1305.0220 	EXP 	window1: mouseVisible = True
1305.0222 	EXP 	window1: mouseVisible = True
1305.0223 	EXP 	window1: mouseVisible = True
1305.0224 	EXP 	window1: mouseVisible = True
1305.0225 	EXP 	window1: mouseVisible = True
1305.0227 	EXP 	window1: mouseVisible = True
1305.0228 	EXP 	window1: mouseVisible = True
1305.0229 	EXP 	window1: mouseVisible = True
1305.0230 	EXP 	window1: mouseVisible = True
1305.0232 	EXP 	window1: mouseVisible = True
1305.0233 	EXP 	window1: mouseVisible = True
1305.0234 	EXP 	window1: mouseVisible = True
1305.0236 	EXP 	window1: mouseVisible = True
1305.0237 	EXP 	window1: mouseVisible = True
1305.0238 	EXP 	window1: mouseVisible = True
1305.0240 	EXP 	window1: mouseVisible = True
1305.0241 	EXP 	window1: mouseVisible = True
1305.0242 	EXP 	window1: mouseVisible = True
1305.0244 	EXP 	window1: mouseVisible = True
1305.0245 	EXP 	window1: mouseVisible = True
1305.0246 	EXP 	window1: mouseVisible = True
1305.0248 	EXP 	window1: mouseVisible = True
1305.0249 	EXP 	window1: mouseVisible = True
1305.0250 	EXP 	window1: mouseVisible = True
1305.0252 	EXP 	window1: mouseVisible = True
1305.0253 	EXP 	window1: mouseVisible = True
1305.0254 	EXP 	window1: mouseVisible = True
1305.0255 	EXP 	window1: mouseVisible = True
1305.0257 	EXP 	window1: mouseVisible = True
1305.0258 	EXP 	window1: mouseVisible = True
1305.0259 	EXP 	window1: mouseVisible = True
1305.0261 	EXP 	window1: mouseVisible = True
1305.0262 	EXP 	window1: mouseVisible = True
1305.0263 	EXP 	window1: mouseVisible = True
1305.0264 	EXP 	window1: mouseVisible = True
1305.0266 	EXP 	window1: mouseVisible = True
1305.0267 	EXP 	window1: mouseVisible = True
1305.0268 	EXP 	window1: mouseVisible = True
1305.0270 	EXP 	window1: mouseVisible = True
1305.0272 	EXP 	window1: mouseVisible = True
1305.0274 	EXP 	window1: mouseVisible = True
1305.0276 	EXP 	window1: mouseVisible = True
1305.0278 	EXP 	window1: mouseVisible = True
1305.0280 	EXP 	window1: mouseVisible = True
1305.0282 	EXP 	window1: mouseVisible = True
1305.0284 	EXP 	window1: mouseVisible = True
1305.0286 	EXP 	window1: mouseVisible = True
1305.0287 	EXP 	window1: mouseVisible = True
1305.0289 	EXP 	window1: mouseVisible = True
1305.0291 	EXP 	window1: mouseVisible = True
1305.0293 	EXP 	window1: mouseVisible = True
1305.0295 	EXP 	window1: mouseVisible = True
1305.0297 	EXP 	window1: mouseVisible = True
1305.0299 	EXP 	window1: mouseVisible = True
1305.0301 	EXP 	window1: mouseVisible = True
1305.0302 	EXP 	window1: mouseVisible = True
1305.0304 	EXP 	window1: mouseVisible = True
1305.0305 	EXP 	window1: mouseVisible = True
1305.0307 	EXP 	window1: mouseVisible = True
1305.0308 	EXP 	window1: mouseVisible = True
1305.0310 	EXP 	window1: mouseVisible = True
1305.0311 	EXP 	window1: mouseVisible = True
1305.0312 	EXP 	window1: mouseVisible = True
1305.0313 	EXP 	window1: mouseVisible = True
1305.0315 	EXP 	window1: mouseVisible = True
1305.0316 	EXP 	window1: mouseVisible = True
1305.0317 	EXP 	window1: mouseVisible = True
1305.0319 	EXP 	window1: mouseVisible = True
1305.0320 	EXP 	window1: mouseVisible = True
1305.0321 	EXP 	window1: mouseVisible = True
1305.0322 	EXP 	window1: mouseVisible = True
1305.0324 	EXP 	window1: mouseVisible = True
1305.0325 	EXP 	window1: mouseVisible = True
1305.0326 	EXP 	window1: mouseVisible = True
1305.0328 	EXP 	window1: mouseVisible = True
1305.0329 	EXP 	window1: mouseVisible = True
1305.0330 	EXP 	window1: mouseVisible = True
1305.0332 	EXP 	window1: mouseVisible = True
1305.0333 	EXP 	window1: mouseVisible = True
1305.0334 	EXP 	window1: mouseVisible = True
1305.0335 	EXP 	window1: mouseVisible = True
1305.0357 	EXP 	Created ratingScale = RatingScale(__class__=type(...), acceptKeys=['return'], acceptPreText=UNKNOWN, acceptSize=UNKNOWN, acceptText=UNKNOWN, autoLog=True, choices=False, colorSpace='rgb', depth=0, disappear=False, flipVert=False, high=100, kwargs=UNKNOWN, labels=list(...), leftKeys=['left'], lineColor=(255, 255, 255), low=0, marker=Rect(...), markerColor=(255, 255, 255), markerExpansion=UNKNOWN, markerStart=0.5, maxTime=0.0, minTime=0.4, mouseOnly=False, name='ratingScale', noMouse=False, pos=[0.0, 0.0], precision=100, respKeys=[], rightKeys=['right'], scale=None, self=UNKNOWN, showAccept=False, showValue=False, singleClick=False, size=0.6, skipKeys=['tab'], stretch=2.0, textColor='white', textFont='Helvetica Bold', textSize=0.144, tickHeight=0, tickMarks=10.0, win=Window(...))
1305.0357 	EXP 	RatingScale ratingScale: reset()
1305.0378 	EXP 	window1: mouseVisible = False
1305.0482 	EXP 	thermode_locali: autoDraw = False
1305.0482 	EXP 	thermode_locali: autoDraw = False
1305.0482 	EXP 	ratingScale: flipVert = False
1305.0482 	EXP 	ratingScale: autoLog = True
1305.0498 	EXP 	window1: mouseVisible = False
1305.0667 	EXP 	window1: mouseVisible = False
1305.0831 	EXP 	window1: mouseVisible = False
1305.0996 	EXP 	window1: mouseVisible = False
1305.1163 	EXP 	window1: mouseVisible = False
1305.1330 	EXP 	window1: mouseVisible = False
1305.1497 	EXP 	window1: mouseVisible = False
1305.1665 	EXP 	window1: mouseVisible = False
1305.1830 	EXP 	window1: mouseVisible = False
1305.1997 	EXP 	window1: mouseVisible = False
1305.2163 	EXP 	window1: mouseVisible = False
1305.2330 	EXP 	window1: mouseVisible = False
1305.2496 	EXP 	window1: mouseVisible = False
1305.2665 	EXP 	window1: mouseVisible = False
1305.2830 	EXP 	window1: mouseVisible = False
1305.2997 	EXP 	window1: mouseVisible = False
1305.3163 	EXP 	window1: mouseVisible = False
1305.3330 	EXP 	window1: mouseVisible = False
1305.3497 	EXP 	window1: mouseVisible = False
1305.3663 	EXP 	window1: mouseVisible = False
1305.3830 	EXP 	window1: mouseVisible = False
1305.3997 	EXP 	window1: mouseVisible = False
1305.4163 	EXP 	window1: mouseVisible = False
1305.4330 	EXP 	window1: mouseVisible = False
1305.4497 	EXP 	window1: mouseVisible = False
1305.4665 	EXP 	window1: mouseVisible = False
1305.4830 	EXP 	window1: mouseVisible = False
1305.4997 	EXP 	window1: mouseVisible = False
1305.5164 	EXP 	window1: mouseVisible = False
1305.5330 	EXP 	window1: mouseVisible = False
1305.5497 	EXP 	window1: mouseVisible = False
1305.5666 	EXP 	window1: mouseVisible = False
1305.5831 	EXP 	window1: mouseVisible = False
1305.5997 	EXP 	window1: mouseVisible = False
1305.6163 	EXP 	window1: mouseVisible = False
1305.6326 	DATA 	Keypress: n
1305.6331 	EXP 	window1: mouseVisible = False
1305.6497 	EXP 	window1: mouseVisible = False
1305.6665 	EXP 	window1: mouseVisible = False
1305.6830 	EXP 	window1: mouseVisible = False
1305.6997 	EXP 	window1: mouseVisible = False
1305.7164 	EXP 	window1: mouseVisible = False
1305.7329 	EXP 	window1: mouseVisible = False
1305.7496 	EXP 	window1: mouseVisible = False
1305.7663 	EXP 	window1: mouseVisible = False
1305.7830 	EXP 	window1: mouseVisible = False
1305.7997 	EXP 	window1: mouseVisible = False
1305.8164 	EXP 	window1: mouseVisible = False
1305.8330 	EXP 	window1: mouseVisible = False
1305.8496 	EXP 	window1: mouseVisible = False
1305.8663 	EXP 	window1: mouseVisible = False
1305.8829 	EXP 	window1: mouseVisible = False
1305.8997 	EXP 	window1: mouseVisible = False
1305.9163 	EXP 	window1: mouseVisible = False
1305.9332 	EXP 	window1: mouseVisible = False
1305.9496 	EXP 	window1: mouseVisible = False
1305.9666 	EXP 	window1: mouseVisible = False
1305.9831 	EXP 	window1: mouseVisible = False
1305.9996 	EXP 	window1: mouseVisible = False
1306.0163 	EXP 	window1: mouseVisible = False
1306.0330 	EXP 	window1: mouseVisible = False
1306.0497 	EXP 	window1: mouseVisible = False
1306.0667 	EXP 	window1: mouseVisible = False
1306.0830 	EXP 	window1: mouseVisible = False
1306.0996 	EXP 	window1: mouseVisible = False
1306.1164 	EXP 	window1: mouseVisible = False
1306.1330 	EXP 	window1: mouseVisible = False
1306.1497 	EXP 	window1: mouseVisible = False
1306.1665 	EXP 	window1: mouseVisible = False
1306.1831 	EXP 	window1: mouseVisible = False
1306.1997 	EXP 	window1: mouseVisible = False
1306.2164 	EXP 	window1: mouseVisible = False
1306.2330 	EXP 	window1: mouseVisible = False
1306.2497 	EXP 	window1: mouseVisible = False
1306.2667 	EXP 	window1: mouseVisible = False
1306.2830 	EXP 	window1: mouseVisible = False
1306.2998 	EXP 	window1: mouseVisible = False
1306.3164 	EXP 	window1: mouseVisible = False
1306.3331 	EXP 	window1: mouseVisible = False
1306.3497 	EXP 	window1: mouseVisible = False
1306.3664 	EXP 	window1: mouseVisible = False
1306.3830 	EXP 	window1: mouseVisible = False
1306.3998 	EXP 	window1: mouseVisible = False
1306.4164 	EXP 	window1: mouseVisible = False
1306.4330 	EXP 	window1: mouseVisible = False
1306.4497 	EXP 	window1: mouseVisible = False
1306.4665 	EXP 	window1: mouseVisible = False
1306.4830 	EXP 	window1: mouseVisible = False
1306.4997 	EXP 	window1: mouseVisible = False
1306.5163 	EXP 	window1: mouseVisible = False
1306.5331 	EXP 	window1: mouseVisible = False
1306.5497 	EXP 	window1: mouseVisible = False
1306.5667 	EXP 	window1: mouseVisible = False
1306.5833 	EXP 	window1: mouseVisible = False
1306.5999 	EXP 	window1: mouseVisible = False
1306.6164 	EXP 	window1: mouseVisible = False
1306.6332 	EXP 	window1: mouseVisible = False
1306.6498 	EXP 	window1: mouseVisible = False
1306.6665 	EXP 	window1: mouseVisible = False
1306.6830 	EXP 	window1: mouseVisible = False
1306.6998 	EXP 	window1: mouseVisible = False
1306.7165 	EXP 	window1: mouseVisible = False
1306.7331 	EXP 	window1: mouseVisible = False
1306.7497 	EXP 	window1: mouseVisible = False
1306.7664 	EXP 	window1: mouseVisible = False
1306.7830 	EXP 	window1: mouseVisible = False
1306.7997 	EXP 	window1: mouseVisible = False
1306.8164 	EXP 	window1: mouseVisible = False
1306.8331 	EXP 	window1: mouseVisible = False
1306.8497 	EXP 	window1: mouseVisible = False
1306.8666 	EXP 	window1: mouseVisible = False
1306.8831 	EXP 	window1: mouseVisible = False
1306.8999 	EXP 	window1: mouseVisible = False
1306.9165 	EXP 	window1: mouseVisible = False
1306.9331 	EXP 	window1: mouseVisible = False
1306.9497 	EXP 	window1: mouseVisible = False
1306.9665 	EXP 	window1: mouseVisible = False
1306.9830 	EXP 	window1: mouseVisible = False
1306.9998 	EXP 	window1: mouseVisible = False
1307.0164 	EXP 	window1: mouseVisible = False
1307.0331 	EXP 	window1: mouseVisible = False
1307.0497 	EXP 	window1: mouseVisible = False
1307.0666 	EXP 	window1: mouseVisible = False
1307.0831 	EXP 	window1: mouseVisible = False
1307.0997 	EXP 	window1: mouseVisible = False
1307.1164 	EXP 	window1: mouseVisible = False
1307.1331 	EXP 	window1: mouseVisible = False
1307.1497 	EXP 	window1: mouseVisible = False
1307.1663 	EXP 	window1: mouseVisible = False
1307.1830 	EXP 	window1: mouseVisible = False
1307.1998 	EXP 	window1: mouseVisible = False
1307.2164 	EXP 	window1: mouseVisible = False
1307.2330 	EXP 	window1: mouseVisible = False
1307.2499 	EXP 	window1: mouseVisible = False
1307.2663 	EXP 	window1: mouseVisible = False
1307.2832 	EXP 	window1: mouseVisible = False
1307.2996 	EXP 	window1: mouseVisible = False
1307.3163 	EXP 	window1: mouseVisible = False
1307.3331 	EXP 	window1: mouseVisible = False
1307.3497 	EXP 	window1: mouseVisible = False
1307.3664 	EXP 	window1: mouseVisible = False
1307.3830 	EXP 	window1: mouseVisible = False
1307.3997 	EXP 	window1: mouseVisible = False
1307.4163 	EXP 	window1: mouseVisible = False
1307.4331 	EXP 	window1: mouseVisible = False
1307.4497 	EXP 	window1: mouseVisible = False
1307.4664 	EXP 	window1: mouseVisible = False
1307.4830 	EXP 	window1: mouseVisible = False
1307.4998 	EXP 	window1: mouseVisible = False
1307.5165 	EXP 	window1: mouseVisible = False
1307.5330 	EXP 	window1: mouseVisible = False
1307.5497 	EXP 	window1: mouseVisible = False
1307.5664 	EXP 	window1: mouseVisible = False
1307.5831 	EXP 	window1: mouseVisible = False
1307.5997 	EXP 	window1: mouseVisible = False
1307.6164 	EXP 	window1: mouseVisible = False
1307.6330 	EXP 	window1: mouseVisible = False
1307.6498 	EXP 	window1: mouseVisible = False
1307.6664 	EXP 	window1: mouseVisible = False
1307.6831 	EXP 	window1: mouseVisible = False
1307.6997 	EXP 	window1: mouseVisible = False
1307.7164 	EXP 	window1: mouseVisible = False
1307.7331 	EXP 	window1: mouseVisible = False
1307.7497 	EXP 	window1: mouseVisible = False
1307.7664 	EXP 	window1: mouseVisible = False
1307.7830 	EXP 	window1: mouseVisible = False
1307.7998 	EXP 	window1: mouseVisible = False
1307.8163 	EXP 	window1: mouseVisible = False
1307.8331 	EXP 	window1: mouseVisible = False
1307.8497 	EXP 	window1: mouseVisible = False
1307.8663 	EXP 	window1: mouseVisible = False
1307.8831 	EXP 	window1: mouseVisible = False
1307.8997 	EXP 	window1: mouseVisible = False
1307.9164 	EXP 	window1: mouseVisible = False
1307.9330 	EXP 	window1: mouseVisible = False
1307.9497 	EXP 	window1: mouseVisible = False
1307.9664 	EXP 	window1: mouseVisible = False
1307.9831 	EXP 	window1: mouseVisible = False
1307.9997 	EXP 	window1: mouseVisible = False
1308.0164 	EXP 	window1: mouseVisible = False
1308.0330 	EXP 	window1: mouseVisible = False
1308.0498 	EXP 	window1: mouseVisible = False
1308.0667 	EXP 	window1: mouseVisible = False
1308.0830 	EXP 	window1: mouseVisible = False
1308.0998 	EXP 	window1: mouseVisible = False
1308.1166 	EXP 	window1: mouseVisible = False
1308.1331 	EXP 	window1: mouseVisible = False
1308.1499 	EXP 	window1: mouseVisible = False
1308.1664 	EXP 	window1: mouseVisible = False
1308.1830 	EXP 	window1: mouseVisible = False
1308.1997 	EXP 	window1: mouseVisible = False
1308.2164 	EXP 	window1: mouseVisible = False
1308.2330 	EXP 	window1: mouseVisible = False
1308.2497 	EXP 	window1: mouseVisible = False
1308.2663 	EXP 	window1: mouseVisible = False
1308.2831 	EXP 	window1: mouseVisible = False
1308.2996 	EXP 	window1: mouseVisible = False
1308.3165 	EXP 	window1: mouseVisible = False
1308.3330 	EXP 	window1: mouseVisible = False
1308.3497 	EXP 	window1: mouseVisible = False
1308.3663 	EXP 	window1: mouseVisible = False
1308.3831 	EXP 	window1: mouseVisible = False
1308.3996 	EXP 	window1: mouseVisible = False
1308.4165 	EXP 	window1: mouseVisible = False
1308.4330 	EXP 	window1: mouseVisible = False
1308.4498 	EXP 	window1: mouseVisible = False
1308.4663 	EXP 	window1: mouseVisible = False
1308.4831 	EXP 	window1: mouseVisible = False
1308.4997 	EXP 	window1: mouseVisible = False
1308.5164 	EXP 	window1: mouseVisible = False
1308.5330 	EXP 	window1: mouseVisible = False
1308.5498 	EXP 	window1: mouseVisible = False
1308.5664 	EXP 	window1: mouseVisible = False
1308.5830 	EXP 	window1: mouseVisible = False
1308.5996 	EXP 	window1: mouseVisible = False
1308.6163 	EXP 	window1: mouseVisible = False
1308.6330 	EXP 	window1: mouseVisible = False
1308.6497 	EXP 	window1: mouseVisible = False
1308.6663 	EXP 	window1: mouseVisible = False
1308.6831 	EXP 	window1: mouseVisible = False
1308.6997 	EXP 	window1: mouseVisible = False
1308.7164 	EXP 	window1: mouseVisible = False
1308.7330 	EXP 	window1: mouseVisible = False
1308.7497 	EXP 	window1: mouseVisible = False
1308.7664 	EXP 	window1: mouseVisible = False
1308.7830 	EXP 	window1: mouseVisible = False
1308.7997 	EXP 	window1: mouseVisible = False
1308.8163 	EXP 	window1: mouseVisible = False
1308.8331 	EXP 	window1: mouseVisible = False
1308.8496 	EXP 	window1: mouseVisible = False
1308.8663 	EXP 	window1: mouseVisible = False
1308.8830 	EXP 	window1: mouseVisible = False
1308.8997 	EXP 	window1: mouseVisible = False
1308.9164 	EXP 	window1: mouseVisible = False
1308.9330 	EXP 	window1: mouseVisible = False
1308.9497 	EXP 	window1: mouseVisible = False
1308.9663 	EXP 	window1: mouseVisible = False
1308.9830 	EXP 	window1: mouseVisible = False
1308.9997 	EXP 	window1: mouseVisible = False
1309.0164 	EXP 	window1: mouseVisible = False
1309.0330 	EXP 	window1: mouseVisible = False
1309.0497 	EXP 	window1: mouseVisible = False
1309.0664 	EXP 	window1: mouseVisible = False
1309.0831 	EXP 	window1: mouseVisible = False
1309.0997 	EXP 	window1: mouseVisible = False
1309.1163 	EXP 	window1: mouseVisible = False
1309.1330 	EXP 	window1: mouseVisible = False
1309.1497 	EXP 	window1: mouseVisible = False
1309.1663 	EXP 	window1: mouseVisible = False
1309.1830 	EXP 	window1: mouseVisible = False
1309.1997 	EXP 	window1: mouseVisible = False
1309.2163 	EXP 	window1: mouseVisible = False
1309.2330 	EXP 	window1: mouseVisible = False
1309.2496 	EXP 	window1: mouseVisible = False
1309.2663 	EXP 	window1: mouseVisible = False
1309.2830 	EXP 	window1: mouseVisible = False
1309.2997 	EXP 	window1: mouseVisible = False
1309.3164 	EXP 	window1: mouseVisible = False
1309.3329 	DATA 	Keypress: space
1309.4336 	EXP 	New trial (rep=12, index=0): None
1309.4483 	EXP 	main_text: autoDraw = True
1309.4483 	EXP 	confirm_text: autoDraw = True
1309.4483 	EXP 	ratingScale: autoDraw = False
1309.4483 	EXP 	main_text: autoDraw = False
1309.4483 	EXP 	confirm_text: autoDraw = False
1309.4483 	EXP 	text_2: autoDraw = True
1309.4483 	EXP 	croix: autoDraw = True
1314.4484 	EXP 	text_2: autoDraw = False
1314.4484 	EXP 	croix: autoDraw = False
1314.4484 	EXP 	text_2: autoDraw = False
1314.4484 	EXP 	croix: autoDraw = False
1314.4484 	EXP 	thermode_locali: autoDraw = True
1326.4322 	EXP 	window1: mouseVisible = True
1326.4332 	EXP 	Created unnamed Rect = Rect(__class__=<class 'psychopy.visual.rect.Rect'>, anchor=('center', 'center'), autoDraw=False, autoLog=True, closeShape=True, color=method-wrapper(...), colorSpace='rgb', contrast=None, depth=0, draggable=False, fillColor=array([1, 1, 1]), fillColorSpace='rgb', fillRGB=array([1, 1, 1]), interpolate=True, lineColor=array([1., 1., 1.]), lineColorSpace='rgb', lineRGB=array([1, 1, 1]), lineWidth=1.5, name='unnamed Rect', opacity=1.0, ori=0.0, pos=array([0., 0.]), size=array([0.01, 0.1 ]), units='norm', vertices=ndarray(...), win=Window(...))
1326.4333 	EXP 	window1: mouseVisible = True
1326.4334 	EXP 	window1: mouseVisible = True
1326.4338 	EXP 	window1: mouseVisible = True
1326.4350 	EXP 	window1: mouseVisible = True
1326.4360 	EXP 	window1: mouseVisible = True
1326.4362 	EXP 	window1: mouseVisible = True
1326.4363 	EXP 	window1: mouseVisible = True
1326.4365 	EXP 	window1: mouseVisible = True
1326.4366 	EXP 	window1: mouseVisible = True
1326.4367 	EXP 	window1: mouseVisible = True
1326.4369 	EXP 	window1: mouseVisible = True
1326.4370 	EXP 	window1: mouseVisible = True
1326.4371 	EXP 	window1: mouseVisible = True
1326.4373 	EXP 	window1: mouseVisible = True
1326.4374 	EXP 	window1: mouseVisible = True
1326.4375 	EXP 	window1: mouseVisible = True
1326.4377 	EXP 	window1: mouseVisible = True
1326.4378 	EXP 	window1: mouseVisible = True
1326.4379 	EXP 	window1: mouseVisible = True
1326.4381 	EXP 	window1: mouseVisible = True
1326.4383 	EXP 	window1: mouseVisible = True
1326.4384 	EXP 	window1: mouseVisible = True
1326.4385 	EXP 	window1: mouseVisible = True
1326.4387 	EXP 	window1: mouseVisible = True
1326.4388 	EXP 	window1: mouseVisible = True
1326.4389 	EXP 	window1: mouseVisible = True
1326.4391 	EXP 	window1: mouseVisible = True
1326.4392 	EXP 	window1: mouseVisible = True
1326.4393 	EXP 	window1: mouseVisible = True
1326.4395 	EXP 	window1: mouseVisible = True
1326.4396 	EXP 	window1: mouseVisible = True
1326.4397 	EXP 	window1: mouseVisible = True
1326.4398 	EXP 	window1: mouseVisible = True
1326.4400 	EXP 	window1: mouseVisible = True
1326.4401 	EXP 	window1: mouseVisible = True
1326.4402 	EXP 	window1: mouseVisible = True
1326.4404 	EXP 	window1: mouseVisible = True
1326.4405 	EXP 	window1: mouseVisible = True
1326.4406 	EXP 	window1: mouseVisible = True
1326.4408 	EXP 	window1: mouseVisible = True
1326.4409 	EXP 	window1: mouseVisible = True
1326.4410 	EXP 	window1: mouseVisible = True
1326.4411 	EXP 	window1: mouseVisible = True
1326.4413 	EXP 	window1: mouseVisible = True
1326.4414 	EXP 	window1: mouseVisible = True
1326.4415 	EXP 	window1: mouseVisible = True
1326.4416 	EXP 	window1: mouseVisible = True
1326.4418 	EXP 	window1: mouseVisible = True
1326.4419 	EXP 	window1: mouseVisible = True
1326.4420 	EXP 	window1: mouseVisible = True
1326.4421 	EXP 	window1: mouseVisible = True
1326.4423 	EXP 	window1: mouseVisible = True
1326.4424 	EXP 	window1: mouseVisible = True
1326.4426 	EXP 	window1: mouseVisible = True
1326.4427 	EXP 	window1: mouseVisible = True
1326.4428 	EXP 	window1: mouseVisible = True
1326.4430 	EXP 	window1: mouseVisible = True
1326.4431 	EXP 	window1: mouseVisible = True
1326.4432 	EXP 	window1: mouseVisible = True
1326.4433 	EXP 	window1: mouseVisible = True
1326.4435 	EXP 	window1: mouseVisible = True
1326.4436 	EXP 	window1: mouseVisible = True
1326.4437 	EXP 	window1: mouseVisible = True
1326.4439 	EXP 	window1: mouseVisible = True
1326.4440 	EXP 	window1: mouseVisible = True
1326.4441 	EXP 	window1: mouseVisible = True
1326.4442 	EXP 	window1: mouseVisible = True
1326.4444 	EXP 	window1: mouseVisible = True
1326.4445 	EXP 	window1: mouseVisible = True
1326.4446 	EXP 	window1: mouseVisible = True
1326.4447 	EXP 	window1: mouseVisible = True
1326.4448 	EXP 	window1: mouseVisible = True
1326.4450 	EXP 	window1: mouseVisible = True
1326.4451 	EXP 	window1: mouseVisible = True
1326.4452 	EXP 	window1: mouseVisible = True
1326.4453 	EXP 	window1: mouseVisible = True
1326.4455 	EXP 	window1: mouseVisible = True
1326.4456 	EXP 	window1: mouseVisible = True
1326.4457 	EXP 	window1: mouseVisible = True
1326.4459 	EXP 	window1: mouseVisible = True
1326.4460 	EXP 	window1: mouseVisible = True
1326.4461 	EXP 	window1: mouseVisible = True
1326.4463 	EXP 	window1: mouseVisible = True
1326.4464 	EXP 	window1: mouseVisible = True
1326.4465 	EXP 	window1: mouseVisible = True
1326.4467 	EXP 	window1: mouseVisible = True
1326.4468 	EXP 	window1: mouseVisible = True
1326.4469 	EXP 	window1: mouseVisible = True
1326.4470 	EXP 	window1: mouseVisible = True
1326.4472 	EXP 	window1: mouseVisible = True
1326.4473 	EXP 	window1: mouseVisible = True
1326.4474 	EXP 	window1: mouseVisible = True
1326.4475 	EXP 	window1: mouseVisible = True
1326.4477 	EXP 	window1: mouseVisible = True
1326.4478 	EXP 	window1: mouseVisible = True
1326.4479 	EXP 	window1: mouseVisible = True
1326.4480 	EXP 	window1: mouseVisible = True
1326.4482 	EXP 	window1: mouseVisible = True
1326.4483 	EXP 	window1: mouseVisible = True
1326.4484 	EXP 	window1: mouseVisible = True
1326.4486 	EXP 	window1: mouseVisible = True
1326.4487 	EXP 	window1: mouseVisible = True
1326.4488 	EXP 	window1: mouseVisible = True
1326.4489 	EXP 	window1: mouseVisible = True
1326.4510 	EXP 	Created ratingScale = RatingScale(__class__=type(...), acceptKeys=['return'], acceptPreText=UNKNOWN, acceptSize=UNKNOWN, acceptText=UNKNOWN, autoLog=True, choices=False, colorSpace='rgb', depth=0, disappear=False, flipVert=False, high=100, kwargs=UNKNOWN, labels=list(...), leftKeys=['left'], lineColor=(255, 255, 255), low=0, marker=Rect(...), markerColor=(255, 255, 255), markerExpansion=UNKNOWN, markerStart=0.5, maxTime=0.0, minTime=0.4, mouseOnly=False, name='ratingScale', noMouse=False, pos=[0.0, 0.0], precision=100, respKeys=[], rightKeys=['right'], scale=None, self=UNKNOWN, showAccept=False, showValue=False, singleClick=False, size=0.6, skipKeys=['tab'], stretch=2.0, textColor='white', textFont='Helvetica Bold', textSize=0.144, tickHeight=0, tickMarks=10.0, win=Window(...))
1326.4511 	EXP 	RatingScale ratingScale: reset()
1326.4531 	EXP 	window1: mouseVisible = False
1326.4651 	EXP 	thermode_locali: autoDraw = False
1326.4651 	EXP 	thermode_locali: autoDraw = False
1326.4651 	EXP 	ratingScale: flipVert = False
1326.4651 	EXP 	ratingScale: autoLog = True
1326.4665 	EXP 	window1: mouseVisible = False
1326.4832 	EXP 	window1: mouseVisible = False
1326.4999 	EXP 	window1: mouseVisible = False
1326.5166 	EXP 	window1: mouseVisible = False
1326.5332 	EXP 	window1: mouseVisible = False
1326.5499 	EXP 	window1: mouseVisible = False
1326.5666 	EXP 	window1: mouseVisible = False
1326.5832 	EXP 	window1: mouseVisible = False
1326.5998 	EXP 	window1: mouseVisible = False
1326.6165 	EXP 	window1: mouseVisible = False
1326.6333 	EXP 	window1: mouseVisible = False
1326.6499 	EXP 	window1: mouseVisible = False
1326.6665 	EXP 	window1: mouseVisible = False
1326.6832 	EXP 	window1: mouseVisible = False
1326.6999 	EXP 	window1: mouseVisible = False
1326.7166 	EXP 	window1: mouseVisible = False
1326.7332 	EXP 	window1: mouseVisible = False
1326.7499 	EXP 	window1: mouseVisible = False
1326.7668 	EXP 	window1: mouseVisible = False
1326.7832 	EXP 	window1: mouseVisible = False
1326.7999 	EXP 	window1: mouseVisible = False
1326.8166 	EXP 	window1: mouseVisible = False
1326.8332 	EXP 	window1: mouseVisible = False
1326.8499 	EXP 	window1: mouseVisible = False
1326.8667 	EXP 	window1: mouseVisible = False
1326.8832 	EXP 	window1: mouseVisible = False
1326.8999 	EXP 	window1: mouseVisible = False
1326.9165 	EXP 	window1: mouseVisible = False
1326.9332 	EXP 	window1: mouseVisible = False
1326.9499 	EXP 	window1: mouseVisible = False
1326.9665 	EXP 	window1: mouseVisible = False
1326.9838 	EXP 	window1: mouseVisible = False
1326.9999 	EXP 	window1: mouseVisible = False
1327.0165 	EXP 	window1: mouseVisible = False
1327.0332 	EXP 	window1: mouseVisible = False
1327.0500 	EXP 	window1: mouseVisible = False
1327.0666 	EXP 	window1: mouseVisible = False
1327.0832 	EXP 	window1: mouseVisible = False
1327.0999 	EXP 	window1: mouseVisible = False
1327.1165 	EXP 	window1: mouseVisible = False
1327.1332 	EXP 	window1: mouseVisible = False
1327.1498 	EXP 	window1: mouseVisible = False
1327.1666 	EXP 	window1: mouseVisible = False
1327.1832 	EXP 	window1: mouseVisible = False
1327.1999 	EXP 	window1: mouseVisible = False
1327.2166 	EXP 	window1: mouseVisible = False
1327.2332 	EXP 	window1: mouseVisible = False
1327.2499 	EXP 	window1: mouseVisible = False
1327.2665 	EXP 	window1: mouseVisible = False
1327.2832 	EXP 	window1: mouseVisible = False
1327.2999 	EXP 	window1: mouseVisible = False
1327.3165 	EXP 	window1: mouseVisible = False
1327.3333 	EXP 	window1: mouseVisible = False
1327.3499 	EXP 	window1: mouseVisible = False
1327.3665 	EXP 	window1: mouseVisible = False
1327.3832 	EXP 	window1: mouseVisible = False
1327.3999 	EXP 	window1: mouseVisible = False
1327.4165 	EXP 	window1: mouseVisible = False
1327.4332 	EXP 	window1: mouseVisible = False
1327.4499 	EXP 	window1: mouseVisible = False
1327.4665 	EXP 	window1: mouseVisible = False
1327.4832 	EXP 	window1: mouseVisible = False
1327.4998 	EXP 	window1: mouseVisible = False
1327.5165 	EXP 	window1: mouseVisible = False
1327.5332 	EXP 	window1: mouseVisible = False
1327.5499 	EXP 	window1: mouseVisible = False
1327.5665 	EXP 	window1: mouseVisible = False
1327.5832 	EXP 	window1: mouseVisible = False
1327.5999 	EXP 	window1: mouseVisible = False
1327.6166 	EXP 	window1: mouseVisible = False
1327.6332 	EXP 	window1: mouseVisible = False
1327.6499 	EXP 	window1: mouseVisible = False
1327.6665 	EXP 	window1: mouseVisible = False
1327.6832 	EXP 	window1: mouseVisible = False
1327.6998 	EXP 	window1: mouseVisible = False
1327.7165 	EXP 	window1: mouseVisible = False
1327.7333 	EXP 	window1: mouseVisible = False
1327.7499 	EXP 	window1: mouseVisible = False
1327.7665 	EXP 	window1: mouseVisible = False
1327.7832 	EXP 	window1: mouseVisible = False
1327.7999 	EXP 	window1: mouseVisible = False
1327.8165 	EXP 	window1: mouseVisible = False
1327.8332 	EXP 	window1: mouseVisible = False
1327.8498 	EXP 	window1: mouseVisible = False
1327.8665 	EXP 	window1: mouseVisible = False
1327.8828 	DATA 	Keypress: n
1327.8834 	EXP 	window1: mouseVisible = False
1327.8999 	EXP 	window1: mouseVisible = False
1327.9166 	EXP 	window1: mouseVisible = False
1327.9332 	EXP 	window1: mouseVisible = False
1327.9500 	EXP 	window1: mouseVisible = False
1327.9666 	EXP 	window1: mouseVisible = False
1327.9832 	EXP 	window1: mouseVisible = False
1327.9998 	EXP 	window1: mouseVisible = False
1328.0165 	EXP 	window1: mouseVisible = False
1328.0332 	EXP 	window1: mouseVisible = False
1328.0499 	EXP 	window1: mouseVisible = False
1328.0665 	EXP 	window1: mouseVisible = False
1328.0832 	EXP 	window1: mouseVisible = False
1328.0999 	EXP 	window1: mouseVisible = False
1328.1165 	EXP 	window1: mouseVisible = False
1328.1332 	EXP 	window1: mouseVisible = False
1328.1499 	EXP 	window1: mouseVisible = False
1328.1665 	EXP 	window1: mouseVisible = False
1328.1833 	EXP 	window1: mouseVisible = False
1328.1999 	EXP 	window1: mouseVisible = False
1328.2166 	EXP 	window1: mouseVisible = False
1328.2334 	EXP 	window1: mouseVisible = False
1328.2499 	EXP 	window1: mouseVisible = False
1328.2666 	EXP 	window1: mouseVisible = False
1328.2832 	EXP 	window1: mouseVisible = False
1328.2999 	EXP 	window1: mouseVisible = False
1328.3166 	EXP 	window1: mouseVisible = False
1328.3333 	EXP 	window1: mouseVisible = False
1328.3499 	EXP 	window1: mouseVisible = False
1328.3666 	EXP 	window1: mouseVisible = False
1328.3832 	EXP 	window1: mouseVisible = False
1328.3999 	EXP 	window1: mouseVisible = False
1328.4165 	EXP 	window1: mouseVisible = False
1328.4332 	EXP 	window1: mouseVisible = False
1328.4499 	EXP 	window1: mouseVisible = False
1328.4665 	EXP 	window1: mouseVisible = False
1328.4833 	EXP 	window1: mouseVisible = False
1328.4999 	EXP 	window1: mouseVisible = False
1328.5165 	EXP 	window1: mouseVisible = False
1328.5332 	EXP 	window1: mouseVisible = False
1328.5499 	EXP 	window1: mouseVisible = False
1328.5666 	EXP 	window1: mouseVisible = False
1328.5834 	EXP 	window1: mouseVisible = False
1328.5999 	EXP 	window1: mouseVisible = False
1328.6165 	EXP 	window1: mouseVisible = False
1328.6332 	EXP 	window1: mouseVisible = False
1328.6499 	EXP 	window1: mouseVisible = False
1328.6665 	EXP 	window1: mouseVisible = False
1328.6832 	EXP 	window1: mouseVisible = False
1328.6999 	EXP 	window1: mouseVisible = False
1328.7165 	EXP 	window1: mouseVisible = False
1328.7332 	EXP 	window1: mouseVisible = False
1328.7499 	EXP 	window1: mouseVisible = False
1328.7666 	EXP 	window1: mouseVisible = False
1328.7832 	EXP 	window1: mouseVisible = False
1328.8001 	EXP 	window1: mouseVisible = False
1328.8165 	EXP 	window1: mouseVisible = False
1328.8332 	EXP 	window1: mouseVisible = False
1328.8499 	EXP 	window1: mouseVisible = False
1328.8665 	EXP 	window1: mouseVisible = False
1328.8832 	EXP 	window1: mouseVisible = False
1328.9001 	EXP 	window1: mouseVisible = False
1328.9003 	DATA 	Keypress: space
1329.0165 	EXP 	New trial (rep=13, index=0): None
1329.0319 	EXP 	main_text: autoDraw = True
1329.0319 	EXP 	confirm_text: autoDraw = True
1329.0319 	EXP 	ratingScale: autoDraw = False
1329.0319 	EXP 	main_text: autoDraw = False
1329.0319 	EXP 	confirm_text: autoDraw = False
1329.0319 	EXP 	text_2: autoDraw = True
1329.0319 	EXP 	croix: autoDraw = True
1334.0319 	EXP 	text_2: autoDraw = False
1334.0319 	EXP 	croix: autoDraw = False
1334.0319 	EXP 	text_2: autoDraw = False
1334.0319 	EXP 	croix: autoDraw = False
1334.0319 	EXP 	thermode_locali: autoDraw = True
1346.0159 	EXP 	window1: mouseVisible = True
1346.0167 	EXP 	Created unnamed Rect = Rect(__class__=<class 'psychopy.visual.rect.Rect'>, anchor=('center', 'center'), autoDraw=False, autoLog=True, closeShape=True, color=method-wrapper(...), colorSpace='rgb', contrast=None, depth=0, draggable=False, fillColor=array([1, 1, 1]), fillColorSpace='rgb', fillRGB=array([1, 1, 1]), interpolate=True, lineColor=array([1., 1., 1.]), lineColorSpace='rgb', lineRGB=array([1, 1, 1]), lineWidth=1.5, name='unnamed Rect', opacity=1.0, ori=0.0, pos=array([0., 0.]), size=array([0.01, 0.1 ]), units='norm', vertices=ndarray(...), win=Window(...))
1346.0168 	EXP 	window1: mouseVisible = True
1346.0169 	EXP 	window1: mouseVisible = True
1346.0174 	EXP 	window1: mouseVisible = True
1346.0186 	EXP 	window1: mouseVisible = True
1346.0197 	EXP 	window1: mouseVisible = True
1346.0199 	EXP 	window1: mouseVisible = True
1346.0201 	EXP 	window1: mouseVisible = True
1346.0202 	EXP 	window1: mouseVisible = True
1346.0204 	EXP 	window1: mouseVisible = True
1346.0205 	EXP 	window1: mouseVisible = True
1346.0206 	EXP 	window1: mouseVisible = True
1346.0207 	EXP 	window1: mouseVisible = True
1346.0209 	EXP 	window1: mouseVisible = True
1346.0210 	EXP 	window1: mouseVisible = True
1346.0211 	EXP 	window1: mouseVisible = True
1346.0213 	EXP 	window1: mouseVisible = True
1346.0214 	EXP 	window1: mouseVisible = True
1346.0215 	EXP 	window1: mouseVisible = True
1346.0216 	EXP 	window1: mouseVisible = True
1346.0218 	EXP 	window1: mouseVisible = True
1346.0219 	EXP 	window1: mouseVisible = True
1346.0220 	EXP 	window1: mouseVisible = True
1346.0222 	EXP 	window1: mouseVisible = True
1346.0223 	EXP 	window1: mouseVisible = True
1346.0224 	EXP 	window1: mouseVisible = True
1346.0225 	EXP 	window1: mouseVisible = True
1346.0227 	EXP 	window1: mouseVisible = True
1346.0228 	EXP 	window1: mouseVisible = True
1346.0233 	EXP 	window1: mouseVisible = True
1346.0235 	EXP 	window1: mouseVisible = True
1346.0238 	EXP 	window1: mouseVisible = True
1346.0240 	EXP 	window1: mouseVisible = True
1346.0242 	EXP 	window1: mouseVisible = True
1346.0244 	EXP 	window1: mouseVisible = True
1346.0246 	EXP 	window1: mouseVisible = True
1346.0248 	EXP 	window1: mouseVisible = True
1346.0250 	EXP 	window1: mouseVisible = True
1346.0253 	EXP 	window1: mouseVisible = True
1346.0254 	EXP 	window1: mouseVisible = True
1346.0256 	EXP 	window1: mouseVisible = True
1346.0257 	EXP 	window1: mouseVisible = True
1346.0258 	EXP 	window1: mouseVisible = True
1346.0260 	EXP 	window1: mouseVisible = True
1346.0261 	EXP 	window1: mouseVisible = True
1346.0262 	EXP 	window1: mouseVisible = True
1346.0264 	EXP 	window1: mouseVisible = True
1346.0265 	EXP 	window1: mouseVisible = True
1346.0266 	EXP 	window1: mouseVisible = True
1346.0267 	EXP 	window1: mouseVisible = True
1346.0269 	EXP 	window1: mouseVisible = True
1346.0270 	EXP 	window1: mouseVisible = True
1346.0271 	EXP 	window1: mouseVisible = True
1346.0272 	EXP 	window1: mouseVisible = True
1346.0274 	EXP 	window1: mouseVisible = True
1346.0275 	EXP 	window1: mouseVisible = True
1346.0276 	EXP 	window1: mouseVisible = True
1346.0277 	EXP 	window1: mouseVisible = True
1346.0279 	EXP 	window1: mouseVisible = True
1346.0280 	EXP 	window1: mouseVisible = True
1346.0281 	EXP 	window1: mouseVisible = True
1346.0283 	EXP 	window1: mouseVisible = True
1346.0284 	EXP 	window1: mouseVisible = True
1346.0285 	EXP 	window1: mouseVisible = True
1346.0287 	EXP 	window1: mouseVisible = True
1346.0288 	EXP 	window1: mouseVisible = True
1346.0289 	EXP 	window1: mouseVisible = True
1346.0290 	EXP 	window1: mouseVisible = True
1346.0292 	EXP 	window1: mouseVisible = True
1346.0293 	EXP 	window1: mouseVisible = True
1346.0294 	EXP 	window1: mouseVisible = True
1346.0296 	EXP 	window1: mouseVisible = True
1346.0297 	EXP 	window1: mouseVisible = True
1346.0298 	EXP 	window1: mouseVisible = True
1346.0299 	EXP 	window1: mouseVisible = True
1346.0301 	EXP 	window1: mouseVisible = True
1346.0302 	EXP 	window1: mouseVisible = True
1346.0303 	EXP 	window1: mouseVisible = True
1346.0305 	EXP 	window1: mouseVisible = True
1346.0306 	EXP 	window1: mouseVisible = True
1346.0307 	EXP 	window1: mouseVisible = True
1346.0308 	EXP 	window1: mouseVisible = True
1346.0310 	EXP 	window1: mouseVisible = True
1346.0311 	EXP 	window1: mouseVisible = True
1346.0312 	EXP 	window1: mouseVisible = True
1346.0313 	EXP 	window1: mouseVisible = True
1346.0315 	EXP 	window1: mouseVisible = True
1346.0316 	EXP 	window1: mouseVisible = True
1346.0317 	EXP 	window1: mouseVisible = True
1346.0319 	EXP 	window1: mouseVisible = True
1346.0320 	EXP 	window1: mouseVisible = True
1346.0321 	EXP 	window1: mouseVisible = True
1346.0323 	EXP 	window1: mouseVisible = True
1346.0324 	EXP 	window1: mouseVisible = True
1346.0325 	EXP 	window1: mouseVisible = True
1346.0326 	EXP 	window1: mouseVisible = True
1346.0328 	EXP 	window1: mouseVisible = True
1346.0329 	EXP 	window1: mouseVisible = True
1346.0330 	EXP 	window1: mouseVisible = True
1346.0332 	EXP 	window1: mouseVisible = True
1346.0333 	EXP 	window1: mouseVisible = True
1346.0334 	EXP 	window1: mouseVisible = True
1346.0335 	EXP 	window1: mouseVisible = True
1346.0337 	EXP 	window1: mouseVisible = True
1346.0338 	EXP 	window1: mouseVisible = True
1346.0359 	EXP 	Created ratingScale = RatingScale(__class__=type(...), acceptKeys=['return'], acceptPreText=UNKNOWN, acceptSize=UNKNOWN, acceptText=UNKNOWN, autoLog=True, choices=False, colorSpace='rgb', depth=0, disappear=False, flipVert=False, high=100, kwargs=UNKNOWN, labels=list(...), leftKeys=['left'], lineColor=(255, 255, 255), low=0, marker=Rect(...), markerColor=(255, 255, 255), markerExpansion=UNKNOWN, markerStart=0.5, maxTime=0.0, minTime=0.4, mouseOnly=False, name='ratingScale', noMouse=False, pos=[0.0, 0.0], precision=100, respKeys=[], rightKeys=['right'], scale=None, self=UNKNOWN, showAccept=False, showValue=False, singleClick=False, size=0.6, skipKeys=['tab'], stretch=2.0, textColor='white', textFont='Helvetica Bold', textSize=0.144, tickHeight=0, tickMarks=10.0, win=Window(...))
1346.0359 	EXP 	RatingScale ratingScale: reset()
1346.0379 	EXP 	window1: mouseVisible = False
1346.0487 	EXP 	thermode_locali: autoDraw = False
1346.0487 	EXP 	thermode_locali: autoDraw = False
1346.0487 	EXP 	ratingScale: flipVert = False
1346.0487 	EXP 	ratingScale: autoLog = True
1346.0501 	EXP 	window1: mouseVisible = False
1346.0668 	EXP 	window1: mouseVisible = False
1346.0834 	EXP 	window1: mouseVisible = False
1346.1001 	EXP 	window1: mouseVisible = False
1346.1168 	EXP 	window1: mouseVisible = False
1346.1335 	EXP 	window1: mouseVisible = False
1346.1501 	EXP 	window1: mouseVisible = False
1346.1667 	EXP 	window1: mouseVisible = False
1346.1834 	EXP 	window1: mouseVisible = False
1346.2002 	EXP 	window1: mouseVisible = False
1346.2168 	EXP 	window1: mouseVisible = False
1346.2334 	EXP 	window1: mouseVisible = False
1346.2501 	EXP 	window1: mouseVisible = False
1346.2668 	EXP 	window1: mouseVisible = False
1346.2835 	EXP 	window1: mouseVisible = False
1346.3001 	EXP 	window1: mouseVisible = False
1346.3168 	EXP 	window1: mouseVisible = False
1346.3334 	EXP 	window1: mouseVisible = False
1346.3502 	EXP 	window1: mouseVisible = False
1346.3668 	EXP 	window1: mouseVisible = False
1346.3834 	EXP 	window1: mouseVisible = False
1346.4001 	EXP 	window1: mouseVisible = False
1346.4171 	EXP 	window1: mouseVisible = False
1346.4336 	EXP 	window1: mouseVisible = False
1346.4501 	EXP 	window1: mouseVisible = False
1346.4669 	EXP 	window1: mouseVisible = False
1346.4834 	EXP 	window1: mouseVisible = False
1346.5002 	EXP 	window1: mouseVisible = False
1346.5168 	EXP 	window1: mouseVisible = False
1346.5334 	EXP 	window1: mouseVisible = False
1346.5503 	EXP 	window1: mouseVisible = False
1346.5668 	EXP 	window1: mouseVisible = False
1346.5835 	EXP 	window1: mouseVisible = False
1346.6001 	EXP 	window1: mouseVisible = False
1346.6169 	EXP 	window1: mouseVisible = False
1346.6339 	EXP 	window1: mouseVisible = False
1346.6506 	EXP 	window1: mouseVisible = False
1346.6669 	EXP 	window1: mouseVisible = False
1346.6837 	EXP 	window1: mouseVisible = False
1346.7002 	EXP 	window1: mouseVisible = False
1346.7169 	EXP 	window1: mouseVisible = False
1346.7335 	EXP 	window1: mouseVisible = False
1346.7502 	EXP 	window1: mouseVisible = False
1346.7664 	DATA 	Keypress: m
1346.7670 	EXP 	window1: mouseVisible = False
1346.7834 	EXP 	window1: mouseVisible = False
1346.8001 	EXP 	window1: mouseVisible = False
1346.8168 	EXP 	window1: mouseVisible = False
1346.8334 	EXP 	window1: mouseVisible = False
1346.8501 	EXP 	window1: mouseVisible = False
1346.8669 	EXP 	window1: mouseVisible = False
1346.8834 	EXP 	window1: mouseVisible = False
1346.9001 	EXP 	window1: mouseVisible = False
1346.9168 	EXP 	window1: mouseVisible = False
1346.9334 	EXP 	window1: mouseVisible = False
1346.9501 	EXP 	window1: mouseVisible = False
1346.9668 	EXP 	window1: mouseVisible = False
1346.9835 	EXP 	window1: mouseVisible = False
1347.0001 	EXP 	window1: mouseVisible = False
1347.0169 	EXP 	window1: mouseVisible = False
1347.0335 	EXP 	window1: mouseVisible = False
1347.0501 	EXP 	window1: mouseVisible = False
1347.0671 	EXP 	window1: mouseVisible = False
1347.0835 	EXP 	window1: mouseVisible = False
1347.1002 	EXP 	window1: mouseVisible = False
1347.1167 	EXP 	window1: mouseVisible = False
1347.1334 	EXP 	window1: mouseVisible = False
1347.1501 	EXP 	window1: mouseVisible = False
1347.1668 	EXP 	window1: mouseVisible = False
1347.1835 	EXP 	window1: mouseVisible = False
1347.2001 	EXP 	window1: mouseVisible = False
1347.2168 	EXP 	window1: mouseVisible = False
1347.2337 	EXP 	window1: mouseVisible = False
1347.2501 	EXP 	window1: mouseVisible = False
1347.2668 	EXP 	window1: mouseVisible = False
1347.2836 	EXP 	window1: mouseVisible = False
1347.3001 	EXP 	window1: mouseVisible = False
1347.3168 	EXP 	window1: mouseVisible = False
1347.3335 	EXP 	window1: mouseVisible = False
1347.3502 	EXP 	window1: mouseVisible = False
1347.3667 	EXP 	window1: mouseVisible = False
1347.3835 	EXP 	window1: mouseVisible = False
1347.4002 	EXP 	window1: mouseVisible = False
1347.4168 	EXP 	window1: mouseVisible = False
1347.4335 	EXP 	window1: mouseVisible = False
1347.4501 	EXP 	window1: mouseVisible = False
1347.4667 	EXP 	window1: mouseVisible = False
1347.4834 	EXP 	window1: mouseVisible = False
1347.5001 	EXP 	window1: mouseVisible = False
1347.5168 	EXP 	window1: mouseVisible = False
1347.5336 	EXP 	window1: mouseVisible = False
1347.5501 	EXP 	window1: mouseVisible = False
1347.5668 	EXP 	window1: mouseVisible = False
1347.5837 	EXP 	window1: mouseVisible = False
1347.6001 	EXP 	window1: mouseVisible = False
1347.6170 	EXP 	window1: mouseVisible = False
1347.6337 	EXP 	window1: mouseVisible = False
1347.6503 	EXP 	window1: mouseVisible = False
1347.6669 	EXP 	window1: mouseVisible = False
1347.6836 	EXP 	window1: mouseVisible = False
1347.7003 	EXP 	window1: mouseVisible = False
1347.7170 	EXP 	window1: mouseVisible = False
1347.7336 	EXP 	window1: mouseVisible = False
1347.7502 	EXP 	window1: mouseVisible = False
1347.7668 	EXP 	window1: mouseVisible = False
1347.7838 	EXP 	window1: mouseVisible = False
1347.8002 	EXP 	window1: mouseVisible = False
1347.8168 	EXP 	window1: mouseVisible = False
1347.8334 	EXP 	window1: mouseVisible = False
1347.8500 	EXP 	window1: mouseVisible = False
1347.8667 	EXP 	window1: mouseVisible = False
1347.8834 	EXP 	window1: mouseVisible = False
1347.9001 	EXP 	window1: mouseVisible = False
1347.9167 	EXP 	window1: mouseVisible = False
1347.9334 	EXP 	window1: mouseVisible = False
1347.9500 	EXP 	window1: mouseVisible = False
1347.9667 	EXP 	window1: mouseVisible = False
1347.9834 	EXP 	window1: mouseVisible = False
1348.0001 	EXP 	window1: mouseVisible = False
1348.0167 	EXP 	window1: mouseVisible = False
1348.0335 	EXP 	window1: mouseVisible = False
1348.0502 	EXP 	window1: mouseVisible = False
1348.0668 	EXP 	window1: mouseVisible = False
1348.0840 	EXP 	window1: mouseVisible = False
1348.1003 	EXP 	window1: mouseVisible = False
1348.1168 	EXP 	window1: mouseVisible = False
1348.1334 	EXP 	window1: mouseVisible = False
1348.1501 	EXP 	window1: mouseVisible = False
1348.1668 	EXP 	window1: mouseVisible = False
1348.1835 	EXP 	window1: mouseVisible = False
1348.2001 	EXP 	window1: mouseVisible = False
1348.2168 	EXP 	window1: mouseVisible = False
1348.2330 	DATA 	Keypress: m
1348.2335 	EXP 	window1: mouseVisible = False
1348.2501 	EXP 	window1: mouseVisible = False
1348.2667 	EXP 	window1: mouseVisible = False
1348.2834 	EXP 	window1: mouseVisible = False
1348.3001 	EXP 	window1: mouseVisible = False
1348.3168 	EXP 	window1: mouseVisible = False
1348.3335 	EXP 	window1: mouseVisible = False
1348.3502 	EXP 	window1: mouseVisible = False
1348.3668 	EXP 	window1: mouseVisible = False
1348.3834 	EXP 	window1: mouseVisible = False
1348.4001 	EXP 	window1: mouseVisible = False
1348.4167 	EXP 	window1: mouseVisible = False
1348.4335 	EXP 	window1: mouseVisible = False
1348.4501 	EXP 	window1: mouseVisible = False
1348.4671 	DATA 	Keypress: space
1348.5685 	EXP 	New trial (rep=14, index=0): None
1348.5820 	EXP 	main_text: autoDraw = True
1348.5820 	EXP 	confirm_text: autoDraw = True
1348.5820 	EXP 	ratingScale: autoDraw = False
1348.5820 	EXP 	main_text: autoDraw = False
1348.5820 	EXP 	confirm_text: autoDraw = False
1348.5820 	EXP 	text_2: autoDraw = True
1348.5820 	EXP 	croix: autoDraw = True
1353.5822 	EXP 	text_2: autoDraw = False
1353.5822 	EXP 	croix: autoDraw = False
1353.5822 	EXP 	text_2: autoDraw = False
1353.5822 	EXP 	croix: autoDraw = False
1353.5822 	EXP 	thermode_locali: autoDraw = True
1365.5662 	EXP 	window1: mouseVisible = True
1365.5670 	EXP 	Created unnamed Rect = Rect(__class__=<class 'psychopy.visual.rect.Rect'>, anchor=('center', 'center'), autoDraw=False, autoLog=True, closeShape=True, color=method-wrapper(...), colorSpace='rgb', contrast=None, depth=0, draggable=False, fillColor=array([1, 1, 1]), fillColorSpace='rgb', fillRGB=array([1, 1, 1]), interpolate=True, lineColor=array([1., 1., 1.]), lineColorSpace='rgb', lineRGB=array([1, 1, 1]), lineWidth=1.5, name='unnamed Rect', opacity=1.0, ori=0.0, pos=array([0., 0.]), size=array([0.01, 0.1 ]), units='norm', vertices=ndarray(...), win=Window(...))
1365.5671 	EXP 	window1: mouseVisible = True
1365.5672 	EXP 	window1: mouseVisible = True
1365.5677 	EXP 	window1: mouseVisible = True
1365.5690 	EXP 	window1: mouseVisible = True
1365.5705 	EXP 	window1: mouseVisible = True
1365.5707 	EXP 	window1: mouseVisible = True
1365.5709 	EXP 	window1: mouseVisible = True
1365.5710 	EXP 	window1: mouseVisible = True
1365.5712 	EXP 	window1: mouseVisible = True
1365.5713 	EXP 	window1: mouseVisible = True
1365.5714 	EXP 	window1: mouseVisible = True
1365.5716 	EXP 	window1: mouseVisible = True
1365.5717 	EXP 	window1: mouseVisible = True
1365.5718 	EXP 	window1: mouseVisible = True
1365.5720 	EXP 	window1: mouseVisible = True
1365.5721 	EXP 	window1: mouseVisible = True
1365.5722 	EXP 	window1: mouseVisible = True
1365.5723 	EXP 	window1: mouseVisible = True
1365.5725 	EXP 	window1: mouseVisible = True
1365.5726 	EXP 	window1: mouseVisible = True
1365.5727 	EXP 	window1: mouseVisible = True
1365.5729 	EXP 	window1: mouseVisible = True
1365.5730 	EXP 	window1: mouseVisible = True
1365.5731 	EXP 	window1: mouseVisible = True
1365.5732 	EXP 	window1: mouseVisible = True
1365.5734 	EXP 	window1: mouseVisible = True
1365.5735 	EXP 	window1: mouseVisible = True
1365.5736 	EXP 	window1: mouseVisible = True
1365.5738 	EXP 	window1: mouseVisible = True
1365.5739 	EXP 	window1: mouseVisible = True
1365.5740 	EXP 	window1: mouseVisible = True
1365.5742 	EXP 	window1: mouseVisible = True
1365.5743 	EXP 	window1: mouseVisible = True
1365.5745 	EXP 	window1: mouseVisible = True
1365.5746 	EXP 	window1: mouseVisible = True
1365.5747 	EXP 	window1: mouseVisible = True
1365.5749 	EXP 	window1: mouseVisible = True
1365.5750 	EXP 	window1: mouseVisible = True
1365.5751 	EXP 	window1: mouseVisible = True
1365.5752 	EXP 	window1: mouseVisible = True
1365.5754 	EXP 	window1: mouseVisible = True
1365.5755 	EXP 	window1: mouseVisible = True
1365.5756 	EXP 	window1: mouseVisible = True
1365.5758 	EXP 	window1: mouseVisible = True
1365.5759 	EXP 	window1: mouseVisible = True
1365.5760 	EXP 	window1: mouseVisible = True
1365.5761 	EXP 	window1: mouseVisible = True
1365.5763 	EXP 	window1: mouseVisible = True
1365.5764 	EXP 	window1: mouseVisible = True
1365.5765 	EXP 	window1: mouseVisible = True
1365.5767 	EXP 	window1: mouseVisible = True
1365.5768 	EXP 	window1: mouseVisible = True
1365.5769 	EXP 	window1: mouseVisible = True
1365.5770 	EXP 	window1: mouseVisible = True
1365.5772 	EXP 	window1: mouseVisible = True
1365.5773 	EXP 	window1: mouseVisible = True
1365.5774 	EXP 	window1: mouseVisible = True
1365.5776 	EXP 	window1: mouseVisible = True
1365.5777 	EXP 	window1: mouseVisible = True
1365.5778 	EXP 	window1: mouseVisible = True
1365.5780 	EXP 	window1: mouseVisible = True
1365.5781 	EXP 	window1: mouseVisible = True
1365.5782 	EXP 	window1: mouseVisible = True
1365.5784 	EXP 	window1: mouseVisible = True
1365.5785 	EXP 	window1: mouseVisible = True
1365.5786 	EXP 	window1: mouseVisible = True
1365.5788 	EXP 	window1: mouseVisible = True
1365.5789 	EXP 	window1: mouseVisible = True
1365.5790 	EXP 	window1: mouseVisible = True
1365.5791 	EXP 	window1: mouseVisible = True
1365.5793 	EXP 	window1: mouseVisible = True
1365.5794 	EXP 	window1: mouseVisible = True
1365.5795 	EXP 	window1: mouseVisible = True
1365.5797 	EXP 	window1: mouseVisible = True
1365.5798 	EXP 	window1: mouseVisible = True
1365.5799 	EXP 	window1: mouseVisible = True
1365.5800 	EXP 	window1: mouseVisible = True
1365.5802 	EXP 	window1: mouseVisible = True
1365.5803 	EXP 	window1: mouseVisible = True
1365.5804 	EXP 	window1: mouseVisible = True
1365.5805 	EXP 	window1: mouseVisible = True
1365.5807 	EXP 	window1: mouseVisible = True
1365.5808 	EXP 	window1: mouseVisible = True
1365.5810 	EXP 	window1: mouseVisible = True
1365.5811 	EXP 	window1: mouseVisible = True
1365.5812 	EXP 	window1: mouseVisible = True
1365.5813 	EXP 	window1: mouseVisible = True
1365.5815 	EXP 	window1: mouseVisible = True
1365.5816 	EXP 	window1: mouseVisible = True
1365.5817 	EXP 	window1: mouseVisible = True
1365.5818 	EXP 	window1: mouseVisible = True
1365.5820 	EXP 	window1: mouseVisible = True
1365.5821 	EXP 	window1: mouseVisible = True
1365.5823 	EXP 	window1: mouseVisible = True
1365.5824 	EXP 	window1: mouseVisible = True
1365.5825 	EXP 	window1: mouseVisible = True
1365.5826 	EXP 	window1: mouseVisible = True
1365.5828 	EXP 	window1: mouseVisible = True
1365.5829 	EXP 	window1: mouseVisible = True
1365.5830 	EXP 	window1: mouseVisible = True
1365.5831 	EXP 	window1: mouseVisible = True
1365.5833 	EXP 	window1: mouseVisible = True
1365.5834 	EXP 	window1: mouseVisible = True
1365.5835 	EXP 	window1: mouseVisible = True
1365.5856 	EXP 	Created ratingScale = RatingScale(__class__=type(...), acceptKeys=['return'], acceptPreText=UNKNOWN, acceptSize=UNKNOWN, acceptText=UNKNOWN, autoLog=True, choices=False, colorSpace='rgb', depth=0, disappear=False, flipVert=False, high=100, kwargs=UNKNOWN, labels=list(...), leftKeys=['left'], lineColor=(255, 255, 255), low=0, marker=Rect(...), markerColor=(255, 255, 255), markerExpansion=UNKNOWN, markerStart=0.5, maxTime=0.0, minTime=0.4, mouseOnly=False, name='ratingScale', noMouse=False, pos=[0.0, 0.0], precision=100, respKeys=[], rightKeys=['right'], scale=None, self=UNKNOWN, showAccept=False, showValue=False, singleClick=False, size=0.6, skipKeys=['tab'], stretch=2.0, textColor='white', textFont='Helvetica Bold', textSize=0.144, tickHeight=0, tickMarks=10.0, win=Window(...))
1365.5856 	EXP 	RatingScale ratingScale: reset()
1365.5877 	EXP 	window1: mouseVisible = False
1365.5989 	EXP 	thermode_locali: autoDraw = False
1365.5989 	EXP 	thermode_locali: autoDraw = False
1365.5989 	EXP 	ratingScale: flipVert = False
1365.5989 	EXP 	ratingScale: autoLog = True
1365.6004 	EXP 	window1: mouseVisible = False
1365.6170 	EXP 	window1: mouseVisible = False
1365.6337 	EXP 	window1: mouseVisible = False
1365.6506 	EXP 	window1: mouseVisible = False
1365.6671 	EXP 	window1: mouseVisible = False
1365.6837 	EXP 	window1: mouseVisible = False
1365.7003 	EXP 	window1: mouseVisible = False
1365.7170 	EXP 	window1: mouseVisible = False
1365.7336 	EXP 	window1: mouseVisible = False
1365.7503 	EXP 	window1: mouseVisible = False
1365.7671 	EXP 	window1: mouseVisible = False
1365.7838 	EXP 	window1: mouseVisible = False
1365.8004 	EXP 	window1: mouseVisible = False
1365.8170 	EXP 	window1: mouseVisible = False
1365.8336 	EXP 	window1: mouseVisible = False
1365.8503 	EXP 	window1: mouseVisible = False
1365.8670 	EXP 	window1: mouseVisible = False
1365.8837 	EXP 	window1: mouseVisible = False
1365.9003 	EXP 	window1: mouseVisible = False
1365.9170 	EXP 	window1: mouseVisible = False
1365.9337 	EXP 	window1: mouseVisible = False
1365.9503 	EXP 	window1: mouseVisible = False
1365.9670 	EXP 	window1: mouseVisible = False
1365.9836 	EXP 	window1: mouseVisible = False
1366.0003 	EXP 	window1: mouseVisible = False
1366.0169 	EXP 	window1: mouseVisible = False
1366.0338 	EXP 	window1: mouseVisible = False
1366.0504 	EXP 	window1: mouseVisible = False
1366.0670 	EXP 	window1: mouseVisible = False
1366.0836 	EXP 	window1: mouseVisible = False
1366.1003 	EXP 	window1: mouseVisible = False
1366.1170 	EXP 	window1: mouseVisible = False
1366.1336 	EXP 	window1: mouseVisible = False
1366.1503 	EXP 	window1: mouseVisible = False
1366.1671 	EXP 	window1: mouseVisible = False
1366.1837 	EXP 	window1: mouseVisible = False
1366.2003 	EXP 	window1: mouseVisible = False
1366.2170 	EXP 	window1: mouseVisible = False
1366.2337 	EXP 	window1: mouseVisible = False
1366.2503 	EXP 	window1: mouseVisible = False
1366.2670 	EXP 	window1: mouseVisible = False
1366.2836 	EXP 	window1: mouseVisible = False
1366.3004 	EXP 	window1: mouseVisible = False
1366.3170 	EXP 	window1: mouseVisible = False
1366.3336 	EXP 	window1: mouseVisible = False
1366.3503 	EXP 	window1: mouseVisible = False
1366.3670 	EXP 	window1: mouseVisible = False
1366.3836 	EXP 	window1: mouseVisible = False
1366.4003 	EXP 	window1: mouseVisible = False
1366.4170 	EXP 	window1: mouseVisible = False
1366.4336 	EXP 	window1: mouseVisible = False
1366.4503 	EXP 	window1: mouseVisible = False
1366.4669 	EXP 	window1: mouseVisible = False
1366.4832 	DATA 	Keypress: n
1366.4838 	EXP 	window1: mouseVisible = False
1366.5003 	EXP 	window1: mouseVisible = False
1366.5171 	EXP 	window1: mouseVisible = False
1366.5337 	EXP 	window1: mouseVisible = False
1366.5505 	EXP 	window1: mouseVisible = False
1366.5669 	EXP 	window1: mouseVisible = False
1366.5837 	EXP 	window1: mouseVisible = False
1366.6003 	EXP 	window1: mouseVisible = False
1366.6171 	EXP 	window1: mouseVisible = False
1366.6337 	EXP 	window1: mouseVisible = False
1366.6504 	EXP 	window1: mouseVisible = False
1366.6670 	EXP 	window1: mouseVisible = False
1366.6836 	EXP 	window1: mouseVisible = False
1366.7003 	EXP 	window1: mouseVisible = False
1366.7170 	EXP 	window1: mouseVisible = False
1366.7337 	EXP 	window1: mouseVisible = False
1366.7503 	EXP 	window1: mouseVisible = False
1366.7670 	EXP 	window1: mouseVisible = False
1366.7837 	EXP 	window1: mouseVisible = False
1366.8003 	EXP 	window1: mouseVisible = False
1366.8171 	EXP 	window1: mouseVisible = False
1366.8336 	EXP 	window1: mouseVisible = False
1366.8503 	EXP 	window1: mouseVisible = False
1366.8670 	EXP 	window1: mouseVisible = False
1366.8836 	EXP 	window1: mouseVisible = False
1366.9003 	EXP 	window1: mouseVisible = False
1366.9170 	EXP 	window1: mouseVisible = False
1366.9337 	EXP 	window1: mouseVisible = False
1366.9503 	EXP 	window1: mouseVisible = False
1366.9670 	EXP 	window1: mouseVisible = False
1366.9839 	EXP 	window1: mouseVisible = False
1367.0005 	EXP 	window1: mouseVisible = False
1367.0171 	EXP 	window1: mouseVisible = False
1367.0337 	EXP 	window1: mouseVisible = False
1367.0504 	EXP 	window1: mouseVisible = False
1367.0674 	EXP 	window1: mouseVisible = False
1367.0837 	EXP 	window1: mouseVisible = False
1367.1003 	EXP 	window1: mouseVisible = False
1367.1171 	EXP 	window1: mouseVisible = False
1367.1336 	EXP 	window1: mouseVisible = False
1367.1505 	EXP 	window1: mouseVisible = False
1367.1670 	EXP 	window1: mouseVisible = False
1367.1837 	EXP 	window1: mouseVisible = False
1367.2003 	EXP 	window1: mouseVisible = False
1367.2171 	EXP 	window1: mouseVisible = False
1367.2337 	EXP 	window1: mouseVisible = False
1367.2504 	EXP 	window1: mouseVisible = False
1367.2670 	EXP 	window1: mouseVisible = False
1367.2838 	EXP 	window1: mouseVisible = False
1367.3004 	EXP 	window1: mouseVisible = False
1367.3170 	EXP 	window1: mouseVisible = False
1367.3337 	EXP 	window1: mouseVisible = False
1367.3504 	EXP 	window1: mouseVisible = False
1367.3670 	EXP 	window1: mouseVisible = False
1367.3838 	EXP 	window1: mouseVisible = False
1367.4004 	EXP 	window1: mouseVisible = False
1367.4171 	EXP 	window1: mouseVisible = False
1367.4337 	EXP 	window1: mouseVisible = False
1367.4504 	EXP 	window1: mouseVisible = False
1367.4671 	EXP 	window1: mouseVisible = False
1367.4837 	EXP 	window1: mouseVisible = False
1367.5004 	EXP 	window1: mouseVisible = False
1367.5171 	EXP 	window1: mouseVisible = False
1367.5337 	EXP 	window1: mouseVisible = False
1367.5504 	EXP 	window1: mouseVisible = False
1367.5670 	EXP 	window1: mouseVisible = False
1367.5838 	EXP 	window1: mouseVisible = False
1367.6006 	EXP 	window1: mouseVisible = False
1367.6172 	EXP 	window1: mouseVisible = False
1367.6340 	EXP 	window1: mouseVisible = False
1367.6506 	EXP 	window1: mouseVisible = False
1367.6671 	EXP 	window1: mouseVisible = False
1367.6837 	EXP 	window1: mouseVisible = False
1367.7004 	EXP 	window1: mouseVisible = False
1367.7170 	EXP 	window1: mouseVisible = False
1367.7338 	EXP 	window1: mouseVisible = False
1367.7504 	EXP 	window1: mouseVisible = False
1367.7670 	EXP 	window1: mouseVisible = False
1367.7837 	EXP 	window1: mouseVisible = False
1367.8003 	EXP 	window1: mouseVisible = False
1367.8172 	EXP 	window1: mouseVisible = False
1367.8337 	EXP 	window1: mouseVisible = False
1367.8504 	EXP 	window1: mouseVisible = False
1367.8671 	EXP 	window1: mouseVisible = False
1367.8838 	EXP 	window1: mouseVisible = False
1367.9004 	EXP 	window1: mouseVisible = False
1367.9171 	EXP 	window1: mouseVisible = False
1367.9339 	EXP 	window1: mouseVisible = False
1367.9503 	EXP 	window1: mouseVisible = False
1367.9671 	EXP 	window1: mouseVisible = False
1367.9838 	EXP 	window1: mouseVisible = False
1368.0005 	EXP 	window1: mouseVisible = False
1368.0170 	EXP 	window1: mouseVisible = False
1368.0338 	EXP 	window1: mouseVisible = False
1368.0504 	EXP 	window1: mouseVisible = False
1368.0671 	EXP 	window1: mouseVisible = False
1368.0838 	EXP 	window1: mouseVisible = False
1368.1004 	EXP 	window1: mouseVisible = False
1368.1170 	EXP 	window1: mouseVisible = False
1368.1337 	EXP 	window1: mouseVisible = False
1368.1504 	EXP 	window1: mouseVisible = False
1368.1671 	EXP 	window1: mouseVisible = False
1368.1838 	EXP 	window1: mouseVisible = False
1368.2003 	EXP 	window1: mouseVisible = False
1368.2171 	EXP 	window1: mouseVisible = False
1368.2337 	EXP 	window1: mouseVisible = False
1368.2503 	EXP 	window1: mouseVisible = False
1368.2670 	EXP 	window1: mouseVisible = False
1368.2837 	EXP 	window1: mouseVisible = False
1368.3004 	EXP 	window1: mouseVisible = False
1368.3170 	EXP 	window1: mouseVisible = False
1368.3337 	EXP 	window1: mouseVisible = False
1368.3503 	EXP 	window1: mouseVisible = False
1368.3671 	EXP 	window1: mouseVisible = False
1368.3838 	EXP 	window1: mouseVisible = False
1368.4004 	EXP 	window1: mouseVisible = False
1368.4171 	EXP 	window1: mouseVisible = False
1368.4338 	EXP 	window1: mouseVisible = False
1368.4504 	EXP 	window1: mouseVisible = False
1368.4672 	EXP 	window1: mouseVisible = False
1368.4836 	EXP 	window1: mouseVisible = False
1368.5004 	EXP 	window1: mouseVisible = False
1368.5170 	EXP 	window1: mouseVisible = False
1368.5337 	EXP 	window1: mouseVisible = False
1368.5504 	EXP 	window1: mouseVisible = False
1368.5672 	EXP 	window1: mouseVisible = False
1368.5837 	EXP 	window1: mouseVisible = False
1368.6004 	EXP 	window1: mouseVisible = False
1368.6170 	EXP 	window1: mouseVisible = False
1368.6337 	EXP 	window1: mouseVisible = False
1368.6503 	EXP 	window1: mouseVisible = False
1368.6670 	EXP 	window1: mouseVisible = False
1368.6838 	EXP 	window1: mouseVisible = False
1368.7004 	EXP 	window1: mouseVisible = False
1368.7171 	EXP 	window1: mouseVisible = False
1368.7338 	EXP 	window1: mouseVisible = False
1368.7503 	EXP 	window1: mouseVisible = False
1368.7671 	EXP 	window1: mouseVisible = False
1368.7837 	EXP 	window1: mouseVisible = False
1368.8004 	EXP 	window1: mouseVisible = False
1368.8170 	EXP 	window1: mouseVisible = False
1368.8338 	EXP 	window1: mouseVisible = False
1368.8503 	EXP 	window1: mouseVisible = False
1368.8671 	EXP 	window1: mouseVisible = False
1368.8838 	EXP 	window1: mouseVisible = False
1368.9004 	EXP 	window1: mouseVisible = False
1368.9170 	EXP 	window1: mouseVisible = False
1368.9337 	EXP 	window1: mouseVisible = False
1368.9503 	EXP 	window1: mouseVisible = False
1368.9671 	EXP 	window1: mouseVisible = False
1368.9837 	EXP 	window1: mouseVisible = False
1369.0006 	EXP 	window1: mouseVisible = False
1369.0170 	EXP 	window1: mouseVisible = False
1369.0338 	EXP 	window1: mouseVisible = False
1369.0504 	EXP 	window1: mouseVisible = False
1369.0672 	EXP 	window1: mouseVisible = False
1369.0837 	EXP 	window1: mouseVisible = False
1369.1004 	EXP 	window1: mouseVisible = False
1369.1171 	EXP 	window1: mouseVisible = False
1369.1338 	EXP 	window1: mouseVisible = False
1369.1504 	EXP 	window1: mouseVisible = False
1369.1671 	EXP 	window1: mouseVisible = False
1369.1839 	EXP 	window1: mouseVisible = False
1369.2004 	EXP 	window1: mouseVisible = False
1369.2173 	EXP 	window1: mouseVisible = False
1369.2338 	EXP 	window1: mouseVisible = False
1369.2504 	EXP 	window1: mouseVisible = False
1369.2671 	EXP 	window1: mouseVisible = False
1369.2837 	EXP 	window1: mouseVisible = False
1369.3004 	EXP 	window1: mouseVisible = False
1369.3170 	EXP 	window1: mouseVisible = False
1369.3337 	EXP 	window1: mouseVisible = False
1369.3505 	EXP 	window1: mouseVisible = False
1369.3670 	EXP 	window1: mouseVisible = False
1369.3837 	EXP 	window1: mouseVisible = False
1369.4005 	EXP 	window1: mouseVisible = False
1369.4170 	EXP 	window1: mouseVisible = False
1369.4338 	EXP 	window1: mouseVisible = False
1369.4504 	EXP 	window1: mouseVisible = False
1369.4671 	EXP 	window1: mouseVisible = False
1369.4837 	EXP 	window1: mouseVisible = False
1369.5005 	EXP 	window1: mouseVisible = False
1369.5170 	EXP 	window1: mouseVisible = False
1369.5338 	EXP 	window1: mouseVisible = False
1369.5504 	EXP 	window1: mouseVisible = False
1369.5672 	EXP 	window1: mouseVisible = False
1369.5838 	EXP 	window1: mouseVisible = False
1369.6003 	EXP 	window1: mouseVisible = False
1369.6170 	EXP 	window1: mouseVisible = False
1369.6341 	DATA 	Keypress: space
1369.7349 	EXP 	New trial (rep=15, index=0): None
1369.7489 	EXP 	main_text: autoDraw = True
1369.7489 	EXP 	confirm_text: autoDraw = True
1369.7489 	EXP 	ratingScale: autoDraw = False
1369.7489 	EXP 	main_text: autoDraw = False
1369.7489 	EXP 	confirm_text: autoDraw = False
1369.7489 	EXP 	text_2: autoDraw = True
1369.7489 	EXP 	croix: autoDraw = True
1374.7489 	EXP 	text_2: autoDraw = False
1374.7489 	EXP 	croix: autoDraw = False
1374.7489 	EXP 	text_2: autoDraw = False
1374.7489 	EXP 	croix: autoDraw = False
1374.7489 	EXP 	thermode_locali: autoDraw = True
1386.7330 	EXP 	window1: mouseVisible = True
1386.7338 	EXP 	Created unnamed Rect = Rect(__class__=<class 'psychopy.visual.rect.Rect'>, anchor=('center', 'center'), autoDraw=False, autoLog=True, closeShape=True, color=method-wrapper(...), colorSpace='rgb', contrast=None, depth=0, draggable=False, fillColor=array([1, 1, 1]), fillColorSpace='rgb', fillRGB=array([1, 1, 1]), interpolate=True, lineColor=array([1., 1., 1.]), lineColorSpace='rgb', lineRGB=array([1, 1, 1]), lineWidth=1.5, name='unnamed Rect', opacity=1.0, ori=0.0, pos=array([0., 0.]), size=array([0.01, 0.1 ]), units='norm', vertices=ndarray(...), win=Window(...))
1386.7339 	EXP 	window1: mouseVisible = True
1386.7340 	EXP 	window1: mouseVisible = True
1386.7345 	EXP 	window1: mouseVisible = True
1386.7357 	EXP 	window1: mouseVisible = True
1386.7368 	EXP 	window1: mouseVisible = True
1386.7369 	EXP 	window1: mouseVisible = True
1386.7371 	EXP 	window1: mouseVisible = True
1386.7372 	EXP 	window1: mouseVisible = True
1386.7374 	EXP 	window1: mouseVisible = True
1386.7375 	EXP 	window1: mouseVisible = True
1386.7376 	EXP 	window1: mouseVisible = True
1386.7378 	EXP 	window1: mouseVisible = True
1386.7379 	EXP 	window1: mouseVisible = True
1386.7380 	EXP 	window1: mouseVisible = True
1386.7382 	EXP 	window1: mouseVisible = True
1386.7383 	EXP 	window1: mouseVisible = True
1386.7384 	EXP 	window1: mouseVisible = True
1386.7385 	EXP 	window1: mouseVisible = True
1386.7387 	EXP 	window1: mouseVisible = True
1386.7388 	EXP 	window1: mouseVisible = True
1386.7389 	EXP 	window1: mouseVisible = True
1386.7390 	EXP 	window1: mouseVisible = True
1386.7392 	EXP 	window1: mouseVisible = True
1386.7393 	EXP 	window1: mouseVisible = True
1386.7394 	EXP 	window1: mouseVisible = True
1386.7395 	EXP 	window1: mouseVisible = True
1386.7397 	EXP 	window1: mouseVisible = True
1386.7398 	EXP 	window1: mouseVisible = True
1386.7400 	EXP 	window1: mouseVisible = True
1386.7401 	EXP 	window1: mouseVisible = True
1386.7402 	EXP 	window1: mouseVisible = True
1386.7404 	EXP 	window1: mouseVisible = True
1386.7405 	EXP 	window1: mouseVisible = True
1386.7406 	EXP 	window1: mouseVisible = True
1386.7408 	EXP 	window1: mouseVisible = True
1386.7409 	EXP 	window1: mouseVisible = True
1386.7410 	EXP 	window1: mouseVisible = True
1386.7411 	EXP 	window1: mouseVisible = True
1386.7413 	EXP 	window1: mouseVisible = True
1386.7414 	EXP 	window1: mouseVisible = True
1386.7415 	EXP 	window1: mouseVisible = True
1386.7416 	EXP 	window1: mouseVisible = True
1386.7418 	EXP 	window1: mouseVisible = True
1386.7419 	EXP 	window1: mouseVisible = True
1386.7420 	EXP 	window1: mouseVisible = True
1386.7422 	EXP 	window1: mouseVisible = True
1386.7423 	EXP 	window1: mouseVisible = True
1386.7424 	EXP 	window1: mouseVisible = True
1386.7425 	EXP 	window1: mouseVisible = True
1386.7427 	EXP 	window1: mouseVisible = True
1386.7428 	EXP 	window1: mouseVisible = True
1386.7429 	EXP 	window1: mouseVisible = True
1386.7431 	EXP 	window1: mouseVisible = True
1386.7432 	EXP 	window1: mouseVisible = True
1386.7433 	EXP 	window1: mouseVisible = True
1386.7434 	EXP 	window1: mouseVisible = True
1386.7436 	EXP 	window1: mouseVisible = True
1386.7437 	EXP 	window1: mouseVisible = True
1386.7438 	EXP 	window1: mouseVisible = True
1386.7440 	EXP 	window1: mouseVisible = True
1386.7441 	EXP 	window1: mouseVisible = True
1386.7442 	EXP 	window1: mouseVisible = True
1386.7444 	EXP 	window1: mouseVisible = True
1386.7445 	EXP 	window1: mouseVisible = True
1386.7446 	EXP 	window1: mouseVisible = True
1386.7447 	EXP 	window1: mouseVisible = True
1386.7449 	EXP 	window1: mouseVisible = True
1386.7450 	EXP 	window1: mouseVisible = True
1386.7451 	EXP 	window1: mouseVisible = True
1386.7452 	EXP 	window1: mouseVisible = True
1386.7454 	EXP 	window1: mouseVisible = True
1386.7455 	EXP 	window1: mouseVisible = True
1386.7456 	EXP 	window1: mouseVisible = True
1386.7457 	EXP 	window1: mouseVisible = True
1386.7459 	EXP 	window1: mouseVisible = True
1386.7460 	EXP 	window1: mouseVisible = True
1386.7461 	EXP 	window1: mouseVisible = True
1386.7463 	EXP 	window1: mouseVisible = True
1386.7464 	EXP 	window1: mouseVisible = True
1386.7465 	EXP 	window1: mouseVisible = True
1386.7466 	EXP 	window1: mouseVisible = True
1386.7468 	EXP 	window1: mouseVisible = True
1386.7469 	EXP 	window1: mouseVisible = True
1386.7470 	EXP 	window1: mouseVisible = True
1386.7471 	EXP 	window1: mouseVisible = True
1386.7473 	EXP 	window1: mouseVisible = True
1386.7474 	EXP 	window1: mouseVisible = True
1386.7475 	EXP 	window1: mouseVisible = True
1386.7476 	EXP 	window1: mouseVisible = True
1386.7478 	EXP 	window1: mouseVisible = True
1386.7479 	EXP 	window1: mouseVisible = True
1386.7481 	EXP 	window1: mouseVisible = True
1386.7482 	EXP 	window1: mouseVisible = True
1386.7483 	EXP 	window1: mouseVisible = True
1386.7485 	EXP 	window1: mouseVisible = True
1386.7486 	EXP 	window1: mouseVisible = True
1386.7487 	EXP 	window1: mouseVisible = True
1386.7489 	EXP 	window1: mouseVisible = True
1386.7490 	EXP 	window1: mouseVisible = True
1386.7491 	EXP 	window1: mouseVisible = True
1386.7492 	EXP 	window1: mouseVisible = True
1386.7494 	EXP 	window1: mouseVisible = True
1386.7495 	EXP 	window1: mouseVisible = True
1386.7496 	EXP 	window1: mouseVisible = True
1386.7517 	EXP 	Created ratingScale = RatingScale(__class__=type(...), acceptKeys=['return'], acceptPreText=UNKNOWN, acceptSize=UNKNOWN, acceptText=UNKNOWN, autoLog=True, choices=False, colorSpace='rgb', depth=0, disappear=False, flipVert=False, high=100, kwargs=UNKNOWN, labels=list(...), leftKeys=['left'], lineColor=(255, 255, 255), low=0, marker=Rect(...), markerColor=(255, 255, 255), markerExpansion=UNKNOWN, markerStart=0.5, maxTime=0.0, minTime=0.4, mouseOnly=False, name='ratingScale', noMouse=False, pos=[0.0, 0.0], precision=100, respKeys=[], rightKeys=['right'], scale=None, self=UNKNOWN, showAccept=False, showValue=False, singleClick=False, size=0.6, skipKeys=['tab'], stretch=2.0, textColor='white', textFont='Helvetica Bold', textSize=0.144, tickHeight=0, tickMarks=10.0, win=Window(...))
1386.7517 	EXP 	RatingScale ratingScale: reset()
1386.7538 	EXP 	window1: mouseVisible = False
1386.7658 	EXP 	thermode_locali: autoDraw = False
1386.7658 	EXP 	thermode_locali: autoDraw = False
1386.7658 	EXP 	ratingScale: flipVert = False
1386.7658 	EXP 	ratingScale: autoLog = True
1386.7673 	EXP 	window1: mouseVisible = False
1386.7839 	EXP 	window1: mouseVisible = False
1386.8006 	EXP 	window1: mouseVisible = False
1386.8172 	EXP 	window1: mouseVisible = False
1386.8341 	EXP 	window1: mouseVisible = False
1386.8506 	EXP 	window1: mouseVisible = False
1386.8672 	EXP 	window1: mouseVisible = False
1386.8839 	EXP 	window1: mouseVisible = False
1386.9006 	EXP 	window1: mouseVisible = False
1386.9172 	EXP 	window1: mouseVisible = False
1386.9339 	EXP 	window1: mouseVisible = False
1386.9505 	EXP 	window1: mouseVisible = False
1386.9673 	EXP 	window1: mouseVisible = False
1386.9839 	EXP 	window1: mouseVisible = False
1387.0008 	EXP 	window1: mouseVisible = False
1387.0172 	EXP 	window1: mouseVisible = False
1387.0339 	EXP 	window1: mouseVisible = False
1387.0507 	EXP 	window1: mouseVisible = False
1387.0673 	EXP 	window1: mouseVisible = False
1387.0840 	EXP 	window1: mouseVisible = False
1387.1007 	EXP 	window1: mouseVisible = False
1387.1173 	EXP 	window1: mouseVisible = False
1387.1339 	EXP 	window1: mouseVisible = False
1387.1505 	EXP 	window1: mouseVisible = False
1387.1672 	EXP 	window1: mouseVisible = False
1387.1839 	EXP 	window1: mouseVisible = False
1387.2007 	EXP 	window1: mouseVisible = False
1387.2172 	EXP 	window1: mouseVisible = False
1387.2339 	EXP 	window1: mouseVisible = False
1387.2505 	EXP 	window1: mouseVisible = False
1387.2673 	EXP 	window1: mouseVisible = False
1387.2846 	EXP 	window1: mouseVisible = False
1387.3006 	EXP 	window1: mouseVisible = False
1387.3172 	EXP 	window1: mouseVisible = False
1387.3341 	EXP 	window1: mouseVisible = False
1387.3505 	EXP 	window1: mouseVisible = False
1387.3672 	EXP 	window1: mouseVisible = False
1387.3839 	EXP 	window1: mouseVisible = False
1387.4010 	EXP 	window1: mouseVisible = False
1387.4172 	EXP 	window1: mouseVisible = False
1387.4339 	EXP 	window1: mouseVisible = False
1387.4505 	EXP 	window1: mouseVisible = False
1387.4672 	EXP 	window1: mouseVisible = False
1387.4839 	EXP 	window1: mouseVisible = False
1387.5006 	EXP 	window1: mouseVisible = False
1387.5172 	EXP 	window1: mouseVisible = False
1387.5339 	EXP 	window1: mouseVisible = False
1387.5506 	EXP 	window1: mouseVisible = False
1387.5669 	DATA 	Keypress: m
1387.5674 	EXP 	window1: mouseVisible = False
1387.5839 	EXP 	window1: mouseVisible = False
1387.6006 	EXP 	window1: mouseVisible = False
1387.6172 	EXP 	window1: mouseVisible = False
1387.6339 	EXP 	window1: mouseVisible = False
1387.6509 	EXP 	window1: mouseVisible = False
1387.6673 	EXP 	window1: mouseVisible = False
1387.6841 	EXP 	window1: mouseVisible = False
1387.7007 	EXP 	window1: mouseVisible = False
1387.7172 	EXP 	window1: mouseVisible = False
1387.7338 	EXP 	window1: mouseVisible = False
1387.7506 	EXP 	window1: mouseVisible = False
1387.7672 	EXP 	window1: mouseVisible = False
1387.7839 	EXP 	window1: mouseVisible = False
1387.8006 	EXP 	window1: mouseVisible = False
1387.8173 	EXP 	window1: mouseVisible = False
1387.8339 	EXP 	window1: mouseVisible = False
1387.8506 	EXP 	window1: mouseVisible = False
1387.8672 	EXP 	window1: mouseVisible = False
1387.8839 	EXP 	window1: mouseVisible = False
1387.9007 	EXP 	window1: mouseVisible = False
1387.9173 	EXP 	window1: mouseVisible = False
1387.9339 	EXP 	window1: mouseVisible = False
1387.9506 	EXP 	window1: mouseVisible = False
1387.9673 	EXP 	window1: mouseVisible = False
1387.9839 	EXP 	window1: mouseVisible = False
1388.0006 	EXP 	window1: mouseVisible = False
1388.0173 	EXP 	window1: mouseVisible = False
1388.0339 	EXP 	window1: mouseVisible = False
1388.0509 	EXP 	window1: mouseVisible = False
1388.0674 	EXP 	window1: mouseVisible = False
1388.0839 	EXP 	window1: mouseVisible = False
1388.1006 	EXP 	window1: mouseVisible = False
1388.1173 	EXP 	window1: mouseVisible = False
1388.1340 	EXP 	window1: mouseVisible = False
1388.1510 	EXP 	window1: mouseVisible = False
1388.1673 	EXP 	window1: mouseVisible = False
1388.1839 	EXP 	window1: mouseVisible = False
1388.2006 	EXP 	window1: mouseVisible = False
1388.2173 	EXP 	window1: mouseVisible = False
1388.2340 	EXP 	window1: mouseVisible = False
1388.2506 	EXP 	window1: mouseVisible = False
1388.2672 	EXP 	window1: mouseVisible = False
1388.2840 	EXP 	window1: mouseVisible = False
1388.3012 	EXP 	window1: mouseVisible = False
1388.3176 	EXP 	window1: mouseVisible = False
1388.3339 	EXP 	window1: mouseVisible = False
1388.3507 	EXP 	window1: mouseVisible = False
1388.3673 	EXP 	window1: mouseVisible = False
1388.3842 	EXP 	window1: mouseVisible = False
1388.4007 	EXP 	window1: mouseVisible = False
1388.4174 	EXP 	window1: mouseVisible = False
1388.4341 	EXP 	window1: mouseVisible = False
1388.4507 	EXP 	window1: mouseVisible = False
1388.4674 	EXP 	window1: mouseVisible = False
1388.4841 	EXP 	window1: mouseVisible = False
1388.5008 	EXP 	window1: mouseVisible = False
1388.5174 	EXP 	window1: mouseVisible = False
1388.5341 	EXP 	window1: mouseVisible = False
1388.5508 	EXP 	window1: mouseVisible = False
1388.5674 	EXP 	window1: mouseVisible = False
1388.5840 	EXP 	window1: mouseVisible = False
1388.6007 	EXP 	window1: mouseVisible = False
1388.6174 	EXP 	window1: mouseVisible = False
1388.6340 	EXP 	window1: mouseVisible = False
1388.6513 	EXP 	window1: mouseVisible = False
1388.6674 	EXP 	window1: mouseVisible = False
1388.6840 	EXP 	window1: mouseVisible = False
1388.7008 	EXP 	window1: mouseVisible = False
1388.7174 	EXP 	window1: mouseVisible = False
1388.7340 	EXP 	window1: mouseVisible = False
1388.7506 	EXP 	window1: mouseVisible = False
1388.7674 	EXP 	window1: mouseVisible = False
1388.7840 	EXP 	window1: mouseVisible = False
1388.8007 	EXP 	window1: mouseVisible = False
1388.8174 	EXP 	window1: mouseVisible = False
1388.8340 	EXP 	window1: mouseVisible = False
1388.8507 	EXP 	window1: mouseVisible = False
1388.8676 	EXP 	window1: mouseVisible = False
1388.8841 	EXP 	window1: mouseVisible = False
1388.9006 	EXP 	window1: mouseVisible = False
1388.9173 	EXP 	window1: mouseVisible = False
1388.9340 	EXP 	window1: mouseVisible = False
1388.9507 	EXP 	window1: mouseVisible = False
1388.9674 	EXP 	window1: mouseVisible = False
1388.9840 	EXP 	window1: mouseVisible = False
1389.0007 	EXP 	window1: mouseVisible = False
1389.0173 	EXP 	window1: mouseVisible = False
1389.0352 	EXP 	window1: mouseVisible = False
1389.0510 	EXP 	window1: mouseVisible = False
1389.0674 	EXP 	window1: mouseVisible = False
1389.0840 	EXP 	window1: mouseVisible = False
1389.1010 	EXP 	window1: mouseVisible = False
1389.1174 	EXP 	window1: mouseVisible = False
1389.1340 	EXP 	window1: mouseVisible = False
1389.1507 	EXP 	window1: mouseVisible = False
1389.1674 	EXP 	window1: mouseVisible = False
1389.1839 	EXP 	window1: mouseVisible = False
1389.2006 	EXP 	window1: mouseVisible = False
1389.2173 	EXP 	window1: mouseVisible = False
1389.2344 	DATA 	Keypress: space
1389.3491 	EXP 	main_text: autoDraw = True
1389.3491 	EXP 	confirm_text: autoDraw = True
1389.3491 	EXP 	ratingScale: autoDraw = False
1389.3491 	EXP 	main_text: autoDraw = False
1389.3491 	EXP 	confirm_text: autoDraw = False
1389.3491 	EXP 	text: autoDraw = True
1391.9495 	EXP 	Created sequence: random, trialTypes=1, nReps=4, seed=None
1391.9496 	EXP 	New trial (rep=0, index=0): None
1391.9501 	DATA 	Keypress: p
1391.9659 	EXP 	text: autoDraw = False
1391.9659 	EXP 	text_7: autoDraw = True
1392.3327 	EXP 	Created sequence: random, trialTypes=1, nReps=2, seed=None
1392.3328 	EXP 	New trial (rep=0, index=0): None
1392.3345 	DATA 	Keypress: p
1392.3492 	EXP 	text_7: autoDraw = False
1392.3492 	EXP 	text_eva: autoDraw = True
1392.3492 	EXP 	croix_2: autoDraw = True
1397.3492 	EXP 	text_eva: autoDraw = False
1397.3492 	EXP 	croix_2: autoDraw = False
1397.3492 	EXP 	thermode_locali_EVA: autoDraw = True
1409.3329 	EXP 	window1: mouseVisible = True
1409.3338 	EXP 	Created unnamed Rect = Rect(__class__=<class 'psychopy.visual.rect.Rect'>, anchor=('center', 'center'), autoDraw=False, autoLog=True, closeShape=True, color=method-wrapper(...), colorSpace='rgb', contrast=None, depth=0, draggable=False, fillColor=array([1, 1, 1]), fillColorSpace='rgb', fillRGB=array([1, 1, 1]), interpolate=True, lineColor=array([1., 1., 1.]), lineColorSpace='rgb', lineRGB=array([1, 1, 1]), lineWidth=1.5, name='unnamed Rect', opacity=1.0, ori=0.0, pos=array([0., 0.]), size=array([0.01, 0.1 ]), units='norm', vertices=ndarray(...), win=Window(...))
1409.3338 	EXP 	window1: mouseVisible = True
1409.3340 	EXP 	window1: mouseVisible = True
1409.3344 	EXP 	window1: mouseVisible = True
1409.3361 	EXP 	window1: mouseVisible = True
1409.3372 	EXP 	window1: mouseVisible = True
1409.3373 	EXP 	window1: mouseVisible = True
1409.3375 	EXP 	window1: mouseVisible = True
1409.3377 	EXP 	window1: mouseVisible = True
1409.3378 	EXP 	window1: mouseVisible = True
1409.3379 	EXP 	window1: mouseVisible = True
1409.3381 	EXP 	window1: mouseVisible = True
1409.3382 	EXP 	window1: mouseVisible = True
1409.3383 	EXP 	window1: mouseVisible = True
1409.3384 	EXP 	window1: mouseVisible = True
1409.3386 	EXP 	window1: mouseVisible = True
1409.3387 	EXP 	window1: mouseVisible = True
1409.3388 	EXP 	window1: mouseVisible = True
1409.3389 	EXP 	window1: mouseVisible = True
1409.3391 	EXP 	window1: mouseVisible = True
1409.3392 	EXP 	window1: mouseVisible = True
1409.3393 	EXP 	window1: mouseVisible = True
1409.3395 	EXP 	window1: mouseVisible = True
1409.3396 	EXP 	window1: mouseVisible = True
1409.3397 	EXP 	window1: mouseVisible = True
1409.3398 	EXP 	window1: mouseVisible = True
1409.3400 	EXP 	window1: mouseVisible = True
1409.3401 	EXP 	window1: mouseVisible = True
1409.3402 	EXP 	window1: mouseVisible = True
1409.3403 	EXP 	window1: mouseVisible = True
1409.3405 	EXP 	window1: mouseVisible = True
1409.3407 	EXP 	window1: mouseVisible = True
1409.3408 	EXP 	window1: mouseVisible = True
1409.3410 	EXP 	window1: mouseVisible = True
1409.3411 	EXP 	window1: mouseVisible = True
1409.3412 	EXP 	window1: mouseVisible = True
1409.3414 	EXP 	window1: mouseVisible = True
1409.3415 	EXP 	window1: mouseVisible = True
1409.3416 	EXP 	window1: mouseVisible = True
1409.3417 	EXP 	window1: mouseVisible = True
1409.3419 	EXP 	window1: mouseVisible = True
1409.3420 	EXP 	window1: mouseVisible = True
1409.3421 	EXP 	window1: mouseVisible = True
1409.3423 	EXP 	window1: mouseVisible = True
1409.3424 	EXP 	window1: mouseVisible = True
1409.3425 	EXP 	window1: mouseVisible = True
1409.3426 	EXP 	window1: mouseVisible = True
1409.3428 	EXP 	window1: mouseVisible = True
1409.3429 	EXP 	window1: mouseVisible = True
1409.3430 	EXP 	window1: mouseVisible = True
1409.3431 	EXP 	window1: mouseVisible = True
1409.3433 	EXP 	window1: mouseVisible = True
1409.3434 	EXP 	window1: mouseVisible = True
1409.3435 	EXP 	window1: mouseVisible = True
1409.3436 	EXP 	window1: mouseVisible = True
1409.3438 	EXP 	window1: mouseVisible = True
1409.3439 	EXP 	window1: mouseVisible = True
1409.3440 	EXP 	window1: mouseVisible = True
1409.3441 	EXP 	window1: mouseVisible = True
1409.3443 	EXP 	window1: mouseVisible = True
1409.3444 	EXP 	window1: mouseVisible = True
1409.3445 	EXP 	window1: mouseVisible = True
1409.3447 	EXP 	window1: mouseVisible = True
1409.3448 	EXP 	window1: mouseVisible = True
1409.3450 	EXP 	window1: mouseVisible = True
1409.3451 	EXP 	window1: mouseVisible = True
1409.3452 	EXP 	window1: mouseVisible = True
1409.3453 	EXP 	window1: mouseVisible = True
1409.3455 	EXP 	window1: mouseVisible = True
1409.3456 	EXP 	window1: mouseVisible = True
1409.3457 	EXP 	window1: mouseVisible = True
1409.3459 	EXP 	window1: mouseVisible = True
1409.3460 	EXP 	window1: mouseVisible = True
1409.3462 	EXP 	window1: mouseVisible = True
1409.3463 	EXP 	window1: mouseVisible = True
1409.3464 	EXP 	window1: mouseVisible = True
1409.3465 	EXP 	window1: mouseVisible = True
1409.3467 	EXP 	window1: mouseVisible = True
1409.3468 	EXP 	window1: mouseVisible = True
1409.3469 	EXP 	window1: mouseVisible = True
1409.3470 	EXP 	window1: mouseVisible = True
1409.3472 	EXP 	window1: mouseVisible = True
1409.3473 	EXP 	window1: mouseVisible = True
1409.3474 	EXP 	window1: mouseVisible = True
1409.3475 	EXP 	window1: mouseVisible = True
1409.3477 	EXP 	window1: mouseVisible = True
1409.3478 	EXP 	window1: mouseVisible = True
1409.3479 	EXP 	window1: mouseVisible = True
1409.3480 	EXP 	window1: mouseVisible = True
1409.3482 	EXP 	window1: mouseVisible = True
1409.3483 	EXP 	window1: mouseVisible = True
1409.3484 	EXP 	window1: mouseVisible = True
1409.3486 	EXP 	window1: mouseVisible = True
1409.3487 	EXP 	window1: mouseVisible = True
1409.3488 	EXP 	window1: mouseVisible = True
1409.3490 	EXP 	window1: mouseVisible = True
1409.3491 	EXP 	window1: mouseVisible = True
1409.3492 	EXP 	window1: mouseVisible = True
1409.3494 	EXP 	window1: mouseVisible = True
1409.3495 	EXP 	window1: mouseVisible = True
1409.3496 	EXP 	window1: mouseVisible = True
1409.3497 	EXP 	window1: mouseVisible = True
1409.3499 	EXP 	window1: mouseVisible = True
1409.3500 	EXP 	window1: mouseVisible = True
1409.3501 	EXP 	window1: mouseVisible = True
1409.3522 	EXP 	Created ratingScale = RatingScale(__class__=type(...), acceptKeys=['return'], acceptPreText=UNKNOWN, acceptSize=UNKNOWN, acceptText=UNKNOWN, autoLog=True, choices=False, colorSpace='rgb', depth=0, disappear=False, flipVert=False, high=100, kwargs=UNKNOWN, labels=list(...), leftKeys=['left'], lineColor=(255, 255, 255), low=0, marker=Rect(...), markerColor=(255, 255, 255), markerExpansion=UNKNOWN, markerStart=0.5, maxTime=0.0, minTime=0.4, mouseOnly=False, name='ratingScale', noMouse=False, pos=[0.0, 0.0], precision=100, respKeys=[], rightKeys=['right'], scale=None, self=UNKNOWN, showAccept=False, showValue=False, singleClick=False, size=0.6, skipKeys=['tab'], stretch=2.0, textColor='white', textFont='Helvetica Bold', textSize=0.144, tickHeight=0, tickMarks=10.0, win=Window(...))
1409.3522 	EXP 	RatingScale ratingScale: reset()
1409.3542 	EXP 	window1: mouseVisible = False
1409.3660 	EXP 	thermode_locali_EVA: autoDraw = False
1409.3660 	EXP 	ratingScale: flipVert = False
1409.3660 	EXP 	ratingScale: autoLog = True
1409.3675 	EXP 	window1: mouseVisible = False
1409.3841 	EXP 	window1: mouseVisible = False
1409.4008 	EXP 	window1: mouseVisible = False
1409.4174 	EXP 	window1: mouseVisible = False
1409.4341 	EXP 	window1: mouseVisible = False
1409.4507 	EXP 	window1: mouseVisible = False
1409.4674 	EXP 	window1: mouseVisible = False
1409.4841 	EXP 	window1: mouseVisible = False
1409.5008 	EXP 	window1: mouseVisible = False
1409.5174 	EXP 	window1: mouseVisible = False
1409.5340 	EXP 	window1: mouseVisible = False
1409.5508 	EXP 	window1: mouseVisible = False
1409.5674 	EXP 	window1: mouseVisible = False
1409.5841 	EXP 	window1: mouseVisible = False
1409.6008 	EXP 	window1: mouseVisible = False
1409.6175 	EXP 	window1: mouseVisible = False
1409.6341 	EXP 	window1: mouseVisible = False
1409.6507 	EXP 	window1: mouseVisible = False
1409.6674 	EXP 	window1: mouseVisible = False
1409.6841 	EXP 	window1: mouseVisible = False
1409.7007 	EXP 	window1: mouseVisible = False
1409.7174 	EXP 	window1: mouseVisible = False
1409.7341 	EXP 	window1: mouseVisible = False
1409.7507 	EXP 	window1: mouseVisible = False
1409.7675 	EXP 	window1: mouseVisible = False
1409.7847 	EXP 	window1: mouseVisible = False
1409.8008 	EXP 	window1: mouseVisible = False
1409.8175 	EXP 	window1: mouseVisible = False
1409.8341 	EXP 	window1: mouseVisible = False
1409.8508 	EXP 	window1: mouseVisible = False
1409.8675 	EXP 	window1: mouseVisible = False
1409.8857 	EXP 	window1: mouseVisible = False
1409.9007 	EXP 	window1: mouseVisible = False
1409.9175 	EXP 	window1: mouseVisible = False
1409.9341 	EXP 	window1: mouseVisible = False
1409.9507 	EXP 	window1: mouseVisible = False
1409.9674 	EXP 	window1: mouseVisible = False
1409.9841 	EXP 	window1: mouseVisible = False
1410.0008 	EXP 	window1: mouseVisible = False
1410.0174 	EXP 	window1: mouseVisible = False
1410.0341 	EXP 	window1: mouseVisible = False
1410.0508 	EXP 	window1: mouseVisible = False
1410.0674 	EXP 	window1: mouseVisible = False
1410.0841 	EXP 	window1: mouseVisible = False
1410.1006 	DATA 	Keypress: m
1410.1011 	EXP 	window1: mouseVisible = False
1410.1175 	EXP 	window1: mouseVisible = False
1410.1341 	EXP 	window1: mouseVisible = False
1410.1508 	EXP 	window1: mouseVisible = False
1410.1675 	EXP 	window1: mouseVisible = False
1410.1842 	EXP 	window1: mouseVisible = False
1410.2010 	EXP 	window1: mouseVisible = False
1410.2175 	EXP 	window1: mouseVisible = False
1410.2341 	EXP 	window1: mouseVisible = False
1410.2508 	EXP 	window1: mouseVisible = False
1410.2674 	EXP 	window1: mouseVisible = False
1410.2841 	EXP 	window1: mouseVisible = False
1410.3008 	EXP 	window1: mouseVisible = False
1410.3174 	EXP 	window1: mouseVisible = False
1410.3341 	EXP 	window1: mouseVisible = False
1410.3509 	EXP 	window1: mouseVisible = False
1410.3674 	EXP 	window1: mouseVisible = False
1410.3841 	EXP 	window1: mouseVisible = False
1410.4008 	EXP 	window1: mouseVisible = False
1410.4174 	EXP 	window1: mouseVisible = False
1410.4341 	EXP 	window1: mouseVisible = False
1410.4508 	EXP 	window1: mouseVisible = False
1410.4675 	EXP 	window1: mouseVisible = False
1410.4841 	EXP 	window1: mouseVisible = False
1410.5008 	EXP 	window1: mouseVisible = False
1410.5174 	EXP 	window1: mouseVisible = False
1410.5341 	EXP 	window1: mouseVisible = False
1410.5508 	EXP 	window1: mouseVisible = False
1410.5674 	EXP 	window1: mouseVisible = False
1410.5841 	EXP 	window1: mouseVisible = False
1410.6008 	EXP 	window1: mouseVisible = False
1410.6175 	EXP 	window1: mouseVisible = False
1410.6342 	EXP 	window1: mouseVisible = False
1410.6509 	EXP 	window1: mouseVisible = False
1410.6675 	EXP 	window1: mouseVisible = False
1410.6842 	EXP 	window1: mouseVisible = False
1410.7008 	EXP 	window1: mouseVisible = False
1410.7175 	EXP 	window1: mouseVisible = False
1410.7342 	EXP 	window1: mouseVisible = False
1410.7509 	EXP 	window1: mouseVisible = False
1410.7675 	EXP 	window1: mouseVisible = False
1410.7842 	EXP 	window1: mouseVisible = False
1410.8008 	EXP 	window1: mouseVisible = False
1410.8175 	EXP 	window1: mouseVisible = False
1410.8341 	EXP 	window1: mouseVisible = False
1410.8510 	EXP 	window1: mouseVisible = False
1410.8675 	EXP 	window1: mouseVisible = False
1410.8847 	EXP 	window1: mouseVisible = False
1410.9015 	EXP 	window1: mouseVisible = False
1410.9176 	EXP 	window1: mouseVisible = False
1410.9343 	EXP 	window1: mouseVisible = False
1410.9510 	EXP 	window1: mouseVisible = False
1410.9676 	EXP 	window1: mouseVisible = False
1410.9844 	EXP 	window1: mouseVisible = False
1411.0010 	EXP 	window1: mouseVisible = False
1411.0177 	EXP 	window1: mouseVisible = False
1411.0341 	EXP 	window1: mouseVisible = False
1411.0509 	EXP 	window1: mouseVisible = False
1411.0675 	EXP 	window1: mouseVisible = False
1411.0842 	EXP 	window1: mouseVisible = False
1411.1008 	EXP 	window1: mouseVisible = False
1411.1175 	EXP 	window1: mouseVisible = False
1411.1341 	EXP 	window1: mouseVisible = False
1411.1508 	EXP 	window1: mouseVisible = False
1411.1675 	EXP 	window1: mouseVisible = False
1411.1842 	EXP 	window1: mouseVisible = False
1411.2011 	EXP 	window1: mouseVisible = False
1411.2175 	EXP 	window1: mouseVisible = False
1411.2342 	EXP 	window1: mouseVisible = False
1411.2508 	EXP 	window1: mouseVisible = False
1411.2676 	EXP 	window1: mouseVisible = False
1411.2841 	EXP 	window1: mouseVisible = False
1411.3009 	EXP 	window1: mouseVisible = False
1411.3175 	EXP 	window1: mouseVisible = False
1411.3342 	EXP 	window1: mouseVisible = False
1411.3508 	EXP 	window1: mouseVisible = False
1411.3675 	EXP 	window1: mouseVisible = False
1411.3842 	EXP 	window1: mouseVisible = False
1411.4008 	EXP 	window1: mouseVisible = False
1411.4175 	EXP 	window1: mouseVisible = False
1411.4341 	EXP 	window1: mouseVisible = False
1411.4509 	EXP 	window1: mouseVisible = False
1411.4675 	EXP 	window1: mouseVisible = False
1411.4842 	EXP 	window1: mouseVisible = False
1411.5009 	EXP 	window1: mouseVisible = False
1411.5175 	EXP 	window1: mouseVisible = False
1411.5342 	EXP 	window1: mouseVisible = False
1411.5509 	EXP 	window1: mouseVisible = False
1411.5674 	EXP 	window1: mouseVisible = False
1411.5842 	EXP 	window1: mouseVisible = False
1411.6008 	EXP 	window1: mouseVisible = False
1411.6174 	EXP 	window1: mouseVisible = False
1411.6341 	EXP 	window1: mouseVisible = False
1411.6507 	EXP 	window1: mouseVisible = False
1411.6675 	EXP 	window1: mouseVisible = False
1411.6841 	EXP 	window1: mouseVisible = False
1411.7007 	EXP 	window1: mouseVisible = False
1411.7175 	EXP 	window1: mouseVisible = False
1411.7341 	EXP 	window1: mouseVisible = False
1411.7508 	EXP 	window1: mouseVisible = False
1411.7674 	EXP 	window1: mouseVisible = False
1411.7841 	EXP 	window1: mouseVisible = False
1411.8008 	EXP 	window1: mouseVisible = False
1411.8175 	EXP 	window1: mouseVisible = False
1411.8341 	EXP 	window1: mouseVisible = False
1411.8507 	EXP 	window1: mouseVisible = False
1411.8674 	EXP 	window1: mouseVisible = False
1411.8842 	EXP 	window1: mouseVisible = False
1411.9008 	EXP 	window1: mouseVisible = False
1411.9174 	EXP 	window1: mouseVisible = False
1411.9341 	EXP 	window1: mouseVisible = False
1411.9508 	EXP 	window1: mouseVisible = False
1411.9675 	EXP 	window1: mouseVisible = False
1411.9841 	EXP 	window1: mouseVisible = False
1412.0007 	EXP 	window1: mouseVisible = False
1412.0175 	EXP 	window1: mouseVisible = False
1412.0341 	EXP 	window1: mouseVisible = False
1412.0508 	EXP 	window1: mouseVisible = False
1412.0674 	EXP 	window1: mouseVisible = False
1412.0847 	DATA 	Keypress: space
1412.1856 	EXP 	New trial (rep=1, index=0): None
1412.1994 	EXP 	main_text: autoDraw = True
1412.1994 	EXP 	confirm_text: autoDraw = True
1412.1994 	EXP 	ratingScale: autoDraw = False
1412.1994 	EXP 	main_text: autoDraw = False
1412.1994 	EXP 	confirm_text: autoDraw = False
1412.1994 	EXP 	text_eva: autoDraw = True
1412.1994 	EXP 	croix_2: autoDraw = True
1417.1995 	EXP 	text_eva: autoDraw = False
1417.1995 	EXP 	croix_2: autoDraw = False
1417.1995 	EXP 	text_eva: autoDraw = False
1417.1995 	EXP 	croix_2: autoDraw = False
1417.1995 	EXP 	thermode_locali_EVA: autoDraw = True
1429.1832 	EXP 	window1: mouseVisible = True
1429.1841 	EXP 	Created unnamed Rect = Rect(__class__=<class 'psychopy.visual.rect.Rect'>, anchor=('center', 'center'), autoDraw=False, autoLog=True, closeShape=True, color=method-wrapper(...), colorSpace='rgb', contrast=None, depth=0, draggable=False, fillColor=array([1, 1, 1]), fillColorSpace='rgb', fillRGB=array([1, 1, 1]), interpolate=True, lineColor=array([1., 1., 1.]), lineColorSpace='rgb', lineRGB=array([1, 1, 1]), lineWidth=1.5, name='unnamed Rect', opacity=1.0, ori=0.0, pos=array([0., 0.]), size=array([0.01, 0.1 ]), units='norm', vertices=ndarray(...), win=Window(...))
1429.1841 	EXP 	window1: mouseVisible = True
1429.1843 	EXP 	window1: mouseVisible = True
1429.1847 	EXP 	window1: mouseVisible = True
1429.1861 	EXP 	window1: mouseVisible = True
1429.1872 	EXP 	window1: mouseVisible = True
1429.1874 	EXP 	window1: mouseVisible = True
1429.1875 	EXP 	window1: mouseVisible = True
1429.1877 	EXP 	window1: mouseVisible = True
1429.1878 	EXP 	window1: mouseVisible = True
1429.1880 	EXP 	window1: mouseVisible = True
1429.1881 	EXP 	window1: mouseVisible = True
1429.1882 	EXP 	window1: mouseVisible = True
1429.1883 	EXP 	window1: mouseVisible = True
1429.1885 	EXP 	window1: mouseVisible = True
1429.1886 	EXP 	window1: mouseVisible = True
1429.1887 	EXP 	window1: mouseVisible = True
1429.1888 	EXP 	window1: mouseVisible = True
1429.1891 	EXP 	window1: mouseVisible = True
1429.1892 	EXP 	window1: mouseVisible = True
1429.1894 	EXP 	window1: mouseVisible = True
1429.1895 	EXP 	window1: mouseVisible = True
1429.1896 	EXP 	window1: mouseVisible = True
1429.1898 	EXP 	window1: mouseVisible = True
1429.1899 	EXP 	window1: mouseVisible = True
1429.1900 	EXP 	window1: mouseVisible = True
1429.1902 	EXP 	window1: mouseVisible = True
1429.1903 	EXP 	window1: mouseVisible = True
1429.1904 	EXP 	window1: mouseVisible = True
1429.1905 	EXP 	window1: mouseVisible = True
1429.1907 	EXP 	window1: mouseVisible = True
1429.1908 	EXP 	window1: mouseVisible = True
1429.1909 	EXP 	window1: mouseVisible = True
1429.1910 	EXP 	window1: mouseVisible = True
1429.1912 	EXP 	window1: mouseVisible = True
1429.1913 	EXP 	window1: mouseVisible = True
1429.1914 	EXP 	window1: mouseVisible = True
1429.1915 	EXP 	window1: mouseVisible = True
1429.1917 	EXP 	window1: mouseVisible = True
1429.1918 	EXP 	window1: mouseVisible = True
1429.1919 	EXP 	window1: mouseVisible = True
1429.1921 	EXP 	window1: mouseVisible = True
1429.1922 	EXP 	window1: mouseVisible = True
1429.1923 	EXP 	window1: mouseVisible = True
1429.1924 	EXP 	window1: mouseVisible = True
1429.1926 	EXP 	window1: mouseVisible = True
1429.1928 	EXP 	window1: mouseVisible = True
1429.1930 	EXP 	window1: mouseVisible = True
1429.1932 	EXP 	window1: mouseVisible = True
1429.1936 	EXP 	window1: mouseVisible = True
1429.1940 	EXP 	window1: mouseVisible = True
1429.1942 	EXP 	window1: mouseVisible = True
1429.1944 	EXP 	window1: mouseVisible = True
1429.1946 	EXP 	window1: mouseVisible = True
1429.1949 	EXP 	window1: mouseVisible = True
1429.1950 	EXP 	window1: mouseVisible = True
1429.1952 	EXP 	window1: mouseVisible = True
1429.1954 	EXP 	window1: mouseVisible = True
1429.1956 	EXP 	window1: mouseVisible = True
1429.1957 	EXP 	window1: mouseVisible = True
1429.1959 	EXP 	window1: mouseVisible = True
1429.1961 	EXP 	window1: mouseVisible = True
1429.1962 	EXP 	window1: mouseVisible = True
1429.1964 	EXP 	window1: mouseVisible = True
1429.1966 	EXP 	window1: mouseVisible = True
1429.1967 	EXP 	window1: mouseVisible = True
1429.1969 	EXP 	window1: mouseVisible = True
1429.1971 	EXP 	window1: mouseVisible = True
1429.1972 	EXP 	window1: mouseVisible = True
1429.1974 	EXP 	window1: mouseVisible = True
1429.1975 	EXP 	window1: mouseVisible = True
1429.1977 	EXP 	window1: mouseVisible = True
1429.1978 	EXP 	window1: mouseVisible = True
1429.1979 	EXP 	window1: mouseVisible = True
1429.1981 	EXP 	window1: mouseVisible = True
1429.1982 	EXP 	window1: mouseVisible = True
1429.1983 	EXP 	window1: mouseVisible = True
1429.1984 	EXP 	window1: mouseVisible = True
1429.1986 	EXP 	window1: mouseVisible = True
1429.1987 	EXP 	window1: mouseVisible = True
1429.1992 	EXP 	window1: mouseVisible = True
1429.1994 	EXP 	window1: mouseVisible = True
1429.1995 	EXP 	window1: mouseVisible = True
1429.1997 	EXP 	window1: mouseVisible = True
1429.1998 	EXP 	window1: mouseVisible = True
1429.1999 	EXP 	window1: mouseVisible = True
1429.2001 	EXP 	window1: mouseVisible = True
1429.2002 	EXP 	window1: mouseVisible = True
1429.2003 	EXP 	window1: mouseVisible = True
1429.2005 	EXP 	window1: mouseVisible = True
1429.2006 	EXP 	window1: mouseVisible = True
1429.2007 	EXP 	window1: mouseVisible = True
1429.2009 	EXP 	window1: mouseVisible = True
1429.2010 	EXP 	window1: mouseVisible = True
1429.2011 	EXP 	window1: mouseVisible = True
1429.2013 	EXP 	window1: mouseVisible = True
1429.2014 	EXP 	window1: mouseVisible = True
1429.2015 	EXP 	window1: mouseVisible = True
1429.2016 	EXP 	window1: mouseVisible = True
1429.2018 	EXP 	window1: mouseVisible = True
1429.2019 	EXP 	window1: mouseVisible = True
1429.2020 	EXP 	window1: mouseVisible = True
1429.2021 	EXP 	window1: mouseVisible = True
1429.2023 	EXP 	window1: mouseVisible = True
1429.2024 	EXP 	window1: mouseVisible = True
1429.2511 	EXP 	Created ratingScale = RatingScale(__class__=type(...), acceptKeys=['return'], acceptPreText=UNKNOWN, acceptSize=UNKNOWN, acceptText=UNKNOWN, autoLog=True, choices=False, colorSpace='rgb', depth=0, disappear=False, flipVert=False, high=100, kwargs=UNKNOWN, labels=list(...), leftKeys=['left'], lineColor=(255, 255, 255), low=0, marker=Rect(...), markerColor=(255, 255, 255), markerExpansion=UNKNOWN, markerStart=0.5, maxTime=0.0, minTime=0.4, mouseOnly=False, name='ratingScale', noMouse=False, pos=[0.0, 0.0], precision=100, respKeys=[], rightKeys=['right'], scale=None, self=UNKNOWN, showAccept=False, showValue=False, singleClick=False, size=0.6, skipKeys=['tab'], stretch=2.0, textColor='white', textFont='Helvetica Bold', textSize=0.144, tickHeight=0, tickMarks=10.0, win=Window(...))
1429.2511 	EXP 	RatingScale ratingScale: reset()
1429.2533 	EXP 	window1: mouseVisible = False
1429.2662 	EXP 	thermode_locali_EVA: autoDraw = False
1429.2662 	EXP 	thermode_locali_EVA: autoDraw = False
1429.2662 	EXP 	ratingScale: flipVert = False
1429.2662 	EXP 	ratingScale: autoLog = True
1429.2679 	EXP 	window1: mouseVisible = False
1429.2845 	EXP 	window1: mouseVisible = False
1429.3010 	EXP 	window1: mouseVisible = False
1429.3176 	EXP 	window1: mouseVisible = False
1429.3343 	EXP 	window1: mouseVisible = False
1429.3510 	EXP 	window1: mouseVisible = False
1429.3676 	EXP 	window1: mouseVisible = False
1429.3842 	EXP 	window1: mouseVisible = False
1429.4009 	EXP 	window1: mouseVisible = False
1429.4176 	EXP 	window1: mouseVisible = False
1429.4343 	EXP 	window1: mouseVisible = False
1429.4510 	EXP 	window1: mouseVisible = False
1429.4676 	EXP 	window1: mouseVisible = False
1429.4842 	EXP 	window1: mouseVisible = False
1429.5010 	EXP 	window1: mouseVisible = False
1429.5177 	EXP 	window1: mouseVisible = False
1429.5342 	EXP 	window1: mouseVisible = False
1429.5510 	EXP 	window1: mouseVisible = False
1429.5676 	EXP 	window1: mouseVisible = False
1429.5843 	EXP 	window1: mouseVisible = False
1429.6010 	EXP 	window1: mouseVisible = False
1429.6176 	EXP 	window1: mouseVisible = False
1429.6348 	EXP 	window1: mouseVisible = False
1429.6509 	EXP 	window1: mouseVisible = False
1429.6676 	EXP 	window1: mouseVisible = False
1429.6843 	EXP 	window1: mouseVisible = False
1429.7011 	EXP 	window1: mouseVisible = False
1429.7176 	EXP 	window1: mouseVisible = False
1429.7364 	EXP 	window1: mouseVisible = False
1429.7510 	EXP 	window1: mouseVisible = False
1429.7676 	EXP 	window1: mouseVisible = False
1429.7842 	EXP 	window1: mouseVisible = False
1429.8010 	EXP 	window1: mouseVisible = False
1429.8176 	EXP 	window1: mouseVisible = False
1429.8343 	EXP 	window1: mouseVisible = False
1429.8509 	EXP 	window1: mouseVisible = False
1429.8676 	EXP 	window1: mouseVisible = False
1429.8843 	EXP 	window1: mouseVisible = False
1429.9009 	EXP 	window1: mouseVisible = False
1429.9176 	EXP 	window1: mouseVisible = False
1429.9343 	EXP 	window1: mouseVisible = False
1429.9505 	DATA 	Keypress: m
1429.9511 	EXP 	window1: mouseVisible = False
1429.9676 	EXP 	window1: mouseVisible = False
1429.9842 	EXP 	window1: mouseVisible = False
1430.0009 	EXP 	window1: mouseVisible = False
1430.0176 	EXP 	window1: mouseVisible = False
1430.0342 	EXP 	window1: mouseVisible = False
1430.0509 	EXP 	window1: mouseVisible = False
1430.0675 	EXP 	window1: mouseVisible = False
1430.0843 	EXP 	window1: mouseVisible = False
1430.1009 	EXP 	window1: mouseVisible = False
1430.1176 	EXP 	window1: mouseVisible = False
1430.1343 	EXP 	window1: mouseVisible = False
1430.1509 	EXP 	window1: mouseVisible = False
1430.1676 	EXP 	window1: mouseVisible = False
1430.1843 	EXP 	window1: mouseVisible = False
1430.2009 	EXP 	window1: mouseVisible = False
1430.2176 	EXP 	window1: mouseVisible = False
1430.2343 	EXP 	window1: mouseVisible = False
1430.2509 	EXP 	window1: mouseVisible = False
1430.2676 	EXP 	window1: mouseVisible = False
1430.2843 	EXP 	window1: mouseVisible = False
1430.3009 	EXP 	window1: mouseVisible = False
1430.3176 	EXP 	window1: mouseVisible = False
1430.3344 	EXP 	window1: mouseVisible = False
1430.3510 	EXP 	window1: mouseVisible = False
1430.3676 	EXP 	window1: mouseVisible = False
1430.3843 	EXP 	window1: mouseVisible = False
1430.4010 	EXP 	window1: mouseVisible = False
1430.4176 	EXP 	window1: mouseVisible = False
1430.4342 	EXP 	window1: mouseVisible = False
1430.4512 	EXP 	window1: mouseVisible = False
1430.4676 	EXP 	window1: mouseVisible = False
1430.4844 	EXP 	window1: mouseVisible = False
1430.5010 	EXP 	window1: mouseVisible = False
1430.5178 	EXP 	window1: mouseVisible = False
1430.5343 	EXP 	window1: mouseVisible = False
1430.5509 	EXP 	window1: mouseVisible = False
1430.5677 	EXP 	window1: mouseVisible = False
1430.5843 	EXP 	window1: mouseVisible = False
1430.6010 	EXP 	window1: mouseVisible = False
1430.6177 	EXP 	window1: mouseVisible = False
1430.6343 	EXP 	window1: mouseVisible = False
1430.6510 	EXP 	window1: mouseVisible = False
1430.6677 	EXP 	window1: mouseVisible = False
1430.6844 	EXP 	window1: mouseVisible = False
1430.7009 	EXP 	window1: mouseVisible = False
1430.7176 	EXP 	window1: mouseVisible = False
1430.7342 	EXP 	window1: mouseVisible = False
1430.7523 	EXP 	window1: mouseVisible = False
1430.7678 	EXP 	window1: mouseVisible = False
1430.7846 	EXP 	window1: mouseVisible = False
1430.8012 	EXP 	window1: mouseVisible = False
1430.8179 	EXP 	window1: mouseVisible = False
1430.8345 	EXP 	window1: mouseVisible = False
1430.8512 	EXP 	window1: mouseVisible = False
1430.8676 	EXP 	window1: mouseVisible = False
1430.8844 	EXP 	window1: mouseVisible = False
1430.9010 	EXP 	window1: mouseVisible = False
1430.9177 	EXP 	window1: mouseVisible = False
1430.9344 	EXP 	window1: mouseVisible = False
1430.9511 	EXP 	window1: mouseVisible = False
1430.9677 	EXP 	window1: mouseVisible = False
1430.9843 	EXP 	window1: mouseVisible = False
1431.0011 	EXP 	window1: mouseVisible = False
1431.0179 	EXP 	window1: mouseVisible = False
1431.0343 	EXP 	window1: mouseVisible = False
1431.0510 	EXP 	window1: mouseVisible = False
1431.0677 	EXP 	window1: mouseVisible = False
1431.0843 	EXP 	window1: mouseVisible = False
1431.1010 	EXP 	window1: mouseVisible = False
1431.1177 	EXP 	window1: mouseVisible = False
1431.1343 	EXP 	window1: mouseVisible = False
1431.1511 	EXP 	window1: mouseVisible = False
1431.1676 	EXP 	window1: mouseVisible = False
1431.1844 	EXP 	window1: mouseVisible = False
1431.2010 	EXP 	window1: mouseVisible = False
1431.2177 	EXP 	window1: mouseVisible = False
1431.2343 	EXP 	window1: mouseVisible = False
1431.2511 	EXP 	window1: mouseVisible = False
1431.2677 	EXP 	window1: mouseVisible = False
1431.2843 	EXP 	window1: mouseVisible = False
1431.3010 	EXP 	window1: mouseVisible = False
1431.3177 	EXP 	window1: mouseVisible = False
1431.3343 	EXP 	window1: mouseVisible = False
1431.3510 	EXP 	window1: mouseVisible = False
1431.3677 	EXP 	window1: mouseVisible = False
1431.3844 	EXP 	window1: mouseVisible = False
1431.4010 	EXP 	window1: mouseVisible = False
1431.4177 	EXP 	window1: mouseVisible = False
1431.4345 	EXP 	window1: mouseVisible = False
1431.4512 	EXP 	window1: mouseVisible = False
1431.4678 	EXP 	window1: mouseVisible = False
1431.4843 	EXP 	window1: mouseVisible = False
1431.5009 	EXP 	window1: mouseVisible = False
1431.5177 	EXP 	window1: mouseVisible = False
1431.5343 	EXP 	window1: mouseVisible = False
1431.5510 	EXP 	window1: mouseVisible = False
1431.5676 	EXP 	window1: mouseVisible = False
1431.5843 	EXP 	window1: mouseVisible = False
1431.6010 	EXP 	window1: mouseVisible = False
1431.6176 	EXP 	window1: mouseVisible = False
1431.6343 	EXP 	window1: mouseVisible = False
1431.6509 	EXP 	window1: mouseVisible = False
1431.6677 	EXP 	window1: mouseVisible = False
1431.6842 	EXP 	window1: mouseVisible = False
1431.7010 	EXP 	window1: mouseVisible = False
1431.7177 	EXP 	window1: mouseVisible = False
1431.7343 	EXP 	window1: mouseVisible = False
1431.7510 	EXP 	window1: mouseVisible = False
1431.7677 	EXP 	window1: mouseVisible = False
1431.7843 	EXP 	window1: mouseVisible = False
1431.8010 	EXP 	window1: mouseVisible = False
1431.8177 	EXP 	window1: mouseVisible = False
1431.8343 	EXP 	window1: mouseVisible = False
1431.8510 	EXP 	window1: mouseVisible = False
1431.8678 	EXP 	window1: mouseVisible = False
1431.8844 	EXP 	window1: mouseVisible = False
1431.9011 	EXP 	window1: mouseVisible = False
1431.9177 	EXP 	window1: mouseVisible = False
1431.9343 	EXP 	window1: mouseVisible = False
1431.9521 	EXP 	window1: mouseVisible = False
1431.9678 	EXP 	window1: mouseVisible = False
1431.9844 	EXP 	window1: mouseVisible = False
1432.0010 	EXP 	window1: mouseVisible = False
1432.0177 	EXP 	window1: mouseVisible = False
1432.0343 	EXP 	window1: mouseVisible = False
1432.0511 	EXP 	window1: mouseVisible = False
1432.0677 	EXP 	window1: mouseVisible = False
1432.0843 	EXP 	window1: mouseVisible = False
1432.1010 	EXP 	window1: mouseVisible = False
1432.1176 	EXP 	window1: mouseVisible = False
1432.1343 	EXP 	window1: mouseVisible = False
1432.1510 	EXP 	window1: mouseVisible = False
1432.1677 	EXP 	window1: mouseVisible = False
1432.1843 	EXP 	window1: mouseVisible = False
1432.2010 	EXP 	window1: mouseVisible = False
1432.2177 	EXP 	window1: mouseVisible = False
1432.2343 	EXP 	window1: mouseVisible = False
1432.2510 	EXP 	window1: mouseVisible = False
1432.2678 	EXP 	window1: mouseVisible = False
1432.2843 	EXP 	window1: mouseVisible = False
1432.3009 	EXP 	window1: mouseVisible = False
1432.3176 	EXP 	window1: mouseVisible = False
1432.3343 	EXP 	window1: mouseVisible = False
1432.3510 	EXP 	window1: mouseVisible = False
1432.3677 	EXP 	window1: mouseVisible = False
1432.3844 	EXP 	window1: mouseVisible = False
1432.4010 	EXP 	window1: mouseVisible = False
1432.4177 	EXP 	window1: mouseVisible = False
1432.4343 	EXP 	window1: mouseVisible = False
1432.4511 	EXP 	window1: mouseVisible = False
1432.4676 	EXP 	window1: mouseVisible = False
1432.4843 	EXP 	window1: mouseVisible = False
1432.5011 	EXP 	window1: mouseVisible = False
1432.5177 	EXP 	window1: mouseVisible = False
1432.5343 	EXP 	window1: mouseVisible = False
1432.5510 	EXP 	window1: mouseVisible = False
1432.5676 	EXP 	window1: mouseVisible = False
1432.5843 	EXP 	window1: mouseVisible = False
1432.6010 	EXP 	window1: mouseVisible = False
1432.6176 	EXP 	window1: mouseVisible = False
1432.6343 	EXP 	window1: mouseVisible = False
1432.6511 	DATA 	Keypress: space
1432.7663 	EXP 	main_text: autoDraw = True
1432.7663 	EXP 	confirm_text: autoDraw = True
1432.7663 	EXP 	ratingScale: autoDraw = False
1432.7663 	EXP 	main_text: autoDraw = False
1432.7663 	EXP 	confirm_text: autoDraw = False
1432.7663 	EXP 	text_8: autoDraw = True
1434.0499 	EXP 	Created sequence: random, trialTypes=1, nReps=4, seed=None
1434.0500 	EXP 	New trial (rep=0, index=0): None
1434.0519 	DATA 	Keypress: p
1434.0663 	EXP 	text_8: autoDraw = False
1434.0663 	EXP 	text_pic: autoDraw = True
1434.0663 	EXP 	croix_3: autoDraw = True
1439.0663 	EXP 	text_pic: autoDraw = False
1439.0663 	EXP 	croix_3: autoDraw = False
1439.0663 	EXP 	text_pic: autoDraw = False
1439.0663 	EXP 	croix_3: autoDraw = False
1439.0663 	EXP 	thermode_locali_pic: height = 0.02
1439.0663 	EXP 	thermode_locali_pic: height = 0.02
1439.0663 	EXP 	thermode_locali_pic: height = 0.02
1439.0663 	EXP 	thermode_locali_pic: text = 'T : 2'
1439.0663 	EXP 	responsel: text = 'OUI              '
1439.0663 	EXP 	thermode_locali_pic: autoDraw = True
1447.0498 	EXP 	responsel: autoDraw = True
1447.0498 	EXP 	percu_or: autoDraw = True
1447.0498 	EXP 	responser: autoDraw = True
1447.7842 	DATA 	Keypress: n
1447.8164 	EXP 	responser: foreColor = (0, 0, 0)
1447.8330 	EXP 	responser: foreColor = (0, 0, 0)
1447.8497 	EXP 	responser: foreColor = (0, 0, 0)
1447.8664 	EXP 	responser: foreColor = (0, 0, 0)
1447.8831 	EXP 	responser: foreColor = (0, 0, 0)
1447.8997 	EXP 	responser: foreColor = (0, 0, 0)
1447.9164 	EXP 	responser: foreColor = (0, 0, 0)
1447.9331 	EXP 	responser: foreColor = (0, 0, 0)
1447.9497 	EXP 	responser: foreColor = (0, 0, 0)
1447.9664 	EXP 	responser: foreColor = (0, 0, 0)
1447.9831 	EXP 	responser: foreColor = (0, 0, 0)
1447.9998 	EXP 	responser: foreColor = (0, 0, 0)
1448.0164 	EXP 	responser: foreColor = (0, 0, 0)
1448.0331 	EXP 	responser: foreColor = (0, 0, 0)
1448.0498 	EXP 	responser: foreColor = (0, 0, 0)
1448.0664 	EXP 	responser: foreColor = (0, 0, 0)
1448.0831 	EXP 	responser: foreColor = (0, 0, 0)
1448.0997 	EXP 	responser: foreColor = (0, 0, 0)
1448.1164 	EXP 	responser: foreColor = (0, 0, 0)
1448.1331 	EXP 	responser: foreColor = (0, 0, 0)
1448.1498 	EXP 	responser: foreColor = (0, 0, 0)
1448.1665 	EXP 	responser: foreColor = (0, 0, 0)
1448.1831 	EXP 	responser: foreColor = (0, 0, 0)
1448.1998 	EXP 	responser: foreColor = (0, 0, 0)
1448.2164 	EXP 	responser: foreColor = (0, 0, 0)
1448.2331 	EXP 	responser: foreColor = (0, 0, 0)
1448.2498 	EXP 	responser: foreColor = (0, 0, 0)
1448.2665 	EXP 	responser: foreColor = (0, 0, 0)
1448.2831 	EXP 	responser: foreColor = (0, 0, 0)
1448.2998 	EXP 	responser: foreColor = (0, 0, 0)
1448.3164 	EXP 	responser: foreColor = (0, 0, 0)
1448.3331 	EXP 	responser: foreColor = (0, 0, 0)
1448.3498 	EXP 	responser: foreColor = (0, 0, 0)
1448.3664 	EXP 	responser: foreColor = (0, 0, 0)
1448.3831 	EXP 	responser: foreColor = (0, 0, 0)
1448.3998 	EXP 	responser: foreColor = (0, 0, 0)
1448.4164 	EXP 	responser: foreColor = (0, 0, 0)
1448.4331 	EXP 	responser: foreColor = (0, 0, 0)
1448.4498 	EXP 	responser: foreColor = (0, 0, 0)
1448.4664 	EXP 	responser: foreColor = (0, 0, 0)
1448.4832 	EXP 	responser: foreColor = (0, 0, 0)
1448.4998 	EXP 	responser: foreColor = (0, 0, 0)
1448.5164 	EXP 	responser: foreColor = (0, 0, 0)
1448.5331 	EXP 	responser: foreColor = (0, 0, 0)
1448.5498 	EXP 	responser: foreColor = (0, 0, 0)
1448.5664 	EXP 	responser: foreColor = (0, 0, 0)
1448.5831 	EXP 	responser: foreColor = (0, 0, 0)
1448.5998 	EXP 	responser: foreColor = (0, 0, 0)
1448.6164 	EXP 	responser: foreColor = (0, 0, 0)
1448.6331 	EXP 	responser: foreColor = (0, 0, 0)
1448.6498 	EXP 	responser: foreColor = (0, 0, 0)
1448.6664 	EXP 	responser: foreColor = (0, 0, 0)
1448.6831 	EXP 	responser: foreColor = (0, 0, 0)
1448.6998 	EXP 	responser: foreColor = (0, 0, 0)
1448.7164 	EXP 	responser: foreColor = (0, 0, 0)
1448.7331 	EXP 	responser: foreColor = (0, 0, 0)
1448.7498 	EXP 	responser: foreColor = (0, 0, 0)
1448.7665 	EXP 	responser: foreColor = (0, 0, 0)
1448.7831 	EXP 	responser: foreColor = (0, 0, 0)
1448.7997 	EXP 	responser: foreColor = (0, 0, 0)
1448.8164 	EXP 	responser: foreColor = (0, 0, 0)
1448.8331 	EXP 	responser: foreColor = (0, 0, 0)
1448.8498 	EXP 	responser: foreColor = (0, 0, 0)
1448.8664 	EXP 	responser: foreColor = (0, 0, 0)
1448.8831 	EXP 	responser: foreColor = (0, 0, 0)
1448.8997 	EXP 	responser: foreColor = (0, 0, 0)
1448.9164 	EXP 	responser: foreColor = (0, 0, 0)
1448.9331 	EXP 	responser: foreColor = (0, 0, 0)
1448.9497 	EXP 	responser: foreColor = (0, 0, 0)
1448.9664 	EXP 	responser: foreColor = (0, 0, 0)
1448.9831 	EXP 	responser: foreColor = (0, 0, 0)
1448.9997 	EXP 	responser: foreColor = (0, 0, 0)
1449.0164 	EXP 	responser: foreColor = (0, 0, 0)
1449.0331 	EXP 	responser: foreColor = (0, 0, 0)
1449.0497 	EXP 	responser: foreColor = (0, 0, 0)
1449.0663 	EXP 	responser: foreColor = (0, 0, 0)
1449.0830 	EXP 	responser: foreColor = (0, 0, 0)
1449.0997 	EXP 	responser: foreColor = (0, 0, 0)
1449.1164 	EXP 	responser: foreColor = (0, 0, 0)
1449.1331 	EXP 	responser: foreColor = (0, 0, 0)
1449.1498 	EXP 	responser: foreColor = (0, 0, 0)
1449.1663 	EXP 	responser: foreColor = (0, 0, 0)
1449.1831 	EXP 	responser: foreColor = (0, 0, 0)
1449.1997 	EXP 	responser: foreColor = (0, 0, 0)
1449.2164 	EXP 	responser: foreColor = (0, 0, 0)
1449.2331 	EXP 	responser: foreColor = (0, 0, 0)
1449.2497 	EXP 	responser: foreColor = (0, 0, 0)
1449.2664 	EXP 	responser: foreColor = (0, 0, 0)
1449.2830 	EXP 	responser: foreColor = (0, 0, 0)
1449.2997 	EXP 	responser: foreColor = (0, 0, 0)
1449.3164 	EXP 	responser: foreColor = (0, 0, 0)
1449.3331 	EXP 	responser: foreColor = (0, 0, 0)
1449.3497 	EXP 	responser: foreColor = (0, 0, 0)
1449.3664 	EXP 	responser: foreColor = (0, 0, 0)
1449.3830 	EXP 	responser: foreColor = (0, 0, 0)
1449.3997 	EXP 	responser: foreColor = (0, 0, 0)
1449.4164 	EXP 	responser: foreColor = (0, 0, 0)
1449.4331 	EXP 	responser: foreColor = (0, 0, 0)
1449.4497 	EXP 	responser: foreColor = (0, 0, 0)
1449.4664 	EXP 	responser: foreColor = (0, 0, 0)
1449.4832 	EXP 	responser: foreColor = (0, 0, 0)
1449.4998 	EXP 	responser: foreColor = (0, 0, 0)
1449.5164 	EXP 	responser: foreColor = (0, 0, 0)
1449.5331 	EXP 	responser: foreColor = (0, 0, 0)
1449.5497 	EXP 	responser: foreColor = (0, 0, 0)
1449.5664 	EXP 	responser: foreColor = (0, 0, 0)
1449.5831 	EXP 	responser: foreColor = (0, 0, 0)
1449.5998 	EXP 	responser: foreColor = (0, 0, 0)
1449.6165 	EXP 	responser: foreColor = (0, 0, 0)
1449.6331 	EXP 	responser: foreColor = (0, 0, 0)
1449.6498 	EXP 	responser: foreColor = (0, 0, 0)
1449.6665 	EXP 	responser: foreColor = (0, 0, 0)
1449.6831 	EXP 	responser: foreColor = (0, 0, 0)
1449.6998 	EXP 	responser: foreColor = (0, 0, 0)
1449.7165 	EXP 	responser: foreColor = (0, 0, 0)
1449.7331 	EXP 	responser: foreColor = (0, 0, 0)
1449.7498 	EXP 	responser: foreColor = (0, 0, 0)
1449.7665 	EXP 	responser: foreColor = (0, 0, 0)
1449.7832 	EXP 	responser: foreColor = (0, 0, 0)
1449.7998 	EXP 	responser: foreColor = (0, 0, 0)
1449.8165 	EXP 	responser: foreColor = (0, 0, 0)
1449.8331 	EXP 	responser: foreColor = (0, 0, 0)
1449.8498 	EXP 	responser: foreColor = (0, 0, 0)
1449.8665 	EXP 	responser: foreColor = (0, 0, 0)
1449.8831 	EXP 	responser: foreColor = (0, 0, 0)
1449.8998 	EXP 	responser: foreColor = (0, 0, 0)
1449.9165 	EXP 	responser: foreColor = (0, 0, 0)
1449.9331 	EXP 	responser: foreColor = (0, 0, 0)
1449.9498 	EXP 	responser: foreColor = (0, 0, 0)
1449.9665 	EXP 	responser: foreColor = (0, 0, 0)
1449.9831 	EXP 	responser: foreColor = (0, 0, 0)
1449.9998 	EXP 	responser: foreColor = (0, 0, 0)
1450.0165 	EXP 	responser: foreColor = (0, 0, 0)
1450.0165 	EXP 	thermode_locali_pic: autoDraw = False
1450.0331 	EXP 	responser: foreColor = (0, 0, 0)
1450.0337 	EXP 	New trial (rep=1, index=0): None
1450.0498 	EXP 	responser: foreColor = (0, 0, 0)
1450.0498 	EXP 	responsel: autoDraw = False
1450.0498 	EXP 	percu_or: autoDraw = False
1450.0498 	EXP 	responser: autoDraw = False
1450.0498 	EXP 	thermode_locali_pic: autoDraw = False
1450.0498 	EXP 	responsel: autoDraw = False
1450.0498 	EXP 	percu_or: autoDraw = False
1450.0498 	EXP 	responser: autoDraw = False
1450.0498 	EXP 	responsel: foreColor = 'white'
1450.0498 	EXP 	responser: foreColor = 'white'
1450.0498 	EXP 	text_pic: autoDraw = True
1450.0498 	EXP 	croix_3: autoDraw = True
1455.0499 	EXP 	text_pic: autoDraw = False
1455.0499 	EXP 	croix_3: autoDraw = False
1455.0499 	EXP 	text_pic: autoDraw = False
1455.0499 	EXP 	croix_3: autoDraw = False
1455.0499 	EXP 	thermode_locali_pic: height = 0.02
1455.0499 	EXP 	thermode_locali_pic: height = 0.02
1455.0499 	EXP 	thermode_locali_pic: height = 0.02
1455.0499 	EXP 	thermode_locali_pic: text = 'T : 3'
1455.0499 	EXP 	responsel: text = 'OUI              '
1455.0499 	EXP 	thermode_locali_pic: autoDraw = True
1463.0332 	EXP 	responsel: autoDraw = True
1463.0332 	EXP 	percu_or: autoDraw = True
1463.0332 	EXP 	responser: autoDraw = True
1463.5677 	DATA 	Keypress: m
1463.5999 	EXP 	responsel: foreColor = (0, 0, 0)
1463.6166 	EXP 	responsel: foreColor = (0, 0, 0)
1463.6332 	EXP 	responsel: foreColor = (0, 0, 0)
1463.6499 	EXP 	responsel: foreColor = (0, 0, 0)
1463.6665 	EXP 	responsel: foreColor = (0, 0, 0)
1463.6832 	EXP 	responsel: foreColor = (0, 0, 0)
1463.6999 	EXP 	responsel: foreColor = (0, 0, 0)
1463.7166 	EXP 	responsel: foreColor = (0, 0, 0)
1463.7332 	EXP 	responsel: foreColor = (0, 0, 0)
1463.7499 	EXP 	responsel: foreColor = (0, 0, 0)
1463.7666 	EXP 	responsel: foreColor = (0, 0, 0)
1463.7832 	EXP 	responsel: foreColor = (0, 0, 0)
1463.8000 	EXP 	responsel: foreColor = (0, 0, 0)
1463.8166 	EXP 	responsel: foreColor = (0, 0, 0)
1463.8333 	EXP 	responsel: foreColor = (0, 0, 0)
1463.8499 	EXP 	responsel: foreColor = (0, 0, 0)
1463.8667 	EXP 	responsel: foreColor = (0, 0, 0)
1463.8833 	EXP 	responsel: foreColor = (0, 0, 0)
1463.8999 	EXP 	responsel: foreColor = (0, 0, 0)
1463.9166 	EXP 	responsel: foreColor = (0, 0, 0)
1463.9333 	EXP 	responsel: foreColor = (0, 0, 0)
1463.9499 	EXP 	responsel: foreColor = (0, 0, 0)
1463.9666 	EXP 	responsel: foreColor = (0, 0, 0)
1463.9833 	EXP 	responsel: foreColor = (0, 0, 0)
1463.9999 	EXP 	responsel: foreColor = (0, 0, 0)
1464.0166 	EXP 	responsel: foreColor = (0, 0, 0)
1464.0333 	EXP 	responsel: foreColor = (0, 0, 0)
1464.0499 	EXP 	responsel: foreColor = (0, 0, 0)
1464.0666 	EXP 	responsel: foreColor = (0, 0, 0)
1464.0833 	EXP 	responsel: foreColor = (0, 0, 0)
1464.0999 	EXP 	responsel: foreColor = (0, 0, 0)
1464.1166 	EXP 	responsel: foreColor = (0, 0, 0)
1464.1333 	EXP 	responsel: foreColor = (0, 0, 0)
1464.1499 	EXP 	responsel: foreColor = (0, 0, 0)
1464.1666 	EXP 	responsel: foreColor = (0, 0, 0)
1464.1833 	EXP 	responsel: foreColor = (0, 0, 0)
1464.2000 	EXP 	responsel: foreColor = (0, 0, 0)
1464.2166 	EXP 	responsel: foreColor = (0, 0, 0)
1464.2333 	EXP 	responsel: foreColor = (0, 0, 0)
1464.2499 	EXP 	responsel: foreColor = (0, 0, 0)
1464.2666 	EXP 	responsel: foreColor = (0, 0, 0)
1464.2833 	EXP 	responsel: foreColor = (0, 0, 0)
1464.2999 	EXP 	responsel: foreColor = (0, 0, 0)
1464.3166 	EXP 	responsel: foreColor = (0, 0, 0)
1464.3333 	EXP 	responsel: foreColor = (0, 0, 0)
1464.3500 	EXP 	responsel: foreColor = (0, 0, 0)
1464.3666 	EXP 	responsel: foreColor = (0, 0, 0)
1464.3833 	EXP 	responsel: foreColor = (0, 0, 0)
1464.3999 	EXP 	responsel: foreColor = (0, 0, 0)
1464.4166 	EXP 	responsel: foreColor = (0, 0, 0)
1464.4333 	EXP 	responsel: foreColor = (0, 0, 0)
1464.4499 	EXP 	responsel: foreColor = (0, 0, 0)
1464.4667 	EXP 	responsel: foreColor = (0, 0, 0)
1464.4832 	EXP 	responsel: foreColor = (0, 0, 0)
1464.4999 	EXP 	responsel: foreColor = (0, 0, 0)
1464.5166 	EXP 	responsel: foreColor = (0, 0, 0)
1464.5333 	EXP 	responsel: foreColor = (0, 0, 0)
1464.5499 	EXP 	responsel: foreColor = (0, 0, 0)
1464.5666 	EXP 	responsel: foreColor = (0, 0, 0)
1464.5833 	EXP 	responsel: foreColor = (0, 0, 0)
1464.5999 	EXP 	responsel: foreColor = (0, 0, 0)
1464.6166 	EXP 	responsel: foreColor = (0, 0, 0)
1464.6333 	EXP 	responsel: foreColor = (0, 0, 0)
1464.6499 	EXP 	responsel: foreColor = (0, 0, 0)
1464.6666 	EXP 	responsel: foreColor = (0, 0, 0)
1464.6833 	EXP 	responsel: foreColor = (0, 0, 0)
1464.6999 	EXP 	responsel: foreColor = (0, 0, 0)
1464.7166 	EXP 	responsel: foreColor = (0, 0, 0)
1464.7333 	EXP 	responsel: foreColor = (0, 0, 0)
1464.7500 	EXP 	responsel: foreColor = (0, 0, 0)
1464.7666 	EXP 	responsel: foreColor = (0, 0, 0)
1464.7833 	EXP 	responsel: foreColor = (0, 0, 0)
1464.8000 	EXP 	responsel: foreColor = (0, 0, 0)
1464.8167 	EXP 	responsel: foreColor = (0, 0, 0)
1464.8333 	EXP 	responsel: foreColor = (0, 0, 0)
1464.8499 	EXP 	responsel: foreColor = (0, 0, 0)
1464.8666 	EXP 	responsel: foreColor = (0, 0, 0)
1464.8833 	EXP 	responsel: foreColor = (0, 0, 0)
1464.9000 	EXP 	responsel: foreColor = (0, 0, 0)
1464.9166 	EXP 	responsel: foreColor = (0, 0, 0)
1464.9333 	EXP 	responsel: foreColor = (0, 0, 0)
1464.9500 	EXP 	responsel: foreColor = (0, 0, 0)
1464.9666 	EXP 	responsel: foreColor = (0, 0, 0)
1464.9833 	EXP 	responsel: foreColor = (0, 0, 0)
1464.9999 	EXP 	responsel: foreColor = (0, 0, 0)
1465.0166 	EXP 	responsel: foreColor = (0, 0, 0)
1465.0333 	EXP 	responsel: foreColor = (0, 0, 0)
1465.0500 	EXP 	responsel: foreColor = (0, 0, 0)
1465.0666 	EXP 	responsel: foreColor = (0, 0, 0)
1465.0833 	EXP 	responsel: foreColor = (0, 0, 0)
1465.1000 	EXP 	responsel: foreColor = (0, 0, 0)
1465.1167 	EXP 	responsel: foreColor = (0, 0, 0)
1465.1333 	EXP 	responsel: foreColor = (0, 0, 0)
1465.1499 	EXP 	responsel: foreColor = (0, 0, 0)
1465.1666 	EXP 	responsel: foreColor = (0, 0, 0)
1465.1833 	EXP 	responsel: foreColor = (0, 0, 0)
1465.1999 	EXP 	responsel: foreColor = (0, 0, 0)
1465.2166 	EXP 	responsel: foreColor = (0, 0, 0)
1465.2333 	EXP 	responsel: foreColor = (0, 0, 0)
1465.2500 	EXP 	responsel: foreColor = (0, 0, 0)
1465.2665 	EXP 	responsel: foreColor = (0, 0, 0)
1465.2833 	EXP 	responsel: foreColor = (0, 0, 0)
1465.3000 	EXP 	responsel: foreColor = (0, 0, 0)
1465.3166 	EXP 	responsel: foreColor = (0, 0, 0)
1465.3333 	EXP 	responsel: foreColor = (0, 0, 0)
1465.3500 	EXP 	responsel: foreColor = (0, 0, 0)
1465.3666 	EXP 	responsel: foreColor = (0, 0, 0)
1465.3833 	EXP 	responsel: foreColor = (0, 0, 0)
1465.4000 	EXP 	responsel: foreColor = (0, 0, 0)
1465.4166 	EXP 	responsel: foreColor = (0, 0, 0)
1465.4333 	EXP 	responsel: foreColor = (0, 0, 0)
1465.4500 	EXP 	responsel: foreColor = (0, 0, 0)
1465.4667 	EXP 	responsel: foreColor = (0, 0, 0)
1465.4833 	EXP 	responsel: foreColor = (0, 0, 0)
1465.5000 	EXP 	responsel: foreColor = (0, 0, 0)
1465.5166 	EXP 	responsel: foreColor = (0, 0, 0)
1465.5333 	EXP 	responsel: foreColor = (0, 0, 0)
1465.5499 	EXP 	responsel: foreColor = (0, 0, 0)
1465.5666 	EXP 	responsel: foreColor = (0, 0, 0)
1465.5833 	EXP 	responsel: foreColor = (0, 0, 0)
1465.5999 	EXP 	responsel: foreColor = (0, 0, 0)
1465.6166 	EXP 	responsel: foreColor = (0, 0, 0)
1465.6333 	EXP 	responsel: foreColor = (0, 0, 0)
1465.6500 	EXP 	responsel: foreColor = (0, 0, 0)
1465.6666 	EXP 	responsel: foreColor = (0, 0, 0)
1465.6833 	EXP 	responsel: foreColor = (0, 0, 0)
1465.6999 	EXP 	responsel: foreColor = (0, 0, 0)
1465.7167 	EXP 	responsel: foreColor = (0, 0, 0)
1465.7333 	EXP 	responsel: foreColor = (0, 0, 0)
1465.7500 	EXP 	responsel: foreColor = (0, 0, 0)
1465.7667 	EXP 	responsel: foreColor = (0, 0, 0)
1465.7833 	EXP 	responsel: foreColor = (0, 0, 0)
1465.7999 	EXP 	responsel: foreColor = (0, 0, 0)
1465.8166 	EXP 	responsel: foreColor = (0, 0, 0)
1465.8333 	EXP 	responsel: foreColor = (0, 0, 0)
1465.8500 	EXP 	responsel: foreColor = (0, 0, 0)
1465.8666 	EXP 	responsel: foreColor = (0, 0, 0)
1465.8833 	EXP 	responsel: foreColor = (0, 0, 0)
1465.9000 	EXP 	responsel: foreColor = (0, 0, 0)
1465.9166 	EXP 	responsel: foreColor = (0, 0, 0)
1465.9333 	EXP 	responsel: foreColor = (0, 0, 0)
1465.9500 	EXP 	responsel: foreColor = (0, 0, 0)
1465.9666 	EXP 	responsel: foreColor = (0, 0, 0)
1465.9833 	EXP 	responsel: foreColor = (0, 0, 0)
1466.0000 	EXP 	responsel: foreColor = (0, 0, 0)
1466.0000 	EXP 	thermode_locali_pic: autoDraw = False
1466.0166 	EXP 	responsel: foreColor = (0, 0, 0)
1466.0172 	EXP 	New trial (rep=2, index=0): None
1466.0333 	EXP 	responsel: foreColor = (0, 0, 0)
1466.0333 	EXP 	responsel: autoDraw = False
1466.0333 	EXP 	percu_or: autoDraw = False
1466.0333 	EXP 	responser: autoDraw = False
1466.0333 	EXP 	thermode_locali_pic: autoDraw = False
1466.0333 	EXP 	responsel: autoDraw = False
1466.0333 	EXP 	percu_or: autoDraw = False
1466.0333 	EXP 	responser: autoDraw = False
1466.0333 	EXP 	responsel: foreColor = 'white'
1466.0333 	EXP 	responser: foreColor = 'white'
1466.0333 	EXP 	text_pic: autoDraw = True
1466.0333 	EXP 	croix_3: autoDraw = True
1471.0332 	EXP 	text_pic: autoDraw = False
1471.0332 	EXP 	croix_3: autoDraw = False
1471.0332 	EXP 	text_pic: autoDraw = False
1471.0332 	EXP 	croix_3: autoDraw = False
1471.0332 	EXP 	thermode_locali_pic: height = 0.02
1471.0332 	EXP 	thermode_locali_pic: height = 0.02
1471.0332 	EXP 	thermode_locali_pic: height = 0.02
1471.0332 	EXP 	thermode_locali_pic: text = 'T : 0'
1471.0332 	EXP 	responsel: text = 'OUI              '
1471.0332 	EXP 	thermode_locali_pic: autoDraw = True
1479.0168 	EXP 	responsel: autoDraw = True
1479.0168 	EXP 	percu_or: autoDraw = True
1479.0168 	EXP 	responser: autoDraw = True
1479.6679 	DATA 	Keypress: n
1479.7001 	EXP 	responser: foreColor = (0, 0, 0)
1479.7167 	EXP 	responser: foreColor = (0, 0, 0)
1479.7334 	EXP 	responser: foreColor = (0, 0, 0)
1479.7501 	EXP 	responser: foreColor = (0, 0, 0)
1479.7667 	EXP 	responser: foreColor = (0, 0, 0)
1479.7834 	EXP 	responser: foreColor = (0, 0, 0)
1479.8001 	EXP 	responser: foreColor = (0, 0, 0)
1479.8167 	EXP 	responser: foreColor = (0, 0, 0)
1479.8334 	EXP 	responser: foreColor = (0, 0, 0)
1479.8501 	EXP 	responser: foreColor = (0, 0, 0)
1479.8667 	EXP 	responser: foreColor = (0, 0, 0)
1479.8834 	EXP 	responser: foreColor = (0, 0, 0)
1479.9001 	EXP 	responser: foreColor = (0, 0, 0)
1479.9168 	EXP 	responser: foreColor = (0, 0, 0)
1479.9334 	EXP 	responser: foreColor = (0, 0, 0)
1479.9501 	EXP 	responser: foreColor = (0, 0, 0)
1479.9667 	EXP 	responser: foreColor = (0, 0, 0)
1479.9834 	EXP 	responser: foreColor = (0, 0, 0)
1480.0001 	EXP 	responser: foreColor = (0, 0, 0)
1480.0167 	EXP 	responser: foreColor = (0, 0, 0)
1480.0334 	EXP 	responser: foreColor = (0, 0, 0)
1480.0501 	EXP 	responser: foreColor = (0, 0, 0)
1480.0667 	EXP 	responser: foreColor = (0, 0, 0)
1480.0834 	EXP 	responser: foreColor = (0, 0, 0)
1480.1001 	EXP 	responser: foreColor = (0, 0, 0)
1480.1167 	EXP 	responser: foreColor = (0, 0, 0)
1480.1334 	EXP 	responser: foreColor = (0, 0, 0)
1480.1501 	EXP 	responser: foreColor = (0, 0, 0)
1480.1667 	EXP 	responser: foreColor = (0, 0, 0)
1480.1834 	EXP 	responser: foreColor = (0, 0, 0)
1480.2001 	EXP 	responser: foreColor = (0, 0, 0)
1480.2168 	EXP 	responser: foreColor = (0, 0, 0)
1480.2334 	EXP 	responser: foreColor = (0, 0, 0)
1480.2501 	EXP 	responser: foreColor = (0, 0, 0)
1480.2667 	EXP 	responser: foreColor = (0, 0, 0)
1480.2835 	EXP 	responser: foreColor = (0, 0, 0)
1480.3001 	EXP 	responser: foreColor = (0, 0, 0)
1480.3168 	EXP 	responser: foreColor = (0, 0, 0)
1480.3334 	EXP 	responser: foreColor = (0, 0, 0)
1480.3501 	EXP 	responser: foreColor = (0, 0, 0)
1480.3667 	EXP 	responser: foreColor = (0, 0, 0)
1480.3835 	EXP 	responser: foreColor = (0, 0, 0)
1480.4001 	EXP 	responser: foreColor = (0, 0, 0)
1480.4167 	EXP 	responser: foreColor = (0, 0, 0)
1480.4334 	EXP 	responser: foreColor = (0, 0, 0)
1480.4501 	EXP 	responser: foreColor = (0, 0, 0)
1480.4667 	EXP 	responser: foreColor = (0, 0, 0)
1480.4834 	EXP 	responser: foreColor = (0, 0, 0)
1480.5000 	EXP 	responser: foreColor = (0, 0, 0)
1480.5168 	EXP 	responser: foreColor = (0, 0, 0)
1480.5334 	EXP 	responser: foreColor = (0, 0, 0)
1480.5501 	EXP 	responser: foreColor = (0, 0, 0)
1480.5668 	EXP 	responser: foreColor = (0, 0, 0)
1480.5834 	EXP 	responser: foreColor = (0, 0, 0)
1480.6001 	EXP 	responser: foreColor = (0, 0, 0)
1480.6168 	EXP 	responser: foreColor = (0, 0, 0)
1480.6334 	EXP 	responser: foreColor = (0, 0, 0)
1480.6501 	EXP 	responser: foreColor = (0, 0, 0)
1480.6668 	EXP 	responser: foreColor = (0, 0, 0)
1480.6835 	EXP 	responser: foreColor = (0, 0, 0)
1480.7001 	EXP 	responser: foreColor = (0, 0, 0)
1480.7168 	EXP 	responser: foreColor = (0, 0, 0)
1480.7334 	EXP 	responser: foreColor = (0, 0, 0)
1480.7501 	EXP 	responser: foreColor = (0, 0, 0)
1480.7668 	EXP 	responser: foreColor = (0, 0, 0)
1480.7834 	EXP 	responser: foreColor = (0, 0, 0)
1480.8001 	EXP 	responser: foreColor = (0, 0, 0)
1480.8167 	EXP 	responser: foreColor = (0, 0, 0)
1480.8334 	EXP 	responser: foreColor = (0, 0, 0)
1480.8501 	EXP 	responser: foreColor = (0, 0, 0)
1480.8668 	EXP 	responser: foreColor = (0, 0, 0)
1480.8834 	EXP 	responser: foreColor = (0, 0, 0)
1480.9001 	EXP 	responser: foreColor = (0, 0, 0)
1480.9168 	EXP 	responser: foreColor = (0, 0, 0)
1480.9334 	EXP 	responser: foreColor = (0, 0, 0)
1480.9501 	EXP 	responser: foreColor = (0, 0, 0)
1480.9668 	EXP 	responser: foreColor = (0, 0, 0)
1480.9835 	EXP 	responser: foreColor = (0, 0, 0)
1481.0001 	EXP 	responser: foreColor = (0, 0, 0)
1481.0168 	EXP 	responser: foreColor = (0, 0, 0)
1481.0334 	EXP 	responser: foreColor = (0, 0, 0)
1481.0501 	EXP 	responser: foreColor = (0, 0, 0)
1481.0668 	EXP 	responser: foreColor = (0, 0, 0)
1481.0834 	EXP 	responser: foreColor = (0, 0, 0)
1481.1001 	EXP 	responser: foreColor = (0, 0, 0)
1481.1167 	EXP 	responser: foreColor = (0, 0, 0)
1481.1334 	EXP 	responser: foreColor = (0, 0, 0)
1481.1501 	EXP 	responser: foreColor = (0, 0, 0)
1481.1668 	EXP 	responser: foreColor = (0, 0, 0)
1481.1834 	EXP 	responser: foreColor = (0, 0, 0)
1481.2001 	EXP 	responser: foreColor = (0, 0, 0)
1481.2168 	EXP 	responser: foreColor = (0, 0, 0)
1481.2334 	EXP 	responser: foreColor = (0, 0, 0)
1481.2501 	EXP 	responser: foreColor = (0, 0, 0)
1481.2668 	EXP 	responser: foreColor = (0, 0, 0)
1481.2835 	EXP 	responser: foreColor = (0, 0, 0)
1481.3001 	EXP 	responser: foreColor = (0, 0, 0)
1481.3168 	EXP 	responser: foreColor = (0, 0, 0)
1481.3334 	EXP 	responser: foreColor = (0, 0, 0)
1481.3501 	EXP 	responser: foreColor = (0, 0, 0)
1481.3668 	EXP 	responser: foreColor = (0, 0, 0)
1481.3834 	EXP 	responser: foreColor = (0, 0, 0)
1481.4001 	EXP 	responser: foreColor = (0, 0, 0)
1481.4167 	EXP 	responser: foreColor = (0, 0, 0)
1481.4334 	EXP 	responser: foreColor = (0, 0, 0)
1481.4501 	EXP 	responser: foreColor = (0, 0, 0)
1481.4668 	EXP 	responser: foreColor = (0, 0, 0)
1481.4834 	EXP 	responser: foreColor = (0, 0, 0)
1481.5001 	EXP 	responser: foreColor = (0, 0, 0)
1481.5168 	EXP 	responser: foreColor = (0, 0, 0)
1481.5334 	EXP 	responser: foreColor = (0, 0, 0)
1481.5501 	EXP 	responser: foreColor = (0, 0, 0)
1481.5668 	EXP 	responser: foreColor = (0, 0, 0)
1481.5835 	EXP 	responser: foreColor = (0, 0, 0)
1481.6001 	EXP 	responser: foreColor = (0, 0, 0)
1481.6168 	EXP 	responser: foreColor = (0, 0, 0)
1481.6334 	EXP 	responser: foreColor = (0, 0, 0)
1481.6501 	EXP 	responser: foreColor = (0, 0, 0)
1481.6668 	EXP 	responser: foreColor = (0, 0, 0)
1481.6834 	EXP 	responser: foreColor = (0, 0, 0)
1481.7001 	EXP 	responser: foreColor = (0, 0, 0)
1481.7167 	EXP 	responser: foreColor = (0, 0, 0)
1481.7334 	EXP 	responser: foreColor = (0, 0, 0)
1481.7501 	EXP 	responser: foreColor = (0, 0, 0)
1481.7668 	EXP 	responser: foreColor = (0, 0, 0)
1481.7834 	EXP 	responser: foreColor = (0, 0, 0)
1481.8001 	EXP 	responser: foreColor = (0, 0, 0)
1481.8168 	EXP 	responser: foreColor = (0, 0, 0)
1481.8334 	EXP 	responser: foreColor = (0, 0, 0)
1481.8501 	EXP 	responser: foreColor = (0, 0, 0)
1481.8668 	EXP 	responser: foreColor = (0, 0, 0)
1481.8834 	EXP 	responser: foreColor = (0, 0, 0)
1481.9001 	EXP 	responser: foreColor = (0, 0, 0)
1481.9168 	EXP 	responser: foreColor = (0, 0, 0)
1481.9334 	EXP 	responser: foreColor = (0, 0, 0)
1481.9501 	EXP 	responser: foreColor = (0, 0, 0)
1481.9668 	EXP 	responser: foreColor = (0, 0, 0)
1481.9834 	EXP 	responser: foreColor = (0, 0, 0)
1481.9834 	EXP 	thermode_locali_pic: autoDraw = False
1482.0001 	EXP 	responser: foreColor = (0, 0, 0)
1482.0006 	EXP 	New trial (rep=3, index=0): None
1482.0168 	EXP 	responser: foreColor = (0, 0, 0)
1482.0168 	EXP 	responsel: autoDraw = False
1482.0168 	EXP 	percu_or: autoDraw = False
1482.0168 	EXP 	responser: autoDraw = False
1482.0168 	EXP 	thermode_locali_pic: autoDraw = False
1482.0168 	EXP 	responsel: autoDraw = False
1482.0168 	EXP 	percu_or: autoDraw = False
1482.0168 	EXP 	responser: autoDraw = False
1482.0168 	EXP 	responsel: foreColor = 'white'
1482.0168 	EXP 	responser: foreColor = 'white'
1482.0168 	EXP 	text_pic: autoDraw = True
1482.0168 	EXP 	croix_3: autoDraw = True
1487.0169 	EXP 	text_pic: autoDraw = False
1487.0169 	EXP 	croix_3: autoDraw = False
1487.0169 	EXP 	text_pic: autoDraw = False
1487.0169 	EXP 	croix_3: autoDraw = False
1487.0169 	EXP 	thermode_locali_pic: height = 0.02
1487.0169 	EXP 	thermode_locali_pic: height = 0.02
1487.0169 	EXP 	thermode_locali_pic: height = 0.02
1487.0169 	EXP 	thermode_locali_pic: text = 'T : 1'
1487.0169 	EXP 	responsel: text = 'OUI              '
1487.0169 	EXP 	thermode_locali_pic: autoDraw = True
1495.0002 	EXP 	responsel: autoDraw = True
1495.0002 	EXP 	percu_or: autoDraw = True
1495.0002 	EXP 	responser: autoDraw = True
1495.9848 	DATA 	Keypress: n
1496.0169 	EXP 	responser: foreColor = (0, 0, 0)
1496.0336 	EXP 	responser: foreColor = (0, 0, 0)
1496.0503 	EXP 	responser: foreColor = (0, 0, 0)
1496.0669 	EXP 	responser: foreColor = (0, 0, 0)
1496.0836 	EXP 	responser: foreColor = (0, 0, 0)
1496.1003 	EXP 	responser: foreColor = (0, 0, 0)
1496.1169 	EXP 	responser: foreColor = (0, 0, 0)
1496.1336 	EXP 	responser: foreColor = (0, 0, 0)
1496.1503 	EXP 	responser: foreColor = (0, 0, 0)
1496.1670 	EXP 	responser: foreColor = (0, 0, 0)
1496.1836 	EXP 	responser: foreColor = (0, 0, 0)
1496.2002 	EXP 	responser: foreColor = (0, 0, 0)
1496.2170 	EXP 	responser: foreColor = (0, 0, 0)
1496.2336 	EXP 	responser: foreColor = (0, 0, 0)
1496.2503 	EXP 	responser: foreColor = (0, 0, 0)
1496.2669 	EXP 	responser: foreColor = (0, 0, 0)
1496.2836 	EXP 	responser: foreColor = (0, 0, 0)
1496.3003 	EXP 	responser: foreColor = (0, 0, 0)
1496.3169 	EXP 	responser: foreColor = (0, 0, 0)
1496.3336 	EXP 	responser: foreColor = (0, 0, 0)
1496.3503 	EXP 	responser: foreColor = (0, 0, 0)
1496.3669 	EXP 	responser: foreColor = (0, 0, 0)
1496.3836 	EXP 	responser: foreColor = (0, 0, 0)
1496.4003 	EXP 	responser: foreColor = (0, 0, 0)
1496.4169 	EXP 	responser: foreColor = (0, 0, 0)
1496.4336 	EXP 	responser: foreColor = (0, 0, 0)
1496.4503 	EXP 	responser: foreColor = (0, 0, 0)
1496.4670 	EXP 	responser: foreColor = (0, 0, 0)
1496.4836 	EXP 	responser: foreColor = (0, 0, 0)
1496.5003 	EXP 	responser: foreColor = (0, 0, 0)
1496.5169 	EXP 	responser: foreColor = (0, 0, 0)
1496.5336 	EXP 	responser: foreColor = (0, 0, 0)
1496.5502 	EXP 	responser: foreColor = (0, 0, 0)
1496.5670 	EXP 	responser: foreColor = (0, 0, 0)
1496.5837 	EXP 	responser: foreColor = (0, 0, 0)
1496.6003 	EXP 	responser: foreColor = (0, 0, 0)
1496.6169 	EXP 	responser: foreColor = (0, 0, 0)
1496.6336 	EXP 	responser: foreColor = (0, 0, 0)
1496.6503 	EXP 	responser: foreColor = (0, 0, 0)
1496.6670 	EXP 	responser: foreColor = (0, 0, 0)
1496.6836 	EXP 	responser: foreColor = (0, 0, 0)
1496.7003 	EXP 	responser: foreColor = (0, 0, 0)
1496.7170 	EXP 	responser: foreColor = (0, 0, 0)
1496.7336 	EXP 	responser: foreColor = (0, 0, 0)
1496.7503 	EXP 	responser: foreColor = (0, 0, 0)
1496.7670 	EXP 	responser: foreColor = (0, 0, 0)
1496.7836 	EXP 	responser: foreColor = (0, 0, 0)
1496.8003 	EXP 	responser: foreColor = (0, 0, 0)
1496.8170 	EXP 	responser: foreColor = (0, 0, 0)
1496.8336 	EXP 	responser: foreColor = (0, 0, 0)
1496.8502 	EXP 	responser: foreColor = (0, 0, 0)
1496.8669 	EXP 	responser: foreColor = (0, 0, 0)
1496.8836 	EXP 	responser: foreColor = (0, 0, 0)
1496.9003 	EXP 	responser: foreColor = (0, 0, 0)
1496.9169 	EXP 	responser: foreColor = (0, 0, 0)
1496.9336 	EXP 	responser: foreColor = (0, 0, 0)
1496.9503 	EXP 	responser: foreColor = (0, 0, 0)
1496.9669 	EXP 	responser: foreColor = (0, 0, 0)
1496.9836 	EXP 	responser: foreColor = (0, 0, 0)
1497.0003 	EXP 	responser: foreColor = (0, 0, 0)
1497.0170 	EXP 	responser: foreColor = (0, 0, 0)
1497.0336 	EXP 	responser: foreColor = (0, 0, 0)
1497.0503 	EXP 	responser: foreColor = (0, 0, 0)
1497.0670 	EXP 	responser: foreColor = (0, 0, 0)
1497.0836 	EXP 	responser: foreColor = (0, 0, 0)
1497.1003 	EXP 	responser: foreColor = (0, 0, 0)
1497.1170 	EXP 	responser: foreColor = (0, 0, 0)
1497.1336 	EXP 	responser: foreColor = (0, 0, 0)
1497.1503 	EXP 	responser: foreColor = (0, 0, 0)
1497.1669 	EXP 	responser: foreColor = (0, 0, 0)
1497.1835 	EXP 	responser: foreColor = (0, 0, 0)
1497.2003 	EXP 	responser: foreColor = (0, 0, 0)
1497.2170 	EXP 	responser: foreColor = (0, 0, 0)
1497.2336 	EXP 	responser: foreColor = (0, 0, 0)
1497.2503 	EXP 	responser: foreColor = (0, 0, 0)
1497.2669 	EXP 	responser: foreColor = (0, 0, 0)
1497.2836 	EXP 	responser: foreColor = (0, 0, 0)
1497.3003 	EXP 	responser: foreColor = (0, 0, 0)
1497.3169 	EXP 	responser: foreColor = (0, 0, 0)
1497.3336 	EXP 	responser: foreColor = (0, 0, 0)
1497.3503 	EXP 	responser: foreColor = (0, 0, 0)
1497.3669 	EXP 	responser: foreColor = (0, 0, 0)
1497.3836 	EXP 	responser: foreColor = (0, 0, 0)
1497.4003 	EXP 	responser: foreColor = (0, 0, 0)
1497.4169 	EXP 	responser: foreColor = (0, 0, 0)
1497.4336 	EXP 	responser: foreColor = (0, 0, 0)
1497.4503 	EXP 	responser: foreColor = (0, 0, 0)
1497.4668 	EXP 	responser: foreColor = (0, 0, 0)
1497.4836 	EXP 	responser: foreColor = (0, 0, 0)
1497.5003 	EXP 	responser: foreColor = (0, 0, 0)
1497.5169 	EXP 	responser: foreColor = (0, 0, 0)
1497.5336 	EXP 	responser: foreColor = (0, 0, 0)
1497.5503 	EXP 	responser: foreColor = (0, 0, 0)
1497.5669 	EXP 	responser: foreColor = (0, 0, 0)
1497.5836 	EXP 	responser: foreColor = (0, 0, 0)
1497.6003 	EXP 	responser: foreColor = (0, 0, 0)
1497.6169 	EXP 	responser: foreColor = (0, 0, 0)
1497.6336 	EXP 	responser: foreColor = (0, 0, 0)
1497.6503 	EXP 	responser: foreColor = (0, 0, 0)
1497.6670 	EXP 	responser: foreColor = (0, 0, 0)
1497.6836 	EXP 	responser: foreColor = (0, 0, 0)
1497.7003 	EXP 	responser: foreColor = (0, 0, 0)
1497.7169 	EXP 	responser: foreColor = (0, 0, 0)
1497.7336 	EXP 	responser: foreColor = (0, 0, 0)
1497.7503 	EXP 	responser: foreColor = (0, 0, 0)
1497.7670 	EXP 	responser: foreColor = (0, 0, 0)
1497.7836 	EXP 	responser: foreColor = (0, 0, 0)
1497.8003 	EXP 	responser: foreColor = (0, 0, 0)
1497.8169 	EXP 	responser: foreColor = (0, 0, 0)
1497.8336 	EXP 	responser: foreColor = (0, 0, 0)
1497.8503 	EXP 	responser: foreColor = (0, 0, 0)
1497.8670 	EXP 	responser: foreColor = (0, 0, 0)
1497.8836 	EXP 	responser: foreColor = (0, 0, 0)
1497.9003 	EXP 	responser: foreColor = (0, 0, 0)
1497.9169 	EXP 	responser: foreColor = (0, 0, 0)
1497.9337 	EXP 	responser: foreColor = (0, 0, 0)
1497.9503 	EXP 	responser: foreColor = (0, 0, 0)
1497.9670 	EXP 	responser: foreColor = (0, 0, 0)
1497.9670 	EXP 	thermode_locali_pic: autoDraw = False
1497.9836 	EXP 	responser: foreColor = (0, 0, 0)
1497.9841 	EXP 	New trial (rep=1, index=0): None
1498.0003 	EXP 	responser: foreColor = (0, 0, 0)
1498.0003 	EXP 	responsel: autoDraw = False
1498.0003 	EXP 	percu_or: autoDraw = False
1498.0003 	EXP 	responser: autoDraw = False
1498.0003 	EXP 	thermode_locali_pic: autoDraw = False
1498.0003 	EXP 	responsel: autoDraw = False
1498.0003 	EXP 	percu_or: autoDraw = False
1498.0003 	EXP 	responser: autoDraw = False
1498.0003 	EXP 	responsel: foreColor = 'white'
1498.0003 	EXP 	responser: foreColor = 'white'
1498.0003 	EXP 	text_7: autoDraw = True
1498.7339 	EXP 	Created sequence: random, trialTypes=1, nReps=2, seed=None
1498.7339 	EXP 	New trial (rep=0, index=0): None
1498.7355 	DATA 	Keypress: p
1498.7503 	EXP 	text_7: autoDraw = False
1498.7503 	EXP 	text_eva: autoDraw = True
1498.7503 	EXP 	croix_2: autoDraw = True
1503.7503 	EXP 	text_eva: autoDraw = False
1503.7503 	EXP 	croix_2: autoDraw = False
1503.7503 	EXP 	text_eva: autoDraw = False
1503.7503 	EXP 	croix_2: autoDraw = False
1503.7503 	EXP 	thermode_locali_EVA: autoDraw = True
1515.7341 	EXP 	window1: mouseVisible = True
1515.7350 	EXP 	Created unnamed Rect = Rect(__class__=<class 'psychopy.visual.rect.Rect'>, anchor=('center', 'center'), autoDraw=False, autoLog=True, closeShape=True, color=method-wrapper(...), colorSpace='rgb', contrast=None, depth=0, draggable=False, fillColor=array([1, 1, 1]), fillColorSpace='rgb', fillRGB=array([1, 1, 1]), interpolate=True, lineColor=array([1., 1., 1.]), lineColorSpace='rgb', lineRGB=array([1, 1, 1]), lineWidth=1.5, name='unnamed Rect', opacity=1.0, ori=0.0, pos=array([0., 0.]), size=array([0.01, 0.1 ]), units='norm', vertices=ndarray(...), win=Window(...))
1515.7351 	EXP 	window1: mouseVisible = True
1515.7352 	EXP 	window1: mouseVisible = True
1515.7356 	EXP 	window1: mouseVisible = True
1515.7368 	EXP 	window1: mouseVisible = True
1515.7378 	EXP 	window1: mouseVisible = True
1515.7380 	EXP 	window1: mouseVisible = True
1515.7381 	EXP 	window1: mouseVisible = True
1515.7383 	EXP 	window1: mouseVisible = True
1515.7384 	EXP 	window1: mouseVisible = True
1515.7386 	EXP 	window1: mouseVisible = True
1515.7387 	EXP 	window1: mouseVisible = True
1515.7388 	EXP 	window1: mouseVisible = True
1515.7390 	EXP 	window1: mouseVisible = True
1515.7391 	EXP 	window1: mouseVisible = True
1515.7392 	EXP 	window1: mouseVisible = True
1515.7393 	EXP 	window1: mouseVisible = True
1515.7395 	EXP 	window1: mouseVisible = True
1515.7397 	EXP 	window1: mouseVisible = True
1515.7398 	EXP 	window1: mouseVisible = True
1515.7400 	EXP 	window1: mouseVisible = True
1515.7401 	EXP 	window1: mouseVisible = True
1515.7403 	EXP 	window1: mouseVisible = True
1515.7405 	EXP 	window1: mouseVisible = True
1515.7408 	EXP 	window1: mouseVisible = True
1515.7410 	EXP 	window1: mouseVisible = True
1515.7412 	EXP 	window1: mouseVisible = True
1515.7414 	EXP 	window1: mouseVisible = True
1515.7416 	EXP 	window1: mouseVisible = True
1515.7417 	EXP 	window1: mouseVisible = True
1515.7419 	EXP 	window1: mouseVisible = True
1515.7421 	EXP 	window1: mouseVisible = True
1515.7423 	EXP 	window1: mouseVisible = True
1515.7425 	EXP 	window1: mouseVisible = True
1515.7427 	EXP 	window1: mouseVisible = True
1515.7428 	EXP 	window1: mouseVisible = True
1515.7430 	EXP 	window1: mouseVisible = True
1515.7431 	EXP 	window1: mouseVisible = True
1515.7432 	EXP 	window1: mouseVisible = True
1515.7434 	EXP 	window1: mouseVisible = True
1515.7435 	EXP 	window1: mouseVisible = True
1515.7436 	EXP 	window1: mouseVisible = True
1515.7438 	EXP 	window1: mouseVisible = True
1515.7439 	EXP 	window1: mouseVisible = True
1515.7440 	EXP 	window1: mouseVisible = True
1515.7442 	EXP 	window1: mouseVisible = True
1515.7443 	EXP 	window1: mouseVisible = True
1515.7444 	EXP 	window1: mouseVisible = True
1515.7445 	EXP 	window1: mouseVisible = True
1515.7447 	EXP 	window1: mouseVisible = True
1515.7451 	EXP 	window1: mouseVisible = True
1515.7453 	EXP 	window1: mouseVisible = True
1515.7454 	EXP 	window1: mouseVisible = True
1515.7455 	EXP 	window1: mouseVisible = True
1515.7457 	EXP 	window1: mouseVisible = True
1515.7458 	EXP 	window1: mouseVisible = True
1515.7459 	EXP 	window1: mouseVisible = True
1515.7461 	EXP 	window1: mouseVisible = True
1515.7462 	EXP 	window1: mouseVisible = True
1515.7463 	EXP 	window1: mouseVisible = True
1515.7465 	EXP 	window1: mouseVisible = True
1515.7466 	EXP 	window1: mouseVisible = True
1515.7467 	EXP 	window1: mouseVisible = True
1515.7468 	EXP 	window1: mouseVisible = True
1515.7470 	EXP 	window1: mouseVisible = True
1515.7471 	EXP 	window1: mouseVisible = True
1515.7472 	EXP 	window1: mouseVisible = True
1515.7473 	EXP 	window1: mouseVisible = True
1515.7475 	EXP 	window1: mouseVisible = True
1515.7476 	EXP 	window1: mouseVisible = True
1515.7477 	EXP 	window1: mouseVisible = True
1515.7479 	EXP 	window1: mouseVisible = True
1515.7480 	EXP 	window1: mouseVisible = True
1515.7481 	EXP 	window1: mouseVisible = True
1515.7482 	EXP 	window1: mouseVisible = True
1515.7484 	EXP 	window1: mouseVisible = True
1515.7485 	EXP 	window1: mouseVisible = True
1515.7486 	EXP 	window1: mouseVisible = True
1515.7487 	EXP 	window1: mouseVisible = True
1515.7489 	EXP 	window1: mouseVisible = True
1515.7490 	EXP 	window1: mouseVisible = True
1515.7491 	EXP 	window1: mouseVisible = True
1515.7493 	EXP 	window1: mouseVisible = True
1515.7494 	EXP 	window1: mouseVisible = True
1515.7495 	EXP 	window1: mouseVisible = True
1515.7496 	EXP 	window1: mouseVisible = True
1515.7498 	EXP 	window1: mouseVisible = True
1515.7499 	EXP 	window1: mouseVisible = True
1515.7500 	EXP 	window1: mouseVisible = True
1515.7502 	EXP 	window1: mouseVisible = True
1515.7503 	EXP 	window1: mouseVisible = True
1515.7504 	EXP 	window1: mouseVisible = True
1515.7505 	EXP 	window1: mouseVisible = True
1515.7507 	EXP 	window1: mouseVisible = True
1515.7508 	EXP 	window1: mouseVisible = True
1515.7509 	EXP 	window1: mouseVisible = True
1515.7511 	EXP 	window1: mouseVisible = True
1515.7512 	EXP 	window1: mouseVisible = True
1515.7513 	EXP 	window1: mouseVisible = True
1515.7515 	EXP 	window1: mouseVisible = True
1515.7516 	EXP 	window1: mouseVisible = True
1515.7517 	EXP 	window1: mouseVisible = True
1515.7518 	EXP 	window1: mouseVisible = True
1515.7520 	EXP 	window1: mouseVisible = True
1515.7521 	EXP 	window1: mouseVisible = True
1515.7542 	EXP 	Created ratingScale = RatingScale(__class__=type(...), acceptKeys=['return'], acceptPreText=UNKNOWN, acceptSize=UNKNOWN, acceptText=UNKNOWN, autoLog=True, choices=False, colorSpace='rgb', depth=0, disappear=False, flipVert=False, high=100, kwargs=UNKNOWN, labels=list(...), leftKeys=['left'], lineColor=(255, 255, 255), low=0, marker=Rect(...), markerColor=(255, 255, 255), markerExpansion=UNKNOWN, markerStart=0.5, maxTime=0.0, minTime=0.4, mouseOnly=False, name='ratingScale', noMouse=False, pos=[0.0, 0.0], precision=100, respKeys=[], rightKeys=['right'], scale=None, self=UNKNOWN, showAccept=False, showValue=False, singleClick=False, size=0.6, skipKeys=['tab'], stretch=2.0, textColor='white', textFont='Helvetica Bold', textSize=0.144, tickHeight=0, tickMarks=10.0, win=Window(...))
1515.7542 	EXP 	RatingScale ratingScale: reset()
1515.7563 	EXP 	window1: mouseVisible = False
1515.7672 	EXP 	thermode_locali_EVA: autoDraw = False
1515.7672 	EXP 	ratingScale: flipVert = False
1515.7672 	EXP 	ratingScale: autoLog = True
1515.7687 	EXP 	window1: mouseVisible = False
1515.7853 	EXP 	window1: mouseVisible = False
1515.8019 	EXP 	window1: mouseVisible = False
1515.8186 	EXP 	window1: mouseVisible = False
1515.8352 	EXP 	window1: mouseVisible = False
1515.8520 	EXP 	window1: mouseVisible = False
1515.8686 	EXP 	window1: mouseVisible = False
1515.8854 	EXP 	window1: mouseVisible = False
1515.9018 	EXP 	window1: mouseVisible = False
1515.9186 	EXP 	window1: mouseVisible = False
1515.9352 	EXP 	window1: mouseVisible = False
1515.9519 	EXP 	window1: mouseVisible = False
1515.9686 	EXP 	window1: mouseVisible = False
1515.9852 	EXP 	window1: mouseVisible = False
1516.0018 	EXP 	window1: mouseVisible = False
1516.0186 	EXP 	window1: mouseVisible = False
1516.0354 	EXP 	window1: mouseVisible = False
1516.0520 	EXP 	window1: mouseVisible = False
1516.0686 	EXP 	window1: mouseVisible = False
1516.0854 	EXP 	window1: mouseVisible = False
1516.1020 	EXP 	window1: mouseVisible = False
1516.1186 	EXP 	window1: mouseVisible = False
1516.1352 	EXP 	window1: mouseVisible = False
1516.1519 	EXP 	window1: mouseVisible = False
1516.1686 	EXP 	window1: mouseVisible = False
1516.1851 	EXP 	window1: mouseVisible = False
1516.2018 	EXP 	window1: mouseVisible = False
1516.2185 	EXP 	window1: mouseVisible = False
1516.2352 	EXP 	window1: mouseVisible = False
1516.2519 	EXP 	window1: mouseVisible = False
1516.2686 	EXP 	window1: mouseVisible = False
1516.2852 	EXP 	window1: mouseVisible = False
1516.3019 	EXP 	window1: mouseVisible = False
1516.3185 	EXP 	window1: mouseVisible = False
1516.3353 	EXP 	window1: mouseVisible = False
1516.3519 	EXP 	window1: mouseVisible = False
1516.3686 	EXP 	window1: mouseVisible = False
1516.3852 	EXP 	window1: mouseVisible = False
1516.4019 	EXP 	window1: mouseVisible = False
1516.4186 	EXP 	window1: mouseVisible = False
1516.4352 	EXP 	window1: mouseVisible = False
1516.4519 	EXP 	window1: mouseVisible = False
1516.4686 	EXP 	window1: mouseVisible = False
1516.4852 	EXP 	window1: mouseVisible = False
1516.5020 	EXP 	window1: mouseVisible = False
1516.5185 	EXP 	window1: mouseVisible = False
1516.5352 	EXP 	window1: mouseVisible = False
1516.5519 	EXP 	window1: mouseVisible = False
1516.5686 	EXP 	window1: mouseVisible = False
1516.5852 	EXP 	window1: mouseVisible = False
1516.6019 	EXP 	window1: mouseVisible = False
1516.6185 	EXP 	window1: mouseVisible = False
1516.6352 	EXP 	window1: mouseVisible = False
1516.6519 	EXP 	window1: mouseVisible = False
1516.6686 	EXP 	window1: mouseVisible = False
1516.6852 	EXP 	window1: mouseVisible = False
1516.7019 	EXP 	window1: mouseVisible = False
1516.7185 	EXP 	window1: mouseVisible = False
1516.7352 	EXP 	window1: mouseVisible = False
1516.7518 	EXP 	window1: mouseVisible = False
1516.7685 	EXP 	window1: mouseVisible = False
1516.7853 	EXP 	window1: mouseVisible = False
1516.8020 	EXP 	window1: mouseVisible = False
1516.8186 	EXP 	window1: mouseVisible = False
1516.8352 	EXP 	window1: mouseVisible = False
1516.8519 	EXP 	window1: mouseVisible = False
1516.8685 	EXP 	window1: mouseVisible = False
1516.8852 	EXP 	window1: mouseVisible = False
1516.9015 	DATA 	Keypress: n
1516.9021 	EXP 	window1: mouseVisible = False
1516.9186 	EXP 	window1: mouseVisible = False
1516.9352 	EXP 	window1: mouseVisible = False
1516.9520 	EXP 	window1: mouseVisible = False
1516.9687 	EXP 	window1: mouseVisible = False
1516.9853 	EXP 	window1: mouseVisible = False
1517.0019 	EXP 	window1: mouseVisible = False
1517.0186 	EXP 	window1: mouseVisible = False
1517.0352 	EXP 	window1: mouseVisible = False
1517.0519 	EXP 	window1: mouseVisible = False
1517.0689 	EXP 	window1: mouseVisible = False
1517.0853 	EXP 	window1: mouseVisible = False
1517.1020 	EXP 	window1: mouseVisible = False
1517.1185 	EXP 	window1: mouseVisible = False
1517.1353 	EXP 	window1: mouseVisible = False
1517.1520 	EXP 	window1: mouseVisible = False
1517.1685 	EXP 	window1: mouseVisible = False
1517.1852 	EXP 	window1: mouseVisible = False
1517.2019 	EXP 	window1: mouseVisible = False
1517.2186 	EXP 	window1: mouseVisible = False
1517.2353 	EXP 	window1: mouseVisible = False
1517.2519 	EXP 	window1: mouseVisible = False
1517.2686 	EXP 	window1: mouseVisible = False
1517.2856 	EXP 	window1: mouseVisible = False
1517.3019 	EXP 	window1: mouseVisible = False
1517.3187 	EXP 	window1: mouseVisible = False
1517.3354 	EXP 	window1: mouseVisible = False
1517.3520 	EXP 	window1: mouseVisible = False
1517.3687 	EXP 	window1: mouseVisible = False
1517.3854 	EXP 	window1: mouseVisible = False
1517.4021 	EXP 	window1: mouseVisible = False
1517.4186 	EXP 	window1: mouseVisible = False
1517.4353 	EXP 	window1: mouseVisible = False
1517.4520 	EXP 	window1: mouseVisible = False
1517.4686 	EXP 	window1: mouseVisible = False
1517.4852 	EXP 	window1: mouseVisible = False
1517.5019 	EXP 	window1: mouseVisible = False
1517.5185 	EXP 	window1: mouseVisible = False
1517.5352 	EXP 	window1: mouseVisible = False
1517.5519 	EXP 	window1: mouseVisible = False
1517.5686 	EXP 	window1: mouseVisible = False
1517.5852 	EXP 	window1: mouseVisible = False
1517.6019 	EXP 	window1: mouseVisible = False
1517.6186 	EXP 	window1: mouseVisible = False
1517.6360 	DATA 	Keypress: space
1517.7363 	EXP 	New trial (rep=1, index=0): None
1517.7505 	EXP 	main_text: autoDraw = True
1517.7505 	EXP 	confirm_text: autoDraw = True
1517.7505 	EXP 	ratingScale: autoDraw = False
1517.7505 	EXP 	main_text: autoDraw = False
1517.7505 	EXP 	confirm_text: autoDraw = False
1517.7505 	EXP 	text_eva: autoDraw = True
1517.7505 	EXP 	croix_2: autoDraw = True
1522.7507 	EXP 	text_eva: autoDraw = False
1522.7507 	EXP 	croix_2: autoDraw = False
1522.7507 	EXP 	text_eva: autoDraw = False
1522.7507 	EXP 	croix_2: autoDraw = False
1522.7507 	EXP 	thermode_locali_EVA: autoDraw = True
1534.7344 	EXP 	window1: mouseVisible = True
1534.7353 	EXP 	Created unnamed Rect = Rect(__class__=<class 'psychopy.visual.rect.Rect'>, anchor=('center', 'center'), autoDraw=False, autoLog=True, closeShape=True, color=method-wrapper(...), colorSpace='rgb', contrast=None, depth=0, draggable=False, fillColor=array([1, 1, 1]), fillColorSpace='rgb', fillRGB=array([1, 1, 1]), interpolate=True, lineColor=array([1., 1., 1.]), lineColorSpace='rgb', lineRGB=array([1, 1, 1]), lineWidth=1.5, name='unnamed Rect', opacity=1.0, ori=0.0, pos=array([0., 0.]), size=array([0.01, 0.1 ]), units='norm', vertices=ndarray(...), win=Window(...))
1534.7353 	EXP 	window1: mouseVisible = True
1534.7354 	EXP 	window1: mouseVisible = True
1534.7359 	EXP 	window1: mouseVisible = True
1534.7371 	EXP 	window1: mouseVisible = True
1534.7382 	EXP 	window1: mouseVisible = True
1534.7384 	EXP 	window1: mouseVisible = True
1534.7385 	EXP 	window1: mouseVisible = True
1534.7387 	EXP 	window1: mouseVisible = True
1534.7388 	EXP 	window1: mouseVisible = True
1534.7389 	EXP 	window1: mouseVisible = True
1534.7391 	EXP 	window1: mouseVisible = True
1534.7392 	EXP 	window1: mouseVisible = True
1534.7393 	EXP 	window1: mouseVisible = True
1534.7395 	EXP 	window1: mouseVisible = True
1534.7396 	EXP 	window1: mouseVisible = True
1534.7397 	EXP 	window1: mouseVisible = True
1534.7398 	EXP 	window1: mouseVisible = True
1534.7400 	EXP 	window1: mouseVisible = True
1534.7401 	EXP 	window1: mouseVisible = True
1534.7402 	EXP 	window1: mouseVisible = True
1534.7404 	EXP 	window1: mouseVisible = True
1534.7405 	EXP 	window1: mouseVisible = True
1534.7406 	EXP 	window1: mouseVisible = True
1534.7408 	EXP 	window1: mouseVisible = True
1534.7409 	EXP 	window1: mouseVisible = True
1534.7410 	EXP 	window1: mouseVisible = True
1534.7411 	EXP 	window1: mouseVisible = True
1534.7413 	EXP 	window1: mouseVisible = True
1534.7414 	EXP 	window1: mouseVisible = True
1534.7415 	EXP 	window1: mouseVisible = True
1534.7417 	EXP 	window1: mouseVisible = True
1534.7420 	EXP 	window1: mouseVisible = True
1534.7422 	EXP 	window1: mouseVisible = True
1534.7424 	EXP 	window1: mouseVisible = True
1534.7426 	EXP 	window1: mouseVisible = True
1534.7428 	EXP 	window1: mouseVisible = True
1534.7430 	EXP 	window1: mouseVisible = True
1534.7432 	EXP 	window1: mouseVisible = True
1534.7433 	EXP 	window1: mouseVisible = True
1534.7435 	EXP 	window1: mouseVisible = True
1534.7437 	EXP 	window1: mouseVisible = True
1534.7439 	EXP 	window1: mouseVisible = True
1534.7441 	EXP 	window1: mouseVisible = True
1534.7443 	EXP 	window1: mouseVisible = True
1534.7444 	EXP 	window1: mouseVisible = True
1534.7445 	EXP 	window1: mouseVisible = True
1534.7447 	EXP 	window1: mouseVisible = True
1534.7448 	EXP 	window1: mouseVisible = True
1534.7449 	EXP 	window1: mouseVisible = True
1534.7450 	EXP 	window1: mouseVisible = True
1534.7452 	EXP 	window1: mouseVisible = True
1534.7453 	EXP 	window1: mouseVisible = True
1534.7454 	EXP 	window1: mouseVisible = True
1534.7456 	EXP 	window1: mouseVisible = True
1534.7457 	EXP 	window1: mouseVisible = True
1534.7458 	EXP 	window1: mouseVisible = True
1534.7459 	EXP 	window1: mouseVisible = True
1534.7461 	EXP 	window1: mouseVisible = True
1534.7462 	EXP 	window1: mouseVisible = True
1534.7463 	EXP 	window1: mouseVisible = True
1534.7464 	EXP 	window1: mouseVisible = True
1534.7466 	EXP 	window1: mouseVisible = True
1534.7467 	EXP 	window1: mouseVisible = True
1534.7469 	EXP 	window1: mouseVisible = True
1534.7470 	EXP 	window1: mouseVisible = True
1534.7471 	EXP 	window1: mouseVisible = True
1534.7473 	EXP 	window1: mouseVisible = True
1534.7474 	EXP 	window1: mouseVisible = True
1534.7475 	EXP 	window1: mouseVisible = True
1534.7477 	EXP 	window1: mouseVisible = True
1534.7478 	EXP 	window1: mouseVisible = True
1534.7479 	EXP 	window1: mouseVisible = True
1534.7480 	EXP 	window1: mouseVisible = True
1534.7482 	EXP 	window1: mouseVisible = True
1534.7483 	EXP 	window1: mouseVisible = True
1534.7484 	EXP 	window1: mouseVisible = True
1534.7485 	EXP 	window1: mouseVisible = True
1534.7487 	EXP 	window1: mouseVisible = True
1534.7488 	EXP 	window1: mouseVisible = True
1534.7489 	EXP 	window1: mouseVisible = True
1534.7490 	EXP 	window1: mouseVisible = True
1534.7492 	EXP 	window1: mouseVisible = True
1534.7493 	EXP 	window1: mouseVisible = True
1534.7494 	EXP 	window1: mouseVisible = True
1534.7496 	EXP 	window1: mouseVisible = True
1534.7497 	EXP 	window1: mouseVisible = True
1534.7498 	EXP 	window1: mouseVisible = True
1534.7499 	EXP 	window1: mouseVisible = True
1534.7501 	EXP 	window1: mouseVisible = True
1534.7502 	EXP 	window1: mouseVisible = True
1534.7503 	EXP 	window1: mouseVisible = True
1534.7505 	EXP 	window1: mouseVisible = True
1534.7506 	EXP 	window1: mouseVisible = True
1534.7508 	EXP 	window1: mouseVisible = True
1534.7509 	EXP 	window1: mouseVisible = True
1534.7510 	EXP 	window1: mouseVisible = True
1534.7512 	EXP 	window1: mouseVisible = True
1534.7513 	EXP 	window1: mouseVisible = True
1534.7514 	EXP 	window1: mouseVisible = True
1534.7515 	EXP 	window1: mouseVisible = True
1534.7517 	EXP 	window1: mouseVisible = True
1534.7518 	EXP 	window1: mouseVisible = True
1534.7519 	EXP 	window1: mouseVisible = True
1534.7520 	EXP 	window1: mouseVisible = True
1534.7541 	EXP 	Created ratingScale = RatingScale(__class__=type(...), acceptKeys=['return'], acceptPreText=UNKNOWN, acceptSize=UNKNOWN, acceptText=UNKNOWN, autoLog=True, choices=False, colorSpace='rgb', depth=0, disappear=False, flipVert=False, high=100, kwargs=UNKNOWN, labels=list(...), leftKeys=['left'], lineColor=(255, 255, 255), low=0, marker=Rect(...), markerColor=(255, 255, 255), markerExpansion=UNKNOWN, markerStart=0.5, maxTime=0.0, minTime=0.4, mouseOnly=False, name='ratingScale', noMouse=False, pos=[0.0, 0.0], precision=100, respKeys=[], rightKeys=['right'], scale=None, self=UNKNOWN, showAccept=False, showValue=False, singleClick=False, size=0.6, skipKeys=['tab'], stretch=2.0, textColor='white', textFont='Helvetica Bold', textSize=0.144, tickHeight=0, tickMarks=10.0, win=Window(...))
1534.7542 	EXP 	RatingScale ratingScale: reset()
1534.7562 	EXP 	window1: mouseVisible = False
1534.7674 	EXP 	thermode_locali_EVA: autoDraw = False
1534.7674 	EXP 	thermode_locali_EVA: autoDraw = False
1534.7674 	EXP 	ratingScale: flipVert = False
1534.7674 	EXP 	ratingScale: autoLog = True
1534.7689 	EXP 	window1: mouseVisible = False
1534.7855 	EXP 	window1: mouseVisible = False
1534.8022 	EXP 	window1: mouseVisible = False
1534.8188 	EXP 	window1: mouseVisible = False
1534.8355 	EXP 	window1: mouseVisible = False
1534.8521 	EXP 	window1: mouseVisible = False
1534.8688 	EXP 	window1: mouseVisible = False
1534.8854 	EXP 	window1: mouseVisible = False
1534.9021 	EXP 	window1: mouseVisible = False
1534.9187 	EXP 	window1: mouseVisible = False
1534.9354 	EXP 	window1: mouseVisible = False
1534.9520 	EXP 	window1: mouseVisible = False
1534.9688 	EXP 	window1: mouseVisible = False
1534.9854 	EXP 	window1: mouseVisible = False
1535.0023 	EXP 	window1: mouseVisible = False
1535.0188 	EXP 	window1: mouseVisible = False
1535.0354 	EXP 	window1: mouseVisible = False
1535.0521 	EXP 	window1: mouseVisible = False
1535.0688 	EXP 	window1: mouseVisible = False
1535.0855 	EXP 	window1: mouseVisible = False
1535.1021 	EXP 	window1: mouseVisible = False
1535.1188 	EXP 	window1: mouseVisible = False
1535.1354 	EXP 	window1: mouseVisible = False
1535.1521 	EXP 	window1: mouseVisible = False
1535.1688 	EXP 	window1: mouseVisible = False
1535.1854 	EXP 	window1: mouseVisible = False
1535.2021 	EXP 	window1: mouseVisible = False
1535.2188 	EXP 	window1: mouseVisible = False
1535.2354 	EXP 	window1: mouseVisible = False
1535.2521 	EXP 	window1: mouseVisible = False
1535.2688 	EXP 	window1: mouseVisible = False
1535.2854 	EXP 	window1: mouseVisible = False
1535.3022 	EXP 	window1: mouseVisible = False
1535.3189 	EXP 	window1: mouseVisible = False
1535.3355 	EXP 	window1: mouseVisible = False
1535.3522 	EXP 	window1: mouseVisible = False
1535.3688 	EXP 	window1: mouseVisible = False
1535.3855 	EXP 	window1: mouseVisible = False
1535.4021 	EXP 	window1: mouseVisible = False
1535.4188 	EXP 	window1: mouseVisible = False
1535.4354 	EXP 	window1: mouseVisible = False
1535.4521 	EXP 	window1: mouseVisible = False
1535.4688 	EXP 	window1: mouseVisible = False
1535.4854 	EXP 	window1: mouseVisible = False
1535.5018 	DATA 	Keypress: m
1535.5024 	EXP 	window1: mouseVisible = False
1535.5188 	EXP 	window1: mouseVisible = False
1535.5354 	EXP 	window1: mouseVisible = False
1535.5521 	EXP 	window1: mouseVisible = False
1535.5687 	EXP 	window1: mouseVisible = False
1535.5854 	EXP 	window1: mouseVisible = False
1535.6021 	EXP 	window1: mouseVisible = False
1535.6188 	EXP 	window1: mouseVisible = False
1535.6355 	EXP 	window1: mouseVisible = False
1535.6521 	EXP 	window1: mouseVisible = False
1535.6688 	EXP 	window1: mouseVisible = False
1535.6855 	EXP 	window1: mouseVisible = False
1535.7021 	EXP 	window1: mouseVisible = False
1535.7188 	EXP 	window1: mouseVisible = False
1535.7355 	EXP 	window1: mouseVisible = False
1535.7521 	EXP 	window1: mouseVisible = False
1535.7688 	EXP 	window1: mouseVisible = False
1535.7855 	EXP 	window1: mouseVisible = False
1535.8020 	EXP 	window1: mouseVisible = False
1535.8188 	EXP 	window1: mouseVisible = False
1535.8355 	EXP 	window1: mouseVisible = False
1535.8521 	EXP 	window1: mouseVisible = False
1535.8687 	EXP 	window1: mouseVisible = False
1535.8854 	EXP 	window1: mouseVisible = False
1535.9021 	EXP 	window1: mouseVisible = False
1535.9187 	EXP 	window1: mouseVisible = False
1535.9355 	EXP 	window1: mouseVisible = False
1535.9524 	EXP 	window1: mouseVisible = False
1535.9689 	EXP 	window1: mouseVisible = False
1535.9860 	EXP 	window1: mouseVisible = False
1536.0021 	EXP 	window1: mouseVisible = False
1536.0189 	EXP 	window1: mouseVisible = False
1536.0356 	EXP 	window1: mouseVisible = False
1536.0522 	EXP 	window1: mouseVisible = False
1536.0688 	EXP 	window1: mouseVisible = False
1536.0855 	EXP 	window1: mouseVisible = False
1536.1021 	EXP 	window1: mouseVisible = False
1536.1189 	EXP 	window1: mouseVisible = False
1536.1354 	EXP 	window1: mouseVisible = False
1536.1522 	EXP 	window1: mouseVisible = False
1536.1687 	EXP 	window1: mouseVisible = False
1536.1856 	EXP 	window1: mouseVisible = False
1536.2026 	EXP 	window1: mouseVisible = False
1536.2189 	EXP 	window1: mouseVisible = False
1536.2355 	EXP 	window1: mouseVisible = False
1536.2522 	EXP 	window1: mouseVisible = False
1536.2690 	EXP 	window1: mouseVisible = False
1536.2855 	EXP 	window1: mouseVisible = False
1536.3022 	EXP 	window1: mouseVisible = False
1536.3192 	EXP 	window1: mouseVisible = False
1536.3357 	EXP 	window1: mouseVisible = False
1536.3523 	EXP 	window1: mouseVisible = False
1536.3689 	EXP 	window1: mouseVisible = False
1536.3856 	EXP 	window1: mouseVisible = False
1536.4022 	EXP 	window1: mouseVisible = False
1536.4189 	EXP 	window1: mouseVisible = False
1536.4355 	EXP 	window1: mouseVisible = False
1536.4535 	EXP 	window1: mouseVisible = False
1536.4690 	EXP 	window1: mouseVisible = False
1536.4854 	EXP 	window1: mouseVisible = False
1536.5022 	EXP 	window1: mouseVisible = False
1536.5189 	EXP 	window1: mouseVisible = False
1536.5355 	EXP 	window1: mouseVisible = False
1536.5521 	EXP 	window1: mouseVisible = False
1536.5689 	EXP 	window1: mouseVisible = False
1536.5855 	EXP 	window1: mouseVisible = False
1536.6022 	EXP 	window1: mouseVisible = False
1536.6188 	EXP 	window1: mouseVisible = False
1536.6356 	EXP 	window1: mouseVisible = False
1536.6521 	EXP 	window1: mouseVisible = False
1536.6688 	EXP 	window1: mouseVisible = False
1536.6855 	EXP 	window1: mouseVisible = False
1536.7022 	EXP 	window1: mouseVisible = False
1536.7189 	EXP 	window1: mouseVisible = False
1536.7355 	EXP 	window1: mouseVisible = False
1536.7523 	EXP 	window1: mouseVisible = False
1536.7688 	EXP 	window1: mouseVisible = False
1536.7854 	EXP 	window1: mouseVisible = False
1536.8021 	EXP 	window1: mouseVisible = False
1536.8188 	EXP 	window1: mouseVisible = False
1536.8355 	EXP 	window1: mouseVisible = False
1536.8522 	EXP 	window1: mouseVisible = False
1536.8688 	EXP 	window1: mouseVisible = False
1536.8854 	EXP 	window1: mouseVisible = False
1536.9021 	EXP 	window1: mouseVisible = False
1536.9188 	EXP 	window1: mouseVisible = False
1536.9354 	EXP 	window1: mouseVisible = False
1536.9521 	EXP 	window1: mouseVisible = False
1536.9689 	EXP 	window1: mouseVisible = False
1536.9855 	EXP 	window1: mouseVisible = False
1537.0021 	EXP 	window1: mouseVisible = False
1537.0190 	EXP 	window1: mouseVisible = False
1537.0356 	EXP 	window1: mouseVisible = False
1537.0521 	EXP 	window1: mouseVisible = False
1537.0688 	EXP 	window1: mouseVisible = False
1537.0856 	EXP 	window1: mouseVisible = False
1537.1020 	DATA 	Keypress: space
1537.2176 	EXP 	main_text: autoDraw = True
1537.2176 	EXP 	confirm_text: autoDraw = True
1537.2176 	EXP 	ratingScale: autoDraw = False
1537.2176 	EXP 	main_text: autoDraw = False
1537.2176 	EXP 	confirm_text: autoDraw = False
1537.2176 	EXP 	text_8: autoDraw = True
1538.4678 	EXP 	Created sequence: random, trialTypes=1, nReps=4, seed=None
1538.4678 	EXP 	New trial (rep=0, index=0): None
1538.4695 	DATA 	Keypress: p
1538.4841 	EXP 	text_8: autoDraw = False
1538.4841 	EXP 	text_pic: autoDraw = True
1538.4841 	EXP 	croix_3: autoDraw = True
1543.4842 	EXP 	text_pic: autoDraw = False
1543.4842 	EXP 	croix_3: autoDraw = False
1543.4842 	EXP 	text_pic: autoDraw = False
1543.4842 	EXP 	croix_3: autoDraw = False
1543.4842 	EXP 	thermode_locali_pic: height = 0.02
1543.4842 	EXP 	thermode_locali_pic: height = 0.02
1543.4842 	EXP 	thermode_locali_pic: height = 0.02
1543.4842 	EXP 	thermode_locali_pic: text = 'T : 0'
1543.4842 	EXP 	responsel: text = 'OUI              '
1543.4842 	EXP 	thermode_locali_pic: autoDraw = True
1551.4675 	EXP 	responsel: autoDraw = True
1551.4675 	EXP 	percu_or: autoDraw = True
1551.4675 	EXP 	responser: autoDraw = True
1552.6188 	DATA 	Keypress: n
1552.6509 	EXP 	responser: foreColor = (0, 0, 0)
1552.6676 	EXP 	responser: foreColor = (0, 0, 0)
1552.6842 	EXP 	responser: foreColor = (0, 0, 0)
1552.7009 	EXP 	responser: foreColor = (0, 0, 0)
1552.7176 	EXP 	responser: foreColor = (0, 0, 0)
1552.7343 	EXP 	responser: foreColor = (0, 0, 0)
1552.7509 	EXP 	responser: foreColor = (0, 0, 0)
1552.7676 	EXP 	responser: foreColor = (0, 0, 0)
1552.7843 	EXP 	responser: foreColor = (0, 0, 0)
1552.8009 	EXP 	responser: foreColor = (0, 0, 0)
1552.8176 	EXP 	responser: foreColor = (0, 0, 0)
1552.8342 	EXP 	responser: foreColor = (0, 0, 0)
1552.8509 	EXP 	responser: foreColor = (0, 0, 0)
1552.8676 	EXP 	responser: foreColor = (0, 0, 0)
1552.8842 	EXP 	responser: foreColor = (0, 0, 0)
1552.9009 	EXP 	responser: foreColor = (0, 0, 0)
1552.9176 	EXP 	responser: foreColor = (0, 0, 0)
1552.9342 	EXP 	responser: foreColor = (0, 0, 0)
1552.9509 	EXP 	responser: foreColor = (0, 0, 0)
1552.9676 	EXP 	responser: foreColor = (0, 0, 0)
1552.9842 	EXP 	responser: foreColor = (0, 0, 0)
1553.0009 	EXP 	responser: foreColor = (0, 0, 0)
1553.0176 	EXP 	responser: foreColor = (0, 0, 0)
1553.0343 	EXP 	responser: foreColor = (0, 0, 0)
1553.0509 	EXP 	responser: foreColor = (0, 0, 0)
1553.0676 	EXP 	responser: foreColor = (0, 0, 0)
1553.0843 	EXP 	responser: foreColor = (0, 0, 0)
1553.1009 	EXP 	responser: foreColor = (0, 0, 0)
1553.1176 	EXP 	responser: foreColor = (0, 0, 0)
1553.1342 	EXP 	responser: foreColor = (0, 0, 0)
1553.1509 	EXP 	responser: foreColor = (0, 0, 0)
1553.1676 	EXP 	responser: foreColor = (0, 0, 0)
1553.1843 	EXP 	responser: foreColor = (0, 0, 0)
1553.2009 	EXP 	responser: foreColor = (0, 0, 0)
1553.2176 	EXP 	responser: foreColor = (0, 0, 0)
1553.2343 	EXP 	responser: foreColor = (0, 0, 0)
1553.2509 	EXP 	responser: foreColor = (0, 0, 0)
1553.2676 	EXP 	responser: foreColor = (0, 0, 0)
1553.2842 	EXP 	responser: foreColor = (0, 0, 0)
1553.3009 	EXP 	responser: foreColor = (0, 0, 0)
1553.3176 	EXP 	responser: foreColor = (0, 0, 0)
1553.3342 	EXP 	responser: foreColor = (0, 0, 0)
1553.3509 	EXP 	responser: foreColor = (0, 0, 0)
1553.3676 	EXP 	responser: foreColor = (0, 0, 0)
1553.3842 	EXP 	responser: foreColor = (0, 0, 0)
1553.4008 	EXP 	responser: foreColor = (0, 0, 0)
1553.4175 	EXP 	responser: foreColor = (0, 0, 0)
1553.4342 	EXP 	responser: foreColor = (0, 0, 0)
1553.4509 	EXP 	responser: foreColor = (0, 0, 0)
1553.4676 	EXP 	responser: foreColor = (0, 0, 0)
1553.4843 	EXP 	responser: foreColor = (0, 0, 0)
1553.5009 	EXP 	responser: foreColor = (0, 0, 0)
1553.5176 	EXP 	responser: foreColor = (0, 0, 0)
1553.5342 	EXP 	responser: foreColor = (0, 0, 0)
1553.5509 	EXP 	responser: foreColor = (0, 0, 0)
1553.5675 	EXP 	responser: foreColor = (0, 0, 0)
1553.5843 	EXP 	responser: foreColor = (0, 0, 0)
1553.6009 	EXP 	responser: foreColor = (0, 0, 0)
1553.6176 	EXP 	responser: foreColor = (0, 0, 0)
1553.6342 	EXP 	responser: foreColor = (0, 0, 0)
1553.6510 	EXP 	responser: foreColor = (0, 0, 0)
1553.6676 	EXP 	responser: foreColor = (0, 0, 0)
1553.6842 	EXP 	responser: foreColor = (0, 0, 0)
1553.7009 	EXP 	responser: foreColor = (0, 0, 0)
1553.7175 	EXP 	responser: foreColor = (0, 0, 0)
1553.7342 	EXP 	responser: foreColor = (0, 0, 0)
1553.7509 	EXP 	responser: foreColor = (0, 0, 0)
1553.7676 	EXP 	responser: foreColor = (0, 0, 0)
1553.7842 	EXP 	responser: foreColor = (0, 0, 0)
1553.8009 	EXP 	responser: foreColor = (0, 0, 0)
1553.8176 	EXP 	responser: foreColor = (0, 0, 0)
1553.8343 	EXP 	responser: foreColor = (0, 0, 0)
1553.8509 	EXP 	responser: foreColor = (0, 0, 0)
1553.8676 	EXP 	responser: foreColor = (0, 0, 0)
1553.8842 	EXP 	responser: foreColor = (0, 0, 0)
1553.9009 	EXP 	responser: foreColor = (0, 0, 0)
1553.9176 	EXP 	responser: foreColor = (0, 0, 0)
1553.9342 	EXP 	responser: foreColor = (0, 0, 0)
1553.9510 	EXP 	responser: foreColor = (0, 0, 0)
1553.9676 	EXP 	responser: foreColor = (0, 0, 0)
1553.9842 	EXP 	responser: foreColor = (0, 0, 0)
1554.0009 	EXP 	responser: foreColor = (0, 0, 0)
1554.0176 	EXP 	responser: foreColor = (0, 0, 0)
1554.0342 	EXP 	responser: foreColor = (0, 0, 0)
1554.0509 	EXP 	responser: foreColor = (0, 0, 0)
1554.0676 	EXP 	responser: foreColor = (0, 0, 0)
1554.0842 	EXP 	responser: foreColor = (0, 0, 0)
1554.1009 	EXP 	responser: foreColor = (0, 0, 0)
1554.1175 	EXP 	responser: foreColor = (0, 0, 0)
1554.1343 	EXP 	responser: foreColor = (0, 0, 0)
1554.1509 	EXP 	responser: foreColor = (0, 0, 0)
1554.1676 	EXP 	responser: foreColor = (0, 0, 0)
1554.1843 	EXP 	responser: foreColor = (0, 0, 0)
1554.2009 	EXP 	responser: foreColor = (0, 0, 0)
1554.2176 	EXP 	responser: foreColor = (0, 0, 0)
1554.2343 	EXP 	responser: foreColor = (0, 0, 0)
1554.2510 	EXP 	responser: foreColor = (0, 0, 0)
1554.2676 	EXP 	responser: foreColor = (0, 0, 0)
1554.2842 	EXP 	responser: foreColor = (0, 0, 0)
1554.3009 	EXP 	responser: foreColor = (0, 0, 0)
1554.3176 	EXP 	responser: foreColor = (0, 0, 0)
1554.3342 	EXP 	responser: foreColor = (0, 0, 0)
1554.3509 	EXP 	responser: foreColor = (0, 0, 0)
1554.3676 	EXP 	responser: foreColor = (0, 0, 0)
1554.3842 	EXP 	responser: foreColor = (0, 0, 0)
1554.4009 	EXP 	responser: foreColor = (0, 0, 0)
1554.4176 	EXP 	responser: foreColor = (0, 0, 0)
1554.4343 	EXP 	responser: foreColor = (0, 0, 0)
1554.4343 	EXP 	thermode_locali_pic: autoDraw = False
1554.4509 	EXP 	responser: foreColor = (0, 0, 0)
1554.4516 	EXP 	New trial (rep=1, index=0): None
1554.4676 	EXP 	responser: foreColor = (0, 0, 0)
1554.4676 	EXP 	responsel: autoDraw = False
1554.4676 	EXP 	percu_or: autoDraw = False
1554.4676 	EXP 	responser: autoDraw = False
1554.4676 	EXP 	thermode_locali_pic: autoDraw = False
1554.4676 	EXP 	responsel: autoDraw = False
1554.4676 	EXP 	percu_or: autoDraw = False
1554.4676 	EXP 	responser: autoDraw = False
1554.4676 	EXP 	responsel: foreColor = 'white'
1554.4676 	EXP 	responser: foreColor = 'white'
1554.4676 	EXP 	text_pic: autoDraw = True
1554.4676 	EXP 	croix_3: autoDraw = True
1559.4676 	EXP 	text_pic: autoDraw = False
1559.4676 	EXP 	croix_3: autoDraw = False
1559.4676 	EXP 	text_pic: autoDraw = False
1559.4676 	EXP 	croix_3: autoDraw = False
1559.4676 	EXP 	thermode_locali_pic: height = 0.02
1559.4676 	EXP 	thermode_locali_pic: height = 0.02
1559.4676 	EXP 	thermode_locali_pic: height = 0.02
1559.4676 	EXP 	thermode_locali_pic: text = 'T : 1'
1559.4676 	EXP 	responsel: text = 'OUI              '
1559.4676 	EXP 	thermode_locali_pic: autoDraw = True
1567.4510 	EXP 	responsel: autoDraw = True
1567.4510 	EXP 	percu_or: autoDraw = True
1567.4510 	EXP 	responser: autoDraw = True
1568.2355 	DATA 	Keypress: m
1568.2677 	EXP 	responsel: foreColor = (0, 0, 0)
1568.2844 	EXP 	responsel: foreColor = (0, 0, 0)
1568.3010 	EXP 	responsel: foreColor = (0, 0, 0)
1568.3177 	EXP 	responsel: foreColor = (0, 0, 0)
1568.3344 	EXP 	responsel: foreColor = (0, 0, 0)
1568.3511 	EXP 	responsel: foreColor = (0, 0, 0)
1568.3677 	EXP 	responsel: foreColor = (0, 0, 0)
1568.3844 	EXP 	responsel: foreColor = (0, 0, 0)
1568.4011 	EXP 	responsel: foreColor = (0, 0, 0)
1568.4177 	EXP 	responsel: foreColor = (0, 0, 0)
1568.4344 	EXP 	responsel: foreColor = (0, 0, 0)
1568.4511 	EXP 	responsel: foreColor = (0, 0, 0)
1568.4677 	EXP 	responsel: foreColor = (0, 0, 0)
1568.4844 	EXP 	responsel: foreColor = (0, 0, 0)
1568.5011 	EXP 	responsel: foreColor = (0, 0, 0)
1568.5177 	EXP 	responsel: foreColor = (0, 0, 0)
1568.5344 	EXP 	responsel: foreColor = (0, 0, 0)
1568.5510 	EXP 	responsel: foreColor = (0, 0, 0)
1568.5678 	EXP 	responsel: foreColor = (0, 0, 0)
1568.5844 	EXP 	responsel: foreColor = (0, 0, 0)
1568.6010 	EXP 	responsel: foreColor = (0, 0, 0)
1568.6176 	EXP 	responsel: foreColor = (0, 0, 0)
1568.6343 	EXP 	responsel: foreColor = (0, 0, 0)
1568.6510 	EXP 	responsel: foreColor = (0, 0, 0)
1568.6678 	EXP 	responsel: foreColor = (0, 0, 0)
1568.6844 	EXP 	responsel: foreColor = (0, 0, 0)
1568.7010 	EXP 	responsel: foreColor = (0, 0, 0)
1568.7178 	EXP 	responsel: foreColor = (0, 0, 0)
1568.7344 	EXP 	responsel: foreColor = (0, 0, 0)
1568.7511 	EXP 	responsel: foreColor = (0, 0, 0)
1568.7677 	EXP 	responsel: foreColor = (0, 0, 0)
1568.7844 	EXP 	responsel: foreColor = (0, 0, 0)
1568.8011 	EXP 	responsel: foreColor = (0, 0, 0)
1568.8177 	EXP 	responsel: foreColor = (0, 0, 0)
1568.8344 	EXP 	responsel: foreColor = (0, 0, 0)
1568.8511 	EXP 	responsel: foreColor = (0, 0, 0)
1568.8677 	EXP 	responsel: foreColor = (0, 0, 0)
1568.8844 	EXP 	responsel: foreColor = (0, 0, 0)
1568.9011 	EXP 	responsel: foreColor = (0, 0, 0)
1568.9177 	EXP 	responsel: foreColor = (0, 0, 0)
1568.9344 	EXP 	responsel: foreColor = (0, 0, 0)
1568.9510 	EXP 	responsel: foreColor = (0, 0, 0)
1568.9677 	EXP 	responsel: foreColor = (0, 0, 0)
1568.9843 	EXP 	responsel: foreColor = (0, 0, 0)
1569.0011 	EXP 	responsel: foreColor = (0, 0, 0)
1569.0178 	EXP 	responsel: foreColor = (0, 0, 0)
1569.0344 	EXP 	responsel: foreColor = (0, 0, 0)
1569.0511 	EXP 	responsel: foreColor = (0, 0, 0)
1569.0677 	EXP 	responsel: foreColor = (0, 0, 0)
1569.0844 	EXP 	responsel: foreColor = (0, 0, 0)
1569.1011 	EXP 	responsel: foreColor = (0, 0, 0)
1569.1177 	EXP 	responsel: foreColor = (0, 0, 0)
1569.1344 	EXP 	responsel: foreColor = (0, 0, 0)
1569.1511 	EXP 	responsel: foreColor = (0, 0, 0)
1569.1677 	EXP 	responsel: foreColor = (0, 0, 0)
1569.1844 	EXP 	responsel: foreColor = (0, 0, 0)
1569.2010 	EXP 	responsel: foreColor = (0, 0, 0)
1569.2177 	EXP 	responsel: foreColor = (0, 0, 0)
1569.2344 	EXP 	responsel: foreColor = (0, 0, 0)
1569.2511 	EXP 	responsel: foreColor = (0, 0, 0)
1569.2677 	EXP 	responsel: foreColor = (0, 0, 0)
1569.2844 	EXP 	responsel: foreColor = (0, 0, 0)
1569.3010 	EXP 	responsel: foreColor = (0, 0, 0)
1569.3178 	EXP 	responsel: foreColor = (0, 0, 0)
1569.3344 	EXP 	responsel: foreColor = (0, 0, 0)
1569.3510 	EXP 	responsel: foreColor = (0, 0, 0)
1569.3677 	EXP 	responsel: foreColor = (0, 0, 0)
1569.3844 	EXP 	responsel: foreColor = (0, 0, 0)
1569.4011 	EXP 	responsel: foreColor = (0, 0, 0)
1569.4177 	EXP 	responsel: foreColor = (0, 0, 0)
1569.4344 	EXP 	responsel: foreColor = (0, 0, 0)
1569.4511 	EXP 	responsel: foreColor = (0, 0, 0)
1569.4677 	EXP 	responsel: foreColor = (0, 0, 0)
1569.4844 	EXP 	responsel: foreColor = (0, 0, 0)
1569.5011 	EXP 	responsel: foreColor = (0, 0, 0)
1569.5177 	EXP 	responsel: foreColor = (0, 0, 0)
1569.5344 	EXP 	responsel: foreColor = (0, 0, 0)
1569.5511 	EXP 	responsel: foreColor = (0, 0, 0)
1569.5678 	EXP 	responsel: foreColor = (0, 0, 0)
1569.5844 	EXP 	responsel: foreColor = (0, 0, 0)
1569.6010 	EXP 	responsel: foreColor = (0, 0, 0)
1569.6176 	EXP 	responsel: foreColor = (0, 0, 0)
1569.6344 	EXP 	responsel: foreColor = (0, 0, 0)
1569.6511 	EXP 	responsel: foreColor = (0, 0, 0)
1569.6677 	EXP 	responsel: foreColor = (0, 0, 0)
1569.6844 	EXP 	responsel: foreColor = (0, 0, 0)
1569.7011 	EXP 	responsel: foreColor = (0, 0, 0)
1569.7177 	EXP 	responsel: foreColor = (0, 0, 0)
1569.7344 	EXP 	responsel: foreColor = (0, 0, 0)
1569.7511 	EXP 	responsel: foreColor = (0, 0, 0)
1569.7677 	EXP 	responsel: foreColor = (0, 0, 0)
1569.7844 	EXP 	responsel: foreColor = (0, 0, 0)
1569.8011 	EXP 	responsel: foreColor = (0, 0, 0)
1569.8177 	EXP 	responsel: foreColor = (0, 0, 0)
1569.8344 	EXP 	responsel: foreColor = (0, 0, 0)
1569.8511 	EXP 	responsel: foreColor = (0, 0, 0)
1569.8678 	EXP 	responsel: foreColor = (0, 0, 0)
1569.8844 	EXP 	responsel: foreColor = (0, 0, 0)
1569.9011 	EXP 	responsel: foreColor = (0, 0, 0)
1569.9177 	EXP 	responsel: foreColor = (0, 0, 0)
1569.9344 	EXP 	responsel: foreColor = (0, 0, 0)
1569.9510 	EXP 	responsel: foreColor = (0, 0, 0)
1569.9677 	EXP 	responsel: foreColor = (0, 0, 0)
1569.9843 	EXP 	responsel: foreColor = (0, 0, 0)
1570.0011 	EXP 	responsel: foreColor = (0, 0, 0)
1570.0177 	EXP 	responsel: foreColor = (0, 0, 0)
1570.0344 	EXP 	responsel: foreColor = (0, 0, 0)
1570.0511 	EXP 	responsel: foreColor = (0, 0, 0)
1570.0677 	EXP 	responsel: foreColor = (0, 0, 0)
1570.0844 	EXP 	responsel: foreColor = (0, 0, 0)
1570.1011 	EXP 	responsel: foreColor = (0, 0, 0)
1570.1177 	EXP 	responsel: foreColor = (0, 0, 0)
1570.1344 	EXP 	responsel: foreColor = (0, 0, 0)
1570.1511 	EXP 	responsel: foreColor = (0, 0, 0)
1570.1678 	EXP 	responsel: foreColor = (0, 0, 0)
1570.1844 	EXP 	responsel: foreColor = (0, 0, 0)
1570.2011 	EXP 	responsel: foreColor = (0, 0, 0)
1570.2178 	EXP 	responsel: foreColor = (0, 0, 0)
1570.2344 	EXP 	responsel: foreColor = (0, 0, 0)
1570.2511 	EXP 	responsel: foreColor = (0, 0, 0)
1570.2677 	EXP 	responsel: foreColor = (0, 0, 0)
1570.2844 	EXP 	responsel: foreColor = (0, 0, 0)
1570.3011 	EXP 	responsel: foreColor = (0, 0, 0)
1570.3177 	EXP 	responsel: foreColor = (0, 0, 0)
1570.3344 	EXP 	responsel: foreColor = (0, 0, 0)
1570.3511 	EXP 	responsel: foreColor = (0, 0, 0)
1570.3677 	EXP 	responsel: foreColor = (0, 0, 0)
1570.3844 	EXP 	responsel: foreColor = (0, 0, 0)
1570.4011 	EXP 	responsel: foreColor = (0, 0, 0)
1570.4177 	EXP 	responsel: foreColor = (0, 0, 0)
1570.4177 	EXP 	thermode_locali_pic: autoDraw = False
1570.4344 	EXP 	responsel: foreColor = (0, 0, 0)
1570.4349 	EXP 	New trial (rep=2, index=0): None
1570.4511 	EXP 	responsel: foreColor = (0, 0, 0)
1570.4511 	EXP 	responsel: autoDraw = False
1570.4511 	EXP 	percu_or: autoDraw = False
1570.4511 	EXP 	responser: autoDraw = False
1570.4511 	EXP 	thermode_locali_pic: autoDraw = False
1570.4511 	EXP 	responsel: autoDraw = False
1570.4511 	EXP 	percu_or: autoDraw = False
1570.4511 	EXP 	responser: autoDraw = False
1570.4511 	EXP 	responsel: foreColor = 'white'
1570.4511 	EXP 	responser: foreColor = 'white'
1570.4511 	EXP 	text_pic: autoDraw = True
1570.4511 	EXP 	croix_3: autoDraw = True
1575.4511 	EXP 	text_pic: autoDraw = False
1575.4511 	EXP 	croix_3: autoDraw = False
1575.4511 	EXP 	text_pic: autoDraw = False
1575.4511 	EXP 	croix_3: autoDraw = False
1575.4511 	EXP 	thermode_locali_pic: height = 0.02
1575.4511 	EXP 	thermode_locali_pic: height = 0.02
1575.4511 	EXP 	thermode_locali_pic: height = 0.02
1575.4511 	EXP 	thermode_locali_pic: text = 'T : 2'
1575.4511 	EXP 	responsel: text = 'OUI              '
1575.4511 	EXP 	thermode_locali_pic: autoDraw = True
1579.2519 	DATA 	Keypress: n
1581.2018 	DATA 	Keypress: n
1583.4345 	EXP 	responsel: autoDraw = True
1583.4345 	EXP 	percu_or: autoDraw = True
1583.4345 	EXP 	responser: autoDraw = True
1583.8690 	DATA 	Keypress: m
1583.9012 	EXP 	responsel: foreColor = (0, 0, 0)
1583.9179 	EXP 	responsel: foreColor = (0, 0, 0)
1583.9346 	EXP 	responsel: foreColor = (0, 0, 0)
1583.9512 	EXP 	responsel: foreColor = (0, 0, 0)
1583.9678 	EXP 	responsel: foreColor = (0, 0, 0)
1583.9845 	EXP 	responsel: foreColor = (0, 0, 0)
1584.0012 	EXP 	responsel: foreColor = (0, 0, 0)
1584.0178 	EXP 	responsel: foreColor = (0, 0, 0)
1584.0346 	EXP 	responsel: foreColor = (0, 0, 0)
1584.0512 	EXP 	responsel: foreColor = (0, 0, 0)
1584.0678 	EXP 	responsel: foreColor = (0, 0, 0)
1584.0845 	EXP 	responsel: foreColor = (0, 0, 0)
1584.1012 	EXP 	responsel: foreColor = (0, 0, 0)
1584.1179 	EXP 	responsel: foreColor = (0, 0, 0)
1584.1345 	EXP 	responsel: foreColor = (0, 0, 0)
1584.1512 	EXP 	responsel: foreColor = (0, 0, 0)
1584.1679 	EXP 	responsel: foreColor = (0, 0, 0)
1584.1846 	EXP 	responsel: foreColor = (0, 0, 0)
1584.2012 	EXP 	responsel: foreColor = (0, 0, 0)
1584.2179 	EXP 	responsel: foreColor = (0, 0, 0)
1584.2345 	EXP 	responsel: foreColor = (0, 0, 0)
1584.2512 	EXP 	responsel: foreColor = (0, 0, 0)
1584.2679 	EXP 	responsel: foreColor = (0, 0, 0)
1584.2845 	EXP 	responsel: foreColor = (0, 0, 0)
1584.3012 	EXP 	responsel: foreColor = (0, 0, 0)
1584.3179 	EXP 	responsel: foreColor = (0, 0, 0)
1584.3345 	EXP 	responsel: foreColor = (0, 0, 0)
1584.3512 	EXP 	responsel: foreColor = (0, 0, 0)
1584.3679 	EXP 	responsel: foreColor = (0, 0, 0)
1584.3845 	EXP 	responsel: foreColor = (0, 0, 0)
1584.4012 	EXP 	responsel: foreColor = (0, 0, 0)
1584.4179 	EXP 	responsel: foreColor = (0, 0, 0)
1584.4345 	EXP 	responsel: foreColor = (0, 0, 0)
1584.4512 	EXP 	responsel: foreColor = (0, 0, 0)
1584.4679 	EXP 	responsel: foreColor = (0, 0, 0)
1584.4846 	EXP 	responsel: foreColor = (0, 0, 0)
1584.5012 	EXP 	responsel: foreColor = (0, 0, 0)
1584.5179 	EXP 	responsel: foreColor = (0, 0, 0)
1584.5346 	EXP 	responsel: foreColor = (0, 0, 0)
1584.5512 	EXP 	responsel: foreColor = (0, 0, 0)
1584.5679 	EXP 	responsel: foreColor = (0, 0, 0)
1584.5845 	EXP 	responsel: foreColor = (0, 0, 0)
1584.6012 	EXP 	responsel: foreColor = (0, 0, 0)
1584.6179 	EXP 	responsel: foreColor = (0, 0, 0)
1584.6346 	EXP 	responsel: foreColor = (0, 0, 0)
1584.6512 	EXP 	responsel: foreColor = (0, 0, 0)
1584.6679 	EXP 	responsel: foreColor = (0, 0, 0)
1584.6845 	EXP 	responsel: foreColor = (0, 0, 0)
1584.7012 	EXP 	responsel: foreColor = (0, 0, 0)
1584.7179 	EXP 	responsel: foreColor = (0, 0, 0)
1584.7345 	EXP 	responsel: foreColor = (0, 0, 0)
1584.7512 	EXP 	responsel: foreColor = (0, 0, 0)
1584.7679 	EXP 	responsel: foreColor = (0, 0, 0)
1584.7845 	EXP 	responsel: foreColor = (0, 0, 0)
1584.8012 	EXP 	responsel: foreColor = (0, 0, 0)
1584.8179 	EXP 	responsel: foreColor = (0, 0, 0)
1584.8345 	EXP 	responsel: foreColor = (0, 0, 0)
1584.8512 	EXP 	responsel: foreColor = (0, 0, 0)
1584.8678 	EXP 	responsel: foreColor = (0, 0, 0)
1584.8845 	EXP 	responsel: foreColor = (0, 0, 0)
1584.9012 	EXP 	responsel: foreColor = (0, 0, 0)
1584.9179 	EXP 	responsel: foreColor = (0, 0, 0)
1584.9345 	EXP 	responsel: foreColor = (0, 0, 0)
1584.9512 	EXP 	responsel: foreColor = (0, 0, 0)
1584.9678 	EXP 	responsel: foreColor = (0, 0, 0)
1584.9845 	EXP 	responsel: foreColor = (0, 0, 0)
1585.0012 	EXP 	responsel: foreColor = (0, 0, 0)
1585.0179 	EXP 	responsel: foreColor = (0, 0, 0)
1585.0346 	EXP 	responsel: foreColor = (0, 0, 0)
1585.0512 	EXP 	responsel: foreColor = (0, 0, 0)
1585.0679 	EXP 	responsel: foreColor = (0, 0, 0)
1585.0845 	EXP 	responsel: foreColor = (0, 0, 0)
1585.1012 	EXP 	responsel: foreColor = (0, 0, 0)
1585.1179 	EXP 	responsel: foreColor = (0, 0, 0)
1585.1345 	EXP 	responsel: foreColor = (0, 0, 0)
1585.1513 	EXP 	responsel: foreColor = (0, 0, 0)
1585.1678 	EXP 	responsel: foreColor = (0, 0, 0)
1585.1845 	EXP 	responsel: foreColor = (0, 0, 0)
1585.2012 	EXP 	responsel: foreColor = (0, 0, 0)
1585.2179 	EXP 	responsel: foreColor = (0, 0, 0)
1585.2345 	EXP 	responsel: foreColor = (0, 0, 0)
1585.2512 	EXP 	responsel: foreColor = (0, 0, 0)
1585.2679 	EXP 	responsel: foreColor = (0, 0, 0)
1585.2845 	EXP 	responsel: foreColor = (0, 0, 0)
1585.3012 	EXP 	responsel: foreColor = (0, 0, 0)
1585.3179 	EXP 	responsel: foreColor = (0, 0, 0)
1585.3346 	EXP 	responsel: foreColor = (0, 0, 0)
1585.3512 	EXP 	responsel: foreColor = (0, 0, 0)
1585.3679 	EXP 	responsel: foreColor = (0, 0, 0)
1585.3845 	EXP 	responsel: foreColor = (0, 0, 0)
1585.4012 	EXP 	responsel: foreColor = (0, 0, 0)
1585.4179 	EXP 	responsel: foreColor = (0, 0, 0)
1585.4345 	EXP 	responsel: foreColor = (0, 0, 0)
1585.4512 	EXP 	responsel: foreColor = (0, 0, 0)
1585.4679 	EXP 	responsel: foreColor = (0, 0, 0)
1585.4845 	EXP 	responsel: foreColor = (0, 0, 0)
1585.5012 	EXP 	responsel: foreColor = (0, 0, 0)
1585.5179 	EXP 	responsel: foreColor = (0, 0, 0)
1585.5346 	EXP 	responsel: foreColor = (0, 0, 0)
1585.5512 	EXP 	responsel: foreColor = (0, 0, 0)
1585.5679 	EXP 	responsel: foreColor = (0, 0, 0)
1585.5846 	EXP 	responsel: foreColor = (0, 0, 0)
1585.6012 	EXP 	responsel: foreColor = (0, 0, 0)
1585.6179 	EXP 	responsel: foreColor = (0, 0, 0)
1585.6346 	EXP 	responsel: foreColor = (0, 0, 0)
1585.6513 	EXP 	responsel: foreColor = (0, 0, 0)
1585.6679 	EXP 	responsel: foreColor = (0, 0, 0)
1585.6846 	EXP 	responsel: foreColor = (0, 0, 0)
1585.7013 	EXP 	responsel: foreColor = (0, 0, 0)
1585.7179 	EXP 	responsel: foreColor = (0, 0, 0)
1585.7346 	EXP 	responsel: foreColor = (0, 0, 0)
1585.7513 	EXP 	responsel: foreColor = (0, 0, 0)
1585.7680 	EXP 	responsel: foreColor = (0, 0, 0)
1585.7846 	EXP 	responsel: foreColor = (0, 0, 0)
1585.8013 	EXP 	responsel: foreColor = (0, 0, 0)
1585.8179 	EXP 	responsel: foreColor = (0, 0, 0)
1585.8346 	EXP 	responsel: foreColor = (0, 0, 0)
1585.8513 	EXP 	responsel: foreColor = (0, 0, 0)
1585.8679 	EXP 	responsel: foreColor = (0, 0, 0)
1585.8846 	EXP 	responsel: foreColor = (0, 0, 0)
1585.9012 	EXP 	responsel: foreColor = (0, 0, 0)
1585.9179 	EXP 	responsel: foreColor = (0, 0, 0)
1585.9346 	EXP 	responsel: foreColor = (0, 0, 0)
1585.9512 	EXP 	responsel: foreColor = (0, 0, 0)
1585.9679 	EXP 	responsel: foreColor = (0, 0, 0)
1585.9845 	EXP 	responsel: foreColor = (0, 0, 0)
1586.0013 	EXP 	responsel: foreColor = (0, 0, 0)
1586.0179 	EXP 	responsel: foreColor = (0, 0, 0)
1586.0346 	EXP 	responsel: foreColor = (0, 0, 0)
1586.0513 	EXP 	responsel: foreColor = (0, 0, 0)
1586.0680 	EXP 	responsel: foreColor = (0, 0, 0)
1586.0845 	EXP 	responsel: foreColor = (0, 0, 0)
1586.1013 	EXP 	responsel: foreColor = (0, 0, 0)
1586.1179 	EXP 	responsel: foreColor = (0, 0, 0)
1586.1346 	EXP 	responsel: foreColor = (0, 0, 0)
1586.1513 	EXP 	responsel: foreColor = (0, 0, 0)
1586.1679 	EXP 	responsel: foreColor = (0, 0, 0)
1586.1846 	EXP 	responsel: foreColor = (0, 0, 0)
1586.2013 	EXP 	responsel: foreColor = (0, 0, 0)
1586.2179 	EXP 	responsel: foreColor = (0, 0, 0)
1586.2346 	EXP 	responsel: foreColor = (0, 0, 0)
1586.2512 	EXP 	responsel: foreColor = (0, 0, 0)
1586.2680 	EXP 	responsel: foreColor = (0, 0, 0)
1586.2846 	EXP 	responsel: foreColor = (0, 0, 0)
1586.3013 	EXP 	responsel: foreColor = (0, 0, 0)
1586.3179 	EXP 	responsel: foreColor = (0, 0, 0)
1586.3346 	EXP 	responsel: foreColor = (0, 0, 0)
1586.3513 	EXP 	responsel: foreColor = (0, 0, 0)
1586.3680 	EXP 	responsel: foreColor = (0, 0, 0)
1586.3846 	EXP 	responsel: foreColor = (0, 0, 0)
1586.4013 	EXP 	responsel: foreColor = (0, 0, 0)
1586.4013 	EXP 	thermode_locali_pic: autoDraw = False
1586.4179 	EXP 	responsel: foreColor = (0, 0, 0)
1586.4185 	EXP 	New trial (rep=3, index=0): None
1586.4346 	EXP 	responsel: foreColor = (0, 0, 0)
1586.4346 	EXP 	responsel: autoDraw = False
1586.4346 	EXP 	percu_or: autoDraw = False
1586.4346 	EXP 	responser: autoDraw = False
1586.4346 	EXP 	thermode_locali_pic: autoDraw = False
1586.4346 	EXP 	responsel: autoDraw = False
1586.4346 	EXP 	percu_or: autoDraw = False
1586.4346 	EXP 	responser: autoDraw = False
1586.4346 	EXP 	responsel: foreColor = 'white'
1586.4346 	EXP 	responser: foreColor = 'white'
1586.4346 	EXP 	text_pic: autoDraw = True
1586.4346 	EXP 	croix_3: autoDraw = True
1591.4346 	EXP 	text_pic: autoDraw = False
1591.4346 	EXP 	croix_3: autoDraw = False
1591.4346 	EXP 	text_pic: autoDraw = False
1591.4346 	EXP 	croix_3: autoDraw = False
1591.4346 	EXP 	thermode_locali_pic: height = 0.02
1591.4346 	EXP 	thermode_locali_pic: height = 0.02
1591.4346 	EXP 	thermode_locali_pic: height = 0.02
1591.4346 	EXP 	thermode_locali_pic: text = 'T : 3'
1591.4346 	EXP 	responsel: text = 'OUI              '
1591.4346 	EXP 	thermode_locali_pic: autoDraw = True
1599.4181 	EXP 	responsel: autoDraw = True
1599.4181 	EXP 	percu_or: autoDraw = True
1599.4181 	EXP 	responser: autoDraw = True
1600.7858 	DATA 	Keypress: m
1600.8181 	EXP 	responsel: foreColor = (0, 0, 0)
1600.8347 	EXP 	responsel: foreColor = (0, 0, 0)
1600.8514 	EXP 	responsel: foreColor = (0, 0, 0)
1600.8681 	EXP 	responsel: foreColor = (0, 0, 0)
1600.8848 	EXP 	responsel: foreColor = (0, 0, 0)
1600.9014 	EXP 	responsel: foreColor = (0, 0, 0)
1600.9181 	EXP 	responsel: foreColor = (0, 0, 0)
1600.9348 	EXP 	responsel: foreColor = (0, 0, 0)
1600.9513 	EXP 	responsel: foreColor = (0, 0, 0)
1600.9680 	EXP 	responsel: foreColor = (0, 0, 0)
1600.9847 	EXP 	responsel: foreColor = (0, 0, 0)
1601.0014 	EXP 	responsel: foreColor = (0, 0, 0)
1601.0181 	EXP 	responsel: foreColor = (0, 0, 0)
1601.0347 	EXP 	responsel: foreColor = (0, 0, 0)
1601.0514 	EXP 	responsel: foreColor = (0, 0, 0)
1601.0681 	EXP 	responsel: foreColor = (0, 0, 0)
1601.0847 	EXP 	responsel: foreColor = (0, 0, 0)
1601.1014 	EXP 	responsel: foreColor = (0, 0, 0)
1601.1180 	EXP 	responsel: foreColor = (0, 0, 0)
1601.1347 	EXP 	responsel: foreColor = (0, 0, 0)
1601.1513 	EXP 	responsel: foreColor = (0, 0, 0)
1601.1680 	EXP 	responsel: foreColor = (0, 0, 0)
1601.1847 	EXP 	responsel: foreColor = (0, 0, 0)
1601.2014 	EXP 	responsel: foreColor = (0, 0, 0)
1601.2180 	EXP 	responsel: foreColor = (0, 0, 0)
1601.2347 	EXP 	responsel: foreColor = (0, 0, 0)
1601.2513 	EXP 	responsel: foreColor = (0, 0, 0)
1601.2681 	EXP 	responsel: foreColor = (0, 0, 0)
1601.2847 	EXP 	responsel: foreColor = (0, 0, 0)
1601.3014 	EXP 	responsel: foreColor = (0, 0, 0)
1601.3180 	EXP 	responsel: foreColor = (0, 0, 0)
1601.3347 	EXP 	responsel: foreColor = (0, 0, 0)
1601.3514 	EXP 	responsel: foreColor = (0, 0, 0)
1601.3680 	EXP 	responsel: foreColor = (0, 0, 0)
1601.3847 	EXP 	responsel: foreColor = (0, 0, 0)
1601.4013 	EXP 	responsel: foreColor = (0, 0, 0)
1601.4181 	EXP 	responsel: foreColor = (0, 0, 0)
1601.4347 	EXP 	responsel: foreColor = (0, 0, 0)
1601.4514 	EXP 	responsel: foreColor = (0, 0, 0)
1601.4680 	EXP 	responsel: foreColor = (0, 0, 0)
1601.4847 	EXP 	responsel: foreColor = (0, 0, 0)
1601.5014 	EXP 	responsel: foreColor = (0, 0, 0)
1601.5181 	EXP 	responsel: foreColor = (0, 0, 0)
1601.5347 	EXP 	responsel: foreColor = (0, 0, 0)
1601.5514 	EXP 	responsel: foreColor = (0, 0, 0)
1601.5680 	EXP 	responsel: foreColor = (0, 0, 0)
1601.5847 	EXP 	responsel: foreColor = (0, 0, 0)
1601.6014 	EXP 	responsel: foreColor = (0, 0, 0)
1601.6180 	EXP 	responsel: foreColor = (0, 0, 0)
1601.6347 	EXP 	responsel: foreColor = (0, 0, 0)
1601.6514 	EXP 	responsel: foreColor = (0, 0, 0)
1601.6681 	EXP 	responsel: foreColor = (0, 0, 0)
1601.6847 	EXP 	responsel: foreColor = (0, 0, 0)
1601.7014 	EXP 	responsel: foreColor = (0, 0, 0)
1601.7180 	EXP 	responsel: foreColor = (0, 0, 0)
1601.7347 	EXP 	responsel: foreColor = (0, 0, 0)
1601.7514 	EXP 	responsel: foreColor = (0, 0, 0)
1601.7681 	EXP 	responsel: foreColor = (0, 0, 0)
1601.7848 	EXP 	responsel: foreColor = (0, 0, 0)
1601.8013 	EXP 	responsel: foreColor = (0, 0, 0)
1601.8181 	EXP 	responsel: foreColor = (0, 0, 0)
1601.8347 	EXP 	responsel: foreColor = (0, 0, 0)
1601.8514 	EXP 	responsel: foreColor = (0, 0, 0)
1601.8681 	EXP 	responsel: foreColor = (0, 0, 0)
1601.8848 	EXP 	responsel: foreColor = (0, 0, 0)
1601.9013 	EXP 	responsel: foreColor = (0, 0, 0)
1601.9181 	EXP 	responsel: foreColor = (0, 0, 0)
1601.9348 	EXP 	responsel: foreColor = (0, 0, 0)
1601.9514 	EXP 	responsel: foreColor = (0, 0, 0)
1601.9681 	EXP 	responsel: foreColor = (0, 0, 0)
1601.9848 	EXP 	responsel: foreColor = (0, 0, 0)
1602.0014 	EXP 	responsel: foreColor = (0, 0, 0)
1602.0181 	EXP 	responsel: foreColor = (0, 0, 0)
1602.0347 	EXP 	responsel: foreColor = (0, 0, 0)
1602.0514 	EXP 	responsel: foreColor = (0, 0, 0)
1602.0681 	EXP 	responsel: foreColor = (0, 0, 0)
1602.0848 	EXP 	responsel: foreColor = (0, 0, 0)
1602.1014 	EXP 	responsel: foreColor = (0, 0, 0)
1602.1181 	EXP 	responsel: foreColor = (0, 0, 0)
1602.1348 	EXP 	responsel: foreColor = (0, 0, 0)
1602.1515 	EXP 	responsel: foreColor = (0, 0, 0)
1602.1680 	EXP 	responsel: foreColor = (0, 0, 0)
1602.1848 	EXP 	responsel: foreColor = (0, 0, 0)
1602.2014 	EXP 	responsel: foreColor = (0, 0, 0)
1602.2181 	EXP 	responsel: foreColor = (0, 0, 0)
1602.2348 	EXP 	responsel: foreColor = (0, 0, 0)
1602.2514 	EXP 	responsel: foreColor = (0, 0, 0)
1602.2681 	EXP 	responsel: foreColor = (0, 0, 0)
1602.2847 	EXP 	responsel: foreColor = (0, 0, 0)
1602.3014 	EXP 	responsel: foreColor = (0, 0, 0)
1602.3181 	EXP 	responsel: foreColor = (0, 0, 0)
1602.3348 	EXP 	responsel: foreColor = (0, 0, 0)
1602.3514 	EXP 	responsel: foreColor = (0, 0, 0)
1602.3681 	EXP 	responsel: foreColor = (0, 0, 0)
1602.3848 	EXP 	responsel: foreColor = (0, 0, 0)
1602.3848 	EXP 	thermode_locali_pic: autoDraw = False
1602.4014 	EXP 	responsel: foreColor = (0, 0, 0)
1602.4019 	EXP 	New trial (rep=2, index=0): None
1602.4181 	EXP 	responsel: foreColor = (0, 0, 0)
1602.4181 	EXP 	responsel: autoDraw = False
1602.4181 	EXP 	percu_or: autoDraw = False
1602.4181 	EXP 	responser: autoDraw = False
1602.4181 	EXP 	thermode_locali_pic: autoDraw = False
1602.4181 	EXP 	responsel: autoDraw = False
1602.4181 	EXP 	percu_or: autoDraw = False
1602.4181 	EXP 	responser: autoDraw = False
1602.4181 	EXP 	responsel: foreColor = 'white'
1602.4181 	EXP 	responser: foreColor = 'white'
1602.4181 	EXP 	text_7: autoDraw = True
1603.8517 	EXP 	Created sequence: random, trialTypes=1, nReps=2, seed=None
1603.8518 	EXP 	New trial (rep=0, index=0): None
1603.8536 	DATA 	Keypress: p
1603.8681 	EXP 	text_7: autoDraw = False
1603.8681 	EXP 	text_eva: autoDraw = True
1603.8681 	EXP 	croix_2: autoDraw = True
1608.8682 	EXP 	text_eva: autoDraw = False
1608.8682 	EXP 	croix_2: autoDraw = False
1608.8682 	EXP 	text_eva: autoDraw = False
1608.8682 	EXP 	croix_2: autoDraw = False
1608.8682 	EXP 	thermode_locali_EVA: autoDraw = True
1620.8519 	EXP 	window1: mouseVisible = True
1620.8529 	EXP 	Created unnamed Rect = Rect(__class__=<class 'psychopy.visual.rect.Rect'>, anchor=('center', 'center'), autoDraw=False, autoLog=True, closeShape=True, color=method-wrapper(...), colorSpace='rgb', contrast=None, depth=0, draggable=False, fillColor=array([1, 1, 1]), fillColorSpace='rgb', fillRGB=array([1, 1, 1]), interpolate=True, lineColor=array([1., 1., 1.]), lineColorSpace='rgb', lineRGB=array([1, 1, 1]), lineWidth=1.5, name='unnamed Rect', opacity=1.0, ori=0.0, pos=array([0., 0.]), size=array([0.01, 0.1 ]), units='norm', vertices=ndarray(...), win=Window(...))
1620.8530 	EXP 	window1: mouseVisible = True
1620.8531 	EXP 	window1: mouseVisible = True
1620.8535 	EXP 	window1: mouseVisible = True
1620.8547 	EXP 	window1: mouseVisible = True
1620.8557 	EXP 	window1: mouseVisible = True
1620.8559 	EXP 	window1: mouseVisible = True
1620.8561 	EXP 	window1: mouseVisible = True
1620.8562 	EXP 	window1: mouseVisible = True
1620.8564 	EXP 	window1: mouseVisible = True
1620.8565 	EXP 	window1: mouseVisible = True
1620.8566 	EXP 	window1: mouseVisible = True
1620.8568 	EXP 	window1: mouseVisible = True
1620.8569 	EXP 	window1: mouseVisible = True
1620.8570 	EXP 	window1: mouseVisible = True
1620.8572 	EXP 	window1: mouseVisible = True
1620.8573 	EXP 	window1: mouseVisible = True
1620.8574 	EXP 	window1: mouseVisible = True
1620.8575 	EXP 	window1: mouseVisible = True
1620.8577 	EXP 	window1: mouseVisible = True
1620.8578 	EXP 	window1: mouseVisible = True
1620.8580 	EXP 	window1: mouseVisible = True
1620.8581 	EXP 	window1: mouseVisible = True
1620.8583 	EXP 	window1: mouseVisible = True
1620.8584 	EXP 	window1: mouseVisible = True
1620.8586 	EXP 	window1: mouseVisible = True
1620.8587 	EXP 	window1: mouseVisible = True
1620.8588 	EXP 	window1: mouseVisible = True
1620.8590 	EXP 	window1: mouseVisible = True
1620.8591 	EXP 	window1: mouseVisible = True
1620.8592 	EXP 	window1: mouseVisible = True
1620.8593 	EXP 	window1: mouseVisible = True
1620.8595 	EXP 	window1: mouseVisible = True
1620.8596 	EXP 	window1: mouseVisible = True
1620.8597 	EXP 	window1: mouseVisible = True
1620.8598 	EXP 	window1: mouseVisible = True
1620.8600 	EXP 	window1: mouseVisible = True
1620.8601 	EXP 	window1: mouseVisible = True
1620.8602 	EXP 	window1: mouseVisible = True
1620.8603 	EXP 	window1: mouseVisible = True
1620.8605 	EXP 	window1: mouseVisible = True
1620.8606 	EXP 	window1: mouseVisible = True
1620.8607 	EXP 	window1: mouseVisible = True
1620.8608 	EXP 	window1: mouseVisible = True
1620.8610 	EXP 	window1: mouseVisible = True
1620.8611 	EXP 	window1: mouseVisible = True
1620.8612 	EXP 	window1: mouseVisible = True
1620.8614 	EXP 	window1: mouseVisible = True
1620.8615 	EXP 	window1: mouseVisible = True
1620.8616 	EXP 	window1: mouseVisible = True
1620.8617 	EXP 	window1: mouseVisible = True
1620.8619 	EXP 	window1: mouseVisible = True
1620.8620 	EXP 	window1: mouseVisible = True
1620.8621 	EXP 	window1: mouseVisible = True
1620.8623 	EXP 	window1: mouseVisible = True
1620.8624 	EXP 	window1: mouseVisible = True
1620.8625 	EXP 	window1: mouseVisible = True
1620.8627 	EXP 	window1: mouseVisible = True
1620.8628 	EXP 	window1: mouseVisible = True
1620.8629 	EXP 	window1: mouseVisible = True
1620.8630 	EXP 	window1: mouseVisible = True
1620.8632 	EXP 	window1: mouseVisible = True
1620.8633 	EXP 	window1: mouseVisible = True
1620.8634 	EXP 	window1: mouseVisible = True
1620.8635 	EXP 	window1: mouseVisible = True
1620.8637 	EXP 	window1: mouseVisible = True
1620.8638 	EXP 	window1: mouseVisible = True
1620.8639 	EXP 	window1: mouseVisible = True
1620.8641 	EXP 	window1: mouseVisible = True
1620.8642 	EXP 	window1: mouseVisible = True
1620.8643 	EXP 	window1: mouseVisible = True
1620.8644 	EXP 	window1: mouseVisible = True
1620.8646 	EXP 	window1: mouseVisible = True
1620.8647 	EXP 	window1: mouseVisible = True
1620.8648 	EXP 	window1: mouseVisible = True
1620.8649 	EXP 	window1: mouseVisible = True
1620.8651 	EXP 	window1: mouseVisible = True
1620.8652 	EXP 	window1: mouseVisible = True
1620.8653 	EXP 	window1: mouseVisible = True
1620.8654 	EXP 	window1: mouseVisible = True
1620.8656 	EXP 	window1: mouseVisible = True
1620.8657 	EXP 	window1: mouseVisible = True
1620.8658 	EXP 	window1: mouseVisible = True
1620.8660 	EXP 	window1: mouseVisible = True
1620.8661 	EXP 	window1: mouseVisible = True
1620.8662 	EXP 	window1: mouseVisible = True
1620.8664 	EXP 	window1: mouseVisible = True
1620.8665 	EXP 	window1: mouseVisible = True
1620.8666 	EXP 	window1: mouseVisible = True
1620.8667 	EXP 	window1: mouseVisible = True
1620.8669 	EXP 	window1: mouseVisible = True
1620.8670 	EXP 	window1: mouseVisible = True
1620.8671 	EXP 	window1: mouseVisible = True
1620.8672 	EXP 	window1: mouseVisible = True
1620.8674 	EXP 	window1: mouseVisible = True
1620.8675 	EXP 	window1: mouseVisible = True
1620.8676 	EXP 	window1: mouseVisible = True
1620.8678 	EXP 	window1: mouseVisible = True
1620.8679 	EXP 	window1: mouseVisible = True
1620.8680 	EXP 	window1: mouseVisible = True
1620.8681 	EXP 	window1: mouseVisible = True
1620.8683 	EXP 	window1: mouseVisible = True
1620.8684 	EXP 	window1: mouseVisible = True
1620.8685 	EXP 	window1: mouseVisible = True
1620.8686 	EXP 	window1: mouseVisible = True
1620.8710 	EXP 	Created ratingScale = RatingScale(__class__=type(...), acceptKeys=['return'], acceptPreText=UNKNOWN, acceptSize=UNKNOWN, acceptText=UNKNOWN, autoLog=True, choices=False, colorSpace='rgb', depth=0, disappear=False, flipVert=False, high=100, kwargs=UNKNOWN, labels=list(...), leftKeys=['left'], lineColor=(255, 255, 255), low=0, marker=Rect(...), markerColor=(255, 255, 255), markerExpansion=UNKNOWN, markerStart=0.5, maxTime=0.0, minTime=0.4, mouseOnly=False, name='ratingScale', noMouse=False, pos=[0.0, 0.0], precision=100, respKeys=[], rightKeys=['right'], scale=None, self=UNKNOWN, showAccept=False, showValue=False, singleClick=False, size=0.6, skipKeys=['tab'], stretch=2.0, textColor='white', textFont='Helvetica Bold', textSize=0.144, tickHeight=0, tickMarks=10.0, win=Window(...))
1620.8710 	EXP 	RatingScale ratingScale: reset()
1620.8731 	EXP 	window1: mouseVisible = False
1620.8850 	EXP 	thermode_locali_EVA: autoDraw = False
1620.8850 	EXP 	ratingScale: flipVert = False
1620.8850 	EXP 	ratingScale: autoLog = True
1620.8864 	EXP 	window1: mouseVisible = False
1620.9030 	EXP 	window1: mouseVisible = False
1620.9197 	EXP 	window1: mouseVisible = False
1620.9364 	EXP 	window1: mouseVisible = False
1620.9530 	EXP 	window1: mouseVisible = False
1620.9697 	EXP 	window1: mouseVisible = False
1620.9864 	EXP 	window1: mouseVisible = False
1621.0031 	EXP 	window1: mouseVisible = False
1621.0197 	EXP 	window1: mouseVisible = False
1621.0364 	EXP 	window1: mouseVisible = False
1621.0531 	EXP 	window1: mouseVisible = False
1621.0697 	EXP 	window1: mouseVisible = False
1621.0864 	EXP 	window1: mouseVisible = False
1621.1030 	EXP 	window1: mouseVisible = False
1621.1198 	EXP 	window1: mouseVisible = False
1621.1364 	EXP 	window1: mouseVisible = False
1621.1531 	EXP 	window1: mouseVisible = False
1621.1697 	EXP 	window1: mouseVisible = False
1621.1870 	EXP 	window1: mouseVisible = False
1621.2031 	EXP 	window1: mouseVisible = False
1621.2197 	EXP 	window1: mouseVisible = False
1621.2364 	EXP 	window1: mouseVisible = False
1621.2530 	EXP 	window1: mouseVisible = False
1621.2696 	EXP 	window1: mouseVisible = False
1621.2863 	EXP 	window1: mouseVisible = False
1621.3030 	EXP 	window1: mouseVisible = False
1621.3197 	EXP 	window1: mouseVisible = False
1621.3364 	EXP 	window1: mouseVisible = False
1621.3530 	EXP 	window1: mouseVisible = False
1621.3696 	EXP 	window1: mouseVisible = False
1621.3863 	EXP 	window1: mouseVisible = False
1621.4030 	EXP 	window1: mouseVisible = False
1621.4196 	EXP 	window1: mouseVisible = False
1621.4363 	EXP 	window1: mouseVisible = False
1621.4529 	EXP 	window1: mouseVisible = False
1621.4697 	EXP 	window1: mouseVisible = False
1621.4863 	EXP 	window1: mouseVisible = False
1621.5030 	EXP 	window1: mouseVisible = False
1621.5196 	EXP 	window1: mouseVisible = False
1621.5363 	EXP 	window1: mouseVisible = False
1621.5530 	EXP 	window1: mouseVisible = False
1621.5697 	EXP 	window1: mouseVisible = False
1621.5863 	EXP 	window1: mouseVisible = False
1621.6030 	EXP 	window1: mouseVisible = False
1621.6196 	EXP 	window1: mouseVisible = False
1621.6363 	EXP 	window1: mouseVisible = False
1621.6530 	EXP 	window1: mouseVisible = False
1621.6697 	EXP 	window1: mouseVisible = False
1621.6863 	EXP 	window1: mouseVisible = False
1621.7030 	EXP 	window1: mouseVisible = False
1621.7196 	EXP 	window1: mouseVisible = False
1621.7363 	EXP 	window1: mouseVisible = False
1621.7530 	EXP 	window1: mouseVisible = False
1621.7696 	EXP 	window1: mouseVisible = False
1621.7863 	EXP 	window1: mouseVisible = False
1621.8029 	EXP 	window1: mouseVisible = False
1621.8197 	EXP 	window1: mouseVisible = False
1621.8360 	DATA 	Keypress: n
1621.8365 	EXP 	window1: mouseVisible = False
1621.8530 	EXP 	window1: mouseVisible = False
1621.8696 	EXP 	window1: mouseVisible = False
1621.8864 	EXP 	window1: mouseVisible = False
1621.9030 	EXP 	window1: mouseVisible = False
1621.9197 	EXP 	window1: mouseVisible = False
1621.9365 	EXP 	window1: mouseVisible = False
1621.9530 	EXP 	window1: mouseVisible = False
1621.9697 	EXP 	window1: mouseVisible = False
1621.9864 	EXP 	window1: mouseVisible = False
1622.0030 	EXP 	window1: mouseVisible = False
1622.0196 	EXP 	window1: mouseVisible = False
1622.0364 	EXP 	window1: mouseVisible = False
1622.0530 	EXP 	window1: mouseVisible = False
1622.0697 	EXP 	window1: mouseVisible = False
1622.0864 	EXP 	window1: mouseVisible = False
1622.1032 	EXP 	window1: mouseVisible = False
1622.1197 	EXP 	window1: mouseVisible = False
1622.1363 	EXP 	window1: mouseVisible = False
1622.1530 	EXP 	window1: mouseVisible = False
1622.1697 	EXP 	window1: mouseVisible = False
1622.1863 	EXP 	window1: mouseVisible = False
1622.2030 	EXP 	window1: mouseVisible = False
1622.2197 	EXP 	window1: mouseVisible = False
1622.2363 	EXP 	window1: mouseVisible = False
1622.2530 	EXP 	window1: mouseVisible = False
1622.2697 	EXP 	window1: mouseVisible = False
1622.2863 	EXP 	window1: mouseVisible = False
1622.3030 	EXP 	window1: mouseVisible = False
1622.3197 	EXP 	window1: mouseVisible = False
1622.3364 	EXP 	window1: mouseVisible = False
1622.3530 	EXP 	window1: mouseVisible = False
1622.3697 	EXP 	window1: mouseVisible = False
1622.3863 	EXP 	window1: mouseVisible = False
1622.4030 	EXP 	window1: mouseVisible = False
1622.4197 	EXP 	window1: mouseVisible = False
1622.4365 	EXP 	window1: mouseVisible = False
1622.4530 	EXP 	window1: mouseVisible = False
1622.4698 	EXP 	window1: mouseVisible = False
1622.4865 	EXP 	window1: mouseVisible = False
1622.5031 	EXP 	window1: mouseVisible = False
1622.5198 	EXP 	window1: mouseVisible = False
1622.5365 	EXP 	window1: mouseVisible = False
1622.5531 	EXP 	window1: mouseVisible = False
1622.5697 	EXP 	window1: mouseVisible = False
1622.5864 	EXP 	window1: mouseVisible = False
1622.6030 	EXP 	window1: mouseVisible = False
1622.6196 	EXP 	window1: mouseVisible = False
1622.6364 	EXP 	window1: mouseVisible = False
1622.6531 	EXP 	window1: mouseVisible = False
1622.6697 	EXP 	window1: mouseVisible = False
1622.6864 	EXP 	window1: mouseVisible = False
1622.7030 	EXP 	window1: mouseVisible = False
1622.7197 	EXP 	window1: mouseVisible = False
1622.7364 	EXP 	window1: mouseVisible = False
1622.7530 	EXP 	window1: mouseVisible = False
1622.7697 	EXP 	window1: mouseVisible = False
1622.7864 	EXP 	window1: mouseVisible = False
1622.8030 	EXP 	window1: mouseVisible = False
1622.8196 	EXP 	window1: mouseVisible = False
1622.8363 	EXP 	window1: mouseVisible = False
1622.8530 	EXP 	window1: mouseVisible = False
1622.8703 	DATA 	Keypress: space
1622.9701 	EXP 	New trial (rep=1, index=0): None
1622.9849 	EXP 	main_text: autoDraw = True
1622.9849 	EXP 	confirm_text: autoDraw = True
1622.9849 	EXP 	ratingScale: autoDraw = False
1622.9849 	EXP 	main_text: autoDraw = False
1622.9849 	EXP 	confirm_text: autoDraw = False
1622.9849 	EXP 	text_eva: autoDraw = True
1622.9849 	EXP 	croix_2: autoDraw = True
1627.9850 	EXP 	text_eva: autoDraw = False
1627.9850 	EXP 	croix_2: autoDraw = False
1627.9850 	EXP 	text_eva: autoDraw = False
1627.9850 	EXP 	croix_2: autoDraw = False
1627.9850 	EXP 	thermode_locali_EVA: autoDraw = True
1639.9689 	EXP 	window1: mouseVisible = True
1639.9697 	EXP 	Created unnamed Rect = Rect(__class__=<class 'psychopy.visual.rect.Rect'>, anchor=('center', 'center'), autoDraw=False, autoLog=True, closeShape=True, color=method-wrapper(...), colorSpace='rgb', contrast=None, depth=0, draggable=False, fillColor=array([1, 1, 1]), fillColorSpace='rgb', fillRGB=array([1, 1, 1]), interpolate=True, lineColor=array([1., 1., 1.]), lineColorSpace='rgb', lineRGB=array([1, 1, 1]), lineWidth=1.5, name='unnamed Rect', opacity=1.0, ori=0.0, pos=array([0., 0.]), size=array([0.01, 0.1 ]), units='norm', vertices=ndarray(...), win=Window(...))
1639.9698 	EXP 	window1: mouseVisible = True
1639.9699 	EXP 	window1: mouseVisible = True
1639.9705 	EXP 	window1: mouseVisible = True
1639.9716 	EXP 	window1: mouseVisible = True
1639.9727 	EXP 	window1: mouseVisible = True
1639.9729 	EXP 	window1: mouseVisible = True
1639.9730 	EXP 	window1: mouseVisible = True
1639.9732 	EXP 	window1: mouseVisible = True
1639.9733 	EXP 	window1: mouseVisible = True
1639.9734 	EXP 	window1: mouseVisible = True
1639.9736 	EXP 	window1: mouseVisible = True
1639.9737 	EXP 	window1: mouseVisible = True
1639.9738 	EXP 	window1: mouseVisible = True
1639.9740 	EXP 	window1: mouseVisible = True
1639.9741 	EXP 	window1: mouseVisible = True
1639.9742 	EXP 	window1: mouseVisible = True
1639.9744 	EXP 	window1: mouseVisible = True
1639.9745 	EXP 	window1: mouseVisible = True
1639.9746 	EXP 	window1: mouseVisible = True
1639.9748 	EXP 	window1: mouseVisible = True
1639.9749 	EXP 	window1: mouseVisible = True
1639.9750 	EXP 	window1: mouseVisible = True
1639.9751 	EXP 	window1: mouseVisible = True
1639.9753 	EXP 	window1: mouseVisible = True
1639.9755 	EXP 	window1: mouseVisible = True
1639.9756 	EXP 	window1: mouseVisible = True
1639.9758 	EXP 	window1: mouseVisible = True
1639.9759 	EXP 	window1: mouseVisible = True
1639.9760 	EXP 	window1: mouseVisible = True
1639.9762 	EXP 	window1: mouseVisible = True
1639.9763 	EXP 	window1: mouseVisible = True
1639.9764 	EXP 	window1: mouseVisible = True
1639.9766 	EXP 	window1: mouseVisible = True
1639.9767 	EXP 	window1: mouseVisible = True
1639.9768 	EXP 	window1: mouseVisible = True
1639.9769 	EXP 	window1: mouseVisible = True
1639.9771 	EXP 	window1: mouseVisible = True
1639.9772 	EXP 	window1: mouseVisible = True
1639.9773 	EXP 	window1: mouseVisible = True
1639.9774 	EXP 	window1: mouseVisible = True
1639.9776 	EXP 	window1: mouseVisible = True
1639.9777 	EXP 	window1: mouseVisible = True
1639.9778 	EXP 	window1: mouseVisible = True
1639.9780 	EXP 	window1: mouseVisible = True
1639.9781 	EXP 	window1: mouseVisible = True
1639.9782 	EXP 	window1: mouseVisible = True
1639.9784 	EXP 	window1: mouseVisible = True
1639.9785 	EXP 	window1: mouseVisible = True
1639.9786 	EXP 	window1: mouseVisible = True
1639.9789 	EXP 	window1: mouseVisible = True
1639.9791 	EXP 	window1: mouseVisible = True
1639.9794 	EXP 	window1: mouseVisible = True
1639.9796 	EXP 	window1: mouseVisible = True
1639.9798 	EXP 	window1: mouseVisible = True
1639.9800 	EXP 	window1: mouseVisible = True
1639.9802 	EXP 	window1: mouseVisible = True
1639.9804 	EXP 	window1: mouseVisible = True
1639.9806 	EXP 	window1: mouseVisible = True
1639.9808 	EXP 	window1: mouseVisible = True
1639.9810 	EXP 	window1: mouseVisible = True
1639.9811 	EXP 	window1: mouseVisible = True
1639.9813 	EXP 	window1: mouseVisible = True
1639.9814 	EXP 	window1: mouseVisible = True
1639.9815 	EXP 	window1: mouseVisible = True
1639.9817 	EXP 	window1: mouseVisible = True
1639.9818 	EXP 	window1: mouseVisible = True
1639.9819 	EXP 	window1: mouseVisible = True
1639.9821 	EXP 	window1: mouseVisible = True
1639.9822 	EXP 	window1: mouseVisible = True
1639.9823 	EXP 	window1: mouseVisible = True
1639.9825 	EXP 	window1: mouseVisible = True
1639.9826 	EXP 	window1: mouseVisible = True
1639.9827 	EXP 	window1: mouseVisible = True
1639.9828 	EXP 	window1: mouseVisible = True
1639.9830 	EXP 	window1: mouseVisible = True
1639.9831 	EXP 	window1: mouseVisible = True
1639.9832 	EXP 	window1: mouseVisible = True
1639.9833 	EXP 	window1: mouseVisible = True
1639.9835 	EXP 	window1: mouseVisible = True
1639.9836 	EXP 	window1: mouseVisible = True
1639.9837 	EXP 	window1: mouseVisible = True
1639.9839 	EXP 	window1: mouseVisible = True
1639.9840 	EXP 	window1: mouseVisible = True
1639.9841 	EXP 	window1: mouseVisible = True
1639.9842 	EXP 	window1: mouseVisible = True
1639.9844 	EXP 	window1: mouseVisible = True
1639.9845 	EXP 	window1: mouseVisible = True
1639.9847 	EXP 	window1: mouseVisible = True
1639.9848 	EXP 	window1: mouseVisible = True
1639.9849 	EXP 	window1: mouseVisible = True
1639.9851 	EXP 	window1: mouseVisible = True
1639.9852 	EXP 	window1: mouseVisible = True
1639.9853 	EXP 	window1: mouseVisible = True
1639.9854 	EXP 	window1: mouseVisible = True
1639.9856 	EXP 	window1: mouseVisible = True
1639.9857 	EXP 	window1: mouseVisible = True
1639.9858 	EXP 	window1: mouseVisible = True
1639.9860 	EXP 	window1: mouseVisible = True
1639.9861 	EXP 	window1: mouseVisible = True
1639.9862 	EXP 	window1: mouseVisible = True
1639.9863 	EXP 	window1: mouseVisible = True
1639.9865 	EXP 	window1: mouseVisible = True
1639.9866 	EXP 	window1: mouseVisible = True
1639.9867 	EXP 	window1: mouseVisible = True
1639.9888 	EXP 	Created ratingScale = RatingScale(__class__=type(...), acceptKeys=['return'], acceptPreText=UNKNOWN, acceptSize=UNKNOWN, acceptText=UNKNOWN, autoLog=True, choices=False, colorSpace='rgb', depth=0, disappear=False, flipVert=False, high=100, kwargs=UNKNOWN, labels=list(...), leftKeys=['left'], lineColor=(255, 255, 255), low=0, marker=Rect(...), markerColor=(255, 255, 255), markerExpansion=UNKNOWN, markerStart=0.5, maxTime=0.0, minTime=0.4, mouseOnly=False, name='ratingScale', noMouse=False, pos=[0.0, 0.0], precision=100, respKeys=[], rightKeys=['right'], scale=None, self=UNKNOWN, showAccept=False, showValue=False, singleClick=False, size=0.6, skipKeys=['tab'], stretch=2.0, textColor='white', textFont='Helvetica Bold', textSize=0.144, tickHeight=0, tickMarks=10.0, win=Window(...))
1639.9889 	EXP 	RatingScale ratingScale: reset()
1639.9909 	EXP 	window1: mouseVisible = False
1640.0019 	EXP 	thermode_locali_EVA: autoDraw = False
1640.0019 	EXP 	thermode_locali_EVA: autoDraw = False
1640.0019 	EXP 	ratingScale: flipVert = False
1640.0019 	EXP 	ratingScale: autoLog = True
1640.0034 	EXP 	window1: mouseVisible = False
1640.0199 	EXP 	window1: mouseVisible = False
1640.0366 	EXP 	window1: mouseVisible = False
1640.0532 	EXP 	window1: mouseVisible = False
1640.0699 	EXP 	window1: mouseVisible = False
1640.0866 	EXP 	window1: mouseVisible = False
1640.1032 	EXP 	window1: mouseVisible = False
1640.1199 	EXP 	window1: mouseVisible = False
1640.1367 	EXP 	window1: mouseVisible = False
1640.1533 	EXP 	window1: mouseVisible = False
1640.1699 	EXP 	window1: mouseVisible = False
1640.1866 	EXP 	window1: mouseVisible = False
1640.2036 	EXP 	window1: mouseVisible = False
1640.2199 	EXP 	window1: mouseVisible = False
1640.2366 	EXP 	window1: mouseVisible = False
1640.2532 	EXP 	window1: mouseVisible = False
1640.2699 	EXP 	window1: mouseVisible = False
1640.2866 	EXP 	window1: mouseVisible = False
1640.3035 	EXP 	window1: mouseVisible = False
1640.3200 	EXP 	window1: mouseVisible = False
1640.3367 	EXP 	window1: mouseVisible = False
1640.3533 	EXP 	window1: mouseVisible = False
1640.3699 	EXP 	window1: mouseVisible = False
1640.3866 	EXP 	window1: mouseVisible = False
1640.4031 	EXP 	window1: mouseVisible = False
1640.4195 	DATA 	Keypress: m
1640.4201 	EXP 	window1: mouseVisible = False
1640.4366 	EXP 	window1: mouseVisible = False
1640.4532 	EXP 	window1: mouseVisible = False
1640.4701 	EXP 	window1: mouseVisible = False
1640.4867 	EXP 	window1: mouseVisible = False
1640.5032 	EXP 	window1: mouseVisible = False
1640.5199 	EXP 	window1: mouseVisible = False
1640.5366 	EXP 	window1: mouseVisible = False
1640.5533 	EXP 	window1: mouseVisible = False
1640.5699 	EXP 	window1: mouseVisible = False
1640.5866 	EXP 	window1: mouseVisible = False
1640.6033 	EXP 	window1: mouseVisible = False
1640.6199 	EXP 	window1: mouseVisible = False
1640.6366 	EXP 	window1: mouseVisible = False
1640.6533 	EXP 	window1: mouseVisible = False
1640.6699 	EXP 	window1: mouseVisible = False
1640.6866 	EXP 	window1: mouseVisible = False
1640.7033 	EXP 	window1: mouseVisible = False
1640.7199 	EXP 	window1: mouseVisible = False
1640.7366 	EXP 	window1: mouseVisible = False
1640.7533 	EXP 	window1: mouseVisible = False
1640.7700 	EXP 	window1: mouseVisible = False
1640.7865 	EXP 	window1: mouseVisible = False
1640.8032 	EXP 	window1: mouseVisible = False
1640.8200 	EXP 	window1: mouseVisible = False
1640.8365 	EXP 	window1: mouseVisible = False
1640.8532 	EXP 	window1: mouseVisible = False
1640.8699 	EXP 	window1: mouseVisible = False
1640.8866 	EXP 	window1: mouseVisible = False
1640.9033 	EXP 	window1: mouseVisible = False
1640.9199 	EXP 	window1: mouseVisible = False
1640.9367 	EXP 	window1: mouseVisible = False
1640.9533 	EXP 	window1: mouseVisible = False
1640.9700 	EXP 	window1: mouseVisible = False
1640.9866 	EXP 	window1: mouseVisible = False
1641.0033 	EXP 	window1: mouseVisible = False
1641.0200 	EXP 	window1: mouseVisible = False
1641.0367 	EXP 	window1: mouseVisible = False
1641.0533 	EXP 	window1: mouseVisible = False
1641.0701 	EXP 	window1: mouseVisible = False
1641.0866 	EXP 	window1: mouseVisible = False
1641.1033 	EXP 	window1: mouseVisible = False
1641.1199 	EXP 	window1: mouseVisible = False
1641.1367 	EXP 	window1: mouseVisible = False
1641.1534 	EXP 	window1: mouseVisible = False
1641.1699 	EXP 	window1: mouseVisible = False
1641.1867 	EXP 	window1: mouseVisible = False
1641.2032 	EXP 	window1: mouseVisible = False
1641.2200 	EXP 	window1: mouseVisible = False
1641.2366 	EXP 	window1: mouseVisible = False
1641.2533 	EXP 	window1: mouseVisible = False
1641.2700 	EXP 	window1: mouseVisible = False
1641.2866 	EXP 	window1: mouseVisible = False
1641.3033 	EXP 	window1: mouseVisible = False
1641.3199 	EXP 	window1: mouseVisible = False
1641.3367 	EXP 	window1: mouseVisible = False
1641.3533 	EXP 	window1: mouseVisible = False
1641.3700 	EXP 	window1: mouseVisible = False
1641.3870 	EXP 	window1: mouseVisible = False
1641.4033 	EXP 	window1: mouseVisible = False
1641.4199 	EXP 	window1: mouseVisible = False
1641.4366 	EXP 	window1: mouseVisible = False
1641.4533 	EXP 	window1: mouseVisible = False
1641.4699 	EXP 	window1: mouseVisible = False
1641.4866 	EXP 	window1: mouseVisible = False
1641.5032 	EXP 	window1: mouseVisible = False
1641.5199 	EXP 	window1: mouseVisible = False
1641.5365 	EXP 	window1: mouseVisible = False
1641.5536 	EXP 	window1: mouseVisible = False
1641.5701 	EXP 	window1: mouseVisible = False
1641.5868 	EXP 	window1: mouseVisible = False
1641.6035 	EXP 	window1: mouseVisible = False
1641.6202 	EXP 	window1: mouseVisible = False
1641.6366 	EXP 	window1: mouseVisible = False
1641.6532 	EXP 	window1: mouseVisible = False
1641.6700 	EXP 	window1: mouseVisible = False
1641.6866 	EXP 	window1: mouseVisible = False
1641.7032 	EXP 	window1: mouseVisible = False
1641.7202 	EXP 	window1: mouseVisible = False
1641.7366 	EXP 	window1: mouseVisible = False
1641.7533 	EXP 	window1: mouseVisible = False
1641.7699 	EXP 	window1: mouseVisible = False
1641.7866 	EXP 	window1: mouseVisible = False
1641.8032 	EXP 	window1: mouseVisible = False
1641.8200 	EXP 	window1: mouseVisible = False
1641.8366 	EXP 	window1: mouseVisible = False
1641.8533 	EXP 	window1: mouseVisible = False
1641.8698 	EXP 	window1: mouseVisible = False
1641.8866 	EXP 	window1: mouseVisible = False
1641.9032 	EXP 	window1: mouseVisible = False
1641.9199 	EXP 	window1: mouseVisible = False
1641.9365 	EXP 	window1: mouseVisible = False
1641.9532 	EXP 	window1: mouseVisible = False
1641.9699 	EXP 	window1: mouseVisible = False
1641.9865 	EXP 	window1: mouseVisible = False
1642.0032 	EXP 	window1: mouseVisible = False
1642.0199 	EXP 	window1: mouseVisible = False
1642.0368 	EXP 	window1: mouseVisible = False
1642.0533 	EXP 	window1: mouseVisible = False
1642.0699 	EXP 	window1: mouseVisible = False
1642.0866 	EXP 	window1: mouseVisible = False
1642.1032 	EXP 	window1: mouseVisible = False
1642.1199 	EXP 	window1: mouseVisible = False
1642.1366 	EXP 	window1: mouseVisible = False
1642.1534 	EXP 	window1: mouseVisible = False
1642.1699 	EXP 	window1: mouseVisible = False
1642.1866 	EXP 	window1: mouseVisible = False
1642.2032 	EXP 	window1: mouseVisible = False
1642.2200 	DATA 	Keypress: space
1642.3352 	EXP 	main_text: autoDraw = True
1642.3352 	EXP 	confirm_text: autoDraw = True
1642.3352 	EXP 	ratingScale: autoDraw = False
1642.3352 	EXP 	main_text: autoDraw = False
1642.3352 	EXP 	confirm_text: autoDraw = False
1642.3352 	EXP 	text_8: autoDraw = True
1643.5355 	EXP 	Created sequence: random, trialTypes=1, nReps=4, seed=None
1643.5356 	EXP 	New trial (rep=0, index=0): None
1643.5378 	DATA 	Keypress: p
1643.5519 	EXP 	text_8: autoDraw = False
1643.5519 	EXP 	text_pic: autoDraw = True
1643.5519 	EXP 	croix_3: autoDraw = True
1648.5520 	EXP 	text_pic: autoDraw = False
1648.5520 	EXP 	croix_3: autoDraw = False
1648.5520 	EXP 	text_pic: autoDraw = False
1648.5520 	EXP 	croix_3: autoDraw = False
1648.5520 	EXP 	thermode_locali_pic: height = 0.02
1648.5520 	EXP 	thermode_locali_pic: height = 0.02
1648.5520 	EXP 	thermode_locali_pic: height = 0.02
1648.5520 	EXP 	thermode_locali_pic: text = 'T : 2'
1648.5520 	EXP 	responsel: text = 'OUI              '
1648.5520 	EXP 	thermode_locali_pic: autoDraw = True
1656.5353 	EXP 	responsel: autoDraw = True
1656.5353 	EXP 	percu_or: autoDraw = True
1656.5353 	EXP 	responser: autoDraw = True
1657.1364 	DATA 	Keypress: m
1657.1686 	EXP 	responsel: foreColor = (0, 0, 0)
1657.1853 	EXP 	responsel: foreColor = (0, 0, 0)
1657.2020 	EXP 	responsel: foreColor = (0, 0, 0)
1657.2186 	EXP 	responsel: foreColor = (0, 0, 0)
1657.2353 	EXP 	responsel: foreColor = (0, 0, 0)
1657.2519 	EXP 	responsel: foreColor = (0, 0, 0)
1657.2686 	EXP 	responsel: foreColor = (0, 0, 0)
1657.2853 	EXP 	responsel: foreColor = (0, 0, 0)
1657.3020 	EXP 	responsel: foreColor = (0, 0, 0)
1657.3187 	EXP 	responsel: foreColor = (0, 0, 0)
1657.3353 	EXP 	responsel: foreColor = (0, 0, 0)
1657.3520 	EXP 	responsel: foreColor = (0, 0, 0)
1657.3686 	EXP 	responsel: foreColor = (0, 0, 0)
1657.3853 	EXP 	responsel: foreColor = (0, 0, 0)
1657.4019 	EXP 	responsel: foreColor = (0, 0, 0)
1657.4187 	EXP 	responsel: foreColor = (0, 0, 0)
1657.4353 	EXP 	responsel: foreColor = (0, 0, 0)
1657.4520 	EXP 	responsel: foreColor = (0, 0, 0)
1657.4687 	EXP 	responsel: foreColor = (0, 0, 0)
1657.4853 	EXP 	responsel: foreColor = (0, 0, 0)
1657.5020 	EXP 	responsel: foreColor = (0, 0, 0)
1657.5186 	EXP 	responsel: foreColor = (0, 0, 0)
1657.5353 	EXP 	responsel: foreColor = (0, 0, 0)
1657.5520 	EXP 	responsel: foreColor = (0, 0, 0)
1657.5686 	EXP 	responsel: foreColor = (0, 0, 0)
1657.5853 	EXP 	responsel: foreColor = (0, 0, 0)
1657.6020 	EXP 	responsel: foreColor = (0, 0, 0)
1657.6187 	EXP 	responsel: foreColor = (0, 0, 0)
1657.6353 	EXP 	responsel: foreColor = (0, 0, 0)
1657.6519 	EXP 	responsel: foreColor = (0, 0, 0)
1657.6686 	EXP 	responsel: foreColor = (0, 0, 0)
1657.6853 	EXP 	responsel: foreColor = (0, 0, 0)
1657.7020 	EXP 	responsel: foreColor = (0, 0, 0)
1657.7186 	EXP 	responsel: foreColor = (0, 0, 0)
1657.7353 	EXP 	responsel: foreColor = (0, 0, 0)
1657.7520 	EXP 	responsel: foreColor = (0, 0, 0)
1657.7687 	EXP 	responsel: foreColor = (0, 0, 0)
1657.7853 	EXP 	responsel: foreColor = (0, 0, 0)
1657.8020 	EXP 	responsel: foreColor = (0, 0, 0)
1657.8187 	EXP 	responsel: foreColor = (0, 0, 0)
1657.8353 	EXP 	responsel: foreColor = (0, 0, 0)
1657.8520 	EXP 	responsel: foreColor = (0, 0, 0)
1657.8687 	EXP 	responsel: foreColor = (0, 0, 0)
1657.8853 	EXP 	responsel: foreColor = (0, 0, 0)
1657.9020 	EXP 	responsel: foreColor = (0, 0, 0)
1657.9187 	EXP 	responsel: foreColor = (0, 0, 0)
1657.9353 	EXP 	responsel: foreColor = (0, 0, 0)
1657.9520 	EXP 	responsel: foreColor = (0, 0, 0)
1657.9687 	EXP 	responsel: foreColor = (0, 0, 0)
1657.9854 	EXP 	responsel: foreColor = (0, 0, 0)
1658.0020 	EXP 	responsel: foreColor = (0, 0, 0)
1658.0186 	EXP 	responsel: foreColor = (0, 0, 0)
1658.0352 	EXP 	responsel: foreColor = (0, 0, 0)
1658.0519 	EXP 	responsel: foreColor = (0, 0, 0)
1658.0686 	EXP 	responsel: foreColor = (0, 0, 0)
1658.0853 	EXP 	responsel: foreColor = (0, 0, 0)
1658.1020 	EXP 	responsel: foreColor = (0, 0, 0)
1658.1187 	EXP 	responsel: foreColor = (0, 0, 0)
1658.1353 	EXP 	responsel: foreColor = (0, 0, 0)
1658.1520 	EXP 	responsel: foreColor = (0, 0, 0)
1658.1687 	EXP 	responsel: foreColor = (0, 0, 0)
1658.1853 	EXP 	responsel: foreColor = (0, 0, 0)
1658.2020 	EXP 	responsel: foreColor = (0, 0, 0)
1658.2187 	EXP 	responsel: foreColor = (0, 0, 0)
1658.2353 	EXP 	responsel: foreColor = (0, 0, 0)
1658.2520 	EXP 	responsel: foreColor = (0, 0, 0)
1658.2687 	EXP 	responsel: foreColor = (0, 0, 0)
1658.2854 	EXP 	responsel: foreColor = (0, 0, 0)
1658.3020 	EXP 	responsel: foreColor = (0, 0, 0)
1658.3186 	EXP 	responsel: foreColor = (0, 0, 0)
1658.3352 	EXP 	responsel: foreColor = (0, 0, 0)
1658.3520 	EXP 	responsel: foreColor = (0, 0, 0)
1658.3687 	EXP 	responsel: foreColor = (0, 0, 0)
1658.3853 	EXP 	responsel: foreColor = (0, 0, 0)
1658.4020 	EXP 	responsel: foreColor = (0, 0, 0)
1658.4187 	EXP 	responsel: foreColor = (0, 0, 0)
1658.4353 	EXP 	responsel: foreColor = (0, 0, 0)
1658.4520 	EXP 	responsel: foreColor = (0, 0, 0)
1658.4686 	EXP 	responsel: foreColor = (0, 0, 0)
1658.4853 	EXP 	responsel: foreColor = (0, 0, 0)
1658.5020 	EXP 	responsel: foreColor = (0, 0, 0)
1658.5187 	EXP 	responsel: foreColor = (0, 0, 0)
1658.5353 	EXP 	responsel: foreColor = (0, 0, 0)
1658.5520 	EXP 	responsel: foreColor = (0, 0, 0)
1658.5687 	EXP 	responsel: foreColor = (0, 0, 0)
1658.5854 	EXP 	responsel: foreColor = (0, 0, 0)
1658.6020 	EXP 	responsel: foreColor = (0, 0, 0)
1658.6187 	EXP 	responsel: foreColor = (0, 0, 0)
1658.6353 	EXP 	responsel: foreColor = (0, 0, 0)
1658.6520 	EXP 	responsel: foreColor = (0, 0, 0)
1658.6686 	EXP 	responsel: foreColor = (0, 0, 0)
1658.6853 	EXP 	responsel: foreColor = (0, 0, 0)
1658.7020 	EXP 	responsel: foreColor = (0, 0, 0)
1658.7187 	EXP 	responsel: foreColor = (0, 0, 0)
1658.7354 	EXP 	responsel: foreColor = (0, 0, 0)
1658.7520 	EXP 	responsel: foreColor = (0, 0, 0)
1658.7687 	EXP 	responsel: foreColor = (0, 0, 0)
1658.7853 	EXP 	responsel: foreColor = (0, 0, 0)
1658.8020 	EXP 	responsel: foreColor = (0, 0, 0)
1658.8187 	EXP 	responsel: foreColor = (0, 0, 0)
1658.8353 	EXP 	responsel: foreColor = (0, 0, 0)
1658.8520 	EXP 	responsel: foreColor = (0, 0, 0)
1658.8686 	EXP 	responsel: foreColor = (0, 0, 0)
1658.8853 	EXP 	responsel: foreColor = (0, 0, 0)
1658.9020 	EXP 	responsel: foreColor = (0, 0, 0)
1658.9187 	EXP 	responsel: foreColor = (0, 0, 0)
1658.9353 	EXP 	responsel: foreColor = (0, 0, 0)
1658.9520 	EXP 	responsel: foreColor = (0, 0, 0)
1658.9687 	EXP 	responsel: foreColor = (0, 0, 0)
1658.9853 	EXP 	responsel: foreColor = (0, 0, 0)
1659.0020 	EXP 	responsel: foreColor = (0, 0, 0)
1659.0187 	EXP 	responsel: foreColor = (0, 0, 0)
1659.0354 	EXP 	responsel: foreColor = (0, 0, 0)
1659.0520 	EXP 	responsel: foreColor = (0, 0, 0)
1659.0687 	EXP 	responsel: foreColor = (0, 0, 0)
1659.0853 	EXP 	responsel: foreColor = (0, 0, 0)
1659.1020 	EXP 	responsel: foreColor = (0, 0, 0)
1659.1186 	EXP 	responsel: foreColor = (0, 0, 0)
1659.1353 	EXP 	responsel: foreColor = (0, 0, 0)
1659.1520 	EXP 	responsel: foreColor = (0, 0, 0)
1659.1687 	EXP 	responsel: foreColor = (0, 0, 0)
1659.1853 	EXP 	responsel: foreColor = (0, 0, 0)
1659.2020 	EXP 	responsel: foreColor = (0, 0, 0)
1659.2186 	EXP 	responsel: foreColor = (0, 0, 0)
1659.2353 	EXP 	responsel: foreColor = (0, 0, 0)
1659.2520 	EXP 	responsel: foreColor = (0, 0, 0)
1659.2687 	EXP 	responsel: foreColor = (0, 0, 0)
1659.2853 	EXP 	responsel: foreColor = (0, 0, 0)
1659.3020 	EXP 	responsel: foreColor = (0, 0, 0)
1659.3186 	EXP 	responsel: foreColor = (0, 0, 0)
1659.3354 	EXP 	responsel: foreColor = (0, 0, 0)
1659.3521 	EXP 	responsel: foreColor = (0, 0, 0)
1659.3687 	EXP 	responsel: foreColor = (0, 0, 0)
1659.3854 	EXP 	responsel: foreColor = (0, 0, 0)
1659.4021 	EXP 	responsel: foreColor = (0, 0, 0)
1659.4187 	EXP 	responsel: foreColor = (0, 0, 0)
1659.4354 	EXP 	responsel: foreColor = (0, 0, 0)
1659.4521 	EXP 	responsel: foreColor = (0, 0, 0)
1659.4687 	EXP 	responsel: foreColor = (0, 0, 0)
1659.4854 	EXP 	responsel: foreColor = (0, 0, 0)
1659.5021 	EXP 	responsel: foreColor = (0, 0, 0)
1659.5021 	EXP 	thermode_locali_pic: autoDraw = False
1659.5187 	EXP 	responsel: foreColor = (0, 0, 0)
1659.5193 	EXP 	New trial (rep=1, index=0): None
1659.5354 	EXP 	responsel: foreColor = (0, 0, 0)
1659.5354 	EXP 	responsel: autoDraw = False
1659.5354 	EXP 	percu_or: autoDraw = False
1659.5354 	EXP 	responser: autoDraw = False
1659.5354 	EXP 	thermode_locali_pic: autoDraw = False
1659.5354 	EXP 	responsel: autoDraw = False
1659.5354 	EXP 	percu_or: autoDraw = False
1659.5354 	EXP 	responser: autoDraw = False
1659.5354 	EXP 	responsel: foreColor = 'white'
1659.5354 	EXP 	responser: foreColor = 'white'
1659.5354 	EXP 	text_pic: autoDraw = True
1659.5354 	EXP 	croix_3: autoDraw = True
1664.5354 	EXP 	text_pic: autoDraw = False
1664.5354 	EXP 	croix_3: autoDraw = False
1664.5354 	EXP 	text_pic: autoDraw = False
1664.5354 	EXP 	croix_3: autoDraw = False
1664.5354 	EXP 	thermode_locali_pic: height = 0.02
1664.5354 	EXP 	thermode_locali_pic: height = 0.02
1664.5354 	EXP 	thermode_locali_pic: height = 0.02
1664.5354 	EXP 	thermode_locali_pic: text = 'T : 3'
1664.5354 	EXP 	responsel: text = 'OUI              '
1664.5354 	EXP 	thermode_locali_pic: autoDraw = True
1672.5189 	EXP 	responsel: autoDraw = True
1672.5189 	EXP 	percu_or: autoDraw = True
1672.5189 	EXP 	responser: autoDraw = True
1673.6867 	DATA 	Keypress: n
1673.7189 	EXP 	responser: foreColor = (0, 0, 0)
1673.7355 	EXP 	responser: foreColor = (0, 0, 0)
1673.7522 	EXP 	responser: foreColor = (0, 0, 0)
1673.7689 	EXP 	responser: foreColor = (0, 0, 0)
1673.7856 	EXP 	responser: foreColor = (0, 0, 0)
1673.8022 	EXP 	responser: foreColor = (0, 0, 0)
1673.8189 	EXP 	responser: foreColor = (0, 0, 0)
1673.8356 	EXP 	responser: foreColor = (0, 0, 0)
1673.8522 	EXP 	responser: foreColor = (0, 0, 0)
1673.8689 	EXP 	responser: foreColor = (0, 0, 0)
1673.8855 	EXP 	responser: foreColor = (0, 0, 0)
1673.9023 	EXP 	responser: foreColor = (0, 0, 0)
1673.9189 	EXP 	responser: foreColor = (0, 0, 0)
1673.9355 	EXP 	responser: foreColor = (0, 0, 0)
1673.9522 	EXP 	responser: foreColor = (0, 0, 0)
1673.9689 	EXP 	responser: foreColor = (0, 0, 0)
1673.9855 	EXP 	responser: foreColor = (0, 0, 0)
1674.0022 	EXP 	responser: foreColor = (0, 0, 0)
1674.0189 	EXP 	responser: foreColor = (0, 0, 0)
1674.0355 	EXP 	responser: foreColor = (0, 0, 0)
1674.0522 	EXP 	responser: foreColor = (0, 0, 0)
1674.0689 	EXP 	responser: foreColor = (0, 0, 0)
1674.0856 	EXP 	responser: foreColor = (0, 0, 0)
1674.1022 	EXP 	responser: foreColor = (0, 0, 0)
1674.1189 	EXP 	responser: foreColor = (0, 0, 0)
1674.1356 	EXP 	responser: foreColor = (0, 0, 0)
1674.1522 	EXP 	responser: foreColor = (0, 0, 0)
1674.1688 	EXP 	responser: foreColor = (0, 0, 0)
1674.1856 	EXP 	responser: foreColor = (0, 0, 0)
1674.2023 	EXP 	responser: foreColor = (0, 0, 0)
1674.2189 	EXP 	responser: foreColor = (0, 0, 0)
1674.2355 	EXP 	responser: foreColor = (0, 0, 0)
1674.2522 	EXP 	responser: foreColor = (0, 0, 0)
1674.2689 	EXP 	responser: foreColor = (0, 0, 0)
1674.2855 	EXP 	responser: foreColor = (0, 0, 0)
1674.3022 	EXP 	responser: foreColor = (0, 0, 0)
1674.3189 	EXP 	responser: foreColor = (0, 0, 0)
1674.3355 	EXP 	responser: foreColor = (0, 0, 0)
1674.3522 	EXP 	responser: foreColor = (0, 0, 0)
1674.3689 	EXP 	responser: foreColor = (0, 0, 0)
1674.3855 	EXP 	responser: foreColor = (0, 0, 0)
1674.4022 	EXP 	responser: foreColor = (0, 0, 0)
1674.4189 	EXP 	responser: foreColor = (0, 0, 0)
1674.4356 	EXP 	responser: foreColor = (0, 0, 0)
1674.4522 	EXP 	responser: foreColor = (0, 0, 0)
1674.4689 	EXP 	responser: foreColor = (0, 0, 0)
1674.4855 	EXP 	responser: foreColor = (0, 0, 0)
1674.5022 	EXP 	responser: foreColor = (0, 0, 0)
1674.5189 	EXP 	responser: foreColor = (0, 0, 0)
1674.5355 	EXP 	responser: foreColor = (0, 0, 0)
1674.5522 	EXP 	responser: foreColor = (0, 0, 0)
1674.5689 	EXP 	responser: foreColor = (0, 0, 0)
1674.5855 	EXP 	responser: foreColor = (0, 0, 0)
1674.6022 	EXP 	responser: foreColor = (0, 0, 0)
1674.6189 	EXP 	responser: foreColor = (0, 0, 0)
1674.6355 	EXP 	responser: foreColor = (0, 0, 0)
1674.6522 	EXP 	responser: foreColor = (0, 0, 0)
1674.6689 	EXP 	responser: foreColor = (0, 0, 0)
1674.6856 	EXP 	responser: foreColor = (0, 0, 0)
1674.7022 	EXP 	responser: foreColor = (0, 0, 0)
1674.7189 	EXP 	responser: foreColor = (0, 0, 0)
1674.7356 	EXP 	responser: foreColor = (0, 0, 0)
1674.7522 	EXP 	responser: foreColor = (0, 0, 0)
1674.7689 	EXP 	responser: foreColor = (0, 0, 0)
1674.7855 	EXP 	responser: foreColor = (0, 0, 0)
1674.8022 	EXP 	responser: foreColor = (0, 0, 0)
1674.8188 	EXP 	responser: foreColor = (0, 0, 0)
1674.8355 	EXP 	responser: foreColor = (0, 0, 0)
1674.8523 	EXP 	responser: foreColor = (0, 0, 0)
1674.8689 	EXP 	responser: foreColor = (0, 0, 0)
1674.8855 	EXP 	responser: foreColor = (0, 0, 0)
1674.9022 	EXP 	responser: foreColor = (0, 0, 0)
1674.9189 	EXP 	responser: foreColor = (0, 0, 0)
1674.9355 	EXP 	responser: foreColor = (0, 0, 0)
1674.9522 	EXP 	responser: foreColor = (0, 0, 0)
1674.9689 	EXP 	responser: foreColor = (0, 0, 0)
1674.9856 	EXP 	responser: foreColor = (0, 0, 0)
1675.0022 	EXP 	responser: foreColor = (0, 0, 0)
1675.0189 	EXP 	responser: foreColor = (0, 0, 0)
1675.0356 	EXP 	responser: foreColor = (0, 0, 0)
1675.0522 	EXP 	responser: foreColor = (0, 0, 0)
1675.0689 	EXP 	responser: foreColor = (0, 0, 0)
1675.0856 	EXP 	responser: foreColor = (0, 0, 0)
1675.1023 	EXP 	responser: foreColor = (0, 0, 0)
1675.1189 	EXP 	responser: foreColor = (0, 0, 0)
1675.1355 	EXP 	responser: foreColor = (0, 0, 0)
1675.1522 	EXP 	responser: foreColor = (0, 0, 0)
1675.1689 	EXP 	responser: foreColor = (0, 0, 0)
1675.1856 	EXP 	responser: foreColor = (0, 0, 0)
1675.2023 	EXP 	responser: foreColor = (0, 0, 0)
1675.2189 	EXP 	responser: foreColor = (0, 0, 0)
1675.2356 	EXP 	responser: foreColor = (0, 0, 0)
1675.2522 	EXP 	responser: foreColor = (0, 0, 0)
1675.2689 	EXP 	responser: foreColor = (0, 0, 0)
1675.2856 	EXP 	responser: foreColor = (0, 0, 0)
1675.3022 	EXP 	responser: foreColor = (0, 0, 0)
1675.3189 	EXP 	responser: foreColor = (0, 0, 0)
1675.3356 	EXP 	responser: foreColor = (0, 0, 0)
1675.3523 	EXP 	responser: foreColor = (0, 0, 0)
1675.3689 	EXP 	responser: foreColor = (0, 0, 0)
1675.3856 	EXP 	responser: foreColor = (0, 0, 0)
1675.4022 	EXP 	responser: foreColor = (0, 0, 0)
1675.4189 	EXP 	responser: foreColor = (0, 0, 0)
1675.4355 	EXP 	responser: foreColor = (0, 0, 0)
1675.4522 	EXP 	responser: foreColor = (0, 0, 0)
1675.4690 	EXP 	responser: foreColor = (0, 0, 0)
1675.4856 	EXP 	responser: foreColor = (0, 0, 0)
1675.4856 	EXP 	thermode_locali_pic: autoDraw = False
1675.5022 	EXP 	responser: foreColor = (0, 0, 0)
1675.5027 	EXP 	New trial (rep=2, index=0): None
1675.5189 	EXP 	responser: foreColor = (0, 0, 0)
1675.5189 	EXP 	responsel: autoDraw = False
1675.5189 	EXP 	percu_or: autoDraw = False
1675.5189 	EXP 	responser: autoDraw = False
1675.5189 	EXP 	thermode_locali_pic: autoDraw = False
1675.5189 	EXP 	responsel: autoDraw = False
1675.5189 	EXP 	percu_or: autoDraw = False
1675.5189 	EXP 	responser: autoDraw = False
1675.5189 	EXP 	responsel: foreColor = 'white'
1675.5189 	EXP 	responser: foreColor = 'white'
1675.5189 	EXP 	text_pic: autoDraw = True
1675.5189 	EXP 	croix_3: autoDraw = True
1680.5190 	EXP 	text_pic: autoDraw = False
1680.5190 	EXP 	croix_3: autoDraw = False
1680.5190 	EXP 	text_pic: autoDraw = False
1680.5190 	EXP 	croix_3: autoDraw = False
1680.5190 	EXP 	thermode_locali_pic: height = 0.02
1680.5190 	EXP 	thermode_locali_pic: height = 0.02
1680.5190 	EXP 	thermode_locali_pic: height = 0.02
1680.5190 	EXP 	thermode_locali_pic: text = 'T : 0'
1680.5190 	EXP 	responsel: text = 'OUI              '
1680.5190 	EXP 	thermode_locali_pic: autoDraw = True
1688.5024 	EXP 	responsel: autoDraw = True
1688.5024 	EXP 	percu_or: autoDraw = True
1688.5024 	EXP 	responser: autoDraw = True
1689.5701 	DATA 	Keypress: n
1689.6024 	EXP 	responser: foreColor = (0, 0, 0)
1689.6190 	EXP 	responser: foreColor = (0, 0, 0)
1689.6356 	EXP 	responser: foreColor = (0, 0, 0)
1689.6523 	EXP 	responser: foreColor = (0, 0, 0)
1689.6690 	EXP 	responser: foreColor = (0, 0, 0)
1689.6857 	EXP 	responser: foreColor = (0, 0, 0)
1689.7024 	EXP 	responser: foreColor = (0, 0, 0)
1689.7191 	EXP 	responser: foreColor = (0, 0, 0)
1689.7357 	EXP 	responser: foreColor = (0, 0, 0)
1689.7524 	EXP 	responser: foreColor = (0, 0, 0)
1689.7690 	EXP 	responser: foreColor = (0, 0, 0)
1689.7857 	EXP 	responser: foreColor = (0, 0, 0)
1689.8024 	EXP 	responser: foreColor = (0, 0, 0)
1689.8191 	EXP 	responser: foreColor = (0, 0, 0)
1689.8357 	EXP 	responser: foreColor = (0, 0, 0)
1689.8524 	EXP 	responser: foreColor = (0, 0, 0)
1689.8691 	EXP 	responser: foreColor = (0, 0, 0)
1689.8857 	EXP 	responser: foreColor = (0, 0, 0)
1689.9023 	EXP 	responser: foreColor = (0, 0, 0)
1689.9190 	EXP 	responser: foreColor = (0, 0, 0)
1689.9357 	EXP 	responser: foreColor = (0, 0, 0)
1689.9524 	EXP 	responser: foreColor = (0, 0, 0)
1689.9690 	EXP 	responser: foreColor = (0, 0, 0)
1689.9857 	EXP 	responser: foreColor = (0, 0, 0)
1690.0024 	EXP 	responser: foreColor = (0, 0, 0)
1690.0190 	EXP 	responser: foreColor = (0, 0, 0)
1690.0357 	EXP 	responser: foreColor = (0, 0, 0)
1690.0523 	EXP 	responser: foreColor = (0, 0, 0)
1690.0690 	EXP 	responser: foreColor = (0, 0, 0)
1690.0857 	EXP 	responser: foreColor = (0, 0, 0)
1690.1024 	EXP 	responser: foreColor = (0, 0, 0)
1690.1190 	EXP 	responser: foreColor = (0, 0, 0)
1690.1357 	EXP 	responser: foreColor = (0, 0, 0)
1690.1523 	EXP 	responser: foreColor = (0, 0, 0)
1690.1690 	EXP 	responser: foreColor = (0, 0, 0)
1690.1857 	EXP 	responser: foreColor = (0, 0, 0)
1690.2024 	EXP 	responser: foreColor = (0, 0, 0)
1690.2190 	EXP 	responser: foreColor = (0, 0, 0)
1690.2356 	EXP 	responser: foreColor = (0, 0, 0)
1690.2523 	EXP 	responser: foreColor = (0, 0, 0)
1690.2690 	EXP 	responser: foreColor = (0, 0, 0)
1690.2857 	EXP 	responser: foreColor = (0, 0, 0)
1690.3023 	EXP 	responser: foreColor = (0, 0, 0)
1690.3190 	EXP 	responser: foreColor = (0, 0, 0)
1690.3357 	EXP 	responser: foreColor = (0, 0, 0)
1690.3523 	EXP 	responser: foreColor = (0, 0, 0)
1690.3690 	EXP 	responser: foreColor = (0, 0, 0)
1690.3857 	EXP 	responser: foreColor = (0, 0, 0)
1690.4023 	EXP 	responser: foreColor = (0, 0, 0)
1690.4190 	EXP 	responser: foreColor = (0, 0, 0)
1690.4357 	EXP 	responser: foreColor = (0, 0, 0)
1690.4523 	EXP 	responser: foreColor = (0, 0, 0)
1690.4690 	EXP 	responser: foreColor = (0, 0, 0)
1690.4856 	EXP 	responser: foreColor = (0, 0, 0)
1690.5024 	EXP 	responser: foreColor = (0, 0, 0)
1690.5190 	EXP 	responser: foreColor = (0, 0, 0)
1690.5357 	EXP 	responser: foreColor = (0, 0, 0)
1690.5523 	EXP 	responser: foreColor = (0, 0, 0)
1690.5690 	EXP 	responser: foreColor = (0, 0, 0)
1690.5856 	EXP 	responser: foreColor = (0, 0, 0)
1690.6023 	EXP 	responser: foreColor = (0, 0, 0)
1690.6190 	EXP 	responser: foreColor = (0, 0, 0)
1690.6357 	EXP 	responser: foreColor = (0, 0, 0)
1690.6523 	EXP 	responser: foreColor = (0, 0, 0)
1690.6690 	EXP 	responser: foreColor = (0, 0, 0)
1690.6857 	EXP 	responser: foreColor = (0, 0, 0)
1690.7023 	EXP 	responser: foreColor = (0, 0, 0)
1690.7190 	EXP 	responser: foreColor = (0, 0, 0)
1690.7357 	EXP 	responser: foreColor = (0, 0, 0)
1690.7524 	EXP 	responser: foreColor = (0, 0, 0)
1690.7690 	EXP 	responser: foreColor = (0, 0, 0)
1690.7857 	EXP 	responser: foreColor = (0, 0, 0)
1690.8024 	EXP 	responser: foreColor = (0, 0, 0)
1690.8190 	EXP 	responser: foreColor = (0, 0, 0)
1690.8357 	EXP 	responser: foreColor = (0, 0, 0)
1690.8523 	EXP 	responser: foreColor = (0, 0, 0)
1690.8690 	EXP 	responser: foreColor = (0, 0, 0)
1690.8856 	EXP 	responser: foreColor = (0, 0, 0)
1690.9023 	EXP 	responser: foreColor = (0, 0, 0)
1690.9190 	EXP 	responser: foreColor = (0, 0, 0)
1690.9357 	EXP 	responser: foreColor = (0, 0, 0)
1690.9524 	EXP 	responser: foreColor = (0, 0, 0)
1690.9690 	EXP 	responser: foreColor = (0, 0, 0)
1690.9857 	EXP 	responser: foreColor = (0, 0, 0)
1691.0023 	EXP 	responser: foreColor = (0, 0, 0)
1691.0191 	EXP 	responser: foreColor = (0, 0, 0)
1691.0357 	EXP 	responser: foreColor = (0, 0, 0)
1691.0524 	EXP 	responser: foreColor = (0, 0, 0)
1691.0690 	EXP 	responser: foreColor = (0, 0, 0)
1691.0857 	EXP 	responser: foreColor = (0, 0, 0)
1691.1023 	EXP 	responser: foreColor = (0, 0, 0)
1691.1190 	EXP 	responser: foreColor = (0, 0, 0)
1691.1357 	EXP 	responser: foreColor = (0, 0, 0)
1691.1523 	EXP 	responser: foreColor = (0, 0, 0)
1691.1690 	EXP 	responser: foreColor = (0, 0, 0)
1691.1857 	EXP 	responser: foreColor = (0, 0, 0)
1691.2023 	EXP 	responser: foreColor = (0, 0, 0)
1691.2190 	EXP 	responser: foreColor = (0, 0, 0)
1691.2357 	EXP 	responser: foreColor = (0, 0, 0)
1691.2524 	EXP 	responser: foreColor = (0, 0, 0)
1691.2689 	EXP 	responser: foreColor = (0, 0, 0)
1691.2857 	EXP 	responser: foreColor = (0, 0, 0)
1691.3024 	EXP 	responser: foreColor = (0, 0, 0)
1691.3191 	EXP 	responser: foreColor = (0, 0, 0)
1691.3357 	EXP 	responser: foreColor = (0, 0, 0)
1691.3524 	EXP 	responser: foreColor = (0, 0, 0)
1691.3691 	EXP 	responser: foreColor = (0, 0, 0)
1691.3857 	EXP 	responser: foreColor = (0, 0, 0)
1691.4024 	EXP 	responser: foreColor = (0, 0, 0)
1691.4191 	EXP 	responser: foreColor = (0, 0, 0)
1691.4357 	EXP 	responser: foreColor = (0, 0, 0)
1691.4524 	EXP 	responser: foreColor = (0, 0, 0)
1691.4691 	EXP 	responser: foreColor = (0, 0, 0)
1691.4691 	EXP 	thermode_locali_pic: autoDraw = False
1691.4858 	EXP 	responser: foreColor = (0, 0, 0)
1691.4863 	EXP 	New trial (rep=3, index=0): None
1691.5024 	EXP 	responser: foreColor = (0, 0, 0)
1691.5024 	EXP 	responsel: autoDraw = False
1691.5024 	EXP 	percu_or: autoDraw = False
1691.5024 	EXP 	responser: autoDraw = False
1691.5024 	EXP 	thermode_locali_pic: autoDraw = False
1691.5024 	EXP 	responsel: autoDraw = False
1691.5024 	EXP 	percu_or: autoDraw = False
1691.5024 	EXP 	responser: autoDraw = False
1691.5024 	EXP 	responsel: foreColor = 'white'
1691.5024 	EXP 	responser: foreColor = 'white'
1691.5024 	EXP 	text_pic: autoDraw = True
1691.5024 	EXP 	croix_3: autoDraw = True
1696.5024 	EXP 	text_pic: autoDraw = False
1696.5024 	EXP 	croix_3: autoDraw = False
1696.5024 	EXP 	text_pic: autoDraw = False
1696.5024 	EXP 	croix_3: autoDraw = False
1696.5024 	EXP 	thermode_locali_pic: height = 0.02
1696.5024 	EXP 	thermode_locali_pic: height = 0.02
1696.5024 	EXP 	thermode_locali_pic: height = 0.02
1696.5024 	EXP 	thermode_locali_pic: text = 'T : 1'
1696.5024 	EXP 	responsel: text = 'OUI              '
1696.5024 	EXP 	thermode_locali_pic: autoDraw = True
1704.4859 	EXP 	responsel: autoDraw = True
1704.4859 	EXP 	percu_or: autoDraw = True
1704.4859 	EXP 	responser: autoDraw = True
1704.9871 	DATA 	Keypress: m
1705.0192 	EXP 	responsel: foreColor = (0, 0, 0)
1705.0359 	EXP 	responsel: foreColor = (0, 0, 0)
1705.0525 	EXP 	responsel: foreColor = (0, 0, 0)
1705.0692 	EXP 	responsel: foreColor = (0, 0, 0)
1705.0859 	EXP 	responsel: foreColor = (0, 0, 0)
1705.1026 	EXP 	responsel: foreColor = (0, 0, 0)
1705.1192 	EXP 	responsel: foreColor = (0, 0, 0)
1705.1359 	EXP 	responsel: foreColor = (0, 0, 0)
1705.1525 	EXP 	responsel: foreColor = (0, 0, 0)
1705.1693 	EXP 	responsel: foreColor = (0, 0, 0)
1705.1859 	EXP 	responsel: foreColor = (0, 0, 0)
1705.2025 	EXP 	responsel: foreColor = (0, 0, 0)
1705.2192 	EXP 	responsel: foreColor = (0, 0, 0)
1705.2359 	EXP 	responsel: foreColor = (0, 0, 0)
1705.2525 	EXP 	responsel: foreColor = (0, 0, 0)
1705.2692 	EXP 	responsel: foreColor = (0, 0, 0)
1705.2859 	EXP 	responsel: foreColor = (0, 0, 0)
1705.3025 	EXP 	responsel: foreColor = (0, 0, 0)
1705.3192 	EXP 	responsel: foreColor = (0, 0, 0)
1705.3359 	EXP 	responsel: foreColor = (0, 0, 0)
1705.3525 	EXP 	responsel: foreColor = (0, 0, 0)
1705.3692 	EXP 	responsel: foreColor = (0, 0, 0)
1705.3859 	EXP 	responsel: foreColor = (0, 0, 0)
1705.4026 	EXP 	responsel: foreColor = (0, 0, 0)
1705.4192 	EXP 	responsel: foreColor = (0, 0, 0)
1705.4359 	EXP 	responsel: foreColor = (0, 0, 0)
1705.4525 	EXP 	responsel: foreColor = (0, 0, 0)
1705.4692 	EXP 	responsel: foreColor = (0, 0, 0)
1705.4859 	EXP 	responsel: foreColor = (0, 0, 0)
1705.5025 	EXP 	responsel: foreColor = (0, 0, 0)
1705.5192 	EXP 	responsel: foreColor = (0, 0, 0)
1705.5359 	EXP 	responsel: foreColor = (0, 0, 0)
1705.5525 	EXP 	responsel: foreColor = (0, 0, 0)
1705.5692 	EXP 	responsel: foreColor = (0, 0, 0)
1705.5859 	EXP 	responsel: foreColor = (0, 0, 0)
1705.6025 	EXP 	responsel: foreColor = (0, 0, 0)
1705.6192 	EXP 	responsel: foreColor = (0, 0, 0)
1705.6359 	EXP 	responsel: foreColor = (0, 0, 0)
1705.6526 	EXP 	responsel: foreColor = (0, 0, 0)
1705.6692 	EXP 	responsel: foreColor = (0, 0, 0)
1705.6859 	EXP 	responsel: foreColor = (0, 0, 0)
1705.7026 	EXP 	responsel: foreColor = (0, 0, 0)
1705.7192 	EXP 	responsel: foreColor = (0, 0, 0)
1705.7359 	EXP 	responsel: foreColor = (0, 0, 0)
1705.7526 	EXP 	responsel: foreColor = (0, 0, 0)
1705.7693 	EXP 	responsel: foreColor = (0, 0, 0)
1705.7859 	EXP 	responsel: foreColor = (0, 0, 0)
1705.8025 	EXP 	responsel: foreColor = (0, 0, 0)
1705.8192 	EXP 	responsel: foreColor = (0, 0, 0)
1705.8359 	EXP 	responsel: foreColor = (0, 0, 0)
1705.8525 	EXP 	responsel: foreColor = (0, 0, 0)
1705.8692 	EXP 	responsel: foreColor = (0, 0, 0)
1705.8860 	EXP 	responsel: foreColor = (0, 0, 0)
1705.9025 	EXP 	responsel: foreColor = (0, 0, 0)
1705.9192 	EXP 	responsel: foreColor = (0, 0, 0)
1705.9359 	EXP 	responsel: foreColor = (0, 0, 0)
1705.9525 	EXP 	responsel: foreColor = (0, 0, 0)
1705.9692 	EXP 	responsel: foreColor = (0, 0, 0)
1705.9859 	EXP 	responsel: foreColor = (0, 0, 0)
1706.0026 	EXP 	responsel: foreColor = (0, 0, 0)
1706.0192 	EXP 	responsel: foreColor = (0, 0, 0)
1706.0359 	EXP 	responsel: foreColor = (0, 0, 0)
1706.0526 	EXP 	responsel: foreColor = (0, 0, 0)
1706.0693 	EXP 	responsel: foreColor = (0, 0, 0)
1706.0859 	EXP 	responsel: foreColor = (0, 0, 0)
1706.1026 	EXP 	responsel: foreColor = (0, 0, 0)
1706.1192 	EXP 	responsel: foreColor = (0, 0, 0)
1706.1359 	EXP 	responsel: foreColor = (0, 0, 0)
1706.1526 	EXP 	responsel: foreColor = (0, 0, 0)
1706.1692 	EXP 	responsel: foreColor = (0, 0, 0)
1706.1859 	EXP 	responsel: foreColor = (0, 0, 0)
1706.2026 	EXP 	responsel: foreColor = (0, 0, 0)
1706.2192 	EXP 	responsel: foreColor = (0, 0, 0)
1706.2359 	EXP 	responsel: foreColor = (0, 0, 0)
1706.2525 	EXP 	responsel: foreColor = (0, 0, 0)
1706.2692 	EXP 	responsel: foreColor = (0, 0, 0)
1706.2859 	EXP 	responsel: foreColor = (0, 0, 0)
1706.3026 	EXP 	responsel: foreColor = (0, 0, 0)
1706.3192 	EXP 	responsel: foreColor = (0, 0, 0)
1706.3359 	EXP 	responsel: foreColor = (0, 0, 0)
1706.3526 	EXP 	responsel: foreColor = (0, 0, 0)
1706.3692 	EXP 	responsel: foreColor = (0, 0, 0)
1706.3859 	EXP 	responsel: foreColor = (0, 0, 0)
1706.4025 	EXP 	responsel: foreColor = (0, 0, 0)
1706.4192 	EXP 	responsel: foreColor = (0, 0, 0)
1706.4359 	EXP 	responsel: foreColor = (0, 0, 0)
1706.4525 	EXP 	responsel: foreColor = (0, 0, 0)
1706.4692 	EXP 	responsel: foreColor = (0, 0, 0)
1706.4858 	EXP 	responsel: foreColor = (0, 0, 0)
1706.5025 	EXP 	responsel: foreColor = (0, 0, 0)
1706.5192 	EXP 	responsel: foreColor = (0, 0, 0)
1706.5359 	EXP 	responsel: foreColor = (0, 0, 0)
1706.5525 	EXP 	responsel: foreColor = (0, 0, 0)
1706.5692 	EXP 	responsel: foreColor = (0, 0, 0)
1706.5858 	EXP 	responsel: foreColor = (0, 0, 0)
1706.6025 	EXP 	responsel: foreColor = (0, 0, 0)
1706.6192 	EXP 	responsel: foreColor = (0, 0, 0)
1706.6359 	EXP 	responsel: foreColor = (0, 0, 0)
1706.6524 	EXP 	responsel: foreColor = (0, 0, 0)
1706.6691 	EXP 	responsel: foreColor = (0, 0, 0)
1706.6859 	EXP 	responsel: foreColor = (0, 0, 0)
1706.7025 	EXP 	responsel: foreColor = (0, 0, 0)
1706.7192 	EXP 	responsel: foreColor = (0, 0, 0)
1706.7359 	EXP 	responsel: foreColor = (0, 0, 0)
1706.7525 	EXP 	responsel: foreColor = (0, 0, 0)
1706.7691 	EXP 	responsel: foreColor = (0, 0, 0)
1706.7859 	EXP 	responsel: foreColor = (0, 0, 0)
1706.8025 	EXP 	responsel: foreColor = (0, 0, 0)
1706.8192 	EXP 	responsel: foreColor = (0, 0, 0)
1706.8359 	EXP 	responsel: foreColor = (0, 0, 0)
1706.8525 	EXP 	responsel: foreColor = (0, 0, 0)
1706.8692 	EXP 	responsel: foreColor = (0, 0, 0)
1706.8858 	EXP 	responsel: foreColor = (0, 0, 0)
1706.9025 	EXP 	responsel: foreColor = (0, 0, 0)
1706.9191 	EXP 	responsel: foreColor = (0, 0, 0)
1706.9358 	EXP 	responsel: foreColor = (0, 0, 0)
1706.9525 	EXP 	responsel: foreColor = (0, 0, 0)
1706.9692 	EXP 	responsel: foreColor = (0, 0, 0)
1706.9859 	EXP 	responsel: foreColor = (0, 0, 0)
1707.0025 	EXP 	responsel: foreColor = (0, 0, 0)
1707.0192 	EXP 	responsel: foreColor = (0, 0, 0)
1707.0359 	EXP 	responsel: foreColor = (0, 0, 0)
1707.0525 	EXP 	responsel: foreColor = (0, 0, 0)
1707.0692 	EXP 	responsel: foreColor = (0, 0, 0)
1707.0859 	EXP 	responsel: foreColor = (0, 0, 0)
1707.1026 	EXP 	responsel: foreColor = (0, 0, 0)
1707.1192 	EXP 	responsel: foreColor = (0, 0, 0)
1707.1359 	EXP 	responsel: foreColor = (0, 0, 0)
1707.1526 	EXP 	responsel: foreColor = (0, 0, 0)
1707.1692 	EXP 	responsel: foreColor = (0, 0, 0)
1707.1859 	EXP 	responsel: foreColor = (0, 0, 0)
1707.2025 	EXP 	responsel: foreColor = (0, 0, 0)
1707.2192 	EXP 	responsel: foreColor = (0, 0, 0)
1707.2358 	EXP 	responsel: foreColor = (0, 0, 0)
1707.2526 	EXP 	responsel: foreColor = (0, 0, 0)
1707.2694 	EXP 	responsel: foreColor = (0, 0, 0)
1707.2859 	EXP 	responsel: foreColor = (0, 0, 0)
1707.3025 	EXP 	responsel: foreColor = (0, 0, 0)
1707.3192 	EXP 	responsel: foreColor = (0, 0, 0)
1707.3359 	EXP 	responsel: foreColor = (0, 0, 0)
1707.3525 	EXP 	responsel: foreColor = (0, 0, 0)
1707.3692 	EXP 	responsel: foreColor = (0, 0, 0)
1707.3859 	EXP 	responsel: foreColor = (0, 0, 0)
1707.4025 	EXP 	responsel: foreColor = (0, 0, 0)
1707.4192 	EXP 	responsel: foreColor = (0, 0, 0)
1707.4359 	EXP 	responsel: foreColor = (0, 0, 0)
1707.4525 	EXP 	responsel: foreColor = (0, 0, 0)
1707.4525 	EXP 	thermode_locali_pic: autoDraw = False
1707.4692 	EXP 	responsel: foreColor = (0, 0, 0)
1707.4697 	EXP 	New trial (rep=3, index=0): None
1707.4859 	EXP 	responsel: foreColor = (0, 0, 0)
1707.4859 	EXP 	responsel: autoDraw = False
1707.4859 	EXP 	percu_or: autoDraw = False
1707.4859 	EXP 	responser: autoDraw = False
1707.4859 	EXP 	thermode_locali_pic: autoDraw = False
1707.4859 	EXP 	responsel: autoDraw = False
1707.4859 	EXP 	percu_or: autoDraw = False
1707.4859 	EXP 	responser: autoDraw = False
1707.4859 	EXP 	responsel: foreColor = 'white'
1707.4859 	EXP 	responser: foreColor = 'white'
1707.4859 	EXP 	text_7: autoDraw = True
1708.8362 	EXP 	Created sequence: random, trialTypes=1, nReps=2, seed=None
1708.8363 	EXP 	New trial (rep=0, index=0): None
1708.8380 	DATA 	Keypress: p
1708.8526 	EXP 	text_7: autoDraw = False
1708.8526 	EXP 	text_eva: autoDraw = True
1708.8526 	EXP 	croix_2: autoDraw = True
1713.8527 	EXP 	text_eva: autoDraw = False
1713.8527 	EXP 	croix_2: autoDraw = False
1713.8527 	EXP 	text_eva: autoDraw = False
1713.8527 	EXP 	croix_2: autoDraw = False
1713.8527 	EXP 	thermode_locali_EVA: autoDraw = True
1725.8363 	EXP 	window1: mouseVisible = True
1725.8373 	EXP 	Created unnamed Rect = Rect(__class__=<class 'psychopy.visual.rect.Rect'>, anchor=('center', 'center'), autoDraw=False, autoLog=True, closeShape=True, color=method-wrapper(...), colorSpace='rgb', contrast=None, depth=0, draggable=False, fillColor=array([1, 1, 1]), fillColorSpace='rgb', fillRGB=array([1, 1, 1]), interpolate=True, lineColor=array([1., 1., 1.]), lineColorSpace='rgb', lineRGB=array([1, 1, 1]), lineWidth=1.5, name='unnamed Rect', opacity=1.0, ori=0.0, pos=array([0., 0.]), size=array([0.01, 0.1 ]), units='norm', vertices=ndarray(...), win=Window(...))
1725.8373 	EXP 	window1: mouseVisible = True
1725.8374 	EXP 	window1: mouseVisible = True
1725.8379 	EXP 	window1: mouseVisible = True
1725.8390 	EXP 	window1: mouseVisible = True
1725.8402 	EXP 	window1: mouseVisible = True
1725.8403 	EXP 	window1: mouseVisible = True
1725.8405 	EXP 	window1: mouseVisible = True
1725.8406 	EXP 	window1: mouseVisible = True
1725.8408 	EXP 	window1: mouseVisible = True
1725.8409 	EXP 	window1: mouseVisible = True
1725.8411 	EXP 	window1: mouseVisible = True
1725.8412 	EXP 	window1: mouseVisible = True
1725.8413 	EXP 	window1: mouseVisible = True
1725.8415 	EXP 	window1: mouseVisible = True
1725.8416 	EXP 	window1: mouseVisible = True
1725.8417 	EXP 	window1: mouseVisible = True
1725.8419 	EXP 	window1: mouseVisible = True
1725.8420 	EXP 	window1: mouseVisible = True
1725.8421 	EXP 	window1: mouseVisible = True
1725.8422 	EXP 	window1: mouseVisible = True
1725.8424 	EXP 	window1: mouseVisible = True
1725.8425 	EXP 	window1: mouseVisible = True
1725.8426 	EXP 	window1: mouseVisible = True
1725.8428 	EXP 	window1: mouseVisible = True
1725.8429 	EXP 	window1: mouseVisible = True
1725.8430 	EXP 	window1: mouseVisible = True
1725.8431 	EXP 	window1: mouseVisible = True
1725.8433 	EXP 	window1: mouseVisible = True
1725.8434 	EXP 	window1: mouseVisible = True
1725.8435 	EXP 	window1: mouseVisible = True
1725.8437 	EXP 	window1: mouseVisible = True
1725.8438 	EXP 	window1: mouseVisible = True
1725.8439 	EXP 	window1: mouseVisible = True
1725.8440 	EXP 	window1: mouseVisible = True
1725.8442 	EXP 	window1: mouseVisible = True
1725.8443 	EXP 	window1: mouseVisible = True
1725.8444 	EXP 	window1: mouseVisible = True
1725.8445 	EXP 	window1: mouseVisible = True
1725.8447 	EXP 	window1: mouseVisible = True
1725.8448 	EXP 	window1: mouseVisible = True
1725.8450 	EXP 	window1: mouseVisible = True
1725.8451 	EXP 	window1: mouseVisible = True
1725.8452 	EXP 	window1: mouseVisible = True
1725.8454 	EXP 	window1: mouseVisible = True
1725.8455 	EXP 	window1: mouseVisible = True
1725.8456 	EXP 	window1: mouseVisible = True
1725.8458 	EXP 	window1: mouseVisible = True
1725.8459 	EXP 	window1: mouseVisible = True
1725.8460 	EXP 	window1: mouseVisible = True
1725.8461 	EXP 	window1: mouseVisible = True
1725.8465 	EXP 	window1: mouseVisible = True
1725.8468 	EXP 	window1: mouseVisible = True
1725.8469 	EXP 	window1: mouseVisible = True
1725.8471 	EXP 	window1: mouseVisible = True
1725.8472 	EXP 	window1: mouseVisible = True
1725.8474 	EXP 	window1: mouseVisible = True
1725.8475 	EXP 	window1: mouseVisible = True
1725.8476 	EXP 	window1: mouseVisible = True
1725.8478 	EXP 	window1: mouseVisible = True
1725.8479 	EXP 	window1: mouseVisible = True
1725.8480 	EXP 	window1: mouseVisible = True
1725.8481 	EXP 	window1: mouseVisible = True
1725.8483 	EXP 	window1: mouseVisible = True
1725.8484 	EXP 	window1: mouseVisible = True
1725.8485 	EXP 	window1: mouseVisible = True
1725.8487 	EXP 	window1: mouseVisible = True
1725.8488 	EXP 	window1: mouseVisible = True
1725.8489 	EXP 	window1: mouseVisible = True
1725.8490 	EXP 	window1: mouseVisible = True
1725.8494 	EXP 	window1: mouseVisible = True
1725.8495 	EXP 	window1: mouseVisible = True
1725.8497 	EXP 	window1: mouseVisible = True
1725.8498 	EXP 	window1: mouseVisible = True
1725.8500 	EXP 	window1: mouseVisible = True
1725.8501 	EXP 	window1: mouseVisible = True
1725.8502 	EXP 	window1: mouseVisible = True
1725.8504 	EXP 	window1: mouseVisible = True
1725.8505 	EXP 	window1: mouseVisible = True
1725.8506 	EXP 	window1: mouseVisible = True
1725.8508 	EXP 	window1: mouseVisible = True
1725.8509 	EXP 	window1: mouseVisible = True
1725.8510 	EXP 	window1: mouseVisible = True
1725.8511 	EXP 	window1: mouseVisible = True
1725.8513 	EXP 	window1: mouseVisible = True
1725.8514 	EXP 	window1: mouseVisible = True
1725.8515 	EXP 	window1: mouseVisible = True
1725.8516 	EXP 	window1: mouseVisible = True
1725.8518 	EXP 	window1: mouseVisible = True
1725.8519 	EXP 	window1: mouseVisible = True
1725.8520 	EXP 	window1: mouseVisible = True
1725.8522 	EXP 	window1: mouseVisible = True
1725.8523 	EXP 	window1: mouseVisible = True
1725.8524 	EXP 	window1: mouseVisible = True
1725.8525 	EXP 	window1: mouseVisible = True
1725.8527 	EXP 	window1: mouseVisible = True
1725.8528 	EXP 	window1: mouseVisible = True
1725.8529 	EXP 	window1: mouseVisible = True
1725.8530 	EXP 	window1: mouseVisible = True
1725.8532 	EXP 	window1: mouseVisible = True
1725.8533 	EXP 	window1: mouseVisible = True
1725.8534 	EXP 	window1: mouseVisible = True
1725.8536 	EXP 	window1: mouseVisible = True
1725.8537 	EXP 	window1: mouseVisible = True
1725.8538 	EXP 	window1: mouseVisible = True
1725.8559 	EXP 	Created ratingScale = RatingScale(__class__=type(...), acceptKeys=['return'], acceptPreText=UNKNOWN, acceptSize=UNKNOWN, acceptText=UNKNOWN, autoLog=True, choices=False, colorSpace='rgb', depth=0, disappear=False, flipVert=False, high=100, kwargs=UNKNOWN, labels=list(...), leftKeys=['left'], lineColor=(255, 255, 255), low=0, marker=Rect(...), markerColor=(255, 255, 255), markerExpansion=UNKNOWN, markerStart=0.5, maxTime=0.0, minTime=0.4, mouseOnly=False, name='ratingScale', noMouse=False, pos=[0.0, 0.0], precision=100, respKeys=[], rightKeys=['right'], scale=None, self=UNKNOWN, showAccept=False, showValue=False, singleClick=False, size=0.6, skipKeys=['tab'], stretch=2.0, textColor='white', textFont='Helvetica Bold', textSize=0.144, tickHeight=0, tickMarks=10.0, win=Window(...))
1725.8559 	EXP 	RatingScale ratingScale: reset()
1725.8580 	EXP 	window1: mouseVisible = False
1725.8694 	EXP 	thermode_locali_EVA: autoDraw = False
1725.8694 	EXP 	ratingScale: flipVert = False
1725.8694 	EXP 	ratingScale: autoLog = True
1725.8708 	EXP 	window1: mouseVisible = False
1725.8874 	EXP 	window1: mouseVisible = False
1725.9041 	EXP 	window1: mouseVisible = False
1725.9208 	EXP 	window1: mouseVisible = False
1725.9375 	EXP 	window1: mouseVisible = False
1725.9542 	EXP 	window1: mouseVisible = False
1725.9710 	EXP 	window1: mouseVisible = False
1725.9875 	EXP 	window1: mouseVisible = False
1726.0041 	EXP 	window1: mouseVisible = False
1726.0208 	EXP 	window1: mouseVisible = False
1726.0375 	EXP 	window1: mouseVisible = False
1726.0542 	EXP 	window1: mouseVisible = False
1726.0712 	EXP 	window1: mouseVisible = False
1726.0875 	EXP 	window1: mouseVisible = False
1726.1041 	EXP 	window1: mouseVisible = False
1726.1208 	EXP 	window1: mouseVisible = False
1726.1375 	EXP 	window1: mouseVisible = False
1726.1541 	EXP 	window1: mouseVisible = False
1726.1711 	EXP 	window1: mouseVisible = False
1726.1875 	EXP 	window1: mouseVisible = False
1726.2042 	EXP 	window1: mouseVisible = False
1726.2208 	EXP 	window1: mouseVisible = False
1726.2375 	EXP 	window1: mouseVisible = False
1726.2542 	EXP 	window1: mouseVisible = False
1726.2708 	EXP 	window1: mouseVisible = False
1726.2874 	EXP 	window1: mouseVisible = False
1726.3041 	EXP 	window1: mouseVisible = False
1726.3209 	EXP 	window1: mouseVisible = False
1726.3375 	EXP 	window1: mouseVisible = False
1726.3541 	EXP 	window1: mouseVisible = False
1726.3708 	EXP 	window1: mouseVisible = False
1726.3875 	EXP 	window1: mouseVisible = False
1726.4042 	EXP 	window1: mouseVisible = False
1726.4208 	EXP 	window1: mouseVisible = False
1726.4375 	EXP 	window1: mouseVisible = False
1726.4541 	EXP 	window1: mouseVisible = False
1726.4708 	EXP 	window1: mouseVisible = False
1726.4875 	EXP 	window1: mouseVisible = False
1726.5041 	EXP 	window1: mouseVisible = False
1726.5208 	EXP 	window1: mouseVisible = False
1726.5375 	EXP 	window1: mouseVisible = False
1726.5541 	EXP 	window1: mouseVisible = False
1726.5708 	EXP 	window1: mouseVisible = False
1726.5875 	EXP 	window1: mouseVisible = False
1726.6042 	EXP 	window1: mouseVisible = False
1726.6208 	EXP 	window1: mouseVisible = False
1726.6375 	EXP 	window1: mouseVisible = False
1726.6540 	EXP 	window1: mouseVisible = False
1726.6708 	EXP 	window1: mouseVisible = False
1726.6874 	EXP 	window1: mouseVisible = False
1726.7042 	EXP 	window1: mouseVisible = False
1726.7208 	EXP 	window1: mouseVisible = False
1726.7375 	EXP 	window1: mouseVisible = False
1726.7541 	EXP 	window1: mouseVisible = False
1726.7708 	EXP 	window1: mouseVisible = False
1726.7874 	EXP 	window1: mouseVisible = False
1726.8041 	EXP 	window1: mouseVisible = False
1726.8207 	EXP 	window1: mouseVisible = False
1726.8376 	EXP 	window1: mouseVisible = False
1726.8542 	EXP 	window1: mouseVisible = False
1726.8708 	EXP 	window1: mouseVisible = False
1726.8875 	EXP 	window1: mouseVisible = False
1726.9041 	EXP 	window1: mouseVisible = False
1726.9208 	EXP 	window1: mouseVisible = False
1726.9375 	EXP 	window1: mouseVisible = False
1726.9541 	EXP 	window1: mouseVisible = False
1726.9708 	EXP 	window1: mouseVisible = False
1726.9875 	EXP 	window1: mouseVisible = False
1727.0042 	EXP 	window1: mouseVisible = False
1727.0208 	EXP 	window1: mouseVisible = False
1727.0375 	EXP 	window1: mouseVisible = False
1727.0541 	EXP 	window1: mouseVisible = False
1727.0708 	EXP 	window1: mouseVisible = False
1727.0875 	EXP 	window1: mouseVisible = False
1727.1042 	EXP 	window1: mouseVisible = False
1727.1208 	EXP 	window1: mouseVisible = False
1727.1375 	EXP 	window1: mouseVisible = False
1727.1541 	EXP 	window1: mouseVisible = False
1727.1707 	EXP 	window1: mouseVisible = False
1727.1874 	EXP 	window1: mouseVisible = False
1727.2041 	EXP 	window1: mouseVisible = False
1727.2208 	EXP 	window1: mouseVisible = False
1727.2375 	EXP 	window1: mouseVisible = False
1727.2541 	EXP 	window1: mouseVisible = False
1727.2707 	EXP 	window1: mouseVisible = False
1727.2875 	EXP 	window1: mouseVisible = False
1727.3041 	EXP 	window1: mouseVisible = False
1727.3208 	EXP 	window1: mouseVisible = False
1727.3375 	EXP 	window1: mouseVisible = False
1727.3542 	EXP 	window1: mouseVisible = False
1727.3707 	EXP 	window1: mouseVisible = False
1727.3875 	EXP 	window1: mouseVisible = False
1727.4043 	EXP 	window1: mouseVisible = False
1727.4209 	EXP 	window1: mouseVisible = False
1727.4377 	EXP 	window1: mouseVisible = False
1727.4541 	EXP 	window1: mouseVisible = False
1727.4708 	EXP 	window1: mouseVisible = False
1727.4875 	EXP 	window1: mouseVisible = False
1727.5041 	EXP 	window1: mouseVisible = False
1727.5208 	EXP 	window1: mouseVisible = False
1727.5375 	EXP 	window1: mouseVisible = False
1727.5542 	EXP 	window1: mouseVisible = False
1727.5708 	EXP 	window1: mouseVisible = False
1727.5875 	EXP 	window1: mouseVisible = False
1727.6042 	EXP 	window1: mouseVisible = False
1727.6208 	EXP 	window1: mouseVisible = False
1727.6375 	EXP 	window1: mouseVisible = False
1727.6542 	EXP 	window1: mouseVisible = False
1727.6708 	EXP 	window1: mouseVisible = False
1727.6875 	EXP 	window1: mouseVisible = False
1727.7042 	EXP 	window1: mouseVisible = False
1727.7208 	EXP 	window1: mouseVisible = False
1727.7375 	EXP 	window1: mouseVisible = False
1727.7541 	EXP 	window1: mouseVisible = False
1727.7710 	EXP 	window1: mouseVisible = False
1727.7875 	EXP 	window1: mouseVisible = False
1727.8041 	EXP 	window1: mouseVisible = False
1727.8209 	EXP 	window1: mouseVisible = False
1727.8376 	EXP 	window1: mouseVisible = False
1727.8541 	EXP 	window1: mouseVisible = False
1727.8709 	EXP 	window1: mouseVisible = False
1727.8875 	EXP 	window1: mouseVisible = False
1727.9041 	EXP 	window1: mouseVisible = False
1727.9208 	EXP 	window1: mouseVisible = False
1727.9375 	EXP 	window1: mouseVisible = False
1727.9542 	EXP 	window1: mouseVisible = False
1727.9709 	EXP 	window1: mouseVisible = False
1727.9875 	EXP 	window1: mouseVisible = False
1728.0038 	DATA 	Keypress: m
1728.0043 	EXP 	window1: mouseVisible = False
1728.0209 	EXP 	window1: mouseVisible = False
1728.0375 	EXP 	window1: mouseVisible = False
1728.0542 	EXP 	window1: mouseVisible = False
1728.0708 	EXP 	window1: mouseVisible = False
1728.0875 	EXP 	window1: mouseVisible = False
1728.1042 	EXP 	window1: mouseVisible = False
1728.1207 	EXP 	window1: mouseVisible = False
1728.1376 	EXP 	window1: mouseVisible = False
1728.1541 	EXP 	window1: mouseVisible = False
1728.1709 	EXP 	window1: mouseVisible = False
1728.1875 	EXP 	window1: mouseVisible = False
1728.2042 	EXP 	window1: mouseVisible = False
1728.2208 	EXP 	window1: mouseVisible = False
1728.2375 	EXP 	window1: mouseVisible = False
1728.2542 	EXP 	window1: mouseVisible = False
1728.2708 	EXP 	window1: mouseVisible = False
1728.2875 	EXP 	window1: mouseVisible = False
1728.3042 	EXP 	window1: mouseVisible = False
1728.3208 	EXP 	window1: mouseVisible = False
1728.3375 	EXP 	window1: mouseVisible = False
1728.3542 	EXP 	window1: mouseVisible = False
1728.3708 	EXP 	window1: mouseVisible = False
1728.3877 	EXP 	window1: mouseVisible = False
1728.4042 	EXP 	window1: mouseVisible = False
1728.4208 	EXP 	window1: mouseVisible = False
1728.4375 	EXP 	window1: mouseVisible = False
1728.4541 	EXP 	window1: mouseVisible = False
1728.4708 	EXP 	window1: mouseVisible = False
1728.4877 	EXP 	window1: mouseVisible = False
1728.5043 	EXP 	window1: mouseVisible = False
1728.5209 	EXP 	window1: mouseVisible = False
1728.5376 	EXP 	window1: mouseVisible = False
1728.5542 	EXP 	window1: mouseVisible = False
1728.5709 	EXP 	window1: mouseVisible = False
1728.5877 	EXP 	window1: mouseVisible = False
1728.6042 	EXP 	window1: mouseVisible = False
1728.6209 	EXP 	window1: mouseVisible = False
1728.6376 	EXP 	window1: mouseVisible = False
1728.6542 	EXP 	window1: mouseVisible = False
1728.6709 	EXP 	window1: mouseVisible = False
1728.6875 	EXP 	window1: mouseVisible = False
1728.7043 	EXP 	window1: mouseVisible = False
1728.7208 	EXP 	window1: mouseVisible = False
1728.7376 	EXP 	window1: mouseVisible = False
1728.7542 	EXP 	window1: mouseVisible = False
1728.7709 	EXP 	window1: mouseVisible = False
1728.7875 	EXP 	window1: mouseVisible = False
1728.8045 	EXP 	window1: mouseVisible = False
1728.8208 	EXP 	window1: mouseVisible = False
1728.8376 	EXP 	window1: mouseVisible = False
1728.8543 	EXP 	window1: mouseVisible = False
1728.8710 	EXP 	window1: mouseVisible = False
1728.8877 	EXP 	window1: mouseVisible = False
1728.9043 	EXP 	window1: mouseVisible = False
1728.9209 	EXP 	window1: mouseVisible = False
1728.9376 	EXP 	window1: mouseVisible = False
1728.9542 	EXP 	window1: mouseVisible = False
1728.9709 	EXP 	window1: mouseVisible = False
1728.9876 	EXP 	window1: mouseVisible = False
1729.0043 	EXP 	window1: mouseVisible = False
1729.0209 	EXP 	window1: mouseVisible = False
1729.0377 	EXP 	window1: mouseVisible = False
1729.0542 	EXP 	window1: mouseVisible = False
1729.0709 	EXP 	window1: mouseVisible = False
1729.0877 	EXP 	window1: mouseVisible = False
1729.1043 	EXP 	window1: mouseVisible = False
1729.1209 	EXP 	window1: mouseVisible = False
1729.1376 	EXP 	window1: mouseVisible = False
1729.1542 	EXP 	window1: mouseVisible = False
1729.1709 	EXP 	window1: mouseVisible = False
1729.1876 	EXP 	window1: mouseVisible = False
1729.2042 	EXP 	window1: mouseVisible = False
1729.2209 	EXP 	window1: mouseVisible = False
1729.2375 	EXP 	window1: mouseVisible = False
1729.2542 	EXP 	window1: mouseVisible = False
1729.2709 	EXP 	window1: mouseVisible = False
1729.2875 	EXP 	window1: mouseVisible = False
1729.3044 	EXP 	window1: mouseVisible = False
1729.3209 	EXP 	window1: mouseVisible = False
1729.3375 	EXP 	window1: mouseVisible = False
1729.3542 	EXP 	window1: mouseVisible = False
1729.3709 	EXP 	window1: mouseVisible = False
1729.3876 	EXP 	window1: mouseVisible = False
1729.4042 	EXP 	window1: mouseVisible = False
1729.4208 	EXP 	window1: mouseVisible = False
1729.4377 	EXP 	window1: mouseVisible = False
1729.4542 	EXP 	window1: mouseVisible = False
1729.4709 	EXP 	window1: mouseVisible = False
1729.4878 	EXP 	window1: mouseVisible = False
1729.5042 	EXP 	window1: mouseVisible = False
1729.5209 	EXP 	window1: mouseVisible = False
1729.5376 	EXP 	window1: mouseVisible = False
1729.5542 	EXP 	window1: mouseVisible = False
1729.5709 	EXP 	window1: mouseVisible = False
1729.5877 	EXP 	window1: mouseVisible = False
1729.6043 	EXP 	window1: mouseVisible = False
1729.6209 	EXP 	window1: mouseVisible = False
1729.6377 	EXP 	window1: mouseVisible = False
1729.6544 	DATA 	Keypress: space
1729.7543 	EXP 	New trial (rep=1, index=0): None
1729.7695 	EXP 	main_text: autoDraw = True
1729.7695 	EXP 	confirm_text: autoDraw = True
1729.7695 	EXP 	ratingScale: autoDraw = False
1729.7695 	EXP 	main_text: autoDraw = False
1729.7695 	EXP 	confirm_text: autoDraw = False
1729.7695 	EXP 	text_eva: autoDraw = True
1729.7695 	EXP 	croix_2: autoDraw = True
1734.7695 	EXP 	text_eva: autoDraw = False
1734.7695 	EXP 	croix_2: autoDraw = False
1734.7695 	EXP 	text_eva: autoDraw = False
1734.7695 	EXP 	croix_2: autoDraw = False
1734.7695 	EXP 	thermode_locali_EVA: autoDraw = True
1746.7534 	EXP 	window1: mouseVisible = True
1746.7542 	EXP 	Created unnamed Rect = Rect(__class__=<class 'psychopy.visual.rect.Rect'>, anchor=('center', 'center'), autoDraw=False, autoLog=True, closeShape=True, color=method-wrapper(...), colorSpace='rgb', contrast=None, depth=0, draggable=False, fillColor=array([1, 1, 1]), fillColorSpace='rgb', fillRGB=array([1, 1, 1]), interpolate=True, lineColor=array([1., 1., 1.]), lineColorSpace='rgb', lineRGB=array([1, 1, 1]), lineWidth=1.5, name='unnamed Rect', opacity=1.0, ori=0.0, pos=array([0., 0.]), size=array([0.01, 0.1 ]), units='norm', vertices=ndarray(...), win=Window(...))
1746.7543 	EXP 	window1: mouseVisible = True
1746.7544 	EXP 	window1: mouseVisible = True
1746.7549 	EXP 	window1: mouseVisible = True
1746.7560 	EXP 	window1: mouseVisible = True
1746.7571 	EXP 	window1: mouseVisible = True
1746.7573 	EXP 	window1: mouseVisible = True
1746.7574 	EXP 	window1: mouseVisible = True
1746.7576 	EXP 	window1: mouseVisible = True
1746.7578 	EXP 	window1: mouseVisible = True
1746.7579 	EXP 	window1: mouseVisible = True
1746.7581 	EXP 	window1: mouseVisible = True
1746.7582 	EXP 	window1: mouseVisible = True
1746.7583 	EXP 	window1: mouseVisible = True
1746.7585 	EXP 	window1: mouseVisible = True
1746.7586 	EXP 	window1: mouseVisible = True
1746.7587 	EXP 	window1: mouseVisible = True
1746.7588 	EXP 	window1: mouseVisible = True
1746.7590 	EXP 	window1: mouseVisible = True
1746.7591 	EXP 	window1: mouseVisible = True
1746.7592 	EXP 	window1: mouseVisible = True
1746.7594 	EXP 	window1: mouseVisible = True
1746.7595 	EXP 	window1: mouseVisible = True
1746.7596 	EXP 	window1: mouseVisible = True
1746.7597 	EXP 	window1: mouseVisible = True
1746.7599 	EXP 	window1: mouseVisible = True
1746.7600 	EXP 	window1: mouseVisible = True
1746.7601 	EXP 	window1: mouseVisible = True
1746.7603 	EXP 	window1: mouseVisible = True
1746.7604 	EXP 	window1: mouseVisible = True
1746.7605 	EXP 	window1: mouseVisible = True
1746.7606 	EXP 	window1: mouseVisible = True
1746.7608 	EXP 	window1: mouseVisible = True
1746.7609 	EXP 	window1: mouseVisible = True
1746.7610 	EXP 	window1: mouseVisible = True
1746.7612 	EXP 	window1: mouseVisible = True
1746.7613 	EXP 	window1: mouseVisible = True
1746.7614 	EXP 	window1: mouseVisible = True
1746.7615 	EXP 	window1: mouseVisible = True
1746.7617 	EXP 	window1: mouseVisible = True
1746.7618 	EXP 	window1: mouseVisible = True
1746.7619 	EXP 	window1: mouseVisible = True
1746.7621 	EXP 	window1: mouseVisible = True
1746.7622 	EXP 	window1: mouseVisible = True
1746.7623 	EXP 	window1: mouseVisible = True
1746.7625 	EXP 	window1: mouseVisible = True
1746.7626 	EXP 	window1: mouseVisible = True
1746.7627 	EXP 	window1: mouseVisible = True
1746.7629 	EXP 	window1: mouseVisible = True
1746.7630 	EXP 	window1: mouseVisible = True
1746.7631 	EXP 	window1: mouseVisible = True
1746.7632 	EXP 	window1: mouseVisible = True
1746.7634 	EXP 	window1: mouseVisible = True
1746.7635 	EXP 	window1: mouseVisible = True
1746.7636 	EXP 	window1: mouseVisible = True
1746.7637 	EXP 	window1: mouseVisible = True
1746.7639 	EXP 	window1: mouseVisible = True
1746.7640 	EXP 	window1: mouseVisible = True
1746.7641 	EXP 	window1: mouseVisible = True
1746.7642 	EXP 	window1: mouseVisible = True
1746.7644 	EXP 	window1: mouseVisible = True
1746.7645 	EXP 	window1: mouseVisible = True
1746.7646 	EXP 	window1: mouseVisible = True
1746.7647 	EXP 	window1: mouseVisible = True
1746.7649 	EXP 	window1: mouseVisible = True
1746.7650 	EXP 	window1: mouseVisible = True
1746.7651 	EXP 	window1: mouseVisible = True
1746.7652 	EXP 	window1: mouseVisible = True
1746.7654 	EXP 	window1: mouseVisible = True
1746.7655 	EXP 	window1: mouseVisible = True
1746.7656 	EXP 	window1: mouseVisible = True
1746.7657 	EXP 	window1: mouseVisible = True
1746.7659 	EXP 	window1: mouseVisible = True
1746.7660 	EXP 	window1: mouseVisible = True
1746.7662 	EXP 	window1: mouseVisible = True
1746.7663 	EXP 	window1: mouseVisible = True
1746.7664 	EXP 	window1: mouseVisible = True
1746.7665 	EXP 	window1: mouseVisible = True
1746.7667 	EXP 	window1: mouseVisible = True
1746.7668 	EXP 	window1: mouseVisible = True
1746.7669 	EXP 	window1: mouseVisible = True
1746.7671 	EXP 	window1: mouseVisible = True
1746.7672 	EXP 	window1: mouseVisible = True
1746.7673 	EXP 	window1: mouseVisible = True
1746.7674 	EXP 	window1: mouseVisible = True
1746.7676 	EXP 	window1: mouseVisible = True
1746.7677 	EXP 	window1: mouseVisible = True
1746.7678 	EXP 	window1: mouseVisible = True
1746.7679 	EXP 	window1: mouseVisible = True
1746.7681 	EXP 	window1: mouseVisible = True
1746.7682 	EXP 	window1: mouseVisible = True
1746.7683 	EXP 	window1: mouseVisible = True
1746.7684 	EXP 	window1: mouseVisible = True
1746.7686 	EXP 	window1: mouseVisible = True
1746.7687 	EXP 	window1: mouseVisible = True
1746.7688 	EXP 	window1: mouseVisible = True
1746.7689 	EXP 	window1: mouseVisible = True
1746.7691 	EXP 	window1: mouseVisible = True
1746.7692 	EXP 	window1: mouseVisible = True
1746.7693 	EXP 	window1: mouseVisible = True
1746.7695 	EXP 	window1: mouseVisible = True
1746.7696 	EXP 	window1: mouseVisible = True
1746.7697 	EXP 	window1: mouseVisible = True
1746.7699 	EXP 	window1: mouseVisible = True
1746.7700 	EXP 	window1: mouseVisible = True
1746.7720 	EXP 	Created ratingScale = RatingScale(__class__=type(...), acceptKeys=['return'], acceptPreText=UNKNOWN, acceptSize=UNKNOWN, acceptText=UNKNOWN, autoLog=True, choices=False, colorSpace='rgb', depth=0, disappear=False, flipVert=False, high=100, kwargs=UNKNOWN, labels=list(...), leftKeys=['left'], lineColor=(255, 255, 255), low=0, marker=Rect(...), markerColor=(255, 255, 255), markerExpansion=UNKNOWN, markerStart=0.5, maxTime=0.0, minTime=0.4, mouseOnly=False, name='ratingScale', noMouse=False, pos=[0.0, 0.0], precision=100, respKeys=[], rightKeys=['right'], scale=None, self=UNKNOWN, showAccept=False, showValue=False, singleClick=False, size=0.6, skipKeys=['tab'], stretch=2.0, textColor='white', textFont='Helvetica Bold', textSize=0.144, tickHeight=0, tickMarks=10.0, win=Window(...))
1746.7721 	EXP 	RatingScale ratingScale: reset()
1746.7741 	EXP 	window1: mouseVisible = False
1746.7863 	EXP 	thermode_locali_EVA: autoDraw = False
1746.7863 	EXP 	thermode_locali_EVA: autoDraw = False
1746.7863 	EXP 	ratingScale: flipVert = False
1746.7863 	EXP 	ratingScale: autoLog = True
1746.7878 	EXP 	window1: mouseVisible = False
1746.8044 	EXP 	window1: mouseVisible = False
1746.8211 	EXP 	window1: mouseVisible = False
1746.8377 	EXP 	window1: mouseVisible = False
1746.8546 	EXP 	window1: mouseVisible = False
1746.8710 	EXP 	window1: mouseVisible = False
1746.8877 	EXP 	window1: mouseVisible = False
1746.9049 	EXP 	window1: mouseVisible = False
1746.9211 	EXP 	window1: mouseVisible = False
1746.9378 	EXP 	window1: mouseVisible = False
1746.9544 	EXP 	window1: mouseVisible = False
1746.9711 	EXP 	window1: mouseVisible = False
1746.9878 	EXP 	window1: mouseVisible = False
1747.0046 	EXP 	window1: mouseVisible = False
1747.0211 	EXP 	window1: mouseVisible = False
1747.0377 	EXP 	window1: mouseVisible = False
1747.0545 	EXP 	window1: mouseVisible = False
1747.0710 	EXP 	window1: mouseVisible = False
1747.0877 	EXP 	window1: mouseVisible = False
1747.1044 	EXP 	window1: mouseVisible = False
1747.1211 	EXP 	window1: mouseVisible = False
1747.1377 	EXP 	window1: mouseVisible = False
1747.1544 	EXP 	window1: mouseVisible = False
1747.1711 	EXP 	window1: mouseVisible = False
1747.1877 	EXP 	window1: mouseVisible = False
1747.2044 	EXP 	window1: mouseVisible = False
1747.2211 	EXP 	window1: mouseVisible = False
1747.2377 	EXP 	window1: mouseVisible = False
1747.2543 	EXP 	window1: mouseVisible = False
1747.2710 	EXP 	window1: mouseVisible = False
1747.2877 	EXP 	window1: mouseVisible = False
1747.3049 	EXP 	window1: mouseVisible = False
1747.3211 	EXP 	window1: mouseVisible = False
1747.3377 	EXP 	window1: mouseVisible = False
1747.3544 	EXP 	window1: mouseVisible = False
1747.3710 	EXP 	window1: mouseVisible = False
1747.3877 	EXP 	window1: mouseVisible = False
1747.4043 	EXP 	window1: mouseVisible = False
1747.4210 	EXP 	window1: mouseVisible = False
1747.4377 	EXP 	window1: mouseVisible = False
1747.4544 	EXP 	window1: mouseVisible = False
1747.4710 	EXP 	window1: mouseVisible = False
1747.4877 	EXP 	window1: mouseVisible = False
1747.5044 	EXP 	window1: mouseVisible = False
1747.5210 	EXP 	window1: mouseVisible = False
1747.5376 	EXP 	window1: mouseVisible = False
1747.5543 	EXP 	window1: mouseVisible = False
1747.5714 	EXP 	window1: mouseVisible = False
1747.5877 	EXP 	window1: mouseVisible = False
1747.6044 	EXP 	window1: mouseVisible = False
1747.6210 	EXP 	window1: mouseVisible = False
1747.6377 	EXP 	window1: mouseVisible = False
1747.6544 	EXP 	window1: mouseVisible = False
1747.6711 	EXP 	window1: mouseVisible = False
1747.6877 	EXP 	window1: mouseVisible = False
1747.7044 	EXP 	window1: mouseVisible = False
1747.7211 	EXP 	window1: mouseVisible = False
1747.7377 	EXP 	window1: mouseVisible = False
1747.7544 	EXP 	window1: mouseVisible = False
1747.7710 	EXP 	window1: mouseVisible = False
1747.7878 	EXP 	window1: mouseVisible = False
1747.8044 	EXP 	window1: mouseVisible = False
1747.8211 	EXP 	window1: mouseVisible = False
1747.8377 	EXP 	window1: mouseVisible = False
1747.8544 	EXP 	window1: mouseVisible = False
1747.8710 	EXP 	window1: mouseVisible = False
1747.8877 	EXP 	window1: mouseVisible = False
1747.9044 	EXP 	window1: mouseVisible = False
1747.9211 	EXP 	window1: mouseVisible = False
1747.9377 	EXP 	window1: mouseVisible = False
1747.9544 	EXP 	window1: mouseVisible = False
1747.9710 	EXP 	window1: mouseVisible = False
1747.9877 	EXP 	window1: mouseVisible = False
1748.0043 	EXP 	window1: mouseVisible = False
1748.0212 	EXP 	window1: mouseVisible = False
1748.0378 	EXP 	window1: mouseVisible = False
1748.0544 	EXP 	window1: mouseVisible = False
1748.0711 	EXP 	window1: mouseVisible = False
1748.0878 	EXP 	window1: mouseVisible = False
1748.1043 	EXP 	window1: mouseVisible = False
1748.1211 	EXP 	window1: mouseVisible = False
1748.1377 	EXP 	window1: mouseVisible = False
1748.1544 	EXP 	window1: mouseVisible = False
1748.1711 	EXP 	window1: mouseVisible = False
1748.1877 	EXP 	window1: mouseVisible = False
1748.2044 	EXP 	window1: mouseVisible = False
1748.2211 	EXP 	window1: mouseVisible = False
1748.2377 	EXP 	window1: mouseVisible = False
1748.2544 	EXP 	window1: mouseVisible = False
1748.2710 	EXP 	window1: mouseVisible = False
1748.2873 	DATA 	Keypress: n
1748.2879 	EXP 	window1: mouseVisible = False
1748.3049 	EXP 	window1: mouseVisible = False
1748.3211 	EXP 	window1: mouseVisible = False
1748.3380 	EXP 	window1: mouseVisible = False
1748.3544 	EXP 	window1: mouseVisible = False
1748.3711 	EXP 	window1: mouseVisible = False
1748.3878 	EXP 	window1: mouseVisible = False
1748.4045 	EXP 	window1: mouseVisible = False
1748.4211 	EXP 	window1: mouseVisible = False
1748.4378 	EXP 	window1: mouseVisible = False
1748.4546 	EXP 	window1: mouseVisible = False
1748.4711 	EXP 	window1: mouseVisible = False
1748.4877 	EXP 	window1: mouseVisible = False
1748.5044 	EXP 	window1: mouseVisible = False
1748.5211 	EXP 	window1: mouseVisible = False
1748.5378 	EXP 	window1: mouseVisible = False
1748.5544 	EXP 	window1: mouseVisible = False
1748.5714 	EXP 	window1: mouseVisible = False
1748.5879 	EXP 	window1: mouseVisible = False
1748.6044 	EXP 	window1: mouseVisible = False
1748.6213 	EXP 	window1: mouseVisible = False
1748.6378 	EXP 	window1: mouseVisible = False
1748.6544 	EXP 	window1: mouseVisible = False
1748.6711 	EXP 	window1: mouseVisible = False
1748.6878 	EXP 	window1: mouseVisible = False
1748.7044 	EXP 	window1: mouseVisible = False
1748.7211 	EXP 	window1: mouseVisible = False
1748.7377 	EXP 	window1: mouseVisible = False
1748.7544 	EXP 	window1: mouseVisible = False
1748.7711 	EXP 	window1: mouseVisible = False
1748.7878 	EXP 	window1: mouseVisible = False
1748.8044 	EXP 	window1: mouseVisible = False
1748.8211 	EXP 	window1: mouseVisible = False
1748.8378 	EXP 	window1: mouseVisible = False
1748.8544 	EXP 	window1: mouseVisible = False
1748.8711 	EXP 	window1: mouseVisible = False
1748.8877 	EXP 	window1: mouseVisible = False
1748.9045 	EXP 	window1: mouseVisible = False
1748.9210 	EXP 	window1: mouseVisible = False
1748.9377 	EXP 	window1: mouseVisible = False
1748.9544 	EXP 	window1: mouseVisible = False
1748.9707 	DATA 	Keypress: n
1748.9712 	EXP 	window1: mouseVisible = False
1748.9877 	EXP 	window1: mouseVisible = False
1749.0045 	EXP 	window1: mouseVisible = False
1749.0211 	EXP 	window1: mouseVisible = False
1749.0378 	EXP 	window1: mouseVisible = False
1749.0544 	EXP 	window1: mouseVisible = False
1749.0711 	EXP 	window1: mouseVisible = False
1749.0878 	EXP 	window1: mouseVisible = False
1749.1044 	EXP 	window1: mouseVisible = False
1749.1212 	EXP 	window1: mouseVisible = False
1749.1379 	EXP 	window1: mouseVisible = False
1749.1544 	EXP 	window1: mouseVisible = False
1749.1710 	EXP 	window1: mouseVisible = False
1749.1878 	EXP 	window1: mouseVisible = False
1749.2045 	EXP 	window1: mouseVisible = False
1749.2211 	EXP 	window1: mouseVisible = False
1749.2377 	EXP 	window1: mouseVisible = False
1749.2548 	EXP 	window1: mouseVisible = False
1749.2711 	EXP 	window1: mouseVisible = False
1749.2878 	EXP 	window1: mouseVisible = False
1749.3044 	EXP 	window1: mouseVisible = False
1749.3211 	EXP 	window1: mouseVisible = False
1749.3378 	EXP 	window1: mouseVisible = False
1749.3545 	EXP 	window1: mouseVisible = False
1749.3711 	EXP 	window1: mouseVisible = False
1749.3878 	EXP 	window1: mouseVisible = False
1749.4045 	EXP 	window1: mouseVisible = False
1749.4211 	EXP 	window1: mouseVisible = False
1749.4378 	EXP 	window1: mouseVisible = False
1749.4544 	EXP 	window1: mouseVisible = False
1749.4711 	EXP 	window1: mouseVisible = False
1749.4878 	EXP 	window1: mouseVisible = False
1749.5044 	EXP 	window1: mouseVisible = False
1749.5211 	EXP 	window1: mouseVisible = False
1749.5378 	EXP 	window1: mouseVisible = False
1749.5544 	EXP 	window1: mouseVisible = False
1749.5711 	EXP 	window1: mouseVisible = False
1749.5877 	DATA 	Keypress: space
1749.7030 	EXP 	main_text: autoDraw = True
1749.7030 	EXP 	confirm_text: autoDraw = True
1749.7030 	EXP 	ratingScale: autoDraw = False
1749.7030 	EXP 	main_text: autoDraw = False
1749.7030 	EXP 	confirm_text: autoDraw = False
1749.7030 	EXP 	text_8: autoDraw = True
1750.8366 	EXP 	Created sequence: random, trialTypes=1, nReps=4, seed=None
1750.8367 	EXP 	New trial (rep=0, index=0): None
1750.8383 	DATA 	Keypress: p
1750.8530 	EXP 	text_8: autoDraw = False
1750.8530 	EXP 	text_pic: autoDraw = True
1750.8530 	EXP 	croix_3: autoDraw = True
1755.8531 	EXP 	text_pic: autoDraw = False
1755.8531 	EXP 	croix_3: autoDraw = False
1755.8531 	EXP 	text_pic: autoDraw = False
1755.8531 	EXP 	croix_3: autoDraw = False
1755.8531 	EXP 	thermode_locali_pic: height = 0.02
1755.8531 	EXP 	thermode_locali_pic: height = 0.02
1755.8531 	EXP 	thermode_locali_pic: height = 0.02
1755.8531 	EXP 	thermode_locali_pic: text = 'T : 0'
1755.8531 	EXP 	responsel: text = 'OUI              '
1755.8531 	EXP 	thermode_locali_pic: autoDraw = True
1763.8365 	EXP 	responsel: autoDraw = True
1763.8365 	EXP 	percu_or: autoDraw = True
1763.8365 	EXP 	responser: autoDraw = True
1764.4208 	DATA 	Keypress: n
1764.4532 	EXP 	responser: foreColor = (0, 0, 0)
1764.4698 	EXP 	responser: foreColor = (0, 0, 0)
1764.4865 	EXP 	responser: foreColor = (0, 0, 0)
1764.5031 	EXP 	responser: foreColor = (0, 0, 0)
1764.5198 	EXP 	responser: foreColor = (0, 0, 0)
1764.5365 	EXP 	responser: foreColor = (0, 0, 0)
1764.5531 	EXP 	responser: foreColor = (0, 0, 0)
1764.5697 	EXP 	responser: foreColor = (0, 0, 0)
1764.5864 	EXP 	responser: foreColor = (0, 0, 0)
1764.6031 	EXP 	responser: foreColor = (0, 0, 0)
1764.6198 	EXP 	responser: foreColor = (0, 0, 0)
1764.6365 	EXP 	responser: foreColor = (0, 0, 0)
1764.6531 	EXP 	responser: foreColor = (0, 0, 0)
1764.6698 	EXP 	responser: foreColor = (0, 0, 0)
1764.6864 	EXP 	responser: foreColor = (0, 0, 0)
1764.7031 	EXP 	responser: foreColor = (0, 0, 0)
1764.7198 	EXP 	responser: foreColor = (0, 0, 0)
1764.7365 	EXP 	responser: foreColor = (0, 0, 0)
1764.7532 	EXP 	responser: foreColor = (0, 0, 0)
1764.7698 	EXP 	responser: foreColor = (0, 0, 0)
1764.7865 	EXP 	responser: foreColor = (0, 0, 0)
1764.8030 	EXP 	responser: foreColor = (0, 0, 0)
1764.8198 	EXP 	responser: foreColor = (0, 0, 0)
1764.8365 	EXP 	responser: foreColor = (0, 0, 0)
1764.8531 	EXP 	responser: foreColor = (0, 0, 0)
1764.8698 	EXP 	responser: foreColor = (0, 0, 0)
1764.8865 	EXP 	responser: foreColor = (0, 0, 0)
1764.9032 	EXP 	responser: foreColor = (0, 0, 0)
1764.9198 	EXP 	responser: foreColor = (0, 0, 0)
1764.9365 	EXP 	responser: foreColor = (0, 0, 0)
1764.9531 	EXP 	responser: foreColor = (0, 0, 0)
1764.9697 	EXP 	responser: foreColor = (0, 0, 0)
1764.9864 	EXP 	responser: foreColor = (0, 0, 0)
1765.0032 	EXP 	responser: foreColor = (0, 0, 0)
1765.0198 	EXP 	responser: foreColor = (0, 0, 0)
1765.0365 	EXP 	responser: foreColor = (0, 0, 0)
1765.0532 	EXP 	responser: foreColor = (0, 0, 0)
1765.0698 	EXP 	responser: foreColor = (0, 0, 0)
1765.0865 	EXP 	responser: foreColor = (0, 0, 0)
1765.1031 	EXP 	responser: foreColor = (0, 0, 0)
1765.1198 	EXP 	responser: foreColor = (0, 0, 0)
1765.1365 	EXP 	responser: foreColor = (0, 0, 0)
1765.1532 	EXP 	responser: foreColor = (0, 0, 0)
1765.1698 	EXP 	responser: foreColor = (0, 0, 0)
1765.1865 	EXP 	responser: foreColor = (0, 0, 0)
1765.2031 	EXP 	responser: foreColor = (0, 0, 0)
1765.2198 	EXP 	responser: foreColor = (0, 0, 0)
1765.2365 	EXP 	responser: foreColor = (0, 0, 0)
1765.2531 	EXP 	responser: foreColor = (0, 0, 0)
1765.2698 	EXP 	responser: foreColor = (0, 0, 0)
1765.2864 	EXP 	responser: foreColor = (0, 0, 0)
1765.3031 	EXP 	responser: foreColor = (0, 0, 0)
1765.3198 	EXP 	responser: foreColor = (0, 0, 0)
1765.3365 	EXP 	responser: foreColor = (0, 0, 0)
1765.3532 	EXP 	responser: foreColor = (0, 0, 0)
1765.3698 	EXP 	responser: foreColor = (0, 0, 0)
1765.3864 	EXP 	responser: foreColor = (0, 0, 0)
1765.4032 	EXP 	responser: foreColor = (0, 0, 0)
1765.4198 	EXP 	responser: foreColor = (0, 0, 0)
1765.4365 	EXP 	responser: foreColor = (0, 0, 0)
1765.4532 	EXP 	responser: foreColor = (0, 0, 0)
1765.4698 	EXP 	responser: foreColor = (0, 0, 0)
1765.4865 	EXP 	responser: foreColor = (0, 0, 0)
1765.5032 	EXP 	responser: foreColor = (0, 0, 0)
1765.5199 	EXP 	responser: foreColor = (0, 0, 0)
1765.5365 	EXP 	responser: foreColor = (0, 0, 0)
1765.5532 	EXP 	responser: foreColor = (0, 0, 0)
1765.5698 	EXP 	responser: foreColor = (0, 0, 0)
1765.5865 	EXP 	responser: foreColor = (0, 0, 0)
1765.6032 	EXP 	responser: foreColor = (0, 0, 0)
1765.6198 	EXP 	responser: foreColor = (0, 0, 0)
1765.6365 	EXP 	responser: foreColor = (0, 0, 0)
1765.6532 	EXP 	responser: foreColor = (0, 0, 0)
1765.6698 	EXP 	responser: foreColor = (0, 0, 0)
1765.6865 	EXP 	responser: foreColor = (0, 0, 0)
1765.7032 	EXP 	responser: foreColor = (0, 0, 0)
1765.7198 	EXP 	responser: foreColor = (0, 0, 0)
1765.7365 	EXP 	responser: foreColor = (0, 0, 0)
1765.7532 	EXP 	responser: foreColor = (0, 0, 0)
1765.7698 	EXP 	responser: foreColor = (0, 0, 0)
1765.7865 	EXP 	responser: foreColor = (0, 0, 0)
1765.8032 	EXP 	responser: foreColor = (0, 0, 0)
1765.8199 	EXP 	responser: foreColor = (0, 0, 0)
1765.8365 	EXP 	responser: foreColor = (0, 0, 0)
1765.8532 	EXP 	responser: foreColor = (0, 0, 0)
1765.8698 	EXP 	responser: foreColor = (0, 0, 0)
1765.8865 	EXP 	responser: foreColor = (0, 0, 0)
1765.9031 	EXP 	responser: foreColor = (0, 0, 0)
1765.9198 	EXP 	responser: foreColor = (0, 0, 0)
1765.9365 	EXP 	responser: foreColor = (0, 0, 0)
1765.9532 	EXP 	responser: foreColor = (0, 0, 0)
1765.9698 	EXP 	responser: foreColor = (0, 0, 0)
1765.9865 	EXP 	responser: foreColor = (0, 0, 0)
1766.0032 	EXP 	responser: foreColor = (0, 0, 0)
1766.0198 	EXP 	responser: foreColor = (0, 0, 0)
1766.0365 	EXP 	responser: foreColor = (0, 0, 0)
1766.0532 	EXP 	responser: foreColor = (0, 0, 0)
1766.0698 	EXP 	responser: foreColor = (0, 0, 0)
1766.0865 	EXP 	responser: foreColor = (0, 0, 0)
1766.1032 	EXP 	responser: foreColor = (0, 0, 0)
1766.1199 	EXP 	responser: foreColor = (0, 0, 0)
1766.1365 	EXP 	responser: foreColor = (0, 0, 0)
1766.1532 	EXP 	responser: foreColor = (0, 0, 0)
1766.1698 	EXP 	responser: foreColor = (0, 0, 0)
1766.1865 	EXP 	responser: foreColor = (0, 0, 0)
1766.2032 	EXP 	responser: foreColor = (0, 0, 0)
1766.2199 	EXP 	responser: foreColor = (0, 0, 0)
1766.2365 	EXP 	responser: foreColor = (0, 0, 0)
1766.2533 	EXP 	responser: foreColor = (0, 0, 0)
1766.2699 	EXP 	responser: foreColor = (0, 0, 0)
1766.2865 	EXP 	responser: foreColor = (0, 0, 0)
1766.3032 	EXP 	responser: foreColor = (0, 0, 0)
1766.3198 	EXP 	responser: foreColor = (0, 0, 0)
1766.3365 	EXP 	responser: foreColor = (0, 0, 0)
1766.3532 	EXP 	responser: foreColor = (0, 0, 0)
1766.3698 	EXP 	responser: foreColor = (0, 0, 0)
1766.3865 	EXP 	responser: foreColor = (0, 0, 0)
1766.4032 	EXP 	responser: foreColor = (0, 0, 0)
1766.4198 	EXP 	responser: foreColor = (0, 0, 0)
1766.4365 	EXP 	responser: foreColor = (0, 0, 0)
1766.4532 	EXP 	responser: foreColor = (0, 0, 0)
1766.4698 	EXP 	responser: foreColor = (0, 0, 0)
1766.4865 	EXP 	responser: foreColor = (0, 0, 0)
1766.5032 	EXP 	responser: foreColor = (0, 0, 0)
1766.5198 	EXP 	responser: foreColor = (0, 0, 0)
1766.5365 	EXP 	responser: foreColor = (0, 0, 0)
1766.5532 	EXP 	responser: foreColor = (0, 0, 0)
1766.5698 	EXP 	responser: foreColor = (0, 0, 0)
1766.5865 	EXP 	responser: foreColor = (0, 0, 0)
1766.6031 	EXP 	responser: foreColor = (0, 0, 0)
1766.6198 	EXP 	responser: foreColor = (0, 0, 0)
1766.6365 	EXP 	responser: foreColor = (0, 0, 0)
1766.6532 	EXP 	responser: foreColor = (0, 0, 0)
1766.6698 	EXP 	responser: foreColor = (0, 0, 0)
1766.6865 	EXP 	responser: foreColor = (0, 0, 0)
1766.7032 	EXP 	responser: foreColor = (0, 0, 0)
1766.7198 	EXP 	responser: foreColor = (0, 0, 0)
1766.7365 	EXP 	responser: foreColor = (0, 0, 0)
1766.7532 	EXP 	responser: foreColor = (0, 0, 0)
1766.7699 	EXP 	responser: foreColor = (0, 0, 0)
1766.7866 	EXP 	responser: foreColor = (0, 0, 0)
1766.8032 	EXP 	responser: foreColor = (0, 0, 0)
1766.8032 	EXP 	thermode_locali_pic: autoDraw = False
1766.8199 	EXP 	responser: foreColor = (0, 0, 0)
1766.8205 	EXP 	New trial (rep=1, index=0): None
1766.8365 	EXP 	responser: foreColor = (0, 0, 0)
1766.8365 	EXP 	responsel: autoDraw = False
1766.8365 	EXP 	percu_or: autoDraw = False
1766.8365 	EXP 	responser: autoDraw = False
1766.8365 	EXP 	thermode_locali_pic: autoDraw = False
1766.8365 	EXP 	responsel: autoDraw = False
1766.8365 	EXP 	percu_or: autoDraw = False
1766.8365 	EXP 	responser: autoDraw = False
1766.8365 	EXP 	responsel: foreColor = 'white'
1766.8365 	EXP 	responser: foreColor = 'white'
1766.8365 	EXP 	text_pic: autoDraw = True
1766.8365 	EXP 	croix_3: autoDraw = True
1771.8366 	EXP 	text_pic: autoDraw = False
1771.8366 	EXP 	croix_3: autoDraw = False
1771.8366 	EXP 	text_pic: autoDraw = False
1771.8366 	EXP 	croix_3: autoDraw = False
1771.8366 	EXP 	thermode_locali_pic: height = 0.02
1771.8366 	EXP 	thermode_locali_pic: height = 0.02
1771.8366 	EXP 	thermode_locali_pic: height = 0.02
1771.8366 	EXP 	thermode_locali_pic: text = 'T : 1'
1771.8366 	EXP 	responsel: text = 'OUI              '
1771.8366 	EXP 	thermode_locali_pic: autoDraw = True
1779.8200 	EXP 	responsel: autoDraw = True
1779.8200 	EXP 	percu_or: autoDraw = True
1779.8200 	EXP 	responser: autoDraw = True
1780.4548 	DATA 	Keypress: n
1780.4867 	EXP 	responser: foreColor = (0, 0, 0)
1780.5034 	EXP 	responser: foreColor = (0, 0, 0)
1780.5200 	EXP 	responser: foreColor = (0, 0, 0)
1780.5367 	EXP 	responser: foreColor = (0, 0, 0)
1780.5534 	EXP 	responser: foreColor = (0, 0, 0)
1780.5700 	EXP 	responser: foreColor = (0, 0, 0)
1780.5867 	EXP 	responser: foreColor = (0, 0, 0)
1780.6034 	EXP 	responser: foreColor = (0, 0, 0)
1780.6200 	EXP 	responser: foreColor = (0, 0, 0)
1780.6367 	EXP 	responser: foreColor = (0, 0, 0)
1780.6534 	EXP 	responser: foreColor = (0, 0, 0)
1780.6700 	EXP 	responser: foreColor = (0, 0, 0)
1780.6867 	EXP 	responser: foreColor = (0, 0, 0)
1780.7034 	EXP 	responser: foreColor = (0, 0, 0)
1780.7200 	EXP 	responser: foreColor = (0, 0, 0)
1780.7367 	EXP 	responser: foreColor = (0, 0, 0)
1780.7534 	EXP 	responser: foreColor = (0, 0, 0)
1780.7700 	EXP 	responser: foreColor = (0, 0, 0)
1780.7867 	EXP 	responser: foreColor = (0, 0, 0)
1780.8033 	EXP 	responser: foreColor = (0, 0, 0)
1780.8201 	EXP 	responser: foreColor = (0, 0, 0)
1780.8367 	EXP 	responser: foreColor = (0, 0, 0)
1780.8534 	EXP 	responser: foreColor = (0, 0, 0)
1780.8701 	EXP 	responser: foreColor = (0, 0, 0)
1780.8867 	EXP 	responser: foreColor = (0, 0, 0)
1780.9033 	EXP 	responser: foreColor = (0, 0, 0)
1780.9201 	EXP 	responser: foreColor = (0, 0, 0)
1780.9367 	EXP 	responser: foreColor = (0, 0, 0)
1780.9534 	EXP 	responser: foreColor = (0, 0, 0)
1780.9700 	EXP 	responser: foreColor = (0, 0, 0)
1780.9868 	EXP 	responser: foreColor = (0, 0, 0)
1781.0034 	EXP 	responser: foreColor = (0, 0, 0)
1781.0200 	EXP 	responser: foreColor = (0, 0, 0)
1781.0367 	EXP 	responser: foreColor = (0, 0, 0)
1781.0534 	EXP 	responser: foreColor = (0, 0, 0)
1781.0700 	EXP 	responser: foreColor = (0, 0, 0)
1781.0868 	EXP 	responser: foreColor = (0, 0, 0)
1781.1034 	EXP 	responser: foreColor = (0, 0, 0)
1781.1200 	EXP 	responser: foreColor = (0, 0, 0)
1781.1367 	EXP 	responser: foreColor = (0, 0, 0)
1781.1533 	EXP 	responser: foreColor = (0, 0, 0)
1781.1700 	EXP 	responser: foreColor = (0, 0, 0)
1781.1867 	EXP 	responser: foreColor = (0, 0, 0)
1781.2034 	EXP 	responser: foreColor = (0, 0, 0)
1781.2200 	EXP 	responser: foreColor = (0, 0, 0)
1781.2367 	EXP 	responser: foreColor = (0, 0, 0)
1781.2534 	EXP 	responser: foreColor = (0, 0, 0)
1781.2700 	EXP 	responser: foreColor = (0, 0, 0)
1781.2867 	EXP 	responser: foreColor = (0, 0, 0)
1781.3034 	EXP 	responser: foreColor = (0, 0, 0)
1781.3201 	EXP 	responser: foreColor = (0, 0, 0)
1781.3367 	EXP 	responser: foreColor = (0, 0, 0)
1781.3534 	EXP 	responser: foreColor = (0, 0, 0)
1781.3700 	EXP 	responser: foreColor = (0, 0, 0)
1781.3868 	EXP 	responser: foreColor = (0, 0, 0)
1781.4034 	EXP 	responser: foreColor = (0, 0, 0)
1781.4200 	EXP 	responser: foreColor = (0, 0, 0)
1781.4367 	EXP 	responser: foreColor = (0, 0, 0)
1781.4534 	EXP 	responser: foreColor = (0, 0, 0)
1781.4700 	EXP 	responser: foreColor = (0, 0, 0)
1781.4867 	EXP 	responser: foreColor = (0, 0, 0)
1781.5033 	EXP 	responser: foreColor = (0, 0, 0)
1781.5200 	EXP 	responser: foreColor = (0, 0, 0)
1781.5367 	EXP 	responser: foreColor = (0, 0, 0)
1781.5534 	EXP 	responser: foreColor = (0, 0, 0)
1781.5701 	EXP 	responser: foreColor = (0, 0, 0)
1781.5867 	EXP 	responser: foreColor = (0, 0, 0)
1781.6034 	EXP 	responser: foreColor = (0, 0, 0)
1781.6201 	EXP 	responser: foreColor = (0, 0, 0)
1781.6367 	EXP 	responser: foreColor = (0, 0, 0)
1781.6534 	EXP 	responser: foreColor = (0, 0, 0)
1781.6700 	EXP 	responser: foreColor = (0, 0, 0)
1781.6868 	EXP 	responser: foreColor = (0, 0, 0)
1781.7034 	EXP 	responser: foreColor = (0, 0, 0)
1781.7200 	EXP 	responser: foreColor = (0, 0, 0)
1781.7367 	EXP 	responser: foreColor = (0, 0, 0)
1781.7534 	EXP 	responser: foreColor = (0, 0, 0)
1781.7700 	EXP 	responser: foreColor = (0, 0, 0)
1781.7867 	EXP 	responser: foreColor = (0, 0, 0)
1781.8034 	EXP 	responser: foreColor = (0, 0, 0)
1781.8200 	EXP 	responser: foreColor = (0, 0, 0)
1781.8368 	EXP 	responser: foreColor = (0, 0, 0)
1781.8534 	EXP 	responser: foreColor = (0, 0, 0)
1781.8700 	EXP 	responser: foreColor = (0, 0, 0)
1781.8867 	EXP 	responser: foreColor = (0, 0, 0)
1781.9034 	EXP 	responser: foreColor = (0, 0, 0)
1781.9200 	EXP 	responser: foreColor = (0, 0, 0)
1781.9367 	EXP 	responser: foreColor = (0, 0, 0)
1781.9534 	EXP 	responser: foreColor = (0, 0, 0)
1781.9701 	EXP 	responser: foreColor = (0, 0, 0)
1781.9867 	EXP 	responser: foreColor = (0, 0, 0)
1782.0034 	EXP 	responser: foreColor = (0, 0, 0)
1782.0201 	EXP 	responser: foreColor = (0, 0, 0)
1782.0367 	EXP 	responser: foreColor = (0, 0, 0)
1782.0534 	EXP 	responser: foreColor = (0, 0, 0)
1782.0700 	EXP 	responser: foreColor = (0, 0, 0)
1782.0867 	EXP 	responser: foreColor = (0, 0, 0)
1782.1034 	EXP 	responser: foreColor = (0, 0, 0)
1782.1200 	EXP 	responser: foreColor = (0, 0, 0)
1782.1367 	EXP 	responser: foreColor = (0, 0, 0)
1782.1534 	EXP 	responser: foreColor = (0, 0, 0)
1782.1700 	EXP 	responser: foreColor = (0, 0, 0)
1782.1867 	EXP 	responser: foreColor = (0, 0, 0)
1782.2034 	EXP 	responser: foreColor = (0, 0, 0)
1782.2200 	EXP 	responser: foreColor = (0, 0, 0)
1782.2367 	EXP 	responser: foreColor = (0, 0, 0)
1782.2534 	EXP 	responser: foreColor = (0, 0, 0)
1782.2700 	EXP 	responser: foreColor = (0, 0, 0)
1782.2867 	EXP 	responser: foreColor = (0, 0, 0)
1782.3034 	EXP 	responser: foreColor = (0, 0, 0)
1782.3200 	EXP 	responser: foreColor = (0, 0, 0)
1782.3367 	EXP 	responser: foreColor = (0, 0, 0)
1782.3534 	EXP 	responser: foreColor = (0, 0, 0)
1782.3700 	EXP 	responser: foreColor = (0, 0, 0)
1782.3868 	EXP 	responser: foreColor = (0, 0, 0)
1782.4034 	EXP 	responser: foreColor = (0, 0, 0)
1782.4200 	EXP 	responser: foreColor = (0, 0, 0)
1782.4366 	EXP 	responser: foreColor = (0, 0, 0)
1782.4534 	EXP 	responser: foreColor = (0, 0, 0)
1782.4700 	EXP 	responser: foreColor = (0, 0, 0)
1782.4867 	EXP 	responser: foreColor = (0, 0, 0)
1782.5034 	EXP 	responser: foreColor = (0, 0, 0)
1782.5201 	EXP 	responser: foreColor = (0, 0, 0)
1782.5367 	EXP 	responser: foreColor = (0, 0, 0)
1782.5534 	EXP 	responser: foreColor = (0, 0, 0)
1782.5701 	EXP 	responser: foreColor = (0, 0, 0)
1782.5867 	EXP 	responser: foreColor = (0, 0, 0)
1782.6034 	EXP 	responser: foreColor = (0, 0, 0)
1782.6201 	EXP 	responser: foreColor = (0, 0, 0)
1782.6367 	EXP 	responser: foreColor = (0, 0, 0)
1782.6534 	EXP 	responser: foreColor = (0, 0, 0)
1782.6700 	EXP 	responser: foreColor = (0, 0, 0)
1782.6868 	EXP 	responser: foreColor = (0, 0, 0)
1782.7034 	EXP 	responser: foreColor = (0, 0, 0)
1782.7200 	EXP 	responser: foreColor = (0, 0, 0)
1782.7367 	EXP 	responser: foreColor = (0, 0, 0)
1782.7534 	EXP 	responser: foreColor = (0, 0, 0)
1782.7700 	EXP 	responser: foreColor = (0, 0, 0)
1782.7867 	EXP 	responser: foreColor = (0, 0, 0)
1782.7867 	EXP 	thermode_locali_pic: autoDraw = False
1782.8034 	EXP 	responser: foreColor = (0, 0, 0)
1782.8039 	EXP 	New trial (rep=2, index=0): None
1782.8201 	EXP 	responser: foreColor = (0, 0, 0)
1782.8201 	EXP 	responsel: autoDraw = False
1782.8201 	EXP 	percu_or: autoDraw = False
1782.8201 	EXP 	responser: autoDraw = False
1782.8201 	EXP 	thermode_locali_pic: autoDraw = False
1782.8201 	EXP 	responsel: autoDraw = False
1782.8201 	EXP 	percu_or: autoDraw = False
1782.8201 	EXP 	responser: autoDraw = False
1782.8201 	EXP 	responsel: foreColor = 'white'
1782.8201 	EXP 	responser: foreColor = 'white'
1782.8201 	EXP 	text_pic: autoDraw = True
1782.8201 	EXP 	croix_3: autoDraw = True
1787.8201 	EXP 	text_pic: autoDraw = False
1787.8201 	EXP 	croix_3: autoDraw = False
1787.8201 	EXP 	text_pic: autoDraw = False
1787.8201 	EXP 	croix_3: autoDraw = False
1787.8201 	EXP 	thermode_locali_pic: height = 0.02
1787.8201 	EXP 	thermode_locali_pic: height = 0.02
1787.8201 	EXP 	thermode_locali_pic: height = 0.02
1787.8201 	EXP 	thermode_locali_pic: text = 'T : 2'
1787.8201 	EXP 	responsel: text = 'OUI              '
1787.8201 	EXP 	thermode_locali_pic: autoDraw = True
1795.8035 	EXP 	responsel: autoDraw = True
1795.8035 	EXP 	percu_or: autoDraw = True
1795.8035 	EXP 	responser: autoDraw = True
1796.5046 	DATA 	Keypress: m
1796.5368 	EXP 	responsel: foreColor = (0, 0, 0)
1796.5536 	EXP 	responsel: foreColor = (0, 0, 0)
1796.5701 	EXP 	responsel: foreColor = (0, 0, 0)
1796.5869 	EXP 	responsel: foreColor = (0, 0, 0)
1796.6036 	EXP 	responsel: foreColor = (0, 0, 0)
1796.6202 	EXP 	responsel: foreColor = (0, 0, 0)
1796.6369 	EXP 	responsel: foreColor = (0, 0, 0)
1796.6535 	EXP 	responsel: foreColor = (0, 0, 0)
1796.6702 	EXP 	responsel: foreColor = (0, 0, 0)
1796.6869 	EXP 	responsel: foreColor = (0, 0, 0)
1796.7035 	EXP 	responsel: foreColor = (0, 0, 0)
1796.7202 	EXP 	responsel: foreColor = (0, 0, 0)
1796.7368 	EXP 	responsel: foreColor = (0, 0, 0)
1796.7536 	EXP 	responsel: foreColor = (0, 0, 0)
1796.7702 	EXP 	responsel: foreColor = (0, 0, 0)
1796.7869 	EXP 	responsel: foreColor = (0, 0, 0)
1796.8035 	EXP 	responsel: foreColor = (0, 0, 0)
1796.8202 	EXP 	responsel: foreColor = (0, 0, 0)
1796.8368 	EXP 	responsel: foreColor = (0, 0, 0)
1796.8535 	EXP 	responsel: foreColor = (0, 0, 0)
1796.8702 	EXP 	responsel: foreColor = (0, 0, 0)
1796.8869 	EXP 	responsel: foreColor = (0, 0, 0)
1796.9035 	EXP 	responsel: foreColor = (0, 0, 0)
1796.9202 	EXP 	responsel: foreColor = (0, 0, 0)
1796.9369 	EXP 	responsel: foreColor = (0, 0, 0)
1796.9535 	EXP 	responsel: foreColor = (0, 0, 0)
1796.9701 	EXP 	responsel: foreColor = (0, 0, 0)
1796.9869 	EXP 	responsel: foreColor = (0, 0, 0)
1797.0034 	EXP 	responsel: foreColor = (0, 0, 0)
1797.0202 	EXP 	responsel: foreColor = (0, 0, 0)
1797.0369 	EXP 	responsel: foreColor = (0, 0, 0)
1797.0535 	EXP 	responsel: foreColor = (0, 0, 0)
1797.0702 	EXP 	responsel: foreColor = (0, 0, 0)
1797.0869 	EXP 	responsel: foreColor = (0, 0, 0)
1797.1034 	EXP 	responsel: foreColor = (0, 0, 0)
1797.1202 	EXP 	responsel: foreColor = (0, 0, 0)
1797.1368 	EXP 	responsel: foreColor = (0, 0, 0)
1797.1535 	EXP 	responsel: foreColor = (0, 0, 0)
1797.1702 	EXP 	responsel: foreColor = (0, 0, 0)
1797.1868 	EXP 	responsel: foreColor = (0, 0, 0)
1797.2035 	EXP 	responsel: foreColor = (0, 0, 0)
1797.2202 	EXP 	responsel: foreColor = (0, 0, 0)
1797.2369 	EXP 	responsel: foreColor = (0, 0, 0)
1797.2535 	EXP 	responsel: foreColor = (0, 0, 0)
1797.2702 	EXP 	responsel: foreColor = (0, 0, 0)
1797.2870 	EXP 	responsel: foreColor = (0, 0, 0)
1797.3035 	EXP 	responsel: foreColor = (0, 0, 0)
1797.3202 	EXP 	responsel: foreColor = (0, 0, 0)
1797.3369 	EXP 	responsel: foreColor = (0, 0, 0)
1797.3535 	EXP 	responsel: foreColor = (0, 0, 0)
1797.3702 	EXP 	responsel: foreColor = (0, 0, 0)
1797.3869 	EXP 	responsel: foreColor = (0, 0, 0)
1797.4035 	EXP 	responsel: foreColor = (0, 0, 0)
1797.4202 	EXP 	responsel: foreColor = (0, 0, 0)
1797.4369 	EXP 	responsel: foreColor = (0, 0, 0)
1797.4535 	EXP 	responsel: foreColor = (0, 0, 0)
1797.4702 	EXP 	responsel: foreColor = (0, 0, 0)
1797.4868 	EXP 	responsel: foreColor = (0, 0, 0)
1797.5036 	EXP 	responsel: foreColor = (0, 0, 0)
1797.5202 	EXP 	responsel: foreColor = (0, 0, 0)
1797.5369 	EXP 	responsel: foreColor = (0, 0, 0)
1797.5535 	EXP 	responsel: foreColor = (0, 0, 0)
1797.5702 	EXP 	responsel: foreColor = (0, 0, 0)
1797.5869 	EXP 	responsel: foreColor = (0, 0, 0)
1797.6035 	EXP 	responsel: foreColor = (0, 0, 0)
1797.6202 	EXP 	responsel: foreColor = (0, 0, 0)
1797.6369 	EXP 	responsel: foreColor = (0, 0, 0)
1797.6535 	EXP 	responsel: foreColor = (0, 0, 0)
1797.6702 	EXP 	responsel: foreColor = (0, 0, 0)
1797.6869 	EXP 	responsel: foreColor = (0, 0, 0)
1797.7035 	EXP 	responsel: foreColor = (0, 0, 0)
1797.7202 	EXP 	responsel: foreColor = (0, 0, 0)
1797.7369 	EXP 	responsel: foreColor = (0, 0, 0)
1797.7536 	EXP 	responsel: foreColor = (0, 0, 0)
1797.7701 	EXP 	responsel: foreColor = (0, 0, 0)
1797.7868 	EXP 	responsel: foreColor = (0, 0, 0)
1797.8035 	EXP 	responsel: foreColor = (0, 0, 0)
1797.8202 	EXP 	responsel: foreColor = (0, 0, 0)
1797.8369 	EXP 	responsel: foreColor = (0, 0, 0)
1797.8535 	EXP 	responsel: foreColor = (0, 0, 0)
1797.8702 	EXP 	responsel: foreColor = (0, 0, 0)
1797.8868 	EXP 	responsel: foreColor = (0, 0, 0)
1797.9035 	EXP 	responsel: foreColor = (0, 0, 0)
1797.9202 	EXP 	responsel: foreColor = (0, 0, 0)
1797.9369 	EXP 	responsel: foreColor = (0, 0, 0)
1797.9535 	EXP 	responsel: foreColor = (0, 0, 0)
1797.9702 	EXP 	responsel: foreColor = (0, 0, 0)
1797.9869 	EXP 	responsel: foreColor = (0, 0, 0)
1798.0035 	EXP 	responsel: foreColor = (0, 0, 0)
1798.0202 	EXP 	responsel: foreColor = (0, 0, 0)
1798.0369 	EXP 	responsel: foreColor = (0, 0, 0)
1798.0536 	EXP 	responsel: foreColor = (0, 0, 0)
1798.0702 	EXP 	responsel: foreColor = (0, 0, 0)
1798.0869 	EXP 	responsel: foreColor = (0, 0, 0)
1798.1035 	EXP 	responsel: foreColor = (0, 0, 0)
1798.1202 	EXP 	responsel: foreColor = (0, 0, 0)
1798.1369 	EXP 	responsel: foreColor = (0, 0, 0)
1798.1535 	EXP 	responsel: foreColor = (0, 0, 0)
1798.1701 	EXP 	responsel: foreColor = (0, 0, 0)
1798.1868 	EXP 	responsel: foreColor = (0, 0, 0)
1798.2036 	EXP 	responsel: foreColor = (0, 0, 0)
1798.2202 	EXP 	responsel: foreColor = (0, 0, 0)
1798.2369 	EXP 	responsel: foreColor = (0, 0, 0)
1798.2536 	EXP 	responsel: foreColor = (0, 0, 0)
1798.2702 	EXP 	responsel: foreColor = (0, 0, 0)
1798.2869 	EXP 	responsel: foreColor = (0, 0, 0)
1798.3035 	EXP 	responsel: foreColor = (0, 0, 0)
1798.3202 	EXP 	responsel: foreColor = (0, 0, 0)
1798.3369 	EXP 	responsel: foreColor = (0, 0, 0)
1798.3536 	EXP 	responsel: foreColor = (0, 0, 0)
1798.3702 	EXP 	responsel: foreColor = (0, 0, 0)
1798.3869 	EXP 	responsel: foreColor = (0, 0, 0)
1798.4035 	EXP 	responsel: foreColor = (0, 0, 0)
1798.4201 	EXP 	responsel: foreColor = (0, 0, 0)
1798.4368 	EXP 	responsel: foreColor = (0, 0, 0)
1798.4535 	EXP 	responsel: foreColor = (0, 0, 0)
1798.4702 	EXP 	responsel: foreColor = (0, 0, 0)
1798.4869 	EXP 	responsel: foreColor = (0, 0, 0)
1798.5035 	EXP 	responsel: foreColor = (0, 0, 0)
1798.5202 	EXP 	responsel: foreColor = (0, 0, 0)
1798.5369 	EXP 	responsel: foreColor = (0, 0, 0)
1798.5535 	EXP 	responsel: foreColor = (0, 0, 0)
1798.5702 	EXP 	responsel: foreColor = (0, 0, 0)
1798.5868 	EXP 	responsel: foreColor = (0, 0, 0)
1798.6036 	EXP 	responsel: foreColor = (0, 0, 0)
1798.6202 	EXP 	responsel: foreColor = (0, 0, 0)
1798.6369 	EXP 	responsel: foreColor = (0, 0, 0)
1798.6535 	EXP 	responsel: foreColor = (0, 0, 0)
1798.6702 	EXP 	responsel: foreColor = (0, 0, 0)
1798.6869 	EXP 	responsel: foreColor = (0, 0, 0)
1798.7035 	EXP 	responsel: foreColor = (0, 0, 0)
1798.7202 	EXP 	responsel: foreColor = (0, 0, 0)
1798.7368 	EXP 	responsel: foreColor = (0, 0, 0)
1798.7536 	EXP 	responsel: foreColor = (0, 0, 0)
1798.7702 	EXP 	responsel: foreColor = (0, 0, 0)
1798.7702 	EXP 	thermode_locali_pic: autoDraw = False
1798.7869 	EXP 	responsel: foreColor = (0, 0, 0)
1798.7874 	EXP 	New trial (rep=3, index=0): None
1798.8035 	EXP 	responsel: foreColor = (0, 0, 0)
1798.8035 	EXP 	responsel: autoDraw = False
1798.8035 	EXP 	percu_or: autoDraw = False
1798.8035 	EXP 	responser: autoDraw = False
1798.8035 	EXP 	thermode_locali_pic: autoDraw = False
1798.8035 	EXP 	responsel: autoDraw = False
1798.8035 	EXP 	percu_or: autoDraw = False
1798.8035 	EXP 	responser: autoDraw = False
1798.8035 	EXP 	responsel: foreColor = 'white'
1798.8035 	EXP 	responser: foreColor = 'white'
1798.8035 	EXP 	text_pic: autoDraw = True
1798.8035 	EXP 	croix_3: autoDraw = True
1803.8037 	EXP 	text_pic: autoDraw = False
1803.8037 	EXP 	croix_3: autoDraw = False
1803.8037 	EXP 	text_pic: autoDraw = False
1803.8037 	EXP 	croix_3: autoDraw = False
1803.8037 	EXP 	thermode_locali_pic: height = 0.02
1803.8037 	EXP 	thermode_locali_pic: height = 0.02
1803.8037 	EXP 	thermode_locali_pic: height = 0.02
1803.8037 	EXP 	thermode_locali_pic: text = 'T : 3'
1803.8037 	EXP 	responsel: text = 'OUI              '
1803.8037 	EXP 	thermode_locali_pic: autoDraw = True
1811.7870 	EXP 	responsel: autoDraw = True
1811.7870 	EXP 	percu_or: autoDraw = True
1811.7870 	EXP 	responser: autoDraw = True
1812.7216 	DATA 	Keypress: n
1812.7537 	EXP 	responser: foreColor = (0, 0, 0)
1812.7704 	EXP 	responser: foreColor = (0, 0, 0)
1812.7870 	EXP 	responser: foreColor = (0, 0, 0)
1812.8037 	EXP 	responser: foreColor = (0, 0, 0)
1812.8204 	EXP 	responser: foreColor = (0, 0, 0)
1812.8370 	EXP 	responser: foreColor = (0, 0, 0)
1812.8537 	EXP 	responser: foreColor = (0, 0, 0)
1812.8704 	EXP 	responser: foreColor = (0, 0, 0)
1812.8871 	EXP 	responser: foreColor = (0, 0, 0)
1812.9037 	EXP 	responser: foreColor = (0, 0, 0)
1812.9204 	EXP 	responser: foreColor = (0, 0, 0)
1812.9371 	EXP 	responser: foreColor = (0, 0, 0)
1812.9537 	EXP 	responser: foreColor = (0, 0, 0)
1812.9704 	EXP 	responser: foreColor = (0, 0, 0)
1812.9870 	EXP 	responser: foreColor = (0, 0, 0)
1813.0037 	EXP 	responser: foreColor = (0, 0, 0)
1813.0204 	EXP 	responser: foreColor = (0, 0, 0)
1813.0371 	EXP 	responser: foreColor = (0, 0, 0)
1813.0537 	EXP 	responser: foreColor = (0, 0, 0)
1813.0704 	EXP 	responser: foreColor = (0, 0, 0)
1813.0870 	EXP 	responser: foreColor = (0, 0, 0)
1813.1037 	EXP 	responser: foreColor = (0, 0, 0)
1813.1204 	EXP 	responser: foreColor = (0, 0, 0)
1813.1370 	EXP 	responser: foreColor = (0, 0, 0)
1813.1537 	EXP 	responser: foreColor = (0, 0, 0)
1813.1704 	EXP 	responser: foreColor = (0, 0, 0)
1813.1871 	EXP 	responser: foreColor = (0, 0, 0)
1813.2037 	EXP 	responser: foreColor = (0, 0, 0)
1813.2203 	EXP 	responser: foreColor = (0, 0, 0)
1813.2370 	EXP 	responser: foreColor = (0, 0, 0)
1813.2537 	EXP 	responser: foreColor = (0, 0, 0)
1813.2704 	EXP 	responser: foreColor = (0, 0, 0)
1813.2870 	EXP 	responser: foreColor = (0, 0, 0)
1813.3037 	EXP 	responser: foreColor = (0, 0, 0)
1813.3204 	EXP 	responser: foreColor = (0, 0, 0)
1813.3371 	EXP 	responser: foreColor = (0, 0, 0)
1813.3537 	EXP 	responser: foreColor = (0, 0, 0)
1813.3704 	EXP 	responser: foreColor = (0, 0, 0)
1813.3871 	EXP 	responser: foreColor = (0, 0, 0)
1813.4037 	EXP 	responser: foreColor = (0, 0, 0)
1813.4204 	EXP 	responser: foreColor = (0, 0, 0)
1813.4371 	EXP 	responser: foreColor = (0, 0, 0)
1813.4537 	EXP 	responser: foreColor = (0, 0, 0)
1813.4704 	EXP 	responser: foreColor = (0, 0, 0)
1813.4871 	EXP 	responser: foreColor = (0, 0, 0)
1813.5037 	EXP 	responser: foreColor = (0, 0, 0)
1813.5203 	EXP 	responser: foreColor = (0, 0, 0)
1813.5371 	EXP 	responser: foreColor = (0, 0, 0)
1813.5538 	EXP 	responser: foreColor = (0, 0, 0)
1813.5704 	EXP 	responser: foreColor = (0, 0, 0)
1813.5871 	EXP 	responser: foreColor = (0, 0, 0)
1813.6037 	EXP 	responser: foreColor = (0, 0, 0)
1813.6204 	EXP 	responser: foreColor = (0, 0, 0)
1813.6371 	EXP 	responser: foreColor = (0, 0, 0)
1813.6537 	EXP 	responser: foreColor = (0, 0, 0)
1813.6704 	EXP 	responser: foreColor = (0, 0, 0)
1813.6871 	EXP 	responser: foreColor = (0, 0, 0)
1813.7038 	EXP 	responser: foreColor = (0, 0, 0)
1813.7204 	EXP 	responser: foreColor = (0, 0, 0)
1813.7370 	EXP 	responser: foreColor = (0, 0, 0)
1813.7537 	EXP 	responser: foreColor = (0, 0, 0)
1813.7704 	EXP 	responser: foreColor = (0, 0, 0)
1813.7871 	EXP 	responser: foreColor = (0, 0, 0)
1813.8038 	EXP 	responser: foreColor = (0, 0, 0)
1813.8204 	EXP 	responser: foreColor = (0, 0, 0)
1813.8370 	EXP 	responser: foreColor = (0, 0, 0)
1813.8537 	EXP 	responser: foreColor = (0, 0, 0)
1813.8704 	EXP 	responser: foreColor = (0, 0, 0)
1813.8871 	EXP 	responser: foreColor = (0, 0, 0)
1813.9037 	EXP 	responser: foreColor = (0, 0, 0)
1813.9204 	EXP 	responser: foreColor = (0, 0, 0)
1813.9370 	EXP 	responser: foreColor = (0, 0, 0)
1813.9537 	EXP 	responser: foreColor = (0, 0, 0)
1813.9704 	EXP 	responser: foreColor = (0, 0, 0)
1813.9871 	EXP 	responser: foreColor = (0, 0, 0)
1814.0037 	EXP 	responser: foreColor = (0, 0, 0)
1814.0204 	EXP 	responser: foreColor = (0, 0, 0)
1814.0371 	EXP 	responser: foreColor = (0, 0, 0)
1814.0537 	EXP 	responser: foreColor = (0, 0, 0)
1814.0704 	EXP 	responser: foreColor = (0, 0, 0)
1814.0871 	EXP 	responser: foreColor = (0, 0, 0)
1814.1037 	EXP 	responser: foreColor = (0, 0, 0)
1814.1204 	EXP 	responser: foreColor = (0, 0, 0)
1814.1370 	EXP 	responser: foreColor = (0, 0, 0)
1814.1537 	EXP 	responser: foreColor = (0, 0, 0)
1814.1704 	EXP 	responser: foreColor = (0, 0, 0)
1814.1871 	EXP 	responser: foreColor = (0, 0, 0)
1814.2037 	EXP 	responser: foreColor = (0, 0, 0)
1814.2204 	EXP 	responser: foreColor = (0, 0, 0)
1814.2371 	EXP 	responser: foreColor = (0, 0, 0)
1814.2537 	EXP 	responser: foreColor = (0, 0, 0)
1814.2704 	EXP 	responser: foreColor = (0, 0, 0)
1814.2871 	EXP 	responser: foreColor = (0, 0, 0)
1814.3037 	EXP 	responser: foreColor = (0, 0, 0)
1814.3204 	EXP 	responser: foreColor = (0, 0, 0)
1814.3371 	EXP 	responser: foreColor = (0, 0, 0)
1814.3537 	EXP 	responser: foreColor = (0, 0, 0)
1814.3704 	EXP 	responser: foreColor = (0, 0, 0)
1814.3871 	EXP 	responser: foreColor = (0, 0, 0)
1814.4038 	EXP 	responser: foreColor = (0, 0, 0)
1814.4204 	EXP 	responser: foreColor = (0, 0, 0)
1814.4370 	EXP 	responser: foreColor = (0, 0, 0)
1814.4538 	EXP 	responser: foreColor = (0, 0, 0)
1814.4704 	EXP 	responser: foreColor = (0, 0, 0)
1814.4871 	EXP 	responser: foreColor = (0, 0, 0)
1814.5037 	EXP 	responser: foreColor = (0, 0, 0)
1814.5204 	EXP 	responser: foreColor = (0, 0, 0)
1814.5371 	EXP 	responser: foreColor = (0, 0, 0)
1814.5537 	EXP 	responser: foreColor = (0, 0, 0)
1814.5704 	EXP 	responser: foreColor = (0, 0, 0)
1814.5871 	EXP 	responser: foreColor = (0, 0, 0)
1814.6037 	EXP 	responser: foreColor = (0, 0, 0)
1814.6204 	EXP 	responser: foreColor = (0, 0, 0)
1814.6371 	EXP 	responser: foreColor = (0, 0, 0)
1814.6537 	EXP 	responser: foreColor = (0, 0, 0)
1814.6704 	EXP 	responser: foreColor = (0, 0, 0)
1814.6871 	EXP 	responser: foreColor = (0, 0, 0)
1814.7038 	EXP 	responser: foreColor = (0, 0, 0)
1814.7204 	EXP 	responser: foreColor = (0, 0, 0)
1814.7371 	EXP 	responser: foreColor = (0, 0, 0)
1814.7538 	EXP 	responser: foreColor = (0, 0, 0)
1814.7538 	EXP 	thermode_locali_pic: autoDraw = False
1814.7704 	EXP 	responser: foreColor = (0, 0, 0)
1814.7870 	EXP 	responser: foreColor = (0, 0, 0)
1814.7870 	EXP 	responsel: autoDraw = False
1814.7870 	EXP 	percu_or: autoDraw = False
1814.7870 	EXP 	responser: autoDraw = False
1814.7870 	EXP 	thermode_locali_pic: autoDraw = False
1814.7870 	EXP 	responsel: autoDraw = False
1814.7870 	EXP 	percu_or: autoDraw = False
1814.7870 	EXP 	responser: autoDraw = False
1814.7870 	EXP 	responsel: foreColor = 'white'
1814.7870 	EXP 	responser: foreColor = 'white'
1814.7870 	EXP 	text_3: autoDraw = True
1817.0044 	DATA 	Keypress: p
1817.0204 	EXP 	text_3: autoDraw = False
1817.0204 	EXP 	text_6: autoDraw = True
1827.0205 	EXP 	text_6: autoDraw = False
1827.0205 	EXP 	2024_RDpaindiscrimination_maintask: status = STOPPED
1827.3459 	EXP 	window1: mouseVisible = True
